step,Episode_Metrics/bridge/balance_debt,Episode_Metrics/bridge/credible,Episode_Metrics/bridge/credible_best_s,Episode_Metrics/bridge/entry_speed,Episode_Metrics/bridge/failed,Episode_Metrics/bridge/handoff,Episode_Metrics/bridge/missed_goal,Episode_Metrics/bridge/potential,Episode_Metrics/bridge/progress_steps,Episode_Metrics/bridge/quality,Episode_Metrics/onefoot/best_dwell,Episode_Metrics/onefoot/capture_error,Episode_Metrics/onefoot/clearance,Episode_Metrics/onefoot/com_offset,Episode_Metrics/onefoot/com_speed,Episode_Metrics/onefoot/cross_track,Episode_Metrics/onefoot/diagnostic_valid,Episode_Metrics/onefoot/distance,Episode_Metrics/onefoot/dwell,Episode_Metrics/onefoot/head_speed,Episode_Metrics/onefoot/heading_error,Episode_Metrics/onefoot/injected_speed,Episode_Metrics/onefoot/lateral,Episode_Metrics/onefoot/left_contact,Episode_Metrics/onefoot/left_force,Episode_Metrics/onefoot/left_load,Episode_Metrics/onefoot/phase,Episode_Metrics/onefoot/right_contact,Episode_Metrics/onefoot/right_force,Episode_Metrics/onefoot/single_support,Episode_Metrics/onefoot/speed,Episode_Metrics/onefoot/success,Episode_Metrics/onefoot/success_050,Episode_Metrics/onefoot/success_100,Episode_Metrics/onefoot/success_200,Episode_Metrics/onefoot/support_cop_y_offset,Episode_Metrics/onefoot/support_yaw,Episode_Metrics/onefoot/upright,Episode_Metrics/onefoot/waist_axis_alignment,Episode_Metrics/onefoot/waist_axis_error,Episode_Metrics/onefoot/waist_capture_error,Episode_Metrics/onefoot/waist_foreaft_capture,Episode_Metrics/onefoot/waist_foreaft_error,Episode_Metrics/onefoot/waist_front_load,Episode_Metrics/onefoot/waist_pelvis_offset,Episode_Metrics/onefoot/waist_pitch_deg,Episode_Metrics/onefoot/waist_roll_deg,Episode_Metrics/onefoot/waist_roll_error_deg,Episode_Metrics/onefoot/waist_roll_match,Episode_Metrics/onefoot/waist_roll_speed,Episode_Metrics/onefoot/waist_target_roll_deg,Episode_Reward/failure,Episode_Reward/handoff,Episode_Reward/shaping,Episode_Reward/task,Episode_Termination/body_ground,Episode_Termination/fell_over,Episode_Termination/nan_state,Episode_Termination/out_of_terrain_bounds,Episode_Termination/replanted_swing,Episode_Termination/stalled_transfer,Episode_Termination/time_out,Loss/entropy,Loss/learning_rate,Loss/surrogate,Loss/value,Perf/collection_time,Perf/learning_time,Perf/total_fps,Policy/mean_std,Train/mean_episode_length,Train/mean_reward
5900,0,0,0,0,0,0,0,0,0,0,0,0,0,0,0,0,0,0,0,0,0,0,0,0,0,0,0,0,0,0,0,0,0,0,0,0,0,0,0,0,0,0,0,0,0,0,0,0,0,0,0,0,0,0,0,0,0,0,0,0,0,0,-6.67023,0.0001,-0.000140541,0.000575347,1.20522,0.142156,72959,0.174902,,
5901,0,0,0,0,0,0,0,0,0,0,0,0,0,0,0,0,0,0,0,0,0,0,0,0,0,0,0,0,0,0,0,0,0,0,0,0,0,0,0,0,0,0,0,0,0,0,0,0,0,0,0,0,0,0,0,0,0,0,0,0,0,0,-6.69644,0.0001,-0.000187318,0.00437236,1.15941,0.115829,77086,0.174449,,
5902,0,0,0,0,0,0,0,0,0,0,0,0,0,0,0,0,0,0,0,0,0,0,0,0,0,0,0,0,0,0,0,0,0,0,0,0,0,0,0,0,0,0,0,0,0,0,0,0,0,0,0,0,0,0,0,0,0,0,0,0,0,0,-6.72473,0.0001,-0.000104221,0.00896216,1.15991,0.115654,77067,0.174146,,
5903,0,0,0,0,0,0,0,0,0,0,0,0,0,0,0,0,0,0,0,0,0,0,0,0,0,0,0,0,0,0,0,0,0,0,0,0,0,0,0,0,0,0,0,0,0,0,0,0,0,0,0,0,0,0,0,0,0,0,0,0,0,0,-6.73933,0.0001,-7.47242e-05,0.0188869,1.17243,0.117622,76201,0.174009,,
5904,0,0,0,0,0,0,0,0,0,0,0,0,0,0,0,0,0,0,0,0,0,0,0,0,0,0,0,0,0,0,0,0,0,0,0,0,0,0,0,0,0,0,0,0,0,0,0,0,0,0,0,0,0,0,0,0,0,0,0,0,0,0,-6.74097,0.0001,-0.0012836,0.0308737,1.20263,0.118643,74401,0.174016,,
5905,0.421112,0,0,0,0.00555958,0,0.00555958,0.00800868,0,0.507442,0,0.0438865,-0.000967619,0.0437138,0.153487,0.0663361,0,0.407358,0,1.39881,0.272524,0,0.0736055,0.263521,2.7202,0.3781,0.0673504,0.621382,2.59698,0,0.151378,0,0,0,0,0.00093069,0.27808,0.710875,0.0389268,0.044737,0.0449071,-0.0152328,-0.0150296,0.298788,0.0433284,8.29254,-0.0656915,3.44109,0.654162,0.391235,-1.4984,-0.25,0,-0.0018144,0,0.541667,0.833333,0,0,0,0,0,-6.73663,0.0001,0.00557468,0.0536702,1.48208,0.116072,61510,0.174059,136.1,-2.01545
5906,0.717627,0,0,0,0.0064347,0,0.0064347,0.0251857,0,0.66861,0,0.054201,0.00496097,0.0534757,0.211772,0.10966,0,0.644091,0,1.98414,0.356814,0,0.103042,0.381008,3.98937,0.55397,0.192707,0.775551,3.13694,0,0.207444,0,0,0,0,0.00148197,0.367314,0.955836,0.0847664,0.0564618,0.0564658,-0.0102508,-0.0116517,0.419424,0.0544167,10.8047,-0.0295882,7.12392,0.773185,0.632288,-3.03893,-0.333333,0,-0.00672417,0,0.833333,0.375,0,0,0,0,0,-6.73574,0.0001,-0.00102837,0.438897,1.38168,0.121361,65403,0.174041,143,-2.02206
5907,1.71127,0.0710172,0.220803,0.230852,0.00555405,1.77181e-05,0.00555405,0.099667,0.0595806,0.625156,0.221312,0.057151,0.0131596,0.0545242,0.236942,0.0724105,0,0.837366,0.0129224,2.12712,0.255612,0,0.0918259,0.449128,4.17462,0.594638,0.302966,0.703837,2.79804,0.071152,0.231951,0,0.112491,0,0,0.00056705,0.303091,0.961555,0.127382,0.0559695,0.0586048,0.00150732,0.000829089,0.438383,0.0543993,7.61232,1.30074,10.8659,0.668572,0.721767,-5.76903,-0.333333,0.000545678,-0.030442,0.18431,26.0417,15.4167,0,0,0.625,20.875,0,-6.7368,0.0001,0.000339552,0.0996573,1.58184,0.124695,57604,0.174031,192,0.146386
5908,2.34961,0.188394,0.701097,0.320542,0.00489559,2.2702e-05,0.00489559,0.183972,0.170687,0.608695,0.71266,0.0525262,0.0207067,0.0500609,0.234828,0.0492895,0,0.94614,0.0729533,2.10699,0.191808,0,0.0759758,0.567331,4.54991,0.643563,0.385603,0.633915,2.50351,0.19165,0.231528,0,0.833322,0.101576,0,-0.000398052,0.247801,0.964917,0.213155,0.051237,0.0534323,0.00597427,0.00519967,0.450458,0.0499548,5.7865,-0.0935815,10.6807,0.659703,0.643852,-6.77831,-0.333333,0.000767904,-0.0628537,0.577717,65.125,34.625,0,0,1.45833,30.7917,0,-6.73632,0.0001,-0.00102969,0.00766601,1.68206,0.123604,54442,0.174064,215.57,1.89462
5909,2.49668,0.202941,0.859736,0.327658,0.00438039,1.97876e-05,0.00438039,0.1997,0.188241,0.582258,0.949392,0.0480227,0.0242862,0.0457828,0.215443,0.0479574,0,0.968,0.110751,2.28841,0.171784,0,0.0706957,0.614163,4.83838,0.681075,0.450261,0.567942,2.2413,0.23139,0.211944,0,0.957919,0.467891,0,-0.000920283,0.232298,0.967434,0.292975,0.0465789,0.0482601,0.00637057,0.00540374,0.46442,0.0454235,4.48983,-0.340474,10.4453,0.657356,0.585472,-8.31321,-0.333333,0.000747529,-0.0760484,0.708882,18.5833,16.125,0,0,2.5,16.4167,0,-6.73495,0.0001,-0.000417961,0.00228178,1.66497,0.124075,54947,0.174029,235.62,1.73253
5910,2.4585,0.12651,0.597965,0.22957,0.00397784,5.1563e-06,0.00397784,0.139394,0.120308,0.544266,0.686653,0.0428648,0.0274641,0.0411881,0.188605,0.0514722,0,0.924143,0.0780613,2.36355,0.199277,0,0.0699551,0.632571,5.06837,0.713612,0.500781,0.510623,2.05463,0.171398,0.18414,0,0.701389,0.303125,0,-0.00115401,0.257091,0.971003,0.351262,0.0425961,0.042993,0.00577087,0.00426547,0.470849,0.0418937,3.66304,-0.838381,9.52489,0.668421,0.514898,-9.43603,-0.333333,0.000207771,-0.0579949,0.487823,0.958333,0.958333,0,0,0.208333,1.58333,0,-6.73723,0.0001,-0.000564824,0.00550154,1.46825,0.12372,61749,0.173959,240.9,1.85174
5911,2.95718,0.191357,0.9225,0.367486,0.00370148,0,0.00370148,0.211691,0.17005,0.511412,1.0725,0.0403049,0.0251324,0.0389468,0.199266,0.0514017,0,1.05351,0.111809,2.56742,0.151118,0,0.0527317,0.663425,5.26409,0.733557,0.535464,0.463804,1.77003,0.219766,0.194883,0,1,1,0,-0.00309173,0.208309,0.974391,0.41673,0.0373664,0.0382734,0.0106575,0.00953388,0.479347,0.0366993,2.3162,-1.17704,9.04436,0.680451,0.441302,-9.78392,-0.333333,0,-0.0954322,0.719334,0.625,0.625,0,0,0,0.375,0,-6.73683,0.0001,-0.00133658,0.0133034,1.3486,0.12324,66789,0.173901,241.29,1.85533
5912,3.71374,0.19708,1.08,0.375462,0.00364964,0,0.00364964,0.219668,0.19708,0.514165,1.08,0.0422791,0.0257525,0.0399315,0.204775,0.0516443,0,1.09999,0.108394,2.69517,0.156002,0,0.0622015,0.656934,5.21937,0.728112,0.54197,0.448905,1.72629,0.19708,0.200814,0,1,1,0,-0.00323237,0.215501,0.971108,0.405156,0.0377617,0.0400084,0.0109361,0.00991708,0.4561,0.0366919,1.92961,0.166997,10.7134,0.633949,0.514922,-10.3211,-0.333333,0,-0.100315,0.877604,1,1,0,0,0,0,0,-6.73736,0.0001,-0.00140027,0.0204345,1.32192,0.126908,67850,0.1739,241.29,1.85533
5913,1.958,0.0743971,0.325417,0.167583,0.00593255,2.02823e-06,0.00593255,0.0901824,0.0710796,0.628865,0.325417,0.0548199,0.0106895,0.0532231,0.224752,0.0678682,0,0.792226,0.0280376,2.02583,0.282801,0,0.0868676,0.468327,4.22243,0.584818,0.265173,0.708713,2.90285,0.0743971,0.21938,0,0.326389,0.166667,0,0.000295692,0.320501,0.952469,0.157117,0.0539381,0.0556295,-0.00324748,-0.00471586,0.435199,0.0521836,9.89882,1.14305,8.21375,0.743329,0.556226,-5.27598,-0.333333,6.38892e-05,-0.0334923,0.259741,0.875,0.875,0,0,0.0416667,0.0833333,0,-6.73393,0.0001,0.00161317,0.076991,1.62108,0.126221,56260,0.173939,226.15,1.17579
5914,1.51708,0.108843,0.403056,0.212539,0.00569882,6.80136e-06,0.00569882,0.118354,0.101179,0.636551,0.408056,0.0557116,0.0145331,0.0536698,0.221552,0.0592117,0,0.789408,0.0387301,2.12305,0.233018,0,0.0802409,0.489755,4.20893,0.589794,0.287363,0.716264,2.91085,0.110534,0.2192,0,0.458333,0,0,0.000160169,0.302102,0.957605,0.141061,0.0551601,0.057058,-0.0020752,-0.00260532,0.423013,0.053381,6.62281,-0.472216,8.89995,0.727657,0.655984,-4.38623,-0.333333,0.000205174,-0.038498,0.348168,1.29167,1.04167,0,0,0,0.0833333,0,-6.73195,0.0001,-0.000377973,0.166025,1.70487,0.127802,53639,0.173958,202.63,0.357235
5915,1.92253,0.118399,0.373858,0.309775,0.00537456,3.88258e-05,0.00537456,0.14017,0.0986435,0.625144,0.374793,0.055331,0.0178957,0.0529817,0.241871,0.0498142,0,0.889721,0.0269561,2.06677,0.203683,0,0.0759356,0.517293,4.33114,0.614198,0.325501,0.690812,2.71089,0.118611,0.238632,0,0.26616,0.0220588,0,3.3022e-05,0.260941,0.962912,0.148183,0.0546713,0.0566688,0.00513038,0.00446962,0.445283,0.0532687,6.67845,-0.172696,10.4044,0.677387,0.676522,-5.37261,-0.333333,0.00120737,-0.0439452,0.30774,16.1667,6.83333,0,0,0.458333,7.20833,0,-6.73198,0.0001,-0.00113075,0.11004,1.68194,0.12474,54411,0.17397,192.12,0.04979
5916,2.31035,0.171167,0.615452,0.324319,0.00504482,2.49447e-05,0.00504482,0.172706,0.153311,0.611572,0.623022,0.0532838,0.0210579,0.050896,0.238571,0.0468711,0,0.933861,0.0586758,2.09762,0.18841,0,0.0737945,0.556735,4.48394,0.635516,0.366874,0.651467,2.55985,0.173254,0.235395,0,0.71915,0.0618234,0,-0.000344227,0.246302,0.964014,0.192855,0.0522228,0.0543449,0.00591969,0.00514671,0.449468,0.0508428,6.07776,-0.307998,10.5635,0.667212,0.652255,-6.17771,-0.333333,0.000824443,-0.0575249,0.503719,48.2083,22,0,0,1.16667,18.4583,0,-6.73282,0.0001,-0.0016429,0.0320625,1.65632,0.125901,55158,0.173981,204.32,1.15707
5917,2.43106,0.194049,0.756557,0.324976,0.00475923,2.64488e-05,0.00475923,0.189975,0.178455,0.600255,0.792748,0.0513045,0.0226847,0.0489051,0.229414,0.0473999,0,0.949717,0.0851344,2.14922,0.179155,0,0.0732689,0.580257,4.62842,0.6543,0.402716,0.616352,2.424,0.203956,0.225769,0,0.874363,0.233889,0,-0.000595361,0.242313,0.965594,0.236044,0.049844,0.051932,0.00648496,0.0056406,0.456202,0.0485607,5.47838,-0.0686476,10.6573,0.658512,0.625869,-7.22402,-0.333333,0.000913319,-0.0669896,0.619469,40.0417,25.5,0,0,2.16667,21.2917,0,-6.73221,0.0001,-0.000641164,0.00660865,1.648,0.124698,55454,0.174006,215.34,1.56441
5918,2.47948,0.205489,0.841297,0.331275,0.0045358,2.54145e-05,0.0045358,0.199908,0.190253,0.590071,0.909791,0.049452,0.0241094,0.0471217,0.223131,0.0450809,0,0.96739,0.104286,2.22741,0.171668,0,0.071632,0.599142,4.75431,0.6705,0.430757,0.587367,2.31663,0.227393,0.219285,0,0.953018,0.40616,0,-0.000805303,0.231593,0.967116,0.270587,0.0478051,0.0497307,0.0062561,0.00528575,0.459222,0.0465942,4.92116,-0.0691198,10.5646,0.655735,0.601361,-7.97043,-0.333333,0.000921358,-0.0736762,0.695461,11.6667,8.375,0,0,1.08333,9.16667,0,-6.73032,0.0001,-0.000585222,0.00397742,1.64275,0.123133,55668,0.173987,223.71,1.79864
5919,2.51604,0.176344,0.780056,0.293911,0.00429383,2.08381e-05,0.00429383,0.178221,0.167979,0.57631,0.881232,0.0475701,0.0251011,0.0453573,0.199872,0.0475674,0,0.914472,0.100717,2.29942,0.171607,0,0.0694903,0.623192,4.91421,0.689894,0.461125,0.557686,2.21954,0.214143,0.195995,0,0.902778,0.358532,0,-0.000946336,0.244167,0.968122,0.302115,0.0462322,0.0476417,0.00645038,0.005502,0.471176,0.0451299,3.59266,0.000906914,10.4035,0.654739,0.567809,-8.75818,-0.333333,0.000805761,-0.0690722,0.634402,1.125,1.29167,0,0,0.458333,1.125,0,-6.72838,0.0001,-0.0010242,0.006841,1.60479,0.124681,56840,0.174026,228.59,1.75161
5920,2.5493,0.192167,0.917083,0.340196,0.00409131,0,0.00409131,0.15476,0.187583,0.557777,1.08833,0.0460566,0.0272794,0.043651,0.203768,0.0547734,0,0.978211,0.125837,2.25589,0.18853,0,0.0749874,0.65169,5.04725,0.705078,0.486541,0.529543,2.03492,0.223578,0.199628,0,1,0.458333,0,-0.00165849,0.274279,0.967941,0.334101,0.0432279,0.0452627,0.0081176,0.00742303,0.472049,0.0424101,3.23945,0.349456,10.5643,0.649345,0.559031,-9.59618,-0.333333,0,-0.0628083,0.732857,0.875,0.708333,0,0,0.333333,0.958333,0,-6.71993,0.0001,-0.00192922,0.0127974,1.366,0.125041,65929,0.174089,229.57,1.74788
5921,2.11676,0.127653,0.43,0.316704,0.00527795,0,0.00527795,0.138644,0.104199,0.645522,0.44,0.0568875,0.0146469,0.0541748,0.242628,0.0495812,0,0.911944,0.0351406,2.12684,0.187064,0,0.0787533,0.50203,4.3145,0.611984,0.339308,0.675885,2.73426,0.128649,0.237469,0,0.458333,0,0,0.000173979,0.260795,0.961518,0.170687,0.0547526,0.0577581,0.0071799,0.00648278,0.460239,0.0535228,7.45747,2.13736,11.1589,0.65526,0.648829,-6.95652,-0.333333,0,-0.0460706,0.355964,1.04167,0.875,0,0,0,0.458333,0,-6.71706,0.0001,0.000244497,0.0322349,1.47455,0.124812,61464,0.174089,225.33,1.48627
5922,2.31403,0.134277,0.479389,0.270772,0.00538069,1.409e-05,0.00538069,0.141785,0.119044,0.612527,0.483444,0.0557943,0.013984,0.0532514,0.230949,0.0508537,0,0.858833,0.0423126,2.05604,0.209788,0,0.0807265,0.521263,4.33113,0.60914,0.326927,0.682005,2.72476,0.1363,0.225868,0,0.479167,0.0208333,0,0.000397124,0.261512,0.963107,0.16705,0.0545032,0.0567974,0.000978564,0.000481638,0.434107,0.0531771,6.89353,1.35445,10.4535,0.66825,0.645621,-6.51003,-0.333333,0.000458654,-0.0472061,0.386184,1.375,1.04167,0,0,0,0.75,0,-6.71659,0.0001,0.000365413,0.0828733,1.58144,0.117952,57846,0.174091,208.01,0.687861
5923,2.08369,0.129734,0.439436,0.302048,0.00534036,1.4678e-05,0.00534036,0.142201,0.114344,0.620662,0.441306,0.0555954,0.0164337,0.0531687,0.238492,0.0527524,0,0.884794,0.0338085,2.04105,0.204483,0,0.0773589,0.521179,4.32487,0.612966,0.329914,0.684103,2.70453,0.130326,0.234593,0,0.426401,0.00520833,0,3.78844e-05,0.266177,0.963123,0.155889,0.0545016,0.0566419,0.00604098,0.00543936,0.441928,0.0532658,6.68764,0.68458,10.6346,0.667329,0.665278,-6.01049,-0.333333,0.000472622,-0.0453345,0.353084,7.95833,4.16667,0,0,0.208333,4.20833,0,-6.71626,0.0001,-0.00226725,0.100304,1.59914,0.11623,57307,0.174098,192.46,0.167695
5924,2.29357,0.166183,0.604732,0.319773,0.00505596,1.88453e-05,0.00505596,0.167413,0.150418,0.612827,0.614461,0.0542015,0.0190704,0.0516679,0.236326,0.0480398,0,0.920526,0.0571008,2.08259,0.19239,0,0.0760961,0.548561,4.45729,0.631451,0.36554,0.65575,2.58335,0.168943,0.2323,0,0.718421,0.0451071,0,-0.000207659,0.250466,0.964949,0.189273,0.052817,0.0550743,0.00553353,0.0047857,0.44572,0.0514863,5.9582,0.603332,10.9209,0.654281,0.65658,-6.69843,-0.333333,0.00061919,-0.0558298,0.499315,28.5,14.5833,0,0,1.20833,14.625,0,-6.71672,0.0001,-0.0019621,0.0664666,1.61502,0.12204,56592,0.174124,202.02,0.801936
5925,2.34986,0.183465,0.697444,0.321978,0.00487522,2.21339e-05,0.00487522,0.180903,0.167748,0.607912,0.724199,0.0521502,0.0219296,0.0497942,0.232766,0.0484293,0,0.941425,0.0745847,2.12276,0.187439,0,0.0740107,0.572098,4.56442,0.645488,0.388159,0.632982,2.49258,0.191149,0.229144,0,0.821191,0.153549,0,-0.000532232,0.246957,0.96484,0.216996,0.050891,0.0529027,0.00601501,0.00520623,0.448712,0.0495566,5.44479,-0.10277,10.6686,0.659622,0.634321,-6.81665,-0.333333,0.000763711,-0.0624854,0.574408,41.0417,20.2917,0,0,1.25,20.0833,0,-6.71518,0.0001,-0.00161577,0.0236548,1.66591,0.122807,54957,0.174146,209.42,1.37614
5926,2.36476,0.197018,0.773863,0.32333,0.00471092,1.43326e-05,0.00471092,0.189844,0.180622,0.600411,0.814002,0.0506839,0.0234325,0.0484011,0.228447,0.0469219,0,0.955628,0.0892578,2.15885,0.179919,0,0.072259,0.585309,4.65266,0.65717,0.408803,0.61327,2.41372,0.208926,0.224808,0,0.881187,0.275455,0,-0.000698034,0.244106,0.9655,0.242004,0.0494313,0.0513204,0.00626901,0.00537342,0.452353,0.0481055,4.97898,-0.308824,10.5645,0.659771,0.618328,-7.18801,-0.333333,0.000502065,-0.0677057,0.637268,28.25,14.4167,0,0,1.25,15.8333,0,-6.7133,0.0001,-0.00299534,0.00699867,1.62897,0.12467,56057,0.174202,217.2,1.34297
5927,2.45837,0.197292,0.809117,0.320633,0.0045272,1.76041e-05,0.0045272,0.190323,0.182121,0.592946,0.865051,0.0487623,0.0252922,0.0466296,0.22213,0.0505569,0,0.966062,0.0974564,2.21989,0.184129,0,0.0722237,0.6035,4.7589,0.66977,0.43185,0.589249,2.32817,0.217995,0.218478,0,0.928039,0.351634,0,-0.000908707,0.240635,0.9655,0.270395,0.0476656,0.0492702,0.00606277,0.00504666,0.454979,0.0463522,4.57869,-0.673466,10.3928,0.663758,0.59974,-7.57444,-0.333333,0.00064149,-0.0705294,0.666855,10.0417,6.16667,0,0,1,6.125,0,-6.70722,0.0001,-0.00170026,0.00433452,1.62037,0.121556,56434,0.174265,223.96,1.63384
5928,2.75082,0.195888,0.851333,0.328392,0.00439129,2.81167e-05,0.00439129,0.194201,0.185536,0.589211,0.930421,0.0478853,0.0248105,0.0459117,0.217978,0.0440247,0,0.97707,0.106895,2.23197,0.161585,0,0.0663373,0.60877,4.80503,0.675936,0.448893,0.574927,2.26293,0.228387,0.214237,0,0.9375,0.462004,0,-0.00105179,0.230784,0.968378,0.294051,0.0466038,0.0479059,0.00664262,0.00550828,0.442672,0.0454217,3.98688,-0.404495,10.193,0.664778,0.564359,-8.19686,-0.333333,0.00100355,-0.0743132,0.696859,1.70833,1.16667,0,0,0.25,0.916667,0,-6.70068,0.0001,-0.0017537,0.0089969,1.51612,0.119864,60088,0.174301,226,1.64436
5929,2.1675,0.118448,0.491667,0.251117,0.00516862,0,0.00516862,0.140727,0.114079,0.619146,0.525833,0.0523305,0.0182247,0.0505148,0.217555,0.0393404,0,0.847132,0.0480284,2.04519,0.163868,0,0.0675147,0.584914,4.54236,0.637195,0.351423,0.663457,2.58731,0.141262,0.21324,0,0.541667,0.145833,0,-0.000989312,0.233323,0.958974,0.210852,0.0506936,0.0521502,0.0019766,0.001054,0.488079,0.0491745,7.55171,-0.059949,9.64647,0.687974,0.544579,-6.48779,-0.333333,0,-0.049392,0.389946,0.625,0.458333,0,0,0,0.333333,0,-6.69595,0.0001,-0.0016593,0.0192864,1.3952,0.119281,64909,0.174338,223.74,1.53167
5930,2.16597,0.118261,0.441875,0.251555,0.00549315,2.92001e-05,0.00549315,0.138442,0.109514,0.582486,0.447917,0.0554465,0.0152649,0.0532492,0.23109,0.0604304,0,0.842604,0.040943,2.12396,0.234051,0,0.0828481,0.499896,4.27006,0.609157,0.312994,0.678275,2.72693,0.119636,0.226305,0,0.454861,0.09375,0,-2.46028e-05,0.268367,0.962108,0.15623,0.054159,0.0560363,0.000489316,-0.000100523,0.445068,0.0526381,6.98058,1.20098,9.96567,0.687872,0.624019,-6.17805,-0.333333,0.00101003,-0.0458281,0.332722,1.20833,0.208333,0,0,0.0416667,0.375,0,-6.69372,0.0001,-1.71386e-05,0.0457201,1.51766,0.116734,60147,0.174362,209.82,0.94541
5931,2.06477,0.146413,0.507871,0.306053,0.00521,2.54539e-05,0.00521,0.149201,0.128577,0.619075,0.513906,0.054511,0.0188212,0.0521715,0.234742,0.0537405,0,0.892254,0.044398,2.07847,0.203164,0,0.0762677,0.532302,4.38035,0.619831,0.346364,0.673659,2.67043,0.148346,0.231258,0,0.522652,0.0502495,0,-0.000117528,0.266089,0.963313,0.169677,0.0536922,0.055692,0.00433197,0.00370392,0.433928,0.0522399,5.72101,0.173036,10.6012,0.665122,0.652746,-6.01886,-0.333333,0.000832403,-0.0487235,0.412019,4.91667,1.70833,0,0,0.166667,1.83333,0,-6.69321,0.0001,-0.00101772,0.0772428,1.59354,0.116749,57478,0.174374,191.42,0.214879
5932,2.15142,0.156767,0.563198,0.309742,0.00509915,2.53163e-05,0.00509915,0.160436,0.140845,0.611257,0.569707,0.053604,0.0207754,0.0513125,0.235233,0.0500923,0,0.912604,0.0518758,2.0811,0.200362,0,0.0752045,0.544334,4.42564,0.628368,0.360195,0.663181,2.61418,0.15898,0.231896,0,0.66454,0.0511224,0,-0.000172446,0.259118,0.963627,0.183345,0.0529052,0.0548103,0.00514246,0.00446296,0.439694,0.0514571,5.52859,-0.171289,10.6198,0.664815,0.651814,-6.08367,-0.333333,0.000822985,-0.0532081,0.460371,18.4583,6.04167,0,0,0.25,7.66667,0,-6.6936,0.0001,-0.000127971,0.0736033,1.60217,0.116905,57184,0.174379,199.06,0.594331
5933,2.20127,0.177186,0.656813,0.31999,0.00494688,2.22098e-05,0.00494688,0.174427,0.16025,0.607101,0.675593,0.0520791,0.0228838,0.0499143,0.233539,0.0477966,0,0.93345,0.0675924,2.12213,0.191823,0,0.072092,0.56111,4.51266,0.639563,0.379166,0.642912,2.53948,0.182539,0.230542,0,0.767165,0.120181,0,-0.00046938,0.253087,0.963452,0.203912,0.0514977,0.0532048,0.00566195,0.00489436,0.439561,0.0500232,5.02758,-0.767232,10.461,0.669309,0.64121,-6.14112,-0.333333,0.000754834,-0.0593788,0.534477,36.7083,13.0833,0,0,0.625,11.7917,0,-6.69484,0.0001,-0.00030352,0.0434369,1.57143,0.115672,58267,0.174362,206.6,1.12785
5934,2.22718,0.187086,0.718883,0.321931,0.00482723,1.73178e-05,0.00482723,0.182446,0.17144,0.603004,0.746376,0.0509985,0.0243051,0.0488718,0.230953,0.047488,0,0.946143,0.078573,2.13466,0.186457,0,0.0712467,0.572566,4.57696,0.648714,0.394182,0.627289,2.47548,0.196308,0.228185,0,0.836214,0.179226,0,-0.000628305,0.250596,0.963718,0.222692,0.0503236,0.0520349,0.00605072,0.0052565,0.442455,0.0488632,4.77394,-1.02117,10.3668,0.670402,0.627565,-6.34773,-0.333333,0.000600327,-0.0636358,0.584465,36.3333,11.9583,0,0,0.75,13.9167,0,-6.6957,0.0001,-0.000560961,0.0179748,1.55859,0.117883,58637,0.174374,209.85,1.14499
5935,2.2773,0.192218,0.767233,0.323386,0.00467541,1.08052e-05,0.00467541,0.185884,0.177668,0.595119,0.813645,0.0498,0.0251178,0.047696,0.225391,0.0484476,0,0.952003,0.0890331,2.17498,0.184604,0,0.0708711,0.588602,4.66586,0.659261,0.413235,0.608326,2.39968,0.208079,0.222434,0,0.887406,0.271828,0,-0.0007391,0.245755,0.964516,0.245272,0.0491141,0.0506728,0.00595409,0.005092,0.448409,0.0476997,4.52546,-1.02765,10.3294,0.668325,0.613112,-6.83796,-0.333333,0.000382353,-0.0667363,0.626484,21.875,9.625,0,0,0.791667,10.25,0,-6.69398,0.0001,-0.002176,0.00661181,1.58826,0.117381,57634,0.174406,220.84,1.61407
5936,2.35603,0.196352,0.805696,0.32349,0.00453901,1.8196e-05,0.00453901,0.192681,0.181677,0.591937,0.871335,0.0487575,0.0258964,0.0466855,0.222391,0.0459404,0,0.966984,0.0987446,2.20279,0.177186,0,0.0693535,0.602559,4.7417,0.668459,0.430353,0.592682,2.3432,0.217888,0.219292,0,0.915974,0.363372,0,-0.000856985,0.239107,0.965163,0.266207,0.0478834,0.0494492,0.00629498,0.00531733,0.451777,0.0465264,4.39084,-1.0162,10.3301,0.666402,0.594721,-7.29615,-0.333333,0.00067991,-0.0712793,0.664742,7.375,4.08333,0,0,0.5,3.83333,0,-6.69229,0.0001,-0.00281346,0.00633331,1.54887,0.116642,59023,0.174414,223.41,1.62485
5937,2.34026,0.193556,0.816734,0.328743,0.00443092,3.81584e-06,0.00443092,0.185844,0.179908,0.595832,0.898146,0.0478171,0.0252947,0.0457093,0.214999,0.045426,0,0.954384,0.101756,2.18365,0.176611,0,0.0695825,0.618597,4.79847,0.678037,0.443919,0.581118,2.27671,0.217252,0.211324,0,0.925,0.345255,0,-0.000854609,0.243823,0.966178,0.283925,0.0467886,0.0484058,0.00605477,0.00524168,0.450158,0.0455179,3.80861,-0.671059,10.4083,0.657764,0.588489,-7.86373,-0.333333,0.000151362,-0.0703693,0.687124,1.95833,1.04167,0,0,0.125,1.45833,0,-6.69114,0.0001,-0.00208267,0.0138065,1.54808,0.116005,59073,0.174436,226.53,1.57321
5938,2.06082,0.15184,0.578056,0.29527,0.0050873,6.56656e-05,0.0050873,0.162323,0.135282,0.598046,0.599861,0.0519457,0.0205536,0.0500378,0.229929,0.0475238,0,0.909127,0.0591184,2.17003,0.18213,0,0.070277,0.531527,4.45603,0.632256,0.362148,0.65042,2.57761,0.157908,0.227075,0,0.5625,0.111111,0,-9.60458e-05,0.254237,0.964669,0.205612,0.0514609,0.0529546,0.00289379,0.00222189,0.44031,0.0500474,5.54111,-0.298824,9.74626,0.684526,0.611427,-6.34969,-0.333333,0.00226374,-0.0572164,0.454028,1.20833,0.625,0,0,0,0.708333,0,-6.68688,0.0001,-0.0021069,0.0282234,1.51166,0.117727,60331,0.174487,218.86,1.25438
5939,2.09027,0.136752,0.480303,0.286877,0.00530427,7.94179e-06,0.00530427,0.151772,0.120918,0.620522,0.48683,0.0542372,0.0198609,0.0520781,0.234384,0.0527545,0,0.885135,0.0444146,2.10355,0.204356,0,0.0752785,0.532601,4.38106,0.618692,0.334891,0.682446,2.68983,0.138343,0.231911,0,0.498512,0.0567956,0,-0.000291161,0.25916,0.961706,0.163906,0.0537215,0.0554934,0.00192589,0.00146281,0.427108,0.0521074,5.47205,-0.975428,10.0353,0.691202,0.670445,-5.19916,-0.333333,0.000271661,-0.0494822,0.390871,3.125,1.29167,0,0,0.0416667,0.958333,0,-6.68293,0.0001,-0.000905129,0.0571894,1.53393,0.11639,59566,0.174502,193.7,0.213265
5940,2.1595,0.157161,0.56839,0.307169,0.00509553,2.72514e-05,0.00509553,0.166065,0.141564,0.61249,0.581307,0.0533602,0.0207703,0.0510885,0.236644,0.0521028,0,0.919775,0.0542887,2.11154,0.200084,0,0.0749008,0.541595,4.44233,0.629521,0.360582,0.661899,2.60594,0.160684,0.233389,0,0.678437,0.0631363,0,-0.000233233,0.256924,0.963395,0.184272,0.0526918,0.0545322,0.0047021,0.0040048,0.431711,0.051201,5.32678,-0.252549,10.5894,0.667207,0.655563,-6.04839,-0.333333,0.000905368,-0.0552248,0.463037,10.2917,3.875,0,0,0.25,4.16667,0,-6.68208,0.0001,-0.000819074,0.0736139,1.56488,0.117333,58437,0.174501,198.09,0.519881
5941,2.21527,0.171059,0.628138,0.317992,0.00497378,2.70031e-05,0.00497378,0.172491,0.153848,0.611879,0.645236,0.0525755,0.0212398,0.050263,0.233114,0.0512832,0,0.925583,0.0630609,2.11575,0.198352,0,0.074788,0.559119,4.49913,0.636973,0.375794,0.648602,2.55215,0.176546,0.229816,0,0.737261,0.0914159,0,-0.000325902,0.258681,0.963974,0.20106,0.0516468,0.0536663,0.00555278,0.00483984,0.437272,0.0502338,5.23791,-0.228051,10.6755,0.662134,0.646061,-6.36718,-0.333333,0.000899398,-0.0584614,0.516741,23.375,9.16667,0,0,0.791667,9.45833,0,-6.68144,0.0001,-0.00210496,0.060685,1.59579,0.119181,57321,0.17453,203.24,0.745679
5942,2.27894,0.18197,0.693072,0.323058,0.00486605,2.4922e-05,0.00486605,0.18015,0.166453,0.600853,0.719592,0.0514722,0.0228909,0.0492844,0.231858,0.0480769,0,0.941942,0.074586,2.14371,0.187222,0,0.0717383,0.570316,4.56497,0.646308,0.389335,0.632781,2.49162,0.190816,0.228886,0,0.812334,0.161592,0,-0.000581775,0.249987,0.96401,0.216626,0.0506837,0.0524588,0.00545188,0.0046701,0.437177,0.0492328,4.82525,-0.734267,10.4422,0.668234,0.634706,-6.42535,-0.333333,0.000865034,-0.0623525,0.559456,32.75,13.125,0,0,1.16667,13.3333,0,-6.6791,0.0001,-0.0014162,0.0354274,1.61089,0.118333,56848,0.174563,210.15,1.02541
5943,2.33097,0.188247,0.728993,0.32547,0.00477526,3.12683e-05,0.00477526,0.186662,0.172059,0.596013,0.761787,0.0509091,0.023525,0.0486865,0.228507,0.047478,0,0.944983,0.0809633,2.14759,0.186168,0,0.0719968,0.58169,4.61346,0.653042,0.400704,0.621784,2.44745,0.199378,0.225409,0,0.844727,0.202459,0,-0.000637266,0.245245,0.9645,0.230241,0.0499407,0.0517697,0.00545304,0.004643,0.440666,0.0485188,4.80636,-0.727085,10.4694,0.665739,0.627158,-6.73874,-0.333333,0.00110165,-0.0657419,0.589194,30.0417,12.75,0,0,0.791667,13.125,0,-6.67793,0.0001,-0.00190763,0.0142124,1.58824,0.118251,57605,0.174564,211.91,1.10653
5944,2.41233,0.192876,0.775581,0.325145,0.00464516,2.70419e-05,0.00464516,0.189108,0.178676,0.591278,0.827699,0.0498586,0.0245232,0.0476666,0.225089,0.0485018,0,0.955753,0.0914629,2.17348,0.184744,0,0.0721473,0.589075,4.67951,0.660744,0.417032,0.606763,2.39169,0.209899,0.221847,0,0.888121,0.290706,0,-0.000690202,0.243629,0.965069,0.25,0.0489314,0.0506835,0.00586328,0.00498923,0.447672,0.0475516,4.64866,-0.679495,10.4825,0.662338,0.611065,-7.14496,-0.333333,0.000949015,-0.0683141,0.629655,17.9167,8.25,0,0,0.5,8,0,-6.67661,0.0001,-0.00235059,0.00712342,1.5637,0.114956,58561,0.174578,218.61,1.43856
5945,2.31711,0.194421,0.791772,0.327625,0.00457418,1.79598e-05,0.00457418,0.193434,0.18027,0.589271,0.856711,0.0492517,0.0243482,0.0471203,0.219715,0.0464826,0,0.94741,0.0962291,2.18858,0.179866,0,0.0698815,0.596139,4.71475,0.66577,0.425941,0.596578,2.34985,0.215417,0.216632,0,0.923602,0.335071,0,-0.000782517,0.238256,0.965936,0.260768,0.0482487,0.0498744,0.00527611,0.00444392,0.444339,0.0469166,4.26564,-0.706673,10.3775,0.662552,0.599873,-7.39352,-0.333333,0.000667859,-0.0709226,0.643597,6.125,3.5,0,0,0.458333,3.70833,0,-6.67411,0.0001,-0.00300836,0.00906026,1.55011,0.115542,59018,0.174554,219.64,1.51687
5946,2.62611,0.184189,0.756597,0.319951,0.00465789,2.55951e-05,0.00465789,0.180613,0.170208,0.584355,0.800597,0.0495234,0.0241371,0.0473079,0.22034,0.0539745,0,0.941715,0.0863619,2.15705,0.19892,0,0.0754562,0.598036,4.68057,0.66197,0.415589,0.60464,2.36693,0.198951,0.217068,0,0.838889,0.327083,0,-0.000627195,0.246097,0.964436,0.248611,0.0486073,0.0501743,0.00395483,0.00318844,0.443699,0.0472208,4.57166,-0.769821,10.2971,0.669881,0.618106,-7.22992,-0.333333,0.000985079,-0.0666707,0.607753,2.33333,1.91667,0,0,0.166667,0.875,0,-6.67339,0.0001,-0.001421,0.0188966,1.55766,0.117258,58691,0.174544,217.74,1.44646
5947,1.96093,0.165436,0.636852,0.307204,0.00503993,2.13965e-05,0.00503993,0.17334,0.153535,0.602431,0.651708,0.0527144,0.0199351,0.0504494,0.236883,0.0540369,0,0.938907,0.0651264,2.14023,0.197498,0,0.0766727,0.543324,4.44971,0.628516,0.367814,0.653023,2.61161,0.169286,0.234093,0,0.724306,0.137963,0,-0.000317479,0.248162,0.96367,0.199992,0.0517231,0.0536484,0.00364656,0.00306146,0.435962,0.0502559,5.55741,-0.0985666,10.409,0.669176,0.650797,-6.37078,-0.333333,0.000736559,-0.0593764,0.517132,1.83333,1.125,0,0,0.0416667,1.08333,0,-6.67333,0.0001,-0.0013513,0.0387889,1.52695,0.116948,59799,0.174543,203.2,0.800249
5948,2.14768,0.15395,0.558565,0.319433,0.00511863,3.04457e-05,0.00511863,0.160655,0.139436,0.611069,0.570225,0.0535054,0.020898,0.051181,0.237131,0.0499342,0,0.917286,0.0518551,2.07795,0.200265,0,0.0749589,0.546429,4.4395,0.627994,0.357914,0.664132,2.61618,0.156909,0.234033,0,0.594697,0.0588955,0,-0.000271593,0.259758,0.963201,0.181868,0.0527636,0.0546698,0.00494399,0.00423248,0.434074,0.0512725,5.41751,-0.384455,10.5952,0.667908,0.658771,-5.87502,-0.333333,0.00100059,-0.0532148,0.456475,6.41667,2.54167,0,0,0.166667,2.20833,0,-6.67485,0.0001,-0.00196232,0.0608389,1.58149,0.118016,57842,0.174542,195.32,0.47185
5949,2.12535,0.167274,0.601576,0.318062,0.00503877,2.94785e-05,0.00503877,0.168964,0.148419,0.608805,0.615504,0.0526098,0.0219683,0.0504345,0.235864,0.0510015,0,0.92753,0.0594068,2.11862,0.197148,0,0.0735137,0.551336,4.46652,0.634883,0.367781,0.651576,2.56281,0.171822,0.233159,0,0.697627,0.0895248,0,-0.000353871,0.256303,0.963162,0.191898,0.0521064,0.0538566,0.00537365,0.00458549,0.436764,0.0506123,5.21367,-0.845837,10.3693,0.673362,0.648931,-5.84608,-0.333333,0.000990076,-0.0567422,0.490658,16.75,5.58333,0,0,0.291667,6.25,0,-6.67667,0.0001,-0.000546614,0.0636895,1.59238,0.117815,57481,0.174524,202.2,0.900888
5950,2.21357,0.178371,0.66583,0.325353,0.00494381,2.73505e-05,0.00494381,0.177344,0.162149,0.60434,0.686784,0.0518579,0.0234316,0.0497051,0.233817,0.0496812,0,0.937167,0.068719,2.1367,0.190299,0,0.0717954,0.564776,4.53113,0.642338,0.379569,0.640907,2.52519,0.184831,0.231387,0,0.782428,0.125804,0,-0.000496432,0.252165,0.963232,0.205262,0.0512801,0.0530682,0.00561439,0.00484442,0.437347,0.0497647,4.94307,-1.11553,10.3424,0.673939,0.642001,-5.92482,-0.333333,0.000919477,-0.0604828,0.538577,26.2083,9.875,0,0,0.791667,9.125,0,-6.67891,0.0001,-0.00130085,0.0511675,1.62152,0.121581,56395,0.174514,207.03,1.18778
5951,2.22647,0.186826,0.708886,0.330602,0.00485845,2.88367e-05,0.00485845,0.18368,0.169759,0.603686,0.737284,0.0513195,0.0241615,0.049165,0.231372,0.0477301,0,0.943063,0.0765274,2.1269,0.186841,0,0.0711394,0.57297,4.56983,0.647093,0.390265,0.632291,2.48638,0.196193,0.228836,0,0.840681,0.173504,0,-0.000541136,0.246719,0.96383,0.218485,0.050632,0.0524223,0.00567511,0.00488644,0.440405,0.0491696,4.9366,-1.15744,10.3056,0.673231,0.631027,-6.21864,-0.333333,0.000994357,-0.0637132,0.580091,31.625,12.2083,0,0,1.04167,11.75,0,-6.67946,0.0001,-0.00120624,0.0288263,1.59387,0.116472,57476,0.174533,210.38,1.44685
5952,2.31174,0.189927,0.746852,0.326527,0.00474737,2.77007e-05,0.00474737,0.188361,0.175048,0.601641,0.785069,0.0504945,0.0244214,0.0483312,0.228987,0.0474894,0,0.954533,0.0845738,2.15614,0.18368,0,0.0707998,0.581966,4.62899,0.654759,0.404215,0.617959,2.43171,0.203324,0.226316,0,0.864197,0.225528,0,-0.000649287,0.24318,0.964169,0.235247,0.0496834,0.0514407,0.00581345,0.00495575,0.446614,0.0482466,4.84362,-0.96812,10.3665,0.668936,0.620987,-6.64801,-0.333333,0.000961133,-0.0668242,0.612959,24.1667,11.2917,0,0,0.958333,10.5417,0,-6.67743,0.0001,-0.00260555,0.0145889,1.54475,0.116839,59162,0.174569,212.93,1.26357
5953,2.47466,0.196935,0.788603,0.330279,0.00465921,3.71501e-05,0.00465921,0.192608,0.181547,0.592034,0.845323,0.0500472,0.0241615,0.0478411,0.225134,0.0465869,0,0.956518,0.09471,2.17481,0.177159,0,0.0709172,0.593279,4.67638,0.66068,0.415314,0.606094,2.39173,0.214037,0.222228,0,0.884018,0.303681,0,-0.000770609,0.240772,0.965128,0.249634,0.0488852,0.0507403,0.00573462,0.00488183,0.44495,0.0475158,4.43703,-0.705406,10.4552,0.663565,0.613274,-7.08373,-0.333333,0.00134303,-0.0695909,0.64065,13.2083,7.875,0,0,1.08333,5.58333,0,-6.67436,0.0001,-0.00294922,0.00963992,1.54902,0.117621,58983,0.174604,216.82,1.47107
5954,2.35708,0.190428,0.773936,0.32509,0.00464261,2.24142e-05,0.00464261,0.188624,0.176914,0.589788,0.821013,0.0498029,0.0237315,0.0476137,0.223326,0.0496384,0,0.951705,0.0906527,2.1873,0.185104,0,0.0716875,0.593345,4.69122,0.661778,0.417352,0.604683,2.38123,0.208673,0.220417,0,0.87812,0.304181,0,-0.000690505,0.243512,0.965557,0.251648,0.0488029,0.0505265,0.00553063,0.00468436,0.445786,0.0474621,4.39056,-0.707913,10.4083,0.664078,0.609882,-7.15968,-0.333333,0.000802148,-0.0685646,0.627012,5.16667,2.66667,0,0,0.291667,3.25,0,-6.67066,0.0001,-0.00278209,0.0144716,1.56333,0.118626,58446,0.17465,218.4,1.36333
5955,2.18161,0.185106,0.74597,0.326976,0.00471554,2.61652e-05,0.00471554,0.181822,0.171234,0.589266,0.803592,0.049699,0.0245813,0.0476938,0.222225,0.0469449,0,0.938567,0.0863517,2.1674,0.178293,0,0.067857,0.593823,4.6992,0.662621,0.408398,0.611355,2.40837,0.203288,0.219912,0,0.845866,0.268717,0,-0.000731892,0.244454,0.96485,0.242271,0.0491761,0.0505932,0.00481052,0.00409513,0.441251,0.0477319,4.22448,-1.29411,10.0589,0.677172,0.602395,-6.6068,-0.333333,0.000935284,-0.0656576,0.600346,2.79167,1.25,0,0,0.291667,1.58333,0,-6.66735,0.0001,-0.00212713,0.0264278,1.55349,0.116671,58859,0.17463,213.57,1.19771
5956,2.20125,0.155906,0.580884,0.308214,0.00504594,1.94102e-05,0.00504594,0.16701,0.141302,0.608043,0.59629,0.0531836,0.0207853,0.0508844,0.230185,0.0500337,0,0.906278,0.0570076,2.07534,0.202784,0,0.0754382,0.553492,4.4697,0.633859,0.36689,0.654202,2.56847,0.160409,0.227079,0,0.653522,0.081713,0,-0.000410844,0.252495,0.964165,0.194387,0.052091,0.0540708,0.00408635,0.00348905,0.434116,0.0506315,5.37835,-0.164606,10.4896,0.668295,0.640516,-6.30979,-0.333333,0.000650597,-0.0567213,0.476995,4.375,2.08333,0,0,0.25,1.83333,0,-6.66788,0.0001,-0.00237269,0.0466367,1.58977,0.118238,57554,0.174624,199.81,0.552082
5957,2.1783,0.164354,0.59095,0.316205,0.00502274,2.83467e-05,0.00502274,0.169479,0.145873,0.610026,0.605509,0.0528533,0.0216203,0.0505998,0.234862,0.0490797,0,0.927214,0.0574149,2.14015,0.196157,0,0.0740155,0.550696,4.48315,0.636081,0.36968,0.649469,2.56808,0.169137,0.232399,0,0.695673,0.0763618,0,-0.000299073,0.254089,0.962922,0.194874,0.0521874,0.054137,0.00503577,0.00430059,0.434256,0.0507028,4.97754,-0.708753,10.5089,0.670352,0.653481,-5.93307,-0.333333,0.000954766,-0.0570225,0.485884,9.16667,3.75,0,0,0.333333,3.45833,0,-6.66827,0.0001,-0.00197116,0.0565393,1.63479,0.118274,56075,0.174629,199.95,0.627477
5958,2.25373,0.166444,0.618918,0.313278,0.00497842,3.37425e-05,0.00497842,0.170724,0.151255,0.603103,0.635289,0.052552,0.0218319,0.0502693,0.23354,0.0515407,0,0.929353,0.062145,2.1229,0.198867,0,0.0753891,0.560025,4.51153,0.639022,0.375252,0.64598,2.54432,0.172706,0.230822,0,0.719586,0.108705,0,-0.000375257,0.254814,0.963549,0.200058,0.0517537,0.0536796,0.00514847,0.00443812,0.437369,0.0503081,5.09749,-0.599792,10.5286,0.667648,0.646451,-6.18295,-0.333333,0.00111072,-0.0579042,0.502349,19,7.79167,0,0,0.416667,7.41667,0,-6.66842,0.0001,-0.00141898,0.058684,1.57137,0.11685,58229,0.174651,201.6,0.612904
5959,2.32411,0.180485,0.678283,0.324479,0.0048843,2.62385e-05,0.0048843,0.179031,0.163351,0.601724,0.702492,0.0520223,0.0222117,0.0497455,0.232103,0.0491491,0,0.93898,0.0714616,2.13661,0.187999,0,0.0730775,0.564972,4.54827,0.643921,0.38702,0.63444,2.50551,0.188654,0.229102,0,0.77876,0.140107,0,-0.000447612,0.249936,0.96412,0.213026,0.0511463,0.0530645,0.00566894,0.00489158,0.436466,0.0497502,4.88992,-0.519763,10.5804,0.664244,0.639406,-6.49433,-0.333333,0.000909456,-0.061709,0.553348,25.9167,12.125,0,0,0.833333,10.6667,0,-6.66836,0.0001,-0.00127932,0.0433293,1.55784,0.116477,58713,0.174665,207.41,1.24451
5960,2.33195,0.186342,0.723291,0.324671,0.00479513,2.16312e-05,0.00479513,0.183456,0.171013,0.602034,0.760789,0.0512464,0.0234339,0.0489975,0.229204,0.0492591,0,0.945395,0.0810938,2.14639,0.187035,0,0.0727032,0.576088,4.59324,0.649635,0.398211,0.625608,2.46209,0.198211,0.226381,0,0.841284,0.223511,0,-0.00057233,0.248052,0.964323,0.225987,0.0503395,0.0522195,0.00584837,0.00503064,0.44081,0.0489343,4.69214,-0.74352,10.4801,0.666401,0.627156,-6.63132,-0.333333,0.000766584,-0.0644585,0.593225,26.5417,12.1667,0,0,0.833333,11.3333,0,-6.66867,0.0001,-0.00238214,0.0236512,1.60226,0.120927,57047,0.174655,211.02,1.12449
5961,2.41296,0.192594,0.761632,0.326366,0.00471668,1.91334e-05,0.00471668,0.19111,0.177662,0.595751,0.804162,0.0507393,0.0238865,0.0484686,0.227843,0.0462607,0,0.955229,0.087742,2.16075,0.181591,0,0.0716627,0.584633,4.63872,0.656399,0.408056,0.613314,2.41877,0.205897,0.224958,0,0.892097,0.252174,0,-0.000712364,0.239404,0.964796,0.239235,0.0495721,0.0514873,0.00539888,0.0045914,0.443479,0.0481726,4.77861,-0.649878,10.4965,0.663582,0.618596,-6.93809,-0.333333,0.000693228,-0.068158,0.618069,20.4583,10.0833,0,0,0.833333,9.375,0,-6.66813,0.0001,-0.00275182,0.0130831,1.58661,0.11881,57642,0.17468,214.32,1.41641
5962,2.38814,0.194579,0.789061,0.326424,0.00466306,2.17151e-05,0.00466306,0.19175,0.18219,0.596037,0.843587,0.0501585,0.0242545,0.0479279,0.224613,0.0461269,0,0.951362,0.0935249,2.16756,0.178047,0,0.0708965,0.592238,4.66966,0.659348,0.414785,0.608343,2.39832,0.21231,0.221666,0,0.891938,0.295041,0,-0.000733737,0.237935,0.964973,0.247954,0.0490271,0.050853,0.00535962,0.00449349,0.442078,0.0476315,4.56271,-0.688348,10.4794,0.664416,0.615587,-7.111,-0.333333,0.000759605,-0.0691152,0.648129,10.9167,6.70833,0,0,1.04167,5.875,0,-6.66622,0.0001,-0.00265364,0.011618,1.55841,0.117105,58670,0.174706,214.52,1.52187
5963,2.52674,0.187738,0.758609,0.325711,0.00465891,2.49372e-05,0.00465891,0.186289,0.174661,0.589789,0.798878,0.0501254,0.02413,0.0479098,0.222627,0.0466361,0,0.942797,0.0856473,2.13673,0.177844,0,0.0702614,0.597848,4.68403,0.660918,0.415306,0.607848,2.38963,0.204469,0.219573,0,0.849197,0.242219,0,-0.000763397,0.238708,0.965083,0.245631,0.0491143,0.0507876,0.00553052,0.00466242,0.442044,0.0477779,4.50089,-0.748612,10.452,0.663108,0.60985,-7.12267,-0.333333,0.000928421,-0.067301,0.613638,5.25,3.33333,0,0,0.5,2.75,0,-6.66536,0.0001,-0.00216925,0.0195029,1.56066,0.11622,58623,0.174691,214.72,1.24201
5964,2.36243,0.16544,0.627477,0.308785,0.00490614,1.84784e-05,0.00490614,0.178145,0.149449,0.592667,0.654006,0.052064,0.0220882,0.0497615,0.226603,0.0489843,0,0.919999,0.0644695,2.15458,0.198039,0,0.0760789,0.559222,4.57358,0.646526,0.384425,0.630913,2.50593,0.178094,0.224009,0,0.746776,0.10744,0,-0.000499745,0.241341,0.962778,0.215471,0.0510598,0.0529331,0.00375682,0.00302543,0.437268,0.0495709,5.22284,-0.512227,10.4242,0.669537,0.634889,-6.457,-0.333333,0.000699039,-0.0622236,0.507524,3.83333,2.08333,0,0,0.333333,1.54167,0,-6.66698,0.0001,-0.0013522,0.0331963,1.60758,0.119034,56934,0.174641,205.5,0.727062
5965,2.17624,0.16665,0.607676,0.313614,0.00502027,2.33013e-05,0.00502027,0.172971,0.149058,0.612444,0.619517,0.0528464,0.0210524,0.0506031,0.234287,0.0466283,0,0.925192,0.0593584,2.12454,0.186842,0,0.0723417,0.553597,4.47503,0.633932,0.370018,0.653266,2.57847,0.170897,0.231523,0,0.719732,0.0711772,0,-0.000331946,0.245797,0.963566,0.19305,0.052187,0.0539415,0.00429583,0.00349381,0.434182,0.0506938,5.12996,-0.547491,10.5334,0.667164,0.646801,-6.10646,-0.333333,0.000784779,-0.0585063,0.500458,6.41667,2.95833,0,0,0.166667,3,0,-6.66927,0.0001,-0.0021177,0.0477195,1.63473,0.117607,56098,0.174621,199.69,0.660645
5966,2.19716,0.167367,0.61908,0.308802,0.00500852,1.3255e-05,0.00500852,0.170682,0.151961,0.604331,0.6312,0.0526122,0.0219494,0.0503931,0.232358,0.0518706,0,0.920395,0.0614642,2.14357,0.195391,0,0.0739632,0.555433,4.49101,0.636229,0.371556,0.649676,2.56085,0.172446,0.229678,0,0.723847,0.0812855,0,-0.000374791,0.255038,0.962904,0.195251,0.05192,0.0537925,0.00478113,0.00404526,0.434153,0.0504005,5.10559,-0.722692,10.455,0.67157,0.645912,-5.98618,-0.333333,0.000447194,-0.0577254,0.504055,14.1667,6.125,0,0,0.541667,5.20833,0,-6.67199,0.0001,-0.000970116,0.05687,1.62239,0.118263,56475,0.174597,200.76,0.728152
5967,2.26788,0.175379,0.659089,0.318125,0.00493108,2.49288e-05,0.00493108,0.174745,0.159548,0.607231,0.67813,0.052207,0.0221791,0.049951,0.232065,0.0494698,0,0.931841,0.0682408,2.1282,0.190503,0,0.0740283,0.562602,4.53208,0.641397,0.381199,0.641419,2.52672,0.181939,0.229139,0,0.767781,0.135504,0,-0.000424727,0.254138,0.963625,0.20792,0.0512907,0.053285,0.00549792,0.00474091,0.438918,0.0498708,5.12429,-0.572096,10.5487,0.666252,0.640482,-6.317,-0.333333,0.000852899,-0.05993,0.536337,23.0417,10.25,0,0,0.625,8.41667,0,-6.67363,0.0001,-0.00145559,0.0498885,1.59661,0.119323,57288,0.174628,204.77,1.01495
5968,2.32579,0.182522,0.693184,0.328189,0.00487436,2.12854e-05,0.00487436,0.182633,0.166617,0.609354,0.716453,0.0521697,0.0222295,0.049837,0.23297,0.0472109,0,0.943808,0.0733297,2.13352,0.187062,0,0.0733294,0.569923,4.55559,0.645167,0.388268,0.635176,2.49678,0.189859,0.22974,0,0.807607,0.170685,0,-0.000477253,0.245368,0.964361,0.213132,0.0511146,0.0530693,0.00523842,0.0044476,0.439994,0.049686,5.11607,-0.316243,10.7021,0.660073,0.638421,-6.63292,-0.333333,0.000730983,-0.0631771,0.571414,25.4583,12.3333,0,0,0.875,10.2917,0,-6.67258,0.0001,-0.00169654,0.0329819,1.63779,0.117412,56007,0.174592,209.62,1.41579
5969,2.40189,0.189142,0.73627,0.325585,0.0047957,3.40987e-05,0.0047957,0.185897,0.174526,0.60084,0.767169,0.0512492,0.0236145,0.0489851,0.230198,0.0483972,0,0.94863,0.0816825,2.13313,0.185752,0,0.072813,0.578643,4.58935,0.650368,0.39814,0.624332,2.45842,0.198988,0.227264,0,0.850842,0.214411,0,-0.000552774,0.246498,0.963864,0.225338,0.0503484,0.0522211,0.00548579,0.00466788,0.443278,0.0489025,4.88804,-0.651061,10.5802,0.663867,0.630251,-6.65248,-0.333333,0.00118972,-0.0651809,0.599979,23.9167,11.8333,0,0,0.916667,9.125,0,-6.67624,0.0001,-0.000336559,0.0203984,1.59728,0.11571,57387,0.174495,209.55,1.31376
5970,2.37584,0.191505,0.765707,0.328325,0.00472991,1.98811e-05,0.00472991,0.187832,0.179149,0.603331,0.79984,0.0508329,0.0239715,0.0485674,0.227606,0.0472952,0,0.949975,0.0861802,2.13916,0.18137,0,0.0720395,0.584898,4.62917,0.654628,0.406397,0.61727,2.42992,0.202268,0.224403,0,0.886248,0.223727,0,-0.000640917,0.246166,0.964766,0.235926,0.0497401,0.0516442,0.0057622,0.00496443,0.44584,0.0483525,4.75623,-0.554585,10.5488,0.662111,0.620443,-6.91739,-0.333333,0.000713821,-0.0667908,0.628517,16.8333,8.54167,0,0,0.75,6.95833,0,-6.67961,0.0001,-0.00218552,0.0132854,1.57324,0.118993,58091,0.174489,214.73,1.48465
5971,2.41145,0.193987,0.78114,0.329351,0.00467691,2.4077e-05,0.00467691,0.189583,0.180486,0.595793,0.827458,0.0501606,0.024253,0.0479429,0.224473,0.0472682,0,0.948557,0.0910748,2.15779,0.182061,0,0.0719076,0.590769,4.66685,0.659662,0.413047,0.609074,2.39696,0.208881,0.221413,0,0.88539,0.2858,0,-0.000687021,0.243763,0.964795,0.245165,0.0491469,0.0509484,0.0052919,0.00446254,0.445218,0.0477705,4.71991,-0.749288,10.4881,0.662878,0.613194,-6.99467,-0.333333,0.000867959,-0.0682428,0.639646,10.3333,5.875,0,0,0.583333,5.16667,0,-6.67733,0.0001,-0.00311173,0.0160147,1.62084,0.120059,56467,0.174549,215.21,1.52236
5972,2.36484,0.187017,0.760922,0.326173,0.0047655,2.43142e-05,0.0047655,0.184666,0.175948,0.598747,0.805115,0.0507913,0.0235752,0.0486103,0.224589,0.0492701,0,0.939603,0.0885266,2.13825,0.182385,0,0.070934,0.588157,4.61976,0.65336,0.402124,0.621669,2.44227,0.201751,0.221675,0,0.827984,0.298188,0,-0.00063008,0.246942,0.965037,0.233162,0.0499019,0.0516063,0.00597499,0.00527756,0.443711,0.0485516,4.5718,-0.679962,10.3781,0.669138,0.611957,-6.77692,-0.333333,0.00093061,-0.066211,0.619323,5.58333,2.95833,0,0,0.166667,2.58333,0,-6.67329,0.0001,-0.00150078,0.0261432,1.62463,0.11877,56386,0.174593,210.71,1.29259
5973,2.18505,0.162034,0.61257,0.304792,0.00499949,2.05613e-05,0.00499949,0.167692,0.147851,0.605344,0.630147,0.0523128,0.0215413,0.0501327,0.23331,0.0519007,0,0.928635,0.0626683,2.10637,0.193786,0,0.0739735,0.557528,4.5218,0.639577,0.37288,0.64552,2.54524,0.168932,0.230281,0,0.718678,0.140775,0,-0.000483034,0.25431,0.964005,0.201587,0.0515779,0.0532528,0.00402428,0.00319384,0.437763,0.0500977,5.25766,-0.501948,10.3486,0.672141,0.636361,-6.23411,-0.333333,0.000678413,-0.0575784,0.499372,5.70833,2.625,0,0,0.291667,2.91667,0,-6.67088,0.0001,-0.000950477,0.039111,1.59546,0.118956,57339,0.174577,201.57,0.532006
5974,2.35649,0.165526,0.60904,0.318279,0.00499895,1.75056e-05,0.00499895,0.174131,0.149367,0.604629,0.627097,0.053018,0.0214921,0.0506803,0.233136,0.0482427,0,0.922783,0.0602687,2.10861,0.193872,0,0.0734,0.558727,4.48267,0.63619,0.372632,0.648465,2.55099,0.171308,0.23035,0,0.693641,0.099742,0,-0.000381778,0.247839,0.963158,0.194506,0.0521422,0.054095,0.00458748,0.00385645,0.435168,0.0506459,5.24993,-0.441743,10.6498,0.665748,0.651939,-6.12356,-0.333333,0.000573967,-0.0588302,0.497185,9.83333,4.625,0,0,0.416667,3.16667,0,-6.67289,0.0001,-0.00250794,0.0533476,1.59699,0.121734,57195,0.174531,201.66,0.558361
5975,2.24962,0.173241,0.647882,0.321076,0.0049607,3.2093e-05,0.0049607,0.175939,0.157792,0.610834,0.664909,0.0520222,0.0229981,0.049846,0.234447,0.0488752,0,0.936774,0.0665721,2.14562,0.192318,0,0.0728407,0.561649,4.53117,0.642792,0.377449,0.642322,2.52457,0.179597,0.231995,0,0.751667,0.120495,0,-0.000539029,0.252522,0.962763,0.203474,0.0513308,0.0531256,0.00497015,0.00424849,0.438982,0.0498214,5.13809,-1.00387,10.4072,0.672212,0.646146,-5.93004,-0.333333,0.00107612,-0.0598337,0.5316,17.2083,6.66667,0,0,0.375,4.83333,0,-6.67524,0.0001,-0.00144702,0.0520989,1.60039,0.120283,57131,0.174496,204.73,1.03355
5976,2.2664,0.180313,0.681467,0.32996,0.00489841,4.01985e-05,0.00489841,0.182243,0.164365,0.607516,0.702935,0.051888,0.023522,0.049646,0.233042,0.0481196,0,0.941583,0.0715281,2.13004,0.190755,0,0.0726772,0.56996,4.55976,0.645601,0.385249,0.637141,2.50455,0.187222,0.230529,0,0.789146,0.129402,0,-0.000506305,0.246772,0.963278,0.210708,0.0510976,0.0529564,0.00488201,0.00415447,0.440019,0.0496,4.98586,-0.898678,10.4723,0.669662,0.641135,-6.19604,-0.333333,0.00137774,-0.0626475,0.56113,22.375,9.54167,0,0,0.541667,7.20833,0,-6.67566,0.0001,-0.000224399,0.0410357,1.58137,0.121865,57716,0.174501,204.9,1.06886
5977,2.29459,0.186314,0.72033,0.331521,0.00483115,4.44777e-05,0.00483115,0.185952,0.171471,0.606464,0.749764,0.0514987,0.0236009,0.0492372,0.231791,0.0486127,0,0.949214,0.0786808,2.11755,0.185921,0,0.0718085,0.574279,4.57906,0.648502,0.393698,0.629985,2.47591,0.195291,0.228979,0,0.855444,0.180676,0,-0.000540255,0.246427,0.964303,0.221027,0.0505505,0.0524638,0.00538,0.00463582,0.441113,0.0491081,4.87358,-0.705067,10.5134,0.665149,0.627356,-6.50801,-0.333333,0.0015231,-0.0649193,0.590518,24.3333,10.5,0,0,0.75,10.375,0,-6.67597,0.0001,-0.00141405,0.0319814,1.59905,0.11986,57189,0.174501,207.44,0.99306
5978,2.38455,0.191842,0.757662,0.333463,0.00474881,4.06078e-05,0.00474881,0.191483,0.177652,0.599699,0.794793,0.05084,0.0245871,0.0486026,0.228036,0.045692,0,0.950084,0.0848023,2.14641,0.178201,0,0.0703747,0.583508,4.62417,0.65466,0.404024,0.618098,2.4286,0.203842,0.225383,0,0.882811,0.211178,0,-0.000667341,0.238751,0.96403,0.2339,0.0498296,0.051704,0.00503266,0.00427818,0.444698,0.0483592,4.80441,-0.866735,10.4709,0.665855,0.623627,-6.66749,-0.333333,0.00144306,-0.0679003,0.619402,21.4583,10.375,0,0,1.16667,8.33333,0,-6.67586,0.0001,-0.00193372,0.0218981,1.58067,0.119725,57812,0.174466,213.99,1.17611
5979,2.43375,0.192842,0.76487,0.332837,0.00474543,4.00493e-05,0.00474543,0.189252,0.178633,0.598551,0.794815,0.0511536,0.023938,0.0488293,0.228103,0.0470559,0,0.951743,0.0854918,2.13002,0.18495,0,0.0729493,0.580913,4.61664,0.653339,0.404506,0.617584,2.43721,0.202579,0.2252,0,0.860411,0.241606,0,-0.000589383,0.244382,0.964529,0.233864,0.0499717,0.0519594,0.00500914,0.0043079,0.440724,0.048546,4.72652,-0.470729,10.6198,0.661485,0.626744,-6.91659,-0.333333,0.00143261,-0.0674016,0.629633,14.5833,8.20833,0,0,0.791667,6.20833,0,-6.67518,0.0001,-0.00246269,0.0185021,1.56982,0.119459,58192,0.174478,213.33,1.41114
5980,2.48368,0.19489,0.780017,0.331154,0.00469965,3.39169e-05,0.00469965,0.194467,0.180585,0.594174,0.825288,0.0506497,0.0246899,0.0483915,0.226686,0.0452492,0,0.955075,0.0908564,2.12724,0.175017,0,0.0698669,0.592461,4.64221,0.656711,0.410276,0.612481,2.41942,0.208459,0.223822,0,0.902764,0.281178,0,-0.000636144,0.236513,0.964864,0.240631,0.0496191,0.0514382,0.00544087,0.00461756,0.445727,0.048191,4.68095,-0.76504,10.4074,0.667553,0.61512,-6.93248,-0.333333,0.00123822,-0.0698961,0.635317,10.4167,5.33333,0,0,0.5,4.20833,0,-6.66986,0.0001,-0.00278283,0.022584,1.57561,0.11779,58051,0.174536,211.8,1.39828
5981,2.27167,0.177239,0.690453,0.325146,0.00482031,1.93025e-05,0.00482031,0.183003,0.16202,0.601765,0.721292,0.0513133,0.0229735,0.0490367,0.227534,0.0490922,0,0.934451,0.0754369,2.16231,0.185682,0,0.0712882,0.575826,4.60161,0.651448,0.395077,0.627785,2.47052,0.188032,0.224712,0,0.772811,0.217804,0,-0.000665871,0.24425,0.963785,0.22292,0.0502582,0.0520723,0.00482329,0.00401253,0.443159,0.0488412,4.74967,-0.707091,10.5409,0.664721,0.62856,-6.60229,-0.333333,0.00064361,-0.0644985,0.564187,5.66667,3.70833,0,0,0.333333,3,0,-6.66597,0.0001,-0.00284252,0.0290921,1.59396,0.121395,57308,0.174556,208.28,0.91283
5982,2.33275,0.176057,0.669125,0.324227,0.00490809,2.27394e-05,0.00490809,0.178775,0.160742,0.605744,0.689073,0.052351,0.0211489,0.0499866,0.231537,0.0488398,0,0.934426,0.0692893,2.15231,0.190487,0,0.0735779,0.563899,4.53997,0.642686,0.384163,0.638826,2.50837,0.18327,0.228572,0,0.767501,0.137105,0,-0.000368322,0.246245,0.96443,0.209902,0.0513602,0.0532888,0.00465868,0.00391882,0.43947,0.049972,5.13569,-0.176185,10.7135,0.65963,0.641518,-6.65105,-0.333333,0.000798068,-0.0616481,0.547712,6.75,3.95833,0,0,0.333333,3.29167,0,-6.66482,0.0001,-0.00227671,0.0407108,1.60401,0.119729,57029,0.174578,204.92,0.82988
5983,2.29063,0.174378,0.652205,0.325814,0.0049405,4.55678e-05,0.0049405,0.178152,0.157912,0.605527,0.670564,0.0526498,0.0215745,0.0502966,0.233909,0.0491023,0,0.937689,0.0665732,2.11344,0.191223,0,0.0739402,0.562839,4.51933,0.640711,0.380043,0.641504,2.52868,0.180762,0.231038,0,0.75201,0.129093,0,-0.000399701,0.247768,0.964016,0.205999,0.0515516,0.0535807,0.00454116,0.00382584,0.437046,0.0501187,5.0646,-0.246301,10.6513,0.662534,0.639367,-6.44998,-0.333333,0.00154224,-0.0610107,0.536982,11.2917,5.25,0,0,0.25,4.91667,0,-6.66417,0.0001,-0.00140305,0.0472758,1.634,0.122015,55981,0.17456,201.66,0.714374
5984,2.40554,0.17796,0.672401,0.32841,0.00491467,2.65974e-05,0.00491467,0.179265,0.162546,0.602716,0.694031,0.0523936,0.0221876,0.0500512,0.234021,0.0499032,0,0.941895,0.0700725,2.14749,0.190509,0,0.0741377,0.562504,4.51887,0.641234,0.383209,0.637899,2.51633,0.185356,0.231173,0,0.780047,0.146803,0,-0.000411206,0.250199,0.96331,0.208718,0.0513826,0.0534193,0.00541329,0.00465355,0.437847,0.0499507,5.11078,-0.391181,10.7328,0.662441,0.646596,-6.41908,-0.333333,0.000890639,-0.0614819,0.546207,18.3333,9.91667,0,0,1.08333,6.625,0,-6.66619,0.0001,-0.00225067,0.0448581,1.60418,0.119483,57032,0.174515,206.86,0.951145
5985,2.40418,0.188008,0.724299,0.335562,0.00482894,4.36649e-05,0.00482894,0.185737,0.172415,0.598692,0.751059,0.0516857,0.0231542,0.0493836,0.232669,0.0485694,0,0.953447,0.0784443,2.14247,0.185544,0,0.0730125,0.573263,4.58428,0.648282,0.393967,0.627847,2.47197,0.196511,0.229826,0,0.838799,0.182807,0,-0.00049039,0.246853,0.963689,0.222209,0.0506681,0.0526382,0.00524023,0.00446478,0.437951,0.0492247,4.90764,-0.534231,10.6504,0.662544,0.634749,-6.60167,-0.333333,0.001511,-0.0648583,0.586441,21.125,10.9167,0,0,0.916667,8,0,-6.66933,0.0001,-0.00187185,0.0383423,1.59494,0.119316,57344,0.174505,207.31,1.18968
5986,2.37132,0.186931,0.724172,0.327633,0.00481103,3.43537e-05,0.00481103,0.185845,0.171834,0.604026,0.752029,0.0513463,0.0238477,0.0491075,0.230097,0.0478187,0,0.946777,0.0790173,2.14454,0.18335,0,0.0715377,0.576121,4.58847,0.649769,0.396215,0.627038,2.46923,0.196549,0.227398,0,0.84027,0.182494,0,-0.000541123,0.247858,0.96369,0.224531,0.0504127,0.0523139,0.00536446,0.00457972,0.438395,0.0489671,4.77981,-0.700007,10.5681,0.665071,0.629147,-6.56997,-0.333333,0.00118054,-0.0651111,0.593275,22.7917,12.4167,0,0,0.958333,9.375,0,-6.66919,0.0001,-0.00165072,0.0270726,1.60999,0.121164,56785,0.174501,211.78,1.43481
5987,2.42915,0.190282,0.756366,0.329268,0.00475418,5.35759e-05,0.00475418,0.189711,0.177237,0.593475,0.788522,0.0510824,0.0234257,0.0488044,0.230049,0.0474771,0,0.956653,0.0851287,2.15555,0.183113,0,0.0720955,0.579358,4.61537,0.653406,0.403353,0.617875,2.43621,0.200507,0.227011,0,0.865566,0.238857,0,-0.000542992,0.243804,0.964099,0.234173,0.0500118,0.0519693,0.00518542,0.00438209,0.441406,0.0485818,4.76098,-0.501716,10.6362,0.661128,0.6269,-6.8432,-0.333333,0.00186959,-0.0672976,0.60892,17.5417,10.4167,0,0,0.833333,7.625,0,-6.66803,0.0001,-0.00212236,0.0201126,1.59596,0.122139,57216,0.174515,209.62,1.2255
5988,2.40572,0.193704,0.762964,0.330302,0.00473069,3.02119e-05,0.00473069,0.190106,0.178274,0.603102,0.805613,0.0507278,0.0239063,0.0484776,0.228942,0.0468688,0,0.955789,0.0879769,2.15842,0.178937,0,0.0710931,0.583145,4.63989,0.655913,0.406298,0.615885,2.42048,0.206245,0.225957,0,0.87192,0.250589,0,-0.000591276,0.245535,0.964413,0.236927,0.0496918,0.051561,0.00559101,0.00475297,0.442439,0.0483003,4.66507,-0.608289,10.5882,0.661671,0.620395,-6.8766,-0.333333,0.00107169,-0.0675734,0.626775,12.4167,6.95833,0,0,0.291667,6.33333,0,-6.66608,0.0001,-0.00282535,0.0174911,1.56452,0.121496,58305,0.17455,211.92,1.33963
5989,2.41523,0.19088,0.763459,0.331546,0.00473567,3.71312e-05,0.00473567,0.189248,0.17785,0.59592,0.803002,0.05093,0.0233783,0.0486477,0.228145,0.0454312,0,0.953608,0.0875825,2.15906,0.179803,0,0.0707364,0.583924,4.61798,0.65452,0.405704,0.616785,2.43021,0.203287,0.225312,0,0.853039,0.263021,0,-0.000635005,0.238626,0.964414,0.235815,0.049833,0.051706,0.00442974,0.00362509,0.43805,0.0483988,4.6057,-0.667361,10.5555,0.66297,0.622773,-6.88156,-0.333333,0.00133372,-0.0675358,0.620025,8.45833,5.25,0,0,0.625,3.79167,0,-6.66478,0.0001,-0.00223711,0.0260282,1.63533,0.119738,56011,0.174594,212.9,1.21985
5990,2.2994,0.180594,0.707589,0.325968,0.00486816,3.5158e-05,0.00486816,0.183177,0.167973,0.606511,0.741353,0.051356,0.023774,0.0492177,0.229931,0.0454329,0,0.93745,0.0768531,2.14526,0.181695,0,0.0697029,0.576124,4.57543,0.647163,0.389317,0.633345,2.48711,0.192082,0.22739,0,0.824248,0.185479,0,-0.000482716,0.243367,0.962645,0.218169,0.0507073,0.0524334,0.0044034,0.00357757,0.43821,0.0491724,4.93716,-1.06805,10.3464,0.67351,0.630367,-6.21284,-0.333333,0.00119185,-0.0640149,0.58009,7.875,3.95833,0,0,0.208333,3,0,-6.66351,0.0001,-0.00246665,0.0338486,1.61255,0.121079,56704,0.174594,204.04,1.01278
5991,2.26713,0.173642,0.648579,0.32602,0.00494775,4.4897e-05,0.00494775,0.176891,0.156845,0.603827,0.672206,0.0522548,0.022217,0.0500495,0.233285,0.0466741,0,0.935469,0.0668904,2.13088,0.185947,0,0.0714316,0.56416,4.53041,0.641001,0.379111,0.642322,2.53171,0.181751,0.230644,0,0.746346,0.12403,0,-0.000359721,0.2462,0.96301,0.205327,0.051645,0.0534171,0.00437815,0.00362995,0.436812,0.0501661,5.02902,-0.783094,10.462,0.670295,0.638425,-6.13441,-0.333333,0.00153758,-0.0607391,0.527723,10.0833,4.5,0,0,0.375,3.45833,0,-6.66306,0.0001,-0.00255963,0.0431816,1.58294,0.120517,57708,0.174608,201.1,0.618207
5992,2.28677,0.174013,0.649572,0.321525,0.00494921,2.67721e-05,0.00494921,0.174339,0.157676,0.609188,0.672323,0.0520114,0.0233136,0.0498077,0.23375,0.0512175,0,0.936764,0.0676365,2.13533,0.189034,0,0.0718081,0.562458,4.52641,0.642456,0.378904,0.641926,2.51499,0.180784,0.231411,0,0.767146,0.134516,0,-0.000427399,0.255143,0.962577,0.204079,0.0514176,0.0532174,0.00556477,0.00479592,0.437191,0.0499329,4.93053,-1.06716,10.4116,0.673502,0.641877,-5.94318,-0.333333,0.000905797,-0.0595154,0.531802,14.8333,6.70833,0,0,0.541667,4.41667,0,-6.66236,0.0001,-0.00146618,0.0484384,1.60279,0.121052,57026,0.174613,205.91,0.944347
5993,2.34957,0.18049,0.683815,0.32578,0.0048845,4.04116e-05,0.0048845,0.18115,0.164206,0.604119,0.710202,0.0516867,0.0231063,0.0494661,0.232289,0.0489946,0,0.942972,0.0727852,2.13745,0.188446,0,0.0721817,0.570943,4.55748,0.645273,0.387043,0.635172,2.49693,0.188902,0.2298,0,0.814216,0.15371,0,-0.000519663,0.247337,0.963077,0.214285,0.0508761,0.0527078,0.00531438,0.00456696,0.439587,0.0494351,5.01787,-0.893858,10.4545,0.669425,0.636341,-6.26579,-0.333333,0.00138851,-0.0626889,0.557275,18.3333,9.125,0,0,0.708333,6.25,0,-6.66303,0.0001,-0.00176695,0.0432594,1.61178,0.120722,56741,0.174637,205.77,1.15999
5994,2.31371,0.185232,0.707547,0.325236,0.00483331,3.15707e-05,0.00483331,0.185716,0.168412,0.603665,0.738999,0.0512159,0.0237955,0.0490447,0.231666,0.0479368,0,0.951002,0.0782648,2.14433,0.185723,0,0.0710901,0.575047,4.58868,0.649143,0.393459,0.629437,2.48056,0.194804,0.22932,0,0.811183,0.205265,0,-0.000537993,0.247065,0.963258,0.221815,0.050517,0.0523032,0.00492661,0.00411915,0.439281,0.0490086,4.72729,-1.03301,10.4061,0.669879,0.631377,-6.30217,-0.333333,0.00109389,-0.0648289,0.58108,22.2917,11.0417,0,0,0.625,7.5,0,-6.66147,0.0001,-0.00199611,0.0355198,1.58258,0.121345,57692,0.174684,208.83,1.12918
5995,2.44937,0.188667,0.733566,0.328914,0.00479383,2.87494e-05,0.00479383,0.183897,0.173423,0.598238,0.772196,0.0510878,0.0238211,0.0488671,0.229708,0.0493404,0,0.948116,0.0827367,2.14087,0.184202,0,0.0711871,0.57983,4.60621,0.652494,0.398387,0.624219,2.45034,0.200428,0.226963,0,0.857622,0.22911,0,-0.000611634,0.247304,0.963721,0.226499,0.0501824,0.0520205,0.00518754,0.00435928,0.439061,0.04874,4.73189,-0.835803,10.4783,0.665954,0.625118,-6.57765,-0.333333,0.000998346,-0.064692,0.597489,20.375,11.3333,0,0,0.916667,7.70833,0,-6.65889,0.0001,-0.00124345,0.0281506,1.59425,0.121593,57291,0.17473,208.15,1.16753
5996,2.43524,0.187145,0.733999,0.324148,0.0047683,3.74185e-05,0.0047683,0.184427,0.172626,0.604014,0.763795,0.0509794,0.0236323,0.0487089,0.229125,0.0494526,0,0.950289,0.0812766,2.15984,0.187004,0,0.0727002,0.578115,4.60203,0.651971,0.401608,0.620178,2.43883,0.196834,0.226236,0,0.862399,0.228215,0,-0.000637227,0.250427,0.96382,0.231145,0.0499792,0.0518915,0.00566362,0.00484418,0.441025,0.0485649,4.77445,-0.637432,10.5564,0.663917,0.627116,-6.71924,-0.333333,0.00129357,-0.0651478,0.603749,16.9583,9.375,0,0,0.583333,6.54167,0,-6.65553,0.0001,-0.00224242,0.0229254,1.59983,0.123178,57053,0.174769,208.7,1.16923
5997,2.3842,0.187366,0.737082,0.328474,0.00475172,3.15514e-05,0.00475172,0.187206,0.172406,0.598965,0.786287,0.0508038,0.0235341,0.0485857,0.228165,0.0478883,0,0.950829,0.0858388,2.12932,0.183591,0,0.0712354,0.58278,4.62689,0.654741,0.403686,0.618316,2.43268,0.20122,0.225327,0,0.850934,0.255875,0,-0.000551909,0.244231,0.96432,0.234114,0.0499241,0.0517392,0.00503025,0.00419904,0.440108,0.0485073,4.63315,-0.732007,10.4765,0.663758,0.619033,-6.77088,-0.333333,0.00112329,-0.0665487,0.60258,10.875,6.16667,0,0,0.583333,4.625,0,-6.65253,0.0001,-0.00269787,0.0216241,1.60769,0.121562,56847,0.174799,212.07,1.1988
5998,2.34931,0.18191,0.712092,0.320186,0.00477591,2.70213e-05,0.00477591,0.183623,0.166639,0.597707,0.745032,0.0507078,0.0242072,0.0485477,0.227799,0.0479017,0,0.945845,0.0800286,2.16045,0.184192,0,0.0707444,0.582147,4.6176,0.653291,0.400721,0.621257,2.44519,0.192688,0.225246,0,0.814285,0.248204,0,-0.000595802,0.252153,0.963465,0.231861,0.0498673,0.0517026,0.00569446,0.00493626,0.439735,0.0484493,4.56495,-0.93617,10.3755,0.670017,0.625209,-6.53979,-0.333333,0.000973365,-0.0652089,0.578028,9.25,4.58333,0,0,0.375,3.45833,0,-6.65253,0.0001,-0.00172434,0.028551,1.62318,0.119608,56406,0.174815,210.48,1.09388
5999,2.26036,0.178503,0.690805,0.326286,0.00487135,4.49156e-05,0.00487135,0.182602,0.164173,0.608515,0.715241,0.0516447,0.0226707,0.0494273,0.230921,0.0470232,0,0.941201,0.0743922,2.13383,0.18295,0,0.0713736,0.568937,4.5549,0.645691,0.388755,0.633193,2.4927,0.186882,0.228373,0,0.794149,0.185567,0,-0.000476242,0.245614,0.962924,0.216993,0.0508163,0.0526822,0.00483583,0.00407402,0.440404,0.0493456,4.96898,-0.798881,10.4625,0.668641,0.63279,-6.3631,-0.333333,0.00151318,-0.0636952,0.580118,9.79167,5.54167,0,0,0.75,3.54167,0,-6.65424,0.0001,-0.00226433,0.0336852,1.59343,0.119141,57401,0.174774,205.16,0.838836
6000,2.28867,0.178142,0.66913,0.325654,0.00492101,4.85715e-05,0.00492101,0.179695,0.160949,0.601746,0.689802,0.051827,0.0224403,0.0496408,0.233586,0.0501673,0,0.943707,0.0697663,2.12696,0.19047,0,0.0724741,0.562009,4.53299,0.642695,0.382456,0.6388,2.52318,0.18641,0.231291,0,0.770844,0.124715,0,-0.0005123,0.246697,0.963012,0.20789,0.0511996,0.0528957,0.00401677,0.00327262,0.431036,0.0496552,4.75098,-0.885044,10.4347,0.670805,0.638231,-6.12733,-0.333333,0.00166472,-0.0620254,0.54174,10.8333,5.16667,0,0,0.583333,3.95833,0,-6.65896,0.0001,-0.00293672,0.043388,1.62014,0.121079,56456,0.174696,204.39,0.863113
6001,2.34035,0.176176,0.66545,0.318117,0.00491202,2.48345e-05,0.00491202,0.178631,0.161067,0.60389,0.687364,0.0517263,0.023401,0.0495613,0.231807,0.0484325,0,0.93654,0.0696646,2.14146,0.187336,0,0.0716135,0.568831,4.54731,0.644417,0.383565,0.638075,2.51011,0.183755,0.229578,0,0.804544,0.12758,0,-0.000494917,0.250633,0.962557,0.209108,0.051132,0.0529222,0.00525034,0.00451761,0.438561,0.0496401,4.79913,-1.11443,10.4141,0.672324,0.640099,-6.00029,-0.333333,0.000836937,-0.06137,0.542938,15.9583,7.08333,0,0,0.458333,5.04167,0,-6.66156,0.0001,-0.00207341,0.0454888,1.62989,0.120399,56164,0.174716,206.44,1.00365
6002,2.33385,0.177956,0.675152,0.319843,0.00486105,3.21745e-05,0.00486105,0.17787,0.161598,0.606351,0.703084,0.0517229,0.0230959,0.0494598,0.230829,0.051571,0,0.940589,0.0734094,2.13998,0.191935,0,0.0736712,0.568275,4.55812,0.645777,0.389943,0.631549,2.48978,0.186153,0.22821,0,0.778922,0.187108,0,-0.000476829,0.252289,0.962987,0.215293,0.0509081,0.0527908,0.00520306,0.00443846,0.438904,0.0494205,4.81734,-0.676888,10.5736,0.66668,0.638986,-6.41339,-0.333333,0.00110704,-0.0616911,0.558626,18.875,9.04167,0,0,0.958333,6.5,0,-6.66097,0.0001,-0.00213186,0.0402102,1.5817,0.120797,57740,0.174701,205.34,0.920944
6003,2.39164,0.183953,0.703292,0.326429,0.00484906,4.43581e-05,0.00484906,0.181527,0.167599,0.604049,0.73481,0.0516095,0.0231459,0.0493327,0.231942,0.051687,0,0.948223,0.0778809,2.136,0.190015,0,0.0735216,0.572087,4.57189,0.647224,0.391484,0.630931,2.4853,0.193172,0.229251,0,0.81175,0.20187,0,-0.000467432,0.253488,0.963098,0.217862,0.0507824,0.0526849,0.00552512,0.00470118,0.436707,0.0493311,4.6978,-0.695166,10.5854,0.666416,0.63823,-6.44573,-0.333333,0.00153783,-0.0632877,0.575405,21,11.25,0,0,1.375,7.29167,0,-6.66467,0.0001,-0.0022303,0.0322121,1.62808,0.125158,56069,0.174621,207.48,0.876722
6004,2.42506,0.188546,0.725134,0.332372,0.00479083,3.8447e-05,0.00479083,0.186868,0.171326,0.600948,0.758988,0.0514488,0.0233343,0.0491299,0.230616,0.0457891,0,0.952623,0.0803213,2.15139,0.181737,0,0.072137,0.577282,4.59396,0.650875,0.398751,0.62385,2.45539,0.19919,0.227969,0,0.846704,0.210955,0,-0.000583917,0.242266,0.963616,0.226923,0.0503444,0.0523413,0.00493933,0.0041573,0.438601,0.0489075,4.69868,-0.562497,10.6189,0.662857,0.632167,-6.71886,-0.333333,0.00133759,-0.0656153,0.593565,18.375,9.33333,0,0,1.29167,7.79167,0,-6.66816,0.0001,-0.00172225,0.0239984,1.72616,0.122882,53164,0.174572,210.35,1.18526
6005,2.45081,0.190364,0.749069,0.330304,0.00473544,4.74426e-05,0.00473544,0.188306,0.174744,0.596613,0.782605,0.0509749,0.0234594,0.0486717,0.229666,0.0477984,0,0.958543,0.0845069,2.16003,0.180348,0,0.0722321,0.580452,4.62887,0.654851,0.405728,0.615391,2.42935,0.201412,0.226501,0,0.851124,0.231853,0,-0.000608096,0.245487,0.964401,0.236635,0.0497985,0.0517545,0.00545349,0.0046264,0.440537,0.0484474,4.56906,-0.361543,10.5987,0.661232,0.623486,-7.04851,-0.333333,0.0016776,-0.0670514,0.607942,14.25,8.70833,0,0,0.833333,7.08333,0,-6.66746,0.0001,-0.00217763,0.0226562,1.72503,0.125582,53119,0.174597,211.74,0.984451
6006,2.40944,0.186414,0.740711,0.331302,0.00474327,5.94039e-05,0.00474327,0.186884,0.172706,0.598289,0.773883,0.0514208,0.0227968,0.0490313,0.227887,0.0463344,0,0.949666,0.0821227,2.11905,0.181016,0,0.0732888,0.581193,4.6212,0.653942,0.404729,0.617727,2.43351,0.196973,0.224683,0,0.844,0.219001,0,-0.000503119,0.244347,0.964602,0.234152,0.0501253,0.0522052,0.00519374,0.00444611,0.441762,0.048768,4.6852,-0.141154,10.7186,0.656302,0.623386,-7.13186,-0.333333,0.00207169,-0.0665356,0.605918,10.4167,6.08333,0,0,0.291667,5.83333,0,-6.66475,0.0001,-0.00146242,0.0266054,1.73955,0.124768,52729,0.174646,210.71,1.15315
6007,2.42603,0.179689,0.691559,0.330719,0.00481098,5.55467e-05,0.00481098,0.183987,0.163266,0.598038,0.72401,0.0519531,0.0217978,0.0495711,0.228456,0.0461437,0,0.938473,0.0747761,2.1238,0.181559,0,0.0727544,0.575584,4.58244,0.64863,0.396262,0.626467,2.47078,0.190305,0.225232,0,0.812984,0.193425,0,-0.000467715,0.241149,0.965039,0.224781,0.0506209,0.052733,0.00480152,0.00411272,0.435566,0.0493054,4.6903,-0.147111,10.6823,0.657404,0.626581,-6.97639,-0.333333,0.00197359,-0.0646185,0.560569,9.25,5.25,0,0,0.291667,4.58333,0,-6.66348,0.0001,-0.00158949,0.0306001,1.66904,0.122101,54883,0.174679,208.5,0.921127
6008,2.37149,0.175511,0.66374,0.319404,0.00488277,2.55747e-05,0.00488277,0.173987,0.159188,0.6001,0.692688,0.0516252,0.022808,0.0494253,0.231842,0.0523146,0,0.941538,0.0704289,2.14625,0.193176,0,0.0737703,0.563506,4.56196,0.64725,0.387245,0.632215,2.48908,0.184071,0.229288,0,0.785478,0.151638,0,-0.00050765,0.255658,0.96303,0.21365,0.050957,0.0527308,0.0055468,0.00471355,0.43671,0.049516,4.73118,-0.868347,10.4705,0.669494,0.641338,-6.26928,-0.333333,0.000903426,-0.0602391,0.539085,10.2083,5.54167,0,0,0.416667,3.45833,0,-6.66342,0.0001,-0.00258432,0.0349059,1.68084,0.128985,54316,0.174654,206.91,0.850044
6009,2.38863,0.180118,0.691153,0.327698,0.00486347,5.75841e-05,0.00486347,0.179979,0.165212,0.603821,0.712407,0.0520458,0.0225763,0.0497421,0.233122,0.0477855,0,0.948651,0.0728128,2.13433,0.185147,0,0.0731159,0.563266,4.5611,0.64618,0.389659,0.631208,2.48368,0.18757,0.230257,0,0.786825,0.142643,0,-0.000453228,0.247479,0.964,0.216789,0.0510355,0.0530182,0.00548666,0.00471161,0.441246,0.0496487,4.95032,-0.488494,10.5593,0.66411,0.636203,-6.58824,-0.333333,0.00195288,-0.0625155,0.560249,12.625,6.20833,0,0,0.541667,4.83333,0,-6.66662,0.0001,-0.00110877,0.0438012,1.62415,0.124483,56217,0.174626,206.8,0.949342
6010,2.40975,0.179225,0.672393,0.325048,0.00488666,3.42877e-05,0.00488666,0.178462,0.161593,0.595653,0.693962,0.0522838,0.0216246,0.0499269,0.232011,0.0495144,0,0.938671,0.0706079,2.12169,0.193726,0,0.0748765,0.564041,4.54987,0.644842,0.386723,0.634011,2.50111,0.185854,0.228916,0,0.783963,0.128881,0,-0.000421411,0.248565,0.964688,0.213443,0.0511815,0.053201,0.00469571,0.00392008,0.439676,0.0498063,5.06061,-0.282817,10.6154,0.660391,0.637111,-6.67247,-0.333333,0.00120075,-0.0616052,0.541023,15.0417,7.70833,0,0,0.583333,7.33333,0,-6.66768,0.0001,-0.00244934,0.0431945,1.63374,0.129435,55754,0.174649,207.82,0.975178
6011,2.41171,0.183975,0.708699,0.330489,0.0048278,4.46459e-05,0.0048278,0.18527,0.168582,0.601017,0.732819,0.051817,0.0229431,0.0494797,0.2328,0.0465074,0,0.953228,0.0763622,2.12256,0.180425,0,0.0725862,0.571265,4.58796,0.64955,0.394129,0.626925,2.46645,0.192016,0.229701,0,0.820466,0.180561,0,-0.000446985,0.246132,0.964534,0.223018,0.0506889,0.0527539,0.00565086,0.0048591,0.442516,0.0493231,5.00436,-0.371078,10.6083,0.660438,0.62962,-6.76214,-0.333333,0.00153004,-0.064747,0.574046,18.2083,9.95833,0,0,0.375,7.875,0,-6.66551,0.0001,-0.00257265,0.0373898,1.63834,0.124564,55762,0.1747,207.58,0.991053
6012,2.41411,0.189413,0.728966,0.334724,0.00480202,6.36196e-05,0.00480202,0.187805,0.17225,0.600431,0.752634,0.0516403,0.0221454,0.0492788,0.232869,0.047951,0,0.959317,0.0787909,2.1369,0.182564,0,0.0731501,0.572478,4.59758,0.650632,0.397346,0.62347,2.45359,0.197093,0.22978,0,0.851693,0.179923,0,-0.000468767,0.246628,0.96505,0.22757,0.0504291,0.0524837,0.00558439,0.00480397,0.443409,0.0491152,4.94977,-0.270841,10.6169,0.658676,0.62737,-6.94748,-0.333333,0.00219506,-0.0660365,0.591788,17.8333,10.0417,0,0,0.791667,8.375,0,-6.66409,0.0001,-0.00217711,0.0308575,1.8198,0.128218,50463,0.174711,211.04,1.25329
6013,2.53557,0.188851,0.738342,0.334904,0.00476441,4.66015e-05,0.00476441,0.185849,0.173616,0.598766,0.76843,0.0517728,0.0223185,0.0493219,0.231168,0.0477845,0,0.957025,0.0806446,2.12169,0.183375,0,0.0739377,0.578332,4.59946,0.651301,0.402066,0.620163,2.43598,0.198253,0.22772,0,0.863147,0.208365,0,-0.000530249,0.246275,0.965368,0.230608,0.0503354,0.0524997,0.00572434,0.00491541,0.44278,0.0490116,5.01302,-0.00513398,10.7431,0.655229,0.625536,-7.16067,-0.333333,0.0016272,-0.0657344,0.599271,17.7917,10.7083,0,0,0.625,8.16667,0,-6.66244,0.0001,-0.00144731,0.0236928,1.76829,0.123698,51958,0.174718,208.99,1.02846
6014,2.48871,0.192478,0.764116,0.331956,0.00471319,3.66873e-05,0.00471319,0.190923,0.177837,0.5964,0.801606,0.0510458,0.0228333,0.0486531,0.228162,0.048644,0,0.955924,0.087282,2.14053,0.184066,0,0.0735281,0.582367,4.6435,0.657247,0.408507,0.611691,2.41025,0.20361,0.224833,0,0.869008,0.270425,0,-0.000611667,0.244781,0.965372,0.239579,0.0496697,0.0516988,0.00542428,0.00458551,0.445501,0.0483424,4.92686,-0.195713,10.6549,0.656081,0.620204,-7.22746,-0.333333,0.00132304,-0.0681782,0.624234,13.8333,8.375,0,0,0.958333,6.79167,0,-6.66021,0.0001,-0.00109835,0.0238162,1.64524,0.120372,55676,0.174739,212.68,1.50843
6015,2.45769,0.182363,0.699734,0.322927,0.00484344,4.07647e-05,0.00484344,0.180399,0.16666,0.600642,0.726908,0.0518146,0.022642,0.0494758,0.230886,0.0507536,0,0.943032,0.0763349,2.1153,0.189107,0,0.0737363,0.577171,4.57625,0.648192,0.392169,0.629804,2.47755,0.190094,0.227973,0,0.794397,0.198018,0,-0.000507576,0.25525,0.964583,0.220432,0.0506737,0.0527421,0.00628294,0.00548945,0.445816,0.0493604,5.06627,-0.461088,10.5459,0.662882,0.630704,-6.66076,-0.333333,0.00142421,-0.0629305,0.567318,11.4583,6.08333,0,0,0.458333,4.125,0,-6.65734,0.0001,-0.00228027,0.0268751,1.60269,0.12059,57044,0.17477,206.51,0.962357
6016,2.41052,0.184216,0.720782,0.322032,0.00481409,2.99915e-05,0.00481409,0.180759,0.170015,0.598846,0.749679,0.0512404,0.023126,0.0489855,0.228001,0.0499277,0,0.938994,0.0791821,2.14283,0.188695,0,0.0727874,0.574483,4.60517,0.651497,0.395881,0.625132,2.46205,0.194657,0.225282,0,0.836199,0.198861,0,-0.000531321,0.247069,0.963954,0.223936,0.050333,0.0521694,0.00481378,0.00395094,0.439875,0.0489145,4.85731,-0.739329,10.4629,0.666136,0.630169,-6.62043,-0.333333,0.00104314,-0.06366,0.584662,9.83333,6.04167,0,0,0.458333,3.875,0,-6.65434,0.0001,-0.001678,0.0310339,1.58619,0.116071,57749,0.174751,208.12,1.01043
6017,2.44857,0.178674,0.683731,0.324795,0.00486016,4.88745e-05,0.00486016,0.178452,0.162993,0.604144,0.713773,0.0519311,0.0222343,0.0496079,0.231844,0.0491581,0,0.945195,0.0738473,2.16602,0.187648,0,0.074091,0.564092,4.5583,0.646255,0.390051,0.631306,2.4916,0.188621,0.229017,0,0.762527,0.168002,0,-0.000492764,0.251275,0.963943,0.218252,0.0508889,0.0529159,0.00566599,0.00481103,0.439656,0.0494963,4.96254,-0.47669,10.6108,0.663075,0.637292,-6.55768,-0.333333,0.0017108,-0.0620889,0.561432,11.5417,5.83333,0,0,0.75,4,0,-6.6541,0.0001,-0.00219264,0.0404861,1.58421,0.114434,57872,0.174742,208.48,1.11471
6018,2.42638,0.180324,0.693402,0.322366,0.00489045,3.64189e-05,0.00489045,0.179322,0.166283,0.597082,0.721405,0.0519049,0.0224447,0.0496369,0.233669,0.049085,0,0.946601,0.0755873,2.11463,0.191472,0,0.0740444,0.565837,4.56008,0.645985,0.38628,0.630824,2.49356,0.188784,0.230905,0,0.782038,0.184569,0,-0.000438261,0.248398,0.963577,0.213584,0.05111,0.0529842,0.0054209,0.00456254,0.440484,0.0497029,5.22631,-0.686957,10.5015,0.66729,0.639803,-6.3909,-0.333333,0.00125409,-0.06201,0.555878,13.5417,7,0,0,0.541667,5.66667,0,-6.65335,0.0001,-0.00199522,0.0404256,1.5495,0.115049,59057,0.174734,203.26,0.926472
6019,2.42343,0.181232,0.69502,0.327366,0.00487305,4.54776e-05,0.00487305,0.181356,0.166255,0.602505,0.717963,0.0520815,0.0224853,0.0497612,0.232682,0.0489225,0,0.946379,0.0740277,2.13842,0.186152,0,0.0734152,0.566121,4.5463,0.644267,0.388492,0.633257,2.50078,0.188313,0.230045,0,0.79186,0.181544,0,-0.000439664,0.247666,0.96429,0.21663,0.0511163,0.053105,0.00552648,0.00471232,0.436183,0.0496997,5.06048,-0.538122,10.5611,0.664786,0.634877,-6.50484,-0.333333,0.00157227,-0.06288,0.565014,16.0833,7.875,0,0,1.08333,5.70833,0,-6.65306,0.0001,-0.00230436,0.0389322,1.53401,0.116021,59577,0.174711,206.04,1.10956
6020,2.43232,0.191447,0.728391,0.332979,0.00482023,4.40749e-05,0.00482023,0.188812,0.17357,0.604487,0.751993,0.0515429,0.0235439,0.0492279,0.232562,0.0466749,0,0.955037,0.0783793,2.13443,0.182255,0,0.0726331,0.575971,4.58941,0.650093,0.39506,0.625871,2.46238,0.199446,0.230021,0,0.85335,0.162918,0,-0.000538618,0.241118,0.9641,0.223978,0.0505308,0.0525129,0.00537558,0.00452823,0.439721,0.0490898,5.10117,-0.763135,10.5115,0.665642,0.632095,-6.55669,-0.333333,0.00153643,-0.0658611,0.596601,18.9583,10.5,0,0,1.25,6.79167,0,-6.65418,0.0001,-0.00232357,0.0351463,1.5489,0.115585,59059,0.174718,209.08,1.35961
6021,2.45519,0.18801,0.719081,0.332037,0.00482075,4.43302e-05,0.00482075,0.186327,0.170846,0.599885,0.745404,0.0516016,0.0228554,0.049281,0.233091,0.0487624,0,0.956827,0.0785823,2.15137,0.184745,0,0.0731012,0.571334,4.59512,0.650114,0.394996,0.624132,2.4622,0.196313,0.23026,0,0.832095,0.188381,0,-0.000524239,0.245467,0.964387,0.22463,0.0505483,0.0525089,0.00526523,0.00441607,0.439549,0.049111,5.0607,-0.513606,10.5476,0.663483,0.631811,-6.69181,-0.333333,0.00153366,-0.0651444,0.582114,18.7917,10.0833,0,0,0.833333,6.83333,0,-6.65296,0.0001,-0.0016304,0.0329962,1.54805,0.116504,59057,0.174715,207.88,1.26273
6022,2.42568,0.193374,0.757409,0.336207,0.00479944,4.76306e-05,0.00479944,0.191403,0.178732,0.606813,0.78675,0.0514301,0.0233167,0.0491237,0.233309,0.0466534,0,0.962617,0.0843619,2.12747,0.181156,0,0.072265,0.579921,4.60044,0.651762,0.397705,0.622854,2.44819,0.202791,0.230478,0,0.871789,0.230415,0,-0.000585236,0.239408,0.964279,0.227601,0.0503128,0.0522735,0.00503774,0.00416482,0.442819,0.0488902,5.18718,-0.637127,10.4636,0.665739,0.624142,-6.72124,-0.333333,0.00166703,-0.0674027,0.621711,17.5417,8.875,0,0,1.04167,6.54167,0,-6.65312,0.0001,-0.00224153,0.0251171,1.56924,0.117764,58271,0.174708,208.94,1.29112
6023,2.45258,0.190045,0.743581,0.335768,0.00477823,5.88875e-05,0.00477823,0.184903,0.174905,0.596454,0.773421,0.0510968,0.0240432,0.0488336,0.230727,0.0486449,0,0.955684,0.081836,2.14843,0.183395,0,0.0722036,0.577773,4.61558,0.654026,0.400349,0.618843,2.43259,0.200444,0.228049,0,0.845505,0.20479,0,-0.00060058,0.24673,0.964138,0.230356,0.0500921,0.0520056,0.00575491,0.00494702,0.439538,0.0486807,4.91008,-0.873228,10.4173,0.668576,0.626854,-6.63496,-0.333333,0.00199379,-0.0653199,0.599793,13.7083,7.20833,0,0,0.375,4.91667,0,-6.654,0.0001,-0.00252636,0.0262367,1.57686,0.117244,58027,0.174699,210.9,1.19428
6024,2.48223,0.187217,0.713522,0.332547,0.00482642,3.71373e-05,0.00482642,0.186758,0.16869,0.59638,0.745962,0.0514359,0.0233075,0.0491887,0.230697,0.0477239,0,0.947444,0.0791189,2.1478,0.184746,0,0.0719528,0.573809,4.58461,0.6499,0.39436,0.625679,2.46046,0.197443,0.228123,0,0.787487,0.227839,0,-0.000525008,0.239913,0.963788,0.222591,0.0506081,0.0524637,0.00491832,0.00406359,0.441307,0.0491542,5.04152,-0.875352,10.4168,0.668322,0.629382,-6.47488,-0.333333,0.00125516,-0.065459,0.580435,11.9167,6.25,0,0,0.583333,4.04167,0,-6.65475,0.0001,-0.00124491,0.0300997,1.6357,0.123904,55866,0.174698,206.76,1.02065
6025,2.41221,0.184657,0.715976,0.331515,0.00482119,5.16293e-05,0.00482119,0.182682,0.169641,0.600557,0.748463,0.0513871,0.0234707,0.0491538,0.229844,0.0493596,0,0.944641,0.079115,2.1407,0.18349,0,0.0721368,0.575995,4.58172,0.648407,0.39494,0.626786,2.46752,0.19488,0.227322,0,0.82186,0.208524,0,-0.000588872,0.247036,0.964315,0.222463,0.0505413,0.052387,0.00519769,0.00437554,0.438848,0.0490984,4.82716,-0.954032,10.3642,0.669765,0.625266,-6.45438,-0.333333,0.00176051,-0.0639812,0.581299,10.5,5.20833,0,0,0.583333,3.5,0,-6.65339,0.0001,-0.00236487,0.0342961,1.62374,0.119269,56399,0.174681,210.95,1.27182
6026,2.30602,0.180366,0.695895,0.326544,0.00485335,4.49688e-05,0.00485335,0.181973,0.165779,0.601578,0.722758,0.0516483,0.0228723,0.049402,0.232722,0.0484298,0,0.94906,0.0752965,2.14058,0.182619,0,0.0720693,0.564641,4.57365,0.64784,0.390904,0.629219,2.48044,0.188781,0.229999,0,0.782326,0.202492,0,-0.000398922,0.24689,0.964146,0.218419,0.0508756,0.0527609,0.00586047,0.00500083,0.442781,0.0494837,4.97176,-0.789588,10.4527,0.667692,0.634947,-6.46037,-0.333333,0.00151345,-0.063374,0.564887,12.7083,6.20833,0,0,0.375,4.70833,0,-6.65433,0.0001,-0.00195036,0.0403028,1.62906,0.119549,56218,0.174715,205.23,0.928817
6027,2.28407,0.185186,0.705299,0.329247,0.00487588,4.26522e-05,0.00487588,0.180209,0.169321,0.609631,0.727629,0.0518953,0.0225911,0.0495906,0.232386,0.0494406,0,0.943469,0.0748511,2.13565,0.187077,0,0.0735034,0.5684,4.57559,0.646255,0.38835,0.634235,2.49596,0.191731,0.229543,0,0.835028,0.15382,0,-0.00043668,0.252036,0.964041,0.216748,0.0509462,0.0529539,0.00571154,0.00490318,0.441684,0.0495683,5.09678,-0.552058,10.4996,0.665837,0.634087,-6.519,-0.333333,0.00147493,-0.0623631,0.583566,14.4167,6.25,0,0,0.166667,5.625,0,-6.65312,0.0001,-0.00247847,0.0425498,1.5777,0.120178,57898,0.174737,206.64,1.05471
6028,2.44431,0.175533,0.668092,0.32473,0.00486185,3.37307e-05,0.00486185,0.179527,0.159528,0.599644,0.687831,0.0523885,0.0214288,0.0499305,0.231477,0.0493569,0,0.941193,0.0693371,2.13439,0.19255,0,0.0762037,0.564451,4.5544,0.64535,0.389857,0.631412,2.4864,0.182758,0.228306,0,0.764326,0.154794,0,-0.000418834,0.249439,0.964417,0.218397,0.0510357,0.0532529,0.00489699,0.00413072,0.441132,0.0496664,5.31746,0.0195556,10.7845,0.655951,0.640537,-6.87055,-0.333333,0.00116601,-0.062358,0.545471,16.2917,9.16667,0,0,0.875,6.95833,0,-6.65292,0.0001,-0.00162644,0.0397581,1.60625,0.117367,57033,0.174745,205.14,0.843215
6029,2.42118,0.181948,0.702891,0.328026,0.00481745,4.63513e-05,0.00481745,0.185251,0.166282,0.601487,0.730922,0.0516198,0.0223065,0.0492668,0.231903,0.0476217,0,0.951044,0.076325,2.14656,0.18496,0,0.0733821,0.573394,4.60145,0.650984,0.395447,0.623838,2.45458,0.190819,0.228657,0,0.812878,0.203805,0,-0.0004862,0.245224,0.964829,0.226035,0.0504368,0.0524843,0.00525775,0.00442787,0.442375,0.0490768,5.12606,-0.341151,10.586,0.661063,0.628762,-6.84552,-0.333333,0.00160201,-0.0650471,0.571226,17.9167,8.66667,0,0,0.333333,8.125,0,-6.65215,0.0001,-0.00119655,0.0349605,1.52673,0.115401,59863,0.174775,208.8,1.04543
6030,2.37968,0.186022,0.726537,0.327685,0.0047866,3.82236e-05,0.0047866,0.188444,0.171472,0.598929,0.753286,0.0513687,0.0232244,0.0490564,0.231356,0.0465005,0,0.955399,0.0793348,2.13593,0.178221,0,0.0716294,0.578406,4.60871,0.651067,0.399282,0.624991,2.45493,0.1951,0.22842,0,0.851956,0.197245,0,-0.000555091,0.242333,0.964616,0.228943,0.0503148,0.0522774,0.00582059,0.00498087,0.445013,0.0489279,5.06493,-0.563481,10.5102,0.663264,0.622824,-6.77075,-0.333333,0.00131141,-0.0663817,0.590575,18.0417,8.41667,0,0,0.625,7.20833,0,-6.65144,0.0001,-0.00213025,0.0298012,1.54459,0.114882,59237,0.174799,211.46,1.28004
6031,2.43576,0.187581,0.738523,0.329014,0.00477252,3.66319e-05,0.00477252,0.185011,0.173367,0.599136,0.770288,0.0509943,0.0239139,0.0487403,0.230591,0.0506797,0,0.956381,0.0823491,2.13957,0.185921,0,0.0730986,0.578082,4.61291,0.653198,0.401063,0.620284,2.4413,0.19893,0.22776,0,0.827784,0.2146,0,-0.000624046,0.248975,0.964462,0.230566,0.0500182,0.0518849,0.0061397,0.00530639,0.442781,0.0486272,4.95721,-0.733036,10.4288,0.66744,0.624559,-6.7222,-0.333333,0.00126456,-0.0654445,0.593421,15.25,7.625,0,0,0.791667,6.04167,0,-6.64886,0.0001,-0.00269593,0.026609,1.54847,0.114849,59100,0.174835,210.72,1.22651
6032,2.44527,0.186387,0.728725,0.326978,0.00474211,4.36137e-05,0.00474211,0.18389,0.169824,0.597629,0.767283,0.050888,0.0234964,0.0486061,0.228406,0.050562,0,0.953685,0.0824451,2.17997,0.187551,0,0.074032,0.577467,4.63444,0.654906,0.404931,0.616449,2.42693,0.19862,0.225569,0,0.808591,0.255226,0,-0.000638581,0.25043,0.964146,0.236422,0.0497485,0.0517313,0.00528904,0.00443437,0.438934,0.0483264,4.87469,-0.676057,10.5058,0.665321,0.627969,-6.83736,-0.333333,0.0015331,-0.0655951,0.591701,13.7917,7.16667,0,0,0.75,4.91667,0,-6.6465,0.0001,-0.00189682,0.0253374,1.52139,0.115591,60051,0.174814,211.13,1.10326
6033,2.34143,0.191687,0.752596,0.338216,0.0048267,5.99598e-05,0.0048267,0.189916,0.178288,0.603126,0.778926,0.051509,0.0239096,0.0492917,0.231751,0.0449886,0,0.952093,0.0828665,2.12389,0.176389,0,0.0705715,0.574064,4.57944,0.649255,0.394274,0.62877,2.46983,0.200757,0.229187,0,0.860391,0.225307,0,-0.000558136,0.23951,0.964301,0.222668,0.0506889,0.0525216,0.00539508,0.00461413,0.438216,0.0492468,4.8305,-0.959852,10.3382,0.671432,0.625129,-6.42393,-0.333333,0.00205119,-0.0666189,0.614197,12.75,5.875,0,0,0.416667,4.41667,0,-6.64637,0.0001,-0.0019313,0.0306355,1.54414,0.115333,59238,0.174794,207.77,1.1432
6034,2.43556,0.185047,0.728215,0.322949,0.00483263,3.93229e-05,0.00483263,0.185978,0.172435,0.595632,0.758028,0.0514437,0.023736,0.049225,0.230233,0.0485781,0,0.945608,0.0806312,2.1524,0.186141,0,0.0724539,0.571646,4.58503,0.648378,0.393563,0.627788,2.47594,0.193773,0.227579,0,0.83961,0.199866,0,-0.000561,0.244849,0.963808,0.222425,0.0505712,0.0524227,0.00479909,0.00396927,0.437177,0.0490948,4.95976,-0.869121,10.4123,0.669034,0.629928,-6.45081,-0.333333,0.00137683,-0.0653214,0.585976,12.3333,5.16667,0,0,0.416667,3.83333,0,-6.64697,0.0001,-0.00156938,0.0356478,1.52464,0.115935,59920,0.174781,205.35,0.995157
6035,2.33144,0.1803,0.682591,0.324418,0.00487325,3.93066e-05,0.00487325,0.178818,0.163951,0.603929,0.705551,0.0515197,0.0237951,0.0493209,0.233091,0.0515702,0,0.947515,0.0725288,2.15169,0.19367,0,0.0735067,0.562777,4.55978,0.646286,0.388407,0.633675,2.49502,0.187415,0.230633,0,0.793585,0.155038,0,-0.000436123,0.25438,0.963405,0.215097,0.0509195,0.0527108,0.00591784,0.00506153,0.43901,0.0494837,5.11175,-1.05957,10.3672,0.671535,0.63679,-6.23159,-0.333333,0.00134045,-0.0619073,0.55448,13.875,6.08333,0,0,0.458333,4.45833,0,-6.6437,0.0001,-0.0022989,0.0394446,1.53378,0.114773,59630,0.174863,206.45,1.09965
6036,2.40879,0.176454,0.673862,0.327232,0.00487898,5.96466e-05,0.00487898,0.176664,0.161718,0.607454,0.700829,0.0520205,0.0228033,0.0497169,0.233097,0.0499479,0,0.944908,0.0714743,2.13691,0.190861,0,0.07446,0.561319,4.55334,0.644776,0.387687,0.634913,2.50303,0.184552,0.230311,0,0.77727,0.153202,0,-0.000433991,0.252338,0.96335,0.21378,0.0511014,0.0530632,0.00520223,0.00436023,0.43589,0.049648,5.07535,-0.616328,10.5686,0.665667,0.643125,-6.45882,-0.333333,0.00203747,-0.0611318,0.558849,15.9167,7.66667,0,0,0.583333,5.41667,0,-6.63776,0.0001,-0.00181917,0.0362625,1.5378,0.11454,59493,0.174926,205.57,1.1589
6037,2.43454,0.182533,0.701479,0.330522,0.00485785,6.57731e-05,0.00485785,0.183787,0.167317,0.604027,0.727783,0.0519546,0.0227603,0.0496196,0.233538,0.0463633,0,0.951931,0.0754577,2.1613,0.183171,0,0.0733484,0.563351,4.56695,0.646602,0.390457,0.629357,2.48567,0.191187,0.23062,0,0.803729,0.170962,0,-0.000459424,0.244268,0.963941,0.219784,0.0509068,0.0529148,0.0048363,0.0040005,0.432985,0.049449,5.07102,-0.471994,10.5805,0.663768,0.637126,-6.6417,-0.333333,0.00225204,-0.0639814,0.575154,16.5417,8.33333,0,0,0.541667,6.25,0,-6.63652,0.0001,-0.00207238,0.0371862,1.54237,0.118492,59188,0.174963,208.81,1.1979
6038,2.38665,0.185969,0.721131,0.333438,0.00479953,5.33164e-05,0.00479953,0.187121,0.170241,0.603171,0.747326,0.0519189,0.0228426,0.0495515,0.231676,0.0464598,0,0.953927,0.0788935,2.15508,0.176868,0,0.0723747,0.57138,4.58793,0.648729,0.397658,0.626274,2.46859,0.195233,0.228541,0,0.80316,0.227989,0,-0.000476176,0.242935,0.964722,0.226723,0.050705,0.0527984,0.00549396,0.00466953,0.436984,0.0493026,4.94842,-0.266089,10.6475,0.659671,0.628731,-6.91681,-0.333333,0.00184733,-0.0657411,0.593019,17.125,9,0,0,0.875,7.45833,0,-6.63496,0.0001,-0.00219344,0.0314813,1.52559,0.11652,59864,0.174989,207.53,0.966144
6039,2.46918,0.189427,0.745217,0.335295,0.00476964,6.47542e-05,0.00476964,0.185884,0.174881,0.596116,0.774489,0.0514987,0.0224844,0.049115,0.231306,0.0485828,0,0.957901,0.0832047,2.14176,0.185893,0,0.0745496,0.577612,4.61052,0.651952,0.40141,0.620249,2.44817,0.199243,0.227934,0,0.832084,0.229972,0,-0.000527552,0.247543,0.964766,0.23115,0.0502298,0.0522748,0.00535804,0.00452935,0.440185,0.0488941,5.0584,-0.206599,10.6693,0.657445,0.626098,-7.06699,-0.333333,0.00230406,-0.0658205,0.606625,15.6667,8.79167,0,0,0.583333,6.5,0,-6.63551,0.0001,-0.00207738,0.0282578,1.53228,0.117034,59602,0.174947,212.4,1.27491
6040,2.40282,0.190852,0.745349,0.331521,0.00474119,6.137e-05,0.00474119,0.188899,0.173897,0.600484,0.778397,0.0512176,0.0231764,0.0488734,0.230753,0.0482686,0,0.96204,0.0843863,2.16375,0.181725,0,0.0734049,0.573371,4.62638,0.653727,0.404981,0.616965,2.43672,0.201115,0.227492,0,0.847204,0.261681,0,-0.000489824,0.245382,0.964799,0.23545,0.0501001,0.0520612,0.00540031,0.00456105,0.439613,0.048731,4.85661,-0.288528,10.6398,0.657893,0.622504,-7.08916,-0.333333,0.00217479,-0.067253,0.613255,15.625,8.375,0,0,0.75,6.875,0,-6.63939,0.0001,-0.00210957,0.0281181,1.53873,0.118663,59312,0.174908,213.02,1.60796
6041,2.37197,0.183253,0.71429,0.330569,0.00479212,4.83461e-05,0.00479212,0.183674,0.168372,0.601383,0.743726,0.0515202,0.0229733,0.0492163,0.228362,0.0476457,0,0.941744,0.0776636,2.1112,0.184426,0,0.0728567,0.576341,4.60705,0.651452,0.398588,0.624738,2.45896,0.192651,0.225209,0,0.826473,0.196242,0,-0.000451114,0.244746,0.964928,0.227054,0.0505487,0.0524364,0.0050751,0.00424476,0.437903,0.0491768,4.93517,-0.478918,10.5377,0.660671,0.618727,-6.83684,-0.333333,0.0016941,-0.0648369,0.583836,13.625,6.41667,0,0,0.666667,6.33333,0,-6.64343,0.0001,-0.00192073,0.0280931,1.53686,0.114318,59535,0.174859,210.4,1.07524
6042,2.33169,0.186264,0.717095,0.334102,0.0048115,5.79574e-05,0.0048115,0.183877,0.169209,0.606183,0.745946,0.051419,0.0232985,0.049167,0.229611,0.0474621,0,0.946338,0.078861,2.14392,0.184685,0,0.0727125,0.575229,4.59245,0.649317,0.396202,0.627021,2.47001,0.195512,0.226839,0,0.812783,0.194231,0,-0.000563437,0.246497,0.964164,0.226361,0.0504171,0.052348,0.00494304,0.00418533,0.435351,0.0490066,4.73147,-0.707817,10.4187,0.666845,0.621317,-6.63029,-0.333333,0.00205392,-0.0647023,0.588803,11.875,5.75,0,0,0.416667,4.66667,0,-6.64818,0.0001,-0.00234317,0.0312156,1.53311,0.116452,59593,0.17481,207.86,0.920086
6043,2.4148,0.185113,0.714317,0.332417,0.00482114,5.09602e-05,0.00482114,0.181849,0.169324,0.603053,0.736309,0.0514234,0.0238891,0.0491803,0.231386,0.047485,0,0.950423,0.0767478,2.1309,0.18384,0,0.0721152,0.568775,4.57917,0.648226,0.394979,0.628337,2.48009,0.192358,0.228789,0,0.811323,0.178487,0,-0.000506813,0.247348,0.963289,0.223156,0.0506015,0.0524959,0.0050187,0.00423439,0.434119,0.0491443,4.8305,-0.967339,10.4134,0.669066,0.631248,-6.43479,-0.333333,0.00173349,-0.0636923,0.58379,14.2083,6.33333,0,0,0.0833333,4.16667,0,-6.65109,0.0001,-0.00173143,0.0327205,1.54663,0.115128,59156,0.174784,206.27,1.11563
6044,2.31267,0.180905,0.694714,0.327227,0.00487654,5.11832e-05,0.00487654,0.177205,0.166345,0.598971,0.719578,0.0513589,0.0240228,0.0492189,0.232414,0.0502026,0,0.946252,0.0747927,2.15337,0.189437,0,0.0723466,0.564501,4.56156,0.645631,0.388033,0.632715,2.49482,0.18894,0.230222,0,0.79755,0.179142,0,-0.000479702,0.255599,0.962818,0.21652,0.0508205,0.0526047,0.00524568,0.00442581,0.430054,0.0493335,4.75507,-1.27001,10.2666,0.675449,0.630136,-6.07324,-0.333333,0.00176622,-0.0614816,0.564187,14.75,6.20833,0,0,0.416667,4.08333,0,-6.65265,0.0001,-0.00137365,0.0351651,1.54296,0.114712,59302,0.174815,204.57,0.849779
6045,2.33068,0.189082,0.71794,0.338747,0.00484708,7.0514e-05,0.00484708,0.183728,0.171311,0.599238,0.742692,0.0515404,0.0236055,0.0492996,0.234466,0.0482382,0,0.95849,0.0777957,2.15388,0.185799,0,0.0730881,0.569632,4.57791,0.648312,0.391691,0.627451,2.47499,0.196863,0.232048,0,0.822939,0.177989,0,-0.00047831,0.246847,0.963372,0.220811,0.0507007,0.052628,0.00492106,0.0041149,0.434424,0.0492266,5.0051,-0.890157,10.4155,0.66817,0.632452,-6.37868,-0.333333,0.00243244,-0.0639774,0.579543,15.2083,6.33333,0,0,0.625,5.58333,0,-6.6505,0.0001,-0.00202768,0.0350098,1.6338,0.118868,56088,0.174848,207.01,1.09981
6046,2.3967,0.188629,0.728101,0.3366,0.00482258,6.99054e-05,0.00482258,0.183462,0.172853,0.601776,0.754391,0.0513733,0.0237431,0.0491473,0.232515,0.048465,0,0.954891,0.0788573,2.15788,0.182385,0,0.0720968,0.569544,4.59032,0.649961,0.394817,0.625359,2.47184,0.197542,0.229887,0,0.843086,0.183549,0,-0.00045915,0.249128,0.963554,0.223842,0.050627,0.0524999,0.00550757,0.00465895,0.437324,0.0491821,4.95558,-0.842021,10.4506,0.667297,0.628312,-6.46565,-0.333333,0.00239998,-0.0642534,0.591431,16.3333,7.29167,0,0,0.333333,5.5,0,-6.65115,0.0001,-0.00285066,0.0342159,1.56517,0.115952,58475,0.174823,207.44,1.13639
6047,2.40884,0.189017,0.729031,0.332777,0.00481237,5.59392e-05,0.00481237,0.185022,0.172514,0.60383,0.755164,0.0513559,0.0236358,0.0491056,0.232011,0.0468897,0,0.953661,0.0805739,2.15931,0.18431,0,0.0729939,0.572423,4.59414,0.649656,0.396047,0.626035,2.47101,0.197589,0.229124,0,0.803559,0.205529,0,-0.000492264,0.24927,0.963879,0.226998,0.0503868,0.0523579,0.00560476,0.00474069,0.43928,0.0489855,5.10386,-0.681659,10.4549,0.665797,0.625075,-6.61533,-0.333333,0.00197755,-0.0649036,0.598513,16.9167,7.5,0,0,0.5,6.20833,0,-6.65461,0.0001,-0.00243496,0.0342232,1.60767,0.119009,56932,0.174822,210.3,1.20043
6048,2.44462,0.188806,0.737976,0.333332,0.00479074,5.77246e-05,0.00479074,0.187237,0.173805,0.596044,0.759327,0.051442,0.0225601,0.0490986,0.232232,0.0468831,0,0.958333,0.0797017,2.14861,0.185849,0,0.0743962,0.570065,4.60678,0.651366,0.398771,0.620643,2.45428,0.195792,0.228995,0,0.855059,0.205144,0,-0.000456155,0.244805,0.964262,0.230467,0.0502569,0.0522995,0.00507404,0.00421853,0.437972,0.0489029,5.15832,-0.348887,10.609,0.660111,0.628142,-6.93503,-0.333333,0.00204829,-0.0661134,0.596204,15.0833,8.16667,0,0,0.75,6.79167,0,-6.65558,0.0001,-0.00239341,0.0313418,1.57649,0.117312,58037,0.17482,207.64,0.969394
6049,2.3845,0.183754,0.727355,0.325405,0.00478682,5.82943e-05,0.00478682,0.181762,0.170934,0.599806,0.757596,0.0512624,0.0229504,0.0489598,0.230259,0.048521,0,0.951587,0.0805702,2.15122,0.183078,0,0.0733203,0.572074,4.61193,0.651349,0.399378,0.621318,2.45024,0.194018,0.227113,0,0.835261,0.217648,0,-0.000439756,0.250276,0.964171,0.230661,0.0502375,0.0522117,0.00523249,0.00434713,0.436688,0.0488573,4.89976,-0.469554,10.5402,0.66313,0.627622,-6.85786,-0.333333,0.00202215,-0.0642533,0.593558,15.5417,8.625,0,0,0.958333,7.20833,0,-6.65675,0.0001,-0.00236428,0.0286102,1.58273,0.118239,57792,0.174838,209.31,1.03122
6050,2.44357,0.189755,0.745716,0.33673,0.0047798,5.72706e-05,0.0047798,0.188484,0.174971,0.603368,0.778852,0.0516563,0.0226321,0.0492643,0.231899,0.0457383,0,0.959564,0.0839859,2.15346,0.178001,0,0.0734489,0.573249,4.60475,0.65088,0.400134,0.620822,2.44698,0.199242,0.22859,0,0.833731,0.254204,0,-0.000500087,0.244881,0.96475,0.23079,0.0503079,0.052418,0.00524546,0.00440193,0.434235,0.0489525,4.91732,-0.158053,10.6765,0.657878,0.622983,-7.04036,-0.333333,0.00201683,-0.0667321,0.611714,12.7917,7.16667,0,0,0.5,5.91667,0,-6.65413,0.0001,-0.0026666,0.0292737,1.57977,0.117537,57917,0.17486,210.55,1.20261
6051,2.35906,0.183688,0.71464,0.331072,0.00482162,5.6781e-05,0.00482162,0.182585,0.169063,0.597725,0.741726,0.0513885,0.0235556,0.0491338,0.230931,0.0479697,0,0.948036,0.078054,2.15131,0.186932,0,0.073725,0.571408,4.59706,0.649664,0.395003,0.625212,2.46713,0.192347,0.228085,0,0.801154,0.195432,0,-0.000582643,0.245369,0.963947,0.226249,0.0503651,0.0522707,0.00516566,0.00430825,0.436415,0.0489552,5.06767,-0.708269,10.4536,0.665871,0.630295,-6.61111,-0.333333,0.00200661,-0.0640914,0.580761,11.4583,6.125,0,0,0.541667,5.45833,0,-6.65237,0.0001,-0.00251247,0.0308052,1.55173,0.117005,58909,0.17486,208.56,1.12746
6052,2.39967,0.185513,0.716773,0.335636,0.00481795,6.7618e-05,0.00481795,0.18577,0.169332,0.600427,0.745059,0.0518092,0.0223057,0.0494729,0.232119,0.0458177,0,0.951918,0.0782193,2.13528,0.180456,0,0.0730407,0.572431,4.58466,0.649538,0.395393,0.625694,2.46219,0.194718,0.228796,0,0.823165,0.204559,0,-0.000477196,0.244656,0.964696,0.2254,0.0505844,0.052639,0.0051092,0.00425302,0.435694,0.0492135,5.18573,-0.246348,10.6082,0.659455,0.622693,-6.91017,-0.333333,0.0023383,-0.065193,0.583396,13.625,7.375,0,0,0.458333,6.375,0,-6.65507,0.0001,-0.00212254,0.0333312,1.54796,0.115534,59094,0.174847,208.96,1.08558
6053,2.3632,0.183274,0.69769,0.329686,0.00483202,4.46573e-05,0.00483202,0.180382,0.165417,0.594212,0.722215,0.0516246,0.0226795,0.0492843,0.232675,0.050136,0,0.951351,0.0749409,2.1577,0.189114,0,0.0751748,0.565656,4.58944,0.649575,0.393581,0.624479,2.46831,0.190933,0.229466,0,0.791523,0.190052,0,-0.000461184,0.252617,0.964762,0.223646,0.0505369,0.0525415,0.00544099,0.00454691,0.438383,0.0491794,5.17141,-0.347504,10.6011,0.660137,0.632447,-6.78687,-0.333333,0.00156403,-0.0631355,0.56889,12.4167,6.33333,0,0,0.541667,5.58333,0,-6.65897,0.0001,-0.00180236,0.0339751,1.55437,0.116713,58826,0.174805,207.22,1.0017
6054,2.40047,0.183435,0.711053,0.330731,0.00482829,6.71328e-05,0.00482829,0.185027,0.168744,0.602638,0.738563,0.0518756,0.0226118,0.0495198,0.232666,0.0469966,0,0.952584,0.0771468,2.1351,0.183252,0,0.0738363,0.568764,4.58281,0.64847,0.394066,0.625793,2.4681,0.191358,0.229471,0,0.821602,0.192464,0,-0.000467233,0.246124,0.964514,0.22421,0.0506315,0.0527421,0.00495627,0.00409895,0.436274,0.0492428,5.24077,-0.30968,10.6165,0.659736,0.629657,-6.80637,-0.333333,0.00233391,-0.0647456,0.579303,14.5417,7.04167,0,0,0.333333,6.625,0,-6.66036,0.0001,-0.00198484,0.0406657,1.57526,0.116383,58111,0.174818,208.69,1.19614
6055,2.41799,0.184819,0.721671,0.332521,0.00480599,6.50977e-05,0.00480599,0.185616,0.170179,0.603763,0.745346,0.0517418,0.0227644,0.0493755,0.232773,0.0472991,0,0.957088,0.0782693,2.13692,0.182154,0,0.0734877,0.571741,4.58999,0.648835,0.396903,0.625254,2.46657,0.192463,0.229441,0,0.823126,0.221094,0,-0.000462883,0.24572,0.964673,0.226984,0.0505168,0.052608,0.00541532,0.00456396,0.435854,0.0491643,5.23443,-0.258455,10.6169,0.658805,0.625742,-6.92224,-0.333333,0.00230346,-0.065459,0.590493,15.9167,8.16667,0,0,0.583333,7.375,0,-6.65834,0.0001,-0.0024207,0.0365502,1.5759,0.116428,58087,0.174839,208.29,1.18079
6056,2.44348,0.184653,0.711201,0.335163,0.00481134,5.97739e-05,0.00481134,0.184616,0.16814,0.60099,0.733528,0.051843,0.0228129,0.0494562,0.233371,0.0479959,0,0.957169,0.0760896,2.12498,0.183416,0,0.0738569,0.572046,4.58578,0.649078,0.396176,0.625391,2.46698,0.191982,0.230018,0,0.81985,0.180548,0,-0.000460974,0.245822,0.964789,0.224277,0.0506308,0.0526684,0.00527904,0.00436854,0.437238,0.049261,5.33528,-0.216656,10.6168,0.658747,0.627901,-6.95326,-0.333333,0.00207734,-0.0648409,0.582475,14.7917,7.625,0,0,0.458333,6.875,0,-6.65701,0.0001,-0.00226193,0.0335057,1.56419,0.116552,58488,0.17484,208.78,1.13769
6057,2.52988,0.190535,0.746662,0.337181,0.00476389,5.04775e-05,0.00476389,0.190298,0.175047,0.595356,0.775621,0.0515397,0.023219,0.0491662,0.231205,0.0461095,0,0.959055,0.0823262,2.15314,0.180247,0,0.0731976,0.576598,4.61058,0.652096,0.402133,0.618894,2.43972,0.199794,0.228028,0,0.851922,0.21322,0,-0.000547404,0.241175,0.965086,0.232791,0.0502554,0.0523151,0.00485359,0.00402327,0.433522,0.0488892,4.96724,-0.337577,10.5921,0.659523,0.624139,-7.00108,-0.333333,0.00176082,-0.0674489,0.603586,16.8333,9.04167,0,0,0.625,6.54167,0,-6.65544,0.0001,-0.0019675,0.0296825,1.58338,0.117106,57809,0.174827,209.95,1.26747
6058,2.41211,0.188021,0.728703,0.339032,0.00479632,6.35845e-05,0.00479632,0.186309,0.171895,0.602629,0.757303,0.0514501,0.0230335,0.049136,0.231556,0.0468021,0,0.953803,0.0800655,2.13597,0.1822,0,0.0726953,0.573189,4.60147,0.651429,0.398061,0.623513,2.44734,0.196533,0.228497,0,0.822461,0.23122,0,-0.000517842,0.244627,0.964788,0.228695,0.0503818,0.0523357,0.00512826,0.00426196,0.4368,0.0490484,5.08992,-0.549641,10.5102,0.661516,0.622348,-6.78307,-0.333333,0.00223677,-0.065556,0.598027,14.2083,7.08333,0,0,0.333333,6.20833,0,-6.65684,0.0001,-0.00237795,0.0298108,1.56942,0.116515,58308,0.174778,209.6,1.31124
6059,2.41837,0.185243,0.721141,0.333831,0.00477617,6.91928e-05,0.00477617,0.186221,0.169032,0.599187,0.749798,0.051426,0.0230326,0.0491071,0.230849,0.0490078,0,0.955654,0.07887,2.13663,0.185443,0,0.0737895,0.57266,4.60177,0.650238,0.400591,0.62048,2.45643,0.195058,0.227746,0,0.816121,0.207009,0,-0.000557067,0.245595,0.964673,0.231315,0.0502959,0.0522754,0.00495851,0.0041089,0.433273,0.0489019,5.01228,-0.454286,10.5293,0.661059,0.62171,-6.87045,-0.333333,0.00245893,-0.0659527,0.590841,13.9167,6.91667,0,0,0.458333,5.33333,0,-6.65598,0.0001,-0.00255111,0.0315251,1.56985,0.114554,58361,0.174801,207.56,1.23558
6060,2.32154,0.187689,0.725385,0.335578,0.00481931,6.30439e-05,0.00481931,0.184235,0.171692,0.595774,0.746005,0.0511636,0.0237194,0.0489656,0.233205,0.0497099,0,0.957834,0.0781752,2.13972,0.18767,0,0.0726607,0.571601,4.59153,0.650367,0.395176,0.625348,2.46005,0.194795,0.230422,0,0.817715,0.205391,0,-0.00056931,0.248498,0.96431,0.22509,0.0503539,0.0521904,0.00547626,0.00460676,0.436476,0.0489632,4.99898,-0.964379,10.3479,0.667724,0.626605,-6.4443,-0.333333,0.00216659,-0.0646773,0.590487,12.2083,5.04167,0,0,0.333333,5.16667,0,-6.65461,0.0001,-0.00217243,0.0311,1.57817,0.116378,58012,0.174798,209.78,1.21489
6061,2.28502,0.188282,0.720404,0.335787,0.00482756,6.38517e-05,0.00482756,0.185372,0.170815,0.598989,0.749697,0.0513639,0.024153,0.0491402,0.233171,0.0477897,0,0.95705,0.0790848,2.15896,0.182615,0,0.072249,0.569778,4.58625,0.649667,0.394212,0.625478,2.46455,0.197415,0.230491,0,0.845714,0.208585,0,-0.000537037,0.245348,0.963809,0.224872,0.0505423,0.0524425,0.0052523,0.0043443,0.438207,0.0490815,5.17956,-0.952965,10.3536,0.669756,0.626975,-6.42195,-0.333333,0.00221384,-0.0649238,0.58369,13.5833,5.83333,0,0,0.166667,5.125,0,-6.65653,0.0001,-0.00247607,0.0347577,1.56264,0.115663,58573,0.174759,211.13,1.33546
6062,2.34477,0.186916,0.719557,0.332819,0.00484015,5.22356e-05,0.00484015,0.18641,0.171053,0.596951,0.744592,0.0514536,0.0239376,0.0492444,0.234041,0.0469456,0,0.958555,0.0787824,2.14458,0.184097,0,0.0721824,0.569487,4.58087,0.649315,0.39262,0.625922,2.46759,0.195531,0.231324,0,0.819362,0.204899,0,-0.000547986,0.245658,0.963612,0.22294,0.0506024,0.0524304,0.00504676,0.00413559,0.433624,0.0491323,5.07971,-0.932856,10.3558,0.669877,0.62738,-6.397,-0.333333,0.00180514,-0.0652765,0.582955,15.0833,6.29167,0,0,0.125,5.54167,0,-6.65785,0.0001,-0.00196784,0.0342671,1.56365,0.11641,58512,0.174726,209.77,1.12414
6063,2.33866,0.186031,0.709836,0.333134,0.00482065,5.43371e-05,0.00482065,0.186779,0.16849,0.601815,0.735351,0.0512638,0.0240427,0.0490381,0.233807,0.0474818,0,0.959931,0.076891,2.14442,0.182773,0,0.0717616,0.570282,4.59713,0.650693,0.395029,0.625734,2.459,0.194722,0.231094,0,0.82294,0.199238,0,-0.000523343,0.243525,0.964137,0.225798,0.0503926,0.0522929,0.00510942,0.00424468,0.43737,0.0489526,5.18903,-0.915074,10.3441,0.66885,0.624619,-6.45918,-0.333333,0.00191729,-0.0654197,0.581936,14.7917,6.41667,0,0,0.416667,5.20833,0,-6.65753,0.0001,-0.00189436,0.0359661,1.55974,0.115963,58664,0.174725,208.62,1.19582
6064,2.35749,0.184148,0.710817,0.329499,0.0048439,6.05837e-05,0.0048439,0.182987,0.168704,0.597164,0.735961,0.0511996,0.0238228,0.049013,0.232724,0.0484893,0,0.952312,0.0780384,2.14752,0.186599,0,0.0724759,0.570988,4.58197,0.64886,0.392171,0.626888,2.46396,0.192246,0.229981,0,0.818828,0.200955,0,-0.000547537,0.251503,0.963879,0.223538,0.0504117,0.0522568,0.00533085,0.00448141,0.437884,0.0489874,5.22435,-1.0031,10.297,0.670487,0.627142,-6.35314,-0.333333,0.00209361,-0.0640539,0.570943,17.5417,7.45833,0,0,0.208333,5.83333,0,-6.65767,0.0001,-0.0018531,0.0352009,1.53419,0.115462,59590,0.174706,207.85,1.11145
6065,2.36373,0.188246,0.730791,0.331435,0.00482854,3.84271e-05,0.00482854,0.186365,0.172739,0.600176,0.764012,0.0512395,0.0240845,0.049024,0.232971,0.0473685,0,0.956926,0.0811597,2.1309,0.180951,0,0.0717003,0.574471,4.5991,0.650076,0.394137,0.626643,2.46724,0.197236,0.230258,0,0.839461,0.216381,0,-0.000538189,0.243995,0.963906,0.225133,0.0504248,0.0522831,0.00524501,0.00437165,0.438084,0.0489738,5.16317,-0.994265,10.2921,0.6707,0.623303,-6.40742,-0.333333,0.00133538,-0.0655259,0.593172,16.5417,6.91667,0,0,0.333333,5.625,0,-6.65908,0.0001,-0.00243629,0.0330298,1.55659,0.114543,58824,0.174673,207.4,1.24445
6066,2.34319,0.190317,0.731571,0.336591,0.00481503,6.63739e-05,0.00481503,0.18557,0.17321,0.600573,0.760028,0.0513063,0.0240898,0.0490709,0.231945,0.0478164,0,0.954585,0.0808441,2.11309,0.183991,0,0.0725092,0.574466,4.6022,0.650713,0.395774,0.625817,2.46015,0.198377,0.229197,0,0.845987,0.217843,0,-0.000547385,0.247366,0.964367,0.225643,0.0504465,0.0523089,0.00512495,0.0043015,0.434394,0.0490201,4.92943,-0.948137,10.3263,0.669546,0.625898,-6.50025,-0.333333,0.00232784,-0.0651969,0.597286,15,6.125,0,0,0.375,5,0,-6.66003,0.0001,-0.00204206,0.0309101,1.57471,0.119647,58018,0.174694,208.73,1.21707
6067,2.38363,0.18717,0.716787,0.336359,0.00477401,8.00785e-05,0.00477401,0.186595,0.168405,0.597646,0.742162,0.0511625,0.0238083,0.0488847,0.230859,0.0493826,0,0.955679,0.0780202,2.16885,0.184809,0,0.0733257,0.570873,4.62082,0.654095,0.400862,0.618839,2.43858,0.196395,0.22778,0,0.811186,0.189609,0,-0.000542632,0.248288,0.964843,0.23313,0.05008,0.0520801,0.00590772,0.00509072,0.438144,0.0487038,5.07086,-0.591409,10.4327,0.663976,0.622076,-6.78972,-0.333333,0.00278614,-0.0659239,0.585591,15.75,7.125,0,0,0.416667,5.83333,0,-6.65893,0.0001,-0.00173987,0.0275851,1.53855,0.115572,59429,0.174704,210.26,1.17807
6068,2.36086,0.186086,0.737289,0.329117,0.00480244,3.67069e-05,0.00480244,0.186158,0.17371,0.604551,0.76814,0.0512122,0.0239354,0.0489659,0.229601,0.0468416,0,0.947279,0.0820598,2.131,0.183614,0,0.0722563,0.576778,4.59438,0.650183,0.397358,0.624869,2.45597,0.196564,0.226797,0,0.852125,0.246459,0,-0.000583676,0.247807,0.964475,0.22827,0.05027,0.0521467,0.00482022,0.004,0.436778,0.0488268,4.93,-0.84409,10.3565,0.668223,0.625003,-6.57531,-0.333333,0.00130515,-0.0657108,0.603853,13.375,6.16667,0,0,0.25,4.875,0,-6.65971,0.0001,-0.00177914,0.0324198,1.54638,0.116774,59106,0.174678,207.91,1.18527
6069,2.34768,0.189531,0.737571,0.33877,0.00478219,5.89315e-05,0.00478219,0.190407,0.17346,0.607196,0.763374,0.0512898,0.0241262,0.0490326,0.232573,0.0462168,0,0.96214,0.0810743,2.15508,0.177895,0,0.0716558,0.574382,4.60898,0.651098,0.399835,0.623173,2.45276,0.198047,0.22975,0,0.832473,0.217183,0,-0.000593356,0.242556,0.964301,0.230633,0.0502692,0.0522312,0.00536999,0.00454118,0.440523,0.0488353,5.10324,-0.770558,10.4467,0.665057,0.624574,-6.67513,-0.333333,0.00206336,-0.0671526,0.60874,13.25,5.70833,0,0,0.125,4.91667,0,-6.65858,0.0001,-0.00301455,0.0312112,1.55655,0.117584,58719,0.174737,209.19,1.25743
6070,2.31003,0.184756,0.707492,0.333045,0.00481835,6.31168e-05,0.00481835,0.187815,0.167657,0.604361,0.731981,0.0516732,0.0229054,0.0493663,0.231711,0.0457903,0,0.950604,0.0756842,2.14109,0.179044,0,0.0719476,0.567787,4.5858,0.649882,0.3953,0.626351,2.457,0.192677,0.228585,0,0.812504,0.156057,0,-0.000438972,0.242743,0.964586,0.224883,0.0507027,0.0526724,0.00507142,0.00420176,0.436762,0.0492954,5.11857,-0.50756,10.5164,0.661886,0.626592,-6.71395,-0.333333,0.00220422,-0.0658775,0.585897,14.5,6.375,0,0,0.291667,6.29167,0,-6.65342,0.0001,-0.00207327,0.0335007,1.56839,0.115583,58376,0.174792,211.03,1.25828
6071,2.35538,0.18656,0.71304,0.331333,0.00480289,7.6224e-05,0.00480289,0.185362,0.168551,0.597163,0.735747,0.0513181,0.0234258,0.0490427,0.232011,0.049591,0,0.955608,0.0775563,2.16569,0.187569,0,0.0743373,0.566082,4.5945,0.649996,0.397248,0.622961,2.45815,0.193918,0.228952,0,0.821384,0.189008,0,-0.000442978,0.251341,0.964373,0.228699,0.0503425,0.0523404,0.00526238,0.00441076,0.439041,0.0489475,5.18389,-0.591452,10.5028,0.662102,0.628244,-6.73125,-0.333333,0.00263965,-0.06525,0.580736,13.2917,6.29167,0,0,0.208333,5.54167,0,-6.65114,0.0001,-0.00220347,0.0378394,1.55064,0.115458,59002,0.174796,211.48,1.34267
6072,2.36199,0.187434,0.717134,0.336266,0.00481213,6.63239e-05,0.00481213,0.186985,0.170088,0.599255,0.741961,0.0514971,0.0236178,0.0492109,0.233796,0.0463304,0,0.960563,0.0772946,2.15086,0.181632,0,0.0724176,0.568147,4.58894,0.649334,0.396102,0.625546,2.46304,0.195403,0.230829,0,0.822238,0.180099,0,-0.000487756,0.247102,0.964367,0.225561,0.0505503,0.0525268,0.00537653,0.00451313,0.43668,0.0491402,5.09958,-0.697966,10.4705,0.664623,0.62765,-6.63573,-0.333333,0.00226551,-0.0655656,0.58275,15.25,6.04167,0,0,0.333333,6.91667,0,-6.65009,0.0001,-0.00217927,0.0345841,1.52832,0.11568,59795,0.174863,206.45,1.02774
6073,2.37669,0.187363,0.734807,0.332585,0.00477892,6.65963e-05,0.00477892,0.186323,0.172727,0.601505,0.761057,0.0511613,0.0237226,0.0488921,0.230544,0.0495933,0,0.954633,0.0809326,2.15153,0.187839,0,0.07351,0.574644,4.60812,0.652084,0.400254,0.621402,2.44918,0.196742,0.227506,0,0.850436,0.223858,0,-0.000486909,0.247989,0.964183,0.231005,0.0502172,0.0521571,0.00519093,0.00437149,0.440717,0.0488184,5.16336,-0.643926,10.4608,0.663785,0.621765,-6.76093,-0.333333,0.00235796,-0.0658474,0.602683,17.75,8.79167,0,0,0.375,7.04167,0,-6.64773,0.0001,-0.00101313,0.0319856,1.54003,0.116236,59352,0.174873,212.71,1.409
6074,2.3354,0.19056,0.744375,0.338284,0.00477991,8.75559e-05,0.00477991,0.184887,0.175342,0.605652,0.770339,0.0512138,0.0233676,0.0489395,0.231553,0.0488839,0,0.958413,0.0818354,2.14781,0.185525,0,0.0732395,0.572622,4.61819,0.652604,0.400197,0.62276,2.4509,0.198057,0.228595,0,0.856931,0.202314,0,-0.00044544,0.254268,0.964621,0.23031,0.0502931,0.0522595,0.00536325,0.00454464,0.43831,0.0489073,4.96107,-0.633084,10.4844,0.662718,0.620839,-6.74274,-0.333333,0.00305602,-0.0653157,0.61163,15.2083,6.33333,0,0,0.333333,6.16667,0,-6.65103,0.0001,-0.00190628,0.036145,1.54452,0.114691,59247,0.174855,210.98,1.24498
6075,2.38335,0.189136,0.746526,0.335513,0.00478201,7.38965e-05,0.00478201,0.185794,0.175533,0.596927,0.774711,0.0514454,0.0232475,0.0491292,0.231801,0.0474479,0,0.958202,0.0832059,2.14395,0.183508,0,0.0732513,0.574101,4.60823,0.650852,0.399891,0.621893,2.45739,0.198526,0.228618,0,0.851393,0.251301,0,-0.00057266,0.247224,0.964507,0.229743,0.0502755,0.0523016,0.0050376,0.00421516,0.4361,0.0488666,5.01955,-0.4373,10.5654,0.660617,0.62508,-6.84357,-0.333333,0.00256913,-0.0656722,0.607396,14.3333,6.95833,0,0,0.416667,5.95833,0,-6.6527,0.0001,-0.00227748,0.0304606,1.53215,0.113991,59717,0.174854,211.68,1.2041
6076,2.3988,0.187438,0.735192,0.33464,0.00476399,6.46285e-05,0.00476399,0.18666,0.172359,0.595747,0.76529,0.0515041,0.0227288,0.0491335,0.229042,0.0487181,0,0.950832,0.0814748,2.15646,0.18558,0,0.0741582,0.573922,4.60571,0.65099,0.402198,0.62116,2.44881,0.196641,0.225716,0,0.841691,0.206946,0,-0.000446619,0.248835,0.965097,0.232195,0.05033,0.0523769,0.00518977,0.00443274,0.435731,0.049,4.85041,-0.16654,10.6855,0.655676,0.621686,-7.07029,-0.333333,0.00231753,-0.0662653,0.600213,13.8333,7.125,0,0,0.333333,6.91667,0,-6.6533,0.0001,-0.00249202,0.0319601,1.53763,0.115835,59453,0.174862,213.92,1.31651
6077,2.28558,0.181566,0.715568,0.32609,0.00480577,5.39598e-05,0.00480577,0.182005,0.167836,0.601766,0.748811,0.051624,0.0222314,0.0493144,0.228732,0.0481696,0,0.94285,0.0798948,2.15248,0.185057,0,0.0734378,0.567481,4.57918,0.647933,0.39693,0.625672,2.4696,0.191501,0.225439,0,0.805385,0.227377,0,-0.000498237,0.250071,0.964985,0.227741,0.0504893,0.0524756,0.00459565,0.00379928,0.431711,0.0491068,4.76882,-0.20857,10.6077,0.658994,0.622662,-6.92948,-0.333333,0.00189883,-0.0644603,0.587935,13.375,6.16667,0,0,0.25,6.83333,0,-6.65455,0.0001,-0.00296583,0.0331534,1.54145,0.116451,59294,0.174816,207.56,0.787174
6078,2.35744,0.184228,0.718221,0.333095,0.00480759,7.48563e-05,0.00480759,0.186177,0.169387,0.604864,0.739533,0.0518168,0.0223782,0.0494463,0.232408,0.0462603,0,0.955502,0.0775559,2.1553,0.184665,0,0.0742383,0.566957,4.58339,0.648206,0.396759,0.624953,2.46535,0.191424,0.229102,0,0.792302,0.193156,0,-0.000449959,0.246084,0.964525,0.22691,0.0506548,0.0527116,0.00463998,0.00385832,0.434658,0.0492493,5.0753,-0.16161,10.6677,0.657765,0.62767,-6.94975,-0.333333,0.00260794,-0.0655288,0.593965,13.6667,6.45833,0,0,0.375,6.08333,0,-6.65894,0.0001,-0.0023276,0.0322463,1.53567,0.115723,59528,0.174763,209.03,1.27465
6079,2.33994,0.185526,0.71594,0.336218,0.00480438,6.81562e-05,0.00480438,0.186902,0.168911,0.599444,0.746338,0.0516947,0.0228084,0.0493703,0.231413,0.046048,0,0.95273,0.077991,2.16443,0.184737,0,0.0739041,0.567882,4.58425,0.648963,0.39705,0.624552,2.47076,0.194245,0.228395,0,0.829418,0.201515,0,-0.000476199,0.243515,0.96436,0.226529,0.0506034,0.052632,0.0044734,0.00369991,0.435463,0.0491765,5.002,-0.340937,10.6377,0.65934,0.627904,-6.81601,-0.333333,0.00240081,-0.0657608,0.587324,13.2083,5.16667,0,0,0.208333,6.16667,0,-6.66223,0.0001,-0.00237964,0.0352444,1.54134,0.115717,59324,0.174769,211.78,1.16891
6080,2.34943,0.181525,0.702309,0.333799,0.00480061,4.95217e-05,0.00480061,0.181592,0.165613,0.60221,0.722934,0.0519062,0.0225772,0.0495287,0.230575,0.0483265,0,0.948028,0.074567,2.14553,0.181786,0,0.0746047,0.564676,4.58111,0.648163,0.397523,0.624286,2.47521,0.189263,0.227239,0,0.792465,0.149506,0,-0.000456956,0.249768,0.964928,0.227254,0.05068,0.0528016,0.00521559,0.0044729,0.433417,0.0492861,4.83208,-0.0372169,10.7586,0.655345,0.630836,-6.96064,-0.333333,0.0017106,-0.0638979,0.572903,14,6.54167,0,0,0.25,6.66667,0,-6.66346,0.0001,-0.00130558,0.0347899,1.54109,0.118192,59244,0.174775,208.57,1.04683
6081,2.36752,0.187844,0.729437,0.338089,0.00479828,7.10093e-05,0.00479828,0.184265,0.172342,0.595735,0.758975,0.0515586,0.0237289,0.0492517,0.231866,0.0476683,0,0.954682,0.0802482,2.15424,0.188071,0,0.07438,0.569823,4.59186,0.64963,0.397816,0.622796,2.45792,0.197102,0.228784,0,0.830616,0.187807,0,-0.00050055,0.246682,0.964092,0.226781,0.0505401,0.0525146,0.00456824,0.00377999,0.43703,0.0490893,5.01568,-0.48693,10.5799,0.661035,0.627284,-6.75718,-0.333333,0.00249145,-0.0647308,0.590865,16,6.45833,0,0,0.125,6.33333,0,-6.66273,0.0001,-0.00260475,0.0337178,1.5331,0.11518,59640,0.174813,210.75,1.14495
6082,2.3886,0.191132,0.744316,0.33918,0.00477948,6.50401e-05,0.00477948,0.189634,0.17553,0.598541,0.775887,0.051445,0.024152,0.0491533,0.230206,0.0458811,0,0.952861,0.0821527,2.15208,0.181492,0,0.0722805,0.576682,4.60299,0.651461,0.400175,0.621485,2.44733,0.200564,0.227347,0,0.848921,0.209012,0,-0.000529174,0.241769,0.96425,0.229443,0.0504221,0.0524238,0.00492544,0.00417441,0.435486,0.0489849,4.92656,-0.675617,10.5075,0.66387,0.627648,-6.68748,-0.333333,0.0022812,-0.0669414,0.603976,17.0833,7.25,0,0,0.708333,5.79167,0,-6.65958,0.0001,-0.00119546,0.031183,1.53503,0.115086,59573,0.174857,209.62,1.26965
6083,2.37347,0.187017,0.730816,0.336404,0.00475507,6.54962e-05,0.00475507,0.185364,0.171309,0.602469,0.75911,0.0511249,0.0241358,0.0488474,0.23041,0.0475056,0,0.957538,0.0803978,2.15999,0.182058,0,0.0732385,0.576386,4.61731,0.652541,0.403244,0.61992,2.44306,0.196325,0.227409,0,0.817014,0.233489,0,-0.00054329,0.249909,0.964445,0.233446,0.0501259,0.0520852,0.00544605,0.00467414,0.436451,0.0487298,4.80139,-0.586596,10.5201,0.663277,0.62132,-6.83077,-0.333333,0.00234375,-0.0657446,0.601644,15.875,6.83333,0,0,0.291667,6.625,0,-6.65789,0.0001,-0.00214113,0.0299912,1.53154,0.115706,59677,0.174871,209.87,1.03137
6084,2.31138,0.183596,0.719039,0.335461,0.00479036,6.69005e-05,0.00479036,0.18252,0.169713,0.593895,0.740486,0.0513614,0.0236658,0.0490762,0.230732,0.047081,0,0.95223,0.0762063,2.13888,0.189066,0,0.0731469,0.573948,4.59601,0.650339,0.398817,0.622141,2.45366,0.191596,0.227691,0,0.854027,0.171807,0,-0.000510565,0.245891,0.964483,0.228144,0.0504079,0.052325,0.00467935,0.00390908,0.436238,0.0490166,4.96031,-0.563157,10.4945,0.662496,0.625811,-6.76038,-0.333333,0.00231216,-0.0642969,0.583012,14.375,6,0,0,0.375,6.29167,0,-6.65826,0.0001,-0.00175005,0.0295231,1.56501,0.116066,58476,0.174872,209.68,1.15925
6085,2.35603,0.185622,0.727808,0.328917,0.00476071,5.28423e-05,0.00476071,0.183046,0.170899,0.591196,0.752911,0.0509109,0.0246791,0.0486977,0.22752,0.0490089,0,0.946052,0.0791281,2.14609,0.187345,0,0.0729829,0.576331,4.61484,0.652446,0.402562,0.618997,2.45043,0.195,0.224725,0,0.855111,0.172946,0,-0.000602544,0.247061,0.963988,0.231908,0.0500811,0.0519242,0.00463042,0.00382801,0.435625,0.0486226,4.83496,-0.898883,10.3817,0.667238,0.620664,-6.62474,-0.333333,0.00187395,-0.064958,0.58596,15.25,5.41667,0,0,0.458333,5.375,0,-6.65913,0.0001,-0.00288554,0.0301146,1.56841,0.116369,58348,0.174826,210.7,1.12135
6086,2.36135,0.187297,0.737877,0.330956,0.00479628,4.27201e-05,0.00479628,0.187378,0.174056,0.596104,0.765669,0.0515321,0.0236932,0.0492202,0.22911,0.0459742,0,0.945035,0.0812144,2.1345,0.184824,0,0.0727496,0.569539,4.59953,0.650997,0.398071,0.623533,2.44597,0.196126,0.22598,0,0.843099,0.202255,0,-0.000553024,0.243035,0.964886,0.228064,0.0504685,0.0524211,0.00420705,0.00342854,0.435379,0.0490308,4.89123,-0.542029,10.4956,0.662367,0.624758,-6.7663,-0.333333,0.00149468,-0.0660968,0.602399,13.9583,5.54167,0,0,0.125,5.75,0,-6.6612,0.0001,-0.00224425,0.0276545,1.57039,0.116728,58267,0.174819,210.43,1.19419
6087,2.3174,0.187216,0.731357,0.331748,0.00479369,5.89061e-05,0.00479369,0.187622,0.17247,0.597121,0.755341,0.051388,0.0238932,0.0491148,0.231908,0.0463344,0,0.957127,0.0797817,2.14675,0.184865,0,0.0723592,0.569668,4.59404,0.650042,0.398424,0.623266,2.45728,0.194309,0.228941,0,0.817101,0.205905,0,-0.00053713,0.242443,0.964952,0.229107,0.0504193,0.0523412,0.00437516,0.00361631,0.43528,0.0489663,4.92333,-0.595,10.4216,0.664505,0.623902,-6.70496,-0.333333,0.00205221,-0.0661325,0.598073,13.7917,4.83333,0,0,0.208333,5.625,0,-6.66248,0.0001,-0.00243284,0.0347237,1.58611,0.11692,57722,0.174794,210.8,1.19243
6088,2.28469,0.182766,0.711864,0.330361,0.00480788,5.43864e-05,0.00480788,0.185333,0.168624,0.600997,0.733655,0.051437,0.0237519,0.049157,0.230638,0.0461032,0,0.948085,0.0753804,2.13761,0.184209,0,0.0725079,0.572848,4.59476,0.650228,0.396611,0.62655,2.45822,0.191372,0.227605,0,0.818755,0.169016,0,-0.000555908,0.245824,0.964577,0.225814,0.0504541,0.052388,0.00478277,0.0040202,0.438632,0.0490245,5.07947,-0.671349,10.4611,0.66422,0.626798,-6.64463,-0.333333,0.0018732,-0.0650357,0.583248,13.1667,5.16667,0,0,0.0416667,5.16667,0,-6.6663,0.0001,-0.00146304,0.0341166,1.55538,0.116605,58794,0.174774,207.11,0.811457
6089,2.29997,0.183802,0.708285,0.332999,0.00478826,7.09208e-05,0.00478826,0.185314,0.166683,0.601459,0.730702,0.0513866,0.0234108,0.0490559,0.231599,0.0464819,0,0.956322,0.0756834,2.158,0.183459,0,0.0730594,0.570336,4.60522,0.651517,0.399074,0.622084,2.43742,0.191571,0.228494,0,0.819165,0.199079,0,-0.00055427,0.244694,0.964742,0.229367,0.0502404,0.0522671,0.0047427,0.00399299,0.437797,0.048822,5.01223,-0.449771,10.5251,0.661794,0.627621,-6.81392,-0.333333,0.0024431,-0.0654475,0.582378,15.9167,6.75,0,0,0.5,6.91667,0,-6.66614,0.0001,-0.0016672,0.0310613,1.63357,0.116522,56170,0.174804,210.8,1.08061
6090,2.35516,0.182931,0.711504,0.328815,0.00478356,4.30608e-05,0.00478356,0.18373,0.16757,0.596402,0.739325,0.0512899,0.0236841,0.0489803,0.230115,0.0493316,0,0.950031,0.0778779,2.14511,0.187586,0,0.073477,0.574094,4.60194,0.651428,0.399662,0.622982,2.45054,0.192118,0.226926,0,0.817719,0.206326,0,-0.000518531,0.250026,0.964597,0.228451,0.0502897,0.0522757,0.00518691,0.00439621,0.443112,0.0488977,5.10509,-0.567152,10.509,0.662108,0.624464,-6.78185,-0.333333,0.00151493,-0.0648603,0.578955,15.3333,6.08333,0,0,0.375,6.70833,0,-6.66356,0.0001,-0.00218277,0.031615,1.57416,0.116949,58129,0.174837,212.74,1.12873
6091,2.40976,0.189251,0.748069,0.334683,0.00475639,5.38513e-05,0.00475639,0.190699,0.174834,0.596597,0.771257,0.0514532,0.0233058,0.0490858,0.229073,0.0458026,0,0.95171,0.0807249,2.12905,0.180042,0,0.0723165,0.578275,4.61354,0.65255,0.403148,0.618679,2.43245,0.197036,0.225741,0,0.859406,0.199906,0,-0.00053424,0.242092,0.965127,0.23315,0.0502563,0.0522543,0.00466509,0.00392348,0.43827,0.0488568,5.02876,-0.297108,10.5521,0.660124,0.621876,-7.03872,-0.333333,0.00188613,-0.0678036,0.60972,14.8333,7.58333,0,0,0.416667,6.41667,0,-6.6633,0.0001,-0.00266051,0.0371788,1.55299,0.116162,58894,0.174871,212.12,1.17925
6092,2.41553,0.187796,0.742911,0.333046,0.00477027,6.08709e-05,0.00477027,0.189378,0.174053,0.59668,0.766179,0.0514417,0.0230036,0.0490791,0.229667,0.0462938,0,0.952173,0.0810076,2.14058,0.18373,0,0.0728592,0.57428,4.60226,0.651043,0.401387,0.620318,2.44855,0.196078,0.226478,0,0.841244,0.210674,0,-0.000554529,0.244433,0.965098,0.231973,0.050181,0.0522542,0.00452,0.00380662,0.435688,0.0487836,4.93209,-0.321042,10.5571,0.660078,0.622419,-6.96404,-0.333333,0.00211986,-0.0671379,0.606774,14.9583,7.08333,0,0,0.416667,6.04167,0,-6.66053,0.0001,-0.00175707,0.0338173,1.56486,0.122224,58268,0.174941,208.05,1.1706
6093,2.34257,0.183384,0.715258,0.330557,0.00478795,6.47095e-05,0.00478795,0.186475,0.168017,0.603565,0.741099,0.0513377,0.0233464,0.0490613,0.231583,0.0465521,0,0.957276,0.0782658,2.14142,0.181861,0,0.0719151,0.574047,4.60771,0.651088,0.399142,0.623979,2.45237,0.19137,0.228448,0,0.806016,0.194689,0,-0.000552239,0.246791,0.96493,0.230256,0.0502389,0.0522321,0.00528976,0.00451533,0.437153,0.0488814,4.89681,-0.566454,10.442,0.664192,0.621286,-6.78459,-0.333333,0.00226118,-0.0659444,0.584859,15.625,7.20833,0,0,0.625,6.08333,0,-6.65668,0.0001,-0.00148704,0.0309553,1.58721,0.116005,57716,0.174982,213.34,1.19902
6094,2.35812,0.182946,0.719404,0.324113,0.00476532,5.77534e-05,0.00476532,0.186187,0.167983,0.599885,0.746907,0.0509905,0.0237926,0.0487344,0.227285,0.0502588,0,0.945481,0.0796136,2.12546,0.19144,0,0.0735415,0.576008,4.60915,0.65158,0.402031,0.620871,2.4426,0.193031,0.224351,0,0.816679,0.209254,0,-0.000521803,0.250256,0.964417,0.23347,0.0500463,0.0519646,0.00497262,0.00426755,0.437559,0.0486478,4.93881,-0.707218,10.3788,0.667109,0.622802,-6.74078,-0.333333,0.00210216,-0.0662659,0.585689,15.7083,6.875,0,0,0.333333,5.33333,0,-6.65698,0.0001,-0.00181815,0.0292914,1.56329,0.116394,58525,0.175001,211.63,1.16299
6095,2.38752,0.183202,0.725688,0.327127,0.00479318,4.22425e-05,0.00479318,0.18636,0.170655,0.599638,0.752194,0.0514811,0.0232897,0.0491789,0.23049,0.0470757,0,0.952483,0.0791656,2.13676,0.184951,0,0.0731857,0.568832,4.60012,0.651091,0.398465,0.622774,2.45294,0.192527,0.227625,0,0.831021,0.201607,0,-0.000528422,0.244651,0.964253,0.229102,0.0503745,0.0524209,0.00442904,0.00372154,0.434626,0.0489435,4.93906,-0.588886,10.4839,0.664762,0.631008,-6.71972,-0.333333,0.00148714,-0.0658519,0.594245,15,7.25,0,0,0.625,5.54167,0,-6.6571,0.0001,-0.00163891,0.0309556,1.57362,0.11889,58081,0.175015,210.55,1.12801
6096,2.38969,0.188719,0.733318,0.33789,0.00477328,6.56225e-05,0.00477328,0.191109,0.172158,0.601693,0.76311,0.0516385,0.022738,0.0492471,0.230573,0.0459231,0,0.954446,0.0804073,2.14113,0.17755,0,0.0722158,0.576008,4.60316,0.65151,0.401056,0.619495,2.43951,0.197475,0.22722,0,0.851576,0.205453,0,-0.000491533,0.242047,0.96532,0.232315,0.0503433,0.0524805,0.00504678,0.00426669,0.43735,0.0489875,5.05663,-0.250878,10.5537,0.659815,0.623181,-7.0139,-0.333333,0.00232313,-0.0677853,0.603637,12.7917,6.29167,0,0,0.333333,5.875,0,-6.65631,0.0001,-0.00163565,0.0320523,1.57492,0.117863,58072,0.175003,210.07,1.29445
6097,2.35148,0.179824,0.695833,0.326429,0.00479904,4.37003e-05,0.00479904,0.18291,0.164485,0.599034,0.714188,0.0514027,0.0234445,0.0490798,0.229634,0.0506047,0,0.946083,0.0737248,2.15531,0.188187,0,0.0737794,0.572038,4.60527,0.652088,0.39772,0.624723,2.4499,0.187427,0.226715,0,0.793866,0.164767,0,-0.00052425,0.250199,0.964112,0.227539,0.0503467,0.0523841,0.00467885,0.00398936,0.438111,0.0489362,5.02152,-0.581048,10.5079,0.664042,0.631891,-6.70251,-0.333333,0.00151475,-0.0642931,0.570526,13.6667,5.95833,0,0,0.25,4.79167,0,-6.658,0.0001,-0.00250996,0.0340995,1.59724,0.115996,57379,0.174965,207.32,0.844215
6098,2.42898,0.185011,0.730438,0.330117,0.00475297,5.14367e-05,0.00475297,0.187524,0.170989,0.593369,0.756911,0.0513521,0.0226601,0.048958,0.228626,0.0487149,0,0.950725,0.079746,2.16407,0.185794,0,0.0736205,0.574952,4.62442,0.653812,0.403524,0.616728,2.42524,0.194488,0.225504,0,0.838163,0.208378,0,-0.000553598,0.245828,0.964798,0.234543,0.0500513,0.0521759,0.00437858,0.00365989,0.434918,0.0486692,4.91916,-0.293793,10.6022,0.659372,0.626748,-7.00345,-0.333333,0.00178608,-0.0665911,0.597892,15.375,7.83333,0,0,0.625,6.04167,0,-6.66079,0.0001,-0.00181727,0.034638,1.59046,0.117536,57555,0.174974,209.29,1.066
6099,2.45554,0.184085,0.719503,0.3309,0.0047862,5.11323e-05,0.0047862,0.185438,0.169341,0.602127,0.74491,0.0513739,0.0232871,0.0490476,0.230438,0.0481698,0,0.952242,0.0783568,2.13646,0.186604,0,0.0736999,0.577697,4.59974,0.651682,0.399332,0.622359,2.44695,0.193467,0.227537,0,0.810766,0.197372,0,-0.000555661,0.248273,0.964088,0.229301,0.0502331,0.0522999,0.00497044,0.00424465,0.439268,0.0488367,5.1357,-0.616169,10.4675,0.664846,0.627458,-6.74936,-0.333333,0.00176138,-0.0654582,0.59164,15.9167,7.58333,0,0,0.625,5.75,0,-6.66047,0.0001,-0.00242139,0.0320943,1.59332,0.120177,57370,0.174967,210.44,1.06039
6100,2.43507,0.189711,0.740039,0.334065,0.00478438,5.95259e-05,0.00478438,0.188965,0.174182,0.600594,0.770631,0.051558,0.0228345,0.0491877,0.23092,0.0468576,0,0.955132,0.0822869,2.14028,0.183073,0,0.0730918,0.579664,4.61315,0.651785,0.399573,0.623809,2.44886,0.198832,0.227799,0,0.847943,0.216515,0,-0.000559321,0.247278,0.964714,0.230175,0.0502996,0.0523854,0.00500758,0.00429005,0.436031,0.0489401,5.02779,-0.388668,10.528,0.66189,0.622668,-6.90395,-0.333333,0.00208469,-0.0667672,0.605289,15.375,8.04167,0,0,0.333333,6.25,0,-6.66192,0.0001,-0.0015232,0.0334812,1.56625,0.122939,58196,0.174978,209.42,1.27796
6101,2.38825,0.186005,0.727949,0.331777,0.00480848,5.35146e-05,0.00480848,0.189215,0.171508,0.60214,0.758929,0.0515646,0.0234413,0.0492465,0.231759,0.0447703,0,0.955531,0.0806084,2.13202,0.181198,0,0.0718196,0.578248,4.59665,0.650029,0.396622,0.62556,2.46,0.196225,0.228969,0,0.836214,0.224262,0,-0.000561998,0.241545,0.964133,0.227311,0.0504292,0.0524651,0.00445517,0.00371455,0.4358,0.0489939,5.04852,-0.695109,10.4252,0.666552,0.624893,-6.65102,-0.333333,0.00188001,-0.066754,0.59896,15.875,6.33333,0,0,0.291667,5.20833,0,-6.66162,0.0001,-0.00146013,0.032573,1.56322,0.11823,58463,0.174997,212.16,1.3931
6102,2.41845,0.185728,0.722366,0.332376,0.00478307,3.54011e-05,0.00478307,0.18675,0.169975,0.599213,0.74834,0.051267,0.0240137,0.0489856,0.230547,0.0477234,0,0.954057,0.0788452,2.15116,0.186577,0,0.0729586,0.572908,4.60759,0.651609,0.399724,0.621622,2.44512,0.195476,0.22784,0,0.823016,0.220299,0,-0.000578808,0.245018,0.964021,0.229678,0.0502818,0.0522523,0.00469353,0.00394901,0.434565,0.0488254,4.96145,-0.857174,10.403,0.667186,0.624237,-6.58518,-0.333333,0.00121604,-0.065803,0.595444,15.9583,6.75,0,0,0.208333,4.91667,0,-6.66174,0.0001,-0.00181594,0.0300431,1.55085,0.119963,58835,0.175016,211.28,1.37563
6103,2.36177,0.191621,0.752656,0.335189,0.00476776,4.29683e-05,0.00476776,0.189157,0.177204,0.602767,0.783001,0.051009,0.0243828,0.0487475,0.229647,0.0474789,0,0.953284,0.083541,2.15764,0.183534,0,0.0720712,0.576974,4.62466,0.653441,0.401646,0.62218,2.43965,0.201425,0.227028,0,0.869971,0.215176,0,-0.000590047,0.246362,0.964364,0.232636,0.0500243,0.0520298,0.004923,0.00414709,0.435876,0.048595,4.71605,-0.956621,10.3397,0.669046,0.622821,-6.58001,-0.333333,0.00152106,-0.0668947,0.622544,15.625,6,0,0,0.416667,5.33333,0,-6.6608,0.0001,-0.00220964,0.0307813,1.56726,0.115645,58413,0.175056,211.17,1.20108
6104,2.28403,0.188238,0.727359,0.335736,0.00479603,4.32475e-05,0.00479603,0.187353,0.171639,0.606398,0.751572,0.051577,0.0231961,0.0492674,0.230388,0.0475264,0,0.949591,0.0784697,2.15281,0.179062,0,0.0721226,0.570255,4.59235,0.650242,0.398106,0.624157,2.45688,0.196491,0.227314,0,0.830007,0.179568,0,-0.000571672,0.246077,0.965131,0.229247,0.0504096,0.0524767,0.00496674,0.00422235,0.434367,0.0489872,4.90224,-0.542028,10.4515,0.664255,0.620508,-6.76011,-0.333333,0.00152622,-0.0659472,0.60442,13.4167,6.33333,0,0,0.375,5.83333,0,-6.66028,0.0001,-0.00163216,0.0316481,1.55645,0.116286,58768,0.175105,209.29,1.0631
6105,2.37039,0.18264,0.713409,0.324776,0.00479584,4.16002e-05,0.00479584,0.185483,0.167144,0.599932,0.742752,0.0513382,0.0229559,0.049002,0.228487,0.0491338,0,0.943718,0.0782491,2.14401,0.189279,0,0.073217,0.573376,4.61019,0.652252,0.3983,0.621455,2.44142,0.192914,0.225333,0,0.810215,0.210633,0,-0.000516893,0.248157,0.964713,0.230475,0.0502249,0.0522432,0.00456874,0.00380359,0.437872,0.0488492,5.15537,-0.516584,10.452,0.663063,0.621965,-6.81658,-0.333333,0.00147626,-0.0656986,0.586057,13,5.58333,0,0,0.333333,5.91667,0,-6.66004,0.0001,-0.00194583,0.0336481,1.57544,0.117928,58052,0.175074,208.62,1.01679
6106,2.31339,0.188216,0.729103,0.333831,0.00482234,5.20811e-05,0.00482234,0.188681,0.171763,0.599541,0.755403,0.0512544,0.0234104,0.0490248,0.232531,0.0461222,0,0.957024,0.0806852,2.13359,0.18291,0,0.0714062,0.570871,4.60152,0.650837,0.394929,0.624812,2.45373,0.197032,0.229783,0,0.837116,0.207825,0,-0.000506017,0.244562,0.964504,0.227837,0.050373,0.0522841,0.00509194,0.00427518,0.438383,0.0489599,5.23342,-0.82683,10.2993,0.669217,0.620761,-6.51825,-0.333333,0.00183516,-0.066587,0.593834,14.875,5.95833,0,0,0.291667,5.5,0,-6.66373,0.0001,-0.00230432,0.0346843,1.58109,0.117898,57860,0.175072,209.6,1.05284
6107,2.41226,0.186877,0.721273,0.327545,0.00478918,4.77869e-05,0.00478918,0.186849,0.170185,0.59484,0.75525,0.0509747,0.0239351,0.0487469,0.231259,0.0478117,0,0.956347,0.0807544,2.17951,0.184105,0,0.0720695,0.577651,4.62023,0.653871,0.39902,0.621421,2.43599,0.197401,0.228507,0,0.838053,0.21822,0,-0.000564761,0.248442,0.964248,0.23029,0.0500715,0.0520104,0.00535585,0.00457188,0.438284,0.0486547,5.06565,-0.915754,10.3009,0.669995,0.62364,-6.55811,-0.333333,0.00164695,-0.0658254,0.584369,14.8333,6.75,0,0,0.5,5.25,0,-6.66365,0.0001,-0.00217648,0.0343607,1.55393,0.115535,58883,0.175095,212.76,1.19866
6108,2.3947,0.188467,0.739111,0.333525,0.00477817,5.92479e-05,0.00477817,0.190164,0.173899,0.594029,0.76872,0.0513902,0.0232958,0.0490337,0.230071,0.0480254,0,0.952823,0.0815665,2.17158,0.187345,0,0.0733061,0.576936,4.61379,0.652072,0.400368,0.621732,2.44937,0.198086,0.227151,0,0.838501,0.225471,0,-0.000531551,0.243801,0.965008,0.2319,0.050165,0.0522788,0.00471964,0.00399085,0.436374,0.048795,5.05575,-0.521843,10.4659,0.663313,0.625861,-6.85733,-0.333333,0.00213272,-0.0672377,0.598577,15,7,0,0,0.583333,6.66667,0,-6.66347,0.0001,-0.00172184,0.0336989,1.58006,0.117147,57920,0.17508,210.48,1.09955
6109,2.44738,0.190033,0.742355,0.334044,0.00476545,5.23047e-05,0.00476545,0.189329,0.174391,0.600637,0.770755,0.0512544,0.0234591,0.0489124,0.229245,0.0473023,0,0.950974,0.0820813,2.17016,0.184185,0,0.0723406,0.578238,4.6141,0.652548,0.401936,0.620649,2.43125,0.199647,0.226279,0,0.852854,0.223422,0,-0.000502193,0.247138,0.964993,0.233888,0.0500748,0.0521926,0.00531692,0.00459299,0.439471,0.0487261,5.05248,-0.556368,10.456,0.663009,0.621387,-6.8588,-0.333333,0.00182864,-0.0670939,0.609617,14.8333,6.875,0,0,0.625,5.875,0,-6.66422,0.0001,-0.00191547,0.0354674,1.55655,0.115328,58798,0.175084,209.24,1.19193
6110,2.35628,0.188938,0.735073,0.335166,0.00478072,4.1546e-05,0.00478072,0.190155,0.172993,0.60415,0.765288,0.0512219,0.0240607,0.048908,0.230895,0.0460661,0,0.955661,0.0808538,2.1328,0.181064,0,0.0715542,0.578314,4.61578,0.652617,0.400019,0.623089,2.44164,0.19867,0.228204,0,0.847567,0.208443,0,-0.000563861,0.243145,0.964605,0.229832,0.0502106,0.0521747,0.00508961,0.00433531,0.437913,0.0488107,5.02189,-0.840243,10.3861,0.666765,0.625623,-6.66786,-0.333333,0.00144517,-0.0671594,0.607141,15.4583,6.83333,0,0,0.458333,6.16667,0,-6.6656,0.0001,-0.0025583,0.0292931,1.55379,0.11759,58816,0.175082,210.3,1.23774
6111,2.33988,0.186465,0.72806,0.333176,0.00478009,5.50312e-05,0.00478009,0.190166,0.171352,0.599585,0.753902,0.0512063,0.0245717,0.0489314,0.230665,0.046657,0,0.955625,0.0794887,2.1607,0.183157,0,0.0715546,0.577137,4.61876,0.652096,0.400098,0.623358,2.44741,0.195819,0.228001,0,0.838962,0.206461,0,-0.000525361,0.24339,0.964289,0.230309,0.0502857,0.0522511,0.00499014,0.00420475,0.438946,0.0488487,5.02798,-0.912009,10.3423,0.668917,0.625722,-6.61675,-0.333333,0.00192016,-0.0672533,0.594782,14.7917,6.45833,0,0,0.666667,5.83333,0,-6.66611,0.0001,-0.00162004,0.0290107,1.57918,0.115897,57993,0.175072,213.48,1.39065
6112,2.48133,0.186594,0.732162,0.329732,0.0047636,4.40075e-05,0.0047636,0.189241,0.171384,0.596027,0.767159,0.0514223,0.0234517,0.0490474,0.22792,0.0478304,0,0.947873,0.0812291,2.16146,0.187176,0,0.0732727,0.575505,4.62055,0.654193,0.402235,0.618679,2.43424,0.197645,0.225039,0,0.854303,0.22226,0,-0.0005377,0.243012,0.964748,0.232969,0.0502019,0.0522686,0.00431249,0.00356619,0.431967,0.0488187,4.81769,-0.547985,10.5094,0.663772,0.627183,-6.89669,-0.333333,0.00156021,-0.0672477,0.603966,14.625,7.45833,0,0,0.333333,6,0,-6.66629,0.0001,-0.00163019,0.0299549,1.57887,0.116143,57995,0.175038,210.11,0.96307
6113,2.36444,0.185746,0.72675,0.332449,0.00479709,5.29938e-05,0.00479709,0.185985,0.170846,0.599633,0.752392,0.0512851,0.023634,0.0489821,0.229852,0.0475427,0,0.950619,0.0789307,2.15773,0.184989,0,0.0723463,0.571828,4.60491,0.65169,0.398071,0.622025,2.44587,0.194625,0.227111,0,0.840774,0.202654,0,-0.000543527,0.249131,0.964417,0.229743,0.0502119,0.0522361,0.00486092,0.00413325,0.434572,0.0488003,4.91154,-0.806658,10.3317,0.668979,0.624138,-6.66259,-0.333333,0.00188358,-0.0658241,0.593225,13.875,6.33333,0,0,0.416667,6,0,-6.66594,0.0001,-0.000391624,0.0300321,1.56249,0.115898,58570,0.17504,208.16,0.897356
6114,2.32916,0.189916,0.737875,0.337876,0.0047925,5.36715e-05,0.0047925,0.191525,0.173504,0.595656,0.762665,0.0512044,0.0244502,0.0489543,0.232292,0.0454052,0,0.960766,0.0803421,2.16685,0.179717,0,0.0706358,0.577985,4.62343,0.653816,0.398592,0.62089,2.43306,0.198824,0.22966,0,0.830152,0.206362,0,-0.000604337,0.239253,0.964079,0.230011,0.0502234,0.0521538,0.00445714,0.00369116,0.434865,0.048789,4.97861,-1.05975,10.2727,0.671104,0.621638,-6.53416,-0.333333,0.00187411,-0.0676602,0.601938,13.625,5.75,0,0,0.333333,4.95833,0,-6.66363,0.0001,-0.00226666,0.0325977,1.56403,0.116667,58490,0.17508,211.22,1.34398
6115,2.41913,0.188324,0.72485,0.334117,0.00478131,5.78198e-05,0.00478131,0.188894,0.170658,0.602532,0.747865,0.0513403,0.0237472,0.048979,0.232738,0.0476507,0,0.96245,0.0784697,2.15465,0.182429,0,0.0722401,0.571514,4.61095,0.653084,0.399957,0.621053,2.43286,0.197167,0.229855,0,0.822253,0.200008,0,-0.000530437,0.247983,0.964342,0.231099,0.0501773,0.052288,0.00548665,0.00470399,0.440437,0.0487843,5.14539,-0.607422,10.4752,0.664061,0.628788,-6.76499,-0.333333,0.00204521,-0.0667151,0.597153,14.3333,7.29167,0,0,0.333333,5.95833,0,-6.66141,0.0001,-0.00225143,0.0345942,1.5623,0.116621,58551,0.175077,210.74,1.28202
6116,2.3476,0.184225,0.723126,0.328587,0.00480889,4.8185e-05,0.00480889,0.184922,0.170949,0.5983,0.750329,0.0512948,0.0234789,0.0490047,0.230706,0.0492881,0,0.949208,0.079424,2.15893,0.185776,0,0.0718196,0.574537,4.60315,0.651284,0.396484,0.625112,2.44635,0.193215,0.227934,0,0.816744,0.191761,0,-0.00051444,0.252104,0.964355,0.226906,0.0503108,0.0523116,0.00558585,0.00482762,0.436683,0.0489477,5.05144,-0.825159,10.3228,0.669356,0.626054,-6.60977,-0.333333,0.00169286,-0.0649496,0.588448,15.1667,6.875,0,0,0.5,6.125,0.0416667,-6.66215,0.0001,-0.00201374,0.0365325,1.55699,0.115729,58768,0.175013,208.87,0.895097
6117,2.32795,0.183303,0.707443,0.325062,0.00480484,3.83457e-05,0.00480484,0.184235,0.1666,0.600741,0.731647,0.0511505,0.0240184,0.0488905,0.232075,0.0491782,0,0.957287,0.0777741,2.15447,0.188548,0,0.0727657,0.572999,4.60353,0.651345,0.396994,0.624419,2.44934,0.192269,0.229523,0,0.807853,0.219452,0,-0.000543134,0.251305,0.96379,0.228814,0.0501924,0.0521596,0.005464,0.0046935,0.435406,0.0487909,5.01915,-0.97466,10.2785,0.672082,0.627431,-6.53272,-0.333333,0.00135946,-0.0649307,0.578321,15.375,6.58333,0,0,0.625,6.125,0,-6.66492,0.0001,-0.00154471,0.0354638,1.56942,0.117202,58284,0.174996,209.85,1.15358
6118,2.38948,0.191079,0.742222,0.333902,0.00480349,4.89593e-05,0.00480349,0.19036,0.174898,0.598732,0.77091,0.0510606,0.0244468,0.0488353,0.231786,0.0460877,0,0.95696,0.0829446,2.14011,0.181116,0,0.0704174,0.580701,4.60711,0.65212,0.397206,0.624691,2.44505,0.20114,0.229362,0,0.829577,0.235772,0,-0.000607177,0.24144,0.963518,0.228682,0.0501572,0.0520468,0.00492074,0.00412808,0.43525,0.0486975,5.05935,-1.15526,10.1805,0.675179,0.623087,-6.4285,-0.333333,0.00168714,-0.0671302,0.606393,15.5417,6.58333,0,0,0.708333,5.04167,0,-6.66581,0.0001,-0.00265812,0.032518,1.56074,0.117252,58584,0.17499,208.85,1.20978
6119,2.4087,0.18883,0.733131,0.328474,0.00477849,3.77313e-05,0.00477849,0.186511,0.172276,0.599515,0.760859,0.0509308,0.024398,0.0486749,0.231378,0.0484751,0,0.960224,0.0815346,2.16163,0.184884,0,0.0718485,0.575559,4.61592,0.6527,0.400335,0.621715,2.43942,0.198226,0.228922,0,0.848806,0.225284,0,-0.000554578,0.249523,0.96394,0.231813,0.0500412,0.0519803,0.00545052,0.00466691,0.433255,0.0486172,4.90029,-1.02939,10.2997,0.67167,0.625923,-6.55064,-0.333333,0.00130296,-0.0660256,0.60096,15,6.29167,0,0,0.583333,5.45833,0,-6.66496,0.0001,-0.00209984,0.0315937,1.56999,0.116874,58276,0.175041,208.48,1.29245
6120,2.45516,0.185468,0.722624,0.328878,0.00478214,3.74208e-05,0.00478214,0.18969,0.170266,0.592528,0.752559,0.0513487,0.023765,0.0489997,0.229832,0.0474332,0,0.952095,0.0789948,2.14086,0.187063,0,0.0724826,0.577158,4.61349,0.6536,0.39984,0.620278,2.43478,0.194906,0.22726,0,0.834213,0.208374,0,-0.000576827,0.241577,0.964124,0.231191,0.0501313,0.0522185,0.00440235,0.00363491,0.434162,0.0487041,5.06643,-0.770438,10.3958,0.667683,0.625505,-6.72412,-0.333333,0.00133571,-0.0669945,0.585235,13.875,6.70833,0,0,0.458333,5.875,0,-6.66128,0.0001,-0.00145527,0.0303591,1.57297,0.115667,58214,0.175058,208.13,0.955289
6121,2.47142,0.183706,0.715162,0.330092,0.00479079,3.6641e-05,0.00479079,0.185545,0.16791,0.595367,0.749635,0.0516291,0.0232031,0.0492238,0.228983,0.0484676,0,0.946903,0.078992,2.16965,0.187272,0,0.0738922,0.572939,4.61217,0.65261,0.398766,0.620776,2.43571,0.194646,0.226057,0,0.806952,0.204247,0,-0.000512097,0.245102,0.964446,0.23134,0.050275,0.0524646,0.00440631,0.00367413,0.433388,0.048906,4.92179,-0.424341,10.4896,0.664396,0.627822,-6.90663,-0.333333,0.0013174,-0.0656357,0.584022,13.625,7.125,0,0,0.666667,5.54167,0,-6.66303,0.0001,-0.00260212,0.0310097,1.6003,0.117353,57231,0.175032,210.48,1.2248
6122,2.47533,0.187045,0.73821,0.328741,0.00475747,3.70627e-05,0.00475747,0.18606,0.172351,0.589981,0.769308,0.0510686,0.0240429,0.0487589,0.228957,0.0489727,0,0.953708,0.082926,2.17528,0.184986,0,0.0726806,0.579808,4.64203,0.655959,0.402978,0.616649,2.42433,0.197884,0.226226,0,0.82662,0.235666,0,-0.000573986,0.246737,0.964127,0.234595,0.0499727,0.051984,0.00442972,0.00361817,0.431627,0.0485457,4.81135,-0.803396,10.341,0.669091,0.62504,-6.76814,-0.333333,0.00129926,-0.0662497,0.595226,13.7083,7.375,0,0,0.458333,5.79167,0,-6.6631,0.0001,-0.00206636,0.0352558,1.59572,0.116219,57422,0.175079,211.94,1.08205
6123,2.46201,0.184065,0.719964,0.330162,0.00477597,5.40478e-05,0.00477597,0.187348,0.16883,0.602883,0.742559,0.0517235,0.0228588,0.0492468,0.231626,0.047256,0,0.958175,0.0780603,2.15556,0.185075,0,0.0737751,0.571203,4.60433,0.65155,0.400698,0.61997,2.43501,0.192669,0.228328,0,0.803845,0.236329,0,-0.000434148,0.2472,0.96459,0.23214,0.050316,0.052606,0.00499029,0.00422346,0.434374,0.0489644,5.17726,-0.156152,10.6536,0.658634,0.629724,-7.07232,-0.333333,0.0018579,-0.0663585,0.598595,13.4583,7.5,0,0,0.416667,5.70833,0,-6.66023,0.0001,-0.00182724,0.0356558,1.57043,0.116773,58264,0.175083,210.1,1.04308
6124,2.48139,0.184673,0.712264,0.335418,0.0048057,5.83578e-05,0.0048057,0.187818,0.168077,0.599488,0.734173,0.0521072,0.0220128,0.049626,0.232619,0.0471585,0,0.955637,0.0756445,2.13973,0.184606,0,0.0736352,0.572082,4.58903,0.649852,0.396884,0.6246,2.45329,0.191435,0.229375,0,0.810815,0.191317,0,-0.00040609,0.242336,0.965041,0.225848,0.0507279,0.0529428,0.00471561,0.00393986,0.433227,0.0493812,5.19279,-0.112572,10.6465,0.658388,0.630001,-7.03703,-0.333333,0.0020028,-0.06609,0.581383,12.9583,7.54167,0,0,0.416667,6.875,0,-6.66018,0.0001,-0.00262169,0.0351475,1.57208,0.120053,58094,0.175106,207.92,1.06818
6125,2.48666,0.190272,0.735339,0.339399,0.00478213,6.21407e-05,0.00478213,0.191166,0.172399,0.599859,0.758678,0.0515868,0.0226387,0.049178,0.234107,0.0456899,0,0.968426,0.0804589,2.1583,0.178643,0,0.0725364,0.575889,4.61663,0.65317,0.399857,0.620255,2.44035,0.198462,0.230972,0,0.819857,0.198862,0,-0.000517313,0.242339,0.964514,0.231739,0.0502458,0.0523952,0.00494889,0.00415253,0.436128,0.0488905,5.16574,-0.358512,10.524,0.661823,0.62372,-6.94985,-0.333333,0.00218953,-0.0677224,0.599713,15.7083,8.79167,0,0,0.708333,6.5,0,-6.65897,0.0001,-0.00206939,0.0334069,1.58525,0.11861,57695,0.175145,213.76,1.35118
6126,2.46199,0.186359,0.724677,0.330794,0.00479371,5.61405e-05,0.00479371,0.187568,0.170844,0.601612,0.753724,0.0511721,0.0242242,0.0488923,0.231903,0.047441,0,0.958254,0.0803953,2.13701,0.18516,0,0.0721319,0.576169,4.61185,0.652927,0.39839,0.622726,2.44508,0.195484,0.229403,0,0.832864,0.220449,0,-0.00057769,0.247688,0.963717,0.228563,0.0502142,0.0521768,0.00503194,0.004268,0.434444,0.0487929,5.05315,-1.03124,10.2974,0.671628,0.626045,-6.52513,-0.333333,0.00200739,-0.0661525,0.594099,15.3333,7.04167,0,0,0.666667,4.54167,0,-6.65866,0.0001,-0.00288715,0.0331263,1.60586,0.119335,56981,0.175169,211.16,1.27432
6127,2.45019,0.186873,0.728823,0.32782,0.00476017,4.2659e-05,0.00476017,0.186424,0.170732,0.593473,0.756108,0.051065,0.024018,0.0487582,0.230195,0.0496129,0,0.957483,0.0804882,2.15129,0.187363,0,0.0727151,0.581102,4.63146,0.654929,0.402598,0.618732,2.42667,0.196806,0.22754,0,0.826291,0.216958,0,-0.000602832,0.24861,0.963858,0.23201,0.0499993,0.0519604,0.00493204,0.00413533,0.435584,0.0485687,5.02449,-0.877682,10.3566,0.669285,0.623496,-6.72233,-0.333333,0.00151843,-0.0662383,0.588875,15.6667,8.33333,0,0,0.458333,6.375,0,-6.65639,0.0001,-0.000140497,0.0316441,1.57181,0.115773,58251,0.17521,210.56,1.08835
6128,2.44391,0.190176,0.738235,0.335065,0.00478893,5.73615e-05,0.00478893,0.189627,0.17442,0.601284,0.76481,0.0511639,0.0248297,0.0489211,0.231387,0.0457152,0,0.957743,0.0809708,2.16922,0.180499,0,0.0709138,0.576037,4.61241,0.652748,0.398989,0.622594,2.44289,0.199501,0.229111,0,0.862613,0.183832,0,-0.000567937,0.242077,0.963112,0.228683,0.0503056,0.0522533,0.00453273,0.00374852,0.431822,0.0488021,4.88967,-1.24881,10.2524,0.674138,0.627859,-6.4197,-0.333333,0.00197241,-0.0667739,0.605044,15.4167,7.20833,0,0,0.791667,4.5,0,-6.65348,0.0001,-0.00214193,0.034258,1.56827,0.116994,58331,0.175257,208.11,1.10304
6129,2.35028,0.183554,0.715445,0.326474,0.00480488,5.62856e-05,0.00480488,0.185704,0.168614,0.59839,0.751254,0.0509591,0.0246597,0.0487855,0.231388,0.04868,0,0.95655,0.0814177,2.17501,0.183,0,0.0706217,0.569846,4.60157,0.651871,0.396999,0.623863,2.45275,0.195447,0.229264,0,0.815253,0.232283,0,-0.000492373,0.247604,0.963134,0.225861,0.0503455,0.0521642,0.00489646,0.00412465,0.431463,0.0488759,4.79968,-1.39163,10.1839,0.676711,0.62512,-6.28045,-0.333333,0.00197911,-0.0654325,0.584184,15.0833,6.5,0,0,0.666667,4.20833,0,-6.65137,0.0001,-0.00249012,0.0318903,1.57985,0.117629,57911,0.175319,207.82,1.15388
6130,2.38083,0.187148,0.72213,0.335789,0.00478625,5.58812e-05,0.00478625,0.187338,0.169509,0.60046,0.75183,0.0509604,0.0244584,0.0487326,0.232817,0.0473113,0,0.964333,0.0793158,2.16307,0.180796,0,0.0708471,0.575035,4.6157,0.653091,0.399336,0.620699,2.44585,0.197254,0.2304,0,0.808879,0.208512,0,-0.000505912,0.246195,0.9634,0.2287,0.0502095,0.0520622,0.00506691,0.00423591,0.429966,0.0487512,4.86199,-1.17671,10.2139,0.675038,0.622484,-6.44232,-0.333333,0.00193233,-0.0663144,0.593412,15.5833,7.54167,0,0,0.375,5.20833,0,-6.64768,0.0001,-0.00313149,0.033007,1.58785,0.117457,57645,0.175397,210.35,1.19461
6131,2.41062,0.177969,0.698985,0.320132,0.00480972,4.56602e-05,0.00480972,0.18068,0.164818,0.593129,0.723694,0.0511434,0.0239798,0.0488915,0.230044,0.0526327,0,0.948092,0.0764399,2.15429,0.196607,0,0.0738913,0.569805,4.60359,0.652334,0.396393,0.623443,2.455,0.186112,0.227535,0,0.776354,0.202958,0,-0.000477258,0.253306,0.963561,0.225465,0.0503424,0.0522221,0.00443553,0.00368014,0.433231,0.048895,4.99586,-0.980646,10.2709,0.67249,0.626264,-6.50187,-0.333333,0.00156249,-0.0635856,0.563473,12.75,6.95833,0,0,0.791667,4.95833,0,-6.64401,0.0001,-0.00151714,0.0329928,1.56881,0.116907,58315,0.175442,208.48,1.14123
6132,2.44218,0.187584,0.736561,0.332386,0.00477756,3.19988e-05,0.00477756,0.18853,0.17325,0.594167,0.762419,0.0508759,0.0244565,0.0486468,0.230543,0.0487557,0,0.956527,0.0805822,2.16874,0.188201,0,0.071733,0.574294,4.62392,0.654781,0.400416,0.619666,2.43429,0.196965,0.228191,0,0.832793,0.201575,0,-0.000568622,0.244208,0.963351,0.231352,0.0500082,0.0519162,0.004468,0.00370432,0.433007,0.048511,4.87015,-1.12559,10.2745,0.673794,0.628827,-6.46164,-0.333333,0.00111619,-0.0666257,0.599376,14,6.5,0,0,0.5,5.04167,0,-6.64203,0.0001,-0.0012267,0.0342571,1.56946,0.115908,58328,0.175449,210.36,1.24484
6133,2.41068,0.18469,0.710777,0.331487,0.0048099,7.17395e-05,0.0048099,0.188505,0.168173,0.599886,0.735712,0.0510541,0.0242133,0.0488176,0.233356,0.0474394,0,0.962951,0.0771431,2.16224,0.187129,0,0.0718793,0.576766,4.6112,0.652183,0.396357,0.624158,2.45548,0.194485,0.231271,0,0.808464,0.198441,0,-0.000655065,0.242988,0.963099,0.22691,0.0501016,0.0520542,0.00437801,0.00363339,0.434235,0.0486043,5.14064,-1.21568,10.2354,0.674683,0.62791,-6.32786,-0.333333,0.00251908,-0.0662104,0.582562,14.5833,6.625,0,0,0.458333,4.91667,0,-6.64164,0.0001,-0.000270686,0.0335957,1.58541,0.117124,57739,0.175414,206.88,0.945389
6134,2.46716,0.190137,0.746381,0.334236,0.0047792,7.49052e-05,0.0047792,0.188974,0.175463,0.594976,0.770013,0.0511577,0.0236486,0.0488363,0.232629,0.0493322,0,0.965203,0.0821378,2.15182,0.185368,0,0.0728933,0.57565,4.61351,0.653144,0.400216,0.620798,2.43654,0.199778,0.230034,0,0.858145,0.233307,0,-0.000534965,0.248867,0.963808,0.231107,0.0500746,0.0521284,0.00535881,0.00462639,0.435575,0.048678,5.16256,-0.855472,10.3541,0.669989,0.627464,-6.66195,-0.333333,0.00265116,-0.0668329,0.602832,15.0833,7.5,0,0,0.416667,5.45833,0,-6.64312,0.0001,0.000692476,0.0331844,1.60974,0.121577,56780,0.175446,211.06,1.33795
6135,2.45581,0.188532,0.745621,0.33438,0.00476562,5.1981e-05,0.00476562,0.189064,0.17438,0.596805,0.771547,0.05125,0.023342,0.0489193,0.232075,0.046689,0,0.964419,0.0820711,2.13727,0.181082,0,0.0715016,0.579333,4.62544,0.654075,0.401944,0.62127,2.43602,0.19815,0.229303,0,0.862305,0.232948,0,-0.000508864,0.242695,0.964056,0.231463,0.0501929,0.0521824,0.00489325,0.00409313,0.433881,0.0487774,5.11489,-0.754665,10.3646,0.668451,0.621685,-6.78836,-0.333333,0.00181501,-0.0671936,0.606703,13.8333,7.83333,0,0,0.958333,6.25,0,-6.63966,0.0001,-0.0022152,0.0325284,1.60843,0.121296,56832,0.175511,215,1.31437
6136,2.42316,0.187967,0.744688,0.328165,0.00475199,5.15757e-05,0.00475199,0.186576,0.174066,0.595621,0.777459,0.051054,0.0237233,0.0487634,0.229378,0.047748,0,0.955044,0.0839015,2.13886,0.183857,0,0.0719447,0.57968,4.62458,0.654707,0.403625,0.618756,2.42924,0.198764,0.226494,0,0.840787,0.222147,0,-0.000555853,0.244604,0.964273,0.234472,0.0500019,0.0519493,0.00463772,0.0038374,0.4344,0.0485793,5.04138,-0.800002,10.3621,0.667262,0.618886,-6.79935,-0.333333,0.00179933,-0.0663884,0.606891,15.125,8.41667,0,0,0.541667,6.54167,0,-6.63526,0.0001,-0.00236798,0.0340027,1.58109,0.12022,57781,0.175563,211.71,1.15577
6137,2.43263,0.188622,0.739186,0.335582,0.00474541,5.66296e-05,0.00474541,0.190084,0.172694,0.598094,0.763283,0.0509591,0.0239296,0.0486584,0.230148,0.0478906,0,0.959741,0.0803071,2.13501,0.186132,0,0.0724608,0.5819,4.63815,0.656275,0.404451,0.617109,2.42245,0.197794,0.227511,0,0.846673,0.207412,0,-0.00065339,0.24293,0.964142,0.234296,0.0499029,0.0518336,0.00481857,0.00407331,0.434767,0.0484891,4.9916,-0.927382,10.333,0.668652,0.620467,-6.72889,-0.333333,0.00200692,-0.0675116,0.602974,14.5,7.625,0,0,0.625,5.75,0,-6.63324,0.0001,-0.00269811,0.0330739,1.5656,0.120412,58305,0.175545,212,1.37883
6138,2.41665,0.186679,0.733095,0.330199,0.00476468,5.39423e-05,0.00476468,0.188275,0.172024,0.596821,0.761825,0.0510269,0.0241822,0.0487486,0.230865,0.0480387,0,0.959661,0.0808954,2.15301,0.184992,0,0.0726309,0.575628,4.6268,0.6537,0.402035,0.620242,2.43371,0.196504,0.228251,0,0.841757,0.215577,0,-0.000582956,0.245622,0.964349,0.233286,0.0500216,0.0519725,0.0048606,0.00413613,0.432212,0.0485978,4.89884,-0.972165,10.2776,0.671522,0.622004,-6.6591,-0.333333,0.00185748,-0.0667144,0.59382,16,8.04167,0,0,0.541667,5.95833,0,-6.63478,0.0001,-0.00179943,0.0300176,1.57675,0.118229,57997,0.175505,212.03,1.12647
6139,2.37389,0.189226,0.744564,0.331509,0.00476891,4.94608e-05,0.00476891,0.189277,0.174818,0.601406,0.775449,0.0507659,0.0247091,0.0485415,0.231838,0.0503178,0,0.96341,0.0835288,2.15977,0.185016,0,0.0718376,0.577805,4.6403,0.655217,0.401502,0.621027,2.43852,0.199862,0.229431,0,0.847719,0.251146,0,-0.000507471,0.246821,0.963835,0.232194,0.0500387,0.0518736,0.00533581,0.00456432,0.438178,0.0486091,5.02124,-1.21477,10.201,0.674295,0.622049,-6.49576,-0.333333,0.00173022,-0.0670282,0.610994,14,6.375,0,0,0.25,5.29167,0,-6.6364,0.0001,0.00122882,0.0310038,1.57916,0.11715,57951,0.175516,213.34,1.42466
6140,2.35556,0.190701,0.74528,0.339369,0.00481398,6.57712e-05,0.00481398,0.188707,0.176175,0.603382,0.767341,0.0512936,0.0245425,0.0490405,0.23296,0.0476068,0,0.959248,0.0812477,2.1455,0.183015,0,0.0713802,0.576248,4.60205,0.651009,0.395865,0.626893,2.45906,0.198462,0.230484,0,0.841621,0.215452,0,-0.000549774,0.243497,0.964125,0.226173,0.0503887,0.0523282,0.00504017,0.00430334,0.436814,0.0489531,5.13771,-1.1499,10.1532,0.674862,0.620619,-6.42622,-0.333333,0.00226411,-0.0662847,0.608702,14.3333,6.125,0,0,0.333333,5.83333,0,-6.63521,0.0001,-0.00143827,0.0325389,1.56277,0.11734,58510,0.175555,208.71,1.37396
6141,2.39829,0.187332,0.741285,0.334179,0.00478204,5.45212e-05,0.00478204,0.185249,0.174029,0.59936,0.771144,0.0512239,0.0242313,0.0489063,0.231129,0.0511222,0,0.95707,0.0823947,2.14599,0.187966,0,0.0734575,0.575527,4.61686,0.653257,0.399868,0.620754,2.43338,0.196656,0.228152,0,0.837953,0.250708,0,-0.000557049,0.249097,0.964,0.230215,0.0501678,0.0521445,0.00513411,0.00437574,0.436916,0.0487421,5.21774,-0.843165,10.3047,0.670285,0.623994,-6.67983,-0.333333,0.0019514,-0.0656318,0.605686,14.1667,6.66667,0,0,0.0833333,5.91667,0,-6.633,0.0001,-0.00195197,0.0351923,1.57428,0.117205,58117,0.175592,211.02,1.2518
6142,2.41749,0.186166,0.727336,0.335299,0.00479504,7.12661e-05,0.00479504,0.188753,0.171108,0.594296,0.753572,0.0514362,0.0235547,0.0490892,0.23359,0.0484072,0,0.963215,0.0792543,2.13059,0.185286,0,0.0733735,0.574547,4.61682,0.65315,0.398275,0.620358,2.44112,0.194255,0.230527,0,0.833985,0.220365,0,-0.00053232,0.243362,0.964554,0.229043,0.0502996,0.0522947,0.00476346,0.00396841,0.438425,0.048897,5.38037,-0.722237,10.2948,0.66844,0.621994,-6.76324,-0.333333,0.00248608,-0.0666426,0.587755,14.2917,7.125,0,0,0.541667,6.29167,0,-6.63235,0.0001,-0.00194159,0.0345096,1.56999,0.116785,58279,0.175613,209.13,1.11258
6143,2.45156,0.191474,0.752533,0.338571,0.00475128,7.42884e-05,0.00475128,0.189831,0.176142,0.598783,0.785426,0.0512587,0.0236656,0.0488768,0.231724,0.0479429,0,0.963344,0.0848938,2.12065,0.183918,0,0.0730913,0.581929,4.63009,0.655623,0.403715,0.616293,2.41669,0.201921,0.228378,0,0.852815,0.253176,0,-0.00056242,0.245233,0.965256,0.234503,0.049943,0.0520288,0.00557226,0.00477464,0.443861,0.0486164,5.41941,-0.543387,10.32,0.666032,0.615264,-7.03506,-0.333333,0.00261548,-0.0675529,0.61528,14.625,7.58333,0,0,0.416667,6.66667,0,-6.63096,0.0001,-0.00242738,0.0331497,1.56961,0.116647,58297,0.17563,212.39,1.32303
6144,2.42028,0.186226,0.723094,0.338527,0.00480967,6.5871e-05,0.00480967,0.186978,0.170615,0.598352,0.750289,0.0515677,0.0232981,0.0492302,0.231487,0.048688,0,0.952168,0.0789426,2.13728,0.186459,0,0.0729717,0.573282,4.60932,0.652434,0.396391,0.623349,2.45314,0.194969,0.228415,0,0.811696,0.247382,0,-0.000431758,0.244846,0.964844,0.227023,0.0505039,0.0525361,0.00483337,0.00407076,0.440903,0.04912,5.37811,-0.737432,10.2946,0.667608,0.621512,-6.73581,-0.333333,0.00235359,-0.0658082,0.58776,14.7083,7.41667,0,0,0.25,6.125,0,-6.62992,0.0001,-0.00193516,0.0346885,1.56846,0.116841,58330,0.175622,209.08,0.93195
6145,2.39818,0.189844,0.762718,0.334203,0.00475445,6.405e-05,0.00475445,0.189734,0.178283,0.600851,0.792647,0.0511978,0.0241187,0.0488565,0.231287,0.0490767,0,0.96176,0.0863501,2.13531,0.184555,0,0.0726649,0.578246,4.63272,0.655897,0.403343,0.617761,2.42208,0.200032,0.228128,0,0.853361,0.262865,0,-0.000575709,0.243664,0.964786,0.233373,0.0500805,0.0520653,0.00535175,0.00455192,0.443063,0.0486999,5.35531,-0.766803,10.2634,0.668933,0.618224,-6.85876,-0.333333,0.00227517,-0.0675275,0.625717,14.75,7.375,0,0,0.291667,6.16667,0,-6.62979,0.0001,-0.00261991,0.0335094,1.5723,0.117542,58173,0.175552,209.09,1.15977
6146,2.34875,0.187283,0.727526,0.336584,0.00479492,9.2232e-05,0.00479492,0.187979,0.171602,0.601887,0.747326,0.0511782,0.0244095,0.0489156,0.233394,0.0486075,0,0.963957,0.0784399,2.13646,0.186398,0,0.0721723,0.574321,4.60806,0.652361,0.398237,0.622856,2.45292,0.195285,0.230779,0,0.843924,0.188588,0,-0.000506824,0.244235,0.964433,0.228766,0.0503382,0.0522483,0.00502378,0.0042652,0.442252,0.0489276,5.2427,-1.17182,10.1464,0.673391,0.620365,-6.48008,-0.333333,0.00328707,-0.0662127,0.597082,16.1667,7.04167,0,0,0.5,5.79167,0,-6.63419,0.0001,-0.0025153,0.0293784,1.56461,0.117881,58427,0.175478,207.46,1.26661
6147,2.48311,0.194544,0.7734,0.339443,0.00475407,6.72642e-05,0.00475407,0.194027,0.181059,0.590636,0.796781,0.0509799,0.0247594,0.0487104,0.231775,0.0456836,0,0.965406,0.0855205,2.13608,0.178522,0,0.0705974,0.577823,4.64495,0.657733,0.403385,0.614264,2.4145,0.203744,0.229035,0,0.885003,0.242321,0,-0.000575699,0.236203,0.964653,0.233933,0.0500662,0.0519328,0.00482819,0.00405589,0.441015,0.0486424,5.15224,-1.14636,10.1399,0.673481,0.61961,-6.64566,-0.333333,0.00237163,-0.0689839,0.623974,15.2917,7,0,0,0.166667,5.58333,0,-6.63851,0.0001,-0.00183245,0.0321113,1.58287,0.116231,57856,0.175447,212.6,1.46843
6148,2.39281,0.18596,0.711248,0.332709,0.00477633,6.86725e-05,0.00477633,0.185992,0.167207,0.596969,0.733674,0.0509332,0.0240597,0.0486855,0.231157,0.0507259,0,0.957128,0.0764436,2.13665,0.187511,0,0.0721485,0.575454,4.62,0.65384,0.400573,0.618636,2.43111,0.194918,0.228216,0,0.831308,0.166817,0,-0.000554767,0.249775,0.96436,0.231337,0.0500176,0.0519221,0.00552896,0.00472889,0.446692,0.0486315,5.35151,-1.03598,10.1878,0.671348,0.622136,-6.62212,-0.333333,0.00238087,-0.0657856,0.579456,14.375,6.33333,0,0,0.25,5.33333,0,-6.63915,0.0001,-0.0019096,0.032327,1.58078,0.115539,57951,0.175497,211.33,0.999263
6149,2.3281,0.187657,0.734325,0.33809,0.0047922,7.52852e-05,0.0047922,0.188254,0.173289,0.597889,0.757804,0.0511269,0.0244612,0.0488714,0.231463,0.0490664,0,0.955642,0.0795014,2.1274,0.185121,0,0.0717353,0.574848,4.61142,0.652867,0.39858,0.622683,2.44426,0.195378,0.22877,0,0.852654,0.190166,0,-0.000566229,0.247155,0.96469,0.228934,0.0502359,0.052148,0.00541976,0.00467139,0.442227,0.0488444,5.2211,-1.16266,10.1583,0.672117,0.620974,-6.51573,-0.333333,0.00263523,-0.0662661,0.597531,15.0833,6.29167,0,0,0.541667,6.375,0,-6.63674,0.0001,-0.00254858,0.0342822,1.59279,0.120085,57391,0.175539,209.85,1.03379
6150,2.36843,0.18774,0.727423,0.337731,0.00477488,8.69623e-05,0.00477488,0.186821,0.17102,0.594848,0.752843,0.0510095,0.0245887,0.048753,0.232724,0.0505458,0,0.964297,0.0790795,2.14862,0.186877,0,0.0726235,0.575184,4.61832,0.653627,0.400752,0.620539,2.44254,0.197657,0.229845,0,0.836273,0.212128,0,-0.000542467,0.248519,0.964614,0.2306,0.0501651,0.0520976,0.00605211,0.00525743,0.446225,0.0487582,5.30659,-1.06234,10.1723,0.67237,0.620721,-6.58471,-0.333333,0.00302443,-0.0661103,0.593897,13.5,5.45833,0,0,0.208333,5.66667,0,-6.63856,0.0001,-0.00233953,0.0313575,1.645,0.11964,55707,0.175491,209.92,1.10502
6151,2.39615,0.182572,0.714527,0.330299,0.00481352,6.27879e-05,0.00481352,0.185663,0.168483,0.596532,0.734494,0.0513763,0.0240047,0.0491024,0.231699,0.048131,0,0.953571,0.0768903,2.12563,0.184185,0,0.0719127,0.571093,4.60177,0.65003,0.395912,0.624201,2.45875,0.190973,0.228808,0,0.834808,0.176489,0,-0.000512657,0.246189,0.964012,0.225211,0.0504813,0.0523965,0.00490841,0.0041596,0.440283,0.0490517,5.30079,-1.02141,10.186,0.673152,0.626843,-6.52833,-0.333333,0.00223798,-0.0653492,0.579088,15.7917,7,0,0,0.291667,5.625,0,-6.64084,0.0001,-0.00242009,0.0331856,1.58557,0.11569,57783,0.175472,209.94,1.12696
6152,2.35407,0.197978,0.777418,0.347361,0.004725,8.39361e-05,0.004725,0.197664,0.18128,0.595188,0.806115,0.0508353,0.0246999,0.0485468,0.231869,0.0450912,0,0.969705,0.087536,2.12037,0.175678,0,0.0705127,0.581757,4.64288,0.657275,0.407012,0.613342,2.40743,0.207808,0.228788,0,0.871326,0.265032,0,-0.000593309,0.235043,0.965372,0.238532,0.0498358,0.0517266,0.00526837,0.00449735,0.443247,0.0484522,5.19828,-0.963796,10.1862,0.669981,0.612789,-6.84764,-0.333333,0.00300113,-0.0705543,0.635504,13.9583,5.91667,0,0,0.208333,6.58333,0,-6.64103,0.0001,-0.00136898,0.0352936,1.57496,0.119715,58007,0.175465,214.02,1.46724
6153,2.31945,0.187218,0.733621,0.334404,0.00480801,6.9719e-05,0.00480801,0.188951,0.172337,0.599624,0.75424,0.0511464,0.0236787,0.0489198,0.231921,0.0482254,0,0.956408,0.0794123,2.11956,0.186464,0,0.0717124,0.574157,4.60775,0.652093,0.396743,0.622789,2.45608,0.195987,0.228986,0,0.834297,0.21019,0,-0.000562017,0.242752,0.964589,0.228729,0.0502553,0.0520958,0.00474395,0.00403017,0.442477,0.0488539,5.38174,-1.04419,10.0539,0.674636,0.619081,-6.55267,-0.333333,0.00246246,-0.0668275,0.596542,15.875,6.75,0,0,0.25,6.08333,0,-6.63962,0.0001,-0.00228211,0.0346314,1.59962,0.120517,57148,0.175466,209.25,1.23484
6154,2.3485,0.191277,0.750984,0.341123,0.00476545,8.46259e-05,0.00476545,0.190842,0.17578,0.595804,0.77792,0.0506413,0.0250483,0.0484616,0.232335,0.0483419,0,0.966053,0.0839769,2.14857,0.182443,0,0.0708757,0.577949,4.6295,0.655773,0.40194,0.618057,2.42321,0.201087,0.229666,0,0.842636,0.244358,0,-0.000609183,0.244952,0.964442,0.234106,0.049882,0.0517209,0.00523852,0.00447185,0.440869,0.048453,5.07262,-1.40077,10.0227,0.677713,0.618424,-6.44546,-0.333333,0.00296532,-0.0677866,0.610268,17.7083,7.66667,0,0,0.25,6.125,0,-6.63908,0.0001,-0.00238124,0.0314425,1.6007,0.117116,57226,0.175476,208.15,1.24389
6155,2.24826,0.18835,0.733633,0.336671,0.00477854,8.72721e-05,0.00477854,0.186273,0.172342,0.599412,0.756352,0.0509413,0.0241061,0.0487037,0.231902,0.0503636,0,0.960314,0.0799524,2.13578,0.188865,0,0.07294,0.572536,4.6202,0.653692,0.400327,0.619768,2.43294,0.196026,0.229005,0,0.845528,0.191756,0,-0.000538309,0.25008,0.965224,0.232002,0.0500365,0.0519197,0.00486678,0.0041737,0.440846,0.0486709,5.08635,-1.06294,10.1029,0.672783,0.61943,-6.63369,-0.333333,0.00303811,-0.0657911,0.60026,13.2917,5.625,0,0,0.125,5.54167,0,-6.64082,0.0001,-0.00195696,0.0300442,1.60352,0.117022,57135,0.175456,208.8,1.05502
6156,2.31584,0.190355,0.751539,0.338479,0.00477386,9.38655e-05,0.00477386,0.192663,0.176797,0.598728,0.77386,0.051255,0.0240853,0.0489741,0.232614,0.0462013,0,0.964118,0.0821852,2.11716,0.180507,0,0.0717302,0.574942,4.61811,0.653626,0.40089,0.61977,2.4393,0.198542,0.229679,0,0.85931,0.223895,0,-0.000521739,0.240708,0.96497,0.231504,0.0502989,0.0522418,0.00499251,0.00425631,0.444064,0.0488947,5.24572,-0.961127,10.1546,0.671525,0.619552,-6.67559,-0.333333,0.00334105,-0.0682328,0.611346,14.5833,6,0,0,0.25,6.20833,0,-6.64101,0.0001,-0.00254776,0.0335841,1.5864,0.116846,57715,0.17547,211.79,1.24989
6157,2.27856,0.185564,0.722046,0.336564,0.0048008,9.54909e-05,0.0048008,0.187589,0.169463,0.600353,0.742163,0.0512268,0.0238977,0.0489707,0.231721,0.047586,0,0.957255,0.0769433,2.12815,0.185485,0,0.0720945,0.572094,4.61676,0.651694,0.397593,0.623617,2.45216,0.191887,0.228705,0,0.827769,0.196171,0,-0.000495399,0.244228,0.964963,0.229438,0.0503009,0.0521809,0.00466876,0.00399053,0.442887,0.0489371,5.34531,-0.932582,10.0698,0.673275,0.616006,-6.69483,-0.333333,0.00336669,-0.0663653,0.587443,14.4167,5.91667,0,0,0.125,6.04167,0,-6.63884,0.0001,-0.00107358,0.0335027,1.58509,0.117884,57724,0.175495,208.64,1.19207
6158,2.3111,0.187506,0.737929,0.337631,0.00475133,7.96287e-05,0.00475133,0.190799,0.172073,0.600837,0.754809,0.0509559,0.0243045,0.0486726,0.231831,0.0469303,0,0.964572,0.0798633,2.13614,0.181014,0,0.071584,0.573061,4.638,0.656105,0.403708,0.615542,2.41987,0.194831,0.228732,0,0.815128,0.213734,0,-0.000574839,0.242391,0.96528,0.236062,0.049902,0.0518348,0.00509273,0.00438435,0.443847,0.0485377,5.25311,-0.879477,10.1156,0.671512,0.617817,-6.85301,-0.333333,0.0028357,-0.0679495,0.604621,14.2917,6.125,0,0,0.0833333,6.95833,0,-6.6351,0.0001,-0.00216549,0.0321153,1.59299,0.117473,57472,0.175531,209.77,1.11555
6159,2.3569,0.18641,0.715704,0.339208,0.004796,0.000105727,0.004796,0.182699,0.168286,0.596923,0.730871,0.0511305,0.0241992,0.048878,0.235129,0.050215,0,0.970572,0.0764709,2.14198,0.188474,0,0.0730582,0.569917,4.60849,0.652536,0.398126,0.621489,2.44036,0.193352,0.232132,0,0.807835,0.169015,0,-0.000566515,0.250784,0.964488,0.227327,0.0502746,0.0521063,0.00534791,0.004578,0.439924,0.0488891,5.27232,-1.05991,10.1233,0.673599,0.62439,-6.58204,-0.333333,0.00371583,-0.0645839,0.579672,15.0833,6.29167,0,0,0.291667,5.66667,0,-6.63493,0.0001,-0.00210694,0.0334314,1.61038,0.118166,56870,0.175504,214.31,1.48972
6160,2.33433,0.189177,0.728341,0.338907,0.0047825,8.38496e-05,0.0047825,0.18877,0.171482,0.598907,0.751347,0.0506337,0.0252907,0.0484992,0.232324,0.0493395,0,0.962,0.0795176,2.13639,0.185888,0,0.0711261,0.580005,4.62954,0.654251,0.399804,0.621064,2.43748,0.197767,0.229569,0,0.843442,0.211576,0,-0.000615424,0.245168,0.96418,0.230264,0.0500027,0.0517012,0.00537621,0.00456766,0.443377,0.0485833,5.25836,-1.51464,9.9157,0.680319,0.619416,-6.35456,-0.333333,0.00294859,-0.0668269,0.595391,15.0417,5.5,0,0,0.333333,5.41667,0,-6.63705,0.0001,-0.00225778,0.0345524,1.61045,0.117032,56905,0.175496,211.99,1.26478
6161,2.32197,0.186765,0.731873,0.339578,0.00479526,0.00011577,0.00479526,0.185253,0.172013,0.598405,0.753675,0.0507704,0.024979,0.0486104,0.233819,0.0505204,0,0.965626,0.0798565,2.13636,0.184562,0,0.0709715,0.575841,4.61938,0.653477,0.398233,0.622087,2.44157,0.194703,0.231118,0,0.81851,0.201185,0,-0.000594389,0.250768,0.964147,0.227057,0.0501692,0.0518605,0.00575892,0.00496857,0.440309,0.0487442,5.16662,-1.43033,9.9787,0.679906,0.624182,-6.34202,-0.333333,0.00401943,-0.0654381,0.593679,15.1667,5.91667,0,0,0.291667,5.29167,0,-6.63762,0.0001,-0.00238979,0.0341654,1.6072,0.119011,56947,0.175496,209.1,1.02506
6162,2.3318,0.18919,0.739332,0.343049,0.00481229,0.000105772,0.00481229,0.187377,0.174917,0.595855,0.754139,0.050924,0.0251749,0.0487794,0.233547,0.0482506,0,0.962092,0.0785149,2.12279,0.186426,0,0.0707158,0.574034,4.60864,0.652181,0.396158,0.62322,2.44529,0.196226,0.231179,0,0.839661,0.173414,0,-0.000556581,0.243707,0.963899,0.224976,0.0504327,0.0521139,0.00502309,0.00422812,0.438479,0.0489781,5.18069,-1.64147,9.90904,0.682283,0.624394,-6.17161,-0.333333,0.00364995,-0.0658145,0.597202,15.8333,5.25,0,0,0.166667,5.375,0,-6.63846,0.0001,-0.000150048,0.0353763,1.63036,0.11891,56197,0.175484,209.13,1.33216
6163,2.32785,0.190371,0.734906,0.342791,0.00476867,0.000113794,0.00476867,0.187246,0.171914,0.596495,0.758486,0.0504744,0.0253164,0.0483219,0.233756,0.0492288,0,0.97128,0.0814144,2.16116,0.18595,0,0.0712479,0.573821,4.63042,0.654089,0.401598,0.618875,2.43334,0.199059,0.231149,0,0.817906,0.212692,0,-0.000646471,0.248735,0.964359,0.23213,0.0497855,0.0515054,0.00542192,0.00458346,0.437776,0.0483421,5.03248,-1.43401,9.95053,0.679928,0.621757,-6.43154,-0.333333,0.00398675,-0.0665925,0.596931,16.0833,6.20833,0,0,0.166667,5.75,0,-6.64115,0.0001,-0.00299586,0.0321954,1.61971,0.118196,56564,0.175439,210.85,1.30184
6164,2.29626,0.185162,0.728832,0.334287,0.00478424,9.91452e-05,0.00478424,0.184197,0.170796,0.595895,0.751722,0.0508736,0.0245001,0.048657,0.23043,0.0508462,0,0.953853,0.080055,2.15408,0.188286,0,0.072024,0.571503,4.62005,0.654251,0.399597,0.620091,2.44032,0.193837,0.227607,0,0.815872,0.21528,0,-0.000535929,0.248264,0.964736,0.230218,0.0501548,0.0519569,0.00481009,0.00400961,0.438174,0.0487254,5.1056,-1.28012,10.0151,0.676983,0.621454,-6.51491,-0.333333,0.00347183,-0.0652838,0.593318,13.9167,5.41667,0,0,0.208333,5.20833,0,-6.64373,0.0001,-0.00269335,0.037584,1.62051,0.118313,56534,0.175401,209.81,1.06962
6165,2.36437,0.185411,0.708153,0.341244,0.00481151,9.9538e-05,0.00481151,0.188024,0.16687,0.600071,0.727483,0.0510916,0.0243082,0.048859,0.233603,0.0495184,0,0.961926,0.076517,2.13229,0.186983,0,0.072067,0.571576,4.62274,0.653074,0.396161,0.624253,2.44723,0.192702,0.23083,0,0.780823,0.221157,0,-0.000542452,0.248761,0.96442,0.226827,0.0503045,0.0521239,0.00584734,0.00508733,0.440107,0.0489272,5.34317,-1.19283,10.0528,0.676847,0.625688,-6.4581,-0.333333,0.00342082,-0.066198,0.573844,14.5833,5.95833,0,0,0.125,4.91667,0,-6.64092,0.0001,-0.00224282,0.0344804,1.59737,0.118814,57280,0.175459,210.9,1.1416
6166,2.32804,0.181774,0.714,0.331973,0.00478127,9.02304e-05,0.00478127,0.183027,0.167135,0.600035,0.733338,0.0507599,0.02492,0.0485902,0.230989,0.051559,0,0.957367,0.0769086,2.12432,0.190045,0,0.0723343,0.574857,4.61685,0.653441,0.399966,0.620753,2.43517,0.190183,0.228274,0,0.823948,0.196263,0,-0.000555405,0.252238,0.964424,0.229262,0.0501533,0.0518576,0.00580036,0.00501744,0.440548,0.0487278,5.26157,-1.35422,9.98767,0.6788,0.622226,-6.44285,-0.333333,0.00320604,-0.0650318,0.58324,16.375,6.08333,0,0,0.166667,5.45833,0,-6.63421,0.0001,-0.00277536,0.0337159,1.60077,0.118961,57162,0.175546,208.43,0.897763
6167,2.28939,0.182122,0.704952,0.333882,0.00480461,9.67483e-05,0.00480461,0.186467,0.166367,0.598224,0.729003,0.0509714,0.0246311,0.0487743,0.232641,0.0488985,0,0.959235,0.0758567,2.1253,0.185632,0,0.0713378,0.570864,4.61096,0.652549,0.397023,0.621729,2.44271,0.191123,0.230025,0,0.821637,0.182574,0,-0.000602513,0.245704,0.964436,0.227419,0.0502197,0.0520099,0.00546994,0.0046782,0.439324,0.0487934,5.27503,-1.32478,10.0091,0.67715,0.625325,-6.41827,-0.333333,0.00333254,-0.065759,0.569255,14.5,5.625,0,0,0.333333,6.08333,0,-6.63087,0.0001,-0.0017421,0.0333851,1.59715,0.117887,57318,0.175533,210.86,1.11173
6168,2.33786,0.185771,0.729275,0.333459,0.00479119,8.12037e-05,0.00479119,0.187956,0.170802,0.59841,0.749993,0.0509042,0.024393,0.0486798,0.232053,0.0497519,0,0.960756,0.0789698,2.15714,0.187708,0,0.0727524,0.570276,4.61283,0.652934,0.39893,0.620197,2.4395,0.193903,0.229202,0,0.836237,0.194638,0,-0.000578325,0.245618,0.96457,0.231263,0.0500498,0.0518852,0.00564244,0.00482728,0.439894,0.0486652,5.3596,-1.17945,10.0573,0.67582,0.621798,-6.55198,-0.333333,0.0028437,-0.0667792,0.593874,13.125,5.625,0,0,0.5,5,0,-6.63052,0.0001,-0.00229575,0.0328964,1.61357,0.116677,56814,0.175534,209.89,1.16853
6169,2.33494,0.190331,0.741164,0.345654,0.00477951,9.50834e-05,0.00477951,0.191725,0.174268,0.60186,0.761497,0.0512802,0.0242157,0.0489644,0.235642,0.0474155,0,0.974704,0.0800796,2.12867,0.184245,0,0.0725505,0.57203,4.61267,0.652162,0.400183,0.620967,2.44488,0.199263,0.232645,0,0.836509,0.205819,0,-0.000500266,0.239168,0.964947,0.230036,0.0503256,0.0522413,0.00525157,0.00441329,0.442771,0.0489315,5.56577,-0.922522,10.1602,0.670868,0.624253,-6.76194,-0.333333,0.00333542,-0.0677841,0.608072,14.0833,5.625,0,0,0.375,6.375,0,-6.6272,0.0001,-0.0019429,0.035773,1.60129,0.117733,57185,0.175561,208.36,1.12401
6170,2.42886,0.187688,0.741319,0.341381,0.00480262,7.81711e-05,0.00480262,0.190111,0.174375,0.596731,0.76356,0.0515005,0.0234429,0.0491639,0.233068,0.0484152,0,0.961527,0.080638,2.1271,0.187629,0,0.0732793,0.575258,4.61003,0.652246,0.397337,0.622714,2.45021,0.196324,0.230137,0,0.840209,0.224146,0,-0.000562239,0.239779,0.964961,0.227575,0.050418,0.0523576,0.00464545,0.00385612,0.437011,0.0490264,5.38481,-0.834981,10.2061,0.671956,0.626694,-6.72122,-0.333333,0.00278513,-0.0672459,0.597842,14.625,7.08333,0,0,0.541667,6.25,0,-6.62584,0.0001,-0.00169466,0.0319883,1.57561,0.11877,58017,0.175559,209.72,1.20822
6171,2.37794,0.191196,0.74942,0.343783,0.00476865,0.000107488,0.00476865,0.192098,0.175852,0.597474,0.772372,0.0512009,0.0242635,0.0489106,0.235226,0.0483497,0,0.975561,0.0824837,2.12999,0.18217,0,0.0719807,0.57431,4.62743,0.653566,0.401535,0.61881,2.44148,0.198944,0.232353,0,0.83618,0.222599,0,-0.000546858,0.242674,0.964708,0.230094,0.0503211,0.0521827,0.00561697,0.00481114,0.437172,0.0489359,5.30406,-0.996458,10.1554,0.672533,0.622695,-6.70979,-0.333333,0.00373522,-0.0680364,0.603768,14.7917,5.70833,0,0,0.375,6.54167,0,-6.62361,0.0001,-0.00200124,0.0311304,1.57258,0.117737,58157,0.175606,209.6,1.35755
6172,2.33139,0.196186,0.782336,0.345444,0.00474504,0.000111029,0.00474504,0.195145,0.182402,0.595862,0.804231,0.0509085,0.0247916,0.048635,0.232926,0.0474196,0,0.97274,0.087318,2.12532,0.18308,0,0.0720256,0.576331,4.63874,0.656608,0.404525,0.615487,2.42,0.205298,0.230206,0,0.880063,0.272634,0,-0.000587874,0.238039,0.964954,0.234665,0.0500341,0.0518518,0.00468906,0.00393345,0.438798,0.0485961,5.1204,-1.07037,10.1281,0.673487,0.621803,-6.73185,-0.333333,0.00396348,-0.0695337,0.63701,14.3333,6.375,0,0,0.375,6,0,-6.61999,0.0001,-0.00163267,0.0334311,1.57021,0.117615,58243,0.175644,214.59,1.45698
6173,2.45023,0.188234,0.742472,0.342423,0.00474572,0.000107928,0.00474572,0.192649,0.172625,0.601866,0.762693,0.0511943,0.024318,0.048859,0.231549,0.0465073,0,0.965859,0.0795325,2.14546,0.181216,0,0.0717871,0.575225,4.63433,0.655256,0.404446,0.616488,2.435,0.197105,0.228651,0,0.831396,0.188362,0,-0.00053728,0.237568,0.965102,0.234111,0.0501727,0.0520867,0.00474668,0.00397652,0.435966,0.0487705,5.08605,-0.83804,10.2284,0.670009,0.622942,-6.87209,-0.333333,0.00377408,-0.0688267,0.610525,13.6667,6.83333,0,0,0.833333,5.54167,0,-6.61741,0.0001,-0.00180773,0.0350503,1.58308,0.117032,57822,0.175687,213.77,1.42809
6174,2.45804,0.190474,0.744005,0.343485,0.00475187,9.83919e-05,0.00475187,0.191751,0.173501,0.589336,0.765651,0.0510159,0.0242552,0.0487246,0.232684,0.0475489,0,0.969497,0.0810017,2.14899,0.181352,0,0.0717947,0.575839,4.63631,0.655757,0.403884,0.614932,2.42474,0.198479,0.229636,0,0.836985,0.220683,0,-0.000587491,0.241309,0.964855,0.23429,0.0500658,0.0519036,0.00521966,0.0044272,0.436907,0.0486708,5.18491,-0.945688,10.1686,0.671684,0.618157,-6.80718,-0.333333,0.00347421,-0.0683684,0.59585,14.6667,7.04167,0,0,0.583333,6.04167,0,-6.6166,0.0001,-0.00120276,0.0329343,1.56856,0.115218,58382,0.175671,213.84,1.25558
6175,2.45531,0.184864,0.723655,0.33467,0.00475947,0.000105097,0.00475947,0.189642,0.169472,0.592399,0.744185,0.0513763,0.023199,0.0489883,0.232516,0.0492153,0,0.965211,0.0782754,2.1295,0.189959,0,0.0739601,0.573033,4.62534,0.65484,0.402717,0.61631,2.43537,0.193441,0.229338,0,0.815628,0.201985,0,-0.000480891,0.243197,0.965123,0.231944,0.050255,0.0522369,0.00485306,0.0040305,0.440421,0.0488845,5.43813,-0.506341,10.362,0.663931,0.624429,-7.02625,-0.333333,0.00368061,-0.067329,0.582836,13.9583,7.125,0,0,0.541667,6.83333,0,-6.6179,0.0001,-0.00259625,0.0332345,1.55255,0.115967,58917,0.175643,210.78,0.988854
6176,2.42159,0.186939,0.73778,0.334919,0.00475193,0.000102072,0.00475193,0.18751,0.171742,0.596197,0.762244,0.0511235,0.0236485,0.0488063,0.231647,0.0481733,0,0.964265,0.0813356,2.13018,0.184759,0,0.0727352,0.572992,4.62569,0.654428,0.403707,0.616837,2.42717,0.19628,0.228567,0,0.834671,0.229294,0,-0.000549146,0.244394,0.964864,0.232953,0.0501756,0.0520432,0.00508859,0.00426233,0.436501,0.0487801,5.16837,-0.753682,10.3219,0.66669,0.618803,-6.88513,-0.333333,0.00353735,-0.0669098,0.602836,13.125,6.29167,0,0,1.16667,6.33333,0,-6.62029,0.0001,-0.00178456,0.0341158,1.54476,0.116342,59180,0.175626,211.67,1.20898
6177,2.43481,0.188713,0.733078,0.340576,0.00473908,0.000100825,0.00473908,0.191559,0.17073,0.596137,0.757324,0.0511464,0.0236204,0.0488222,0.232222,0.0472167,0,0.969651,0.0799198,2.14135,0.181119,0,0.0722036,0.573457,4.63022,0.6547,0.405268,0.616715,2.43021,0.19801,0.229219,0,0.833957,0.215851,0,-0.000532887,0.241239,0.964911,0.235087,0.0501385,0.052052,0.00530874,0.00452774,0.437366,0.0487557,5.09808,-0.672732,10.3797,0.664921,0.621529,-6.92643,-0.333333,0.00350679,-0.0683646,0.594957,14.2917,6.875,0,0,0.708333,6.08333,0,-6.62232,0.0001,-0.00283162,0.0353177,1.55517,0.11656,58803,0.175629,212.35,1.21488
6178,2.36492,0.187729,0.73646,0.338857,0.00478634,8.31593e-05,0.00478634,0.186928,0.17319,0.600323,0.758302,0.0515035,0.0231926,0.0491459,0.231503,0.0493554,0,0.957138,0.0801384,2.10935,0.186312,0,0.0730955,0.572466,4.6056,0.651874,0.399325,0.62276,2.44507,0.195184,0.22855,0,0.827468,0.225737,0,-0.000488779,0.246259,0.964974,0.227663,0.0504768,0.0524241,0.00521287,0.00443345,0.438095,0.0491005,5.27615,-0.581867,10.3771,0.665472,0.623727,-6.89315,-0.333333,0.00295574,-0.0660466,0.602216,13.3333,6.91667,0,0,0.75,6.54167,0,-6.6222,0.0001,-0.00259568,0.0327924,1.55755,0.115056,58773,0.175648,208.46,1.21802
6179,2.50177,0.191497,0.755112,0.344255,0.00475434,8.74667e-05,0.00475434,0.192467,0.176649,0.598326,0.781052,0.0512713,0.0236009,0.048913,0.23302,0.0460329,0,0.969316,0.08381,2.13788,0.179879,0,0.071919,0.573406,4.62796,0.654812,0.403354,0.618645,2.4333,0.200375,0.230153,0,0.841383,0.265047,0,-0.000541819,0.242518,0.964376,0.233194,0.0501805,0.0521558,0.00529856,0.0045505,0.436135,0.0487817,5.08094,-0.683112,10.4056,0.665964,0.625594,-6.88195,-0.333333,0.00307524,-0.0683407,0.615893,14.4167,7.16667,0,0,1.08333,5,0,-6.62359,0.0001,-0.00209482,0.0331162,1.55137,0.11691,58925,0.175595,211.37,1.31891
6180,2.44558,0.188148,0.738603,0.337116,0.00474968,8.7157e-05,0.00474968,0.191198,0.172155,0.59804,0.761919,0.0513048,0.0236961,0.0489425,0.232158,0.0490329,0,0.966383,0.0817991,2.13865,0.188399,0,0.073387,0.575885,4.62603,0.65515,0.403915,0.617515,2.42937,0.197672,0.229107,0,0.822343,0.239735,0,-0.000552685,0.242709,0.964858,0.232559,0.0502147,0.0521687,0.00511384,0.00429495,0.4359,0.0487943,5.16354,-0.674322,10.381,0.665673,0.62647,-6.90467,-0.333333,0.00305613,-0.0681158,0.601896,13.8333,7.45833,0,0,0.833333,6.08333,0,-6.62724,0.0001,-0.00226041,0.0318968,1.58853,0.119078,57568,0.17557,211.43,1.12843
6181,2.41943,0.18954,0.749963,0.339438,0.00474819,9.09734e-05,0.00474819,0.189448,0.175036,0.59548,0.77656,0.0513076,0.0233212,0.0489592,0.229999,0.0477678,0,0.958213,0.0828974,2.14079,0.186086,0,0.0726867,0.574524,4.62037,0.654484,0.404101,0.617874,2.43097,0.199513,0.226972,0,0.841115,0.230433,0,-0.000568467,0.242755,0.964927,0.232796,0.0502051,0.0521652,0.00450867,0.00373092,0.432068,0.0488077,4.9092,-0.606779,10.3825,0.664756,0.623569,-6.9484,-0.333333,0.00323818,-0.0674338,0.612685,13.375,6.66667,0,0,1.125,6.83333,0,-6.62544,0.0001,-0.00252681,0.0354297,1.57494,0.117614,58080,0.175597,211.19,1.23313
6182,2.50336,0.190174,0.750751,0.346196,0.00471152,0.000122992,0.00471152,0.192146,0.174064,0.59525,0.776716,0.0511626,0.0233466,0.048755,0.231703,0.0474776,0,0.972068,0.0820653,2.1626,0.181849,0,0.0726404,0.574745,4.65335,0.657639,0.408704,0.610972,2.41025,0.19963,0.228647,0,0.854002,0.229487,0,-0.000534106,0.242465,0.965169,0.240466,0.0498683,0.0519377,0.00520081,0.00446339,0.438006,0.0485395,5.0717,-0.458087,10.4866,0.660967,0.622351,-7.161,-0.333333,0.00435144,-0.06889,0.61027,13,7.04167,0,0,0.875,5.95833,0,-6.62284,0.0001,-0.00231658,0.0338378,1.6182,0.119251,56579,0.1756,211.85,1.33701
6183,2.42463,0.186721,0.729821,0.3379,0.00476242,9.42412e-05,0.00476242,0.188485,0.17059,0.596926,0.752912,0.0512628,0.0235731,0.0489223,0.232476,0.048905,0,0.966103,0.0795655,2.13405,0.186911,0,0.0730517,0.572971,4.61344,0.653203,0.402353,0.618007,2.43322,0.195777,0.229514,0,0.820286,0.209556,0,-0.000508167,0.243201,0.96483,0.233247,0.0502039,0.0521514,0.00481984,0.0040486,0.436111,0.0488198,5.15265,-0.733243,10.3339,0.666861,0.623465,-6.86761,-0.333333,0.00329048,-0.0669999,0.592306,14.125,7.04167,0,0,0.75,6.41667,0,-6.62427,0.0001,-0.00258653,0.0312515,1.61415,0.119758,56694,0.175604,212.79,1.24543
6184,2.42837,0.194821,0.779708,0.344398,0.00471374,9.37228e-05,0.00471374,0.190998,0.180881,0.596207,0.807863,0.0508942,0.0238677,0.0485618,0.231582,0.0479833,0,0.972226,0.0885473,2.15064,0.181395,0,0.0722935,0.577513,4.64365,0.657184,0.408479,0.610859,2.40618,0.204926,0.228638,0,0.869049,0.292355,0,-0.000554713,0.245008,0.964682,0.239517,0.0498532,0.0517886,0.00551845,0.00475035,0.438591,0.0484642,5.02943,-0.688812,10.3225,0.666752,0.618865,-6.98821,-0.333333,0.00335076,-0.0683753,0.634429,13.625,7.33333,0,0,0.916667,6.25,0,-6.62496,0.0001,-0.0023747,0.0319394,1.61385,0.119789,56703,0.175593,214.43,1.52972
6185,2.46401,0.191025,0.753661,0.344016,0.00473335,0.000113545,0.00473335,0.191198,0.175364,0.595964,0.778622,0.0513021,0.0230118,0.048932,0.231608,0.0477249,0,0.967596,0.082633,2.14472,0.183688,0,0.0727178,0.574553,4.6249,0.654453,0.405974,0.614714,2.42551,0.199546,0.228554,0,0.878462,0.23111,0,-0.000502279,0.239729,0.964897,0.236088,0.0501818,0.0521284,0.00464993,0.00382689,0.438474,0.0487946,5.17589,-0.47384,10.4231,0.663677,0.623084,-7.08252,-0.333333,0.00407152,-0.0683264,0.613524,13.75,7.375,0,0,1.125,6.58333,0,-6.62635,0.0001,-0.00221041,0.030866,1.66766,0.118865,55025,0.175586,210.12,1.18228
6186,2.45437,0.189472,0.739677,0.342467,0.00473397,0.00011848,0.00473397,0.189317,0.172403,0.596104,0.762402,0.0513816,0.02254,0.048944,0.231423,0.0492187,0,0.965576,0.0803883,2.1459,0.186723,0,0.0737555,0.571557,4.62431,0.653873,0.405923,0.615785,2.42897,0.198593,0.228121,0,0.850912,0.207057,0,-0.000418633,0.246141,0.965342,0.236057,0.0501888,0.0522719,0.00553156,0.00474967,0.439118,0.0488748,5.24441,-0.25824,10.489,0.660508,0.621714,-7.21642,-0.333333,0.00419889,-0.0674505,0.601762,12.5417,6.70833,0,0,1,6.625,0,-6.62602,0.0001,-0.00134798,0.0316315,1.57699,0.117955,57998,0.175595,212.69,1.34494
6187,2.50025,0.193716,0.76755,0.349488,0.00473246,9.22508e-05,0.00473246,0.191858,0.179118,0.596748,0.788856,0.0513617,0.0233501,0.0489554,0.232358,0.0485346,0,0.969953,0.0838303,2.13116,0.185147,0,0.0736506,0.579974,4.64767,0.655879,0.406076,0.61758,2.43161,0.202917,0.229342,0,0.859122,0.232228,0,-0.000581414,0.243651,0.965213,0.23578,0.0501385,0.052152,0.00529768,0.00451175,0.436763,0.0487693,5.1822,-0.460351,10.4694,0.662203,0.622288,-7.05058,-0.333333,0.00324653,-0.068355,0.625208,15.0417,7.95833,0,0,1,6.5,0,-6.62325,0.0001,-0.00204453,0.0304054,1.6604,0.121161,55178,0.175662,211.52,1.22963
6188,2.39047,0.190002,0.74251,0.336821,0.00476334,8.71044e-05,0.00476334,0.192017,0.174015,0.596534,0.766658,0.0510688,0.0237929,0.0487891,0.233526,0.048119,0,0.969411,0.0819951,2.1497,0.18484,0,0.0721805,0.580424,4.63335,0.655087,0.402239,0.618787,2.43435,0.198977,0.230653,0,0.808752,0.228364,0,-0.000568035,0.242324,0.964519,0.232108,0.0501764,0.0519983,0.00509435,0.00424061,0.441504,0.0487741,5.29567,-0.889782,10.2509,0.669942,0.624264,-6.7496,-0.333333,0.00302122,-0.068087,0.600201,13.2083,7,0,0,0.791667,6.16667,0,-6.62107,0.0001,-0.0019372,0.0333379,1.67219,0.120658,54831,0.175671,208.78,1.0946
6189,2.48305,0.190914,0.751511,0.338927,0.00473285,9.76472e-05,0.00473285,0.193518,0.17536,0.591552,0.780747,0.0508842,0.0241058,0.0485974,0.230785,0.0472814,0,0.965025,0.0843065,2.16019,0.179655,0,0.0708549,0.577008,4.63722,0.656916,0.406026,0.61272,2.41163,0.201378,0.228105,0,0.853381,0.23747,0,-0.000614002,0.240521,0.964916,0.236023,0.0499558,0.0518167,0.00527752,0.00450379,0.435773,0.0485654,4.92733,-1.01988,10.2143,0.671423,0.620377,-6.75966,-0.333333,0.00348584,-0.0690118,0.601405,14.3333,6.79167,0,0,0.916667,6.08333,0,-6.62201,0.0001,-0.00317301,0.0357583,1.67179,0.121492,54817,0.17569,209.86,1.06575
6190,2.39531,0.187693,0.733673,0.341171,0.00478448,8.6177e-05,0.00478448,0.190304,0.17205,0.600317,0.75545,0.0513568,0.0237142,0.049051,0.233275,0.0480025,0,0.965662,0.0796701,2.15831,0.186288,0,0.0728334,0.569527,4.61363,0.652919,0.399608,0.620522,2.44974,0.196095,0.230568,0,0.827688,0.213381,0,-0.0004738,0.242201,0.964779,0.230338,0.0504378,0.0523519,0.00454019,0.00377996,0.434003,0.0490199,5.14634,-0.85399,10.2555,0.670629,0.62511,-6.70319,-0.333333,0.00301955,-0.0673602,0.602898,14.0417,6.375,0,0,1.16667,5.5,0,-6.62069,0.0001,-0.00216357,0.0355738,1.6777,0.121861,54626,0.175716,211.71,1.3058
6191,2.47077,0.185181,0.714959,0.341519,0.00477026,0.000119276,0.00477026,0.188278,0.167289,0.596778,0.736909,0.05138,0.0230786,0.049018,0.233705,0.0500248,0,0.969681,0.0779993,2.1453,0.186696,0,0.0737659,0.573018,4.61728,0.652919,0.401352,0.619433,2.44225,0.193672,0.230827,0,0.784986,0.225211,0,-0.000490531,0.247218,0.964867,0.231219,0.0502745,0.05226,0.00532191,0.0045522,0.43569,0.0489146,5.13997,-0.60566,10.3633,0.666556,0.626577,-6.89447,-0.333333,0.0041863,-0.0668182,0.577657,13.0833,7.375,0,0,1,5.45833,0,-6.62086,0.0001,-0.00254428,0.0325015,1.68247,0.11873,54576,0.175752,211.44,0.993131
6192,2.48128,0.190552,0.739794,0.348205,0.00476375,0.000118111,0.00476375,0.193159,0.172983,0.588472,0.764793,0.051528,0.0229025,0.0491612,0.234004,0.0483183,0,0.97157,0.0811596,2.14565,0.187258,0,0.0732236,0.572843,4.60569,0.652797,0.402154,0.617205,2.43411,0.199834,0.231019,0,0.827532,0.229489,0,-0.000529325,0.238863,0.965151,0.23256,0.0503402,0.052344,0.00475572,0.00394296,0.433677,0.0489698,5.25159,-0.573193,10.3687,0.665832,0.623866,-6.97706,-0.333333,0.00412055,-0.0685631,0.590009,13.7917,7.83333,0,0,1.25,6.41667,0,-6.61944,0.0001,-0.000996905,0.0313828,1.68178,0.122071,54496,0.175737,212.1,1.23893
6193,2.43921,0.190699,0.737111,0.342127,0.00476844,0.000112553,0.00476844,0.192212,0.173071,0.597513,0.755558,0.0515618,0.0234559,0.0491867,0.233896,0.0484895,0,0.970973,0.0800653,2.13919,0.188032,0,0.073911,0.569053,4.60459,0.651633,0.401599,0.618966,2.4491,0.198047,0.231141,0,0.841697,0.223039,0,-0.000490976,0.241417,0.964692,0.231463,0.0504815,0.0525029,0.00495398,0.00417258,0.438124,0.0490666,5.30384,-0.685349,10.3816,0.666506,0.627467,-6.83806,-0.333333,0.00398659,-0.068012,0.59655,14.25,6.54167,0,0,1.20833,5.875,0,-6.61914,0.0001,-0.00129637,0.0325849,1.68257,0.122447,54461,0.175745,209.51,1.16775
6194,2.44383,0.19376,0.751982,0.352992,0.00474735,0.000149503,0.00474735,0.197302,0.175517,0.596468,0.775277,0.0518336,0.02238,0.049347,0.235165,0.0457866,0,0.979113,0.0825955,2.13958,0.176965,0,0.0723644,0.572549,4.62418,0.653943,0.404207,0.617102,2.43017,0.201596,0.232048,0,0.831973,0.229849,0,-0.000504402,0.236137,0.965909,0.233839,0.0504213,0.0525833,0.00529097,0.00450796,0.435988,0.0490847,5.22229,-0.216376,10.5354,0.659456,0.623673,-7.18837,-0.333333,0.00525823,-0.0702003,0.607473,12.4167,7.125,0,0,1.16667,6.91667,0,-6.61815,0.0001,-0.00250897,0.0353816,1.73744,0.123558,52823,0.175718,210.95,1.10538
6195,2.45279,0.188556,0.73286,0.349246,0.00476272,0.000145497,0.00476272,0.191259,0.170942,0.595996,0.756604,0.0516047,0.0227751,0.0491971,0.235343,0.0479843,0,0.97726,0.0798381,2.1352,0.18073,0,0.0727014,0.569437,4.60929,0.652619,0.402279,0.618448,2.44021,0.19652,0.232309,0,0.793364,0.246962,0,-0.000473553,0.243563,0.965161,0.230815,0.050484,0.0524764,0.00583162,0.00501632,0.439091,0.0491514,5.24277,-0.499006,10.4208,0.664387,0.625114,-6.98134,-0.333333,0.00512739,-0.0680904,0.591274,12.9583,7.29167,0,0,1.20833,6.29167,0,-6.62084,0.0001,-0.00297026,0.0333457,1.75276,0.12669,52304,0.175689,212.6,1.3137
6196,2.44434,0.191926,0.754284,0.344658,0.00480481,0.000143293,0.00480481,0.191067,0.17675,0.593796,0.784038,0.0518333,0.0220919,0.0494288,0.235725,0.0490397,0,0.973065,0.0857661,2.13641,0.187094,0,0.0742324,0.569864,4.59055,0.649812,0.397164,0.621737,2.45678,0.200015,0.232719,0,0.855854,0.250661,0,-0.000477837,0.246128,0.965145,0.228292,0.0505768,0.0526535,0.00515493,0.00435326,0.435846,0.0492576,5.33907,-0.373818,10.3779,0.665395,0.620743,-6.96299,-0.333333,0.00506912,-0.0676447,0.602915,13.0417,7.375,0,0,1.08333,6.5,0,-6.62565,0.0001,-0.00170207,0.0325483,1.73129,0.124563,52969,0.175641,211.46,1.2478
6197,2.40281,0.188953,0.738599,0.344904,0.00473128,0.000151758,0.00473128,0.191832,0.171847,0.592317,0.763305,0.0512493,0.0234469,0.0488862,0.231855,0.0485805,0,0.970119,0.0807016,2.15801,0.184706,0,0.073007,0.575352,4.62933,0.65484,0.406232,0.615417,2.4286,0.198953,0.229007,0,0.835995,0.206496,0,-0.000535065,0.241298,0.96503,0.235345,0.0501497,0.0520922,0.00471296,0.00388935,0.433761,0.0487628,4.96906,-0.630331,10.3795,0.665329,0.621801,-6.97969,-0.333333,0.00536387,-0.0686299,0.598789,13.3333,7.20833,0,0,0.75,6.79167,0,-6.62757,0.0001,-0.00310744,0.035695,1.7343,0.125244,52864,0.175654,213.99,1.25837
6198,2.46528,0.191742,0.747334,0.346958,0.00475769,0.000137163,0.00475769,0.192121,0.174665,0.589969,0.772627,0.0510217,0.0243996,0.0487805,0.233732,0.0490086,0,0.973747,0.0830057,2.14635,0.185388,0,0.0721909,0.575648,4.6203,0.654382,0.402909,0.615603,2.42961,0.201429,0.231391,0,0.83747,0.241151,0,-0.000558089,0.242837,0.964247,0.232561,0.050238,0.0520556,0.00510497,0.0043257,0.435687,0.0488164,4.92837,-1.23925,10.1459,0.675027,0.624579,-6.54898,-0.333333,0.00479848,-0.068224,0.595467,13.7917,6.16667,0,0,0.583333,5.125,0,-6.625,0.0001,-0.00251819,0.0352729,1.73991,0.123244,52762,0.175753,213.38,1.13998
6199,2.44953,0.185008,0.717018,0.340328,0.0047782,0.000130474,0.0047782,0.187816,0.167816,0.596604,0.739797,0.0513066,0.0233997,0.0489686,0.233583,0.0500758,0,0.968919,0.0780493,2.14778,0.190641,0,0.0737523,0.569848,4.61441,0.652095,0.400428,0.619227,2.45095,0.193405,0.230922,0,0.800317,0.201363,0,-0.000479295,0.247219,0.964787,0.230728,0.0503324,0.0522879,0.00465088,0.0039082,0.434286,0.0489532,5.00845,-0.778454,10.252,0.670122,0.627642,-6.78419,-0.333333,0.00451933,-0.0665899,0.580429,13.3333,6.95833,0,0,0.833333,5.54167,0,-6.6199,0.0001,-0.00257839,0.0355664,1.75184,0.125916,52351,0.175782,210.79,1.15676
6200,2.38114,0.187985,0.733735,0.343804,0.00473027,0.000131113,0.00473027,0.19027,0.170701,0.593845,0.761794,0.051098,0.0236,0.048747,0.23278,0.0504816,0,0.973954,0.0812414,2.14181,0.18836,0,0.0731371,0.574204,4.62992,0.654294,0.406351,0.615143,2.42456,0.197965,0.23007,0,0.826946,0.240693,0,-0.000575284,0.244165,0.964982,0.236381,0.0500025,0.0519787,0.00505436,0.00428029,0.436375,0.0486331,4.99839,-0.773362,10.304,0.667419,0.622919,-6.90879,-0.333333,0.00461793,-0.0679807,0.593183,13.6667,7,0,0,0.791667,6.625,0,-6.62006,0.0001,-0.00203673,0.0344047,1.69715,0.118937,54129,0.175764,211.31,0.999548
6201,2.45406,0.190517,0.739043,0.344694,0.00476109,0.000159588,0.00476109,0.19149,0.172546,0.593676,0.766068,0.0514002,0.0230528,0.0490417,0.233879,0.0479825,0,0.973516,0.082643,2.13738,0.187601,0,0.0736016,0.570562,4.62279,0.65333,0.402505,0.617806,2.44222,0.198729,0.231168,0,0.817695,0.252558,0,-0.000529205,0.243629,0.965171,0.232893,0.0502711,0.0522883,0.00477924,0.004025,0.433585,0.0488806,5.02592,-0.67903,10.3202,0.667353,0.624967,-6.87495,-0.333333,0.00558322,-0.0680164,0.593997,13.9583,7.375,0,0,1.29167,6.375,0,-6.62186,0.0001,-0.00228195,0.0336434,1.67993,0.119215,54639,0.17573,212.1,1.2241
6202,2.38959,0.194888,0.761432,0.348617,0.0047667,0.000119626,0.0047667,0.193862,0.178117,0.593571,0.791597,0.0510261,0.0243945,0.0487665,0.235878,0.0478828,0,0.980728,0.0864049,2.14986,0.179312,0,0.0715319,0.574095,4.6304,0.654781,0.401866,0.616699,2.43333,0.203805,0.23319,0,0.856472,0.249607,0,-0.000604674,0.244569,0.964876,0.233147,0.0500898,0.0519423,0.00558554,0.00474035,0.436342,0.0487046,5.00039,-0.99474,10.1787,0.672362,0.619606,-6.70897,-0.333333,0.00424994,-0.068813,0.609826,13.4583,6.20833,0,0,1.08333,5.875,0,-6.62474,0.0001,-0.0020955,0.036934,1.56944,0.118641,58234,0.175689,211.33,1.24745
6203,2.45667,0.191393,0.745299,0.345277,0.00472111,0.000144371,0.00472111,0.19065,0.172602,0.59764,0.774483,0.0506222,0.0240964,0.0483641,0.233231,0.0509427,0,0.978879,0.0831504,2.16475,0.185758,0,0.0720596,0.573861,4.63959,0.656018,0.407513,0.612507,2.42272,0.201039,0.23073,0,0.84279,0.229022,0,-0.000548808,0.246522,0.964659,0.237368,0.0498517,0.05164,0.00565781,0.00483101,0.436061,0.0484587,4.9492,-1.08453,10.1944,0.6725,0.620006,-6.73348,-0.333333,0.00510654,-0.0684605,0.607193,13.6667,6.66667,0,0,1.16667,5,0,-6.62477,0.0001,-0.00262317,0.0354514,1.57618,0.1185,58007,0.175752,210.4,1.18041
6204,2.40631,0.187679,0.728826,0.340224,0.00477624,0.000142881,0.00477624,0.19016,0.17013,0.599799,0.752562,0.05121,0.0236896,0.0489154,0.234321,0.0501896,0,0.974963,0.0808698,2.13396,0.187402,0,0.0730367,0.570968,4.61348,0.652524,0.400715,0.619693,2.44377,0.19648,0.231772,0,0.807343,0.256982,0,-0.000556185,0.245859,0.964067,0.23118,0.0502664,0.0521746,0.005143,0.00436158,0.435239,0.0488548,5.16414,-0.928803,10.2244,0.672419,0.620766,-6.66815,-0.333333,0.0050016,-0.0676337,0.593928,14.5,7.45833,0,0,0.958333,5.45833,0,-6.61995,0.0001,-0.00227735,0.0371067,1.69928,0.121543,53988,0.175815,209.32,1.18569
6205,2.53059,0.192209,0.755596,0.345713,0.00474607,0.000138568,0.00474607,0.192014,0.176055,0.591977,0.781761,0.0510856,0.0237078,0.0487699,0.233085,0.0484444,0,0.973214,0.0844065,2.15877,0.187132,0,0.0730104,0.572942,4.62087,0.654981,0.40437,0.615447,2.429,0.201022,0.23049,0,0.847035,0.21596,0,-0.000571708,0.245665,0.964529,0.234908,0.0500834,0.0519895,0.00471658,0.00391726,0.433374,0.0486749,4.92869,-0.88594,10.3086,0.669253,0.624713,-6.78488,-0.333333,0.00494755,-0.068495,0.605909,13.625,7.375,0,0,0.916667,5.75,0,-6.61719,0.0001,-0.00211051,0.0323749,1.68687,0.121325,54365,0.175853,211.79,1.18989
6206,2.45813,0.189618,0.740171,0.340631,0.00478121,0.000125064,0.00478121,0.190048,0.173172,0.59754,0.761145,0.0510097,0.0245066,0.0487878,0.233544,0.0507123,0,0.97044,0.0823956,2.17243,0.187,0,0.072047,0.570174,4.61051,0.652236,0.399971,0.620808,2.45443,0.198219,0.231275,0,0.796255,0.242535,0,-0.000564093,0.246602,0.96399,0.229198,0.0503395,0.0520712,0.00522938,0.00444128,0.431054,0.0488764,4.85643,-1.28472,10.1199,0.67736,0.629634,-6.42779,-0.333333,0.00438914,-0.0675265,0.602534,15.4167,7.5,0,0,0.708333,5.41667,0,-6.61442,0.0001,-0.0024707,0.0348739,1.68797,0.122576,54295,0.175887,212.26,1.26838
6207,2.40137,0.190573,0.747541,0.342756,0.00476875,0.000150367,0.00476875,0.194154,0.174744,0.596247,0.772136,0.0510409,0.0243797,0.0487908,0.233639,0.0480634,0,0.974002,0.0830821,2.16676,0.183801,0,0.0716247,0.57164,4.62418,0.653872,0.401627,0.618047,2.44357,0.200381,0.231504,0,0.861503,0.233688,0,-0.000590821,0.239132,0.963564,0.231764,0.0502021,0.0520018,0.00459913,0.0038563,0.4331,0.0487342,5.05519,-1.27537,10.1538,0.675383,0.626378,-6.51181,-0.333333,0.00525077,-0.0690416,0.606627,13.5,6.75,0,0,0.833333,5,0,-6.61375,0.0001,-0.00147486,0.036894,1.63731,0.117831,56009,0.175872,212.89,1.29052
6208,2.43879,0.188403,0.730181,0.344747,0.00478323,0.000122375,0.00478323,0.189934,0.171071,0.598299,0.753364,0.051379,0.0240717,0.0490548,0.2335,0.0510301,0,0.968008,0.0798902,2.16228,0.19222,0,0.0740187,0.567516,4.60395,0.651295,0.399709,0.621008,2.45412,0.197513,0.231084,0,0.814926,0.221211,0,-0.000559036,0.248485,0.964267,0.228228,0.0504387,0.0523242,0.00511008,0.00433494,0.430097,0.0490172,5.03161,-1.02263,10.2618,0.672394,0.631065,-6.59685,-0.333333,0.00431674,-0.0672725,0.595235,15.125,7.79167,0,0,1.20833,6.33333,0,-6.61571,0.0001,-0.00247875,0.0364903,1.71398,0.123081,53511,0.175896,214.32,1.22736
6209,2.44717,0.189491,0.733019,0.345925,0.00478435,0.000120746,0.00478435,0.189644,0.171772,0.598357,0.754378,0.0513049,0.0240344,0.0490129,0.234665,0.0486654,0,0.973647,0.080153,2.1462,0.186649,0,0.0725171,0.571252,4.60759,0.651996,0.399596,0.622606,2.44947,0.198025,0.232364,0,0.819927,0.203568,0,-0.000519447,0.245567,0.964197,0.22796,0.0505487,0.0523468,0.00503094,0.00422527,0.432588,0.0491072,4.99081,-1.14144,10.2239,0.673587,0.628238,-6.51919,-0.333333,0.00426236,-0.0671502,0.597918,13.9583,7.125,0,0,1.04167,4.91667,0,-6.61333,0.0001,-0.00154948,0.0361444,1.71229,0.122646,53573,0.175921,209.72,1.10114
6210,2.45467,0.190193,0.73245,0.344595,0.00476994,0.00012556,0.00476994,0.192435,0.171482,0.595546,0.753608,0.0512425,0.0235845,0.0489446,0.234114,0.0489836,0,0.974215,0.0804147,2.15652,0.185553,0,0.0721628,0.571861,4.61747,0.65324,0.401434,0.61941,2.44045,0.199536,0.231719,0,0.808622,0.208222,0,-0.000541797,0.243586,0.964509,0.231484,0.0503243,0.0522251,0.00492122,0.00415502,0.429725,0.0489228,4.92714,-0.986539,10.2327,0.671674,0.626278,-6.67179,-0.333333,0.00440542,-0.068422,0.593885,13.375,6.5,0,0,0.916667,5.83333,0,-6.6135,0.0001,-0.00200123,0.0359946,1.6477,0.11692,55708,0.175938,211.65,1.18678
6211,2.40083,0.186914,0.745606,0.340842,0.0047582,0.00010535,0.0047582,0.189883,0.174007,0.599448,0.767471,0.0513907,0.0231451,0.0490472,0.233296,0.048554,0,0.970843,0.0817116,2.15131,0.184594,0,0.0725024,0.577152,4.62186,0.652684,0.402853,0.620482,2.43995,0.195339,0.230542,0,0.842377,0.232359,0,-0.000485877,0.2457,0.965137,0.230406,0.0504631,0.0523136,0.00496397,0.00417172,0.431701,0.0491008,5.07981,-0.759811,10.3132,0.666397,0.621915,-6.85759,-0.333333,0.00369031,-0.0677356,0.608943,13.0417,7.08333,0,0,1.20833,6.125,0,-6.61487,0.0001,-0.00190833,0.0363228,1.58763,0.120848,57538,0.176007,213.13,1.19157
6212,2.42629,0.185885,0.7256,0.343361,0.00480461,0.000137889,0.00480461,0.189903,0.170336,0.59587,0.74565,0.0515865,0.0230779,0.0492489,0.23469,0.0478012,0,0.970023,0.0778254,2.14303,0.185218,0,0.072406,0.572701,4.60791,0.651554,0.397111,0.621836,2.45215,0.193722,0.232168,0,0.814133,0.192995,0,-0.000498131,0.241693,0.964298,0.226198,0.0505867,0.0525278,0.00402526,0.00327781,0.428658,0.0491564,5.07402,-0.877032,10.2619,0.671062,0.626412,-6.64071,-0.333333,0.00479948,-0.0672194,0.587554,13.4167,7.33333,0,0,0.791667,5.125,0,-6.61249,0.0001,-0.00213456,0.0357948,1.58786,0.120432,57545,0.176044,208.09,1.26725
6213,2.50799,0.188357,0.737466,0.340587,0.00473664,0.000133097,0.00473664,0.189397,0.171319,0.591365,0.765796,0.0509998,0.0239626,0.0486933,0.233747,0.0494022,0,0.978673,0.0828884,2.15815,0.186024,0,0.0727528,0.575642,4.64296,0.655789,0.405581,0.613494,2.42395,0.197033,0.231274,0,0.813748,0.248481,0,-0.000581692,0.247925,0.964383,0.234883,0.0500881,0.0519611,0.00512968,0.00433778,0.432077,0.04868,4.87496,-1.02548,10.2257,0.67215,0.625736,-6.72876,-0.333333,0.00471594,-0.0677562,0.589756,14.5417,7.91667,0,0,1.125,5.25,0,-6.61113,0.0001,-0.0022355,0.0334657,1.69901,0.120614,54024,0.176075,210.51,1.14228
6214,2.43872,0.191229,0.743156,0.346527,0.004735,0.000104182,0.004735,0.191037,0.172697,0.590963,0.767406,0.0511177,0.0238785,0.0487844,0.233858,0.0499352,0,0.978612,0.0818464,2.15262,0.188323,0,0.0733429,0.570539,4.62424,0.654765,0.405757,0.614077,2.42918,0.200004,0.231358,0,0.85301,0.224359,0,-0.000547174,0.245171,0.964576,0.233839,0.0502136,0.0520821,0.00488072,0.00410598,0.429521,0.0488275,4.86417,-0.965738,10.3056,0.668892,0.627197,-6.7779,-0.333333,0.00367793,-0.0683554,0.599306,14,7.91667,0,0,1.08333,5.83333,0,-6.60823,0.0001,-0.00247994,0.0327539,1.70777,0.123198,53689,0.176125,213.65,1.32581
6215,2.49922,0.187315,0.733887,0.338983,0.00474851,0.00010103,0.00474851,0.188456,0.171243,0.594507,0.758844,0.0511043,0.0236723,0.04877,0.233219,0.0502292,0,0.973438,0.0816035,2.15926,0.188769,0,0.0737142,0.57199,4.63365,0.654578,0.404073,0.616588,2.43166,0.197612,0.230768,0,0.821122,0.234419,0,-0.00057392,0.249145,0.964177,0.232945,0.0501442,0.052048,0.00486887,0.00412538,0.433589,0.0487511,4.88005,-1.01429,10.2099,0.672964,0.62601,-6.73865,-0.333333,0.00355798,-0.0671089,0.594629,13.2917,7.95833,0,0,0.833333,5.25,0,-6.60807,0.0001,-0.00243507,0.0355457,1.6708,0.118535,54938,0.176109,213.27,1.17325
6216,2.49586,0.187811,0.722214,0.345349,0.00476684,0.000154638,0.00476684,0.191565,0.168876,0.592667,0.741385,0.0517073,0.0228942,0.0492798,0.234122,0.0473592,0,0.973789,0.0784804,2.15092,0.182256,0,0.0733995,0.571442,4.61649,0.653394,0.401778,0.618617,2.44568,0.197188,0.23164,0,0.809006,0.213064,0,-0.000484196,0.242549,0.964998,0.231662,0.0505063,0.0525986,0.00447815,0.00380572,0.431908,0.0491111,4.98537,-0.58705,10.3928,0.665855,0.627184,-6.90472,-0.333333,0.00542652,-0.0680045,0.579833,12.75,8.20833,0,0,1.33333,6,0,-6.60925,0.0001,-0.00214427,0.034836,1.56349,0.116227,58524,0.176157,211.73,1.10825
6217,2.51143,0.193506,0.758975,0.348963,0.00474885,0.000131431,0.00474885,0.197072,0.177124,0.591841,0.780914,0.0513362,0.0231678,0.0489764,0.235017,0.0448029,0,0.981432,0.0834595,2.14117,0.18261,0,0.0723675,0.57399,4.62348,0.654247,0.404047,0.61599,2.43779,0.201759,0.232551,0,0.856719,0.248405,0,-0.000552585,0.235399,0.96459,0.233249,0.0503051,0.0522186,0.00421752,0.00345858,0.428613,0.0488982,4.94661,-0.860599,10.2835,0.669898,0.625656,-6.81706,-0.333333,0.00465208,-0.070179,0.61176,14.125,8.04167,0,0,1.45833,5.625,0,-6.60703,0.0001,-0.00180868,0.0330621,1.61158,0.123221,56665,0.17621,214.94,1.35279
6218,2.43691,0.185148,0.726598,0.337485,0.00475123,0.000102331,0.00475123,0.187105,0.169266,0.595077,0.748345,0.0515279,0.0228094,0.0490968,0.232699,0.0493075,0,0.969618,0.0793825,2.16152,0.190338,0,0.0745584,0.57082,4.61509,0.652934,0.403724,0.617151,2.43725,0.193397,0.229878,0,0.821016,0.229674,0,-0.000450667,0.245876,0.964955,0.23247,0.0504227,0.0524203,0.00437812,0.00360888,0.429769,0.0490449,4.86909,-0.483404,10.4731,0.663582,0.628037,-7.02485,-0.333333,0.00355218,-0.0666671,0.591484,11.4583,6.875,0,0,1.04167,6.29167,0,-6.60692,0.0001,-0.00226248,0.0337855,1.5978,0.12366,57105,0.176223,214.92,1.38139
6219,2.52059,0.189693,0.746466,0.343834,0.00472654,0.000131701,0.00472654,0.188938,0.173381,0.595981,0.774666,0.0513801,0.0227145,0.0489629,0.232803,0.048972,0,0.97499,0.084105,2.12856,0.183444,0,0.0734511,0.572798,4.63159,0.655034,0.406843,0.614474,2.42434,0.200449,0.230082,0,0.827848,0.259405,0,-0.000566466,0.248694,0.964882,0.235457,0.0501743,0.0522374,0.00528736,0.00453872,0.432465,0.0488463,4.89959,-0.537261,10.454,0.663558,0.626731,-7.03955,-0.333333,0.00462322,-0.0676242,0.605402,14.1667,8.83333,0,0,1.33333,6.79167,0,-6.60799,0.0001,-0.00228458,0.0351189,1.74407,0.123333,52642,0.176187,213.09,1.57865
6220,2.46545,0.187028,0.726009,0.341143,0.00473722,0.00011658,0.00473722,0.186861,0.169149,0.594471,0.750926,0.051386,0.0222197,0.0489826,0.231338,0.0493685,0,0.966016,0.0793603,2.16573,0.185128,0,0.0731581,0.571535,4.62421,0.654287,0.405479,0.61385,2.42396,0.195984,0.228559,0,0.823562,0.227387,0,-0.000527662,0.250481,0.965229,0.233968,0.0502489,0.0522516,0.00525875,0.00451321,0.427565,0.0489312,4.76719,-0.519105,10.4416,0.663727,0.626653,-7.00837,-0.333333,0.00408561,-0.0666757,0.585861,11.2917,6.91667,0,0,0.875,6.125,0,-6.61042,0.0001,-0.00193993,0.0343917,1.74943,0.121171,52551,0.176229,211.17,1.04771
6221,2.5559,0.188112,0.730853,0.341116,0.00477047,0.000113195,0.00477047,0.188098,0.170773,0.596465,0.754574,0.0516108,0.0226534,0.0492037,0.234496,0.0488689,0,0.974345,0.0804438,2.14764,0.186765,0,0.0737476,0.56963,4.6148,0.65228,0.401362,0.6184,2.44586,0.195922,0.231917,0,0.807234,0.228453,0,-0.000476488,0.247683,0.964391,0.229392,0.0506027,0.0525553,0.00496932,0.00420302,0.429014,0.0492281,4.93227,-0.660492,10.4109,0.66744,0.635067,-6.82623,-0.333333,0.00396875,-0.0668757,0.588101,13.9167,8.41667,0,0,1.33333,5.66667,0,-6.60671,0.0001,-0.00191657,0.0337619,1.74375,0.124155,52628,0.17624,209.52,1.29192
6222,2.46824,0.192779,0.74745,0.346434,0.00472493,0.000119372,0.00472493,0.191792,0.173581,0.594516,0.774173,0.0511365,0.0236086,0.048788,0.232943,0.0472421,0,0.977075,0.0830129,2.16564,0.182933,0,0.0726378,0.573316,4.63138,0.655735,0.407095,0.612029,2.42139,0.202214,0.230427,0,0.839454,0.258524,0,-0.000575658,0.243894,0.964545,0.236289,0.0501051,0.0520309,0.00455136,0.00379759,0.430838,0.0486755,4.78242,-0.806895,10.3221,0.669496,0.624409,-6.88499,-0.333333,0.00421873,-0.0686542,0.60334,14.375,7.95833,0,0,1.04167,6.91667,0,-6.60575,0.0001,-0.00219665,0.0346862,1.7427,0.124812,52638,0.176277,210.91,1.23057
6223,2.52609,0.188543,0.738046,0.338513,0.00474367,0.000134334,0.00474367,0.18927,0.171843,0.588641,0.761728,0.051373,0.0231187,0.0489979,0.232993,0.0492305,0,0.973853,0.0813443,2.13825,0.186996,0,0.0734176,0.574479,4.62807,0.654206,0.404764,0.615896,2.43807,0.19692,0.230449,0,0.848602,0.229357,0,-0.000532583,0.247049,0.964469,0.233894,0.0503293,0.0522503,0.00476661,0.00399947,0.432734,0.0489322,4.97856,-0.632969,10.3837,0.667513,0.626996,-6.9284,-0.333333,0.00475914,-0.0675775,0.591989,12.5417,7.375,0,0,1.08333,5.41667,0,-6.60412,0.0001,-0.00147855,0.0361271,1.75105,0.120204,52533,0.176299,214.39,1.11933
6224,2.44201,0.192293,0.75141,0.350649,0.00475932,0.000162118,0.00475932,0.193818,0.175394,0.587622,0.769551,0.0513813,0.0235711,0.0490304,0.236135,0.0468455,0,0.983029,0.0819981,2.13435,0.184922,0,0.0725314,0.572938,4.62249,0.654152,0.402706,0.615055,2.43047,0.198795,0.233717,0,0.829046,0.248629,0,-0.000580843,0.239768,0.964322,0.230865,0.0504234,0.0522493,0.00450858,0.00376161,0.429385,0.0490022,4.90838,-0.900323,10.2959,0.671224,0.631359,-6.74706,-0.333333,0.00569832,-0.0687642,0.595292,12.9167,7,0,0,0.958333,6.16667,0,-6.60363,0.0001,-0.00267065,0.0330283,1.74731,0.124444,52519,0.176311,210.1,1.13982
6225,2.44691,0.189967,0.738549,0.344343,0.004765,0.000151171,0.004765,0.192949,0.172852,0.595821,0.767115,0.0515412,0.0229825,0.0491845,0.234703,0.0463362,0,0.976796,0.0826676,2.14754,0.183898,0,0.0725573,0.572093,4.62433,0.653308,0.402122,0.616731,2.44614,0.199118,0.232232,0,0.830955,0.235329,0,-0.000516791,0.239357,0.96445,0.230996,0.0505272,0.0524418,0.00428792,0.00354864,0.431938,0.0491062,4.94764,-0.759032,10.3261,0.669053,0.628641,-6.82069,-0.333333,0.00532534,-0.0685925,0.59884,13.2917,7.04167,0,0,1.58333,5.875,0,-6.60048,0.0001,-0.00205536,0.034311,1.63762,0.12099,55898,0.176354,210.25,1.23834
6226,2.47243,0.187509,0.736644,0.338943,0.00475766,0.000143822,0.00475766,0.187039,0.17219,0.595321,0.753769,0.0513401,0.0229151,0.0489777,0.233412,0.0502991,0,0.972481,0.0803209,2.14305,0.18787,0,0.0737139,0.570909,4.61972,0.653227,0.402966,0.617478,2.44753,0.194928,0.230917,0,0.828881,0.209208,0,-0.000528735,0.25242,0.964417,0.230488,0.0503791,0.0522964,0.00544832,0.00466961,0.430801,0.0489898,4.83877,-0.723974,10.3693,0.668827,0.633343,-6.78732,-0.333333,0.00502376,-0.0665228,0.593166,13.375,7.08333,0,0,1,5.41667,0,-6.59625,0.0001,-0.00251024,0.0344195,1.76234,0.12421,52107,0.176389,208.6,0.978881
6227,2.52833,0.189051,0.746497,0.345534,0.00472957,0.000173863,0.00472957,0.19125,0.173265,0.591238,0.774151,0.0514246,0.0232164,0.0489862,0.234393,0.0474264,0,0.981918,0.0831421,2.16047,0.183187,0,0.0730356,0.572598,4.62677,0.654242,0.406439,0.614207,2.42791,0.198195,0.231894,0,0.824568,0.254208,0,-0.00052305,0.244816,0.96427,0.23318,0.0503383,0.0523059,0.00485288,0.00408758,0.43316,0.0489307,4.83968,-0.634016,10.4498,0.666495,0.633806,-6.97693,-0.333333,0.00614566,-0.0684373,0.599925,12.3333,7.29167,0,0,0.916667,5.70833,0,-6.59591,0.0001,-0.00229888,0.0357715,1.72175,0.117445,53449,0.176369,212.71,1.25128
6228,2.47026,0.191321,0.752072,0.347059,0.0047367,0.000151362,0.0047367,0.190641,0.174661,0.593261,0.78086,0.051227,0.0235735,0.0488744,0.233511,0.0492232,0,0.977881,0.0843182,2.15287,0.185921,0,0.0726505,0.57323,4.62648,0.654211,0.405555,0.616488,2.43812,0.202411,0.230946,0,0.835431,0.23447,0,-0.000551473,0.245576,0.96454,0.233185,0.0503382,0.052123,0.00498502,0.00417553,0.432738,0.0489549,4.86939,-0.828179,10.3061,0.670688,0.62721,-6.87545,-0.333333,0.00538786,-0.0681613,0.606385,13.2917,8.08333,0,0,0.958333,6.125,0,-6.59818,0.0001,-0.0020775,0.0368871,1.60362,0.122243,56959,0.176314,212.11,1.26998
6229,2.54289,0.18888,0.730894,0.344167,0.00471491,0.000123813,0.00471491,0.191123,0.168989,0.595081,0.754687,0.051349,0.0228585,0.04892,0.233608,0.0479488,0,0.981556,0.0799171,2.16271,0.18229,0,0.0730196,0.570679,4.63266,0.656145,0.408279,0.610498,2.41269,0.196797,0.230949,0,0.813487,0.225754,0,-0.000503806,0.244865,0.964491,0.236408,0.050181,0.0521955,0.00499552,0.00424048,0.429019,0.0488084,4.74776,-0.49,10.4989,0.665188,0.632623,-7.08178,-0.333333,0.00444188,-0.0686986,0.59167,13.375,8.875,0,0,1.20833,5.5,0,-6.60295,0.0001,-0.00222968,0.0346974,1.59865,0.121111,57161,0.176251,211.65,1.04411
6230,2.50836,0.191053,0.751543,0.345028,0.00473137,0.000125123,0.00473137,0.191209,0.174795,0.592658,0.778948,0.051237,0.0227013,0.0488349,0.233963,0.0497669,0,0.978966,0.0845113,2.1544,0.191589,0,0.0745295,0.574274,4.63706,0.655439,0.406213,0.613033,2.4264,0.200733,0.231357,0,0.82899,0.257921,0,-0.00058111,0.244036,0.964115,0.233645,0.0501787,0.0520426,0.00441855,0.00360518,0.433613,0.048766,4.90944,-0.593201,10.4862,0.665616,0.638685,-6.9931,-0.333333,0.00448649,-0.0682064,0.603964,12.9167,8.16667,0,0,1.41667,6.29167,0,-6.60674,0.0001,-0.00221215,0.0363864,1.61231,0.118098,56809,0.17622,211.82,1.06729
6231,2.50866,0.194407,0.747582,0.353858,0.00474641,0.000131913,0.00474641,0.194199,0.174464,0.593699,0.768099,0.0514435,0.0231585,0.0490533,0.236486,0.046921,0,0.986954,0.0823186,2.14435,0.18502,0,0.0738587,0.57233,4.61708,0.653156,0.404343,0.615938,2.43609,0.202472,0.233971,0,0.818511,0.235334,0,-0.000514501,0.240594,0.964221,0.232553,0.0504181,0.0523209,0.00444975,0.00365834,0.43097,0.0489909,4.98628,-0.703151,10.402,0.669088,0.636401,-6.88383,-0.333333,0.0046895,-0.0691928,0.601411,13.5,8.5,0,0,0.958333,6.125,0,-6.60624,0.0001,-0.0027327,0.0329247,1.60646,0.120811,56912,0.17621,214.56,1.21124
6232,2.53649,0.192539,0.760833,0.347825,0.00475526,0.000140124,0.00475526,0.192904,0.177506,0.586883,0.784874,0.0515836,0.0229482,0.049179,0.23501,0.0463026,0,0.980029,0.0848462,2.13562,0.182892,0,0.0728774,0.573334,4.60978,0.653007,0.403217,0.616823,2.43604,0.200628,0.232599,0,0.850472,0.274159,0,-0.000567508,0.240405,0.964034,0.230595,0.0505075,0.0524163,0.00462218,0.00382258,0.429343,0.0490738,4.93312,-0.650717,10.4487,0.668673,0.638195,-6.86534,-0.333333,0.00495826,-0.0686144,0.601837,13.2083,8.41667,0,0,1.29167,6.04167,0,-6.60589,0.0001,-0.00216146,0.0333856,1.60571,0.120198,56957,0.176204,212.47,1.32729
6233,2.54429,0.191221,0.752401,0.346619,0.00475114,0.000135908,0.00475114,0.190773,0.175472,0.595546,0.773621,0.051703,0.0228734,0.0492687,0.235443,0.0477888,0,0.982147,0.0825022,2.13751,0.185296,0,0.0738115,0.568632,4.60496,0.651631,0.403767,0.617685,2.44616,0.200039,0.232837,0,0.846006,0.245741,0,-0.000464464,0.242699,0.964292,0.231697,0.0505863,0.0525443,0.00519237,0.00437864,0.434371,0.0492188,5.22761,-0.49133,10.4711,0.666869,0.635939,-7.02596,-0.333333,0.00473557,-0.0680376,0.605184,12.5833,8.33333,0,0,1.25,6.08333,0,-6.604,0.0001,-0.00217027,0.0362722,1.60218,0.118792,57121,0.176244,212.58,1.30206
6234,2.53025,0.191879,0.750271,0.346087,0.00474498,0.000146912,0.00474498,0.195424,0.174554,0.589174,0.776653,0.0513387,0.0235497,0.0490008,0.234772,0.0461099,0,0.982785,0.0836283,2.1465,0.181271,0,0.0718923,0.571458,4.62199,0.653974,0.404543,0.614535,2.43392,0.201371,0.232559,0,0.838613,0.25212,0,-0.000550643,0.238738,0.96398,0.232226,0.0504693,0.0522731,0.00454587,0.00380639,0.431714,0.048984,4.97501,-0.948469,10.3012,0.672614,0.630433,-6.75155,-0.333333,0.0051774,-0.0697343,0.598973,13.4583,7.375,0,0,0.916667,5.75,0,-6.59993,0.0001,-0.00196398,0.0357341,1.60781,0.12133,56851,0.176273,213.8,1.20697
6235,2.53991,0.186675,0.72141,0.343955,0.00473608,0.000146907,0.00473608,0.187413,0.167584,0.593139,0.748522,0.051524,0.0228282,0.0490908,0.232215,0.049503,0,0.971079,0.0790284,2.1522,0.18602,0,0.0743638,0.569825,4.60997,0.652971,0.405621,0.615192,2.43631,0.196114,0.229713,0,0.80288,0.236192,0,-0.00046655,0.247064,0.964451,0.232301,0.0504787,0.0524514,0.00531848,0.00457595,0.431111,0.0490998,4.99725,-0.534473,10.5158,0.665568,0.638824,-6.9975,-0.333333,0.00510472,-0.0669012,0.579042,12.625,7.45833,0,0,0.833333,6,0,-6.59878,0.0001,-0.00241501,0.0347981,1.62043,0.120104,56479,0.176237,209.78,1.09529
6236,2.56244,0.193382,0.764429,0.346238,0.00471578,9.56046e-05,0.00471578,0.194289,0.177311,0.594171,0.787689,0.051264,0.0236112,0.0488998,0.233534,0.0480502,0,0.981705,0.0852007,2.14478,0.181949,0,0.0728658,0.575379,4.63352,0.655294,0.40817,0.612945,2.42861,0.202382,0.231139,0,0.849915,0.274378,0,-0.000570519,0.240226,0.964373,0.234757,0.050369,0.052156,0.00489324,0.00411604,0.432263,0.0489389,4.80925,-0.862949,10.3881,0.670064,0.630362,-6.87543,-0.333333,0.00342943,-0.0696591,0.620394,13.75,8.16667,0,0,0.916667,5.54167,0,-6.60087,0.0001,-0.00287029,0.0381437,1.63748,0.117581,56011,0.176187,214.22,1.37319
6237,2.50295,0.193255,0.761482,0.344235,0.00476355,0.000135365,0.00476355,0.190467,0.177042,0.597139,0.785825,0.0516829,0.0230182,0.0492889,0.233492,0.0492451,0,0.973785,0.0855549,2.17024,0.186028,0,0.0742,0.567662,4.60595,0.650775,0.402244,0.618807,2.45617,0.202566,0.230871,0,0.839568,0.268296,0,-0.000433078,0.245055,0.964345,0.229037,0.0507247,0.0526079,0.00503821,0.00426876,0.432223,0.0493208,5.07493,-0.628891,10.4291,0.66904,0.637344,-6.89507,-0.333333,0.00481691,-0.0680721,0.616309,13.5,8.375,0,0,1.20833,5.29167,0,-6.60505,0.0001,-0.00207317,0.0363862,1.61667,0.116425,56721,0.176186,212.31,1.40322
6238,2.50667,0.195321,0.757239,0.34855,0.00474161,0.000163285,0.00474161,0.194807,0.175936,0.592326,0.784045,0.0513571,0.0240881,0.0490151,0.235832,0.048285,0,0.988108,0.0856511,2.17229,0.184241,0,0.0736933,0.569609,4.61474,0.652886,0.40498,0.614535,2.44125,0.20438,0.233543,0,0.83041,0.273819,0,-0.000514947,0.241966,0.964304,0.233171,0.0505105,0.0523319,0.00497852,0.00420066,0.431537,0.0490452,4.81901,-0.897553,10.3563,0.670891,0.632145,-6.76547,-0.333333,0.00585447,-0.0695871,0.610218,14.4583,7.70833,0,0,1.16667,6,0,-6.60359,0.0001,-0.00303618,0.0353443,1.5803,0.116198,57945,0.176245,211.29,1.33035
6239,2.54464,0.193173,0.756316,0.348356,0.00476131,0.000124296,0.00476131,0.192464,0.17638,0.594609,0.777452,0.0516131,0.0232846,0.0492149,0.235017,0.0475665,0,0.979882,0.0835419,2.14744,0.185993,0,0.0738094,0.574002,4.60491,0.651507,0.402489,0.619157,2.44677,0.200396,0.23259,0,0.830555,0.239241,0,-0.000503729,0.240085,0.96432,0.228652,0.0506728,0.052509,0.00444469,0.00365304,0.432598,0.0492249,5.13744,-0.824971,10.3815,0.670244,0.636158,-6.80812,-0.333333,0.00444963,-0.0686241,0.610756,12.9167,7.75,0,0,0.833333,5.66667,0,-6.60165,0.0001,-0.00287486,0.0337046,1.58512,0.119094,57682,0.176256,212.32,1.34013
6240,2.53197,0.189095,0.731142,0.343422,0.00473033,0.000131465,0.00473033,0.193435,0.169068,0.592189,0.755126,0.0514326,0.0229512,0.0490093,0.234581,0.0476064,0,0.984079,0.0810008,2.15385,0.187476,0,0.0744062,0.569169,4.62075,0.654394,0.40637,0.613895,2.42892,0.198203,0.232008,0,0.797448,0.26384,0,-0.000478782,0.240471,0.9645,0.234255,0.0503984,0.0522848,0.00456971,0.0037582,0.434399,0.0489984,5.20661,-0.630777,10.4457,0.667536,0.63496,-7.04696,-0.333333,0.00468425,-0.0693634,0.589731,13.0833,9.04167,0,0,1.20833,6.29167,0,-6.6013,0.0001,-0.00174356,0.035343,1.60206,0.118302,57141,0.17625,213.29,1.16433
6241,2.49142,0.192937,0.754511,0.348024,0.00472575,0.000183481,0.00472575,0.195661,0.175021,0.593873,0.778546,0.0513297,0.0232858,0.0489563,0.235504,0.046146,0,0.988276,0.0836175,2.14843,0.182052,0,0.0729837,0.573082,4.63278,0.65572,0.406959,0.612664,2.4311,0.202257,0.233113,0,0.844159,0.244267,0,-0.000569929,0.238808,0.96481,0.235549,0.0502806,0.0521207,0.00451905,0.00371152,0.433825,0.0488748,5.0127,-0.757469,10.3456,0.670062,0.632151,-6.94341,-0.333333,0.0065151,-0.0700815,0.611112,12.5417,7.79167,0,0,1.16667,6,0,-6.60169,0.0001,-0.00181628,0.0359324,1.58888,0.118411,57578,0.176217,213.84,1.49314
6242,2.55279,0.195214,0.758748,0.350814,0.00472399,0.000150438,0.00472399,0.194782,0.17587,0.591325,0.782688,0.0510793,0.0233958,0.0487235,0.234533,0.0477611,0,0.984808,0.0838861,2.13553,0.183981,0,0.072583,0.575288,4.62241,0.654638,0.407192,0.611803,2.42863,0.203752,0.232117,0,0.841026,0.262895,0,-0.000585243,0.240228,0.964505,0.235063,0.0501293,0.0519478,0.00500636,0.00421292,0.435111,0.048722,5.07992,-0.85805,10.3322,0.670259,0.630562,-6.88982,-0.333333,0.00536412,-0.0698225,0.608371,12.9167,7.29167,0,0,1,5.70833,0,-6.60147,0.0001,-0.00302667,0.0362523,1.6583,0.11886,55315,0.176262,215.66,1.33259
6243,2.50496,0.19072,0.736067,0.351644,0.00474525,0.000169762,0.00474525,0.194231,0.171382,0.587746,0.757486,0.0517277,0.0226041,0.0492656,0.236671,0.0476664,0,0.988584,0.0804812,2.1269,0.183558,0,0.0734943,0.571118,4.61625,0.652824,0.404494,0.615835,2.44139,0.200453,0.234217,0,0.814898,0.221838,0,-0.000523655,0.241365,0.964801,0.231763,0.0505214,0.0525035,0.00491189,0.0041443,0.432701,0.0491277,5.11058,-0.486226,10.5,0.665406,0.634743,-7.04455,-0.333333,0.00603409,-0.0693082,0.592543,12.2083,8.375,0,0,1.54167,6.58333,0,-6.5986,0.0001,-0.00193014,0.0386925,1.62609,0.1201,56296,0.176285,213.02,1.13763
6244,2.51846,0.19071,0.746955,0.341937,0.00470368,0.000160094,0.00470368,0.192688,0.172388,0.594726,0.773959,0.0509571,0.0233622,0.0486035,0.233123,0.0488853,0,0.982329,0.0841128,2.16348,0.185722,0,0.0732621,0.575391,4.64396,0.656643,0.409691,0.61128,2.41749,0.200236,0.230663,0,0.83781,0.258983,0,-0.000591013,0.241721,0.964736,0.237862,0.0499814,0.0518174,0.00497011,0.0041379,0.434807,0.0485757,4.95274,-0.807723,10.3824,0.668389,0.628884,-6.96519,-0.333333,0.00567716,-0.0693252,0.607676,11.7083,7,0,0,1.29167,5.70833,0,-6.59937,0.0001,-0.0015993,0.0407638,1.58862,0.117314,57624,0.176267,212.02,1.16332
6245,2.54724,0.188375,0.724898,0.346871,0.00475565,0.00016094,0.00475565,0.188635,0.168794,0.594762,0.743136,0.0515961,0.023325,0.0491968,0.236449,0.0502092,0,0.987116,0.0787728,2.13521,0.187327,0,0.0745119,0.569227,4.6057,0.651502,0.403199,0.617528,2.45252,0.197206,0.234091,0,0.793445,0.214367,0,-0.000448368,0.246865,0.964282,0.230059,0.0506116,0.0525495,0.00511312,0.00432415,0.43161,0.0491939,5.13442,-0.769199,10.3869,0.670283,0.635948,-6.83699,-0.333333,0.00570964,-0.0673662,0.587573,13.875,8.875,0,0,1.16667,5.45833,0,-6.60039,0.0001,-0.00185518,0.0356809,1.57447,0.117903,58086,0.176232,212.81,1.05548
6246,2.55063,0.192155,0.741636,0.353371,0.00472758,0.000165276,0.00472758,0.194868,0.172097,0.598983,0.765049,0.051242,0.0236825,0.0489017,0.233992,0.0463628,0,0.980921,0.0813992,2.1485,0.178232,0,0.0711542,0.575109,4.62183,0.653747,0.406688,0.615211,2.43591,0.200603,0.231699,0,0.809808,0.221407,0,-0.000555581,0.241109,0.964618,0.233737,0.0503388,0.0521667,0.00518134,0.00438877,0.433073,0.0489018,4.87776,-0.945371,10.2993,0.671908,0.629263,-6.80113,-0.333333,0.00578189,-0.0697669,0.60466,13.4167,8.08333,0,0,1,5.58333,0,-6.60345,0.0001,-0.00172756,0.0384249,1.60477,0.119673,57006,0.1762,211.67,1.27286
6247,2.4733,0.189467,0.732815,0.345388,0.00472042,0.00018276,0.00472042,0.192734,0.169448,0.597669,0.759025,0.0510866,0.0239828,0.0487533,0.23486,0.0499597,0,0.987768,0.0819606,2.16201,0.184684,0,0.0728024,0.569728,4.63211,0.655295,0.407612,0.612642,2.43135,0.199736,0.232603,0,0.803653,0.232219,0,-0.000572793,0.246333,0.964316,0.234667,0.0501983,0.0520047,0.00524407,0.00441195,0.433255,0.0487481,4.89203,-0.998249,10.2844,0.673115,0.633379,-6.79538,-0.333333,0.00648913,-0.0692089,0.60107,13.25,7.25,0,0,1,5.5,0,-6.60661,0.0001,-0.00234595,0.0388756,1.57129,0.117419,58212,0.176156,215.9,1.39034
6248,2.50424,0.18878,0.716597,0.348141,0.00476319,0.00018771,0.00476319,0.18858,0.167105,0.595927,0.735135,0.0513527,0.0234558,0.0490089,0.235318,0.0505693,0,0.981086,0.0775078,2.15003,0.189425,0,0.0738157,0.568245,4.6077,0.651664,0.402247,0.61859,2.45078,0.196405,0.233002,0,0.803701,0.19642,0,-0.000454469,0.248875,0.964139,0.228776,0.0505745,0.0524183,0.00527546,0.00450073,0.432891,0.0491615,4.98213,-0.949793,10.284,0.673373,0.634549,-6.68466,-0.333333,0.00663304,-0.0671792,0.581347,14.125,8.125,0,0,1.08333,5.20833,0,-6.61045,0.0001,-0.00203441,0.0337885,1.57988,0.116527,57948,0.176147,209.27,1.11911
6249,2.46274,0.190482,0.729645,0.349145,0.00473186,0.000206349,0.00473186,0.190871,0.169578,0.595482,0.751643,0.0508698,0.0239183,0.0485808,0.235642,0.0487604,0,0.988461,0.0803236,2.14398,0.186711,0,0.0727814,0.57499,4.62792,0.654111,0.406195,0.613679,2.42967,0.199467,0.233608,0,0.809287,0.21604,0,-0.000566921,0.245391,0.964016,0.233576,0.0501385,0.0519078,0.00513724,0.00436134,0.43436,0.0487104,4.95205,-1.25584,10.2081,0.675441,0.633284,-6.60491,-0.333333,0.00724447,-0.0683022,0.593041,13.5,6.70833,0,0,1.25,5.08333,0,-6.61247,0.0001,-0.00246393,0.0332155,1.60717,0.116264,57039,0.176159,214.68,1.37269
6250,2.48254,0.194299,0.753345,0.353486,0.00469251,0.000152042,0.00469251,0.195386,0.173509,0.588801,0.779798,0.0508926,0.0237437,0.0485672,0.232318,0.0462684,0,0.982757,0.0843033,2.15189,0.182243,0,0.0717834,0.576448,4.63963,0.656816,0.41109,0.607914,2.41077,0.204655,0.230185,0,0.839786,0.257894,0,-0.000660296,0.239372,0.964729,0.240336,0.0499179,0.0517471,0.0045762,0.00383401,0.431179,0.0484699,4.76731,-1.03257,10.2322,0.673405,0.627848,-6.85037,-0.333333,0.00543055,-0.0703821,0.607189,12.2083,6.91667,0,0,1.25,5.41667,0,-6.61435,0.0001,-0.00240165,0.0372997,1.56891,0.117001,58308,0.176123,214.02,1.11378
6251,2.50035,0.195185,0.7542,0.348987,0.00469242,0.000176178,0.00469242,0.196769,0.174016,0.589472,0.783282,0.0506714,0.0242785,0.048355,0.234167,0.0479575,0,0.98886,0.0860765,2.15428,0.182093,0,0.0723045,0.58025,4.64934,0.658186,0.411101,0.606902,2.40316,0.204856,0.231694,0,0.817907,0.298711,0,-0.00064263,0.242791,0.96423,0.23992,0.0497641,0.0515463,0.00550888,0.00469438,0.437226,0.0483432,5.12594,-1.08936,10.2359,0.673266,0.627716,-6.83469,-0.333333,0.00631894,-0.0709436,0.605593,13.75,8.04167,0,0,1.04167,5.91667,0,-6.61612,0.0001,-0.00252721,0.0378377,1.53872,0.113801,59487,0.176143,213.75,1.21198
6252,2.52034,0.196434,0.758139,0.354553,0.00469386,0.000202727,0.00469386,0.194482,0.174506,0.586863,0.788078,0.0506551,0.0242856,0.0483506,0.235148,0.0503921,0,0.993414,0.0864131,2.16557,0.187603,0,0.0732545,0.575075,4.64948,0.658282,0.410935,0.607683,2.40355,0.20705,0.232834,0,0.829541,0.305248,0,-0.000610144,0.244877,0.964286,0.238934,0.0498849,0.0515926,0.00485688,0.00402501,0.435566,0.0484309,4.93638,-1.12491,10.2523,0.673848,0.631802,-6.78938,-0.333333,0.00726191,-0.0700805,0.608717,13.5417,7.41667,0,0,1.25,5.33333,0,-6.61245,0.0001,-0.00222783,0.0393884,1.52721,0.112443,59954,0.176219,218.08,1.5632
6253,2.45743,0.192609,0.726592,0.355791,0.00476336,0.000220525,0.00476336,0.192909,0.169723,0.595775,0.748404,0.0512717,0.0240754,0.0489629,0.238399,0.0481739,0,0.993231,0.0798894,2.15935,0.181738,0,0.0723408,0.571944,4.62023,0.653119,0.402205,0.617471,2.44676,0.201477,0.236159,0,0.815191,0.210718,0,-0.000583941,0.244863,0.963993,0.229959,0.0504223,0.0522017,0.00558113,0.00473339,0.435741,0.0489958,5.17735,-1.09134,10.2201,0.674895,0.631835,-6.62768,-0.333333,0.00776997,-0.0687026,0.58591,14.1667,8,0,0,1.5,6,0,-6.60713,0.0001,-0.00260244,0.0392672,1.51019,0.115481,60469,0.176278,211.29,1.0479
6254,2.5341,0.190693,0.736841,0.350329,0.00472834,0.000172308,0.00472834,0.195921,0.170881,0.593582,0.764359,0.0514124,0.023414,0.049002,0.235035,0.0474734,0,0.9857,0.0817889,2.15107,0.185837,0,0.0738903,0.574709,4.62443,0.654533,0.406605,0.61429,2.43207,0.199449,0.232669,0,0.804638,0.251388,0,-0.00054274,0.238734,0.964716,0.235493,0.050303,0.0522126,0.00474601,0.00393895,0.432665,0.048879,5.18448,-0.688857,10.3728,0.669929,0.632866,-6.98472,-0.333333,0.00611958,-0.0701591,0.592275,12.7917,7.75,0,0,1.29167,6,0,-6.60359,0.0001,-0.00202703,0.0376104,1.52457,0.113107,60026,0.17628,212.31,1.25703
6255,2.53329,0.189609,0.739658,0.3512,0.00473735,0.000187606,0.00473735,0.191207,0.171548,0.593173,0.758675,0.0516163,0.022581,0.0491863,0.235822,0.0491878,0,0.986603,0.080368,2.14788,0.186965,0,0.0740266,0.568248,4.61857,0.653696,0.405463,0.613912,2.43491,0.197159,0.233328,0,0.813685,0.221028,0,-0.000500401,0.244192,0.965161,0.231978,0.0505688,0.0524736,0.00533703,0.00450636,0.429673,0.0491927,5.03299,-0.596764,10.4542,0.667748,0.640094,-6.96561,-0.333333,0.00666443,-0.0684196,0.594935,12.875,8.70833,0,0,1.58333,5.625,0,-6.60394,0.0001,-0.0025137,0.0384338,1.51977,0.114118,60165,0.176292,212.93,1.2114
6256,2.47206,0.195866,0.75838,0.356227,0.00471775,0.000225181,0.00471775,0.19534,0.17535,0.59281,0.7822,0.0510045,0.0239461,0.0486877,0.236993,0.0479173,0,0.996876,0.0842694,2.15401,0.182386,0,0.0721433,0.572897,4.63786,0.654834,0.407923,0.613293,2.43241,0.204484,0.234797,0,0.840306,0.235065,0,-0.000603321,0.242042,0.964443,0.235765,0.0501763,0.0519411,0.00541376,0.00460524,0.434773,0.0487398,5.02229,-1.08713,10.2367,0.674534,0.628854,-6.74268,-0.333333,0.00796928,-0.0701681,0.609601,14.3333,8,0,0,1.79167,5.41667,0,-6.60577,0.0001,-0.0025796,0.0363662,1.55013,0.116481,58984,0.176254,212.39,1.1115
6257,2.48096,0.192079,0.741333,0.351533,0.00475333,0.000182814,0.00475333,0.192533,0.172591,0.596356,0.76041,0.0512501,0.0236064,0.0489167,0.23606,0.0500689,0,0.986505,0.081164,2.14372,0.18514,0,0.0729391,0.571547,4.61407,0.652962,0.40363,0.616217,2.43857,0.201284,0.233845,0,0.826103,0.225409,0,-0.000584608,0.24536,0.964095,0.230646,0.0504057,0.0521984,0.00538096,0.00458769,0.4345,0.0489802,5.16456,-1.02952,10.2439,0.675396,0.632317,-6.67836,-0.333333,0.0065402,-0.0686598,0.604602,13.1667,8.20833,0,0,1.125,5.33333,0,-6.60816,0.0001,-0.00275897,0.0385172,1.55961,0.116349,58655,0.176303,215.17,1.34046
6258,2.52631,0.195676,0.756997,0.353878,0.00472688,0.000179109,0.00472688,0.194568,0.175068,0.590562,0.78063,0.0512859,0.0231912,0.0489155,0.23568,0.0477366,0,0.989095,0.0850725,2.15232,0.182831,0,0.0728017,0.57565,4.63863,0.65648,0.406795,0.613106,2.41712,0.204079,0.233134,0,0.830992,0.280223,0,-0.000554326,0.243474,0.964655,0.235342,0.0502163,0.0520855,0.00506371,0.00427292,0.435351,0.0488386,5.19534,-0.736047,10.2808,0.672137,0.627935,-6.9809,-0.333333,0.00634452,-0.069848,0.605247,12,6.91667,0,0,1.125,6.83333,0,-6.60461,0.0001,-0.00218367,0.0369715,1.56627,0.11754,58381,0.17633,209.41,1.16496
6259,2.47188,0.192777,0.74087,0.35591,0.00474184,0.000198798,0.00474184,0.193282,0.172459,0.596357,0.760354,0.0515013,0.0232436,0.0491003,0.237135,0.0489788,0,0.990456,0.0809729,2.15083,0.183838,0,0.0732302,0.571469,4.62496,0.654035,0.404899,0.617607,2.43491,0.200807,0.234493,0,0.80921,0.231819,0,-0.00052887,0.243814,0.964905,0.232154,0.0504203,0.0523455,0.0051291,0.00433951,0.435353,0.04903,5.24246,-0.663855,10.387,0.668447,0.634324,-6.95043,-0.333333,0.00701602,-0.0690354,0.600881,12.7917,8.45833,0,0,1.16667,5.95833,0,-6.60374,0.0001,-0.00241802,0.0364031,1.5738,0.118014,58105,0.176333,209.67,0.923713
6260,2.47822,0.19044,0.739326,0.349295,0.00474254,0.000210367,0.00474254,0.193461,0.172011,0.589466,0.761669,0.0512328,0.0233041,0.048864,0.236394,0.0481964,0,0.9879,0.0821876,2.16643,0.187136,0,0.0732049,0.572776,4.61773,0.654314,0.404811,0.614578,2.42811,0.198821,0.233903,0,0.818958,0.251781,0,-0.000557632,0.241001,0.964602,0.232774,0.0502625,0.0521046,0.00456965,0.0037346,0.436965,0.0488417,5.37921,-0.886677,10.2643,0.672401,0.633349,-6.84954,-0.333333,0.00748022,-0.0691704,0.595005,12.5,7.25,0,0,0.916667,5.83333,0,-6.60369,0.0001,-0.00170996,0.0368506,1.61026,0.119067,56845,0.176321,212.77,1.351
6261,2.46819,0.192926,0.737662,0.352237,0.00473555,0.000176708,0.00473555,0.194392,0.171561,0.593734,0.763471,0.0507149,0.0249671,0.0484708,0.236069,0.0490547,0,0.990181,0.0815786,2.16922,0.186441,0,0.0722607,0.576352,4.63863,0.657048,0.405689,0.613857,2.41695,0.203082,0.23412,0,0.82,0.227623,0,-0.000664879,0.241928,0.964019,0.234126,0.0499994,0.0517062,0.00513359,0.00435771,0.439862,0.0485375,5.20546,-1.47206,10.0573,0.680791,0.631807,-6.49227,-0.333333,0.00621978,-0.0693792,0.598303,12.8333,6.29167,0,0,0.875,4.41667,0,-6.60483,0.0001,-0.00198496,0.0381236,1.61923,0.118784,56561,0.176347,212.14,1.33829
6262,2.44966,0.190623,0.742096,0.350819,0.00474704,0.000195316,0.00474704,0.189371,0.172566,0.598258,0.766333,0.0509457,0.0238719,0.0486411,0.235097,0.052181,0,0.982143,0.0826658,2.16318,0.19027,0,0.0727274,0.57623,4.63281,0.655522,0.404246,0.614243,2.42129,0.199891,0.232776,0,0.81924,0.24502,0,-0.000643617,0.247221,0.964106,0.231016,0.0501374,0.0518578,0.00534848,0.00454975,0.436989,0.0487018,5.23252,-1.16938,10.1695,0.676469,0.631535,-6.63007,-0.333333,0.0068813,-0.0675875,0.598945,15.0833,8.20833,0,0,1.29167,5.875,0,-6.60294,0.0001,-0.00251007,0.0360286,1.59987,0.118468,57208,0.176404,212.1,1.11083
6263,2.46477,0.191952,0.736099,0.352602,0.0047591,0.000224974,0.0047591,0.19262,0.171207,0.596767,0.758129,0.0513309,0.0233006,0.0489902,0.237296,0.0501606,0,0.99078,0.0820818,2.17077,0.18602,0,0.0727003,0.571041,4.61936,0.65338,0.402844,0.618337,2.44432,0.200424,0.234891,0,0.788216,0.243243,0,-0.000510686,0.245262,0.964737,0.230135,0.0504802,0.0523016,0.00514765,0.00433367,0.43575,0.0490729,5.21835,-0.910067,10.2403,0.673686,0.632068,-6.76282,-0.333333,0.00806839,-0.0687322,0.597738,12.125,7.29167,0,0,1.29167,4.95833,0.0416667,-6.60323,0.0001,-0.00231103,0.0372393,1.60975,0.119081,56861,0.176329,214.34,1.31724
6264,2.46014,0.192405,0.739365,0.351957,0.00475771,0.000174515,0.00475771,0.193017,0.17258,0.596331,0.762482,0.0511191,0.0241474,0.0488278,0.236717,0.0489899,0,0.986477,0.0810258,2.1647,0.185425,0,0.0718809,0.57359,4.61819,0.653449,0.40292,0.616256,2.43517,0.201163,0.234492,0,0.830137,0.223534,0,-0.000614268,0.239506,0.963911,0.229134,0.0503875,0.052108,0.00483243,0.0039978,0.435141,0.0488988,5.26063,-1.25118,10.1708,0.676845,0.633381,-6.53258,-0.333333,0.00609801,-0.0686641,0.602579,15.5833,7.375,0,0,1.41667,5.125,0,-6.60733,0.0001,-0.00210717,0.0353358,1.612,0.114617,56934,0.176282,211.11,1.34057
6265,2.4339,0.18855,0.738867,0.34353,0.00474243,0.00015028,0.00474243,0.191456,0.17156,0.594913,0.757828,0.0510644,0.0239792,0.0487373,0.235373,0.0495328,0,0.985178,0.0806373,2.16728,0.184855,0,0.0719365,0.571243,4.63006,0.654453,0.404856,0.615732,2.42577,0.19636,0.233211,0,0.823006,0.250575,0,-0.000568474,0.243888,0.964554,0.232768,0.0502245,0.0519984,0.00520935,0.00438149,0.437188,0.0487742,5.24011,-1.00747,10.2217,0.674571,0.630205,-6.72009,-0.333333,0.00529847,-0.0685301,0.603273,12.125,5.79167,0,0,1.20833,5.95833,0,-6.61008,0.0001,-0.00236877,0.0364653,1.5615,0.116002,58601,0.176271,211.95,1.12326
6266,2.53227,0.191192,0.749171,0.350265,0.00469249,0.000203711,0.00469249,0.194061,0.172674,0.593571,0.772461,0.0506699,0.0239474,0.048338,0.233939,0.0492646,0,0.988384,0.0832657,2.16473,0.184427,0,0.0718424,0.580693,4.65502,0.657649,0.411092,0.609052,2.40313,0.200984,0.231627,0,0.8158,0.259838,0,-0.000657852,0.244035,0.964515,0.239828,0.049673,0.0515099,0.0052871,0.00452141,0.437864,0.0482731,5.00957,-1.05586,10.2386,0.673056,0.627562,-6.8522,-0.333333,0.0072223,-0.0699948,0.605325,13.3333,7.79167,0,0,0.791667,5.66667,0,-6.61283,0.0001,-0.00106272,0.0395025,1.58437,0.115813,57819,0.176256,212.13,1.06177
6267,2.41757,0.192398,0.749556,0.347872,0.00471205,0.000151864,0.00471205,0.194739,0.17324,0.595655,0.773496,0.050744,0.0240167,0.0484186,0.233853,0.0480065,0,0.984193,0.0832702,2.15944,0.185493,0,0.0722645,0.579638,4.65857,0.658003,0.408637,0.612101,2.40794,0.202048,0.23156,0,0.826022,0.25216,0,-0.000642753,0.242407,0.96451,0.237782,0.0498227,0.0516236,0.00512668,0.0043241,0.44106,0.0484186,5.30294,-1.12828,10.1707,0.675183,0.630784,-6.79427,-0.333333,0.00543438,-0.0700744,0.612605,13.25,7.08333,0,0,1.375,5.75,0,-6.61432,0.0001,-0.00185889,0.0349155,1.58971,0.11698,57599,0.176278,214.85,1.19552
6268,2.4988,0.193766,0.756611,0.354788,0.00472955,0.000198702,0.00472955,0.192856,0.175583,0.588733,0.779008,0.0509565,0.0239189,0.0485947,0.236067,0.0493656,0,0.989973,0.0834992,2.14952,0.188438,0,0.0731699,0.576012,4.63975,0.656763,0.406458,0.610965,2.41435,0.202034,0.233673,0,0.848638,0.242929,0,-0.000611532,0.244612,0.964576,0.236329,0.04992,0.0517995,0.00502146,0.0041646,0.439769,0.0485114,5.33236,-0.900615,10.2279,0.673534,0.631233,-6.8815,-0.333333,0.0070178,-0.0691204,0.608745,12.5,7.54167,0,0,1.16667,5.58333,0,-6.61507,0.0001,-0.00176403,0.0372939,1.55999,0.11701,58619,0.176294,214.02,1.31303
6269,2.50053,0.189895,0.732288,0.345611,0.00471713,0.000192153,0.00471713,0.190779,0.16923,0.593116,0.752188,0.0508987,0.0234945,0.0485213,0.233299,0.0507587,0,0.980665,0.0801099,2.16951,0.186214,0,0.0727223,0.579902,4.64842,0.65739,0.408018,0.611985,2.41437,0.198341,0.230839,0,0.81369,0.227662,0,-0.00063597,0.248925,0.96478,0.23714,0.0497781,0.0516957,0.00536874,0.00457854,0.440504,0.0484136,5.14155,-0.795791,10.2888,0.671038,0.629742,-6.94899,-0.333333,0.00676805,-0.0685703,0.594615,12.5417,7.5,0,0,1.29167,6,0,-6.61474,0.0001,-0.00268638,0.0406162,1.54665,0.115923,59127,0.176333,214.99,1.24854
6270,2.48494,0.187697,0.732085,0.344322,0.00472429,0.000171139,0.00472429,0.18918,0.168699,0.589508,0.756852,0.0508994,0.0233982,0.0485385,0.232664,0.0498982,0,0.979857,0.0809956,2.16908,0.188343,0,0.0733928,0.577861,4.64987,0.657788,0.40719,0.610169,2.40625,0.197352,0.230538,0,0.810179,0.266254,0,-0.000664986,0.247098,0.964511,0.238732,0.049709,0.0516602,0.00460068,0.00384686,0.435396,0.0483061,5.07826,-0.900908,10.2405,0.673583,0.631043,-6.88322,-0.333333,0.00609114,-0.0681489,0.592069,12.8333,7.5,0,0,1.41667,5.83333,0,-6.61259,0.0001,-0.00221746,0.0360415,1.54755,0.116619,59070,0.176324,212.8,1.28613
6271,2.52273,0.192926,0.748206,0.350746,0.00472443,0.000198064,0.00472443,0.193571,0.173488,0.593598,0.776031,0.0510715,0.0235322,0.0486758,0.236085,0.050603,0,0.990566,0.0846082,2.1521,0.184219,0,0.0723483,0.574446,4.63266,0.656403,0.407084,0.611564,2.41163,0.202811,0.233679,0,0.82514,0.254663,0,-0.0006075,0.246249,0.965041,0.235202,0.0499457,0.0519123,0.00539355,0.00457144,0.439871,0.0485608,5.20634,-0.766161,10.3103,0.670325,0.631893,-6.93875,-0.333333,0.00706902,-0.0693837,0.608346,12.9167,8.04167,0,0,1.58333,5.875,0,-6.61466,0.0001,-0.00240793,0.0388538,1.55303,0.116175,58892,0.176284,214.98,1.26717
6272,2.46354,0.188278,0.733549,0.348514,0.00471258,0.000199212,0.00471258,0.190467,0.169357,0.597188,0.755783,0.0511077,0.0236656,0.0486975,0.232381,0.0495372,0,0.977183,0.0803493,2.15573,0.18706,0,0.0731251,0.579259,4.64632,0.656734,0.40857,0.61286,2.40783,0.196755,0.22997,0,0.797673,0.222435,0,-0.000620306,0.2466,0.965622,0.238284,0.0498913,0.0518411,0.00498532,0.00418323,0.435422,0.0485252,5.06229,-0.675069,10.3542,0.668335,0.630872,-7.06122,-0.333333,0.00711005,-0.0684913,0.599587,11.875,7.625,0,0,1.25,6.54167,0,-6.61869,0.0001,-0.00224206,0.037016,1.55895,0.116014,58690,0.176214,212.82,1.17619
6273,2.5416,0.193813,0.763136,0.356694,0.0046859,0.000199649,0.0046859,0.192568,0.175526,0.59352,0.786642,0.0509638,0.0231189,0.0485178,0.232334,0.0495343,0,0.983344,0.0841794,2.16861,0.184035,0,0.0733583,0.581504,4.66251,0.659613,0.411923,0.607563,2.39493,0.203018,0.22996,0,0.84129,0.24146,0,-0.000653917,0.246633,0.965324,0.243335,0.0495832,0.0516578,0.00531568,0.00452849,0.439979,0.0482232,5.14157,-0.565657,10.3812,0.667377,0.627429,-7.16341,-0.333333,0.00709875,-0.0694825,0.62633,11.7083,7.58333,0,0,1.79167,5.58333,0,-6.62227,0.0001,-0.00280661,0.0356257,1.55427,0.115188,58883,0.17616,215.23,1.40709
6274,2.50446,0.194786,0.757229,0.354919,0.00470103,0.00019044,0.00470103,0.196365,0.174266,0.590527,0.778244,0.0507818,0.0241284,0.0484094,0.234981,0.048098,0,0.992878,0.0837182,2.16869,0.183081,0,0.0723568,0.580209,4.66284,0.658777,0.410069,0.609916,2.40078,0.203902,0.232812,0,0.818631,0.259256,0,-0.000698182,0.239274,0.96447,0.240557,0.0496705,0.0515537,0.0046629,0.0038239,0.439298,0.0482216,5.13304,-0.964314,10.2515,0.673688,0.631237,-6.89915,-0.333333,0.00687052,-0.0708584,0.61404,13.25,8.16667,0,0,1.70833,5.29167,0,-6.62447,0.0001,0.000824136,0.0347786,1.55656,0.115487,58792,0.176154,215.02,1.43548
6275,2.50044,0.197073,0.767256,0.360173,0.00467396,0.000237637,0.00467396,0.197046,0.176217,0.593304,0.789869,0.050804,0.0235387,0.0484071,0.233158,0.04823,0,0.990822,0.0852672,2.16018,0.181821,0,0.0720028,0.581745,4.66189,0.659436,0.413477,0.608455,2.39455,0.205519,0.231019,0,0.83659,0.262835,0,-0.000613033,0.24046,0.965251,0.243873,0.0496103,0.0515898,0.00495515,0.00417171,0.439099,0.0482045,5.08996,-0.78992,10.3066,0.669666,0.626971,-7.07661,-0.333333,0.00860054,-0.0714066,0.627605,12.4583,7.5,0,0,1.75,6,0,-6.62426,0.0001,-0.00174528,0.0330405,1.55751,0.114863,58781,0.176148,214.71,1.50662
6276,2.50518,0.19579,0.776071,0.355697,0.00467671,0.000198531,0.00467671,0.197043,0.1788,0.592332,0.800995,0.0506961,0.0235839,0.0483193,0.233364,0.0485078,0,0.989377,0.0867808,2.16645,0.184152,0,0.0725643,0.580742,4.67039,0.660865,0.413079,0.605297,2.3872,0.204793,0.231159,0,0.870578,0.268119,0,-0.000676254,0.239868,0.965008,0.243816,0.0495193,0.0514401,0.00446008,0.0036449,0.439038,0.0481077,5.03446,-0.849674,10.3057,0.670179,0.626464,-7.04286,-0.333333,0.00711594,-0.0711809,0.63241,12.7917,7.70833,0,0,2,6.16667,0,-6.62617,0.0001,-0.00145898,0.035081,1.55769,0.116874,58704,0.176136,214.93,1.25103
6277,2.52917,0.188972,0.74325,0.34753,0.00468629,0.000208623,0.00468629,0.19171,0.171095,0.589593,0.768997,0.0506701,0.0240053,0.0482986,0.232673,0.0514517,0,0.984758,0.0825158,2.15492,0.191057,0,0.0737122,0.581457,4.66598,0.660165,0.411871,0.607872,2.39963,0.197732,0.23047,0,0.827211,0.259408,0,-0.000621614,0.245636,0.964877,0.242013,0.0495423,0.0514734,0.0050579,0.00426003,0.442621,0.0481527,5.13602,-0.794129,10.3062,0.670134,0.627513,-7.04451,-0.333333,0.00744521,-0.0692291,0.603126,11.8333,7.16667,0,0,1.20833,5.95833,0,-6.62757,0.0001,-0.00239683,0.0372794,1.59111,0.116809,57557,0.176154,211.7,1.05414
6278,2.46792,0.194001,0.755322,0.355151,0.00469611,0.000248645,0.00469611,0.195344,0.173613,0.595952,0.77583,0.0509345,0.0235244,0.0485103,0.235134,0.0492928,0,0.992011,0.0833721,2.1566,0.182223,0,0.0730547,0.576139,4.65554,0.658376,0.410727,0.608721,2.39882,0.202907,0.232549,0,0.816811,0.272287,0,-0.000629523,0.244883,0.965464,0.241698,0.0496245,0.0516112,0.0057768,0.00494564,0.442023,0.0482949,5.2447,-0.553318,10.3491,0.667813,0.628235,-7.21663,-0.333333,0.008876,-0.0704808,0.620763,10.7083,7,0,0,1.16667,7.125,0,-6.62908,0.0001,-0.00261837,0.0355361,1.58885,0.117464,57611,0.176161,215.5,1.30221
6279,2.55839,0.189392,0.734325,0.353974,0.00471592,0.000201976,0.00471592,0.194016,0.169788,0.591097,0.755398,0.051609,0.0224936,0.049107,0.234286,0.0460397,0,0.984726,0.0792635,2.15376,0.180208,0,0.0731375,0.575628,4.63853,0.656796,0.408159,0.611675,2.40977,0.197614,0.231723,0,0.812678,0.221762,0,-0.000555178,0.238365,0.965393,0.238344,0.0501005,0.0522655,0.00471829,0.00391633,0.437793,0.048756,5.09113,-0.244144,10.5577,0.662528,0.636983,-7.27697,-0.333333,0.00714808,-0.0697382,0.593166,12.0417,9.29167,0,0,2,6.66667,0.0416667,-6.63191,0.0001,-0.00248259,0.0361536,1.6039,0.117832,57096,0.176137,215.95,1.37673
6280,2.53469,0.190791,0.747797,0.353828,0.00468976,0.000214382,0.00468976,0.192903,0.172763,0.594058,0.766528,0.0512351,0.0229812,0.048774,0.232151,0.0487962,0,0.980414,0.0805162,2.13818,0.182062,0,0.0733547,0.582044,4.64553,0.657244,0.411435,0.610485,2.4036,0.199145,0.22977,0,0.85655,0.225243,0,-0.000599364,0.243711,0.965352,0.239495,0.049884,0.0519199,0.00534814,0.00458837,0.438566,0.0485386,4.98466,-0.44323,10.4943,0.663901,0.63023,-7.23367,-0.333333,0.0076629,-0.0694548,0.60832,12.5,8.41667,0,0,1.79167,6.91667,0,-6.63289,0.0001,-0.00273597,0.035579,1.59955,0.117868,57239,0.176111,213.23,1.41094
6281,2.52515,0.198686,0.766959,0.364571,0.00468411,0.000258307,0.00468411,0.199346,0.176575,0.588557,0.791971,0.0509445,0.0237616,0.048519,0.23754,0.0488392,0,1.00503,0.0857505,2.18672,0.179481,0,0.0726936,0.576195,4.66576,0.659448,0.412144,0.606291,2.39807,0.208315,0.23516,0,0.845558,0.26076,0,-0.000684822,0.240853,0.965479,0.242834,0.0495738,0.0516084,0.00543831,0.00462305,0.43765,0.0482101,5.05023,-0.589909,10.3905,0.667436,0.629416,-7.1697,-0.333333,0.00921168,-0.0719097,0.617785,11.4583,7.25,0,0,1.95833,6.41667,0,-6.63107,0.0001,-0.00206508,0.0353858,1.61398,0.119305,56715,0.176143,214.15,1.24304
6282,2.55784,0.191402,0.745097,0.353065,0.00470874,0.000240547,0.00470874,0.19217,0.172125,0.594139,0.765143,0.0511803,0.0233367,0.0487587,0.234406,0.0503528,0,0.986576,0.0819702,2.13588,0.188394,0,0.074179,0.574529,4.63342,0.656275,0.409056,0.61106,2.40615,0.19912,0.231936,0,0.814207,0.251775,0,-0.000616947,0.246632,0.965285,0.237116,0.0499805,0.0519402,0.00513928,0.00434729,0.438794,0.0486065,5.06444,-0.553892,10.4246,0.666355,0.6298,-7.07702,-0.333333,0.00859326,-0.0691317,0.607091,12.5833,7.95833,0,0,1.5,5.79167,0,-6.62971,0.0001,-0.00180714,0.036984,1.62298,0.118654,56443,0.176131,211.11,1.27653
6283,2.48749,0.190082,0.737395,0.353002,0.0047288,0.000270791,0.0047288,0.193255,0.1707,0.593248,0.763864,0.0507775,0.0241924,0.0484948,0.236065,0.0480959,0,0.991103,0.0828191,2.15611,0.184955,0,0.0722941,0.574443,4.64539,0.656681,0.40656,0.613902,2.41826,0.199306,0.233955,0,0.797767,0.286371,0,-0.000637081,0.245396,0.964463,0.235335,0.0499204,0.0516975,0.00525739,0.00448963,0.438334,0.0485105,5.08635,-1.17317,10.2094,0.67512,0.628644,-6.66042,-0.333333,0.00960803,-0.0692692,0.597421,14.4583,7.29167,0,0,1.04167,5.08333,0,-6.62993,0.0001,-0.00160065,0.0366881,1.646,0.118636,55707,0.176115,211.46,1.19755
6284,2.46733,0.188919,0.730057,0.348424,0.00472847,0.000216056,0.00472847,0.18891,0.168632,0.591123,0.753071,0.0508472,0.0242576,0.048573,0.234144,0.0508537,0,0.984085,0.0806287,2.16825,0.188947,0,0.0728036,0.578589,4.64126,0.656477,0.406662,0.612952,2.42215,0.19693,0.232072,0,0.797426,0.243362,0,-0.000678034,0.247363,0.964332,0.23434,0.0499717,0.0517408,0.0051843,0.00437023,0.437224,0.0485394,5.07781,-1.13241,10.1925,0.675104,0.626526,-6.70043,-0.333333,0.0077293,-0.0679157,0.58797,13.7083,6.625,0,0,1.04167,5.375,0,-6.63139,0.0001,-0.00263475,0.0372967,1.64231,0.123246,55678,0.176093,213.33,0.966865
6285,2.42951,0.19027,0.755102,0.34957,0.0047249,0.000222652,0.0047249,0.191676,0.174251,0.595455,0.781043,0.0509888,0.0238726,0.0486837,0.233581,0.0487605,0,0.982599,0.0842093,2.1547,0.184851,0,0.0724192,0.575129,4.63922,0.654631,0.407125,0.613885,2.42526,0.199545,0.231354,0,0.851265,0.254688,0,-0.000623517,0.243595,0.964961,0.236544,0.0500273,0.0518496,0.00483494,0.00404418,0.436955,0.0486064,5.08641,-0.982422,10.1871,0.674035,0.627447,-6.82938,-0.333333,0.00788795,-0.0690739,0.616354,13.25,6.83333,0,0,1.04167,5.66667,0,-6.63223,0.0001,-0.00229946,0.0347173,1.62875,0.119147,56241,0.17612,213.95,1.4182
6286,2.47958,0.191591,0.752862,0.352923,0.004727,0.000210906,0.004727,0.19237,0.174424,0.592826,0.773079,0.0508764,0.0240525,0.0485572,0.236328,0.0502489,0,0.992775,0.0829588,2.18017,0.187141,0,0.0734428,0.577609,4.64361,0.65787,0.406761,0.610843,2.40575,0.199798,0.234215,0,0.847144,0.244498,0,-0.000638858,0.244668,0.964504,0.235256,0.0499642,0.0517734,0.00513293,0.00434259,0.441356,0.0485277,5.26065,-1.07294,10.2438,0.673499,0.631825,-6.73763,-0.333333,0.00760804,-0.0690509,0.605427,12.8333,6.54167,0,0,1,6.29167,0.0833333,-6.62724,0.0001,-0.00261692,0.0382266,1.60249,0.119449,57089,0.176195,216.16,1.30882
6287,2.47347,0.188535,0.730766,0.346577,0.00471395,0.000216811,0.00471395,0.190504,0.168746,0.593852,0.754557,0.0507251,0.0245342,0.0484575,0.233254,0.0501741,0,0.983826,0.0812989,2.1649,0.19017,0,0.0730064,0.57804,4.63835,0.655606,0.408399,0.612786,2.42024,0.197667,0.231318,0,0.803414,0.226601,0,-0.000652914,0.246107,0.964313,0.234952,0.0499759,0.0516697,0.00469578,0.00394571,0.435922,0.0485173,4.92825,-1.25178,10.1648,0.676144,0.626327,-6.67276,-0.333333,0.00777265,-0.0686094,0.595197,13.0417,6.66667,0,0,0.75,4.04167,0,-6.62022,0.0001,-0.00211821,0.0369467,1.63183,0.118728,56155,0.176247,213.04,0.920034
6288,2.45925,0.193326,0.748599,0.356282,0.00472126,0.000243565,0.00472126,0.193717,0.173317,0.594295,0.772411,0.0507073,0.0245358,0.048458,0.234623,0.0490417,0,0.988027,0.0829144,2.16752,0.182706,0,0.0708489,0.579337,4.64602,0.657754,0.407539,0.61166,2.41218,0.203094,0.232653,0,0.833738,0.251585,0,-0.000685651,0.243533,0.964382,0.236413,0.0498757,0.0516431,0.00503577,0.00427567,0.437617,0.0484264,4.94799,-1.34332,10.1237,0.677646,0.623899,-6.57533,-0.333333,0.00861808,-0.0696323,0.604743,14.4583,6.54167,0,0,1.20833,4.95833,0.0416667,-6.61701,0.0001,-0.00201768,0.0350597,1.6157,0.119875,56640,0.17629,213.11,1.32049
6289,2.48418,0.195846,0.762957,0.356865,0.00471295,0.00022354,0.00471295,0.195966,0.176578,0.598027,0.787292,0.0508946,0.0237664,0.0485659,0.236673,0.0473227,0,0.995137,0.0856745,2.16839,0.179667,0,0.0717107,0.578571,4.64147,0.655951,0.408531,0.611941,2.41176,0.204289,0.23428,0,0.838236,0.258004,0,-0.000724526,0.245073,0.964886,0.23789,0.0497671,0.0516673,0.00533977,0.00451368,0.435922,0.0483645,5.09807,-0.92589,10.2413,0.671485,0.624468,-6.86932,-0.333333,0.00795879,-0.070274,0.623227,13.0417,6.79167,0,0,0.875,6.29167,0,-6.61646,0.0001,-0.00182476,0.0375866,1.62383,0.119732,56381,0.176266,215.85,1.47059
6290,2.4575,0.192547,0.755886,0.351317,0.00469401,0.000202323,0.00469401,0.192977,0.173974,0.58981,0.777987,0.0509103,0.0236422,0.0485446,0.233205,0.0489459,0,0.984752,0.0836733,2.18321,0.184927,0,0.0731536,0.579052,4.65247,0.658481,0.410989,0.607907,2.39234,0.201603,0.230699,0,0.832913,0.273269,0,-0.00067541,0.243886,0.965519,0.240809,0.0497817,0.0516644,0.00495845,0.00412561,0.436912,0.0483803,5.05355,-0.800023,10.3053,0.668485,0.623796,-7.00993,-0.333333,0.0071731,-0.0696602,0.610997,12.5,7.33333,0,0,0.666667,6.83333,0,-6.61756,0.0001,-0.00107937,0.0376074,1.62012,0.117681,56567,0.176219,214.42,1.32218
6291,2.47859,0.191671,0.744201,0.352802,0.00471642,0.000203671,0.00471642,0.194178,0.171979,0.590767,0.768869,0.0509951,0.0239991,0.0486504,0.234766,0.0493685,0,0.98738,0.0828495,2.16577,0.185908,0,0.0729478,0.579905,4.64991,0.658336,0.408089,0.610104,2.40139,0.200815,0.232398,0,0.825536,0.257916,0,-0.000668938,0.242087,0.964926,0.236216,0.0499946,0.0517987,0.00527619,0.00447524,0.439142,0.0485839,5.13747,-0.958378,10.2944,0.670317,0.626683,-6.81698,-0.333333,0.00724449,-0.0697924,0.602195,12.5,6.625,0,0,0.708333,5.70833,0.0416667,-6.6182,0.0001,-0.00172882,0.0375435,1.60902,0.118162,56915,0.1762,212.15,1.03592
6292,2.55998,0.19263,0.751607,0.358936,0.00471321,0.000227678,0.00471321,0.193976,0.173541,0.590025,0.772332,0.0512681,0.0229149,0.0488303,0.234973,0.048274,0,0.988354,0.0820591,2.16768,0.182011,0,0.0729435,0.577795,4.65302,0.657715,0.40858,0.610027,2.41058,0.201379,0.232492,0,0.832087,0.24269,0,-0.000637622,0.241819,0.965304,0.237851,0.0499696,0.0519941,0.00515986,0.00440622,0.438101,0.0486064,5.12255,-0.558111,10.3935,0.665603,0.627938,-7.07091,-0.333333,0.00808016,-0.0697439,0.604617,13.125,7.41667,0,0,1.125,6.41667,0,-6.61842,0.0001,-0.0024461,0.0355995,1.59531,0.11696,57411,0.176238,215.85,1.19045
6293,2.44179,0.19171,0.753414,0.354154,0.00468276,0.000242566,0.00468276,0.195475,0.173029,0.593386,0.778526,0.0508028,0.0239118,0.0484425,0.233419,0.0491974,0,0.987873,0.0836087,2.18883,0.182423,0,0.0722946,0.577793,4.65284,0.658133,0.412313,0.607402,2.39745,0.199785,0.231073,0,0.831935,0.257446,0,-0.00063586,0.242955,0.965179,0.2422,0.0496728,0.0516128,0.00510551,0.00436265,0.439081,0.0482725,5.0022,-0.864585,10.2887,0.669234,0.621404,-6.98701,-0.333333,0.00858134,-0.070633,0.611802,13.4167,6.91667,0,0,0.625,6.54167,0,-6.61656,0.0001,-0.00229852,0.0361388,1.66534,0.121601,55012,0.176283,215.41,1.57235
6294,2.3926,0.196851,0.761994,0.360846,0.00472516,0.000197418,0.00472516,0.194487,0.17696,0.592096,0.787677,0.050788,0.0245783,0.0485369,0.235942,0.0480565,0,0.989879,0.0854172,2.17592,0.181589,0,0.0712548,0.579311,4.64656,0.657132,0.406993,0.613634,2.4142,0.205229,0.233753,0,0.838915,0.280387,0,-0.000741586,0.244063,0.964847,0.235539,0.0499397,0.0516781,0.00514751,0.00437304,0.438181,0.0484898,4.9156,-1.26318,10.1145,0.675094,0.621217,-6.60491,-0.333333,0.0069504,-0.0694169,0.613696,13.5417,5.79167,0,0,0.375,5.20833,0,-6.61261,0.0001,-0.00192641,0.0383926,1.68599,0.118112,54489,0.176361,212.15,1.13659
6295,2.48604,0.193077,0.754462,0.356003,0.00468778,0.000221114,0.00468778,0.19527,0.173774,0.594217,0.781667,0.0507533,0.0239074,0.0483944,0.233067,0.0479467,0,0.985716,0.0839305,2.17972,0.185803,0,0.0729979,0.579608,4.65274,0.658572,0.411683,0.607855,2.39905,0.203314,0.230742,0,0.829228,0.25967,0,-0.000648527,0.241946,0.964876,0.241077,0.049676,0.0515831,0.00441133,0.00365979,0.437423,0.0482367,5.03862,-0.97416,10.2771,0.66974,0.620229,-6.90655,-0.333333,0.00790469,-0.0704305,0.617805,14.5,7.875,0,0,0.75,6.04167,0,-6.60867,0.0001,-0.0013932,0.0387871,1.63551,0.121937,55935,0.1764,213.24,1.45428
6296,2.41828,0.190544,0.727151,0.357081,0.0047613,0.000254463,0.0047613,0.190004,0.16945,0.595199,0.750519,0.051131,0.0244274,0.0488329,0.236148,0.0487458,0,0.984957,0.0801565,2.16264,0.188563,0,0.0727441,0.573709,4.61639,0.653986,0.402517,0.617158,2.43323,0.198655,0.233904,0,0.804291,0.239278,0,-0.000611025,0.244944,0.964267,0.231525,0.0502612,0.0520689,0.00455655,0.00376134,0.437046,0.0487869,5.19619,-1.14545,10.1691,0.675009,0.623187,-6.59003,-0.333333,0.00891476,-0.0677403,0.589138,13.625,6.75,0,0,0.916667,5,0,-6.60615,0.0001,-0.00142483,0.0388279,1.63497,0.121404,55969,0.176453,211.19,1.3101
6297,2.47042,0.195559,0.755594,0.358141,0.00470857,0.00028582,0.00470857,0.196746,0.174722,0.592833,0.777395,0.0510135,0.0233656,0.0486435,0.237487,0.0470836,0,0.999762,0.0843037,2.15775,0.179219,0,0.072097,0.577598,4.64542,0.656828,0.409074,0.610846,2.40609,0.203589,0.235052,0,0.838792,0.255184,0,-0.000657966,0.24228,0.96489,0.239436,0.049826,0.0518339,0.00492176,0.00417704,0.43658,0.0484147,5.09117,-0.820322,10.2589,0.670513,0.619582,-6.91723,-0.333333,0.0101647,-0.0707054,0.61052,12.1667,6.16667,0,0,0.833333,6,0,-6.60283,0.0001,-0.00279417,0.0368675,1.65133,0.117013,55591,0.17649,213.38,1.23839
6298,2.4547,0.191375,0.727353,0.35673,0.004731,0.000267416,0.004731,0.192565,0.169143,0.592653,0.750827,0.0510983,0.0238861,0.0487543,0.237104,0.0492149,0,0.993035,0.0804888,2.15849,0.186324,0,0.0737917,0.574496,4.63399,0.655547,0.406259,0.613609,2.41778,0.200739,0.234671,0,0.804817,0.225662,0,-0.000644553,0.245686,0.965242,0.235934,0.0500344,0.051947,0.00512091,0.00434997,0.435086,0.0486345,5.0495,-0.896053,10.2864,0.669908,0.627355,-6.81105,-0.333333,0.00951246,-0.0687338,0.588126,14.25,6.875,0,0,0.916667,6.20833,0,-6.60268,0.0001,-0.00230313,0.0366178,1.64176,0.120525,55782,0.176469,212.08,1.1542
6299,2.50245,0.189992,0.737382,0.358589,0.00474124,0.000242297,0.00474124,0.191594,0.171265,0.587816,0.756146,0.0512716,0.0232573,0.0489131,0.235378,0.0495571,0,0.983475,0.0797067,2.14868,0.188169,0,0.0732936,0.57523,4.63986,0.656087,0.404974,0.613874,2.42028,0.196797,0.232637,0,0.818943,0.221112,0,-0.000622297,0.243424,0.965488,0.234062,0.0501926,0.0520305,0.00444046,0.00367674,0.4345,0.0488103,5.15516,-0.73409,10.2692,0.669085,0.623302,-6.9218,-0.333333,0.00864025,-0.0684666,0.584686,13.0833,6.91667,0,0,0.833333,6.54167,0,-6.60567,0.0001,-0.00259748,0.038843,1.63467,0.119168,56050,0.176389,214.55,1.19321
6300,2.48458,0.190437,0.733313,0.354467,0.00472591,0.00020679,0.00472591,0.190371,0.169685,0.594143,0.758735,0.0513872,0.0230122,0.04897,0.234993,0.0494383,0,0.985227,0.080233,2.1447,0.183352,0,0.0732355,0.576954,4.63288,0.65573,0.406927,0.612425,2.41309,0.198846,0.232289,0,0.820112,0.228919,0,-0.000600268,0.245811,0.965682,0.235228,0.0501849,0.05217,0.00488538,0.00415801,0.433374,0.0488194,5.03848,-0.528709,10.368,0.665762,0.620811,-7.03865,-0.333333,0.00732263,-0.0683418,0.591064,13.0417,7.5,0,0,0.875,6.375,0,-6.60964,0.0001,-0.00147986,0.0355991,1.68763,0.124434,54249,0.17635,212.7,1.0884
6301,2.41528,0.191333,0.727695,0.357795,0.00475054,0.000242488,0.00475054,0.192762,0.169554,0.591648,0.749227,0.0516131,0.0225915,0.0491746,0.236948,0.0484793,0,0.988756,0.0797061,2.13931,0.184024,0,0.0730111,0.572066,4.63209,0.654934,0.403891,0.615528,2.42942,0.19921,0.234247,0,0.794941,0.21671,0,-0.000607446,0.242749,0.965646,0.233073,0.0503423,0.0523097,0.00466842,0.00387068,0.436427,0.0489851,5.23807,-0.496537,10.3565,0.666601,0.622901,-7.05562,-0.333333,0.00857078,-0.0688604,0.58142,12.875,6.95833,0,0,0.791667,8.25,0,-6.61191,0.0001,-0.00279316,0.0368353,1.65628,0.117985,55405,0.176334,210.1,1.2083
6302,2.38634,0.189848,0.732283,0.353087,0.00474475,0.000240708,0.00474475,0.18997,0.170258,0.593165,0.747625,0.0512768,0.0229329,0.0489117,0.236626,0.0497196,0,0.988072,0.0794343,2.12353,0.186373,0,0.0735603,0.575236,4.63208,0.655314,0.404696,0.615868,2.4223,0.196948,0.233832,0,0.811109,0.233965,0,-0.000573766,0.24889,0.965641,0.234123,0.0501494,0.0520847,0.00517436,0.00440091,0.437673,0.0488161,5.2721,-0.735385,10.2698,0.667891,0.619029,-6.92778,-0.333333,0.00855322,-0.0679102,0.587156,12.0833,6.79167,0,0,0.5,6.375,0,-6.61428,0.0001,-0.00149979,0.0352307,1.64279,0.123149,55666,0.17631,211.46,1.23496
6303,2.41647,0.19066,0.721596,0.35676,0.0047399,0.000252422,0.0047399,0.191515,0.167393,0.595091,0.738137,0.0515069,0.0226226,0.0491078,0.235992,0.049252,0,0.986366,0.0772219,2.1529,0.184386,0,0.0736143,0.570012,4.62469,0.654715,0.405205,0.613715,2.42617,0.196628,0.233206,0,0.789845,0.230072,0,-0.000559514,0.242184,0.96568,0.233782,0.0503386,0.0522837,0.00443858,0.00369123,0.435509,0.0489549,5.2129,-0.553686,10.3267,0.66667,0.623056,-7.02034,-0.333333,0.00888492,-0.0685181,0.586648,12.5417,7.16667,0,0,0.708333,6.41667,0,-6.61643,0.0001,-0.00200226,0.0362556,1.66197,0.119295,55187,0.17626,214,1.39455
6304,2.40139,0.191722,0.738009,0.355545,0.00473456,0.00024896,0.00473456,0.193275,0.171012,0.587669,0.756657,0.0511577,0.0238904,0.0488222,0.236729,0.0503159,0,0.99036,0.0808121,2.14408,0.187616,0,0.0731724,0.57411,4.63996,0.655608,0.405845,0.613694,2.41954,0.198664,0.234038,0,0.78955,0.25009,0,-0.000586096,0.244238,0.965275,0.23404,0.0502357,0.0520173,0.0050286,0.00426283,0.438267,0.0488406,5.21303,-0.887745,10.2177,0.67054,0.619705,-6.83839,-0.333333,0.0087919,-0.0691471,0.590897,14.375,6.70833,0,0,0.458333,7.45833,0,-6.61601,0.0001,-0.00228663,0.0368485,1.62621,0.118228,56352,0.176233,213.78,1.04526
6305,2.48754,0.194526,0.755726,0.359058,0.00470119,0.000251744,0.00470119,0.197658,0.174579,0.597042,0.776143,0.0511445,0.0235884,0.0487651,0.235038,0.0474576,0,0.990006,0.082957,2.14248,0.179537,0,0.0718934,0.581713,4.64841,0.657048,0.41,0.61133,2.40034,0.202349,0.232234,0,0.834743,0.244517,0,-0.000667734,0.240691,0.965719,0.238324,0.0499545,0.0518483,0.00513073,0.00436636,0.436277,0.0485718,5.12148,-0.748975,10.2666,0.668939,0.61784,-7.03869,-0.333333,0.00891562,-0.0712338,0.612405,12.9167,7.125,0,0,0.625,6.20833,0,-6.61382,0.0001,-0.00262595,0.0377089,1.66907,0.123633,54835,0.176225,213.33,1.43401
6306,2.54998,0.190099,0.736823,0.357487,0.00474325,0.00022267,0.00474325,0.190607,0.17106,0.594081,0.754308,0.051791,0.0222889,0.0493166,0.236532,0.0483081,0,0.986376,0.0800741,2.12616,0.184408,0,0.0744069,0.57095,4.6153,0.654077,0.404738,0.614726,2.42674,0.196831,0.233493,0,0.81863,0.229076,0,-0.000530077,0.242384,0.965837,0.231444,0.0505541,0.0525421,0.00482205,0.00401738,0.436452,0.0491992,5.32738,-0.301641,10.47,0.662373,0.626249,-7.16066,-0.333333,0.00790932,-0.0681701,0.595009,12.5417,7.04167,0,0,1,6,0,-6.61394,0.0001,-0.00191933,0.0394699,1.69828,0.123117,53971,0.176191,212.02,1.16638
6307,2.41089,0.189314,0.733087,0.359433,0.0047456,0.000250605,0.0047456,0.194091,0.170681,0.597207,0.752638,0.0516217,0.0225952,0.0491924,0.237275,0.0480887,0,0.988917,0.0797109,2.13576,0.179324,0,0.0727531,0.573485,4.6218,0.653883,0.404427,0.615617,2.42657,0.196894,0.23425,0,0.816054,0.235884,0,-0.000548237,0.24329,0.966165,0.231527,0.0504199,0.0523657,0.00540177,0.00464423,0.437261,0.0490857,5.25251,-0.487234,10.3718,0.664313,0.618834,-7.07367,-0.333333,0.00896001,-0.069216,0.593275,12.5417,6.66667,0,0,0.458333,7.875,0.0416667,-6.61493,0.0001,-0.00161416,0.0367014,1.64703,0.118354,55684,0.176197,210.4,1.12984
6308,2.43481,0.190623,0.739927,0.352335,0.00475003,0.000277261,0.00475003,0.191129,0.171963,0.595133,0.767112,0.0515058,0.0228882,0.049101,0.238343,0.0499105,0,0.99271,0.0841032,2.17262,0.186051,0,0.0741788,0.570201,4.6291,0.653428,0.40387,0.616638,2.43786,0.198729,0.235328,0,0.816175,0.27343,0,-0.00054625,0.245541,0.965726,0.230839,0.0504472,0.0523312,0.00520922,0.0043608,0.435476,0.0490839,5.28027,-0.538856,10.3831,0.665024,0.625052,-7.00018,-0.333333,0.00980601,-0.0681264,0.597541,11.1667,6.04167,0,0,0.458333,6.20833,0,-6.61388,0.0001,-0.00202279,0.0384003,1.63555,0.122749,55908,0.176186,212.93,1.29547
6309,2.41321,0.191426,0.735279,0.356652,0.00474352,0.000229215,0.00474352,0.192657,0.171179,0.595444,0.753809,0.0514108,0.023059,0.0490327,0.236186,0.0485054,0,0.98547,0.0798798,2.15095,0.183405,0,0.0733839,0.571763,4.62582,0.654847,0.404688,0.615395,2.4259,0.198823,0.233237,0,0.813846,0.217298,0,-0.000595296,0.243778,0.965394,0.232492,0.050325,0.0522178,0.00516507,0.0043661,0.437529,0.0489315,5.29726,-0.683829,10.3174,0.667832,0.62581,-6.92381,-0.333333,0.00820714,-0.0688276,0.595492,12.7083,6.83333,0,0,0.625,7.41667,0,-6.61669,0.0001,-0.00227189,0.0345159,1.66554,0.134207,54620,0.176144,210.85,1.31955
6310,2.49734,0.197622,0.769704,0.364284,0.00469817,0.000215334,0.00469817,0.198774,0.177414,0.593666,0.789454,0.0510199,0.0238322,0.0486741,0.234397,0.0454351,0,0.988116,0.0839143,2.14308,0.177101,0,0.0712331,0.583033,4.6474,0.657869,0.410379,0.610893,2.40452,0.204994,0.231718,0,0.872262,0.265136,0,-0.000698868,0.234935,0.965399,0.238219,0.0500001,0.0517808,0.00473238,0.00398536,0.434681,0.048595,4.9975,-1.02211,10.2262,0.671183,0.618479,-6.88013,-0.333333,0.00768044,-0.0716754,0.622878,14.4167,6.16667,0,0,0.666667,6.125,0,-6.61894,0.0001,-0.00194016,0.0372883,1.63321,0.118059,56133,0.176159,217.62,1.54641
6311,2.50321,0.19491,0.752981,0.360586,0.00470687,0.000268199,0.00470687,0.193174,0.173453,0.591975,0.773596,0.0507493,0.0244563,0.0484543,0.235808,0.0514248,0,0.992684,0.0832095,2.15996,0.187185,0,0.0730204,0.582043,4.6524,0.658761,0.40935,0.609899,2.3996,0.202221,0.233168,0,0.818909,0.26403,0,-0.000675457,0.245231,0.964871,0.236999,0.0498705,0.051586,0.005236,0.00446231,0.438104,0.0484478,5.06341,-1.08692,10.1561,0.673475,0.617034,-6.80485,-0.333333,0.00945563,-0.0695355,0.603723,14.2083,6.58333,0,0,0.5,6.04167,0,-6.61743,0.0001,-0.002685,0.0368782,1.63023,0.126494,55958,0.176169,216.27,1.3542
6312,2.44482,0.186242,0.716659,0.349108,0.00473647,0.000223241,0.00473647,0.187734,0.166176,0.591894,0.73382,0.0510822,0.0236985,0.0487818,0.234669,0.0497836,0,0.98142,0.0768078,2.16803,0.187638,0,0.0731649,0.572058,4.63594,0.656051,0.405611,0.612263,2.42136,0.193653,0.231982,0,0.793501,0.204705,0,-0.000620305,0.246322,0.964942,0.232923,0.0502477,0.0519708,0.00469656,0.00390282,0.435289,0.048817,5.041,-0.971558,10.1906,0.672195,0.621897,-6.76927,-0.333333,0.00779664,-0.0671379,0.577445,14.8333,6.79167,0,0,0.875,5.79167,0,-6.61695,0.0001,-0.00181839,0.0353984,1.65715,0.121556,55267,0.176161,211.37,1.02039
6313,2.45772,0.192814,0.73956,0.358276,0.00473875,0.000291235,0.00473875,0.197618,0.171357,0.590017,0.763637,0.0512546,0.0239998,0.0489115,0.237329,0.0476308,0,0.9926,0.0826162,2.14458,0.183192,0,0.0721921,0.577861,4.63678,0.654871,0.405287,0.615583,2.43135,0.202303,0.234611,0,0.808179,0.244311,0,-0.000595479,0.237441,0.965321,0.234017,0.0502721,0.0520781,0.00457652,0.00378538,0.43582,0.0488398,5.16649,-0.886011,10.2243,0.670407,0.617544,-6.84518,-0.333333,0.0104023,-0.0707915,0.58686,13.5,5.875,0,0,0.5,6.33333,0,-6.61803,0.0001,-0.00221349,0.0398038,1.66013,0.122753,55137,0.176087,216.09,1.14455
6314,2.41138,0.192116,0.743294,0.352271,0.00470791,0.000256567,0.00470791,0.190242,0.171204,0.596515,0.768887,0.0509858,0.0241722,0.048615,0.233843,0.0546487,0,0.984874,0.0832106,2.17504,0.192258,0,0.0749704,0.574132,4.63674,0.655604,0.409184,0.612322,2.41109,0.202,0.231192,0,0.823216,0.265322,0,-0.000611118,0.250945,0.965592,0.237802,0.0499534,0.0518176,0.00546403,0.00471062,0.438524,0.0485409,5.05504,-0.713372,10.3054,0.6684,0.619679,-6.98712,-0.333333,0.00908625,-0.0686002,0.610596,12.5,6.25,0,0,0.5,6.33333,0,-6.62238,0.0001,-0.00286287,0.0380482,1.6769,0.124471,54571,0.176059,217.18,1.56922
6315,2.4546,0.192673,0.745493,0.358585,0.00473038,0.000257182,0.00473038,0.194786,0.172958,0.597032,0.762168,0.0514157,0.0235165,0.0490106,0.238543,0.0508541,0,0.997369,0.0811832,2.15263,0.186632,0,0.0736699,0.573079,4.6394,0.655427,0.406337,0.614454,2.426,0.198916,0.235599,0,0.824844,0.236956,0,-0.000588599,0.244191,0.965473,0.233222,0.0503466,0.052202,0.00519302,0.00434905,0.437585,0.0489391,5.29284,-0.622599,10.3572,0.666912,0.623784,-7.01639,-0.333333,0.00906366,-0.0696495,0.603482,13.125,6.875,0,0,0.791667,6.66667,0,-6.62267,0.0001,-0.00224664,0.0376789,1.62302,0.121325,56355,0.176063,212.33,1.22047
6316,2.53566,0.194644,0.768321,0.361095,0.00469876,0.000256767,0.00469876,0.198497,0.176615,0.590907,0.794103,0.0513767,0.0237389,0.0489499,0.235872,0.0478138,0,0.993618,0.0864949,2.15956,0.178866,0,0.0725476,0.575414,4.64541,0.657043,0.410493,0.609609,2.41621,0.204322,0.232998,0,0.830321,0.291757,0,-0.000612288,0.237582,0.966052,0.238967,0.0501274,0.052091,0.00506608,0.00427281,0.437067,0.048723,5.12574,-0.612289,10.3205,0.667222,0.617823,-7.15156,-0.333333,0.0090974,-0.0716075,0.622735,14.125,7.875,0,0,0.75,6.95833,0,-6.62265,0.0001,-0.00218662,0.041298,1.60036,0.117938,57210,0.176091,216.41,1.3817
6317,2.54104,0.189312,0.719403,0.361931,0.00474779,0.000239599,0.00474779,0.190314,0.167218,0.596227,0.742287,0.0520047,0.0226318,0.0495038,0.237165,0.0513604,0,0.988364,0.0779829,2.14304,0.188238,0,0.0753772,0.567426,4.61077,0.652324,0.404166,0.617477,2.43725,0.196553,0.234251,0,0.792135,0.219016,0,-0.000467589,0.245236,0.966186,0.232055,0.050691,0.0527761,0.00523714,0.00446652,0.435592,0.049357,5.33318,-0.237982,10.5002,0.6623,0.625554,-7.19119,-0.333333,0.00846939,-0.0679938,0.58497,11.75,6.5,0,0,0.708333,5.91667,0,-6.62242,0.0001,-0.00264269,0.0413278,1.65868,0.120103,55264,0.176096,210.85,1.08829
6318,2.46984,0.190305,0.732258,0.358569,0.00475918,0.000279787,0.00475918,0.192501,0.170166,0.59441,0.751784,0.0520923,0.0222576,0.0495872,0.239472,0.047671,0,0.995536,0.0793592,2.15012,0.182545,0,0.0748341,0.566086,4.60389,0.65142,0.402723,0.617078,2.43564,0.197001,0.236372,0,0.804834,0.263002,0,-0.000545628,0.24096,0.966071,0.230448,0.050686,0.0527492,0.00485549,0.00402373,0.433055,0.0493448,5.44336,-0.226541,10.4863,0.661762,0.62705,-7.17089,-0.333333,0.00987159,-0.0686709,0.592953,12.5,7.5,0,0,0.583333,7.70833,0,-6.62408,0.0001,-0.00233068,0.0380088,1.58665,0.118155,57662,0.176061,212.54,1.22935
6319,2.56109,0.186772,0.723106,0.354158,0.00475839,0.000247412,0.00475839,0.19274,0.16752,0.595075,0.743489,0.0520925,0.0223108,0.0495942,0.23572,0.0481765,0,0.981164,0.0786578,2.13571,0.182488,0,0.0741506,0.571421,4.59843,0.651099,0.402828,0.618289,2.44182,0.1943,0.232731,0,0.771583,0.229036,0,-0.000534517,0.239802,0.96575,0.228888,0.0508106,0.052786,0.00442253,0.00364645,0.431062,0.049414,5.31449,-0.343427,10.4471,0.665096,0.630554,-7.11618,-0.333333,0.00878441,-0.0689049,0.587785,11.7083,7,0,0,0.541667,5.66667,0,-6.6229,0.0001,-0.00147526,0.0399016,1.62557,0.128582,56040,0.176094,211.45,1.32901
6320,2.49452,0.19779,0.782355,0.359015,0.00465251,0.000266545,0.00465251,0.196489,0.17862,0.595466,0.806412,0.0509025,0.0233891,0.0484786,0.234916,0.0496566,0,0.99906,0.0882182,2.16203,0.183778,0,0.0734861,0.580022,4.66738,0.658719,0.41611,0.606482,2.39908,0.205811,0.232067,0,0.843413,0.301345,0,-0.000656524,0.245145,0.966496,0.24661,0.0496015,0.0515245,0.00530037,0.00451373,0.43726,0.0482511,5.09109,-0.462527,10.3522,0.664683,0.614377,-7.3504,-0.333333,0.00958579,-0.0714863,0.641143,13.4167,7.08333,0,0,1,7.79167,0,-6.61794,0.0001,-0.00199086,0.0392446,1.66311,0.118432,55179,0.176179,216.9,1.5484
6321,2.52275,0.193711,0.753431,0.35674,0.0047095,0.000273112,0.0047095,0.193579,0.173746,0.589819,0.773462,0.0511174,0.0242974,0.0487505,0.237014,0.0511556,0,0.99753,0.0832307,2.19803,0.186156,0,0.0739683,0.574273,4.64549,0.656751,0.408958,0.612151,2.41687,0.201659,0.234386,0,0.837851,0.257758,0,-0.000628604,0.24512,0.965006,0.235971,0.0501514,0.0519466,0.00516205,0.00431877,0.433376,0.0487193,5.1642,-0.88259,10.3265,0.670548,0.627253,-6.88762,-0.333333,0.00973024,-0.0697113,0.605772,13.5833,6.75,0,0,0.708333,5.79167,0,-6.61453,0.0001,-0.00257362,0.0379621,1.64947,0.123061,55459,0.176182,215.32,1.1556
6322,2.47911,0.194381,0.769701,0.359257,0.00467381,0.000270267,0.00467381,0.198802,0.175976,0.594954,0.793463,0.0509559,0.0240028,0.0485826,0.234622,0.0468827,0,0.995114,0.0855971,2.16111,0.18098,0,0.0722114,0.576996,4.66218,0.659661,0.413456,0.60719,2.39074,0.203765,0.231978,0,0.835485,0.278488,0,-0.000677013,0.236938,0.965616,0.241683,0.0498353,0.0516792,0.0046003,0.00379382,0.433699,0.0483928,5.06515,-0.800684,10.2988,0.669718,0.616489,-7.07744,-0.333333,0.00979733,-0.0722324,0.631957,14.3333,7.20833,0,0,0.958333,7.25,0,-6.615,0.0001,-0.00267158,0.0394698,1.65308,0.119798,55448,0.176177,218.88,1.77571
6323,2.4444,0.192743,0.740279,0.35732,0.00474401,0.000271795,0.00474401,0.19511,0.171535,0.596238,0.760716,0.051152,0.0239192,0.0488512,0.236581,0.0496752,0,0.989762,0.0821682,2.1332,0.183529,0,0.07198,0.574872,4.6267,0.653746,0.404723,0.616951,2.434,0.201496,0.234053,0,0.817871,0.257243,0,-0.000640756,0.243961,0.965532,0.231993,0.0502906,0.0520063,0.00537334,0.0045562,0.436512,0.0488854,5.32451,-0.97242,10.1372,0.673885,0.613041,-6.76863,-0.333333,0.009574,-0.0699478,0.599979,13.3333,5.83333,0,0,0.708333,6.08333,0,-6.61505,0.0001,-0.00190873,0.0368615,1.63719,0.120774,55919,0.176192,213.66,1.31986
6324,2.38103,0.195478,0.751989,0.362671,0.0047649,0.000240554,0.0047649,0.197145,0.175668,0.595669,0.774803,0.0513415,0.0240509,0.0490479,0.238257,0.0477376,0,0.992078,0.0823852,2.13138,0.182969,0,0.0723685,0.575121,4.60489,0.651876,0.402058,0.619733,2.44756,0.203504,0.235903,0,0.852038,0.249647,0,-0.00058818,0.239285,0.965372,0.229213,0.0505455,0.052301,0.004978,0.00420244,0.437257,0.0490973,5.46048,-1.15987,10.1393,0.67473,0.620826,-6.56927,-0.333333,0.00842254,-0.0700694,0.61362,15.2083,6.29167,0,0,0.75,5.75,0,-6.6151,0.0001,-0.00263022,0.0388733,1.67733,0.121209,54657,0.176201,210.08,1.37803
6325,2.36898,0.19609,0.766754,0.361659,0.00472508,0.000240955,0.00472508,0.196469,0.177626,0.593338,0.791686,0.0509251,0.0249173,0.0486557,0.236927,0.0479302,0,0.994734,0.085567,2.16293,0.184172,0,0.0723265,0.575018,4.64116,0.656704,0.407004,0.612001,2.41865,0.204418,0.234645,0,0.832196,0.24343,0,-0.000677702,0.23718,0.965423,0.234158,0.0501784,0.0518149,0.00478757,0.00395911,0.434203,0.0487245,5.27804,-1.2378,10.1149,0.675248,0.618119,-6.64305,-0.333333,0.00870493,-0.0703993,0.62524,13.125,4.75,0,0,0.5,5.83333,0,-6.61532,0.0001,-0.00254064,0.0359216,1.6358,0.120008,55987,0.176227,214.22,1.44594
6326,2.41772,0.194825,0.752371,0.361141,0.00472624,0.000277042,0.00472624,0.196254,0.173795,0.590597,0.773686,0.0509374,0.0248863,0.0486785,0.237575,0.0492875,0,0.998575,0.0831896,2.1649,0.185271,0,0.0723085,0.576498,4.64328,0.656401,0.406883,0.612899,2.41763,0.202848,0.235238,0,0.818379,0.23857,0,-0.000679433,0.239587,0.965196,0.234008,0.0501837,0.0518349,0.00473507,0.00392886,0.433709,0.0487046,5.23668,-1.28246,10.1044,0.67707,0.618803,-6.62355,-0.333333,0.00986897,-0.0705666,0.610805,14,5.83333,0,0,0.75,5.625,0,-6.6141,0.0001,-0.00237348,0.0382777,1.64969,0.121251,55509,0.176229,211.41,1.4718
6327,2.3595,0.197191,0.760995,0.356073,0.00471436,0.000242527,0.00471436,0.197903,0.176388,0.593104,0.788019,0.0506081,0.0245179,0.0483722,0.235827,0.0506235,0,0.991778,0.08593,2.16417,0.187758,0,0.0719848,0.57571,4.65073,0.657573,0.408378,0.61329,2.41406,0.20697,0.233389,0,0.836496,0.246067,0,-0.000703578,0.243559,0.96525,0.235804,0.0498875,0.0514971,0.00501722,0.00417409,0.436497,0.0484332,5.31742,-1.28932,10.1095,0.675083,0.615501,-6.65242,-0.333333,0.00866003,-0.0710199,0.621195,12.75,5.91667,0,0,0.583333,4.91667,0,-6.61399,0.0001,-0.00228666,0.0403151,1.60692,0.117466,57008,0.176216,212.89,1.3302
6328,2.40308,0.1868,0.710296,0.353725,0.00476658,0.000253392,0.00476658,0.19113,0.165001,0.595143,0.730405,0.0514059,0.0237522,0.0490928,0.236114,0.0485988,0,0.983256,0.0770742,2.158,0.186219,0,0.0730104,0.568805,4.61024,0.653115,0.401829,0.617063,2.44143,0.194213,0.233657,0,0.766458,0.232684,0,-0.000556455,0.242752,0.96552,0.22928,0.0505871,0.0523254,0.00455352,0.00376148,0.433347,0.0491259,5.26375,-0.988162,10.1569,0.674796,0.624157,-6.67537,-0.333333,0.00895737,-0.0682758,0.578545,13.2083,6.08333,0,0,0.5,5.66667,0,-6.61371,0.0001,-0.00212386,0.0389777,1.61558,0.120399,56627,0.176237,213.86,1.25709
6329,2.49266,0.195357,0.748127,0.364011,0.00472013,0.000307526,0.00472013,0.196056,0.173177,0.596985,0.768703,0.0510543,0.0242901,0.0487358,0.237973,0.0488134,0,0.999308,0.0824197,2.15913,0.183341,0,0.0718355,0.575121,4.62989,0.65513,0.407624,0.613028,2.42084,0.203467,0.235434,0,0.814596,0.252644,0,-0.00066123,0.241921,0.965334,0.233406,0.0502328,0.051938,0.00518719,0.00437334,0.433096,0.0487997,5.24521,-1.10476,10.1629,0.674445,0.618884,-6.7517,-0.333333,0.0109472,-0.0703625,0.610114,13.9583,6,0,0,0.625,5.04167,0,-6.61463,0.0001,-0.00188009,0.0407668,1.64028,0.119832,55850,0.17626,215.42,1.44936
6330,2.45383,0.192424,0.737585,0.363534,0.00472328,0.000287179,0.00472328,0.19089,0.17084,0.59704,0.757736,0.0511279,0.0240383,0.0487978,0.237033,0.0519873,0,0.993857,0.0798474,2.14542,0.190049,0,0.073803,0.57385,4.62787,0.655214,0.407244,0.614506,2.42074,0.199518,0.234234,0,0.810483,0.224582,0,-0.000598261,0.248352,0.965659,0.232926,0.050228,0.0519893,0.00537197,0.00454445,0.434898,0.0488549,5.29984,-0.901577,10.2535,0.671407,0.620331,-6.86496,-0.333333,0.0102073,-0.0685509,0.603457,14.375,6.33333,0,0,0.541667,5.70833,0,-6.61751,0.0001,-0.00265764,0.0389611,1.63079,0.121918,56087,0.176254,213.51,1.06126
6331,2.45673,0.195655,0.755154,0.358627,0.00468254,0.000232961,0.00468254,0.196032,0.17325,0.590591,0.779268,0.050637,0.0250015,0.0483513,0.234946,0.0487321,0,0.994595,0.0843476,2.17574,0.182572,0,0.0715623,0.577143,4.66055,0.659339,0.412341,0.608123,2.39451,0.205164,0.232509,0,0.83705,0.252908,0,-0.000649141,0.242514,0.965282,0.240328,0.0498194,0.0515633,0.0050386,0.00427332,0.435325,0.0483728,5.03213,-1.20488,10.1752,0.67353,0.613948,-6.76459,-0.333333,0.00840723,-0.070912,0.614544,15.1667,6.45833,0,0,0.583333,5.625,0.0416667,-6.61921,0.0001,-0.00269335,0.043448,1.63741,0.11864,55980,0.176238,215.31,1.31005
6332,2.44045,0.190231,0.735348,0.357261,0.00473626,0.000289636,0.00473626,0.190704,0.17024,0.594165,0.756052,0.051278,0.0237235,0.0489394,0.23795,0.0493971,0,0.994925,0.0807888,2.12086,0.185418,0,0.0727203,0.577544,4.62922,0.653894,0.405608,0.616707,2.43556,0.198234,0.235127,0,0.78937,0.25016,0,-0.000624177,0.245483,0.965471,0.231325,0.0503143,0.0520878,0.00500064,0.00419015,0.437078,0.0489033,5.34811,-0.861908,10.2654,0.670567,0.619106,-6.82725,-0.333333,0.0102203,-0.0684061,0.594674,13.2083,6.375,0,0,0.583333,5.875,0.0416667,-6.61772,0.0001,-0.00176323,0.0386309,1.63315,0.120345,56061,0.176273,211.92,1.12471
6333,2.40059,0.194463,0.757017,0.358707,0.0046727,0.000260155,0.0046727,0.192511,0.173699,0.593911,0.778741,0.050432,0.0241733,0.0481627,0.234658,0.050534,0,0.993507,0.0835282,2.15482,0.186584,0,0.0724927,0.578549,4.66212,0.659165,0.413581,0.606882,2.39183,0.202114,0.231882,0,0.839389,0.259559,0,-0.000615299,0.247675,0.965906,0.24232,0.0496066,0.0513063,0.00532865,0.00453322,0.439228,0.0482162,5.14509,-1.02758,10.1617,0.671452,0.610845,-6.93942,-0.333333,0.00933684,-0.0695373,0.622116,13.6667,6.25,0,0,0.458333,6.95833,0,-6.61672,0.0001,-0.00221585,0.0373748,1.6552,0.120947,55346,0.176225,214.65,1.46931
6334,2.41453,0.194142,0.76586,0.356776,0.00467384,0.000293432,0.00467384,0.194589,0.175714,0.594016,0.784794,0.050706,0.0242436,0.04836,0.233688,0.0498361,0,0.990403,0.084264,2.15325,0.184959,0,0.0723504,0.577531,4.65828,0.658725,0.413434,0.608052,2.39918,0.201728,0.231006,0,0.848668,0.275473,0,-0.000609461,0.242769,0.965741,0.241371,0.0497953,0.0515517,0.00470259,0.00394075,0.437307,0.0483761,5.19344,-0.863233,10.274,0.668333,0.615279,-7.01227,-0.333333,0.0105904,-0.070558,0.629441,13.2083,6.29167,0,0,0.75,6.29167,0.0416667,-6.61979,0.0001,-0.00201218,0.0372764,1.70784,0.129579,53501,0.176175,215.49,1.50537
6335,2.47429,0.195697,0.765728,0.355839,0.00468912,0.000242807,0.00468912,0.195807,0.176415,0.587697,0.789868,0.0507654,0.0243274,0.0484529,0.235914,0.0498443,0,0.997554,0.0864216,2.16328,0.187322,0,0.0728815,0.579825,4.65978,0.658556,0.411571,0.608488,2.40095,0.205463,0.233219,0,0.851549,0.288045,0,-0.000719007,0.24261,0.965591,0.239791,0.0497822,0.0515193,0.00442194,0.0036538,0.432255,0.0483377,5.19376,-1.00142,10.2313,0.670607,0.617226,-6.88754,-0.333333,0.00872616,-0.0707262,0.617682,12.25,5.625,0,0,0.375,5.83333,0,-6.62208,0.0001,-0.00234056,0.0361457,1.77033,0.123085,51918,0.176149,213.57,1.3461
6336,2.42951,0.192936,0.749746,0.358838,0.00472541,0.000330655,0.00472541,0.192445,0.173433,0.597337,0.770779,0.0510623,0.0240818,0.0487595,0.23624,0.0508939,0,0.990831,0.083047,2.13341,0.187003,0,0.0729712,0.574759,4.63771,0.655846,0.407004,0.615693,2.42745,0.201349,0.23354,0,0.82739,0.260947,0,-0.000626662,0.247913,0.965414,0.232426,0.0502129,0.0519516,0.00526567,0.00448783,0.436595,0.0487842,5.25415,-0.9849,10.1959,0.672943,0.618002,-6.75361,-0.333333,0.0117744,-0.0691564,0.609746,13.9167,6.54167,0,0,0.5,5.5,0,-6.62185,0.0001,-0.00241804,0.0352732,1.68359,0.122391,54432,0.176182,211.27,1.22163
6337,2.5655,0.192393,0.748382,0.358876,0.00470127,0.000302793,0.00470127,0.193155,0.17235,0.588518,0.767833,0.0510271,0.0237593,0.0486951,0.235681,0.0493872,0,0.993418,0.0814937,2.15366,0.186324,0,0.0728282,0.575141,4.64668,0.656322,0.409999,0.610645,2.41653,0.20036,0.232866,0,0.844013,0.235063,0,-0.000639388,0.242623,0.965702,0.236908,0.0500623,0.0518252,0.00454042,0.00371722,0.435299,0.0486254,5.21579,-0.823452,10.253,0.67068,0.616447,-6.96018,-0.333333,0.0109094,-0.0698701,0.607197,13.0417,6.08333,0,0,1.16667,5.33333,0.0833333,-6.6184,0.0001,-0.0018092,0.039979,1.67464,0.120377,54765,0.176237,214.54,1.02856
6338,2.44939,0.192639,0.752734,0.363004,0.00468705,0.000329924,0.00468705,0.194304,0.172673,0.586603,0.768957,0.0505732,0.0247752,0.0482958,0.235753,0.0496627,0,0.997506,0.0815565,2.14565,0.183888,0,0.0715456,0.578383,4.65665,0.659419,0.411828,0.606479,2.39018,0.200562,0.233188,0,0.818455,0.245041,0,-0.000681955,0.243442,0.965588,0.239573,0.0497234,0.0514273,0.00528121,0.00450194,0.436885,0.0482932,5.1408,-1.09366,10.1603,0.673417,0.614033,-6.80612,-0.333333,0.0117315,-0.0704423,0.601981,15.3333,7.08333,0,0,1.125,5.95833,0.125,-6.61802,0.0001,-0.00216596,0.0363074,1.63091,0.116214,56266,0.17621,214,1.1736
6339,2.3792,0.193005,0.750149,0.362068,0.00473626,0.000312761,0.00473626,0.195582,0.173808,0.591352,0.765287,0.0510411,0.0241211,0.0487501,0.236371,0.0488087,0,0.990198,0.0812626,2.14858,0.181205,0,0.0717525,0.570865,4.62956,0.656443,0.405632,0.613317,2.41297,0.200171,0.23374,0,0.814987,0.240482,0,-0.000604918,0.241667,0.965963,0.232737,0.0501593,0.0519092,0.00495492,0.00422381,0.434327,0.0487271,5.11489,-0.988829,10.2092,0.671227,0.615769,-6.74966,-0.333333,0.0111166,-0.0701641,0.601564,12.7917,5.70833,0,0,0.458333,6.54167,0,-6.62007,0.0001,-0.00255638,0.0364727,1.62094,0.121363,56422,0.176206,213.03,0.836014
6340,2.38618,0.195248,0.766385,0.365527,0.00468286,0.000312634,0.00468286,0.196731,0.176019,0.590828,0.789429,0.0504909,0.024757,0.0482495,0.236445,0.0499939,0,1.001,0.0861702,2.15263,0.183451,0,0.0710752,0.58057,4.65481,0.659216,0.412322,0.607532,2.39689,0.204795,0.233967,0,0.84554,0.28231,0,-0.000693792,0.241635,0.965595,0.238845,0.0497558,0.0513811,0.00483581,0.00405273,0.439191,0.0482854,5.12164,-1.2491,10.1316,0.673589,0.613486,-6.72598,-0.333333,0.0111759,-0.0711602,0.6203,14.4167,5.625,0,0,0.583333,6.16667,0.125,-6.61943,0.0001,-0.0028098,0.0376343,1.6423,0.120174,55776,0.176257,213.76,1.35619
6341,2.384,0.193634,0.758359,0.363631,0.00469521,0.000340781,0.00469521,0.192825,0.174319,0.588197,0.778131,0.0505282,0.0248222,0.0482768,0.237181,0.050264,0,1.00154,0.0844362,2.12576,0.189433,0,0.07236,0.578309,4.6543,0.657692,0.410782,0.609305,2.41007,0.201789,0.234709,0,0.813173,0.287459,0,-0.00068436,0.247093,0.965716,0.236763,0.0497823,0.051392,0.00477042,0.00397942,0.436204,0.048346,5.09854,-1.17229,10.1658,0.672376,0.612075,-6.75953,-0.333333,0.0122398,-0.0696738,0.608901,13.2917,5.41667,0,0,0.375,6.5,0.0416667,-6.6175,0.0001,-0.00248981,0.0358313,1.64167,0.128053,55547,0.176297,212.93,1.21103
6342,2.42282,0.192756,0.742699,0.363135,0.00471635,0.000346422,0.00471635,0.192662,0.17151,0.594681,0.764249,0.0507166,0.0251218,0.0484858,0.237186,0.0496526,0,0.997168,0.0813312,2.14041,0.184532,0,0.0712651,0.575188,4.63484,0.655701,0.40813,0.614437,2.42743,0.201593,0.234786,0,0.82793,0.261293,0,-0.000658152,0.245583,0.964903,0.232515,0.0500619,0.0516647,0.00509873,0.00433501,0.437007,0.0485794,5.19191,-1.2294,10.1542,0.674442,0.616664,-6.62642,-0.333333,0.0123032,-0.0693757,0.60336,14.0833,5.875,0,0,0.75,5.45833,0.0416667,-6.61698,0.0001,-0.00188173,0.0360198,1.6777,0.123291,54583,0.176299,211.22,1.04719
6343,2.36634,0.19262,0.749282,0.360098,0.00470974,0.000343055,0.00470974,0.196114,0.1724,0.595528,0.770377,0.0507799,0.0244492,0.0485376,0.236289,0.0490514,0,0.995283,0.0834852,2.14652,0.182159,0,0.0711176,0.574325,4.63208,0.655731,0.40894,0.612569,2.42775,0.201627,0.233835,0,0.801317,0.271084,0,-0.000634563,0.241827,0.965264,0.234491,0.050081,0.0517128,0.00462631,0.00382901,0.435874,0.0485974,5.1726,-1.12148,10.1907,0.672616,0.616549,-6.73243,-0.333333,0.0121626,-0.0707328,0.611549,13.4583,5.83333,0,0,0.75,5.45833,0,-6.61918,0.0001,-0.00240609,0.0365818,1.62169,0.120485,56426,0.17627,211.91,1.19226
6344,2.45614,0.19256,0.755216,0.364102,0.00465396,0.000304148,0.00465396,0.192877,0.172663,0.589927,0.780891,0.0505437,0.0253875,0.048231,0.233922,0.0486787,0,0.995349,0.0831806,2.1592,0.183919,0,0.0723801,0.577082,4.66984,0.660725,0.415927,0.605328,2.3828,0.202886,0.231491,0,0.835036,0.245575,0,-0.000729793,0.240549,0.965312,0.242128,0.0496674,0.0513664,0.00452319,0.00374819,0.437974,0.0481703,5.03261,-1.06663,10.2477,0.670945,0.615355,-6.93007,-0.333333,0.0109406,-0.0700857,0.613206,12.9167,5.29167,0,0,0.416667,5.95833,0,-6.62003,0.0001,-0.00128376,0.0392744,1.6325,0.117759,56165,0.176297,216.39,1.51552
6345,2.42053,0.192736,0.754029,0.360902,0.00469462,0.000331783,0.00469462,0.1924,0.173051,0.588913,0.776722,0.0506752,0.0243249,0.0483814,0.234628,0.0515315,0,0.992336,0.0842656,2.1438,0.186724,0,0.0726528,0.574413,4.64644,0.657314,0.410859,0.609069,2.40904,0.201389,0.232081,0,0.810498,0.240711,0,-0.00060322,0.248714,0.96551,0.238092,0.0498063,0.0515832,0.00491732,0.0042036,0.435766,0.0483697,4.99757,-0.925846,10.1958,0.671475,0.61258,-6.91078,-0.333333,0.0119118,-0.0697394,0.608624,13.7083,6.04167,0,0,0.583333,6.08333,0.0416667,-6.62087,0.0001,-0.00174538,0.0404076,1.638,0.120861,55890,0.176344,214.65,1.20506
6346,2.49563,0.192315,0.743336,0.365492,0.00471804,0.000353195,0.00471804,0.194223,0.171243,0.591361,0.758558,0.0515932,0.0235794,0.0491545,0.237258,0.0482341,0,0.996176,0.0806194,2.1422,0.179757,0,0.0727789,0.573073,4.63528,0.655193,0.407925,0.614679,2.42731,0.199353,0.234471,0,0.808162,0.253328,0,-0.000554361,0.242247,0.96563,0.233916,0.0504326,0.052404,0.00501157,0.00424379,0.43594,0.0490185,5.18773,-0.548644,10.4332,0.665146,0.623606,-7.05731,-0.333333,0.0125891,-0.0698979,0.602263,12.6667,7.41667,0,0,0.75,6.45833,0,-6.61976,0.0001,-0.00220931,0.0419845,1.634,0.120759,56021,0.176424,215.47,1.50558
6347,2.45359,0.195429,0.751299,0.36777,0.00470415,0.000351799,0.00470415,0.194131,0.173045,0.59006,0.771144,0.0510179,0.0243316,0.0486539,0.236716,0.0502222,0,0.99697,0.0829324,2.16597,0.183338,0,0.0725279,0.570211,4.63903,0.656928,0.409645,0.611152,2.40851,0.203333,0.234102,0,0.819566,0.236815,0,-0.000542309,0.24602,0.965557,0.236235,0.0501261,0.0519528,0.00552823,0.00473314,0.436657,0.048726,5.14034,-0.828637,10.3392,0.667342,0.62071,-6.90319,-0.333333,0.0125632,-0.0700482,0.609073,12.125,6.45833,0,0,0.458333,6.29167,0.0416667,-6.61615,0.0001,-0.00262482,0.0411556,1.66082,0.116561,55308,0.176452,214.57,1.10468
6348,2.51017,0.195041,0.757885,0.364922,0.00468683,0.000368066,0.00468683,0.194302,0.174018,0.590307,0.77806,0.0508968,0.0237739,0.0485238,0.237894,0.0489083,0,1.00497,0.084096,2.18453,0.183035,0,0.0726814,0.576268,4.64879,0.657729,0.411802,0.608133,2.39684,0.203066,0.235174,0,0.815771,0.277085,0,-0.000586648,0.243227,0.965764,0.238987,0.0498801,0.0517273,0.00479014,0.00395987,0.433228,0.0484881,5.04448,-0.760962,10.3555,0.665909,0.617901,-7.03227,-0.333333,0.0131856,-0.0704039,0.612893,13.5417,7.25,0,0,0.875,6.70833,0,-6.61555,0.0001,-0.00223529,0.0401794,1.63241,0.119564,56110,0.176466,214.22,1.24417
6349,2.48554,0.195046,0.745435,0.367278,0.00470135,0.000365661,0.00470135,0.194152,0.171765,0.591034,0.762702,0.0511194,0.0241583,0.0487525,0.236881,0.0478708,0,0.997859,0.0812064,2.16988,0.182907,0,0.0719197,0.575197,4.64692,0.657246,0.409981,0.611338,2.41171,0.202723,0.234271,0,0.822094,0.243456,0,-0.000576442,0.243868,0.965486,0.236505,0.0501844,0.0520202,0.00462055,0.00388432,0.434332,0.0487487,5.02947,-0.874584,10.2967,0.668285,0.617449,-6.90563,-0.333333,0.0130412,-0.0699901,0.604984,13.6667,6.45833,0,0,0.458333,6.54167,0,-6.61547,0.0001,-0.00208451,0.0403461,1.61878,0.119,56568,0.176475,212.24,1.20908
6350,2.48902,0.195275,0.75043,0.366265,0.00468139,0.000376419,0.00468139,0.193599,0.172406,0.585267,0.768162,0.0507759,0.0249834,0.0484247,0.236267,0.0489806,0,0.999632,0.0821113,2.17546,0.183479,0,0.0724925,0.578439,4.65377,0.659252,0.412512,0.606103,2.39749,0.202653,0.233563,0,0.827052,0.25048,0,-0.000641606,0.245013,0.965608,0.239597,0.0498225,0.05162,0.00481752,0.00407515,0.436304,0.0483949,5.03677,-0.934272,10.2473,0.668675,0.614174,-6.9372,-0.333333,0.0134886,-0.0699943,0.603763,14.25,6.54167,0,0,0.541667,6.33333,0,-6.61444,0.0001,-0.00250972,0.0373942,1.60496,0.118077,57052,0.176529,211.56,1.18078
6351,2.51991,0.199132,0.775315,0.370408,0.00466393,0.000347699,0.00466393,0.197389,0.176957,0.587961,0.789778,0.0510202,0.0244141,0.0486089,0.236155,0.0480892,0,1.00201,0.0843765,2.14739,0.179601,0,0.07163,0.580456,4.66327,0.659455,0.414713,0.606495,2.39193,0.205941,0.233176,0,0.844845,0.258671,0,-0.000571085,0.240936,0.966062,0.24195,0.0499243,0.0517802,0.00495988,0.00419648,0.437108,0.0485424,5.14209,-0.641795,10.3365,0.664569,0.609976,-7.18502,-0.333333,0.0125223,-0.0718732,0.620267,13.6667,7.04167,0,0,0.583333,6.875,0,-6.61152,0.0001,-0.00300569,0.0373058,1.61449,0.119869,56680,0.176544,216.6,1.30151
6352,2.50506,0.194499,0.752094,0.359887,0.00470822,0.00032726,0.00470822,0.19595,0.172956,0.587189,0.773795,0.0509846,0.0242957,0.0486428,0.236087,0.0505588,0,0.994475,0.084101,2.16359,0.186167,0,0.0725701,0.573571,4.65079,0.657779,0.409172,0.609206,2.40811,0.202752,0.233508,0,0.81999,0.270373,0,-0.000594716,0.242411,0.965104,0.237147,0.0500723,0.0518703,0.00488191,0.0041055,0.435705,0.0486332,5.24611,-0.917112,10.2539,0.670663,0.619952,-6.85306,-0.333333,0.0117173,-0.0707831,0.600856,13.5,6.45833,0,0,0.458333,5.66667,0.0416667,-6.61277,0.0001,-0.000448455,0.036771,1.60275,0.119425,57081,0.176566,211.05,0.883818
6353,2.44251,0.194003,0.760751,0.360063,0.00471456,0.000325678,0.00471456,0.193483,0.175959,0.588645,0.783892,0.0507887,0.0255982,0.0485189,0.237033,0.0497868,0,0.997522,0.0857909,2.13373,0.187021,0,0.0727897,0.57185,4.64472,0.657607,0.408383,0.609218,2.41033,0.201895,0.234629,0,0.827834,0.270061,0,-0.00059137,0.244507,0.964892,0.235748,0.0500818,0.0517454,0.00470684,0.00390132,0.437205,0.0486269,5.37411,-1.27923,10.0996,0.675024,0.616988,-6.65534,-0.333333,0.0116017,-0.0696784,0.610555,13.7083,5.83333,0,0,0.458333,5.625,0.0416667,-6.61329,0.0001,-0.00139852,0.0398576,1.6085,0.117738,56946,0.176614,212.43,1.06374
6354,2.42751,0.196079,0.757803,0.360893,0.00469668,0.00033708,0.00469668,0.19466,0.174875,0.589852,0.784453,0.0506441,0.0253563,0.0483729,0.236715,0.0499156,0,0.998483,0.0859756,2.16105,0.186387,0,0.0724226,0.576996,4.65578,0.659114,0.4106,0.608735,2.39938,0.2043,0.234176,0,0.820063,0.295124,0,-0.000628231,0.244675,0.965209,0.238563,0.0498795,0.0515577,0.00483058,0.00403964,0.437191,0.048428,5.24882,-1.18313,10.1154,0.673485,0.612971,-6.76009,-0.333333,0.0119467,-0.0701434,0.611333,12.4583,5.5,0,0,0.25,5.125,0,-6.61235,0.0001,-0.00200886,0.0418169,1.60945,0.120392,56828,0.176635,217.06,1.37795
6355,2.37315,0.195176,0.742523,0.368692,0.00470007,0.000361553,0.00470007,0.197532,0.171162,0.590554,0.758994,0.050752,0.0250651,0.0484573,0.239259,0.0480013,0,1.00868,0.0800943,2.17562,0.180507,0,0.0714513,0.576119,4.65955,0.659042,0.410141,0.608458,2.39669,0.202651,0.236792,0,0.820982,0.266931,0,-0.000674631,0.239352,0.965574,0.238216,0.0499197,0.0516226,0.00489144,0.00411346,0.437979,0.0484695,5.20278,-1.17913,10.118,0.673934,0.614062,-6.74603,-0.333333,0.0128135,-0.0711677,0.596919,14.25,6.375,0,0,0.666667,6.375,0.0416667,-6.61402,0.0001,-0.0011886,0.0396483,1.62118,0.119595,56471,0.176617,215.26,1.33381
6356,2.45391,0.194026,0.753651,0.365356,0.00469029,0.00036728,0.00469029,0.196376,0.173347,0.594405,0.774823,0.0509245,0.0248476,0.0485552,0.237071,0.0494828,0,1.00107,0.0836202,2.15353,0.187303,0,0.0737716,0.575388,4.65868,0.658895,0.411368,0.608816,2.39965,0.201883,0.234339,0,0.83214,0.272529,0,-0.000658321,0.245592,0.965784,0.241059,0.0497617,0.0517218,0.00506717,0.00432007,0.437719,0.0483692,5.34595,-0.856835,10.2432,0.66877,0.617655,-6.97237,-0.333333,0.01316,-0.0709989,0.614837,14.0833,6.95833,0,0,0.375,6.66667,0,-6.61353,0.0001,-0.00284676,0.0395795,1.59489,0.117917,57393,0.17661,210.69,1.29239
6357,2.37779,0.189357,0.739114,0.353519,0.00475978,0.00035699,0.00475978,0.191548,0.171202,0.597672,0.759895,0.0510657,0.0242659,0.0487797,0.236618,0.0516472,0,0.988332,0.0830931,2.15135,0.190646,0,0.0728753,0.569708,4.6223,0.653928,0.402849,0.618179,2.43478,0.196738,0.234106,0,0.798254,0.264555,0,-0.000533467,0.248601,0.965275,0.229578,0.0503785,0.0520422,0.00497679,0.00420209,0.434363,0.0489481,5.2754,-1.08805,10.1258,0.674502,0.618771,-6.62675,-0.333333,0.0127704,-0.0686385,0.601955,13.2917,5.75,0,0,0.666667,6,0,-6.61246,0.0001,-0.00247061,0.038233,1.60154,0.116432,57220,0.176594,211.17,1.31281
6358,2.52089,0.193906,0.738992,0.361436,0.00471832,0.000359592,0.00471832,0.193298,0.170592,0.589925,0.757643,0.0510578,0.024365,0.04872,0.237794,0.0507481,0,1.00041,0.0815857,2.14621,0.188893,0,0.0733663,0.573325,4.62624,0.654519,0.407881,0.613501,2.4209,0.200869,0.235352,0,0.811179,0.251885,0,-0.000579723,0.248233,0.96522,0.234516,0.0501615,0.0519566,0.00490764,0.00417719,0.434669,0.0487606,5.21467,-0.939192,10.2409,0.669873,0.613557,-6.80741,-0.333333,0.0128363,-0.0695425,0.593938,13.625,6.75,0,0,0.5,6.125,0.0416667,-6.61329,0.0001,-0.00206559,0.0391714,1.60382,0.118337,57081,0.176608,212.23,1.2467
6359,2.5015,0.194592,0.759247,0.366869,0.00470422,0.000341278,0.00470422,0.192659,0.174524,0.592348,0.782664,0.051179,0.0244773,0.0488056,0.237083,0.0511777,0,0.998844,0.0850378,2.15343,0.186502,0,0.0728214,0.575363,4.63933,0.656014,0.409626,0.612981,2.41523,0.203206,0.234379,0,0.804687,0.284569,0,-0.000541141,0.246438,0.965842,0.233682,0.050338,0.0520853,0.0051275,0.00436329,0.436064,0.048909,5.10966,-0.768748,10.3034,0.668165,0.615245,-6.97133,-0.333333,0.012141,-0.0695288,0.612377,13.2083,6.625,0,0,0.541667,5.79167,0.0416667,-6.61333,0.0001,-0.0023564,0.0378329,1.62163,0.11852,56491,0.176606,213.92,1.51441
6360,2.52078,0.193981,0.754764,0.364312,0.00466144,0.000364667,0.00466144,0.196206,0.17199,0.589093,0.770895,0.0512309,0.023145,0.048741,0.234853,0.0501435,0,0.996936,0.0827294,2.15613,0.188098,0,0.0743148,0.573814,4.6537,0.657849,0.414989,0.606515,2.40176,0.200885,0.23183,0,0.800198,0.288934,0,-0.00055596,0.245,0.96675,0.242918,0.0499025,0.0519273,0.00498641,0.00425865,0.435066,0.0485646,5.26289,-0.268195,10.5016,0.658799,0.618506,-7.40342,-0.333333,0.0130823,-0.071433,0.607874,12.5417,7.83333,0,0,0.666667,7.5,0,-6.61577,0.0001,-0.001884,0.037624,1.63117,0.122492,56056,0.176627,216.84,1.43175
6361,2.54127,0.193726,0.746298,0.362039,0.00468519,0.000380999,0.00468519,0.194698,0.17159,0.593777,0.765723,0.0513822,0.0230137,0.0488909,0.237502,0.0488681,0,1.00152,0.082675,2.163,0.183613,0,0.0739765,0.574134,4.64308,0.65794,0.412029,0.608569,2.40206,0.201426,0.234183,0,0.81024,0.276287,0,-0.000483989,0.246196,0.966457,0.237699,0.0502112,0.0521476,0.00545105,0.00462523,0.43912,0.0488986,5.43129,-0.241465,10.5144,0.658533,0.618862,-7.33513,-0.333333,0.0135882,-0.070374,0.603464,11.5833,7.20833,0,0,0.541667,7,0,-6.61472,0.0001,-0.00187885,0.0403874,1.64059,0.119802,55842,0.176626,217.16,1.31907
6362,2.46014,0.199709,0.750936,0.369771,0.00468738,0.000357305,0.00468738,0.19589,0.172486,0.591742,0.773214,0.0509824,0.0237043,0.0486101,0.2385,0.0503066,0,1.00813,0.0833217,2.17443,0.183107,0,0.0723348,0.575468,4.64873,0.657095,0.411733,0.609362,2.41225,0.208184,0.235676,0,0.813189,0.250383,0,-0.000567873,0.245316,0.965893,0.238591,0.0500336,0.051842,0.00533085,0.00456106,0.437652,0.0486711,5.32378,-0.690553,10.3247,0.664511,0.613291,-7.05519,-0.333333,0.0129373,-0.0708703,0.604434,13.2083,6.5,0,0,0.708333,6.66667,0,-6.612,0.0001,-0.0022161,0.0401837,1.574,0.120181,58024,0.176635,213.25,1.14995
6363,2.59457,0.190477,0.728358,0.363716,0.00468881,0.000326986,0.00468881,0.193923,0.166662,0.592134,0.749308,0.051341,0.0238654,0.0488625,0.236642,0.0489183,0,1.00021,0.0796877,2.17154,0.184699,0,0.0743511,0.574512,4.65005,0.658227,0.411564,0.606788,2.39616,0.198968,0.233946,0,0.774497,0.24517,0,-0.000573984,0.243753,0.965665,0.238793,0.0501388,0.052094,0.00455163,0.00381899,0.435153,0.04874,5.25653,-0.490493,10.4324,0.664549,0.622305,-7.17665,-0.333333,0.0117818,-0.0702209,0.588822,13.2917,8.33333,0,0,0.75,6,0,-6.61178,0.0001,-0.00157342,0.0418928,1.55626,0.114693,58831,0.176643,217.22,1.33588
6364,2.48139,0.193103,0.733648,0.367915,0.00471794,0.000361326,0.00471794,0.196129,0.16924,0.590503,0.749892,0.0517799,0.0231372,0.0493005,0.239737,0.0476716,0,1.00681,0.0790262,2.15222,0.184102,0,0.0737715,0.56825,4.62651,0.654184,0.407929,0.613161,2.42703,0.199998,0.236885,0,0.812737,0.226987,0,-0.000434056,0.237671,0.966375,0.234742,0.0506344,0.0526222,0.00471136,0.00393327,0.435101,0.0492778,5.4726,-0.373609,10.4537,0.661775,0.617821,-7.15662,-0.333333,0.0129093,-0.070551,0.593123,12.2083,7.08333,0,0,0.875,6.91667,0,-6.61064,0.0001,-0.00103749,0.0412617,1.53692,0.114233,59536,0.176674,215.53,1.16756
6365,2.47574,0.19044,0.730257,0.364786,0.0047062,0.000305777,0.0047062,0.19156,0.167616,0.591234,0.750164,0.0511416,0.0242918,0.0487479,0.236694,0.0514896,0,0.996116,0.0797314,2.15827,0.190254,0,0.0743129,0.574401,4.63457,0.655604,0.409441,0.611647,2.4159,0.197879,0.233936,0,0.778526,0.259814,0,-0.000581386,0.245347,0.965936,0.235664,0.0501605,0.0519509,0.00458752,0.0038,0.433077,0.0487533,5.3145,-0.718333,10.3022,0.666948,0.61683,-7.00853,-0.333333,0.0108971,-0.0691421,0.592842,14.4583,7.75,0,0,0.833333,7.45833,0,-6.60815,0.0001,-0.00185007,0.0398272,1.53835,0.11403,59492,0.17669,213.7,1.12033
6366,2.56262,0.194029,0.74868,0.368861,0.00469208,0.00033732,0.00469208,0.194365,0.171456,0.591371,0.764623,0.051657,0.0229535,0.0491211,0.23683,0.0490544,0,0.999802,0.0808646,2.14203,0.185417,0,0.0745647,0.575429,4.64072,0.656297,0.411144,0.609997,2.41496,0.200311,0.233869,0,0.80625,0.245712,0,-0.000518899,0.24254,0.966269,0.238241,0.0502614,0.0523592,0.00481457,0.00405566,0.43642,0.0489292,5.48821,-0.223443,10.5407,0.659111,0.622155,-7.34696,-0.333333,0.0121282,-0.0704798,0.602904,12.875,8.54167,0,0,1.16667,6.75,0,-6.60657,0.0001,-0.00292372,0.0405746,1.54719,0.11374,59186,0.176711,215.55,1.35897
6367,2.53563,0.193462,0.751367,0.363927,0.00469825,0.000391035,0.00469825,0.195143,0.172316,0.594611,0.770272,0.0515042,0.0231238,0.0489986,0.238008,0.0506408,0,1.00308,0.0832576,2.14118,0.185483,0,0.0743007,0.574572,4.64703,0.656972,0.410415,0.611423,2.41095,0.199591,0.234887,0,0.808926,0.295692,0,-0.00052997,0.247506,0.966441,0.238169,0.0501655,0.0521842,0.00574223,0.00497555,0.436452,0.0488966,5.47316,-0.220908,10.4632,0.660479,0.615257,-7.35455,-0.333333,0.0139887,-0.0707029,0.608749,10.8333,7.25,0,0,0.708333,6.625,0.0416667,-6.60526,0.0001,-0.00234553,0.0387144,1.55195,0.114493,58990,0.176731,213.31,1.29437
6368,2.53423,0.193643,0.749796,0.362396,0.00465968,0.000312571,0.00465968,0.196827,0.170878,0.590483,0.771338,0.0512128,0.023443,0.048734,0.235496,0.0516429,0,1.00084,0.0832635,2.14128,0.18463,0,0.0742122,0.576561,4.65433,0.658543,0.415209,0.606052,2.39428,0.201521,0.232622,0,0.806033,0.280404,0,-0.000540716,0.244169,0.966763,0.242196,0.0500109,0.0519376,0.00516418,0.00445108,0.436635,0.0486734,5.22098,-0.452255,10.4459,0.661743,0.617494,-7.31595,-0.333333,0.0112145,-0.07157,0.606738,13.25,8.29167,0,0,0.958333,6.79167,0,-6.60572,0.0001,-0.00187976,0.0401651,1.5581,0.11584,58726,0.176738,221.27,1.43596
6369,2.52271,0.196145,0.751345,0.370461,0.00468763,0.000380847,0.00468763,0.198643,0.172817,0.590891,0.764941,0.0513583,0.0233134,0.0488852,0.237334,0.0485005,0,1.00218,0.0809294,2.13586,0.183205,0,0.0733415,0.578075,4.64962,0.658232,0.411702,0.608987,2.40791,0.20254,0.234422,0,0.844732,0.239307,0,-0.000513034,0.23896,0.966405,0.239265,0.0501356,0.052115,0.00467169,0.00391712,0.437652,0.0487971,5.41467,-0.450447,10.4144,0.661869,0.618425,-7.24946,-0.333333,0.0137332,-0.0718265,0.602709,12.0417,7.25,0,0,1,7.16667,0,-6.60691,0.0001,-0.0019336,0.0406408,1.5596,0.113672,58749,0.176717,214.85,1.02734
6370,2.44022,0.192915,0.747108,0.365779,0.00470108,0.000363078,0.00470108,0.194705,0.170966,0.595036,0.768283,0.05125,0.0238728,0.048827,0.235047,0.0491516,0,0.992732,0.0822899,2.15773,0.18363,0,0.0731493,0.575067,4.64365,0.656581,0.410168,0.610572,2.41234,0.201213,0.232292,0,0.829981,0.250671,0,-0.00052764,0.244467,0.966159,0.238987,0.0500922,0.0520224,0.00496637,0.00426414,0.434281,0.0487524,5.21348,-0.610949,10.2947,0.667087,0.616694,-7.13443,-0.333333,0.0130067,-0.0705617,0.609561,12.5833,7.25,0,0,0.708333,7.04167,0,-6.60824,0.0001,-0.00242339,0.0384042,1.56259,0.114474,58616,0.176671,215.11,1.18951
6371,2.51595,0.19345,0.732903,0.363511,0.00469372,0.000368022,0.00469372,0.193591,0.1687,0.59051,0.747061,0.0510811,0.0240407,0.0486593,0.236243,0.050477,0,0.997667,0.0792777,2.15975,0.188524,0,0.073876,0.572426,4.64623,0.658603,0.410964,0.606433,2.39623,0.199598,0.233482,0,0.803958,0.235836,0,-0.000579126,0.243376,0.965544,0.239225,0.0499774,0.0518958,0.00468632,0.00391576,0.435977,0.0486005,5.33413,-0.693358,10.3146,0.666689,0.620589,-7.06038,-0.333333,0.0131484,-0.0699564,0.593388,12.0833,6.625,0,0,0.666667,5.95833,0.0416667,-6.61165,0.0001,-0.00223104,0.0367359,1.55894,0.115377,58712,0.176651,214.94,1.12923
6372,2.51887,0.196414,0.766849,0.366067,0.00466827,0.000353096,0.00466827,0.193881,0.17578,0.587959,0.786349,0.0510075,0.0243092,0.0485945,0.234165,0.0501815,0,0.993551,0.0845855,2.16642,0.186108,0,0.0730264,0.576911,4.66695,0.660681,0.414132,0.604197,2.38691,0.204297,0.23153,0,0.836436,0.267146,0,-0.000530484,0.2448,0.96608,0.241733,0.0499437,0.051867,0.00492562,0.00416913,0.436405,0.048584,5.19075,-0.650714,10.3559,0.664523,0.616941,-7.14701,-0.333333,0.0126642,-0.0703916,0.620972,12.75,7.20833,0,0,0.833333,6.75,0,-6.61436,0.0001,-0.00220593,0.0385113,1.55568,0.114226,58868,0.176609,217.19,1.53796
6373,2.53313,0.194377,0.756366,0.368121,0.00467952,0.000362769,0.00467952,0.198889,0.1736,0.586984,0.780303,0.0510546,0.0244629,0.048649,0.236034,0.0491002,0,0.999915,0.084278,2.16252,0.182524,0,0.0724535,0.576794,4.65378,0.659169,0.41272,0.605869,2.39935,0.203437,0.233505,0,0.815125,0.265244,0,-0.000549559,0.241575,0.96625,0.240771,0.0500017,0.0519007,0.00513902,0.00441804,0.438068,0.0486162,5.16016,-0.782854,10.2942,0.668175,0.620659,-7.05416,-0.333333,0.0130335,-0.0720674,0.60586,13.8333,7.54167,0,0,0.875,6.33333,0.0416667,-6.61744,0.0001,-0.00317863,0.0376379,1.54318,0.114756,59292,0.176579,219.78,1.44701
6374,2.50404,0.193466,0.747832,0.366056,0.00472302,0.000340519,0.00472302,0.194642,0.173472,0.590452,0.768733,0.0513244,0.0244729,0.0489167,0.235838,0.0493093,0,0.989727,0.0823037,2.15211,0.184188,0,0.0726131,0.575025,4.63925,0.656734,0.407263,0.612141,2.4139,0.200175,0.23328,0,0.833472,0.239538,0,-0.000508241,0.244297,0.96553,0.23352,0.0503525,0.0522653,0.00503509,0.00432552,0.434018,0.0489746,5.14124,-0.872469,10.2337,0.671447,0.625594,-6.8738,-0.333333,0.0121667,-0.0697567,0.599944,15.125,7.375,0,0,0.708333,6.625,0,-6.61837,0.0001,-0.0020952,0.038776,1.54582,0.115297,59179,0.17658,214.6,1.33386
6375,2.5159,0.190082,0.735625,0.358066,0.00468559,0.000350171,0.00468559,0.192703,0.16836,0.587311,0.757127,0.0508366,0.0246288,0.0484778,0.235325,0.052872,0,0.995702,0.0818858,2.17072,0.19276,0,0.0741777,0.575334,4.65789,0.659199,0.411992,0.605767,2.39917,0.199226,0.232767,0,0.78813,0.253917,0,-0.000556631,0.247886,0.965289,0.239978,0.049872,0.0517285,0.00437996,0.00364408,0.435328,0.0484507,5.26216,-0.902549,10.2253,0.670997,0.619352,-6.97024,-0.333333,0.0125936,-0.0698281,0.594157,13.2083,6.75,0,0,0.833333,5.83333,0.0416667,-6.61751,0.0001,-0.00223312,0.039998,1.5513,0.116004,58959,0.176607,216.01,1.26893
6376,2.54362,0.191847,0.749162,0.362807,0.00469385,0.000366179,0.00469385,0.192118,0.172125,0.594269,0.766518,0.0510007,0.0248848,0.048634,0.235129,0.0505775,0,0.99212,0.0820128,2.15331,0.182475,0,0.0715782,0.577507,4.65127,0.65829,0.410922,0.611416,2.40823,0.198988,0.232524,0,0.814533,0.275979,0,-0.000551226,0.248308,0.965786,0.236274,0.0501174,0.0519308,0.00554086,0.00478853,0.436337,0.0487498,5.09833,-0.892483,10.2196,0.670235,0.616517,-6.94522,-0.333333,0.0129622,-0.0693421,0.607743,12.7917,6.83333,0,0,0.833333,5.125,0.0416667,-6.6146,0.0001,-0.00221175,0.0373639,1.59369,0.118545,57412,0.176663,218.35,1.2846
6377,2.50307,0.194316,0.7508,0.366091,0.00468308,0.000373915,0.00468308,0.196623,0.171927,0.591307,0.7691,0.0511968,0.0241537,0.0487461,0.235551,0.0498361,0,0.996296,0.0817206,2.17479,0.184774,0,0.0730897,0.574619,4.65083,0.658755,0.412321,0.608632,2.40105,0.200449,0.232784,0,0.808387,0.242767,0,-0.000506744,0.242082,0.96625,0.239522,0.0500525,0.0520061,0.00482722,0.00407151,0.439746,0.0486634,5.22633,-0.556772,10.3368,0.666457,0.62351,-7.20192,-0.333333,0.0133785,-0.0712572,0.607359,12,7.45833,0,0,1.125,7.16667,0.0416667,-6.61327,0.0001,-0.00297083,0.0396098,1.63509,0.117598,56087,0.176672,220.18,1.25636
6378,2.48965,0.191595,0.751133,0.361925,0.0046973,0.000310902,0.0046973,0.1957,0.172304,0.591427,0.773726,0.0515042,0.0232194,0.0490136,0.235212,0.0497132,0,0.992043,0.0832628,2.13751,0.186909,0,0.0743141,0.57638,4.64379,0.65627,0.410538,0.611204,2.40814,0.199739,0.232278,0,0.813345,0.283548,0,-0.000457197,0.243019,0.966841,0.238381,0.0502384,0.0522682,0.0046211,0.00391421,0.436156,0.0489255,5.37706,-0.320417,10.4054,0.662742,0.616461,-7.34509,-0.333333,0.0111507,-0.0708379,0.606314,11.4583,7.125,0,0,0.916667,7.08333,0.0416667,-6.61228,0.0001,-0.00238352,0.0391633,1.62585,0.12115,56270,0.176691,217.62,1.1918
6379,2.50381,0.197366,0.758182,0.367714,0.00468671,0.000335244,0.00468671,0.194739,0.174319,0.593298,0.775823,0.0511449,0.0240135,0.0487203,0.23618,0.0499334,0,0.998155,0.0828937,2.14967,0.182161,0,0.0718252,0.57519,4.65332,0.658512,0.411831,0.609742,2.40299,0.203781,0.233549,0,0.835103,0.24384,0,-0.000517843,0.243884,0.966323,0.237568,0.0501684,0.0520165,0.00548429,0.00476259,0.438146,0.048835,5.2421,-0.680386,10.2634,0.667593,0.615708,-7.09617,-0.333333,0.0118898,-0.0703836,0.612664,13.0833,6.375,0,0,0.833333,6.41667,0,-6.60865,0.0001,-0.00123096,0.0383186,1.64455,0.124283,55575,0.1767,214.03,1.04997
6380,2.49996,0.196674,0.756429,0.370982,0.00467103,0.000368303,0.00467103,0.196647,0.173123,0.589553,0.774176,0.0511944,0.0239965,0.0487214,0.236172,0.0483115,0,1.00029,0.0818388,2.14902,0.1822,0,0.0724625,0.578758,4.66139,0.659786,0.413786,0.606161,2.38548,0.203241,0.233416,0,0.827186,0.273108,0,-0.000567685,0.238798,0.966228,0.240554,0.0500207,0.0519477,0.00484474,0.00410666,0.438326,0.0486529,5.3021,-0.567767,10.3539,0.665252,0.618627,-7.21696,-0.333333,0.0131219,-0.0714206,0.609099,12.2917,6.41667,0,0,0.875,6.25,0.0416667,-6.60565,0.0001,-0.00232563,0.043036,1.67461,0.1243,54646,0.176725,212.17,1.18952
6381,2.54986,0.192179,0.741491,0.365496,0.00470934,0.000348405,0.00470934,0.194424,0.170086,0.591534,0.764863,0.0512951,0.0242755,0.0488779,0.236028,0.0495914,0,0.994259,0.0818957,2.14289,0.184204,0,0.0731415,0.577929,4.64172,0.65722,0.409011,0.61204,2.41368,0.200268,0.233304,0,0.800519,0.247986,0,-0.000549262,0.242237,0.965916,0.235543,0.0502472,0.0521162,0.00501927,0.00428651,0.438952,0.0488732,5.36325,-0.721001,10.2904,0.668324,0.618935,-7.04965,-0.333333,0.0124378,-0.0703333,0.597546,13.875,7.45833,0,0,0.916667,5.79167,0.0416667,-6.6031,0.0001,-0.00258607,0.0386841,1.6357,0.122406,55914,0.17672,213.23,1.27746
6382,2.58756,0.1962,0.759702,0.367989,0.00468329,0.000352668,0.00468329,0.197826,0.174383,0.589635,0.778737,0.0513518,0.0239174,0.0488647,0.235737,0.047378,0,0.996079,0.0831796,2.14111,0.181213,0,0.0727055,0.571779,4.65157,0.658513,0.412247,0.607711,2.40045,0.202636,0.233029,0,0.83019,0.262279,0,-0.000546397,0.237186,0.966407,0.239583,0.0501428,0.0521326,0.00477324,0.00406779,0.437506,0.0487803,5.25169,-0.564059,10.378,0.664516,0.621011,-7.17786,-0.333333,0.0125214,-0.0715792,0.606263,14.2917,8,0,0,0.916667,6.54167,0.0416667,-6.60279,0.0001,-0.00249191,0.0367939,1.66784,0.120947,54955,0.176667,215.7,1.33
6383,2.51443,0.197906,0.761208,0.367485,0.0046648,0.000402658,0.0046648,0.200444,0.174041,0.586852,0.778734,0.0509936,0.0237879,0.0485734,0.236272,0.0468312,0,1.00234,0.0831388,2.15021,0.179863,0,0.0714297,0.580913,4.67055,0.660259,0.414579,0.604468,2.38454,0.205307,0.233337,0,0.840304,0.255732,0,-0.000624185,0.23947,0.966801,0.242969,0.0497821,0.0516944,0.00505455,0.0042851,0.439765,0.0484402,5.22072,-0.600398,10.2864,0.664679,0.611074,-7.24329,-0.333333,0.0146242,-0.0729314,0.605403,12.5417,6.875,0,0,1.20833,6.54167,0,-6.60302,0.0001,-0.00219614,0.0380817,1.67914,0.119992,54639,0.17664,216.69,1.15945
6384,2.53054,0.194629,0.758133,0.364691,0.00466125,0.000366767,0.00466125,0.197292,0.172269,0.586498,0.776803,0.0507099,0.0244754,0.0483322,0.235027,0.0491548,0,1.00005,0.0835286,2.16043,0.181529,0,0.071653,0.583292,4.6721,0.660726,0.41507,0.603589,2.38586,0.203033,0.232321,0,0.816925,0.289049,0,-0.000629015,0.24175,0.966207,0.244119,0.0496245,0.0514753,0.00519031,0.00442865,0.442542,0.0482598,5.28517,-0.796524,10.2213,0.668095,0.613194,-7.13523,-0.333333,0.013221,-0.0721001,0.602703,12.3333,7.08333,0,0,0.375,6.20833,0,-6.6041,0.0001,-0.00178469,0.0391827,1.66674,0.117209,55104,0.176638,219.06,1.43719
6385,2.48824,0.194056,0.758404,0.366411,0.00466632,0.000397824,0.00466632,0.194133,0.173248,0.592232,0.77624,0.0506847,0.0246846,0.0482988,0.235839,0.0505056,0,1.00182,0.083187,2.16906,0.185285,0,0.0723435,0.579131,4.66967,0.660737,0.414377,0.605629,2.39015,0.202158,0.233348,0,0.821776,0.260989,0,-0.00061733,0.248169,0.966137,0.243058,0.0496311,0.0515618,0.00538886,0.00468898,0.439864,0.0482746,5.12644,-0.920888,10.1917,0.669971,0.6113,-7.00213,-0.333333,0.0142389,-0.0706449,0.608105,12.1667,6.20833,0,0,0.375,6.29167,0.0416667,-6.60395,0.0001,-0.00194104,0.0374612,1.60674,0.117517,57012,0.176675,221.15,1.45283
6386,2.51321,0.195886,0.765218,0.36632,0.00465771,0.000386392,0.00465771,0.198624,0.174526,0.582714,0.785676,0.0508498,0.0242056,0.0484251,0.234844,0.0482436,0,0.999875,0.0849652,2.16393,0.183994,0,0.0729242,0.582314,4.67856,0.661551,0.415457,0.602579,2.38181,0.203859,0.232253,0,0.836667,0.27297,0,-0.000566062,0.242151,0.966037,0.244396,0.0497137,0.0516533,0.0047071,0.00402256,0.442071,0.0483275,5.27161,-0.687228,10.3247,0.665641,0.614514,-7.16473,-0.333333,0.014098,-0.0723798,0.603854,13.0833,7.04167,0,0,0.666667,6.45833,0,-6.6016,0.0001,-0.00137883,0.0366167,1.60495,0.117495,57072,0.17669,215.87,1.26278
6387,2.48983,0.200085,0.778143,0.369862,0.00465105,0.000364587,0.00465105,0.199131,0.177848,0.590492,0.798744,0.0508246,0.0245581,0.0484052,0.235239,0.0482878,0,1.00119,0.0861539,2.17478,0.18047,0,0.0721184,0.580223,4.67427,0.661716,0.416293,0.602499,2.37863,0.208072,0.232547,0,0.847465,0.270381,0,-0.000611858,0.240675,0.966611,0.245889,0.0496683,0.0515885,0.00530952,0.00456588,0.441391,0.0483267,5.11763,-0.708993,10.2952,0.665943,0.611528,-7.20982,-0.333333,0.0131328,-0.0724311,0.62506,12.6667,7.125,0,0,0.666667,7.29167,0.0416667,-6.60141,0.0001,-0.00220076,0.0380389,1.60217,0.118877,57118,0.176681,215.37,1.37765
6388,2.50482,0.192402,0.756872,0.364364,0.00468787,0.000360853,0.00468787,0.192971,0.172674,0.586328,0.776184,0.051206,0.0237956,0.0487407,0.234951,0.0509665,0,0.992393,0.0839229,2.18557,0.187382,0,0.0738645,0.575731,4.65856,0.660027,0.41178,0.604246,2.38458,0.200364,0.231818,0,0.814668,0.282166,0,-0.000550995,0.245464,0.966319,0.240641,0.0499579,0.051918,0.00507375,0.00428944,0.4411,0.0486192,5.41314,-0.426438,10.3945,0.6626,0.618324,-7.2668,-0.333333,0.0129558,-0.0701853,0.604233,11.7917,7.375,0,0,0.25,6.66667,0.0416667,-6.60102,0.0001,-0.0019073,0.0386701,1.61857,0.12095,56512,0.176702,215.37,1.57351
6389,2.54307,0.195026,0.754139,0.367314,0.00468078,0.000384605,0.00468078,0.19486,0.172341,0.584647,0.774714,0.0512925,0.0235001,0.048812,0.236659,0.0490831,0,1.0007,0.0828052,2.1651,0.182943,0,0.0735887,0.5728,4.65101,0.658813,0.412572,0.604751,2.39861,0.202083,0.233548,0,0.824455,0.272813,0,-0.000509286,0.242672,0.966757,0.242313,0.0500218,0.0520183,0.0050425,0.00426381,0.441362,0.0486966,5.34787,-0.229042,10.4584,0.659342,0.61678,-7.36767,-0.333333,0.0139031,-0.0709313,0.599717,12.75,7.45833,0,0,0.25,7.33333,0.0416667,-6.5998,0.0001,-0.00129031,0.036666,1.61828,0.118187,56611,0.176722,214.62,1.24355
6390,2.48953,0.192359,0.73924,0.364465,0.00466848,0.000402496,0.00466848,0.195538,0.168883,0.5913,0.755634,0.0514321,0.0233118,0.0489133,0.235187,0.0486934,0,0.996142,0.0800649,2.17103,0.183034,0,0.0731028,0.574252,4.65813,0.658125,0.41411,0.606467,2.39853,0.198884,0.231992,0,0.82342,0.259271,0,-0.000525795,0.243673,0.967041,0.243518,0.0500016,0.0520949,0.00509648,0.00435821,0.439032,0.0487124,5.31753,-0.15328,10.4667,0.65815,0.611799,-7.48992,-0.333333,0.0144441,-0.0711303,0.594602,12.7917,8.54167,0,0,0.666667,8.5,0,-6.59861,0.0001,-0.00198164,0.0380747,1.60995,0.117243,56915,0.176739,214.59,1.05969
6391,2.53823,0.200856,0.779101,0.369324,0.00466079,0.000382908,0.00466079,0.19993,0.177902,0.585278,0.802005,0.0512312,0.0240422,0.0487645,0.237026,0.0466327,0,1.00651,0.0878871,2.17013,0.180967,0,0.0730623,0.575525,4.66594,0.660228,0.415157,0.60246,2.38694,0.209298,0.233977,0,0.871068,0.28217,0,-0.000557551,0.239241,0.966715,0.245338,0.0498819,0.051947,0.00486077,0.00407916,0.440306,0.0485486,5.28716,-0.409564,10.3703,0.661307,0.61187,-7.35551,-0.333333,0.0139119,-0.0727678,0.619322,12.375,7.375,0,0,0.5,6.5,0,-6.59731,0.0001,-0.00271798,0.0375491,1.61829,0.118063,56615,0.176747,218.12,1.47994
6392,2.5883,0.193548,0.751368,0.368233,0.0046726,0.000414053,0.0046726,0.194802,0.171988,0.585439,0.766533,0.0514181,0.023952,0.0489311,0.236842,0.047036,0,1.00225,0.0814371,2.16233,0.18277,0,0.0737375,0.575714,4.65997,0.659681,0.413589,0.602683,2.38737,0.20035,0.233798,0,0.817852,0.242421,0,-0.000533479,0.24145,0.966492,0.241655,0.0501434,0.0521158,0.00447576,0.00369282,0.437571,0.0488098,5.24876,-0.381215,10.3846,0.661779,0.614897,-7.36173,-0.333333,0.0148898,-0.0706838,0.597498,12.7917,7.45833,0,0,0.333333,7.125,0,-6.597,0.0001,-0.00162298,0.038139,1.59627,0.117949,57346,0.176737,213.99,1.21582
6393,2.54911,0.192611,0.755946,0.359797,0.00466325,0.000344293,0.00466325,0.193418,0.171559,0.581259,0.774358,0.0510442,0.0242134,0.0486312,0.233714,0.0505232,0,0.994623,0.0837002,2.17964,0.188376,0,0.0737438,0.577175,4.66356,0.660388,0.414794,0.603421,2.38971,0.200104,0.230849,0,0.812772,0.285664,0,-0.000554603,0.244421,0.966133,0.24387,0.0499459,0.0518297,0.00509725,0.00433975,0.439433,0.0486032,5.09944,-0.622304,10.3205,0.664343,0.609914,-7.20775,-0.333333,0.0126103,-0.0708051,0.595491,12.9167,7.625,0,0,0.416667,6.75,0.0416667,-6.59894,0.0001,-0.00189223,0.0385526,1.58271,0.117539,57817,0.176698,220.84,1.41744
6394,2.49984,0.194186,0.763635,0.366743,0.00466216,0.000390618,0.00466216,0.194165,0.174268,0.588142,0.787132,0.0508774,0.0246853,0.0485116,0.235002,0.0495004,0,0.998639,0.0851813,2.16636,0.185012,0,0.0726447,0.577581,4.66741,0.660878,0.414928,0.603994,2.39129,0.201583,0.232324,0,0.817795,0.27683,0,-0.000572818,0.244885,0.966005,0.243099,0.0499065,0.0517174,0.00506319,0.00431362,0.440806,0.0485144,5.16328,-0.803189,10.2274,0.667342,0.610108,-7.09905,-0.333333,0.0140453,-0.0707631,0.609234,13.4167,6.66667,0,0,0.375,7.91667,0,-6.60344,0.0001,-0.0016086,0.0368149,1.58451,0.117474,57758,0.176645,217.96,1.39081
6395,2.46389,0.1929,0.73874,0.369758,0.00471184,0.000366998,0.00471184,0.192842,0.17016,0.585492,0.759598,0.0512422,0.0250654,0.0488884,0.236657,0.0472264,0,0.995237,0.0803467,2.15394,0.182433,0,0.0717712,0.576655,4.64812,0.657612,0.408664,0.61032,2.4152,0.200495,0.234158,0,0.830001,0.245897,0,-0.00055522,0.240695,0.965811,0.234176,0.0504172,0.0521741,0.00493095,0.00418189,0.439856,0.0490017,5.25284,-1.04784,10.1588,0.671309,0.614469,-6.82935,-0.333333,0.0130765,-0.069523,0.585231,13.1667,5.875,0,0,0.5,6.54167,0.0416667,-6.60686,0.0001,-0.00220622,0.0349469,1.59482,0.118495,57376,0.176608,214.69,1.09907
6396,2.48221,0.198748,0.756882,0.367782,0.00465531,0.000396103,0.00465531,0.199521,0.17317,0.589374,0.777593,0.0509463,0.0252525,0.0485569,0.234729,0.0475111,0,0.998944,0.0829816,2.20404,0.18291,0,0.0722277,0.575751,4.67057,0.659917,0.415758,0.605037,2.3927,0.206141,0.232136,0,0.851263,0.266562,0,-0.000587359,0.241353,0.966047,0.243745,0.0499009,0.0517425,0.00489177,0.00417299,0.43843,0.048519,5.09646,-0.872231,10.216,0.668631,0.610643,-7.12627,-0.333333,0.0142468,-0.0725134,0.606057,12.25,6.20833,0,0,0.208333,5.91667,0,-6.60926,0.0001,-0.00174774,0.0383296,1.59627,0.117075,57375,0.17657,218.1,1.35917
6397,2.52848,0.191222,0.741908,0.361674,0.00469147,0.000333428,0.00469147,0.19057,0.170559,0.588496,0.758847,0.0510307,0.0250688,0.0486518,0.234584,0.0520865,0,0.990511,0.0803498,2.16414,0.190161,0,0.0735916,0.574525,4.64787,0.657189,0.41122,0.608972,2.41453,0.199072,0.232018,0,0.815114,0.250204,0,-0.000533656,0.247888,0.966045,0.237743,0.0501695,0.0519739,0.00546519,0.00468079,0.441502,0.0487965,5.34619,-0.895358,10.2082,0.669343,0.614671,-6.94594,-0.333333,0.0119651,-0.0688816,0.592703,13.75,6.54167,0,0,0.625,6.41667,0,-6.61002,0.0001,-0.00177667,0.0374108,1.5933,0.117152,57472,0.1766,214.37,1.0775
6398,2.43972,0.194241,0.74251,0.363042,0.00468203,0.000350777,0.00468203,0.195473,0.169978,0.593652,0.762123,0.0511233,0.0245611,0.0487316,0.236208,0.0481156,0,0.999677,0.0814804,2.16666,0.183564,0,0.0726513,0.574669,4.65262,0.658722,0.412456,0.606896,2.39439,0.202001,0.233424,0,0.809805,0.23713,0,-0.000524248,0.24343,0.96625,0.240868,0.0500986,0.051969,0.00489762,0.00413089,0.440165,0.0487225,5.30932,-0.755243,10.247,0.667693,0.611323,-7.08658,-0.333333,0.0125378,-0.0708509,0.5976,12.3333,6.54167,0,0,0.5,7.04167,0,-6.60861,0.0001,-0.00253956,0.0382912,1.59708,0.117081,57348,0.176603,216.04,1.25042
6399,2.47261,0.195949,0.765567,0.366733,0.00468706,0.000336887,0.00468706,0.197974,0.175397,0.586628,0.78543,0.05098,0.0256242,0.0486115,0.236306,0.0481624,0,1.00016,0.0844293,2.18011,0.184946,0,0.0725454,0.573205,4.65789,0.658659,0.411854,0.60633,2.40182,0.204301,0.233798,0,0.823297,0.286591,0,-0.000541419,0.239288,0.965777,0.240983,0.0500914,0.051878,0.00460943,0.00382201,0.440476,0.048658,5.32327,-0.932869,10.1895,0.670915,0.613805,-6.95661,-0.333333,0.0121638,-0.0717445,0.608461,13.4167,7.125,0,0,0.541667,6.66667,0,-6.60847,0.0001,-0.00212274,0.0406841,1.58883,0.117122,57624,0.176597,218.03,1.34663
6400,2.44502,0.190344,0.723971,0.360528,0.00468892,0.000355687,0.00468892,0.192013,0.165862,0.593874,0.744418,0.05131,0.024653,0.048864,0.236324,0.0503492,0,0.998136,0.078837,2.16331,0.188217,0,0.0733879,0.572265,4.64866,0.656912,0.41154,0.607846,2.40946,0.197713,0.233469,0,0.798207,0.23982,0,-0.000577307,0.245889,0.966358,0.239365,0.0501372,0.0521087,0.00517514,0.00442118,0.4416,0.0487812,5.41392,-0.568099,10.2971,0.665487,0.61208,-7.14288,-0.333333,0.0127986,-0.0697188,0.58858,12.75,6.70833,0,0,0.25,7.54167,0.0416667,-6.6092,0.0001,-0.00168352,0.0389,1.62321,0.11772,56466,0.176566,214.42,1.26095
6401,2.53816,0.197977,0.775103,0.37085,0.00465676,0.000369267,0.00465676,0.19817,0.176447,0.5877,0.794077,0.0512606,0.0246708,0.0487868,0.235859,0.0472163,0,1.00236,0.0850238,2.14924,0.18265,0,0.0725401,0.580454,4.66652,0.660249,0.415577,0.60315,2.38908,0.204825,0.233056,0,0.839952,0.289402,0,-0.000578248,0.237233,0.966707,0.242707,0.0500306,0.0519911,0.0046591,0.00391382,0.438372,0.0486708,5.3802,-0.654683,10.2534,0.666446,0.60905,-7.25466,-0.333333,0.0132348,-0.0722046,0.621417,14.0417,7.83333,0,0,0.5,7.16667,0,-6.60992,0.0001,-0.00240287,0.0425256,1.61935,0.117613,56595,0.176603,220.04,1.50007
6402,2.42649,0.193192,0.764236,0.361096,0.0046943,0.000310809,0.0046943,0.197609,0.174532,0.587535,0.783822,0.051057,0.0244558,0.0486815,0.236115,0.0483833,0,0.998342,0.0852227,2.1372,0.185554,0,0.0726,0.580762,4.65506,0.659896,0.411091,0.604555,2.39075,0.202186,0.233394,0,0.825908,0.291935,0,-0.000536342,0.239603,0.966298,0.240295,0.0500528,0.0518893,0.00473599,0.00400504,0.443665,0.0487243,5.47933,-0.87886,10.1102,0.670512,0.602988,-7.04354,-0.333333,0.0112281,-0.0717021,0.608165,12.7083,6.58333,0,0,0.125,6.875,0,-6.60702,0.0001,-0.00206889,0.0387023,1.60742,0.117655,56985,0.176666,218.38,1.33
6403,2.37009,0.188305,0.725864,0.360023,0.00468379,0.000347901,0.00468379,0.19205,0.166697,0.591398,0.751168,0.0509476,0.0247833,0.0486048,0.235299,0.0495097,0,0.995357,0.0801819,2.15513,0.185706,0,0.0722599,0.575231,4.6483,0.657792,0.412213,0.607151,2.39719,0.198536,0.232668,0,0.796289,0.23567,0,-0.000595581,0.245835,0.966541,0.23921,0.0500089,0.0517923,0.00501512,0.00429638,0.438867,0.0486644,5.20612,-0.974497,10.0873,0.671654,0.602997,-6.99146,-0.333333,0.0123487,-0.069574,0.584332,13.625,6.25,0,0,0.25,7.45833,0,-6.60443,0.0001,-0.00288139,0.0391481,1.61692,0.120469,56581,0.176678,213.86,1.05177
6404,2.46103,0.194871,0.761834,0.36061,0.00470807,0.000334015,0.00470807,0.19621,0.174635,0.592996,0.786227,0.0508891,0.0243001,0.0485718,0.236851,0.0508651,0,0.998949,0.0865569,2.13906,0.188134,0,0.0731844,0.574435,4.64294,0.656896,0.40917,0.608534,2.41189,0.203957,0.234237,0,0.804613,0.308597,0,-0.000549464,0.244646,0.965978,0.236655,0.0500757,0.0517948,0.00494697,0.00418399,0.442335,0.0486844,5.50666,-1.00055,10.0757,0.672675,0.609478,-6.84543,-0.333333,0.0121306,-0.0711326,0.611385,13.125,5.91667,0,0,0.416667,5.08333,0,-6.60359,0.0001,-0.00175855,0.0408467,1.616,0.117542,56706,0.176628,215.09,1.19883
6405,2.42859,0.197261,0.75848,0.367855,0.00468043,0.000343305,0.00468043,0.194121,0.172999,0.587147,0.775963,0.0504733,0.0254674,0.0482452,0.236166,0.049101,0,1.00246,0.0833206,2.17807,0.187936,0,0.0718435,0.581001,4.67227,0.660288,0.412677,0.605575,2.39586,0.204499,0.233756,0,0.819553,0.272651,0,-0.000620092,0.243426,0.965983,0.241117,0.0498234,0.0514561,0.0048874,0.00414015,0.441633,0.0484291,5.22626,-1.35438,9.9202,0.677938,0.605203,-6.74824,-0.333333,0.0124247,-0.0706453,0.602562,13.2083,4.95833,0,0,0.291667,5.75,0,-6.60635,0.0001,-0.00227524,0.0378931,1.60947,0.118398,56893,0.176582,216.66,1.17487
6406,2.42158,0.193597,0.752686,0.365976,0.00468404,0.000335385,0.00468404,0.197271,0.172408,0.587547,0.773843,0.051004,0.0249801,0.0486249,0.237438,0.0493129,0,1.00417,0.0840018,2.17131,0.18585,0,0.0732324,0.573577,4.6552,0.658967,0.412153,0.605891,2.39911,0.201427,0.234912,0,0.796953,0.280657,0,-0.00058783,0.240085,0.966408,0.240039,0.0500279,0.051896,0.00513103,0.00437346,0.442865,0.0486777,5.41103,-1.00075,10.1613,0.670729,0.613373,-6.96132,-0.333333,0.0120086,-0.0714435,0.603256,12.3333,5.66667,0,0,0.375,6.54167,0.0416667,-6.60739,0.0001,-0.00138018,0.0384732,1.59762,0.11831,57289,0.176629,215.33,1.29633
6407,2.61148,0.198736,0.777154,0.366359,0.00464197,0.000323998,0.00464197,0.199386,0.176486,0.589959,0.798955,0.0509773,0.0244081,0.0485437,0.23405,0.0485031,0,1.00012,0.0866329,2.17469,0.18019,0,0.0724991,0.575212,4.66939,0.662456,0.417475,0.600078,2.36965,0.207579,0.231347,0,0.835142,0.268263,0,-0.000580141,0.240604,0.966899,0.246375,0.0497901,0.0517333,0.00516649,0.0044618,0.441817,0.0484601,5.36682,-0.699796,10.2478,0.667319,0.608751,-7.28741,-0.333333,0.0116973,-0.0729738,0.623766,13,7.45833,0,0,0.208333,6.08333,0,-6.6032,0.0001,-0.00284245,0.0398696,1.58559,0.117356,57725,0.176728,214.61,1.36167
6408,2.58757,0.193155,0.751219,0.359221,0.00464916,0.000342849,0.00464916,0.194973,0.170956,0.584425,0.767006,0.0510115,0.0242386,0.048557,0.234281,0.0486491,0,0.999953,0.0810634,2.16929,0.188158,0,0.0739243,0.578642,4.67609,0.661981,0.416543,0.599789,2.37602,0.201489,0.231682,0,0.841847,0.246802,0,-0.00058231,0.24081,0.966327,0.244647,0.0498122,0.0517533,0.0042902,0.00354169,0.439371,0.0484724,5.39541,-0.679947,10.296,0.665357,0.617059,-7.25512,-0.333333,0.0124577,-0.0712984,0.59745,13.625,7.875,0,0,0.625,6.625,0,-6.5992,0.0001,-0.00164071,0.0401804,1.58484,0.11594,57799,0.176788,217.49,1.36944
6409,2.53425,0.195475,0.76379,0.364201,0.00464875,0.00033104,0.00464875,0.195877,0.173952,0.586097,0.778895,0.0509526,0.0248501,0.0485111,0.235143,0.0492763,0,1.00201,0.0838673,2.17126,0.183585,0,0.0732838,0.578077,4.67203,0.661751,0.416582,0.600815,2.37276,0.203973,0.232512,0,0.793059,0.272608,0,-0.000563343,0.242486,0.966388,0.244573,0.0498168,0.05179,0.00497591,0.0042497,0.44211,0.0484652,5.24874,-0.755563,10.2518,0.667061,0.611187,-7.18706,-0.333333,0.0120709,-0.0714672,0.611712,13.5417,7.08333,0,0,0.541667,6.75,0.0416667,-6.59721,0.0001,-0.0016926,0.0397227,1.60726,0.116634,57024,0.176832,213.53,1.23558
6410,2.5371,0.19465,0.761338,0.362648,0.00465145,0.000291729,0.00465145,0.196181,0.173492,0.59003,0.782135,0.0509569,0.0244265,0.0485282,0.234528,0.0487514,0,0.998132,0.085047,2.17788,0.182202,0,0.0724302,0.576947,4.67058,0.66116,0.416243,0.603856,2.37773,0.202567,0.231772,0,0.815088,0.283562,0,-0.000573624,0.243737,0.966908,0.243633,0.0498828,0.0518037,0.00522244,0.00446374,0.440497,0.0485575,5.20087,-0.755771,10.2744,0.664637,0.609136,-7.18727,-0.333333,0.0105184,-0.0714826,0.615933,13.0417,6.625,0,0,0.458333,6.08333,0,-6.59366,0.0001,-0.00217199,0.0402701,1.58447,0.118258,57733,0.176865,215.98,1.30995
6411,2.53408,0.197609,0.77007,0.36441,0.00465204,0.000346422,0.00465204,0.198492,0.17512,0.584701,0.790352,0.0509312,0.0245636,0.0485171,0.234972,0.0479909,0,1.0006,0.0863324,2.16967,0.183983,0,0.0727378,0.579758,4.66136,0.660046,0.416169,0.603112,2.38378,0.205311,0.232268,0,0.817158,0.303557,0,-0.000558619,0.242902,0.966688,0.245069,0.0497723,0.0517491,0.00519684,0.00446448,0.442298,0.0484432,5.34083,-0.728929,10.2117,0.667087,0.60639,-7.20625,-0.333333,0.0125095,-0.0724753,0.615891,13.2083,6.875,0,0,0.416667,6.70833,0.0416667,-6.59328,0.0001,-0.00140819,0.0383057,1.61575,0.116895,56736,0.176817,217.27,1.03127
6412,2.4775,0.196103,0.747971,0.366069,0.00463744,0.000342903,0.00463744,0.197597,0.17004,0.586889,0.765887,0.0508745,0.0252058,0.0484466,0.235616,0.0490067,0,1.00631,0.0813981,2.18884,0.185013,0,0.0730116,0.581815,4.67913,0.661599,0.418001,0.603282,2.38197,0.204172,0.232956,0,0.811888,0.243726,0,-0.000604373,0.240655,0.966635,0.246041,0.04973,0.0516581,0.00480064,0.00407782,0.443668,0.0483723,5.36369,-0.796444,10.2183,0.666961,0.605375,-7.23648,-0.333333,0.0124225,-0.0721957,0.604123,13.4583,6.75,0,0,0.5,7.625,0,-6.59767,0.0001,-0.00249105,0.0390736,1.59549,0.116807,57410,0.176749,216.26,1.35246
6413,2.54101,0.197934,0.768985,0.366694,0.00465755,0.000332723,0.00465755,0.199922,0.174841,0.586514,0.785552,0.051327,0.024354,0.0488228,0.236547,0.0479623,0,1.00583,0.085054,2.17102,0.183258,0,0.0733246,0.580704,4.66817,0.660266,0.415544,0.604123,2.38937,0.204783,0.233588,0,0.809964,0.281146,0,-0.000484041,0.238613,0.966696,0.243024,0.0501232,0.0521181,0.00479911,0.0040464,0.442122,0.048777,5.5118,-0.471443,10.3475,0.663265,0.609708,-7.35027,-0.333333,0.012135,-0.0730125,0.614326,12.4583,7.29167,0,0,0.583333,6.375,0,-6.60065,0.0001,-0.00248022,0.0374793,1.59681,0.118042,57325,0.176709,218.51,1.4477
6414,2.57019,0.188809,0.739321,0.362751,0.00467019,0.000328411,0.00467019,0.18939,0.168268,0.588439,0.754394,0.0513059,0.0238463,0.048796,0.235729,0.0499593,0,0.99916,0.0787705,2.16701,0.184533,0,0.0738703,0.577646,4.66735,0.659464,0.41389,0.605644,2.39592,0.195842,0.232968,0,0.801616,0.252523,0,-0.00052465,0.247306,0.966381,0.240879,0.0500105,0.0520937,0.00552104,0.00480254,0.442702,0.0487533,5.44085,-0.450088,10.4138,0.661831,0.615331,-7.29817,-0.333333,0.011738,-0.0690036,0.593968,12.2083,7.75,0,0,0.375,5.70833,0,-6.60297,0.0001,-0.00202997,0.0434614,1.59707,0.118115,57313,0.176689,219.21,1.51527
6415,2.48304,0.195417,0.773456,0.366738,0.00466162,0.00032002,0.00466162,0.193619,0.176054,0.592028,0.797954,0.0510126,0.0249311,0.0486057,0.236704,0.0503837,0,1.00654,0.0871319,2.18855,0.184494,0,0.0728715,0.574214,4.66898,0.660654,0.414966,0.604472,2.38621,0.206123,0.23406,0,0.828434,0.295956,0,-0.000533205,0.244138,0.966598,0.242503,0.0499805,0.0518466,0.00548523,0.00468571,0.441959,0.0486701,5.26164,-0.741685,10.2434,0.667229,0.610116,-7.18349,-0.333333,0.0116098,-0.0706888,0.62328,12.1667,6.66667,0,0,0.583333,6.95833,0.0416667,-6.60432,0.0001,-0.00239478,0.0382912,1.60475,0.117318,57084,0.176694,215.86,1.22728
6416,2.54856,0.190545,0.73787,0.362632,0.00465855,0.000309335,0.00465855,0.190979,0.16805,0.586755,0.754011,0.0512554,0.0240973,0.0487677,0.235613,0.049986,0,1.00207,0.0790494,2.16601,0.187287,0,0.0738323,0.572989,4.66122,0.659521,0.415352,0.60349,2.38522,0.19819,0.233011,0,0.810534,0.240559,0,-0.000539206,0.244384,0.966423,0.241088,0.0500826,0.052058,0.00488995,0.00416101,0.438932,0.0487747,5.34886,-0.537767,10.3791,0.663512,0.61477,-7.28038,-0.333333,0.0112007,-0.0695991,0.59362,13,7.58333,0,0,0.625,6.625,0,-6.60366,0.0001,-0.00162008,0.0380901,1.61358,0.118071,56768,0.17669,218.01,1.25951
6417,2.54661,0.193886,0.757103,0.359095,0.00465778,0.000336104,0.00465778,0.194532,0.172193,0.582105,0.777378,0.0509102,0.0246081,0.0485177,0.234655,0.0489207,0,0.999698,0.0837875,2.17174,0.190029,0,0.0735947,0.578812,4.66598,0.660328,0.415457,0.602804,2.39153,0.20164,0.232268,0,0.829863,0.267529,0,-0.000593952,0.240364,0.96626,0.243632,0.0498514,0.0517052,0.00420435,0.00344582,0.442045,0.0485013,5.33753,-0.786119,10.2245,0.668131,0.61242,-7.12667,-0.333333,0.0120407,-0.0710413,0.6001,12.7917,7.29167,0,0,0.25,5.95833,0.0833333,-6.60296,0.0001,-0.00220167,0.0375657,1.60354,0.116798,57142,0.176696,216.74,1.23218
6418,2.52091,0.196753,0.752368,0.361881,0.00466175,0.000318971,0.00466175,0.192474,0.172227,0.580869,0.772243,0.0508902,0.0248311,0.0485314,0.237076,0.0509598,0,1.00887,0.0828204,2.18778,0.188655,0,0.0732549,0.577205,4.6771,0.660973,0.41495,0.604071,2.38743,0.204239,0.234752,0,0.838145,0.252479,0,-0.000628719,0.245524,0.966253,0.240245,0.0499722,0.0517756,0.00494222,0.00417479,0.438755,0.0486384,5.17797,-1.0407,10.134,0.670462,0.610487,-6.97702,-0.333333,0.0115031,-0.069939,0.598333,13.625,6.33333,0,0,0.333333,6.29167,0.0416667,-6.60148,0.0001,-0.00236264,0.0417236,1.60674,0.117216,57022,0.176718,214.41,1.12149
6419,2.53638,0.195832,0.777556,0.3642,0.00463586,0.000257822,0.00463586,0.195212,0.17589,0.585483,0.794073,0.0508422,0.0251307,0.0484561,0.234941,0.0471345,0,1.00461,0.085834,2.17871,0.182329,0,0.0716309,0.5829,4.67505,0.660815,0.418199,0.602872,2.38419,0.203599,0.232563,0,0.810486,0.28633,0,-0.000655893,0.239675,0.966322,0.244173,0.049836,0.0516553,0.00481167,0.00403595,0.439615,0.0484402,5.15569,-0.942127,10.194,0.66906,0.609625,-7.11371,-0.333333,0.00939483,-0.0714764,0.622047,11.8333,6.04167,0,0,0.875,5.95833,0.0833333,-6.59928,0.0001,-0.00195122,0.0409357,1.6131,0.121035,56687,0.176765,219.54,1.4498
6420,2.51215,0.191195,0.728341,0.363698,0.00468753,0.000293089,0.00468753,0.190876,0.166851,0.590613,0.750873,0.0515573,0.0239562,0.0490724,0.236238,0.0491626,0,1.00002,0.0789747,2.17109,0.190189,0,0.0747604,0.574367,4.64435,0.656719,0.411733,0.609011,2.41143,0.199113,0.233798,0,0.789093,0.233834,0,-0.0005238,0.244318,0.966256,0.237114,0.0503706,0.0523378,0.00435885,0.00363007,0.438362,0.0490428,5.46109,-0.617033,10.3215,0.66604,0.617101,-7.19543,-0.333333,0.0104734,-0.0692353,0.588844,13.3333,8.16667,0,0,0.708333,7.125,0,-6.59756,0.0001,-0.0013721,0.0375553,1.65127,0.12011,55495,0.176751,217.62,1.35524
6421,2.58076,0.192985,0.745506,0.359551,0.00464831,0.000289331,0.00464831,0.19571,0.169922,0.584701,0.768449,0.0514366,0.0235837,0.0489099,0.235224,0.0476535,0,1.00154,0.0823318,2.18577,0.181486,0,0.0728033,0.576871,4.66192,0.659507,0.416637,0.604477,2.39454,0.201276,0.232566,0,0.823403,0.280054,0,-0.000530158,0.240399,0.967034,0.242297,0.0501094,0.0521623,0.00481494,0.00408553,0.439887,0.0488365,5.29999,-0.357342,10.4053,0.661384,0.614934,-7.47185,-0.333333,0.0103655,-0.071275,0.597686,12.4583,8.33333,0,0,0.875,7,0,-6.60034,0.0001,-0.00219828,0.0349151,1.62519,0.120047,56326,0.17676,215.98,0.822247
6422,2.62053,0.197966,0.765741,0.368994,0.00462754,0.000338124,0.00462754,0.199193,0.173213,0.588579,0.793275,0.0512472,0.0237566,0.0487161,0.235968,0.0476424,0,1.0113,0.0866607,2.182,0.180514,0,0.0731542,0.581333,4.67202,0.660487,0.419277,0.601373,2.38193,0.207848,0.233288,0,0.829188,0.299584,0,-0.000595425,0.238978,0.966893,0.246693,0.049868,0.0519216,0.00486264,0.00414432,0.439508,0.0485691,5.17715,-0.391258,10.4217,0.661157,0.61168,-7.48544,-0.333333,0.0122574,-0.0731451,0.613782,12.8333,8.5,0,0,0.916667,6.41667,0.0833333,-6.60153,0.0001,-0.00287452,0.0361945,1.66529,0.117887,55128,0.176744,217.14,1.20364
6423,2.54475,0.191067,0.747664,0.356913,0.00465084,0.000288251,0.00465084,0.193279,0.170051,0.587245,0.770119,0.0513606,0.0240969,0.0488395,0.235345,0.0490212,0,1.00317,0.0828714,2.18571,0.190261,0,0.0746962,0.577419,4.66491,0.659412,0.416398,0.602081,2.38461,0.200244,0.232673,0,0.808442,0.25801,0,-0.000569752,0.241042,0.966671,0.243367,0.0500317,0.0520925,0.00475988,0.00396609,0.438943,0.0487356,5.36771,-0.395959,10.4258,0.662115,0.617116,-7.41358,-0.333333,0.010452,-0.0705577,0.6054,11.625,7.29167,0,0,0.75,5.83333,0,-6.60377,0.0001,-0.0025415,0.0392276,1.61882,0.121251,56494,0.176735,215.56,1.26034
6424,2.52224,0.18859,0.737344,0.352635,0.00467561,0.000253501,0.00467561,0.192037,0.168009,0.587601,0.75744,0.0513998,0.0234244,0.0489086,0.233246,0.0507969,0,0.990636,0.0810572,2.16916,0.192057,0,0.074794,0.57556,4.65373,0.658648,0.413298,0.605704,2.39235,0.196718,0.23074,0,0.786552,0.251563,0,-0.00053266,0.243321,0.967036,0.241382,0.0500932,0.0521246,0.00453677,0.0038598,0.440723,0.0488161,5.32261,-0.421178,10.3382,0.663312,0.611828,-7.37034,-0.333333,0.00910304,-0.0699615,0.594152,11.7083,7.33333,0,0,0.458333,6.625,0,-6.60643,0.0001,-0.00222136,0.0387283,1.65116,0.121012,55470,0.176731,218.79,1.18732
6425,2.56687,0.193419,0.74335,0.360594,0.00466597,0.000292818,0.00466597,0.193492,0.169495,0.587263,0.762617,0.0514524,0.0230654,0.0489217,0.235251,0.0495694,0,0.998765,0.0805621,2.17051,0.185929,0,0.0739646,0.578298,4.65861,0.659736,0.414454,0.604379,2.38621,0.19986,0.232444,0,0.807467,0.236334,0,-0.000519051,0.241302,0.966933,0.24194,0.0501523,0.0521986,0.00464118,0.00389009,0.439321,0.0488587,5.34626,-0.303085,10.434,0.660387,0.612546,-7.4118,-0.333333,0.0105227,-0.0704476,0.599539,11.2917,7.25,0,0,0.75,6.375,0.0416667,-6.60903,0.0001,-0.00198958,0.0383507,1.63186,0.121174,56076,0.17671,218.3,1.32011
6426,2.56492,0.195934,0.761357,0.363092,0.00463735,0.000304611,0.00463735,0.197143,0.173296,0.582092,0.781565,0.0508999,0.0245281,0.0484655,0.235957,0.0490256,0,1.00858,0.0850477,2.18738,0.186087,0,0.0728371,0.579071,4.68079,0.662069,0.418013,0.601253,2.38058,0.204238,0.233573,0,0.808191,0.302548,0,-0.000620448,0.239505,0.96663,0.244024,0.0498184,0.0517363,0.00458418,0.00382754,0.439047,0.0484703,5.08246,-0.844111,10.2391,0.667407,0.611884,-7.17933,-0.333333,0.0111363,-0.0718814,0.610029,13.5417,7.20833,0,0,0.666667,6.70833,0,-6.60973,0.0001,-0.00242915,0.0421032,1.63853,0.118868,55937,0.176716,218.73,1.64976
6427,2.60088,0.195202,0.755024,0.362165,0.00466793,0.000318104,0.00466793,0.194677,0.172806,0.588682,0.770587,0.0512085,0.0249642,0.0487883,0.23676,0.0476134,0,1.00568,0.0831449,2.19234,0.186306,0,0.0732165,0.579133,4.65583,0.658872,0.414177,0.606876,2.39411,0.201939,0.234363,0,0.816112,0.241258,0,-0.000599934,0.243509,0.966187,0.240035,0.0501235,0.0520733,0.00491807,0.00412757,0.441259,0.0487745,5.34833,-0.873718,10.2177,0.669018,0.614703,-7.04899,-0.333333,0.0113658,-0.0707141,0.606474,13.5,7.33333,0,0,0.625,5.58333,0.0416667,-6.61056,0.0001,-0.00193224,0.0382088,1.6353,0.120457,55989,0.176701,215.97,1.31047
6428,2.54891,0.189405,0.733457,0.359327,0.00468909,0.000326294,0.00468909,0.188035,0.167923,0.582879,0.759165,0.0511959,0.0248198,0.0487998,0.237214,0.0507221,0,1.00413,0.0818775,2.16624,0.192438,0,0.0740385,0.575098,4.6557,0.658766,0.411546,0.608788,2.40412,0.198719,0.234926,0,0.785563,0.268654,0,-0.0005345,0.247991,0.965957,0.236329,0.0503257,0.0521323,0.00492052,0.00415174,0.441508,0.0489618,5.29999,-0.915733,10.2065,0.670305,0.614387,-6.95162,-0.333333,0.0116833,-0.0681871,0.583408,13.125,6.875,0,0,0.875,5.04167,0,-6.60736,0.0001,-0.00207426,0.0392428,1.62666,0.120013,56280,0.176753,216.95,1.17995
6429,2.44921,0.192148,0.742645,0.363833,0.00464491,0.00028332,0.00464491,0.193867,0.169198,0.592114,0.767594,0.0511091,0.0243027,0.04865,0.233968,0.0524797,0,0.998816,0.0821289,2.17853,0.189348,0,0.0741722,0.577644,4.6701,0.66085,0.417063,0.604438,2.38612,0.201738,0.231499,0,0.819368,0.298268,0,-0.000579335,0.242837,0.966797,0.244068,0.0498782,0.0518786,0.00502497,0.00429509,0.441993,0.0485671,5.19157,-0.626037,10.3437,0.664259,0.61098,-7.29149,-0.333333,0.0102499,-0.0709093,0.607575,13,7.45833,0,0,0.75,6.70833,0,-6.60022,0.0001,-0.00180873,0.0370605,1.61735,0.122843,56490,0.176806,217.63,1.40244
6430,2.5202,0.200148,0.778086,0.369583,0.00465731,0.000333748,0.00465731,0.196943,0.177771,0.585674,0.794365,0.0513563,0.0245826,0.0488905,0.237846,0.0479402,0,1.01175,0.0863951,2.18501,0.184825,0,0.0729498,0.57727,4.66521,0.660317,0.415507,0.604231,2.38981,0.207155,0.235425,0,0.84774,0.305427,0,-0.0005421,0.241164,0.966589,0.240999,0.0502032,0.0521663,0.00505935,0.00427895,0.441071,0.0488904,5.30942,-0.695598,10.2903,0.665995,0.614927,-7.22133,-0.333333,0.0120311,-0.0717334,0.616605,13.2083,7.08333,0,0,1.16667,6.625,0,-6.59722,0.0001,-0.0024189,0.0376332,1.60154,0.121466,57053,0.176834,215.82,1.12977
6431,2.50587,0.194247,0.757634,0.36266,0.0046743,0.00028588,0.0046743,0.192308,0.173086,0.586603,0.781083,0.0512677,0.024656,0.0488179,0.235394,0.0505478,0,0.999051,0.0848922,2.18872,0.190965,0,0.0747338,0.577943,4.65432,0.658263,0.413401,0.606654,2.39717,0.203297,0.233007,0,0.807985,0.281311,0,-0.000528177,0.245255,0.966099,0.23756,0.0502791,0.0521485,0.00492426,0.00413051,0.439943,0.048925,5.39077,-0.75658,10.2821,0.667693,0.619559,-7.12255,-0.333333,0.0102684,-0.0698416,0.60858,12.7083,7.5,0,0,1.25,5.79167,0,-6.5975,0.0001,-0.00109893,0.0397072,1.61442,0.118896,56714,0.176809,214.56,1.14847
6432,2.48638,0.193778,0.752,0.362719,0.00462872,0.000307002,0.00462872,0.195709,0.170011,0.587089,0.774494,0.0508064,0.025073,0.048389,0.234049,0.0483542,0,1.00322,0.0824487,2.20944,0.184308,0,0.0728108,0.579813,4.67275,0.661757,0.419192,0.599447,2.37144,0.202414,0.231652,0,0.798216,0.272506,0,-0.000668265,0.238093,0.966609,0.247709,0.0496362,0.0515373,0.00468243,0.00390521,0.439835,0.0482998,5.23698,-0.8695,10.1954,0.668638,0.610459,-7.22058,-0.333333,0.0111221,-0.0719781,0.60093,11.8333,6.58333,0,0,1.08333,6.20833,0,-6.59957,0.0001,-0.00188334,0.037974,1.60567,0.118249,57023,0.176786,216.02,1.15613
6433,2.48085,0.194704,0.758317,0.359847,0.00462486,0.00028739,0.00462486,0.194815,0.171569,0.58527,0.777161,0.0508359,0.0247364,0.0484345,0.234517,0.0492679,0,1.00611,0.0830257,2.19533,0.184103,0,0.0728807,0.577465,4.6745,0.660934,0.419629,0.600973,2.38066,0.203582,0.232002,0,0.842533,0.261242,0,-0.00065056,0.241958,0.966859,0.248374,0.0496497,0.0515519,0.00520509,0.00441904,0.439942,0.0483217,5.15952,-0.728532,10.241,0.666965,0.606838,-7.27415,-0.333333,0.0104114,-0.0717052,0.606115,12.125,7.04167,0,0,1.04167,7.125,0,-6.6018,0.0001,-0.00211513,0.0393158,1.63694,0.119307,55973,0.176736,218,1.42761
6434,2.47734,0.191364,0.735335,0.354521,0.00465501,0.000290977,0.00465501,0.18984,0.167599,0.585538,0.761471,0.0507825,0.0250982,0.0484333,0.23366,0.0504904,0,0.996431,0.0822773,2.22977,0.187756,0,0.0736321,0.574759,4.66872,0.660292,0.415826,0.604209,2.38969,0.200888,0.231275,0,0.822649,0.259877,0,-0.000606298,0.248013,0.966278,0.242314,0.0498879,0.0516529,0.00504463,0.00425068,0.438344,0.0485023,5.06825,-0.881579,10.1311,0.672154,0.612194,-7.081,-0.333333,0.0104063,-0.069252,0.591302,13.9583,7.20833,0,0,1.375,6.58333,0,-6.60545,0.0001,-0.00156995,0.0386915,1.63682,0.120122,55951,0.17675,216.66,1.08081
6435,2.52866,0.192506,0.753302,0.358288,0.00470025,0.000305727,0.00470025,0.192576,0.172957,0.583573,0.776175,0.0513237,0.0247448,0.0489384,0.237265,0.0515291,0,1.00174,0.0843205,2.18187,0.186376,0,0.0727039,0.571056,4.63332,0.656592,0.410137,0.609013,2.41227,0.200466,0.234997,0,0.804282,0.293545,0,-0.000519403,0.24451,0.965815,0.234974,0.0504138,0.0522695,0.00496172,0.00415879,0.440506,0.048998,5.40546,-0.864375,10.1944,0.670846,0.616691,-6.92907,-0.333333,0.0109274,-0.069645,0.597335,12.2917,6.29167,0,0,0.958333,5.54167,0,-6.60353,0.0001,-0.00242574,0.0381589,1.63154,0.119165,56150,0.176779,217.3,1.20452
6436,2.53487,0.191438,0.755471,0.352948,0.00463612,0.000252134,0.00463612,0.194471,0.171378,0.584695,0.783033,0.0508202,0.0247697,0.0484028,0.233259,0.0516843,0,0.999105,0.0859362,2.19585,0.187926,0,0.0739289,0.576964,4.67696,0.661365,0.41819,0.599534,2.37539,0.200725,0.230918,0,0.81445,0.30755,0,-0.000613523,0.245859,0.966709,0.246416,0.0496829,0.0516004,0.0054069,0.00464162,0.440288,0.0483427,5.25892,-0.677219,10.2679,0.666888,0.612348,-7.26777,-0.333333,0.00925302,-0.0712175,0.60636,12.875,7.29167,0,0,1.29167,6.45833,0.0833333,-6.60414,0.0001,-0.00214536,0.0363919,1.63831,0.120717,55885,0.176802,213.3,1.33953
6437,2.43796,0.197392,0.778884,0.365474,0.00466809,0.000284048,0.00466809,0.193649,0.178127,0.588617,0.803754,0.050836,0.0254508,0.0485014,0.236224,0.0502412,0,1.00422,0.0878548,2.1602,0.183426,0,0.0719903,0.580588,4.6712,0.660367,0.414154,0.605011,2.38013,0.206303,0.233858,0,0.853132,0.305484,0,-0.00066586,0.244362,0.966437,0.24093,0.0498906,0.0516669,0.00554448,0.00475309,0.440217,0.0485357,5.29303,-1.01746,10.1229,0.670855,0.60875,-6.95393,-0.333333,0.0102248,-0.0704178,0.622766,12.7083,6.125,0,0,0.583333,5.875,0,-6.60422,0.0001,0.000689269,0.0380978,1.64476,0.122277,55632,0.176808,215.59,1.32774
6438,2.48758,0.195378,0.744692,0.36072,0.00466871,0.000261651,0.00466871,0.194897,0.169727,0.583715,0.771562,0.0509596,0.0251481,0.0485941,0.238098,0.0491535,0,1.01137,0.0837323,2.16244,0.182915,0,0.0724918,0.576938,4.66472,0.66029,0.414077,0.603665,2.38857,0.204507,0.235697,0,0.783142,0.277844,0,-0.000614587,0.241324,0.966407,0.24072,0.0500382,0.0518123,0.00522124,0.00440512,0.440584,0.0486523,5.32497,-0.894042,10.2001,0.669037,0.613073,-7.01443,-0.333333,0.0096185,-0.0708861,0.592302,13.25,6.5,0,0,0.75,5.83333,0.0833333,-6.60428,0.0001,-0.00175932,0.0382605,1.63175,0.124714,55966,0.176796,214.13,0.980139
6439,2.4401,0.195583,0.746897,0.361733,0.00463785,0.000303448,0.00463785,0.196528,0.169523,0.590229,0.764668,0.0507321,0.0250187,0.0483637,0.235361,0.0483181,0,1.00656,0.0814091,2.19203,0.180541,0,0.071954,0.577938,4.68589,0.661783,0.41795,0.602802,2.38089,0.203961,0.23292,0,0.83032,0.248104,0,-0.000608549,0.240518,0.96686,0.246341,0.0497079,0.0515314,0.0051216,0.00435743,0.438731,0.0483515,5.16956,-0.883646,10.2029,0.66783,0.610466,-7.14333,-0.333333,0.0110988,-0.0720292,0.604382,12,6.16667,0,0,0.75,6.20833,0,-6.60477,0.0001,-0.00282292,0.038653,1.63029,0.123358,56056,0.176753,217.11,1.38532
6440,2.38276,0.195084,0.766872,0.362319,0.00468128,0.000284778,0.00468128,0.193697,0.17563,0.58962,0.794164,0.0505357,0.0262561,0.048298,0.235291,0.0504574,0,0.999228,0.0870666,2.19423,0.186916,0,0.0715819,0.578946,4.66456,0.660349,0.412528,0.606562,2.39199,0.206291,0.233281,0,0.83318,0.294573,0,-0.000701637,0.242363,0.96587,0.238569,0.049909,0.0515211,0.00514883,0.00438269,0.440709,0.0484713,5.22019,-1.45876,9.96269,0.678555,0.610428,-6.6638,-0.333333,0.0102688,-0.070365,0.615609,14.6667,5.75,0,0,0.625,5.41667,0.0416667,-6.60866,0.0001,-0.00238969,0.0354214,1.63602,0.119266,56004,0.176729,214.16,1.28174
6441,2.44728,0.195917,0.769666,0.366646,0.00465957,0.000283172,0.00465957,0.197462,0.175329,0.584992,0.790407,0.0511384,0.0250098,0.0487079,0.235736,0.048668,0,1.00418,0.0847711,2.18375,0.188481,0,0.0739511,0.577642,4.67169,0.660826,0.415224,0.60392,2.39139,0.203765,0.233468,0,0.832744,0.294674,0,-0.000644814,0.236693,0.966606,0.243212,0.0499077,0.0518681,0.00449208,0.00377975,0.43854,0.048512,5.42074,-0.768705,10.2668,0.667939,0.616845,-7.14313,-0.333333,0.010243,-0.0719579,0.613812,11.4583,6.04167,0,0,0.708333,5.5,0,-6.61048,0.0001,-0.00162295,0.0373946,1.62527,0.118338,56379,0.176718,217.68,1.32505
6442,2.44847,0.199471,0.766397,0.364289,0.00465059,0.00034482,0.00465059,0.195745,0.174249,0.587039,0.785755,0.0507899,0.0251612,0.0484456,0.237147,0.0485019,0,1.01235,0.0845573,2.20141,0.182144,0,0.0722346,0.575211,4.66521,0.660297,0.416356,0.603082,2.38253,0.206706,0.234911,0,0.835893,0.276768,0,-0.000677438,0.23983,0.966701,0.243162,0.0497904,0.0515955,0.00478037,0.00399897,0.438735,0.0484174,5.28568,-0.997481,10.1314,0.670824,0.615089,-7.04469,-0.333333,0.0124995,-0.0716774,0.616767,12.7917,6.08333,0,0,0.958333,6.25,0,-6.61264,0.0001,-0.00172019,0.0408848,1.62199,0.122603,56347,0.176686,218.77,1.31544
6443,2.43387,0.195977,0.771488,0.367056,0.00463004,0.000312956,0.00463004,0.198414,0.174516,0.585671,0.789921,0.0507911,0.0250198,0.0483823,0.235458,0.047593,0,1.00852,0.0852774,2.17971,0.182068,0,0.0722141,0.581743,4.68333,0.662264,0.41893,0.601086,2.37537,0.204305,0.233027,0,0.823745,0.293139,0,-0.000643931,0.235608,0.967015,0.247327,0.0496391,0.0515144,0.0043943,0.00364329,0.440876,0.0482739,5.29342,-0.774117,10.2082,0.667258,0.608713,-7.27851,-0.333333,0.0113768,-0.0728564,0.614814,12.375,6.625,0,0,0.875,6.75,0.0833333,-6.6135,0.0001,-0.00168793,0.0388221,1.62022,0.120853,56461,0.176717,217.94,1.22362
6444,2.4529,0.197122,0.780883,0.363022,0.00461342,0.000315887,0.00461342,0.196447,0.176498,0.586453,0.802224,0.0503794,0.025393,0.0480241,0.233701,0.0493416,0,1.00559,0.0879685,2.19531,0.18863,0,0.0726513,0.582639,4.68837,0.663789,0.421043,0.597623,2.36296,0.206713,0.231444,0,0.833241,0.310392,0,-0.000711137,0.23937,0.966359,0.249466,0.0493472,0.05116,0.00434868,0.00360735,0.440832,0.0479569,5.32763,-1.02408,10.1646,0.669404,0.608846,-7.12107,-0.333333,0.0114267,-0.0722755,0.6253,12.7917,6.79167,0,0,0.708333,6.08333,0,-6.61292,0.0001,-0.0023055,0.0389032,1.63079,0.119194,56174,0.176683,219.4,1.35907
6445,2.43232,0.198672,0.761747,0.366173,0.00464557,0.000310531,0.00464557,0.200553,0.17339,0.591448,0.781025,0.0508126,0.0250466,0.0484227,0.235896,0.0472932,0,1.00799,0.0845392,2.18464,0.181341,0,0.0721194,0.577209,4.67103,0.661001,0.41698,0.602672,2.37802,0.207286,0.233656,0,0.824008,0.285943,0,-0.000609498,0.235793,0.966646,0.246056,0.0497124,0.0516522,0.00492462,0.00420754,0.440338,0.0483578,5.31059,-0.889775,10.2035,0.668421,0.615047,-7.08879,-0.333333,0.011215,-0.0732393,0.615379,14.5,7.375,0,0,1.20833,6.5,0.0416667,-6.61392,0.0001,-0.00196846,0.039745,1.63785,0.120007,55922,0.176664,217.26,1.40824
6446,2.39033,0.196441,0.748006,0.366796,0.00468531,0.000369163,0.00468531,0.193591,0.171176,0.591282,0.763786,0.0509242,0.025285,0.0485783,0.239364,0.0503129,0,1.01406,0.0825009,2.18812,0.184167,0,0.0724241,0.57148,4.65504,0.65735,0.411993,0.608405,2.40744,0.203692,0.237147,0,0.806064,0.264444,0,-0.000566505,0.243552,0.966448,0.238724,0.0500818,0.0518618,0.0055509,0.0048051,0.440398,0.0487141,5.3006,-1.03468,10.1127,0.672793,0.612117,-6.89312,-0.333333,0.0132336,-0.0702073,0.598852,12.5417,6.125,0,0,0.583333,5.91667,0,-6.61012,0.0001,-0.00213392,0.0410279,1.63556,0.119266,56019,0.17678,217.12,1.27011
6447,2.43524,0.197046,0.757396,0.368716,0.00466987,0.000310848,0.00466987,0.195714,0.172942,0.582468,0.781915,0.0507595,0.0250229,0.048431,0.237664,0.0483199,0,1.00949,0.0841607,2.18466,0.182578,0,0.0714716,0.57864,4.66468,0.660418,0.413963,0.604155,2.38601,0.205244,0.235467,0,0.834736,0.275639,0,-0.00064114,0.239882,0.966758,0.24108,0.0498927,0.0516707,0.00488838,0.00412979,0.43932,0.0485366,5.23489,-1.11193,10.1163,0.671216,0.611436,-6.89386,-0.333333,0.0111661,-0.0711419,0.596953,12.5833,5.79167,0,0,0.875,5.91667,0.0416667,-6.60279,0.0001,-0.00268432,0.0347034,1.6249,0.120046,56336,0.17685,214.66,1.26912
6448,2.41079,0.193547,0.754081,0.366556,0.00465915,0.000327466,0.00465915,0.195644,0.171473,0.590478,0.772638,0.0507381,0.0248078,0.0483819,0.235951,0.0493458,0,1.00567,0.0824864,2.18018,0.181825,0,0.0719165,0.578094,4.68209,0.661013,0.415307,0.603087,2.38453,0.200683,0.233757,0,0.827736,0.242205,0,-0.00065065,0.241818,0.967078,0.244577,0.049712,0.0515682,0.00515123,0.00444168,0.440271,0.0483426,5.26283,-1.01401,10.1279,0.670824,0.610285,-6.96542,-0.333333,0.0118426,-0.0714082,0.602828,12.9167,6.25,0,0,0.833333,6.16667,0.0416667,-6.60009,0.0001,-0.00209086,0.0365763,1.64239,0.118494,55826,0.176855,218.47,1.28069
6449,2.47986,0.197412,0.776743,0.364926,0.0046381,0.000309024,0.0046381,0.198403,0.176179,0.585822,0.798587,0.0505213,0.0250633,0.0481912,0.234964,0.0480028,0,1.00475,0.0863657,2.20057,0.182858,0,0.070947,0.584161,4.69066,0.664012,0.417922,0.59978,2.36658,0.20603,0.232565,0,0.839256,0.304534,0,-0.000667803,0.237004,0.966656,0.247288,0.0495466,0.0513505,0.00501467,0.00425269,0.443769,0.0482045,5.3345,-1.04514,10.0808,0.671158,0.604003,-7.05299,-0.333333,0.0110717,-0.0726615,0.616445,13.3333,6.58333,0,0,0.75,5.79167,0.0833333,-6.60156,0.0001,-0.00149036,0.0360023,1.62279,0.117235,56495,0.176845,215.58,1.25899
6450,2.49759,0.195145,0.767261,0.360689,0.00465321,0.000330209,0.00465321,0.193616,0.17451,0.586604,0.791038,0.0504744,0.0249545,0.0481478,0.236575,0.0497054,0.00245098,1.01052,0.0858239,2.18939,0.185877,0,0.0724108,0.578579,4.68374,0.661381,0.416039,0.602081,2.3822,0.20477,0.23442,0,0.83204,0.295201,0,-0.000654302,0.242679,0.966623,0.243873,0.0496001,0.0513694,0.00464473,0.00387348,0.440469,0.048238,5.3338,-1.13487,10.0575,0.672912,0.608046,-6.95618,-0.333333,0.0120055,-0.0708081,0.610726,12,5.66667,0,0,0.958333,5.04167,0.125,-6.60202,0.0001,-0.00264119,0.0384476,1.5966,0.116953,57368,0.176815,216.81,1.19516
6451,2.47234,0.197492,0.767406,0.363521,0.0046443,0.000321058,0.0046443,0.198101,0.174812,0.586432,0.785556,0.0506436,0.0247882,0.0482632,0.23552,0.0490418,0,1.006,0.0853097,2.16854,0.187674,0,0.0726194,0.581194,4.68825,0.663705,0.41714,0.601473,2.37017,0.205031,0.233253,0,0.834469,0.29463,0,-0.000686613,0.237827,0.967143,0.245907,0.0495623,0.0513999,0.00457328,0.00383067,0.443147,0.0482202,5.33572,-0.985885,10.1272,0.66936,0.607042,-7.08326,-0.333333,0.0115848,-0.0723173,0.612102,11.0833,5.45833,0,0,0.833333,5.66667,0.0416667,-6.60247,0.0001,-0.0025539,0.0406629,1.59082,0.118458,57511,0.17678,216.61,1.35996
6452,2.51534,0.196021,0.771125,0.359747,0.00463451,0.000324619,0.00463451,0.193498,0.174991,0.580823,0.797221,0.0503466,0.0244046,0.0479894,0.235047,0.0497764,0,1.00609,0.0882619,2.19798,0.185628,0,0.0723878,0.580778,4.69862,0.665037,0.41839,0.597675,2.35961,0.205882,0.232665,0,0.819784,0.320889,0,-0.000695772,0.244761,0.966623,0.247498,0.0493411,0.05117,0.00519187,0.00441328,0.443936,0.0480206,5.31532,-0.977042,10.1534,0.669276,0.608883,-7.07889,-0.333333,0.0117462,-0.070923,0.609589,13.9583,7,0,0,1,6.04167,0.125,-6.60341,0.0001,-0.00253366,0.0400303,1.63267,0.11902,56119,0.176749,218.69,1.20339
6453,2.50206,0.193527,0.741184,0.364584,0.00467305,0.000328587,0.00467305,0.195768,0.16916,0.587332,0.764506,0.0511798,0.0236515,0.0487131,0.237511,0.0486952,0,1.00825,0.0814296,2.17848,0.183207,0,0.0731471,0.577529,4.6593,0.659341,0.413533,0.604786,2.389,0.202293,0.235026,0,0.806706,0.261083,0,-0.000654692,0.240682,0.966843,0.243119,0.0497963,0.0518978,0.00482383,0.00409941,0.438699,0.0484824,5.3772,-0.62131,10.3066,0.664955,0.610141,-7.17041,-0.333333,0.0117657,-0.0711984,0.589188,12.9583,7.625,0,0,1.08333,6.70833,0,-6.60329,0.0001,-0.0025159,0.0376251,1.66117,0.119431,55208,0.176789,218.49,1.24555
6454,2.54159,0.196295,0.762281,0.359598,0.00465653,0.000329324,0.00465653,0.196176,0.173322,0.586406,0.788453,0.0507779,0.0237255,0.0483756,0.236088,0.0493312,0,1.00725,0.0871176,2.19189,0.184209,0,0.0726629,0.576067,4.6714,0.660871,0.41561,0.602588,2.37757,0.206526,0.23364,0,0.824217,0.305741,0,-0.00057929,0.244887,0.966842,0.24524,0.0496797,0.0516085,0.00537766,0.0046141,0.439864,0.0483994,5.3375,-0.694649,10.2808,0.665013,0.60951,-7.17295,-0.333333,0.0119545,-0.0717644,0.607059,12.3333,7.25,0,0,1.16667,5.91667,0,-6.59992,0.0001,-0.00218439,0.0384232,1.64568,0.117834,55743,0.176833,215.18,1.25499
6455,2.50106,0.194325,0.736025,0.361981,0.00464018,0.000362775,0.00464018,0.191908,0.166925,0.588112,0.757008,0.050744,0.0235428,0.0483234,0.235876,0.0484303,0,1.00665,0.0812685,2.19257,0.183899,0,0.0726822,0.579446,4.67901,0.661366,0.417658,0.601838,2.37805,0.20334,0.233152,0,0.7905,0.281545,0,-0.000582586,0.246982,0.966991,0.245909,0.0496018,0.0515466,0.00504487,0.00425644,0.438266,0.0483176,5.32294,-0.54882,10.3094,0.662947,0.609796,-7.32117,-0.333333,0.0130676,-0.0702496,0.588224,11.6667,7.5,0,0,1.29167,6.79167,0.0416667,-6.597,0.0001,-0.00191229,0.0387403,1.80027,0.141165,50634,0.176856,218.53,1.40582
6456,2.61056,0.194808,0.758519,0.364287,0.00462601,0.000339105,0.00462601,0.194122,0.17177,0.585585,0.782455,0.0509133,0.023328,0.048428,0.23416,0.0492738,0,1.0032,0.0846136,2.17441,0.182623,0,0.0732934,0.58084,4.68789,0.663143,0.419457,0.599173,2.3639,0.204035,0.231593,0,0.805945,0.28798,0,-0.000549486,0.245209,0.967361,0.249036,0.0495841,0.0516684,0.00506173,0.00436758,0.436949,0.048342,5.1197,-0.424047,10.4084,0.659686,0.608265,-7.43604,-0.333333,0.0122714,-0.0711438,0.60421,12.2083,8,0,0,0.833333,6.5,0.0416667,-6.59716,0.0001,-0.00145843,0.0365832,1.89285,0.137369,48420,0.176873,219.93,1.07808
6457,2.5612,0.192277,0.757766,0.362548,0.00464594,0.000298387,0.00464594,0.196203,0.172039,0.580437,0.782849,0.051347,0.0229452,0.0488143,0.23495,0.0472431,0,1.00089,0.0843802,2.16376,0.180622,0,0.0733104,0.576205,4.67158,0.66178,0.416934,0.600047,2.37159,0.201194,0.232125,0,0.826987,0.275024,0,-0.000548337,0.239949,0.96754,0.244918,0.0499534,0.0520283,0.0050896,0.00434361,0.440593,0.0486588,5.30954,-0.261891,10.4449,0.658839,0.613067,-7.46418,-0.333333,0.0106561,-0.071658,0.593998,11.2083,7.45833,0,0,0.875,6.70833,0,-6.59661,0.0001,-0.00197299,0.0330035,1.88629,0.134937,48635,0.176867,217.71,1.17601
6458,2.66799,0.196175,0.75882,0.36047,0.00462686,0.000301899,0.00462686,0.19707,0.171782,0.586004,0.778345,0.0511997,0.0233416,0.04866,0.234173,0.0467172,0,1.00255,0.0839742,2.18815,0.180625,0,0.073722,0.580338,4.68793,0.663185,0.419329,0.598939,2.36671,0.204288,0.231558,0,0.813432,0.291807,0,-0.000597952,0.237869,0.967112,0.247899,0.0497645,0.0518475,0.00417939,0.00344587,0.437252,0.0484373,5.1833,-0.324308,10.4586,0.65919,0.613296,-7.50315,-0.333333,0.0110086,-0.0721852,0.606866,11.375,7.875,0,0,1.125,6.5,0.0416667,-6.59558,0.0001,-0.0019735,0.0354645,1.90279,0.14623,47976,0.176899,216.08,1.20391
6459,2.63915,0.196558,0.786074,0.36109,0.00457802,0.000292461,0.00457802,0.19514,0.176048,0.577676,0.808535,0.0503674,0.0241869,0.0479376,0.231711,0.0484457,0,1.00346,0.0871336,2.19195,0.184148,0,0.0730735,0.587117,4.71149,0.667291,0.425537,0.591491,2.33493,0.205853,0.229152,0,0.850305,0.307175,0,-0.000712851,0.240267,0.966802,0.255865,0.0491059,0.0510278,0.00425712,0.00352263,0.440582,0.0477679,5.12643,-0.734089,10.2751,0.664055,0.604844,-7.41052,-0.333333,0.0106916,-0.0723942,0.616613,12.25,8.125,0,0,1.41667,5.875,0.0416667,-6.59375,0.0001,-0.00242265,0.0398274,1.90668,0.128927,48292,0.176902,218.07,1.31078
6460,2.46983,0.19345,0.753103,0.36285,0.00461387,0.000379758,0.00461387,0.193241,0.170353,0.590734,0.773999,0.0506871,0.0240756,0.0482369,0.236267,0.0504594,0,1.01378,0.0823936,2.17583,0.183598,0,0.0732009,0.577103,4.69048,0.662442,0.420959,0.599021,2.37067,0.201339,0.233746,0,0.832923,0.256902,0,-0.000568253,0.248029,0.967108,0.249558,0.0495245,0.0514968,0.00559245,0.00484137,0.441515,0.048252,5.15213,-0.600249,10.3619,0.661017,0.608952,-7.35577,-0.333333,0.0135998,-0.0710141,0.607382,11.5417,7,0,0,1.25,6.41667,0,-6.59785,0.0001,-0.0023886,0.0359754,1.9006,0.139951,48175,0.176815,219.58,1.23274
6461,2.56102,0.194697,0.768527,0.365468,0.00466018,0.00033865,0.00466018,0.195046,0.175704,0.587367,0.790587,0.0512009,0.0237407,0.048737,0.233613,0.0477109,0,0.994504,0.0848962,2.16274,0.184419,0,0.0734561,0.580451,4.65952,0.659022,0.415167,0.606213,2.38852,0.202768,0.231046,0,0.842325,0.262426,0,-0.000631992,0.241843,0.967183,0.243106,0.0498814,0.0519072,0.00444673,0.00375786,0.436735,0.0485476,5.14657,-0.568296,10.347,0.662429,0.611773,-7.24706,-0.333333,0.0120977,-0.0710171,0.610271,12.6667,7.5,0,0,0.958333,6.75,0.0416667,-6.60392,0.0001,-0.00244726,0.036046,1.88441,0.141877,48514,0.176765,216.99,1.47768
6462,2.58919,0.198842,0.780685,0.3675,0.00458903,0.000358162,0.00458903,0.196541,0.175648,0.585743,0.804053,0.0506244,0.0241179,0.0481521,0.233745,0.0485677,0,1.00862,0.0870318,2.16629,0.182385,0,0.072608,0.585287,4.70995,0.665772,0.424076,0.596333,2.35078,0.208557,0.230976,0,0.845317,0.290085,0,-0.000549156,0.242152,0.967493,0.253453,0.0493441,0.0513187,0.00494766,0.00420847,0.442429,0.0480843,5.04852,-0.461315,10.3776,0.659379,0.601522,-7.58127,-0.333333,0.0130456,-0.0726885,0.6237,11.4167,6.91667,0,0,1.20833,6.91667,0,-6.60765,0.0001,-0.00223983,0.0376994,1.85778,0.141957,49158,0.17665,218.63,1.35909
6463,2.51402,0.195487,0.763333,0.358273,0.0046256,0.000334278,0.0046256,0.192963,0.172715,0.584703,0.7831,0.0506661,0.0240407,0.0482484,0.23359,0.0501402,0,1.00163,0.084081,2.18699,0.184818,0,0.0722649,0.577975,4.68605,0.663082,0.419529,0.599515,2.36706,0.204037,0.231018,0,0.833979,0.2752,0,-0.000560473,0.245509,0.966945,0.246448,0.0496466,0.0515074,0.00510517,0.00434743,0.441636,0.0483579,5.10368,-0.63085,10.2766,0.66367,0.608944,-7.32926,-0.333333,0.0122113,-0.0709575,0.610155,11.2083,7,0,0,1.25,6.83333,0.0416667,-6.61509,0.0001,-0.00186174,0.0353771,1.87526,0.136915,48854,0.176581,218.44,1.25104
6464,2.55511,0.196384,0.770364,0.365836,0.00459002,0.000323356,0.00459002,0.197122,0.173695,0.589467,0.790163,0.0509302,0.0240634,0.0484117,0.233435,0.0467051,0,1.00782,0.0837018,2.17448,0.18131,0,0.073271,0.582848,4.69271,0.663356,0.423952,0.597232,2.36359,0.20512,0.230926,0,0.842965,0.244352,0,-0.000610073,0.237733,0.967174,0.252761,0.0494855,0.0515674,0.00468201,0.00399195,0.439316,0.0481563,5.11321,-0.368848,10.4431,0.659075,0.610128,-7.56375,-0.333333,0.0118286,-0.072802,0.62115,13.4583,9.625,0,0,1.54167,7,0.0416667,-6.61661,0.0001,-0.00241663,0.0351237,1.88103,0.146258,48490,0.176553,216.58,1.30957
6465,2.57662,0.195497,0.767995,0.365889,0.00462731,0.000300081,0.00462731,0.195296,0.173662,0.587323,0.785856,0.0509541,0.0242534,0.0485048,0.233273,0.0490807,0,0.999323,0.0842845,2.16581,0.182909,0,0.0728701,0.581819,4.67559,0.660605,0.419299,0.602479,2.37984,0.203199,0.230718,0,0.84233,0.291701,0,-0.000541709,0.240451,0.967296,0.24694,0.0497677,0.0517235,0.0047688,0.00406254,0.437815,0.0484357,5.04354,-0.638281,10.3077,0.664444,0.606342,-7.3308,-0.333333,0.010925,-0.0718271,0.614979,12.0833,7.58333,0,0,1.25,5.75,0.166667,-6.61734,0.0001,-0.00214941,0.0358705,1.88252,0.142828,48536,0.176573,217.49,1.13235
6466,2.62475,0.194619,0.763054,0.361944,0.004627,0.00029584,0.004627,0.191186,0.172862,0.582097,0.782708,0.0509756,0.0245425,0.0485265,0.232451,0.0499355,0,0.996146,0.083736,2.18068,0.18493,0,0.0733981,0.576737,4.68196,0.662602,0.419329,0.600566,2.36423,0.203814,0.229835,0,0.833932,0.30395,0,-0.000545358,0.245611,0.967096,0.246292,0.0498407,0.0517632,0.0048069,0.00408313,0.434791,0.0485097,4.90074,-0.521228,10.3501,0.662626,0.610396,-7.38984,-0.333333,0.0107779,-0.0702541,0.602382,10.25,6.5,0,0,1.04167,5.5,0,-6.61827,0.0001,-0.00225733,0.0354949,1.8741,0.142188,48754,0.17656,216.64,1.21737
6467,2.49669,0.197452,0.780142,0.365388,0.00460463,0.000254982,0.00460463,0.195715,0.176059,0.583364,0.809075,0.0503704,0.0257864,0.0480216,0.231847,0.0484392,0,0.998894,0.087666,2.19177,0.183682,0,0.0719709,0.582012,4.69682,0.664602,0.422119,0.598213,2.35823,0.20767,0.229644,0,0.849775,0.280427,0,-0.000662568,0.239383,0.966608,0.251248,0.0493674,0.0512162,0.00456226,0.00383567,0.43687,0.0479563,4.9313,-1.04732,10.1425,0.670386,0.603598,-7.13381,-0.333333,0.00930158,-0.0720673,0.624156,13,6.91667,0,0,1.04167,5.75,0.0416667,-6.61949,0.0001,-0.00174722,0.0369544,1.89359,0.135357,48450,0.176536,220.57,1.42663
6468,2.57893,0.195499,0.774957,0.362988,0.00457664,0.000318539,0.00457664,0.194918,0.173725,0.582482,0.798387,0.0505077,0.0248225,0.048068,0.23265,0.0474103,0,1.00599,0.0861286,2.18886,0.182233,0,0.0725875,0.582995,4.70616,0.666128,0.425631,0.593336,2.34072,0.20403,0.229934,0,0.851573,0.281854,0,-0.000638604,0.238775,0.966861,0.253945,0.0492774,0.0512035,0.00445604,0.00368614,0.436203,0.0479337,4.97836,-0.593588,10.3527,0.662316,0.607021,-7.50302,-0.333333,0.0116421,-0.0722881,0.618772,12.375,7.41667,0,0,1.33333,6.58333,0,-6.62004,0.0001,-0.00058081,0.0366191,1.88338,0.140088,48581,0.176511,219.8,1.4297
6469,2.6278,0.196677,0.768696,0.368438,0.00462498,0.000297924,0.00462498,0.194426,0.173908,0.585029,0.788805,0.0509706,0.0247304,0.0485126,0.232661,0.0460859,0,0.996823,0.0833584,2.17479,0.180323,0,0.0728657,0.581511,4.67741,0.662038,0.419564,0.600583,2.37602,0.203374,0.230024,0,0.839834,0.256123,0,-0.0005778,0.238209,0.967163,0.247735,0.0497315,0.0517007,0.00454168,0.00382194,0.435528,0.048364,5.05495,-0.543265,10.356,0.662306,0.60561,-7.4071,-0.333333,0.0108604,-0.0714772,0.615312,11.3333,7.04167,0,0,1.08333,6.16667,0,-6.62052,0.0001,-0.00184981,0.035254,1.91,0.140448,47942,0.176488,220.78,1.48539
6470,2.52047,0.192419,0.759998,0.357732,0.00461325,0.000286233,0.00461325,0.191675,0.171537,0.582995,0.787439,0.0507947,0.024821,0.0483506,0.23203,0.049226,0,0.99615,0.0847904,2.18302,0.185032,0,0.0735694,0.578599,4.69092,0.663965,0.421036,0.599141,2.36349,0.202257,0.229332,0,0.852701,0.257315,0,-0.000560715,0.242702,0.966963,0.248311,0.0496584,0.0515664,0.00483406,0.00407685,0.438145,0.0483295,4.9758,-0.542327,10.3889,0.661999,0.610929,-7.41568,-0.333333,0.0103295,-0.0705499,0.606241,12.1667,7.16667,0,0,1,7.5,0,-6.62083,0.0001,-0.00199679,0.0378289,1.91417,0.148094,47667,0.176497,216.7,1.3019
6471,2.55984,0.195341,0.766201,0.360712,0.00464654,0.000306952,0.00464654,0.194466,0.174408,0.581395,0.784979,0.0507015,0.0249669,0.0483449,0.234672,0.0496766,0,1.00096,0.0845104,2.19069,0.186642,0,0.0726911,0.575019,4.67403,0.661752,0.416874,0.599966,2.37186,0.202761,0.232129,0,0.833232,0.296147,0,-0.000590288,0.241902,0.966582,0.244734,0.049788,0.0515458,0.00457657,0.00378654,0.435265,0.048419,5.06868,-0.799547,10.2451,0.666338,0.611396,-7.12879,-0.333333,0.0110049,-0.0711406,0.609108,12.875,6.79167,0,0,0.958333,6.20833,0,-6.6194,0.0001,-0.00166855,0.0381498,1.91165,0.14819,47724,0.176475,217.41,1.21477
6472,2.52756,0.195916,0.782809,0.365844,0.00463032,0.000316791,0.00463032,0.191606,0.177278,0.583883,0.801424,0.0504788,0.0254146,0.0481486,0.233955,0.04823,0,1.0028,0.0859753,2.16171,0.185142,0,0.0726391,0.580394,4.6846,0.662614,0.418937,0.601457,2.37788,0.20345,0.231611,0,0.858514,0.281539,0,-0.000643775,0.240213,0.966424,0.246661,0.0495498,0.0513154,0.00450695,0.00376443,0.436015,0.048149,5.06026,-1.01295,10.1893,0.668988,0.611013,-7.07951,-0.333333,0.0115387,-0.0703907,0.626045,13.7083,6.41667,0,0,1.04167,5.91667,0,-6.61898,0.0001,-0.00264621,0.0354023,1.90646,0.145622,47904,0.176473,216.77,1.3696
6473,2.43424,0.197542,0.779882,0.366496,0.00461475,0.000308182,0.00461475,0.195337,0.176247,0.583688,0.803325,0.0503412,0.0256726,0.0480373,0.233026,0.0493498,0,1.00188,0.08592,2.14795,0.182747,0,0.0715859,0.582987,4.69324,0.664944,0.420874,0.598098,2.36446,0.205922,0.230702,0,0.854789,0.272933,0,-0.000628598,0.239106,0.966708,0.248735,0.0495509,0.0512209,0.00487436,0.00412875,0.438016,0.0481329,5.10277,-1.11272,10.131,0.669971,0.602848,-7.05988,-0.333333,0.01117,-0.0719408,0.620792,13.25,6.45833,0,0,1.04167,6.45833,0,-6.61803,0.0001,-0.00110452,0.0346867,1.91678,0.128987,48052,0.176485,216.07,1.16623
6474,2.53791,0.197788,0.787994,0.363445,0.004587,0.000314274,0.004587,0.196805,0.177477,0.579965,0.812632,0.0502954,0.0258147,0.0479371,0.232115,0.0483645,0,1.00254,0.088021,2.1877,0.1869,0,0.0723873,0.585005,4.70639,0.665392,0.424331,0.5951,2.35381,0.206823,0.229594,0,0.865608,0.309326,0,-0.000719736,0.237237,0.966864,0.25355,0.0491907,0.0509947,0.00432836,0.00357079,0.436167,0.0477924,5.02118,-0.889072,10.2148,0.667147,0.604869,-7.26754,-0.333333,0.0115731,-0.07278,0.628288,12.6667,7,0,0,0.916667,6.41667,0,-6.62024,0.0001,-0.00275489,0.0372693,1.90369,0.134483,48231,0.176438,220.05,1.33625
6475,2.53378,0.191359,0.754265,0.361127,0.00460333,0.000317647,0.00460333,0.190258,0.169505,0.58531,0.776065,0.050132,0.0260059,0.047835,0.233333,0.0500696,0,1.00476,0.0819656,2.17138,0.183719,0,0.0721354,0.581642,4.70622,0.666115,0.422282,0.596046,2.35007,0.200293,0.230947,0,0.824892,0.273454,0,-0.000722729,0.242183,0.966312,0.250373,0.0492894,0.050941,0.00494057,0.00415875,0.437201,0.0478874,4.94351,-1.11745,10.1406,0.671148,0.607119,-7.07879,-0.333333,0.0114858,-0.0703752,0.602515,12.875,6.125,0,0,0.708333,5.33333,0.0416667,-6.62687,0.0001,-0.00207926,0.0375144,1.92539,0.149311,47382,0.176368,219.4,1.18172
6476,2.43358,0.196674,0.763478,0.364107,0.00464726,0.000305047,0.00464726,0.190859,0.174261,0.582231,0.785657,0.0503988,0.0263235,0.0481254,0.234242,0.0505082,0,0.999525,0.0846497,2.14841,0.187489,0,0.07196,0.580819,4.6804,0.662122,0.416768,0.602188,2.3759,0.205702,0.231923,0,0.851992,0.262583,0,-0.000688204,0.244532,0.966325,0.243204,0.0496367,0.0513249,0.0054045,0.00464398,0.438927,0.0482527,5.16265,-1.24111,10.0348,0.673958,0.604145,-6.86174,-0.333333,0.0109215,-0.0695566,0.604409,13.1667,5.20833,0,0,0.833333,5.66667,0,-6.63266,0.0001,-0.00170752,0.0369908,1.8976,0.153701,47922,0.176337,216.83,1.35131
6477,2.39149,0.192972,0.7428,0.355066,0.0046794,0.000279607,0.0046794,0.187608,0.169979,0.587679,0.767914,0.0503351,0.0267141,0.0481151,0.234357,0.0517355,0,0.99461,0.0827504,2.17579,0.190973,0,0.0726443,0.57761,4.66996,0.661149,0.412834,0.605518,2.38212,0.202095,0.232247,0,0.823166,0.23483,0,-0.000668785,0.249657,0.965968,0.240192,0.0497384,0.0513541,0.00544893,0.00467222,0.436714,0.0483254,5.08748,-1.45381,9.97412,0.677278,0.609384,-6.66667,-0.333333,0.00998195,-0.0681143,0.593978,13.75,4.875,0,0,0.5,5.625,0.0833333,-6.63352,0.0001,-0.0023737,0.0345473,1.91532,0.134977,47946,0.176344,216.34,0.923866
6478,2.42587,0.19613,0.763987,0.36349,0.00463574,0.000312192,0.00463574,0.192721,0.173276,0.584956,0.789567,0.0504487,0.0258577,0.0481226,0.233309,0.0495263,0,0.997597,0.0852087,2.15995,0.186083,0,0.0716574,0.579604,4.68616,0.663069,0.418215,0.601274,2.3723,0.204831,0.23085,0,0.826612,0.26142,0,-0.000623539,0.240022,0.966807,0.245338,0.0496119,0.0513115,0.00467614,0.00390856,0.434409,0.0482163,5.15448,-1.01383,10.1565,0.668445,0.60306,-7.04329,-0.333333,0.0113072,-0.0707537,0.611513,13,6.375,0,0,0.833333,6.5,0,-6.63345,0.0001,-0.00270146,0.0356197,2.01039,0.133628,45850,0.176323,216.44,1.27893
6479,2.46547,0.194001,0.763168,0.361135,0.00462369,0.000292816,0.00462369,0.191789,0.17324,0.580347,0.786932,0.0501234,0.0259131,0.0478416,0.233269,0.0504747,0,1.00012,0.0840061,2.16386,0.191121,0,0.072746,0.581487,4.70627,0.665648,0.419727,0.597993,2.36031,0.202887,0.231114,0,0.821367,0.255048,0,-0.000732542,0.240698,0.966431,0.247816,0.0492845,0.0509528,0.00457564,0.0038195,0.438783,0.0478855,5.2686,-1.19622,10.0731,0.672365,0.608646,-6.96993,-0.333333,0.0104912,-0.0703438,0.605166,13.2083,5.41667,0,0,1.08333,5.41667,0.0416667,-6.63319,0.0001,-0.00180026,0.0397352,1.8621,0.13809,49147,0.176315,220.31,1.30872
6480,2.40667,0.197565,0.779124,0.360564,0.00466532,0.000321233,0.00466532,0.19735,0.177899,0.586756,0.801926,0.0503701,0.0258564,0.0481037,0.23524,0.0485984,0,1.00155,0.0876897,2.16696,0.186094,0,0.0714688,0.581059,4.6903,0.662801,0.414511,0.604341,2.38113,0.204912,0.233067,0,0.843134,0.296973,0,-0.000637078,0.240516,0.966115,0.243972,0.0495467,0.051293,0.00461337,0.00388723,0.438725,0.0481406,5.42058,-1.25008,10.0713,0.672441,0.605874,-6.82664,-0.333333,0.0115635,-0.0718653,0.618138,12.5,5.5,0,0,0.875,5.29167,0.0416667,-6.63403,0.0001,-0.000944063,0.0420495,1.87475,0.137934,48842,0.17627,219.56,1.55334
6481,2.40064,0.198861,0.762995,0.363055,0.00463164,0.000314814,0.00463164,0.196169,0.173399,0.582321,0.783113,0.0501166,0.0262758,0.0478732,0.236407,0.0487642,0,1.0118,0.0846582,2.18796,0.180893,0,0.0708437,0.58239,4.69728,0.664704,0.418745,0.600271,2.36668,0.207824,0.234121,0,0.839827,0.280482,0,-0.000666631,0.240764,0.96625,0.247074,0.0494443,0.0510859,0.00495271,0.00415492,0.437864,0.0480274,5.1495,-1.34378,10.0291,0.674505,0.606429,-6.86033,-0.333333,0.0112997,-0.0717613,0.604958,14.6667,6,0,0,0.583333,5.75,0.0416667,-6.63664,0.0001,-0.00176107,0.034956,1.86725,0.134699,49104,0.176287,216.03,1.36565
6482,2.40218,0.194711,0.772569,0.363293,0.00464355,0.000342846,0.00464355,0.194971,0.17566,0.586834,0.792726,0.0505276,0.0253319,0.0481944,0.235158,0.0478206,0,1.00327,0.0853673,2.17676,0.184572,0,0.0715488,0.57991,4.67821,0.662426,0.417234,0.602485,2.37977,0.203327,0.232681,0,0.849906,0.269747,0,-0.000611092,0.238681,0.966414,0.245628,0.0495677,0.0513598,0.00408714,0.00331951,0.434728,0.048153,5.25963,-0.974832,10.1618,0.668786,0.605224,-7.07896,-0.333333,0.0122756,-0.0712165,0.618941,11.875,6.375,0,0,0.75,6.04167,0.0416667,-6.63581,0.0001,-0.00227353,0.0357216,1.87888,0.136109,48786,0.176324,218.99,1.33633
6483,2.52087,0.198311,0.774764,0.359888,0.00462417,0.000278403,0.00462417,0.196632,0.175478,0.585118,0.799238,0.0503944,0.0258624,0.0480727,0.23366,0.0481472,0,1.00268,0.0869534,2.17555,0.182578,0,0.0709889,0.584327,4.69248,0.663717,0.419676,0.5995,2.36342,0.208247,0.231336,0,0.841444,0.280486,0,-0.000723195,0.238512,0.966326,0.247108,0.0494532,0.0512136,0.00454143,0.00379302,0.436667,0.0480513,5.21011,-1.09872,10.1455,0.669889,0.603456,-7.03161,-0.333333,0.0102016,-0.0721541,0.618816,13.6667,6.20833,0,0,0.916667,5.5,0.0416667,-6.63443,0.0001,-0.00231164,0.0336651,1.90253,0.142217,48076,0.176316,217.56,1.43065
6484,2.51955,0.198471,0.780247,0.365126,0.00458555,0.000308862,0.00458555,0.19541,0.175563,0.584518,0.803193,0.0501564,0.0260983,0.0478044,0.23247,0.0494767,0,1.00459,0.0861984,2.18619,0.183816,0,0.0716969,0.58342,4.71507,0.667225,0.424513,0.594545,2.33988,0.207392,0.230053,0,0.855486,0.295791,0,-0.00071019,0.242366,0.96645,0.252883,0.0491379,0.0509306,0.00497037,0.00422605,0.436398,0.0477464,5.13662,-0.992588,10.206,0.6682,0.604441,-7.18968,-0.333333,0.0112066,-0.0723432,0.622829,13.625,6.75,0,0,0.791667,6.875,0.0833333,-6.6355,0.0001,-0.00136808,0.0401908,1.8632,0.133726,49227,0.17628,225.36,1.53659
6485,2.50574,0.191802,0.769334,0.359022,0.00460979,0.000246299,0.00460979,0.190861,0.172889,0.585444,0.790539,0.050571,0.0251018,0.0481566,0.230468,0.0499591,0,0.991392,0.0844245,2.16693,0.18939,0,0.0738288,0.580762,4.69477,0.664634,0.42147,0.597991,2.36238,0.199882,0.22802,0,0.815126,0.273155,0,-0.000653739,0.241635,0.96654,0.250213,0.0493778,0.0512859,0.00416093,0.00345635,0.436545,0.0479997,5.14533,-0.681761,10.3339,0.664354,0.61023,-7.28311,-0.333333,0.00903353,-0.0704647,0.622889,12.6667,7.41667,0,0,1,5.83333,0,-6.63868,0.0001,-0.00184505,0.0415084,1.88966,0.14308,48360,0.17627,215.47,1.23154
6486,2.38324,0.194773,0.752249,0.363725,0.00461498,0.000312095,0.00461498,0.190366,0.170092,0.58864,0.774146,0.0502859,0.0252155,0.0479418,0.232788,0.0501065,0,1.00034,0.082156,2.17326,0.18737,0,0.0727066,0.582985,4.69964,0.665277,0.420846,0.600113,2.36073,0.203911,0.230307,0,0.830204,0.250558,0,-0.000684532,0.243851,0.967021,0.24918,0.0492224,0.0510385,0.00483202,0.00412188,0.436475,0.0478791,5.20981,-0.858505,10.1886,0.667434,0.602466,-7.202,-0.333333,0.0113279,-0.0700473,0.605657,12.2917,6.29167,0,0,0.708333,6.95833,0.0833333,-6.63963,0.0001,-0.00291549,0.0374309,1.86925,0.131747,49127,0.176277,220.42,1.34904
6487,2.51394,0.19027,0.744154,0.356698,0.00461734,0.000269966,0.00461734,0.19002,0.16802,0.584939,0.765294,0.0509161,0.023479,0.0484349,0.231428,0.0495427,0,0.992599,0.0814256,2.15642,0.190594,0,0.0743852,0.580628,4.69497,0.663688,0.420577,0.600285,2.36739,0.199012,0.228517,0,0.803115,0.266146,0,-0.000600873,0.242239,0.96748,0.248786,0.0495707,0.0515304,0.00406396,0.00335828,0.433417,0.0482572,5.29162,-0.250781,10.4138,0.659091,0.604197,-7.59765,-0.333333,0.0096834,-0.0699486,0.60087,12.4167,8.45833,0,0,0.708333,7.5,0.125,-6.63885,0.0001,-0.00253337,0.036903,1.93265,0.145847,47295,0.176269,216.69,1.17882
6488,2.52371,0.19459,0.765421,0.361006,0.00462791,0.00030468,0.00462791,0.193678,0.173035,0.58813,0.785356,0.0510574,0.023655,0.0485491,0.233704,0.0492484,0,0.999781,0.0844781,2.15711,0.186658,0,0.0746162,0.57676,4.67794,0.66198,0.419219,0.601407,2.36977,0.201769,0.230692,0,0.816828,0.295231,0,-0.000534521,0.242604,0.967272,0.247644,0.0496766,0.0517403,0.00509195,0.00437818,0.436155,0.0483944,5.42761,-0.213162,10.4747,0.658467,0.612593,-7.55215,-0.333333,0.01111,-0.0711784,0.615847,11.5833,7.45833,0,0,0.791667,6.79167,0,-6.63992,0.0001,-0.00268933,0.0383679,1.87986,0.13945,48682,0.176237,219,1.4751
6489,2.49576,0.194892,0.767372,0.358898,0.00460455,0.000289661,0.00460455,0.193601,0.173337,0.589154,0.785148,0.0507878,0.0236455,0.0483175,0.232758,0.0474254,0,0.999749,0.0831347,2.15715,0.184377,0,0.0731762,0.581271,4.69317,0.663616,0.422128,0.59852,2.36653,0.201758,0.229768,0,0.846877,0.255364,0,-0.000540429,0.239771,0.967086,0.249182,0.0495396,0.0514952,0.00442758,0.00371655,0.436966,0.0482323,5.36796,-0.357045,10.4285,0.658523,0.607116,-7.54686,-0.333333,0.0106481,-0.071301,0.622275,11.8333,7.45833,0,0,1,7,0.0833333,-6.6408,0.0001,-0.00129641,0.037435,1.91792,0.140191,47764,0.176178,219.5,1.50234
6490,2.52365,0.194461,0.766123,0.359323,0.00462953,0.000300222,0.00462953,0.191701,0.173512,0.583384,0.787382,0.0507349,0.0247307,0.0483101,0.233538,0.0507235,0,1.00004,0.0844421,2.1736,0.186829,0,0.0738115,0.580566,4.68646,0.662124,0.418994,0.602178,2.37441,0.203001,0.230916,0,0.850372,0.255615,0,-0.000580189,0.244094,0.966672,0.24537,0.0496752,0.0515392,0.00481458,0.00409041,0.435123,0.0483439,5.23863,-0.708994,10.3274,0.664497,0.60966,-7.27808,-0.333333,0.0109748,-0.0702917,0.610324,12.5833,6.58333,0,0,0.958333,5.70833,0.0833333,-6.64148,0.0001,-0.00266987,0.0377307,1.92983,0.139601,47502,0.176166,219.02,1.32041
6491,2.48782,0.196342,0.770474,0.364178,0.00458246,0.000321972,0.00458246,0.195141,0.173418,0.582858,0.788031,0.0503471,0.025063,0.0479511,0.233457,0.0488556,0,1.00731,0.0839109,2.18213,0.184151,0,0.0727338,0.584419,4.7033,0.665523,0.424911,0.594797,2.3517,0.203992,0.230658,0,0.851706,0.266251,0,-0.000618911,0.239015,0.967154,0.253533,0.049214,0.0510814,0.00458131,0.00384834,0.438501,0.0478721,5.2802,-0.632563,10.2876,0.66307,0.600795,-7.43838,-0.333333,0.0114646,-0.0720195,0.612895,12.5,6.875,0,0,1,6.91667,0.0416667,-6.64079,0.0001,-0.00255694,0.0353547,1.90007,0.14404,48091,0.176138,217.81,1.34825
6492,2.58459,0.193803,0.766699,0.361652,0.0046066,0.000288482,0.0046066,0.191208,0.172414,0.586696,0.789019,0.0507913,0.0244139,0.0483212,0.23242,0.0489659,0,0.999378,0.0841339,2.17357,0.186472,0,0.0741109,0.585009,4.69554,0.664094,0.421905,0.597445,2.35513,0.201221,0.229669,0,0.818386,0.290467,0,-0.000594875,0.243034,0.967222,0.250174,0.0495439,0.0514834,0.00454225,0.00386174,0.432227,0.0482297,5.17476,-0.45737,10.3896,0.661433,0.608276,-7.47579,-0.333333,0.010432,-0.0705715,0.614678,12.625,7.58333,0,0,0.833333,7.125,0,-6.64183,0.0001,-0.00241163,0.0383492,1.9118,0.145162,47790,0.176104,220.78,1.52951
6493,2.55863,0.193944,0.771613,0.362064,0.00455999,0.000305019,0.00455999,0.191577,0.171894,0.581744,0.792223,0.0502049,0.0252729,0.0477822,0.230606,0.0521495,0,1.00216,0.0848879,2.18142,0.190475,0,0.0745303,0.581518,4.70893,0.665719,0.427721,0.59254,2.34496,0.202598,0.227951,0,0.831895,0.29998,0,-0.000645612,0.247264,0.966939,0.256765,0.0490038,0.050913,0.00488497,0.0041852,0.437038,0.0476589,5.1632,-0.585288,10.3613,0.661864,0.604384,-7.51747,-0.333333,0.0112085,-0.071335,0.613897,11.75,7,0,0,0.791667,6,0.0416667,-6.64121,0.0001,-0.00177033,0.0390652,1.91604,0.141326,47781,0.176112,218.5,1.10711
6494,2.39099,0.192262,0.751599,0.360442,0.00463896,0.000303753,0.00463896,0.190916,0.170602,0.586807,0.773193,0.0508372,0.0244316,0.0484235,0.234556,0.0512304,0,1.00182,0.08222,2.17109,0.188516,0,0.0739812,0.575607,4.68133,0.661544,0.417828,0.60323,2.38266,0.200968,0.231929,0,0.835711,0.255742,0,-0.000614159,0.245807,0.967113,0.244119,0.0497652,0.0516209,0.00497543,0.00427183,0.438703,0.048422,5.39461,-0.594281,10.2951,0.664577,0.606335,-7.28041,-0.333333,0.0109994,-0.069764,0.60373,12.75,6.5,0,0,0.791667,7.70833,0.0416667,-6.63899,0.0001,-0.00240872,0.0411942,1.94699,0.142052,47057,0.176144,217.9,1.25743
6495,2.5548,0.19278,0.743383,0.361425,0.00461951,0.000332585,0.00461951,0.195974,0.167541,0.590168,0.76337,0.0507568,0.0245686,0.0483243,0.234864,0.0490389,0,1.00695,0.0807917,2.17895,0.18465,0,0.0728894,0.576525,4.68256,0.662809,0.420251,0.600107,2.36691,0.200545,0.232175,0,0.802335,0.251043,0,-0.000661329,0.239152,0.966849,0.248108,0.0495806,0.0514667,0.00485581,0.00411437,0.434042,0.0482366,5.28411,-0.611436,10.3554,0.663028,0.609128,-7.30682,-0.333333,0.0119928,-0.0721426,0.603403,13.625,7.75,0,0,0.833333,5.95833,0.0416667,-6.63629,0.0001,-0.00260579,0.0391238,1.92475,0.13911,47631,0.176193,216.67,0.996508
6496,2.47118,0.195048,0.774374,0.364353,0.00460205,0.000333516,0.00460205,0.193435,0.173915,0.581873,0.793224,0.0505563,0.0240461,0.0481329,0.233596,0.0479423,0,1.00518,0.0845328,2.16107,0.184184,0,0.0728952,0.580658,4.70551,0.664454,0.422503,0.596965,2.36104,0.2034,0.23055,0,0.830722,0.303222,0,-0.000635878,0.239956,0.967131,0.251265,0.0494018,0.0511933,0.0043434,0.00360741,0.435247,0.0480734,5.34801,-0.510841,10.3221,0.661926,0.603235,-7.47287,-0.333333,0.012071,-0.0716036,0.619796,11.7083,6.875,0,0,0.916667,7.5,0.0833333,-6.6349,0.0001,-0.00230048,0.0377924,1.90116,0.143059,48088,0.176183,220.03,1.25205
6497,2.41684,0.193749,0.744083,0.368122,0.00462852,0.000349955,0.00462852,0.192559,0.167986,0.592262,0.765116,0.0507119,0.0244851,0.0483091,0.236046,0.0456865,0,1.01012,0.0810128,2.18966,0.179566,0,0.0722655,0.575854,4.6872,0.663361,0.419151,0.599506,2.36655,0.202602,0.233265,0,0.80014,0.253477,0,-0.000662535,0.237502,0.966774,0.248416,0.0495485,0.0514354,0.0043111,0.00357905,0.434125,0.0482214,5.33556,-0.713867,10.2677,0.665511,0.608674,-7.2731,-0.333333,0.0127666,-0.0708033,0.603448,12.625,6.91667,0,0,0.833333,6.125,0.125,-6.63688,0.0001,-0.00190568,0.0396803,1.87641,0.140299,48744,0.176167,219.78,1.34833
6498,2.55418,0.194854,0.759049,0.366561,0.00457869,0.000335358,0.00457869,0.195924,0.169777,0.588319,0.776623,0.050736,0.0244262,0.0482495,0.232432,0.0475215,0,1.00511,0.0818408,2.17542,0.183,0,0.0731364,0.580201,4.70341,0.665254,0.425377,0.594172,2.35217,0.202718,0.2297,0,0.818918,0.274861,0,-0.000586104,0.236841,0.966903,0.253778,0.0494663,0.0514504,0.00409726,0.00341936,0.435607,0.0480971,5.23638,-0.5163,10.3785,0.661917,0.604017,-7.51921,-0.333333,0.0123548,-0.0725439,0.61413,12.25,7.25,0,0,0.958333,6.29167,0.0833333,-6.63819,0.0001,-0.00215969,0.0439105,1.9378,0.13557,47412,0.176171,221.37,1.42486
6499,2.46103,0.198175,0.78098,0.363672,0.00457197,0.000369,0.00457197,0.195691,0.175086,0.582867,0.80453,0.050234,0.0251002,0.0478342,0.231916,0.0485212,0,1.00444,0.0875737,2.17312,0.187068,0,0.073073,0.581823,4.719,0.667068,0.426218,0.594249,2.34396,0.206332,0.229292,0,0.820276,0.335511,0,-0.000633958,0.240029,0.967213,0.256266,0.0491226,0.0509698,0.00419944,0.00350239,0.433063,0.0477965,5.2057,-0.77987,10.2354,0.665458,0.600007,-7.41724,-0.333333,0.0134845,-0.0725138,0.626085,11.5,6.625,0,0,1.16667,6.29167,0.0416667,-6.63992,0.0001,-0.00134727,0.0411055,1.93301,0.138161,47463,0.176189,219.74,1.57342
6500,2.39588,0.195784,0.762165,0.369158,0.00463614,0.000363421,0.00463614,0.192812,0.172152,0.590798,0.783641,0.0503733,0.0248466,0.048058,0.235991,0.0484072,0,1.009,0.0839959,2.18819,0.182747,0,0.0719996,0.581224,4.68501,0.663361,0.418219,0.599262,2.36548,0.203937,0.233435,0,0.808847,0.287491,0,-0.000689205,0.241663,0.966573,0.247202,0.0494339,0.0511668,0.0042619,0.00354366,0.435853,0.0480584,5.33264,-0.983275,10.1094,0.670705,0.601637,-7.07856,-0.333333,0.0132349,-0.0707499,0.615907,13.4167,6.25,0,0,0.875,6.70833,0,-6.63955,0.0001,-0.00231116,0.0390769,1.91843,0.133913,47898,0.176251,216.76,1.48636
6501,2.40108,0.199536,0.788803,0.363295,0.00460873,0.000319356,0.00460873,0.197794,0.178134,0.587226,0.816348,0.0500225,0.0262667,0.0477565,0.234856,0.0481124,0,1.01198,0.0905459,2.18232,0.18245,0,0.0709924,0.580082,4.69847,0.665247,0.421637,0.596229,2.35281,0.209809,0.232642,0,0.846875,0.325328,0,-0.000754019,0.238841,0.966309,0.250133,0.0492185,0.0508372,0.00462068,0.00387019,0.438271,0.0478095,5.22163,-1.26242,10.0328,0.67288,0.601257,-6.99845,-0.333333,0.0117546,-0.0728421,0.632803,12.875,5.29167,0,0,0.75,6.25,0,-6.63904,0.0001,-0.00262295,0.0385409,1.9127,0.147678,47711,0.176218,221.75,1.45561
6502,2.54064,0.199225,0.775325,0.36848,0.00459387,0.000396652,0.00459387,0.197416,0.174659,0.588156,0.792132,0.0504472,0.0250453,0.0480554,0.234914,0.049476,0,1.01487,0.0855173,2.18969,0.182889,0,0.0726155,0.581555,4.70425,0.664398,0.42348,0.596112,2.36032,0.207289,0.232342,0,0.853495,0.271994,0,-0.000682032,0.23939,0.966463,0.251274,0.049377,0.0511591,0.00456318,0.00383204,0.434812,0.0479961,5.24645,-0.732986,10.2766,0.66535,0.607339,-7.32375,-0.333333,0.0144807,-0.0729054,0.628803,13.6667,7.66667,0,0,1.08333,5.83333,0.208333,-6.64422,0.0001,-0.00122872,0.0385965,1.93109,0.142797,47400,0.176157,220.99,1.42405
6503,2.48313,0.194171,0.741029,0.365619,0.00466202,0.00039022,0.00466202,0.194395,0.168831,0.589765,0.761567,0.0507814,0.0248023,0.0484291,0.236999,0.0473857,0,1.0084,0.0811643,2.1876,0.183686,0,0.0723545,0.578283,4.65991,0.660985,0.414953,0.603161,2.38306,0.201848,0.234533,0,0.814216,0.255409,0,-0.000620049,0.239225,0.966298,0.242896,0.049825,0.0516385,0.00386566,0.00314595,0.434268,0.0484083,5.32682,-0.937982,10.1796,0.669062,0.609628,-6.99331,-0.333333,0.0140919,-0.0709648,0.598054,12.4583,6.5,0,0,0.708333,4.875,0.0416667,-6.64587,0.0001,-0.00255351,0.0404098,1.84437,0.156071,49141,0.176183,219.56,1.40688
6504,2.54219,0.196614,0.760735,0.368989,0.00463641,0.000386647,0.00463641,0.195005,0.172578,0.588551,0.781591,0.0505498,0.0254875,0.0482382,0.235487,0.0488269,0,1.00863,0.0833612,2.19844,0.182795,0,0.0718729,0.580804,4.68335,0.662554,0.418146,0.600664,2.37859,0.205345,0.233185,0,0.857577,0.260403,0,-0.00071476,0.240367,0.965948,0.24595,0.0496173,0.0513862,0.00447867,0.00377386,0.43118,0.0482097,5.16438,-1.10466,10.1495,0.671656,0.610607,-6.95231,-0.333333,0.0140861,-0.0715161,0.616194,14.2083,7.20833,0,0,0.875,5.5,0.0416667,-6.64209,0.0001,-0.00136257,0.0363753,1.86616,0.143356,48919,0.176229,217.95,1.21952
6505,2.57299,0.202969,0.808908,0.37445,0.00454883,0.000410796,0.00454883,0.199609,0.180639,0.580237,0.828714,0.0498756,0.0264064,0.0475479,0.233218,0.0463512,0,1.01693,0.090764,2.20437,0.180227,0,0.0712971,0.586349,4.73144,0.669792,0.429121,0.588125,2.32248,0.213776,0.230873,0,0.873189,0.308015,0,-0.000768306,0.235908,0.96649,0.259492,0.0488384,0.0505806,0.00424996,0.0035848,0.435219,0.0474069,5.01184,-1.06963,10.1668,0.669562,0.605045,-7.28543,-0.333333,0.0152064,-0.0743381,0.647155,13.2917,6.75,0,0,1.08333,5.54167,0.25,-6.64145,0.0001,-0.00235792,0.0377036,1.90002,0.13704,48257,0.176202,222.62,1.45772
6506,2.52163,0.194655,0.754169,0.364131,0.00459115,0.000368331,0.00459115,0.192948,0.170132,0.586606,0.772377,0.0502478,0.0250319,0.0478837,0.233153,0.0490178,0,1.00569,0.0817557,2.20049,0.183483,0,0.072274,0.580731,4.69313,0.664028,0.42381,0.595084,2.35683,0.203243,0.230683,0,0.838646,0.265238,0,-0.000642587,0.244058,0.966534,0.252056,0.0492583,0.0510784,0.00479093,0.00409513,0.433672,0.0478926,5.09488,-0.864486,10.2652,0.665951,0.609054,-7.21103,-0.333333,0.0133982,-0.0710585,0.606852,13.4583,6.79167,0,0,0.833333,6.08333,0.125,-6.64549,0.0001,-0.00221597,0.0384239,1.86516,0.136902,49101,0.176158,219.76,1.34887
6507,2.47982,0.198386,0.758918,0.371172,0.0046271,0.000412325,0.0046271,0.193894,0.17167,0.585162,0.781207,0.0503297,0.0255583,0.0480134,0.236953,0.0496051,0,1.01653,0.0845246,2.1942,0.183803,0,0.0721223,0.577498,4.68628,0.662568,0.419453,0.599723,2.37218,0.207174,0.23452,0,0.805648,0.270527,0,-0.000650346,0.244764,0.966231,0.246698,0.0495074,0.0512223,0.00500665,0.00424959,0.436535,0.0481188,5.13587,-1.10625,10.1188,0.671525,0.608998,-7.02184,-0.333333,0.0150634,-0.071234,0.607397,12.9583,5.95833,0,0,0.958333,5.125,0.25,-6.6484,0.0001,-0.000997223,0.039404,1.86562,0.139968,49015,0.176118,221.62,1.16156
6508,2.54181,0.199841,0.77822,0.373809,0.0046084,0.000373101,0.0046084,0.195702,0.175716,0.585446,0.793284,0.0506152,0.0245546,0.0482146,0.235113,0.0469727,0,1.01157,0.084095,2.18031,0.180727,0,0.0722499,0.578359,4.699,0.663625,0.421771,0.59681,2.36666,0.20761,0.232385,0,0.859549,0.269725,0,-0.00062839,0.238579,0.96684,0.250929,0.0495185,0.0513734,0.00451302,0.00378562,0.432206,0.0481599,5.23299,-0.673115,10.3097,0.663143,0.60524,-7.3213,-0.333333,0.0136146,-0.0721837,0.622606,12.0833,6.70833,0,0,1.08333,5.20833,0.125,-6.64793,0.0001,-0.00142272,0.0408671,1.85114,0.133364,49535,0.176154,217.92,1.50091
6509,2.4543,0.197455,0.757075,0.369813,0.00463227,0.000391412,0.00463227,0.195284,0.171839,0.587507,0.776517,0.0507287,0.0247431,0.0483456,0.235434,0.0479867,0,1.00648,0.0833422,2.16084,0.182413,0,0.0722767,0.578955,4.67503,0.662014,0.41865,0.601469,2.37475,0.205538,0.23279,0,0.821362,0.261422,0,-0.000638673,0.239686,0.966869,0.246661,0.0496336,0.0515051,0.00459612,0.00389972,0.434823,0.0482542,5.34035,-0.820844,10.2129,0.666268,0.608412,-7.19685,-0.333333,0.0140562,-0.0715092,0.609008,13.1667,6.625,0,0,0.708333,6.79167,0.0416667,-6.64283,0.0001,-0.00192274,0.0403161,1.896,0.134462,48414,0.176223,218.25,1.57885
6510,2.44115,0.191295,0.740224,0.367278,0.00462199,0.000407822,0.00462199,0.192242,0.16625,0.588948,0.758391,0.0503365,0.0249758,0.0480246,0.233991,0.0485985,0,1.00566,0.0805662,2.18005,0.183892,0,0.0719144,0.578373,4.70068,0.664255,0.420023,0.599401,2.36315,0.200123,0.231642,0,0.813208,0.264057,0,-0.000665321,0.243062,0.966615,0.250135,0.0493613,0.051128,0.00481075,0.0041392,0.434584,0.0480339,5.15303,-1.00141,10.1466,0.669527,0.602598,-7.12491,-0.333333,0.0146519,-0.0709185,0.600317,13.5833,6.70833,0,0,1.16667,5.70833,0.208333,-6.63746,0.0001,-0.00245124,0.0373586,1.89161,0.140983,48363,0.176293,214.4,1.12696
6511,2.57717,0.194619,0.76675,0.362126,0.00459595,0.000382406,0.00459595,0.190599,0.172356,0.579708,0.786707,0.0501897,0.0254123,0.0478598,0.233169,0.0511958,0,1.00813,0.0855364,2.20543,0.190571,0,0.0741676,0.578192,4.70151,0.665667,0.423267,0.593715,2.35063,0.20381,0.230742,0,0.833788,0.28784,0,-0.000673381,0.246573,0.966332,0.251007,0.0493069,0.0510344,0.00393522,0.00322312,0.435877,0.0479038,5.09716,-0.955538,10.1661,0.669373,0.606548,-7.18145,-0.333333,0.0143229,-0.0705085,0.606375,13.3333,6.375,0,0,1.20833,5.5,0.166667,-6.634,0.0001,-0.00217455,0.0412923,1.8366,0.128735,50019,0.176327,217.79,1.28751
6512,2.58288,0.198425,0.771842,0.376904,0.00461553,0.000430325,0.00461553,0.198068,0.173681,0.588652,0.796821,0.05065,0.025054,0.0482572,0.236905,0.0469488,0,1.01749,0.0857099,2.18286,0.176005,0,0.0716356,0.578333,4.6886,0.663579,0.420751,0.598504,2.36542,0.20938,0.234279,0,0.839193,0.288633,0,-0.00064852,0.235853,0.96671,0.249318,0.0495813,0.0514075,0.0044551,0.0037235,0.435877,0.0481885,5.28856,-0.81563,10.2178,0.668036,0.608498,-7.23577,-0.333333,0.0156107,-0.0730916,0.624559,12.5833,6.66667,0,0,0.833333,5.16667,0,-6.63237,0.0001,-0.00130263,0.0423757,1.81893,0.147649,49987,0.176366,217.53,1.23986
6513,2.51874,0.193015,0.754998,0.365456,0.00459017,0.000377627,0.00459017,0.19368,0.169306,0.584222,0.775737,0.0504395,0.024635,0.0480638,0.234409,0.0482325,0,1.01089,0.0828139,2.19879,0.182083,0,0.0722012,0.580699,4.7025,0.665015,0.423934,0.595561,2.35715,0.201455,0.231622,0,0.814036,0.289763,0,-0.000621723,0.240436,0.966962,0.252519,0.0493205,0.0511952,0.00451811,0.00378259,0.434659,0.0479823,5.29295,-0.703731,10.2469,0.665041,0.603133,-7.37655,-0.333333,0.0137626,-0.0716199,0.604146,13.5,7.125,0,0,1.375,6.25,0.166667,-6.62943,0.0001,-0.00249336,0.0411974,1.84093,0.130848,49855,0.176394,220.99,1.5265
6514,2.5082,0.19042,0.744733,0.361134,0.00462104,0.000386552,0.00462104,0.190022,0.167833,0.588778,0.766749,0.0506715,0.0242479,0.0482682,0.235057,0.0496018,0,1.00851,0.0831426,2.18911,0.185081,0,0.074138,0.575173,4.68511,0.66196,0.420083,0.598918,2.37093,0.199214,0.232227,0,0.802987,0.286789,0,-0.000611809,0.244716,0.96686,0.24862,0.0495657,0.0514277,0.0045164,0.00378565,0.435497,0.0482425,5.32237,-0.648246,10.2785,0.665225,0.609205,-7.32293,-0.333333,0.0140525,-0.0700279,0.597164,13.3333,7.33333,0,0,1.33333,6.375,0.0833333,-6.62865,0.0001,-0.00222247,0.0389227,1.92764,0.142102,47495,0.176375,217.42,1.23161
6515,2.50818,0.193333,0.747484,0.36625,0.00460203,0.000387291,0.00460203,0.189722,0.168086,0.580878,0.767975,0.0503704,0.0247217,0.048032,0.234557,0.0506093,0,1.00983,0.0820056,2.19141,0.185823,0,0.0730633,0.578147,4.70539,0.664633,0.422445,0.59487,2.35828,0.202031,0.232002,0,0.802623,0.250886,0,-0.000713526,0.246011,0.966767,0.250524,0.0493626,0.0511226,0.0047555,0.00404308,0.434132,0.0480019,5.05985,-0.843591,10.2111,0.666892,0.605053,-7.22124,-0.333333,0.0139891,-0.0699789,0.597258,13.125,7.04167,0,0,0.75,6.29167,0.166667,-6.62759,0.0001,-0.00203728,0.0365887,1.92001,0.149914,47491,0.176349,219.62,1.2182
6516,2.53127,0.199364,0.781699,0.371213,0.00458972,0.000397847,0.00458972,0.195975,0.175803,0.581306,0.806956,0.0503791,0.0253863,0.0480372,0.23393,0.0478472,0,1.01139,0.0876319,2.20174,0.180055,0,0.071959,0.577806,4.6954,0.663647,0.424024,0.594484,2.36364,0.209359,0.23147,0,0.85451,0.287407,0,-0.000674893,0.237685,0.967016,0.253051,0.0494308,0.0511764,0.0044321,0.00369686,0.433898,0.0479959,5.09455,-0.914643,10.1669,0.668127,0.601892,-7.21621,-0.333333,0.0145359,-0.0726884,0.623048,11.8333,6.25,0,0,1.29167,5.41667,0.0416667,-6.62592,0.0001,-0.00177575,0.0394183,1.88512,0.147414,48365,0.176321,219.65,1.37159
6517,2.47425,0.194926,0.763113,0.370196,0.0046338,0.000378488,0.0046338,0.194372,0.172294,0.585815,0.786267,0.0506414,0.0248506,0.0482684,0.235053,0.0484368,0,1.00646,0.0850483,2.17904,0.185427,0,0.0732156,0.580408,4.67298,0.66219,0.418508,0.599653,2.36628,0.203829,0.232374,0,0.825597,0.290715,0,-0.000648435,0.240142,0.966965,0.247851,0.0495497,0.0514104,0.00468228,0.00392758,0.438669,0.0481991,5.41733,-0.805897,10.168,0.667922,0.60661,-7.20237,-0.333333,0.0139292,-0.0715163,0.61388,13.4583,6.79167,0,0,1.33333,6.25,0.0833333,-6.62859,0.0001,-0.00222006,0.0383728,1.86547,0.14401,48920,0.176241,218.96,1.34156
6518,2.57956,0.193857,0.738403,0.366364,0.00463486,0.00044079,0.00463486,0.192594,0.167408,0.587432,0.757017,0.0509419,0.024595,0.0484985,0.235876,0.0489459,0,1.0083,0.0807735,2.16753,0.184584,0,0.0739802,0.579825,4.68399,0.662444,0.418325,0.600343,2.37168,0.200985,0.233196,0,0.777331,0.255381,0,-0.000598343,0.245139,0.966955,0.246964,0.0496783,0.0517015,0.00472983,0.00401401,0.43524,0.0483736,5.25851,-0.614648,10.2889,0.664347,0.610054,-7.29184,-0.333333,0.0161081,-0.0706221,0.592057,12.75,7,0,0,1.45833,5.625,0.0416667,-6.63263,0.0001,-0.00136552,0.0375219,1.85467,0.141877,49237,0.176211,215.97,1.07189
6519,2.55657,0.192918,0.743394,0.365171,0.00460787,0.000435492,0.00460787,0.19339,0.167074,0.584897,0.762205,0.0507579,0.0235863,0.0482924,0.233639,0.0490442,0,1.00472,0.0811251,2.16782,0.183515,0,0.0736098,0.579488,4.69454,0.663865,0.421796,0.597098,2.36084,0.20016,0.230767,0,0.817151,0.253813,0,-0.000649791,0.244506,0.967389,0.253081,0.049323,0.0513585,0.0048042,0.00410927,0.435792,0.0480752,5.32736,-0.391036,10.3215,0.661961,0.605331,-7.53265,-0.333333,0.015893,-0.0713891,0.596184,11.375,7.29167,0,0,1.41667,6.70833,0.125,-6.63367,0.0001,-0.00194688,0.0365809,1.84113,0.131369,49837,0.176205,220.29,1.13938
6520,2.61672,0.202148,0.796545,0.37538,0.00458064,0.000426669,0.00458064,0.200816,0.178885,0.58597,0.823537,0.0505145,0.0253185,0.048099,0.235546,0.0466956,0,1.01887,0.0906287,2.18473,0.179212,0,0.0722806,0.581113,4.71008,0.666525,0.425132,0.591625,2.34241,0.212974,0.232985,0,0.867379,0.331893,0,-0.000646372,0.238365,0.967123,0.254993,0.0493148,0.0512465,0.00495374,0.00422421,0.437297,0.0479762,5.21867,-0.781376,10.2119,0.667019,0.607489,-7.36755,-0.333333,0.0154814,-0.0743531,0.63819,12.3333,7.16667,0,0,1.5,5.66667,0.0416667,-6.63436,0.0001,-0.00235167,0.0390356,1.85964,0.162052,48624,0.176185,219.36,1.47694
6521,2.53135,0.19229,0.749411,0.362371,0.00463923,0.000401921,0.00463923,0.19299,0.169741,0.582243,0.772733,0.0507593,0.0249134,0.0483913,0.235233,0.0488393,0,1.00576,0.0835408,2.1847,0.185066,0,0.0729363,0.577338,4.685,0.662235,0.417777,0.599573,2.37776,0.200598,0.232756,0,0.799957,0.284229,0,-0.000651809,0.241199,0.966966,0.24635,0.0497135,0.0515449,0.00459317,0.00382436,0.433579,0.0483608,5.25435,-0.872726,10.1439,0.669119,0.61058,-7.13529,-0.333333,0.0145291,-0.0708985,0.594182,12.7917,6.29167,0,0,1.375,5.75,0,-6.63674,0.0001,-0.00208916,0.0404578,1.85139,0.13739,49429,0.176167,217.48,1.1672
6522,2.65708,0.203694,0.79945,0.377349,0.00454947,0.000445458,0.00454947,0.198678,0.177926,0.581054,0.817733,0.0501861,0.0256237,0.0478033,0.234103,0.0486921,0,1.0196,0.0887499,2.17583,0.179449,0,0.0721971,0.587284,4.72865,0.667838,0.429041,0.589888,2.33522,0.211216,0.231609,0,0.851754,0.327507,0,-0.000691768,0.239699,0.966768,0.258553,0.0490323,0.0509158,0.00507122,0.00435949,0.437928,0.047684,5.13397,-0.847869,10.1896,0.667809,0.602024,-7.39699,-0.333333,0.0164566,-0.0740577,0.637919,13.1667,7.95833,0,0,2.125,5.75,0.125,-6.63844,0.0001,-0.00258866,0.0429201,1.87132,0.134248,49015,0.17617,222.27,1.54165
6523,2.54827,0.197781,0.766258,0.370718,0.00463351,0.000417743,0.00463351,0.195095,0.173594,0.581269,0.792555,0.0506188,0.0255518,0.0482514,0.235408,0.0492952,0,1.00793,0.0872635,2.18998,0.186776,0,0.0734178,0.578701,4.68895,0.663071,0.418494,0.598965,2.36852,0.206306,0.233077,0,0.817225,0.305193,0,-0.000603848,0.243988,0.966634,0.247309,0.049617,0.051501,0.00457836,0.00387689,0.434423,0.0482485,5.18895,-0.951428,10.1457,0.670778,0.612733,-7.08027,-0.333333,0.0149984,-0.0714985,0.605785,13.9167,7.33333,0,0,1.5,5.58333,0,-6.63859,0.0001,-0.00180201,0.0417838,1.84744,0.144821,49343,0.176188,216.27,1.16145
6524,2.54537,0.198218,0.763867,0.375066,0.00463826,0.00049841,0.00463826,0.199852,0.173058,0.582267,0.785641,0.0506271,0.0251178,0.0482732,0.238308,0.0461371,0,1.01968,0.0851821,2.18587,0.178062,0,0.0712613,0.580298,4.68766,0.66296,0.417899,0.598289,2.37325,0.206905,0.236137,0,0.815829,0.311902,0,-0.000649371,0.236319,0.966496,0.247381,0.0496255,0.0514571,0.00435579,0.00362925,0.43362,0.048205,5.24245,-1.03076,10.1092,0.671839,0.610308,-7.03066,-0.333333,0.0180274,-0.0733097,0.601724,13.375,6.45833,0,0,1.70833,5.91667,0,-6.63943,0.0001,-0.00162304,0.0405158,1.87843,0.151975,48415,0.176158,215.53,1.40773
6525,2.52982,0.197046,0.76674,0.374004,0.00460177,0.000469109,0.00460177,0.19346,0.172162,0.580871,0.789411,0.0500335,0.0258678,0.0477535,0.234994,0.049158,0,1.01406,0.0850643,2.21216,0.184066,0,0.0712749,0.583033,4.70579,0.665875,0.422508,0.593201,2.34832,0.20589,0.232722,0,0.826284,0.301749,0,-0.000763104,0.241866,0.966419,0.252009,0.0491676,0.0508481,0.00455592,0.00378796,0.43346,0.0477877,4.89313,-1.24945,9.99806,0.675781,0.606416,-7.01532,-0.333333,0.0171447,-0.0716514,0.60817,12.625,5.75,0,0,2,5.875,0.125,-6.64137,0.0001,-0.00178478,0.0402836,1.8732,0.141968,48781,0.176216,221.43,1.33833
6526,2.52552,0.195647,0.738398,0.370684,0.00469283,0.000508328,0.00469283,0.193121,0.168413,0.589035,0.756914,0.0510947,0.0250761,0.0487414,0.23921,0.0481947,0,1.01334,0.0815262,2.1655,0.184116,0,0.0730937,0.571669,4.65573,0.659037,0.411107,0.605686,2.39812,0.203131,0.236883,0,0.786574,0.280196,0,-0.00059732,0.243493,0.966662,0.239233,0.0501416,0.05199,0.00436365,0.00365908,0.431055,0.048746,5.28023,-0.929273,10.1442,0.670744,0.614733,-6.89959,-0.333333,0.0183656,-0.0701453,0.590903,12.9167,6.16667,0,0,1.66667,5.41667,0.0416667,-6.63814,0.0001,-0.00196495,0.0440524,1.8871,0.134872,48617,0.176266,215.93,1.26105
6527,2.43981,0.191829,0.746408,0.363461,0.00462923,0.000470306,0.00462923,0.190234,0.168309,0.586932,0.772133,0.0502172,0.0251139,0.0479054,0.234624,0.0515744,0,1.0062,0.0850345,2.16658,0.192516,0,0.0737123,0.579652,4.6997,0.664671,0.419032,0.597404,2.36154,0.201058,0.232296,0,0.79471,0.294319,0,-0.000636105,0.247056,0.966449,0.248044,0.0493463,0.0510779,0.00439862,0.00364934,0.435919,0.0479761,5.26432,-1.12419,10.0575,0.67238,0.611716,-6.99338,-0.333333,0.0171156,-0.070194,0.599801,12.7917,6.04167,0,0,1.375,5.625,0,-6.63884,0.0001,-0.00240725,0.0391034,1.89433,0.143771,48233,0.176247,217.63,1.20925
6528,2.55707,0.199393,0.767954,0.377693,0.00459347,0.000453236,0.00459347,0.195119,0.172039,0.586725,0.794721,0.0504354,0.0254892,0.0480367,0.235377,0.0487614,0,1.01655,0.0865743,2.1903,0.186627,0,0.0741348,0.582318,4.69946,0.665087,0.423584,0.594336,2.34923,0.209024,0.232906,0,0.810376,0.298579,0,-0.000679084,0.24076,0.966442,0.253983,0.0492862,0.0511669,0.00450603,0.00375752,0.435289,0.0479255,5.32101,-0.83542,10.1989,0.668117,0.607585,-7.27462,-0.333333,0.0167148,-0.0722703,0.61653,12.7917,7.375,0,0,1.625,5.58333,0.0833333,-6.63912,0.0001,-0.00193457,0.0412098,1.87509,0.15173,48501,0.176317,221.08,1.3057
6529,2.60545,0.200241,0.776831,0.377254,0.00459758,0.000521985,0.00459758,0.198487,0.17401,0.588508,0.797713,0.0504584,0.0253799,0.0480955,0.237128,0.0475482,0,1.02349,0.0873167,2.18355,0.177366,0,0.0720059,0.578878,4.70656,0.664802,0.423009,0.595105,2.35767,0.209458,0.234618,0,0.805834,0.301438,0,-0.000673249,0.23973,0.966655,0.252043,0.0493677,0.0512103,0.00481172,0.00411524,0.432801,0.0479916,5.09259,-0.903151,10.2007,0.668698,0.607084,-7.21143,-0.333333,0.019173,-0.0735689,0.626144,12.5417,6.33333,0,0,1.70833,4.79167,0.0833333,-6.63604,0.0001,-0.00154922,0.0435617,1.8588,0.143968,49083,0.176357,221.51,1.59984
6530,2.47641,0.202081,0.784848,0.377695,0.00462635,0.000481597,0.00462635,0.200051,0.177415,0.58846,0.802984,0.0504552,0.0257018,0.0481536,0.238156,0.0473086,0,1.02124,0.0879046,2.16141,0.176247,0,0.0707177,0.581519,4.69343,0.664258,0.419423,0.599195,2.36895,0.211094,0.235802,0,0.831522,0.306239,0,-0.000672201,0.23756,0.966867,0.24689,0.0496123,0.0513126,0.00506184,0.0042725,0.43324,0.0482357,5.28086,-1.15217,10.0347,0.673719,0.606437,-7.00612,-0.333333,0.0175247,-0.0735195,0.628655,14.125,6.375,0,0,1.875,5.91667,0.0416667,-6.63612,0.0001,-0.00210892,0.0426988,1.90115,0.141948,48115,0.176343,218.62,1.5092
6531,2.48369,0.198607,0.754875,0.374652,0.00461997,0.000470668,0.00461997,0.196487,0.169955,0.591166,0.776444,0.0502725,0.0257467,0.0479702,0.235569,0.0489685,0,1.0124,0.0842486,2.16897,0.183573,0,0.0718813,0.579141,4.68992,0.663099,0.420225,0.598917,2.36314,0.207662,0.233165,0,0.803534,0.275634,0,-0.000667178,0.242512,0.967014,0.249875,0.049353,0.0510993,0.00531211,0.00461063,0.435166,0.0480074,5.28995,-1.08168,10.0977,0.672203,0.607911,-7.04409,-0.333333,0.0172356,-0.0725485,0.610987,13.9583,6.625,0,0,1.58333,5.75,0.125,-6.63834,0.0001,-0.00215169,0.0454606,1.84964,0.136649,49491,0.176297,221.98,1.34036
6532,2.51078,0.193756,0.752289,0.365827,0.00464221,0.000439992,0.00464221,0.19175,0.170013,0.583716,0.771224,0.0503252,0.0254569,0.0480539,0.236006,0.0518502,0,1.00893,0.0827254,2.17719,0.186089,0,0.0725831,0.57614,4.68074,0.661749,0.417433,0.599923,2.38072,0.201957,0.233579,0,0.818182,0.278344,0,-0.000599493,0.24575,0.966264,0.244556,0.0496187,0.0512704,0.0049062,0.00415088,0.434704,0.0482267,5.36161,-1.08692,10.0888,0.6721,0.607198,-6.95298,-0.333333,0.0159009,-0.0703529,0.598767,13.9167,6.45833,0,0,1.45833,5.20833,0,-6.64156,0.0001,-0.00226884,0.0382079,1.86363,0.134285,49203,0.17627,216.15,1.06971
6533,2.45779,0.200466,0.783312,0.369497,0.00464402,0.000455488,0.00464402,0.19879,0.177429,0.587658,0.805277,0.0501653,0.0262149,0.0479386,0.23773,0.0484787,0,1.01721,0.0896447,2.18528,0.183301,0,0.0719868,0.579843,4.69373,0.663215,0.417202,0.600465,2.37544,0.20916,0.235499,0,0.828637,0.309789,0,-0.000713763,0.239599,0.966309,0.246021,0.0494386,0.0510535,0.00476005,0.00400347,0.433438,0.0480182,5.35322,-1.40999,9.92473,0.677778,0.607566,-6.79224,-0.333333,0.0165853,-0.0729267,0.62852,15.4167,6.29167,0,0,1.5,5.95833,0,-6.64311,0.0001,-0.00233561,0.0402027,1.84456,0.134291,49677,0.176263,216.67,1.31413
6534,2.46922,0.196922,0.768518,0.371014,0.00462097,0.000440148,0.00462097,0.195233,0.173037,0.58523,0.788495,0.0497699,0.0265562,0.0476123,0.233933,0.050917,0,1.00721,0.0846875,2.19069,0.188183,0,0.0714149,0.579571,4.69243,0.663785,0.420171,0.598321,2.3675,0.205981,0.231844,0,0.833893,0.274202,0,-0.000750341,0.242324,0.966486,0.248313,0.0491816,0.0506892,0.00479905,0.00405432,0.432506,0.047752,5.21789,-1.68555,9.82597,0.681126,0.60342,-6.72768,-0.333333,0.0159669,-0.0721046,0.61648,12.5,4.95833,0,0,1.41667,4.58333,0.0833333,-6.6458,0.0001,-0.00121084,0.0428032,1.83306,0.141835,49776,0.1762,220.67,1.30758
6535,2.41992,0.201304,0.773029,0.368655,0.00459523,0.000417247,0.00459523,0.194209,0.173142,0.581886,0.797545,0.04958,0.02698,0.0474307,0.234341,0.0521233,0,1.01387,0.0874515,2.21611,0.189804,0,0.0726205,0.578823,4.71047,0.66677,0.423371,0.593477,2.35738,0.211437,0.232217,0,0.839325,0.298611,0,-0.000739737,0.244263,0.966489,0.252706,0.0490231,0.0504902,0.00468833,0.00391468,0.432707,0.0475951,5.05025,-1.53769,9.87547,0.679509,0.602313,-6.86227,-0.333333,0.0152497,-0.0720244,0.619862,13.125,5.04167,0,0,1.70833,4.54167,0.125,-6.64903,0.0001,-0.00291572,0.0400981,1.84155,0.138256,49653,0.176195,218.32,1.51661
6536,2.56384,0.202101,0.771984,0.373364,0.00461536,0.000425255,0.00461536,0.199566,0.174113,0.583037,0.798975,0.0502928,0.0263334,0.0480321,0.236829,0.0480067,0,1.0175,0.0880065,2.20447,0.180582,0,0.0713454,0.580268,4.69715,0.664307,0.420773,0.597803,2.36832,0.210442,0.234484,0,0.812628,0.311464,0,-0.000674055,0.23811,0.966534,0.248458,0.049517,0.0511775,0.00475386,0.00394575,0.433652,0.0480927,5.30166,-1.26551,10.0137,0.674526,0.607678,-6.97259,-0.333333,0.0156436,-0.0733042,0.611575,13.1667,5.33333,0,0,1.75,4.25,0.208333,-6.64667,0.0001,-0.00145786,0.0411582,1.83595,0.142922,49676,0.176263,222.89,1.58997
6537,2.47133,0.201061,0.77212,0.376056,0.00462557,0.000490871,0.00462557,0.198961,0.174755,0.591189,0.793456,0.050338,0.0259126,0.0480405,0.238081,0.0492121,0,1.02137,0.0865308,2.19396,0.177815,0,0.0714099,0.575866,4.68524,0.662014,0.419503,0.599761,2.3801,0.210241,0.235708,0,0.82,0.277433,0,-0.000626499,0.239802,0.966644,0.245754,0.0495856,0.0512438,0.00540023,0.00461345,0.433715,0.0482026,5.33668,-1.12535,10.1375,0.67066,0.607972,-7.01205,-0.333333,0.0179585,-0.0730434,0.621713,12.9167,5.5,0,0,2.125,5.125,0,-6.64195,0.0001,-0.00243884,0.0425582,1.86534,0.135668,49127,0.176291,219.75,1.42728
6538,2.57231,0.196532,0.77717,0.374361,0.00457883,0.000495815,0.00457883,0.197251,0.173924,0.585842,0.799696,0.050224,0.0257647,0.0478763,0.234412,0.0502425,0,1.01583,0.087088,2.18748,0.183091,0,0.0730277,0.582684,4.7066,0.665962,0.425399,0.593118,2.34642,0.205719,0.232074,0,0.819776,0.323325,0,-0.000693246,0.242013,0.966935,0.253023,0.049216,0.0509919,0.00493839,0.00425737,0.435239,0.0478138,5.21139,-1.00069,10.1854,0.669547,0.606196,-7.22028,-0.333333,0.0180971,-0.0731894,0.628324,12.2083,6.29167,0,0,1.83333,4.83333,0.0416667,-6.64285,0.0001,-0.00206886,0.0414133,1.8622,0.135195,49216,0.176282,220.81,1.43888
6539,2.49508,0.198567,0.770622,0.37423,0.00467818,0.000489215,0.00467818,0.200032,0.174751,0.58559,0.793795,0.0507715,0.0253893,0.0484488,0.237579,0.046272,0,1.01329,0.0870709,2.14854,0.179274,0,0.0716843,0.579109,4.67032,0.66102,0.415179,0.602311,2.38425,0.208499,0.235096,0,0.816827,0.307858,0,-0.000678665,0.235182,0.966329,0.243768,0.0497621,0.0515549,0.00484332,0.00405786,0.435447,0.0484069,5.59748,-0.991925,10.1262,0.670429,0.60666,-7.03653,-0.333333,0.017753,-0.0731145,0.607333,13.25,5.70833,0,0,1.75,5.33333,0.0416667,-6.64298,0.0001,-0.00153878,0.0455054,1.80961,0.137012,50499,0.176329,214.86,1.18723
6540,2.57895,0.193414,0.756739,0.37062,0.00462271,0.000456734,0.00462271,0.193589,0.170091,0.582228,0.778377,0.0509528,0.0237878,0.0484966,0.234593,0.0495367,0,1.00628,0.0838039,2.17147,0.188387,0,0.0746743,0.577155,4.69001,0.662041,0.419849,0.599113,2.37924,0.202532,0.231813,0,0.807611,0.285451,0,-0.000552899,0.242452,0.96751,0.249427,0.0496667,0.0516282,0.00468749,0.00396776,0.433118,0.0483864,5.49085,-0.377548,10.362,0.660955,0.610842,-7.50592,-0.333333,0.0168164,-0.0713314,0.600843,12.8333,7.33333,0,0,2.08333,7.33333,0.125,-6.64074,0.0001,-0.00245038,0.0440426,1.83715,0.135117,49843,0.176405,218.85,1.15602
6541,2.53069,0.192569,0.742244,0.371626,0.00459794,0.000482686,0.00459794,0.196891,0.165389,0.587807,0.757251,0.0508221,0.0238747,0.0483715,0.233557,0.049174,0,1.00753,0.0799602,2.15436,0.179058,0,0.0725264,0.574399,4.69108,0.662509,0.423007,0.597514,2.37203,0.200511,0.23058,0,0.786199,0.276226,0,-0.000554589,0.240107,0.967477,0.252544,0.0495204,0.0514808,0.00492985,0.0042102,0.432957,0.0482403,5.4182,-0.396786,10.3311,0.662467,0.604186,-7.57161,-0.333333,0.017753,-0.0732657,0.596743,12.7917,8.16667,0,0,2.29167,7.125,0.0416667,-6.63586,0.0001,-0.000873016,0.0410721,1.86162,0.136402,49200,0.176459,222.04,1.43823
6542,2.66807,0.195809,0.761191,0.369412,0.00455058,0.000532369,0.00455058,0.197521,0.169669,0.580971,0.780904,0.0502993,0.0239296,0.0478553,0.23487,0.0498367,0,1.02127,0.0838473,2.17049,0.182908,0,0.0739281,0.582943,4.71624,0.666445,0.428902,0.590178,2.34471,0.203833,0.231976,0,0.817608,0.287561,0,-0.0006336,0.242579,0.967691,0.257845,0.0489833,0.0509044,0.00518074,0.00441386,0.435649,0.0477413,5.35025,-0.365769,10.4155,0.658229,0.602758,-7.71049,-0.333333,0.0196582,-0.0737197,0.604774,12.0417,8,0,0,2.58333,6.83333,0.166667,-6.63519,0.0001,-0.00195254,0.0397005,1.84996,0.144365,49291,0.176425,222.13,1.29064
6543,2.56214,0.194131,0.757922,0.371145,0.00459015,0.000497348,0.00459015,0.198427,0.169799,0.58241,0.782223,0.0507217,0.0240604,0.0482858,0.234871,0.0497874,0,1.0138,0.085253,2.1765,0.184142,0,0.0735529,0.578933,4.69466,0.663421,0.423936,0.593941,2.36761,0.202961,0.232223,0,0.791106,0.292846,0,-0.000579465,0.239417,0.967286,0.251246,0.0495199,0.0514518,0.00472443,0.00397191,0.431697,0.0482085,5.24549,-0.542336,10.3497,0.662802,0.609411,-7.48182,-0.333333,0.0181385,-0.0734621,0.603157,11.2917,6.75,0,0,2.45833,6.58333,0.125,-6.63785,0.0001,-0.00281496,0.0417374,1.84361,0.137203,49628,0.176426,220.49,1.15559
6544,2.57073,0.198671,0.766765,0.376678,0.0045799,0.00051689,0.0045799,0.199144,0.171363,0.589094,0.787441,0.0505154,0.0240281,0.0481025,0.234882,0.0490211,0,1.01797,0.084971,2.16906,0.18316,0,0.0732645,0.578077,4.7055,0.664885,0.425319,0.594112,2.35637,0.20697,0.232284,0,0.81315,0.314836,0,-0.000589753,0.239132,0.967714,0.255736,0.0492897,0.0512233,0.00459565,0.00385991,0.430083,0.0479865,5.24143,-0.575073,10.305,0.663532,0.60547,-7.48238,-0.333333,0.0189443,-0.0740367,0.619438,12.125,6.95833,0,0,2.625,5.91667,0.0416667,-6.63761,0.0001,-0.00227724,0.0411753,1.91653,0.14699,47638,0.176413,223.13,1.43989
6545,2.49544,0.199164,0.788718,0.37734,0.00457217,0.000551039,0.00457217,0.198899,0.175999,0.584957,0.813334,0.0500462,0.0251025,0.0477607,0.234503,0.0477424,0,1.01771,0.0894793,2.1731,0.179118,0,0.0712649,0.582421,4.70774,0.666315,0.426228,0.592333,2.34805,0.207553,0.232007,0,0.826156,0.356039,0,-0.000675206,0.239083,0.967168,0.25526,0.0491767,0.0508218,0.00503237,0.00427975,0.43181,0.0478373,5.18566,-1.09675,10.0891,0.670713,0.600336,-7.22426,-0.333333,0.0201957,-0.0741478,0.627126,12.9167,6.41667,0,0,2.25,6,0.208333,-6.63854,0.0001,-0.00139931,0.0419322,1.84765,0.135374,49572,0.176419,223.29,1.42644
6546,2.50316,0.196727,0.761847,0.373036,0.00459417,0.000517548,0.00459417,0.196715,0.170285,0.581492,0.781391,0.0503816,0.024597,0.0480539,0.234809,0.0494797,0,1.01614,0.084496,2.17632,0.18727,0,0.0730532,0.575611,4.70025,0.664119,0.423483,0.594237,2.36212,0.204682,0.232497,0,0.812819,0.305955,0,-0.000586299,0.239719,0.966814,0.252643,0.0494494,0.051241,0.00452854,0.00381379,0.433962,0.0480848,5.41812,-0.982251,10.1604,0.669339,0.605443,-7.18087,-0.333333,0.0191366,-0.0731335,0.605606,12.75,6.58333,0,0,2.125,6.04167,0.166667,-6.63861,0.0001,-0.00219695,0.0430369,1.86004,0.142374,49092,0.176438,217.83,1.26845
6547,2.50749,0.195768,0.760998,0.374751,0.00462293,0.000555857,0.00462293,0.198018,0.171887,0.582986,0.778464,0.0503309,0.0254585,0.0480614,0.236074,0.0483942,0.00208333,1.01418,0.0841192,2.17676,0.184019,0,0.0722692,0.575362,4.68462,0.663447,0.419822,0.596295,2.37379,0.204615,0.233883,0,0.811993,0.273145,0,-0.000615922,0.239175,0.966687,0.248864,0.0495081,0.0512608,0.00489267,0.0041908,0.435417,0.048146,5.50622,-1.23744,10.0329,0.67397,0.607022,-6.96371,-0.333333,0.0202872,-0.0729252,0.603646,12.5,5.45833,0,0,1.75,4.79167,0.125,-6.63931,0.0001,-0.00187467,0.0397648,1.83785,0.142637,49636,0.176434,215.73,1.14917
6548,2.52943,0.194564,0.753553,0.37432,0.00457626,0.000596964,0.00457626,0.196071,0.168495,0.58075,0.772466,0.0501444,0.0254338,0.0478425,0.234877,0.0482338,0,1.01861,0.082766,2.18275,0.183668,0,0.0722086,0.578397,4.70983,0.666383,0.425681,0.590761,2.34798,0.204083,0.232545,0,0.809832,0.271112,0,-0.000653441,0.238423,0.96664,0.25458,0.0492507,0.0509589,0.0042893,0.00354542,0.433682,0.0478682,5.27554,-1.09808,10.1263,0.670989,0.605303,-7.18071,-0.333333,0.021864,-0.0729279,0.597482,13.875,6.75,0,0,2,5.91667,0.208333,-6.64089,0.0001,-0.000336223,0.0437915,1.86505,0.144974,48906,0.176415,222.95,1.39818
6549,2.48425,0.19969,0.777601,0.379259,0.00461208,0.000587449,0.00461208,0.198821,0.174223,0.582044,0.798955,0.0500326,0.0255519,0.0478015,0.237124,0.0477819,0,1.02157,0.0866792,2.18522,0.17998,0,0.071322,0.5789,4.70365,0.664196,0.421204,0.594431,2.36417,0.20836,0.234712,0,0.824373,0.315497,0,-0.000723071,0.238922,0.966848,0.252316,0.0491407,0.0508227,0.00503834,0.00428079,0.433435,0.0477817,5.33614,-1.18769,10.009,0.673717,0.603077,-7.02732,-0.333333,0.0214316,-0.0736561,0.616641,13.5417,6.29167,0,0,2.5,5.45833,0.125,-6.64133,0.0001,-0.00252744,0.0406983,1.88931,0.143068,48368,0.176423,223.26,1.62783
6550,2.44016,0.195924,0.767034,0.371561,0.00462279,0.000519726,0.00462279,0.195729,0.173095,0.587476,0.795598,0.0500739,0.0261965,0.0478464,0.235929,0.0510758,0,1.01287,0.0877942,2.17239,0.184028,0,0.0721833,0.57795,4.68959,0.663039,0.419839,0.59596,2.36937,0.205774,0.233558,0,0.820021,0.313337,0,-0.00069321,0.244653,0.96669,0.249413,0.049318,0.0509844,0.00539524,0.00465454,0.437345,0.047936,5.40049,-1.34615,9.95332,0.676919,0.604872,-6.86998,-0.333333,0.018874,-0.0720851,0.610831,15.25,6.45833,0,0,1.41667,5.45833,0.0833333,-6.63858,0.0001,-0.000764885,0.0381353,1.87971,0.14562,48537,0.176496,219.14,1.48896
6551,2.41078,0.199688,0.769761,0.375388,0.0046434,0.000590755,0.0046434,0.198236,0.174537,0.590037,0.790369,0.0503303,0.0252493,0.0480829,0.238653,0.0492645,0,1.02153,0.0859616,2.17282,0.185561,0,0.0722725,0.573831,4.67877,0.661872,0.417253,0.599664,2.38171,0.207678,0.236381,0,0.83103,0.27412,0,-0.000599004,0.243071,0.966676,0.246632,0.0495829,0.0512974,0.00499064,0.00423128,0.436283,0.0481926,5.4641,-1.23295,10.0339,0.673758,0.609836,-6.87471,-0.333333,0.0215135,-0.0729165,0.616473,13.9167,5.5,0,0,1.66667,5.25,0.166667,-6.63715,0.0001,-0.00164006,0.0386839,1.89117,0.148401,48198,0.176517,219.11,1.63236
6552,2.4678,0.198727,0.783936,0.378446,0.00456265,0.000530012,0.00456265,0.199186,0.174566,0.582366,0.799339,0.0498006,0.0258939,0.0475637,0.234534,0.04968,0,1.01973,0.0851649,2.20924,0.181565,0,0.0712807,0.582126,4.72609,0.668212,0.427388,0.588421,2.33801,0.207717,0.232399,0,0.827861,0.301411,0,-0.000753308,0.235449,0.967029,0.257413,0.0489428,0.0505887,0.00471407,0.00395658,0.434422,0.0475263,5.2355,-1.29177,10.0387,0.673587,0.606589,-7.06982,-0.333333,0.0194769,-0.0743732,0.626892,12.7917,5.79167,0,0,2.41667,4.54167,0.208333,-6.63926,0.0001,-0.00253529,0.0399025,1.89561,0.142759,48226,0.176515,223.74,1.41321
6553,2.59171,0.200704,0.791867,0.37703,0.0046241,0.000554357,0.0046241,0.201484,0.178437,0.583931,0.812715,0.0504736,0.0249559,0.048158,0.237858,0.0477773,0,1.02168,0.0895782,2.17262,0.177719,0,0.0710025,0.578479,4.69656,0.663604,0.419697,0.594995,2.36526,0.208808,0.235506,0,0.83449,0.334429,0,-0.00065667,0.237513,0.96719,0.24904,0.049494,0.0512931,0.0050194,0.00426241,0.431294,0.048134,5.31862,-1.01555,10.1278,0.670819,0.613297,-7.05903,-0.333333,0.0202965,-0.0743123,0.630056,13.2083,6.25,0,0,2.66667,4.83333,0.0416667,-6.63942,0.0001,-0.00265117,0.041774,1.89514,0.1518,48024,0.176539,217.67,1.49604
6554,2.44816,0.196401,0.744381,0.374142,0.00462504,0.000552656,0.00462504,0.194454,0.168276,0.587451,0.768087,0.0501517,0.0261374,0.0479152,0.236278,0.0506407,0,1.0152,0.0828904,2.20377,0.186618,0,0.0724251,0.575874,4.69005,0.663087,0.419573,0.597353,2.36826,0.205936,0.234161,0,0.797415,0.261412,0,-0.000674163,0.244082,0.966589,0.247799,0.0494784,0.0511168,0.0047668,0.00401432,0.433933,0.0480507,5.28214,-1.30858,10.0444,0.674684,0.611329,-6.83103,-0.333333,0.0199435,-0.0715831,0.595958,13.4583,5.5,0,0,1.875,5.08333,0.208333,-6.63699,0.0001,-0.00172709,0.0466368,1.87387,0.137005,48886,0.176598,218.55,1.23559
6555,2.52013,0.194588,0.759013,0.372653,0.00460465,0.000579804,0.00460465,0.193105,0.169782,0.579107,0.777214,0.0500906,0.0253786,0.0478329,0.235265,0.0508816,0,1.01515,0.083387,2.18227,0.186645,0,0.073126,0.579015,4.7022,0.66465,0.422168,0.593433,2.35135,0.203394,0.232957,0,0.803685,0.299345,0,-0.000648666,0.245038,0.966743,0.252067,0.0492619,0.0509956,0.00520994,0.00448072,0.436681,0.0479049,5.43908,-1.15365,10.0865,0.671565,0.605209,-7.02288,-0.333333,0.0208883,-0.0716399,0.60098,12.7083,5.25,0,0,1.79167,4.70833,0.208333,-6.63478,0.0001,-0.00213462,0.0435824,1.87373,0.141902,48770,0.176618,221.5,1.46113
6556,2.54371,0.194366,0.754514,0.381209,0.0046059,0.000629317,0.0046059,0.192928,0.169321,0.586901,0.770151,0.0504668,0.0241789,0.0480852,0.238018,0.049095,0,1.02377,0.0809649,2.17166,0.184029,0,0.0735044,0.579127,4.69678,0.664107,0.421959,0.593975,2.36049,0.201807,0.235298,0,0.808204,0.280564,0,-0.000553658,0.241151,0.966998,0.251201,0.0494115,0.0512618,0.00502532,0.00423681,0.437735,0.0481057,5.72184,-0.645422,10.2824,0.664244,0.605967,-7.34382,-0.333333,0.0228887,-0.0714084,0.605111,12.1667,7.33333,0,0,2.75,6.375,0.291667,-6.63608,0.0001,-5.91445e-05,0.0447346,1.85668,0.141186,49204,0.176628,215.83,1.19577
6557,2.54878,0.195621,0.752205,0.377792,0.00464121,0.000588091,0.00464121,0.196146,0.170615,0.583358,0.767275,0.0506511,0.0245151,0.0483166,0.237841,0.0478756,0,1.01661,0.0814285,2.17832,0.180526,0,0.0721199,0.57659,4.69238,0.663351,0.417544,0.598737,2.38253,0.202707,0.235439,0,0.814624,0.276989,0,-0.000619315,0.241508,0.96699,0.247636,0.0495954,0.0515053,0.00483882,0.00408651,0.434612,0.0482291,5.42648,-0.828418,10.1988,0.667933,0.611338,-7.0755,-0.333333,0.0212423,-0.07196,0.592311,13.1667,6.79167,0,0,1.79167,5.375,0.0833333,-6.6355,0.0001,-0.001464,0.0424124,1.88876,0.138671,48487,0.176661,218.31,1.13384
6558,2.46984,0.195329,0.749072,0.377985,0.00465572,0.00058279,0.00465572,0.192916,0.170191,0.590803,0.764821,0.0505944,0.024899,0.0482774,0.23834,0.0488699,0.00160256,1.01507,0.0820421,2.19247,0.184038,0,0.0722559,0.573824,4.67992,0.661338,0.415707,0.602103,2.38701,0.201975,0.235845,0,0.794627,0.280002,0,-0.000668987,0.242353,0.966866,0.244419,0.0496509,0.0514403,0.00492154,0.00410531,0.4344,0.0482908,5.53399,-0.978454,10.1343,0.669725,0.610537,-6.96731,-0.333333,0.0207351,-0.0706254,0.604516,13.4583,6.375,0,0,1.91667,5.5,0.0833333,-6.63305,0.0001,-0.00172427,0.0433984,1.89422,0.141767,48283,0.176693,214.06,1.11347
6559,2.4721,0.199628,0.7765,0.377255,0.00459645,0.000539971,0.00459645,0.198069,0.173669,0.590402,0.800041,0.049905,0.0262401,0.0476665,0.2368,0.0481019,0,1.02276,0.0885057,2.20068,0.18203,0,0.0715317,0.581544,4.70299,0.665498,0.423173,0.593556,2.35915,0.207714,0.234444,0,0.791455,0.307627,0,-0.000718767,0.239618,0.966611,0.252552,0.049156,0.0507966,0.00466814,0.00386841,0.437392,0.0477326,5.41954,-1.326,9.99255,0.675175,0.605055,-6.94642,-0.333333,0.0198823,-0.0733664,0.630141,15.75,7.45833,0,0,2.29167,5.625,0,-6.63277,0.0001,-0.00198036,0.0410792,1.88718,0.145836,48353,0.176685,218.55,1.36119
6560,2.5284,0.198268,0.776527,0.376444,0.00462217,0.000613891,0.00462217,0.196616,0.174065,0.579848,0.795395,0.0499571,0.0259707,0.0477145,0.239035,0.0491164,0,1.02869,0.087555,2.20276,0.186926,0,0.0724773,0.576139,4.70239,0.664488,0.419995,0.593906,2.3631,0.205255,0.236899,0,0.787327,0.335142,0,-0.000672495,0.242256,0.966652,0.252012,0.0491646,0.0508541,0.00471615,0.00393461,0.437963,0.0477797,5.40324,-1.27022,9.9774,0.674519,0.607738,-6.90945,-0.333333,0.0223659,-0.0727009,0.611638,13.1667,5.75,0,0,1.79167,4.625,0.166667,-6.63543,0.0001,-0.00176882,0.0419726,1.89239,0.144542,48260,0.176623,219.39,1.4912
6561,2.55264,0.195631,0.762743,0.376414,0.00461748,0.000525468,0.00461748,0.192507,0.171856,0.592198,0.786686,0.0502914,0.0255325,0.0479501,0.236432,0.0515058,0,1.0161,0.0853336,2.19908,0.189149,0,0.0733972,0.578687,4.69434,0.66313,0.420506,0.595336,2.35818,0.205094,0.234072,0,0.815187,0.322067,0,-0.000642523,0.244978,0.966863,0.25065,0.0492785,0.0511,0.00467044,0.00391624,0.434407,0.0479029,5.37488,-0.89142,10.1788,0.668764,0.611478,-7.13424,-0.333333,0.0191734,-0.0710793,0.620207,12.25,6.41667,0,0,2,5,0.0416667,-6.64073,0.0001,-0.00165395,0.0420438,1.89831,0.143362,48148,0.176579,224.03,1.44876
6562,2.47679,0.19522,0.75353,0.374774,0.00465133,0.000538157,0.00465133,0.192484,0.170203,0.58547,0.768107,0.050411,0.0248387,0.0481209,0.237852,0.0507983,0,1.016,0.0819084,2.18963,0.187966,0,0.0731015,0.576245,4.68787,0.662545,0.416281,0.599055,2.37665,0.203062,0.235448,0,0.80193,0.283687,0,-0.00061154,0.243852,0.967081,0.247114,0.0495119,0.0512634,0.00503917,0.00426991,0.435317,0.0481675,5.51271,-0.939643,10.1005,0.670955,0.612479,-7.01921,-0.333333,0.0194931,-0.0708008,0.599844,12.2083,6,0,0,1.95833,5.375,0.166667,-6.6432,0.0001,-0.00121264,0.0434005,1.87632,0.140048,48753,0.176541,215.89,1.22927
6563,2.54523,0.195248,0.772261,0.372892,0.0045892,0.000547429,0.0045892,0.19153,0.172768,0.583322,0.78895,0.049791,0.025769,0.0475022,0.235059,0.0512517,0,1.01586,0.0854605,2.18587,0.186316,0,0.0732046,0.582012,4.71444,0.666662,0.424069,0.590735,2.34194,0.202753,0.232579,0,0.793111,0.335234,0,-0.000727056,0.248633,0.967171,0.255513,0.0488246,0.0505953,0.00528982,0.00451333,0.436907,0.0474909,5.34153,-1.04082,10.0951,0.670699,0.605744,-7.13061,-0.333333,0.0200929,-0.0710625,0.61928,13.2917,6.75,0,0,1.66667,5.04167,0.0416667,-6.64409,0.0001,-0.00138648,0.0459762,1.88459,0.141482,48519,0.176514,221.25,1.38099
6564,2.52498,0.198707,0.778167,0.373347,0.0046153,0.00051269,0.0046153,0.194003,0.174848,0.583397,0.795961,0.0499086,0.0257744,0.0476708,0.23691,0.0502441,0,1.01933,0.0862046,2.19986,0.182919,0,0.0711841,0.57751,4.70593,0.665539,0.420779,0.593882,2.35659,0.20667,0.234441,0,0.8275,0.322144,0,-0.00069444,0.243977,0.96688,0.251746,0.0491221,0.0507919,0.0055378,0.00472405,0.437616,0.047762,5.55392,-1.22181,10.0178,0.672332,0.605262,-6.94961,-0.333333,0.0189001,-0.0718462,0.618107,12.5,5.58333,0,0,1.625,5.29167,0.0833333,-6.64344,0.0001,-0.00234037,0.0446768,1.89682,0.148131,48071,0.176534,217.22,0.890491
6565,2.55406,0.200619,0.798225,0.375125,0.00459452,0.000540947,0.00459452,0.197606,0.178555,0.581705,0.821765,0.0500232,0.0257076,0.0476956,0.235902,0.0508834,0,1.0195,0.0912907,2.19938,0.184863,0,0.0723651,0.582357,4.71325,0.666518,0.423443,0.59022,2.34456,0.208893,0.233369,0,0.834847,0.351978,0,-0.000694024,0.241468,0.96703,0.255463,0.0489842,0.0507844,0.00513797,0.00436366,0.438205,0.0476347,5.53709,-0.950534,10.1145,0.670431,0.606149,-7.21013,-0.333333,0.0198372,-0.073463,0.638209,13.2917,6.54167,0,0,2.29167,5.66667,0.0416667,-6.64281,0.0001,-0.00207613,0.045663,1.90168,0.144001,48054,0.176558,220.88,1.54539
6566,2.59607,0.194501,0.747796,0.379994,0.00464128,0.000544451,0.00464128,0.194198,0.168641,0.583269,0.765398,0.0507919,0.0245458,0.0483666,0.237549,0.0506475,0,1.01486,0.0806807,2.16762,0.184438,0,0.0736457,0.578425,4.69465,0.663006,0.417597,0.598084,2.36356,0.202445,0.234888,0,0.798703,0.270998,0,-0.000518891,0.241103,0.966845,0.248392,0.0496712,0.0516038,0.00539887,0.00463569,0.44199,0.0483728,5.80168,-0.612123,10.2595,0.665843,0.612045,-7.29792,-0.333333,0.0196722,-0.0714251,0.595446,12.2083,6.91667,0,0,1.75,5.875,0,-6.64216,0.0001,-0.00236863,0.0415638,1.87668,0.142304,48689,0.176559,218.27,1.24932
6567,2.59298,0.194715,0.770186,0.371655,0.00458915,0.0005242,0.00458915,0.197971,0.172131,0.582246,0.788505,0.0504696,0.0242611,0.0480111,0.234819,0.0473458,0,1.01379,0.0848426,2.16452,0.182481,0,0.0733417,0.581046,4.71616,0.666707,0.424151,0.589677,2.3428,0.202187,0.231884,0,0.820739,0.304857,0,-0.000620342,0.237719,0.967604,0.257774,0.0490777,0.0510968,0.00480353,0.00403892,0.441531,0.0477936,5.6707,-0.390547,10.3137,0.661389,0.608845,-7.55351,-0.333333,0.0191967,-0.0735305,0.613713,13.2917,8.45833,0,0,2.125,7.75,0.0416667,-6.64117,0.0001,-0.00228747,0.0410412,1.89438,0.143707,48233,0.176545,222.95,1.3379
6568,2.57594,0.194942,0.771705,0.371229,0.00456218,0.000498078,0.00456218,0.196123,0.17217,0.586266,0.791003,0.0501974,0.0247859,0.047752,0.233092,0.0506872,0,1.01176,0.0850622,2.18298,0.186405,0,0.0735796,0.581298,4.70705,0.66642,0.427446,0.587066,2.32821,0.203567,0.230507,0,0.832908,0.306151,0,-0.000696419,0.241202,0.96788,0.260746,0.0487788,0.0508508,0.00500071,0.00426396,0.437996,0.0474962,5.48538,-0.540727,10.2986,0.662343,0.609717,-7.51673,-0.333333,0.0182231,-0.0729724,0.620947,11.25,6.83333,0,0,1.875,7,0.0833333,-6.64198,0.0001,-0.00231218,0.0417853,1.88104,0.141834,48596,0.176583,224.59,1.55764
6569,2.65519,0.206236,0.806459,0.382483,0.00458194,0.00054565,0.00458194,0.202773,0.18099,0.582743,0.826232,0.0503578,0.0256988,0.0479352,0.23717,0.0465884,0,1.02584,0.091499,2.18378,0.177245,0,0.0716565,0.584368,4.72569,0.668329,0.424996,0.588935,2.32953,0.214429,0.234527,0,0.845968,0.344358,0,-0.000671229,0.2356,0.967376,0.257617,0.0490928,0.0510544,0.00534779,0.00462215,0.441483,0.0477705,5.45681,-0.702391,10.2188,0.666847,0.608911,-7.37346,-0.333333,0.019938,-0.0751825,0.637475,12.9583,7.29167,0,0,1.54167,5.5,0,-6.63861,0.0001,-0.00146297,0.0414801,1.89319,0.144563,48241,0.17664,218.89,1.50675
6570,2.57629,0.197769,0.769005,0.376596,0.00459346,0.000555339,0.00459346,0.195276,0.172513,0.579933,0.790473,0.0502566,0.0258047,0.0478597,0.236642,0.0491616,0,1.021,0.0849677,2.19002,0.184212,0,0.0731405,0.58009,4.71685,0.666836,0.423529,0.590378,2.33828,0.205512,0.23405,0,0.83966,0.299396,0,-0.000694822,0.241157,0.967429,0.255049,0.0490758,0.0509441,0.00515586,0.00438897,0.438192,0.0477518,5.44806,-0.708656,10.1993,0.667114,0.610183,-7.33319,-0.333333,0.0201179,-0.0724234,0.611785,12.8333,7.29167,0,0,1.875,6.16667,0.0416667,-6.63523,0.0001,-0.00230973,0.0378334,1.88608,0.141482,48483,0.176713,219.31,1.42824
6571,2.56454,0.197269,0.769225,0.375478,0.00456465,0.000594447,0.00456465,0.198754,0.171019,0.582456,0.788525,0.0502263,0.0249616,0.0478074,0.234963,0.0494564,0,1.02032,0.0849869,2.18282,0.178095,0,0.0722312,0.580882,4.72793,0.668055,0.427136,0.588094,2.33008,0.204698,0.232358,0,0.821291,0.304847,0,-0.000658995,0.241338,0.968243,0.259879,0.0489276,0.0509146,0.00563919,0.00491727,0.43823,0.047646,5.26869,-0.603678,10.2574,0.663735,0.605594,-7.49094,-0.333333,0.0219525,-0.0741342,0.615789,11.9167,7.08333,0,0,1.54167,6.58333,0.0833333,-6.63038,0.0001,-0.00182565,0.0402121,1.92093,0.139131,47718,0.176764,225.66,1.51579
6572,2.55982,0.200289,0.783285,0.375675,0.00459225,0.000577998,0.00459225,0.200503,0.176203,0.583356,0.803822,0.0504797,0.0249887,0.0480332,0.23551,0.0487772,0,1.01496,0.0878276,2.16246,0.181577,0,0.0732335,0.578899,4.70682,0.66486,0.423672,0.591762,2.34849,0.207876,0.232737,0,0.828889,0.317104,0,-0.000608121,0.240279,0.967732,0.256136,0.0491949,0.0511714,0.00518118,0.00440946,0.438181,0.0479027,5.61281,-0.495711,10.3198,0.660811,0.608167,-7.46108,-0.333333,0.0211357,-0.0740651,0.616384,11.2917,6.75,0,0,1.70833,6.41667,0.0833333,-6.62761,0.0001,-0.0016983,0.0459562,1.9103,0.138833,47973,0.176763,219.78,1.26226
6573,2.43108,0.197193,0.746315,0.382367,0.00465522,0.00060482,0.00465522,0.19487,0.169446,0.581863,0.762801,0.0504895,0.0253317,0.0481641,0.238567,0.0482633,0,1.01653,0.0815772,2.17127,0.183797,0,0.0724069,0.572119,4.6852,0.662697,0.415788,0.597084,2.37352,0.204131,0.236168,0,0.805628,0.256898,0,-0.000660039,0.243539,0.967136,0.248602,0.0493963,0.0512992,0.00536691,0.00462662,0.440553,0.0481058,5.62551,-0.906917,10.0792,0.669463,0.609029,-7.03496,-0.333333,0.0218013,-0.0713574,0.590157,12.0833,5.5,0,0,1.75,5.75,0.0416667,-6.6256,0.0001,-0.00142142,0.040808,1.90695,0.146359,47875,0.176773,215.89,1.01731
6574,2.51744,0.19448,0.768373,0.373925,0.00459468,0.000530201,0.00459468,0.192736,0.171866,0.582072,0.783849,0.050054,0.0250635,0.0477313,0.235636,0.0507954,0,1.01703,0.0836326,2.19436,0.186693,0,0.0732306,0.578056,4.71062,0.666233,0.423375,0.590588,2.34468,0.201745,0.233018,0,0.809059,0.313396,0,-0.000667703,0.246235,0.967871,0.255483,0.0490115,0.0508295,0.0056746,0.00492633,0.440122,0.0477412,5.54375,-0.813109,10.1163,0.667623,0.605704,-7.27699,-0.333333,0.019469,-0.0716422,0.609978,11.3333,6.45833,0,0,1.83333,6.125,0.25,-6.62494,0.0001,-0.00172907,0.0440024,1.88455,0.139528,48567,0.176777,221.44,1.5562
6575,2.49932,0.198186,0.771177,0.378194,0.00459899,0.000603791,0.00459899,0.197188,0.172972,0.58672,0.788821,0.0499241,0.026304,0.0476379,0.235138,0.0492628,0,1.01307,0.0843423,2.20007,0.184819,0,0.0719924,0.58167,4.71417,0.66548,0.422826,0.593002,2.35174,0.205148,0.232707,0,0.831869,0.323327,0,-0.000699524,0.239858,0.967121,0.254283,0.0490272,0.0507457,0.00515688,0.00440339,0.441042,0.0476629,5.44456,-1.12521,10.058,0.671172,0.606751,-7.06742,-0.333333,0.0217551,-0.0729143,0.620852,14.5833,7.125,0,0,1.45833,5.20833,0.0416667,-6.62643,0.0001,-0.00188865,0.04474,1.86743,0.137521,49030,0.17675,217.56,1.39058
6576,2.63276,0.197896,0.762273,0.374825,0.00460163,0.000621834,0.00460163,0.19861,0.171442,0.58021,0.776889,0.0505126,0.025643,0.0481052,0.238362,0.0481939,0,1.0255,0.0846092,2.17557,0.180542,0,0.0727528,0.579714,4.70468,0.665495,0.422498,0.592106,2.35065,0.204034,0.235475,0,0.789633,0.296367,0,-0.000662057,0.239657,0.967234,0.252065,0.0493665,0.0512253,0.00512837,0.00433875,0.438951,0.0480265,5.61236,-0.630493,10.251,0.665142,0.613312,-7.36825,-0.333333,0.0228071,-0.0733318,0.598999,14.2917,8.375,0,0,1.75,6.75,0,-6.62711,0.0001,-0.00226879,0.0431406,1.87918,0.139688,48692,0.176735,222.42,1.3866
6577,2.52407,0.192669,0.749031,0.373488,0.00464657,0.000568954,0.00464657,0.193839,0.169296,0.582361,0.770205,0.0507467,0.0250953,0.0483532,0.23676,0.0497881,0,1.01019,0.0840494,2.17241,0.190418,0,0.0743024,0.572268,4.68024,0.662052,0.416855,0.596776,2.37024,0.201239,0.234123,0,0.763987,0.316801,0,-0.000569421,0.24417,0.966999,0.246601,0.0496448,0.0515728,0.00503301,0.00425819,0.43856,0.0483254,5.73289,-0.731828,10.2583,0.665398,0.62051,-7.16632,-0.333333,0.0206992,-0.071018,0.593765,12.6667,6.75,0,0,2.04167,6.125,0,-6.62571,0.0001,-0.002038,0.0435423,1.83632,0.138903,49768,0.176764,217.28,1.42969
6578,2.58196,0.197559,0.762194,0.380508,0.00461911,0.000647456,0.00461911,0.197188,0.170945,0.588204,0.782145,0.050698,0.0246036,0.0482498,0.237057,0.0484265,0.00198413,1.0176,0.0832074,2.17225,0.175918,0,0.0720185,0.574656,4.70044,0.664749,0.420337,0.593147,2.35001,0.20452,0.234284,0,0.823808,0.286449,0,-0.000604771,0.241784,0.967716,0.252619,0.0493861,0.0513723,0.00596348,0.0052073,0.438095,0.0481311,5.6068,-0.402769,10.3233,0.66249,0.610753,-7.45504,-0.333333,0.0235532,-0.072893,0.61191,13,7.625,0,0,2.29167,6.83333,0.125,-6.62322,0.0001,-0.00236485,0.0457297,1.84578,0.14308,49427,0.176772,222.78,1.52022
6579,2.52532,0.195013,0.753198,0.379359,0.00466539,0.000634498,0.00466539,0.195203,0.169873,0.581788,0.772015,0.0509455,0.0244959,0.048578,0.238331,0.0475941,0,1.01571,0.0830187,2.17716,0.180835,0,0.072228,0.571793,4.67375,0.661028,0.414532,0.599894,2.38495,0.202172,0.235749,0,0.794228,0.290164,0,-0.000524416,0.237653,0.967507,0.245943,0.0498587,0.0517481,0.00503662,0.00429665,0.43607,0.0485596,5.59842,-0.63989,10.1989,0.667408,0.612231,-7.18566,-0.333333,0.0229558,-0.071862,0.592937,12.9167,7.25,0,0,2.33333,5.91667,0.125,-6.62397,0.0001,-0.00298274,0.03987,1.8429,0.142341,49517,0.176768,220.39,1.35791
6580,2.51067,0.195458,0.76146,0.376976,0.00460533,0.000624077,0.00460533,0.193365,0.170424,0.585013,0.776292,0.050657,0.0245927,0.0481916,0.23636,0.0524209,0,1.01742,0.083002,2.1938,0.192025,0,0.0752542,0.571886,4.69606,0.66416,0.422031,0.59513,2.36115,0.200978,0.233616,0,0.800422,0.292696,0,-0.00055597,0.246707,0.967594,0.251908,0.0494243,0.0513874,0.00463204,0.00389005,0.432937,0.0480977,5.41889,-0.31093,10.43,0.659303,0.61537,-7.50008,-0.333333,0.0228946,-0.0715434,0.606978,11.75,7.45833,0,0,2.16667,7.125,0.0416667,-6.62452,0.0001,-0.00220381,0.0415505,1.87674,0.139705,48751,0.176798,217.46,1.36276
6581,2.48348,0.202539,0.788541,0.386513,0.00461121,0.00065965,0.00461121,0.200842,0.177825,0.584645,0.807121,0.0503582,0.02527,0.0480124,0.238006,0.0474557,0,1.02342,0.0875733,2.1819,0.180501,0,0.0717588,0.576459,4.70476,0.665266,0.421319,0.592228,2.35267,0.208801,0.235553,0,0.84455,0.31242,0,-0.00063348,0.235344,0.967434,0.254175,0.0492582,0.0511456,0.0049613,0.00421031,0.438467,0.0479385,5.65341,-0.79226,10.184,0.666386,0.61187,-7.19611,-0.333333,0.0239614,-0.0741647,0.628526,10.7083,6.04167,0,0,2.125,5.54167,0.0833333,-6.62219,0.0001,-0.00199496,0.0434684,1.8644,0.147295,48866,0.176832,219.79,1.45481
6582,2.46633,0.199507,0.771537,0.385597,0.00465559,0.000682396,0.00465559,0.196256,0.174581,0.579884,0.78603,0.0505555,0.0251637,0.048225,0.241539,0.0504877,0,1.03003,0.0853341,2.1629,0.183914,0,0.0730516,0.57087,4.6732,0.661285,0.415736,0.598386,2.37532,0.204858,0.239159,0,0.823487,0.289117,0,-0.000640004,0.24463,0.966934,0.24748,0.0495103,0.0513704,0.00543346,0.00468239,0.438207,0.0481731,5.78418,-0.80844,10.1765,0.667662,0.611025,-7.04269,-0.333333,0.024663,-0.072002,0.606189,13.0417,5.79167,0,0,1.66667,5.83333,0.0416667,-6.62031,0.0001,-0.00174913,0.0494101,1.86001,0.13371,49306,0.176842,218.55,1.24297
6583,2.53944,0.194592,0.749337,0.376439,0.00466433,0.000607499,0.00466433,0.19498,0.169675,0.584829,0.766909,0.0507263,0.0253249,0.0483812,0.237165,0.0507064,0,1.01078,0.0824984,2.16595,0.187601,0,0.073941,0.573552,4.67328,0.661332,0.414661,0.601412,2.38528,0.201658,0.234771,0,0.79433,0.297126,0,-0.00055797,0.246036,0.967029,0.245447,0.0497266,0.0516002,0.00525989,0.00457429,0.438597,0.0483954,5.64293,-0.753578,10.2088,0.667403,0.612309,-7.06615,-0.333333,0.022136,-0.0714181,0.595044,13.5,6.54167,0,0,1.91667,6.08333,0.0833333,-6.61929,0.0001,-0.0022971,0.0436036,1.8701,0.143109,48829,0.176879,216.73,1.28133
6584,2.56789,0.196307,0.764413,0.379043,0.00460942,0.000664451,0.00460942,0.194236,0.171772,0.586004,0.783131,0.0507552,0.024811,0.0483122,0.237051,0.051896,0,1.01836,0.0847704,2.17194,0.185921,0,0.0736936,0.576431,4.70413,0.664551,0.421518,0.595285,2.36658,0.202856,0.234569,0,0.812064,0.295311,0,-0.000591689,0.244621,0.967504,0.250014,0.0495356,0.0515012,0.00529591,0.00456031,0.43658,0.0482138,5.54326,-0.427256,10.3866,0.661442,0.610709,-7.41942,-0.333333,0.0240695,-0.0717054,0.610045,12.1667,7.29167,0,0,2.58333,5.79167,0.0833333,-6.61765,0.0001,-0.0017511,0.0458257,1.83371,0.141384,49771,0.176913,218.18,1.40173
6585,2.58259,0.201786,0.774009,0.376632,0.00460458,0.000598192,0.00460458,0.204113,0.17415,0.580544,0.795947,0.0505804,0.0251141,0.0481864,0.237364,0.0465618,0,1.02265,0.0874626,2.21202,0.180057,0,0.0719889,0.579649,4.70038,0.664438,0.422133,0.592974,2.35325,0.209504,0.234807,0,0.818106,0.325502,0,-0.000661083,0.236139,0.967409,0.254046,0.0493327,0.0512759,0.00476397,0.00403474,0.432557,0.0480047,5.50881,-0.666499,10.2437,0.665269,0.61139,-7.32521,-0.333333,0.0219739,-0.0753063,0.612344,12.375,7.08333,0,0,2.125,6.04167,0.0416667,-6.6182,0.0001,-0.0016465,0.0477148,1.83454,0.145121,49657,0.176934,217.05,1.32207
6586,2.55468,0.202951,0.786693,0.386105,0.00461524,0.000662599,0.00461524,0.199627,0.176507,0.581174,0.806249,0.0506906,0.0251031,0.0482884,0.238755,0.0491123,0,1.02723,0.0886065,2.17624,0.183862,0,0.0733106,0.574571,4.69709,0.663371,0.420787,0.595921,2.37473,0.209577,0.236349,0,0.808114,0.352723,0,-0.000596199,0.242424,0.967383,0.251356,0.0494636,0.0514249,0.00491801,0.00418981,0.43346,0.0481352,5.50317,-0.572915,10.3564,0.662139,0.612845,-7.2976,-0.333333,0.0241661,-0.0737567,0.61815,13.7083,7.41667,0,0,3.16667,5.875,0.166667,-6.61994,0.0001,-0.00175659,0.0446054,1.82927,0.137415,49984,0.176921,222.65,1.48079
6587,2.61186,0.198407,0.755959,0.383735,0.0046404,0.000698034,0.0046404,0.199743,0.170516,0.579077,0.7723,0.0511857,0.0243681,0.0486901,0.23998,0.0468612,0.00245098,1.02596,0.083294,2.18104,0.17996,0,0.0736188,0.572418,4.66761,0.661527,0.41763,0.597077,2.37385,0.204408,0.237467,0,0.777753,0.31159,0,-0.000495428,0.238589,0.967465,0.247692,0.0498146,0.0519348,0.00487495,0.00417532,0.434229,0.0485003,5.57988,-0.266228,10.4792,0.659501,0.617911,-7.40894,-0.333333,0.025271,-0.0734145,0.592686,12.4583,7.20833,0,0,2.54167,6.91667,0.125,-6.62308,0.0001,-0.00203223,0.0410513,1.82261,0.138891,50116,0.176902,217.2,1.24949
6588,2.73165,0.201495,0.778013,0.385786,0.00459868,0.000674344,0.00459868,0.199716,0.174513,0.578794,0.795807,0.0505052,0.0252507,0.0481205,0.238161,0.0485625,0,1.02724,0.0864682,2.16641,0.182524,0,0.0725174,0.578866,4.70208,0.665118,0.422865,0.593109,2.36023,0.208293,0.235735,0,0.820752,0.310708,0,-0.000514385,0.240685,0.967251,0.251929,0.0494738,0.0513762,0.00498358,0.00425673,0.435899,0.0481444,5.42205,-0.662403,10.2981,0.664369,0.610789,-7.31375,-0.333333,0.0246585,-0.0740403,0.609689,11.9167,6.79167,0,0,2.33333,5.29167,0.0416667,-6.62416,0.0001,-0.00244683,0.0446236,1.84032,0.137157,49711,0.176931,218.12,1.48093
6589,2.56373,0.199348,0.7749,0.380208,0.00458557,0.0006916,0.00458557,0.198607,0.173348,0.578784,0.796372,0.0503625,0.0251768,0.0479835,0.239125,0.0487781,0,1.03441,0.0877062,2.19615,0.181325,0,0.0722653,0.575743,4.71261,0.666342,0.42451,0.590829,2.35313,0.207953,0.236803,0,0.808692,0.32791,0,-0.000576506,0.241613,0.967372,0.255006,0.0492822,0.0511687,0.00523345,0.00445169,0.43428,0.0479678,5.3198,-0.675458,10.3077,0.663762,0.610978,-7.33396,-0.333333,0.0253528,-0.0738065,0.611205,11.3333,6.75,0,0,2.95833,5.58333,0,-6.62127,0.0001,-0.0025618,0.0469694,1.84085,0.138505,49664,0.176988,221.39,1.31167
6590,2.58979,0.196045,0.751511,0.385859,0.00460465,0.000755801,0.00460465,0.19565,0.167065,0.581476,0.771034,0.0506521,0.0239569,0.0482222,0.238477,0.04765,0,1.02804,0.0833036,2.16863,0.18423,0,0.0729975,0.575121,4.69457,0.663425,0.422116,0.59511,2.37357,0.203509,0.235968,0,0.779125,0.296692,0,-0.000545126,0.24201,0.967426,0.252682,0.0494273,0.0513694,0.00480062,0.00405608,0.433806,0.0481606,5.3706,-0.363788,10.3914,0.660564,0.611941,-7.47185,-0.333333,0.0275335,-0.072766,0.592054,11.1667,8.08333,0,0,2.91667,6.33333,0.25,-6.61701,0.0001,-0.00201581,0.04521,1.85196,0.133202,49519,0.177035,219.32,1.10759
6591,2.55553,0.196178,0.74854,0.382714,0.00464569,0.000724376,0.00464569,0.195843,0.168567,0.580439,0.767662,0.0507553,0.0246762,0.0483564,0.239971,0.047927,0,1.02664,0.0820924,2.18446,0.181922,0,0.0724305,0.575104,4.6905,0.662671,0.417114,0.597892,2.38085,0.203143,0.237498,0,0.777106,0.293141,0,-0.00058687,0.240807,0.966966,0.247795,0.0496124,0.0515247,0.0049104,0.0041071,0.433595,0.048307,5.59613,-0.611581,10.2814,0.66547,0.617735,-7.23395,-0.333333,0.0260413,-0.07221,0.587898,10.9583,6.66667,0,0,2.75,5.375,0.0833333,-6.61284,0.0001,-0.00152006,0.0415566,1.84342,0.139491,49575,0.17712,220.02,1.24404
6592,2.6034,0.194517,0.75476,0.378231,0.00458429,0.00065004,0.00458429,0.196577,0.168462,0.576324,0.773818,0.0503741,0.025288,0.0479857,0.236826,0.049404,0,1.02495,0.0828382,2.20481,0.188835,0,0.0739934,0.576506,4.70881,0.665599,0.424672,0.591519,2.34766,0.202262,0.234408,0,0.793745,0.278341,0,-0.00060563,0.241938,0.967463,0.25561,0.0492356,0.0511298,0.00480677,0.00404746,0.438144,0.047922,5.53095,-0.617333,10.3142,0.662935,0.613303,-7.39878,-0.333333,0.0238273,-0.0730947,0.586087,11.8333,6.66667,0,0,2.375,5.75,0.0416667,-6.61,0.0001,-0.00230327,0.0443363,1.84253,0.137486,49647,0.17714,220.85,1.17332
6593,2.57771,0.202658,0.786652,0.386312,0.004578,0.0007955,0.004578,0.201385,0.17541,0.581537,0.810458,0.0503474,0.0257839,0.0479582,0.238999,0.048094,0,1.03603,0.090496,2.20041,0.179205,0,0.0717484,0.583128,4.71772,0.667197,0.42546,0.591772,2.35022,0.211826,0.236592,0,0.802748,0.353899,0,-0.000629503,0.242319,0.967288,0.254834,0.0492004,0.051123,0.00543885,0.00465034,0.436019,0.0478734,5.31109,-0.674815,10.3208,0.663308,0.611603,-7.34529,-0.333333,0.0291401,-0.0749019,0.619505,11.875,6.75,0,0,2.125,5.08333,0.125,-6.61004,0.0001,-0.00228769,0.0466379,1.8121,0.139151,50379,0.177135,220.77,1.53584
6594,2.41251,0.193788,0.725136,0.374975,0.00463858,0.000686402,0.00463858,0.192009,0.163408,0.585233,0.74125,0.0502337,0.0259355,0.0479529,0.238146,0.050562,0,1.02078,0.0804246,2.20883,0.18911,0,0.0733751,0.570464,4.68889,0.663234,0.417858,0.596699,2.37487,0.200328,0.236123,0,0.764052,0.278168,0,-0.000595975,0.249088,0.966921,0.247274,0.0494184,0.051176,0.00511093,0.00437984,0.433351,0.0480849,5.31102,-1.0474,10.1423,0.670123,0.615924,-6.9559,-0.333333,0.0248518,-0.0707679,0.575501,13.0417,5.95833,0,0,2.125,5.66667,0.0833333,-6.60735,0.0001,-0.00140402,0.0418506,1.85145,0.137996,49412,0.17718,214.89,0.806898
6595,2.52286,0.201746,0.778265,0.386536,0.00461585,0.000715055,0.00461585,0.199123,0.17505,0.585652,0.794289,0.0502869,0.0261012,0.047995,0.239875,0.0464567,0,1.03257,0.0856213,2.20094,0.176945,0,0.0707534,0.577432,4.70373,0.664672,0.420756,0.595903,2.36516,0.208762,0.237571,0,0.825061,0.28646,0,-0.000637022,0.239427,0.966812,0.249661,0.0494352,0.0511533,0.00502807,0.00421501,0.435317,0.0480767,5.41239,-1.05233,10.1429,0.66998,0.612313,-7.03024,-0.333333,0.0260572,-0.0736898,0.621981,13.875,7.04167,0,0,2.29167,5.08333,0.0833333,-6.60431,0.0001,-0.00182874,0.045377,1.84041,0.139761,49644,0.177197,218.86,1.54147
6596,2.56086,0.202324,0.79238,0.383607,0.00453334,0.00072003,0.00453334,0.199024,0.175151,0.574606,0.815168,0.0493769,0.0270397,0.0471623,0.236557,0.0477994,0,1.03705,0.0901558,2.23491,0.1818,0,0.0710811,0.581147,4.73944,0.669995,0.431085,0.58413,2.3236,0.211165,0.234371,0,0.814425,0.337883,0,-0.000813566,0.239019,0.966768,0.261772,0.0485639,0.0501683,0.00471463,0.00391363,0.433057,0.0471759,5.15504,-1.35117,10.0269,0.673273,0.607232,-7.09357,-0.333333,0.0267635,-0.0750185,0.618442,14.0833,6.70833,0,0,2.125,5.875,0.0833333,-6.60466,0.0001,-0.00152798,0.0443952,1.83009,0.142499,49834,0.177183,222.84,1.36045
6597,2.43931,0.197166,0.754917,0.383503,0.0046362,0.000686305,0.0046362,0.194614,0.170171,0.58328,0.771333,0.050423,0.0257878,0.0481563,0.239462,0.0491634,0,1.02681,0.0830591,2.1919,0.181779,0,0.0715418,0.572838,4.68273,0.661321,0.41823,0.59848,2.38248,0.204986,0.237288,0,0.806062,0.298279,0,-0.000592498,0.242546,0.966802,0.247192,0.0496523,0.0513787,0.00532979,0.00455543,0.436392,0.0482956,5.52021,-1.10036,10.0908,0.671546,0.612457,-6.94659,-0.333333,0.0250437,-0.0718192,0.592197,12.3333,5.54167,0,0,1.79167,5.66667,0.125,-6.60561,0.0001,-0.0020301,0.0436318,1.87018,0.140527,48890,0.177206,217.32,1.36027
6598,2.46631,0.200075,0.77202,0.386349,0.00457707,0.00073956,0.00457707,0.195435,0.172235,0.585762,0.797172,0.0498504,0.0265914,0.0475913,0.237939,0.0493187,0,1.03179,0.0872962,2.20532,0.1828,0,0.0722827,0.57794,4.71606,0.666841,0.425577,0.589546,2.34394,0.209639,0.235875,0,0.827843,0.31201,0,-0.000682306,0.243477,0.967251,0.25568,0.0490041,0.0507252,0.0050355,0.00429005,0.435583,0.0476232,5.27191,-1.15824,10.0723,0.670786,0.6053,-7.06441,-0.333333,0.0267841,-0.0726953,0.618353,12.5417,5.91667,0,0,2.16667,5.25,0.208333,-6.60717,0.0001,-0.00190355,0.0429517,1.85399,0.134384,49439,0.177182,224.12,1.50262
6599,2.47297,0.197648,0.765983,0.385184,0.00463143,0.000759891,0.00463143,0.198629,0.172997,0.583091,0.782589,0.0506215,0.0253423,0.0482577,0.240474,0.048651,0,1.02987,0.0849116,2.19427,0.183522,0,0.072695,0.572656,4.6835,0.662195,0.418755,0.597515,2.37445,0.204461,0.238263,0,0.822575,0.30747,0,-0.000614235,0.242021,0.966945,0.247039,0.0495876,0.0514553,0.00499488,0.00425478,0.43447,0.048241,5.42422,-0.850537,10.2409,0.667513,0.617535,-7.09557,-0.333333,0.0272891,-0.0729296,0.603666,11.625,6.20833,0,0,2.54167,5.79167,0.0416667,-6.60948,0.0001,-0.00221471,0.0422994,1.85216,0.135242,49463,0.177204,219.41,1.37661
6600,2.47121,0.196859,0.748811,0.384403,0.00463668,0.000707543,0.00463668,0.194556,0.16873,0.580424,0.767077,0.0502804,0.0259138,0.0480544,0.239496,0.0483254,0,1.02564,0.0831951,2.21095,0.184582,0,0.0713008,0.573021,4.6931,0.663408,0.418104,0.596667,2.37556,0.205319,0.237272,0,0.763626,0.274771,0,-0.000684584,0.242228,0.966629,0.245804,0.0495998,0.0511667,0.00477339,0.00398168,0.432983,0.0481873,5.3409,-1.19451,10.0572,0.67323,0.612547,-6.87439,-0.333333,0.0255075,-0.071598,0.587895,13.2917,5.875,0,0,2,5.41667,0.208333,-6.60867,0.0001,-0.00188959,0.0417062,1.87545,0.144879,48657,0.177214,225.53,1.28639
6601,2.43429,0.199281,0.761847,0.383736,0.00462688,0.000755858,0.00462688,0.192807,0.171528,0.586176,0.779347,0.0499844,0.02636,0.0477829,0.239308,0.0526761,0,1.02711,0.0846838,2.19895,0.185846,0,0.0714798,0.577669,4.69764,0.664281,0.419386,0.597192,2.36457,0.206233,0.237074,0,0.789495,0.312516,0,-0.000696169,0.250602,0.967299,0.246141,0.0493772,0.0508976,0.00575975,0.00497228,0.435967,0.04801,5.2767,-1.19377,10.0057,0.673764,0.607025,-6.90345,-0.333333,0.0273577,-0.0711331,0.602685,11.0833,4.5,0,0,1.29167,4.375,0.208333,-6.60988,0.0001,-0.00168793,0.0426105,1.88873,0.144981,48337,0.177205,220.23,1.42304
6602,2.56697,0.199955,0.773616,0.385673,0.00458351,0.000740964,0.00458351,0.19822,0.172797,0.579877,0.790663,0.0502592,0.0257902,0.0479492,0.239048,0.0490311,0.00231481,1.03497,0.0853107,2.18002,0.181889,0,0.0714225,0.580193,4.71082,0.664778,0.424769,0.592858,2.3597,0.208425,0.236795,0,0.814027,0.289587,0,-0.000625261,0.23881,0.967016,0.251352,0.0494721,0.0511023,0.00482047,0.00407159,0.432265,0.0480633,5.33939,-0.985002,10.1872,0.668276,0.608818,-7.16908,-0.333333,0.0270844,-0.0736931,0.607696,12.3333,6.41667,0,0,2.25,4.83333,0.208333,-6.61203,0.0001,-0.00179833,0.0484047,1.90812,0.144701,47887,0.177217,224.57,1.48982
6603,2.44701,0.200525,0.770332,0.382119,0.00460018,0.000721664,0.00460018,0.198869,0.172809,0.578072,0.789424,0.0498103,0.0260882,0.0476248,0.238245,0.0474482,0,1.03035,0.0862877,2.20124,0.182965,0,0.0706239,0.578955,4.70473,0.665772,0.422712,0.593302,2.35359,0.208659,0.236279,0,0.812762,0.297298,0,-0.00068099,0.240093,0.966417,0.251167,0.0492157,0.0507562,0.00478871,0.00405959,0.432208,0.0478209,5.25494,-1.44114,9.98565,0.675596,0.608892,-6.8431,-0.333333,0.026422,-0.0737576,0.603321,14.25,6.08333,0,0,2.33333,5,0.125,-6.61237,0.0001,-0.00191852,0.0450969,1.93956,0.145241,47152,0.177227,216.36,1.05232
6604,2.52889,0.200167,0.76639,0.385279,0.00464064,0.000678522,0.00464064,0.196916,0.173439,0.583866,0.784619,0.0505985,0.0254695,0.0483104,0.24196,0.0478809,0,1.03457,0.0856254,2.18727,0.18214,0,0.0716324,0.572451,4.67437,0.660844,0.41762,0.59843,2.37896,0.207775,0.239635,0,0.83244,0.307094,0,-0.000581935,0.241583,0.966827,0.244216,0.0498289,0.0515229,0.00520158,0.00442343,0.434471,0.0484519,5.49011,-0.990309,10.1653,0.669008,0.611468,-6.98742,-0.333333,0.0245537,-0.072341,0.603902,15.2917,7,0,0,2.41667,5.79167,0.25,-6.61034,0.0001,-0.00264995,0.0434791,1.92624,0.140919,47555,0.177233,217.77,1.19926
6605,2.50276,0.200657,0.77106,0.386972,0.00457305,0.000702697,0.00457305,0.197509,0.171323,0.581556,0.786652,0.0499993,0.025663,0.0477368,0.238089,0.0490102,0,1.03536,0.0846472,2.18584,0.18086,0,0.0712125,0.581187,4.72286,0.666801,0.426177,0.590191,2.3524,0.207628,0.235843,0,0.803052,0.301391,0,-0.000696223,0.239521,0.967228,0.254601,0.049197,0.0507887,0.00453876,0.00384024,0.430464,0.047807,5.17928,-1.01662,10.1385,0.668562,0.605656,-7.17605,-0.333333,0.0260477,-0.0738748,0.608221,12.125,5.70833,0,0,2.41667,4.91667,0.208333,-6.60765,0.0001,-0.0015784,0.0427944,1.88971,0.143119,48358,0.177257,223.15,1.4965
6606,2.48467,0.194143,0.74468,0.376701,0.00460951,0.000657299,0.00460951,0.195742,0.166814,0.578971,0.761821,0.050252,0.0249825,0.0479375,0.238584,0.0500964,0,1.02907,0.0819899,2.18828,0.188515,0,0.0740155,0.575858,4.68901,0.663314,0.421506,0.594089,2.36683,0.201394,0.23652,0,0.773679,0.305147,0,-0.000561199,0.241748,0.966798,0.250323,0.0494026,0.0511373,0.0049342,0.00425132,0.434363,0.0480426,5.55086,-0.936337,10.1997,0.66847,0.616338,-7.12564,-0.333333,0.024224,-0.0725331,0.583377,11.6667,6.08333,0,0,2.45833,4.95833,0.166667,-6.60322,0.0001,-0.00245245,0.0434049,1.86918,0.146891,48760,0.177315,222.66,1.36213
6607,2.50171,0.196015,0.747902,0.378844,0.00458294,0.000673966,0.00458294,0.19931,0.166364,0.580892,0.765591,0.0501539,0.0256219,0.0478614,0.237353,0.047581,0,1.02933,0.0823712,2.20176,0.181971,0,0.0715164,0.578984,4.7029,0.664273,0.424863,0.592354,2.35904,0.204442,0.235225,0,0.793504,0.293452,0,-0.000687567,0.237465,0.966804,0.253263,0.0492709,0.0509275,0.00482286,0.00407432,0.432019,0.0478683,5.39775,-1.07247,10.1363,0.670915,0.610302,-7.14376,-0.333333,0.0244876,-0.0743467,0.590719,12.0417,6.5,0,0,2.625,5,0.166667,-6.59934,0.0001,-0.00218255,0.042313,1.87862,0.146724,48537,0.177347,221.61,1.21795
6608,2.59252,0.197558,0.75697,0.384268,0.00460228,0.000687483,0.00460228,0.199023,0.168835,0.580684,0.775834,0.0506624,0.0246003,0.0482485,0.239379,0.0482424,0,1.03374,0.0842897,2.18776,0.183417,0,0.074018,0.572697,4.68937,0.663203,0.422414,0.593323,2.36999,0.204243,0.237039,0,0.777789,0.313989,0,-0.000528439,0.238765,0.967178,0.250897,0.0496392,0.0514684,0.00478445,0.00405869,0.432504,0.0482794,5.58338,-0.64485,10.3519,0.663817,0.619891,-7.34378,-0.333333,0.025568,-0.0740578,0.600918,12.8333,7.41667,0,0,3.16667,5.625,0.0416667,-6.59969,0.0001,-0.00234275,0.0411056,1.88021,0.136112,48754,0.177321,220.02,1.45279
6609,2.55708,0.197089,0.750366,0.383366,0.00454998,0.000668398,0.00454998,0.1974,0.166474,0.57395,0.770641,0.0501065,0.0252729,0.0477404,0.236178,0.0497674,0,1.02972,0.0820368,2.206,0.185515,0,0.0730617,0.577318,4.71823,0.668028,0.428977,0.585002,2.33246,0.205128,0.233873,0,0.787254,0.275324,0,-0.0006782,0.238403,0.967351,0.258449,0.0490183,0.0508097,0.00476358,0.00404978,0.435669,0.0476798,5.46153,-0.8365,10.2373,0.665838,0.60831,-7.3859,-0.333333,0.0246657,-0.0740764,0.583975,12.25,6.54167,0,0,2.45833,6.5,0.166667,-6.6024,0.0001,-0.00200569,0.0449124,1.89118,0.147366,48222,0.177287,224.95,1.15783
6610,2.42022,0.195593,0.760012,0.376031,0.00458224,0.000649807,0.00458224,0.197212,0.168872,0.57809,0.778948,0.0502158,0.0245104,0.0479075,0.23702,0.0482798,0,1.02672,0.0843562,2.20037,0.182726,0,0.0719853,0.576861,4.7085,0.665236,0.424929,0.590912,2.35498,0.203045,0.234477,0,0.802018,0.324947,0,-0.000639794,0.23606,0.967649,0.255226,0.0492645,0.0509165,0.00458678,0.00384263,0.434203,0.0479124,5.53534,-0.725918,10.1986,0.666286,0.604989,-7.36354,-0.333333,0.0238246,-0.0736722,0.599845,10.625,5.79167,0,0,2.375,6.16667,0.458333,-6.60479,0.0001,-0.00247066,0.0456172,1.8756,0.136567,48854,0.177293,220.98,1.42916
6611,2.55692,0.19495,0.744482,0.381864,0.00464077,0.000685034,0.00464077,0.196693,0.167341,0.581575,0.760724,0.0508482,0.0246162,0.0484709,0.239106,0.0489536,0,1.02456,0.0811718,2.18974,0.179787,0,0.0724613,0.574156,4.68071,0.661165,0.417592,0.598101,2.38458,0.201775,0.236787,0,0.783842,0.264568,0,-0.000609259,0.240605,0.967211,0.246086,0.0497623,0.0515817,0.00501325,0.00432047,0.432681,0.0484129,5.4691,-0.690843,10.2939,0.665685,0.614376,-7.18388,-0.333333,0.0248125,-0.0726292,0.588201,12.0417,6.58333,0,0,2.375,5.08333,0.0416667,-6.60705,0.0001,-0.00256079,0.0442464,1.86226,0.140473,49084,0.177281,220.01,1.4117
6612,2.63152,0.198205,0.757884,0.382625,0.00461407,0.000723117,0.00461407,0.195767,0.169773,0.578408,0.776761,0.0505344,0.0247663,0.0481673,0.240107,0.0492784,0,1.03333,0.0843473,2.17614,0.18673,0,0.0732079,0.577808,4.69686,0.663766,0.420956,0.596095,2.36799,0.205342,0.237683,0,0.797214,0.30698,0,-0.00066278,0.244001,0.967012,0.248707,0.049495,0.0512971,0.00518242,0.00441598,0.433242,0.0481675,5.57956,-0.760031,10.2786,0.665601,0.613847,-7.21349,-0.333333,0.0264175,-0.0726071,0.590172,13.5,7.66667,0,0,2.70833,6,0.166667,-6.60813,0.0001,-0.00177355,0.0449863,1.89407,0.144785,48215,0.177283,216.92,1.10391
6613,2.49232,0.199841,0.763166,0.379166,0.00462531,0.000694729,0.00462531,0.199,0.171431,0.584311,0.781598,0.0499889,0.0262123,0.0477832,0.238852,0.0506375,0,1.02859,0.0855733,2.20558,0.186303,0,0.071873,0.577935,4.69948,0.663813,0.419637,0.595186,2.37084,0.207345,0.236897,0,0.803581,0.276525,0,-0.000641098,0.24278,0.966267,0.249608,0.0493685,0.0509448,0.00502857,0.00431038,0.435854,0.0479327,5.49319,-1.38264,9.97649,0.675543,0.608823,-6.80684,-0.333333,0.0253457,-0.0737286,0.604337,14.6667,6.08333,0,0,1.95833,4.70833,0.166667,-6.60555,0.0001,-0.00111987,0.042448,1.90092,0.147,48001,0.177357,222.87,1.43495
6614,2.52057,0.197131,0.761934,0.379622,0.00461295,0.000671879,0.00461295,0.195744,0.170522,0.58009,0.788843,0.0501721,0.026426,0.0478967,0.238217,0.0507807,0,1.02643,0.0874243,2.19948,0.186517,0,0.0729127,0.575483,4.7001,0.663451,0.421081,0.595691,2.36492,0.206474,0.23606,0,0.772764,0.326541,0,-0.00065372,0.244163,0.966457,0.248581,0.0494526,0.0510959,0.00491129,0.00415917,0.435141,0.0480256,5.40964,-1.18408,10.0933,0.672448,0.610515,-6.95052,-0.333333,0.0244343,-0.0725012,0.602829,13.1667,6.16667,0,0,1.45833,4.875,0.0833333,-6.60054,0.0001,-0.00170479,0.043611,1.87223,0.14123,48823,0.177381,218.48,1.49364
6615,2.56718,0.19757,0.769739,0.382755,0.00460295,0.000664153,0.00460295,0.198412,0.172426,0.577088,0.788114,0.05016,0.0261923,0.0478936,0.23797,0.0481691,0,1.02634,0.0851157,2.19374,0.182825,0,0.071276,0.577947,4.70141,0.665004,0.422329,0.59374,2.36108,0.205266,0.23588,0,0.827644,0.328965,0,-0.000661064,0.238776,0.966614,0.250257,0.0494341,0.0510335,0.00479955,0.00406923,0.434919,0.0479959,5.42368,-1.17455,10.0985,0.67207,0.609961,-6.99691,-0.333333,0.0239544,-0.073553,0.60038,12.3333,5.625,0,0,2.08333,5,0.125,-6.59932,0.0001,-0.00149255,0.0440262,1.90151,0.147498,47976,0.177385,224.23,1.39691
6616,2.61408,0.202124,0.791423,0.38943,0.00458711,0.000734118,0.00458711,0.201146,0.176603,0.578677,0.810933,0.0505512,0.0248252,0.0481579,0.238835,0.0478457,0,1.03314,0.0885544,2.21824,0.180804,0,0.0725641,0.577573,4.70598,0.664868,0.424347,0.591602,2.3608,0.21036,0.236321,0,0.841877,0.320013,0,-0.000561757,0.236015,0.967083,0.254058,0.0494674,0.0513282,0.00463207,0.00393639,0.434065,0.0481088,5.48561,-0.645783,10.334,0.663529,0.611687,-7.35956,-0.333333,0.0266817,-0.0748429,0.619478,12.5,7.45833,0,0,2.20833,5.875,0.0833333,-6.59775,0.0001,-0.0022259,0.0410848,1.89604,0.146627,48125,0.177426,219.8,1.3222
6617,2.51464,0.198227,0.767219,0.385067,0.00462575,0.000745021,0.00462575,0.198,0.172225,0.578139,0.784042,0.0503844,0.0258741,0.0481177,0.238854,0.0468732,0,1.02671,0.0842438,2.19968,0.18079,0,0.0708624,0.575449,4.69947,0.664475,0.419468,0.593829,2.35495,0.205337,0.23667,0,0.81081,0.297766,0,-0.00064987,0.240248,0.966341,0.247994,0.0496185,0.0512483,0.00460234,0.00393096,0.431137,0.0481832,5.34458,-1.07848,10.1423,0.670076,0.610301,-6.95893,-0.333333,0.0270492,-0.0732352,0.599795,13.7083,5.875,0,0,1.58333,4.79167,0.208333,-6.59643,0.0001,-0.00206005,0.0454187,1.91452,0.141598,47810,0.177448,219.16,1.39606
6618,2.50113,0.198187,0.751174,0.378102,0.00461238,0.000714575,0.00461238,0.199037,0.167748,0.580434,0.771018,0.050068,0.0256115,0.0478228,0.239252,0.0499028,0,1.0316,0.0848949,2.22677,0.184926,0,0.0720377,0.571207,4.70095,0.663663,0.421196,0.594847,2.37387,0.205721,0.236917,0,0.780554,0.321618,0,-0.000655005,0.24317,0.966311,0.250973,0.0493058,0.050954,0.00470684,0.00394317,0.433762,0.0478626,5.40025,-1.06993,10.1084,0.671743,0.612534,-6.97817,-0.333333,0.0260821,-0.0738658,0.589403,13.9583,7.25,0,0,2.04167,5.33333,0.333333,-6.59328,0.0001,-0.00212253,0.0450076,1.87557,0.145873,48630,0.177464,219.93,1.18002
6619,2.47042,0.194832,0.736104,0.386195,0.00465054,0.00076714,0.00465054,0.192012,0.165626,0.580885,0.75291,0.0502287,0.0264724,0.0480442,0.24092,0.0496364,0,1.0321,0.0800307,2.19688,0.183038,0,0.0704055,0.574445,4.68153,0.66152,0.416379,0.599503,2.38558,0.202363,0.239003,0,0.79078,0.256979,0,-0.000615384,0.245459,0.966415,0.243562,0.0497323,0.0512629,0.00515251,0.0044184,0.432854,0.0482898,5.3402,-1.43574,9.93871,0.677423,0.609902,-6.68031,-0.333333,0.027874,-0.0710348,0.577291,13.625,5.125,0,0,1.70833,4.875,0.291667,-6.59034,0.0001,-0.00216028,0.0478325,1.86973,0.143721,48823,0.177484,219.21,1.05996
6620,2.64235,0.19684,0.776986,0.379209,0.00460809,0.000697561,0.00460809,0.197701,0.173357,0.57708,0.795712,0.0505344,0.0258263,0.0481894,0.236853,0.0475157,0,1.02166,0.0867373,2.20559,0.178674,0,0.0713266,0.57654,4.69531,0.664248,0.421712,0.592362,2.36009,0.203879,0.234503,0,0.810344,0.33956,0,-0.000624424,0.237478,0.966778,0.250079,0.0495905,0.0513284,0.0046636,0.00393858,0.430927,0.0481834,5.35595,-0.869825,10.1942,0.669879,0.612546,-7.18122,-0.333333,0.0254386,-0.0735204,0.599855,12.75,6.58333,0,0,2.20833,4.875,0.0833333,-6.58926,0.0001,-0.00260289,0.045081,1.89702,0.142024,48210,0.177483,218.09,1.47107
6621,2.52625,0.201051,0.766405,0.386017,0.00464218,0.000722211,0.00464218,0.199594,0.172931,0.580537,0.788526,0.0504675,0.0259277,0.0481683,0.241539,0.0468856,0,1.03416,0.0864162,2.20293,0.178904,0,0.071214,0.576178,4.68726,0.663085,0.41745,0.596046,2.36151,0.209073,0.239323,0,0.820054,0.302865,0,-0.000616032,0.240325,0.966834,0.247337,0.0496323,0.0513602,0.00520148,0.00450188,0.435559,0.0482598,5.59622,-1.14142,10.0797,0.672223,0.611418,-6.93971,-0.333333,0.026108,-0.0734717,0.594588,13.7917,6.41667,0,0,1.95833,5.29167,0.0833333,-6.58837,0.0001,-0.00230953,0.0441773,1.89063,0.143427,48329,0.177526,218.54,1.39127
6622,2.5036,0.199502,0.762992,0.378876,0.0046518,0.000695891,0.0046518,0.194057,0.172434,0.582557,0.784323,0.0505129,0.0266916,0.0482638,0.240649,0.0517414,0,1.02745,0.0865001,2.20721,0.185661,0,0.0721471,0.567438,4.66424,0.659879,0.416199,0.599959,2.38124,0.20689,0.238385,0,0.798784,0.326295,0,-0.000612194,0.249223,0.96627,0.243377,0.0498663,0.0514883,0.00588929,0.00512804,0.435386,0.0484639,5.53725,-1.1807,10.0883,0.672956,0.615672,-6.82785,-0.333333,0.0250252,-0.0713008,0.601196,14.25,6.08333,0,0,1.41667,4.54167,0.0833333,-6.58861,0.0001,-0.000947189,0.0443962,1.90508,0.141278,48038,0.177478,217.78,1.39509
6623,2.60604,0.204135,0.787729,0.388128,0.0045739,0.000764906,0.0045739,0.201673,0.175594,0.57633,0.806817,0.0500429,0.0264741,0.0477505,0.240137,0.0472581,0,1.04154,0.0887802,2.22328,0.175023,0,0.0703138,0.579457,4.72235,0.666995,0.425975,0.589478,2.34525,0.212293,0.237889,0,0.804223,0.33012,0,-0.000688053,0.238168,0.966823,0.254653,0.0492104,0.0508941,0.00512387,0.00441838,0.434056,0.0478,5.34372,-1.13312,10.1113,0.670362,0.606718,-7.12283,-0.333333,0.0278093,-0.075242,0.615821,13.0833,6.54167,0,0,1.83333,5.75,0,-6.58951,0.0001,-0.00185781,0.0422983,1.88223,0.142068,48562,0.177458,223.28,1.52617
6624,2.57229,0.199916,0.762678,0.386283,0.00462464,0.00079949,0.00462464,0.195456,0.170861,0.582157,0.777374,0.0508221,0.0254057,0.0484275,0.240292,0.0512841,0,1.03254,0.0851065,2.20054,0.185343,0,0.0738533,0.571363,4.68621,0.662513,0.419688,0.595331,2.3672,0.206032,0.237883,0,0.789035,0.293871,0,-0.000530674,0.246949,0.966945,0.248759,0.0497875,0.0517129,0.00553125,0.00482049,0.436087,0.0484372,5.63858,-0.751189,10.27,0.665816,0.615506,-7.19986,-0.333333,0.0292312,-0.0724467,0.598834,12.125,6.91667,0,0,1.875,5.16667,0.0416667,-6.58757,0.0001,-0.00214977,0.045586,1.89833,0.142963,48157,0.177497,216.72,1.37198
6625,2.6042,0.198974,0.75476,0.382147,0.00458818,0.000714009,0.00458818,0.198722,0.168226,0.574715,0.770069,0.0503516,0.0259762,0.0480079,0.239317,0.0495932,0,1.03458,0.0835635,2.19966,0.183013,0,0.0726354,0.57634,4.70738,0.665582,0.424183,0.58927,2.34561,0.205429,0.236949,0,0.785722,0.304429,0,-0.00063794,0.241988,0.966758,0.252359,0.0494097,0.0511599,0.00543526,0.00473169,0.434961,0.0480431,5.44931,-0.956357,10.1604,0.669933,0.609572,-7.20983,-0.333333,0.0260819,-0.0737235,0.588187,13.7917,7.20833,0,0,1.58333,4.95833,0.25,-6.5839,0.0001,-0.0016426,0.0452303,1.89787,0.145239,48115,0.177524,220.04,1.04271
6626,2.6436,0.20042,0.758808,0.385993,0.00461925,0.000765794,0.00461925,0.198062,0.170554,0.581342,0.775359,0.0510775,0.0245309,0.0485788,0.241765,0.0490242,0.00277778,1.03793,0.0840398,2.18838,0.184006,0,0.0745099,0.57133,4.68586,0.662504,0.420362,0.594728,2.36363,0.206703,0.239083,0,0.792587,0.285629,0,-0.000512884,0.242173,0.967121,0.248536,0.0498094,0.0518036,0.0050134,0.00428846,0.433144,0.048496,5.67447,-0.388175,10.4373,0.659934,0.618077,-7.46633,-0.333333,0.0278499,-0.0731905,0.595265,12.4583,8.125,0,0,1.70833,6.125,0.0833333,-6.58129,0.0001,-0.00206069,0.0457464,1.87717,0.145353,48604,0.17761,220.23,1.28145
6627,2.61644,0.19494,0.740227,0.383584,0.00461529,0.000697333,0.00461529,0.192066,0.165296,0.580048,0.755056,0.0507136,0.0252354,0.0483299,0.239034,0.050829,0,1.02836,0.0803494,2.20493,0.186384,0,0.0742499,0.569983,4.69206,0.663082,0.420792,0.596029,2.37014,0.200783,0.236472,0,0.74458,0.287252,0,-0.000521597,0.247781,0.967158,0.248899,0.0497051,0.0515445,0.00539341,0.00470126,0.433149,0.048373,5.47738,-0.701649,10.2592,0.666508,0.613096,-7.29131,-0.333333,0.0253203,-0.0713511,0.581238,12.75,7.79167,0,0,1.875,5.95833,0.25,-6.57408,0.0001,-0.000839691,0.0473758,1.93795,0.135898,47401,0.177714,220.85,1.15483
6628,2.67838,0.195933,0.742099,0.381941,0.00461502,0.000745504,0.00461502,0.193854,0.1664,0.582607,0.756611,0.0508155,0.0248487,0.0484067,0.239276,0.0504562,0,1.02872,0.0811441,2.19746,0.187612,0,0.0739307,0.567713,4.6759,0.661091,0.420815,0.59623,2.37668,0.202497,0.236787,0,0.767659,0.261397,0,-0.000529957,0.24761,0.966834,0.247241,0.0497749,0.0516569,0.00516253,0.00444018,0.432531,0.0484183,5.47804,-0.643908,10.3501,0.662976,0.617513,-7.27754,-0.333333,0.0270732,-0.071853,0.587816,12.4167,7.375,0,0,1.45833,5.375,0.125,-6.5713,0.0001,-0.0016746,0.0448418,1.94177,0.144762,47113,0.177716,217,1.31146
6629,2.67475,0.203224,0.776717,0.392276,0.00459459,0.000804409,0.00459459,0.200108,0.174153,0.577086,0.789943,0.0505262,0.0255824,0.0481891,0.241363,0.0477805,0,1.04199,0.0852149,2.2005,0.181874,0,0.0720885,0.577221,4.70822,0.664866,0.423382,0.592594,2.35927,0.208976,0.238936,0,0.825883,0.301363,0,-0.000574713,0.240183,0.966998,0.250111,0.049715,0.0513872,0.00516817,0.0044191,0.434312,0.0483396,5.41692,-0.943394,10.2113,0.666839,0.608564,-7.19219,-0.333333,0.0293594,-0.0742086,0.60679,12.875,6.79167,0,0,1.45833,5.20833,0.208333,-6.57293,0.0001,-0.00272072,0.04639,1.90919,0.143976,47879,0.177733,221.74,1.14785
6630,2.64145,0.200661,0.76455,0.389099,0.00462017,0.000754072,0.00462017,0.194908,0.171191,0.580917,0.779881,0.050523,0.0262966,0.0481972,0.241082,0.0490736,0,1.03707,0.0848233,2.20834,0.184565,0,0.0729628,0.574342,4.68028,0.66143,0.420203,0.596325,2.37515,0.206991,0.238844,0,0.780339,0.302373,0,-0.000601699,0.243946,0.966127,0.246086,0.0497832,0.0514221,0.00486567,0.00412756,0.430174,0.0483401,5.40846,-1.12076,10.1584,0.67123,0.614396,-7.02201,-0.333333,0.0273775,-0.0722132,0.605793,13.7917,7.25,0,0,1.58333,4.5,0.208333,-6.57359,0.0001,-0.00230152,0.0443307,1.91528,0.149172,47617,0.177734,222.18,1.19808
6631,2.61292,0.200658,0.765559,0.388234,0.00460512,0.000716158,0.00460512,0.199665,0.171189,0.580371,0.782103,0.0506109,0.0259274,0.0482836,0.240436,0.0464656,0.00208333,1.03632,0.0841816,2.20558,0.179005,0,0.0720745,0.575291,4.69652,0.66308,0.422057,0.595512,2.37266,0.207071,0.238069,0,0.805829,0.303588,0,-0.00059335,0.236782,0.96689,0.248246,0.0497867,0.0514878,0.00475693,0.00403014,0.428977,0.0483715,5.35814,-1.05548,10.1672,0.669595,0.613617,-7.06827,-0.333333,0.0261983,-0.0739459,0.602551,12.9167,7,0,0,1.45833,4.75,0.0833333,-6.57634,0.0001,-0.00254935,0.0449767,1.88935,0.143888,48348,0.177703,223.15,1.45562
6632,2.61138,0.202311,0.776864,0.391638,0.00458505,0.00080394,0.00458505,0.198252,0.173497,0.578561,0.796921,0.0503882,0.0252786,0.0480584,0.239922,0.0482355,0,1.03746,0.0875494,2.20836,0.180712,0,0.0725872,0.577268,4.70479,0.66497,0.424576,0.59011,2.35505,0.210562,0.237416,0,0.808356,0.332181,0,-0.000609217,0.241786,0.966799,0.251597,0.0494989,0.0512414,0.00501407,0.00426503,0.433083,0.0481212,5.44253,-0.994246,10.2135,0.666964,0.608056,-7.17975,-0.333333,0.0292763,-0.0735044,0.604106,12.625,7.20833,0,0,1.54167,4.95833,0.25,-6.57932,0.0001,-0.00256989,0.0457972,1.8926,0.1385,48399,0.177672,220.81,1.39654
6633,2.59655,0.198351,0.765851,0.387008,0.0046104,0.000826251,0.0046104,0.195646,0.171176,0.580729,0.779774,0.050305,0.0262555,0.0480476,0.240699,0.0496529,0,1.03713,0.0844646,2.21832,0.182705,0,0.0715417,0.577025,4.69056,0.663131,0.421394,0.597237,2.36533,0.206683,0.238399,0,0.775846,0.306889,0,-0.000597062,0.24337,0.966545,0.24529,0.0497711,0.0512995,0.00547605,0.00469768,0.433173,0.0483533,5.40744,-1.30638,10.0903,0.67167,0.608925,-6.92683,-0.333333,0.0301042,-0.0727098,0.596519,12.625,6.125,0,0,0.958333,4.125,0.208333,-6.58192,0.0001,-0.00206412,0.0467864,1.94311,0.14472,47084,0.177621,220.58,1.27439
6634,2.58783,0.199591,0.765347,0.386976,0.00460578,0.000706813,0.00460578,0.198512,0.171283,0.580716,0.780095,0.050183,0.0267263,0.0479444,0.238434,0.0491874,0.00231481,1.03083,0.0838159,2.22457,0.184232,0,0.0720302,0.578454,4.69464,0.663811,0.422049,0.595109,2.36472,0.206919,0.236312,0,0.821862,0.269188,0,-0.00060328,0.239534,0.966243,0.247867,0.0496444,0.0511612,0.00487798,0.0041622,0.434058,0.0481866,5.46169,-1.40581,10.0371,0.675126,0.608227,-6.88606,-0.333333,0.0259512,-0.0737318,0.602479,14.3333,6.79167,0,0,0.958333,3.79167,0.208333,-6.58469,0.0001,-0.00159719,0.0508033,1.89568,0.14192,48244,0.17759,218.44,1.3486
6635,2.57001,0.200932,0.769348,0.388586,0.00459049,0.000756172,0.00459049,0.20169,0.171022,0.580537,0.79361,0.0502633,0.0262147,0.0480146,0.239986,0.0472412,0,1.03973,0.0865447,2.22181,0.178246,0,0.0704996,0.575828,4.70884,0.664818,0.423908,0.594213,2.36424,0.210841,0.23784,0,0.828275,0.307888,0,-0.000643771,0.236184,0.966625,0.249665,0.0495916,0.0511437,0.00484277,0.00409709,0.430502,0.0481578,5.39751,-1.30876,10.0643,0.672466,0.607069,-6.98968,-0.333333,0.0276071,-0.0751224,0.603289,13.8333,6.58333,0,0,1.29167,4.95833,0.125,-6.58515,0.0001,-0.00257592,0.0476328,1.8871,0.154188,48157,0.177614,220.15,1.31874
6636,2.53415,0.200633,0.763214,0.391505,0.0046503,0.000779401,0.0046503,0.198953,0.172129,0.577236,0.779816,0.0509812,0.0247385,0.0486531,0.242725,0.0475132,0,1.03731,0.0854922,2.19789,0.180695,0,0.0722819,0.569591,4.6645,0.659554,0.416425,0.59956,2.39192,0.20696,0.240376,0,0.796062,0.286217,0,-0.000517478,0.240623,0.966701,0.242403,0.0501663,0.0518876,0.00504553,0.00432478,0.427529,0.0487999,5.57544,-0.841242,10.2481,0.665667,0.609405,-7.05721,-0.333333,0.0283106,-0.0731506,0.592986,12.75,6.45833,0,0,1.16667,5.5,0.166667,-6.58319,0.0001,-0.00187096,0.0482868,1.93736,0.1429,47255,0.177654,223.05,1.44104
6637,2.49641,0.196253,0.753102,0.382109,0.00459599,0.000752359,0.00459599,0.195153,0.167213,0.579275,0.769676,0.0502855,0.0260208,0.0479805,0.238339,0.0499417,0,1.03326,0.0841291,2.2218,0.186651,0,0.0723523,0.574718,4.70176,0.664465,0.423252,0.593121,2.3628,0.203987,0.236271,0,0.782458,0.325324,0,-0.000594662,0.244426,0.966685,0.250318,0.0495682,0.0512191,0.00512389,0.00446033,0.431273,0.0481528,5.32648,-1.02497,10.1912,0.669039,0.60794,-7.08253,-0.333333,0.0277708,-0.0728448,0.590618,12.2083,6.20833,0,0,1.79167,5.41667,0.208333,-6.58191,0.0001,-0.000104593,0.0435624,1.92379,0.152377,47348,0.177648,219.69,1.31134
6638,2.55467,0.191469,0.721823,0.381805,0.00464678,0.000767864,0.00464678,0.193603,0.162242,0.576094,0.738156,0.0507544,0.0256451,0.0484265,0.241437,0.0489391,0,1.03429,0.0790466,2.20754,0.186392,0,0.0733577,0.56949,4.67486,0.660761,0.416895,0.598292,2.3823,0.198684,0.239413,0,0.769346,0.269824,0,-0.000603636,0.2436,0.966499,0.243197,0.0499335,0.0516581,0.00478663,0.00406315,0.429101,0.0485311,5.40227,-1.0402,10.1884,0.669672,0.612811,-6.96671,-0.333333,0.0279929,-0.0714043,0.562784,13.4583,6.54167,0,0,1.70833,4.95833,0.0833333,-6.58303,0.0001,-0.00105036,0.0452037,1.95138,0.147516,46836,0.177631,220.55,1.3119
6639,2.69539,0.201566,0.762889,0.389218,0.00460113,0.000730929,0.00460113,0.200994,0.170784,0.574878,0.777785,0.050867,0.0249908,0.0484368,0.239665,0.0463124,0,1.03464,0.0841442,2.20836,0.182625,0,0.0732155,0.57366,4.69293,0.663713,0.422619,0.594045,2.35857,0.207574,0.237342,0,0.79295,0.284917,0,-0.000641323,0.236579,0.96682,0.251599,0.0496484,0.0515757,0.00445583,0.00375372,0.429005,0.048265,5.42245,-0.625599,10.3844,0.662569,0.613551,-7.33455,-0.333333,0.0267685,-0.074554,0.595856,12.5833,8.41667,0,0,2,4.83333,0.166667,-6.58425,0.0001,-0.00254637,0.049231,1.91654,0.146905,47640,0.1776,219.43,1.31602
6640,2.64462,0.193633,0.735709,0.385162,0.00462906,0.000804995,0.00462906,0.194626,0.16404,0.582074,0.755526,0.0514021,0.0238158,0.0488863,0.239157,0.0471638,0,1.02804,0.0816329,2.17975,0.182771,0,0.0742455,0.56899,4.67703,0.660864,0.419117,0.598697,2.37594,0.200481,0.236704,0,0.757063,0.310965,0,-0.000496198,0.24164,0.967251,0.247201,0.0500447,0.0521012,0.00448385,0.00387571,0.424481,0.0487368,5.31064,-0.227956,10.4807,0.659689,0.61584,-7.51715,-0.333333,0.0293315,-0.0723118,0.580565,11.125,8.125,0,0,1.5,5.375,0.166667,-6.58387,0.0001,-0.00229194,0.0487562,1.90691,0.146022,47884,0.177659,220.35,1.11739
6641,2.52854,0.197146,0.774484,0.38519,0.00457199,0.000780243,0.00457199,0.194024,0.17047,0.573428,0.796491,0.0505661,0.0241023,0.0481255,0.237315,0.0507839,0,1.03354,0.0873544,2.19993,0.191458,0,0.0749319,0.57248,4.70865,0.66499,0.426349,0.589635,2.34144,0.204375,0.234791,0,0.791841,0.352038,0,-0.000505114,0.24474,0.96731,0.255868,0.0494222,0.0512941,0.00430566,0.00367,0.427886,0.0480891,5.30508,-0.342964,10.4093,0.659905,0.606989,-7.62955,-0.333333,0.029056,-0.0729909,0.601864,10.5,6.45833,0,0,1.66667,6.08333,0.125,-6.58368,0.0001,-0.00247483,0.0461264,1.91543,0.140022,47826,0.177691,221.56,1.32756
6642,2.60937,0.200334,0.775299,0.390144,0.00457425,0.00078421,0.00457425,0.195692,0.172956,0.579868,0.793805,0.0507729,0.0245192,0.0483121,0.237458,0.0497048,0,1.02965,0.0857406,2.18314,0.184306,0,0.0737261,0.573707,4.70379,0.665322,0.425932,0.592045,2.35339,0.207949,0.235165,0,0.822024,0.287895,0,-0.000520049,0.244256,0.967024,0.253552,0.0495862,0.0515685,0.00485547,0.00419306,0.429594,0.0482563,5.29328,-0.454958,10.4618,0.659176,0.611667,-7.47694,-0.333333,0.0285955,-0.0729314,0.609164,12.5833,8.125,0,0,2.375,5.95833,0.0416667,-6.58801,0.0001,-0.000503282,0.0478985,1.9406,0.14927,47038,0.177667,220.84,1.39936
6643,2.63734,0.200435,0.779175,0.385646,0.00456883,0.000788248,0.00456883,0.199723,0.172979,0.575845,0.797304,0.0504095,0.0255228,0.0480474,0.237872,0.0461059,0,1.03425,0.0869251,2.19726,0.179675,0,0.0719967,0.573006,4.70214,0.665338,0.426619,0.591271,2.34892,0.207268,0.235719,0,0.806084,0.33496,0,-0.000557358,0.236186,0.966906,0.253341,0.0495719,0.0512842,0.00446865,0.00380671,0.427413,0.0481678,5.11726,-0.827714,10.328,0.663926,0.612131,-7.3021,-0.333333,0.0290145,-0.0746,0.611636,12.5417,7.16667,0,0,1.66667,5.08333,0.0833333,-6.59222,0.0001,-0.00172137,0.0442632,1.9375,0.144528,47215,0.177635,227.15,1.62165
6644,2.51524,0.203252,0.779478,0.394532,0.00459145,0.000830124,0.00459145,0.200314,0.174339,0.579737,0.792596,0.0505465,0.0252364,0.0482036,0.239668,0.0459126,0,1.03692,0.0861033,2.19069,0.17679,0,0.0711414,0.57523,4.69457,0.663362,0.423773,0.595008,2.36656,0.210382,0.237587,0,0.812314,0.303536,0,-0.000543796,0.239077,0.967037,0.24976,0.0497108,0.0514608,0.00479985,0.00414535,0.428543,0.048323,5.25314,-0.896931,10.2992,0.664399,0.608757,-7.1817,-0.333333,0.0303672,-0.0743335,0.610078,13.2083,7.45833,0,0,1.625,5.91667,0.0833333,-6.59434,0.0001,-0.0018505,0.0521209,1.8666,0.143989,48893,0.177642,220.6,1.32043
6645,2.56473,0.197411,0.762858,0.38586,0.00456916,0.000813629,0.00456916,0.19293,0.168631,0.578533,0.779818,0.0502969,0.0256687,0.0479538,0.238062,0.0500799,0,1.03642,0.0847182,2.19684,0.185101,0,0.0731411,0.571166,4.70483,0.664566,0.42657,0.59179,2.35198,0.203861,0.235813,0,0.782869,0.309996,0,-0.000478391,0.245785,0.966554,0.253236,0.0495786,0.0512537,0.00534847,0.00466851,0.429685,0.048216,5.21918,-0.879279,10.2737,0.666219,0.611607,-7.28219,-0.333333,0.0302519,-0.0725814,0.597145,13.125,7.25,0,0,1.54167,5.25,0.166667,-6.59102,0.0001,-0.00241796,0.0448491,1.90401,0.144602,47985,0.177679,219.02,1.18315
6646,2.37781,0.197833,0.759658,0.389568,0.00459307,0.000748007,0.00459307,0.193605,0.168832,0.577195,0.778363,0.0502892,0.0260665,0.0480588,0.237788,0.048092,0,1.03088,0.0841456,2.22119,0.184704,0,0.0716986,0.566189,4.69728,0.663418,0.423569,0.595471,2.37053,0.205566,0.235941,0,0.774419,0.307804,0,-0.000591029,0.242693,0.966821,0.24999,0.0496812,0.0512482,0.00472515,0.00404323,0.426324,0.0482614,4.98816,-1.11993,10.1658,0.669195,0.610132,-7.01712,-0.333333,0.0275835,-0.072207,0.593967,12.9167,6.04167,0,0,1.45833,5.95833,0.208333,-6.58952,0.0001,-0.00131057,0.0437271,1.89147,0.149277,48170,0.177663,220.83,1.15133
6647,2.47972,0.200346,0.760524,0.393777,0.00459595,0.000812114,0.00459595,0.197405,0.170072,0.580011,0.774521,0.0502144,0.0262719,0.0479984,0.239835,0.0470561,0,1.03963,0.0826898,2.21997,0.180076,0,0.0710247,0.573354,4.69963,0.664401,0.423246,0.595383,2.3742,0.20732,0.238097,0,0.795325,0.293039,0,-0.000576675,0.239345,0.966392,0.248085,0.0497663,0.0512636,0.00449674,0.00384872,0.42942,0.0482914,5.0448,-1.33474,10.1069,0.671556,0.609115,-6.87935,-0.333333,0.0297128,-0.0734031,0.590849,13.875,6,0,0,1.375,4.79167,0.125,-6.58824,0.0001,-0.00142151,0.043483,1.90924,0.152629,47677,0.177656,223.96,1.58565
6648,2.46978,0.196728,0.740884,0.381976,0.00458157,0.000785074,0.00458157,0.195619,0.165167,0.581837,0.755265,0.0498645,0.0264387,0.0476717,0.239042,0.0493105,0,1.03898,0.0809762,2.23122,0.183417,0,0.0714922,0.573298,4.69943,0.664204,0.425057,0.59314,2.36841,0.204147,0.237279,0,0.770574,0.281015,0,-0.000652984,0.243254,0.966317,0.250353,0.0494444,0.0508518,0.00514242,0.0044553,0.427811,0.0479927,5.04011,-1.46009,10.0644,0.673866,0.610989,-6.88126,-0.333333,0.0287666,-0.0730831,0.584839,12.6667,5.79167,0,0,1.66667,4.16667,0.375,-6.58682,0.0001,-0.00191367,0.0455222,1.91407,0.150503,47614,0.177657,223.09,1.28519
6649,2.53823,0.195989,0.743732,0.382953,0.00459739,0.000807148,0.00459739,0.19534,0.165529,0.578244,0.75912,0.0503879,0.0260939,0.0481016,0.23968,0.0489004,0,1.03873,0.0817524,2.23573,0.188801,0,0.0730373,0.570057,4.69572,0.663406,0.42311,0.594343,2.36608,0.203296,0.237698,0,0.785335,0.281689,0,-0.000480139,0.241329,0.966289,0.249361,0.0498154,0.0514236,0.0044856,0.00380295,0.428134,0.048367,5.19872,-1.13564,10.2108,0.669052,0.612627,-7.02064,-0.333333,0.0297512,-0.0729262,0.580116,12.9167,6.95833,0,0,1.33333,4.45833,0.0833333,-6.58739,0.0001,-0.00184527,0.0461878,1.917,0.143684,47704,0.177637,219.43,1.09847
6650,2.48814,0.194031,0.731856,0.380601,0.00463299,0.000730668,0.00463299,0.190719,0.164336,0.580229,0.743427,0.0506306,0.0252225,0.0483393,0.239162,0.0501429,0.00245098,1.02734,0.0784717,2.21947,0.188997,0,0.0729901,0.56773,4.67573,0.660704,0.418585,0.599426,2.38964,0.200168,0.237038,0,0.773864,0.263287,0,-0.000482043,0.246066,0.966318,0.242815,0.0500829,0.051664,0.00453358,0.00383516,0.426354,0.0486602,5.28874,-1.02106,10.2165,0.669221,0.616148,-7.00974,-0.333333,0.0266168,-0.0704478,0.570684,12.625,6.625,0,0,1.875,5.20833,0.125,-6.5883,0.0001,-0.00246248,0.0449277,1.92476,0.14641,47462,0.177654,214.49,1.13183
6651,2.49764,0.198393,0.758233,0.385655,0.00459335,0.000745966,0.00459335,0.194884,0.169287,0.583267,0.778268,0.050081,0.026289,0.0478432,0.23769,0.0502659,0,1.03121,0.0842515,2.19359,0.18892,0,0.0726498,0.577419,4.7117,0.665074,0.423534,0.595693,2.36818,0.205935,0.235898,0,0.804976,0.273845,0,-0.000576958,0.245839,0.966462,0.246997,0.0496736,0.0511369,0.00504906,0.00439478,0.42991,0.0482255,5.12464,-1.36098,10.1054,0.67296,0.610161,-6.89536,-0.333333,0.0276021,-0.07254,0.597861,11.6667,5.375,0,0,1.20833,4.29167,0.125,-6.5866,0.0001,-0.00229341,0.0457513,1.94757,0.142129,47042,0.177699,222.21,1.24298
6652,2.56356,0.201075,0.773166,0.386084,0.00459787,0.000776223,0.00459787,0.193427,0.172989,0.575723,0.794981,0.0500489,0.0264133,0.0478352,0.240566,0.0503443,0.00320513,1.04089,0.087263,2.20884,0.190033,0,0.0720341,0.573846,4.69028,0.663314,0.422993,0.594574,2.37418,0.210066,0.238704,0,0.832249,0.284674,0,-0.000626035,0.246937,0.96605,0.246761,0.0496199,0.051078,0.00510333,0.00438078,0.43052,0.048158,5.16376,-1.34237,10.0996,0.672917,0.610866,-6.85551,-0.333333,0.0284576,-0.0717817,0.60108,14.1667,6.66667,0,0,1.41667,4.54167,0.0833333,-6.58461,0.0001,-0.00246038,0.0473946,1.91191,0.151075,47651,0.177685,218.95,1.42942
6653,2.45068,0.197484,0.766524,0.386505,0.00456661,0.00078151,0.00456661,0.195824,0.169638,0.577869,0.784465,0.0498631,0.0259987,0.0476376,0.238984,0.0491303,0,1.04136,0.0853525,2.20925,0.183755,0,0.0713416,0.574564,4.7204,0.667019,0.426902,0.590027,2.34574,0.205559,0.237017,0,0.798224,0.316077,0,-0.000591669,0.242831,0.966405,0.252706,0.0493794,0.0508443,0.00533037,0.0046482,0.433553,0.0479549,5.19765,-1.30957,10.1113,0.672085,0.607104,-7.01816,-0.333333,0.0288841,-0.0734401,0.593904,13.2917,5.95833,0,0,1.66667,5.125,0.25,-6.58758,0.0001,-0.00240729,0.0457055,1.93397,0.150437,47161,0.177622,223.91,1.02449
6654,2.42635,0.201362,0.751986,0.389898,0.0046024,0.000777615,0.0046024,0.198563,0.168137,0.575682,0.767183,0.050242,0.025577,0.048047,0.240218,0.0463936,0.00277778,1.03918,0.0822065,2.22176,0.178948,0,0.0698875,0.570877,4.69475,0.663914,0.422431,0.594173,2.36677,0.209459,0.238154,0,0.787786,0.269935,0,-0.000569584,0.236643,0.966808,0.249204,0.0497315,0.0512327,0.00470179,0.00400874,0.427772,0.0483017,5.19446,-1.21855,10.0685,0.672263,0.604179,-6.96147,-0.333333,0.028595,-0.0738526,0.58411,12.75,6.25,0,0,1.45833,5.20833,0.416667,-6.59171,0.0001,-0.001946,0.0450126,1.9324,0.144211,47338,0.177555,218.79,1.16418
6655,2.56947,0.195358,0.756808,0.381725,0.00459279,0.00076513,0.00459279,0.194421,0.169012,0.575211,0.773629,0.0503739,0.025761,0.0480989,0.238092,0.0489411,0.00231481,1.03055,0.0836508,2.20529,0.187014,0,0.0725239,0.573433,4.69512,0.663785,0.423605,0.595013,2.36976,0.201825,0.236041,0,0.793907,0.311853,0,-0.000579647,0.242179,0.966506,0.247597,0.0497701,0.0513335,0.00481329,0.004136,0.426356,0.0483645,5.18117,-1.15026,10.217,0.669385,0.614366,-7.02968,-0.333333,0.0279975,-0.0722675,0.591286,14.3333,7.29167,0,0,2.08333,4.83333,0.208333,-6.59565,0.0001,-0.00247991,0.044726,1.91974,0.143902,47636,0.177538,221.36,1.25494
6656,2.49668,0.198854,0.774536,0.385386,0.00457829,0.000784117,0.00457829,0.195685,0.171817,0.578789,0.792817,0.0499497,0.0264354,0.0477579,0.237757,0.0481129,0,1.03477,0.0867809,2.21838,0.181837,0,0.0703939,0.574359,4.69623,0.664229,0.425445,0.592636,2.35978,0.207663,0.235879,0,0.810959,0.328222,0,-0.000607743,0.242415,0.966394,0.251249,0.0495349,0.0509935,0.00487981,0.00418777,0.428668,0.0480642,5.03241,-1.37003,10.0836,0.673054,0.607014,-6.89373,-0.333333,0.0287625,-0.0732619,0.605899,12.4583,5.66667,0,0,1.58333,4.20833,0.208333,-6.59619,0.0001,-0.00119592,0.0471828,1.95431,0.151325,46686,0.177538,221.07,1.43276
6657,2.53152,0.199041,0.77154,0.385071,0.0045769,0.000789226,0.0045769,0.198373,0.172078,0.580036,0.789994,0.050405,0.0257873,0.0481021,0.239406,0.0471991,0,1.03902,0.0859172,2.21569,0.180657,0,0.0714716,0.570247,4.70146,0.663899,0.425609,0.593415,2.36565,0.207819,0.237396,0,0.806283,0.328844,0,-0.000588704,0.238813,0.966962,0.25072,0.0497081,0.0513252,0.00503942,0.00434804,0.427399,0.0483082,5.15888,-1.04458,10.248,0.667601,0.610822,-7.12988,-0.333333,0.0287828,-0.0738891,0.605037,12.9167,6.625,0,0,1.79167,5.04167,0.291667,-6.59491,0.0001,-0.0022975,0.0444368,1.96451,0.148224,46529,0.177561,221.25,1.27479
6658,2.48638,0.201471,0.778642,0.392792,0.00456911,0.000853837,0.00456911,0.198469,0.173017,0.584752,0.796222,0.0501108,0.0256659,0.0478653,0.239647,0.046216,0,1.04302,0.0875023,2.20597,0.177443,0,0.0701008,0.573847,4.7111,0.666459,0.426586,0.592864,2.35372,0.207767,0.237554,0,0.798723,0.345741,0,-0.000525664,0.241143,0.966755,0.253063,0.049558,0.0510984,0.00489038,0.00422015,0.430919,0.0481468,5.13855,-1.11835,10.1839,0.668745,0.605866,-7.08917,-0.333333,0.0313843,-0.0742692,0.616865,12.6667,6.875,0,0,1.54167,4.91667,0.208333,-6.59296,0.0001,-0.00283547,0.0459083,1.90909,0.144741,47863,0.177557,223.19,1.23595
6659,2.49017,0.20319,0.78533,0.388428,0.00454305,0.000737692,0.00454305,0.19934,0.17372,0.579067,0.804642,0.0498179,0.0263389,0.0475653,0.23711,0.0502056,0,1.03825,0.0881974,2.23926,0.189517,0,0.0723897,0.577202,4.71563,0.666884,0.429869,0.589107,2.34853,0.211622,0.235112,0,0.812322,0.319371,0,-0.000595988,0.242241,0.966906,0.255612,0.0492847,0.0507773,0.00473292,0.00406898,0.430274,0.0478434,5.09441,-1.13771,10.2004,0.669077,0.60858,-7.14754,-0.333333,0.027431,-0.0749678,0.61779,11.9167,6.625,0,0,1.83333,4.75,0.125,-6.59108,0.0001,-0.00251026,0.0466743,1.92836,0.14256,47468,0.177618,221.18,1.49178
6660,2.5712,0.192243,0.72716,0.386331,0.00462094,0.000813536,0.00462094,0.194439,0.162373,0.57951,0.745518,0.0507611,0.0251735,0.048402,0.239335,0.0475359,0,1.03085,0.0793027,2.19445,0.184706,0,0.0729274,0.571991,4.68042,0.662288,0.420098,0.598055,2.37288,0.199308,0.237153,0,0.782442,0.283822,0,-0.00050478,0.241141,0.96627,0.245816,0.0499303,0.0516472,0.00448258,0.0038215,0.430748,0.0485173,5.30288,-0.82964,10.3657,0.665104,0.617499,-7.14745,-0.333333,0.0296742,-0.0721843,0.561019,12.4583,7.58333,0,0,1.70833,5,0.208333,-6.58656,0.0001,-0.00216318,0.0462805,1.91509,0.156286,47458,0.177657,217.91,1.08732
6661,2.53609,0.197893,0.771798,0.38481,0.00459322,0.000740757,0.00459322,0.194423,0.171198,0.582178,0.79074,0.0505604,0.0250659,0.0482136,0.237813,0.0500696,0,1.0307,0.0862433,2.19795,0.184552,0,0.0732791,0.569916,4.68156,0.66232,0.423626,0.596577,2.37292,0.205657,0.23548,0,0.81891,0.318755,0,-0.00048959,0.246984,0.966916,0.250391,0.049744,0.0514734,0.00521396,0.00457291,0.428587,0.0483731,5.23718,-0.652348,10.3648,0.663539,0.610677,-7.28905,-0.333333,0.0273508,-0.0726886,0.608262,12.7083,7.45833,0,0,2.04167,6.125,0.125,-6.58391,0.0001,-0.00258609,0.0451869,1.92974,0.137803,47546,0.177692,219.12,1.26492
6662,2.49771,0.197652,0.767362,0.380514,0.00456724,0.000720572,0.00456724,0.194644,0.169777,0.578555,0.782417,0.0500277,0.0258462,0.0477747,0.236618,0.0489495,0,1.03141,0.0849764,2.23526,0.183451,0,0.0718022,0.571744,4.71188,0.664867,0.426815,0.592663,2.36312,0.205909,0.234468,0,0.805789,0.309903,0,-0.000556777,0.244613,0.966963,0.253151,0.0494122,0.0509966,0.0046964,0.00404276,0.427331,0.0479907,4.97402,-1.10147,10.1806,0.668729,0.606705,-7.11661,-0.333333,0.0268019,-0.0729962,0.603028,12.7917,6.875,0,0,1.79167,4.58333,0.291667,-6.58223,0.0001,-0.0024067,0.0460824,1.91259,0.152253,47608,0.177671,221.67,1.35169
6663,2.49953,0.200925,0.762042,0.388986,0.00464162,0.000760471,0.00464162,0.198428,0.172816,0.581805,0.780529,0.0509196,0.0253347,0.0486099,0.241939,0.0469779,0,1.03589,0.0849946,2.2011,0.182195,0,0.0717322,0.570795,4.66348,0.660337,0.417477,0.601168,2.38594,0.208057,0.239795,0,0.809615,0.304762,0,-0.000466888,0.241134,0.966548,0.241373,0.0502869,0.0519706,0.00469725,0.003998,0.428851,0.048866,5.34839,-0.943023,10.3485,0.66468,0.615698,-6.95677,-0.333333,0.0277141,-0.0727953,0.59348,13.9167,6.91667,0,0,1.75,5.16667,0,-6.58259,0.0001,-0.00126263,0.0418979,1.91597,0.143124,47741,0.177651,218.02,1.34289
6664,2.52526,0.202872,0.775047,0.386848,0.00453103,0.000715652,0.00453103,0.199949,0.171357,0.579786,0.792314,0.0498472,0.0260749,0.0475719,0.236583,0.0472883,0,1.03839,0.086549,2.22835,0.1825,0,0.0719133,0.579259,4.73103,0.667889,0.431356,0.588811,2.34449,0.210959,0.234478,0,0.820627,0.31792,0,-0.000626545,0.241302,0.967179,0.258681,0.0490938,0.0507546,0.00481404,0.00418392,0.430488,0.047708,5.09235,-1.03489,10.2569,0.666201,0.607562,-7.27949,-0.333333,0.0268365,-0.0752645,0.610341,12.6667,6.45833,0,0,1.66667,5.08333,0.25,-6.58322,0.0001,-0.00247024,0.0437853,1.91507,0.14264,47773,0.177625,220.06,1.28176
6665,2.48043,0.198061,0.743404,0.385701,0.00459431,0.000743836,0.00459431,0.19351,0.166291,0.580975,0.757261,0.0503695,0.0258628,0.0481018,0.238038,0.0491935,0,1.02912,0.0818018,2.20742,0.184227,0,0.0718074,0.568271,4.68187,0.662335,0.42346,0.596599,2.37925,0.206011,0.235854,0,0.770915,0.294797,0,-0.000566447,0.245461,0.966917,0.246191,0.0498248,0.0513524,0.00483919,0.00415131,0.427252,0.0483917,5.07481,-0.99043,10.2668,0.667313,0.610679,-7.07242,-0.333333,0.027079,-0.0718659,0.58736,14.625,6.70833,0,0,1.75,5.125,0.125,-6.58303,0.0001,-0.0022173,0.0411066,1.93777,0.146061,47174,0.177658,217.18,1.1909
6666,2.53915,0.195993,0.757349,0.37785,0.00460047,0.000692252,0.00460047,0.193632,0.169646,0.578372,0.778601,0.0505447,0.026042,0.0482484,0.238133,0.0494254,0,1.02778,0.0850457,2.18463,0.184803,0,0.07264,0.571719,4.68405,0.662246,0.42266,0.596842,2.37695,0.202682,0.235885,0,0.78994,0.304682,0,-0.000503829,0.246213,0.966603,0.245803,0.0499569,0.0515622,0.00514023,0.00445985,0.430454,0.0485331,5.23471,-0.916975,10.3553,0.665157,0.616264,-7.09123,-0.333333,0.0253667,-0.0718437,0.591065,12.6667,6.375,0,0,1.375,4.16667,0.0833333,-6.5797,0.0001,-0.0023597,0.0456854,1.90036,0.141352,48147,0.177691,220.99,1.3155
6667,2.59051,0.197783,0.763779,0.387929,0.00460464,0.00071684,0.00460464,0.194147,0.170945,0.57623,0.779858,0.0505958,0.0255324,0.0482597,0.23961,0.0485224,0,1.03328,0.084059,2.21903,0.1861,0,0.0732202,0.57065,4.69002,0.663068,0.422119,0.596197,2.37467,0.204703,0.237309,0,0.817855,0.302679,0,-0.00049666,0.242083,0.966437,0.246308,0.0499108,0.051544,0.00464088,0.00395007,0.432069,0.0485069,5.34153,-0.782982,10.3758,0.6645,0.617448,-7.1969,-0.333333,0.0261903,-0.0719812,0.594138,11.875,6.08333,0,0,1.54167,5,0.125,-6.58131,0.0001,-0.00175949,0.0439599,1.88869,0.144125,48358,0.177606,215.79,1.16165
6668,2.48561,0.199519,0.776718,0.387216,0.00458047,0.000770139,0.00458047,0.195352,0.172744,0.579443,0.791155,0.0502799,0.0259033,0.0480285,0.239439,0.0463215,0.00198413,1.0389,0.0864138,2.20689,0.179938,0,0.0705754,0.572895,4.7001,0.66359,0.425163,0.593955,2.36744,0.206291,0.237305,0,0.80337,0.337666,0,-0.00062129,0.239439,0.966939,0.249845,0.0496431,0.0511999,0.00479186,0.00410373,0.431321,0.0482242,5.17249,-1.01609,10.2353,0.667218,0.611858,-7.10161,-0.333333,0.0282614,-0.0729169,0.610297,13.125,5.91667,0,0,1.875,4.5,0.291667,-6.58701,0.0001,-0.0024666,0.0459854,1.84574,0.151508,49219,0.17755,224.49,1.44146
6669,2.57577,0.198287,0.7539,0.382271,0.00459769,0.000757645,0.00459769,0.1981,0.168294,0.583421,0.766918,0.0505132,0.0255301,0.0482311,0.239067,0.0461886,0,1.03345,0.0836305,2.20639,0.1802,0,0.0713049,0.570027,4.68574,0.662542,0.423004,0.595878,2.37873,0.203341,0.236667,0,0.783665,0.298933,0,-0.000523779,0.239185,0.966409,0.247378,0.0498809,0.051448,0.00488743,0.00419337,0.431152,0.0484711,5.38615,-0.915965,10.3081,0.66599,0.61524,-7.15085,-0.333333,0.0277263,-0.0737395,0.592866,14.5,7.83333,0,0,1.70833,4.83333,0.166667,-6.58557,0.0001,-0.00244762,0.0476431,1.873,0.146286,48682,0.17759,219.18,1.14451
6670,2.55336,0.198377,0.766906,0.381341,0.00459922,0.000699498,0.00459922,0.19316,0.171038,0.582423,0.782387,0.0509153,0.0250412,0.0485286,0.238737,0.0498927,0,1.0298,0.0841181,2.19742,0.187919,0,0.0740425,0.56595,4.68071,0.66075,0.422801,0.596269,2.38284,0.204796,0.23617,0,0.817614,0.297381,0,-0.000420156,0.245108,0.967029,0.246151,0.0501007,0.0518068,0.00491492,0.00420323,0.433086,0.0487138,5.58539,-0.407415,10.4909,0.658383,0.617085,-7.40747,-0.333333,0.0256395,-0.0716538,0.610595,12.2083,6.83333,0,0,1.54167,5.875,0.291667,-6.58267,0.0001,-0.0014798,0.0474103,1.93722,0.149375,47112,0.177633,215.91,1.03113
6671,2.59592,0.197421,0.757887,0.385165,0.00458945,0.000693213,0.00458945,0.19714,0.169297,0.578981,0.769335,0.0509844,0.0247299,0.0485643,0.238543,0.0465241,0,1.03079,0.0817006,2.19859,0.178947,0,0.0724592,0.570518,4.68194,0.662787,0.424024,0.595678,2.37528,0.203022,0.235983,0,0.803553,0.285413,0,-0.000484462,0.239417,0.967297,0.247799,0.0500354,0.0518151,0.00482457,0.00413049,0.430529,0.0486603,5.38097,-0.494504,10.4735,0.659825,0.618264,-7.42166,-0.333333,0.0255946,-0.0732804,0.588709,12.7083,7.45833,0,0,1.625,6.16667,0.0833333,-6.57991,0.0001,-0.00149476,0.0487998,1.94995,0.145189,46920,0.17765,224.47,1.30348
6672,2.64173,0.195744,0.760883,0.381034,0.00460373,0.000711474,0.00460373,0.195963,0.170038,0.577683,0.779752,0.0508433,0.0250376,0.0484501,0.238755,0.0488057,0,1.03046,0.0846747,2.2076,0.184851,0,0.0735983,0.570342,4.68486,0.662972,0.422303,0.593675,2.36611,0.202736,0.236277,0,0.790868,0.308922,0,-0.000515506,0.241574,0.966853,0.248806,0.0498583,0.0516679,0.00466138,0.00397479,0.432402,0.0484614,5.47889,-0.525147,10.4329,0.661448,0.619492,-7.33498,-0.333333,0.0261545,-0.0729373,0.595071,13.3333,8.33333,0,0,1.66667,5.41667,0.125,-6.57844,0.0001,-0.00269201,0.0434912,2.36725,0.15027,39047,0.177635,218.96,1.1449
6673,2.51209,0.191374,0.729533,0.377384,0.00465914,0.000662461,0.00465914,0.188272,0.164413,0.582926,0.743788,0.0510632,0.0250008,0.0486888,0.238255,0.0503505,0,1.017,0.0792211,2.19454,0.19077,0,0.0741888,0.565541,4.65523,0.657856,0.415289,0.604705,2.40413,0.198237,0.23589,0,0.766851,0.263366,0,-0.000441713,0.249936,0.966826,0.240325,0.0502366,0.0519907,0.00486098,0.0041746,0.428546,0.0488415,5.52362,-0.601066,10.4118,0.663534,0.626978,-7.11512,-0.333333,0.024035,-0.0693108,0.576374,13.5833,7.25,0,0,2.04167,5.58333,0.0416667,-6.57678,0.0001,-0.00137917,0.0386854,1.92557,0.146398,47444,0.177659,218.48,1.06732
6674,2.48019,0.199689,0.76995,0.382668,0.00458977,0.000743978,0.00458977,0.19638,0.171227,0.580948,0.787609,0.0503406,0.026003,0.0480394,0.238887,0.04842,0,1.03539,0.0853155,2.21796,0.182185,0,0.0722234,0.573171,4.68959,0.663558,0.424022,0.59394,2.36759,0.206149,0.236589,0,0.806725,0.299241,0,-0.000542861,0.243685,0.96683,0.250283,0.0496847,0.0512797,0.00519146,0.00449959,0.435182,0.0482623,5.4208,-0.836958,10.2564,0.666728,0.615161,-7.18537,-0.333333,0.0274539,-0.0734602,0.606051,13.4583,6.91667,0,0,1.75,6.04167,0.166667,-6.57753,0.0001,-0.00095935,0.0461498,1.9142,0.149304,47639,0.177657,222.44,1.40941
6675,2.58933,0.201102,0.760592,0.385472,0.00456919,0.000755434,0.00456919,0.197171,0.168617,0.571085,0.782133,0.0501322,0.0267899,0.0478239,0.23715,0.0496946,0,1.03274,0.0855077,2.21534,0.18535,0,0.0731608,0.575375,4.71571,0.666768,0.426733,0.588354,2.34698,0.208989,0.234909,0,0.79767,0.309818,0,-0.000494466,0.244284,0.966878,0.254393,0.0494453,0.0510998,0.00488827,0.0042249,0.434011,0.0480484,5.33801,-0.932781,10.2678,0.665916,0.616659,-7.21083,-0.333333,0.028047,-0.0738781,0.59179,12.5,6.79167,0,0,1.20833,5.375,0.0416667,-6.57933,0.0001,-0.0024632,0.042638,1.92278,0.146996,47495,0.177663,214.9,0.839496
6676,2.55515,0.199722,0.767479,0.386883,0.00458451,0.000766214,0.00458451,0.193916,0.171268,0.580162,0.7893,0.0501956,0.0262789,0.0479083,0.239951,0.0492453,0,1.03831,0.0859667,2.20056,0.183613,0,0.0721029,0.576432,4.70196,0.664769,0.424668,0.593262,2.35843,0.206667,0.237493,0,0.820731,0.311632,0,-0.000559559,0.244603,0.967084,0.249871,0.049548,0.0511027,0.00522262,0.00447392,0.43203,0.0481524,5.42323,-0.974789,10.2226,0.667352,0.611794,-7.17916,-0.333333,0.0280052,-0.0721762,0.598455,12.0417,6.04167,0,0,1.45833,5.20833,0.25,-6.57856,0.0001,-0.00175994,0.0449022,1.93929,0.149044,47072,0.177711,219.77,1.30712
6677,2.63923,0.199013,0.77283,0.387303,0.00460565,0.000798651,0.00460565,0.197399,0.172841,0.575088,0.788369,0.0507839,0.0262033,0.048393,0.239408,0.0477289,0,1.03291,0.0852087,2.2105,0.18388,0,0.0723068,0.572077,4.68549,0.662875,0.421991,0.59623,2.36958,0.20532,0.237038,0,0.807625,0.321336,0,-0.000472526,0.238569,0.966599,0.247253,0.0499399,0.0517131,0.0048427,0.00417421,0.434112,0.0485074,5.54016,-0.684513,10.4153,0.663133,0.620712,-7.23599,-0.333333,0.0290917,-0.073424,0.604463,13.0417,6.79167,0,0,1.29167,5.29167,0,-6.57616,0.0001,-0.00209846,0.0445877,1.89293,0.140985,48332,0.177702,218.6,1.47341
6678,2.59887,0.199659,0.765185,0.386528,0.00460105,0.000833293,0.00460105,0.199331,0.1703,0.576186,0.783326,0.0507218,0.025008,0.0483333,0.239496,0.0489991,0,1.03618,0.0855016,2.19724,0.184083,0,0.0733528,0.570984,4.68302,0.66156,0.42267,0.595211,2.37273,0.205626,0.236761,0,0.804376,0.315053,0,-0.000467074,0.24251,0.967648,0.250498,0.0497479,0.0515165,0.00456673,0.0039043,0.430354,0.0483934,5.50337,-0.493085,10.3828,0.660657,0.61133,-7.42799,-0.333333,0.0306853,-0.0743791,0.593847,12.75,7.58333,0,0,1.66667,6.16667,0.166667,-6.57887,0.0001,-0.00262835,0.0468758,1.89805,0.150306,47991,0.177647,222.4,1.56144
6679,2.53164,0.202999,0.769773,0.391513,0.00459136,0.000819857,0.00459136,0.19835,0.172132,0.57966,0.788442,0.05052,0.0258385,0.048196,0.240162,0.0471028,0,1.03769,0.0856427,2.19728,0.177972,0,0.071407,0.572049,4.69501,0.663445,0.423784,0.594925,2.36752,0.20961,0.237873,0,0.805512,0.30507,0,-0.000499466,0.24227,0.967314,0.249703,0.0497647,0.0514603,0.0052882,0.00461812,0.430473,0.0483929,5.31232,-0.832687,10.3221,0.663906,0.613167,-7.18529,-0.333333,0.0298174,-0.0735911,0.600094,12.4583,6.25,0,0,1.375,4.70833,0.0833333,-6.58331,0.0001,-0.00219477,0.047915,1.90605,0.142573,47985,0.177616,219.75,1.57983
6680,2.55693,0.199925,0.750417,0.3924,0.00464306,0.00085057,0.00464306,0.195355,0.169178,0.580512,0.765753,0.0507701,0.0254162,0.0484746,0.243236,0.0471493,0,1.03997,0.0833073,2.20293,0.177745,0,0.07061,0.567516,4.66846,0.66028,0.417296,0.601183,2.3893,0.205849,0.240804,0,0.780261,0.29831,0,-0.000451737,0.2457,0.966599,0.240146,0.0502304,0.0518328,0.00548709,0.00476988,0.430461,0.0488368,5.47074,-0.942385,10.3017,0.665932,0.618613,-6.93471,-0.333333,0.0309346,-0.0717867,0.580577,14.6667,7.16667,0,0,1.29167,5.5,0.0833333,-6.58382,0.0001,-0.00249648,0.0447446,1.93369,0.14237,47351,0.177615,218.2,1.21113
6681,2.54983,0.200802,0.769922,0.388649,0.00461579,0.000817569,0.00461579,0.200479,0.172704,0.580439,0.780536,0.0508298,0.0257303,0.0485075,0.241188,0.0451732,0,1.03791,0.0840087,2.19823,0.179881,0,0.0713607,0.572411,4.68171,0.661833,0.420729,0.597236,2.38398,0.206212,0.23888,0,0.802619,0.301465,0,-0.000522248,0.236696,0.967026,0.246189,0.0500338,0.0517255,0.0044608,0.0037826,0.427195,0.0485959,5.40697,-0.885019,10.3181,0.665187,0.615722,-7.08514,-0.333333,0.029617,-0.0741914,0.598613,14.5833,7.16667,0,0,1.875,5.95833,0.125,-6.58318,0.0001,-0.0023574,0.0453823,1.9043,0.142501,48028,0.177644,219.12,1.19933
6682,2.56876,0.200455,0.755471,0.390677,0.00463684,0.000760812,0.00463684,0.196268,0.170645,0.580661,0.773821,0.0506908,0.0262953,0.0484166,0.242059,0.0482384,0,1.03528,0.0838878,2.19377,0.179502,0,0.0712951,0.568425,4.67068,0.660215,0.418077,0.59995,2.38982,0.206704,0.239817,0,0.788005,0.280178,0,-0.000460072,0.243325,0.967231,0.242436,0.0501535,0.0517494,0.00556315,0.00485703,0.428438,0.048749,5.44317,-1.04395,10.2028,0.669715,0.619595,-6.95262,-0.333333,0.0273113,-0.0720585,0.589923,13.5417,6.16667,0,0,1.29167,5.04167,0.208333,-6.57989,0.0001,0.000753232,0.0429099,1.91304,0.141333,47851,0.177703,217.24,1.10894
6683,2.43937,0.196442,0.740334,0.385716,0.0046319,0.000811001,0.0046319,0.193717,0.165978,0.583726,0.758727,0.0502965,0.0266333,0.0480964,0.241204,0.0492848,0,1.03521,0.0827233,2.22112,0.183928,0,0.0717494,0.569332,4.66596,0.660258,0.418707,0.598036,2.37991,0.203798,0.238866,0,0.77056,0.284571,0,-0.000560742,0.244889,0.966363,0.243594,0.0498498,0.0513035,0.0054628,0.00471017,0.432099,0.0484228,5.66624,-1.27167,10.0917,0.673034,0.618056,-6.8314,-0.333333,0.0293438,-0.0718054,0.584858,13.375,6.5,0,0,0.916667,5.16667,0.25,-6.5784,0.0001,-0.00266596,0.0420925,1.88564,0.135278,48643,0.177677,220.17,1.34441
6684,2.59324,0.201958,0.788903,0.391859,0.0045597,0.000811219,0.0045597,0.200477,0.175179,0.577178,0.808071,0.0503473,0.0262257,0.0479914,0.239277,0.0471336,0.00545635,1.03988,0.0880497,2.20916,0.181396,0,0.0720828,0.578791,4.71587,0.666925,0.427761,0.588989,2.34339,0.209338,0.236593,0,0.82447,0.343738,0,-0.000521534,0.237464,0.967332,0.255541,0.049451,0.0511462,0.00484068,0.00413365,0.43418,0.0480864,5.68775,-0.752044,10.2888,0.664992,0.613057,-7.41756,-0.333333,0.0297733,-0.0751012,0.614075,11.7917,7.83333,0,0,1.5,5.08333,0.291667,-6.57996,0.0001,-0.00210604,0.0456294,1.8813,0.152536,48334,0.177658,222.25,1.407
6685,2.48512,0.194527,0.763421,0.386147,0.00461638,0.000763677,0.00461638,0.193906,0.170531,0.579211,0.777424,0.0505761,0.0255336,0.0482819,0.238968,0.0472519,0,1.02802,0.0834509,2.18734,0.181029,0,0.0720975,0.573437,4.68091,0.662063,0.420685,0.596992,2.37315,0.200428,0.236336,0,0.784657,0.321239,0,-0.000470984,0.24194,0.967401,0.247726,0.049843,0.0515104,0.00501269,0.00436016,0.435128,0.0484899,5.62519,-0.830762,10.2207,0.666219,0.610554,-7.18626,-0.333333,0.0279964,-0.0721495,0.591043,13.25,6.45833,0,0,1.04167,5.66667,0.208333,-6.58204,0.0001,-0.00245726,0.0458061,1.88516,0.136392,48627,0.177625,215.25,1.03194
6686,2.45811,0.194451,0.73052,0.3814,0.00462804,0.000704978,0.00462804,0.19562,0.164285,0.582688,0.745555,0.050604,0.0263223,0.0483493,0.240808,0.0477044,0,1.03189,0.0795592,2.19069,0.183764,0,0.0716785,0.571356,4.6718,0.660614,0.419181,0.601472,2.39345,0.201045,0.238253,0,0.765169,0.266452,0,-0.000479068,0.240646,0.966981,0.243009,0.0501013,0.0516159,0.00501248,0.00427485,0.433243,0.048702,5.69406,-1.02449,10.223,0.666883,0.616196,-7.01272,-0.333333,0.025599,-0.0720963,0.577341,14.2083,6.41667,0,0,1.375,5.41667,0.166667,-6.58459,0.0001,-0.00147806,0.0455624,1.88387,0.141826,48528,0.17758,218.91,1.14005
6687,2.42048,0.195699,0.75146,0.384799,0.00462116,0.000811914,0.00462116,0.196964,0.167845,0.583494,0.767615,0.0504017,0.0261701,0.0481628,0.240653,0.0491568,0,1.03566,0.0830965,2.199,0.184091,0,0.071989,0.570613,4.68326,0.661128,0.420111,0.597772,2.37622,0.203224,0.2383,0,0.803296,0.280352,0,-0.000556355,0.243205,0.967486,0.246523,0.0497702,0.0513392,0.00489813,0.00420918,0.43253,0.0483737,5.4793,-1.04667,10.149,0.668779,0.609226,-7.0099,-0.333333,0.0296324,-0.0730755,0.586555,12.9583,5.5,0,0,1.16667,6,0.166667,-6.58344,0.0001,-0.00216676,0.0473217,1.88514,0.141492,48506,0.177639,219.83,1.22996
6688,2.46457,0.197957,0.763416,0.388804,0.00461894,0.000796867,0.00461894,0.196592,0.170546,0.579084,0.775827,0.0504721,0.0260012,0.0482381,0.240185,0.0478437,0,1.03473,0.0816608,2.21273,0.181428,0,0.0715212,0.572449,4.69054,0.661479,0.420361,0.598461,2.38303,0.203552,0.237531,0,0.807009,0.298502,0,-0.000487457,0.240996,0.967312,0.246845,0.0499279,0.0514224,0.00504317,0.00433,0.433086,0.0485367,5.50672,-0.99551,10.1703,0.66848,0.610469,-7.08484,-0.333333,0.0294136,-0.0732438,0.595947,13.4583,6.25,0,0,0.833333,5.54167,0.25,-6.58005,0.0001,-0.00101597,0.0450776,1.89436,0.148326,48124,0.177679,220.5,1.23483
6689,2.47807,0.197156,0.740281,0.388885,0.00465711,0.000805753,0.00465711,0.193157,0.16746,0.587384,0.751651,0.0509052,0.0258688,0.0486204,0.242503,0.0492807,0,1.03329,0.079957,2.20033,0.185192,0,0.0726398,0.568802,4.65638,0.659075,0.415532,0.603137,2.39914,0.202753,0.239927,0,0.755619,0.269153,0,-0.00047046,0.245959,0.966576,0.238364,0.0503103,0.0519134,0.00534478,0.0046209,0.435156,0.0489155,5.74759,-0.898318,10.274,0.666501,0.616753,-6.97595,-0.333333,0.0290249,-0.0708132,0.580519,13.5,5.875,0,0,0.75,5.375,0.208333,-6.57968,0.0001,-0.00128081,0.0443433,1.87567,0.143937,48674,0.177735,217.13,1.39109
6690,2.50912,0.199042,0.764835,0.384475,0.00462427,0.000768444,0.00462427,0.197315,0.171658,0.57512,0.781681,0.050588,0.0259873,0.0483152,0.241594,0.0481533,0,1.03857,0.0850421,2.20174,0.187251,0,0.0729359,0.572689,4.6868,0.661468,0.419729,0.599476,2.392,0.205689,0.239211,0,0.816175,0.296141,0,-0.000481306,0.240194,0.966795,0.244317,0.0500067,0.0515996,0.00445728,0.00373408,0.430883,0.0485875,5.53153,-0.99373,10.2253,0.667672,0.612274,-7.0122,-0.333333,0.0281193,-0.073001,0.588363,14.375,6.25,0,0,1.16667,5.45833,0.166667,-6.57833,0.0001,-0.0017249,0.0421613,1.87315,0.14692,48663,0.177776,219.22,1.36912
6691,2.60695,0.198813,0.773734,0.391885,0.004575,0.000744619,0.004575,0.201185,0.171484,0.578102,0.787433,0.0506549,0.0261231,0.0482901,0.239043,0.0454384,0,1.03754,0.0840591,2.22923,0.176058,0,0.07165,0.57912,4.70636,0.664146,0.425844,0.593318,2.36102,0.205892,0.236419,0,0.815633,0.295069,0,-0.000558567,0.23313,0.967427,0.253821,0.0496503,0.0513926,0.00476681,0.00409257,0.432292,0.048248,5.54924,-0.659538,10.3594,0.662155,0.608615,-7.38837,-0.333333,0.0274682,-0.0752233,0.605155,11.875,7.08333,0,0,1.16667,4.625,0.291667,-6.57942,0.0001,-0.00203199,0.042491,1.86548,0.145041,48894,0.17778,221.51,1.40149
6692,2.53752,0.19881,0.761373,0.38267,0.0045812,0.000786657,0.0045812,0.197599,0.169488,0.577916,0.775633,0.0503975,0.0257704,0.0480617,0.239538,0.0480892,0,1.03917,0.0831112,2.22556,0.181507,0,0.0727574,0.575166,4.70795,0.665454,0.425097,0.591602,2.34996,0.206014,0.237105,0,0.787414,0.274751,0,-0.000625492,0.241643,0.967164,0.252405,0.0494429,0.0511587,0.00465931,0.00397146,0.432287,0.0480675,5.46498,-0.788415,10.2958,0.663798,0.611401,-7.27967,-0.333333,0.0289606,-0.0736983,0.594332,13.5417,7.16667,0,0,1.375,5.625,0.166667,-6.58162,0.0001,-0.0018655,0.0429819,1.91944,0.140731,47716,0.177772,222.36,1.33319
6693,2.52486,0.196855,0.761127,0.385575,0.0045508,0.000757022,0.0045508,0.194751,0.168293,0.574493,0.774101,0.0502819,0.0258103,0.0479351,0.238105,0.0495305,0,1.03781,0.0833885,2.21468,0.187156,0,0.0733419,0.575781,4.70769,0.664742,0.428874,0.590417,2.35405,0.202944,0.235599,0,0.785762,0.335381,0,-0.000529773,0.245029,0.967337,0.254548,0.049407,0.0511367,0.00510299,0.00444722,0.43492,0.0480567,5.53205,-0.696912,10.3647,0.662267,0.61083,-7.4211,-0.333333,0.0277043,-0.0730958,0.586663,12.6667,6.79167,0,0,1.29167,6.20833,0.291667,-6.5857,0.0001,-0.00211481,0.0472846,1.91726,0.143612,47700,0.177746,228.17,1.20218
6694,2.54989,0.198092,0.749297,0.386015,0.00462846,0.00072286,0.00462846,0.197071,0.168499,0.578538,0.760524,0.0510671,0.0250155,0.0486825,0.241289,0.0460573,0,1.03386,0.0804533,2.18099,0.178751,0,0.072199,0.572068,4.67662,0.660152,0.419129,0.600645,2.39107,0.203188,0.238628,0,0.793379,0.275573,0,-0.000484158,0.236579,0.96721,0.244859,0.0501345,0.051907,0.00485369,0.00413711,0.433944,0.0487695,5.7566,-0.514062,10.447,0.659348,0.614194,-7.27464,-0.333333,0.0262615,-0.0728249,0.579534,13.0417,7.125,0,0,1.75,5.875,0.25,-6.5906,0.0001,-0.00219713,0.0429379,1.8901,0.137073,48493,0.177708,218.37,1.16691
6695,2.51754,0.193731,0.730553,0.382849,0.00463996,0.000759734,0.00463996,0.191645,0.162966,0.577834,0.750371,0.0508453,0.0252378,0.0484899,0.240772,0.048798,0,1.03245,0.0806949,2.19752,0.187179,0,0.0740886,0.56934,4.66647,0.659529,0.417735,0.599098,2.38437,0.20024,0.238278,0,0.730114,0.315975,0,-0.000549806,0.242912,0.966926,0.244346,0.0499813,0.0516582,0.00452557,0.0038399,0.432042,0.0485765,5.68098,-0.608096,10.2999,0.666041,0.61344,-7.18215,-0.333333,0.0277513,-0.0711264,0.568869,12.375,6.70833,0,0,1.70833,6,0.166667,-6.59298,0.0001,-0.00184939,0.0441307,1.91816,0.14622,47619,0.177741,219.12,1.31383
6696,2.57321,0.199405,0.765285,0.383617,0.00457862,0.00071373,0.00457862,0.195529,0.17035,0.57938,0.77822,0.0504557,0.0259198,0.0480821,0.240774,0.049442,0,1.04231,0.0838387,2.19583,0.184916,0,0.0731311,0.573927,4.70359,0.664304,0.425415,0.591169,2.35328,0.205788,0.238073,0,0.798211,0.292473,0,-0.000520466,0.245684,0.966734,0.249839,0.0496516,0.0513221,0.00550102,0.0047385,0.435046,0.0482677,5.73052,-0.634684,10.4072,0.662102,0.615176,-7.36035,-0.333333,0.0262363,-0.0729398,0.596183,12.9583,6.83333,0,0,1.29167,5.75,0.0833333,-6.58846,0.0001,-0.00153859,0.0438557,1.91564,0.137732,47874,0.177822,221.17,1.13074
6697,2.57102,0.196645,0.766571,0.383723,0.00457495,0.000731265,0.00457495,0.194783,0.170332,0.575985,0.782955,0.0505238,0.0256367,0.0481295,0.238525,0.048691,0,1.03394,0.0849435,2.19513,0.185056,0,0.0736168,0.575704,4.69923,0.663815,0.425843,0.591459,2.35935,0.203231,0.235892,0,0.783419,0.351519,0,-0.000511675,0.244508,0.967482,0.25277,0.0495522,0.0513138,0.00527168,0.00458311,0.432025,0.0482213,5.57767,-0.428308,10.4286,0.660378,0.614154,-7.50014,-0.333333,0.026866,-0.07268,0.593483,10.875,6.875,0,0,1.83333,7.20833,0.25,-6.58271,0.0001,-0.00119676,0.0407768,1.85836,0.137328,49258,0.177922,217.69,1.24376
6698,2.53812,0.197402,0.752279,0.381555,0.00459589,0.000673559,0.00459589,0.194177,0.168045,0.578714,0.766897,0.0505792,0.0251909,0.0482005,0.238495,0.0480498,0,1.0291,0.0822514,2.18746,0.183217,0,0.0724114,0.571565,4.68767,0.662289,0.423265,0.594928,2.36359,0.204053,0.235811,0,0.814647,0.272807,0,-0.000537748,0.244422,0.96729,0.25053,0.0496508,0.0514009,0.0051646,0.00444792,0.431554,0.0483309,5.58454,-0.544692,10.4042,0.661409,0.612644,-7.3594,-0.333333,0.0248335,-0.0721936,0.584133,12.4583,7.5,0,0,1.70833,5.75,0.166667,-6.57796,0.0001,-0.00185884,0.0437206,1.85611,0.148869,49030,0.177991,226.38,1.30508
6699,2.66173,0.19948,0.770321,0.381391,0.00455181,0.000655263,0.00455181,0.195463,0.169897,0.578251,0.787354,0.050349,0.0260024,0.0479551,0.236035,0.050948,0,1.03032,0.0854412,2.20327,0.188441,0,0.0738558,0.578631,4.70955,0.666066,0.428787,0.589502,2.34152,0.207018,0.233495,0,0.812664,0.30772,0,-0.000549262,0.243869,0.967165,0.25518,0.0494131,0.051153,0.00502257,0.00432531,0.433554,0.0480291,5.50578,-0.602064,10.3809,0.663793,0.613779,-7.46802,-0.333333,0.0244967,-0.0734596,0.601526,13.125,7.95833,0,0,2,5.16667,0.125,-6.57684,0.0001,-0.00194392,0.0454526,1.91549,0.142675,47763,0.177994,219.65,1.14899
6700,2.63153,0.196819,0.754061,0.382456,0.00463277,0.000747731,0.00463277,0.192781,0.169025,0.579682,0.768372,0.0511387,0.0242033,0.0486968,0.241417,0.0507436,0,1.03483,0.0832091,2.18759,0.18723,0,0.0742941,0.569341,4.66467,0.659312,0.418616,0.59867,2.38531,0.202311,0.238568,0,0.786995,0.291768,0,-0.000474155,0.246191,0.967523,0.244343,0.0500913,0.051918,0.00514229,0.00445134,0.431702,0.0487602,5.77175,-0.220429,10.4818,0.659222,0.62095,-7.47288,-0.333333,0.0273082,-0.0713457,0.582538,12.9583,7.79167,0,0,1.75,5.83333,0.125,-6.5762,0.0001,-0.00180404,0.046768,1.86839,0.142915,48875,0.178025,218,0.911135
6701,2.52709,0.197585,0.76422,0.382642,0.0045896,0.000660555,0.0045896,0.193305,0.17033,0.577554,0.778823,0.050769,0.0248624,0.0483392,0.238235,0.0513602,0,1.02943,0.0832194,2.20636,0.191237,0,0.07556,0.571031,4.68883,0.662377,0.424061,0.593348,2.36709,0.203308,0.235568,0,0.810109,0.290766,0,-0.000454326,0.245158,0.967726,0.251651,0.0497192,0.051551,0.00485974,0.00421198,0.431039,0.0483906,5.60521,-0.311114,10.459,0.659179,0.619658,-7.55764,-0.333333,0.0240309,-0.0719079,0.591283,12.0833,7.58333,0,0,2,7.08333,0.208333,-6.57466,0.0001,-0.00250855,0.04333,1.87224,0.14768,48667,0.178046,219.86,1.22434
6702,2.59291,0.200675,0.776983,0.386824,0.00462142,0.000735427,0.00462142,0.198301,0.174217,0.579737,0.792363,0.0510997,0.0250123,0.0486772,0.240732,0.0481695,0,1.03453,0.0860537,2.19207,0.182275,0,0.073341,0.56899,4.68238,0.660631,0.420085,0.599339,2.39005,0.206148,0.238182,0,0.833896,0.313558,0,-0.000451331,0.240278,0.967471,0.24719,0.050057,0.0519515,0.00519828,0.00452528,0.430941,0.0487171,5.55832,-0.499305,10.4485,0.661104,0.621033,-7.34454,-0.333333,0.0267357,-0.0734064,0.603184,13.125,7.79167,0,0,1.79167,5.16667,0.0416667,-6.57282,0.0001,-0.00178106,0.0430151,1.89128,0.146339,48244,0.178035,219.84,1.55778
6703,2.50411,0.208462,0.825195,0.38903,0.00456768,0.000704276,0.00456768,0.20113,0.183759,0.580753,0.840598,0.0503088,0.0264938,0.0479935,0.239202,0.0482324,0,1.03972,0.0931901,2.2045,0.180605,0,0.0718725,0.577739,4.69568,0.663733,0.426756,0.591566,2.35799,0.214295,0.236789,0,0.852194,0.372201,0,-0.000556465,0.240692,0.967416,0.253637,0.0495098,0.0512088,0.00515166,0.00446514,0.432799,0.0481195,5.45853,-0.909003,10.2462,0.666841,0.61213,-7.23072,-0.333333,0.0259491,-0.0749944,0.646665,11.7917,5.95833,0,0,1.70833,5.20833,0.208333,-6.57114,0.0001,-0.00287462,0.0471839,1.89409,0.138341,48367,0.178014,221.16,1.53111
6704,2.59428,0.200413,0.770798,0.387738,0.00458062,0.000769102,0.00458062,0.202183,0.17103,0.57953,0.789349,0.0506009,0.0258432,0.0482187,0.238878,0.0453716,0,1.03603,0.085859,2.184,0.175373,0,0.0715503,0.575504,4.70116,0.664269,0.425195,0.592482,2.3584,0.206965,0.236469,0,0.804271,0.335423,0,-0.000547285,0.235344,0.96753,0.253818,0.0495815,0.0513949,0.00496819,0.00432184,0.435074,0.0481852,5.5743,-0.661236,10.3386,0.663546,0.613734,-7.35311,-0.333333,0.0282579,-0.0754792,0.599009,13.3333,7.33333,0,0,1.5,5.66667,0.125,-6.5721,0.0001,-0.00310404,0.0460014,1.86293,0.143568,48992,0.178036,222.1,1.1784
6705,2.59653,0.202775,0.778193,0.388161,0.00455899,0.000753525,0.00455899,0.197727,0.172568,0.573784,0.791698,0.0504347,0.0255043,0.048024,0.238312,0.0484845,0,1.0368,0.0857086,2.21915,0.184552,0,0.0732302,0.57568,4.71039,0.665689,0.42785,0.589805,2.34589,0.208818,0.23561,0,0.797333,0.335192,0,-0.00051907,0.24184,0.967739,0.255367,0.0494167,0.0511995,0.00495329,0.00424085,0.43327,0.0480898,5.54171,-0.476188,10.4274,0.660109,0.613946,-7.55472,-0.333333,0.0279734,-0.0741233,0.604692,12.1667,7.625,0,0,1.58333,6.5,0.291667,-6.56985,0.0001,-0.00254821,0.0454083,1.88036,0.151685,48376,0.178099,223.96,1.38544
6706,2.60548,0.197195,0.748144,0.379132,0.0045548,0.000705916,0.0045548,0.195271,0.165521,0.570265,0.765813,0.0501971,0.0259581,0.0478494,0.23647,0.0510718,0,1.03062,0.0827292,2.23073,0.191597,0,0.0748934,0.576627,4.71037,0.666226,0.428387,0.587793,2.34079,0.203649,0.233897,0,0.792022,0.30711,0,-0.000539049,0.245471,0.967552,0.256277,0.0493254,0.051017,0.00484142,0.00417354,0.433999,0.0479631,5.46486,-0.659483,10.3467,0.66259,0.614485,-7.42204,-0.333333,0.0262359,-0.0732742,0.578457,12.875,7.25,0,0,1.625,6,0.208333,-6.56739,0.0001,-0.00226861,0.0498248,1.94563,0.144137,47040,0.178094,223.06,1.20693
6707,2.52119,0.200306,0.745066,0.388653,0.00462913,0.000791951,0.00462913,0.197805,0.167818,0.57994,0.760524,0.0510131,0.025621,0.0486333,0.241883,0.0478644,0,1.0372,0.081508,2.22136,0.18269,0,0.0734481,0.569202,4.67566,0.660214,0.419059,0.597411,2.38063,0.206051,0.239339,0,0.789382,0.273688,0,-0.000474551,0.239563,0.967367,0.245817,0.0500796,0.0519126,0.00462928,0.00395348,0.434102,0.0486825,5.72809,-0.632207,10.364,0.662682,0.617571,-7.22033,-0.333333,0.0287515,-0.0727955,0.581805,13.1667,6.83333,0,0,1.70833,6.45833,0.125,-6.56649,0.0001,-0.00255721,0.0418071,1.87764,0.141887,48676,0.178126,216.51,1.02919
6708,2.57002,0.200977,0.776229,0.390432,0.0045982,0.000790684,0.0045982,0.198395,0.173196,0.579084,0.790771,0.0506046,0.0258732,0.0482506,0.240035,0.047269,0,1.03606,0.0866045,2.20735,0.179097,0,0.071808,0.573531,4.68813,0.663759,0.423073,0.593561,2.3638,0.206954,0.237449,0,0.78654,0.350652,0,-0.000487888,0.242571,0.967401,0.249817,0.0497494,0.0515411,0.00547079,0.00478825,0.43573,0.0483863,5.64489,-0.741602,10.3253,0.663639,0.611373,-7.25088,-0.333333,0.0289405,-0.0737394,0.605372,12.125,6.54167,0,0,1.5,5.5,0.125,-6.56187,0.0001,-0.0021195,0.0484085,1.89592,0.143513,48201,0.178176,225.48,1.50904
6709,2.55913,0.19952,0.779222,0.385659,0.00454392,0.00078772,0.00454392,0.196677,0.171709,0.577386,0.792276,0.0500663,0.0271442,0.0477629,0.237119,0.0500284,0,1.03637,0.0856045,2.23132,0.183964,0,0.0721396,0.578151,4.72619,0.667766,0.429738,0.587613,2.34084,0.206223,0.234716,0,0.796644,0.32934,0,-0.000623959,0.243413,0.967468,0.255983,0.0492944,0.0509,0.00504385,0.00434466,0.43099,0.0478824,5.23725,-0.898563,10.2819,0.665434,0.610506,-7.29825,-0.333333,0.0294013,-0.0740076,0.606998,12.5,6.625,0,0,1.70833,5.66667,0.208333,-6.55896,0.0001,-0.00191864,0.0469288,1.91065,0.146835,47778,0.178201,222.76,1.37808
6710,2.60469,0.201444,0.769369,0.383414,0.00456677,0.000763125,0.00456677,0.19855,0.17154,0.578363,0.787922,0.050656,0.0260091,0.048227,0.239318,0.0498149,0,1.03807,0.0867335,2.24114,0.184308,0,0.074133,0.572311,4.69428,0.66348,0.426871,0.591872,2.35927,0.208156,0.236636,0,0.799956,0.319234,0,-0.000484098,0.244874,0.967875,0.253642,0.0496026,0.0514966,0.00531947,0.00463009,0.432907,0.0482458,5.53339,-0.401353,10.4875,0.657777,0.616648,-7.51036,-0.333333,0.0279696,-0.0740028,0.602814,13.9583,8,0,0,2.16667,6.70833,0.166667,-6.55951,0.0001,-0.00229671,0.0455556,1.88695,0.143334,48418,0.178201,224.14,1.57785
6711,2.57039,0.19739,0.752688,0.380964,0.00456991,0.000739893,0.00456991,0.192943,0.166548,0.573778,0.772073,0.050562,0.0252828,0.0481908,0.236461,0.0500472,0,1.02861,0.0838911,2.217,0.186869,0,0.0737065,0.573755,4.70086,0.664645,0.426689,0.590854,2.34714,0.204229,0.233849,0,0.779101,0.319885,0,-0.000498107,0.246231,0.967776,0.255262,0.0495905,0.0514149,0.00486997,0.00416309,0.431607,0.0482301,5.40255,-0.472703,10.3561,0.661253,0.605708,-7.48583,-0.333333,0.0275322,-0.0723905,0.585835,10.6667,6.33333,0,0,2,5.33333,0.125,-6.55884,0.0001,-0.00169568,0.0435997,1.85392,0.135687,49408,0.178245,225.23,1.24001
6712,2.61478,0.200817,0.759145,0.391291,0.00457358,0.000857273,0.00457358,0.197721,0.168828,0.577407,0.779777,0.0505727,0.0261646,0.0481834,0.239595,0.0492956,0,1.04012,0.0842275,2.23718,0.183566,0,0.0729144,0.572097,4.70369,0.664042,0.426027,0.591294,2.35476,0.207701,0.237207,0,0.79302,0.300294,0,-0.000581758,0.24381,0.96731,0.252622,0.049552,0.0513632,0.00519596,0.00453637,0.431708,0.0481651,5.3786,-0.534549,10.4293,0.660338,0.6136,-7.3942,-0.333333,0.0314521,-0.0737214,0.585756,12.5,7.66667,0,0,1.83333,5.08333,0.0833333,-6.55661,0.0001,-0.0019597,0.0475081,1.90796,0.138915,48026,0.178279,222.72,1.26016
6713,2.56359,0.198654,0.761539,0.382111,0.0045808,0.000810023,0.0045808,0.195593,0.169453,0.577432,0.774358,0.0507101,0.025369,0.0483151,0.23963,0.0477291,0.00297619,1.03741,0.0837354,2.21977,0.182616,0,0.0731859,0.571664,4.69726,0.663112,0.425109,0.59373,2.3679,0.204745,0.237142,0,0.79884,0.291701,0,-0.000576556,0.244807,0.967781,0.252935,0.0495794,0.0514785,0.00487772,0.00419764,0.430994,0.0482206,5.29603,-0.423986,10.4872,0.657257,0.612796,-7.44854,-0.333333,0.0297614,-0.0728818,0.591578,12.0833,7.125,0,0,2.41667,5.66667,0.25,-6.55638,0.0001,-0.00244895,0.0445265,1.90828,0.145597,47862,0.178304,217.47,1.30073
6714,2.60223,0.198972,0.773809,0.386033,0.00454903,0.000806429,0.00454903,0.199283,0.170759,0.571092,0.790733,0.0506784,0.0254373,0.0482708,0.237434,0.0452259,0.00277778,1.03637,0.0859963,2.24257,0.178508,0,0.072619,0.575775,4.71093,0.664348,0.429097,0.589281,2.35704,0.206126,0.234881,0,0.792722,0.327641,0,-0.000489979,0.23847,0.967707,0.258364,0.0495795,0.051491,0.00451422,0.00387308,0.430123,0.0481916,5.35292,-0.426534,10.4713,0.658726,0.614635,-7.54464,-0.333333,0.0300012,-0.0749561,0.599663,13.4167,8.41667,0,0,2.5,6.25,0.208333,-6.55764,0.0001,-0.00175147,0.0485896,1.89148,0.148698,48184,0.178306,223.97,1.38255
6715,2.60478,0.202998,0.778431,0.38759,0.00456542,0.000777961,0.00456542,0.200019,0.173343,0.575632,0.794201,0.0505651,0.026368,0.0481964,0.240209,0.0472589,0,1.04321,0.0873277,2.23625,0.177029,0,0.072515,0.575479,4.70849,0.663513,0.427039,0.592131,2.36254,0.20927,0.237685,0,0.807558,0.334599,0,-0.000525814,0.242164,0.967617,0.25416,0.0496251,0.0514256,0.00545194,0.0047432,0.433189,0.0482465,5.37626,-0.58374,10.3999,0.661095,0.61176,-7.40791,-0.333333,0.0284421,-0.0746209,0.605214,13.625,7.58333,0,0,2.375,5.66667,0.25,-6.56032,0.0001,-0.00225533,0.0463551,1.87173,0.135545,48973,0.178285,220.98,1.1747
6716,2.453,0.194607,0.737273,0.382263,0.00463649,0.000766601,0.00463649,0.193511,0.165227,0.583591,0.75291,0.0509067,0.0254377,0.0485561,0.23949,0.0487384,0,1.02662,0.081386,2.20422,0.185847,0,0.0739507,0.566641,4.66851,0.659628,0.418175,0.600949,2.39248,0.200282,0.236804,0,0.760508,0.310393,0,-0.00044769,0.246789,0.96758,0.246254,0.0499912,0.051792,0.00501615,0.00436475,0.43308,0.0486161,5.5845,-0.507385,10.4128,0.6591,0.611977,-7.27544,-0.333333,0.0279718,-0.0715607,0.576664,12.0833,6.16667,0,0,1.91667,6.375,0.125,-6.56216,0.0001,-0.00159121,0.0494499,1.89409,0.140305,48320,0.178296,217.39,1.31179
6717,2.52785,0.196012,0.749438,0.38346,0.00460753,0.000859813,0.00460753,0.192967,0.166278,0.580145,0.765499,0.0506058,0.0259002,0.0483054,0.239644,0.047869,0,1.03541,0.0831487,2.20981,0.18427,0,0.0733911,0.565973,4.67879,0.66076,0.42185,0.596122,2.37574,0.201773,0.237166,0,0.773262,0.305448,0,-0.000536188,0.246671,0.967,0.249681,0.0497744,0.0515029,0.00516625,0.00451637,0.432509,0.0483896,5.48435,-0.697206,10.3035,0.664453,0.611659,-7.23099,-0.333333,0.0317896,-0.0721331,0.581595,12.875,7,0,0,2.04167,4.75,0.166667,-6.56067,0.0001,-0.00271432,0.0467366,1.8679,0.140442,48947,0.178383,220.68,1.52232
6718,2.56764,0.201268,0.778282,0.386365,0.00461377,0.000798079,0.00461377,0.198065,0.174499,0.580921,0.794171,0.0509513,0.0264935,0.0486125,0.240009,0.0463425,0,1.03397,0.0871199,2.22613,0.17774,0,0.0721752,0.569481,4.68208,0.661668,0.420984,0.597059,2.37249,0.207081,0.237624,0,0.79444,0.320254,0,-0.000522175,0.242179,0.967245,0.246596,0.0500975,0.051888,0.00516653,0.00449339,0.430331,0.0486747,5.34862,-0.688177,10.4248,0.661185,0.61461,-7.16945,-0.333333,0.0292632,-0.0733378,0.604698,13.7083,7.16667,0,0,1.70833,5.08333,0.166667,-6.55561,0.0001,-0.00264252,0.0444579,1.86917,0.138768,48957,0.178451,216.8,1.34021
6719,2.62545,0.200958,0.76497,0.388193,0.00461153,0.000819725,0.00461153,0.197201,0.170824,0.57813,0.778412,0.0511173,0.0252471,0.0486971,0.239717,0.0471614,0,1.03372,0.0845411,2.20225,0.181967,0,0.0739953,0.570327,4.68838,0.661355,0.42132,0.596609,2.37511,0.205209,0.237025,0,0.795245,0.306334,0,-0.000455894,0.242856,0.967663,0.250327,0.0499983,0.0519714,0.00497803,0.00435214,0.431756,0.0486425,5.56156,-0.363887,10.4943,0.657135,0.610166,-7.38521,-0.333333,0.0300674,-0.0733429,0.596087,12.6667,7.125,0,0,2.04167,4.83333,0.0833333,-6.55315,0.0001,-0.00168311,0.0426222,1.87001,0.138683,48939,0.1785,222.6,1.30833
6720,2.5663,0.202874,0.782711,0.392854,0.00459216,0.000832892,0.00459216,0.197132,0.173861,0.577929,0.800781,0.0507934,0.0254699,0.0484435,0.239005,0.0476226,0,1.03408,0.0876967,2.22527,0.180315,0,0.0729345,0.569683,4.69325,0.661962,0.423707,0.594266,2.3766,0.209386,0.236311,0,0.804372,0.351114,0,-0.000475324,0.243591,0.967914,0.252504,0.04984,0.0516511,0.00507139,0.00444435,0.429175,0.0484783,5.40542,-0.509204,10.4009,0.660041,0.606306,-7.3888,-0.333333,0.0305915,-0.0736498,0.609757,13.0417,6.79167,0,0,1.375,5.29167,0.25,-6.5546,0.0001,-0.00236843,0.0477338,1.89727,0.147669,48071,0.178491,221.19,1.33221
6721,2.438,0.197617,0.754509,0.385619,0.00460929,0.000761471,0.00460929,0.193615,0.168063,0.576762,0.769254,0.0504655,0.0263941,0.0482203,0.238038,0.048346,0,1.02725,0.0819536,2.23208,0.183643,0,0.0728115,0.569596,4.68813,0.66203,0.421553,0.59582,2.37451,0.204461,0.23561,0,0.789746,0.284758,0,-0.000545341,0.244096,0.967179,0.248886,0.0498311,0.0514368,0.00488705,0.00420279,0.431595,0.0483956,5.46363,-0.968913,10.1934,0.66668,0.603938,-7.04764,-0.333333,0.0278247,-0.0718647,0.591666,12.875,5.79167,0,0,1.33333,5.625,0.0833333,-6.55576,0.0001,-0.00159192,0.0488688,1.91907,0.141681,47702,0.178496,223.69,1.44764
6722,2.49184,0.197125,0.767823,0.388866,0.00459755,0.000794912,0.00459755,0.192572,0.170436,0.577472,0.78562,0.050312,0.0264978,0.0480785,0.239336,0.0496409,0,1.03457,0.0858125,2.2208,0.184912,0,0.0724532,0.573196,4.69337,0.662701,0.423022,0.595447,2.36759,0.20346,0.236997,0,0.781321,0.338086,0,-0.000599779,0.247268,0.966959,0.249045,0.0497059,0.0512879,0.00549486,0.00481494,0.431056,0.0482606,5.45537,-1.06167,10.2018,0.667649,0.602927,-7.00202,-0.333333,0.0288734,-0.0718823,0.596838,13.9167,5.83333,0,0,1.41667,5.08333,0.291667,-6.55424,0.0001,-0.00176102,0.0476491,1.8886,0.146803,48297,0.178519,223,1.41133
6723,2.49695,0.200317,0.757905,0.39084,0.00462002,0.000793544,0.00462002,0.194521,0.169688,0.574949,0.772764,0.0506294,0.0259043,0.0483671,0.239972,0.0493568,0,1.03275,0.0839669,2.22855,0.183391,0,0.0731177,0.564768,4.67423,0.659241,0.42019,0.598408,2.38951,0.206054,0.237609,0,0.767643,0.309919,0,-0.000483582,0.247089,0.967331,0.246548,0.0500344,0.0516711,0.00544888,0.00478431,0.429458,0.0486033,5.42894,-0.824386,10.3308,0.66319,0.608545,-7.03713,-0.333333,0.0289541,-0.07203,0.583121,14.5,7.08333,0,0,1.58333,5.58333,0.333333,-6.55565,0.0001,-0.00248394,0.04595,1.94109,0.145443,47113,0.178492,220.36,1.08496
6724,2.48865,0.197668,0.751177,0.383616,0.00460431,0.000799055,0.00460431,0.193214,0.168265,0.579739,0.768333,0.0504285,0.025902,0.0481699,0.239739,0.0508791,0,1.03397,0.0842485,2.23651,0.189968,0,0.0738641,0.56849,4.68045,0.660958,0.422186,0.596199,2.3754,0.20613,0.237298,0,0.776116,0.279442,0,-0.000554935,0.249419,0.967025,0.248734,0.0497636,0.05138,0.00544658,0.0047425,0.432268,0.0483742,5.53789,-0.908968,10.319,0.663644,0.607274,-7.10352,-0.333333,0.0291543,-0.0717141,0.588311,12.4167,5.66667,0,0,1.875,4.54167,0.208333,-6.55762,0.0001,-0.00206799,0.044997,1.91019,0.148303,47755,0.178445,220.79,1.2344
6725,2.55015,0.196744,0.752157,0.384638,0.00460693,0.000848566,0.00460693,0.195598,0.167515,0.575496,0.771342,0.0506915,0.0257598,0.0483909,0.240535,0.047568,0,1.03864,0.0848196,2.2367,0.181815,0,0.072649,0.566559,4.68797,0.662424,0.421843,0.593709,2.37168,0.203948,0.238042,0,0.766551,0.331384,0,-0.000504362,0.243516,0.966972,0.248073,0.0499911,0.051638,0.00501913,0.00434926,0.429368,0.0485511,5.37513,-0.776632,10.3491,0.663608,0.608121,-7.14634,-0.333333,0.0311319,-0.0728926,0.579091,13.75,6.41667,0,0,1.83333,5.125,0.0833333,-6.55705,0.0001,-0.0016868,0.0439481,1.96527,0.153631,46393,0.178434,219.92,1.12287
6726,2.41934,0.19967,0.760683,0.385326,0.0045709,0.000820232,0.0045709,0.192639,0.168766,0.584198,0.777731,0.0501703,0.0267404,0.0479199,0.237244,0.0496407,0,1.0306,0.0857152,2.25208,0.185715,0,0.0726018,0.570207,4.71308,0.664819,0.426351,0.592514,2.36144,0.207802,0.234947,0,0.779229,0.316206,0,-0.000570673,0.24961,0.967385,0.253787,0.049557,0.0511449,0.0053581,0.00465159,0.430332,0.0481178,5.21427,-0.975501,10.2588,0.664783,0.601881,-7.12406,-0.333333,0.0300257,-0.0720475,0.598267,13.125,5.70833,0,0,1.41667,5.75,0.208333,-6.55685,0.0001,-0.00189301,0.0454745,1.94078,0.144967,47131,0.178402,221.75,1.25328
6727,2.49855,0.200041,0.75587,0.387846,0.004554,0.00081857,0.004554,0.198404,0.166665,0.572845,0.771376,0.0501152,0.0265621,0.0478847,0.237104,0.0463371,0,1.03462,0.0821339,2.22874,0.178933,0,0.071136,0.577013,4.71466,0.666027,0.428597,0.587911,2.35342,0.207038,0.234565,0,0.802506,0.260139,0,-0.000651005,0.238491,0.967642,0.257435,0.0493605,0.0509777,0.00505233,0.0043701,0.434633,0.0479097,5.40897,-0.932345,10.2421,0.663507,0.597229,-7.20017,-0.333333,0.0302914,-0.0747596,0.584666,12.8333,5.83333,0,0,1.33333,5.125,0.333333,-6.55748,0.0001,-0.00181811,0.0447465,1.92593,0.151257,47325,0.178413,222.47,1.29868
6728,2.44757,0.19925,0.753349,0.390609,0.00458996,0.000769459,0.00458996,0.196844,0.167845,0.577309,0.768723,0.0503092,0.0265071,0.0480849,0.238214,0.0474503,0.00297619,1.03071,0.0812944,2.23089,0.182512,0,0.0715552,0.570764,4.6989,0.663274,0.423976,0.593757,2.37013,0.206087,0.235824,0,0.815674,0.275117,0,-0.000598121,0.241241,0.967756,0.250041,0.0497409,0.0512264,0.00502381,0.00433977,0.430067,0.0482774,5.40343,-1.04148,10.2313,0.665867,0.603777,-7.04663,-0.333333,0.0283613,-0.073394,0.586139,14.3333,5.91667,0,0,1.875,5.375,0.416667,-6.5549,0.0001,-0.00203804,0.0452675,1.99786,0.147594,45819,0.178469,218.4,1.29345
6729,2.41517,0.202024,0.782298,0.389715,0.00456591,0.000818519,0.00456591,0.196433,0.173463,0.575034,0.799344,0.0497586,0.0274715,0.0476275,0.238609,0.0474111,0,1.03802,0.0876526,2.25216,0.178244,0,0.0704708,0.575023,4.71103,0.664962,0.426987,0.591151,2.35771,0.210126,0.236288,0,0.797729,0.351309,0,-0.000661479,0.241899,0.966912,0.252397,0.0494148,0.0507779,0.00519021,0.00448997,0.434898,0.0479144,5.40555,-1.41255,10.0714,0.67065,0.596942,-6.91215,-0.333333,0.030165,-0.0735142,0.61037,12.9583,5.29167,0,0,1.375,4.5,0.375,-6.55258,0.0001,-0.00166115,0.049097,2.02366,0.152449,45174,0.178491,217.14,1.00515
6730,2.38702,0.201381,0.789202,0.390984,0.00456065,0.000858434,0.00456065,0.196649,0.174591,0.575939,0.804301,0.0497002,0.0275427,0.0475867,0.239,0.0475272,0,1.04347,0.0873761,2.21207,0.183871,0,0.071367,0.578194,4.71227,0.66476,0.427691,0.590279,2.36328,0.208028,0.236984,0,0.816426,0.317856,0,-0.000669728,0.24168,0.967263,0.254924,0.0493483,0.0507009,0.00464985,0.0039919,0.433478,0.0478366,5.3364,-1.48377,10.0293,0.672303,0.598818,-6.86892,-0.333333,0.0318783,-0.0738911,0.610198,13.9167,4.79167,0,0,1.375,4.66667,0.375,-6.55037,0.0001,-0.00222271,0.047902,2.02971,0.156073,44974,0.178525,220.46,1.42143
6731,2.44197,0.197911,0.76607,0.383347,0.0045653,0.000842324,0.0045653,0.197711,0.16903,0.575745,0.778457,0.0501888,0.0265279,0.0479352,0.239105,0.046688,0,1.04063,0.0852371,2.22913,0.18214,0,0.07215,0.575568,4.7086,0.664357,0.427055,0.590184,2.36192,0.202896,0.236504,0,0.769116,0.320369,0,-0.00063016,0.242403,0.96784,0.254808,0.0494013,0.0509927,0.00528273,0.00457364,0.433477,0.04797,5.53173,-0.874737,10.2549,0.66326,0.602083,-7.23871,-0.333333,0.03114,-0.0743305,0.591245,13.625,6.04167,0,0,1.75,5.70833,0.458333,-6.5467,0.0001,-0.00199408,0.0439993,2.04513,0.156475,44651,0.178536,228.61,1.60657
6732,2.5159,0.201237,0.770203,0.38885,0.00457209,0.00077339,0.00457209,0.19602,0.171152,0.579516,0.787426,0.0501825,0.0266504,0.0479269,0.238044,0.0483594,0,1.03375,0.0857861,2.2292,0.17948,0,0.0721356,0.576681,4.70981,0.665214,0.426227,0.591508,2.3569,0.208818,0.235626,0,0.799529,0.303895,0,-0.000587354,0.245324,0.967413,0.253024,0.0495221,0.0511145,0.00565918,0.00497487,0.436898,0.0481084,5.50937,-0.9595,10.2642,0.664596,0.604486,-7.14088,-0.333333,0.0287099,-0.0732279,0.59917,12.375,5.54167,0,0,1.25,4.375,0.125,-6.54556,0.0001,-0.0017156,0.0472965,2.03487,0.160884,44770,0.178504,224.36,1.54656
6733,2.51373,0.19405,0.758146,0.384781,0.00455855,0.000806175,0.00455855,0.193811,0.167325,0.572924,0.767647,0.0499517,0.0264219,0.0477233,0.237567,0.0485222,0,1.03357,0.0819505,2.22047,0.184531,0,0.0721206,0.578668,4.72504,0.667085,0.427902,0.588555,2.34546,0.200563,0.234953,0,0.76554,0.322859,0,-0.000641391,0.244922,0.967515,0.255131,0.0493121,0.0507954,0.00551609,0.00483631,0.436626,0.0479064,5.60075,-0.953085,10.2462,0.664559,0.601913,-7.19722,-0.333333,0.0297103,-0.072831,0.59001,13.625,6.04167,0,0,1.375,5.16667,0.458333,-6.5468,0.0001,-0.00147697,0.0446128,2.04641,0.156259,44629,0.178456,225.45,1.30403
6734,2.52091,0.197831,0.753209,0.389047,0.00459298,0.000828447,0.00459298,0.195925,0.167652,0.57518,0.771302,0.0504025,0.0261277,0.0481423,0.239634,0.0471985,0,1.03712,0.0837827,2.22615,0.181385,0,0.072104,0.575146,4.69241,0.663232,0.423663,0.593423,2.36288,0.206447,0.237013,0,0.778267,0.301966,0,-0.000578092,0.243459,0.96766,0.250014,0.0497874,0.0513523,0.00519802,0.00447597,0.434644,0.0483553,5.47588,-0.886649,10.2467,0.664903,0.599265,-7.13576,-0.333333,0.0303184,-0.0730524,0.579111,14.0833,6.58333,0,0,1.54167,5.29167,0.208333,-6.54582,0.0001,-0.00217752,0.0483163,2.05689,0.15329,44477,0.178466,217.93,1.16527
6735,2.51857,0.198578,0.770099,0.387801,0.00451461,0.000765641,0.00451461,0.193943,0.168442,0.572826,0.78473,0.0497724,0.0258346,0.0475337,0.234075,0.0496096,0,1.02826,0.0837228,2.23384,0.184263,0,0.0719983,0.579795,4.73529,0.667597,0.433452,0.584738,2.33231,0.205517,0.231261,0,0.80111,0.310606,0,-0.000687237,0.244679,0.967926,0.261365,0.0490455,0.0505356,0.00500448,0.00430947,0.435461,0.0476275,5.38272,-0.800534,10.2888,0.661342,0.59404,-7.41025,-0.333333,0.0287524,-0.0735957,0.594451,13.3333,6.41667,0,0,1.95833,5.625,0.75,-6.54228,0.0001,-0.00249975,0.0452973,2.05554,0.154394,44482,0.178466,224.51,1.46775
6736,2.56276,0.195184,0.753712,0.389821,0.00461285,0.000801329,0.00461285,0.193438,0.168337,0.57953,0.764657,0.0513778,0.0245082,0.0489479,0.240025,0.0465676,0,1.03146,0.0810909,2.19815,0.18073,0,0.0742121,0.568161,4.66304,0.658917,0.421108,0.597778,2.38843,0.200709,0.237005,0,0.771288,0.29159,0,-0.000452195,0.241569,0.968142,0.246093,0.0503187,0.0521748,0.00497385,0.00429579,0.433693,0.0489377,5.71846,-0.235191,10.5608,0.654293,0.606176,-7.4794,-0.333333,0.0292777,-0.0718032,0.587234,12.625,7.625,0,0,1.875,5.91667,0.333333,-6.54198,0.0001,-0.00260818,0.0426623,2.019,0.159863,45117,0.178456,222.07,1.30793
6737,2.52343,0.201274,0.776572,0.391397,0.00455524,0.000878085,0.00455524,0.196889,0.171488,0.573711,0.791468,0.0504354,0.0250259,0.0481233,0.238257,0.047199,0,1.03692,0.0842886,2.21021,0.18123,0,0.0722739,0.576149,4.71016,0.664234,0.428345,0.590306,2.35487,0.208338,0.235161,0,0.830236,0.300237,0,-0.000589939,0.240838,0.968278,0.254749,0.0495596,0.0511507,0.00471046,0.00399006,0.434211,0.0481731,5.56607,-0.520177,10.3855,0.658578,0.596517,-7.51972,-0.333333,0.0322693,-0.0739317,0.602268,12.7917,6.70833,0,0,1.54167,6.16667,0.5,-6.54222,0.0001,-0.00112572,0.0472243,2.02986,0.157991,44931,0.178461,225.75,1.31398
6738,2.49338,0.20173,0.787248,0.39431,0.00454043,0.00088381,0.00454043,0.199951,0.173507,0.579391,0.802127,0.0502634,0.0259428,0.0479689,0.238933,0.0449796,0,1.04373,0.0861913,2.20549,0.173598,0,0.0709498,0.57781,4.72671,0.66606,0.430176,0.589577,2.34392,0.208114,0.236156,0,0.809525,0.310536,0,-0.000666653,0.238941,0.968261,0.258552,0.049339,0.0509825,0.00525311,0.00460165,0.434637,0.0479341,5.53264,-0.748328,10.2996,0.661481,0.597553,-7.42265,-0.333333,0.0327897,-0.0753699,0.61587,12.2917,5.875,0,0,1.625,5.125,0.541667,-6.54165,0.0001,-0.00270352,0.0443199,2.03639,0.15146,44931,0.178462,221.14,1.44658
6739,2.4969,0.19567,0.752367,0.385439,0.00459069,0.000783428,0.00459069,0.194772,0.166733,0.580401,0.764332,0.0507606,0.0253712,0.0484413,0.237681,0.0459677,0,1.02731,0.0820111,2.21291,0.17867,0,0.0721001,0.573594,4.68921,0.662244,0.423915,0.595143,2.36426,0.201313,0.234772,0,0.770506,0.262323,0,-0.000545924,0.241042,0.968067,0.250468,0.0499127,0.0515696,0.00526521,0.00461328,0.437026,0.048515,5.66471,-0.591968,10.3498,0.660829,0.600678,-7.36016,-0.333333,0.0286471,-0.0728118,0.58283,14.5,7.125,0,0,1.5,5.79167,0.333333,-6.54248,0.0001,-0.00148202,0.0460776,2.04029,0.152378,44833,0.178473,223.64,1.53081
6740,2.51438,0.199017,0.761366,0.389817,0.00454382,0.000794531,0.00454382,0.195108,0.167629,0.575232,0.776816,0.0504168,0.0257442,0.048081,0.236276,0.0473124,0,1.03128,0.083437,2.22568,0.181665,0,0.0733291,0.575182,4.71516,0.665348,0.42976,0.587539,2.3434,0.205454,0.233308,0,0.770386,0.304092,0,-0.000556703,0.244016,0.968249,0.258283,0.0494614,0.0512113,0.00511975,0.00445397,0.436817,0.0480881,5.45265,-0.511614,10.4132,0.658001,0.605785,-7.52683,-0.333333,0.029612,-0.0735434,0.590772,12.7083,6.875,0,0,1.83333,5.625,0.375,-6.54242,0.0001,-0.00134165,0.0458875,2.00885,0.152333,45486,0.178502,217.99,0.809637
6741,2.3951,0.194206,0.739961,0.385977,0.00456808,0.00078771,0.00456808,0.190338,0.163191,0.576042,0.757378,0.0502903,0.0257118,0.0479934,0.237826,0.0491974,0,1.03308,0.0815082,2.2294,0.183447,0,0.0729768,0.571852,4.70683,0.664121,0.426705,0.591436,2.35863,0.202203,0.23507,0,0.754111,0.327295,0,-0.000602933,0.247175,0.967634,0.25311,0.0494999,0.0511393,0.00550679,0.00482171,0.440146,0.0481148,5.58824,-0.701874,10.3149,0.661582,0.604614,-7.34237,-0.333333,0.0294114,-0.0715344,0.574645,12.2917,6,0,0,1.5,5.58333,0.125,-6.54205,0.0001,-0.00153962,0.0459861,2.02373,0.151677,45188,0.178536,222.57,1.19016
6742,2.46395,0.199034,0.767879,0.388498,0.0045372,0.000808768,0.0045372,0.196397,0.169542,0.5733,0.783404,0.0502888,0.0253494,0.0479517,0.238077,0.048984,0.00181159,1.03952,0.0841825,2.23841,0.181477,0,0.072559,0.575931,4.72545,0.667729,0.430582,0.585426,2.33113,0.205562,0.235235,0,0.805283,0.312661,0,-0.000595442,0.244166,0.968461,0.258044,0.0493433,0.0510959,0.00542858,0.00475081,0.437031,0.0479963,5.44072,-0.575027,10.4044,0.657852,0.602917,-7.48569,-0.333333,0.0299651,-0.0738731,0.591611,12.75,6.20833,0,0,1.58333,6.45833,0.208333,-6.54112,0.0001,-0.000834757,0.0460607,2.02036,0.150378,45285,0.178593,219.68,1.1334
6743,2.58575,0.20096,0.783265,0.392556,0.00448987,0.000754539,0.00448987,0.197017,0.171199,0.570799,0.798926,0.0500791,0.0256052,0.0477226,0.234527,0.0472784,0,1.03484,0.0854604,2.22592,0.179813,0,0.0722522,0.579805,4.74367,0.669125,0.436521,0.582244,2.32385,0.20807,0.231634,0,0.831654,0.322191,0,-0.000620219,0.242291,0.968371,0.264729,0.0490222,0.0507745,0.00536765,0.0047044,0.435897,0.0476848,5.28577,-0.485541,10.472,0.655141,0.59878,-7.67842,-0.333333,0.0284619,-0.074923,0.603999,13.0417,7.45833,0,0,2,5.83333,0.333333,-6.53967,0.0001,-0.00198273,0.0443651,2.00436,0.152013,45587,0.178647,226.96,1.39786
6744,2.56246,0.202465,0.774217,0.385336,0.00452973,0.00077118,0.00452973,0.201863,0.170627,0.574308,0.789796,0.0504785,0.0250522,0.0480944,0.237033,0.0467229,0,1.03663,0.085733,2.21602,0.179195,0,0.0727317,0.57801,4.71684,0.665707,0.431549,0.586849,2.34609,0.208365,0.234037,0,0.816161,0.333213,0,-0.000580026,0.239138,0.968696,0.258731,0.0494329,0.0511656,0.00503457,0.00436087,0.436302,0.0480612,5.48403,-0.378421,10.4503,0.65673,0.600823,-7.67709,-0.333333,0.0287744,-0.0761114,0.597035,13.7083,7.5,0,0,2,7.375,0.416667,-6.54105,0.0001,-0.00169095,0.0411795,2.00789,0.148853,45579,0.178635,229,1.20372
6745,2.5642,0.199837,0.765564,0.388386,0.00455959,0.00078404,0.00455959,0.199395,0.169674,0.576959,0.781996,0.0506962,0.0251779,0.0483057,0.237042,0.0462663,0,1.03033,0.0846135,2.21642,0.176474,0,0.072051,0.578025,4.70913,0.665648,0.427772,0.590197,2.34813,0.206205,0.234051,0,0.791232,0.305314,0,-0.000607015,0.240775,0.968381,0.25414,0.0496303,0.0514198,0.00525912,0.00457933,0.436556,0.048262,5.48365,-0.485398,10.4634,0.656799,0.605903,-7.48894,-0.333333,0.0289625,-0.0746872,0.595348,13.375,7.83333,0,0,1.375,5.875,0.291667,-6.54365,0.0001,-0.00150053,0.045662,2.00827,0.150314,45540,0.178651,222.95,1.45718
6746,2.53685,0.19995,0.778031,0.389996,0.00453929,0.000782179,0.00453929,0.19371,0.171264,0.569719,0.793535,0.0500511,0.0260085,0.047764,0.236166,0.0481108,0,1.03048,0.0851665,2.23619,0.183693,0,0.0722349,0.578589,4.72433,0.666079,0.430361,0.589073,2.34566,0.206746,0.233257,0,0.803194,0.311935,0,-0.000577214,0.245834,0.96819,0.257725,0.0492818,0.0508717,0.0055454,0.00481522,0.435551,0.0479224,5.42059,-0.741955,10.3388,0.659809,0.599521,-7.40049,-0.333333,0.028833,-0.0729111,0.59421,13.125,6.83333,0,0,1.375,5.91667,0.291667,-6.54423,0.0001,-0.0019325,0.0467097,2.02403,0.159932,45011,0.178641,218.82,1.19031
6747,2.55544,0.19958,0.779367,0.384721,0.00455451,0.000714987,0.00455451,0.197128,0.172129,0.573725,0.796443,0.0502073,0.0260063,0.0479123,0.235168,0.0495747,0.00160256,1.02455,0.0864717,2.22756,0.186805,0,0.0726303,0.579118,4.71701,0.665627,0.428409,0.589965,2.35019,0.207062,0.232465,0,0.802893,0.335815,0,-0.000555342,0.246022,0.967852,0.256207,0.0494104,0.051041,0.00516801,0.00449346,0.439106,0.0480254,5.57498,-0.767859,10.3017,0.662205,0.600291,-7.35356,-0.333333,0.0264964,-0.07403,0.603153,12.25,6.54167,0,0,1.5,5.33333,0.208333,-6.54431,0.0001,-0.0023624,0.0414261,2.0267,0.15582,45041,0.178704,222.68,1.37083
6748,2.5015,0.204155,0.782963,0.389771,0.00455622,0.000744974,0.00455622,0.199027,0.173885,0.580248,0.797569,0.050271,0.0263636,0.0479912,0.237998,0.0471231,0,1.03697,0.0861239,2.21467,0.17998,0,0.0712221,0.576483,4.70841,0.665127,0.428219,0.590896,2.35214,0.211963,0.235435,0,0.835068,0.294016,0,-0.000595764,0.241521,0.967513,0.253629,0.0495918,0.051164,0.00532832,0.00461021,0.438336,0.0481698,5.57782,-0.938777,10.2841,0.663922,0.601022,-7.24594,-0.333333,0.0278807,-0.0745373,0.61198,13.25,6.375,0,0,1.45833,5.125,0.208333,-6.53992,0.0001,-0.00266332,0.0419697,2.02222,0.153527,45181,0.178755,220.42,1.191
6749,2.43047,0.199017,0.776303,0.379882,0.00456742,0.000739486,0.00456742,0.196783,0.171989,0.575171,0.792391,0.0502532,0.0259394,0.0479721,0.235674,0.0491385,0,1.02557,0.0861715,2.20668,0.186518,0,0.0730434,0.57154,4.69532,0.663276,0.426807,0.591416,2.35796,0.205842,0.233099,0,0.802418,0.320859,0,-0.000560723,0.245303,0.967704,0.254387,0.0494884,0.0511149,0.00539711,0.0047643,0.438847,0.0481028,5.5082,-0.83758,10.3074,0.662082,0.603591,-7.24375,-0.333333,0.0272561,-0.073757,0.597353,12,6.08333,0,0,1.20833,5.54167,0.25,-6.53953,0.0001,-0.00184903,0.0411266,2.02566,0.158336,45011,0.178731,220.88,1.24305
6750,2.62521,0.194527,0.760207,0.382494,0.00452075,0.000716011,0.00452075,0.19242,0.166807,0.569465,0.772942,0.0502516,0.0254739,0.0478821,0.23595,0.0492799,0,1.03319,0.0813366,2.22766,0.187527,0,0.0732441,0.578778,4.72793,0.667794,0.432646,0.584587,2.33775,0.200685,0.233051,0,0.797798,0.309549,0,-0.000671422,0.242668,0.968029,0.258557,0.0492241,0.0508998,0.00453582,0.00381519,0.43445,0.0478343,5.47732,-0.511458,10.4483,0.657357,0.601666,-7.61111,-0.333333,0.0265451,-0.0727428,0.581691,12.3333,7.33333,0,0,2.625,6,0.291667,-6.54048,0.0001,0.000255134,0.0476851,2.02435,0.157609,45053,0.178717,226.96,1.36474
6751,2.62104,0.19619,0.764576,0.382508,0.00456274,0.000688374,0.00456274,0.196575,0.168961,0.573341,0.781096,0.0506603,0.0253105,0.0483179,0.235947,0.0467285,0,1.02669,0.0836312,2.22716,0.179563,0,0.0723153,0.574982,4.70303,0.664634,0.42739,0.591432,2.36034,0.202948,0.233139,0,0.807325,0.290094,0,-0.00057282,0.240935,0.967891,0.254667,0.0497038,0.0513821,0.00483724,0.00417612,0.433436,0.0483206,5.47615,-0.560057,10.4218,0.659497,0.60429,-7.47519,-0.333333,0.0254155,-0.07382,0.588552,12.125,7.25,0,0,2.33333,5.16667,0.166667,-6.54151,0.0001,-0.00142611,0.0454595,2.01585,0.149858,45391,0.178705,220.1,1.02887
6752,2.60637,0.194572,0.736564,0.378845,0.00456271,0.00064517,0.00456271,0.19405,0.162744,0.569375,0.74753,0.0505231,0.0257456,0.0481764,0.235425,0.0498787,0,1.02396,0.0790963,2.25865,0.187919,0,0.0738007,0.571741,4.70559,0.664615,0.42738,0.59091,2.36192,0.200837,0.232766,0,0.746374,0.284487,0,-0.000542332,0.24616,0.967656,0.25319,0.04969,0.0513864,0.0052011,0.00455288,0.436462,0.048287,5.44555,-0.637452,10.4136,0.660498,0.607626,-7.38674,-0.333333,0.0238629,-0.072623,0.566564,13.3333,7.16667,0,0,1.91667,5.5,0.416667,-6.54188,0.0001,-0.00281972,0.0452119,2.00337,0.153047,45586,0.178783,223.38,1.13036
6753,2.60595,0.198355,0.765535,0.381875,0.00455897,0.000720519,0.00455897,0.192026,0.169148,0.573528,0.779848,0.0504061,0.0257172,0.0480832,0.236986,0.0490811,0,1.0305,0.0841887,2.21489,0.185164,0,0.0730883,0.578553,4.70086,0.664154,0.427849,0.591406,2.35499,0.204887,0.234272,0,0.786965,0.312906,0,-0.000584917,0.248806,0.967637,0.252153,0.0495809,0.0512322,0.00538096,0.00466823,0.434589,0.0482227,5.35944,-0.696594,10.3908,0.660425,0.604504,-7.38035,-0.333333,0.0264801,-0.0718984,0.58938,12.0833,7.16667,0,0,1.75,4.83333,0.25,-6.5406,0.0001,-0.00225994,0.0438351,2.02424,0.148835,45237,0.178818,221.58,1.34131
6754,2.58425,0.201089,0.768844,0.384307,0.0045145,0.000699364,0.0045145,0.197343,0.168854,0.572667,0.783886,0.0499645,0.0269539,0.0476866,0.234623,0.0487145,0,1.0317,0.0840655,2.22958,0.180242,0,0.0714384,0.580323,4.73472,0.66851,0.433437,0.585235,2.33389,0.207872,0.232116,0,0.820234,0.301662,0,-0.000653816,0.242653,0.967566,0.259963,0.0492014,0.050742,0.00537821,0.00467473,0.437182,0.0477481,5.36773,-0.872768,10.2989,0.66436,0.601864,-7.3953,-0.333333,0.0260855,-0.0747865,0.592604,13.5833,7.5,0,0,1.91667,4.83333,0.333333,-6.54119,0.0001,-0.00211011,0.0412933,2.00944,0.154044,45437,0.178755,223.07,1.25889
6755,2.64569,0.20093,0.795958,0.388493,0.00451701,0.000666871,0.00451701,0.199392,0.1753,0.571066,0.81049,0.0503213,0.025905,0.0479455,0.233518,0.0455994,0,1.02386,0.0870149,2.23647,0.179287,0,0.0717045,0.582,4.73387,0.668929,0.433115,0.585518,2.33556,0.206922,0.230767,0,0.821205,0.32584,0,-0.00060676,0.236476,0.96799,0.261316,0.0492709,0.051053,0.0045345,0.00386305,0.434364,0.0478656,5.38481,-0.630556,10.4284,0.659127,0.606986,-7.55878,-0.333333,0.0247197,-0.0753147,0.614627,13.3333,7.79167,0,0,2.375,5.83333,0.208333,-6.54429,0.0001,-0.00260138,0.0422147,2.00187,0.149076,45702,0.17872,225.67,1.57506
6756,2.63956,0.200771,0.783137,0.387327,0.00453508,0.000725866,0.00453508,0.196508,0.173077,0.574834,0.800631,0.0504723,0.0260507,0.0480978,0.237328,0.0471712,0,1.03591,0.0867122,2.22044,0.179688,0,0.0721532,0.576777,4.71087,0.665412,0.430847,0.58861,2.3518,0.206788,0.234516,0,0.804172,0.322698,0,-0.00056296,0.24309,0.967784,0.255796,0.0495572,0.0512701,0.00513804,0.00442228,0.43459,0.0481583,5.44495,-0.514561,10.5099,0.656701,0.608605,-7.52843,-0.333333,0.0266721,-0.0738268,0.601541,13.625,8.16667,0,0,1.75,5.95833,0.208333,-6.54513,0.0001,-0.00231881,0.0410479,2.02994,0.156533,44960,0.178669,225.56,1.42748
6757,2.60171,0.199619,0.768749,0.383667,0.00455296,0.000770683,0.00455296,0.197071,0.170724,0.573242,0.787209,0.050608,0.0261302,0.0482354,0.237267,0.0465668,0,1.03285,0.0851325,2.22916,0.180126,0,0.0721389,0.576883,4.71096,0.66557,0.428618,0.589651,2.35466,0.206765,0.234469,0,0.81264,0.307473,0,-0.000582527,0.242428,0.96791,0.254769,0.0495951,0.0513841,0.00519552,0.00449336,0.43545,0.0482072,5.41251,-0.518345,10.4767,0.657896,0.605964,-7.48827,-0.333333,0.0284432,-0.0740045,0.59494,12.9583,6.5,0,0,2.08333,5.375,0.208333,-6.54627,0.0001,-0.00135177,0.0396072,2.03151,0.152303,45014,0.178641,222.74,1.3665
6758,2.50213,0.202538,0.792035,0.384968,0.00452928,0.000702492,0.00452928,0.197961,0.174577,0.570936,0.809463,0.0504225,0.0255827,0.0480252,0.235072,0.047218,0,1.02843,0.0876077,2.22857,0.18171,0,0.0729056,0.578472,4.7261,0.666972,0.431658,0.586195,2.34164,0.209075,0.232065,0,0.829578,0.33966,0,-0.00053895,0.242252,0.968182,0.25943,0.0494232,0.0511854,0.00501538,0.00433199,0.434895,0.0480507,5.41585,-0.351393,10.4814,0.656426,0.601059,-7.66532,-0.333333,0.0262539,-0.0745571,0.610265,12,7.08333,0,0,1.58333,6.95833,0.25,-6.54353,0.0001,-0.00241865,0.0424712,2.04293,0.149914,44829,0.178683,228.31,1.47142
6759,2.54093,0.194736,0.732181,0.38181,0.00458269,0.000680714,0.00458269,0.193183,0.16311,0.570322,0.748182,0.0505668,0.0252996,0.0482421,0.238464,0.0491304,0,1.0316,0.0791612,2.24222,0.186125,0,0.073533,0.570693,4.69409,0.663223,0.424872,0.592386,2.3652,0.200889,0.23573,0,0.771702,0.259136,0,-0.000531128,0.246934,0.967477,0.250309,0.0498249,0.051476,0.00539127,0.00468572,0.438079,0.0484145,5.54284,-0.56118,10.4668,0.658779,0.608479,-7.3298,-0.333333,0.025244,-0.0721065,0.561603,12.5833,6.66667,0,0,1.33333,5.79167,0.375,-6.54042,0.0001,-0.00256782,0.0425981,2.02994,0.161598,44856,0.178609,218.52,0.754415
6760,2.55515,0.198093,0.754678,0.385949,0.00455094,0.000724355,0.00455094,0.193659,0.16754,0.571822,0.769593,0.0504596,0.025548,0.0481488,0.236315,0.0470527,0,1.02818,0.0805531,2.23278,0.180472,0,0.0722684,0.576815,4.71145,0.66498,0.428857,0.588641,2.34963,0.205026,0.233537,0,0.80015,0.269883,0,-0.000590451,0.244856,0.967546,0.253768,0.0496697,0.0513168,0.00478202,0.00411305,0.432814,0.0482488,5.3635,-0.682814,10.4098,0.660084,0.604299,-7.36239,-0.333333,0.0266521,-0.0724448,0.581563,12.75,6.91667,0,0,1.08333,5.16667,0.333333,-6.54493,0.0001,-0.00131616,0.0445642,2.02388,0.1538,45141,0.178495,220.44,1.07223
6761,2.53607,0.198574,0.745973,0.385734,0.00455761,0.000714193,0.00455761,0.193066,0.165339,0.576944,0.765041,0.0504929,0.0253413,0.048155,0.235772,0.0494734,0,1.02567,0.0811042,2.2301,0.18307,0,0.0726726,0.574074,4.70533,0.664106,0.428023,0.590914,2.35527,0.20595,0.233112,0,0.806133,0.277357,0,-0.000548789,0.247076,0.96773,0.253818,0.049697,0.0513953,0.00538561,0.00475328,0.436954,0.0483166,5.47086,-0.604293,10.4366,0.658777,0.603502,-7.35782,-0.333333,0.0263702,-0.0722448,0.580123,13.3333,6.25,0,0,1.41667,5.79167,0.25,-6.54778,0.0001,-0.00245704,0.045163,2.01812,0.149574,45349,0.17847,221.41,1.04334
6762,2.48227,0.196586,0.758542,0.382202,0.00458582,0.000674005,0.00458582,0.196339,0.168173,0.576792,0.775549,0.0509009,0.024529,0.0485566,0.236076,0.0452657,0.00245098,1.02132,0.0831903,2.20697,0.175614,0,0.0716545,0.571216,4.68601,0.66144,0.424521,0.59497,2.38123,0.204005,0.233075,0,0.788522,0.304962,0,-0.000475224,0.239918,0.968027,0.251602,0.0499761,0.0517206,0.0048542,0.00417809,0.434131,0.0485961,5.5335,-0.356053,10.4702,0.657423,0.604454,-7.47522,-0.333333,0.0247844,-0.0733458,0.588203,12.0417,7.08333,0,0,2.125,5.75,0.25,-6.54703,0.0001,-0.00122654,0.0427646,2.05091,0.158991,44483,0.178439,220.84,1.43508
6763,2.51456,0.199051,0.745509,0.389429,0.0045579,0.000730752,0.0045579,0.197514,0.165046,0.577548,0.760886,0.0503589,0.0258493,0.0480745,0.236137,0.0466458,0,1.02702,0.0803296,2.22642,0.177384,0,0.07074,0.576444,4.70129,0.663584,0.427984,0.591587,2.3569,0.205747,0.233501,0,0.789542,0.259422,0,-0.000613353,0.240662,0.967618,0.253761,0.049607,0.0512213,0.00519681,0.00453713,0.433065,0.0481616,5.42328,-0.815518,10.3636,0.662847,0.604556,-7.24869,-0.333333,0.0269361,-0.0740107,0.581989,14.0833,6.91667,0,0,1.45833,4.70833,0.375,-6.54917,0.0001,-0.00262505,0.0425109,2.05842,0.159083,44330,0.178413,218.48,1.10182
6764,2.55366,0.19977,0.785104,0.379486,0.0045291,0.000645355,0.0045291,0.1968,0.172985,0.570773,0.801991,0.0502158,0.0258632,0.0479088,0.234001,0.0474877,0,1.02491,0.0873167,2.20029,0.183703,0,0.0724842,0.579305,4.71404,0.665649,0.431607,0.588049,2.34914,0.207724,0.231116,0,0.829132,0.32563,0,-0.000641411,0.242533,0.968041,0.257601,0.0494028,0.0509732,0.00481056,0.00415821,0.434202,0.0479752,5.46127,-0.749417,10.3503,0.66132,0.601952,-7.42727,-0.333333,0.0240617,-0.0742635,0.600028,13.7917,6.91667,0,0,1.25,5.875,0.0833333,-6.55007,0.0001,-0.00137733,0.0437068,2.01895,0.157843,45160,0.178393,220.96,1.39527
6765,2.47104,0.197481,0.770211,0.384875,0.0045312,0.000712773,0.0045312,0.194918,0.169422,0.571267,0.786493,0.0502416,0.0257375,0.0479464,0.23542,0.0476093,0,1.02992,0.08414,2.23589,0.181983,0,0.0719585,0.575531,4.70807,0.665219,0.431338,0.587793,2.34696,0.203853,0.23259,0,0.802434,0.308561,0,-0.000549263,0.242816,0.968204,0.258263,0.0494908,0.0511041,0.00511998,0.00444231,0.437446,0.0480939,5.60188,-0.683121,10.3601,0.659753,0.597768,-7.47388,-0.333333,0.0262487,-0.0735247,0.590373,12.0417,6.04167,0,0,1.20833,5.91667,0.375,-6.55275,0.0001,-0.00234086,0.0438452,2.05665,0.145924,44631,0.178323,227.7,1.37558
6766,2.53827,0.194646,0.748461,0.382045,0.0045436,0.000714625,0.0045436,0.19375,0.164509,0.57191,0.760342,0.0504548,0.0253794,0.0481148,0.235599,0.0486951,0,1.02778,0.0801742,2.23244,0.1825,0,0.073005,0.572928,4.69885,0.663914,0.429802,0.589269,2.34975,0.201612,0.232544,0,0.78924,0.291773,0,-0.00055279,0.243859,0.968026,0.255272,0.0496237,0.0512706,0.00520105,0.00450786,0.436841,0.0482126,5.66155,-0.553751,10.4063,0.659246,0.603442,-7.51797,-0.333333,0.0265402,-0.07302,0.576307,12.9583,6.91667,0,0,1.5,6.41667,0.208333,-6.55679,0.0001,-0.0013923,0.042725,2.05558,0.152438,44521,0.178304,222.26,0.990483
6767,2.44407,0.19749,0.764282,0.383933,0.00456751,0.000714894,0.00456751,0.194582,0.169154,0.576455,0.781109,0.050582,0.0249292,0.0482851,0.236055,0.04811,0,1.02587,0.083822,2.22807,0.183154,0,0.0727128,0.568504,4.69162,0.662373,0.426797,0.593203,2.36777,0.204955,0.233189,0,0.801906,0.301666,0,-0.000551638,0.244414,0.967921,0.252899,0.0497786,0.0514258,0.0050643,0.0044147,0.435414,0.0483494,5.53016,-0.586414,10.3875,0.660116,0.604522,-7.37609,-0.333333,0.0264025,-0.0730413,0.586969,13.5833,7.04167,0,0,1.625,5.45833,0.375,-6.55725,0.0001,-0.00165057,0.0428168,2.0244,0.148772,45235,0.178329,219.39,1.2436
6768,2.47004,0.196626,0.76163,0.383056,0.00452127,0.000666655,0.00452127,0.194497,0.167805,0.568296,0.781839,0.0500329,0.0258314,0.0477791,0.235005,0.0487677,0,1.02944,0.0841577,2.23995,0.185127,0,0.0728504,0.574537,4.719,0.666409,0.432581,0.585417,2.34262,0.203727,0.232313,0,0.784107,0.290937,0,-0.000595432,0.243938,0.967804,0.257518,0.0494885,0.0509373,0.00495449,0.00429218,0.436173,0.0480561,5.37497,-0.876229,10.343,0.661597,0.601763,-7.33618,-0.333333,0.024648,-0.0730878,0.583273,13.5417,6.875,0,0,1.33333,5.04167,0.333333,-6.55772,0.0001,-0.00174742,0.0402832,2.00312,0.154228,45567,0.178308,223.26,1.15776
6769,2.4561,0.194855,0.751301,0.380277,0.00452393,0.000659586,0.00452393,0.190676,0.165359,0.567734,0.763276,0.0498457,0.0260563,0.0476329,0.233541,0.0500107,0,1.02252,0.0799497,2.22561,0.18637,0,0.0724497,0.578152,4.71612,0.665939,0.432247,0.587305,2.33414,0.201166,0.230794,0,0.803942,0.266847,0,-0.000612284,0.244508,0.967627,0.257836,0.0493335,0.0507493,0.00513528,0.00447049,0.43791,0.0478951,5.52336,-0.982727,10.2573,0.66376,0.597165,-7.28254,-0.333333,0.0243504,-0.071931,0.575428,13,5.5,0,0,1.16667,5,0.416667,-6.55861,0.0001,-0.00114669,0.0410975,2.01993,0.158537,45125,0.178344,222.73,1.10156
6770,2.39756,0.201962,0.802367,0.380877,0.0045341,0.000594831,0.0045341,0.195205,0.177132,0.579762,0.81546,0.0502344,0.0262913,0.0480006,0.232884,0.048714,0,1.01946,0.0881317,2.21404,0.179243,0,0.0716097,0.574955,4.71725,0.665002,0.430976,0.591408,2.35437,0.208104,0.230157,0,0.836806,0.321666,0,-0.000586343,0.245901,0.967951,0.256402,0.0496251,0.0511212,0.00548063,0.00483272,0.435729,0.0481901,5.38062,-0.847567,10.2986,0.662505,0.595639,-7.33816,-0.333333,0.0222786,-0.0735983,0.625684,12.875,5.5,0,0,1.08333,5.75,0.416667,-6.55604,0.0001,-0.00185105,0.043698,2.02918,0.156059,44985,0.178381,223.7,1.43017
6771,2.3654,0.202159,0.785345,0.390353,0.00456988,0.00067011,0.00456988,0.197769,0.174239,0.57179,0.800169,0.0501217,0.0268639,0.0479812,0.236823,0.0450497,0.00297619,1.0291,0.0862121,2.20792,0.17559,0,0.0693009,0.577159,4.70593,0.663231,0.426593,0.592646,2.36472,0.20938,0.234315,0,0.822143,0.302172,0,-0.000646466,0.237735,0.967549,0.251599,0.049778,0.0510834,0.0052518,0.00456894,0.438462,0.0482808,5.6224,-1.29982,10.0807,0.670129,0.595627,-6.97486,-0.333333,0.0247138,-0.0740268,0.60062,13.4167,4.66667,0,0,0.791667,4.5,0.291667,-6.55687,0.0001,-0.00254429,0.042826,2.03439,0.151473,44972,0.178347,222.15,1.15538
6772,2.35335,0.195412,0.748743,0.378087,0.00456721,0.000637542,0.00456721,0.195245,0.166571,0.571324,0.766635,0.0500453,0.0260906,0.0478896,0.234708,0.0490259,0.00260417,1.01958,0.0828332,2.2364,0.18606,0,0.0713898,0.578086,4.70742,0.664221,0.426815,0.593173,2.36153,0.202794,0.23204,0,0.784397,0.289173,0,-0.000639614,0.242758,0.967687,0.252996,0.0495631,0.0509499,0.00446025,0.0038046,0.435571,0.0480741,5.50968,-1.17789,10.1467,0.66797,0.598769,-7.0616,-0.333333,0.0234788,-0.0730902,0.571339,13.8333,5.66667,0,0,0.791667,5.70833,0.25,-6.55738,0.0001,-0.00117952,0.0445964,2.05319,0.153085,44556,0.178378,224.65,1.19821
6773,2.40582,0.200543,0.797158,0.387894,0.00451245,0.000694665,0.00451245,0.196265,0.175076,0.575853,0.807751,0.0497712,0.0262901,0.0475786,0.234856,0.0470969,0,1.03225,0.0862398,2.20656,0.179928,0,0.070626,0.581626,4.72671,0.6671,0.433712,0.588336,2.3367,0.206931,0.232128,0,0.837918,0.332944,0,-0.0006973,0.241723,0.96808,0.259572,0.0491699,0.0505954,0.00543276,0.00474358,0.438289,0.047747,5.45489,-1.10139,10.1912,0.665888,0.591158,-7.28855,-0.333333,0.0258732,-0.0744129,0.618675,13.7917,5.29167,0,0,0.958333,5.08333,0.208333,-6.55543,0.0001,-0.00241721,0.0449227,2.01839,0.151374,45306,0.178397,225.17,1.41519
6774,2.43336,0.20078,0.774769,0.388295,0.00453065,0.00072631,0.00453065,0.198217,0.1705,0.574656,0.789206,0.0500264,0.0272882,0.0478217,0.236799,0.0481044,0,1.03709,0.0848792,2.20868,0.17998,0,0.0707818,0.577314,4.72239,0.665839,0.431403,0.588537,2.34893,0.208852,0.234277,0,0.808263,0.306611,0,-0.000657252,0.237377,0.967307,0.255786,0.0495544,0.0509241,0.00542747,0.00475481,0.440081,0.0480528,5.66204,-1.17964,10.2258,0.666829,0.599731,-7.12439,-0.333333,0.0267478,-0.0747999,0.603122,14.375,5.91667,0,0,0.75,4.91667,0.375,-6.55528,0.0001,-0.0010757,0.0425915,2.02643,0.15572,45049,0.178404,224.95,1.46571
6775,2.32238,0.195481,0.750335,0.385232,0.00458538,0.000744102,0.00458538,0.191068,0.166511,0.575686,0.766067,0.0497067,0.0278283,0.0476655,0.23857,0.0486007,0,1.03305,0.0814576,2.21399,0.182337,0,0.0696357,0.572706,4.69229,0.663522,0.424534,0.59489,2.36892,0.202015,0.236309,0,0.768733,0.297231,0,-0.000674885,0.246909,0.966732,0.249245,0.0496097,0.0507894,0.00564423,0.00490526,0.439698,0.0480969,5.61085,-1.64799,9.98494,0.67559,0.599176,-6.69224,-0.333333,0.0272724,-0.0714824,0.578574,16.125,4.70833,0,0,1,4.66667,0.666667,-6.5534,0.0001,-0.00194567,0.0457221,2.01134,0.144949,45589,0.178419,226.31,1.47403
6776,2.36143,0.198122,0.784635,0.383825,0.00455845,0.000710258,0.00455845,0.19531,0.173298,0.576372,0.798713,0.0498983,0.0273204,0.0477662,0.236456,0.0486411,0,1.03124,0.0871241,2.22465,0.181658,0,0.0710227,0.572337,4.71097,0.664563,0.427931,0.591918,2.36378,0.205175,0.234126,0,0.792985,0.348212,0,-0.000632764,0.243442,0.967133,0.253295,0.0495994,0.0509045,0.00511017,0.00445413,0.437867,0.0480567,5.44265,-1.37204,10.1067,0.671939,0.600276,-6.93667,-0.333333,0.0262881,-0.073296,0.606256,14.25,5.08333,0,0,0.875,4.70833,0.5,-6.55117,0.0001,-0.00169224,0.0446955,1.99544,0.150711,45804,0.178441,223.86,1.26906
6777,2.40456,0.198554,0.764006,0.382555,0.00457131,0.000738074,0.00457131,0.195909,0.169688,0.57406,0.780126,0.0502186,0.0264384,0.0480266,0.237921,0.0487848,0,1.03122,0.0835422,2.23418,0.184156,0,0.0719618,0.570672,4.69738,0.663498,0.4263,0.590712,2.36001,0.204826,0.235277,0,0.819615,0.312707,0,-0.000619986,0.241898,0.96735,0.251083,0.0497656,0.0511188,0.00514547,0.00442769,0.437419,0.04828,5.63691,-1.06023,10.2277,0.666166,0.605408,-7.12097,-0.333333,0.0267254,-0.0731384,0.588596,13.25,5.04167,0,0,0.791667,4.79167,0.541667,-6.54844,0.0001,-0.00119999,0.0425228,2.00385,0.148619,45670,0.178464,221.38,1.39936
6778,2.4614,0.197133,0.769381,0.385015,0.00451183,0.000692698,0.00451183,0.194635,0.168519,0.569203,0.78621,0.0498603,0.0262967,0.0476343,0.234574,0.0480578,0.00198413,1.03073,0.0844198,2.24257,0.182797,0,0.0717023,0.577268,4.72891,0.666305,0.433765,0.585456,2.34412,0.202956,0.231914,0,0.792399,0.314978,0,-0.000609232,0.241444,0.967841,0.260631,0.0492434,0.0507272,0.00479714,0.00413182,0.437201,0.047774,5.50084,-0.928582,10.2603,0.663777,0.59859,-7.35483,-0.333333,0.0259627,-0.0738264,0.591872,12.75,5.5,0,0,0.958333,5.125,0.625,-6.54679,0.0001,-0.00176831,0.0474792,2.01113,0.152587,45432,0.178482,228.21,1.40031
6779,2.50867,0.19802,0.764396,0.388695,0.00457314,0.000726058,0.00457314,0.194832,0.169287,0.569075,0.780179,0.0505955,0.0259554,0.0483193,0.237705,0.0464532,0,1.03023,0.0833648,2.21138,0.179986,0,0.0713954,0.571804,4.69763,0.66387,0.426108,0.592894,2.36104,0.204672,0.234778,0,0.798591,0.306905,0,-0.000552046,0.239174,0.967816,0.25288,0.0498513,0.0514171,0.00528303,0.00460224,0.435879,0.0484426,5.67266,-0.743114,10.3415,0.661807,0.602923,-7.31719,-0.333333,0.0263977,-0.073028,0.579278,13.5417,6.33333,0,0,1.16667,5.375,0.291667,-6.54376,0.0001,-0.00216703,0.0477184,2.00235,0.145476,45769,0.178528,225.81,1.25273
6780,2.50691,0.19042,0.734386,0.377738,0.00454847,0.000678384,0.00454847,0.189774,0.161791,0.569752,0.748581,0.050325,0.0256149,0.0480413,0.232688,0.047463,0,1.01492,0.0781929,2.24618,0.184855,0,0.0731792,0.570821,4.71028,0.664323,0.429214,0.589594,2.35783,0.196829,0.229892,0,0.778018,0.278101,0,-0.000510277,0.24539,0.968137,0.25813,0.0495263,0.0512176,0.0045319,0.00394132,0.435684,0.0481124,5.56508,-0.718481,10.3226,0.662243,0.60296,-7.40089,-0.333333,0.0249516,-0.0714727,0.564179,13.4167,5.95833,0,0,1.29167,5,0.375,-6.5417,0.0001,-0.00297995,0.0447679,2.0096,0.148658,45547,0.178541,223.48,1.04226
6781,2.50159,0.192397,0.749706,0.382429,0.00456396,0.000744328,0.00456396,0.191991,0.16515,0.572637,0.763252,0.0504266,0.0254816,0.0481026,0.236552,0.0495317,0,1.02804,0.0803009,2.23467,0.187245,0,0.0736946,0.573902,4.70013,0.663491,0.427276,0.591664,2.36049,0.198848,0.233496,0,0.788068,0.298244,0,-0.000550802,0.246044,0.968187,0.254717,0.0495908,0.0512427,0.00500804,0.00434312,0.434737,0.0481998,5.57584,-0.599175,10.3787,0.659783,0.606476,-7.45006,-0.333333,0.0273965,-0.0722175,0.577518,13.625,6.75,0,0,1.04167,5.70833,0.416667,-6.5426,0.0001,-0.001778,0.0442239,2.01262,0.160541,45235,0.178579,220.14,1.20769
6782,2.43301,0.195698,0.767386,0.382897,0.0045402,0.000741359,0.0045402,0.195039,0.16857,0.572103,0.779003,0.0503261,0.0255323,0.0480294,0.236697,0.0467709,0,1.03304,0.0826697,2.21284,0.179004,0,0.0721072,0.574536,4.71819,0.66518,0.430205,0.58929,2.34965,0.200654,0.233704,0,0.808289,0.304588,0,-0.000601021,0.241584,0.968209,0.2584,0.0494154,0.051071,0.00503948,0.00438581,0.434913,0.0479971,5.62061,-0.64783,10.3619,0.659775,0.602117,-7.47266,-0.333333,0.0277712,-0.0736029,0.588656,12.4583,5.75,0,0,1.16667,6.16667,0.416667,-6.54033,0.0001,-0.0022555,0.0497708,2.00888,0.1549,45431,0.178574,228.75,1.35758
6783,2.4838,0.198417,0.771441,0.382198,0.00454796,0.000729321,0.00454796,0.196495,0.170334,0.573068,0.787274,0.0504399,0.0261967,0.0481086,0.236971,0.046097,0,1.03147,0.0849695,2.22262,0.182059,0,0.0727067,0.574177,4.71155,0.66489,0.429231,0.589461,2.34444,0.204982,0.233908,0,0.799406,0.308921,0,-0.000627067,0.238575,0.968066,0.256162,0.0496068,0.051187,0.00462417,0.00390768,0.433961,0.0481473,5.74205,-0.659376,10.3725,0.660797,0.609081,-7.45457,-0.333333,0.0269366,-0.073963,0.596953,14.4167,6.95833,0,0,1,6.58333,0.208333,-6.54243,0.0001,-0.0017073,0.0454788,2.00977,0.154474,45421,0.178491,221.47,1.18477
6784,2.42946,0.198533,0.776681,0.386705,0.00450522,0.000718996,0.00450522,0.196643,0.169839,0.571881,0.787334,0.0498078,0.0264061,0.0475749,0.234366,0.0470428,0,1.0294,0.0835063,2.23421,0.176099,0,0.0708791,0.579049,4.7343,0.666979,0.434635,0.586449,2.3318,0.204735,0.231343,0,0.810563,0.322834,0,-0.000667353,0.242195,0.968601,0.263009,0.0490768,0.0505635,0.00552551,0.00487025,0.43712,0.0476943,5.49291,-0.823468,10.2088,0.663964,0.594429,-7.51508,-0.333333,0.0267693,-0.0744815,0.598632,13.25,6.25,0,0,0.791667,5.875,0.625,-6.54533,0.0001,-0.00200436,0.0413703,2.00306,0.156271,45525,0.178442,229.3,1.3667
6785,2.43882,0.202757,0.773741,0.389478,0.0045283,0.000756935,0.0045283,0.199265,0.170641,0.571377,0.786899,0.0501861,0.0256191,0.0478936,0.236968,0.0466182,0,1.03613,0.0841162,2.221,0.178786,0,0.0721675,0.573578,4.71014,0.665979,0.431721,0.586373,2.34054,0.209324,0.23402,0,0.817698,0.2966,0,-0.00065142,0.239048,0.968215,0.26006,0.0493219,0.0509531,0.00521294,0.00454467,0.436661,0.0479265,5.70257,-0.743628,10.3037,0.662173,0.604669,-7.45549,-0.333333,0.0282109,-0.0752107,0.59486,13.7083,5.95833,0,0,0.833333,6.125,0.375,-6.54485,0.0001,-0.00160715,0.044296,2.0091,0.142927,45679,0.178448,224.32,1.26304
6786,2.3902,0.194904,0.7621,0.381665,0.00453296,0.000765849,0.00453296,0.196221,0.16712,0.5781,0.774834,0.050096,0.0256923,0.0478461,0.234627,0.046425,0,1.02765,0.0831972,2.20853,0.178693,0,0.071046,0.578834,4.72244,0.665555,0.431201,0.588299,2.34811,0.20106,0.231627,0,0.793851,0.316833,0,-0.000636403,0.238632,0.968488,0.259567,0.0493738,0.0508416,0.00468971,0.00407557,0.433753,0.047982,5.50695,-0.749253,10.1916,0.665014,0.594379,-7.48234,-0.333333,0.0284738,-0.0742682,0.593583,14.0417,6.41667,0,0,1.08333,6.16667,0.458333,-6.54515,0.0001,-0.00222554,0.044019,2.04469,0.14927,44806,0.178423,229.43,1.66811
6787,2.50764,0.198154,0.767343,0.381058,0.00454797,0.000767859,0.00454797,0.194769,0.169679,0.571494,0.780258,0.050491,0.0259077,0.048167,0.23771,0.0477954,0,1.03562,0.0840347,2.23004,0.17933,0,0.0718871,0.570751,4.70596,0.664905,0.429229,0.58831,2.34764,0.203313,0.234694,0,0.801305,0.325978,0,-0.000493957,0.244519,0.967995,0.254144,0.0497899,0.0513998,0.00555666,0.00485905,0.435683,0.0484034,5.65082,-0.607149,10.356,0.661398,0.605381,-7.47022,-0.333333,0.0284193,-0.0733663,0.584158,13.5417,6.33333,0,0,1.08333,5.5,0.208333,-6.54768,0.0001,-0.00220046,0.04248,2.04099,0.16419,44578,0.178367,220.12,1.17678
6788,2.42099,0.193867,0.748214,0.378725,0.0045983,0.000688125,0.0045983,0.188621,0.166632,0.574525,0.763556,0.0506924,0.0252536,0.0483906,0.23663,0.0491497,0,1.02136,0.0815433,2.20142,0.187706,0,0.0735343,0.568261,4.68489,0.66156,0.422949,0.595374,2.37578,0.199572,0.233592,0,0.777589,0.303991,0,-0.000465574,0.248966,0.968016,0.249227,0.0500054,0.0515981,0.00521089,0.00452692,0.432393,0.0486559,5.70758,-0.635888,10.3148,0.662581,0.607827,-7.33169,-0.333333,0.0253678,-0.0704953,0.572634,12.75,5.625,0,0,1.29167,5.66667,0.333333,-6.55011,0.0001,-0.00154822,0.0407785,2.01206,0.156286,45335,0.178338,222.24,1.18422
6789,2.41543,0.201308,0.790493,0.383227,0.00454302,0.000702413,0.00454302,0.195503,0.174416,0.574969,0.80249,0.049996,0.0263102,0.0477841,0.235553,0.0485356,0,1.02967,0.0867129,2.2038,0.179127,0,0.0710876,0.572379,4.71198,0.664861,0.430007,0.58916,2.34974,0.207356,0.232827,0,0.826626,0.332707,0,-0.000607617,0.243691,0.967794,0.258289,0.0493896,0.050876,0.00552947,0.00482034,0.435646,0.0479959,5.68467,-0.967883,10.1684,0.667597,0.602258,-7.29879,-0.333333,0.0260235,-0.07375,0.60514,13.8333,5.66667,0,0,1.33333,5.79167,0.291667,-6.55168,0.0001,-0.00134496,0.0431705,2.04397,0.147961,44848,0.178327,220.95,1.34875
6790,2.46611,0.198169,0.751706,0.385686,0.0045587,0.000779258,0.0045587,0.191433,0.167128,0.574323,0.763023,0.0501804,0.0261716,0.0479224,0.237016,0.0489918,0,1.02947,0.0805772,2.1966,0.183631,0,0.0720319,0.573269,4.7012,0.664174,0.427898,0.591071,2.34982,0.2031,0.234214,0,0.790851,0.26963,0,-0.000661951,0.249819,0.967909,0.253846,0.0494762,0.0510428,0.00592486,0.00526266,0.435754,0.0481183,5.60192,-0.839572,10.2508,0.665292,0.604315,-7.29932,-0.333333,0.0282646,-0.0715674,0.58041,13.625,6.375,0,0,1.16667,4.91667,0.458333,-6.55194,0.0001,-0.00228849,0.0444574,2.0372,0.151748,44909,0.178287,222.7,1.08593
6791,2.48494,0.198353,0.779234,0.388089,0.00453351,0.000760185,0.00453351,0.195723,0.171146,0.572989,0.793443,0.0501,0.0265263,0.0478306,0.237325,0.0470362,0,1.03757,0.0853113,2.2344,0.180015,0,0.0723249,0.57197,4.72681,0.666621,0.431045,0.586535,2.33973,0.204597,0.234534,0,0.804723,0.339438,0,-0.00062131,0.243048,0.967725,0.259604,0.0493404,0.0509279,0.00553903,0.00483476,0.435693,0.0479545,5.66285,-0.864858,10.2854,0.664669,0.609009,-7.39939,-0.333333,0.0284381,-0.0739541,0.598951,14.0833,6.75,0,0,2.125,5.125,0.333333,-6.55304,0.0001,-0.00219537,0.0448946,2.06785,0.14995,44324,0.178247,228.16,1.5442
6792,2.46159,0.204492,0.785344,0.394371,0.00454172,0.000812319,0.00454172,0.199931,0.173506,0.574819,0.796651,0.0505605,0.0256296,0.0481955,0.237955,0.0464568,0,1.03836,0.0856537,2.23054,0.178997,0,0.0725377,0.571739,4.71671,0.664604,0.430015,0.590236,2.35558,0.210288,0.234984,0,0.819548,0.296725,0,-0.000551417,0.240564,0.968646,0.258682,0.0495618,0.0513295,0.00518418,0.00450506,0.433842,0.0481881,5.68632,-0.540292,10.3709,0.660021,0.607649,-7.57717,-0.333333,0.0301498,-0.0751294,0.607261,13.125,6.45833,0,0,1.16667,6.58333,0.0833333,-6.55337,0.0001,-0.00224301,0.0478113,1.99873,0.150028,45749,0.178229,224.15,1.30531
6793,2.48862,0.200145,0.777034,0.384844,0.00453956,0.000845885,0.00453956,0.196251,0.172055,0.573229,0.791172,0.0503801,0.026052,0.0480372,0.23886,0.0483823,0,1.04059,0.0862511,2.23307,0.180987,0,0.0727417,0.57113,4.71549,0.665689,0.430285,0.587174,2.34067,0.206247,0.235845,0,0.800163,0.309361,0,-0.000548596,0.245204,0.967888,0.257341,0.0495348,0.0511724,0.00564345,0.00495399,0.437501,0.048175,5.8201,-0.582931,10.3578,0.661437,0.608685,-7.56167,-0.333333,0.0309018,-0.0736502,0.599398,14.1667,7.33333,0,0,1.41667,6.625,0.375,-6.55529,0.0001,-0.00212908,0.0457196,2.05587,0.158163,44400,0.178154,224.09,1.36727
6794,2.47216,0.198524,0.760273,0.387425,0.00457078,0.000805611,0.00457078,0.192413,0.168868,0.577158,0.770329,0.0505493,0.025743,0.0481926,0.237603,0.0508563,0,1.0299,0.0828275,2.2319,0.187919,0,0.0740066,0.571774,4.69771,0.663768,0.426402,0.59181,2.35953,0.20319,0.234654,0,0.779519,0.312214,0,-0.000501979,0.251415,0.968133,0.253202,0.0496832,0.0514456,0.00561969,0.00493688,0.435985,0.0483463,5.71976,-0.538888,10.3901,0.660188,0.610927,-7.46637,-0.333333,0.0296248,-0.0719267,0.591665,11.6667,6.45833,0,0,1.20833,5.625,0.208333,-6.55819,0.0001,-0.00295395,0.0415568,2.01374,0.155981,45307,0.178101,220.41,0.975745
6795,2.46768,0.19695,0.759572,0.387795,0.00456827,0.000815064,0.00456827,0.19357,0.167837,0.573281,0.77489,0.050403,0.0262388,0.0481612,0.237204,0.0470541,0,1.03176,0.0820723,2.21977,0.179777,0,0.0710241,0.571443,4.70556,0.663878,0.426725,0.591077,2.36154,0.203119,0.234539,0,0.789723,0.306308,0,-0.000611022,0.24149,0.967717,0.254415,0.0497459,0.051253,0.00523918,0.0045931,0.432422,0.0483097,5.70394,-0.93179,10.1896,0.666865,0.604308,-7.23294,-0.333333,0.0300867,-0.072797,0.583341,13.2083,6.45833,0,0,1.16667,4.33333,0.291667,-6.55913,0.0001,-0.00166263,0.0431381,2.03989,0.15868,44712,0.178065,225.11,1.25236
6796,2.49779,0.201773,0.776522,0.383139,0.00454492,0.00073535,0.00454492,0.195155,0.171083,0.571759,0.791884,0.0501523,0.0267618,0.0478749,0.235109,0.0497174,0,1.02832,0.0864692,2.23573,0.185297,0,0.0732008,0.569561,4.70637,0.664689,0.429746,0.587416,2.34415,0.20817,0.232421,0,0.801912,0.340595,0,-0.000612105,0.24758,0.9676,0.257606,0.0494312,0.0510283,0.00521725,0.00459182,0.434254,0.0480034,5.60164,-0.882654,10.2254,0.666727,0.606242,-7.34379,-0.333333,0.0274864,-0.0736705,0.597847,13.875,6.25,0,0,0.958333,4.45833,0.166667,-6.55967,0.0001,-0.00218125,0.0445281,2.04502,0.146514,44856,0.178085,219.97,1.02365
6797,2.47732,0.201062,0.798046,0.391026,0.00443618,0.000757139,0.00443618,0.199364,0.172077,0.568023,0.813792,0.0493498,0.0272188,0.0470849,0.231827,0.0476597,0,1.03672,0.0869139,2.22671,0.184634,0,0.07214,0.585705,4.77205,0.672728,0.443259,0.575758,2.29572,0.208323,0.22918,0,0.832141,0.332273,0,-0.00077278,0.236769,0.968368,0.273491,0.0484071,0.049958,0.00467191,0.00405869,0.43653,0.0469774,5.60584,-0.977782,10.172,0.667316,0.59775,-7.65858,-0.333333,0.0288366,-0.0768951,0.619035,13.125,6.5,0,0,1.5,5.33333,0.541667,-6.55921,0.0001,-0.00192856,0.0419483,2.0573,0.148432,44567,0.1781,229.2,1.46675
6798,2.45807,0.196021,0.783608,0.375911,0.00451198,0.000659639,0.00451198,0.194544,0.171822,0.573247,0.797511,0.049896,0.0260749,0.0476081,0.232859,0.0498439,0,1.02261,0.0865503,2.2313,0.18423,0,0.0730681,0.576783,4.73009,0.667162,0.433787,0.584414,2.32917,0.201849,0.229942,0,0.825497,0.319211,0,-0.000618099,0.244775,0.968291,0.263448,0.0490147,0.0506333,0.00544984,0.00481719,0.439222,0.0476354,5.77517,-0.742816,10.2562,0.663226,0.600419,-7.5787,-0.333333,0.024738,-0.0737028,0.613278,13.2917,6.75,0,0,1.04167,6.04167,0.541667,-6.55842,0.0001,-0.00249501,0.0443461,2.04489,0.152704,44732,0.178124,222.62,1.27639
6799,2.57203,0.197493,0.772992,0.384987,0.00453106,0.000788448,0.00453106,0.201164,0.169375,0.574594,0.786325,0.0503851,0.0256006,0.0480271,0.235546,0.0465441,0.00160256,1.0315,0.0847633,2.20489,0.17807,0,0.0724428,0.575316,4.71571,0.665928,0.431418,0.587398,2.3483,0.203683,0.232524,0,0.801129,0.329976,0,-0.000581148,0.238664,0.968366,0.260228,0.0493557,0.0510769,0.00511078,0.0044526,0.437285,0.0479738,5.90998,-0.5294,10.3483,0.660532,0.602809,-7.64699,-0.333333,0.02938,-0.0761354,0.599502,13.3333,7.16667,0,0,1.66667,5.91667,0.291667,-6.5577,0.0001,-0.00256016,0.044033,2.0438,0.155109,44705,0.178099,222.54,1.23705
6800,2.51812,0.203244,0.789372,0.393278,0.00454534,0.000763635,0.00454534,0.202315,0.174443,0.578402,0.801254,0.0503981,0.0262717,0.0480772,0.238655,0.0448733,0,1.04182,0.0858473,2.22572,0.175174,0,0.0708854,0.575151,4.70918,0.664944,0.42956,0.588827,2.34599,0.209081,0.235986,0,0.843488,0.322359,0,-0.000599799,0.234915,0.967969,0.256603,0.0495568,0.0512018,0.00530933,0.00464898,0.434704,0.0481608,5.8981,-0.860044,10.2948,0.663715,0.60678,-7.37957,-0.333333,0.0284528,-0.0761697,0.609021,13.7083,7,0,0,1.33333,5,0.375,-6.56084,0.0001,-0.00154937,0.0480176,2.05592,0.151345,44536,0.178071,226.55,1.43806
6801,2.46569,0.195885,0.77001,0.382126,0.00450406,0.000704349,0.00450406,0.193965,0.168258,0.570886,0.786763,0.0498636,0.0260353,0.0475925,0.233475,0.0498397,0,1.0273,0.0845443,2.22765,0.183583,0,0.0723481,0.575955,4.73131,0.668068,0.43474,0.584294,2.32763,0.202552,0.230782,0,0.794595,0.334078,0,-0.000625555,0.244258,0.968248,0.263794,0.0490029,0.0506476,0.00520995,0.00458074,0.437118,0.0476425,5.76139,-0.858227,10.2361,0.664552,0.603063,-7.49581,-0.333333,0.0261696,-0.0737141,0.591001,12.6667,6.70833,0,0,1.125,5.66667,0.541667,-6.56046,0.0001,-0.00191081,0.0459823,2.05275,0.151782,44591,0.178065,225.81,1.41084
6802,2.35503,0.195723,0.758177,0.380697,0.00452746,0.000676606,0.00452746,0.193336,0.165919,0.57386,0.772588,0.0499782,0.0258407,0.0477306,0.23577,0.0491922,0,1.03276,0.0820225,2.22522,0.185705,0,0.0728797,0.574768,4.72702,0.666764,0.431838,0.586892,2.34191,0.202519,0.232926,0,0.787237,0.315129,0,-0.000590035,0.242389,0.968001,0.260333,0.0492556,0.0507967,0.00515927,0.00449906,0.437948,0.0478856,5.88382,-0.871306,10.1969,0.665906,0.604159,-7.45284,-0.333333,0.0255534,-0.0731502,0.589884,12.875,6.45833,0,0,1.16667,6.16667,0.625,-6.5589,0.0001,-0.00215941,0.0412565,2.02363,0.154289,45136,0.178058,222.89,1.25073
6803,2.46259,0.197548,0.790087,0.379121,0.00448734,0.000739078,0.00448734,0.19809,0.171197,0.568427,0.803537,0.0495605,0.0263855,0.0473003,0.234385,0.0498641,0.00208333,1.0374,0.0874673,2.21802,0.18577,0,0.0723483,0.580469,4.74771,0.67039,0.436851,0.58068,2.31989,0.203913,0.231621,0,0.806917,0.367239,0,-0.000705793,0.240987,0.968254,0.266263,0.0487519,0.0502622,0.00507629,0.00442406,0.437999,0.0473829,5.76541,-0.976771,10.1695,0.666052,0.599954,-7.50786,-0.333333,0.0280887,-0.0759464,0.608024,13.5,7.16667,0,0,1.70833,5.66667,0.458333,-6.55877,0.0001,-0.00249228,0.045865,2.04131,0.158484,44687,0.178036,225.36,1.30668
6804,2.47931,0.200465,0.783955,0.387003,0.00454711,0.000701435,0.00454711,0.197332,0.17309,0.575121,0.798958,0.0503495,0.026186,0.0480564,0.237038,0.0488536,0,1.03513,0.0862183,2.21015,0.180404,0,0.0720143,0.574583,4.71342,0.665372,0.429392,0.58914,2.34937,0.206691,0.234478,0,0.826104,0.327605,0,-0.00057029,0.239351,0.968055,0.2568,0.0495892,0.0511748,0.00546265,0.00477897,0.433426,0.0482069,5.80377,-0.825312,10.2837,0.664025,0.608264,-7.3757,-0.333333,0.025881,-0.0744379,0.60669,11.9167,5.75,0,0,1.20833,5,0.333333,-6.55977,0.0001,-0.0023087,0.0443959,2.03028,0.156231,44959,0.178038,226.05,1.35232
6805,2.50879,0.19733,0.77772,0.385865,0.00449069,0.000750542,0.00449069,0.193924,0.168972,0.565111,0.791059,0.0498896,0.0259549,0.0475939,0.234333,0.0482044,0,1.03481,0.084066,2.22588,0.180194,0,0.0717689,0.576932,4.74632,0.669895,0.436447,0.580054,2.31702,0.203186,0.231558,0,0.796633,0.32793,0,-0.000668413,0.241455,0.968124,0.264711,0.049004,0.0505832,0.00518738,0.0045387,0.43572,0.0476144,5.74105,-0.723149,10.2885,0.663467,0.601813,-7.63135,-0.333333,0.0283202,-0.0740166,0.594615,13.3333,7.20833,0,0,1.54167,5.875,0.791667,-6.55857,0.0001,-0.00220348,0.0461586,2.04743,0.158564,44562,0.17805,227.1,1.2423
6806,2.50017,0.19681,0.76847,0.386306,0.00450807,0.000687379,0.00450807,0.196071,0.167548,0.57359,0.786118,0.0500507,0.0261664,0.0477434,0.234893,0.0467124,0,1.03314,0.0832845,2.23245,0.181143,0,0.0711463,0.579213,4.73036,0.666992,0.434276,0.583887,2.33023,0.202912,0.232069,0,0.793146,0.314761,0,-0.000576871,0.235492,0.968234,0.262797,0.0492382,0.0507879,0.00500603,0.00433206,0.435979,0.0478498,5.79027,-0.679807,10.3289,0.662192,0.605364,-7.6124,-0.333333,0.0255259,-0.0746626,0.597325,13.125,7.25,0,0,1.875,5.75,0.708333,-6.5588,0.0001,0.000568001,0.0475117,2.04477,0.156986,44647,0.178107,221.77,1.35895
6807,2.5874,0.200563,0.781369,0.391569,0.00450048,0.000819643,0.00450048,0.200521,0.169913,0.572556,0.793662,0.0505549,0.0248007,0.0481072,0.236005,0.0447294,0.00198413,1.03948,0.0845103,2.20146,0.177101,0,0.0725802,0.574937,4.72864,0.666687,0.435206,0.583405,2.32984,0.206545,0.233004,0,0.805816,0.325301,0,-0.000614021,0.233762,0.968246,0.264113,0.0492623,0.0511107,0.00444663,0.00385793,0.430844,0.0479206,5.72333,-0.262965,10.5278,0.65598,0.608385,-7.88094,-0.333333,0.0307683,-0.0762925,0.599881,12.25,7.5,0,0,1.95833,5.58333,0.416667,-6.55646,0.0001,-0.0015821,0.0476097,2.01785,0.150858,45328,0.178149,223.1,1.25001
6808,2.48109,0.200736,0.766972,0.388523,0.00450291,0.000808751,0.00450291,0.198523,0.167948,0.571385,0.781811,0.0501259,0.0254646,0.047773,0.235677,0.0474864,0,1.03828,0.0838817,2.21183,0.182331,0,0.0730203,0.574961,4.73305,0.668493,0.434933,0.583086,2.32314,0.20603,0.232953,0,0.790131,0.285843,0,-0.000630065,0.240453,0.968229,0.264945,0.0490626,0.0508123,0.00478521,0.00419377,0.434576,0.0477063,5.77508,-0.576275,10.3723,0.660329,0.60525,-7.65443,-0.333333,0.0300758,-0.0752511,0.59251,12.9583,7.375,0,0,1.79167,6.29167,0.541667,-6.55547,0.0001,-0.00244221,0.0436225,2.06092,0.1551,44360,0.178174,224.93,1.05415
6809,2.43643,0.198327,0.773903,0.390196,0.00449177,0.00079351,0.00449177,0.197791,0.168581,0.577878,0.787652,0.0501509,0.0255241,0.0477917,0.236686,0.0462304,0,1.04412,0.0840451,2.20299,0.178892,0,0.0726263,0.58002,4.72796,0.666582,0.436302,0.584894,2.33423,0.204049,0.233768,0,0.806728,0.309486,0,-0.00064462,0.238619,0.968351,0.265823,0.0490588,0.0507867,0.00512564,0.00448617,0.437707,0.0477019,5.82315,-0.545525,10.3785,0.659799,0.600301,-7.73074,-0.333333,0.0298964,-0.0753642,0.610614,12.9167,7.5,0,0,1.70833,6.125,0.458333,-6.55529,0.0001,-0.00195152,0.0434436,2.05566,0.155159,44464,0.178199,225.13,1.53562
6810,2.4645,0.197574,0.766105,0.381743,0.0045247,0.000732393,0.0045247,0.195269,0.167884,0.570799,0.779922,0.0500115,0.0258362,0.0477018,0.235065,0.0487247,0,1.0311,0.0833507,2.22295,0.185787,0,0.073059,0.577082,4.7268,0.668087,0.432157,0.585385,2.33233,0.20307,0.232587,0,0.787701,0.319691,0,-0.000627837,0.240396,0.967868,0.261056,0.0491249,0.0507917,0.00461315,0.00397887,0.436746,0.0477285,5.75699,-0.76729,10.3256,0.662121,0.606546,-7.44986,-0.333333,0.0272761,-0.0740547,0.590947,13.375,6.75,0,0,1.875,5.66667,0.458333,-6.55377,0.0001,-0.00230068,0.0447916,2.01759,0.155432,45238,0.178188,227.82,1.34651
6811,2.48597,0.198953,0.778325,0.38615,0.0045251,0.000770508,0.0045251,0.196303,0.170468,0.571082,0.791619,0.0499345,0.0261656,0.0476735,0.235023,0.049317,0,1.0329,0.0846099,2.21871,0.181484,0,0.0717566,0.576755,4.73,0.667309,0.432146,0.585446,2.32644,0.204728,0.232604,0,0.812259,0.324636,0,-0.000634936,0.241868,0.967618,0.262053,0.0491344,0.0507631,0.00524653,0.0046895,0.437046,0.0477422,5.86113,-0.907065,10.2454,0.665189,0.601668,-7.35491,-0.333333,0.0286275,-0.0744988,0.596238,13,6.25,0,0,1.08333,4.625,0.5,-6.55514,0.0001,-0.00199443,0.0433023,2.02347,0.159036,45041,0.178172,221.17,1.2185
6812,2.41849,0.204334,0.80206,0.391197,0.00450925,0.00077264,0.00450925,0.200805,0.175414,0.568839,0.814993,0.0497822,0.0268642,0.0475345,0.235892,0.0479408,0.00173611,1.03901,0.0881932,2.21937,0.183007,0,0.0711703,0.579298,4.73373,0.668334,0.434098,0.582506,2.31926,0.211401,0.233326,0,0.828112,0.325498,0,-0.000686456,0.238257,0.968136,0.262845,0.0490189,0.05056,0.00536677,0.00470466,0.439181,0.0476051,5.97824,-1.05104,10.1801,0.666432,0.604592,-7.35783,-0.333333,0.0288278,-0.0762689,0.616784,13.1667,5.79167,0,0,1.04167,5.625,0.5,-6.55742,0.0001,-0.00147715,0.044105,2.04704,0.159434,44552,0.178166,222.95,1.37586
6813,2.41616,0.203125,0.798259,0.387298,0.00449592,0.000745968,0.00449592,0.200254,0.174166,0.573233,0.814464,0.049666,0.0272674,0.0474069,0.235063,0.0486982,0,1.03927,0.0886138,2.22711,0.183515,0,0.07236,0.576236,4.73943,0.668934,0.435762,0.581371,2.32706,0.210211,0.23266,0,0.824569,0.343961,0,-0.000747286,0.240744,0.967673,0.264767,0.0488356,0.0503864,0.00523951,0.0046538,0.436866,0.0474115,5.84994,-0.998583,10.198,0.667846,0.603427,-7.42286,-0.333333,0.0281539,-0.0763041,0.616646,13.2083,6.375,0,0,1.45833,5.45833,0.416667,-6.5596,0.0001,-0.00131844,0.0432356,2.07461,0.150656,44176,0.178172,222.25,1.39337
6814,2.50511,0.197607,0.773655,0.384706,0.00453174,0.000741145,0.00453174,0.197144,0.170559,0.573298,0.787034,0.0504582,0.0259039,0.048062,0.236166,0.048987,0,1.03371,0.0839631,2.21348,0.18415,0,0.0734615,0.57308,4.71784,0.665379,0.431282,0.587699,2.34374,0.203406,0.233415,0,0.841154,0.308945,0,-0.000591601,0.240931,0.967368,0.259062,0.0494168,0.0511848,0.00511919,0.00449761,0.435188,0.0480196,6.00584,-0.551907,10.4446,0.660056,0.612048,-7.56324,-0.333333,0.0275447,-0.0744708,0.599814,13.4583,7,0,0,1.5,5.75,0.166667,-6.56028,0.0001,-0.00170285,0.0444012,2.05412,0.158631,44426,0.178176,229.37,1.6695
6815,2.48674,0.203144,0.796333,0.390856,0.00446705,0.000759379,0.00446705,0.203794,0.172852,0.572026,0.810778,0.0497912,0.0273124,0.0474597,0.233413,0.0455313,0,1.03618,0.0866006,2.21109,0.176325,0,0.0713679,0.583643,4.75193,0.671072,0.439401,0.578992,2.30932,0.210209,0.230742,0,0.817308,0.320171,0,-0.000681751,0.232447,0.96861,0.27019,0.0487117,0.0504198,0.00488033,0.00430804,0.437901,0.0473189,5.8251,-0.71743,10.2959,0.660969,0.594546,-7.70362,-0.333333,0.0288724,-0.0780216,0.620354,12.4583,6.20833,0,0,1.25,5.66667,0.375,-6.56171,0.0001,-0.0024359,0.0436112,2.05845,0.147913,44554,0.178161,229.92,1.61869
6816,2.44074,0.194816,0.735713,0.378297,0.00457275,0.000752054,0.00457275,0.193453,0.16267,0.579003,0.749996,0.0501653,0.0267524,0.0478738,0.238329,0.0506093,0,1.03559,0.0807079,2.22534,0.192064,0,0.0743455,0.570786,4.70397,0.663816,0.426177,0.590771,2.35514,0.200925,0.235798,0,0.756221,0.279707,0,-0.000607826,0.250421,0.967154,0.254249,0.0493945,0.0510059,0.00521331,0.00454865,0.437681,0.0479939,6.09784,-0.852402,10.2648,0.665559,0.611013,-7.2825,-0.333333,0.0279482,-0.0725192,0.575669,13.7083,6.79167,0,0,1.33333,4.91667,0.25,-6.56292,0.0001,-0.00263523,0.0475715,2.06808,0.157107,44177,0.178174,221.5,1.23144
6817,2.42051,0.199597,0.764832,0.387955,0.00452662,0.000767922,0.00452662,0.193806,0.168493,0.572159,0.780524,0.04987,0.0270682,0.0476204,0.235912,0.0498272,0,1.03453,0.0828242,2.21225,0.187873,0,0.0722297,0.579837,4.73374,0.667079,0.431927,0.586052,2.33462,0.206243,0.233598,0,0.825443,0.281674,0,-0.000636267,0.245313,0.967635,0.258868,0.0492021,0.0507325,0.00515631,0.00456476,0.436113,0.0477945,5.84692,-0.969711,10.2494,0.665376,0.607472,-7.31415,-0.333333,0.0286533,-0.0732326,0.594817,12.6667,5.875,0,0,1.70833,5.16667,0.458333,-6.56244,0.0001,-0.00302911,0.0457924,2.00089,0.153958,45619,0.178213,221.66,1.31306
6818,2.41091,0.193755,0.768863,0.376544,0.00449483,0.000691846,0.00449483,0.194049,0.167037,0.574459,0.783321,0.0495425,0.0268287,0.0473029,0.232807,0.0511006,0,1.02938,0.0847711,2.22324,0.187158,0,0.0724953,0.57804,4.74581,0.669413,0.43594,0.582259,2.32054,0.200449,0.230315,0,0.774572,0.347109,0,-0.000656522,0.245535,0.967523,0.264181,0.0488575,0.0503251,0.00529485,0.0047215,0.43956,0.0474464,5.91965,-0.923085,10.2012,0.66735,0.600872,-7.46474,-0.333333,0.0258671,-0.0740361,0.601056,14.4167,6.33333,0,0,1.79167,6.125,0.583333,-6.55992,0.0001,-0.000998371,0.046746,2.02706,0.157015,45009,0.178307,223.88,1.12051
6819,2.41555,0.203559,0.816485,0.386823,0.00448601,0.000746958,0.00448601,0.201663,0.17853,0.574642,0.832434,0.0495688,0.0268677,0.0473289,0.234417,0.0474269,0,1.03681,0.0904869,2.19446,0.183274,0,0.0715181,0.584654,4.75068,0.670242,0.43703,0.581833,2.31824,0.210035,0.231809,0,0.871093,0.347184,0,-0.000681336,0.23862,0.967831,0.266258,0.0488229,0.0502946,0.00492297,0.00429885,0.437793,0.0474283,5.90269,-1.00752,10.1939,0.666585,0.599017,-7.47231,-0.333333,0.0278312,-0.0766645,0.633052,12.9167,6.16667,0,0,1.83333,5.33333,0.5,-6.55525,0.0001,-0.00171732,0.0455012,2.02698,0.153744,45078,0.17835,224,1.47238
6820,2.46279,0.197842,0.773565,0.380395,0.00449152,0.000701144,0.00449152,0.196484,0.168602,0.570145,0.787391,0.0499874,0.0260421,0.0476287,0.233951,0.0493017,0,1.03211,0.0843359,2.22398,0.18695,0,0.0734648,0.575366,4.73586,0.668867,0.436377,0.580259,2.31801,0.20425,0.230975,0,0.79702,0.339816,0,-0.000691247,0.241747,0.967884,0.265644,0.0489377,0.0506191,0.00511715,0.00447712,0.437956,0.047577,5.95211,-0.458158,10.4443,0.658327,0.606459,-7.72349,-0.333333,0.0261482,-0.0747446,0.601134,12.5417,6.83333,0,0,1.625,6.08333,0.375,-6.55489,0.0001,-0.00115482,0.0465012,2.01527,0.152355,45351,0.178356,224.24,1.44891
6821,2.44974,0.199283,0.773457,0.382968,0.00452233,0.00076447,0.00452233,0.196383,0.168719,0.573881,0.788248,0.0499452,0.0261702,0.0476622,0.234309,0.0492006,0,1.0323,0.0852229,2.22016,0.184149,0,0.0721195,0.576058,4.72764,0.666835,0.432692,0.583625,2.3333,0.205391,0.231535,0,0.794169,0.334048,0,-0.000667584,0.243256,0.967825,0.262104,0.0491168,0.0506566,0.0050889,0.00450026,0.438296,0.0477535,5.90726,-0.683235,10.2779,0.663862,0.603121,-7.52412,-0.333333,0.0287859,-0.0749135,0.596978,13.1667,6.41667,0,0,1.75,6.375,0.25,-6.55303,0.0001,-0.00195869,0.0460226,2.05063,0.14787,44714,0.178403,224.07,1.12768
6822,2.50476,0.197128,0.756034,0.382402,0.00453676,0.000728533,0.00453676,0.193286,0.165954,0.573514,0.769735,0.05009,0.0262457,0.0477734,0.235692,0.0497794,0,1.03137,0.082681,2.22279,0.188192,0,0.0740455,0.575309,4.72288,0.667212,0.43074,0.584867,2.33589,0.203139,0.232915,0,0.8028,0.299354,0,-0.000617278,0.246429,0.96739,0.259439,0.0492181,0.0508449,0.00516754,0.00452383,0.439328,0.0478314,6.18395,-0.693135,10.3529,0.661785,0.607798,-7.46603,-0.333333,0.0271202,-0.0730984,0.587835,13.5,6.25,0,0,1.625,5.54167,0.375,-6.54804,0.0001,-0.00156019,0.0444662,2.02672,0.147515,45213,0.178457,221.94,1.26474
6823,2.47786,0.20125,0.79081,0.387853,0.00447231,0.000784526,0.00447231,0.199179,0.171669,0.57024,0.801896,0.0496117,0.0265555,0.0473059,0.23554,0.0477445,0,1.04371,0.0859731,2.23946,0.179966,0,0.0715384,0.583297,4.75872,0.670922,0.438726,0.57826,2.3084,0.20683,0.232542,0,0.810841,0.336633,0,-0.000694657,0.240924,0.968128,0.268728,0.0486911,0.0502569,0.00562878,0.00500758,0.436701,0.0473442,5.92058,-0.610537,10.3513,0.659952,0.601377,-7.68871,-0.333333,0.0296269,-0.0762366,0.612215,14.6667,7.70833,0,0,2.08333,6.33333,0.5,-6.5459,0.0001,-0.00216458,0.0489127,2.04129,0.150577,44849,0.178477,223.68,1.17052
6824,2.34436,0.200375,0.764782,0.391138,0.00455075,0.000841712,0.00455075,0.199659,0.167549,0.576398,0.775524,0.0500809,0.025895,0.0478212,0.235863,0.0463093,0,1.03137,0.0827807,2.21386,0.178354,0,0.0707285,0.577304,4.72486,0.665836,0.428977,0.587139,2.34652,0.206215,0.233097,0,0.788057,0.311018,0,-0.000695216,0.238826,0.968031,0.259985,0.0491634,0.0507385,0.00476241,0.00419157,0.43758,0.0477554,6.06583,-0.741623,10.2227,0.664604,0.602489,-7.41454,-0.333333,0.0312838,-0.0756344,0.60094,12.625,5.79167,0,0,1.58333,6.04167,0.416667,-6.54633,0.0001,-0.00199325,0.0464612,2.02877,0.156766,44979,0.178468,227.69,1.38281
6825,2.39062,0.202164,0.769898,0.389652,0.004502,0.000732456,0.004502,0.201898,0.168325,0.569804,0.784114,0.04964,0.0264264,0.0473837,0.235165,0.0459833,0,1.03583,0.0839647,2.24768,0.18187,0,0.071439,0.576823,4.75298,0.670424,0.435049,0.579525,2.31809,0.208645,0.232516,0,0.799429,0.314964,0,-0.00070244,0.237437,0.96805,0.266625,0.0488172,0.0503543,0.00463624,0.00402169,0.435971,0.047421,5.89597,-0.849644,10.2781,0.662382,0.602636,-7.44533,-0.333333,0.0274986,-0.0766186,0.596353,13.375,6.58333,0,0,1.45833,6.08333,0.416667,-6.54834,0.0001,-0.00242079,0.0520405,1.95796,0.141814,46816,0.17841,222.65,1.40145
6826,2.41274,0.199231,0.761055,0.391708,0.00455315,0.000829676,0.00455315,0.197628,0.168033,0.577011,0.778741,0.0500732,0.0268773,0.0478087,0.238513,0.0471341,0,1.03918,0.0840217,2.22193,0.182697,0,0.0723626,0.576374,4.70783,0.66361,0.428579,0.589303,2.34873,0.206494,0.235875,0,0.791407,0.317718,0,-0.00066013,0.239158,0.967391,0.257382,0.049303,0.0508754,0.00525539,0.0046237,0.439668,0.0479011,6.26146,-0.875956,10.2709,0.664269,0.60742,-7.29254,-0.333333,0.0307273,-0.0743203,0.594167,12.5833,5.41667,0,0,0.916667,5.41667,0.416667,-6.55283,0.0001,-0.00238979,0.043689,1.93672,0.144402,47236,0.178347,219.36,1.32568
6827,2.42482,0.199781,0.760425,0.388114,0.00458031,0.000824575,0.00458031,0.196984,0.169347,0.572743,0.778352,0.0502944,0.0270532,0.0480265,0.238482,0.0494146,0,1.03302,0.084252,2.21849,0.18592,0,0.0724986,0.571119,4.69582,0.663119,0.425171,0.59168,2.35525,0.20735,0.236123,0,0.796053,0.301371,0,-0.000649266,0.24516,0.967251,0.252074,0.0495887,0.0511783,0.00525439,0.00464503,0.436066,0.0481498,6.03979,-0.96512,10.2661,0.667068,0.613985,-7.10918,-0.333333,0.0301554,-0.0733917,0.585096,13.9583,6.25,0,0,1.41667,5.20833,0.166667,-6.55646,0.0001,-0.00254556,0.0449414,1.92322,0.142113,47597,0.178334,224.57,1.48693
6828,2.46938,0.207128,0.807837,0.394088,0.00447391,0.00078631,0.00447391,0.204053,0.176256,0.567423,0.824511,0.0493589,0.0273974,0.0471105,0.234921,0.0466388,0,1.04204,0.0900593,2.23053,0.177011,0,0.0703929,0.585202,4.76693,0.673363,0.438524,0.576655,2.28838,0.214791,0.232543,0,0.842144,0.348183,0,-0.000736486,0.237674,0.96721,0.268786,0.0485838,0.0501254,0.0051922,0.00460888,0.441337,0.0471475,5.97618,-1.11081,10.2079,0.666471,0.601908,-7.3731,-0.333333,0.0298091,-0.0776188,0.623457,14.2917,6.5,0,0,1.25,5.125,0.166667,-6.5547,0.0001,-0.00228661,0.044133,1.9241,0.142686,47563,0.178394,227.37,1.31363
6829,2.37959,0.199919,0.753261,0.390688,0.0046127,0.000851631,0.0046127,0.197214,0.168787,0.575717,0.774282,0.0505322,0.0262271,0.0482606,0.24103,0.0481544,0,1.03807,0.084618,2.22633,0.183269,0,0.0718992,0.569915,4.67446,0.660859,0.421166,0.595959,2.37093,0.207166,0.238619,0,0.790384,0.282104,0,-0.000592787,0.243572,0.967158,0.248572,0.0498622,0.0514726,0.00559962,0.0049845,0.435043,0.0484488,6.17149,-0.910976,10.2775,0.666198,0.61412,-7.03562,-0.333333,0.0309249,-0.0731396,0.583532,13.1667,5.58333,0,0,1.25,4.83333,0.333333,-6.55028,0.0001,-0.00104385,0.0460273,1.93652,0.137965,47387,0.178463,221.76,1.24775
6830,2.38786,0.202195,0.774061,0.392654,0.0045097,0.000767931,0.0045097,0.198792,0.168908,0.573816,0.785216,0.0496781,0.0265907,0.0474583,0.23543,0.0473623,0.00347222,1.03712,0.083284,2.2192,0.178004,0,0.0701321,0.580468,4.74388,0.669145,0.434132,0.58183,2.32157,0.208031,0.233029,0,0.787403,0.315661,0,-0.000679603,0.240078,0.967613,0.26318,0.0490247,0.0505054,0.00530523,0.00470321,0.438068,0.0475887,5.98254,-1.02893,10.2052,0.666587,0.603312,-7.30345,-0.333333,0.0288982,-0.0755396,0.602935,14.5833,6.95833,0,0,1.95833,6.04167,0.416667,-6.54878,0.0001,-0.00171358,0.0455999,1.93689,0.144808,47223,0.178485,221.8,1.19353
6831,2.39558,0.193485,0.750271,0.382004,0.00455979,0.00080361,0.00455979,0.192896,0.164985,0.570056,0.761377,0.0495511,0.0269661,0.0474128,0.234862,0.0499657,0.00231481,1.02688,0.0811428,2.22922,0.189924,0,0.0719939,0.575796,4.72531,0.666273,0.42781,0.587096,2.34336,0.199912,0.232776,0,0.785576,0.293704,0,-0.000658571,0.248061,0.967171,0.257082,0.0491645,0.0505081,0.00465996,0.00410239,0.43722,0.0477085,5.96104,-1.29463,10.0748,0.671449,0.602757,-7.00497,-0.333333,0.0298396,-0.0727578,0.573135,14.375,5.54167,0,0,1.5,4.16667,0.5,-6.5465,0.0001,-0.00158053,0.0432744,1.9125,0.146604,47741,0.17855,218.78,1.05832
6832,2.37031,0.199616,0.77042,0.387267,0.00454379,0.00076355,0.00454379,0.195015,0.169783,0.571178,0.785559,0.0495771,0.0274925,0.0474445,0.237267,0.0506421,0,1.03748,0.0849613,2.21832,0.18793,0,0.0716024,0.582469,4.7299,0.666271,0.429756,0.588291,2.34298,0.206703,0.235006,0,0.792202,0.322989,0,-0.000744255,0.245984,0.96719,0.257013,0.0490813,0.050416,0.00559717,0.00497953,0.439078,0.0476369,6.07083,-1.31484,10.0571,0.67186,0.602765,-7.07599,-0.333333,0.0283182,-0.0735733,0.593221,14.8333,5.375,0,0,1.58333,5,0.708333,-6.54453,0.0001,-0.00265562,0.0466314,1.94622,0.139767,47125,0.17856,223.87,1.35636
6833,2.32044,0.197671,0.759424,0.386667,0.00453861,0.000851734,0.00453861,0.196675,0.167186,0.573981,0.775246,0.0499438,0.0265549,0.0476872,0.238374,0.0464243,0,1.04266,0.0829662,2.19943,0.179663,0,0.0714475,0.576517,4.72658,0.666623,0.430465,0.58611,2.33931,0.204636,0.235807,0,0.779907,0.293412,0,-0.000661658,0.242299,0.967839,0.25895,0.04921,0.0507217,0.00542615,0.00480354,0.437179,0.0478324,6.11371,-0.842445,10.2448,0.663901,0.603299,-7.37535,-0.333333,0.0313024,-0.0741622,0.585016,12.4167,5.58333,0,0,1.79167,5.58333,0.458333,-6.54508,0.0001,-0.00163561,0.0461305,1.9252,0.141054,47576,0.178568,225.43,1.27438
6834,2.38092,0.189959,0.729365,0.386652,0.00458809,0.000736535,0.00458809,0.189239,0.160647,0.569206,0.738335,0.0504162,0.0257132,0.0481555,0.23735,0.0487688,0,1.02775,0.0761579,2.22286,0.185153,0,0.0724841,0.572185,4.70987,0.663342,0.424361,0.593346,2.3697,0.194291,0.234696,0,0.750623,0.254821,0,-0.000554182,0.243689,0.967513,0.251753,0.0497628,0.0512343,0.00551585,0.00486808,0.437677,0.0483823,6.19938,-0.695951,10.3122,0.663351,0.61014,-7.30676,-0.333333,0.0271811,-0.0712174,0.558942,13,6.5,0,0,1.54167,5.45833,0.416667,-6.54459,0.0001,-7.57477e-05,0.0435794,1.93366,0.14028,47399,0.178579,220.56,1.05503
6835,2.45063,0.193397,0.770864,0.38185,0.00446409,0.000744283,0.00446409,0.195343,0.16642,0.567033,0.784709,0.049417,0.0265418,0.0471521,0.231811,0.0479912,0,1.03068,0.0819538,2.23243,0.183575,0,0.0717035,0.581155,4.75849,0.671679,0.439919,0.576143,2.2996,0.200331,0.229036,0,0.829177,0.292288,0,-0.000676845,0.238748,0.967727,0.270764,0.0486195,0.0500809,0.00492364,0.00431733,0.438446,0.0472079,5.98597,-0.659193,10.3391,0.660801,0.598499,-7.69478,-0.333333,0.028125,-0.0752071,0.590823,12.0833,6.66667,0,0,1.79167,5.25,0.708333,-6.54476,0.0001,-0.00102983,0.0426884,1.93383,0.145914,47267,0.178599,229.45,1.11342
6836,2.4009,0.201879,0.788365,0.389211,0.00453132,0.000781166,0.00453132,0.20016,0.17322,0.573526,0.800345,0.0501176,0.0253057,0.0478125,0.236608,0.0477934,0,1.03544,0.0857202,2.19642,0.181412,0,0.0728499,0.577443,4.7291,0.667604,0.431408,0.583706,2.32791,0.20787,0.233568,0,0.845227,0.300216,0,-0.000636852,0.239419,0.968444,0.261018,0.0491645,0.050731,0.00536115,0.00475256,0.438318,0.0478349,6.16514,-0.517758,10.3232,0.659494,0.602279,-7.62439,-0.333333,0.0290724,-0.0756774,0.610154,13.0417,6.41667,0,0,1.45833,6.33333,0.5,-6.54528,0.0001,-0.0017687,0.0478115,1.93082,0.145503,47345,0.178604,225.49,1.39539
6837,2.29045,0.198805,0.760379,0.388726,0.00453709,0.00078854,0.00453709,0.197322,0.167218,0.57893,0.77255,0.049909,0.0259483,0.04766,0.237046,0.0480878,0,1.03553,0.0819375,2.22753,0.181461,0,0.0721565,0.577097,4.72126,0.666405,0.430695,0.587294,2.33185,0.20413,0.234098,0,0.793261,0.282742,0,-0.000684193,0.242428,0.967775,0.261188,0.0490153,0.0506075,0.00578541,0.0051698,0.441563,0.0476526,6.25106,-0.66714,10.289,0.661077,0.601642,-7.46537,-0.333333,0.0292103,-0.0744382,0.594191,11.9167,5.41667,0,0,0.916667,5.83333,0.458333,-6.54419,0.0001,-0.00194826,0.0454763,1.91635,0.141683,47765,0.178621,223.17,1.26249
6838,2.38637,0.195437,0.750793,0.386123,0.00455485,0.000737445,0.00455485,0.19268,0.164877,0.568335,0.765358,0.0499595,0.0257256,0.0477188,0.235355,0.0492065,0,1.02592,0.0798786,2.21218,0.186081,0,0.0729358,0.578413,4.72203,0.665491,0.428461,0.587606,2.34141,0.201731,0.232633,0,0.785394,0.285119,0,-0.000727207,0.243228,0.967835,0.258634,0.0491095,0.0506369,0.0055766,0.0049794,0.440201,0.0477409,6.19113,-0.793159,10.2321,0.663343,0.601423,-7.34996,-0.333333,0.0275462,-0.0727525,0.571684,14.75,5.95833,0,0,1.16667,6.125,0.541667,-6.54535,0.0001,-0.00189053,0.045994,1.94476,0.146201,47013,0.178593,222.05,1.06063
6839,2.23364,0.195715,0.774672,0.377247,0.00452802,0.00066208,0.00452802,0.195487,0.169527,0.5748,0.787818,0.0493817,0.0269601,0.0472319,0.233221,0.0496254,0.00231481,1.0238,0.085424,2.22138,0.183697,0,0.0717129,0.574449,4.73541,0.66759,0.431769,0.583757,2.32903,0.201787,0.230671,0,0.7827,0.349543,0,-0.000674113,0.244975,0.967809,0.261937,0.0489228,0.0502421,0.00547817,0.0048741,0.44088,0.0474842,6.09259,-1.13398,10.0788,0.668132,0.597063,-7.21203,-0.333333,0.0248787,-0.0740284,0.599236,14.0417,5.29167,0,0,1,6.79167,0.583333,-6.54715,0.0001,-0.00155844,0.0440763,1.91547,0.142999,47755,0.178588,225.8,1.3518
6840,2.29205,0.198195,0.7544,0.380564,0.00456218,0.00071186,0.00456218,0.192856,0.166776,0.57082,0.771192,0.0495454,0.0274572,0.0474249,0.236728,0.0501313,0.00189394,1.03124,0.0833203,2.21844,0.189854,0,0.0722167,0.57258,4.72534,0.66708,0.427446,0.588411,2.34224,0.204961,0.234542,0,0.779458,0.31785,0,-0.000724919,0.246943,0.967572,0.254982,0.0492145,0.0504747,0.00531279,0.00464986,0.44025,0.0477802,6.06385,-1.36899,10.0507,0.669946,0.603887,-6.91807,-0.333333,0.0260427,-0.0724468,0.57816,14,4.625,0,0,0.875,5.125,0.416667,-6.54684,0.0001,-0.00146695,0.0446817,1.89252,0.144345,48262,0.178602,225.4,1.17957
6841,2.27625,0.204114,0.788606,0.387908,0.00456986,0.000814212,0.00456986,0.201563,0.174977,0.57373,0.799003,0.0499284,0.0268427,0.0477756,0.238216,0.048088,0,1.03645,0.0868695,2.20627,0.179876,0,0.0705195,0.573893,4.70856,0.664668,0.426511,0.590212,2.35207,0.209113,0.23587,0,0.812788,0.344876,0,-0.000662367,0.239709,0.967593,0.255032,0.0494497,0.0508219,0.005656,0.00502993,0.439801,0.048025,6.22045,-1.26203,10.0696,0.668434,0.601438,-7.01272,-0.333333,0.0301011,-0.07554,0.603345,13.2083,4.20833,0,0,0.75,4.75,0.541667,-6.54929,0.0001,-0.00256362,0.0472766,1.90536,0.142617,48000,0.178547,224.65,1.34382
6842,2.26611,0.200383,0.804282,0.386446,0.00454185,0.000745451,0.00454185,0.201566,0.177043,0.571493,0.820857,0.0495139,0.0272334,0.0474225,0.23603,0.04619,0,1.03298,0.0900108,2.21803,0.178753,0,0.0694781,0.580082,4.74043,0.668252,0.430032,0.586595,2.33783,0.207354,0.233591,0,0.839715,0.357927,0,-0.000692142,0.235923,0.967858,0.25977,0.0490968,0.050358,0.00486697,0.00426001,0.436522,0.0476369,5.91192,-1.29658,9.97673,0.670362,0.592698,-7.09003,-0.333333,0.027611,-0.0760653,0.61913,14.6667,4.75,0,0,0.416667,5.125,0.666667,-6.5543,0.0001,-0.00211712,0.0440782,1.92236,0.146028,47526,0.178501,225.53,1.44939
6843,2.25301,0.193523,0.739281,0.382821,0.00457147,0.000761223,0.00457147,0.195377,0.163205,0.573521,0.752169,0.0498987,0.0268116,0.0477434,0.237179,0.0495246,0,1.03056,0.0806503,2.22377,0.1863,0,0.0720024,0.57188,4.7054,0.664187,0.426334,0.590346,2.34836,0.199687,0.234714,0,0.741947,0.287817,0,-0.000676283,0.243318,0.967591,0.254447,0.0493717,0.0507275,0.00514478,0.00453717,0.437063,0.0479419,6.13888,-1.16261,10.0809,0.668371,0.600259,-7.09157,-0.333333,0.0282452,-0.0733989,0.571251,12.9583,4.54167,0,0,1.08333,5.66667,0.625,-6.55637,0.0001,0.000369929,0.0451695,1.90022,0.145528,48052,0.17846,220.43,1.44047
6844,2.39675,0.199756,0.809698,0.388328,0.00447963,0.000724329,0.00447963,0.199625,0.174198,0.567677,0.826791,0.0494528,0.0264001,0.0472323,0.231929,0.0454293,0,1.02996,0.0891003,2.21712,0.176303,0,0.0698854,0.584267,4.76071,0.671275,0.437877,0.57765,2.30364,0.206346,0.228906,0,0.852164,0.368109,0,-0.000731762,0.234609,0.968509,0.271672,0.0485458,0.0500315,0.00487186,0.00428533,0.438458,0.0471497,6.04814,-0.787406,10.1301,0.66504,0.592175,-7.62842,-0.333333,0.0279052,-0.07704,0.622694,12.2917,6.20833,0,0,1.08333,5.54167,0.958333,-6.55787,0.0001,-0.00261676,0.0492968,1.89717,0.140014,48254,0.178481,228.24,1.38988
6845,2.30832,0.20446,0.797527,0.391301,0.00454849,0.00080957,0.00454849,0.202161,0.175557,0.575638,0.810378,0.0502964,0.0262961,0.0480028,0.237412,0.0454061,0,1.03514,0.0880605,2.19735,0.178609,0,0.0719848,0.571317,4.70507,0.664575,0.429223,0.588094,2.34661,0.211101,0.234397,0,0.818223,0.349843,0,-0.000637062,0.237508,0.968137,0.258757,0.0494065,0.0510139,0.00509682,0.00450088,0.438282,0.0479842,6.13115,-0.660177,10.3257,0.659025,0.602833,-7.43002,-0.333333,0.0297442,-0.0759809,0.624394,13.4167,6.16667,0,0,1.125,6.41667,0.25,-6.55692,0.0001,-0.00201372,0.0473556,1.88958,0.144128,48337,0.178442,219.61,1.30787
6846,2.40281,0.196422,0.76758,0.384274,0.00457885,0.000758233,0.00457885,0.197505,0.169503,0.569627,0.782096,0.0504228,0.0254558,0.0481371,0.238317,0.0473288,0.00231481,1.03309,0.0838668,2.21893,0.181303,0,0.0724203,0.576272,4.71139,0.664927,0.425405,0.590342,2.34709,0.203508,0.235325,0,0.817266,0.302571,0,-0.000636474,0.241375,0.968222,0.254696,0.0495119,0.0511155,0.00534215,0.00471839,0.439964,0.0481576,6.28569,-0.538126,10.3516,0.657552,0.600924,-7.4316,-0.333333,0.0281355,-0.0742556,0.582243,12.7917,5.79167,0,0,0.875,6.41667,0.458333,-6.56207,0.0001,-0.00221132,0.0445686,1.9118,0.142961,47841,0.178368,219.58,1.19202
6847,2.45354,0.198095,0.786173,0.382698,0.00452853,0.000677715,0.00452853,0.19565,0.172276,0.567783,0.800662,0.0501459,0.0250602,0.0478213,0.234522,0.0475603,0,1.02672,0.085496,2.20861,0.184554,0,0.0730163,0.582574,4.73108,0.667099,0.431831,0.586276,2.33327,0.203599,0.231174,0,0.820801,0.309861,0,-0.000623937,0.239227,0.968333,0.262115,0.0491665,0.0507649,0.00514207,0.0044711,0.44131,0.0478778,6.31138,-0.3472,10.4096,0.655444,0.598675,-7.72531,-0.333333,0.0251444,-0.0741443,0.607869,13.7083,7.125,0,0,1.625,6.16667,0.583333,-6.56459,0.0001,-0.00189326,0.0466504,1.90913,0.140464,47962,0.178367,227.84,1.50303
6848,2.41085,0.198489,0.7579,0.388128,0.00448304,0.000799534,0.00448304,0.197055,0.164705,0.567478,0.772465,0.0498105,0.0255245,0.0474637,0.235794,0.0504639,0,1.04132,0.0817591,2.23836,0.186146,0,0.074544,0.576796,4.74342,0.668966,0.43744,0.578329,2.31703,0.204568,0.232444,0,0.779011,0.285976,0,-0.000601393,0.242954,0.969016,0.269423,0.0487115,0.0504173,0.00543472,0.00481308,0.442517,0.0474096,6.22565,-0.268175,10.4347,0.65251,0.596452,-7.90148,-0.333333,0.0299958,-0.0752654,0.586017,12.1667,6,0,0,1.29167,7.54167,0.625,-6.56396,0.0001,-0.00239454,0.0469045,1.92559,0.142187,47540,0.178343,227.39,1.12506
6849,2.42069,0.197951,0.771707,0.386615,0.00450079,0.00074231,0.00450079,0.196536,0.168385,0.56702,0.786818,0.0501126,0.0255793,0.0477601,0.234617,0.0487038,0,1.03261,0.0835625,2.23699,0.186114,0,0.0736737,0.576296,4.73003,0.667488,0.435167,0.582886,2.32432,0.203854,0.2314,0,0.806286,0.305388,0,-0.000627404,0.242653,0.968833,0.26465,0.0490129,0.0506963,0.00505582,0.00446165,0.439996,0.0476903,6.03903,-0.263987,10.4764,0.652948,0.599087,-7.84533,-0.333333,0.0276258,-0.074728,0.590559,12.3333,6.08333,0,0,1.5,7.375,0.583333,-6.56483,0.0001,-0.00239275,0.0473654,1.88353,0.144127,48481,0.178305,223.34,1.17095
6850,2.49106,0.199055,0.777092,0.392489,0.00448814,0.000814963,0.00448814,0.198167,0.169131,0.569289,0.790651,0.0504003,0.0247332,0.0479712,0.236558,0.0479147,0,1.04118,0.0843539,2.21116,0.185062,0,0.0742675,0.577784,4.7335,0.666682,0.436738,0.582924,2.32781,0.205421,0.232973,0,0.799864,0.341576,0,-0.000590522,0.240966,0.968992,0.265332,0.0492067,0.0509452,0.00542762,0.00477786,0.437969,0.0479445,6.15228,-0.0582145,10.583,0.649579,0.601971,-8.01238,-0.333333,0.0305403,-0.0754038,0.5974,13.0417,7.875,0,0,1.70833,7.625,0.458333,-6.56576,0.0001,-0.00143813,0.0470208,1.89999,0.145156,48067,0.178311,225.02,1.22091
6851,2.50131,0.194651,0.759477,0.389149,0.00452704,0.000765373,0.00452704,0.195511,0.166476,0.573058,0.771145,0.050702,0.0248879,0.0482702,0.236545,0.0482963,0,1.03328,0.0820331,2.22769,0.18586,0,0.0750276,0.575064,4.70898,0.663937,0.431856,0.588065,2.34859,0.199379,0.233073,0,0.767411,0.337862,0,-0.000528265,0.244233,0.968633,0.259915,0.0495138,0.0513239,0.00546971,0.00485148,0.437894,0.0482244,6.04916,-0.0409925,10.615,0.649827,0.606567,-7.87243,-0.333333,0.0285529,-0.0738342,0.585762,13.9167,7.75,0,0,1.83333,7.25,0.375,-6.56609,0.0001,-0.00226421,0.0443459,1.9183,0.145487,47632,0.178345,221.34,1.0742
6852,2.47405,0.196312,0.760264,0.388182,0.0045107,0.000726883,0.0045107,0.198663,0.165987,0.56473,0.769658,0.0505254,0.0246901,0.048132,0.235248,0.0453098,0,1.03126,0.0812187,2.21863,0.179503,0,0.0724792,0.579519,4.72681,0.66627,0.433907,0.585609,2.34431,0.202725,0.231829,0,0.772635,0.313551,0,-0.000599405,0.23605,0.968714,0.262942,0.049343,0.0511055,0.0054505,0.00479526,0.439087,0.0480478,6.14201,-0.129516,10.5803,0.64908,0.601551,-7.86093,-0.333333,0.0271478,-0.0753573,0.577301,11.4583,6.25,0,0,1.54167,6.5,0.375,-6.56508,0.0001,-0.00254933,0.0417541,1.89505,0.141288,48274,0.178323,224.93,1.39912
6853,2.46438,0.196077,0.775952,0.384786,0.00450621,0.000786796,0.00450621,0.194844,0.169756,0.568939,0.789474,0.05028,0.0250143,0.0479182,0.233687,0.0484901,0.00245098,1.02593,0.0839619,2.21683,0.184398,0,0.0742447,0.575161,4.71848,0.664804,0.43447,0.585417,2.3392,0.201626,0.230316,0,0.809633,0.332597,0,-0.000577608,0.24395,0.968874,0.26212,0.0492948,0.0509483,0.00552678,0.00491078,0.440004,0.0480019,6.0562,-0.173047,10.537,0.649799,0.598964,-7.83852,-0.333333,0.0292716,-0.0738007,0.599152,11.875,6,0,0,1.45833,6.16667,0.291667,-6.56713,0.0001,-0.00148325,0.0437454,1.92606,0.138101,47624,0.178307,222.46,1.50632
6854,2.27963,0.199149,0.77549,0.386412,0.00450135,0.000747992,0.00450135,0.194244,0.169624,0.576486,0.788722,0.0496457,0.0262292,0.0474217,0.23547,0.048499,0,1.03756,0.0842994,2.23377,0.183759,0,0.0728615,0.575312,4.7424,0.667918,0.435083,0.583671,2.33253,0.205034,0.232721,0,0.824442,0.323588,0,-0.000684708,0.243831,0.968413,0.265528,0.0488699,0.0503974,0.00550683,0.0048742,0.440586,0.0475134,5.84914,-0.789166,10.2832,0.658214,0.596908,-7.4664,-0.333333,0.0280503,-0.0738364,0.605719,11.9583,5.125,0,0,1.25,5.79167,0.625,-6.56951,0.0001,-0.00125147,0.0445002,1.88368,0.144582,48467,0.17829,224.57,1.33062
6855,2.40006,0.19892,0.770956,0.385565,0.00451776,0.000762964,0.00451776,0.199881,0.169076,0.570607,0.783127,0.0500095,0.0261942,0.047734,0.235769,0.0473364,0,1.03585,0.0841946,2.24167,0.184898,0,0.0730829,0.574085,4.72435,0.666588,0.433046,0.584819,2.33757,0.204822,0.233038,0,0.795402,0.314292,0,-0.00060617,0.238657,0.968011,0.263994,0.0491374,0.0507792,0.00533794,0.0047124,0.440837,0.047755,6.06505,-0.675993,10.3447,0.659092,0.604136,-7.49126,-0.333333,0.0283607,-0.0758781,0.592927,14.2083,7,0,0,1.70833,5.875,0.541667,-6.57185,0.0001,-0.00142519,0.0478715,1.91555,0.143462,47743,0.178293,227.02,1.35327
6856,2.37583,0.203558,0.816656,0.385103,0.00442007,0.000686005,0.00442007,0.201492,0.175581,0.563693,0.832478,0.0489677,0.0280148,0.0467733,0.231588,0.0467564,0,1.03928,0.0905635,2.25535,0.179859,0,0.0706671,0.586333,4.78254,0.67432,0.445281,0.572916,2.28104,0.209865,0.229004,0,0.833281,0.371191,0,-0.000766789,0.237096,0.968586,0.276223,0.0482161,0.0496499,0.00549923,0.0049185,0.442376,0.046826,5.76132,-0.992629,10.1995,0.66182,0.591413,-7.60859,-0.333333,0.0262037,-0.0777937,0.621394,12.7083,5.29167,0,0,1.20833,6.29167,0.416667,-6.57346,0.0001,-0.00274376,0.0456232,1.90686,0.146541,47873,0.178258,227.97,1.53862
6857,2.38195,0.194442,0.7654,0.382527,0.0045311,0.000714168,0.0045311,0.194099,0.16737,0.571946,0.77814,0.0500398,0.0265059,0.0478052,0.233988,0.0494927,0,1.0266,0.0832983,2.22076,0.189517,0,0.0730105,0.578655,4.72393,0.665608,0.431466,0.587866,2.34096,0.200554,0.23128,0,0.796685,0.315324,0,-0.00066102,0.245239,0.968534,0.261479,0.0492039,0.0507384,0.00554273,0.0049478,0.439825,0.0478709,5.91964,-0.712908,10.3075,0.659357,0.599338,-7.45156,-0.333333,0.0265907,-0.0737282,0.586143,12.9583,5.95833,0,0,1.125,6.16667,0.666667,-6.57662,0.0001,-0.00202471,0.0444635,1.93041,0.135899,47574,0.178217,223.24,1.14315
6858,2.26422,0.199556,0.772469,0.387363,0.00453102,0.000779676,0.00453102,0.195336,0.169034,0.571426,0.78781,0.049671,0.0278861,0.0474931,0.237786,0.0494825,0,1.0432,0.0847054,2.24854,0.187328,0,0.0728886,0.573068,4.72914,0.666535,0.431409,0.5852,2.3419,0.206683,0.235389,0,0.798953,0.337241,0,-0.000709447,0.243051,0.967367,0.259837,0.0491186,0.050514,0.0055061,0.00484568,0.442633,0.0476821,6.05469,-1.15254,10.1596,0.666056,0.601439,-7.16755,-0.333333,0.0293438,-0.0738643,0.595769,13.625,5.20833,0,0,1.25,5.91667,0.541667,-6.57613,0.0001,-0.00208735,0.046993,1.91363,0.139538,47879,0.178269,225.69,1.41027
6859,2.27925,0.196671,0.77578,0.378745,0.00448182,0.000758092,0.00448182,0.195108,0.168221,0.569453,0.790913,0.0489463,0.0282368,0.0468671,0.234178,0.0493406,0,1.03878,0.0847531,2.24611,0.185181,0,0.0710089,0.58249,4.75419,0.669958,0.437602,0.579868,2.30971,0.203705,0.231814,0,0.798204,0.330171,0,-0.000784388,0.244957,0.967749,0.266627,0.0486137,0.0498,0.00592321,0.00524465,0.442884,0.0471782,5.9109,-1.46737,9.95991,0.671518,0.590976,-7.18542,-0.333333,0.0284684,-0.0748335,0.594769,14.375,4.75,0,0,0.958333,5.54167,0.666667,-6.57225,0.0001,-0.00190228,0.041869,1.90533,0.143722,47975,0.178321,224.74,1.30365
6860,2.33306,0.207637,0.835877,0.393277,0.00447263,0.000755006,0.00447263,0.206307,0.182133,0.569165,0.853043,0.0493724,0.0282619,0.0472436,0.234804,0.0454847,0,1.04138,0.0944305,2.23425,0.176683,0,0.068845,0.584004,4.75651,0.669975,0.438685,0.580071,2.32177,0.214797,0.23247,0,0.854443,0.382247,0,-0.000781173,0.233731,0.968343,0.267981,0.0487903,0.050142,0.00574607,0.00510236,0.442428,0.0473189,5.85453,-1.24961,10.0758,0.667145,0.591825,-7.27207,-0.333333,0.0283004,-0.0786223,0.645042,15.0833,5.75,0,0,1.5,5.41667,0.708333,-6.57328,0.0001,-0.00261287,0.047337,1.91818,0.139705,47769,0.178295,227.45,1.28006
6861,2.314,0.196191,0.777252,0.378866,0.00446511,0.000734742,0.00446511,0.197515,0.16783,0.565825,0.794532,0.0490864,0.0282783,0.0469506,0.232612,0.0486281,0,1.03549,0.0853782,2.26729,0.184929,0,0.0713055,0.579617,4.76174,0.670851,0.439726,0.577806,2.30378,0.204784,0.23018,0,0.820513,0.319364,0,-0.000759934,0.239473,0.968181,0.270969,0.048503,0.0498599,0.00537097,0.00472494,0.439797,0.0470638,5.76834,-1.19897,10.0961,0.666246,0.592568,-7.32095,-0.333333,0.0277041,-0.0759434,0.592647,13.1667,5.29167,0,0,1.29167,5.70833,0.625,-6.57832,0.0001,-0.00267139,0.0419962,1.88923,0.148264,48247,0.178217,226.81,1.2239
6862,2.21981,0.199277,0.775039,0.387776,0.00449649,0.000697586,0.00449649,0.195978,0.16909,0.571227,0.788437,0.0493344,0.0276188,0.04724,0.234985,0.0489116,0,1.03654,0.0842396,2.22709,0.183871,0,0.0703133,0.581738,4.73898,0.668055,0.435691,0.584036,2.32795,0.206476,0.232481,0,0.803277,0.33866,0,-0.000718766,0.241459,0.968351,0.263332,0.0489512,0.0501873,0.00547277,0.00485056,0.444402,0.0475052,5.94027,-1.21678,10.0445,0.667937,0.58914,-7.25523,-0.333333,0.0262668,-0.0745432,0.595745,12.75,4.33333,0,0,0.958333,5.41667,0.958333,-6.58544,0.0001,-0.0018752,0.0419098,1.9003,0.135327,48291,0.178168,224.2,1.2433
6863,2.3489,0.201797,0.807623,0.392065,0.00449869,0.000726117,0.00449869,0.199283,0.175889,0.567318,0.825838,0.0499748,0.0262104,0.0477025,0.235696,0.0471235,0,1.03746,0.0905589,2.21346,0.180858,0,0.071097,0.579809,4.73962,0.668959,0.435414,0.581611,2.31539,0.209668,0.232693,0,0.822428,0.373227,0,-0.00068187,0.238532,0.9688,0.263272,0.0491666,0.0506715,0.00572803,0.00505642,0.442599,0.0477885,6.07657,-0.655204,10.3105,0.658147,0.594732,-7.56853,-0.333333,0.0272515,-0.0758833,0.61619,12.25,5.5,0,0,1.20833,5.95833,0.625,-6.58777,0.0001,-0.000378764,0.0435084,1.90229,0.138484,48169,0.178219,218.86,1.16974
6864,2.27548,0.199897,0.790072,0.387451,0.0045491,0.000743533,0.0045491,0.198783,0.174638,0.575478,0.802818,0.049999,0.0268953,0.0477832,0.237753,0.0472528,0,1.03567,0.0867419,2.2207,0.183655,0,0.0719661,0.57586,4.71346,0.665133,0.429087,0.589667,2.34302,0.206527,0.234877,0,0.812461,0.340518,0,-0.000632099,0.238756,0.968012,0.256293,0.0494128,0.0508188,0.005159,0.00448602,0.443995,0.0479937,6.1599,-0.866941,10.2784,0.659796,0.597773,-7.29315,-0.333333,0.0274935,-0.0746356,0.607642,13,5.625,0,0,0.958333,5.95833,0.5,-6.58419,0.0001,-0.000681629,0.0468924,1.92359,0.146425,47489,0.178269,222.12,1.15793
6865,2.30347,0.198749,0.782271,0.386232,0.00453336,0.000740957,0.00453336,0.196268,0.172861,0.568875,0.797372,0.0499378,0.0265043,0.0477326,0.236969,0.0475296,0,1.035,0.0865046,2.22243,0.186073,0,0.0721038,0.576358,4.72683,0.66609,0.431069,0.586954,2.344,0.205537,0.234093,0,0.803547,0.328623,0,-0.00068303,0.242003,0.968389,0.260169,0.0492212,0.0506782,0.00523663,0.00457575,0.442891,0.0478435,6.08092,-0.812568,10.269,0.659858,0.593336,-7.39332,-0.333333,0.0272921,-0.073793,0.59667,13.0833,5.16667,0,0,1.33333,6.58333,0.625,-6.58192,0.0001,-0.00184864,0.0470053,1.88318,0.140652,48573,0.178315,219.47,1.13709
6866,2.34729,0.193831,0.77275,0.379423,0.00448348,0.000732363,0.00448348,0.19535,0.16725,0.569824,0.789842,0.0494637,0.0268527,0.0472898,0.234593,0.0476153,0.00260417,1.03794,0.0852082,2.20138,0.183604,0,0.0717852,0.582648,4.75197,0.669819,0.437371,0.580236,2.31408,0.201293,0.231707,0,0.789178,0.35945,0,-0.000731274,0.239625,0.968299,0.266394,0.0488199,0.0501687,0.00521016,0.00456404,0.44363,0.0474118,6.11498,-0.946222,10.1734,0.662685,0.587485,-7.47684,-0.333333,0.0276703,-0.0748415,0.592264,13.25,5.75,0,0,0.916667,6.58333,0.75,-6.58064,0.0001,-0.00232216,0.0487026,1.90965,0.142752,47897,0.178318,232.2,1.46089
6867,2.34457,0.195246,0.783113,0.385546,0.0044657,0.000778297,0.0044657,0.193212,0.169086,0.570835,0.797903,0.0492417,0.0271431,0.0470586,0.234139,0.0484534,0,1.03806,0.085533,2.22048,0.184814,0,0.0720595,0.580994,4.74945,0.669821,0.439554,0.578939,2.30854,0.201693,0.231285,0,0.791425,0.334683,0,-0.000672386,0.247417,0.968564,0.268261,0.0486651,0.0500794,0.00597105,0.00533166,0.445677,0.0473005,5.89604,-1.02354,10.1668,0.662873,0.589882,-7.47201,-0.333333,0.0292435,-0.0739941,0.601974,12.0833,4.70833,0,0,0.916667,5.66667,0.458333,-6.58164,0.0001,-0.00232033,0.0496203,1.9041,0.140007,48091,0.178285,226.31,1.48826
6868,2.273,0.198894,0.786149,0.392986,0.00450098,0.000867174,0.00450098,0.19884,0.171089,0.569751,0.804237,0.0497726,0.0275001,0.0475564,0.237462,0.0478682,0.00138889,1.0461,0.088648,2.24045,0.181056,0,0.0714713,0.580749,4.73881,0.667054,0.435127,0.58357,2.3323,0.207624,0.234585,0,0.788726,0.381733,0,-0.000703249,0.242927,0.968746,0.263776,0.0490171,0.050527,0.0056387,0.00499492,0.441639,0.0476089,5.86967,-0.851868,10.2376,0.660635,0.592316,-7.44643,-0.333333,0.0323432,-0.0756831,0.602442,13.4583,5.25,0,0,0.833333,7.25,0.666667,-6.58173,0.0001,-0.00207984,0.0445461,1.90892,0.139211,47996,0.178316,226.29,1.28733
6869,2.31434,0.201021,0.793631,0.388768,0.00444655,0.000785989,0.00444655,0.197019,0.171808,0.569266,0.810776,0.0492708,0.0270879,0.0471031,0.232902,0.0478598,0,1.0379,0.087617,2.21045,0.182898,0,0.0716383,0.58434,4.76431,0.671621,0.441957,0.576998,2.3052,0.208365,0.230083,0,0.815442,0.344956,0,-0.000768409,0.241725,0.969356,0.27267,0.048485,0.0499204,0.0055169,0.0049464,0.442314,0.0470984,5.69573,-0.857759,10.2023,0.659515,0.584564,-7.61485,-0.333333,0.0296705,-0.0757618,0.606443,12.5417,4.91667,0,0,0.791667,6.70833,0.958333,-6.58013,0.0001,-0.00120411,0.0417307,1.91532,0.138826,47856,0.178335,228.48,1.32394
6870,2.29375,0.201856,0.796315,0.390308,0.00447538,0.000823212,0.00447538,0.200406,0.172757,0.568322,0.809772,0.0496521,0.0267199,0.0474308,0.234672,0.0456604,0,1.03952,0.0871354,2.20283,0.178386,0,0.0713319,0.581366,4.74481,0.668479,0.438416,0.579338,2.31215,0.208132,0.2316,0,0.826903,0.338301,0,-0.000672145,0.239147,0.968813,0.269931,0.0487836,0.0503181,0.00560489,0.00499322,0.443513,0.0474352,5.98306,-0.677903,10.2561,0.657738,0.586102,-7.6544,-0.333333,0.0310245,-0.0766964,0.608864,12.5417,5.625,0,0,0.5,6.875,0.791667,-6.57865,0.0001,-0.00207127,0.042184,1.89343,0.138787,48372,0.178336,225.05,1.23676
6871,2.34885,0.19371,0.772657,0.381312,0.00443112,0.00076912,0.00443112,0.193421,0.165364,0.567603,0.785876,0.0492238,0.0261211,0.0470126,0.232393,0.0481164,0,1.03933,0.0832329,2.22921,0.183214,0,0.0719812,0.582186,4.77468,0.672481,0.443923,0.573998,2.29927,0.199736,0.229302,0,0.797587,0.318867,0,-0.000713907,0.241688,0.969038,0.275304,0.048363,0.0498356,0.00509292,0.00444406,0.440379,0.0470306,5.74675,-0.627485,10.2838,0.656631,0.581949,-7.80795,-0.333333,0.0295784,-0.075024,0.593402,11.75,5.875,0,0,0.916667,6.41667,0.75,-6.57784,0.0001,-0.00123478,0.0418893,1.91619,0.145637,47678,0.178286,225.41,1.24442
6872,2.39768,0.199514,0.806737,0.384455,0.00440694,0.000695306,0.00440694,0.197295,0.173176,0.564186,0.819666,0.0491784,0.0270241,0.0469222,0.229535,0.0471936,0,1.03009,0.0872232,2.22608,0.181732,0,0.0707821,0.590962,4.79369,0.674919,0.446929,0.57302,2.27507,0.204947,0.226347,0,0.861196,0.341008,0,-0.000725195,0.237962,0.96923,0.277139,0.048323,0.0497662,0.00515806,0.00452629,0.444364,0.0469861,5.82226,-0.659649,10.2957,0.656094,0.583625,-7.89255,-0.333333,0.0265812,-0.0766189,0.614335,12.75,6.29167,0,0,0.875,7.25,0.666667,-6.57774,0.0001,-0.00163277,0.0450382,1.92364,0.136795,47710,0.178261,228.89,1.23171
6873,2.36067,0.203495,0.802098,0.391039,0.00443218,0.000717504,0.00443218,0.198283,0.173364,0.569126,0.814945,0.0490552,0.0278045,0.0469135,0.231779,0.0464833,0,1.03684,0.0865236,2.23014,0.180958,0,0.0699455,0.587273,4.78172,0.674246,0.443762,0.572123,2.28148,0.209715,0.22909,0,0.841612,0.299784,0,-0.000786639,0.238403,0.968626,0.273925,0.0484513,0.0497746,0.00512283,0.00451728,0.441406,0.0470363,5.54668,-1.12743,10.1485,0.663777,0.588585,-7.48144,-0.333333,0.0274046,-0.0763454,0.614701,11.7917,5.5,0,0,0.916667,4.79167,0.791667,-6.57681,0.0001,-0.00165031,0.0418239,1.91522,0.14053,47819,0.17822,231.57,1.373
6874,2.27721,0.19745,0.788101,0.382393,0.00446217,0.000687505,0.00446217,0.194907,0.169878,0.571318,0.805753,0.0490441,0.0276646,0.0469386,0.232649,0.0473518,0,1.03556,0.087314,2.24494,0.184797,0,0.0706646,0.582764,4.76632,0.671562,0.440011,0.57865,2.30505,0.205666,0.23019,0,0.786014,0.34298,0,-0.000772869,0.240397,0.96795,0.269241,0.0485863,0.0498411,0.00509064,0.0044615,0.443487,0.0471439,5.74739,-1.30965,10.0387,0.667589,0.58516,-7.31079,-0.333333,0.0261045,-0.0750467,0.612036,13.4167,5.125,0,0,0.583333,5,0.791667,-6.57827,0.0001,-0.000579925,0.0412255,1.89888,0.1403,48207,0.178187,235.59,1.4637
6875,2.33267,0.201369,0.799652,0.38529,0.00446269,0.000706103,0.00446269,0.197252,0.173488,0.564792,0.815912,0.0492234,0.0273291,0.0470812,0.234362,0.0492143,0,1.03996,0.088705,2.24507,0.186382,0,0.0706058,0.5803,4.75947,0.67023,0.439932,0.578592,2.30581,0.207737,0.231708,0,0.821606,0.345281,0,-0.000702078,0.243563,0.968762,0.267775,0.04873,0.0500382,0.00540873,0.00473461,0.441156,0.0473548,5.70507,-1.04418,10.1658,0.661955,0.589973,-7.42862,-0.333333,0.0264609,-0.0753764,0.610364,13.5833,5.54167,0,0,1.54167,5.75,1.125,-6.58096,0.0001,-0.00157825,0.0440992,1.88975,0.146274,48282,0.178136,233.5,1.36932
6876,2.26591,0.202326,0.809333,0.391583,0.00440091,0.000722134,0.00440091,0.194549,0.173166,0.563899,0.827474,0.04835,0.0286817,0.0463106,0.23028,0.0496827,0,1.03935,0.0886211,2.2607,0.181827,0,0.0702009,0.591666,4.80369,0.676914,0.447713,0.570085,2.26792,0.21106,0.227898,0,0.850073,0.323896,0,-0.000817942,0.243363,0.968664,0.278615,0.0479083,0.0491398,0.00556771,0.00499168,0.446035,0.0464693,5.5621,-1.39136,9.95812,0.668196,0.576124,-7.45846,-0.333333,0.0279985,-0.0755326,0.617557,12.7917,4.5,0,0,0.708333,5.54167,1.20833,-6.58375,0.0001,-0.00108346,0.0430632,1.8984,0.148821,48018,0.178087,232.46,1.57459
6877,2.31962,0.196609,0.772005,0.385012,0.00445449,0.000739865,0.00445449,0.198006,0.166883,0.568263,0.785352,0.0493406,0.0271887,0.0471673,0.233713,0.0460887,0.00277778,1.03868,0.0831108,2.24137,0.182123,0,0.0705571,0.584295,4.76926,0.671735,0.440961,0.57853,2.30541,0.203237,0.230874,0,0.8002,0.323919,0,-0.000770512,0.236993,0.968774,0.268617,0.04873,0.0500084,0.00487443,0.00423121,0.440556,0.0473084,5.78243,-1.04295,10.122,0.664538,0.588179,-7.55029,-0.333333,0.0277382,-0.0759916,0.5951,13.125,5.5,0,0,1,6.20833,0.833333,-6.58577,0.0001,-0.00240421,0.0437426,1.89528,0.141847,48256,0.178044,229.56,1.39845
6878,2.21482,0.202314,0.802751,0.386854,0.00448461,0.000755704,0.00448461,0.198191,0.175094,0.572366,0.819496,0.0493033,0.0277669,0.0471701,0.235353,0.0461753,0,1.04036,0.0897953,2.20522,0.180276,0,0.07,0.584137,4.7595,0.670401,0.437306,0.581977,2.31073,0.210217,0.232675,0,0.81519,0.361854,0,-0.000814615,0.240896,0.968108,0.265878,0.0486879,0.0500203,0.00544824,0.00478929,0.443879,0.0472677,5.82344,-1.18745,10.0975,0.665471,0.585816,-7.34399,-0.333333,0.0282758,-0.0755659,0.623763,13.5417,5.125,0,0,0.875,6.16667,0.541667,-6.58832,0.0001,-0.00253061,0.0405407,1.9153,0.134679,47953,0.178031,225.29,1.28879
6879,2.28481,0.201882,0.822976,0.389493,0.00441359,0.000799822,0.00441359,0.197607,0.176024,0.563147,0.837504,0.0485383,0.0275151,0.0465135,0.231782,0.0447022,0.00245098,1.04202,0.0891422,2.21215,0.172501,0,0.0679651,0.590178,4.79599,0.675563,0.446131,0.571163,2.27571,0.20898,0.229103,0,0.845589,0.368248,0,-0.000873324,0.236868,0.969269,0.278991,0.0480078,0.0491589,0.0054148,0.00483647,0.442649,0.0466058,5.57845,-1.28961,9.90583,0.66933,0.571815,-7.52102,-0.333333,0.0302626,-0.0769378,0.627175,13.4167,4.79167,0,0,0.916667,5.79167,1.16667,-6.58922,0.0001,-0.00172113,0.0391613,1.90885,0.143379,47901,0.178049,231.42,1.56803
6880,2.33139,0.19785,0.775332,0.384083,0.00446779,0.000730997,0.00446779,0.194472,0.168512,0.568376,0.790733,0.0491303,0.0268771,0.0470343,0.234179,0.0470215,0.00297619,1.03867,0.0848971,2.24181,0.183832,0,0.0698284,0.584058,4.76442,0.670879,0.439303,0.580465,2.31492,0.20456,0.231511,0,0.794048,0.327489,0,-0.000739608,0.241759,0.96851,0.267747,0.0486944,0.049934,0.00529462,0.00461813,0.443772,0.0472916,5.85656,-1.19698,10.0604,0.665321,0.584037,-7.39872,-0.333333,0.0274293,-0.0745156,0.591578,13.2083,4.45833,0,0,1.04167,5.08333,1.08333,-6.58874,0.0001,-0.00196045,0.0410499,1.9151,0.145405,47708,0.178071,230.53,1.42034
6881,2.20831,0.200413,0.787986,0.388388,0.00450523,0.000762635,0.00450523,0.197,0.172101,0.57193,0.80362,0.0489571,0.028494,0.0469646,0.235335,0.0465857,0,1.03875,0.0859515,2.22113,0.180778,0,0.0682762,0.585009,4.75093,0.669554,0.434593,0.584171,2.31872,0.208706,0.233317,0,0.810297,0.324562,0,-0.000866959,0.240123,0.968102,0.262622,0.0487133,0.0498178,0.00553794,0.00492078,0.44275,0.0472445,5.7699,-1.75191,9.85556,0.673685,0.587628,-6.92327,-0.333333,0.0285144,-0.074935,0.606164,14.2083,4.20833,0,0,0.583333,4.95833,0.791667,-6.58653,0.0001,0.000841557,0.0450527,1.90858,0.138634,48018,0.178112,224.08,1.3009
6882,2.20884,0.200147,0.785223,0.394427,0.00447395,0.000771461,0.00447395,0.19674,0.169713,0.571329,0.800946,0.0486013,0.0290282,0.0466396,0.234555,0.0468404,0.00277778,1.04439,0.0856342,2.26243,0.181163,0,0.0686924,0.581477,4.75959,0.671033,0.438541,0.578251,2.30707,0.20917,0.232658,0,0.803576,0.348396,0,-0.000835238,0.239381,0.967835,0.268803,0.0484164,0.0494946,0.00540613,0.004808,0.444258,0.0469114,5.75682,-1.8361,9.80986,0.676907,0.584826,-6.95225,-0.333333,0.0292637,-0.0756054,0.598624,12.3333,3.54167,0,0,0.416667,3.54167,1.08333,-6.58506,0.0001,-0.00256397,0.0426902,1.89263,0.138985,48387,0.178106,229.44,1.28422
6883,2.221,0.194379,0.771958,0.383835,0.0045445,0.000794202,0.0045445,0.190979,0.170711,0.569589,0.786788,0.0493112,0.0286921,0.0473025,0.237035,0.0486711,0.00181159,1.03597,0.0842176,2.20147,0.184875,0,0.0696491,0.578641,4.72171,0.666297,0.429665,0.589019,2.33914,0.202317,0.235191,0,0.799302,0.31333,0,-0.000809071,0.246285,0.96776,0.254349,0.0492232,0.0502729,0.00590338,0.00523175,0.441848,0.0477462,5.7398,-1.76292,9.88548,0.67437,0.589645,-6.76767,-0.333333,0.0288393,-0.0717006,0.581686,13.4167,2.95833,0,0,0.541667,4.25,0.958333,-6.58625,0.0001,-0.00200556,0.0456107,1.89672,0.144359,48162,0.178109,226.58,1.38714
6884,2.2877,0.204058,0.81573,0.390966,0.00444569,0.000803322,0.00444569,0.201526,0.176589,0.56363,0.835561,0.0485775,0.0288059,0.0465619,0.233965,0.0471457,0,1.04556,0.0910464,2.23001,0.180892,0,0.0685297,0.588645,4.7912,0.675103,0.442065,0.574731,2.29302,0.212506,0.231914,0,0.860991,0.349095,0,-0.00087074,0.235366,0.967767,0.270487,0.048348,0.0493814,0.00494532,0.0043087,0.442482,0.0468112,5.68166,-1.68358,9.91624,0.673354,0.5862,-7.09046,-0.333333,0.0301734,-0.0773814,0.619255,13.0417,4.5,0,0,0.625,4.5,0.75,-6.58518,0.0001,-0.00164602,0.0471356,1.91003,0.141875,47908,0.178114,225.62,1.52926
6885,2.20986,0.19604,0.771248,0.380323,0.00452271,0.000737538,0.00452271,0.194747,0.169026,0.57249,0.78437,0.049089,0.0283984,0.0470862,0.235134,0.0485215,0,1.03355,0.0850952,2.22179,0.185535,0,0.069787,0.579142,4.73905,0.667483,0.432419,0.587035,2.34114,0.202927,0.232895,0,0.773541,0.352524,0,-0.000710334,0.245079,0.967806,0.260659,0.0489402,0.0500518,0.00562695,0.00498023,0.445032,0.0474579,5.91102,-1.54751,9.94722,0.671093,0.589306,-6.94779,-0.333333,0.0272521,-0.0737699,0.591449,15.3333,5.16667,0,0,0.833333,5.08333,0.833333,-6.58576,0.0001,-0.0022797,0.0426441,1.91894,0.146832,47587,0.178132,222.96,1.42797
6886,2.31861,0.197737,0.787886,0.390338,0.00447494,0.000766231,0.00447494,0.195774,0.17065,0.571411,0.799936,0.0490544,0.0279953,0.046962,0.233823,0.0464658,0,1.03741,0.0849957,2.21657,0.180206,0,0.0697615,0.584267,4.76096,0.670143,0.438429,0.580291,2.31814,0.204101,0.231332,0,0.795341,0.348195,0,-0.000779552,0.238362,0.968626,0.267507,0.0486503,0.0498179,0.00500337,0.004354,0.439661,0.0471879,5.71474,-1.3142,10.0279,0.668123,0.584227,-7.28584,-0.333333,0.0286904,-0.0751699,0.603531,12.6667,4.66667,0,0,0.791667,4.75,0.916667,-6.58599,0.0001,-0.00210575,0.0411877,1.89176,0.146086,48239,0.178174,227.2,1.25517
6887,2.28948,0.200505,0.805472,0.388147,0.00447977,0.000791796,0.00447977,0.196428,0.175453,0.564267,0.819517,0.0489185,0.0285476,0.0468843,0.234324,0.0477494,0,1.03945,0.0885679,2.22933,0.18062,0,0.0696207,0.582149,4.76314,0.671706,0.437797,0.580076,2.30849,0.207997,0.231962,0,0.845518,0.347799,0,-0.00073213,0.241283,0.968228,0.266296,0.0486464,0.0497945,0.00564369,0.00498713,0.443055,0.0471714,5.78816,-1.4154,9.99722,0.669327,0.586419,-7.16901,-0.333333,0.0298108,-0.0752816,0.609542,14.3333,5,0,0,0.666667,5.41667,1.125,-6.58375,0.0001,-3.98107e-05,0.0432417,1.90564,0.140672,48039,0.178201,232.49,1.58861
6888,2.2329,0.199025,0.783315,0.386975,0.00447208,0.000736127,0.00447208,0.19607,0.169167,0.569909,0.798525,0.0489586,0.0278798,0.0468807,0.232155,0.047929,0,1.03184,0.0853899,2.2101,0.184141,0,0.0706687,0.581114,4.76469,0.671597,0.438808,0.580116,2.31249,0.205985,0.229574,0,0.818514,0.312577,0,-0.000765996,0.239664,0.968459,0.269356,0.0484978,0.0496982,0.005622,0.0050132,0.446789,0.0470413,5.90053,-1.21721,10.0274,0.667525,0.580916,-7.35088,-0.333333,0.0278717,-0.0753631,0.601686,13.2083,5.04167,0,0,0.666667,6.20833,0.958333,-6.58314,0.0001,-0.00178191,0.0388655,1.9196,0.142479,47672,0.178184,223.93,1.22108
6889,2.27204,0.200427,0.809259,0.390157,0.00443113,0.000778093,0.00443113,0.195771,0.174555,0.563785,0.82268,0.0485198,0.028409,0.0464979,0.231389,0.0474143,0.00260417,1.0353,0.087943,2.22288,0.175344,0,0.0685987,0.589759,4.79521,0.674184,0.443906,0.573808,2.28745,0.207106,0.228783,0,0.861356,0.350023,0,-0.000881891,0.238237,0.968961,0.274469,0.0480723,0.0491931,0.00547596,0.00484557,0.442725,0.0466363,5.64377,-1.3332,9.93021,0.668565,0.574986,-7.39323,-0.333333,0.0292903,-0.075663,0.614069,13.1667,4.75,0,0,0.416667,5.54167,1.04167,-6.58396,0.0001,-0.0017475,0.0417693,1.91587,0.147721,47637,0.178162,228.48,1.53278
6890,2.26014,0.206226,0.835494,0.391419,0.00443633,0.000760157,0.00443633,0.200342,0.181214,0.567072,0.854038,0.0485027,0.0288429,0.0464952,0.233282,0.0474417,0,1.04271,0.0942696,2.19563,0.182018,0,0.0689711,0.589182,4.79744,0.675735,0.44324,0.575295,2.28443,0.213599,0.23094,0,0.857751,0.3939,0,-0.000901198,0.238141,0.968315,0.27053,0.0482678,0.0492584,0.00537566,0.00470399,0.446382,0.0467847,5.81921,-1.63571,9.86961,0.672944,0.576742,-7.20606,-0.333333,0.0288165,-0.0769227,0.640151,13.9583,4.45833,0,0,0.541667,4.75,1.08333,-6.58279,0.0001,-0.0022751,0.0412997,1.90971,0.145824,47823,0.178132,229.03,1.40679
6891,2.24176,0.192462,0.768808,0.385401,0.00446305,0.000798497,0.00446305,0.19383,0.166274,0.568238,0.781437,0.0488432,0.0274667,0.0468006,0.233085,0.0485141,0,1.03404,0.0816694,2.22225,0.182991,0,0.0694528,0.583937,4.7712,0.672175,0.439887,0.578306,2.30409,0.198943,0.230445,0,0.79894,0.294132,0,-0.000756769,0.239311,0.968853,0.268051,0.0485269,0.04959,0.00532404,0.00469035,0.442689,0.0470673,5.88529,-1.25361,9.98441,0.66885,0.579374,-7.3557,-0.333333,0.0297488,-0.0743081,0.590066,13,4.83333,0,0,0.625,5.79167,1.41667,-6.5818,0.0001,-0.00177694,0.0424315,1.90133,0.151075,47896,0.178136,227.83,1.35993
6892,2.2473,0.199166,0.789946,0.384741,0.00448129,0.000718466,0.00448129,0.199322,0.171367,0.565291,0.801726,0.0487802,0.0285158,0.0467947,0.234536,0.0478491,0,1.04152,0.0859997,2.23655,0.185303,0,0.0693145,0.583861,4.76577,0.670858,0.437616,0.580931,2.31995,0.205991,0.232403,0,0.823701,0.315617,0,-0.000762802,0.238002,0.967616,0.264385,0.0487154,0.049668,0.00490775,0.00425923,0.441266,0.0471607,5.86712,-1.75245,9.85945,0.67572,0.586038,-6.9931,-0.333333,0.0273167,-0.0763374,0.598368,14.9167,4.875,0,0,0.5,4.91667,0.875,-6.58185,0.0001,-0.00140592,0.0424776,1.90079,0.141389,48136,0.178088,225.69,1.13108
6893,2.24557,0.199965,0.773581,0.390246,0.00450329,0.000772189,0.00450329,0.197487,0.169496,0.567278,0.789664,0.0488312,0.0290739,0.0468763,0.236092,0.0487286,0.00189394,1.04288,0.0843486,2.23222,0.182858,0,0.0684855,0.58216,4.75054,0.669998,0.434837,0.583558,2.31494,0.208415,0.234207,0,0.819105,0.292609,0,-0.000875026,0.239158,0.967221,0.257781,0.048936,0.049787,0.0055972,0.00488887,0.443036,0.0473847,5.94032,-1.95864,9.8106,0.678593,0.589303,-6.77156,-0.333333,0.0289875,-0.0749328,0.590208,14.875,3.66667,0,0,0.75,3.5,0.875,-6.58405,0.0001,-0.00329174,0.0383812,1.90601,0.142518,47987,0.178053,227.05,1.21893
6894,2.17595,0.203292,0.789488,0.389209,0.00456677,0.000730559,0.00456677,0.199696,0.175746,0.577894,0.805666,0.0493336,0.0289018,0.0473755,0.239496,0.0496414,0,1.04279,0.0881024,2.20501,0.18573,0,0.0698496,0.576311,4.71779,0.66524,0.426907,0.591936,2.35019,0.211201,0.237634,0,0.82543,0.337395,0,-0.000761956,0.242375,0.967273,0.249908,0.0494904,0.0503835,0.00568532,0.0050218,0.442764,0.047907,6.02129,-1.88439,9.82717,0.679285,0.594073,-6.59042,-0.333333,0.0268752,-0.0744385,0.605797,14.6667,3.91667,0,0,0.541667,4.08333,0.875,-6.58327,0.0001,-0.00285943,0.0412035,1.90269,0.140033,48124,0.178075,223.39,1.44313
6895,2.11681,0.199039,0.786805,0.382016,0.0044988,0.0007554,0.0044988,0.194869,0.172624,0.571909,0.804809,0.0483211,0.0298793,0.046468,0.23564,0.0514313,0.00509259,1.04193,0.0879986,2.24175,0.186781,0,0.0689332,0.583967,4.76,0.670882,0.4354,0.584595,2.32542,0.208415,0.233904,0,0.813641,0.356793,0,-0.000921274,0.24722,0.967502,0.258909,0.0486103,0.0493125,0.00565848,0.00500707,0.445021,0.047015,5.76729,-2.23056,9.6444,0.68433,0.58599,-6.64698,-0.333333,0.028258,-0.0739796,0.603971,14.75,3.375,0,0,0.458333,3.70833,1,-6.57997,0.0001,-0.00276805,0.0391587,1.89451,0.141,48294,0.178112,219.82,1.18922
6896,2.12975,0.197912,0.761755,0.388453,0.00456583,0.000779136,0.00456583,0.195313,0.169769,0.57696,0.778327,0.0490401,0.0288074,0.0471487,0.238838,0.0477834,0,1.04027,0.0837319,2.23234,0.182761,0,0.0680663,0.57808,4.72242,0.665449,0.426988,0.593094,2.35669,0.205243,0.237191,0,0.810408,0.291795,0,-0.000831007,0.24227,0.966874,0.247614,0.049394,0.050129,0.00565751,0.00497095,0.441868,0.0477742,5.90565,-2.17594,9.72785,0.683135,0.595027,-6.44395,-0.333333,0.0285622,-0.0729555,0.582008,15.1667,3.08333,0,0,0.333333,3.83333,0.875,-6.5767,0.0001,-0.00171237,0.0421875,1.89952,0.145138,48078,0.17819,228.92,1.39269
6897,2.13464,0.196767,0.768214,0.385513,0.0045362,0.000721552,0.0045362,0.19521,0.169281,0.572658,0.784312,0.048992,0.0285128,0.047078,0.23519,0.0492602,0,1.03156,0.0839664,2.22983,0.181919,0,0.0687582,0.578668,4.73564,0.667315,0.430708,0.589187,2.34361,0.205804,0.233333,0,0.81029,0.301285,0,-0.000780367,0.240611,0.967488,0.253885,0.0491352,0.0499718,0.00536018,0.00472492,0.444523,0.0475607,5.90668,-1.9084,9.79206,0.678661,0.587746,-6.7162,-0.333333,0.0266893,-0.073586,0.587676,13.2083,3.20833,0,0,0.375,3.875,1,-6.57125,0.0001,-0.00272039,0.0434512,1.88182,0.134896,48744,0.178229,226.32,1.22133
6898,2.2458,0.207062,0.798267,0.393692,0.00450914,0.000783642,0.00450914,0.198347,0.175438,0.566676,0.815628,0.0489165,0.028763,0.0469865,0.238267,0.0486526,0,1.04998,0.0892102,2.23042,0.178993,0,0.0683285,0.581179,4.74795,0.669553,0.434103,0.585376,2.32331,0.214816,0.236292,0,0.814455,0.333974,0,-0.000852545,0.242906,0.967383,0.255435,0.0490753,0.0498953,0.00605665,0.00535078,0.443541,0.0475227,5.95818,-1.93025,9.82497,0.678092,0.591801,-6.76523,-0.333333,0.0293184,-0.0750654,0.601905,13.3333,3.70833,0,0,0.416667,4.16667,0.708333,-6.5692,0.0001,-0.00176084,0.0444878,1.9013,0.141912,48112,0.178209,227.03,1.38112
6899,2.21798,0.204558,0.808724,0.391477,0.00450088,0.000797645,0.00450088,0.202219,0.176783,0.568829,0.825408,0.0487771,0.0292672,0.0468459,0.237475,0.0477463,0,1.05001,0.0910413,2.21976,0.179486,0,0.0683802,0.583592,4.74786,0.669596,0.435145,0.58456,2.32887,0.213573,0.235704,0,0.841835,0.344595,0,-0.000889221,0.237504,0.967385,0.25837,0.048859,0.0496963,0.00549468,0.00480822,0.441567,0.0472419,5.83955,-2.08844,9.74381,0.681906,0.590382,-6.69963,-0.333333,0.0296751,-0.0767947,0.614436,16.0833,4.25,0,0,0.833333,3.79167,0.833333,-6.56996,0.0001,-0.00234731,0.0422919,1.89977,0.148753,47987,0.178144,231.13,1.51096
