step,Episode_Metrics/bridge/credible,Episode_Metrics/bridge/credible_best_s,Episode_Metrics/bridge/failed,Episode_Metrics/bridge/missed_goal,Episode_Metrics/bridge/potential,Episode_Metrics/bridge/progress_steps,Episode_Metrics/bridge/quality,Episode_Metrics/onefoot/best_dwell,Episode_Metrics/onefoot/capture_error,Episode_Metrics/onefoot/clearance,Episode_Metrics/onefoot/com_offset,Episode_Metrics/onefoot/com_speed,Episode_Metrics/onefoot/cross_track,Episode_Metrics/onefoot/diagnostic_valid,Episode_Metrics/onefoot/distance,Episode_Metrics/onefoot/dwell,Episode_Metrics/onefoot/head_speed,Episode_Metrics/onefoot/heading_error,Episode_Metrics/onefoot/injected_speed,Episode_Metrics/onefoot/lateral,Episode_Metrics/onefoot/left_contact,Episode_Metrics/onefoot/left_force,Episode_Metrics/onefoot/left_load,Episode_Metrics/onefoot/phase,Episode_Metrics/onefoot/right_contact,Episode_Metrics/onefoot/right_force,Episode_Metrics/onefoot/single_support,Episode_Metrics/onefoot/speed,Episode_Metrics/onefoot/success,Episode_Metrics/onefoot/success_050,Episode_Metrics/onefoot/success_100,Episode_Metrics/onefoot/success_200,Episode_Metrics/onefoot/support_cop_y_offset,Episode_Metrics/onefoot/support_yaw,Episode_Metrics/onefoot/upright,Episode_Metrics/onefoot/waist_axis_alignment,Episode_Metrics/onefoot/waist_axis_error,Episode_Metrics/onefoot/waist_capture_error,Episode_Metrics/onefoot/waist_foreaft_capture,Episode_Metrics/onefoot/waist_foreaft_error,Episode_Metrics/onefoot/waist_front_load,Episode_Metrics/onefoot/waist_pelvis_offset,Episode_Metrics/onefoot/waist_pitch_deg,Episode_Metrics/onefoot/waist_roll_deg,Episode_Metrics/onefoot/waist_roll_error_deg,Episode_Metrics/onefoot/waist_roll_match,Episode_Metrics/onefoot/waist_roll_speed,Episode_Metrics/onefoot/waist_target_roll_deg,Episode_Reward/failure,Episode_Reward/shaping,Episode_Reward/task,Episode_Termination/body_ground,Episode_Termination/fell_over,Episode_Termination/nan_state,Episode_Termination/out_of_terrain_bounds,Episode_Termination/replanted_swing,Episode_Termination/stalled_transfer,Episode_Termination/time_out,Loss/entropy,Loss/learning_rate,Loss/surrogate,Loss/value,Perf/collection_time,Perf/learning_time,Perf/total_fps,Policy/mean_std,Train/mean_episode_length,Train/mean_reward
4900,0,0,0,0,0,0,0,0,0,0,0,0,0,0,0,0,0,0,0,0,0,0,0,0,0,0,0,0,0,0,0,0,0,0,0,0,0,0,0,0,0,0,0,0,0,0,0,0,0,0,0,0,0,0,0,0,0,0,-7.54743,0.0001,-0.000154321,0.000735533,1.27665,0.151986,68809,0.165162,,
4901,0,0,0,0,0,0,0,0,0,0,0,0,0,0,0,0,0,0,0,0,0,0,0,0,0,0,0,0,0,0,0,0,0,0,0,0,0,0,0,0,0,0,0,0,0,0,0,0,0,0,0,0,0,0,0,0,0,0,-7.57164,0.0001,-0.000151358,0.00285241,1.19606,0.122298,74565,0.164801,,
4902,0,0,0,0,0,0,0,0,0,0,0,0,0,0,0,0,0,0,0,0,0,0,0,0,0,0,0,0,0,0,0,0,0,0,0,0,0,0,0,0,0,0,0,0,0,0,0,0,0,0,0,0,0,0,0,0,0,0,-7.5853,0.0001,-2.84982e-05,0.00915167,1.21055,0.119943,73885,0.164657,,
4903,0,0,0,0,0,0,0,0,0,0,0,0,0,0,0,0,0,0,0,0,0,0,0,0,0,0,0,0,0,0,0,0,0,0,0,0,0,0,0,0,0,0,0,0,0,0,0,0,0,0,0,0,0,0,0,0,0,0,-7.58477,0.0001,-5.84905e-05,0.0106996,1.21896,0.124221,73187,0.164665,,
4904,0,0,0,0,0,0,0,0,0,0,0,0,0,0,0,0,0,0,0,0,0,0,0,0,0,0,0,0,0,0,0,0,0,0,0,0,0,0,0,0,0,0,0,0,0,0,0,0,0,0,0,0,0,0,0,0,0,0,-7.58584,0.0001,-0.000704303,0.066899,1.22708,0.124918,72710,0.164692,,
4905,0,0,0.00588086,0.00588086,0.0238662,0,0.689431,0,0.0478438,-0.000836634,0.046412,0.144576,0.0695979,0,0.38757,0,1.39352,0.279399,0,0.0846166,0.305704,2.92299,0.398436,0.0702167,0.664241,2.76732,0,0.143869,0,0,0,0,0.00161121,0.347509,0.755022,0.0444938,0.0476985,0.0495199,-0.0144543,-0.0134798,0.275931,0.0458769,5.10228,1.93955,4.83167,0.663603,0.404695,-1.69815,-0.263889,-0.00536181,0,0.583333,1.29167,0,0,0,0,0,-7.58448,0.0001,-0.000649545,0.0871748,1.47202,0.122496,61651,0.164704,137,-2.04009
4906,0.00249489,0.00729167,0.00643563,0.00643563,0.0375681,0.00224082,0.847189,0.00729167,0.0588544,-0.000984258,0.058205,0.186446,0.0842928,0,0.585975,0.000139531,1.90244,0.316171,0,0.0872148,0.344119,3.50707,0.489855,0.192528,0.836861,3.52908,0.00249489,0.188184,0,0,0,0,0.00138841,0.408749,0.945038,0.0698044,0.0593688,0.0598682,-0.00565374,-0.00503677,0.371958,0.0574236,4.80341,3.02852,8.80368,0.723698,0.502801,-4.11866,-0.333333,-0.00983389,0.00978324,1.20833,1.54167,0,0,0.166667,0,0,-7.58394,0.0001,-0.00166709,0.316218,1.39482,0.120234,64884,0.164719,144.866,-2.02451
4907,0.061185,0.205144,0.00554977,0.00554977,0.108556,0.0551356,0.819113,0.205358,0.0562025,0.0121549,0.05389,0.218019,0.0725228,0,0.774784,0.0122735,2.07696,0.258752,0,0.0901215,0.457588,4.09361,0.578421,0.303504,0.739251,2.97373,0.0612464,0.214784,0,0.112364,0,0,0.000770315,0.339531,0.954652,0.120034,0.0551277,0.0573474,-1.47164e-05,-0.000915735,0.417785,0.0529508,5.27217,2.19294,11.6536,0.643085,0.682971,-5.57549,-0.333333,-0.0332131,0.262823,24.4583,23,0,0,2.83333,30.4167,0,-7.58202,0.0001,3.84423e-05,0.0502608,1.57824,0.125909,57685,0.164735,192,1.36291
4908,0.162419,0.640827,0.00489559,0.00489559,0.186991,0.156359,0.797872,0.688502,0.052354,0.021322,0.0499744,0.213912,0.046778,0,0.863302,0.0652672,2.04361,0.174712,0,0.0782785,0.573829,4.46561,0.633201,0.385603,0.65795,2.59595,0.175444,0.211333,0,0.888653,0.0214092,0,-0.000455392,0.259782,0.960061,0.212382,0.0502207,0.0530155,0.0050363,0.00417115,0.447866,0.0485275,3.97062,1.74339,12.2794,0.617309,0.65577,-7.22502,-0.333333,-0.0637922,0.821139,45.1667,51.3333,0,0,12.75,39.0833,0,-7.5809,0.0001,-0.000566406,0.00336757,1.64128,0.119622,55826,0.164742,215.28,2.95535
4909,0.160103,0.708483,0.00438112,0.00438112,0.182479,0.155017,0.778445,0.912556,0.0463604,0.025454,0.0447127,0.192678,0.045721,0,0.872862,0.102624,2.13842,0.158421,0,0.0682643,0.630149,4.79928,0.675303,0.45017,0.594029,2.31871,0.212881,0.191129,0,0.933958,0.475843,0,-0.00118482,0.242831,0.963902,0.299358,0.0446803,0.046257,0.00573011,0.00466161,0.480721,0.0434893,2.69188,0.169793,11.028,0.637988,0.571807,-8.3507,-0.333333,-0.0694754,0.915073,2.45833,3.83333,0,0,3.08333,5.75,0,-7.58022,0.0001,-0.000560532,0.00332226,1.52882,0.117935,59695,0.164729,228.1,2.91821
4910,0.191771,0.931667,0.00411736,0.00411736,0.164097,0.191771,0.753784,1.03583,0.0473633,0.028397,0.0452917,0.184462,0.0353254,0,0.877151,0.114025,2.18799,0.122513,0,0.0660007,0.703722,4.86524,0.691451,0.483271,0.559184,2.18853,0.215628,0.180301,0,1,0.9375,0,-0.00176637,0.251317,0.968427,0.325063,0.0442212,0.0464233,0.0106071,0.00938542,0.505331,0.0434905,1.89936,0.581534,10.8852,0.639286,0.558984,-9.56212,-0.333333,-0.0664302,1.14574,0,0,0,0,0,1.04167,0,-7.57751,0.0001,-0.000869629,0.00783053,1.2423,0.120327,72143,0.164711,228.86,2.87266
4911,0.197531,0.96,0.00411523,0.00411523,0.165914,0.197531,0.753125,1.06,0.0478138,0.0274424,0.0456597,0.185574,0.0320107,0,0.883038,0.117778,2.19695,0.114241,0,0.0659992,0.703704,4.84567,0.690101,0.483539,0.559671,2.19488,0.218107,0.1814,0,1,1,0,-0.0017436,0.247924,0.968811,0.324011,0.0444998,0.046806,0.0108228,0.00958896,0.505391,0.0438212,1.89167,0.756695,10.9828,0.636445,0.565269,-9.66966,-0.333333,-0.067195,1.17798,0,0,0,0,0,1,0,-7.5682,0.0001,-0.00137278,0.0143833,1.18817,0.120671,75107,0.164887,228.86,2.87266
4912,0.00823045,0.04,0.00704753,0.00704753,0.0428027,0.00823045,0.861397,0.0441667,0.0645146,-0.000246139,0.0624406,0.202744,0.055329,0,0.574981,0.00490741,1.73442,0.221748,0,0.0712405,0.345116,3.56925,0.512448,0.12764,0.81221,3.30905,0.00908779,0.19984,0,0.0416667,0.0416667,0,0.00147608,0.270001,0.955288,0.0311485,0.0655339,0.0660543,-0.00819768,-0.00778456,0.328275,0.0633936,3.74662,3.74209,7.94045,0.778787,0.428955,-3.1087,-0.333333,-0.0111452,0.0490823,1.125,0.0416667,0,0,0,0.0416667,0,-7.5532,0.0001,-0.000421106,0.0710405,1.24963,0.121677,71686,0.165046,225.56,2.70441
4913,0.0614617,0.215734,0.00591659,0.00591659,0.105651,0.056778,0.830631,0.219028,0.0597875,0.00800739,0.0570669,0.214967,0.0635026,0,0.735071,0.0134232,2.02214,0.242885,0,0.0928704,0.453446,3.99911,0.559998,0.261912,0.755483,3.09922,0.0622796,0.211458,0,0.107143,0,0,0.00075019,0.315855,0.957999,0.101669,0.0578715,0.0608117,-0.00133263,-0.00209039,0.402602,0.0558312,4.85975,4.41568,11.5715,0.661737,0.646106,-6.19232,-0.333333,-0.0323634,0.28051,0.916667,1.33333,0,0,0.0416667,1.20833,0,-7.54609,0.0001,0.00536884,0.084741,1.52279,0.121186,59796,0.165095,196.75,0.845866
4914,0.0494435,0.173528,0.0060082,0.0060082,0.0879602,0.0447022,0.831655,0.193806,0.0584605,0.00754081,0.0564437,0.206099,0.0717704,0,0.696225,0.0137133,2.04593,0.253398,0,0.0938108,0.414652,3.89195,0.54616,0.248046,0.765702,3.15919,0.0541901,0.204074,0,0.15,0,0,0.000717811,0.35303,0.953067,0.107623,0.0570113,0.0596734,-0.00390784,-0.00398671,0.398024,0.054916,4.86253,3.42845,10.7349,0.685061,0.613611,-5.326,-0.333333,-0.0270214,0.223004,1.375,1.79167,0,0,0.291667,0.583333,0,-7.54448,0.0001,0.000153741,0.240027,1.58537,0.122629,57554,0.165091,170.49,-0.690609
4915,0.0922412,0.315967,0.00540271,0.00540271,0.142003,0.0836023,0.816053,0.318539,0.0577386,0.0129386,0.0550109,0.222275,0.0495345,0,0.808528,0.0192134,2.03095,0.192697,0,0.0837024,0.512828,4.14921,0.585869,0.322026,0.728365,2.89879,0.0934069,0.217931,0,0.172401,0.00398035,0,0.000459254,0.286017,0.960707,0.131844,0.0555397,0.0585997,0.00448938,0.0036989,0.436367,0.0537556,5.23986,4.17286,12.8713,0.607981,0.670469,-7.16717,-0.333333,-0.0444043,0.406956,11.9167,15.0417,0,0,2.25,33.0833,0,-7.54673,0.0001,-0.00114591,0.10257,1.58033,0.121471,57764,0.165059,192.01,0.958304
4916,0.138422,0.520375,0.00509001,0.00509001,0.175561,0.131115,0.805865,0.536527,0.0550011,0.0174716,0.0523221,0.220098,0.0462162,0,0.849703,0.0434903,2.0222,0.177662,0,0.0809399,0.551596,4.33383,0.614591,0.361203,0.687302,2.71333,0.143026,0.216265,0,0.617085,0.00868156,0,-0.000187534,0.261991,0.961181,0.177015,0.0525425,0.0555267,0.00529387,0.0043884,0.445133,0.050823,4.54825,3.14889,12.8311,0.603061,0.671023,-7.43944,-0.333333,-0.0577785,0.668396,30.3333,36.2083,0,0,8.66667,45.9167,0,-7.5484,0.0001,-0.00163618,0.0135862,1.63236,0.121604,56046,0.165051,200.94,2.15431
4917,0.159946,0.649795,0.00478327,0.00478327,0.18666,0.154344,0.793743,0.734995,0.0514666,0.0212618,0.0491487,0.209357,0.0453624,0,0.864792,0.0730529,2.05879,0.167604,0,0.0763748,0.586113,4.52675,0.640946,0.399699,0.647,2.54242,0.182148,0.206691,0,0.874381,0.13528,0,-0.000621216,0.25732,0.96171,0.229095,0.0492184,0.0518219,0.00638668,0.00545667,0.459275,0.047696,3.84836,1.89667,12.2525,0.614611,0.643199,-7.7087,-0.333333,-0.0653378,0.834706,9.70833,12.9583,0,0,5.29167,14.2917,0,-7.54558,0.0001,-0.000950256,0.00369866,1.62464,0.121279,56304,0.165122,213.02,2.81949
4918,0.162223,0.687153,0.00448058,0.00448058,0.1857,0.153763,0.780223,0.861597,0.0476223,0.0234534,0.045789,0.199825,0.0541252,0,0.880012,0.0921367,2.13412,0.174934,0,0.0736721,0.621428,4.69002,0.664328,0.437687,0.606296,2.35818,0.210768,0.197161,0,0.961806,0.336806,0,-0.00126532,0.248433,0.963726,0.281649,0.0456423,0.0474291,0.00799667,0.00675405,0.469603,0.0445083,3.64865,0.828418,11.5222,0.626328,0.596225,-8.28902,-0.333333,-0.0689415,0.880141,0.625,1.20833,0,0,0.5,1.25,0,-7.54125,0.0001,-0.00119345,0.00710754,1.53844,0.122228,59195,0.165132,216.15,2.79905
4919,0.0284107,0.125,0.00646566,0.00646566,0.0499966,0.0282334,0.839579,0.158333,0.0553692,0.00867301,0.0540929,0.190221,0.0746204,0,0.59719,0.0174173,1.87704,0.330192,0,0.0871399,0.43134,4.05376,0.571442,0.197769,0.765378,3.08609,0.0365962,0.18552,0,0.166667,0,0,0.0014473,0.410972,0.948581,0.117771,0.0556459,0.0575239,-0.00993851,-0.0118078,0.42835,0.0532716,8.30481,1.52627,7.9404,0.77784,0.473155,-3.70169,-0.333333,-0.0167394,0.163551,0.291667,0.958333,0,0,0,0.0416667,0,-7.54134,0.0001,-0.00110109,0.0125535,1.32227,0.129814,67698,0.165129,214.99,2.6677
4920,0.0531842,0.205833,0.00635677,0.00635677,0.0769719,0.0525714,0.841083,0.205833,0.055871,0.00885042,0.0544545,0.218335,0.0753152,0,0.689462,0.0167926,1.90522,0.281268,0,0.0929923,0.446559,3.94889,0.549648,0.208681,0.768568,3.16522,0.0531842,0.213874,0,0.333333,0,0,0.000918722,0.410795,0.95238,0.117072,0.0554371,0.0575526,-0.006626,-0.00824415,0.433176,0.052957,9.05114,1.50928,8.68355,0.752187,0.577678,-3.38372,-0.333333,-0.0237187,0.26487,1.125,0.5,0,0,0,0,0,-7.54089,0.0001,-0.00238521,0.0337403,1.31732,0.121563,68319,0.165143,212.58,2.55129
4921,0.0924662,0.334375,0.00583865,0.00583865,0.137146,0.0866663,0.823329,0.336125,0.0579894,0.0116432,0.0553472,0.214714,0.0588393,0,0.756052,0.0244042,2.08205,0.232703,0,0.0911452,0.477007,4.06816,0.576283,0.272542,0.72804,2.9393,0.0932761,0.212154,0,0.429861,0,0,0.00081008,0.290374,0.956879,0.124976,0.0564606,0.0593576,-0.00458332,-0.00503515,0.386678,0.0542621,4.49792,3.2079,11.1707,0.669394,0.650806,-5.72369,-0.333333,-0.0432322,0.428976,0.958333,1.625,0,0,0.125,0.916667,0,-7.5391,0.0001,-0.00245897,0.0632005,1.5607,0.123358,58373,0.165158,192.17,1.10507
4922,0.109552,0.384802,0.00546664,0.00546664,0.140101,0.0977962,0.817941,0.402384,0.0553929,0.0159517,0.0531895,0.213269,0.052446,0,0.783464,0.031255,2.02049,0.197961,0,0.0791919,0.503941,4.19896,0.59342,0.315147,0.716082,2.86651,0.113983,0.210591,0,0.399273,0,0,3.85959e-05,0.280214,0.958714,0.151738,0.0539043,0.056362,0.000870756,0.000252839,0.424243,0.0519475,4.33694,2.11655,11.3648,0.648362,0.629668,-6.04145,-0.333333,-0.0450469,0.49789,1.83333,1.5,0,0,0.291667,1.45833,0,-7.5386,0.0001,0.000388049,0.157002,1.70229,0.153363,52975,0.16515,185.42,0.584778
4923,0.121351,0.438946,0.00530075,0.00530075,0.163483,0.114435,0.813031,0.444359,0.0554293,0.0170992,0.053013,0.22317,0.0486055,0,0.829814,0.032185,2.02896,0.187149,0,0.0794384,0.537089,4.26395,0.604059,0.334911,0.710496,2.78864,0.123138,0.219326,0,0.421939,0.00308085,0,-5.59775e-05,0.272889,0.960823,0.156013,0.0535183,0.0563214,0.00492977,0.00418651,0.446554,0.0517399,5.00493,2.52532,12.2561,0.620927,0.662365,-6.4952,-0.333333,-0.0519762,0.564135,16.4167,10.9583,0,0,1.79167,17.0833,0,-7.53877,0.0001,-0.00101073,0.110153,1.74995,0.133634,52189,0.165145,192.84,1.48309
4924,0.147373,0.557617,0.00508223,0.00508223,0.17782,0.140402,0.805134,0.581236,0.0530709,0.0209707,0.0508274,0.21854,0.0478689,0,0.847809,0.0504155,2.04297,0.180819,0,0.0771105,0.564568,4.39322,0.622972,0.362184,0.681367,2.66401,0.153655,0.215384,0,0.729175,0.00970951,0,-0.000452145,0.266636,0.960326,0.188933,0.0512773,0.0539445,0.00535051,0.00455715,0.45,0.049511,4.42659,1.34605,11.9684,0.627261,0.65818,-6.41122,-0.333333,-0.0586278,0.716437,39.375,24.6667,0,0,6.16667,28.625,0,-7.53766,0.0001,-0.00197118,0.0310605,1.79297,0.140429,50845,0.165152,199.02,2.19889
4925,0.162123,0.640106,0.00489938,0.00489938,0.187872,0.155923,0.797726,0.695361,0.0513591,0.0224093,0.0492111,0.213772,0.045524,0,0.862978,0.0670693,2.07876,0.172167,0,0.0748802,0.58111,4.49607,0.637319,0.385128,0.657313,2.57109,0.17684,0.211292,0,0.856081,0.0561496,0,-0.000703041,0.259801,0.96099,0.218558,0.0494603,0.0520189,0.00568124,0.00483948,0.456052,0.0477918,4.06224,1.01522,11.8283,0.62765,0.643799,-6.81149,-0.333333,-0.0641802,0.822142,21.3333,15.4167,0,0,7.29167,16.3333,0,-7.535,0.0001,-0.00225583,0.00718831,1.75703,0.129461,52109,0.165141,207.24,2.59403
4926,0.163267,0.66479,0.00471036,0.00471036,0.183732,0.15573,0.790542,0.780035,0.0494013,0.0234886,0.0474299,0.202311,0.0495511,0,0.854655,0.0812967,2.10483,0.171198,0,0.0733747,0.608153,4.61537,0.651603,0.40885,0.638454,2.47717,0.194974,0.201055,0,0.903859,0.189437,0,-0.000915308,0.263755,0.96279,0.248688,0.0475205,0.049814,0.00591001,0.00517385,0.462837,0.0460592,3.42388,0.686056,11.4757,0.631073,0.61406,-7.36553,-0.333333,-0.0653348,0.854458,3.625,3.75,0,0,2.625,3.95833,0,-7.53677,0.0001,-0.00175379,0.00579167,1.69125,0.132362,53906,0.165055,212.38,2.60295
4927,0.187745,0.802083,0.00464169,0.00464169,0.205218,0.185593,0.787573,0.909583,0.0487414,0.0249411,0.0469154,0.217195,0.0425299,0,0.923008,0.101804,2.07738,0.149221,0,0.0712786,0.602153,4.66431,0.660211,0.417468,0.620431,2.41502,0.212268,0.214243,0,0.979167,0.395833,0,-0.00105286,0.255435,0.962132,0.261031,0.0472049,0.0492842,0.00776306,0.00663309,0.478337,0.045824,4.19517,0.320595,11.4224,0.632999,0.597406,-7.30862,-0.333333,-0.0738437,1.02585,0.291667,0.291667,0,0,0.125,0.666667,0,-7.54305,0.0001,-0.00140929,0.0123184,1.5189,0.128336,59678,0.16502,213.3,2.90757
4928,0.135371,0.480833,0.00495514,0.00495514,0.168823,0.112161,0.800737,0.595833,0.0521418,0.0215978,0.0500831,0.21087,0.0445829,0,0.838079,0.0559415,2.26775,0.162047,0,0.0718132,0.539945,4.45274,0.627537,0.378187,0.657137,2.55185,0.166233,0.207449,0,0.666667,0.125,0,-0.00069924,0.240878,0.963065,0.210521,0.0501321,0.0524942,0.00624265,0.00491804,0.442323,0.0485733,4.45379,1.33562,11.3249,0.64432,0.660945,-7.03525,-0.333333,-0.0584171,0.616548,0.833333,0.5,0,0,0.125,0.541667,0,-7.54385,0.0001,-0.00181432,0.0294911,1.41346,0.126515,63834,0.165029,212.3,2.78407
4929,0.108943,0.355403,0.0056469,0.0056469,0.143906,0.0911384,0.819536,0.37175,0.0561187,0.0152607,0.0541921,0.226962,0.0451357,0,0.815566,0.0301694,2.06118,0.183342,0,0.0750259,0.488595,4.21755,0.589637,0.294153,0.732256,2.90638,0.112742,0.224313,0,0.369444,0.03125,0,0.000329488,0.283768,0.959672,0.144699,0.0549636,0.0576047,0.0013754,0.000816797,0.421193,0.0532109,4.5167,1.47061,10.6646,0.672073,0.623146,-5.1653,-0.333333,-0.0457349,0.455792,1.375,1.08333,0,0,0.333333,0.708333,0,-7.54303,0.0001,-0.000822463,0.0619828,1.56255,0.13155,58027,0.165032,198.14,1.79433
4930,0.102511,0.374477,0.00554031,0.00554031,0.139442,0.0958466,0.816831,0.398266,0.0545715,0.0155501,0.0526765,0.217075,0.057365,0,0.783258,0.0320715,2.06683,0.209146,0,0.0800212,0.511326,4.22278,0.591996,0.305952,0.725972,2.87799,0.108696,0.213995,0,0.359259,0.00694444,0,-4.18433e-05,0.30338,0.958116,0.155305,0.053302,0.0557167,0.00267115,0.00180352,0.435994,0.0514498,5.44708,1.56019,10.9816,0.661802,0.63202,-5.41038,-0.333333,-0.0445513,0.480884,2.875,1.625,0,0,0.333333,1.66667,0,-7.54238,0.0001,-0.00136843,0.119633,1.67998,0.126171,54427,0.165057,184.02,0.625399
4931,0.122346,0.441885,0.00528739,0.00528739,0.163511,0.114839,0.811651,0.451849,0.054339,0.0185215,0.0521211,0.221965,0.0474979,0,0.828115,0.0340864,2.0554,0.187682,0,0.0770421,0.544141,4.29865,0.60827,0.336544,0.708622,2.77221,0.124892,0.21854,0,0.463357,0,0,-0.000235056,0.270032,0.960009,0.162871,0.052779,0.0553977,0.00464385,0.00390476,0.442133,0.0509524,4.97388,1.47661,11.8128,0.633299,0.659126,-5.90898,-0.333333,-0.05205,0.567454,15.3333,8.04167,0,0,1.45833,10.4167,0,-7.54096,0.0001,-0.00225703,0.115222,1.67531,0.129978,54453,0.165073,193.03,1.73188
4932,0.145555,0.548534,0.00512832,0.00512832,0.178673,0.13905,0.806422,0.57169,0.0528217,0.0208308,0.0506813,0.219797,0.0466515,0,0.846199,0.0489494,2.03947,0.181713,0,0.0750945,0.566347,4.38993,0.62244,0.356398,0.687159,2.67407,0.151889,0.216864,0,0.6946,0.0210168,0,-0.000479965,0.261454,0.960461,0.185146,0.0512668,0.0537895,0.00497347,0.00419188,0.445929,0.049477,4.65359,0.87949,11.7037,0.633611,0.653834,-6.02382,-0.333333,-0.0584554,0.704454,35.9167,17.0833,0,0,5.33333,20.4167,0,-7.54049,0.0001,-0.00240323,0.0506783,1.69225,0.128588,53988,0.165068,198.04,2.04917
4933,0.158574,0.61636,0.00496325,0.00496325,0.186597,0.151649,0.800796,0.671234,0.0516638,0.0218342,0.0495236,0.215095,0.0458288,0,0.857706,0.06312,2.05141,0.177385,0,0.0747955,0.579805,4.47163,0.633723,0.377112,0.666697,2.59669,0.172991,0.212724,0,0.828913,0.047937,0,-0.000649064,0.256053,0.961174,0.20967,0.0498846,0.0524051,0.00486055,0.00405575,0.448972,0.0481721,4.27899,0.893587,11.7386,0.629923,0.644161,-6.56152,-0.333333,-0.0630016,0.792677,27.625,17.1667,0,0,7.83333,19.25,0,-7.54145,0.0001,-0.00242912,0.0124653,1.67544,0.129539,54462,0.165048,203.18,2.40452
4934,0.163885,0.661839,0.00485037,0.00485037,0.189744,0.159254,0.796818,0.742209,0.0508067,0.0225859,0.0487433,0.211564,0.0452088,0,0.86399,0.0744188,2.06045,0.169803,0,0.0726909,0.591151,4.52855,0.640673,0.391278,0.654447,2.54191,0.184431,0.2093,0,0.882994,0.131351,0,-0.000773644,0.254314,0.962269,0.226402,0.0489344,0.0513135,0.00533256,0.00447291,0.450809,0.0473161,3.84513,0.886373,11.6322,0.630276,0.63027,-6.9691,-0.333333,-0.0655976,0.851125,8.58333,6,0,0,3.375,6.83333,0,-7.54275,0.0001,-0.00215988,0.0068647,1.66098,0.123648,55083,0.165032,207.36,2.77127
4935,0.151196,0.637512,0.00480618,0.00480618,0.176895,0.149065,0.794077,0.744769,0.0498037,0.0212897,0.0478212,0.202399,0.0480434,0,0.84503,0.0777928,2.13322,0.180189,0,0.0758685,0.590732,4.60313,0.647197,0.397565,0.642263,2.54231,0.18014,0.201331,0,0.887103,0.184028,0,-0.00060933,0.270874,0.963591,0.244811,0.0480596,0.050343,0.00380637,0.00323498,0.456293,0.0466412,3.42095,0.84305,11.219,0.639849,0.627758,-7.31337,-0.333333,-0.0629291,0.822384,1.5,1.25,0,0,0.708333,1.45833,0,-7.54429,0.0001,-0.00165795,0.0103442,1.65735,0.128834,55035,0.165012,210.03,2.80628
4936,0.0826517,0.332639,0.00554659,0.00554659,0.110131,0.0822109,0.810696,0.383889,0.0514327,0.0202119,0.0498908,0.192675,0.0606967,0,0.704797,0.0281147,2.05485,0.217927,0,0.0758392,0.50536,4.31488,0.607575,0.310353,0.707314,2.7284,0.106294,0.191462,0,0.25,0,0,-0.000175266,0.323353,0.958701,0.180376,0.0515107,0.0533467,0.00133403,0.00102811,0.43023,0.0496853,4.15731,-0.985895,9.15536,0.715623,0.630855,-4.39318,-0.333333,-0.0359866,0.436936,0.958333,0.458333,0,0,0.0416667,0.166667,0,-7.5446,0.0001,-0.00258052,0.0224507,1.42427,0.12716,63363,0.165004,206.49,2.51348
4937,0.118147,0.439167,0.00549747,0.00549747,0.145081,0.113493,0.817905,0.466667,0.0542006,0.0173714,0.0522768,0.218772,0.0567854,0,0.798401,0.0390318,2.03953,0.196586,0,0.0768106,0.511016,4.24249,0.59992,0.313704,0.715004,2.82421,0.125085,0.216245,0,0.541667,0.0208333,0,4.77847e-05,0.298104,0.959837,0.157587,0.0533052,0.055536,0.00449197,0.00379265,0.427023,0.0516221,4.54527,0.593777,10.8044,0.663426,0.646421,-5.1927,-0.333333,-0.0461172,0.565649,1.33333,0.708333,0,0,0.166667,0.583333,0,-7.54428,0.0001,-0.00175389,0.047372,1.57035,0.125318,57973,0.16501,195.63,1.61864
4938,0.119219,0.425805,0.00537351,0.00537351,0.159919,0.109419,0.812214,0.441804,0.0541588,0.0180846,0.0520424,0.219155,0.053274,0,0.813168,0.0348742,2.07368,0.204627,0,0.0810619,0.524547,4.27673,0.606672,0.326857,0.70353,2.77469,0.123334,0.216272,0,0.464617,0.00694444,0,-0.000194829,0.276878,0.95839,0.16469,0.0527854,0.0553339,0.00336523,0.0026496,0.438552,0.0509,4.9695,1.02975,11.367,0.650636,0.662006,-5.44177,-0.333333,-0.0513711,0.547575,3.79167,2.08333,0,0,0.541667,1.75,0,-7.54372,0.0001,0.00473375,0.102766,1.64006,0.127429,55617,0.165013,188.61,1.12037
4939,0.124922,0.455618,0.00533448,0.00533448,0.162931,0.118095,0.813137,0.467398,0.054043,0.0190554,0.0519535,0.221852,0.0507366,0,0.823801,0.0364105,2.03409,0.195977,0,0.0775715,0.542747,4.27992,0.607688,0.331145,0.707408,2.77363,0.127922,0.218531,0,0.51303,0.000968992,0,-0.000262202,0.273033,0.95857,0.160508,0.0528622,0.0552198,0.00415493,0.00339953,0.442148,0.0509492,5.11471,0.953705,11.5381,0.644755,0.664774,-5.49867,-0.333333,-0.0520048,0.586161,14.4583,6.70833,0,0,1.08333,5.95833,0,-7.54409,0.0001,-0.000641767,0.119911,1.70384,0.130537,53589,0.165,192.82,1.50797
4940,0.144324,0.539222,0.00514234,0.00514234,0.179127,0.137013,0.806638,0.559915,0.0528579,0.021128,0.0507584,0.219669,0.0464398,0,0.844254,0.0475144,2.03862,0.182288,0,0.0752632,0.562371,4.37415,0.620368,0.354664,0.688933,2.68502,0.149926,0.216847,0,0.660323,0.0126207,0,-0.000444121,0.260688,0.959895,0.183144,0.0514548,0.0539178,0.00467076,0.00394378,0.442043,0.0496085,4.56983,0.696789,11.6598,0.637045,0.659665,-5.87121,-0.333333,-0.0584895,0.691909,32.75,15.5417,0,0,4.33333,15.0833,0,-7.54505,0.0001,-0.00188762,0.0723794,1.69041,0.123714,54188,0.165025,196.99,1.94436
4941,0.153888,0.593103,0.00502361,0.00502361,0.186373,0.147483,0.802804,0.633065,0.0522504,0.0215993,0.0500883,0.217359,0.0450986,0,0.855013,0.0577285,2.03798,0.177024,0,0.0748879,0.574903,4.44056,0.628884,0.36956,0.674705,2.62943,0.164216,0.2146,0,0.775924,0.0436251,0,-0.00053825,0.255119,0.960782,0.199781,0.050572,0.0530855,0.00492605,0.00413901,0.446638,0.0488118,4.4683,0.948308,11.7858,0.630747,0.649979,-6.40032,-0.333333,-0.0622371,0.761735,28.9167,18.8333,0,0,5.125,18.9167,0,-7.54307,0.0001,-0.00242973,0.0245505,1.68019,0.125673,54436,0.165089,202.26,2.43476
4942,0.162348,0.647857,0.0048748,0.0048748,0.188721,0.156631,0.79782,0.716606,0.0511633,0.0225501,0.0490505,0.211576,0.0448581,0,0.858532,0.0699925,2.05646,0.169228,0,0.0739341,0.587811,4.51339,0.638867,0.388213,0.65655,2.55659,0.180141,0.209117,0,0.876488,0.091746,0,-0.000685831,0.255528,0.961512,0.22182,0.0493888,0.0518413,0.0055876,0.00474957,0.452662,0.0477602,3.97918,0.905981,11.7623,0.628812,0.637038,-6.87775,-0.333333,-0.0648296,0.833215,13.625,10.5417,0,0,4.04167,11.7917,0,-7.53811,0.0001,-0.00258346,0.00812977,1.68148,0.129708,54276,0.165177,207.95,2.57108
4943,0.14936,0.608729,0.00480498,0.00480498,0.184622,0.144586,0.793352,0.689808,0.050287,0.0220353,0.0481877,0.208732,0.0476629,0,0.861382,0.0694398,2.09143,0.176698,0,0.0748355,0.595432,4.56529,0.646946,0.396995,0.644728,2.50549,0.174209,0.206283,0,0.836103,0.14841,0,-0.000796199,0.256311,0.961586,0.231776,0.0485453,0.0507854,0.00544518,0.00451881,0.455759,0.0470586,3.91698,0.968436,11.7046,0.628097,0.630432,-7.19366,-0.333333,-0.0646791,0.779007,3.875,3.125,0,0,1.5,3.29167,0,-7.53295,0.0001,-0.0021306,0.00842109,1.6435,0.130254,55421,0.165247,208.94,2.26352
4944,0.157611,0.643056,0.004717,0.004717,0.187085,0.150221,0.791701,0.750417,0.0494801,0.0217988,0.0473553,0.206917,0.0530861,0,0.869812,0.080233,2.10403,0.197437,0,0.0791004,0.590465,4.58295,0.652671,0.408017,0.626396,2.44395,0.185097,0.204819,0,0.847222,0.190972,0,-0.000697842,0.260951,0.962233,0.241433,0.0477721,0.0498144,0.0040069,0.00310804,0.459789,0.046195,4.02995,0.839399,11.7289,0.625429,0.618933,-7.49903,-0.333333,-0.0665757,0.827456,0.583333,0.75,0,0,0.5,0.666667,0,-7.52917,0.0001,-0.00183785,0.0220823,1.54185,0.126611,58919,0.165314,209.84,2.20672
4945,0.133209,0.497931,0.00537422,0.00537422,0.158234,0.126595,0.812348,0.505292,0.0544003,0.0172866,0.0522461,0.216573,0.0567157,0,0.809384,0.0432235,2.01049,0.207381,0,0.0791566,0.529917,4.2608,0.60697,0.32684,0.710621,2.76286,0.135228,0.21327,0,0.625695,0,0,1.05174e-05,0.280586,0.960702,0.159508,0.0532899,0.0556986,0.00470103,0.00416014,0.438609,0.0516317,4.74401,1.47482,11.4097,0.646601,0.628327,-5.78308,-0.333333,-0.0513406,0.635828,1.25,0.708333,0,0,0.125,0.833333,0,-7.5252,0.0001,-0.00237273,0.0447022,1.58195,0.126847,57528,0.165348,200.64,1.77012
4946,0.124091,0.452542,0.00538869,0.00538869,0.161117,0.116258,0.814264,0.469094,0.0545295,0.0184117,0.0524354,0.220369,0.0482784,0,0.817075,0.0377901,2.05113,0.192395,0,0.0770542,0.517673,4.25666,0.601958,0.325517,0.709247,2.80889,0.129249,0.217586,0,0.559191,0,0,-0.000135775,0.278642,0.958404,0.161872,0.0531955,0.055793,0.00386901,0.00313291,0.430105,0.0512874,4.71518,1.09172,11.2925,0.652123,0.656882,-5.46938,-0.333333,-0.0518126,0.582688,3.58333,1.95833,0,0,0.25,1.95833,0,-7.52477,0.0001,-0.00127073,0.0899743,1.6521,0.126644,55266,0.165341,191.54,1.34606
4947,0.133139,0.487787,0.00525962,0.00525962,0.169488,0.125589,0.810868,0.500845,0.0539256,0.0190227,0.0517388,0.223682,0.0496391,0,0.842071,0.0399884,2.03923,0.187057,0,0.0777956,0.543342,4.30613,0.609494,0.340092,0.701769,2.75205,0.136797,0.220818,0,0.572576,0.0143758,0,-0.000270181,0.268573,0.95933,0.168525,0.0524305,0.0550188,0.00433561,0.00357785,0.436145,0.050562,4.72975,1.25501,11.7804,0.636801,0.663101,-5.83906,-0.333333,-0.054518,0.624466,10,5.54167,0,0,1.45833,5.29167,0,-7.52574,0.0001,-6.09896e-05,0.111835,1.69332,0.122216,54146,0.165347,191.6,1.48426
4948,0.142815,0.530722,0.00514793,0.00514793,0.17424,0.134819,0.806887,0.54871,0.0530557,0.0207545,0.0509223,0.220573,0.0480956,0,0.846808,0.0464616,2.04859,0.183971,0,0.0766024,0.557737,4.36828,0.620025,0.354006,0.688251,2.68549,0.147505,0.217781,0,0.653459,0.0141309,0,-0.000496682,0.269074,0.959806,0.182319,0.0514577,0.0540761,0.00503411,0.0042958,0.444256,0.0496342,4.53409,0.826042,11.7327,0.636166,0.662494,-5.91703,-0.333333,-0.0568715,0.68035,25.8333,14.125,0,0,2.875,13.8333,0,-7.52646,0.0001,-0.00198471,0.0796099,1.68128,0.130182,54267,0.165319,195.62,1.82668
4949,0.152075,0.581347,0.00504725,0.00504725,0.182285,0.145194,0.80229,0.616444,0.0523072,0.0212588,0.0501883,0.217675,0.047448,0,0.853011,0.0555672,2.03858,0.179341,0,0.0752566,0.569346,4.42357,0.626839,0.36657,0.676565,2.64322,0.161409,0.215164,0,0.755941,0.0355429,0,-0.000505834,0.262562,0.960818,0.197234,0.0506765,0.0532294,0.00515034,0.0044024,0.447095,0.0489392,4.42666,0.851342,11.7051,0.633018,0.651624,-6.26916,-0.333333,-0.0605916,0.743504,27.4167,16.2917,0,0,4.875,16.875,0,-7.52624,0.0001,0.001299,0.0377682,1.70201,0.125877,53780,0.165332,200.95,2.43515
4950,0.158753,0.619676,0.00496177,0.00496177,0.187722,0.152378,0.799832,0.666671,0.0517565,0.0216401,0.0496206,0.216317,0.0453769,0,0.864059,0.0633607,2.05094,0.172181,0,0.0745448,0.581169,4.4747,0.633479,0.377297,0.66535,2.59832,0.171173,0.214191,0,0.822666,0.0680836,0,-0.000665662,0.260948,0.960727,0.209267,0.0499569,0.0524937,0.00529785,0.00449985,0.44898,0.0482624,4.14837,0.871683,11.7882,0.630184,0.648651,-6.5594,-0.333333,-0.0634429,0.79341,17.8333,12.4583,0,0,5.45833,11.75,0,-7.52265,0.0001,-0.00252091,0.0126796,1.68988,0.125529,54149,0.165398,203.44,2.43082
4951,0.158746,0.632783,0.00487899,0.00487899,0.184263,0.153162,0.79715,0.706035,0.0508752,0.0221096,0.0487901,0.210406,0.0488038,0,0.855404,0.069789,2.0446,0.179894,0,0.0753388,0.588982,4.51602,0.63892,0.387687,0.656451,2.55217,0.177889,0.208426,0,0.830895,0.108394,0,-0.00075785,0.262575,0.961431,0.223109,0.0490467,0.051504,0.00522381,0.0044243,0.453616,0.0474365,4.07475,0.791839,11.6667,0.630703,0.632034,-6.80371,-0.333333,-0.0632423,0.811941,6.625,4.79167,0,0,2.625,4.5,0,-7.51793,0.0001,-0.00241773,0.0103962,1.69323,0.126595,54018,0.165446,206.27,2.60074
4952,0.150816,0.6043,0.00510448,0.00510448,0.171394,0.143548,0.804064,0.679871,0.052364,0.0186632,0.0502743,0.209021,0.0458975,0,0.83438,0.0685754,2.058,0.18476,0,0.0774105,0.557056,4.43589,0.625731,0.361445,0.666934,2.64725,0.168955,0.207034,0,0.819445,0.123611,0,-0.00036143,0.267054,0.961884,0.213059,0.0504699,0.0529219,0.00301809,0.00233837,0.435548,0.0489173,3.8474,1.63851,11.157,0.649075,0.613082,-6.88066,-0.333333,-0.0596259,0.773358,1.41667,1.41667,0,0,0.5,1.375,0,-7.51419,0.0001,-0.0025989,0.0193349,1.66951,0.129869,54632,0.165468,204.93,2.51573
4953,0.137651,0.534726,0.00521935,0.00521935,0.168622,0.132539,0.806537,0.581349,0.0534768,0.0182244,0.0512628,0.21589,0.0550886,0,0.825821,0.0531123,2.06617,0.196106,0,0.0794588,0.53609,4.34242,0.615,0.346006,0.687096,2.73094,0.148166,0.21307,0,0.724405,0.0694444,0,-7.09871e-05,0.265361,0.96066,0.181106,0.0522047,0.0545317,0.00275801,0.00177258,0.444078,0.0503221,4.82095,1.55249,11.4409,0.642971,0.644146,-6.24679,-0.333333,-0.0560099,0.681146,1.125,0.916667,0,0,0.333333,0.875,0,-7.51107,0.0001,-0.0016618,0.0361284,1.66863,0.127152,54741,0.165482,197.19,1.92417
4954,0.120286,0.429096,0.00543122,0.00543122,0.152378,0.110489,0.814498,0.441573,0.0552286,0.0156297,0.0529093,0.221937,0.0527874,0,0.816403,0.0344491,2.07469,0.197448,0,0.0801801,0.515867,4.27527,0.604892,0.319858,0.703603,2.78673,0.123298,0.21899,0,0.478968,0.0111607,0,3.18121e-05,0.282166,0.960063,0.156785,0.0534792,0.0562301,0.00263046,0.00187606,0.43105,0.0516802,5.07365,2.1327,11.566,0.642593,0.665967,-6.00504,-0.333333,-0.0487561,0.550176,2.875,2.125,0,0,0.25,2.25,0,-7.50965,0.0001,-0.000429318,0.0715922,1.73347,0.133662,52649,0.1655,186.08,0.992323
4955,0.13012,0.473724,0.00525879,0.00525879,0.166855,0.121814,0.809022,0.486741,0.0533881,0.0196664,0.0513094,0.221816,0.0510725,0,0.836557,0.0394672,2.05065,0.195493,0,0.0779999,0.543711,4.30804,0.611071,0.340305,0.699691,2.74208,0.133407,0.219169,0,0.549516,0.00908565,0,-0.000302076,0.271608,0.959053,0.168653,0.052189,0.0545922,0.00421168,0.00350684,0.441231,0.0503134,4.70123,0.671703,11.5638,0.643189,0.667123,-5.55741,-0.333333,-0.0537391,0.604491,9.83333,4.95833,0,0,0.958333,4.41667,0,-7.50874,0.0001,0.00538842,0.0966742,1.70555,0.127903,53616,0.165505,192.11,1.3522
4956,0.142428,0.535369,0.00516395,0.00516395,0.174344,0.13648,0.806152,0.553468,0.0528936,0.0213234,0.05083,0.221974,0.0487269,0,0.850162,0.0469935,2.04052,0.183125,0,0.0758234,0.557663,4.36183,0.618348,0.351925,0.690311,2.70121,0.147012,0.219319,0,0.676342,0.0163212,0,-0.000454453,0.269091,0.959185,0.180785,0.0514893,0.0540202,0.00516437,0.00441045,0.446668,0.0496514,4.70446,0.541408,11.6202,0.639578,0.659283,-5.7417,-0.333333,-0.0567416,0.683441,22.2083,10.9167,0,0,2.75,10.1667,0,-7.509,0.0001,-0.0010616,0.0885964,1.7154,0.130507,53255,0.165482,195.48,1.89538
4957,0.151188,0.575152,0.00507609,0.00507609,0.180863,0.14429,0.803385,0.603799,0.0527254,0.0212716,0.050552,0.219641,0.047045,0,0.856655,0.0537398,2.04974,0.179336,0,0.0761851,0.566175,4.40814,0.62491,0.36297,0.679261,2.65678,0.158651,0.217213,0,0.741531,0.0233071,0,-0.0004896,0.263538,0.959881,0.19209,0.0510452,0.0536901,0.00510725,0.00434374,0.447344,0.0492592,4.53828,0.880127,11.7954,0.632643,0.65842,-6.17985,-0.333333,-0.0598035,0.734782,27,16.7083,0,0,4.66667,15.125,0,-7.50992,0.0001,-0.00015737,0.0484915,1.71391,0.127646,53380,0.165466,198.01,2.08963
4958,0.158785,0.616523,0.00500098,0.00500098,0.189534,0.152614,0.800716,0.655719,0.0522007,0.0217673,0.0500309,0.217993,0.0444863,0,0.863605,0.0616175,2.04869,0.171859,0,0.0748611,0.575046,4.45401,0.630958,0.372378,0.668918,2.61817,0.168927,0.215735,0,0.808898,0.0489695,0,-0.000577705,0.257302,0.960469,0.203855,0.0503986,0.0530096,0.0049554,0.0041818,0.451198,0.0486371,4.42812,0.889299,11.7874,0.63111,0.652218,-6.43179,-0.333333,-0.0635942,0.787617,19.9167,12.8333,0,0,4.04167,13.625,0,-7.51044,0.0001,-0.00251632,0.0224358,1.69262,0.131565,53889,0.165446,201.22,2.32695
4959,0.165157,0.653995,0.00490196,0.00490196,0.190089,0.159092,0.797198,0.716177,0.05121,0.0221521,0.0491148,0.214044,0.0436633,0,0.865693,0.0706071,2.05539,0.169226,0,0.0734208,0.586956,4.50218,0.638362,0.384803,0.657242,2.56514,0.1816,0.212128,0,0.861026,0.0929692,0,-0.000749547,0.252923,0.96103,0.219406,0.0494007,0.0518475,0.00480656,0.00396519,0.452159,0.0477001,4.13317,0.738255,11.6762,0.631476,0.638046,-6.6783,-0.333333,-0.0648895,0.837303,10,7.45833,0,0,2.79167,7.54167,0,-7.50875,0.0001,-0.00268257,0.0115241,1.7018,0.13001,53664,0.165509,204.45,2.64431
4960,0.152198,0.608401,0.00489507,0.00489507,0.175332,0.147807,0.797352,0.687401,0.0512233,0.0221455,0.0490713,0.208689,0.0502293,0,0.844947,0.0684025,2.07357,0.182863,0,0.0769283,0.58416,4.50152,0.636621,0.385851,0.658169,2.56825,0.171536,0.206511,0,0.82171,0.133366,0,-0.000731871,0.276988,0.960828,0.224125,0.0491506,0.0518864,0.00545868,0.00460179,0.453694,0.0475541,3.80204,0.716367,11.7296,0.631071,0.643759,-6.73493,-0.333333,-0.0601823,0.781328,2.66667,2.91667,0,0,1.08333,2,0,-7.50483,0.0001,-0.0021218,0.0196667,1.68649,0.12903,54146,0.165515,207.74,2.63487
4961,0.146928,0.571008,0.00513779,0.00513779,0.178032,0.139734,0.803376,0.612643,0.0531805,0.0186456,0.0508769,0.218951,0.0452763,0,0.85648,0.0574179,2.04414,0.184888,0,0.0790905,0.560829,4.38194,0.620985,0.35618,0.67572,2.68781,0.15757,0.217139,0,0.726984,0.0479167,0,-0.000352447,0.258447,0.95984,0.191924,0.051378,0.0539353,0.00219884,0.00149463,0.441078,0.049513,4.48008,1.4245,11.7249,0.638526,0.656182,-6.44601,-0.333333,-0.0599926,0.729204,1.75,1.41667,0,0,0.458333,0.833333,0,-7.50471,0.0001,-0.00199833,0.0371199,1.67144,0.128936,54602,0.16549,198.14,1.97452
4962,0.122819,0.453556,0.00530229,0.00530229,0.153261,0.115145,0.808192,0.482688,0.054283,0.0181613,0.052088,0.216434,0.0525396,0,0.816358,0.040359,2.12208,0.198548,0,0.0819351,0.515801,4.28819,0.607055,0.335328,0.698299,2.76951,0.130021,0.214486,0,0.55754,0.0289352,0,-0.000199848,0.277434,0.958698,0.170767,0.0525601,0.0553355,0.00283484,0.00225356,0.42923,0.0507541,4.44052,1.36572,11.5878,0.643726,0.6615,-5.83569,-0.333333,-0.04972,0.576162,3.16667,1.875,0,0,0.583333,1.58333,0,-7.50535,0.0001,-0.00252874,0.064686,1.68641,0.12881,54155,0.165467,190.45,1.20783
4963,0.123481,0.450062,0.00522481,0.00522481,0.163443,0.115396,0.806879,0.463421,0.0533113,0.0201522,0.0512097,0.221699,0.0540196,0,0.840209,0.0378282,2.08931,0.200415,0,0.0790708,0.539016,4.31708,0.613284,0.344378,0.691815,2.73184,0.126827,0.21906,0,0.5213,0.0137166,0,-0.00034544,0.276836,0.958949,0.173308,0.0519522,0.0544872,0.0039986,0.00321838,0.436574,0.0500462,4.67692,0.821815,11.631,0.641009,0.664493,-5.69442,-0.333333,-0.0527748,0.574841,7.875,4.25,0,0,0.791667,3.91667,0,-7.5054,0.0001,-0.00236719,0.0917111,1.75574,0.14249,51787,0.165448,194.41,1.34333
4964,0.1441,0.541095,0.00514519,0.00514519,0.177442,0.13709,0.805514,0.564672,0.0531515,0.0204444,0.0509782,0.220857,0.0468988,0,0.850235,0.0488352,2.05208,0.179982,0,0.0756548,0.561408,4.36992,0.620079,0.354394,0.685778,2.68421,0.149806,0.218388,0,0.664556,0.0217597,0,-0.000387659,0.265075,0.959638,0.18324,0.0515527,0.0541871,0.00487362,0.00414724,0.444888,0.0497354,4.77559,0.912744,11.7553,0.634956,0.661229,-6.00078,-0.333333,-0.0580917,0.69163,17.3333,10.2917,0,0,2.125,10.2083,0,-7.50724,0.0001,-0.00185374,0.0887713,1.74281,0.12584,52606,0.16543,196.22,1.94193
4965,0.147415,0.55636,0.00509595,0.00509595,0.179442,0.139901,0.803899,0.582871,0.0530724,0.0205151,0.050824,0.219959,0.0464802,0,0.854647,0.0510649,2.04344,0.177237,0,0.0762864,0.563347,4.39494,0.62339,0.360506,0.680731,2.66126,0.154424,0.21747,0,0.698723,0.0190653,0,-0.000431558,0.264223,0.960092,0.189373,0.0512516,0.053992,0.00476873,0.0040127,0.442942,0.0494641,4.60979,1.17276,11.9033,0.629732,0.65883,-6.30563,-0.333333,-0.0592031,0.710433,22.6667,15.7917,0,0,4.16667,15.5,0,-7.50921,0.0001,-0.00087854,0.0600507,1.69727,0.125029,53945,0.165424,199.43,2.33685
4966,0.158218,0.609169,0.00500588,0.00500588,0.186657,0.150942,0.801025,0.650748,0.0523138,0.0211122,0.0500969,0.218024,0.0457748,0,0.862933,0.0610399,2.05268,0.17596,0,0.0756997,0.573819,4.43625,0.628866,0.371761,0.669664,2.62518,0.168958,0.215882,0,0.788706,0.0693644,0,-0.000570087,0.257348,0.96007,0.202004,0.050485,0.0531215,0.00442502,0.00363666,0.446454,0.0486798,4.49466,0.999081,11.8948,0.628665,0.65342,-6.45781,-0.333333,-0.0625729,0.779471,20.7917,15,0,0,5.20833,12.6667,0,-7.50936,0.0001,-0.00291591,0.0287053,1.66486,0.125898,54895,0.165421,201.91,2.41579
4967,0.160816,0.632861,0.0049522,0.0049522,0.186872,0.155252,0.799406,0.683095,0.0519453,0.0214386,0.0497472,0.215579,0.0464904,0,0.863604,0.0655541,2.0551,0.175178,0,0.0757758,0.576168,4.47239,0.633714,0.378552,0.664124,2.60195,0.173587,0.213636,0,0.842701,0.0734699,0,-0.000623457,0.260453,0.960285,0.209541,0.0500633,0.0526637,0.0049094,0.0041095,0.447991,0.048309,4.26962,1.06532,11.8861,0.628358,0.650017,-6.65291,-0.333333,-0.0633297,0.808884,11.5833,9.25,0,0,4,7.95833,0,-7.50806,0.0001,-0.00258668,0.0176831,1.64809,0.124349,55462,0.165404,203.21,2.53544
4968,0.163314,0.653131,0.00490795,0.00490795,0.19111,0.158693,0.797935,0.713074,0.0516271,0.0216939,0.0494707,0.212648,0.044453,0,0.859748,0.0702478,2.04507,0.170192,0,0.0742081,0.583153,4.48441,0.635761,0.384052,0.658379,2.58535,0.17958,0.210778,0,0.852008,0.108074,0,-0.000650273,0.253759,0.961325,0.218033,0.0496449,0.0522898,0.00469515,0.00390691,0.444093,0.0479545,4.05118,0.934326,11.779,0.629116,0.639211,-6.76203,-0.333333,-0.0653262,0.836631,5,4.16667,0,0,1.79167,4.04167,0,-7.50811,0.0001,-0.00292832,0.0191764,1.64834,0.125964,55404,0.165352,204.67,2.62685
4969,0.142811,0.566929,0.00504239,0.00504239,0.174563,0.13728,0.801665,0.630724,0.0521812,0.020434,0.0500161,0.214159,0.0472098,0,0.853775,0.0622784,2.06509,0.179499,0,0.0775808,0.560758,4.42948,0.627188,0.36782,0.671186,2.64546,0.159086,0.212934,0,0.662302,0.183433,0,-0.000453642,0.268187,0.960181,0.208148,0.0502918,0.0529867,0.00316183,0.00261833,0.439061,0.0485639,3.75583,1.06841,11.5453,0.639436,0.63678,-6.51179,-0.333333,-0.0593901,0.727392,1.875,1.625,0,0,0.666667,1.625,0,-7.51102,0.0001,-0.00243853,0.0330316,1.61075,0.125191,56628,0.16532,201.15,2.04321
4970,0.127612,0.474613,0.0052933,0.0052933,0.162135,0.121322,0.810005,0.492805,0.0540546,0.0183801,0.0518327,0.221441,0.0522748,0,0.83218,0.0402622,2.07774,0.19549,0,0.0796567,0.530039,4.2938,0.607822,0.336631,0.693728,2.7654,0.132407,0.218723,0,0.494966,0.0264069,0,-0.000289938,0.270146,0.959846,0.167934,0.052585,0.0550883,0.00330075,0.00251302,0.431951,0.0506864,4.83375,1.29963,11.5917,0.644035,0.660328,-5.89693,-0.333333,-0.0524746,0.605945,2.5,2.04167,0,0,0.541667,1.79167,0,-7.50946,0.0001,-0.00157011,0.0621404,1.66484,0.123831,54959,0.165336,190.92,1.22529
4971,0.132355,0.488033,0.00527908,0.00527908,0.16748,0.125103,0.810728,0.508541,0.0536616,0.019662,0.0515793,0.22116,0.0499751,0,0.835042,0.0419435,2.04765,0.187038,0,0.0774537,0.540169,4.30085,0.609093,0.337899,0.699482,2.7672,0.138234,0.21916,0,0.573852,0.0230769,0,-0.000202699,0.2709,0.958059,0.169735,0.0523409,0.0549074,0.00359779,0.00301334,0.437402,0.0504123,4.76236,0.812845,11.5693,0.644709,0.667603,-5.55524,-0.333333,-0.0540292,0.625126,7.41667,4.375,0,0,0.958333,3,0,-7.50769,0.0001,0.00178522,0.0897352,1.67777,0.124699,54538,0.165344,190.86,1.35299
4972,0.138486,0.510238,0.00517098,0.00517098,0.173954,0.129721,0.807133,0.527077,0.0533765,0.0205767,0.0512051,0.220814,0.0494032,0,0.846192,0.0444055,2.04919,0.185803,0,0.0778715,0.555112,4.35207,0.616853,0.351172,0.688513,2.71079,0.143313,0.218271,0,0.601005,0.0165206,0,-0.000358179,0.267836,0.959139,0.178558,0.0518643,0.054469,0.0047336,0.00401165,0.441333,0.0500019,4.78705,0.937585,11.8224,0.63599,0.670792,-5.91679,-0.333333,-0.0566947,0.653995,14.125,8.08333,0,0,1.66667,8.16667,0,-7.5069,0.0001,-0.000294181,0.0958201,1.72567,0.143359,52596,0.165316,197.43,2.07618
4973,0.145393,0.549142,0.00511479,0.00511479,0.176879,0.138371,0.805435,0.573642,0.0529434,0.0211456,0.0507788,0.219418,0.0483244,0,0.849689,0.0500692,2.03961,0.185807,0,0.0770185,0.560087,4.36862,0.619735,0.358164,0.683393,2.68761,0.151821,0.2169,0,0.704775,0.0261364,0,-0.000449157,0.265281,0.959171,0.185343,0.0513904,0.0539787,0.00482137,0.00404519,0.443169,0.0495151,4.73708,0.896191,11.8445,0.634857,0.663872,-6.0164,-0.333333,-0.0582223,0.704002,23.875,14.4583,0,0,2.75,12.2083,0,-7.50939,0.0001,-0.00229145,0.0661362,1.75778,0.131022,52045,0.165273,197.31,2.06245
4974,0.154582,0.594655,0.00503511,0.00503511,0.18242,0.148114,0.802818,0.633997,0.0522218,0.0219824,0.050111,0.217233,0.0479174,0,0.855618,0.058537,2.05112,0.17919,0,0.0759446,0.569317,4.42505,0.627459,0.368122,0.673288,2.64754,0.164868,0.215169,0,0.774746,0.057242,0,-0.000499734,0.262241,0.959277,0.19775,0.0506869,0.053249,0.00492863,0.0041735,0.445995,0.0488591,4.54524,0.603677,11.7811,0.635479,0.661555,-6.11075,-0.333333,-0.0608427,0.762246,23.1667,13.9583,0,0,3.95833,10.3333,0,-7.51176,0.0001,-0.00234106,0.0374428,1.69075,0.126659,54090,0.165255,199.42,2.22481
4975,0.158356,0.614138,0.0049626,0.0049626,0.185783,0.151013,0.800207,0.670769,0.0518229,0.0223475,0.0496952,0.215539,0.0461265,0,0.860476,0.064045,2.04003,0.174398,0,0.0748765,0.5804,4.45465,0.631875,0.377194,0.665986,2.60989,0.173,0.213396,0,0.821807,0.0902475,0,-0.000595854,0.259775,0.959805,0.206746,0.0501889,0.0526964,0.00510544,0.00428853,0.447671,0.0483745,4.38981,0.680057,11.8015,0.633186,0.652166,-6.39095,-0.333333,-0.0627625,0.786955,15.25,10.7917,0,0,2.79167,9,0,-7.51367,0.0001,-0.00267772,0.0199118,1.76724,0.132395,51748,0.165269,201.79,2.30353
4976,0.161367,0.633376,0.00496562,0.00496562,0.18714,0.155592,0.799908,0.689824,0.0516555,0.0217735,0.0495899,0.21423,0.0464179,0,0.857091,0.0666188,2.05464,0.174908,0,0.0745041,0.578058,4.45737,0.631296,0.376815,0.666273,2.61384,0.176633,0.212366,0,0.834142,0.0899724,0,-0.000614718,0.256129,0.960069,0.207221,0.0501128,0.0525053,0.00441728,0.00366425,0.442877,0.0482932,4.18716,0.640503,11.717,0.634362,0.644529,-6.36443,-0.333333,-0.0633137,0.811606,8.04167,4.95833,0,0,1.75,5.33333,0,-7.51341,0.0001,-0.00242484,0.0177299,1.78454,0.131525,51305,0.165287,202.52,2.52082
4977,0.142078,0.551154,0.00508024,0.00508024,0.174776,0.13509,0.803205,0.603882,0.0525619,0.0199373,0.0503827,0.214664,0.0485097,0,0.843815,0.057453,2.06304,0.185337,0,0.077865,0.55652,4.39812,0.622896,0.362968,0.674211,2.67165,0.157286,0.212621,0,0.678575,0.0818618,0,-0.000467995,0.267763,0.960179,0.196641,0.0508293,0.0533562,0.00385331,0.00316,0.435054,0.0490894,4.24842,1.18218,11.738,0.635865,0.644935,-6.41716,-0.333333,-0.0588061,0.706566,3.04167,2.16667,0,0,0.833333,2.29167,0,-7.51069,0.0001,-0.00248032,0.0300448,1.77123,0.12881,51737,0.165319,198.98,1.98817
4978,0.133769,0.506983,0.00516665,0.00516665,0.169673,0.126544,0.805515,0.544222,0.0527822,0.0211878,0.0507805,0.217633,0.0496204,0,0.839934,0.0484435,2.07783,0.185615,0,0.0774267,0.540038,4.35439,0.618643,0.351961,0.687108,2.70054,0.142238,0.215698,0,0.625645,0.0698413,0,-0.000460653,0.272823,0.95838,0.184644,0.0514244,0.0538691,0.00440976,0.00379611,0.430042,0.0495758,4.17474,0.379533,11.4929,0.648059,0.663126,-5.67923,-0.333333,-0.0560841,0.650356,3.45833,2.08333,0,0,0.291667,1.54167,0,-7.50736,0.0001,-0.00213705,0.0529504,1.78855,0.127499,51305,0.16533,191.65,1.28551
4979,0.13885,0.513788,0.00521936,0.00521936,0.17281,0.130579,0.807836,0.535443,0.0533119,0.0200584,0.0511801,0.221722,0.047745,0,0.845057,0.0454226,2.06702,0.182007,0,0.0768817,0.544115,4.34313,0.615465,0.345415,0.692744,2.72387,0.144727,0.219314,0,0.647456,0.0296792,0,-0.000301425,0.268433,0.958195,0.177104,0.0519111,0.0544732,0.00478395,0.00406578,0.441248,0.0500657,4.89624,0.821824,11.6641,0.641426,0.667417,-5.69981,-0.333333,-0.0563019,0.657445,6.70833,4,0,0,0.75,2.75,0,-7.5064,0.0001,-0.00126206,0.0692653,1.75176,0.136316,52065,0.165334,193.34,1.72476
4980,0.140149,0.515836,0.00517828,0.00517828,0.17374,0.131501,0.807401,0.535098,0.0534349,0.0206224,0.0512576,0.221328,0.0472355,0,0.845808,0.0442655,2.05248,0.179981,0,0.0774963,0.548743,4.33767,0.615294,0.350285,0.689717,2.71574,0.14517,0.218639,0,0.636559,0.0137974,0,-0.000302833,0.266828,0.958575,0.178165,0.0519132,0.0546084,0.00467423,0.00393225,0.439847,0.0500161,4.88287,0.99761,11.8357,0.636507,0.669036,-5.88966,-0.333333,-0.0565329,0.659433,12.0417,6.625,0,0,1.45833,6.95833,0,-7.50488,0.0001,-0.00114988,0.0828778,1.98619,0.170915,45572,0.165356,194.5,1.75313
4981,0.147917,0.562502,0.00509892,0.00509892,0.178323,0.141505,0.804633,0.590621,0.053072,0.0206271,0.0508665,0.219089,0.0468424,0,0.850499,0.0521788,2.04689,0.176048,0,0.0765158,0.560343,4.38282,0.620828,0.360107,0.681265,2.68091,0.155584,0.216652,0,0.71681,0.0388665,0,-0.000366485,0.263356,0.959394,0.187389,0.0514408,0.0541035,0.0045606,0.00380725,0.442297,0.049583,4.62053,1.11652,11.8956,0.632061,0.663885,-6.19367,-0.333333,-0.0587962,0.71957,18.5,10.875,0,0,3.08333,11.9583,0,-7.50268,0.0001,-0.00204495,0.0696736,2.7952,0.162953,33231,0.165391,198.66,2.25802
4982,0.155744,0.590021,0.00503513,0.00503513,0.18407,0.146973,0.80254,0.630744,0.0528886,0.0210343,0.050656,0.218316,0.0447372,0,0.858202,0.0576389,2.05102,0.171164,0,0.0757122,0.56399,4.41251,0.62583,0.368098,0.671952,2.64999,0.166535,0.21593,0,0.763578,0.0478827,0,-0.000413693,0.25717,0.959544,0.19497,0.051164,0.0538469,0.00455915,0.00375458,0.443008,0.0493122,4.5856,1.17792,12.0123,0.628313,0.662217,-6.40729,-0.333333,-0.0613519,0.754422,20.5,13.9167,0,0,4.625,13.75,0,-7.50121,0.0001,-0.00219684,0.0413105,2.83481,0.172774,32685,0.165407,200.05,2.16245
4983,0.158039,0.611646,0.00498765,0.00498765,0.18541,0.150937,0.801221,0.664936,0.0520175,0.0217815,0.0498771,0.215233,0.0461664,0,0.855498,0.062614,2.04614,0.171538,0,0.0753232,0.573631,4.44916,0.630316,0.374074,0.667104,2.62384,0.172164,0.213129,0,0.802629,0.0716463,0,-0.00052164,0.259009,0.959845,0.204746,0.0503373,0.0529106,0.00479103,0.00400661,0.447001,0.0485216,4.461,0.864862,11.8071,0.633341,0.655022,-6.42111,-0.333333,-0.0624227,0.78434,16.0833,10,0,0,3.79167,10.5417,0,-7.50146,0.0001,-0.00219483,0.0264823,2.23617,0.155048,41110,0.165409,200.98,2.25919
4984,0.162884,0.635824,0.00495995,0.00495995,0.190938,0.155455,0.799461,0.691179,0.0518058,0.0221467,0.0496906,0.216804,0.0441708,0,0.866908,0.067051,2.05494,0.167483,0,0.0746067,0.576343,4.4574,0.63174,0.377605,0.663703,2.60727,0.176756,0.214621,0,0.826708,0.113313,0,-0.000601735,0.253778,0.959784,0.20955,0.0501051,0.052657,0.00470933,0.00391415,0.445444,0.0482741,4.38859,0.762609,11.7786,0.634348,0.652123,-6.41853,-0.333333,-0.0648187,0.813027,10.5,6.83333,0,0,2.29167,6,0,-7.50145,0.0001,-0.00313277,0.0197302,2.45009,0.143867,37897,0.165386,203.1,2.68649
4985,0.156302,0.616703,0.00497154,0.00497154,0.183098,0.149568,0.800202,0.691153,0.0514138,0.0216937,0.0494269,0.212029,0.0461936,0,0.850274,0.0688968,2.06055,0.171199,0,0.0742669,0.571286,4.45574,0.631089,0.37639,0.663315,2.61075,0.175478,0.210095,0,0.780372,0.133413,0,-0.000654902,0.261429,0.960089,0.212755,0.0498176,0.0521919,0.0040346,0.0033318,0.439109,0.0480195,4.05936,0.57802,11.5054,0.640311,0.635531,-6.40472,-0.333333,-0.0625079,0.788699,4.875,3.20833,0,0,1.08333,3.25,0,-7.50219,0.0001,-0.00287079,0.0301435,1.63254,0.118663,56135,0.165406,202.59,2.37596
4986,0.137763,0.513938,0.00512867,0.00512867,0.16385,0.127711,0.803875,0.567213,0.0521916,0.0208368,0.050231,0.215329,0.0536637,0,0.836988,0.0514803,2.10375,0.196289,0,0.0789264,0.54015,4.37984,0.621057,0.356673,0.678222,2.68875,0.151417,0.213414,0,0.650738,0.0448909,0,-0.000449529,0.285723,0.9586,0.191911,0.0508599,0.053304,0.00504975,0.00434003,0.436838,0.0490279,4.27334,0.400103,11.4559,0.646701,0.662836,-5.72005,-0.333333,-0.0544342,0.655234,3.70833,2.375,0,0,0.666667,1.70833,0,-7.50018,0.0001,-0.00203172,0.0468954,1.51321,0.115724,60348,0.165447,193.63,1.30133
4987,0.13132,0.480703,0.00521547,0.00521547,0.165096,0.122656,0.808179,0.501734,0.0538538,0.0190933,0.0516071,0.222343,0.0507494,0,0.84491,0.041381,2.07688,0.189831,0,0.0789483,0.53683,4.31889,0.612661,0.345587,0.691116,2.73598,0.136398,0.219469,0,0.536037,0.0158234,0,-0.000171922,0.278206,0.958872,0.171126,0.0524242,0.0550055,0.00471424,0.00389771,0.436029,0.0505654,4.9509,1.42659,11.9143,0.633774,0.671505,-6.03226,-0.333333,-0.053634,0.615025,5.70833,3.66667,0,0,0.541667,3.16667,0,-7.4983,0.0001,-0.00150615,0.0645587,1.52397,0.117089,59902,0.165476,192.41,1.3848
4988,0.140265,0.513429,0.00519516,0.00519516,0.173145,0.130825,0.807413,0.525581,0.053276,0.0204142,0.0511436,0.221965,0.0495535,0,0.846839,0.0435838,2.06757,0.184547,0,0.0780812,0.550223,4.34557,0.615346,0.348262,0.690076,2.71761,0.144136,0.219166,0,0.601235,0.00803134,0,-0.00030531,0.272369,0.958804,0.177454,0.0518155,0.0544434,0.00464607,0.00393565,0.438848,0.0499503,4.92107,0.855642,11.724,0.638835,0.666748,-5.80556,-0.333333,-0.0563577,0.656754,10.125,5.41667,0,0,0.75,6.16667,0,-7.49609,0.0001,-0.00144729,0.0774132,1.55042,0.116299,58980,0.165537,196.03,1.79008
4989,0.148383,0.561744,0.00509165,0.00509165,0.179036,0.141229,0.804367,0.58735,0.053052,0.0205811,0.0508406,0.219106,0.0465978,0,0.849848,0.0513304,2.05107,0.176483,0,0.0763066,0.564173,4.38959,0.621811,0.360998,0.680061,2.67113,0.155144,0.216187,0,0.70028,0.0223067,0,-0.000418611,0.263122,0.959607,0.187226,0.051383,0.0540114,0.00480661,0.00398162,0.445368,0.049543,4.80654,1.21283,11.93,0.629825,0.659771,-6.28218,-0.333333,-0.0590807,0.717394,15.7083,9,0,0,2.04167,10.875,0,-7.49259,0.0001,-0.00230579,0.0728688,1.57107,0.121071,58094,0.165597,198.33,1.91212
4990,0.150503,0.574854,0.00507063,0.00507063,0.178374,0.143819,0.803004,0.604688,0.0527121,0.0212282,0.0505422,0.217579,0.047428,0,0.847959,0.0543061,2.05163,0.178629,0,0.0766038,0.565515,4.4029,0.623998,0.363729,0.67759,2.66258,0.158609,0.214688,0,0.728661,0.0353876,0,-0.000466512,0.267831,0.959392,0.190927,0.0510816,0.0536912,0.00495145,0.0041307,0.443895,0.0492492,4.62193,0.989938,11.9101,0.631661,0.66224,-6.22516,-0.333333,-0.0591283,0.732651,21,11.6667,0,0,2.5,13.5,0,-7.49102,0.0001,-0.00229841,0.052317,1.57267,0.117577,58159,0.165587,198.99,1.89708
4991,0.152519,0.593442,0.00500466,0.00500466,0.182139,0.147067,0.801189,0.63707,0.0524707,0.020961,0.0502572,0.216428,0.0453643,0,0.853903,0.0587668,2.05202,0.171347,0,0.0756499,0.571132,4.43614,0.628393,0.371915,0.669531,2.63407,0.165005,0.213589,0,0.778448,0.0571198,0,-0.000456821,0.25958,0.960157,0.199082,0.0507447,0.0533289,0.00493366,0.00406814,0.446384,0.0489745,4.56582,1.26228,11.9719,0.626992,0.655192,-6.60814,-0.333333,-0.0610485,0.75822,15.1667,10.5417,0,0,3,12.5417,0,-7.49093,0.0001,-0.00242016,0.0311898,1.56392,0.120514,58360,0.165606,201.47,2.33777
4992,0.157128,0.613303,0.00496318,0.00496318,0.183746,0.150505,0.799384,0.661588,0.0519883,0.0216978,0.0498209,0.215196,0.0484536,0,0.857945,0.0626781,2.06114,0.175522,0,0.0767384,0.573959,4.44773,0.629976,0.37712,0.665095,2.61598,0.169923,0.212609,0,0.796128,0.0631881,0,-0.000524062,0.26392,0.959679,0.205879,0.0503029,0.0528751,0.00502134,0.00415986,0.444495,0.0484973,4.39475,1.03278,11.9473,0.629746,0.657518,-6.5599,-0.333333,-0.0621634,0.782553,12.75,8.95833,0,0,2.5,9.04167,0,-7.48712,0.0001,-0.00326533,0.0219013,1.59903,0.119768,57193,0.16567,202.19,2.36609
4993,0.156498,0.617739,0.00498095,0.00498095,0.185315,0.150917,0.799811,0.669345,0.0522672,0.020918,0.0500779,0.216305,0.045887,0,0.860879,0.0643196,2.06025,0.172408,0,0.0763179,0.566595,4.45078,0.630086,0.375236,0.667402,2.63099,0.169331,0.213685,0,0.796798,0.0992499,0,-0.000450302,0.2593,0.960258,0.20575,0.0505295,0.053037,0.00483179,0.00395362,0.442721,0.0487951,4.36324,1.29244,11.9256,0.628705,0.652387,-6.75659,-0.333333,-0.0628116,0.789053,5.5,3.79167,0,0,1.16667,5.125,0,-7.48222,0.0001,-0.00279722,0.0247625,1.58719,0.117037,57682,0.165722,202.63,2.25589
4994,0.151025,0.577365,0.00501753,0.00501753,0.179224,0.142968,0.801028,0.624866,0.0524728,0.02138,0.0502615,0.216713,0.0480835,0,0.855327,0.0575217,2.09542,0.180278,0,0.0785603,0.565905,4.43422,0.627584,0.3703,0.673151,2.65026,0.163537,0.214417,0,0.672739,0.0820933,0,-0.000464236,0.261763,0.958569,0.196584,0.0508717,0.0534153,0.00405667,0.00323182,0.435925,0.0490132,4.24029,0.904526,11.9863,0.631315,0.671588,-6.30399,-0.333333,-0.0599144,0.73663,4.625,3.5,0,0,0.791667,2.20833,0,-7.47554,0.0001,-0.00205813,0.041322,1.58945,0.119688,57516,0.165824,199.05,1.93062
4995,0.133881,0.502985,0.00517294,0.00517294,0.166888,0.126367,0.806682,0.535783,0.0534347,0.0195213,0.0512182,0.217196,0.0523798,0,0.834789,0.0461729,2.07899,0.196005,0,0.0806812,0.542542,4.3386,0.614501,0.350958,0.686876,2.72765,0.142391,0.214662,0,0.59072,0.0265251,0,-0.000121698,0.270368,0.957978,0.178585,0.0521399,0.0545751,0.00372701,0.00288692,0.438796,0.0502452,4.91623,1.33433,11.9316,0.635393,0.668274,-6.15436,-0.333333,-0.0549133,0.640979,5.08333,3.70833,0,0,0.666667,2.625,0,-7.46874,0.0001,-0.00243752,0.0575758,1.58502,0.11997,57656,0.165847,194.38,1.41259
4996,0.14035,0.522037,0.00515202,0.00515202,0.172281,0.131676,0.805035,0.546207,0.0532654,0.0201848,0.0510614,0.22116,0.0497991,0,0.852597,0.0467065,2.08059,0.184129,0,0.0794089,0.545344,4.3583,0.617141,0.35372,0.684594,2.71118,0.146792,0.218815,0,0.612061,0.014197,0,-0.000355648,0.270885,0.958397,0.183287,0.0516206,0.0542531,0.005,0.00425688,0.442344,0.0497905,4.90372,1.16127,11.8687,0.635777,0.672259,-6.08157,-0.333333,-0.0566127,0.664585,8.08333,5.41667,0,0,1.25,5.16667,0,-7.46865,0.0001,-0.00237618,0.0835729,1.59697,0.117472,57338,0.165825,195.53,1.85049
4997,0.14412,0.534579,0.00512704,0.00512704,0.176967,0.134906,0.805129,0.558415,0.0533162,0.0204483,0.0511036,0.220986,0.0466505,0,0.852517,0.0477507,2.0539,0.178299,0,0.07733,0.555748,4.3677,0.619062,0.356623,0.684376,2.69843,0.150665,0.218216,0,0.660474,0.0160186,0,-0.000366154,0.263552,0.959039,0.182672,0.0517135,0.0542874,0.00453983,0.00372818,0.444955,0.0498209,4.90905,1.25914,11.9603,0.631768,0.669668,-6.18647,-0.333333,-0.0580972,0.681791,14.5833,9.33333,0,0,1.66667,9.375,0,-7.46926,0.0001,-0.00233346,0.0810924,1.59355,0.12082,57341,0.165819,195.02,1.84635
4998,0.146696,0.555687,0.00506742,0.00506742,0.178271,0.138964,0.802816,0.589844,0.0527957,0.0211097,0.0505846,0.218744,0.0480253,0,0.853681,0.052394,2.05726,0.181043,0,0.077537,0.559672,4.39918,0.623049,0.364052,0.677151,2.66758,0.155397,0.216147,0,0.691779,0.0331303,0,-0.000374464,0.264985,0.958936,0.190697,0.0511994,0.0538079,0.00499046,0.00415779,0.444013,0.0493517,4.85591,1.09129,11.9805,0.631357,0.670475,-6.27518,-0.333333,-0.0591105,0.709481,20,13.0833,0,0,2.70833,12.625,0,-7.46835,0.0001,-0.00203779,0.0577153,1.62352,0.121071,56347,0.16585,198.99,1.93337
4999,0.151482,0.581169,0.00502323,0.00502323,0.181534,0.144398,0.801096,0.619843,0.052685,0.0211285,0.0504344,0.215938,0.0475184,0,0.851021,0.0564346,2.06051,0.179414,0,0.0776365,0.563332,4.41337,0.625595,0.369587,0.672399,2.65389,0.161896,0.213462,0,0.748526,0.0360239,0,-0.000416332,0.262652,0.959289,0.195782,0.0509795,0.0536084,0.00462753,0.00382282,0.441016,0.0491375,4.61643,1.26377,12.0728,0.627785,0.666944,-6.48804,-0.333333,-0.0606449,0.740176,16.75,12.4583,0,0,2.54167,11.7083,0,-7.46582,0.0001,-0.00201686,0.0382459,1.58414,0.118865,57723,0.165909,199.73,1.78312
5000,0.159078,0.610391,0.00499494,0.00499494,0.188742,0.150749,0.799905,0.655382,0.0521758,0.0217569,0.0499961,0.217971,0.0444923,0,0.864263,0.0608113,2.05088,0.17027,0,0.0752463,0.568985,4.43734,0.628552,0.373158,0.669624,2.63199,0.170627,0.215597,0,0.779536,0.0494755,0,-0.00046592,0.255935,0.959232,0.201008,0.0505723,0.0530587,0.00498733,0.00414732,0.44463,0.0487252,4.71531,1.01834,11.9795,0.630684,0.663244,-6.44901,-0.333333,-0.0635009,0.778161,13.5833,10.0417,0,0,2.33333,8.95833,0,-7.45984,0.0001,-0.00191974,0.0263689,1.5908,0.120037,57459,0.166057,201.62,2.25202
5001,0.15799,0.626418,0.00494083,0.00494083,0.18575,0.15296,0.797119,0.686,0.0516467,0.022243,0.0495114,0.214023,0.0440803,0,0.85913,0.0658398,2.06886,0.170364,0,0.0756189,0.570632,4.46412,0.632522,0.380064,0.661513,2.60158,0.174022,0.211762,0,0.833875,0.0733283,0,-0.000540968,0.25581,0.959264,0.21002,0.0500129,0.0524679,0.00474048,0.00387322,0.446193,0.0481989,4.55986,0.89854,11.8925,0.63237,0.656923,-6.56921,-0.333333,-0.0632053,0.797201,8.08333,6.45833,0,0,1.41667,5.625,0,-7.44919,0.0001,-0.00327544,0.02525,1.56862,0.120261,58206,0.166153,203.49,2.31965
5002,0.151465,0.600228,0.00499551,0.00499551,0.180807,0.147323,0.799822,0.65645,0.0522566,0.0213787,0.0500676,0.216606,0.0454241,0,0.860202,0.0623838,2.05021,0.176285,0,0.07719,0.560909,4.42323,0.627262,0.373145,0.669572,2.63967,0.165862,0.214408,0,0.772907,0.0734142,0,-0.000441112,0.259181,0.959258,0.20063,0.0506759,0.0531517,0.0043974,0.00356163,0.43955,0.048812,4.45452,1.04992,11.9665,0.63149,0.661178,-6.4924,-0.333333,-0.0610262,0.765293,5.16667,3.45833,0,0,1.08333,3,0,-7.44069,0.0001,-0.00232031,0.0354228,1.60032,0.124335,56999,0.166224,201.73,2.23071
5003,0.135562,0.507617,0.00517853,0.00517853,0.166371,0.127302,0.805147,0.542275,0.05298,0.0200435,0.0508903,0.215539,0.0520827,0,0.83019,0.0474163,2.09523,0.194314,0,0.0793833,0.538781,4.35529,0.616308,0.350853,0.68464,2.72568,0.1459,0.213427,0,0.610274,0.034623,0,-0.00031888,0.273176,0.958155,0.183518,0.0516084,0.0540519,0.00353403,0.00282714,0.433432,0.0497015,4.79908,0.880913,11.6107,0.644388,0.669591,-5.95312,-0.333333,-0.0548389,0.646231,5.29167,3.83333,0,0,0.708333,3.33333,0,-7.43646,0.0001,-0.00252439,0.0472389,2.20083,0.155705,41715,0.166199,196.01,1.55691
5004,0.140111,0.519189,0.00514881,0.00514881,0.174401,0.131344,0.803812,0.541043,0.0532338,0.0205822,0.0510337,0.219942,0.0478904,0,0.846473,0.0459747,2.07074,0.184075,0,0.0786638,0.545509,4.36368,0.618185,0.353967,0.683983,2.69972,0.146195,0.217454,0,0.638445,0.0155153,0,-0.000307001,0.264508,0.958704,0.180721,0.0517635,0.0542887,0.00449762,0.00376202,0.440206,0.0498848,5.0009,1.06949,11.8819,0.634915,0.674626,-6.07506,-0.333333,-0.0570627,0.659101,7.08333,4.83333,0,0,0.75,4.66667,0,-7.43733,0.0001,-0.00205827,0.0697156,2.62174,0.159508,35345,0.166166,196.53,1.72842
5005,0.144593,0.539165,0.00513863,0.00513863,0.176737,0.13596,0.80392,0.558814,0.0536179,0.0197059,0.0512871,0.220977,0.0479088,0,0.851645,0.047237,2.06646,0.180269,0,0.0788452,0.547706,4.35677,0.617908,0.355359,0.683855,2.7,0.149996,0.218054,0,0.702134,0.0201094,0,-0.000200307,0.265212,0.959264,0.180593,0.0519732,0.0546243,0.00477788,0.00390176,0.437875,0.0501316,5.13284,1.67144,12.1245,0.627641,0.673623,-6.42384,-0.333333,-0.0581201,0.684223,11.0833,8.41667,0,0,1.875,8.75,0,-7.43646,0.0001,-0.00160459,0.0706682,2.38145,0.134427,39073,0.16617,195.15,1.67783
5006,0.147037,0.562617,0.00505905,0.00505905,0.179861,0.14076,0.802085,0.596554,0.053183,0.0202908,0.0508733,0.218796,0.0484337,0,0.855168,0.0523965,2.05852,0.176956,0,0.0782217,0.556265,4.39006,0.621147,0.365088,0.679309,2.67858,0.155916,0.216208,0,0.718316,0.0383523,0,-0.000266205,0.26402,0.959565,0.188956,0.0514565,0.0541213,0.00526004,0.00440972,0.438798,0.0496612,4.87535,1.61866,12.2087,0.624324,0.670324,-6.62219,-0.333333,-0.0596703,0.716568,15.2083,13.2917,0,0,1.75,14.5833,0,-7.43491,0.0001,-0.00256458,0.0628119,2.39024,0.153753,38641,0.166168,199.43,1.96302
5007,0.151284,0.578781,0.00501811,0.00501811,0.180753,0.143532,0.800131,0.620523,0.0523685,0.0214423,0.0501563,0.215412,0.049614,0,0.850222,0.0564231,2.06234,0.180837,0,0.0778679,0.564598,4.41989,0.626413,0.370246,0.672691,2.6454,0.162538,0.213054,0,0.7478,0.0414076,0,-0.000374289,0.264609,0.959009,0.196341,0.0508468,0.0533551,0.00517287,0.00433933,0.440525,0.0490066,4.86247,1.14589,12.0475,0.62949,0.667048,-6.46825,-0.333333,-0.0605029,0.736292,16.4167,13.0417,0,0,2.58333,12.2083,0,-7.4359,0.0001,-0.00228621,0.0465449,2.18406,0.120926,42648,0.16616,200.96,2.32917
5008,0.149093,0.576092,0.00502474,0.00502474,0.180444,0.142738,0.800513,0.621273,0.052501,0.0208779,0.0502892,0.215601,0.0494402,0,0.849743,0.0571319,2.04822,0.183259,0,0.0779298,0.566413,4.41855,0.625819,0.369424,0.673611,2.64843,0.160731,0.213113,0,0.744241,0.0688404,0,-0.000376192,0.262799,0.959492,0.196006,0.0509083,0.0533896,0.00500862,0.0041686,0.441846,0.0491135,4.86426,1.27268,12.0104,0.629182,0.66203,-6.5522,-0.333333,-0.0604087,0.73439,13.4583,10,0,0,2.41667,10.875,0,-7.43708,0.0001,-0.00282611,0.0290384,1.63166,0.121904,56059,0.166162,201.23,2.12029
5009,0.156205,0.602681,0.00498885,0.00498885,0.185309,0.148238,0.800074,0.648781,0.0523388,0.0209409,0.0500606,0.21542,0.0467276,0,0.856219,0.0605226,2.0483,0.173884,0,0.0775241,0.56938,4.4415,0.629107,0.37403,0.667713,2.61938,0.168746,0.213172,0,0.787293,0.0602629,0,-0.000494338,0.260084,0.959268,0.203051,0.0504607,0.053135,0.00503258,0.00422,0.444011,0.0486731,4.7413,1.27702,12.0759,0.627915,0.667619,-6.62988,-0.333333,-0.06254,0.769346,9.79167,7.45833,0,0,2.08333,6.54167,0,-7.43619,0.0001,-0.00248621,0.0255769,1.66962,0.125699,54755,0.166185,202.59,2.43708
5010,0.154316,0.59077,0.00500382,0.00500382,0.183388,0.14553,0.799744,0.645168,0.0517252,0.0217757,0.0496632,0.214656,0.0474176,0,0.851069,0.060738,2.08174,0.176259,0,0.0757845,0.573004,4.44926,0.629917,0.372041,0.669306,2.62501,0.168699,0.212514,0,0.759876,0.0731783,0,-0.000485114,0.259847,0.95926,0.202273,0.0503286,0.052688,0.00472739,0.00389247,0.443541,0.0484642,4.63895,0.601062,11.7131,0.637928,0.659809,-6.26163,-0.333333,-0.0617307,0.752415,5.45833,4.25,0,0,0.875,3.91667,0,-7.43446,0.0001,-0.00288168,0.0334718,1.67517,0.125656,54588,0.166178,200.28,2.00774
5011,0.140027,0.536258,0.00511469,0.00511469,0.172167,0.133379,0.802062,0.57476,0.0528134,0.0195239,0.050587,0.214669,0.0540126,0,0.834034,0.0511442,2.08528,0.197781,0,0.0805651,0.54756,4.38166,0.621215,0.358375,0.678246,2.67671,0.150171,0.212196,0,0.673907,0.0490741,0,-0.000329981,0.271428,0.959535,0.18924,0.0512437,0.0536987,0.00495388,0.00406161,0.439666,0.049464,5.04672,1.36061,11.8718,0.633484,0.664784,-6.37201,-0.333333,-0.0572073,0.680571,5.91667,4.08333,0,0,1.04167,4.375,0,-7.43297,0.0001,-0.00261498,0.0441768,1.64353,0.125947,55555,0.166219,194.53,1.65474
5012,0.140866,0.527727,0.0051682,0.0051682,0.174599,0.132635,0.804647,0.561356,0.0533895,0.0197943,0.0511803,0.219958,0.0446791,0,0.846876,0.0490656,2.08307,0.175928,0,0.0775059,0.54439,4.35852,0.617742,0.351863,0.685181,2.70095,0.149537,0.21768,0,0.618372,0.0411376,0,-0.000343624,0.263057,0.958444,0.182208,0.0518122,0.0544109,0.00440222,0.00364925,0.437726,0.0499388,5.13486,1.10689,11.8574,0.637185,0.67541,-6.03596,-0.333333,-0.057478,0.671966,6.58333,4.20833,0,0,0.916667,3.70833,0,-7.4296,0.0001,-0.00147416,0.0587987,1.61866,0.129501,56232,0.166262,194.41,1.56257
5013,0.144995,0.541313,0.00512003,0.00512003,0.17545,0.13651,0.803154,0.569741,0.0529381,0.0214013,0.0507591,0.219692,0.0493143,0,0.849271,0.049456,2.07401,0.183048,0,0.077931,0.553578,4.3753,0.621216,0.357537,0.681544,2.67151,0.152455,0.217168,0,0.668816,0.0260162,0,-0.000361162,0.266574,0.958299,0.18364,0.0515345,0.0540768,0.00487328,0.00402509,0.445522,0.0496126,5.08776,0.748689,11.8467,0.636802,0.675839,-5.92345,-0.333333,-0.0576539,0.687816,12.125,6.83333,0,0,1,5.75,0,-7.42911,0.0001,-0.00160696,0.0670008,1.68486,0.124229,54339,0.166288,195.77,1.65906
5014,0.150893,0.569022,0.00510357,0.00510357,0.180863,0.143593,0.803106,0.592612,0.0527031,0.0216607,0.0505799,0.220431,0.0472768,0,0.854657,0.0515379,2.06007,0.178433,0,0.0761121,0.56136,4.39576,0.622372,0.359502,0.682838,2.68008,0.157289,0.217908,0,0.733896,0.0171389,0,-0.000425235,0.262541,0.959005,0.186585,0.051319,0.0538126,0.00510279,0.00427588,0.442892,0.0494403,5.06555,0.684214,11.7797,0.636732,0.667586,-5.93628,-0.333333,-0.0595088,0.723249,18.375,9.5,0,0,1.375,9.75,0,-7.427,0.0001,-0.00217968,0.0580492,1.65603,0.125351,55184,0.166314,197.23,1.98711
5015,0.15472,0.588352,0.00504225,0.00504225,0.183187,0.146719,0.801031,0.624894,0.0519764,0.0221442,0.0499116,0.218248,0.045651,0,0.85752,0.057055,2.06404,0.173791,0,0.0751952,0.568962,4.43249,0.628483,0.3672,0.672475,2.6327,0.164921,0.216005,0,0.754298,0.0446921,0,-0.000520851,0.262808,0.959005,0.196875,0.0505993,0.053034,0.00519132,0.00435748,0.448803,0.048748,5.00293,0.475142,11.6945,0.638295,0.661048,-6.02992,-0.333333,-0.0609711,0.747917,19.2083,9.58333,0,0,1.83333,10.125,0,-7.42603,0.0001,-0.00260999,0.0461498,1.64753,0.122911,55525,0.166323,200.16,2.34502
5016,0.156251,0.606317,0.00501969,0.00501969,0.185789,0.150482,0.801048,0.653374,0.0518288,0.0222372,0.0497608,0.216833,0.0456731,0,0.856241,0.0608816,2.06392,0.175697,0,0.0750303,0.574028,4.44229,0.629171,0.370076,0.672512,2.63347,0.168482,0.214664,0,0.806408,0.0418347,0,-0.000560626,0.259352,0.959175,0.200809,0.0503778,0.0527979,0.00500125,0.0041522,0.444228,0.0485148,4.95163,0.495975,11.7109,0.63823,0.659695,-6.11553,-0.333333,-0.0621458,0.773279,16.5,9.95833,0,0,1.66667,9.125,0,-7.42676,0.0001,-0.00264101,0.0345833,1.64614,0.122428,55584,0.166326,199.86,2.34259
5017,0.157562,0.615994,0.00498269,0.00498269,0.187085,0.151619,0.798799,0.673757,0.051603,0.0222017,0.0495245,0.215318,0.0462378,0,0.857021,0.0641214,2.07977,0.172738,0,0.0749775,0.575684,4.46242,0.631925,0.37472,0.66532,2.60673,0.17269,0.213254,0,0.821896,0.0753713,0,-0.000620188,0.257798,0.959399,0.206549,0.0500303,0.0524832,0.0050394,0.00417415,0.44431,0.0481928,4.74661,0.494967,11.7254,0.637503,0.657796,-6.25221,-0.333333,-0.0630732,0.783783,12.4583,8.79167,0,0,1.83333,6.625,0,-7.42762,0.0001,-0.00280631,0.0277179,1.61039,0.121861,56749,0.166307,200.72,2.45713
5018,0.157381,0.617561,0.00498443,0.00498443,0.185702,0.151365,0.798674,0.685062,0.0515312,0.0221289,0.0494689,0.216163,0.045637,0,0.863625,0.0665622,2.0834,0.174347,0,0.0753741,0.569767,4.45804,0.632022,0.374633,0.665168,2.60775,0.173758,0.214536,0,0.792601,0.0987682,0,-0.000579136,0.257635,0.959569,0.208103,0.0500376,0.0524057,0.00479666,0.00400688,0.448906,0.0481983,4.85606,0.597615,11.6394,0.638987,0.651421,-6.32043,-0.333333,-0.0628459,0.78508,7.08333,5,0,0,1.41667,4.66667,0,-7.42811,0.0001,-0.00247395,0.0327242,1.63827,0.122627,55826,0.166365,201.73,2.23196
5019,0.148169,0.565821,0.00507673,0.00507673,0.176902,0.140507,0.801262,0.605785,0.0524825,0.0208336,0.0503148,0.219501,0.0484299,0,0.857442,0.054998,2.09872,0.180592,0,0.0769692,0.559134,4.41113,0.625051,0.363047,0.673912,2.6461,0.158633,0.216829,0,0.706672,0.0693144,0,-0.000414427,0.26614,0.959577,0.193734,0.0509587,0.0534386,0.00536386,0.00445877,0.445001,0.049164,5.06706,0.942323,11.7679,0.636275,0.666749,-6.25592,-0.333333,-0.0590909,0.719443,6.70833,4.375,0,0,0.791667,4.5,0,-7.42219,0.0001,-0.00243824,0.0429896,1.60793,0.122185,56819,0.166446,200.63,2.02549
5020,0.139217,0.510782,0.00513076,0.00513076,0.174849,0.128739,0.804108,0.545919,0.0528266,0.0210255,0.0506603,0.220499,0.04916,0,0.851898,0.0470974,2.08505,0.182333,0,0.0783122,0.549121,4.39632,0.622365,0.356173,0.682939,2.68905,0.148737,0.218189,0,0.620915,0.0386161,0,-0.000272888,0.267199,0.958846,0.185651,0.0514342,0.054009,0.00494217,0.00414831,0.443661,0.0495785,4.98582,0.770867,11.7475,0.638842,0.674488,-5.94976,-0.333333,-0.0574233,0.650597,6.83333,4.5,0,0,0.75,3.33333,0,-7.41725,0.0001,-0.00196017,0.0561769,1.57829,0.127336,57635,0.166505,195.2,1.45049
5021,0.148621,0.552049,0.00514336,0.00514336,0.180055,0.139407,0.804624,0.57319,0.0529975,0.0209554,0.050849,0.221943,0.0464477,0,0.856159,0.0496452,2.08098,0.17541,0,0.0764745,0.550891,4.38173,0.620468,0.354682,0.68616,2.69468,0.154411,0.21955,0,0.701869,0.017828,0,-0.000307219,0.262546,0.958689,0.182728,0.0516528,0.0541731,0.00499406,0.00416679,0.44283,0.049761,5.21561,0.760275,11.7635,0.638893,0.672158,-5.90926,-0.333333,-0.0590576,0.702457,10.5,6.16667,0,0,0.875,5.875,0,-7.41461,0.0001,-0.00158881,0.0713044,1.60448,0.120309,56994,0.16655,196.61,2.0851
5022,0.146439,0.550009,0.00512397,0.00512397,0.181667,0.139218,0.803968,0.571175,0.0530611,0.0210154,0.0508635,0.221568,0.0452137,0,0.855059,0.0489134,2.05822,0.175463,0,0.076354,0.55796,4.38622,0.622355,0.356962,0.683367,2.67363,0.152214,0.218911,0,0.692317,0.0174376,0,-0.000357702,0.260135,0.959356,0.18304,0.0515957,0.0540973,0.00498181,0.00411141,0.446144,0.0497266,5.28229,0.912506,11.8291,0.635055,0.666988,-6.04691,-0.333333,-0.0595571,0.699241,16.0833,8.08333,0,0,1.20833,9.75,0,-7.41013,0.0001,-0.00126664,0.060129,1.60386,0.120715,57001,0.166627,195.98,1.94592
5023,0.156789,0.601151,0.00504266,0.00504266,0.184776,0.149704,0.800774,0.63391,0.0522626,0.0212202,0.0501221,0.218719,0.0487877,0,0.859001,0.0579212,2.06641,0.178901,0,0.0765217,0.565146,4.42174,0.626991,0.367164,0.672354,2.63548,0.165113,0.216254,0,0.80769,0.0337843,0,-0.00043433,0.26348,0.959623,0.196455,0.0507045,0.053217,0.00534128,0.00444145,0.445742,0.0488975,5.01998,0.911597,11.817,0.633206,0.657888,-6.31925,-0.333333,-0.0616031,0.764127,15.875,9.83333,0,0,2.375,10.4583,0,-7.40619,0.0001,-0.00195387,0.0574286,1.6165,0.122717,56522,0.166641,198.98,2.14003
5024,0.156077,0.593235,0.00500699,0.00500699,0.185109,0.146902,0.799613,0.638731,0.0522156,0.0215444,0.0500088,0.215918,0.0470611,0,0.8546,0.0591725,2.06529,0.177174,0,0.0769165,0.570633,4.44909,0.629898,0.37165,0.670195,2.62598,0.167817,0.213704,0,0.754738,0.0485218,0,-0.000451901,0.260751,0.959552,0.200422,0.0505391,0.053113,0.00496267,0.00410932,0.4461,0.0487161,4.93677,0.951019,11.8957,0.631865,0.660079,-6.44815,-0.333333,-0.0620537,0.754856,15.7917,11.2917,0,0,2.45833,11.2917,0,-7.40596,0.0001,-0.00275818,0.0423511,1.64109,0.126107,55627,0.166689,199.75,2.24409
5025,0.158615,0.613864,0.00499655,0.00499655,0.185125,0.151508,0.799129,0.660649,0.0520013,0.0216541,0.0498276,0.217611,0.0481261,0,0.863523,0.0620087,2.07644,0.175879,0,0.0768593,0.569688,4.44547,0.630163,0.373001,0.668033,2.62131,0.170981,0.215489,0,0.794138,0.061228,0,-0.000516162,0.261974,0.959181,0.202228,0.0503956,0.0529315,0.00540136,0.00450209,0.443588,0.0485666,4.84248,0.759425,11.8684,0.634001,0.664205,-6.36452,-0.333333,-0.0622486,0.780122,13.5417,10.2083,0,0,2.5,8.58333,0,-7.40282,0.0001,-0.00216778,0.0304554,1.6215,0.117217,56538,0.16671,200.98,2.36532
5026,0.155148,0.601418,0.00501056,0.00501056,0.184391,0.148444,0.799899,0.650085,0.0517373,0.0218189,0.0496452,0.216877,0.0479381,0,0.85973,0.0612368,2.08295,0.179242,0,0.0761582,0.572508,4.4551,0.63175,0.371185,0.668233,2.61532,0.168566,0.214968,0,0.75249,0.0764715,0,-0.000607987,0.259985,0.958921,0.201135,0.050258,0.05258,0.00469011,0.00381247,0.445628,0.0483893,4.85375,0.491478,11.7255,0.637884,0.659086,-6.20918,-0.333333,-0.0619573,0.764614,9.16667,6.20833,0,0,1.41667,5.20833,0,-7.39903,0.0001,-0.00285987,0.0338982,1.55734,0.116807,58718,0.166686,200.28,2.10218
5027,0.15025,0.574616,0.005067,0.005067,0.17943,0.142682,0.801029,0.616956,0.0521848,0.0219163,0.0500797,0.217811,0.0487221,0,0.854509,0.056442,2.09793,0.18117,0,0.0770267,0.559556,4.42025,0.62754,0.364258,0.672091,2.64134,0.161309,0.215876,0,0.759245,0.0472379,0,-0.000424549,0.263604,0.958333,0.19424,0.0508755,0.0532493,0.00494757,0.00408195,0.443072,0.0490182,5.00793,0.48614,11.672,0.641093,0.666059,-6.01639,-0.333333,-0.0598818,0.729478,7.375,5.41667,0,0,1,3.83333,0,-7.39582,0.0001,-0.00272565,0.0380915,1.58002,0.118123,57889,0.166736,197.41,1.8404
5028,0.144014,0.538164,0.00513348,0.00513348,0.176935,0.134858,0.802676,0.573072,0.0524841,0.0207831,0.0503633,0.220578,0.0487581,0,0.856269,0.0512868,2.10898,0.18066,0,0.0783726,0.556125,4.40102,0.62394,0.356239,0.677618,2.65972,0.152535,0.21867,0,0.660705,0.0507305,0,-0.00035545,0.268174,0.958566,0.188725,0.0511702,0.0535713,0.00464139,0.00382812,0.443691,0.0493042,5.10672,0.655772,11.5864,0.644197,0.67056,-5.93233,-0.333333,-0.0585214,0.68338,6.66667,3.83333,0,0,0.958333,3.5,0,-7.39175,0.0001,-0.00246287,0.0576412,1.58156,0.118721,57816,0.166784,194.16,1.77217
5029,0.144298,0.539935,0.00514623,0.00514623,0.176393,0.136122,0.803133,0.566117,0.0530157,0.0202599,0.0507947,0.22074,0.0492191,0,0.851951,0.049181,2.09073,0.185891,0,0.0789297,0.552934,4.38603,0.621513,0.354413,0.68271,2.68329,0.151154,0.218479,0,0.654328,0.0290267,0,-0.000302093,0.267931,0.959353,0.183956,0.0514782,0.0540143,0.0051393,0.00430188,0.442796,0.0496728,5.30752,0.991604,11.7879,0.635528,0.668951,-6.09519,-0.333333,-0.0579376,0.684963,8.95833,5.875,0,0,1.04167,6.04167,0,-7.38964,0.0001,-0.00298737,0.0656207,1.57514,0.117702,58070,0.166779,195.55,1.54445
5030,0.143436,0.540279,0.00512535,0.00512535,0.178281,0.136214,0.803032,0.569625,0.0531895,0.0202141,0.0509028,0.219379,0.0494694,0,0.847716,0.0495618,2.08013,0.184785,0,0.0789871,0.55719,4.39293,0.621308,0.356932,0.682539,2.67643,0.151037,0.216824,0,0.660439,0.0334812,0,-0.00034296,0.26348,0.959666,0.185515,0.0514432,0.05407,0.00483648,0.00394845,0.447893,0.0496245,5.36812,1.25438,11.89,0.631956,0.668588,-6.32011,-0.333333,-0.0586564,0.685955,12.4583,9.04167,0,0,1.91667,9.45833,0,-7.39122,0.0001,-0.00164013,0.0621233,1.5345,0.116203,59552,0.166737,196.23,1.89165
5031,0.151753,0.578217,0.00507191,0.00507191,0.183336,0.144234,0.800639,0.610809,0.0528638,0.0204974,0.0506028,0.219604,0.0460814,0,0.85844,0.0551446,2.07288,0.174771,0,0.0776375,0.560145,4.41367,0.625658,0.363648,0.673987,2.64221,0.160149,0.217189,0,0.734332,0.0427454,0,-0.000394379,0.260838,0.959932,0.193218,0.0510821,0.0537261,0.00521782,0.00435354,0.445712,0.0493125,5.12265,1.23949,11.9164,0.630768,0.666596,-6.44929,-0.333333,-0.0609318,0.733341,13.9583,9.91667,0,0,2.04167,11.1667,0,-7.39312,0.0001,-0.00186434,0.0526638,1.57626,0.119402,57973,0.166699,197.79,2.08377
5032,0.156061,0.599227,0.00503184,0.00503184,0.186711,0.149152,0.799551,0.634541,0.0526,0.0212003,0.0503525,0.217804,0.047099,0,0.856871,0.0575708,2.07896,0.174005,0,0.0772196,0.568712,4.4396,0.6282,0.368504,0.672015,2.63645,0.165585,0.215386,0,0.786012,0.0427208,0,-0.000459574,0.258759,0.959955,0.197903,0.0507877,0.0534044,0.00550775,0.00461662,0.449589,0.049011,5.0728,1.21494,11.9325,0.630448,0.662347,-6.5487,-0.333333,-0.0623251,0.759857,14.7917,10.25,0,0,2.70833,12.5417,0,-7.39426,0.0001,-0.0028113,0.0412123,1.60052,0.118705,57179,0.166692,199.13,2.37128
5033,0.158645,0.607052,0.00501055,0.00501055,0.18767,0.150473,0.798532,0.646038,0.0526227,0.0209785,0.0503134,0.217929,0.0465179,0,0.860333,0.0594442,2.0743,0.174163,0,0.0776476,0.568508,4.437,0.628056,0.371176,0.669406,2.63055,0.168509,0.215399,0,0.78876,0.0476598,0,-0.000451641,0.258493,0.960263,0.199171,0.0507499,0.053369,0.0052072,0.00428619,0.446147,0.048972,4.94583,1.37643,12.0497,0.626942,0.66325,-6.72123,-0.333333,-0.0628655,0.770229,12.125,10.1667,0,0,2.16667,11.25,0,-7.39508,0.0001,-0.0022556,0.0304943,1.58119,0.118541,57834,0.166674,199.57,2.25021
5034,0.159432,0.617435,0.00497823,0.00497823,0.18526,0.151855,0.797292,0.668099,0.0522576,0.021271,0.0500279,0.216593,0.0458313,0,0.862312,0.0631429,2.07602,0.172467,0,0.0770455,0.566417,4.45511,0.630778,0.375312,0.665576,2.62401,0.172704,0.21432,0,0.812676,0.0800878,0,-0.000480746,0.258848,0.960207,0.204856,0.0504544,0.0530255,0.00496605,0.00405957,0.447567,0.0486828,4.77119,1.23806,11.9029,0.630941,0.656215,-6.72714,-0.333333,-0.0625717,0.783508,8.25,6.83333,0,0,2.04167,7.95833,0,-7.39602,0.0001,-0.00234647,0.032117,1.56908,0.11809,58265,0.166652,200.65,2.18892
5035,0.154293,0.591128,0.0050393,0.0050393,0.186916,0.14664,0.800008,0.630169,0.0525725,0.0210486,0.050369,0.218464,0.0449143,0,0.859496,0.0577787,2.08284,0.171278,0,0.0764152,0.562383,4.42648,0.62718,0.367638,0.672126,2.63625,0.164637,0.21608,0,0.742038,0.0476687,0,-0.000426601,0.25661,0.959904,0.197941,0.0508509,0.0534268,0.00531085,0.0044197,0.441079,0.0490869,4.83348,1.11645,11.863,0.632264,0.659963,-6.47582,-0.333333,-0.0625098,0.751262,7.08333,4.75,0,0,1.04167,6,0,-7.3952,0.0001,-0.00173626,0.03925,1.5715,0.117916,58188,0.166652,200,2.13737
5036,0.143663,0.551778,0.00507377,0.00507377,0.174127,0.137416,0.799358,0.590526,0.0526686,0.020953,0.0504792,0.218004,0.0503971,0,0.852279,0.0535079,2.11689,0.186046,0,0.0795045,0.551729,4.40611,0.623561,0.363395,0.675162,2.66204,0.15347,0.215783,0,0.710352,0.0496693,0,-0.000406514,0.268839,0.959225,0.192419,0.0511131,0.0536515,0.0047865,0.00390881,0.441969,0.0493057,4.81237,0.997014,11.819,0.635768,0.666538,-6.29707,-0.333333,-0.0579972,0.698293,5.75,3.95833,0,0,0.833333,4.5,0,-7.39331,0.0001,-0.00187852,0.0442474,1.58221,0.122706,57659,0.166632,197.92,1.78227
5037,0.148537,0.563026,0.0051202,0.0051202,0.177071,0.140791,0.801505,0.588664,0.052869,0.0200576,0.0506366,0.222482,0.0521106,0,0.862526,0.0520549,2.10447,0.187261,0,0.0797675,0.545152,4.38614,0.621556,0.357743,0.677696,2.67137,0.15581,0.219973,0,0.683212,0.0394465,0,-0.000301551,0.268102,0.959649,0.188497,0.0512607,0.0538217,0.00517997,0.00423988,0.445115,0.0494899,5.24638,1.2357,11.8235,0.634183,0.667648,-6.33301,-0.333333,-0.0586512,0.71138,8.04167,5.66667,0,0,1.08333,6.54167,0,-7.39315,0.0001,-0.00249055,0.0588183,1.59259,0.120951,57368,0.166593,194.6,1.83608
5038,0.146411,0.547117,0.00511111,0.00511111,0.178865,0.137912,0.802245,0.569312,0.053167,0.0209496,0.0509134,0.22186,0.0478136,0,0.859211,0.0496562,2.07572,0.179719,0,0.0781427,0.55678,4.39576,0.622881,0.35863,0.680329,2.66833,0.152128,0.219301,0,0.684614,0.0229264,0,-0.000345332,0.267696,0.959476,0.186855,0.0515054,0.0541996,0.00550759,0.00463924,0.445339,0.0497233,5.18122,1.10358,11.8897,0.633624,0.669699,-6.21931,-0.333333,-0.0588355,0.694308,11.5,7.20833,0,0,0.833333,7.625,0,-7.39332,0.0001,-0.00199884,0.0608652,1.5967,0.120471,57247,0.166543,196.61,1.72032
5039,0.152678,0.581307,0.00506999,0.00506999,0.183699,0.14554,0.800987,0.608545,0.052707,0.0211593,0.050521,0.219791,0.0478597,0,0.858703,0.0545338,2.07437,0.180117,0,0.0771518,0.561476,4.41304,0.625077,0.363738,0.67569,2.65207,0.160162,0.217429,0,0.727356,0.0305997,0,-0.000400445,0.258949,0.9597,0.191587,0.0511637,0.053657,0.00486335,0.00399645,0.44423,0.0493493,5.12643,0.957345,11.8218,0.633517,0.662309,-6.27557,-0.333333,-0.0608877,0.736409,15.0833,8.70833,0,0,1.83333,11,0,-7.39453,0.0001,-0.00220086,0.0552792,1.60651,0.119999,56937,0.166533,197.74,1.8729
5040,0.153971,0.58647,0.00504799,0.00504799,0.184651,0.145754,0.800088,0.623347,0.0529332,0.0205059,0.0506829,0.219067,0.0450954,0,0.859271,0.0571603,2.0881,0.172094,0,0.0767399,0.559622,4.41105,0.625274,0.366485,0.674916,2.65207,0.163352,0.216473,0,0.740486,0.0470601,0,-0.000368452,0.260383,0.960183,0.194645,0.0511672,0.0537899,0.00511076,0.004246,0.443858,0.0494116,4.99564,1.35712,11.9741,0.628111,0.658552,-6.59182,-0.333333,-0.0615734,0.743088,12.625,9.04167,0,0,1.91667,11.9167,0,-7.3961,0.0001,-0.00259206,0.0480566,1.57326,0.121843,57992,0.166558,198.66,2.06633
5041,0.155761,0.600485,0.00501829,0.00501829,0.183164,0.148785,0.799118,0.64166,0.0525746,0.0209432,0.0503169,0.218159,0.048262,0,0.860984,0.0595464,2.07198,0.177761,0,0.0775316,0.564994,4.43697,0.628315,0.370262,0.66944,2.62832,0.166161,0.215758,0,0.775268,0.0644922,0,-0.000415908,0.26328,0.959837,0.197941,0.0508481,0.0534468,0.00511649,0.00421508,0.4464,0.049071,4.9537,1.25167,11.9671,0.6294,0.65891,-6.59722,-0.333333,-0.0613269,0.76174,12.7917,9.20833,0,0,2.5,10.2083,0,-7.39683,0.0001,-0.00252643,0.037829,1.65042,0.124079,55398,0.166579,200.64,2.20088
5042,0.15531,0.602361,0.00500831,0.00500831,0.184862,0.148758,0.797897,0.643847,0.0522023,0.0214353,0.0500071,0.217076,0.0457173,0,0.8592,0.0600952,2.08123,0.17702,0,0.0768199,0.564398,4.44504,0.629222,0.371572,0.668078,2.62451,0.166514,0.214684,0,0.781677,0.0666709,0,-0.000455337,0.26078,0.95966,0.20171,0.050529,0.0530663,0.00492653,0.00402371,0.44914,0.0487481,5.01345,0.996318,11.8288,0.633446,0.653068,-6.49356,-0.333333,-0.0621354,0.761962,11.7917,7.95833,0,0,1.66667,9.25,0,-7.3962,0.0001,-0.00274568,0.0326499,1.61933,0.132897,56102,0.166627,202.13,2.2195
5043,0.157658,0.605985,0.00503394,0.00503394,0.182437,0.150264,0.799568,0.651916,0.0520011,0.0218069,0.0498948,0.216418,0.0477279,0,0.853773,0.0612385,2.08926,0.180384,0,0.0767084,0.565809,4.43208,0.627825,0.368385,0.672329,2.63127,0.169255,0.214451,0,0.784622,0.0630856,0,-0.000540846,0.261949,0.959087,0.198985,0.0505152,0.0529653,0.00456039,0.00372027,0.444527,0.0486898,4.87599,0.523672,11.6807,0.638871,0.65723,-6.15286,-0.333333,-0.0610286,0.766609,8.79167,5.08333,0,0,1.08333,5.08333,0,-7.39186,0.0001,-0.00265178,0.0385516,1.59093,0.122269,57380,0.16667,196.68,2.15077
5044,0.153108,0.585759,0.00505681,0.00505681,0.185066,0.145228,0.800613,0.629708,0.0522787,0.021192,0.0501626,0.218964,0.0449363,0,0.859975,0.0588334,2.07487,0.173815,0,0.0754772,0.561307,4.43115,0.628065,0.365473,0.672678,2.63944,0.164274,0.216982,0,0.725285,0.0624367,0,-0.000507874,0.254259,0.959542,0.197932,0.0507428,0.0531949,0.00424482,0.00334773,0.444031,0.0489113,5.01003,0.759671,11.6678,0.637772,0.651641,-6.19412,-0.333333,-0.0618239,0.743221,6.91667,4.25,0,0,1.20833,4.41667,0,-7.38926,0.0001,-0.00221853,0.0514466,1.61099,0.121194,56751,0.166653,200.35,2.19736
5045,0.144654,0.537348,0.0051249,0.0051249,0.176382,0.135109,0.801021,0.563497,0.0527554,0.0211062,0.0506055,0.222654,0.0512687,0,0.861401,0.0496388,2.11295,0.18832,0,0.0785217,0.546226,4.38528,0.620693,0.356972,0.679337,2.67872,0.151077,0.220201,0,0.649067,0.0326458,0,-0.000396576,0.26999,0.959353,0.18732,0.0513076,0.0538447,0.00533998,0.00444554,0.444564,0.0495065,5.25229,0.787574,11.679,0.639083,0.663377,-6.03982,-0.333333,-0.0581329,0.678183,8.75,4.375,0,0,1.125,5.91667,0,-7.39077,0.0001,-0.00148783,0.0581915,1.61838,0.118516,56597,0.166608,197.04,1.75573
5046,0.149959,0.558797,0.00513103,0.00513103,0.178499,0.140584,0.802206,0.582561,0.0528188,0.0208735,0.050706,0.221455,0.0481956,0,0.857952,0.0520646,2.10192,0.178692,0,0.0769131,0.551458,4.3912,0.621121,0.356215,0.681039,2.67846,0.156226,0.219309,0,0.680317,0.0428195,0,-0.000362893,0.268759,0.959078,0.187506,0.0513707,0.0538891,0.00488854,0.00410017,0.440183,0.0495573,5.02767,0.799443,11.6892,0.639618,0.664674,-6.00307,-0.333333,-0.0588062,0.706355,9.66667,6.58333,0,0,1,6.375,0,-7.39469,0.0001,-0.00219623,0.0629158,1.60388,0.118484,57074,0.166537,197.91,1.96669
5047,0.148346,0.560569,0.00510363,0.00510363,0.177769,0.140784,0.80122,0.59308,0.0527241,0.0211777,0.0505683,0.219401,0.0485778,0,0.851338,0.0527392,2.07359,0.18316,0,0.0773838,0.556778,4.40046,0.6231,0.359576,0.67911,2.66534,0.157065,0.216898,0,0.701774,0.0401955,0,-0.000457118,0.265861,0.959524,0.189162,0.051162,0.0536528,0.00492649,0.00406619,0.448486,0.0493426,5.3132,0.900574,11.7487,0.636111,0.660594,-6.16088,-0.333333,-0.0586749,0.708161,13.2917,8.08333,0,0,1.41667,10.2083,0,-7.39852,0.0001,-0.00284035,0.0615294,1.63018,0.120706,56145,0.166543,200.02,2.12109
5048,0.15392,0.585782,0.00506465,0.00506465,0.184435,0.146134,0.800252,0.620151,0.0525036,0.0216463,0.0503494,0.219107,0.0465029,0,0.858069,0.0567732,2.06711,0.177636,0,0.0764574,0.56205,4.41631,0.624864,0.364475,0.675331,2.65774,0.163334,0.216854,0,0.721583,0.0345796,0,-0.000465787,0.258579,0.959342,0.194005,0.0509851,0.053437,0.00485876,0.00400983,0.448578,0.0491699,5.17521,0.806256,11.7657,0.636353,0.65654,-6.23704,-0.333333,-0.0613336,0.741016,14.0417,7.5,0,0,2,10.5417,0,-7.39765,0.0001,-0.00318542,0.0505721,1.61689,0.11991,56600,0.166538,199,2.02274
5049,0.154538,0.592235,0.00505459,0.00505459,0.184862,0.147305,0.799618,0.628014,0.0528431,0.0208194,0.0505872,0.219311,0.0466565,0,0.860091,0.0574447,2.0636,0.176173,0,0.076766,0.561871,4.41443,0.624721,0.365827,0.674535,2.6498,0.163464,0.216867,0,0.751031,0.0622497,0,-0.000420881,0.263483,0.960378,0.195938,0.0510282,0.0536649,0.00569472,0.00483712,0.448643,0.0493146,5.17542,1.29671,11.9036,0.630609,0.660838,-6.5451,-0.333333,-0.0616313,0.747339,13.4583,9.20833,0,0,1.95833,11.2083,0,-7.39571,0.0001,-0.00293872,0.0400589,1.60106,0.120509,57101,0.16661,198.58,2.22769
5050,0.155952,0.59994,0.00503528,0.00503528,0.184318,0.148988,0.798887,0.636133,0.0524365,0.0212843,0.0502313,0.218801,0.0472337,0,0.860749,0.058631,2.0725,0.177385,0,0.0769613,0.56245,4.43209,0.627055,0.368215,0.670524,2.63061,0.165941,0.216363,0,0.777715,0.0396328,0,-0.000415595,0.262969,0.960273,0.198695,0.0507778,0.0533406,0.00520478,0.00430713,0.448107,0.0490402,5.07132,1.11863,11.8095,0.633035,0.657079,-6.51415,-0.333333,-0.0616321,0.758117,11.8333,7.95833,0,0,1.58333,10.0417,0,-7.38965,0.0001,-0.00287189,0.0351298,1.60208,0.11934,57106,0.16668,199.48,2.38018
5051,0.159,0.616835,0.00501034,0.00501034,0.186488,0.152494,0.797786,0.657378,0.0523466,0.0216765,0.0501226,0.218881,0.0447516,0,0.865851,0.0615209,2.07986,0.173482,0,0.0764541,0.564293,4.44658,0.629401,0.371255,0.666289,2.62476,0.16926,0.216675,0,0.792486,0.0749559,0,-0.000554711,0.258627,0.960011,0.201872,0.0504875,0.0531052,0.00490747,0.00400518,0.450378,0.0487186,5.01871,1.03223,11.8538,0.63194,0.660058,-6.50024,-0.333333,-0.062605,0.780575,8.04167,5.70833,0,0,1.5,6.95833,0,-7.38501,0.0001,-0.00229115,0.0346244,1.59771,0.120285,57220,0.166742,201.05,2.09582
5052,0.149589,0.568081,0.00506868,0.00506868,0.182783,0.141586,0.801081,0.605952,0.0527116,0.0212155,0.0505138,0.217841,0.0439439,0,0.853235,0.0553,2.06847,0.179145,0,0.0770602,0.559159,4.40939,0.62482,0.363957,0.674949,2.6534,0.159046,0.215733,0,0.713967,0.0345932,0,-0.000526202,0.255847,0.95958,0.192845,0.0510377,0.0535164,0.0041174,0.00334298,0.445292,0.0492114,4.98396,0.954813,11.8083,0.634202,0.658028,-6.27925,-0.333333,-0.0607427,0.719981,8.08333,4.54167,0,0,0.833333,5.75,0,-7.37984,0.0001,-0.00244373,0.0419863,1.62241,0.126393,56212,0.166801,197.9,1.98045
5053,0.147033,0.551748,0.00512146,0.00512146,0.178588,0.138362,0.801368,0.579934,0.0530505,0.0206368,0.0508087,0.221954,0.0488855,0,0.859523,0.0511949,2.08051,0.184733,0,0.078817,0.548011,4.38318,0.621535,0.357499,0.679389,2.68333,0.154322,0.219438,0,0.690265,0.0367877,0,-0.00035855,0.265537,0.95938,0.187612,0.0513724,0.0539957,0.00462164,0.00377479,0.448104,0.0495727,5.36263,1.18083,11.8114,0.63461,0.66793,-6.25025,-0.333333,-0.0589771,0.69649,7.54167,3.91667,0,0,0.875,5.66667,0,-7.37628,0.0001,-0.00174662,0.0575931,1.62233,0.120049,56419,0.166832,194.68,1.65331
5054,0.150901,0.562634,0.00510164,0.00510164,0.181605,0.141143,0.800224,0.587135,0.0527765,0.0216032,0.0505955,0.223068,0.0472589,0,0.867231,0.0524485,2.09777,0.180303,0,0.0775533,0.553248,4.40028,0.622812,0.359844,0.676251,2.66271,0.156985,0.220799,0,0.700336,0.045438,0,-0.000486599,0.263053,0.958902,0.190894,0.051148,0.0537454,0.0046303,0.00379146,0.444631,0.0493022,5.19453,0.811581,11.7629,0.637478,0.668998,-6.07919,-0.333333,-0.0600052,0.709416,10.4167,5.75,0,0,1.375,6.45833,0,-7.37267,0.0001,-0.002038,0.0581289,1.63073,0.132853,55740,0.166855,195.47,1.67499
5055,0.150783,0.566835,0.00509605,0.00509605,0.182194,0.142343,0.801468,0.596001,0.0528618,0.0213866,0.0506525,0.221167,0.0476318,0,0.859438,0.0530141,2.05509,0.17903,0,0.0768286,0.556839,4.40553,0.623864,0.360522,0.676962,2.65965,0.158339,0.218568,0,0.714625,0.0282484,0,-0.000429187,0.262647,0.959768,0.189331,0.0512425,0.0538094,0.00498277,0.00411449,0.448607,0.0494437,5.20764,0.984655,11.8101,0.634437,0.663569,-6.23562,-0.333333,-0.0601849,0.717239,13.0833,8,0,0,1.20833,9.875,0,-7.3719,0.0001,-0.00203528,0.0568223,2.08251,0.157683,43881,0.166856,197.06,2.07693
5056,0.154146,0.583976,0.00506116,0.00506116,0.184279,0.145545,0.800515,0.61746,0.0526672,0.0213508,0.0504703,0.22,0.0459134,0,0.860637,0.0561435,2.0741,0.176192,0,0.0762273,0.561606,4.42422,0.626562,0.364859,0.674453,2.6428,0.162852,0.217336,0,0.734627,0.0370793,0,-0.000438561,0.259882,0.95993,0.194254,0.0510027,0.0535553,0.00483918,0.00393501,0.44849,0.0491964,5.20244,1.06777,11.8198,0.633323,0.65907,-6.38142,-0.333333,-0.0613362,0.739054,12.125,7.25,0,0,1.25,9.5,0,-7.37034,0.0001,-0.002631,0.0520748,2.63483,0.158419,35193,0.166848,198.56,2.07902
5057,0.156352,0.59911,0.00503137,0.00503137,0.185789,0.14913,0.799292,0.638168,0.0523643,0.0221443,0.0501861,0.219509,0.0457907,0,0.863509,0.0588925,2.07111,0.177125,0,0.075807,0.56838,4.44581,0.629372,0.368577,0.668823,2.62323,0.166736,0.217048,0,0.78199,0.0328298,0,-0.000573125,0.258668,0.959889,0.199481,0.0506311,0.0532047,0.00481789,0.00393074,0.452065,0.0488298,5.18514,0.873125,11.7403,0.634694,0.653738,-6.36335,-0.333333,-0.0619919,0.757775,15.25,8.16667,0,0,1.5,10.9583,0,-7.36907,0.0001,-0.00188766,0.0464804,2.62505,0.157403,35329,0.1669,199.41,2.05559
5058,0.156419,0.598735,0.00503448,0.00503448,0.183369,0.148882,0.799085,0.637971,0.0524935,0.0218942,0.0503347,0.219285,0.0462323,0,0.861957,0.0585236,2.07622,0.173983,0,0.07605,0.563107,4.42348,0.626924,0.368231,0.671383,2.6361,0.167269,0.216713,0,0.761194,0.0436316,0,-0.00051245,0.262582,0.959822,0.198238,0.050773,0.0533861,0.00527955,0.00440617,0.44736,0.0489953,4.9747,0.955735,11.8325,0.633775,0.658359,-6.34542,-0.333333,-0.0612355,0.756953,13.3333,7.16667,0,0,1.54167,10.3333,0,-7.36462,0.0001,-0.00298678,0.0385539,2.61984,0.157791,35391,0.166955,199.53,2.15372
5059,0.153086,0.588923,0.00501799,0.00501799,0.181019,0.145732,0.798254,0.63374,0.0517718,0.0225249,0.0497174,0.217564,0.0473963,0,0.85899,0.0593957,2.08432,0.177565,0,0.075527,0.563289,4.45673,0.63048,0.370347,0.668142,2.62114,0.164288,0.215189,0,0.771997,0.0525283,0,-0.000623615,0.265711,0.959746,0.203211,0.0501831,0.0526819,0.0048676,0.00400344,0.44715,0.0483851,4.7974,0.540187,11.5973,0.639087,0.65015,-6.21085,-0.333333,-0.0607396,0.744617,10.0417,5.04167,0,0,1.16667,7.29167,0,-7.36257,0.0001,-0.00291344,0.0326825,2.63088,0.155652,35278,0.166976,197.91,2.05118
5060,0.155033,0.593102,0.00506083,0.00506083,0.180942,0.147918,0.799211,0.626346,0.0526268,0.0215796,0.0504613,0.219149,0.0469024,0,0.858103,0.0570333,2.07458,0.178441,0,0.0764311,0.555705,4.41005,0.625348,0.364942,0.673458,2.64798,0.163989,0.216809,0,0.762915,0.0398181,0,-0.000472132,0.262005,0.959291,0.193546,0.0510196,0.0536088,0.00450945,0.00364162,0.442071,0.0491918,4.91358,0.827176,11.7894,0.635742,0.659997,-6.18945,-0.333333,-0.06022,0.748769,9.20833,5.04167,0,0,1.08333,6.20833,0,-7.36116,0.0001,-0.0020259,0.0402342,2.18323,0.120818,42665,0.167019,200.28,2.30455
5061,0.151884,0.576799,0.0050651,0.0050651,0.184216,0.143722,0.799889,0.616282,0.052208,0.0222125,0.0501399,0.220406,0.0460993,0,0.863906,0.0566649,2.09119,0.17817,0,0.0762281,0.553628,4.42076,0.626069,0.364349,0.672977,2.65268,0.161367,0.218422,0,0.750231,0.0641787,0,-0.000477655,0.257684,0.958215,0.194203,0.0508829,0.0532679,0.0047645,0.0039355,0.448275,0.0490339,5.04906,0.450359,11.6348,0.640646,0.660396,-5.97514,-0.333333,-0.0613056,0.728824,8,4.08333,0,0,0.75,4.20833,0,-7.3578,0.0001,-0.00187942,0.0554957,1.60961,0.119944,56837,0.167039,196.93,1.75654
5062,0.141545,0.527902,0.00511179,0.00511179,0.171616,0.13323,0.80154,0.553415,0.052872,0.0216997,0.0507303,0.220669,0.0504108,0,0.853964,0.0478853,2.08964,0.187128,0,0.077658,0.55063,4.38205,0.620018,0.358513,0.680167,2.68695,0.148393,0.218144,0,0.654022,0.0210198,0,-0.000427442,0.275137,0.958986,0.185443,0.0513751,0.0539691,0.00527501,0.00443646,0.44208,0.0495455,4.92493,0.815007,11.766,0.638489,0.668842,-6.02655,-0.333333,-0.0564347,0.667403,10.625,5.25,0,0,0.833333,6.83333,0,-7.35684,0.0001,-0.0005703,0.052495,1.56479,0.120218,58340,0.167037,196.69,1.58853
5063,0.14973,0.562874,0.00512609,0.00512609,0.176628,0.141825,0.802412,0.588938,0.052843,0.0218851,0.0507429,0.220901,0.0464857,0,0.854139,0.052036,2.06999,0.180256,0,0.0766211,0.552278,4.3861,0.621195,0.356849,0.681404,2.68583,0.157056,0.218426,0,0.697961,0.03817,0,-0.000429206,0.265732,0.9588,0.185785,0.0514094,0.053944,0.00444779,0.00361471,0.440339,0.0495468,5.00046,0.621181,11.6613,0.641078,0.666068,-5.89773,-0.333333,-0.0581094,0.711341,12.9583,6.5,0,0,0.916667,8.125,0,-7.35826,0.0001,-0.00218551,0.0543826,1.61317,0.120533,56701,0.167039,197.9,2.02641
5064,0.154674,0.598456,0.00504625,0.00504625,0.18356,0.148706,0.799371,0.642044,0.0526003,0.0219471,0.0504613,0.217803,0.0448842,0,0.854596,0.0599894,2.06296,0.175644,0,0.0755895,0.559395,4.41414,0.625024,0.366771,0.673934,2.65486,0.165868,0.215126,0,0.777582,0.0577195,0,-0.000401514,0.258582,0.95982,0.196997,0.0509967,0.0535923,0.00449339,0.00362794,0.448107,0.0491716,5.09833,0.943107,11.7643,0.634975,0.651057,-6.33684,-0.333333,-0.0612748,0.757421,12.5,7.04167,0,0,1.25,9.875,0,-7.35973,0.0001,-0.00245409,0.0586164,1.61849,0.124647,56395,0.167052,195.56,2.09806
5065,0.155273,0.587807,0.00507249,0.00507249,0.184271,0.14675,0.800388,0.620736,0.0527766,0.0217286,0.0506142,0.219589,0.0431497,0,0.85701,0.056539,2.05449,0.171939,0,0.0752279,0.558414,4.40174,0.623322,0.363603,0.676448,2.6608,0.164157,0.216879,0,0.753921,0.0459376,0,-0.000408608,0.257181,0.95963,0.192645,0.0511896,0.0537387,0.00446227,0.00357834,0.444947,0.0493457,5.15567,0.96869,11.797,0.634772,0.656616,-6.29985,-0.333333,-0.0612331,0.743977,13.625,7.58333,0,0,1.16667,11.875,0,-7.3594,0.0001,-0.00277171,0.0438778,1.60268,0.121728,57007,0.167093,198.25,2.1682
5066,0.158643,0.61074,0.00504393,0.00504393,0.183805,0.151953,0.800125,0.643969,0.0528306,0.0219558,0.050639,0.220767,0.0422648,0,0.864905,0.0593873,2.05769,0.167939,0,0.0746469,0.55872,4.41052,0.624464,0.366999,0.673891,2.65638,0.167478,0.217905,0,0.796081,0.042634,0,-0.000450049,0.260336,0.959649,0.194106,0.0511439,0.0537798,0.00513102,0.00423484,0.445741,0.0493234,4.98829,1.00413,11.8688,0.633249,0.658543,-6.35306,-0.333333,-0.0613615,0.773855,13.8333,7.125,0,0,0.791667,10.3333,0,-7.35618,0.0001,-0.00285934,0.0432257,1.59843,0.119281,57229,0.167136,198.16,2.29036
5067,0.16065,0.622015,0.00501292,0.00501292,0.186273,0.153357,0.798283,0.666482,0.0522303,0.0224713,0.0501443,0.216696,0.042696,0,0.858088,0.0631595,2.07288,0.168005,0,0.0749398,0.566297,4.43515,0.628097,0.370981,0.668147,2.63292,0.172296,0.214459,0,0.819927,0.0715583,0,-0.000467127,0.257592,0.959206,0.202342,0.0506831,0.0532092,0.00456104,0.00373211,0.442559,0.0488547,4.69908,0.681122,11.7037,0.638757,0.652048,-6.27659,-0.333333,-0.062678,0.786998,11.4583,6.95833,0,0,1.125,8.45833,0,-7.35043,0.0001,-0.00193055,0.0367495,1.603,0.120622,57033,0.16718,200.04,2.37278
5068,0.147576,0.559034,0.00505976,0.00505976,0.172907,0.139074,0.798842,0.594951,0.0526829,0.0217902,0.0505248,0.218571,0.0494405,0,0.855218,0.0536178,2.09858,0.186888,0,0.0786354,0.548667,4.3995,0.623573,0.365056,0.671202,2.65969,0.157237,0.215966,0,0.701994,0.0434516,0,-0.000394112,0.268755,0.959174,0.193932,0.0511129,0.0536816,0.00449522,0.00361952,0.442475,0.0492967,4.93096,0.966427,11.7916,0.635898,0.660554,-6.30422,-0.333333,-0.0576452,0.706543,9.25,5.08333,0,0,0.958333,6.79167,0,-7.3462,0.0001,-0.00301793,0.0394387,1.60146,0.122614,57018,0.167206,198.08,1.82938
5069,0.148183,0.562191,0.00507076,0.00507076,0.178327,0.139753,0.799301,0.596422,0.0527844,0.0213047,0.0506165,0.219448,0.0463379,0,0.85765,0.0539861,2.08599,0.176273,0,0.0770812,0.556575,4.40137,0.623357,0.363725,0.67406,2.6632,0.158129,0.216791,0,0.67633,0.0300221,0,-0.000319139,0.262478,0.958626,0.191879,0.0512987,0.0538491,0.00473636,0.0038688,0.442934,0.0494693,4.99059,1.00081,11.8598,0.635152,0.662407,-6.2775,-0.333333,-0.0594737,0.710941,7.5,4.16667,0,0,0.958333,5.54167,0,-7.34653,0.0001,-0.00203807,0.0485718,1.60262,0.12026,57057,0.167173,197.9,1.81397
5070,0.143649,0.542526,0.00512269,0.00512269,0.171385,0.136288,0.801407,0.569914,0.0532017,0.0211055,0.0510175,0.218959,0.0493417,0,0.847013,0.050573,2.0858,0.185597,0,0.0782771,0.543997,4.355,0.618154,0.357285,0.680129,2.68947,0.151317,0.216226,0,0.700731,0.0253033,0,-0.000284038,0.272087,0.958611,0.184317,0.0517119,0.0542935,0.00489921,0.00408409,0.441148,0.049902,5.07406,1.07605,11.8531,0.636135,0.667718,-6.15744,-0.333333,-0.0565432,0.685818,8.79167,5.70833,0,0,1,5.79167,0,-7.3494,0.0001,-0.00239631,0.0538251,1.61101,0.119204,56816,0.167126,194.96,1.78574
5071,0.149995,0.571117,0.00509668,0.00509668,0.176471,0.143121,0.800188,0.598611,0.052994,0.0216169,0.0508278,0.220443,0.0473367,0,0.856815,0.0537165,2.09766,0.182392,0,0.0776193,0.550211,4.38067,0.621222,0.360483,0.677304,2.68063,0.157105,0.217768,0,0.745576,0.038116,0,-0.000368691,0.267537,0.958829,0.187135,0.0515618,0.0541067,0.0045213,0.00361944,0.440319,0.049693,4.87634,0.900898,11.8109,0.637342,0.664862,-6.11445,-0.333333,-0.0584488,0.719315,12.125,6.45833,0,0,1,7.875,0,-7.35067,0.0001,-0.00230262,0.0578891,1.6039,0.12199,56958,0.167071,197.25,2.07821
5072,0.151522,0.573717,0.00505208,0.00505208,0.17849,0.143134,0.799057,0.608075,0.0526297,0.0217878,0.0504666,0.218769,0.048694,0,0.855442,0.0547956,2.07478,0.181731,0,0.0772275,0.557158,4.40388,0.623832,0.365983,0.675113,2.66128,0.161009,0.215864,0,0.7262,0.0307156,0,-0.000363356,0.267439,0.95977,0.193798,0.051113,0.0536431,0.00538885,0.00446325,0.450098,0.0493315,5.00848,1.05877,11.8471,0.633404,0.65782,-6.36227,-0.333333,-0.0594204,0.723965,11.125,6.125,0,0,1.08333,10.2917,0,-7.3524,0.0001,-0.00202832,0.0626268,1.6007,0.122623,57043,0.167046,198.97,1.90046
5073,0.14839,0.565964,0.00506771,0.00506771,0.174198,0.141179,0.799154,0.599373,0.0530693,0.0214067,0.0508697,0.217396,0.0482603,0,0.84824,0.0540349,2.08478,0.178933,0,0.0772333,0.555092,4.38328,0.62075,0.364072,0.677457,2.6744,0.15725,0.214408,0,0.735272,0.0532114,0,-0.000425141,0.271984,0.959521,0.190958,0.0513197,0.0539955,0.00538498,0.00451109,0.442429,0.0495411,4.81224,1.2693,11.9195,0.632974,0.661344,-6.42551,-0.333333,-0.0579722,0.714,13.4583,7.75,0,0,1.08333,10.7917,0,-7.35127,0.0001,-0.00213607,0.0472244,1.59795,0.123773,57096,0.167044,199.21,1.96396
5074,0.155002,0.594861,0.005016,0.005016,0.179762,0.147358,0.797615,0.630953,0.0525011,0.0221361,0.0503713,0.217486,0.045335,0,0.857995,0.0580787,2.08061,0.17728,0,0.0764861,0.56082,4.41808,0.625379,0.370501,0.671013,2.65137,0.165107,0.214852,0,0.74755,0.039345,0,-0.000431528,0.261985,0.959466,0.197878,0.0509679,0.0534438,0.00481529,0.00391335,0.446503,0.0491626,4.83177,1.0526,11.8631,0.633495,0.65297,-6.47236,-0.333333,-0.060238,0.75022,13.25,7.25,0,0,1.58333,11.6667,0,-7.34942,0.0001,-0.00218727,0.0452169,1.59063,0.123469,57350,0.167072,203.1,2.28059
5075,0.156561,0.604639,0.00502336,0.00502336,0.180573,0.149863,0.797383,0.647046,0.0526875,0.0217053,0.0504937,0.218408,0.044363,0,0.85963,0.0600062,2.07925,0.175132,0,0.0763619,0.561392,4.4158,0.624353,0.369585,0.670938,2.65892,0.167764,0.215598,0,0.799385,0.0586005,0,-0.00041095,0.260777,0.960101,0.19593,0.0510697,0.0535959,0.00458618,0.00369476,0.443957,0.0492611,4.8187,1.20073,11.888,0.631727,0.656039,-6.53038,-0.333333,-0.0604543,0.762644,11.375,6.16667,0,0,1.375,9.95833,0,-7.34812,0.0001,-0.00358131,0.0356889,1.59642,0.12042,57258,0.16709,198.4,2.06578
5076,0.153265,0.589686,0.0050208,0.0050208,0.180396,0.145818,0.797208,0.62648,0.0525852,0.022122,0.0504323,0.216821,0.0462562,0,0.855829,0.0575131,2.08802,0.178489,0,0.0770404,0.554854,4.4128,0.625016,0.369901,0.670252,2.65222,0.163427,0.214229,0,0.764042,0.0286401,0,-0.000446024,0.261861,0.959068,0.197794,0.0509672,0.0535091,0.00463107,0.00376044,0.444865,0.049149,4.69725,1.02865,11.894,0.633731,0.656439,-6.42253,-0.333333,-0.0605617,0.743012,9.33333,5.5,0,0,1.08333,7.66667,0,-7.34666,0.0001,-0.00274529,0.0397827,1.61885,0.132164,56141,0.167085,198.81,1.92861
5077,0.150449,0.570725,0.00503339,0.00503339,0.179219,0.140914,0.798034,0.610635,0.0524512,0.0219788,0.0503393,0.218558,0.0460804,0,0.86028,0.0560685,2.11224,0.178059,0,0.0776524,0.554606,4.41223,0.624202,0.368347,0.670662,2.65025,0.161805,0.215912,0,0.747867,0.0472823,0,-0.000430144,0.261555,0.959413,0.197439,0.0509784,0.0533966,0.00499755,0.00410785,0.449262,0.0491991,4.97136,0.998568,11.7771,0.635525,0.654052,-6.39295,-0.333333,-0.0601141,0.72082,8.41667,4.125,0,0,0.791667,7.45833,0,-7.34728,0.0001,-0.0020657,0.0422977,1.60888,0.120868,56831,0.16704,199.28,1.79465
5078,0.148593,0.566459,0.00508792,0.00508792,0.175404,0.141805,0.799974,0.598319,0.052917,0.0218671,0.0507925,0.21947,0.044725,0,0.853687,0.053473,2.07532,0.177492,0,0.0762493,0.550418,4.38946,0.621417,0.361499,0.677336,2.68544,0.157139,0.216735,0,0.712727,0.0331116,0,-0.000389908,0.261651,0.95888,0.188213,0.0515374,0.0539434,0.00414266,0.00322671,0.445655,0.0496328,5.01104,0.901409,11.7589,0.638214,0.664204,-6.1493,-0.333333,-0.0581293,0.714948,9.125,3.875,0,0,0.833333,6.41667,0,-7.34695,0.0001,-0.00245665,0.048442,1.60588,0.125782,56768,0.167077,195.49,1.51334
5079,0.145145,0.548934,0.00510315,0.00510315,0.172634,0.137879,0.800444,0.58043,0.05312,0.0214534,0.0509338,0.21736,0.0486352,0,0.842818,0.0505262,2.08649,0.183116,0,0.0786799,0.55015,4.37998,0.62082,0.359733,0.67785,2.69083,0.154189,0.214577,0,0.709913,0.0158318,0,-0.000375851,0.266224,0.959034,0.186955,0.051549,0.0541482,0.00465901,0.00382373,0.444936,0.0497111,5.0427,1.07752,11.8555,0.63588,0.663392,-6.19087,-0.333333,-0.0569868,0.692965,10.25,5.66667,0,0,1,7.79167,0,-7.34324,0.0001,-0.00177664,0.0512259,1.60377,0.120527,57011,0.167112,196.69,1.53035
5080,0.150136,0.569394,0.00507572,0.00507572,0.181908,0.142191,0.79954,0.600124,0.0532736,0.0213438,0.0510628,0.218684,0.0443263,0,0.85234,0.0534447,2.08285,0.172342,0,0.0763714,0.551566,4.38052,0.620292,0.363037,0.678704,2.67799,0.158458,0.215744,0,0.745954,0.0409639,0,-0.000362483,0.259188,0.95949,0.188312,0.0517002,0.0542495,0.00504737,0.00415768,0.443937,0.0498783,5.09059,1.26717,11.9274,0.632707,0.660612,-6.38812,-0.333333,-0.0604075,0.719134,11.5417,6.20833,0,0,1.08333,9.54167,0,-7.3431,0.0001,-0.00248214,0.0524046,1.63851,0.125482,55727,0.167106,198.32,1.99999
5081,0.151316,0.5793,0.00505308,0.00505308,0.178191,0.14411,0.799161,0.617432,0.0525274,0.0223803,0.050419,0.217796,0.0465105,0,0.851496,0.0558164,2.06595,0.178959,0,0.0761361,0.56258,4.40504,0.624754,0.365962,0.673701,2.65762,0.161633,0.214765,0,0.741647,0.0282385,0,-0.000479822,0.263918,0.959332,0.193593,0.0511027,0.0535187,0.00526792,0.00432885,0.451074,0.0492851,5.20384,0.904275,11.7421,0.637257,0.655248,-6.25929,-0.333333,-0.0594324,0.732147,13.25,5.95833,0,0,0.916667,10.9583,0,-7.34271,0.0001,-0.00163187,0.0516857,1.63698,0.119731,55959,0.167151,198.9,2.25321
5082,0.152559,0.58456,0.00502591,0.00502591,0.179049,0.145017,0.798301,0.625313,0.0526217,0.0217653,0.0504635,0.216955,0.0478262,0,0.852994,0.056799,2.07876,0.178819,0,0.0763241,0.560889,4.40942,0.624829,0.369336,0.672544,2.65251,0.163772,0.21412,0,0.767746,0.0363996,0,-0.000440956,0.263876,0.959584,0.194926,0.0510621,0.0535637,0.0054235,0.00450074,0.446226,0.0492778,4.91212,1.09086,11.8916,0.633094,0.65978,-6.42342,-0.333333,-0.059885,0.738745,13.7917,6.875,0,0,1.83333,10.5,0,-7.33891,0.0001,-0.00230118,0.0443508,1.62292,0.121948,56339,0.167196,199.3,1.7253
5083,0.156665,0.600513,0.00501381,0.00501381,0.183827,0.14853,0.797363,0.63607,0.052628,0.0218255,0.0504291,0.218118,0.0463435,0,0.859374,0.0580508,2.07359,0.176385,0,0.0768045,0.559757,4.41279,0.624975,0.370847,0.670221,2.65069,0.166081,0.215004,0,0.768014,0.0358307,0,-0.000441836,0.260526,0.960303,0.198713,0.0509455,0.0535182,0.00529153,0.00433376,0.446905,0.049189,4.88085,1.23727,11.9008,0.631273,0.655778,-6.57806,-0.333333,-0.0617097,0.757851,12.0833,6.5,0,0,1.25,12.1667,0,-7.33698,0.0001,-0.00309714,0.0425357,1.61611,0.12175,56566,0.167223,199.91,2.21299
5084,0.151497,0.589658,0.00501862,0.00501862,0.177966,0.145465,0.797734,0.632072,0.0524443,0.0218246,0.050304,0.215852,0.0482688,0,0.850577,0.0583812,2.08284,0.181458,0,0.0771878,0.559256,4.42482,0.62618,0.370247,0.670911,2.64371,0.162576,0.212946,0,0.775822,0.0436577,0,-0.000460822,0.265183,0.960336,0.19818,0.0508831,0.0533756,0.00534988,0.00443499,0.445711,0.0491414,4.82149,1.16164,11.8212,0.633484,0.656738,-6.47806,-0.333333,-0.0598261,0.744109,9.875,4.625,0,0,1.45833,8.41667,0,-7.33608,0.0001,-0.00204431,0.0394364,1.58933,0.11958,57524,0.167228,199.3,2.07198
5085,0.1481,0.574727,0.00502532,0.00502532,0.175972,0.142003,0.798117,0.620338,0.0524708,0.0215579,0.0502904,0.216754,0.0492903,0,0.853974,0.0572524,2.09188,0.185904,0,0.0784213,0.556634,4.4175,0.625418,0.369455,0.669687,2.65216,0.160298,0.213964,0,0.753125,0.0651879,0,-0.000459041,0.265451,0.959894,0.197477,0.0508677,0.053335,0.00501292,0.0041079,0.447927,0.0490955,5.01408,1.20265,11.8643,0.632515,0.656587,-6.52828,-0.333333,-0.0590892,0.725623,8.95833,4.875,0,0,1.25,8.125,0,-7.33516,0.0001,-0.00206665,0.0400167,1.62316,0.121738,56338,0.167244,200.42,1.9898
5086,0.146405,0.554054,0.00507697,0.00507697,0.177133,0.138093,0.799157,0.583784,0.0530548,0.0216191,0.0508432,0.218501,0.0465822,0,0.852206,0.0516838,2.10209,0.177765,0,0.077628,0.545269,4.37762,0.620804,0.3629,0.675777,2.68009,0.154433,0.215764,0,0.684842,0.0399048,0,-0.000284238,0.263008,0.959108,0.1888,0.0516051,0.0541571,0.00446876,0.0035657,0.44212,0.0497714,4.97621,1.06781,11.8769,0.634979,0.666999,-6.27868,-0.333333,-0.0589107,0.697919,9.20833,4.5,0,0,0.916667,7.45833,0,-7.33368,0.0001,-0.0027018,0.0421432,1.62,0.122567,56413,0.167249,197.66,1.84385
5087,0.14961,0.564641,0.00506766,0.00506766,0.178285,0.141388,0.799525,0.598639,0.0532617,0.0215634,0.0510069,0.219913,0.0465776,0,0.856025,0.0530185,2.09475,0.180425,0,0.0773733,0.550028,4.39419,0.621953,0.364008,0.678798,2.67532,0.158916,0.216834,0,0.721121,0.0257507,0,-0.000293672,0.262324,0.959787,0.187248,0.0516986,0.0542704,0.00498958,0.00406128,0.444764,0.0498934,4.98653,1.27602,11.9907,0.62971,0.668804,-6.4449,-0.333333,-0.0590471,0.713674,9.58333,4.5,0,0,1.25,7.125,0,-7.33574,0.0001,-0.00183653,0.0517743,1.6101,0.120282,56810,0.167216,198.8,1.92179
5088,0.152183,0.574683,0.00506701,0.00506701,0.179998,0.143871,0.799304,0.606297,0.052862,0.0218273,0.0506986,0.219753,0.0465468,0,0.857425,0.0540446,2.08974,0.176821,0,0.0766849,0.556206,4.39427,0.622821,0.364113,0.676456,2.6705,0.160013,0.21699,0,0.738773,0.0292686,0,-0.000374253,0.26283,0.95941,0.190151,0.0513728,0.0539062,0.00497498,0.00412392,0.4437,0.0495515,4.98631,1.01975,11.8634,0.634255,0.661624,-6.26516,-0.333333,-0.0596848,0.72476,11.0417,5.375,0,0,0.833333,9.25,0,-7.33642,0.0001,-0.00179093,0.0527208,1.6005,0.118595,57183,0.167237,198.29,1.87459
5089,0.149924,0.571268,0.00506553,0.00506553,0.179715,0.14247,0.799927,0.605232,0.0532087,0.0206775,0.0509598,0.217292,0.0446099,0,0.847561,0.0540392,2.06444,0.173125,0,0.075515,0.563019,4.39079,0.621801,0.364433,0.679169,2.66845,0.159394,0.214212,0,0.740251,0.0433948,0,-0.000441228,0.259372,0.960262,0.18999,0.0514366,0.0540193,0.00499452,0.00414031,0.443356,0.0496838,5.02422,1.47849,11.9778,0.628602,0.657635,-6.56006,-0.333333,-0.0597923,0.72247,11,5.79167,0,0,1.70833,11.0833,0,-7.33119,0.0001,-0.00206339,0.0522818,1.61845,0.122578,56463,0.167314,198.48,2.03713
5090,0.151564,0.585106,0.00501733,0.00501733,0.18128,0.144999,0.797371,0.622754,0.052815,0.0211549,0.0505625,0.217527,0.0461471,0,0.855862,0.0559984,2.07645,0.176926,0,0.0768083,0.563616,4.43032,0.626824,0.370378,0.672437,2.64309,0.162438,0.214543,0,0.758108,0.0528315,0,-0.000438214,0.258987,0.960729,0.195608,0.0510855,0.0535862,0.00511896,0.0042043,0.448955,0.0493551,5.02132,1.45581,11.9693,0.627786,0.653975,-6.72867,-0.333333,-0.0607,0.738485,12,6.75,0,0,1.75,11.6667,0,-7.32685,0.0001,-0.00236495,0.0478611,1.63571,0.131397,55629,0.167335,200.13,1.97629
5091,0.153683,0.592408,0.00502984,0.00502984,0.180445,0.147017,0.798477,0.625394,0.0528523,0.021111,0.0506216,0.218332,0.0474226,0,0.856989,0.056544,2.07874,0.179126,0,0.077069,0.560777,4.41116,0.624681,0.368791,0.674029,2.65564,0.162383,0.21527,0,0.775341,0.035357,0,-0.000452666,0.26363,0.960047,0.193752,0.0511501,0.053696,0.00485106,0.00389615,0.442772,0.0493659,4.99712,1.36424,11.9967,0.628412,0.657379,-6.60367,-0.333333,-0.0603535,0.74868,12.2083,6.16667,0,0,1.33333,11.9167,0,-7.32582,0.0001,-0.00257471,0.0393297,1.63817,0.123128,55813,0.16731,199.81,2.43352
5092,0.155281,0.601691,0.00500564,0.00500564,0.180728,0.148446,0.797448,0.646765,0.0526739,0.0215926,0.0504582,0.216662,0.0465512,0,0.856437,0.0600247,2.08359,0.176795,0,0.076583,0.561498,4.42031,0.626271,0.371819,0.671127,2.63935,0.167191,0.213913,0,0.773415,0.0510954,0,-0.000524048,0.262693,0.959174,0.197655,0.0510054,0.0535164,0.00503136,0.00409803,0.446016,0.0492013,4.85534,1.15292,11.9538,0.63169,0.658393,-6.51053,-0.333333,-0.0608041,0.759247,11.5,6.20833,0,0,1.58333,8.875,0,-7.3258,0.0001,-0.00268622,0.0372436,1.6325,0.119487,56110,0.167304,200.54,2.2207
5093,0.152725,0.594835,0.00500852,0.00500852,0.180649,0.146819,0.796338,0.638046,0.0525309,0.0212532,0.0503453,0.216998,0.0466739,0,0.856707,0.0584337,2.09606,0.174726,0,0.0760643,0.561722,4.43032,0.627533,0.371481,0.670781,2.64033,0.164469,0.214186,0,0.752316,0.0364096,0,-0.00052327,0.260465,0.959846,0.19857,0.0508117,0.0533132,0.00534099,0.00443255,0.445357,0.0490804,4.86115,1.20749,11.9257,0.630902,0.657851,-6.57998,-0.333333,-0.0607772,0.74952,9.91667,5.58333,0,0,1.70833,7.5,0,-7.32394,0.0001,-0.00302481,0.0394478,1.61593,0.122589,56544,0.16733,200.99,2.16518
5094,0.154194,0.589679,0.00504892,0.00504892,0.182106,0.146342,0.798698,0.620171,0.0529528,0.0212828,0.0507221,0.22008,0.0458128,0,0.863514,0.0559358,2.10418,0.174678,0,0.0765516,0.555615,4.40415,0.623521,0.366548,0.674558,2.65847,0.163147,0.217447,0,0.762126,0.0333768,0,-0.000491066,0.259993,0.959287,0.193006,0.0512354,0.0537991,0.00474498,0.00383881,0.442647,0.0494332,4.85936,1.20706,11.9417,0.632486,0.662188,-6.451,-0.333333,-0.060866,0.744343,9.25,5.20833,0,0,1.33333,6.91667,0,-7.32258,0.0001,-0.00294299,0.0419632,1.5972,0.126366,57035,0.167331,198.07,1.93051
5095,0.150737,0.577437,0.00509298,0.00509298,0.17846,0.144282,0.800213,0.607571,0.0528842,0.0207839,0.0506965,0.218881,0.0484284,0,0.850446,0.0544739,2.09654,0.181973,0,0.0771393,0.55239,4.40347,0.622349,0.36108,0.677596,2.66421,0.158623,0.215988,0,0.73892,0.0282638,0,-0.000363829,0.263841,0.960041,0.188892,0.0514051,0.0538673,0.00436806,0.00343546,0.443759,0.0496023,5.11618,1.03796,11.7198,0.636069,0.657942,-6.32232,-0.333333,-0.0592238,0.729057,9.20833,3.79167,0,0,1.08333,7.20833,0,-7.32217,0.0001,-0.0021826,0.0485123,1.59696,0.122212,57181,0.167314,198.62,2.028
5096,0.15104,0.570608,0.00507115,0.00507115,0.180727,0.142439,0.799663,0.60132,0.0532063,0.0203655,0.0509285,0.219456,0.0474141,0,0.857048,0.0540841,2.08444,0.178334,0,0.0774561,0.555982,4.38819,0.622687,0.363682,0.676801,2.66593,0.158974,0.216771,0,0.700931,0.03005,0,-0.000440813,0.25962,0.95942,0.188206,0.051487,0.0540134,0.00471967,0.00381969,0.442585,0.0497055,5.0463,1.38294,11.9942,0.630358,0.666766,-6.49697,-0.333333,-0.0601045,0.7207,10,6.20833,0,0,1.54167,8.29167,0,-7.32346,0.0001,-0.00228256,0.0489263,1.56542,0.124286,58178,0.167288,199.27,2.08401
5097,0.152487,0.583618,0.00504564,0.00504564,0.180698,0.145236,0.797931,0.621508,0.0526849,0.0212466,0.0504607,0.218802,0.0478885,0,0.856818,0.0567643,2.10082,0.179986,0,0.0764289,0.560421,4.41367,0.625364,0.366851,0.672819,2.63886,0.162598,0.215961,0,0.742973,0.0514878,0,-0.000498806,0.262985,0.959728,0.193645,0.0509826,0.0535241,0.0053109,0.00437708,0.448923,0.0492092,5.21786,1.1645,11.9086,0.631597,0.661347,-6.44259,-0.333333,-0.0602511,0.735586,12.4583,5.91667,0,0,1.625,9.79167,0,-7.32518,0.0001,-0.00183846,0.0533546,1.56996,0.120076,58166,0.167295,198.94,1.92412
5098,0.154266,0.592271,0.00504341,0.00504341,0.183451,0.147228,0.797927,0.626993,0.0528091,0.0211772,0.0505765,0.219681,0.0466445,0,0.862263,0.0573666,2.09097,0.174394,0,0.075748,0.562883,4.41697,0.625798,0.3671,0.673976,2.64494,0.164297,0.217078,0,0.769173,0.0563902,0,-0.000509114,0.262899,0.959509,0.1941,0.0510612,0.0536419,0.00540289,0.00451434,0.447347,0.049299,5.0492,1.11435,11.9326,0.632137,0.661794,-6.41618,-0.333333,-0.061257,0.746817,13.2083,6.75,0,0,1.75,9.66667,0,-7.32495,0.0001,-0.00204563,0.0499912,1.58357,0.11992,57707,0.167302,199.63,2.05426
5099,0.157581,0.602525,0.0050319,0.0050319,0.186434,0.149754,0.7981,0.63868,0.052598,0.0218299,0.0503932,0.219694,0.0459381,0,0.864261,0.0588153,2.08387,0.173172,0,0.0756483,0.569,4.43233,0.62777,0.3685,0.673833,2.63871,0.166423,0.217216,0,0.78352,0.04624,0,-0.00056037,0.25794,0.958872,0.194484,0.0509688,0.0535224,0.00508532,0.00417679,0.446899,0.0491289,5.06826,0.850034,11.8911,0.634745,0.664865,-6.26814,-0.333333,-0.0622616,0.760131,15.1667,6.83333,0,0,1.75,9.33333,0,-7.32568,0.0001,-0.00298038,0.0437141,1.58892,0.116882,57629,0.16728,198.9,2.04112
5100,0.161055,0.616422,0.00499657,0.00499657,0.190671,0.152116,0.796844,0.661039,0.0522231,0.0219133,0.0500725,0.218374,0.0439988,0,0.866142,0.0616976,2.0992,0.169122,0,0.0745915,0.57003,4.44375,0.629678,0.373024,0.669204,2.62743,0.17297,0.216137,0,0.804093,0.0411809,0,-0.000616769,0.251451,0.959236,0.201348,0.0505481,0.0530188,0.00486545,0.00395351,0.448802,0.0487148,5.06975,0.787962,11.8338,0.63454,0.656867,-6.35749,-0.333333,-0.0641507,0.777607,12.125,6.66667,0,0,2.16667,8.125,0,-7.32638,0.0001,-0.00296686,0.0414357,1.61189,0.125386,56585,0.167237,199.75,2.22687
5101,0.153528,0.585319,0.0050494,0.0050494,0.181225,0.145771,0.799126,0.623183,0.0523235,0.02194,0.0501976,0.217664,0.0478065,0,0.854744,0.0567656,2.10583,0.182607,0,0.0766003,0.563861,4.42431,0.627766,0.366397,0.673963,2.63418,0.163718,0.215388,0,0.74972,0.0432161,0,-0.000639666,0.26145,0.958877,0.194764,0.0507955,0.0532185,0.00473864,0.00382893,0.448082,0.0489461,5.19371,0.636753,11.7232,0.6396,0.659654,-6.12344,-0.333333,-0.0604159,0.739441,11,4.83333,0,0,0.875,7.91667,0,-7.32754,0.0001,-0.00269587,0.040019,1.57989,0.126918,57595,0.167247,199.86,1.97706
5102,0.155861,0.596744,0.00506297,0.00506297,0.18675,0.148944,0.799217,0.631102,0.052536,0.0215262,0.0504001,0.220403,0.044968,0,0.863885,0.0575487,2.10457,0.175446,0,0.0764216,0.562457,4.42722,0.626193,0.364692,0.673896,2.6427,0.164398,0.218314,0,0.748424,0.0308578,0,-0.000547197,0.254969,0.958896,0.19378,0.0510125,0.0534446,0.00445198,0.00362819,0.445289,0.049175,5.12683,0.718953,11.7412,0.638906,0.662357,-6.13243,-0.333333,-0.0620371,0.75386,10.4167,5,0,0,1,6.5,0,-7.32551,0.0001,-0.00240222,0.0403382,1.59324,0.120099,57375,0.167277,197.07,2.05317
5103,0.148648,0.565196,0.00509837,0.00509837,0.178695,0.141033,0.800633,0.596163,0.0527884,0.0213181,0.0505981,0.219295,0.0496268,0,0.853973,0.0535184,2.11106,0.187294,0,0.0779088,0.55633,4.39337,0.624023,0.360478,0.675007,2.65738,0.156949,0.216872,0,0.735903,0.0192641,0,-0.000447382,0.263859,0.958205,0.187804,0.0513545,0.0537663,0.00494245,0.00400044,0.443405,0.0495042,5.27829,0.799726,11.7877,0.639899,0.674478,-6.06892,-0.333333,-0.059368,0.714947,10.0833,5.70833,0,0,1.125,5.5,0,-7.32485,0.0001,-0.00128991,0.0484876,1.58211,0.124481,57602,0.167298,195.07,1.60947
5104,0.150596,0.573853,0.00505306,0.00505306,0.180637,0.14264,0.798383,0.606227,0.0523788,0.0217049,0.0502477,0.218155,0.0494073,0,0.856208,0.0553562,2.11653,0.184902,0,0.0779427,0.558271,4.41825,0.626218,0.365876,0.673352,2.64309,0.15885,0.215876,0,0.728189,0.0381179,0,-0.000525611,0.262834,0.958708,0.194283,0.0509573,0.0533434,0.0046085,0.00368433,0.445631,0.0491164,5.11481,0.645877,11.7424,0.639531,0.662395,-6.13981,-0.333333,-0.0602448,0.724285,10.875,5.70833,0,0,1.125,6.20833,0,-7.32456,0.0001,-0.00226388,0.0503905,1.59639,0.120934,57242,0.167316,199.23,1.92844
5105,0.149784,0.569172,0.00506851,0.00506851,0.179584,0.141935,0.799541,0.607946,0.0526637,0.021392,0.0504951,0.219008,0.0481707,0,0.855312,0.0553974,2.09742,0.178085,0,0.0762273,0.561536,4.41726,0.625279,0.364021,0.676751,2.65326,0.159439,0.216422,0,0.7134,0.0376569,0,-0.000514571,0.265326,0.959384,0.192012,0.0510852,0.0536164,0.00546871,0.00456358,0.447738,0.0492973,5.18384,0.903021,11.8002,0.636093,0.66527,-6.21626,-0.333333,-0.0596693,0.718174,12.25,6.20833,0,0,1.33333,8.125,0,-7.32272,0.0001,-0.00197367,0.0575323,1.6029,0.118182,57117,0.167332,199.16,1.91446
5106,0.157104,0.603957,0.00504203,0.00504203,0.187042,0.150068,0.798553,0.634841,0.0525729,0.0215135,0.0503725,0.219686,0.0443215,0,0.863533,0.0583872,2.08916,0.172979,0,0.0754041,0.570231,4.43494,0.628202,0.367304,0.672794,2.6369,0.164768,0.21731,0,0.777485,0.0522156,0,-0.000586598,0.257203,0.958778,0.195111,0.0509111,0.0534258,0.00479206,0.00389809,0.452247,0.049082,5.24129,0.865288,11.8549,0.6354,0.662483,-6.26011,-0.333333,-0.0624632,0.762541,13.125,6.875,0,0,1.625,8.375,0,-7.3193,0.0001,-0.00184199,0.0556385,1.58531,0.120226,57638,0.167399,199.23,2.26783
5107,0.154562,0.592051,0.00504383,0.00504383,0.18272,0.147693,0.798654,0.627559,0.0528291,0.0210687,0.0505787,0.21949,0.0468214,0,0.860585,0.057063,2.08053,0.174796,0,0.0761689,0.565549,4.41741,0.62672,0.367023,0.673802,2.63443,0.163753,0.216928,0,0.768642,0.0263151,0,-0.000570792,0.262069,0.959331,0.19261,0.0510965,0.0536844,0.00531617,0.00436722,0.44533,0.0493073,5.1524,1.07744,11.949,0.632881,0.665552,-6.35829,-0.333333,-0.0608193,0.747577,15,7.70833,0,0,2.16667,8.5,0,-7.31284,0.0001,-0.00228544,0.0462488,1.58893,0.121517,57472,0.167486,197.83,1.94767
5108,0.153479,0.585608,0.00503517,0.00503517,0.182372,0.145667,0.798617,0.622964,0.0523237,0.0219615,0.0501367,0.220239,0.0478157,0,0.865549,0.057167,2.10608,0.178095,0,0.0765414,0.56795,4.44441,0.628927,0.368094,0.672468,2.6312,0.163518,0.217829,0,0.753332,0.0372424,0,-0.000600006,0.26337,0.958633,0.196373,0.0507229,0.0532613,0.00540899,0.00444098,0.449834,0.0488923,5.29513,0.714289,11.8488,0.636613,0.667767,-6.16885,-0.333333,-0.0608662,0.740842,13.875,6.625,0,0,1.625,8.375,0,-7.30674,0.0001,-0.00260015,0.0383316,1.60546,0.122914,56876,0.167553,198.67,1.93019
5109,0.157103,0.60626,0.00500752,0.00500752,0.184542,0.150067,0.797509,0.652367,0.0521082,0.021563,0.0499301,0.21672,0.0465315,0,0.858024,0.060617,2.07213,0.178138,0,0.0760542,0.571183,4.45461,0.631089,0.371571,0.668185,2.60953,0.169178,0.214497,0,0.797983,0.0612441,0,-0.000567136,0.257914,0.95934,0.200365,0.0505617,0.0529502,0.00472512,0.00380959,0.451547,0.0487904,5.27217,0.775726,11.8006,0.635706,0.657112,-6.35265,-0.333333,-0.0619367,0.765131,11.0833,6.04167,0,0,1.33333,8.54167,0,-7.30392,0.0001,-0.00209886,0.0378087,1.5984,0.123905,57077,0.167598,199.77,2.37061
5110,0.153921,0.596312,0.00502019,0.00502019,0.183956,0.148053,0.797788,0.64528,0.0524759,0.0213668,0.0502536,0.217951,0.0460288,0,0.859822,0.0594156,2.10202,0.178173,0,0.0766412,0.564415,4.44309,0.629546,0.370016,0.667385,2.61387,0.166121,0.215743,0,0.788337,0.0453511,0,-0.000603454,0.25534,0.959236,0.197728,0.0508069,0.053285,0.00441222,0.00349014,0.446946,0.0489732,5.27283,0.890763,11.8624,0.634354,0.659908,-6.38062,-0.333333,-0.0615381,0.753989,10.5,5.41667,0,0,1.375,8.04167,0,-7.30119,0.0001,-0.00270529,0.0378459,1.61542,0.121125,56608,0.167633,199.89,2.24327
5111,0.155921,0.59808,0.0050181,0.0050181,0.185127,0.147904,0.797467,0.635111,0.0524016,0.0210773,0.0501719,0.220757,0.0451171,0,0.871888,0.0590796,2.11723,0.173924,0,0.0769862,0.562132,4.44037,0.629846,0.370231,0.667488,2.60834,0.165432,0.218487,0,0.75224,0.0545583,0,-0.000583705,0.259979,0.959158,0.19916,0.0506219,0.0532139,0.00492943,0.00399694,0.444568,0.0488436,5.10517,0.967432,11.8839,0.634311,0.664654,-6.41882,-0.333333,-0.0621095,0.754505,9.66667,5.20833,0,0,1.75,6.5,0,-7.299,0.0001,-0.00213684,0.0460399,1.59597,0.121436,57239,0.167646,200.23,2.28664
5112,0.152385,0.58377,0.00506474,0.00506474,0.181709,0.145477,0.799078,0.617424,0.0529206,0.0206268,0.0506567,0.220445,0.0480931,0,0.862357,0.0560697,2.10994,0.178211,0,0.0781679,0.557665,4.42065,0.625707,0.364515,0.673034,2.64664,0.160837,0.21789,0,0.745025,0.0344127,0,-0.000451346,0.262528,0.959052,0.191868,0.05123,0.0538291,0.00473274,0.00380713,0.442975,0.0494191,5.23957,1.17834,11.9731,0.633098,0.669455,-6.3803,-0.333333,-0.0604915,0.737206,9.41667,5.125,0,0,1.29167,6.625,0,-7.29933,0.0001,-0.00205138,0.0505247,1.61795,0.127519,56319,0.167636,196.57,1.7514
5113,0.150936,0.573513,0.00506807,0.00506807,0.180639,0.143646,0.799693,0.609684,0.0530987,0.0204708,0.0508365,0.218556,0.0459799,0,0.853809,0.0545051,2.07461,0.17533,0,0.0760902,0.566305,4.41143,0.624925,0.363967,0.678093,2.64959,0.159813,0.216129,0,0.732405,0.0258948,0,-0.000542928,0.263182,0.959049,0.188709,0.05131,0.0539045,0.00514615,0.00427047,0.443586,0.0495191,5.14135,1.17666,12.0164,0.631971,0.666998,-6.34779,-0.333333,-0.0599267,0.724098,11.375,6.08333,0,0,1.5,7.875,0,-7.29938,0.0001,-0.00239801,0.0468701,1.58584,0.123558,57507,0.167669,199.15,2.17927
5114,0.148583,0.564651,0.00510568,0.00510568,0.178485,0.141573,0.800298,0.595251,0.0531741,0.0201718,0.0509012,0.220158,0.0476317,0,0.853785,0.0528508,2.09648,0.18011,0,0.0777554,0.554099,4.39436,0.623584,0.359393,0.676425,2.65372,0.156322,0.217439,0,0.72736,0.0328762,0,-0.000420392,0.265733,0.95911,0.187812,0.0514098,0.0540575,0.00493811,0.00401698,0.44401,0.0496185,5.40623,1.32354,11.9291,0.63378,0.668062,-6.34058,-0.333333,-0.0590309,0.712336,12.25,7.04167,0,0,1.54167,9.25,0,-7.29807,0.0001,-0.00103739,0.0452164,1.59378,0.120605,57340,0.16768,196.91,2.00983
5115,0.154413,0.594378,0.0050415,0.0050415,0.183932,0.147954,0.798792,0.636174,0.0527599,0.0211968,0.0505109,0.217514,0.0458429,0,0.853976,0.0580226,2.06936,0.174835,0,0.0756915,0.56755,4.41885,0.626642,0.367367,0.672107,2.63463,0.165185,0.214959,0,0.784165,0.0472927,0,-0.00048289,0.258205,0.959072,0.194038,0.051125,0.0536771,0.00510132,0.00418066,0.444227,0.0493092,5.28727,0.998746,11.9444,0.633598,0.665261,-6.32873,-0.333333,-0.0612983,0.752035,12.9583,7.375,0,0,1.58333,9.54167,0,-7.29638,0.0001,-0.00282092,0.0440425,1.59661,0.124121,57129,0.167699,201.23,2.27092
5116,0.156315,0.596646,0.00503219,0.00503219,0.183029,0.148206,0.79793,0.639778,0.0521513,0.022578,0.0500297,0.218376,0.0474623,0,0.860705,0.0591348,2.09183,0.180529,0,0.0761771,0.569299,4.43982,0.629349,0.368588,0.668026,2.62619,0.167456,0.2163,0,0.782991,0.025805,0,-0.000562699,0.262335,0.958554,0.197965,0.0507159,0.0531709,0.00501051,0.00409582,0.447491,0.0488768,5.15282,0.458607,11.7158,0.640856,0.662272,-6.06204,-0.333333,-0.0611564,0.754746,13.9583,6.33333,0,0,1.79167,7.54167,0,-7.29121,0.0001,-0.00261354,0.0419973,1.60519,0.126578,56765,0.167759,199.06,2.27673
5117,0.154351,0.593267,0.00502229,0.00502229,0.182871,0.147309,0.797289,0.642298,0.0525486,0.0213382,0.0503374,0.216726,0.0452746,0,0.855786,0.059205,2.10059,0.174358,0,0.076243,0.568705,4.4442,0.629258,0.369712,0.669313,2.62575,0.166395,0.214643,0,0.776696,0.0637989,0,-0.000534257,0.25896,0.959482,0.198262,0.0508308,0.0533852,0.00474943,0.00388653,0.446045,0.0490406,5.06342,0.992309,11.8881,0.634278,0.662055,-6.39586,-0.333333,-0.0611886,0.749469,11.0417,6.95833,0,0,1.875,8.29167,0,-7.28548,0.0001,-0.0019999,0.0407989,1.64723,0.120125,55621,0.167775,199.61,2.13299
5118,0.155458,0.600454,0.00501101,0.00501101,0.1806,0.148631,0.797963,0.643707,0.0524435,0.0212793,0.0501985,0.217687,0.0476622,0,0.860681,0.059951,2.10542,0.178379,0,0.0777448,0.566538,4.44894,0.629408,0.371152,0.667555,2.62922,0.166663,0.215404,0,0.800125,0.0517468,0,-0.00055039,0.265794,0.959455,0.200253,0.0506725,0.0532661,0.00533997,0.00441027,0.450161,0.0489119,5.21329,1.04306,11.9072,0.633844,0.665717,-6.46346,-0.333333,-0.0605698,0.760218,10.3333,5.95833,0,0,2,7.25,0,-7.28272,0.0001,-0.00290865,0.0388369,1.60779,0.122305,56819,0.167774,199.87,2.18557
5119,0.154641,0.590336,0.00504316,0.00504316,0.182702,0.146882,0.798856,0.628021,0.0527494,0.0215783,0.0504924,0.220335,0.0456444,0,0.86609,0.0573302,2.12073,0.176092,0,0.0766466,0.559511,4.42435,0.626967,0.367154,0.668398,2.63027,0.164213,0.218123,0,0.778712,0.0305641,0,-0.000543725,0.261682,0.959103,0.196026,0.0509424,0.053612,0.00455389,0.00369293,0.44452,0.0491192,5.19913,0.901033,11.8443,0.63716,0.669124,-6.30345,-0.333333,-0.0609779,0.748228,10,5.625,0,0,1.29167,7,0,-7.27984,0.0001,-0.00256359,0.0445822,1.62319,0.126446,56185,0.167806,196.88,2.13997
5120,0.150993,0.571831,0.00505447,0.00505447,0.179586,0.142464,0.799155,0.604186,0.0527013,0.0211206,0.0504759,0.220507,0.0480337,0,0.863986,0.0545377,2.11533,0.178648,0,0.0774168,0.556853,4.4273,0.626434,0.365771,0.672333,2.64528,0.159292,0.217928,0,0.736301,0.0310108,0,-0.000445693,0.265166,0.959583,0.194205,0.051104,0.053681,0.00520234,0.00424988,0.446852,0.0493339,5.26068,1.06536,11.856,0.63513,0.663356,-6.35151,-0.333333,-0.0598382,0.723454,9.45833,5.08333,0,0,1.29167,7,0,-7.27455,0.0001,-0.00260043,0.052394,1.60362,0.121397,56987,0.167859,196.36,1.75499
5121,0.147386,0.561138,0.0050616,0.0050616,0.177121,0.139988,0.799275,0.59626,0.0530208,0.0209069,0.0507545,0.218856,0.0473817,0,0.856415,0.0530912,2.09909,0.179553,0,0.0773412,0.560545,4.41129,0.624906,0.364801,0.67494,2.65026,0.15688,0.21644,0,0.699629,0.030714,0,-0.000504412,0.263839,0.958983,0.191154,0.0513023,0.0538851,0.00497421,0.00408369,0.446778,0.0495142,5.19506,1.09185,11.9296,0.634826,0.670417,-6.32797,-0.333333,-0.058907,0.709717,11.3333,5.875,0,0,1.83333,7.125,0,-7.27241,0.0001,-0.00217333,0.0472257,1.63209,0.1242,55972,0.167852,198.39,2.02692
5122,0.15381,0.581967,0.00506137,0.00506137,0.183491,0.145353,0.798854,0.611912,0.0527794,0.0215476,0.0505726,0.218163,0.0449099,0,0.855143,0.0546039,2.09352,0.17275,0,0.0758091,0.563571,4.41555,0.625957,0.364832,0.673652,2.64464,0.161746,0.21595,0,0.746241,0.0300355,0,-0.000517684,0.259169,0.958847,0.192615,0.0511453,0.0537259,0.00485264,0.00402303,0.446093,0.0493235,5.12642,0.888567,11.8666,0.636719,0.66836,-6.20416,-0.333333,-0.0610337,0.734323,13.625,6.54167,0,0,1.75,8.04167,0,-7.27236,0.0001,-0.00227235,0.0511513,1.66446,0.125595,54916,0.167849,197.71,2.05869
5123,0.150873,0.580961,0.00504496,0.00504496,0.179575,0.144616,0.799008,0.618905,0.0526758,0.0211681,0.0504771,0.217776,0.0484536,0,0.854402,0.0564347,2.1046,0.179176,0,0.0767888,0.561611,4.42472,0.626571,0.366954,0.673383,2.64428,0.160854,0.215288,0,0.755743,0.0431363,0,-0.000404818,0.265742,0.959493,0.194468,0.0510887,0.0536413,0.00547815,0.00453764,0.445731,0.0493291,5.15787,1.10101,11.882,0.634549,0.665088,-6.41669,-0.333333,-0.0599134,0.735593,13.3333,6.58333,0,0,1.33333,9.58333,0,-7.27105,0.0001,-0.00309758,0.0433597,1.66344,0.126699,54914,0.167834,199.08,1.883
5124,0.152499,0.5875,0.00505174,0.00505174,0.180611,0.146471,0.799089,0.624515,0.0527301,0.0213328,0.0505059,0.218411,0.0460872,0,0.856678,0.0565241,2.10353,0.174013,0,0.0762121,0.564703,4.42419,0.626913,0.36604,0.675057,2.64797,0.16249,0.21619,0,0.760814,0.0405575,0,-0.000437094,0.261879,0.958629,0.193551,0.0511224,0.0537241,0.00483076,0.00394445,0.446854,0.0492822,5.22935,0.930673,11.9054,0.635812,0.671061,-6.23923,-0.333333,-0.0601165,0.742905,12.9167,7.04167,0,0,2.125,6.83333,0,-7.27186,0.0001,-0.00288677,0.0424506,1.66576,0.12219,54981,0.167814,198.78,2.05359
5125,0.152887,0.591372,0.00504182,0.00504182,0.181386,0.147028,0.79841,0.628336,0.0524742,0.0213885,0.0502461,0.217395,0.048989,0,0.85528,0.0571351,2.11004,0.183997,0,0.0779013,0.563759,4.43587,0.628257,0.367293,0.669795,2.63098,0.162528,0.215247,0,0.784843,0.0456069,0,-0.000476299,0.263954,0.959293,0.196022,0.0508425,0.0533827,0.0046517,0.00378211,0.446603,0.0490726,5.2369,0.880133,11.811,0.636868,0.664757,-6.33706,-0.333333,-0.0605367,0.747726,12.7083,5.875,0,0,2,8.25,0,-7.26962,0.0001,-0.00243002,0.0417891,1.68843,0.128505,54104,0.167812,200.73,2.11193
5126,0.151536,0.580098,0.00506658,0.00506658,0.181706,0.144257,0.799081,0.618077,0.0526363,0.0210075,0.0504398,0.218291,0.0456719,0,0.855431,0.0567687,2.10377,0.177886,0,0.0763732,0.562677,4.42774,0.626982,0.364212,0.67376,2.63608,0.161527,0.216201,0,0.736411,0.0494675,0,-0.00049858,0.25982,0.959213,0.193488,0.0510033,0.0535095,0.00440272,0.00354746,0.448072,0.0491981,5.31657,0.926539,11.7591,0.638024,0.663561,-6.25246,-0.333333,-0.0604878,0.732661,10.4167,5.20833,0,0,1.75,7.20833,0,-7.27064,0.0001,-0.00225741,0.0428054,1.71961,0.132848,53066,0.167779,197.01,2.0009
5127,0.14868,0.569206,0.00503522,0.00503522,0.180116,0.141385,0.797874,0.611678,0.052658,0.0207849,0.0504186,0.217182,0.0471964,0,0.855149,0.0559545,2.1168,0.179358,0,0.077434,0.561677,4.42398,0.626264,0.36808,0.672292,2.63976,0.159574,0.215092,0,0.727778,0.0698757,0,-0.000518971,0.261103,0.959631,0.195698,0.0509161,0.0534861,0.00507932,0.00419499,0.443577,0.0491593,5.18682,1.12629,11.9225,0.633196,0.665846,-6.45871,-0.333333,-0.0601448,0.718816,9.875,5.625,0,0,1.58333,7.08333,0,-7.27166,0.0001,-0.0027985,0.0406663,1.70089,0.131347,53652,0.167781,200.2,2.037
5128,0.155557,0.591383,0.00502935,0.00502935,0.184204,0.146824,0.79784,0.625599,0.0526388,0.0209656,0.0504112,0.2193,0.0462934,0,0.864568,0.0569434,2.12867,0.176549,0,0.0769693,0.559501,4.43434,0.628458,0.368816,0.670152,2.62954,0.164718,0.217112,0,0.744109,0.0433974,0,-0.000444738,0.257415,0.959452,0.196874,0.0510274,0.0535426,0.00479584,0.00386224,0.441835,0.0492583,5.04822,1.0273,11.8965,0.635368,0.66695,-6.42948,-0.333333,-0.0616029,0.74657,9.45833,5.83333,0,0,1.45833,7.54167,0,-7.27053,0.0001,-0.00203824,0.048637,1.67201,0.136408,54359,0.167832,199.64,2.13169
5129,0.149132,0.568721,0.00505479,0.00505479,0.179803,0.141451,0.798594,0.609064,0.0530458,0.0199414,0.0507084,0.218232,0.0474756,0,0.854972,0.0550058,2.09525,0.175943,0,0.0773131,0.561593,4.41793,0.625753,0.365667,0.674684,2.64532,0.159413,0.21573,0,0.714465,0.0546626,0,-0.000465288,0.262433,0.958991,0.193489,0.0511722,0.0538341,0.00531533,0.004365,0.447339,0.0494406,5.45741,1.48268,12.0734,0.630708,0.672255,-6.59563,-0.333333,-0.0599747,0.719611,10.0833,7.125,0,0,1.58333,7.16667,0,-7.26676,0.0001,-0.00316359,0.0490619,1.69125,0.137354,53759,0.167872,199.53,2.0226
5130,0.150265,0.574715,0.00504562,0.00504562,0.180222,0.142919,0.797722,0.614937,0.0528805,0.020735,0.0505754,0.217679,0.0466945,0,0.855899,0.0555837,2.10721,0.179655,0,0.0770436,0.563458,4.42786,0.627519,0.366986,0.672075,2.63612,0.160888,0.215509,0,0.757264,0.0558983,0,-0.00046001,0.260981,0.95894,0.193511,0.0511404,0.0537042,0.00505844,0.00417535,0.445533,0.0493752,5.28432,1.30028,12.0357,0.632056,0.671338,-6.49144,-0.333333,-0.0601559,0.725335,11.4167,7.45833,0,0,1.875,8.375,0,-7.26489,0.0001,-0.00248206,0.0481202,1.66153,0.131185,54835,0.167903,200.49,2.05684
5131,0.152526,0.587375,0.00504308,0.00504308,0.183593,0.14636,0.797723,0.625919,0.0529537,0.0211561,0.050646,0.2183,0.0469702,0,0.85716,0.0566744,2.10638,0.175043,0,0.0768695,0.565565,4.42461,0.627968,0.367128,0.673349,2.63009,0.162397,0.215973,0,0.757631,0.0357734,0,-0.000493642,0.259188,0.958891,0.194041,0.0511437,0.0537978,0.00526282,0.00437115,0.447356,0.049371,5.39944,1.28869,12.0599,0.632083,0.671999,-6.48925,-0.333333,-0.0610987,0.740767,12.6667,7.91667,0,0,1.66667,8.70833,0,-7.26496,0.0001,-0.00250905,0.0456294,1.61719,0.128299,56318,0.167927,198.97,2.14432
5132,0.154415,0.59676,0.00502983,0.00502983,0.182846,0.147688,0.796912,0.638494,0.0525302,0.0211831,0.0502858,0.216907,0.047251,0,0.855639,0.0592337,2.10568,0.179365,0,0.0766568,0.563495,4.4386,0.629199,0.368864,0.671791,2.63324,0.165396,0.214607,0,0.788132,0.036642,0,-0.00050073,0.260467,0.958404,0.197122,0.0509216,0.0533967,0.00477933,0.00385527,0.447649,0.0491097,5.4314,1.07324,11.9577,0.634593,0.667808,-6.42969,-0.333333,-0.0612794,0.752526,13.1667,8.45833,0,0,1.58333,8.25,0,-7.26233,0.0001,-0.00173977,0.0432133,1.63078,0.126904,55928,0.168017,199.75,2.3412
5133,0.152392,0.590627,0.00502102,0.00502102,0.180246,0.146348,0.797728,0.627619,0.0525577,0.0215711,0.0502915,0.21646,0.0504231,0,0.854067,0.0574843,2.10367,0.188527,0,0.0781247,0.56944,4.44437,0.629194,0.36993,0.672721,2.63199,0.162309,0.214186,0,0.749808,0.0480265,0,-0.000512804,0.263777,0.95872,0.196403,0.0509116,0.0534145,0.00491661,0.00399951,0.448912,0.0491068,5.3977,1.08299,11.9612,0.634738,0.668493,-6.44347,-0.333333,-0.060356,0.746004,11.5833,7.33333,0,0,1.25,8.33333,0,-7.25359,0.0001,-0.00299026,0.043166,1.63216,0.119445,56122,0.168136,198.47,2.17872
5134,0.152452,0.593818,0.00502285,0.00502285,0.180705,0.147274,0.797124,0.638407,0.0524263,0.021509,0.0501803,0.215843,0.0488912,0,0.851249,0.0587558,2.09901,0.181602,0,0.0770625,0.567172,4.44218,0.629589,0.369636,0.669351,2.62287,0.163698,0.213565,0,0.788323,0.0560863,0,-0.000512011,0.264415,0.958703,0.198212,0.050708,0.0532592,0.00498136,0.00407713,0.447288,0.0489249,5.3045,1.06251,11.9738,0.633743,0.673089,-6.42721,-0.333333,-0.0604778,0.748331,11.2917,6.5,0,0,1.33333,7.54167,0,-7.24934,0.0001,-0.00245733,0.0379436,1.6041,0.118774,57058,0.168173,198.96,1.81618
5135,0.153978,0.594936,0.00500851,0.00500851,0.180466,0.147463,0.796722,0.640324,0.0521417,0.0218577,0.0499665,0.215112,0.0479132,0,0.852168,0.0587634,2.10188,0.181646,0,0.0764284,0.564939,4.44932,0.629632,0.371431,0.670122,2.6278,0.165584,0.213193,0,0.811755,0.0473244,0,-0.00059742,0.260006,0.958603,0.20004,0.0505343,0.0529975,0.00494706,0.00408105,0.447421,0.0487434,5.27505,0.771353,11.8819,0.636504,0.664693,-6.29572,-0.333333,-0.0605401,0.750674,9.41667,5.625,0,0,1.41667,7.08333,0,-7.24948,0.0001,-0.0026575,0.0406306,1.61693,0.119699,56606,0.168163,199.84,2.08311
5136,0.150031,0.576428,0.00504301,0.00504301,0.180704,0.143233,0.79716,0.619408,0.0526876,0.0211147,0.050424,0.217148,0.0479676,0,0.854607,0.0563415,2.11838,0.182028,0,0.0776462,0.56309,4.44361,0.628529,0.367171,0.673605,2.63588,0.161172,0.215027,0,0.744751,0.0440686,0,-0.000473942,0.260008,0.958543,0.194762,0.0510288,0.0535467,0.00428787,0.00343305,0.445289,0.049231,5.31839,1.08881,11.9453,0.634711,0.672639,-6.39226,-0.333333,-0.0602472,0.72648,9.5,6.20833,0,0,1.33333,6.75,0,-7.24759,0.0001,-0.00234551,0.042598,1.54697,0.120899,58939,0.16819,200.32,2.01434
5137,0.14812,0.561298,0.00505683,0.00505683,0.178891,0.140406,0.798361,0.592033,0.052907,0.0209357,0.0506151,0.216637,0.0477973,0,0.847893,0.0524185,2.11432,0.182702,0,0.0775044,0.563843,4.42768,0.627434,0.365368,0.676163,2.63991,0.156598,0.214208,0,0.712566,0.035693,0,-0.000476812,0.261641,0.958756,0.191735,0.0511938,0.0537336,0.00474162,0.00387187,0.451402,0.0493752,5.55995,1.25152,12.0202,0.63243,0.6722,-6.41844,-0.333333,-0.0593924,0.707602,10.5,6.125,0,0,1.04167,7.41667,0,-7.24475,0.0001,-0.00254518,0.0496883,1.5658,0.118362,58369,0.168212,198.96,2.08523
5138,0.150088,0.573183,0.00506248,0.00506248,0.180984,0.14295,0.797597,0.612137,0.0525029,0.0213438,0.0503304,0.216959,0.0463855,0,0.850502,0.0554214,2.10209,0.177501,0,0.0758821,0.563586,4.43072,0.62781,0.364717,0.674779,2.64089,0.160913,0.214882,0,0.742691,0.0334755,0,-0.000514505,0.260662,0.958702,0.194411,0.0509155,0.0533753,0.00483629,0.00395168,0.450445,0.0491158,5.49224,0.941433,11.8545,0.637074,0.667753,-6.24212,-0.333333,-0.0601732,0.719639,11.2917,6.04167,0,0,1.75,7.875,0,-7.24354,0.0001,-0.00250137,0.0488658,1.56975,0.119262,58202,0.168192,197.87,2.12433
5139,0.151213,0.580971,0.00505901,0.00505901,0.181778,0.145143,0.797078,0.61704,0.0526496,0.0220083,0.0504563,0.217977,0.046667,0,0.853482,0.0555533,2.10565,0.177436,0,0.0757219,0.564011,4.42677,0.627121,0.365099,0.675937,2.63519,0.161302,0.215711,0,0.745437,0.0365932,0,-0.000498778,0.25668,0.958636,0.193115,0.0511297,0.053597,0.00487442,0.00394483,0.450541,0.0492813,5.59602,0.862278,11.829,0.638405,0.667125,-6.17444,-0.333333,-0.0603491,0.728834,12.7917,5.875,0,0,1.41667,8.125,0,-7.24536,0.0001,-0.00229569,0.043943,1.58812,0.118114,57614,0.168177,199.97,2.08703
5140,0.154147,0.593549,0.0050388,0.0050388,0.184047,0.147212,0.796827,0.639803,0.0522537,0.0216823,0.0500644,0.217584,0.0483607,0,0.8576,0.0589344,2.10725,0.178493,0,0.0758535,0.566932,4.44717,0.629575,0.367751,0.670954,2.6223,0.165816,0.215567,0,0.777929,0.0518825,0,-0.000529907,0.259959,0.95885,0.199361,0.0506176,0.0531343,0.00506733,0.00419997,0.447914,0.0488557,5.47202,0.856326,11.7836,0.639352,0.666105,-6.2918,-0.333333,-0.0615912,0.745195,12.5,7.08333,0,0,2.08333,9.20833,0,-7.2456,0.0001,-0.00281914,0.044318,1.58507,0.119856,57658,0.168209,198.93,1.9092
5141,0.157921,0.610808,0.00501211,0.00501211,0.189156,0.150759,0.795178,0.655886,0.0523598,0.0217522,0.0501156,0.219161,0.0448123,0,0.867716,0.0613016,2.09691,0.174621,0,0.0755347,0.572321,4.45981,0.631068,0.371109,0.668207,2.6124,0.169178,0.216951,0,0.801407,0.0668013,0,-0.000579122,0.251213,0.958919,0.200598,0.0506709,0.0531243,0.00489194,0.0039407,0.453454,0.0488757,5.65076,1.00505,11.889,0.635621,0.660142,-6.45037,-0.333333,-0.0636101,0.766665,11.4583,7.29167,0,0,1.375,8.45833,0,-7.24455,0.0001,-0.00259855,0.0385102,1.59087,0.118341,57514,0.168205,201.46,2.31123
5142,0.156461,0.600402,0.00502322,0.00502322,0.185477,0.149119,0.796533,0.644811,0.0524766,0.021742,0.0502312,0.21842,0.0451445,0,0.861191,0.0588455,2.11598,0.175103,0,0.0752424,0.566057,4.44618,0.629512,0.369614,0.672066,2.62308,0.167769,0.216171,0,0.783915,0.044852,0,-0.000568389,0.255073,0.95918,0.199035,0.050742,0.0533062,0.00514664,0.00415972,0.446154,0.0489626,5.46404,1.01999,11.9382,0.634415,0.668781,-6.36669,-0.333333,-0.062077,0.755863,11.5,6.58333,0,0,1.375,8.75,0,-7.24274,0.0001,-0.00268989,0.0366138,1.57631,0.119064,57983,0.168256,199.76,2.19998
5143,0.156629,0.597488,0.00500482,0.00500482,0.186429,0.147955,0.795763,0.641605,0.0519629,0.0222887,0.049803,0.21912,0.0474312,0,0.86808,0.0594567,2.12622,0.178091,0,0.0751823,0.569855,4.46042,0.631671,0.371895,0.668494,2.5986,0.167788,0.217105,0,0.769976,0.0411123,0,-0.000565175,0.25754,0.958662,0.201824,0.0504852,0.0529172,0.00529446,0.00431457,0.450138,0.0486859,5.53422,0.649586,11.8241,0.638336,0.664694,-6.22626,-0.333333,-0.0624993,0.750992,11.0833,5.58333,0,0,1.375,6.83333,0,-7.23859,0.0001,-0.00239141,0.0411639,1.56334,0.117933,58470,0.168286,200.4,2.14854
5144,0.151287,0.584183,0.00505092,0.00505092,0.182965,0.145166,0.797281,0.62886,0.0525793,0.0212662,0.0503387,0.218442,0.0462313,0,0.857136,0.0579968,2.10545,0.179017,0,0.0762539,0.564797,4.44109,0.62914,0.366215,0.672858,2.62591,0.16286,0.21603,0,0.76583,0.0471433,0,-0.000523231,0.255587,0.958903,0.196737,0.0509432,0.0534485,0.00460076,0.00364137,0.444512,0.0491364,5.73104,1.01491,11.881,0.63589,0.66655,-6.29432,-0.333333,-0.0610726,0.734405,10.4583,5.45833,0,0,1.25,6.58333,0,-7.23623,0.0001,-0.00266018,0.0414391,1.58908,0.118283,57576,0.168328,199.5,2.04826
5145,0.149945,0.57101,0.00504359,0.00504359,0.183008,0.14239,0.795715,0.608507,0.0523145,0.0214238,0.0501315,0.218491,0.0470881,0,0.859196,0.0552533,2.13581,0.182616,0,0.0763864,0.562864,4.44548,0.629997,0.367029,0.672175,2.62143,0.159808,0.216361,0,0.744747,0.0443046,0,-0.000552959,0.260325,0.958787,0.198225,0.0506599,0.0531733,0.004674,0.00379254,0.445376,0.048893,5.66216,0.827711,11.8186,0.637075,0.666372,-6.25551,-0.333333,-0.0609472,0.71652,9.875,5.04167,0,0,1.5,6.79167,0,-7.23234,0.0001,-0.00252107,0.0470749,1.56757,0.120006,58251,0.168337,198.52,1.85462
5146,0.152312,0.587485,0.00503818,0.00503818,0.185753,0.146442,0.796969,0.622746,0.0525309,0.0211455,0.050247,0.218377,0.0475211,0,0.858246,0.0562983,2.10261,0.179651,0,0.0763005,0.567695,4.4528,0.630821,0.367736,0.67161,2.60692,0.161287,0.216055,0,0.782685,0.0277737,0,-0.000569168,0.25683,0.959349,0.197179,0.0507849,0.0533423,0.00478074,0.0038305,0.445346,0.0490225,5.67605,1.04705,11.9024,0.634028,0.663361,-6.39684,-0.333333,-0.0619136,0.738045,11.5417,6.79167,0,0,1.54167,8.58333,0,-7.23199,0.0001,-0.00285982,0.0456361,1.59515,0.12243,57234,0.168308,198.18,2.08917
5147,0.150291,0.581379,0.00505849,0.00505849,0.183837,0.144862,0.796991,0.623675,0.0524532,0.0213355,0.050244,0.217439,0.0447906,0,0.852025,0.0566794,2.10248,0.178431,0,0.0750635,0.564678,4.45126,0.629596,0.365293,0.673275,2.61923,0.160868,0.215086,0,0.763616,0.0376559,0,-0.000507797,0.25579,0.959636,0.197341,0.0508143,0.0533047,0.00473741,0.00380332,0.449202,0.0490737,5.76739,0.951576,11.7564,0.637371,0.659389,-6.30025,-0.333333,-0.0612198,0.730883,11.25,6.08333,0,0,1.58333,8.375,0,-7.23348,0.0001,-0.0020865,0.0458653,1.60906,0.119284,56877,0.168314,199.54,1.99862
5148,0.154817,0.598184,0.0050136,0.0050136,0.18706,0.148258,0.795793,0.647839,0.0523836,0.0210972,0.0501142,0.219302,0.0459387,0,0.865865,0.0603316,2.10339,0.174715,0,0.0755282,0.569085,4.45808,0.631773,0.370792,0.669882,2.6053,0.167244,0.216941,0,0.775044,0.0520864,0,-0.00049158,0.257121,0.959315,0.20032,0.0506393,0.0532086,0.00514572,0.00414523,0.446086,0.0489263,5.62659,1.15688,11.9719,0.63234,0.666459,-6.53748,-0.333333,-0.0626583,0.752448,12.6667,7.91667,0,0,2.04167,9.125,0,-7.23304,0.0001,-0.00220171,0.041867,1.59241,0.119719,57416,0.168338,199.98,2.09074
5149,0.152984,0.587894,0.00504618,0.00504618,0.186849,0.146221,0.796955,0.629091,0.052751,0.0206513,0.0504765,0.219043,0.0439353,0,0.860627,0.0572196,2.08027,0.174633,0,0.0750596,0.568967,4.44118,0.628842,0.366786,0.67377,2.62308,0.163572,0.216694,0,0.763088,0.0403267,0,-0.000469256,0.252139,0.959249,0.195367,0.0510591,0.0535921,0.00481592,0.0038779,0.445774,0.0493285,5.78981,1.23169,11.9771,0.632333,0.662276,-6.45843,-0.333333,-0.0623583,0.739704,11.7917,6.95833,0,0,1.625,8.58333,0,-7.23271,0.0001,-0.00257207,0.0436044,1.57897,0.119782,57868,0.168369,199.35,2.06342
5150,0.154464,0.599355,0.00504449,0.00504449,0.183749,0.148992,0.796497,0.636102,0.0528095,0.0208952,0.0505342,0.219557,0.0458386,0,0.862117,0.0581894,2.11011,0.176344,0,0.0757598,0.561215,4.43014,0.627448,0.366987,0.673417,2.62948,0.163966,0.217029,0,0.792151,0.0389387,0,-0.000491851,0.257723,0.959198,0.195644,0.0510682,0.0536415,0.00492453,0.00394896,0.443085,0.049316,5.6559,1.30522,12.0003,0.632428,0.66577,-6.49486,-0.333333,-0.0613611,0.752223,11.6667,7.04167,0,0,1.33333,9.45833,0,-7.2314,0.0001,-0.00230516,0.0408118,1.58794,0.118509,57607,0.168395,201.12,2.23317
5151,0.154428,0.59575,0.00501283,0.00501283,0.186855,0.147,0.795164,0.642226,0.0522257,0.020964,0.0499982,0.21767,0.0458929,0,0.861653,0.0599421,2.13021,0.177127,0,0.0757305,0.571326,4.46267,0.631738,0.37097,0.667827,2.60887,0.166193,0.21549,0,0.763205,0.058106,0,-0.00053065,0.255062,0.959079,0.201419,0.0505451,0.0529867,0.00493152,0.0039722,0.445691,0.0488531,5.68693,1.09148,11.9117,0.633949,0.664569,-6.52235,-0.333333,-0.0627753,0.747991,11.5417,7.25,0,0,2,8.5,0,-7.22974,0.0001,-0.00208952,0.0393858,1.57809,0.116398,58014,0.168364,200.18,2.32395
5152,0.153092,0.589038,0.00502167,0.00502167,0.185005,0.146113,0.796284,0.634676,0.0524283,0.0213673,0.0502013,0.217751,0.045466,0,0.858837,0.0583659,2.11194,0.177067,0,0.0758274,0.565709,4.45249,0.630733,0.369789,0.668618,2.615,0.165019,0.21533,0,0.767945,0.047638,0,-0.0004913,0.25303,0.958819,0.19769,0.050844,0.0532684,0.00432869,0.00336373,0.447062,0.0490507,5.78819,1.10806,11.9529,0.633858,0.66109,-6.48277,-0.333333,-0.0619212,0.739985,9.20833,5.79167,0,0,1,7.41667,0,-7.22931,0.0001,-0.00165836,0.0398482,1.6061,0.122414,56871,0.168382,200.03,2.04264
5153,0.154873,0.597962,0.00501518,0.00501518,0.186683,0.147729,0.795688,0.645279,0.0522637,0.0205242,0.0500242,0.218803,0.0449832,0,0.864993,0.059935,2.12444,0.174218,0,0.0758689,0.565458,4.45681,0.631529,0.37077,0.666541,2.60401,0.166974,0.216559,0,0.782124,0.0537838,0,-0.00049778,0.254246,0.959105,0.200381,0.0506036,0.0530232,0.00455639,0.00357693,0.444364,0.0488753,5.6371,1.21973,11.9694,0.631588,0.661617,-6.58231,-0.333333,-0.0626937,0.751136,8.91667,6.08333,0,0,1.375,7.5,0,-7.22659,0.0001,-0.0026845,0.0458804,1.59269,0.12307,57294,0.168343,198.34,1.97613
5154,0.151407,0.576995,0.00507193,0.00507193,0.182865,0.144564,0.798147,0.610482,0.052669,0.0213565,0.0504721,0.21946,0.0456527,0,0.857283,0.0543805,2.10428,0.176794,0,0.0753823,0.566902,4.42821,0.627655,0.36352,0.675783,2.63369,0.160349,0.217162,0,0.755605,0.0247815,0,-0.000495231,0.257911,0.958475,0.191221,0.0511103,0.0536307,0.00479691,0.00390301,0.442309,0.0493154,5.6953,0.828726,11.8775,0.636952,0.667203,-6.13779,-0.333333,-0.0605682,0.725229,11.4167,5.66667,0,0,1.04167,7.33333,0,-7.22856,0.0001,-0.00268081,0.0488891,1.62235,0.128582,56143,0.168304,198.56,2.07474
5155,0.155409,0.59662,0.00502986,0.00502986,0.185023,0.148212,0.795931,0.63874,0.0525611,0.0208077,0.0502923,0.217531,0.0461951,0,0.856944,0.0581862,2.11335,0.176114,0,0.0763278,0.56138,4.43968,0.628958,0.368797,0.671788,2.62968,0.165939,0.215157,0,0.772385,0.045273,0,-0.00043787,0.257161,0.959188,0.198073,0.0508701,0.0534312,0.00503393,0.00410121,0.443276,0.0491328,5.68083,1.27325,12.0234,0.631084,0.665078,-6.5255,-0.333333,-0.06186,0.748496,10.375,6.66667,0,0,1.41667,9.70833,0,-7.22934,0.0001,-0.00191259,0.0495947,1.63894,0.121459,55842,0.168318,200.87,2.19886
5156,0.147281,0.564744,0.0050789,0.0050789,0.178931,0.141045,0.797411,0.601713,0.0530662,0.0197751,0.050726,0.218575,0.0491773,0,0.851792,0.0535737,2.09575,0.186924,0,0.0781156,0.561188,4.40934,0.625262,0.362682,0.674582,2.64352,0.15641,0.21588,0,0.737608,0.0363729,0,-0.000358326,0.261005,0.959275,0.190367,0.0512925,0.0538948,0.00433658,0.00340368,0.441386,0.0495341,5.88836,1.61896,12.0922,0.62858,0.671388,-6.57623,-0.333333,-0.059372,0.709153,11.6667,7.29167,0,0,1.375,9.70833,0,-7.22935,0.0001,-0.0029373,0.0461754,1.66008,0.128982,54947,0.168315,198.28,1.87167
5157,0.153822,0.590341,0.00503645,0.00503645,0.184969,0.146765,0.796926,0.628719,0.0528581,0.0205364,0.0505096,0.218988,0.0467234,0,0.860727,0.0569466,2.08977,0.178812,0,0.0768649,0.566357,4.43868,0.628454,0.367925,0.672058,2.62413,0.163623,0.216552,0,0.769268,0.0396523,0,-0.000383444,0.255822,0.958911,0.195102,0.0511056,0.0536883,0.00465981,0.00373889,0.444613,0.0493632,5.80413,1.43728,12.1427,0.628689,0.670016,-6.59598,-0.333333,-0.061716,0.742998,11.7917,8.79167,0,0,1.16667,9.41667,0,-7.22934,0.0001,-0.00221123,0.0444692,1.66198,0.128097,54916,0.168341,199.05,2.14561
5158,0.154263,0.595744,0.00502002,0.00502002,0.184452,0.14728,0.795654,0.645711,0.0524997,0.0205563,0.0501935,0.21625,0.0469648,0,0.853767,0.0597511,2.0963,0.175228,0,0.0757698,0.567751,4.45684,0.630577,0.370056,0.670471,2.61624,0.166547,0.213846,0,0.785242,0.0497115,0,-0.000381619,0.261319,0.959337,0.200294,0.0507342,0.0533407,0.00516365,0.00422902,0.444971,0.0490548,5.55418,1.33319,12.0496,0.630368,0.669156,-6.6122,-0.333333,-0.061893,0.749578,11.25,7.29167,0,0,1.66667,9.08333,0,-7.22614,0.0001,-0.00314226,0.0404018,1.64621,0.12742,55425,0.168374,200.84,2.16405
5159,0.155661,0.591393,0.00503439,0.00503439,0.188062,0.146915,0.796302,0.626813,0.0524713,0.0211303,0.0502178,0.217705,0.0464082,0,0.85908,0.0567733,2.0977,0.182068,0,0.0768797,0.56967,4.45301,0.629786,0.368236,0.672027,2.62652,0.164706,0.215693,0,0.775637,0.0206667,0,-0.000447598,0.253081,0.958184,0.198075,0.0508354,0.0533713,0.00353073,0.00268811,0.443265,0.0490133,5.63504,1.01088,11.9473,0.635277,0.665816,-6.35875,-0.333333,-0.0629039,0.744088,12.0833,7.33333,0,0,1.625,8.08333,0,-7.2249,0.0001,-0.00222841,0.0384731,1.63261,0.12208,56023,0.168409,200.04,2.22935
5160,0.155809,0.602024,0.00500899,0.00500899,0.184379,0.148941,0.795923,0.647225,0.052225,0.0212205,0.050005,0.217667,0.0471292,0,0.861493,0.0605162,2.10395,0.17904,0,0.0761315,0.567616,4.45076,0.630403,0.37139,0.668751,2.61781,0.166903,0.21548,0,0.787507,0.0534504,0,-0.000490814,0.258616,0.95836,0.200872,0.0506281,0.0531204,0.00469209,0.00377466,0.443482,0.0488624,5.583,1.01804,11.9943,0.633694,0.667834,-6.41262,-0.333333,-0.0618819,0.757248,9.45833,6.70833,0,0,1.45833,6.54167,0,-7.22283,0.0001,-0.00268839,0.0404455,1.6229,0.123327,56294,0.168442,200.58,2.20014
5161,0.147979,0.569863,0.00505589,0.00505589,0.181442,0.141567,0.796812,0.610654,0.0524656,0.0206622,0.0502476,0.218535,0.0480863,0,0.858252,0.0558525,2.12381,0.182354,0,0.0768665,0.559915,4.43309,0.627247,0.365575,0.672583,2.63569,0.158051,0.2164,0,0.722776,0.0556756,0,-0.000451189,0.260248,0.958829,0.19637,0.0508354,0.0533218,0.00440741,0.00348907,0.443418,0.0490892,5.66486,1.0964,11.8987,0.63557,0.666383,-6.36563,-0.333333,-0.0605213,0.715656,9.83333,6.29167,0,0,1.41667,7.25,0,-7.22409,0.0001,-0.00287452,0.0448684,1.64568,0.121945,55613,0.168473,198.25,1.92876
5162,0.148781,0.571761,0.00505962,0.00505962,0.179382,0.142434,0.796545,0.612005,0.0524736,0.0209173,0.0502564,0.216882,0.0509613,0,0.849746,0.0547751,2.09849,0.189177,0,0.0772087,0.563077,4.43201,0.628111,0.36516,0.673606,2.63271,0.159151,0.214451,0,0.736314,0.0385989,0,-0.00039296,0.263534,0.958732,0.194517,0.0509402,0.0534228,0.00436611,0.00344466,0.445231,0.049182,5.67036,1.01297,11.858,0.63624,0.664871,-6.32245,-0.333333,-0.0597774,0.716029,11.6667,6.375,0,0,1.58333,7.25,0,-7.22544,0.0001,-0.0024579,0.0452917,1.62904,0.131583,55834,0.168469,198.36,1.75264
5163,0.154148,0.591253,0.00504029,0.00504029,0.183768,0.147101,0.796103,0.633003,0.052408,0.0215128,0.050186,0.21864,0.0481466,0,0.860287,0.0580478,2.11396,0.180403,0,0.0768479,0.559984,4.44016,0.629055,0.367448,0.670195,2.62476,0.164636,0.216526,0,0.789797,0.0422213,0,-0.000458703,0.258032,0.958342,0.197264,0.0508395,0.0533328,0.00475154,0.0038474,0.445134,0.0490519,5.72423,0.966895,11.9182,0.636015,0.672211,-6.28484,-0.333333,-0.0612999,0.7414,11.4583,7.16667,0,0,1.29167,8,0,-7.22947,0.0001,-0.0022412,0.0475127,1.61364,0.120228,56696,0.168452,199.58,2.30332
5164,0.153947,0.593325,0.00503897,0.00503897,0.186272,0.14765,0.796478,0.629749,0.0524858,0.021288,0.0502528,0.219452,0.0457343,0,0.862552,0.0573906,2.09604,0.178983,0,0.0758526,0.565045,4.44179,0.628937,0.367609,0.672088,2.62683,0.163437,0.217096,0,0.770961,0.0448804,0,-0.000428596,0.257166,0.958925,0.195411,0.0509375,0.0533998,0.0045564,0.00362974,0.443738,0.0491545,5.70021,1.07697,11.9549,0.6343,0.665929,-6.38715,-0.333333,-0.0621407,0.743965,11.8333,6.25,0,0,1.04167,9.16667,0,-7.23108,0.0001,-0.00222431,0.0416852,1.62817,0.123994,56104,0.168435,199.2,2.07365
5165,0.151674,0.583152,0.00504334,0.00504334,0.183563,0.145076,0.79582,0.624665,0.0524959,0.0208244,0.050275,0.217878,0.0468717,0,0.856436,0.0567752,2.09888,0.179555,0,0.0757684,0.564516,4.4412,0.628683,0.367155,0.672058,2.62484,0.161851,0.215462,0,0.768242,0.0511195,0,-0.00043555,0.25854,0.958654,0.195874,0.0509165,0.0533523,0.00459875,0.00364975,0.443801,0.0491639,5.70595,1.15928,11.9352,0.634228,0.661879,-6.4395,-0.333333,-0.061296,0.730881,11.9167,7.41667,0,0,1.04167,9.08333,0,-7.23134,0.0001,-0.00251318,0.0499245,1.62403,0.120225,56358,0.168462,199.36,1.94379
5166,0.154511,0.593222,0.00502077,0.00502077,0.184967,0.146912,0.795454,0.638994,0.0523419,0.0210311,0.0501018,0.217269,0.0484756,0,0.85798,0.0593471,2.10455,0.183885,0,0.0765895,0.569204,4.45328,0.630065,0.369954,0.670416,2.62005,0.165953,0.215014,0,0.763071,0.0580706,0,-0.000456255,0.259882,0.958716,0.199037,0.0507245,0.053215,0.00442197,0.00350403,0.440882,0.048961,5.63311,1.12549,11.978,0.633616,0.665403,-6.48421,-0.333333,-0.0619631,0.743918,12.4583,7.91667,0,0,1.41667,8.625,0,-7.23038,0.0001,-0.00261035,0.0418324,1.62203,0.128388,56160,0.168518,198.82,2.06576
5167,0.153138,0.587727,0.00503246,0.00503246,0.185749,0.14629,0.79678,0.627403,0.0525303,0.0208689,0.0502794,0.218134,0.0459461,0,0.858852,0.0569755,2.10828,0.178384,0,0.0755509,0.568749,4.44126,0.628603,0.368426,0.673258,2.62711,0.16376,0.21605,0,0.770656,0.0343369,0,-0.000457779,0.254761,0.958676,0.195781,0.0509298,0.0534019,0.00449139,0.00359406,0.439839,0.0491454,5.63578,1.2002,12.058,0.630957,0.669102,-6.43463,-0.333333,-0.0619284,0.739419,12.0833,6.75,0,0,1.58333,8.54167,0,-7.2281,0.0001,-0.00241821,0.0437529,1.62287,0.125379,56230,0.168559,199.37,2.06521
5168,0.153192,0.594782,0.00502442,0.00502442,0.185561,0.147052,0.795129,0.641076,0.0521193,0.0210268,0.0499462,0.216708,0.0479769,0,0.856306,0.0598421,2.12254,0.183194,0,0.0757019,0.566691,4.45189,0.629358,0.369469,0.669995,2.62841,0.164586,0.214656,0,0.786823,0.0474688,0,-0.000544439,0.257472,0.958702,0.200008,0.0505885,0.0529401,0.00400783,0.00307553,0.439562,0.0488061,5.49289,0.950668,11.853,0.635607,0.659974,-6.40086,-0.333333,-0.0622061,0.745988,9.29167,5.79167,0,0,1.25,7.54167,0,-7.22688,0.0001,-0.00201752,0.04159,1.6187,0.122202,56467,0.168537,199.79,2.08606
5169,0.153708,0.583579,0.0050568,0.0050568,0.186828,0.145645,0.796637,0.62152,0.0526228,0.0210691,0.0503979,0.22169,0.0441047,0,0.869081,0.0563767,2.11145,0.172654,0,0.0746261,0.560783,4.42613,0.627469,0.365371,0.675381,2.63531,0.163295,0.219575,0,0.738767,0.0511103,0,-0.000468213,0.251598,0.958399,0.19244,0.0511461,0.0535541,0.00475507,0.00384085,0.438058,0.0493588,5.69261,0.95329,11.9671,0.634357,0.671643,-6.22975,-0.333333,-0.0620835,0.732156,10.3333,5.91667,0,0,1.20833,6.70833,0,-7.22699,0.0001,-0.00308243,0.0473758,1.60211,0.127473,56836,0.168561,200.51,2.13552
5170,0.151974,0.576683,0.00503396,0.00503396,0.183147,0.143136,0.795157,0.61702,0.0521221,0.0217239,0.0499313,0.217281,0.0495021,0,0.856157,0.0566012,2.12975,0.182865,0,0.0766972,0.565001,4.4357,0.630021,0.368265,0.668795,2.61353,0.16208,0.215189,0,0.735351,0.0518309,0,-0.000447147,0.262351,0.957807,0.197202,0.0507477,0.0531867,0.00478921,0.00386853,0.439774,0.048956,5.5276,0.690672,11.8691,0.638412,0.671471,-6.15132,-0.333333,-0.0612171,0.722441,11.6667,6.58333,0,0,1.25,7.125,0,-7.22396,0.0001,-0.00282697,0.0473021,1.64579,0.127501,55436,0.168563,199.58,1.75057
5171,0.150321,0.582163,0.00505697,0.00505697,0.182882,0.145205,0.795129,0.619384,0.0522407,0.0212093,0.0500734,0.219672,0.0480888,0,0.860655,0.0568552,2.11426,0.180777,0,0.0760813,0.561738,4.42764,0.627867,0.365374,0.674023,2.63574,0.159764,0.217313,0,0.754385,0.0313489,0,-0.000387564,0.260544,0.957495,0.1951,0.050908,0.0533323,0.00490739,0.00393129,0.442349,0.0491186,5.82898,0.814351,11.8745,0.637318,0.670429,-6.18536,-0.333333,-0.0608505,0.727331,12.0417,7.20833,0,0,1.08333,7.45833,0,-7.22511,0.0001,-0.00241015,0.0488293,1.57792,0.133391,57443,0.168541,198.3,1.6247
5172,0.149351,0.564842,0.00506215,0.00506215,0.180477,0.14063,0.795414,0.598959,0.0524377,0.0208676,0.050236,0.218545,0.0494106,0,0.857207,0.0538997,2.11129,0.186467,0,0.077338,0.559449,4.42263,0.626801,0.36477,0.673441,2.63279,0.158021,0.216392,0,0.720714,0.0416882,0,-0.000463199,0.262693,0.958138,0.194211,0.050954,0.0533843,0.00471933,0.00380832,0.439209,0.0491775,5.64331,1.02122,11.8923,0.636529,0.66937,-6.26983,-0.333333,-0.0601042,0.706324,12.0833,7.45833,0,0,1.41667,7.83333,0,-7.22539,0.0001,-0.00277366,0.0437222,1.58561,0.135242,57125,0.168551,197.21,1.70033
5173,0.154587,0.594446,0.00503216,0.00503216,0.185867,0.147658,0.794725,0.633018,0.0523604,0.0212142,0.0501278,0.217973,0.0462988,0,0.859168,0.0578211,2.09857,0.178357,0,0.0759199,0.566812,4.45021,0.630555,0.368512,0.670789,2.61253,0.165097,0.215801,0,0.750191,0.0397221,0,-0.000491486,0.25716,0.958231,0.198744,0.0507289,0.0532528,0.00480442,0.00385053,0.441151,0.0489594,5.72389,1.03374,11.9453,0.634681,0.667141,-6.38001,-0.333333,-0.0621241,0.743614,11.6667,7.625,0,0,1.66667,9.125,0,-7.22674,0.0001,-0.00230451,0.0391767,1.60142,0.118823,57145,0.16853,197.91,1.97503
5174,0.156942,0.60779,0.00502836,0.00502836,0.188584,0.150501,0.795325,0.646774,0.0522957,0.0208421,0.0500615,0.21846,0.0470356,0,0.862015,0.0595398,2.096,0.178991,0,0.0755408,0.569518,4.45236,0.630487,0.369148,0.669882,2.61507,0.166805,0.216104,0,0.797305,0.0458331,0,-0.000420419,0.254918,0.958582,0.198694,0.0507572,0.0531647,0.0045182,0.00356264,0.439463,0.0490097,5.63728,1.07666,11.9308,0.634023,0.661969,-6.47614,-0.333333,-0.0632034,0.762031,11.3333,7.83333,0,0,1.33333,8.91667,0,-7.22923,0.0001,-0.00204951,0.041256,1.5657,0.12664,58087,0.168509,200.82,2.55236
5175,0.158068,0.605745,0.00501119,0.00501119,0.188485,0.15042,0.794064,0.645042,0.0523247,0.0214848,0.0500727,0.219172,0.0466842,0,0.867105,0.0593104,2.12345,0.176521,0,0.0758958,0.56414,4.46287,0.631775,0.371098,0.667946,2.61323,0.168384,0.217259,0,0.812212,0.0399285,0,-0.0004589,0.255691,0.958208,0.199813,0.0507077,0.0532628,0.00455755,0.00361285,0.436846,0.0489023,5.51917,0.971045,11.986,0.633789,0.670507,-6.35983,-0.333333,-0.0630916,0.758211,13.1667,8.04167,0,0,1.625,8.79167,0,-7.23024,0.0001,-0.00146527,0.0386372,1.62049,0.123251,56375,0.168512,198.33,2.05348
5176,0.155594,0.598927,0.00499776,0.00499776,0.188487,0.147744,0.793656,0.641197,0.0522089,0.0209556,0.0499792,0.21916,0.0455176,0,0.868997,0.059454,2.11599,0.174691,0,0.0756074,0.567488,4.46418,0.631566,0.372783,0.666976,2.60487,0.166382,0.216984,0,0.778398,0.0583699,0,-0.000402395,0.252108,0.958598,0.202245,0.0507011,0.0531451,0.0044538,0.00346568,0.44032,0.0489327,5.57934,1.09238,11.9802,0.632619,0.665413,-6.50107,-0.333333,-0.0633893,0.750387,11.375,7.33333,0,0,2.04167,7.5,0,-7.22894,0.0001,-0.00268853,0.0396021,1.62103,0.122775,56373,0.168565,201.12,2.2608
5177,0.154628,0.592007,0.00505687,0.00505687,0.186152,0.147949,0.796154,0.629042,0.052484,0.0209949,0.0502519,0.220382,0.0469138,0,0.863998,0.0568169,2.10878,0.175827,0,0.0756728,0.562948,4.43571,0.627487,0.365458,0.673539,2.63874,0.164017,0.218268,0,0.769874,0.0281028,0,-0.000413294,0.257191,0.958421,0.194232,0.0509852,0.0534584,0.00444447,0.00354797,0.438001,0.0491982,5.64733,0.92215,11.8871,0.636663,0.671573,-6.24307,-0.333333,-0.061812,0.742004,11.5833,5.95833,0,0,1.70833,7.45833,0,-7.22613,0.0001,-0.00234945,0.0414592,1.65953,0.126205,55049,0.168598,196.55,1.65318
5178,0.150758,0.576926,0.005038,0.005038,0.18152,0.142965,0.793945,0.618144,0.0521254,0.0214659,0.0499588,0.216254,0.0483585,0,0.851956,0.0565621,2.13057,0.183102,0,0.0765529,0.562149,4.44143,0.628853,0.367776,0.672677,2.63156,0.16146,0.214154,0,0.748526,0.0419016,0,-0.000424848,0.260647,0.958128,0.196628,0.0508443,0.0531524,0.00448174,0.00357995,0.440245,0.0490629,5.58894,0.737813,11.8252,0.638868,0.668904,-6.22738,-0.333333,-0.0606915,0.719581,10.6667,6.04167,0,0,0.833333,7,0,-7.22684,0.0001,-0.00228134,0.042052,1.71316,0.132316,53267,0.168587,198.81,1.9386
5179,0.158576,0.607109,0.00501881,0.00501881,0.187094,0.1508,0.79347,0.644111,0.0522883,0.0209098,0.0500312,0.22022,0.0476419,0,0.868453,0.0593989,2.11945,0.178837,0,0.0761958,0.564336,4.45496,0.630859,0.370168,0.668646,2.60944,0.167937,0.217721,0,0.780036,0.0415097,0,-0.000435283,0.2578,0.958325,0.198359,0.0507487,0.0531946,0.00482743,0.00381877,0.438964,0.0489838,5.80411,1.11089,12.0005,0.632215,0.666779,-6.48519,-0.333333,-0.0625738,0.756457,11,7.5,0,0,0.875,8.5,0,-7.22919,0.0001,-0.00236912,0.0458204,1.69646,0.133827,53709,0.168583,200.33,2.38995
5180,0.154647,0.592209,0.00504636,0.00504636,0.185928,0.147539,0.795153,0.625353,0.0526412,0.0205704,0.0503622,0.221598,0.0468435,0,0.869818,0.0568053,2.09433,0.179392,0,0.0766942,0.563272,4.43976,0.629169,0.366736,0.672119,2.62416,0.163344,0.219163,0,0.740532,0.0483123,0,-0.000428865,0.258482,0.958341,0.193421,0.0510422,0.0535183,0.00495556,0.00397418,0.441935,0.0492702,5.92423,1.24853,12.029,0.632169,0.671212,-6.43649,-0.333333,-0.0619643,0.738835,11.2917,7.54167,0,0,1.16667,8.41667,0,-7.22852,0.0001,-0.00242631,0.0438904,1.7037,0.1316,53562,0.16863,196.98,1.96264
5181,0.158298,0.604626,0.00501762,0.00501762,0.190117,0.14999,0.794007,0.643203,0.0523569,0.021194,0.050114,0.219502,0.0459496,0,0.86684,0.0592538,2.11886,0.171844,0,0.0753032,0.565217,4.4427,0.630024,0.370337,0.667834,2.61415,0.167853,0.217278,0,0.785983,0.0415015,0,-0.000386742,0.255546,0.958225,0.199571,0.0508133,0.0533774,0.00506313,0.00410464,0.441256,0.0490335,5.63695,1.04869,12.0265,0.632579,0.670521,-6.37538,-0.333333,-0.0636628,0.755554,11.625,6.83333,0,0,1.5,8.04167,0,-7.2243,0.0001,-0.0021387,0.0435678,1.7218,0.132163,53023,0.16868,201.08,2.1259
5182,0.153945,0.594326,0.00503894,0.00503894,0.185158,0.147167,0.794909,0.634018,0.0524118,0.0203368,0.0501604,0.218157,0.0471524,0,0.85895,0.0583528,2.1094,0.182738,0,0.0767592,0.564287,4.43567,0.628012,0.367684,0.672543,2.63898,0.164393,0.215869,0,0.769131,0.0479102,0,-0.000325181,0.256892,0.958489,0.196268,0.050919,0.0533179,0.00417365,0.00323685,0.439869,0.049167,5.79813,1.23795,11.9838,0.632661,0.666484,-6.50332,-0.333333,-0.0619675,0.744224,11.9583,7.79167,0,0,1.625,9.375,0,-7.2225,0.0001,-0.00221612,0.0446546,1.66197,0.128253,54911,0.168668,197.97,2.11121
5183,0.153655,0.589774,0.00502082,0.00502082,0.185384,0.146057,0.794655,0.639205,0.0525603,0.0206092,0.0502933,0.218064,0.04583,0,0.860927,0.0590542,2.11613,0.174587,0,0.0764131,0.559197,4.43368,0.628495,0.369887,0.66907,2.62088,0.166708,0.215809,0,0.775262,0.0453152,0,-0.000382605,0.253276,0.958354,0.196977,0.0510394,0.0534517,0.00444231,0.00349848,0.436181,0.0492791,5.67581,1.23369,12.0738,0.631408,0.670928,-6.54568,-0.333333,-0.0620961,0.738479,12.25,8.79167,0,0,1.54167,8.875,0,-7.22285,0.0001,-0.00233112,0.043383,1.66952,0.128825,54663,0.168692,203.4,2.18788
5184,0.150895,0.57683,0.00502258,0.00502258,0.184055,0.143015,0.794096,0.615728,0.0526107,0.0205076,0.050314,0.21877,0.048462,0,0.862599,0.0561867,2.12051,0.180617,0,0.0776872,0.557732,4.42173,0.626672,0.369667,0.670756,2.63525,0.160654,0.216374,0,0.770455,0.030739,0,-0.000336314,0.262106,0.958307,0.19669,0.0510188,0.0535431,0.00525321,0.00430716,0.439636,0.0492871,5.67511,1.39845,12.1324,0.630061,0.673349,-6.5772,-0.333333,-0.0615851,0.720225,11.4583,7.83333,0,0,1.5,8.54167,0,-7.2201,0.0001,-0.0023419,0.0433266,1.64615,0.125545,55485,0.168754,198.9,1.82224
5185,0.159161,0.614574,0.00501422,0.00501422,0.189891,0.152054,0.793835,0.654515,0.0525922,0.0206966,0.0503266,0.219876,0.0446483,0,0.868819,0.0608738,2.10939,0.171828,0,0.075736,0.566081,4.44808,0.629544,0.370737,0.668869,2.62466,0.16933,0.217592,0,0.77723,0.0533489,0,-0.00041932,0.249755,0.958484,0.197434,0.0509826,0.0534429,0.00446336,0.00348285,0.44208,0.0492099,5.71582,1.23709,12.0573,0.632059,0.670904,-6.52657,-0.333333,-0.0636567,0.76703,11.0833,7,0,0,1.54167,7.95833,0,-7.21644,0.0001,-0.00275888,0.0436054,1.65305,0.129476,55148,0.168805,202.49,2.41039
5186,0.151997,0.587153,0.00504209,0.00504209,0.18191,0.145718,0.79472,0.623524,0.052212,0.0213768,0.0500535,0.218017,0.0490515,0,0.859158,0.0571498,2.09784,0.184989,0,0.0774019,0.562619,4.42228,0.626098,0.36731,0.672547,2.64054,0.161584,0.216097,0,0.759794,0.0458,0,-0.000436246,0.262823,0.95769,0.196611,0.0508404,0.0532242,0.00488062,0.00401556,0.438211,0.0490582,5.66879,0.85273,11.906,0.638743,0.674065,-6.18846,-0.333333,-0.0607626,0.733159,10.4583,6.70833,0,0,0.875,6.25,0,-7.21438,0.0001,-0.00224873,0.046857,1.6762,0.125416,54564,0.168838,199.98,1.93123
5187,0.149167,0.570278,0.00506416,0.00506416,0.180962,0.142171,0.795321,0.607933,0.0525878,0.0210343,0.0503655,0.219986,0.0496796,0,0.862189,0.0550566,2.0931,0.189119,0,0.07792,0.55669,4.42066,0.626136,0.364545,0.673133,2.64285,0.158774,0.217781,0,0.722267,0.0392766,0,-0.000366998,0.262319,0.957921,0.191544,0.051205,0.053585,0.00468639,0.00378064,0.44284,0.0494129,5.94954,1.07208,11.982,0.63538,0.670705,-6.28075,-0.333333,-0.0601961,0.71279,11.5417,7.5,0,0,0.75,7.33333,0,-7.21326,0.0001,-0.00136973,0.0477819,1.65079,0.123744,55396,0.168866,199.72,1.88106
5188,0.154189,0.59304,0.00504154,0.00504154,0.185378,0.147034,0.794419,0.627262,0.0527426,0.0206429,0.0504615,0.220737,0.0462381,0,0.867899,0.0574583,2.10425,0.179547,0,0.0775181,0.55814,4.41999,0.626398,0.367353,0.670514,2.62619,0.162446,0.218317,0,0.763165,0.0449057,0,-0.000342549,0.257793,0.958593,0.194907,0.0511702,0.0536953,0.00475433,0.0038264,0.441002,0.0494119,5.84911,1.31396,12.0388,0.632625,0.667841,-6.46934,-0.333333,-0.0620171,0.739919,11.8333,7.45833,0,0,1.25,8.33333,0,-7.21175,0.0001,-0.00203972,0.0481145,1.63809,0.123493,55804,0.168889,198.2,2.09604
5189,0.151221,0.577516,0.00501733,0.00501733,0.182484,0.143019,0.794067,0.624774,0.052442,0.0205163,0.0501746,0.218565,0.0481833,0,0.862464,0.0572155,2.09825,0.182758,0,0.0774274,0.562445,4.43662,0.628286,0.370346,0.669322,2.62642,0.163208,0.216203,0,0.74226,0.0436489,0,-0.000341757,0.259131,0.959143,0.196454,0.0508999,0.053312,0.00456378,0.00361257,0.438499,0.0491725,5.67377,1.4214,12.0981,0.628849,0.665626,-6.6404,-0.333333,-0.0611389,0.722494,11.2917,6.79167,0,0,1.5,8.54167,0,-7.20983,0.0001,-0.00215092,0.0445266,1.63244,0.121444,56049,0.168903,199.85,1.92264
5190,0.15487,0.592514,0.00504323,0.00504323,0.186443,0.147238,0.794824,0.625915,0.052678,0.0209602,0.0504283,0.220034,0.0453432,0,0.865798,0.0569434,2.10788,0.178557,0,0.0767153,0.561648,4.4275,0.626641,0.367168,0.671707,2.64154,0.163388,0.21785,0,0.755812,0.0298728,0,-0.000380459,0.255579,0.958224,0.194812,0.0511633,0.0536689,0.00467434,0.00377285,0.438376,0.0493688,5.70092,1.1987,12.0493,0.63356,0.667266,-6.37232,-0.333333,-0.0622453,0.740002,12.0833,7.20833,0,0,0.958333,7.91667,0,-7.21069,0.0001,-0.00130111,0.045574,1.60252,0.128392,56793,0.168894,200.41,2.25993
5191,0.156758,0.603743,0.00499916,0.00499916,0.185106,0.149094,0.793332,0.642395,0.0523617,0.0208919,0.0501105,0.21948,0.0470582,0,0.869507,0.059504,2.11337,0.18132,0,0.0773527,0.561552,4.43999,0.628651,0.372632,0.666613,2.62438,0.166465,0.217088,0,0.778376,0.0432193,0,-0.000386671,0.260089,0.958887,0.199529,0.0508139,0.053267,0.00458141,0.0035831,0.43599,0.0490621,5.47762,1.29343,12.0741,0.63079,0.664682,-6.6044,-0.333333,-0.0622062,0.754063,11.4167,7.75,0,0,1.875,9.79167,0,-7.21121,0.0001,-0.0024358,0.0405469,1.57318,0.120147,58053,0.168904,201.61,2.30398
5192,0.157074,0.608308,0.00501347,0.00501347,0.187808,0.150601,0.793949,0.64553,0.0523954,0.0208816,0.0501658,0.218808,0.0461037,0,0.865406,0.059614,2.1189,0.18133,0,0.077236,0.562778,4.45626,0.629654,0.370874,0.667842,2.62871,0.166427,0.216613,0,0.792521,0.0325463,0,-0.000345596,0.254078,0.958643,0.198431,0.0509607,0.053353,0.00414943,0.00320146,0.438529,0.0491793,5.64133,1.20986,12.0206,0.631635,0.664058,-6.5202,-0.333333,-0.0629987,0.759709,11.125,7.04167,0,0,1.66667,9.25,0,-7.21129,0.0001,-0.00222618,0.0418169,1.5858,0.124209,57487,0.168919,199.32,2.2573
5193,0.155992,0.60181,0.00504364,0.00504364,0.187394,0.149314,0.794517,0.63816,0.0526795,0.0208181,0.0504551,0.219698,0.0448691,0,0.865442,0.0587207,2.11416,0.178128,0,0.0759974,0.56478,4.42835,0.627301,0.367148,0.671207,2.63773,0.165112,0.217625,0,0.772227,0.0484705,0,-0.000359222,0.253221,0.958115,0.194136,0.0512201,0.053615,0.00429517,0.00339447,0.43344,0.0494426,5.64141,1.17372,12.04,0.633152,0.669564,-6.40263,-0.333333,-0.0626917,0.751333,11.2083,7.70833,0,0,0.833333,7.5,0,-7.21147,0.0001,-0.00275131,0.0421734,1.6437,0.12236,55662,0.16891,198.92,2.05301
5194,0.1527,0.584965,0.00502878,0.00502878,0.184405,0.145245,0.793919,0.626206,0.0525891,0.0212844,0.0503648,0.219211,0.0458832,0,0.863652,0.0571537,2.12636,0.178544,0,0.0768161,0.561664,4.42227,0.626619,0.368888,0.671071,2.6378,0.162984,0.216968,0,0.752582,0.0395551,0,-0.000334887,0.255248,0.957943,0.194808,0.0512059,0.0536002,0.00420788,0.00327509,0.437143,0.049389,5.59255,1.12132,12.0556,0.633653,0.670275,-6.36995,-0.333333,-0.0616395,0.731195,12.375,7.33333,0,0,1.54167,7.04167,0,-7.21264,0.0001,-0.00254657,0.0390463,1.6604,0.120554,55197,0.168914,199.29,1.92016
5195,0.154333,0.595073,0.00502881,0.00502881,0.183503,0.14768,0.79358,0.635141,0.0520259,0.0218234,0.0499058,0.217274,0.0493131,0,0.858167,0.0585123,2.11004,0.187658,0,0.0765836,0.560635,4.44191,0.628831,0.368903,0.670671,2.62713,0.164765,0.215403,0,0.767674,0.0515522,0,-0.000357572,0.260878,0.957908,0.198465,0.050834,0.0531527,0.00427712,0.00338558,0.437658,0.0490057,5.58386,0.729575,11.8359,0.638818,0.667786,-6.18976,-0.333333,-0.0613805,0.741223,10.5417,5.66667,0,0,1.20833,6.5,0,-7.21334,0.0001,-0.00231185,0.043868,1.61975,0.120313,56494,0.168887,198.45,1.94001
5196,0.155713,0.601181,0.00503841,0.00503841,0.186479,0.149107,0.794117,0.638729,0.0524224,0.0209734,0.0502197,0.220287,0.0463927,0,0.868175,0.0587311,2.13592,0.180896,0,0.0763621,0.558169,4.44118,0.628089,0.367905,0.669372,2.63159,0.165038,0.21817,0,0.80084,0.045843,0,-0.000328937,0.254501,0.958183,0.195478,0.0510901,0.053422,0.00402229,0.00308685,0.4375,0.0492955,5.71698,1.07437,11.9433,0.634488,0.668036,-6.39574,-0.333333,-0.0623602,0.750243,11.875,7.83333,0,0,1.25,8.25,0,-7.21791,0.0001,-0.00219751,0.0458686,1.63675,0.122263,55885,0.168847,199.69,2.20048
5197,0.157036,0.603563,0.00500062,0.00500062,0.187378,0.14908,0.79261,0.641899,0.0523066,0.0212174,0.0500692,0.219785,0.0462161,0,0.872371,0.0593494,2.11534,0.178773,0,0.0766878,0.562097,4.43922,0.629381,0.372488,0.667186,2.62429,0.167113,0.217836,0,0.758704,0.0559201,0,-0.000328674,0.256578,0.95807,0.200122,0.0508224,0.0532692,0.00459432,0.00366435,0.438233,0.049041,5.53871,1.13204,12.0628,0.632437,0.669728,-6.49905,-0.333333,-0.0630034,0.753443,12.3333,8.33333,0,0,1.79167,8.70833,0,-7.22168,0.0001,-0.00184992,0.0459935,1.64088,0.127517,55589,0.168817,198.96,1.7928
5198,0.151622,0.583652,0.00503346,0.00503346,0.183443,0.144665,0.793737,0.622494,0.0524758,0.0206235,0.0502452,0.219217,0.0469964,0,0.863927,0.0571099,2.10485,0.18113,0,0.0767279,0.560731,4.44182,0.628686,0.3684,0.669136,2.63167,0.16116,0.217028,0,0.744301,0.0515776,0,-0.000299761,0.259579,0.958731,0.196362,0.0510785,0.0534845,0.00426149,0.00332413,0.434951,0.0493266,5.62014,1.28154,12.0284,0.631618,0.664875,-6.51201,-0.333333,-0.0613705,0.728947,11.5833,7.33333,0,0,1.5,9.04167,0,-7.22513,0.0001,-0.00259678,0.0416567,1.61904,0.130478,56189,0.168769,198.26,1.90089
5199,0.157407,0.605765,0.00501913,0.00501913,0.187082,0.150432,0.793662,0.644626,0.0524545,0.0212129,0.0502266,0.219045,0.045826,0,0.865067,0.0588621,2.10283,0.178593,0,0.0760089,0.562642,4.43201,0.627271,0.370098,0.671864,2.63607,0.16725,0.216959,0,0.771515,0.0489144,0,-0.000301016,0.255188,0.958542,0.196288,0.0510722,0.0535052,0.0042768,0.00332527,0.432326,0.049289,5.48305,1.10707,12.0667,0.63151,0.667306,-6.43141,-0.333333,-0.0625461,0.756208,11.75,7.41667,0,0,1.25,7.75,0,-7.22814,0.0001,-0.00133811,0.0446699,1.59383,0.116641,57471,0.168762,199.64,2.22118
5200,0.158603,0.614139,0.00497597,0.00497597,0.187851,0.151191,0.791298,0.663418,0.0518488,0.0217602,0.049667,0.217383,0.0469663,0,0.867251,0.0621852,2.1334,0.182275,0,0.076532,0.568041,4.46893,0.632261,0.375523,0.663791,2.60687,0.170555,0.215657,0,0.807396,0.0497411,0,-0.000420638,0.25468,0.957989,0.20417,0.0504902,0.0528193,0.00396715,0.00299718,0.435446,0.0486871,5.50169,0.872083,11.9771,0.634085,0.661498,-6.44327,-0.333333,-0.0633844,0.764549,12.0417,7.70833,0,0,1.5,8.08333,0,-7.22859,0.0001,-0.00218356,0.0420693,1.59809,0.122758,57125,0.168784,201.08,2.15989
5201,0.157818,0.6029,0.00501487,0.00501487,0.188607,0.149324,0.793552,0.641603,0.0521436,0.0214318,0.0499654,0.218522,0.0466039,0,0.865357,0.0589124,2.1216,0.178422,0,0.0758603,0.564296,4.45351,0.629707,0.370685,0.669511,2.62672,0.167247,0.216716,0,0.773086,0.0503458,0,-0.000346151,0.254119,0.957695,0.198245,0.0509026,0.0532301,0.00422963,0.00328702,0.435885,0.0490908,5.55595,0.860503,11.9585,0.635842,0.667998,-6.29724,-0.333333,-0.0632295,0.752384,12.125,8.29167,0,0,2.04167,7.33333,0,-7.22517,0.0001,-0.00268023,0.0396062,1.6617,0.132658,54784,0.168838,200.89,2.31425
5202,0.155979,0.602055,0.00501951,0.00501951,0.185923,0.149284,0.793902,0.64329,0.051934,0.0218155,0.0498073,0.217809,0.0474003,0,0.861634,0.0595095,2.12199,0.181151,0,0.0760115,0.564774,4.4519,0.631133,0.370063,0.669189,2.61239,0.166912,0.215909,0,0.792692,0.0348612,0,-0.000433484,0.258299,0.957514,0.198413,0.050729,0.0529827,0.00421878,0.00327111,0.435461,0.0488796,5.57466,0.737337,11.9179,0.636935,0.664577,-6.19333,-0.333333,-0.0622697,0.751999,11.9583,7.375,0,0,1.04167,7.66667,0,-7.22022,0.0001,-0.00298287,0.0396701,1.68142,0.13342,54166,0.168869,199.92,2.17248
5203,0.155293,0.598115,0.00503199,0.00503199,0.185056,0.148498,0.794482,0.639115,0.0524754,0.0205444,0.050245,0.218386,0.0468496,0,0.86124,0.0585795,2.11075,0.17847,0,0.0761393,0.561326,4.43733,0.628635,0.368499,0.670645,2.62977,0.165289,0.216363,0,0.794618,0.0558459,0,-0.000272554,0.25725,0.958326,0.195061,0.0511774,0.0535238,0.00440354,0.00347437,0.43292,0.0494153,5.53112,1.16099,12.0239,0.632226,0.670267,-6.43668,-0.333333,-0.061878,0.747054,10.4583,7,0,0,1.375,7.08333,0,-7.21759,0.0001,-0.00163334,0.041122,1.66095,0.133914,54769,0.168869,199.32,2.04946
5204,0.156957,0.603489,0.0050141,0.0050141,0.187019,0.149189,0.792785,0.644326,0.0519342,0.0216552,0.0498038,0.218508,0.0465716,0,0.865973,0.0599803,2.1275,0.180714,0,0.0760819,0.562632,4.44828,0.630124,0.370735,0.668565,2.61894,0.167336,0.216809,0,0.770651,0.0548245,0,-0.000373478,0.2551,0.958093,0.199583,0.0507379,0.0529992,0.00387207,0.00296784,0.433475,0.0489252,5.61969,0.705791,11.8281,0.637901,0.664694,-6.232,-0.333333,-0.0627591,0.752428,11.2083,6.5,0,0,1.375,7.875,0,-7.21835,0.0001,-0.0016153,0.0421432,2.32124,0.167836,39494,0.168815,200.96,2.33515
5205,0.154683,0.592096,0.00504385,0.00504385,0.186203,0.147402,0.794417,0.62791,0.0523565,0.0214905,0.0501734,0.220051,0.0473414,0,0.866009,0.0569743,2.12269,0.178604,0,0.0758116,0.557804,4.42693,0.627892,0.367042,0.671987,2.63449,0.163698,0.218178,0,0.762495,0.0349909,0,-0.00035356,0.258891,0.957581,0.195497,0.051031,0.0534958,0.00471992,0.00382698,0.434573,0.0492343,5.61772,0.812845,11.9603,0.636361,0.673289,-6.17019,-0.333333,-0.0620677,0.738775,12.75,7.58333,0,0,1.04167,7.08333,0,-7.22297,0.0001,-0.00253519,0.0417226,2.7086,0.159882,34270,0.1688,198.3,1.95066
5206,0.159645,0.616181,0.0050024,0.0050024,0.187865,0.152502,0.792874,0.6591,0.0522135,0.0216276,0.0500337,0.218641,0.0470081,0,0.866074,0.0614819,2.11223,0.17651,0,0.0754009,0.564873,4.45762,0.631426,0.372198,0.668994,2.61036,0.17005,0.216491,0,0.793021,0.0524736,0,-0.000367669,0.257539,0.958351,0.199709,0.0509062,0.0532713,0.004718,0.00378566,0.433115,0.0491098,5.55319,0.95152,11.9705,0.634326,0.664209,-6.37351,-0.333333,-0.0630103,0.76892,11.7083,7.54167,0,0,1.29167,8,0,-7.22186,0.0001,-0.00236786,0.0447072,2.40937,0.130449,38705,0.16887,199.93,2.14099
5207,0.157044,0.598298,0.00501425,0.00501425,0.186767,0.147968,0.793712,0.639678,0.0523297,0.0209434,0.0501053,0.219935,0.0468584,0,0.870183,0.0586494,2.11191,0.176669,0,0.0761423,0.562211,4.44703,0.629471,0.370775,0.669171,2.62407,0.167967,0.217883,0,0.77074,0.0529807,0,-0.000337247,0.25577,0.958372,0.198392,0.0508953,0.0532826,0.00404441,0.00312952,0.434687,0.0491114,5.54536,1.16965,12.0372,0.632273,0.662634,-6.5125,-0.333333,-0.0626791,0.746462,11.8333,8.625,0,0,1.75,8.125,0,-7.21802,0.0001,-0.00167477,0.0411457,2.35062,0.148103,39341,0.168921,199.15,2.09297
5208,0.156978,0.608905,0.00499564,0.00499564,0.186428,0.150501,0.792918,0.657923,0.0520826,0.0212991,0.0498876,0.217996,0.0460046,0,0.865011,0.0611578,2.11395,0.176618,0,0.0751063,0.565335,4.46349,0.631992,0.373063,0.666362,2.61179,0.169202,0.215959,0,0.804189,0.0477738,0,-0.000395859,0.256636,0.958651,0.201539,0.050751,0.0531012,0.00431769,0.0033706,0.433528,0.048978,5.46678,0.990726,11.9818,0.6335,0.662802,-6.44064,-0.333333,-0.0626345,0.760895,11.7083,7.95833,0,0,1.625,8.20833,0,-7.21381,0.0001,-0.00236268,0.0423764,2.0014,0.120415,46330,0.168956,199.31,2.21017
5209,0.155356,0.597411,0.00501903,0.00501903,0.18625,0.147854,0.793484,0.641245,0.052017,0.0214092,0.0498448,0.217448,0.0480372,0,0.86033,0.0592657,2.12194,0.184454,0,0.0761163,0.566006,4.46251,0.631146,0.370197,0.669333,2.61816,0.166261,0.215569,0,0.78673,0.0499196,0,-0.000356458,0.258723,0.958321,0.1998,0.0507101,0.0530467,0.00395067,0.0030619,0.435995,0.048928,5.60281,0.867599,11.8864,0.635868,0.66314,-6.34728,-0.333333,-0.0624559,0.746816,11.875,7.66667,0,0,1.45833,7.70833,0,-7.21106,0.0001,-0.002163,0.0416818,1.58971,0.118459,57549,0.169012,198.27,1.91801
5210,0.154867,0.600077,0.0049964,0.0049964,0.18311,0.147802,0.792327,0.648486,0.0520244,0.0210656,0.0498179,0.216281,0.0500534,0,0.859973,0.0609777,2.1338,0.186344,0,0.0772775,0.561865,4.45806,0.631419,0.373062,0.66529,2.61007,0.166635,0.214388,0,0.756126,0.0642879,0,-0.000348214,0.26323,0.959031,0.20312,0.0506555,0.0530285,0.00405147,0.00316941,0.435523,0.0489367,5.46788,1.02921,11.913,0.633861,0.660983,-6.51249,-0.333333,-0.0616655,0.748511,11.3333,7.33333,0,0,1.875,8.29167,0,-7.21113,0.0001,-0.00206184,0.0405953,1.55868,0.119584,58574,0.168998,201.74,2.13326
5211,0.156339,0.601486,0.00500406,0.00500406,0.185781,0.148572,0.79279,0.645392,0.0521456,0.0212306,0.0499406,0.216976,0.0476784,0,0.860809,0.0600305,2.11664,0.180419,0,0.0763632,0.563639,4.44978,0.630552,0.371991,0.668273,2.61291,0.166894,0.215122,0,0.761449,0.0601952,0,-0.000361931,0.258061,0.957975,0.201188,0.0507277,0.0531351,0.00399754,0.00312366,0.43841,0.048941,5.61903,1.04222,12.0127,0.632363,0.663052,-6.45283,-0.333333,-0.0623963,0.749984,10.8333,7.33333,0,0,1.25,7.79167,0,-7.21213,0.0001,-0.0026231,0.042281,1.58009,0.11974,57831,0.169024,199.7,2.03361
5212,0.159046,0.609851,0.00502122,0.00502122,0.1878,0.151323,0.79292,0.646176,0.0521829,0.0215599,0.049981,0.220641,0.0475762,0,0.871867,0.0593254,2.11948,0.177903,0,0.0753138,0.56414,4.46493,0.631278,0.369894,0.670715,2.61865,0.16797,0.218645,0,0.800711,0.037097,0,-0.000398712,0.257786,0.957897,0.198818,0.0508587,0.0532543,0.0042345,0.00330296,0.434649,0.0490513,5.56784,0.810762,11.972,0.634486,0.66543,-6.25538,-0.333333,-0.0628195,0.75913,10.5833,6.79167,0,0,1.04167,6.375,0,-7.20922,0.0001,-0.00218599,0.0452992,1.57242,0.117673,58165,0.169053,201.12,2.20239
5213,0.156429,0.600842,0.00502689,0.00502689,0.184574,0.149101,0.792742,0.635946,0.0521406,0.020947,0.0499326,0.219675,0.0502714,0,0.867825,0.0585259,2.13864,0.184694,0,0.0771297,0.560314,4.44852,0.630287,0.369147,0.667759,2.61816,0.164991,0.217696,0,0.776087,0.0411911,0,-0.000355509,0.26243,0.957934,0.197509,0.0508287,0.0531689,0.00411483,0.00317013,0.432811,0.0490487,5.68209,0.9909,11.9591,0.634255,0.667286,-6.36968,-0.333333,-0.0617981,0.746171,11.5417,8.41667,0,0,1.625,8.66667,0,-7.20933,0.0001,-0.00143018,0.0421479,1.58899,0.120354,57509,0.169037,199.62,1.95647
5214,0.159239,0.609556,0.00501418,0.00501418,0.187158,0.150834,0.792367,0.645596,0.0523102,0.0212451,0.0500748,0.219908,0.047985,0,0.870705,0.0596354,2.13049,0.177661,0,0.0756389,0.562187,4.4437,0.629857,0.370747,0.669356,2.61799,0.168531,0.217938,0,0.776864,0.0474921,0,-0.000390727,0.260316,0.957725,0.199091,0.0508286,0.0532874,0.00486273,0.00394546,0.438647,0.049069,5.6816,1.11934,12.0634,0.632192,0.66824,-6.43586,-0.333333,-0.0627958,0.75874,11.625,8.45833,0,0,1.58333,7.75,0,-7.20991,0.0001,-0.00234611,0.0399069,1.591,0.119803,57460,0.169076,201.05,2.16695
5215,0.158127,0.606651,0.00501761,0.00501761,0.187816,0.150444,0.792904,0.652567,0.0524929,0.0206751,0.050229,0.219394,0.0446943,0,0.866972,0.060256,2.11581,0.173241,0,0.0748341,0.562959,4.45739,0.630557,0.37033,0.669271,2.61889,0.169388,0.217352,0,0.790143,0.0510655,0,-0.000339854,0.255161,0.958633,0.19809,0.0509739,0.0534041,0.00417594,0.00324236,0.434268,0.0492397,5.68487,1.2609,12.022,0.630975,0.663145,-6.59045,-0.333333,-0.0629118,0.755799,10.7917,8.375,0,0,1.79167,8.625,0,-7.20992,0.0001,-0.00252282,0.0440252,1.60921,0.119669,56859,0.169094,198.34,2.13143
5216,0.157894,0.610153,0.00499637,0.00499637,0.18778,0.150371,0.791973,0.650376,0.0523833,0.0206457,0.0501333,0.219077,0.0471128,0,0.869514,0.0606801,2.13318,0.177245,0,0.07571,0.563415,4.46379,0.631316,0.372992,0.667023,2.60703,0.168094,0.216966,0,0.795154,0.0582903,0,-0.000341809,0.260252,0.959016,0.20289,0.0507933,0.053275,0.00452975,0.00360045,0.43509,0.0491153,5.5322,1.38458,12.0504,0.630074,0.66295,-6.70941,-0.333333,-0.0632331,0.758991,10.625,8.16667,0,0,1.79167,8.66667,0,-7.21201,0.0001,-0.00295586,0.0449323,1.57952,0.123245,57731,0.169044,200.53,2.19062
5217,0.160216,0.618939,0.00500338,0.00500338,0.190093,0.15264,0.792002,0.655629,0.0524758,0.020742,0.0501562,0.220289,0.0463283,0,0.874247,0.0613548,2.13417,0.177949,0,0.0764312,0.563572,4.45669,0.631016,0.372193,0.667223,2.61172,0.16915,0.218224,0,0.795119,0.0419489,0,-0.000373929,0.254726,0.957902,0.198908,0.0509214,0.0533587,0.00393843,0.0029968,0.430676,0.0491344,5.53106,1.26349,12.1564,0.629853,0.669618,-6.58579,-0.333333,-0.0639657,0.770396,12.3333,9.29167,0,0,1.66667,8.125,0,-7.21627,0.0001,-0.00245848,0.04386,1.59231,0.12015,57405,0.168986,199.58,2.41072
5218,0.157361,0.605561,0.00500491,0.00500491,0.185971,0.149617,0.79161,0.647794,0.052435,0.0212622,0.0501894,0.218057,0.0468464,0,0.865015,0.0600389,2.12332,0.179237,0,0.0761906,0.561217,4.4498,0.630095,0.371951,0.669385,2.61494,0.168237,0.216231,0,0.778695,0.0435169,0,-0.000299119,0.256692,0.958286,0.198626,0.0510563,0.053436,0.00403795,0.00315562,0.432268,0.0492906,5.5449,1.15793,12.0226,0.633096,0.664851,-6.52581,-0.333333,-0.062492,0.752683,11.0417,7.79167,0,0,1.79167,8.83333,0,-7.21878,0.0001,-0.00234719,0.0428708,1.56718,0.119484,58283,0.168979,200.9,2.39775
5219,0.156896,0.600427,0.00501239,0.00501239,0.187819,0.148667,0.792641,0.64006,0.0524819,0.021016,0.0502487,0.219433,0.0457579,0,0.86805,0.0588949,2.11572,0.177745,0,0.0753056,0.563219,4.44463,0.628848,0.370974,0.67011,2.62637,0.167033,0.217321,0,0.773728,0.0526056,0,-0.000306053,0.253242,0.958748,0.196858,0.0511814,0.0534588,0.00402468,0.00306848,0.432552,0.0494119,5.64589,1.20257,12.0616,0.630764,0.663963,-6.53598,-0.333333,-0.0629649,0.7475,11.0833,7.79167,0,0,1.58333,8.875,0,-7.21835,0.0001,-0.00237936,0.0411498,1.5684,0.118585,58272,0.168991,198.64,2.00854
5220,0.15545,0.592391,0.0050148,0.0050148,0.186686,0.146853,0.79214,0.632887,0.0524808,0.0215986,0.050242,0.219519,0.0457132,0,0.869014,0.0585553,2.13421,0.177121,0,0.0762813,0.558872,4.44364,0.629436,0.370646,0.669315,2.62533,0.165118,0.217718,0,0.771281,0.0504085,0,-0.000323738,0.258487,0.958387,0.198687,0.0510843,0.0535456,0.00406085,0.00314942,0.431987,0.0492857,5.53327,0.952001,11.9863,0.635205,0.671877,-6.35964,-0.333333,-0.0625923,0.736263,10.2917,6.91667,0,0,1.58333,6.33333,0,-7.21545,0.0001,-0.00179481,0.0462068,1.57033,0.121575,58102,0.169002,199.13,2.06212
5221,0.154392,0.588984,0.00502843,0.00502843,0.185346,0.14639,0.793117,0.623024,0.0522638,0.0216882,0.0500867,0.221292,0.0469835,0,0.873756,0.0570556,2.12908,0.182969,0,0.0754892,0.561105,4.43557,0.628554,0.368931,0.670569,2.62865,0.163415,0.219572,0,0.773233,0.0539383,0,-0.000352582,0.258418,0.958043,0.195873,0.0510825,0.0533574,0.00445859,0.00353559,0.435426,0.0492975,5.8286,0.795647,11.9075,0.636636,0.666601,-6.23592,-0.333333,-0.0619316,0.7334,10.625,6.125,0,0,1.375,6.83333,0,-7.21346,0.0001,-0.00257472,0.0455958,1.58992,0.121322,57445,0.169006,200.66,2.00199
5222,0.160638,0.615123,0.00500658,0.00500658,0.191036,0.152418,0.791615,0.647308,0.0521978,0.0218411,0.0500067,0.221295,0.0464369,0,0.876823,0.0598475,2.13679,0.176557,0,0.0754511,0.5597,4.44573,0.630255,0.371674,0.66544,2.61705,0.16894,0.21932,0,0.803005,0.0396481,0,-0.000410211,0.256086,0.958275,0.199851,0.050888,0.0532234,0.00465158,0.00370164,0.438996,0.0490889,5.76364,0.933084,11.9765,0.634329,0.665479,-6.36999,-0.333333,-0.0640164,0.763509,12.0833,7.5,0,0,1.66667,8.66667,0,-7.20927,0.0001,-0.00240194,0.0422865,1.59962,0.12107,57130,0.169005,200.34,1.98153
5223,0.156088,0.603166,0.00500687,0.00500687,0.185544,0.148905,0.790932,0.644504,0.0523277,0.0211686,0.0501008,0.217916,0.0480371,0,0.86253,0.059976,2.12589,0.181428,0,0.076086,0.56209,4.45322,0.630348,0.371728,0.667595,2.61443,0.166728,0.215561,0,0.793281,0.0498731,0,-0.000389882,0.262409,0.958814,0.199822,0.0508482,0.0532717,0.00495324,0.00402654,0.438668,0.0491377,5.77783,1.20011,12.0173,0.632205,0.662134,-6.55011,-0.333333,-0.0623373,0.747691,10.7083,7.45833,0,0,1.5,8,0,-7.20704,0.0001,-0.00265055,0.0448249,1.57768,0.122883,57806,0.168999,201.06,2.12175
5224,0.153697,0.589821,0.00500911,0.00500911,0.186403,0.145538,0.791488,0.632846,0.0520997,0.0218511,0.0499171,0.217752,0.0469543,0,0.864777,0.0586832,2.13228,0.181741,0,0.0760774,0.563922,4.46184,0.631317,0.371484,0.667564,2.61605,0.16503,0.21597,0,0.769307,0.049215,0,-0.000403625,0.259614,0.958006,0.200184,0.0507807,0.0530772,0.00415798,0.00329843,0.436921,0.0490017,5.65853,0.910068,11.9522,0.635697,0.667904,-6.3713,-0.333333,-0.0627079,0.733003,12.0417,8.20833,0,0,1.375,7.875,0,-7.20463,0.0001,-0.00203573,0.0469363,1.58143,0.120056,57775,0.168995,198.59,1.9527
5225,0.156701,0.602459,0.00501128,0.00501128,0.185006,0.14932,0.791777,0.642343,0.052061,0.021956,0.0499035,0.219328,0.0485464,0,0.868404,0.0591983,2.13394,0.183925,0,0.0758975,0.565757,4.44927,0.630048,0.371087,0.669166,2.62008,0.166805,0.217478,0,0.776888,0.0529702,0,-0.000420125,0.259926,0.957966,0.19701,0.050932,0.0531587,0.00461687,0.00370425,0.437408,0.0491657,5.649,0.733616,11.9449,0.636759,0.671603,-6.23546,-0.333333,-0.0619881,0.747916,12.5833,8.16667,0,0,1.41667,7.70833,0,-7.20461,0.0001,-0.00299418,0.0426528,1.57563,0.117853,58048,0.168983,200.15,1.99759
5226,0.155615,0.595309,0.00500402,0.00500402,0.186525,0.146963,0.791398,0.635127,0.0521653,0.0213259,0.0499856,0.2197,0.0467447,0,0.870923,0.0591036,2.13492,0.178888,0,0.0755348,0.559778,4.44699,0.629478,0.372017,0.668691,2.61811,0.16557,0.217546,0,0.786202,0.0471013,0,-0.000335043,0.259649,0.958333,0.199368,0.0508898,0.053207,0.00468269,0.00371591,0.433696,0.0491381,5.62907,1.07084,12.0144,0.633613,0.666097,-6.44716,-0.333333,-0.0627149,0.739411,11.8333,7.45833,0,0,1.5,8.04167,0,-7.20596,0.0001,-0.00292959,0.0447217,1.56633,0.124798,58129,0.168962,202.17,2.24346
5227,0.154648,0.596513,0.00500544,0.00500544,0.185697,0.147136,0.791592,0.64267,0.0521879,0.0214876,0.0499942,0.21889,0.0472841,0,0.866611,0.0599119,2.12767,0.181021,0,0.0757501,0.561736,4.45126,0.629824,0.371817,0.667883,2.62173,0.165971,0.216548,0,0.766327,0.0548586,0,-0.000404323,0.258013,0.95844,0.198939,0.0508709,0.0531583,0.00448254,0.00349497,0.437568,0.0491088,5.84346,1.07764,11.9789,0.633393,0.66307,-6.47605,-0.333333,-0.0624467,0.740538,11.875,6.45833,0,0,1.45833,9.125,0,-7.20501,0.0001,-0.00231014,0.0400309,1.57401,0.120129,58025,0.168978,200.27,1.92323
5228,0.155515,0.594405,0.00501666,0.00501666,0.188855,0.147221,0.792786,0.629787,0.0522884,0.0219129,0.0500931,0.220813,0.0450515,0,0.872947,0.0576176,2.12258,0.180884,0,0.0754677,0.565731,4.44133,0.629357,0.370429,0.668128,2.61791,0.164579,0.218772,0,0.767534,0.0394356,0,-0.000414981,0.250279,0.957882,0.195908,0.0510943,0.0532989,0.003582,0.00266786,0.435091,0.0492638,5.79754,0.831192,11.9687,0.635633,0.666341,-6.28091,-0.333333,-0.0633134,0.739389,10.5833,5.75,0,0,1.29167,7.66667,0,-7.20234,0.0001,-0.00170893,0.0398022,1.5515,0.121718,58751,0.168992,199.64,2.00554
5229,0.157753,0.610247,0.00499977,0.00499977,0.188298,0.150473,0.791579,0.657347,0.0521205,0.0216436,0.0499033,0.218355,0.0461665,0,0.866895,0.0614008,2.12896,0.178681,0,0.0762404,0.564968,4.46061,0.631888,0.372557,0.665387,2.61733,0.169622,0.216395,0,0.803475,0.0647625,0,-0.000370517,0.255483,0.95853,0.202128,0.0507215,0.0531046,0.00428214,0.00339432,0.43967,0.0489505,5.75352,1.0484,11.9793,0.633398,0.66568,-6.47817,-0.333333,-0.063375,0.758798,10.0833,6.16667,0,0,1.5,7.08333,0,-7.1995,0.0001,-0.00248929,0.0435228,1.57362,0.119384,58064,0.169039,200.4,2.01413
5230,0.154286,0.593572,0.00502077,0.00502077,0.18623,0.147014,0.792286,0.634368,0.0528346,0.0208011,0.0505133,0.220292,0.0459335,0,0.870097,0.0583059,2.11413,0.180674,0,0.076071,0.55802,4.42788,0.627915,0.369951,0.668549,2.62439,0.16449,0.217966,0,0.766673,0.0378201,0,-0.000321112,0.25338,0.958824,0.195048,0.0513528,0.053759,0.00422158,0.00329214,0.434489,0.0496004,5.79115,1.41977,12.123,0.629288,0.66833,-6.60207,-0.333333,-0.0624218,0.737447,11.75,7.625,0,0,1.45833,8.83333,0,-7.19636,0.0001,-0.00245366,0.0450097,1.58328,0.118855,57753,0.169073,200.92,2.15725
5231,0.156666,0.601407,0.00500731,0.00500731,0.185989,0.148055,0.791679,0.639714,0.0524385,0.0209611,0.0501586,0.219095,0.0473766,0,0.867667,0.0596841,2.12231,0.178697,0,0.0761305,0.56462,4.45032,0.630535,0.37166,0.666544,2.61365,0.16706,0.21655,0,0.764183,0.0508339,0,-0.00039505,0.258716,0.958852,0.199185,0.0509108,0.0532864,0.0046042,0.00366237,0.438828,0.0491962,5.88621,1.37215,12.0243,0.631344,0.6633,-6.65301,-0.333333,-0.0626562,0.745853,10.5417,6.95833,0,0,1.20833,9,0,-7.19182,0.0001,-0.00181948,0.0452997,1.61765,0.119276,56596,0.169115,201.04,2.17623
5232,0.155328,0.598925,0.00500542,0.00500542,0.186856,0.147938,0.791681,0.644256,0.0523495,0.0213824,0.0501027,0.218292,0.0462584,0,0.865387,0.0597086,2.12329,0.178999,0,0.0756012,0.563965,4.45392,0.630223,0.37189,0.667785,2.61472,0.16642,0.216236,0,0.779387,0.0560497,0,-0.000345853,0.256144,0.958764,0.199736,0.0509462,0.0533229,0.00418823,0.00330946,0.433749,0.0492016,5.7242,1.17733,12.0234,0.632133,0.664805,-6.53234,-0.333333,-0.0627775,0.744048,11.5417,7.875,0,0,1.375,8.625,0,-7.18707,0.0001,-0.00285997,0.0472559,1.58222,0.119221,57776,0.16917,200.72,1.96762
5233,0.155141,0.59173,0.00500729,0.00500729,0.187207,0.145889,0.791614,0.636159,0.0522643,0.0216702,0.0500259,0.219851,0.0462901,0,0.871157,0.0588785,2.13958,0.179856,0,0.0758516,0.564647,4.45814,0.631418,0.371619,0.665909,2.60105,0.166296,0.217756,0,0.754626,0.0516508,0,-0.000446873,0.252684,0.958113,0.199403,0.0508146,0.0531263,0.00416942,0.00321279,0.437122,0.0490431,5.91161,0.992011,11.9908,0.634124,0.669734,-6.44557,-0.333333,-0.0630096,0.735036,12.375,8.83333,0,0,1.33333,8.29167,0,-7.18409,0.0001,-0.00183343,0.0475151,1.59723,0.121229,57204,0.169194,200.27,2.15146
5234,0.160404,0.619369,0.00497289,0.00497289,0.189829,0.152345,0.79161,0.662914,0.0521973,0.0216041,0.0499365,0.219994,0.0449157,0,0.876721,0.0620559,2.12297,0.17558,0,0.0754085,0.565787,4.46642,0.63253,0.375902,0.662822,2.5937,0.171876,0.217826,0,0.793506,0.0505864,0,-0.000426833,0.250349,0.958569,0.203054,0.0507208,0.0530746,0.00398835,0.00304173,0.437411,0.0489438,5.90802,1.16225,12.0089,0.632011,0.662163,-6.61869,-0.333333,-0.064055,0.771143,11.875,8.91667,0,0,1.58333,8.33333,0,-7.18211,0.0001,-0.00236221,0.0451987,1.58059,0.117043,57906,0.169217,202.76,2.36604
5235,0.15517,0.594575,0.00502667,0.00502667,0.187109,0.147496,0.792725,0.628774,0.0523624,0.0216687,0.0501495,0.219653,0.0464801,0,0.867182,0.0576497,2.13027,0.180245,0,0.0760032,0.56083,4.44746,0.629231,0.369152,0.670789,2.62397,0.163737,0.217576,0,0.751488,0.0487155,0,-0.000378724,0.257326,0.958269,0.197538,0.0509824,0.0533639,0.00432056,0.00344156,0.434786,0.0492108,5.88926,0.997794,11.9748,0.634585,0.668658,-6.33227,-0.333333,-0.0625673,0.739016,12.9583,8.70833,0,0,1.16667,7.91667,0,-7.17972,0.0001,-0.00234921,0.0416175,1.54674,0.11664,59098,0.169238,198.43,2.19945
5236,0.156125,0.603283,0.00499921,0.00499921,0.186947,0.14828,0.791415,0.64498,0.0519115,0.0216305,0.0497035,0.220017,0.0479636,0,0.874472,0.0613574,2.13494,0.184606,0,0.0764167,0.564094,4.46663,0.632689,0.3727,0.66386,2.59897,0.166876,0.217957,0,0.77122,0.0763546,0,-0.000402614,0.25755,0.958599,0.203135,0.0505627,0.0527991,0.00415232,0.00319082,0.440182,0.0488361,5.99291,0.970707,11.8428,0.63687,0.662575,-6.50515,-0.333333,-0.0630796,0.74967,10.875,7.20833,0,0,1.33333,7.625,0,-7.17891,0.0001,-0.00217515,0.0402074,1.56123,0.117046,58574,0.169238,202.82,2.28823
5237,0.156718,0.600692,0.00499126,0.00499126,0.189898,0.148291,0.791046,0.646924,0.0524049,0.0210319,0.0500697,0.219818,0.045373,0,0.871222,0.0600207,2.11637,0.178694,0,0.0756501,0.566382,4.46986,0.633513,0.373597,0.663918,2.59387,0.168411,0.217313,0,0.761054,0.059155,0,-0.000396765,0.25391,0.959086,0.202046,0.0507415,0.0532163,0.00474906,0.00379541,0.442074,0.0490423,6.09231,1.39017,12.111,0.628284,0.667448,-6.68703,-0.333333,-0.0638335,0.746952,10.7083,7.75,0,0,1.25,7.91667,0,-7.17872,0.0001,-0.00219929,0.0427486,1.55689,0.11774,58701,0.169274,201.81,2.28513
5238,0.152925,0.582178,0.00502707,0.00502707,0.185717,0.144446,0.792569,0.620678,0.0524069,0.0213431,0.0501449,0.221279,0.0472709,0,0.872097,0.0568482,2.11823,0.179895,0,0.0756845,0.558246,4.46064,0.632017,0.36911,0.665942,2.60267,0.162733,0.218929,0,0.76619,0.044049,0,-0.000335716,0.2562,0.958981,0.197294,0.0510029,0.0533898,0.00454221,0.00355947,0.437246,0.0492802,6.01527,1.06389,11.9522,0.633855,0.669943,-6.42419,-0.333333,-0.0620936,0.72324,10.875,7.83333,0,0,0.916667,8.5,0,-7.1767,0.0001,-0.0022982,0.0424533,1.55118,0.116254,58955,0.169277,198.46,2.04106
5239,0.158178,0.605228,0.00501751,0.00501751,0.192556,0.149913,0.791491,0.643011,0.0523027,0.0217479,0.0500555,0.221022,0.0444469,0,0.873546,0.0595241,2.09506,0.174109,0,0.0740508,0.565243,4.45987,0.633055,0.370446,0.665545,2.59024,0.168192,0.218757,0,0.770912,0.0413338,0,-0.000436845,0.250949,0.958676,0.199866,0.0507876,0.0531646,0.00465236,0.00367837,0.440876,0.0490417,6.10938,1.0255,11.8982,0.634861,0.657268,-6.45398,-0.333333,-0.0646112,0.750785,11.1667,7.45833,0,0,1.08333,7.79167,0,-7.17768,0.0001,-0.00115532,0.0404817,1.55757,0.115492,58756,0.169276,200.01,2.03049
5240,0.156916,0.603786,0.00499586,0.00499586,0.187448,0.149244,0.791292,0.659496,0.052278,0.021409,0.0500027,0.218049,0.0450966,0,0.86513,0.0614301,2.11151,0.176946,0,0.074969,0.565915,4.47172,0.632623,0.373151,0.664808,2.59995,0.170579,0.215877,0,0.805771,0.0643462,0,-0.000421151,0.253855,0.958958,0.200879,0.0507693,0.0531341,0.00443928,0.003521,0.435519,0.0490481,5.84763,1.0835,11.9901,0.633029,0.665881,-6.53275,-0.333333,-0.0630003,0.750431,11.9167,8.16667,0,0,1.29167,7.54167,0,-7.17511,0.0001,-0.00210072,0.0397534,1.56568,0.118563,58366,0.169327,200.79,2.08076
5241,0.160945,0.618681,0.00501209,0.00501209,0.19207,0.153084,0.791643,0.653797,0.0524098,0.0213559,0.050125,0.221171,0.0450086,0,0.874128,0.0606142,2.10389,0.175839,0,0.0749035,0.564702,4.46352,0.632319,0.371026,0.666114,2.60285,0.170082,0.218773,0,0.787973,0.0506661,0,-0.000383941,0.252334,0.95918,0.198816,0.0508729,0.0532754,0.00446227,0.0035031,0.438596,0.0491541,6.045,1.23348,11.9981,0.631897,0.663009,-6.5891,-0.333333,-0.0644203,0.767283,11.25,7.54167,0,0,1,8.95833,0,-7.17091,0.0001,-0.00211459,0.0457845,1.55673,0.118157,58693,0.169347,199.81,2.06615
5242,0.157564,0.603385,0.00500415,0.00500415,0.189651,0.149061,0.791971,0.64683,0.0523605,0.0208143,0.0500548,0.218576,0.0452394,0,0.865332,0.0601502,2.10339,0.17611,0,0.0757321,0.567457,4.46567,0.6332,0.371981,0.665722,2.59592,0.168973,0.216213,0,0.796494,0.0555251,0,-0.0003831,0.252633,0.959278,0.199511,0.0507705,0.0531601,0.00433515,0.0034216,0.438221,0.0490713,5.98833,1.2986,12.0167,0.630472,0.6644,-6.65064,-0.333333,-0.0636745,0.750572,11.2917,8.5,0,0,1.25,8.91667,0,-7.17098,0.0001,-0.00275137,0.042213,1.5408,0.118181,59255,0.169347,201.83,2.2127
5243,0.153515,0.594821,0.00499883,0.00499883,0.186852,0.146498,0.791504,0.645642,0.0526182,0.0208959,0.0502845,0.217127,0.0463629,0,0.861582,0.0603471,2.12156,0.180136,0,0.0765445,0.561208,4.44188,0.630605,0.37271,0.666336,2.61324,0.166111,0.214968,0,0.773612,0.0655277,0,-0.000290835,0.253445,0.959275,0.199913,0.0510691,0.0535026,0.00432637,0.00343358,0.435294,0.0493856,5.7933,1.4317,12.0841,0.630288,0.667172,-6.72425,-0.333333,-0.0629068,0.739783,10.75,8.58333,0,0,1.375,8.79167,0,-7.17023,0.0001,-0.00271863,0.0401055,1.57856,0.121816,57813,0.16937,200.94,2.09381
5244,0.158118,0.614939,0.00497975,0.00497975,0.191083,0.150851,0.791409,0.656056,0.0524365,0.0208145,0.0500869,0.219068,0.0472834,0,0.872147,0.0612404,2.09141,0.180969,0,0.0773366,0.569053,4.46791,0.633131,0.375108,0.662444,2.58925,0.168781,0.216723,0,0.800106,0.0584587,0,-0.000376077,0.251884,0.959274,0.202779,0.0508047,0.0531756,0.00441382,0.00350981,0.436548,0.0491371,5.97492,1.51589,12.1279,0.627753,0.662529,-6.86321,-0.333333,-0.0645589,0.765607,11.0833,9.33333,0,0,1.5,8.875,0,-7.17107,0.0001,-0.00247879,0.0373191,1.57692,0.123684,57805,0.169357,201.76,2.08105
5245,0.159283,0.617798,0.00498615,0.00498615,0.189415,0.151788,0.79077,0.668164,0.0526911,0.0203673,0.0502889,0.22079,0.0467682,0,0.876836,0.0634306,2.11223,0.176807,0,0.0769211,0.563275,4.45277,0.631436,0.374392,0.662686,2.60231,0.171737,0.21821,0,0.797469,0.0853133,0,-0.00029118,0.254366,0.959584,0.200428,0.051054,0.0535038,0.00473521,0.00376005,0.4359,0.0493863,5.83443,1.74693,12.2517,0.625088,0.668751,-6.94651,-0.333333,-0.0639656,0.767682,9.04167,8.04167,0,0,1.29167,7.91667,0,-7.17348,0.0001,-0.00254409,0.0450136,1.56452,0.12181,58294,0.169299,200.93,2.31463
5246,0.158201,0.609654,0.00500408,0.00500408,0.186538,0.150311,0.791748,0.655215,0.0526269,0.0209826,0.0502555,0.220137,0.0459919,0,0.871184,0.0608396,2.11149,0.1795,0,0.0768028,0.563816,4.44074,0.629511,0.372067,0.664821,2.61019,0.169497,0.217597,0,0.780275,0.048869,0,-0.000403616,0.254575,0.958648,0.197931,0.0509981,0.0534393,0.00428705,0.00334064,0.434754,0.0492607,5.86903,1.40804,12.1706,0.629904,0.672192,-6.67262,-0.333333,-0.0627433,0.757538,12.2917,9.25,0,0,1.29167,8.20833,0,-7.17623,0.0001,-0.00253753,0.0425024,1.55238,0.119038,58814,0.169247,202.7,2.26077
5247,0.149625,0.569875,0.00505437,0.00505437,0.183458,0.141175,0.793613,0.604315,0.0529995,0.019965,0.0506176,0.219914,0.0474094,0,0.862483,0.0547131,2.09289,0.186881,0,0.0780561,0.559868,4.42336,0.626634,0.36591,0.669057,2.63085,0.158984,0.217296,0,0.723536,0.0426536,0,-0.000283041,0.256323,0.959046,0.192214,0.051426,0.0537811,0.00361816,0.00268594,0.436371,0.0496759,6.11628,1.66864,12.1057,0.629897,0.669497,-6.73902,-0.333333,-0.0613625,0.709115,10.625,8.58333,0,0,1.08333,9.41667,0,-7.17738,0.0001,-0.00226803,0.0448536,1.56408,0.11938,58393,0.169242,199.73,2.00688
5248,0.157354,0.608266,0.00501068,0.00501068,0.185223,0.150114,0.790716,0.648994,0.0522916,0.0214606,0.0500514,0.220084,0.048494,0,0.871207,0.060581,2.12261,0.180774,0,0.0766795,0.562234,4.45674,0.630768,0.371326,0.665398,2.60313,0.167705,0.217652,0,0.790493,0.0482059,0,-0.000379378,0.259392,0.958687,0.1998,0.050869,0.0532462,0.00437472,0.00340762,0.437077,0.0491199,5.89114,1.04497,11.9257,0.635399,0.66632,-6.47586,-0.333333,-0.0622975,0.754133,11.0833,7.70833,0,0,0.958333,8.20833,0,-7.17775,0.0001,-0.00187262,0.0418619,1.59282,0.118759,57434,0.169258,199.64,2.17332
5249,0.156414,0.604804,0.00500283,0.00500283,0.186032,0.1496,0.79152,0.648646,0.052364,0.0215791,0.050109,0.218541,0.047439,0,0.865586,0.0598658,2.09774,0.179903,0,0.0758997,0.565068,4.45237,0.630264,0.37216,0.665775,2.61483,0.167725,0.21628,0,0.796408,0.0536806,0,-0.000342626,0.256955,0.958735,0.199882,0.0509511,0.0533437,0.00452751,0.00360761,0.43779,0.0492021,5.78044,1.09949,11.9962,0.63395,0.664577,-6.4886,-0.333333,-0.0624282,0.752839,11.7917,7.91667,0,0,1.375,7.875,0,-7.17638,0.0001,-0.00230595,0.0431893,1.5809,0.120495,57778,0.169309,201.7,2.25611
5250,0.158582,0.613746,0.00500985,0.00500985,0.191492,0.152112,0.79206,0.658354,0.0523808,0.0219544,0.0501334,0.220175,0.0422009,0,0.871669,0.0612223,2.10608,0.17223,0,0.0738895,0.566746,4.45804,0.631042,0.371264,0.667032,2.61665,0.169602,0.218192,0,0.792507,0.0489733,0,-0.000377375,0.247871,0.958534,0.198876,0.0509458,0.0533509,0.00399261,0.00312296,0.441791,0.0491708,5.90884,0.941109,11.9494,0.635044,0.665355,-6.3948,-0.333333,-0.064161,0.763092,12,7.75,0,0,1.04167,8.54167,0,-7.17462,0.0001,-0.00189987,0.0436113,1.56574,0.119446,58334,0.169337,198.51,2.07077
5251,0.1584,0.606947,0.00500286,0.00500286,0.189437,0.150166,0.791215,0.643782,0.0525585,0.0216916,0.0502396,0.220973,0.0443838,0,0.874019,0.0590263,2.10168,0.17454,0,0.0755635,0.563596,4.45305,0.631236,0.372146,0.665809,2.60899,0.167906,0.218463,0,0.788026,0.0323688,0,-0.000393486,0.253334,0.959064,0.198808,0.0509929,0.0534285,0.0045541,0.00360733,0.440419,0.0492483,5.90115,1.21201,12.0296,0.632312,0.666943,-6.56224,-0.333333,-0.0635589,0.753327,12,7.625,0,0,1.08333,9.16667,0,-7.17155,0.0001,-0.00229316,0.0393008,1.56367,0.11877,58429,0.169351,199.27,1.90086
5252,0.159795,0.612772,0.0049878,0.0049878,0.188923,0.151272,0.791065,0.655578,0.0524792,0.021597,0.0501723,0.218828,0.0456431,0,0.868733,0.0608388,2.09797,0.176075,0,0.0759281,0.564228,4.45017,0.630048,0.374036,0.665247,2.61122,0.170639,0.216414,0,0.79559,0.0550857,0,-0.000396579,0.256753,0.959282,0.200706,0.0509098,0.0533882,0.0047115,0.00377787,0.434875,0.0491758,5.61723,1.244,12.061,0.631883,0.668617,-6.60305,-0.333333,-0.0635945,0.761509,12.1667,8.16667,0,0,1.16667,8.66667,0,-7.16963,0.0001,-0.00232931,0.0415746,1.55441,0.118456,58763,0.169347,202.86,2.41307
5253,0.158017,0.61063,0.00498083,0.00498083,0.188284,0.149758,0.789983,0.65978,0.0524035,0.0208266,0.0500696,0.219264,0.0460633,0,0.872617,0.062144,2.11496,0.176379,0,0.0763512,0.561962,4.47305,0.63263,0.375147,0.661129,2.59131,0.170736,0.216666,0,0.804007,0.0582558,0,-0.000325026,0.257496,0.959516,0.204904,0.0507206,0.0532158,0.00464797,0.00371682,0.440869,0.0490698,5.87374,1.53521,12.0665,0.629102,0.663084,-6.86954,-0.333333,-0.0637082,0.7579,9.83333,7.95833,0,0,1.58333,9.25,0,-7.16792,0.0001,-0.00225747,0.0416861,1.54027,0.11668,59328,0.169368,199.41,1.88953
5254,0.156648,0.597635,0.00501695,0.00501695,0.187385,0.14789,0.791418,0.634606,0.052614,0.0210613,0.0503146,0.220908,0.0457519,0,0.871701,0.0582638,2.10806,0.178372,0,0.0761495,0.556225,4.44308,0.629372,0.370387,0.666382,2.61425,0.165983,0.218306,0,0.765202,0.0364077,0,-0.000342734,0.256953,0.959293,0.197952,0.0510714,0.0535009,0.00440547,0.00346989,0.438428,0.0493274,5.90641,1.38662,12.0554,0.630894,0.665191,-6.63572,-0.333333,-0.0627857,0.74093,11.2917,8.125,0,0,0.875,9.41667,0,-7.16627,0.0001,-0.00212458,0.043635,1.55475,0.11898,58733,0.169411,201.15,2.22702
5255,0.155626,0.598231,0.00500902,0.00500902,0.186984,0.147696,0.791022,0.639056,0.052745,0.0208221,0.0503615,0.218568,0.0472136,0,0.864031,0.0584507,2.1036,0.181026,0,0.0774655,0.560087,4.44761,0.629653,0.371402,0.665827,2.61026,0.166014,0.215943,0,0.778284,0.0415463,0,-0.000320104,0.255156,0.959553,0.199252,0.0509825,0.0535524,0.00407557,0.0031802,0.435881,0.0492774,5.89185,1.58068,12.1261,0.628678,0.667007,-6.79372,-0.333333,-0.0628387,0.741905,10,6.91667,0,0,1.33333,8.79167,0,-7.16487,0.0001,-0.00163299,0.0446628,1.55707,0.117759,58694,0.16942,199.69,1.88039
5256,0.154651,0.59851,0.00500275,0.00500275,0.185959,0.147982,0.790712,0.636262,0.0528026,0.0207393,0.0503998,0.219112,0.0467656,0,0.865875,0.0580988,2.09317,0.180305,0,0.0773832,0.560022,4.44065,0.629424,0.372179,0.667511,2.61537,0.164679,0.216286,0,0.778473,0.0335154,0,-0.000316079,0.258427,0.959347,0.19729,0.0511085,0.0536487,0.00486179,0.0039055,0.436479,0.0494272,6.00008,1.63574,12.2154,0.626462,0.669085,-6.81541,-0.333333,-0.0624583,0.741407,10.8333,7.29167,0,0,1.29167,9.20833,0,-7.1662,0.0001,-0.00212515,0.0473403,1.57531,0.118212,58047,0.169457,199.09,2.03092
5257,0.155787,0.590892,0.00500571,0.00500571,0.186123,0.14565,0.790152,0.624329,0.0529131,0.0209917,0.0505409,0.220411,0.0475557,0,0.872415,0.0570383,2.11444,0.184365,0,0.0781572,0.554686,4.44169,0.628374,0.371849,0.665375,2.62523,0.164638,0.217836,0,0.742308,0.0324113,0,-0.000263766,0.256999,0.959362,0.196554,0.0513334,0.0537799,0.00455337,0.00363155,0.435642,0.0496251,5.86334,1.60087,12.1504,0.62914,0.669695,-6.80242,-0.333333,-0.0626283,0.730668,11.375,8.20833,0,0,1.04167,9.70833,0,-7.16342,0.0001,-0.001763,0.041845,1.58087,0.118998,57830,0.169482,200.09,1.92514
5258,0.158846,0.611746,0.0049961,0.0049961,0.188451,0.150784,0.789948,0.656394,0.0524861,0.0216563,0.0501861,0.220944,0.0465514,0,0.874592,0.0612393,2.11178,0.176143,0,0.075876,0.561565,4.44631,0.629671,0.373043,0.66266,2.61034,0.170034,0.218181,0,0.818298,0.0524871,0,-0.000317359,0.256335,0.959456,0.199954,0.0509316,0.0533653,0.00461611,0.00359468,0.43624,0.0492257,5.8364,1.41669,12.0292,0.632007,0.667415,-6.72143,-0.333333,-0.0635183,0.756361,10.5833,7.70833,0,0,0.875,9.54167,0,-7.16104,0.0001,-0.00233805,0.0401376,1.55681,0.11832,58684,0.169525,199.5,2.12495
5259,0.162201,0.635011,0.0049607,0.0049607,0.190581,0.155759,0.788828,0.688405,0.0521908,0.0220234,0.0499099,0.218201,0.0450869,0,0.870229,0.0658197,2.10854,0.174041,0,0.0755806,0.566833,4.47703,0.633887,0.377477,0.65852,2.58526,0.175368,0.215558,0,0.845676,0.0632003,0,-0.000360868,0.252794,0.959079,0.205249,0.0506508,0.0530512,0.00467844,0.00369485,0.440772,0.0489286,5.91619,1.24698,12.0221,0.632395,0.665271,-6.7109,-0.333333,-0.0645479,0.786253,11.5833,8.375,0,0,1.5,8.625,0,-7.15966,0.0001,-0.00265099,0.047014,1.58452,0.116857,57779,0.169584,200.6,2.27659
5260,0.159538,0.610428,0.00499985,0.00499985,0.187741,0.150591,0.790873,0.647703,0.0526857,0.0210429,0.0503507,0.220166,0.0468109,0,0.871996,0.059987,2.11345,0.178292,0,0.0768272,0.557826,4.44497,0.629905,0.372568,0.664279,2.60587,0.168822,0.217645,0,0.791692,0.0675187,0,-0.000291169,0.257976,0.959182,0.200209,0.0510521,0.0535714,0.00464345,0.00372724,0.436252,0.0493593,5.88375,1.47506,12.1121,0.629437,0.66925,-6.72938,-0.333333,-0.0631918,0.75618,11.0833,8.125,0,0,1.125,9.625,0,-7.15684,0.0001,-0.00216724,0.0455392,1.56764,0.11914,58279,0.169591,199.68,2.15102
5261,0.153488,0.587858,0.00501023,0.00501023,0.185261,0.145145,0.791261,0.628637,0.0525697,0.021261,0.0503102,0.220376,0.0465199,0,0.87064,0.0579071,2.10894,0.177264,0,0.0762056,0.55908,4.43702,0.628661,0.37123,0.66577,2.62371,0.163496,0.217778,0,0.74451,0.0345147,0,-0.000313429,0.258268,0.958855,0.197545,0.0511111,0.0535023,0.00465054,0.0037136,0.439133,0.0494051,5.90215,1.31788,12.0341,0.632444,0.667406,-6.60347,-0.333333,-0.0622336,0.72794,11.875,7.29167,0,0,1.25,8.58333,0,-7.15477,0.0001,-0.000319941,0.041963,1.56843,0.119634,58234,0.169621,200.12,1.70758
5262,0.161707,0.611224,0.00500468,0.00500468,0.190224,0.151074,0.790496,0.644388,0.0526421,0.0215337,0.0503683,0.223172,0.044395,0,0.882421,0.0593923,2.1281,0.17529,0,0.0757099,0.556671,4.44754,0.629431,0.371918,0.66475,2.61802,0.170378,0.220576,0,0.774951,0.0396226,0,-0.000316339,0.252953,0.95868,0.197317,0.0512194,0.0535883,0.00447976,0.00349943,0.437673,0.0494662,5.91496,1.2879,12.0547,0.632367,0.66954,-6.56496,-0.333333,-0.0639126,0.755594,10.9583,7,0,0,0.958333,8.08333,0,-7.15198,0.0001,-0.00274325,0.0467707,1.54551,0.117256,59120,0.16966,202.04,2.18857
5263,0.155213,0.59526,0.00500834,0.00500834,0.184908,0.146758,0.789488,0.634325,0.0524716,0.0216486,0.0502324,0.217938,0.0479961,0,0.862805,0.0588265,2.10228,0.180776,0,0.0764879,0.560098,4.42915,0.628043,0.371481,0.668281,2.62682,0.165627,0.215534,0,0.756461,0.0430951,0,-0.000324237,0.260288,0.958363,0.19796,0.0510655,0.0534791,0.00454138,0.00369015,0.436974,0.0493243,5.72949,1.10808,12.0169,0.634725,0.669636,-6.44519,-0.333333,-0.0622066,0.734582,12.75,7.625,0,0,1.04167,8,0,-7.14778,0.0001,-0.00247429,0.0448937,1.55853,0.117978,58636,0.169698,200.65,2.05583
5264,0.154285,0.593608,0.00501751,0.00501751,0.184308,0.146715,0.790512,0.637729,0.0525213,0.0215145,0.0503154,0.21938,0.0468688,0,0.866724,0.0587927,2.12967,0.178193,0,0.0763572,0.553149,4.42973,0.627181,0.370346,0.666286,2.63258,0.16612,0.216982,0,0.776774,0.0465691,0,-0.000357412,0.255976,0.957961,0.19597,0.051169,0.0534861,0.00423163,0.00335081,0.436158,0.0493683,5.88709,1.0961,11.9782,0.635522,0.665102,-6.42619,-0.333333,-0.061859,0.733399,11.75,7.375,0,0,0.791667,8.20833,0,-7.14276,0.0001,-0.00293821,0.0471323,1.54777,0.119643,58955,0.169753,198.38,1.78092
5265,0.153933,0.591593,0.00501937,0.00501937,0.181901,0.146096,0.789712,0.625586,0.0522522,0.0223415,0.0501089,0.219723,0.0489416,0,0.867926,0.0576389,2.13969,0.185838,0,0.0771595,0.553719,4.43028,0.627924,0.370179,0.666544,2.62663,0.163073,0.217436,0,0.752451,0.046881,0,-0.000239406,0.265401,0.958373,0.197279,0.0510921,0.0534223,0.00454574,0.00365286,0.437305,0.0493215,5.67717,0.781044,11.8879,0.638299,0.669778,-6.26562,-0.333333,-0.0610381,0.728083,12.0417,6.54167,0,0,0.791667,8.5,0,-7.13776,0.0001,-0.00254711,0.0437944,1.55849,0.117224,58664,0.16976,200.44,2.04758
5266,0.161715,0.618973,0.00497611,0.00497611,0.189636,0.151889,0.788517,0.66298,0.0522061,0.0227618,0.0500388,0.221691,0.0459579,0,0.883537,0.0630959,2.1247,0.177839,0,0.0759544,0.558883,4.45821,0.62992,0.375573,0.662449,2.61596,0.173582,0.219414,0,0.778935,0.0587797,0,-0.00032917,0.256068,0.957979,0.2017,0.0509772,0.0532941,0.00479781,0.00386261,0.437224,0.0491967,5.69985,0.804785,11.9511,0.637522,0.666465,-6.37488,-0.333333,-0.0641453,0.761935,11.6667,6.95833,0,0,1,7.5,0,-7.13917,0.0001,-0.0024241,0.0436534,1.55165,0.117189,58905,0.169729,202.63,2.25954
5267,0.155209,0.601395,0.00499941,0.00499941,0.180814,0.148138,0.78984,0.646281,0.0525295,0.0218036,0.0502816,0.218555,0.0474151,0,0.865239,0.0597117,2.10734,0.180798,0,0.0762635,0.562911,4.44148,0.628181,0.372679,0.664976,2.62813,0.167249,0.215805,0,0.790552,0.0613452,0,-0.000294918,0.262346,0.958228,0.197009,0.0511917,0.0535677,0.00443346,0.00350061,0.438695,0.049423,5.74852,1.14197,12.0081,0.635087,0.666386,-6.50324,-0.333333,-0.0608933,0.743084,13,7.79167,0,0,1.125,8.08333,0,-7.14175,0.0001,-0.00225561,0.0402622,1.54367,0.117744,59168,0.169692,201.61,2.20495
5268,0.156923,0.604945,0.00498287,0.00498287,0.183597,0.14862,0.788576,0.650607,0.0523425,0.0221505,0.050104,0.220123,0.0464495,0,0.874389,0.0609777,2.14473,0.179024,0,0.0768872,0.556919,4.44174,0.629293,0.374683,0.661805,2.6134,0.168848,0.217468,0,0.764989,0.0613525,0,-0.000351293,0.259076,0.957987,0.20068,0.0509316,0.053274,0.00440915,0.00344753,0.439989,0.0491465,5.85036,1.2279,12.0577,0.634038,0.668373,-6.62091,-0.333333,-0.0620095,0.746389,12.25,8.91667,0,0,1.08333,8.66667,0,-7.14638,0.0001,-0.00236855,0.0399687,1.56495,0.11962,58355,0.169631,201.91,2.21674
5269,0.161981,0.62829,0.00497231,0.00497231,0.189619,0.154461,0.789206,0.67577,0.052531,0.0221452,0.050256,0.220562,0.0434484,0,0.877509,0.0634316,2.11807,0.17208,0,0.0756391,0.562904,4.45226,0.630314,0.375991,0.660971,2.61597,0.173721,0.217989,0,0.820765,0.0736928,0,-0.000321417,0.250311,0.958796,0.200694,0.0511267,0.0534809,0.00420773,0.00327046,0.440955,0.0493546,5.79087,1.27104,12.1048,0.631256,0.667037,-6.68597,-0.333333,-0.0640348,0.775988,10.9583,6.91667,0,0,0.791667,8.95833,0,-7.14953,0.0001,-0.00244585,0.0434318,1.59645,0.119211,57298,0.169623,201.18,2.11377
5270,0.157767,0.605062,0.00497188,0.00497188,0.188945,0.14834,0.788369,0.653919,0.0528743,0.0213135,0.0505269,0.220156,0.0442245,0,0.875455,0.0612264,2.12105,0.170587,0,0.0760432,0.555542,4.43942,0.628518,0.376031,0.662919,2.62026,0.170353,0.217343,0,0.768158,0.0670361,0,-0.000245953,0.252478,0.959215,0.200874,0.0512661,0.0537657,0.00453853,0.00357144,0.438844,0.0495558,5.85244,1.63096,12.2097,0.627529,0.666569,-6.90691,-0.333333,-0.0639339,0.746846,10.4167,8.25,0,0,1.375,9.79167,0,-7.1499,0.0001,-0.00309727,0.0442866,1.59625,0.120271,57269,0.169599,202.48,2.22372
5271,0.152748,0.581255,0.00503245,0.00503245,0.183711,0.143775,0.790646,0.614603,0.0530817,0.0211123,0.0507735,0.220644,0.0472436,0,0.869499,0.0558814,2.11585,0.180865,0,0.0774153,0.554072,4.41158,0.625058,0.368743,0.669135,2.64256,0.161699,0.218042,0,0.726057,0.0324706,0,-0.000236243,0.258198,0.958851,0.192117,0.0516371,0.0540301,0.00382233,0.0029584,0.435203,0.0498733,5.69529,1.41958,12.0794,0.632551,0.66475,-6.62589,-0.333333,-0.0615499,0.715522,10.6667,7.45833,0,0,0.916667,8.5,0,-7.15263,0.0001,-0.00295436,0.044291,1.60242,0.121085,57037,0.1696,200.99,1.99794
5272,0.156045,0.603516,0.00499807,0.00499807,0.184555,0.148448,0.789809,0.646292,0.0531339,0.020715,0.0507366,0.219811,0.0449011,0,0.869513,0.0602339,2.11294,0.17646,0,0.0771735,0.556152,4.42964,0.627043,0.37285,0.665666,2.63111,0.166861,0.216851,0,0.770944,0.059384,0,-0.000306563,0.258877,0.95902,0.196948,0.0513801,0.0539048,0.00448216,0.00353496,0.438515,0.049672,5.85898,1.80932,12.281,0.625559,0.666979,-6.90343,-0.333333,-0.0621654,0.744925,10.5,7.5,0,0,0.916667,10.2917,0,-7.15041,0.0001,-0.0015194,0.0482822,1.58812,0.121081,57514,0.169678,201.98,2.15542
5273,0.153698,0.590527,0.004976,0.004976,0.184149,0.144823,0.787999,0.636341,0.0528486,0.0208652,0.0504392,0.219544,0.0478705,0,0.87232,0.0593486,2.13112,0.181082,0,0.0786678,0.557491,4.44396,0.630169,0.375596,0.660767,2.60673,0.165573,0.216671,0,0.756699,0.0680105,0,-0.000294953,0.261539,0.958744,0.200214,0.051127,0.0536573,0.00486909,0.00394588,0.440578,0.0494597,5.91102,1.72568,12.2989,0.625682,0.674486,-6.9459,-0.333333,-0.0622495,0.728155,10.625,8.25,0,0,1.25,8.29167,0,-7.14442,0.0001,-0.00106599,0.0483331,1.56431,0.117499,58451,0.16976,203.49,2.10201
5274,0.158724,0.611243,0.00498392,0.00498392,0.187689,0.149921,0.789135,0.655021,0.0528668,0.0209081,0.0505397,0.221941,0.0455308,0,0.880553,0.0618721,2.13795,0.172584,0,0.0765399,0.556394,4.4467,0.629272,0.374553,0.661667,2.61813,0.169944,0.218986,0,0.775756,0.0785477,0,-0.000292335,0.254804,0.959547,0.199567,0.0512934,0.0536843,0.00466491,0.00369568,0.43914,0.049639,5.85814,1.60727,12.161,0.627967,0.662333,-6.90058,-0.333333,-0.0634735,0.753634,10.5,8.08333,0,0,0.75,9.66667,0,-7.14171,0.0001,-0.00233813,0.0468221,1.58024,0.120254,57809,0.169804,200.77,2.15148
5275,0.153563,0.594576,0.00501476,0.00501476,0.185352,0.146687,0.789187,0.63078,0.0530522,0.0209232,0.0507134,0.221421,0.0457824,0,0.873649,0.0581256,2.11894,0.178938,0,0.07667,0.557892,4.43385,0.627763,0.3707,0.666456,2.62795,0.162697,0.218568,0,0.76511,0.0693477,0,-0.000323469,0.253987,0.958742,0.194681,0.0515013,0.0538818,0.00431764,0.00338163,0.439292,0.0497833,5.99097,1.58373,12.1529,0.629368,0.669427,-6.75076,-0.333333,-0.0622652,0.732278,10.875,7.45833,0,0,0.875,9,0,-7.14095,0.0001,-0.00229701,0.0430895,1.56139,0.123677,58338,0.169784,200.74,2.14098
5276,0.158441,0.611187,0.00497108,0.00497108,0.186825,0.15009,0.788351,0.6513,0.0529298,0.0208563,0.0505242,0.222116,0.0451581,0,0.882423,0.0603425,2.10767,0.176606,0,0.0770298,0.561348,4.44535,0.630101,0.376129,0.662646,2.60666,0.169237,0.219209,0,0.760609,0.0658958,0,-0.000333005,0.255254,0.95916,0.199349,0.051188,0.0536818,0.00451794,0.00352346,0.441173,0.0494955,5.99589,1.79289,12.2875,0.624762,0.666459,-6.97646,-0.333333,-0.0631052,0.753579,11.1667,8.70833,0,0,1.375,9.125,0,-7.14146,0.0001,-0.00177126,0.0456954,1.57638,0.120822,57921,0.169758,201.95,2.33267
5277,0.159354,0.616679,0.0050051,0.0050051,0.188874,0.152182,0.78944,0.652269,0.0525684,0.0218795,0.0503239,0.220567,0.0447084,0,0.872644,0.0608306,2.12452,0.174958,0,0.0755628,0.562451,4.43592,0.62907,0.371998,0.664336,2.611,0.168992,0.217961,0,0.794443,0.046159,0,-0.000381491,0.25519,0.958083,0.197431,0.0511699,0.0535278,0.00444061,0.00352168,0.441546,0.0493935,5.96488,1.08535,11.9941,0.635562,0.670748,-6.44544,-0.333333,-0.0635198,0.759975,13.375,7.875,0,0,0.958333,7.625,0,-7.14019,0.0001,-0.00227668,0.0458793,1.58035,0.119914,57816,0.169757,201.05,2.09774
5278,0.158331,0.605216,0.00500024,0.00500024,0.185757,0.149177,0.789771,0.643029,0.0524053,0.0218961,0.0501935,0.221735,0.0466543,0,0.878755,0.0598005,2.12481,0.180559,0,0.0768366,0.560701,4.45183,0.629757,0.372486,0.664248,2.62191,0.168098,0.219341,0,0.766892,0.0525565,0,-0.000416521,0.257046,0.95847,0.198808,0.0510102,0.0533316,0.00449529,0.00356443,0.443575,0.0492652,5.97988,1.02905,11.9491,0.635409,0.666422,-6.45367,-0.333333,-0.0624666,0.746403,11.25,6.20833,0,0,0.916667,8.54167,0,-7.13844,0.0001,-0.00274317,0.0491575,1.64283,0.1236,55651,0.169794,200.55,1.8486
5279,0.156589,0.596959,0.00499085,0.00499085,0.185939,0.147071,0.789113,0.640616,0.0525118,0.0213779,0.0502749,0.220646,0.0470039,0,0.875895,0.0597366,2.12512,0.179079,0,0.076638,0.559865,4.4528,0.629592,0.373688,0.662027,2.62259,0.168024,0.218161,0,0.768,0.0489163,0,-0.00034171,0.258493,0.959179,0.200254,0.0510528,0.0534101,0.0043576,0.00343151,0.439343,0.0493314,5.74005,1.315,11.9937,0.632849,0.657655,-6.68109,-0.333333,-0.0626715,0.736698,10.5,7.33333,0,0,1.33333,8.58333,0,-7.1361,0.0001,-0.00231349,0.0444598,1.71484,0.132566,53211,0.169807,202.65,2.16696
5280,0.151002,0.584081,0.0050157,0.0050157,0.181677,0.144305,0.789605,0.62264,0.0527026,0.0217099,0.0504203,0.220614,0.0489331,0,0.872393,0.0576265,2.1398,0.186984,0,0.0779657,0.559918,4.44277,0.629591,0.370601,0.664033,2.62357,0.161215,0.218189,0,0.772288,0.0521739,0,-0.000317626,0.260795,0.957718,0.195454,0.0512953,0.0536946,0.00437092,0.00346402,0.441238,0.0495352,5.92821,1.14527,12.0151,0.635287,0.670089,-6.47821,-0.333333,-0.0610169,0.7192,11.8333,7.5,0,0,0.666667,7.95833,0,-7.13571,0.0001,-0.00251355,0.0496561,1.72888,0.123599,53066,0.169837,201.68,2.07189
5281,0.157846,0.605594,0.00500926,0.00500926,0.188503,0.149089,0.789698,0.645185,0.0526435,0.0216529,0.0503779,0.223693,0.0452786,0,0.88431,0.0604314,2.13198,0.175313,0,0.0758705,0.558845,4.43697,0.627851,0.371446,0.664368,2.61854,0.168311,0.221007,0,0.775609,0.0637292,0,-0.00034851,0.253768,0.958792,0.196793,0.0512591,0.0535665,0.00447774,0.00346464,0.439882,0.0495167,5.98544,1.23313,12.0028,0.633813,0.659198,-6.60858,-0.333333,-0.0634894,0.747039,11.1667,6.79167,0,0,0.708333,9.16667,0,-7.13415,0.0001,-0.00244757,0.0450691,1.69653,0.122908,54029,0.169855,200.83,2.18181
5282,0.153736,0.587084,0.00501887,0.00501887,0.184351,0.14562,0.790664,0.626231,0.0531798,0.0215493,0.0508009,0.22129,0.0457786,0,0.870856,0.0572616,2.12323,0.177357,0,0.0769591,0.556624,4.42181,0.627015,0.370135,0.666744,2.63485,0.163665,0.218403,0,0.735224,0.0358889,0,-0.000241768,0.256911,0.958802,0.19325,0.0516217,0.054159,0.00463309,0.00370196,0.440191,0.0498841,6.08426,1.50496,12.1698,0.629646,0.673135,-6.66654,-0.333333,-0.0616686,0.724585,11.875,7.625,0,0,0.916667,9.91667,0,-7.13316,0.0001,-0.00173058,0.0440034,1.70877,0.126236,53571,0.16987,201.56,2.12441
5283,0.157979,0.610945,0.00497816,0.00497816,0.18721,0.150255,0.788985,0.654395,0.0526602,0.021882,0.0503615,0.22079,0.0449086,0,0.876801,0.0614798,2.12325,0.176482,0,0.0760983,0.561618,4.45042,0.630028,0.375241,0.663108,2.61363,0.168966,0.217996,0,0.794804,0.0690018,0,-0.00035748,0.255355,0.959175,0.200018,0.0511391,0.0535457,0.00473169,0.00376448,0.441092,0.049433,5.81649,1.30444,12.0817,0.631684,0.662913,-6.67809,-0.333333,-0.0632145,0.755169,11.625,6.83333,0,0,0.833333,8.70833,0,-7.13024,0.0001,-0.00218702,0.0433988,1.68428,0.123776,54370,0.169915,201.72,2.17988
5284,0.156139,0.597423,0.00501496,0.00501496,0.187357,0.14832,0.790711,0.625836,0.0530011,0.0222585,0.0506855,0.22175,0.0459154,0,0.874964,0.0570203,2.10155,0.179972,0,0.0768316,0.561855,4.41997,0.625831,0.370623,0.669583,2.64446,0.163557,0.219129,0,0.785919,0.0322854,0,-0.000285457,0.255868,0.957956,0.191889,0.0516825,0.0541083,0.00479081,0.00388669,0.439628,0.0498984,5.96089,1.16354,12.1114,0.633475,0.670716,-6.4246,-0.333333,-0.062704,0.738517,13.125,7.83333,0,0,0.625,7.875,0,-7.12868,0.0001,-0.00286847,0.0463743,1.65453,0.123459,55289,0.16989,199.66,1.95555
5285,0.156345,0.602904,0.00499507,0.00499507,0.186319,0.148655,0.789624,0.642316,0.0525792,0.0218247,0.0502893,0.221538,0.046025,0,0.876719,0.059691,2.12396,0.180921,0,0.0768872,0.563109,4.44113,0.628537,0.373138,0.664528,2.61722,0.166386,0.218663,0,0.775828,0.0680948,0,-0.000363879,0.252662,0.958913,0.197857,0.0511568,0.0534483,0.00408671,0.00311642,0.441437,0.0494164,6.09246,1.31326,12.02,0.633063,0.663675,-6.67382,-0.333333,-0.0626885,0.745323,11,7.45833,0,0,0.875,9.75,0,-7.13031,0.0001,-0.00195361,0.0457238,1.70482,0.127979,53635,0.169905,201.08,2.19204
5286,0.159066,0.614638,0.00497499,0.00497499,0.18677,0.150605,0.787689,0.657223,0.0524597,0.021467,0.0501679,0.220583,0.0465092,0,0.876923,0.062181,2.12376,0.17579,0,0.0764112,0.557541,4.45596,0.631074,0.375681,0.661036,2.60791,0.170222,0.217667,0,0.785055,0.0766867,0,-0.000333884,0.256716,0.958965,0.201397,0.0510225,0.0533557,0.00460258,0.00363081,0.442349,0.049317,5.93664,1.37983,12.0746,0.630638,0.665039,-6.75652,-0.333333,-0.0632135,0.757368,11.8333,7.91667,0,0,1.20833,9.29167,0,-7.12681,0.0001,-0.00231047,0.0472309,1.6702,0.126612,54710,0.169964,201.87,2.2513
5287,0.153984,0.592812,0.00501435,0.00501435,0.182741,0.145852,0.789487,0.634149,0.0527962,0.0216092,0.0504959,0.219689,0.0481041,0,0.868823,0.0592102,2.1337,0.183542,0,0.0778983,0.553296,4.42609,0.626911,0.370851,0.664551,2.62954,0.164307,0.217101,0,0.747822,0.0613741,0,-0.000319847,0.259122,0.958819,0.197056,0.051292,0.0537158,0.0037434,0.00286194,0.436306,0.0495249,5.77972,1.33787,12.0229,0.6336,0.665749,-6.61624,-0.333333,-0.0616043,0.732037,11.3333,6.75,0,0,0.833333,8.66667,0,-7.12279,0.0001,-0.00281788,0.0428143,1.68242,0.121666,54489,0.169983,201.35,1.97872
5288,0.157322,0.607216,0.00499665,0.00499665,0.185893,0.149176,0.789165,0.649249,0.0527155,0.0214341,0.050427,0.219925,0.04627,0,0.871303,0.0610612,2.11645,0.178585,0,0.0765071,0.559373,4.43636,0.62783,0.37297,0.664109,2.62423,0.168317,0.217114,0,0.759252,0.062409,0,-0.00026739,0.257694,0.959405,0.199076,0.0512639,0.0536664,0.00450332,0.00355414,0.438225,0.049564,5.8231,1.41464,12.033,0.632436,0.660152,-6.73608,-0.333333,-0.0627226,0.748789,11.2083,7.04167,0,0,0.958333,10.0417,0,-7.12195,0.0001,-0.00303741,0.0451702,1.6722,0.126988,54637,0.169975,200.9,2.05866
5289,0.159192,0.614204,0.00499001,0.00499001,0.186502,0.15124,0.789143,0.656666,0.0524566,0.0217035,0.050217,0.220682,0.0472064,0,0.875899,0.0621399,2.13096,0.182269,0,0.0770084,0.559885,4.44976,0.629891,0.373771,0.662683,2.61789,0.170011,0.218091,0,0.794213,0.0681475,0,-0.000358691,0.255084,0.959275,0.199306,0.0510946,0.053368,0.00390866,0.00296173,0.43764,0.049355,5.78976,1.21879,11.9566,0.634658,0.661491,-6.64445,-0.333333,-0.0628944,0.757921,11.3333,7.125,0,0,0.875,7.66667,0,-7.12201,0.0001,-0.00238985,0.0442659,1.66531,0.12735,54836,0.170023,200.86,1.85968
5290,0.159283,0.615451,0.00498224,0.00498224,0.187092,0.151493,0.788923,0.658026,0.0528456,0.0214805,0.0504895,0.22175,0.0466259,0,0.879939,0.061515,2.12778,0.177971,0,0.0768465,0.558996,4.4379,0.628598,0.374728,0.663464,2.61331,0.169795,0.21898,0,0.806154,0.0730656,0,-0.000343311,0.255122,0.959302,0.198809,0.0512596,0.0537057,0.00476495,0.00380647,0.441104,0.0495638,5.87562,1.44567,12.1448,0.62952,0.668326,-6.78041,-0.333333,-0.0631305,0.759315,12.25,8.16667,0,0,1.25,9.79167,0,-7.11993,0.0001,-0.00146619,0.0431427,1.7489,0.125944,52433,0.170041,202.54,2.22522
5291,0.157212,0.610293,0.00499336,0.00499336,0.185595,0.150425,0.788735,0.655795,0.0524688,0.0219345,0.050208,0.220524,0.0479554,0,0.874048,0.0617157,2.13186,0.181542,0,0.0762761,0.559132,4.44167,0.629984,0.373343,0.662424,2.61267,0.169114,0.217866,0,0.787376,0.0476388,0,-0.000332666,0.258109,0.95867,0.19842,0.0510858,0.0534862,0.00427499,0.00334195,0.439518,0.0493263,5.77933,1.05063,11.9958,0.634501,0.667115,-6.48111,-0.333333,-0.0624885,0.752281,12.7083,6.41667,0,0,1.20833,8.5,0,-7.11952,0.0001,-0.00232775,0.0459323,1.69958,0.123493,53922,0.170069,199.64,2.10849
5292,0.156063,0.603486,0.00499897,0.00499897,0.18756,0.148763,0.789218,0.651938,0.0522382,0.0226081,0.0500761,0.220191,0.0463295,0,0.872009,0.0615163,2.13618,0.176599,0,0.0749398,0.562783,4.44891,0.629649,0.372629,0.666134,2.62085,0.168173,0.217609,0,0.79301,0.0616524,0,-0.000461021,0.256411,0.958934,0.200524,0.0509257,0.0532196,0.00480989,0.00389341,0.441341,0.0491806,5.83843,0.772983,11.7822,0.639716,0.662101,-6.32359,-0.333333,-0.0631101,0.745568,11.7083,6.45833,0,0,0.583333,7.79167,0,-7.11727,0.0001,-0.00189882,0.0469464,1.70618,0.13057,53520,0.170082,201.99,2.20994
5293,0.156899,0.601449,0.00500584,0.00500584,0.184609,0.148404,0.789573,0.647397,0.0522117,0.0227695,0.0500445,0.221807,0.0481155,0,0.876953,0.0611794,2.13646,0.181053,0,0.0752077,0.562141,4.44162,0.628688,0.371766,0.666583,2.62748,0.168397,0.219356,0,0.74917,0.0576716,0,-0.000421458,0.258887,0.958025,0.197583,0.0510319,0.0533038,0.00486432,0.00390957,0.443544,0.0492246,5.89755,0.642196,11.8486,0.640636,0.671469,-6.18441,-0.333333,-0.0620453,0.742958,13.75,6.91667,0,0,1.125,8.83333,0,-7.1174,0.0001,-0.00246949,0.0464587,1.71761,0.127275,53284,0.170159,198.31,2.15565
5294,0.159026,0.605809,0.00499806,0.00499806,0.18827,0.149694,0.789759,0.646082,0.052521,0.0221041,0.0502814,0.221491,0.0463653,0,0.877027,0.0603237,2.1242,0.175648,0,0.0754306,0.5633,4.44421,0.629159,0.372797,0.664892,2.61951,0.169223,0.218784,0,0.775114,0.0677226,0,-0.000380813,0.256074,0.958871,0.199176,0.0511154,0.0535168,0.00455419,0.00364354,0.440893,0.0493544,5.8756,1.01849,11.9303,0.636047,0.66493,-6.46829,-0.333333,-0.0633027,0.74799,12.2917,7.25,0,0,1,8.54167,0,-7.11272,0.0001,-0.00214952,0.0461266,1.73245,0.131665,52735,0.170257,200.97,2.0665
5295,0.16119,0.621297,0.00498618,0.00498618,0.188391,0.153143,0.788705,0.664026,0.0518906,0.0234209,0.0497612,0.22088,0.047033,0,0.877925,0.0629473,2.15417,0.175691,0,0.0750153,0.561306,4.46649,0.632264,0.374234,0.660607,2.60727,0.172032,0.218722,0,0.784893,0.0521167,0,-0.000469609,0.258726,0.958636,0.20339,0.0506806,0.0529895,0.00500074,0.00409311,0.443084,0.0488847,5.66376,0.480915,11.7367,0.642993,0.665798,-6.1929,-0.333333,-0.0634513,0.766483,12.7083,6.66667,0,0,1.125,8.08333,0,-7.1078,0.0001,-0.00148928,0.0421304,1.6788,0.124451,54514,0.170355,202.1,2.11178
5296,0.159387,0.615836,0.00500115,0.00500115,0.187201,0.152497,0.789775,0.657043,0.0523432,0.0226856,0.0501481,0.220352,0.0474046,0,0.872694,0.0615679,2.13521,0.179409,0,0.0757685,0.560294,4.45231,0.629825,0.372355,0.664999,2.62166,0.170298,0.218062,0,0.814679,0.0517046,0,-0.000398856,0.255925,0.958707,0.198324,0.0511387,0.053416,0.00438846,0.00346549,0.438816,0.0493483,5.76679,0.663399,11.7998,0.640851,0.667446,-6.25822,-0.333333,-0.0628238,0.76143,13.0833,6.25,0,0,0.916667,7.5,0,-7.10439,0.0001,-0.00270262,0.0455658,1.7246,0.123623,53188,0.170373,200.76,2.30562
5297,0.161273,0.620384,0.00499244,0.00499244,0.188944,0.15306,0.788316,0.664205,0.0521975,0.0224127,0.04998,0.221052,0.0455824,0,0.877581,0.0632326,2.1377,0.178024,0,0.075859,0.55978,4.45467,0.630655,0.373449,0.66148,2.6097,0.172921,0.218844,0,0.786828,0.0838398,0,-0.000402669,0.252796,0.95873,0.201105,0.0509436,0.053256,0.00431475,0.00337696,0.441155,0.0491643,5.85548,0.705886,11.8224,0.639748,0.666467,-6.31352,-0.333333,-0.0636166,0.765593,12.3333,6.66667,0,0,1.08333,7.79167,0,-7.10597,0.0001,-0.00238795,0.0451146,1.70584,0.127319,53625,0.170358,201.79,2.33831
5298,0.153851,0.587439,0.00504472,0.00504472,0.183668,0.146006,0.790454,0.626273,0.0525962,0.021945,0.0503838,0.221245,0.0481953,0,0.868982,0.057741,2.13805,0.183194,0,0.076811,0.555791,4.4242,0.626668,0.366905,0.667867,2.63597,0.16413,0.218884,0,0.768911,0.0473712,0,-0.000303105,0.257112,0.958637,0.192945,0.0514126,0.0536999,0.00417334,0.00325555,0.439247,0.0496221,5.95777,0.80088,11.8195,0.639941,0.67019,-6.22097,-0.333333,-0.0613026,0.724105,13.6667,6.625,0,0,1,8.25,0,-7.10617,0.0001,-0.00165275,0.0429839,1.70139,0.13037,53666,0.170339,198.35,1.87095
5299,0.160778,0.619522,0.00499775,0.00499775,0.186981,0.152716,0.789243,0.659599,0.0521748,0.0227536,0.0499903,0.22048,0.0485728,0,0.87435,0.0627192,2.13654,0.179442,0,0.0755704,0.559986,4.45362,0.630048,0.372816,0.664212,2.60897,0.171577,0.218136,0,0.799929,0.0734717,0,-0.000439599,0.259944,0.958711,0.201463,0.0508799,0.0532349,0.00508631,0.00413388,0.442955,0.0491156,5.80873,0.6819,11.7924,0.641052,0.666624,-6.28903,-0.333333,-0.0629469,0.764054,11.6667,5.79167,0,0,1.125,7.41667,0,-7.1062,0.0001,-0.00228895,0.0422177,1.71633,0.123868,53420,0.170363,200.68,2.21979
5300,0.158364,0.609274,0.00501799,0.00501799,0.18645,0.150243,0.790075,0.654664,0.0522589,0.0224381,0.0500912,0.219424,0.0473012,0,0.868583,0.062366,2.13193,0.179962,0,0.075468,0.562214,4.44924,0.629642,0.370539,0.665854,2.61129,0.170289,0.217194,0,0.761048,0.0752212,0,-0.000330566,0.256598,0.958585,0.198825,0.0511194,0.0533447,0.00432579,0.00341836,0.440759,0.049346,5.90096,0.680328,11.7456,0.642517,0.664077,-6.27254,-0.333333,-0.0627067,0.753036,13,7.16667,0,0,1.20833,7.625,0,-7.10561,0.0001,-0.00233792,0.0409315,1.71701,0.129823,53228,0.170411,199.84,2.18121
5301,0.160545,0.622544,0.00500907,0.00500907,0.188018,0.154149,0.789374,0.663631,0.0522956,0.022191,0.0500751,0.220294,0.0462146,0,0.871228,0.0622569,2.11523,0.175453,0,0.0749972,0.566498,4.45519,0.630259,0.371423,0.66514,2.61216,0.171574,0.21784,0,0.80103,0.0579208,0,-0.000427805,0.256015,0.958921,0.199014,0.0509743,0.0532872,0.00445387,0.00353367,0.440326,0.049209,5.95648,0.85984,11.8405,0.638106,0.663835,-6.38096,-0.333333,-0.0630818,0.766868,11.2917,6.375,0,0,1.25,7.75,0,-7.1049,0.0001,-0.00243513,0.0436426,1.7116,0.125089,53522,0.170409,199.78,2.18948
5302,0.162627,0.629762,0.0049894,0.0049894,0.191108,0.15497,0.787702,0.677315,0.0521641,0.022604,0.0499587,0.221236,0.0463259,0,0.879662,0.0650703,2.15912,0.175845,0,0.075381,0.561334,4.4657,0.632089,0.373964,0.660913,2.60362,0.174634,0.219022,0,0.807531,0.0832361,0,-0.000447124,0.253724,0.958976,0.204226,0.0507732,0.0531281,0.00453164,0.00363844,0.444826,0.0490219,5.91755,0.797678,11.753,0.6409,0.663897,-6.42683,-0.333333,-0.064496,0.774888,11.8333,7.20833,0,0,1.375,8.75,0,-7.10627,0.0001,-0.00230345,0.0456543,1.66914,0.133132,54544,0.170421,201.06,2.15206
5303,0.156746,0.600419,0.00503974,0.00503974,0.185807,0.148898,0.789613,0.634275,0.0524385,0.0227004,0.0502539,0.222878,0.0484222,0,0.876973,0.0594806,2.13633,0.182952,0,0.0761832,0.554179,4.42435,0.626488,0.367575,0.667889,2.6383,0.165909,0.220575,0,0.768706,0.0562349,0,-0.000385763,0.258965,0.958174,0.194518,0.0512496,0.0535586,0.00462838,0.00371177,0.440247,0.0494572,5.91756,0.620569,11.7722,0.642961,0.676629,-6.1036,-0.333333,-0.0621351,0.73757,13.3333,6.625,0,0,1.04167,7,0,-7.10543,0.0001,-0.00248325,0.0425469,1.76938,0.133718,51654,0.170457,200.71,2.15725
5304,0.161988,0.626215,0.00498367,0.00498367,0.188775,0.154403,0.788066,0.671609,0.052068,0.0228433,0.0499087,0.220392,0.0462326,0,0.876539,0.0640585,2.13883,0.177684,0,0.0748934,0.562882,4.45405,0.629924,0.374549,0.663091,2.61725,0.173679,0.218232,0,0.808352,0.0752696,0,-0.000391308,0.255871,0.959,0.202395,0.0509437,0.0531695,0.00446525,0.00355518,0.439256,0.0491827,5.63629,0.607982,11.7252,0.642473,0.662239,-6.29866,-0.333333,-0.0635806,0.771279,11.625,6.125,0,0,1.16667,6.75,0,-7.10335,0.0001,-0.00223211,0.0440592,1.73583,0.126055,52798,0.170443,201.12,2.10027
5305,0.16208,0.620846,0.00499513,0.00499513,0.187903,0.153449,0.787818,0.661302,0.052396,0.0224813,0.0501464,0.21985,0.0461078,0,0.87148,0.0619933,2.14205,0.178257,0,0.0758309,0.558117,4.44076,0.629809,0.373111,0.662491,2.61363,0.172611,0.217538,0,0.810135,0.0720504,0,-0.000389134,0.253705,0.959101,0.200196,0.0510635,0.0534071,0.00404959,0.00315661,0.43528,0.049287,5.68106,0.779711,11.8229,0.63947,0.667646,-6.36316,-0.333333,-0.063135,0.763302,12,6.75,0,0,1.08333,7.41667,0,-7.10278,0.0001,-0.00241206,0.0425141,1.72674,0.13108,52913,0.17041,200.56,2.07138
5306,0.156383,0.598884,0.00502606,0.00502606,0.184325,0.148351,0.789575,0.632215,0.0525016,0.0220247,0.0502632,0.220275,0.0487246,0,0.869447,0.0591419,2.14758,0.185215,0,0.0773046,0.552263,4.42802,0.627145,0.369316,0.666048,2.62978,0.165139,0.218013,0,0.776497,0.0583935,0,-0.000340058,0.260072,0.958824,0.196757,0.0511706,0.053548,0.00384712,0.00300235,0.433879,0.0493802,5.80347,0.846845,11.7827,0.641029,0.670254,-6.3201,-0.333333,-0.0617278,0.737332,12.4583,6.95833,0,0,1.16667,8,0,-7.10144,0.0001,-0.0029674,0.0432034,1.68133,0.124047,54450,0.170408,198.84,1.93523
5307,0.1625,0.632111,0.00498637,0.00498637,0.188789,0.155475,0.787559,0.675934,0.0525191,0.022078,0.0502233,0.220583,0.0478439,0,0.876338,0.064462,2.15444,0.179438,0,0.0771205,0.560414,4.45339,0.630042,0.374253,0.661026,2.60982,0.173619,0.218146,0,0.806379,0.07299,0,-0.00029856,0.254894,0.959074,0.201115,0.051139,0.053537,0.00466487,0.00373956,0.442279,0.0494104,5.91882,1.03433,11.9201,0.636087,0.666025,-6.56641,-0.333333,-0.0636809,0.777748,11.625,7.66667,0,0,1,8,0,-7.09806,0.0001,-0.00144474,0.0440276,1.7299,0.125138,52992,0.170444,201,2.24875
5308,0.158574,0.609938,0.00503062,0.00503062,0.187893,0.151376,0.789073,0.650116,0.0527389,0.022162,0.0504854,0.220534,0.0452495,0,0.868737,0.0609561,2.14176,0.175084,0,0.0753321,0.558761,4.44156,0.628891,0.368658,0.667522,2.63196,0.168378,0.218191,0,0.782172,0.0679579,0,-0.000305328,0.253824,0.958858,0.194319,0.0514954,0.0538533,0.00412716,0.0032484,0.435806,0.0496854,5.79068,0.861847,11.868,0.640396,0.670668,-6.29412,-0.333333,-0.0628472,0.749379,12.9167,7.45833,0,0,0.875,7.75,0,-7.09687,0.0001,-0.00283598,0.0411729,1.66698,0.126978,54797,0.17046,200.73,2.14312
5309,0.163292,0.628563,0.00501171,0.00501171,0.191423,0.155698,0.789234,0.665736,0.0523155,0.0224726,0.0500883,0.221914,0.0451967,0,0.877684,0.0625927,2.13193,0.175696,0,0.0754396,0.562328,4.45216,0.630308,0.371036,0.6647,2.61547,0.173034,0.21957,0,0.794233,0.0637276,0,-0.000431752,0.253452,0.958406,0.198969,0.0510228,0.0533194,0.00445244,0.00354625,0.43908,0.0492261,5.94555,0.730029,11.8122,0.640549,0.668248,-6.2636,-0.333333,-0.0642034,0.773394,11.9167,6.95833,0,0,1.16667,7.33333,0,-7.09653,0.0001,-0.00221726,0.0438912,1.67332,0.122572,54738,0.170457,202.49,2.36893
5310,0.160739,0.606274,0.00503056,0.00503056,0.189844,0.150452,0.788502,0.639465,0.0525091,0.0222791,0.0502905,0.222886,0.0460691,0,0.878201,0.0593493,2.15678,0.177107,0,0.0752234,0.559224,4.43462,0.627919,0.368711,0.6655,2.62665,0.169055,0.220486,0,0.759822,0.0714468,0,-0.000321669,0.251956,0.958607,0.195447,0.0513306,0.0536163,0.00432526,0.00341092,0.439455,0.0495539,5.95896,0.720345,11.7633,0.641819,0.670466,-6.23552,-0.333333,-0.0634856,0.744236,12.9583,7.16667,0,0,1,7.29167,0,-7.09627,0.0001,-0.00203388,0.0445171,1.67505,0.126494,54566,0.170467,200.62,2.1437
5311,0.160108,0.60815,0.00502576,0.00502576,0.189851,0.150613,0.788919,0.64117,0.0523758,0.0226605,0.0501728,0.223498,0.0462803,0,0.882997,0.0602678,2.16373,0.178069,0,0.0757168,0.56068,4.44864,0.629806,0.36931,0.664259,2.62488,0.168235,0.22138,0,0.786196,0.0607707,0,-0.000302385,0.256278,0.957959,0.196732,0.0512483,0.0535271,0.00442417,0.00352491,0.437094,0.0494493,5.84506,0.555678,11.7805,0.643038,0.673344,-6.14921,-0.333333,-0.0635892,0.747641,12.9167,7.54167,0,0,1.25,6.95833,0,-7.09475,0.0001,-0.00299146,0.0416828,1.68887,0.12923,54069,0.170493,201.69,2.12122
5312,0.16335,0.627052,0.00502026,0.00502026,0.188026,0.15475,0.788434,0.661514,0.0525163,0.021765,0.0502943,0.221474,0.0470561,0,0.875875,0.0628391,2.15431,0.176146,0,0.0756452,0.555847,4.44029,0.628701,0.370112,0.664754,2.62416,0.172323,0.219156,0,0.797577,0.0631982,0,-0.000308767,0.257922,0.958996,0.199074,0.0512554,0.0536125,0.00467813,0.00375158,0.435267,0.0495297,5.76629,0.819908,11.7967,0.641232,0.666299,-6.35562,-0.333333,-0.0632271,0.770723,11.7917,7.58333,0,0,1.20833,7.83333,0,-7.09089,0.0001,-0.0024871,0.0442896,1.67562,0.12924,54466,0.170594,200.43,2.36316
5313,0.160867,0.615797,0.00502441,0.00502441,0.188213,0.152565,0.788695,0.648855,0.0526763,0.0216285,0.0504208,0.223031,0.0465495,0,0.880349,0.0606333,2.15192,0.181391,0,0.076383,0.556077,4.43425,0.627394,0.369497,0.666267,2.63244,0.169617,0.220752,0,0.79987,0.0406748,0,-0.000283264,0.254822,0.959267,0.196176,0.0514026,0.0537373,0.00369923,0.00277317,0.432515,0.0496311,5.66998,0.934642,11.8113,0.63913,0.667902,-6.38102,-0.333333,-0.063039,0.758159,11.75,6.54167,0,0,1.08333,7.75,0,-7.08356,0.0001,-0.00224209,0.0475648,1.67875,0.129424,54366,0.170614,200.14,2.38364
5314,0.162361,0.617286,0.00501118,0.00501118,0.188848,0.152554,0.789171,0.648965,0.0523614,0.022267,0.0501707,0.223289,0.0467744,0,0.883482,0.0610767,2.16835,0.176598,0,0.0756251,0.557104,4.44576,0.629901,0.371175,0.664203,2.61883,0.170931,0.221121,0,0.766302,0.0581716,0,-0.000372701,0.254602,0.958427,0.197554,0.0512263,0.0534903,0.00427865,0.00330453,0.433565,0.0494222,5.67457,0.568896,11.8153,0.641713,0.670229,-6.21365,-0.333333,-0.0633802,0.760091,12.875,7.83333,0,0,1,7.33333,0,-7.08218,0.0001,-0.00179695,0.0453714,1.67986,0.122927,54528,0.170599,201.77,2.39232
5315,0.162382,0.621103,0.00500556,0.00500556,0.191586,0.153486,0.788279,0.654689,0.0525401,0.022057,0.0503136,0.222858,0.0453395,0,0.883217,0.0619733,2.16603,0.173299,0,0.0753424,0.556049,4.44542,0.629662,0.37184,0.663879,2.62589,0.171286,0.220787,0,0.789739,0.0690342,0,-0.000269364,0.250922,0.958993,0.197993,0.0513339,0.053652,0.00417311,0.00327044,0.43729,0.0495504,5.78413,0.783655,11.8073,0.639753,0.667735,-6.37368,-0.333333,-0.0643604,0.762807,11.875,7.33333,0,0,1.16667,7.83333,0,-7.08144,0.0001,-0.0023129,0.0432913,1.72054,0.124924,53268,0.170632,201.26,2.21935
5316,0.162213,0.625429,0.00502273,0.00502273,0.188901,0.154864,0.789566,0.659622,0.0524659,0.0221366,0.0502724,0.22168,0.0464281,0,0.876569,0.0620801,2.15046,0.176957,0,0.0754409,0.558059,4.44353,0.628312,0.369704,0.666277,2.63396,0.170747,0.219727,0,0.797586,0.053339,0,-0.000299521,0.256973,0.958367,0.197663,0.0513364,0.0536414,0.00477418,0.00387103,0.437086,0.0495802,5.79275,0.654856,11.8058,0.64195,0.67026,-6.21164,-0.333333,-0.0633465,0.769842,11.5417,6.83333,0,0,1,7.20833,0,-7.08037,0.0001,-0.00227075,0.0440275,1.69964,0.132745,53648,0.170661,202,2.23586
5317,0.161765,0.622115,0.004987,0.004987,0.190234,0.153342,0.788025,0.662172,0.0528855,0.0214296,0.0505344,0.221226,0.0462276,0,0.87843,0.0623994,2.13574,0.17664,0,0.0766846,0.557539,4.44352,0.629288,0.374217,0.661902,2.61918,0.171661,0.218769,0,0.805415,0.0499185,0,-0.000270623,0.253696,0.959358,0.200041,0.0513524,0.0538282,0.00457056,0.0036525,0.434189,0.0496226,5.87387,1.28896,12.024,0.633191,0.667929,-6.70752,-0.333333,-0.064076,0.766487,11.5417,8.625,0,0,1.08333,8.5,0,-7.07929,0.0001,-0.0023885,0.0449524,1.6973,0.132109,53735,0.17068,199.7,2.20513
5318,0.155836,0.603065,0.00501428,0.00501428,0.184876,0.14912,0.788615,0.649632,0.052914,0.020795,0.0505463,0.218922,0.0488767,0,0.864985,0.0609367,2.13027,0.18359,0,0.0776409,0.560921,4.4414,0.629004,0.370784,0.664691,2.62657,0.167624,0.216447,0,0.789645,0.0523148,0,-0.000241328,0.257366,0.959184,0.196336,0.0514154,0.0538414,0.00394797,0.00307682,0.433125,0.0496887,5.84017,1.40268,12.0409,0.632707,0.670623,-6.69124,-0.333333,-0.0620952,0.74289,10.875,8.625,0,0,1.29167,7.83333,0,-7.07703,0.0001,-0.00259145,0.0457169,1.67255,0.120703,54818,0.170724,199.87,2.17622
5319,0.159925,0.616332,0.00498781,0.00498781,0.187539,0.151774,0.78645,0.658073,0.0525071,0.0211282,0.0502182,0.219548,0.0505891,0,0.871992,0.0625301,2.15769,0.185518,0,0.0777495,0.559684,4.45496,0.630494,0.37403,0.659962,2.60702,0.170835,0.217268,0,0.788246,0.071696,0,-0.000284268,0.259729,0.959482,0.202295,0.0510194,0.0534586,0.0047579,0.00383867,0.434764,0.0493647,5.84486,1.23512,11.9657,0.633934,0.670288,-6.68946,-0.333333,-0.0631773,0.75462,11.125,8.375,0,0,1.70833,7.79167,0,-7.07565,0.0001,-0.00313152,0.0443625,1.7142,0.14448,52889,0.170779,200.91,1.9225
5320,0.160188,0.617917,0.00500537,0.00500537,0.187904,0.152466,0.788545,0.658357,0.052393,0.0217754,0.0501438,0.221981,0.0479946,0,0.879742,0.0628111,2.1494,0.182672,0,0.076657,0.557799,4.43908,0.629092,0.37188,0.662552,2.61594,0.169954,0.219817,0,0.792073,0.0675147,0,-0.000366841,0.256818,0.958915,0.200466,0.0510371,0.0533925,0.00458547,0.00368258,0.436543,0.0493017,5.86917,0.898236,11.8445,0.638796,0.669137,-6.43079,-0.333333,-0.0631487,0.760123,12.1667,7.79167,0,0,1.08333,8.625,0,-7.0742,0.0001,-0.00276268,0.0424982,2.61636,0.161,35394,0.170835,201.33,2.21465
5321,0.161699,0.626519,0.00499205,0.00499205,0.190616,0.154356,0.787402,0.665634,0.0523097,0.0218133,0.0500973,0.221757,0.045898,0,0.88099,0.0638187,2.1585,0.176045,0,0.0755835,0.560143,4.46741,0.631663,0.3735,0.66072,2.61137,0.171645,0.219595,0,0.801754,0.0870507,0,-0.000322693,0.252853,0.95879,0.202493,0.0510988,0.0533727,0.00427405,0.003316,0.438669,0.0493528,5.80098,0.759607,11.791,0.639813,0.664976,-6.42181,-0.333333,-0.0642448,0.770414,11.0417,7.625,0,0,1.29167,7.41667,0,-7.07367,0.0001,-0.00242335,0.044347,2.60248,0.155624,35641,0.170816,200.49,2.20785
5322,0.163366,0.626061,0.00497886,0.00497886,0.190032,0.154039,0.787177,0.671627,0.0526242,0.0216048,0.0503246,0.220893,0.0462888,0,0.878539,0.0642886,2.16137,0.173043,0,0.0756508,0.559305,4.45648,0.63005,0.375152,0.661292,2.61357,0.174977,0.218546,0,0.810317,0.0620649,0,-0.000325891,0.254678,0.959256,0.202305,0.0511557,0.053631,0.00486924,0.00390504,0.435134,0.0494476,5.65179,1.08408,11.9462,0.635409,0.671924,-6.58247,-0.333333,-0.0641206,0.76987,11.625,7.66667,0,0,1.83333,8.20833,0,-7.07484,0.0001,-0.00207243,0.0443061,2.04063,0.142623,45026,0.170792,202.09,2.17519
5323,0.158771,0.612528,0.00500818,0.00500818,0.189302,0.151185,0.787401,0.652551,0.052914,0.0204557,0.0505519,0.220116,0.0467336,0,0.871262,0.0614624,2.14697,0.178649,0,0.0767569,0.557553,4.4403,0.629259,0.371585,0.66211,2.61712,0.169506,0.217766,0,0.812,0.066498,0,-0.000276903,0.251024,0.959377,0.198269,0.0513973,0.0537984,0.00416549,0.00323857,0.439283,0.0497151,5.9828,1.39911,12.0105,0.632135,0.667543,-6.74694,-0.333333,-0.063636,0.751535,10.5,8.29167,0,0,1.375,9.20833,0,-7.07271,0.0001,-0.0025151,0.0468358,2.45724,0.146037,37761,0.170836,201.53,2.06456
5324,0.160646,0.620647,0.00500478,0.00500478,0.188969,0.152923,0.78708,0.663841,0.0526003,0.0211226,0.0503192,0.219797,0.0464514,0,0.872517,0.0633993,2.16834,0.178821,0,0.076188,0.562459,4.45511,0.631118,0.372072,0.661722,2.60597,0.171427,0.217705,0,0.784076,0.0970373,0,-0.000353851,0.255043,0.959432,0.200758,0.0511449,0.0535214,0.00435919,0.00351998,0.44002,0.0494708,5.82438,1.025,11.838,0.63784,0.666783,-6.56204,-0.333333,-0.0636813,0.760826,10.9167,6.83333,0,0,1.45833,8.04167,0,-7.07016,0.0001,-0.00244492,0.0448346,1.88202,0.12019,49097,0.170887,200.76,2.22079
5325,0.164641,0.631729,0.00500203,0.00500203,0.191854,0.155518,0.787218,0.670229,0.0527248,0.0210408,0.0504,0.221882,0.0470398,0,0.879785,0.0639596,2.13908,0.176231,0,0.0764919,0.559707,4.45403,0.630404,0.372377,0.663072,2.61454,0.174601,0.219346,0,0.817927,0.0583571,0,-0.000314843,0.253324,0.959242,0.19965,0.0512588,0.0536671,0.00456882,0.0036479,0.437735,0.0495718,5.93955,1.22804,11.9385,0.634918,0.667371,-6.65955,-0.333333,-0.0647091,0.775118,11.625,8.08333,0,0,1.66667,8.79167,0,-7.06835,0.0001,-0.00217853,0.0483811,1.58966,0.120196,57492,0.170921,200.5,2.251
5326,0.162049,0.622482,0.00499828,0.00499828,0.189463,0.153192,0.787543,0.664806,0.0524234,0.0214373,0.0501607,0.220615,0.048214,0,0.87522,0.0639134,2.15224,0.180927,0,0.0760602,0.563084,4.45153,0.630171,0.372784,0.662993,2.60679,0.172697,0.218262,0,0.791102,0.0737399,0,-0.000397358,0.255866,0.958622,0.200587,0.051038,0.0533728,0.00445926,0.00356441,0.437987,0.0493165,5.87103,0.939532,11.8559,0.638496,0.666318,-6.51141,-0.333333,-0.0637844,0.764343,11.625,8.58333,0,0,1.16667,8.20833,0,-7.06766,0.0001,-0.00240844,0.0500233,1.64883,0.136006,55077,0.170935,198.53,2.03799
5327,0.16167,0.622482,0.00499384,0.00499384,0.191465,0.153092,0.786678,0.660964,0.0527815,0.0210553,0.0504463,0.22279,0.045807,0,0.884194,0.0630703,2.15203,0.176925,0,0.0770418,0.557945,4.44011,0.628953,0.373333,0.660918,2.60964,0.171325,0.220302,0,0.781359,0.0787449,0,-0.000281032,0.251767,0.959029,0.200392,0.0512958,0.0537519,0.00423167,0.00333294,0.436887,0.0495861,5.92905,1.22627,11.9949,0.634609,0.668878,-6.66146,-0.333333,-0.0645735,0.763452,11.5833,7.625,0,0,1.16667,8.625,0,-7.06585,0.0001,-0.00165037,0.0459157,1.80846,0.13749,50517,0.170965,199.73,2.17188
5328,0.159924,0.607678,0.00500239,0.00500239,0.190579,0.149779,0.78697,0.64234,0.0525688,0.0212422,0.0502987,0.222117,0.0464067,0,0.880808,0.0605146,2.15913,0.178871,0,0.0763247,0.554161,4.43798,0.628718,0.372201,0.661688,2.62073,0.168479,0.219843,0,0.762108,0.0833405,0,-0.00028363,0.253569,0.959291,0.201185,0.0511767,0.0535611,0.00435474,0.0034818,0.437808,0.0494897,5.81892,1.10832,11.8869,0.637297,0.669446,-6.59921,-0.333333,-0.0641554,0.744595,11.2083,8.125,0,0,1,8.41667,0,-7.06315,0.0001,-0.00299049,0.0448502,1.83879,0.138947,49705,0.171001,198.49,2.06109
5329,0.15875,0.60928,0.00499802,0.00499802,0.187444,0.15006,0.787544,0.65095,0.0526288,0.0214502,0.0503263,0.221434,0.047879,0,0.877997,0.0615685,2.15034,0.177439,0,0.077018,0.559784,4.44289,0.629106,0.372831,0.662819,2.61608,0.16917,0.219011,0,0.768727,0.0562963,0,-0.000380997,0.255285,0.958912,0.199871,0.0511318,0.053551,0.00434052,0.00344199,0.437014,0.0493964,5.79996,1.06816,11.8932,0.638069,0.671477,-6.5515,-0.333333,-0.063123,0.748144,11.0417,7.95833,0,0,0.875,7.875,0,-7.05854,0.0001,-0.00255232,0.0448802,1.82896,0.13939,49942,0.171026,201.66,2.25119
5330,0.162892,0.623965,0.00500924,0.00500924,0.190644,0.153974,0.787274,0.661829,0.0527958,0.0212972,0.050512,0.219899,0.0453357,0,0.870807,0.0626603,2.16137,0.175945,0,0.075859,0.55674,4.4499,0.629668,0.371438,0.663124,2.62261,0.172215,0.217643,0,0.819039,0.0794874,0,-0.000314706,0.252299,0.958972,0.199165,0.0513291,0.0537297,0.00407269,0.00321927,0.436207,0.0495943,5.76432,1.09691,11.9012,0.637691,0.669161,-6.54188,-0.333333,-0.0641298,0.764968,10.875,8.5,0,0,1.08333,7.54167,0,-7.05728,0.0001,-0.0022535,0.0483988,1.8422,0.136238,49687,0.171006,199.94,2.09505
5331,0.160028,0.606662,0.00500403,0.00500403,0.185996,0.150007,0.787436,0.651397,0.0522999,0.0221892,0.0500918,0.221494,0.0480259,0,0.877007,0.061613,2.16986,0.181402,0,0.0767626,0.557987,4.45953,0.630014,0.371994,0.662478,2.62268,0.17134,0.219277,0,0.77213,0.0719403,0,-0.000348333,0.258743,0.958872,0.199548,0.051081,0.0533616,0.00418717,0.00329235,0.436902,0.0493451,5.8181,0.662098,11.7515,0.641999,0.671512,-6.35081,-0.333333,-0.0624464,0.744189,12.2083,8.25,0,0,0.958333,7.79167,0,-7.05887,0.0001,-0.00279755,0.0466515,1.83266,0.138732,49865,0.17096,201.46,2.26052
5332,0.15801,0.60366,0.0050103,0.0050103,0.185887,0.148857,0.78658,0.638081,0.0523961,0.0220891,0.0501577,0.220838,0.0496366,0,0.874459,0.0601649,2.16785,0.184341,0,0.077337,0.558874,4.45315,0.630222,0.371346,0.662684,2.6181,0.16722,0.218588,0,0.774859,0.0786405,0,-0.000358338,0.260114,0.958703,0.199457,0.0510819,0.0534126,0.00425911,0.00337741,0.438471,0.0493354,5.90546,0.7496,11.7724,0.641583,0.672607,-6.35499,-0.333333,-0.0624928,0.737584,12.5417,8.20833,0,0,1.25,6.83333,0,-7.0602,0.0001,-0.00294024,0.0486929,1.83884,0.138603,49712,0.170949,198.97,1.92329
5333,0.165122,0.626688,0.00500893,0.00500893,0.191885,0.154725,0.786891,0.65826,0.0523685,0.0220742,0.0501461,0.223293,0.0460587,0,0.884255,0.0631309,2.16626,0.175682,0,0.0757382,0.561812,4.45143,0.630785,0.371438,0.660903,2.60766,0.173212,0.221054,0,0.791333,0.0671887,0,-0.000378448,0.254422,0.95862,0.200622,0.0510207,0.0533694,0.0045268,0.00360167,0.439673,0.0492698,5.89107,0.765392,11.7775,0.640851,0.67101,-6.34636,-0.333333,-0.0645083,0.766957,11.3333,6.66667,0,0,1.54167,6.45833,0,-7.05925,0.0001,-0.00198764,0.0476287,1.81708,0.141808,50183,0.17092,200.61,2.11939
5334,0.162119,0.62141,0.00499569,0.00499569,0.190677,0.153176,0.787138,0.655827,0.0525843,0.021145,0.0503136,0.221506,0.0453638,0,0.878802,0.0621975,2.14495,0.176828,0,0.0759279,0.561745,4.46394,0.631546,0.37316,0.662155,2.60836,0.171093,0.219058,0,0.795971,0.0624605,0,-0.000365511,0.255847,0.959725,0.20219,0.0510495,0.0534482,0.00445018,0.00354448,0.43904,0.0494037,5.87864,1.13397,11.8177,0.636268,0.659975,-6.67067,-0.333333,-0.0642508,0.764494,11.6667,8.25,0,0,1.875,8.5,0,-7.0616,0.0001,-0.00319588,0.0489722,1.82428,0.137599,50107,0.170927,200.69,2.3801
5335,0.161936,0.623854,0.0050083,0.0050083,0.190356,0.154112,0.788051,0.664394,0.0525153,0.0215923,0.0502721,0.222554,0.0460885,0,0.880707,0.0635126,2.14943,0.172944,0,0.0754458,0.562162,4.45017,0.630474,0.371466,0.662023,2.61195,0.171752,0.220207,0,0.793372,0.0860434,0,-0.000386137,0.253822,0.95874,0.199967,0.0510558,0.0534967,0.00443233,0.0035815,0.43796,0.049339,5.83027,0.955185,11.855,0.638198,0.667952,-6.43752,-0.333333,-0.0639335,0.766099,11.625,7.66667,0,0,1.125,7.625,0,-7.06115,0.0001,-0.00228239,0.0464124,1.81237,0.133983,50506,0.17093,200.17,2.05816
5336,0.161213,0.617155,0.00500278,0.00500278,0.189981,0.152622,0.787613,0.652175,0.0523699,0.0218231,0.0501133,0.222317,0.0475376,0,0.87989,0.0618984,2.16017,0.179282,0,0.0766984,0.561036,4.467,0.632604,0.372151,0.658777,2.5956,0.170114,0.219985,0,0.760487,0.0653124,0,-0.000391764,0.256084,0.958628,0.20121,0.0509702,0.0533771,0.00449383,0.00362995,0.438209,0.0492454,5.87786,0.870558,11.8768,0.637649,0.671003,-6.43907,-0.333333,-0.063748,0.758809,11.5,7.54167,0,0,1,7.95833,0,-7.06275,0.0001,-0.00230711,0.0449983,1.85996,0.143565,49065,0.170883,199.24,2.11599
5337,0.163284,0.629672,0.00497716,0.00497716,0.190592,0.154562,0.785914,0.673265,0.0523125,0.0212785,0.0500275,0.221565,0.0474948,0,0.88155,0.0655247,2.16122,0.177959,0,0.0763779,0.564232,4.47417,0.63401,0.375386,0.656203,2.5804,0.174508,0.219063,0,0.790887,0.0924891,0,-0.000419998,0.253766,0.9594,0.203984,0.0507969,0.053181,0.00427152,0.00336655,0.439266,0.0491129,5.76561,1.01729,11.8559,0.636087,0.667878,-6.61531,-0.333333,-0.0643932,0.772452,11.2083,8.25,0,0,1.33333,7.45833,0,-7.06449,0.0001,-0.00209584,0.0451636,1.86653,0.139714,48999,0.170919,201.77,2.29247
5338,0.164486,0.624369,0.00499328,0.00499328,0.190884,0.153905,0.786857,0.659677,0.0523615,0.0216532,0.050125,0.222341,0.046757,0,0.882135,0.0626376,2.15432,0.177456,0,0.0754246,0.563973,4.47406,0.632403,0.373351,0.660628,2.60092,0.173561,0.220024,0,0.780235,0.0876009,0,-0.00041665,0.25326,0.959764,0.20221,0.0509744,0.0532988,0.00415014,0.00326739,0.437319,0.0492733,5.65131,0.842152,11.7497,0.638698,0.662633,-6.47955,-0.333333,-0.0642425,0.765682,11.4583,6.66667,0,0,1.29167,7.66667,0,-7.05993,0.0001,-0.00223676,0.044996,1.90623,0.138798,48069,0.17099,200.18,2.2508
5339,0.165605,0.62978,0.00498911,0.00498911,0.189561,0.155501,0.787461,0.66737,0.0527288,0.0211946,0.0503896,0.222336,0.0477674,0,0.881708,0.0630996,2.15373,0.178837,0,0.0768091,0.558503,4.45035,0.630523,0.373871,0.658846,2.61009,0.175299,0.219674,0,0.80491,0.0724839,0,-0.000327485,0.254803,0.959397,0.200583,0.0511718,0.0536913,0.0041341,0.00321593,0.436685,0.0494685,5.67942,1.19185,11.9343,0.634635,0.670792,-6.65378,-0.333333,-0.0638397,0.775267,12.375,8.70833,0,0,1.16667,8.79167,0,-7.05864,0.0001,-0.00260297,0.04685,1.87286,0.144474,48729,0.170987,201.93,2.17814
5340,0.161133,0.619482,0.00500646,0.00500646,0.187619,0.152716,0.787594,0.656489,0.0524554,0.0216043,0.0501995,0.221602,0.0486994,0,0.877866,0.0623513,2.17355,0.180003,0,0.0768425,0.554165,4.45793,0.630969,0.371752,0.660322,2.60622,0.170335,0.21921,0,0.785738,0.057382,0,-0.000345173,0.259716,0.959092,0.200604,0.0510809,0.0535092,0.00458412,0.00371166,0.437663,0.0493743,5.66277,0.8239,11.8021,0.639591,0.671849,-6.43565,-0.333333,-0.0631364,0.760414,11.3333,8,0,0,1.125,7.66667,0,-7.05829,0.0001,-0.00254864,0.0446991,1.84825,0.139689,49450,0.171003,200.43,2.15433
5341,0.161029,0.611147,0.00500202,0.00500202,0.18963,0.150992,0.786616,0.643635,0.0528927,0.0210868,0.0505185,0.223163,0.0469898,0,0.881425,0.0604038,2.15665,0.177001,0,0.0770648,0.556657,4.44715,0.630534,0.372266,0.658505,2.60277,0.169301,0.220267,0,0.753517,0.0545954,0,-0.000301119,0.254089,0.959615,0.198417,0.0513583,0.0538472,0.00448721,0.00355332,0.439808,0.049645,5.82725,1.29937,11.9983,0.632615,0.672698,-6.68312,-0.333333,-0.0636534,0.749308,11.2083,7.83333,0,0,0.791667,8.75,0,-7.05814,0.0001,-0.00209563,0.0457697,1.84599,0.136954,49574,0.171028,199.86,2.11967
5342,0.16141,0.61935,0.00502688,0.00502688,0.185953,0.153763,0.788891,0.650741,0.0529139,0.021339,0.0505961,0.22075,0.047912,0,0.869077,0.0612361,2.14192,0.179407,0,0.0765636,0.560233,4.4364,0.628122,0.369126,0.664611,2.61765,0.169602,0.218036,0,0.787135,0.0647812,0,-0.00031581,0.26,0.959152,0.197283,0.0513083,0.0538668,0.00437205,0.00356736,0.439511,0.0496078,5.87526,1.19197,11.914,0.636019,0.669786,-6.53687,-0.333333,-0.0621851,0.759967,11.9167,8.125,0,0,0.833333,8,0,-7.05811,0.0001,-0.00255858,0.0437568,1.86011,0.138914,49176,0.171045,199.73,2.28139
5343,0.163078,0.62938,0.00498254,0.00498254,0.189303,0.154724,0.786367,0.66709,0.052045,0.0223976,0.0498788,0.220584,0.0461174,0,0.877645,0.0644953,2.16111,0.178703,0,0.0753427,0.564299,4.47279,0.632716,0.374691,0.658201,2.60321,0.172687,0.21837,0,0.791331,0.0759093,0,-0.000383209,0.255862,0.959251,0.204705,0.0507844,0.053065,0.00440803,0.00355208,0.443822,0.049101,5.8902,0.678691,11.6563,0.641304,0.661845,-6.40074,-0.333333,-0.0638411,0.771035,11.9583,7.20833,0,0,1.25,7.79167,0,-7.05869,0.0001,-0.00175508,0.0444968,1.85967,0.13904,49183,0.171043,203.15,2.35498
5344,0.161102,0.620092,0.00497608,0.00497608,0.187433,0.15239,0.786466,0.66824,0.052133,0.0219947,0.049911,0.220218,0.0483335,0,0.87643,0.0645901,2.15766,0.183548,0,0.0773606,0.560998,4.46071,0.631972,0.375502,0.655966,2.59482,0.17355,0.217828,0,0.796668,0.0801753,0,-0.000433065,0.257492,0.959093,0.204893,0.0507824,0.0530959,0.00412025,0.00321806,0.440138,0.0490527,5.81402,0.804691,11.7513,0.640231,0.668695,-6.4876,-0.333333,-0.0632794,0.76255,11.25,7.16667,0,0,1.41667,7.54167,0,-7.05772,0.0001,-0.00241901,0.0464826,1.82169,0.14056,50097,0.171029,201.19,2.34153
5345,0.165,0.629917,0.00497848,0.00497848,0.191006,0.154821,0.785232,0.668862,0.0521691,0.0215489,0.0499085,0.222415,0.0471736,0,0.885289,0.0644141,2.17137,0.177015,0,0.0768551,0.558329,4.47696,0.633072,0.375231,0.655719,2.59882,0.175232,0.219975,0,0.779382,0.0823638,0,-0.000354925,0.257911,0.958984,0.205014,0.0507458,0.0531403,0.00440184,0.00347247,0.445605,0.0490564,5.94621,0.944673,11.8173,0.637994,0.669104,-6.57441,-0.333333,-0.0644821,0.769128,12.5,8.04167,0,0,1.41667,8.25,0,-7.05761,0.0001,-0.00233967,0.0470358,1.82677,0.138891,50010,0.171037,200.94,2.27164
5346,0.16083,0.617704,0.0050191,0.0050191,0.188215,0.152594,0.787081,0.666381,0.0523596,0.021997,0.0501731,0.219793,0.0465035,0,0.868915,0.0642225,2.15849,0.17659,0,0.0754398,0.559928,4.44363,0.629595,0.370107,0.660385,2.61806,0.173173,0.21762,0,0.78153,0.10251,0,-0.000398128,0.257167,0.958935,0.199609,0.0510539,0.0533707,0.00433884,0.00345139,0.439521,0.0493321,5.84178,0.662496,11.6411,0.64414,0.670156,-6.28121,-0.333333,-0.0631974,0.755086,12.2083,6.70833,0,0,1.66667,6.875,0,-7.05564,0.0001,-0.00208999,0.0438875,1.81922,0.135947,50279,0.171086,201.65,2.26533
5347,0.161948,0.617234,0.00500473,0.00500473,0.185786,0.152261,0.787167,0.655664,0.0526496,0.0214616,0.0503389,0.221597,0.0492545,0,0.876801,0.0624035,2.15884,0.183881,0,0.0783421,0.552273,4.44142,0.629392,0.371924,0.657389,2.61173,0.171254,0.219009,0,0.761335,0.0656839,0,-0.000344336,0.261577,0.959372,0.200447,0.0511166,0.053605,0.00451425,0.00363963,0.43843,0.0494303,5.77275,1.09137,11.8632,0.637473,0.67226,-6.53729,-0.333333,-0.0624601,0.755403,11.4583,7,0,0,1.20833,7.58333,0,-7.05106,0.0001,-0.00266151,0.0474859,1.83888,0.140513,49663,0.171106,202.01,2.33244
5348,0.163441,0.632141,0.00500325,0.00500325,0.188193,0.155823,0.786967,0.675131,0.0524561,0.0215343,0.0501904,0.220542,0.0479044,0,0.875098,0.0647864,2.16373,0.181137,0,0.0771419,0.554305,4.4483,0.63009,0.37224,0.658277,2.61221,0.174907,0.218261,0,0.797618,0.0907598,0,-0.000413551,0.255316,0.959238,0.201354,0.051021,0.0533829,0.00397947,0.0030886,0.438044,0.0492958,5.8806,0.91727,11.7947,0.639834,0.670043,-6.46291,-0.333333,-0.0633784,0.774881,12.7083,7.45833,0,0,1.375,7.83333,0,-7.04976,0.0001,-0.00171478,0.0458563,1.85032,0.145489,49255,0.171092,198.43,2.084
5349,0.161035,0.616158,0.00497908,0.00497908,0.188147,0.151656,0.785385,0.661017,0.0524507,0.0217109,0.050151,0.22123,0.0471998,0,0.878893,0.0634355,2.16502,0.179425,0,0.0769068,0.554549,4.45881,0.631709,0.375125,0.655824,2.59666,0.17275,0.218662,0,0.783732,0.0784938,0,-0.000326046,0.256095,0.959431,0.203045,0.0509636,0.0534096,0.00451002,0.00357928,0.443089,0.0492798,5.96869,1.123,11.8681,0.63608,0.669794,-6.66303,-0.333333,-0.0634435,0.753932,12.4167,7.875,0,0,1.25,8.33333,0,-7.04853,0.0001,-0.00268017,0.0402102,1.87536,0.145764,48638,0.17113,199.61,1.91011
5350,0.164388,0.624123,0.00499528,0.00499528,0.191711,0.154163,0.786484,0.665126,0.0525263,0.0221412,0.0502731,0.221731,0.0442547,0,0.878956,0.0630588,2.14353,0.171452,0,0.0750093,0.565318,4.46112,0.631209,0.373103,0.65985,2.61061,0.17527,0.219267,0,0.792462,0.0639148,0,-0.000375405,0.250174,0.959115,0.200965,0.051088,0.0534317,0.00440923,0.00349248,0.443274,0.0493831,6.12215,0.927774,11.8116,0.638648,0.670287,-6.50356,-0.333333,-0.0644439,0.763505,11.1667,6.875,0,0,0.916667,7.66667,0,-7.04394,0.0001,-0.00265026,0.0459599,1.83699,0.137786,49779,0.171189,201.77,2.308
5351,0.162386,0.620523,0.00498122,0.00498122,0.188127,0.152785,0.786865,0.665784,0.0525404,0.0214561,0.0502267,0.220154,0.0474537,0,0.873899,0.0635819,2.15037,0.177824,0,0.0765891,0.5638,4.46275,0.631392,0.374857,0.659339,2.60386,0.173932,0.217374,0,0.787993,0.0832213,0,-0.000379332,0.25413,0.9596,0.202899,0.0509338,0.0534105,0.00457862,0.00370821,0.442563,0.0492555,6.03369,1.23682,11.9271,0.634034,0.666523,-6.69424,-0.333333,-0.0634149,0.761496,11.75,7.41667,0,0,0.875,8.58333,0,-7.04207,0.0001,-0.00118586,0.0469267,1.83088,0.135855,49983,0.171165,200.17,2.22818
5352,0.15978,0.604499,0.00499736,0.00499736,0.187256,0.149034,0.786457,0.650949,0.0525093,0.0214931,0.0501943,0.223495,0.0476005,0,0.884287,0.0617525,2.13326,0.180234,0,0.0769334,0.561188,4.44868,0.630233,0.372867,0.658307,2.60787,0.171675,0.220719,0,0.790345,0.0622385,0,-0.000417409,0.255589,0.958982,0.199188,0.0510527,0.0534131,0.0047091,0.00371731,0.443979,0.0493564,6.17277,1.14008,11.9047,0.635707,0.670227,-6.56616,-0.333333,-0.0630172,0.739691,11.625,6.95833,0,0,0.958333,7.08333,0,-7.04268,0.0001,-0.0022775,0.0443208,1.86923,0.136274,49017,0.171192,200.44,2.18106
5353,0.159837,0.609041,0.00501943,0.00501943,0.187798,0.150411,0.787553,0.644676,0.0526087,0.0214956,0.0503292,0.221266,0.0472744,0,0.87316,0.0608259,2.14302,0.180323,0,0.0766682,0.557587,4.44976,0.63024,0.370149,0.660387,2.61265,0.169361,0.218565,0,0.767767,0.0753762,0,-0.000364778,0.255985,0.959161,0.198259,0.0511997,0.0535656,0.00386751,0.00298978,0.438592,0.0494709,5.97574,0.974863,11.7559,0.640203,0.669221,-6.46572,-0.333333,-0.0630496,0.746849,13.4167,8.125,0,0,0.666667,8.95833,0,-7.03944,0.0001,-0.00255164,0.0425525,1.8487,0.137231,49500,0.171214,200.38,2.34897
5354,0.165142,0.642168,0.00496051,0.00496051,0.191262,0.157516,0.784793,0.693718,0.0520894,0.0219131,0.0498692,0.220414,0.0462301,0,0.879249,0.0671989,2.16979,0.173955,0,0.0752827,0.563783,4.48181,0.633399,0.377455,0.65485,2.58645,0.178762,0.217869,0,0.82343,0.0867827,0,-0.000422775,0.2494,0.959015,0.206691,0.0507459,0.0530372,0.0042385,0.00324245,0.443795,0.049025,6.03175,0.839933,11.7668,0.638732,0.663475,-6.55652,-0.333333,-0.0647713,0.786085,10.4583,6.875,0,0,1,7.83333,0,-7.04179,0.0001,-0.00286029,0.0478962,1.84524,0.144115,49414,0.171163,202.55,2.31137
5355,0.162248,0.632214,0.00495719,0.00495719,0.190596,0.154832,0.784758,0.681472,0.0520207,0.0224426,0.0497963,0.218877,0.0470642,0,0.875408,0.0662262,2.17314,0.176602,0,0.0762862,0.563534,4.48449,0.635418,0.377887,0.653701,2.58206,0.175595,0.216642,0,0.804507,0.0554997,0,-0.000381871,0.251738,0.958837,0.207345,0.0506538,0.0529995,0.00377811,0.00287201,0.43932,0.0489142,5.81775,0.709161,11.7502,0.641121,0.664418,-6.48631,-0.333333,-0.064629,0.772058,12.2917,7.95833,0,0,1.29167,7.58333,0,-7.04605,0.0001,-0.00301277,0.0456086,1.85371,0.137917,49358,0.17111,201.48,2.05767
5356,0.161685,0.617002,0.00497847,0.00497847,0.18841,0.151891,0.785188,0.664349,0.0524347,0.0216592,0.0501431,0.221287,0.0462101,0,0.879457,0.0634754,2.18382,0.176296,0,0.0769873,0.556416,4.47186,0.632968,0.375202,0.655782,2.59573,0.17362,0.218635,0,0.789929,0.0701788,0,-0.000384133,0.252379,0.95879,0.203302,0.0509363,0.0533452,0.00401466,0.00306926,0.438304,0.0492193,6.02808,1.02367,11.8798,0.636845,0.668715,-6.60636,-0.333333,-0.0635892,0.754402,11.8333,7.66667,0,0,0.958333,8.375,0,-7.04963,0.0001,-0.00207353,0.044146,1.87162,0.138823,48896,0.171121,200.33,2.13382
5357,0.161043,0.615503,0.0049812,0.0049812,0.189023,0.150947,0.785473,0.667768,0.0523057,0.0215578,0.0500335,0.220517,0.0452669,0,0.876666,0.0644924,2.16002,0.175396,0,0.0764061,0.55726,4.46608,0.632426,0.375037,0.655648,2.5993,0.174786,0.217817,0,0.7677,0.0870257,0,-0.000317084,0.254205,0.959448,0.205897,0.0507874,0.0532627,0.004344,0.00340963,0.441306,0.049135,5.98579,1.03079,11.8087,0.637062,0.66468,-6.64455,-0.333333,-0.0639544,0.753166,11.9167,7.625,0,0,1.25,8.91667,0,-7.04813,0.0001,-0.00226358,0.0420041,1.85922,0.136245,49263,0.17114,201.32,2.25818
5358,0.16778,0.64379,0.00496339,0.00496339,0.193406,0.158115,0.78526,0.686737,0.0519717,0.0226065,0.0497724,0.221904,0.0454569,0,0.88532,0.0670437,2.155,0.172097,0,0.0748976,0.567953,4.47918,0.634181,0.377095,0.655636,2.58196,0.178784,0.219502,0,0.818466,0.0861521,0,-0.000417938,0.253418,0.958761,0.206145,0.0506592,0.0529431,0.00420822,0.00325329,0.440029,0.0489279,5.87961,0.666891,11.71,0.64266,0.66673,-6.44394,-0.333333,-0.0654392,0.787731,12.0833,6.95833,0,0,1.125,7.41667,0,-7.04693,0.0001,-0.00232267,0.0445821,1.83189,0.139422,49867,0.171138,201.25,2.43486
5359,0.163223,0.628907,0.00499109,0.00499109,0.190024,0.154913,0.785761,0.673505,0.0520174,0.0227091,0.0498441,0.220258,0.0448789,0,0.874966,0.0646738,2.16107,0.17784,0,0.0751061,0.562482,4.46456,0.631557,0.373626,0.658454,2.60644,0.174974,0.217932,0,0.794462,0.0716555,0,-0.000382869,0.250273,0.95842,0.202926,0.0508115,0.0530825,0.00409438,0.00315674,0.440068,0.0490668,6.11098,0.545434,11.6442,0.644079,0.663608,-6.27476,-0.333333,-0.0640526,0.768299,12.6667,6.125,0,0,1.16667,7.625,0,-7.04919,0.0001,-0.00196159,0.0453504,1.84654,0.140224,49479,0.171085,200.83,2.1389
5360,0.165102,0.636888,0.00498565,0.00498565,0.190803,0.156702,0.785551,0.684116,0.052268,0.022447,0.0500346,0.221568,0.0462908,0,0.880523,0.0662907,2.17267,0.175651,0,0.0758031,0.562144,4.45892,0.631815,0.374332,0.656548,2.59795,0.177698,0.219031,0,0.803661,0.0836686,0,-0.000418838,0.252967,0.958506,0.203178,0.0508566,0.0532385,0.004449,0.00349372,0.439321,0.049121,6.13484,0.757228,11.7237,0.642754,0.666672,-6.41238,-0.333333,-0.0643573,0.777357,12.2083,7.75,0,0,0.875,7.25,0,-7.05146,0.0001,-0.00231901,0.0430628,1.82961,0.141404,49874,0.171054,202.35,2.26066
5361,0.162594,0.627014,0.00499571,0.00499571,0.188808,0.154686,0.785947,0.6718,0.0524704,0.0218102,0.0501853,0.220218,0.0467574,0,0.872145,0.0644316,2.15613,0.180375,0,0.0763666,0.560692,4.45421,0.631187,0.373052,0.659603,2.60757,0.17372,0.217532,0,0.783293,0.0778335,0,-0.000301595,0.253564,0.959147,0.200617,0.0510862,0.0534861,0.00438484,0.00344267,0.443072,0.0493909,6.1397,0.974119,11.7885,0.639096,0.668931,-6.51233,-0.333333,-0.0635105,0.764606,12.9583,6.95833,0,0,1,8.66667,0,-7.05254,0.0001,-0.00261862,0.0449297,1.8433,0.139275,49584,0.171004,202.29,2.37518
5362,0.166257,0.638466,0.00498092,0.00498092,0.191984,0.157145,0.785845,0.679393,0.052194,0.0226053,0.0499784,0.221794,0.0467489,0,0.882364,0.0658506,2.15913,0.173164,0,0.0758307,0.561865,4.46254,0.631698,0.374905,0.656502,2.59858,0.177014,0.219468,0,0.811942,0.0701903,0,-0.000391911,0.254684,0.958634,0.203106,0.0508735,0.053264,0.00444534,0.0035135,0.438173,0.0491268,5.86081,0.634149,11.7236,0.643214,0.672972,-6.32442,-0.333333,-0.0647506,0.779526,12.0417,6.54167,0,0,1.04167,7.125,0,-7.05469,0.0001,-0.00245251,0.0465156,1.83526,0.138509,49805,0.170978,200.12,2.23708
5363,0.159934,0.615054,0.0050015,0.0050015,0.187956,0.152111,0.78664,0.654595,0.0521953,0.0226499,0.0500034,0.222141,0.0473225,0,0.879867,0.0625627,2.15934,0.180344,0,0.076373,0.557928,4.45144,0.630978,0.372332,0.659823,2.60661,0.170043,0.219694,0,0.802236,0.0786854,0,-0.000360732,0.256152,0.9584,0.199658,0.0510254,0.0532847,0.00452282,0.00356047,0.438833,0.0493044,6.07071,0.583055,11.667,0.644416,0.668781,-6.26081,-0.333333,-0.063127,0.752512,12.5,6.91667,0,0,0.666667,7.04167,0,-7.05583,0.0001,-0.00185576,0.0506705,1.8555,0.142674,49196,0.170954,200.21,2.01049
5364,0.159997,0.612191,0.00499938,0.00499938,0.185555,0.15079,0.785896,0.662169,0.052515,0.022071,0.0502571,0.221457,0.0484515,0,0.87628,0.063561,2.15854,0.180601,0,0.0760798,0.558413,4.4588,0.630579,0.372672,0.661978,2.61938,0.172213,0.218584,0,0.792409,0.063503,0,-0.00032686,0.257826,0.959434,0.19944,0.0512026,0.0535341,0.00429031,0.0033004,0.436356,0.0495084,5.96776,0.884173,11.7414,0.640762,0.668816,-6.47711,-0.333333,-0.0625507,0.748391,12.625,7,0,0,0.833333,8.29167,0,-7.05681,0.0001,-0.00258409,0.0481649,1.8451,0.136506,49608,0.170915,201.92,2.06475
5365,0.162379,0.618044,0.00498419,0.00498419,0.188367,0.15198,0.785899,0.660742,0.0526412,0.0212774,0.0503077,0.221924,0.0464132,0,0.880305,0.063071,2.17227,0.176556,0,0.0770448,0.552838,4.44825,0.630543,0.374486,0.656805,2.60227,0.173277,0.219121,0,0.779185,0.0794791,0,-0.000310509,0.254329,0.959691,0.202151,0.0511061,0.053579,0.00417839,0.00323473,0.436517,0.0494265,6.00692,1.18135,11.9051,0.635263,0.668092,-6.66655,-0.333333,-0.0635312,0.757092,12.5833,8.125,0,0,1.25,8.79167,0,-7.058,0.0001,-0.00189167,0.0500802,1.83935,0.143762,49570,0.170895,201.99,2.03605
5366,0.159439,0.614809,0.00501496,0.00501496,0.187967,0.151368,0.787075,0.65384,0.0522122,0.0224365,0.0499848,0.222101,0.0491394,0,0.87824,0.0629477,2.16629,0.182697,0,0.0770753,0.557162,4.44385,0.630346,0.370839,0.661164,2.60945,0.169113,0.219443,0,0.764942,0.0751817,0,-0.000340429,0.258247,0.958683,0.201082,0.0509265,0.0532896,0.00449295,0.00354292,0.441069,0.0492105,6.24151,0.713802,11.6575,0.644567,0.667707,-6.3177,-0.333333,-0.0633442,0.751884,12.4583,6.54167,0,0,0.75,7.83333,0,-7.05794,0.0001,-0.00294782,0.0478402,1.81161,0.146579,50201,0.170895,202.24,2.13107
5367,0.162595,0.625425,0.00498657,0.00498657,0.189717,0.154044,0.786844,0.666951,0.0524926,0.0223125,0.050202,0.220307,0.0471923,0,0.874325,0.0635639,2.13736,0.178109,0,0.0764818,0.564467,4.45645,0.630532,0.374185,0.661171,2.60549,0.173561,0.21773,0,0.797914,0.0733271,0,-0.000356221,0.255422,0.958676,0.201099,0.0511037,0.0535262,0.00464128,0.00375812,0.4419,0.0493778,6.05922,0.81874,11.8489,0.639738,0.673612,-6.3944,-0.333333,-0.0639339,0.76612,12.9167,7.33333,0,0,1.04167,6.91667,0,-7.05567,0.0001,-0.00242154,0.0444398,1.90032,0.149394,47959,0.170935,198.76,1.93096
5368,0.161922,0.62568,0.00497933,0.00497933,0.188547,0.154121,0.786442,0.669228,0.0521557,0.0226922,0.0499131,0.222379,0.0489133,0,0.88342,0.0640571,2.14943,0.184171,0,0.0772925,0.560529,4.45798,0.631463,0.375111,0.658302,2.60642,0.173102,0.219719,0,0.811833,0.0706152,0,-0.000350304,0.256719,0.958836,0.202941,0.0509086,0.0532232,0.00471796,0.00380343,0.440958,0.049186,6.13382,0.73272,11.7607,0.641185,0.669899,-6.38121,-0.333333,-0.0635663,0.767448,12.875,7.16667,0,0,0.791667,8.125,0,-7.05054,0.0001,-0.0024753,0.0465801,1.84995,0.136893,49477,0.170935,201.98,2.24869
5369,0.160269,0.617858,0.00498645,0.00498645,0.187656,0.151994,0.785931,0.664924,0.052429,0.02233,0.0501655,0.222654,0.0484421,0,0.883618,0.0637226,2.15866,0.181063,0,0.0772961,0.560578,4.46133,0.630968,0.37423,0.658407,2.60679,0.171909,0.21987,0,0.802372,0.0884418,0,-0.000381271,0.25823,0.958714,0.201462,0.0510363,0.0534063,0.0043439,0.00339606,0.43741,0.0493017,6.00586,0.894522,11.8148,0.639503,0.671835,-6.4882,-0.333333,-0.0633403,0.75625,12.75,7.95833,0,0,0.791667,8,0,-7.04997,0.0001,-0.0024357,0.0457498,1.81993,0.139644,50166,0.170901,200.6,1.91492
5370,0.158412,0.608802,0.00496828,0.00496828,0.187382,0.149153,0.784689,0.657961,0.0521826,0.0217779,0.0499045,0.221272,0.049895,0,0.881973,0.0637645,2.1683,0.184432,0,0.0777579,0.559069,4.46969,0.633384,0.3765,0.654286,2.58975,0.171076,0.218675,0,0.773339,0.10959,0,-0.00031766,0.254639,0.959792,0.204723,0.0508422,0.0531352,0.0037998,0.00288622,0.440531,0.049143,5.98979,0.988743,11.7773,0.638008,0.667693,-6.63322,-0.333333,-0.0634924,0.745029,10.8333,7.04167,0,0,1.04167,8.33333,0,-7.04796,0.0001,-0.00192169,0.046385,1.81094,0.13973,50394,0.170902,204.09,2.27837
5371,0.163885,0.632627,0.0049605,0.0049605,0.187913,0.155112,0.78508,0.678141,0.0523312,0.021647,0.049997,0.222244,0.0497738,0,0.886195,0.0657221,2.15289,0.184268,0,0.07777,0.561253,4.47369,0.633923,0.377533,0.654061,2.58124,0.176188,0.219449,0,0.814793,0.087395,0,-0.000339144,0.258604,0.959672,0.20449,0.0508696,0.0532079,0.00439674,0.00343405,0.440956,0.0491974,6.04104,1.15706,11.8719,0.635234,0.668724,-6.74477,-0.333333,-0.0636953,0.773269,11.6667,8.08333,0,0,1.04167,8.16667,0,-7.04507,0.0001,-0.0021507,0.0463879,1.83468,0.135586,49893,0.170932,202.3,2.41215
5372,0.162058,0.626665,0.00498867,0.00498867,0.190255,0.154567,0.787665,0.667019,0.0527029,0.0213845,0.0503469,0.222224,0.0452365,0,0.879838,0.0629974,2.1404,0.175706,0,0.0762074,0.560304,4.4552,0.630753,0.373942,0.658208,2.60535,0.172969,0.219218,0,0.806796,0.0747861,0,-0.000353761,0.250221,0.959999,0.200676,0.0511079,0.0535228,0.00391979,0.00295271,0.437634,0.0494206,6.058,1.32672,11.919,0.634328,0.667152,-6.76218,-0.333333,-0.0641147,0.770471,11.25,7.25,0,0,0.833333,8.70833,0,-7.04531,0.0001,-0.00272784,0.050159,1.82213,0.137142,50173,0.17094,201.55,2.23166
5373,0.160523,0.619821,0.00496293,0.00496293,0.186434,0.151774,0.785823,0.667988,0.0524336,0.0214433,0.0501096,0.221924,0.0492053,0,0.883788,0.0645216,2.15998,0.180337,0,0.0776888,0.558077,4.47341,0.633021,0.377177,0.654387,2.59309,0.173594,0.219122,0,0.791156,0.0871397,0,-0.000299603,0.257703,0.960122,0.205812,0.0509178,0.053364,0.00462335,0.00365387,0.440611,0.0492963,5.88978,1.2452,11.8913,0.634556,0.669361,-6.78757,-0.333333,-0.0631965,0.7601,12.0833,8.08333,0,0,1.375,9.125,0,-7.04601,0.0001,-0.00190879,0.045033,1.80522,0.130105,50794,0.170971,202.13,2.29459
5374,0.163147,0.632639,0.00495206,0.00495206,0.189998,0.15488,0.785431,0.675895,0.0523273,0.0218973,0.0500058,0.222146,0.0482642,0,0.885959,0.0654437,2.15409,0.17947,0,0.077492,0.561588,4.47495,0.632735,0.378516,0.654778,2.59175,0.174338,0.219109,0,0.795232,0.0745594,0,-0.000357051,0.256526,0.959827,0.207474,0.0507815,0.0532039,0.00491601,0.00390173,0.442966,0.0491569,6.04763,1.10839,11.8656,0.635133,0.662727,-6.75653,-0.333333,-0.0644076,0.775736,11.2083,7.20833,0,0,0.75,9.625,0,-7.04427,0.0001,-0.00199077,0.0452617,1.7996,0.131885,50895,0.170996,202.12,2.31126
5375,0.164503,0.639495,0.00496293,0.00496293,0.19031,0.157243,0.785473,0.681483,0.052403,0.0219831,0.0500765,0.222271,0.0466275,0,0.884625,0.0656918,2.15334,0.176933,0,0.0763126,0.564671,4.46441,0.633739,0.377152,0.654501,2.58398,0.175191,0.219346,0,0.810445,0.0918496,0,-0.000376231,0.253606,0.959722,0.203579,0.0509466,0.0533153,0.00466126,0.00366095,0.441778,0.0493073,6.05469,1.04009,11.8477,0.636497,0.665867,-6.68829,-0.333333,-0.0643134,0.782294,12.0417,7.66667,0,0,0.916667,7.45833,0,-7.04132,0.0001,-0.00277262,0.0423407,1.7977,0.143022,50653,0.171065,202.06,2.19593
5376,0.16082,0.617905,0.0049853,0.0049853,0.186837,0.151737,0.786081,0.657549,0.0524721,0.0216978,0.0501557,0.22211,0.0503081,0,0.881226,0.0628711,2.14642,0.18455,0,0.0781704,0.557569,4.45574,0.63129,0.374402,0.657436,2.6024,0.171037,0.21918,0,0.788306,0.0730974,0,-0.000332111,0.258753,0.959706,0.202886,0.050972,0.0533783,0.00475198,0.00375848,0.440551,0.0493297,6.12323,1.18557,11.8478,0.636961,0.668022,-6.67893,-0.333333,-0.0631666,0.754755,13.3333,8.33333,0,0,0.958333,8.5,0,-7.03689,0.0001,-0.00191327,0.0470006,1.80366,0.134311,50725,0.171066,200.83,1.98079
5377,0.163467,0.625632,0.00498525,0.00498525,0.190191,0.153509,0.785905,0.667505,0.0525107,0.0217461,0.0501936,0.222563,0.0467916,0,0.882737,0.0641342,2.16271,0.176189,0,0.0765366,0.559709,4.47183,0.632605,0.374364,0.657303,2.59441,0.174515,0.219509,0,0.788117,0.0893239,0,-0.000330212,0.254703,0.959735,0.202955,0.050972,0.0534091,0.004447,0.00347853,0.443073,0.0493173,6.16163,1.08952,11.7836,0.637988,0.664225,-6.6848,-0.333333,-0.064279,0.763702,11.4583,7.125,0,0,0.541667,8.04167,0,-7.03728,0.0001,-0.00235434,0.0445465,1.80007,0.137749,50729,0.171053,201.33,2.07139
5378,0.160709,0.61624,0.00498665,0.00498665,0.18615,0.150974,0.785922,0.664299,0.0525306,0.0214904,0.0502018,0.220867,0.048537,0,0.876538,0.0649575,2.14847,0.181756,0,0.0775004,0.560072,4.45939,0.631732,0.374193,0.656152,2.59076,0.172857,0.217999,0,0.776618,0.111118,0,-0.000326044,0.256518,0.959641,0.202226,0.051017,0.0533721,0.00421508,0.00325996,0.441422,0.0493696,6.20073,1.18752,11.8128,0.637503,0.66778,-6.72671,-0.333333,-0.0629753,0.754561,10.9167,7.70833,0,0,0.958333,8.08333,0,-7.0342,0.0001,-0.00196919,0.0473899,1.83457,0.144612,49669,0.171132,203.27,2.28489
5379,0.166506,0.638439,0.00498916,0.00498916,0.193419,0.157355,0.786708,0.678227,0.052572,0.0225862,0.0502707,0.224314,0.044069,0,0.889817,0.0649606,2.15774,0.172199,0,0.0750993,0.563984,4.46491,0.632933,0.37386,0.656591,2.59943,0.176758,0.221704,0,0.791929,0.0770139,0,-0.00041274,0.249906,0.959112,0.201661,0.0510607,0.0535214,0.00440933,0.00350132,0.443201,0.0493407,6.09688,0.787303,11.7751,0.640826,0.672404,-6.42297,-0.333333,-0.0652079,0.781197,13.0833,8.04167,0,0,0.541667,7.45833,0,-7.0277,0.0001,-0.00230898,0.0476344,1.84244,0.144651,49471,0.171187,200.88,2.2004
5380,0.163165,0.622832,0.00499436,0.00499436,0.190177,0.153555,0.786932,0.658328,0.0524788,0.0228263,0.0502397,0.222886,0.0454474,0,0.883464,0.0629053,2.16163,0.178203,0,0.0755133,0.56099,4.4564,0.631226,0.373207,0.659336,2.60497,0.172249,0.22032,0,0.756059,0.0674144,0,-0.000332765,0.251184,0.95919,0.200025,0.0511884,0.0535365,0.00373893,0.00284376,0.439842,0.0494586,6.07823,0.666901,11.6981,0.64232,0.666209,-6.36283,-0.333333,-0.0639644,0.761047,13.125,7.41667,0,0,0.625,6.45833,0,-7.0235,0.0001,-0.00255393,0.0474058,1.88305,0.141082,48565,0.171257,201.99,2.33189
5381,0.161304,0.611251,0.00501062,0.00501062,0.187052,0.151146,0.786698,0.650332,0.0525385,0.0228325,0.0503029,0.223075,0.046882,0,0.881832,0.0615785,2.17839,0.176381,0,0.0761109,0.555828,4.44582,0.628913,0.371168,0.661185,2.62494,0.171154,0.22068,0,0.758052,0.0818378,0,-0.000305337,0.258304,0.958818,0.198409,0.0512655,0.0536888,0.00417891,0.00326704,0.437375,0.0495171,5.8746,0.564081,11.6881,0.644899,0.675397,-6.24669,-0.333333,-0.0627427,0.74507,13.2917,7.75,0,0,0.75,7.5,0,-7.0175,0.0001,-0.00287311,0.0424178,1.87595,0.147771,48575,0.171355,198.78,2.08468
5382,0.165481,0.643703,0.00498186,0.00498186,0.189373,0.158223,0.786275,0.686444,0.0523728,0.0224907,0.0501242,0.221369,0.0468973,0,0.880804,0.0664575,2.17568,0.178498,0,0.0764782,0.559536,4.45953,0.632179,0.374779,0.656489,2.59574,0.176335,0.218983,0,0.826452,0.0896693,0,-0.000324858,0.255173,0.958711,0.202066,0.0510696,0.0534299,0.00416617,0.00325033,0.436508,0.0493395,5.92477,0.714593,11.758,0.641763,0.674111,-6.39522,-0.333333,-0.0639372,0.786985,14.2083,7.95833,0,0,0.708333,7.54167,0,-7.01338,0.0001,-0.00143388,0.0441547,1.90031,0.145186,48058,0.171424,201.77,2.48813
5383,0.162859,0.620237,0.00498682,0.00498682,0.18731,0.1529,0.786279,0.662139,0.0522218,0.023098,0.0499939,0.221424,0.0479089,0,0.878821,0.0633515,2.16254,0.180783,0,0.076446,0.5618,4.45884,0.632765,0.374154,0.656724,2.59756,0.173135,0.218891,0,0.788337,0.0859767,0,-0.000353607,0.256426,0.958853,0.20051,0.0510037,0.0532913,0.00427794,0.00336532,0.439013,0.049264,6.03829,0.530651,11.6658,0.645182,0.670303,-6.31129,-0.333333,-0.0630777,0.757714,12.6667,6.95833,0,0,0.416667,7.20833,0,-7.01223,0.0001,-0.00204654,0.0422562,1.83369,0.13802,49857,0.171406,202.84,2.23433
5384,0.164337,0.629821,0.00499027,0.00499027,0.188288,0.155404,0.78613,0.667972,0.0522979,0.0225048,0.0500577,0.222369,0.0482325,0,0.881971,0.0631806,2.1705,0.177622,0,0.0762262,0.559519,4.4593,0.631463,0.373727,0.658932,2.60752,0.174553,0.219862,0,0.799208,0.0607202,0,-0.000276482,0.258088,0.959362,0.200957,0.0511112,0.0534439,0.00452709,0.00358831,0.434822,0.0494029,5.83555,0.654922,11.6963,0.64357,0.674608,-6.35755,-0.333333,-0.0633236,0.769186,12.4167,6.45833,0,0,1.08333,6.91667,0,-7.0165,0.0001,-0.00285589,0.0417016,1.84808,0.137839,49500,0.171328,200.94,2.10152
5385,0.168288,0.64643,0.00496414,0.00496414,0.192522,0.158531,0.785347,0.692986,0.0520855,0.0228799,0.04988,0.22267,0.0460868,0,0.888406,0.0673586,2.16405,0.171893,0,0.0748371,0.562769,4.46178,0.632389,0.377019,0.655937,2.59329,0.179722,0.220242,0,0.830567,0.0877356,0,-0.000364661,0.254056,0.95884,0.20598,0.0507923,0.0531481,0.00478933,0.00383697,0.43963,0.0490776,5.93954,0.609683,11.7168,0.643126,0.66964,-6.39109,-0.333333,-0.0651562,0.792014,13.75,8.54167,0,0,0.875,7.66667,0,-7.02092,0.0001,-0.0021698,0.0413077,1.85514,0.146773,49105,0.171343,200.93,2.29817
5386,0.16438,0.627363,0.00497653,0.00497653,0.189958,0.154484,0.786496,0.665198,0.052415,0.0222356,0.050144,0.22051,0.0462804,0,0.876961,0.0630866,2.16891,0.178168,0,0.076465,0.5605,4.46796,0.632806,0.375501,0.657818,2.601,0.174594,0.217858,0,0.808107,0.0625963,0,-0.000301311,0.255404,0.959322,0.204135,0.0509741,0.0534076,0.00393345,0.00305027,0.437585,0.0492704,5.95299,0.910834,11.782,0.639452,0.667669,-6.57516,-0.333333,-0.0641223,0.768432,11.5,6.91667,0,0,0.833333,7.16667,0,-7.01994,0.0001,-0.00230025,0.0426781,1.88448,0.146632,48399,0.171333,199.47,2.08047
5387,0.163458,0.624248,0.00501045,0.00501045,0.188095,0.154167,0.786677,0.657372,0.0524495,0.0223439,0.050198,0.222605,0.0484224,0,0.880604,0.061803,2.17749,0.181807,0,0.0770525,0.557963,4.44379,0.630133,0.37128,0.659941,2.61235,0.17265,0.220113,0,0.781224,0.0433366,0,-0.0002695,0.258415,0.958511,0.199432,0.0511735,0.0535723,0.00411725,0.00318272,0.435815,0.0494198,6.06831,0.736756,11.7208,0.643092,0.673998,-6.33807,-0.333333,-0.0631908,0.763,13.2083,7.375,0,0,1.04167,6.75,0,-7.02166,0.0001,-0.00266023,0.0457335,1.87686,0.153552,48415,0.171348,200.42,2.34173
5388,0.165592,0.641223,0.00497079,0.00497079,0.190164,0.15744,0.785468,0.685611,0.0524501,0.022129,0.0501632,0.221132,0.0473647,0,0.881317,0.0666518,2.16428,0.178699,0,0.0767655,0.564488,4.45872,0.631681,0.376184,0.656087,2.60166,0.176316,0.218689,0,0.819437,0.0689898,0,-0.00034187,0.255478,0.958997,0.205072,0.0509911,0.0534318,0.00389519,0.00301856,0.437099,0.0492623,6.00076,0.903057,11.8143,0.639423,0.669117,-6.56898,-0.333333,-0.0642944,0.784177,11.75,7.625,0,0,1,7.33333,0,-7.02069,0.0001,-0.00248848,0.048239,1.88775,0.146546,48323,0.17136,202.01,2.45367
5389,0.165181,0.628309,0.00498705,0.00498705,0.189333,0.154664,0.785495,0.661072,0.0524343,0.0221927,0.0501624,0.222556,0.0475487,0,0.883211,0.0629048,2.17912,0.179119,0,0.076498,0.556631,4.45383,0.630936,0.37413,0.65954,2.60913,0.174575,0.219915,0,0.801729,0.0537418,0,-0.000292798,0.259352,0.959364,0.202207,0.0510536,0.0534988,0.00465591,0.00374048,0.437308,0.0493712,5.90764,0.868972,11.7976,0.640522,0.673792,-6.48423,-0.333333,-0.0638294,0.767475,13.2917,8.125,0,0,1.04167,8.75,0,-7.02064,0.0001,-0.00222821,0.0477391,1.859,0.14004,49175,0.171317,199.63,1.92978
5390,0.16387,0.631887,0.00499651,0.00499651,0.189397,0.155282,0.786303,0.670482,0.0521097,0.0228375,0.0499308,0.221424,0.0463734,0,0.880222,0.0644738,2.19537,0.181095,0,0.0766912,0.559906,4.46039,0.631153,0.373053,0.658324,2.60682,0.174088,0.219205,0,0.796567,0.08205,0,-0.000396148,0.254908,0.958132,0.203262,0.0508738,0.0531635,0.00349408,0.00259473,0.437438,0.0490865,5.98036,0.473407,11.6227,0.64696,0.672374,-6.25339,-0.333333,-0.0639475,0.771493,13.25,7.79167,0,0,0.875,7.79167,0,-7.0212,0.0001,-0.00280472,0.0454937,1.8567,0.13723,49301,0.171323,202.8,2.16905
5391,0.162297,0.626127,0.00497505,0.00497505,0.186415,0.153248,0.785233,0.668213,0.0524882,0.0219595,0.05019,0.221845,0.049459,0,0.882931,0.0644875,2.17287,0.1813,0,0.0779017,0.557729,4.45509,0.6306,0.375684,0.659707,2.60999,0.172875,0.219074,0,0.793483,0.0905129,0,-0.000309107,0.259549,0.959202,0.20368,0.0510367,0.0534445,0.0044306,0.0035246,0.442118,0.0493457,5.98406,1.08534,11.8636,0.637897,0.672401,-6.67416,-0.333333,-0.0632079,0.764588,11.9583,7.70833,0,0,1.08333,7.625,0,-7.01693,0.0001,-0.00219776,0.0472022,1.82748,0.143997,49863,0.171369,202.4,2.19539
5392,0.166913,0.643309,0.00499113,0.00499113,0.193025,0.158231,0.786619,0.683215,0.0526787,0.0218944,0.0503941,0.223639,0.0451586,0,0.887293,0.0659414,2.15959,0.172939,0,0.0759507,0.562412,4.44874,0.630782,0.373682,0.65948,2.60665,0.176916,0.221052,0,0.817013,0.0866584,0,-0.000356174,0.250492,0.959043,0.201339,0.0512158,0.0536239,0.00386298,0.00296775,0.434955,0.0494857,5.85159,1.0299,11.8673,0.638898,0.673906,-6.55536,-0.333333,-0.0651134,0.787406,12.1667,7.58333,0,0,1.58333,7.20833,0,-7.01369,0.0001,-0.00228099,0.0458931,1.8359,0.141851,49704,0.171373,202.17,2.31084
5393,0.166545,0.64438,0.00495144,0.00495144,0.192515,0.157844,0.784324,0.684754,0.0521294,0.022753,0.0498878,0.221208,0.0475204,0,0.885081,0.0661701,2.17369,0.178143,0,0.076298,0.564609,4.46818,0.632846,0.378593,0.655837,2.59387,0.176597,0.218888,0,0.81804,0.0859945,0,-0.000344246,0.25291,0.958805,0.205641,0.0508403,0.053142,0.00405372,0.00314348,0.441119,0.0491122,5.96875,0.69269,11.756,0.641568,0.671062,-6.51458,-0.333333,-0.065276,0.786374,12.8333,7.83333,0,0,0.875,7.54167,0,-7.01398,0.0001,-0.002453,0.0485274,1.83647,0.136542,49824,0.171383,201.98,2.33118
5394,0.165901,0.633998,0.00496504,0.00496504,0.190174,0.155288,0.784415,0.672191,0.0522818,0.0224921,0.0500394,0.22228,0.0466312,0,0.887632,0.0649949,2.17657,0.177464,0,0.076652,0.558967,4.46798,0.631531,0.376933,0.656459,2.60844,0.176102,0.21987,0,0.81212,0.080896,0,-0.000332252,0.256106,0.95874,0.206189,0.0509205,0.0533015,0.00440339,0.00348963,0.440092,0.0492136,6.02456,0.826585,11.7696,0.641091,0.672544,-6.55523,-0.333333,-0.0644001,0.773577,13,8.25,0,0,1.29167,8.125,0,-7.01467,0.0001,-0.00245056,0.0448455,1.81182,0.140368,50355,0.171363,203.93,2.28095
5395,0.164313,0.626725,0.00498391,0.00498391,0.192642,0.154079,0.7857,0.666165,0.0524895,0.0221867,0.050228,0.223668,0.0459401,0,0.889094,0.0637322,2.16437,0.174485,0,0.0765931,0.558586,4.44866,0.629924,0.374573,0.656768,2.61043,0.173997,0.221073,0,0.801725,0.075311,0,-0.000340003,0.251564,0.95861,0.201743,0.0511457,0.0534701,0.00398474,0.00301731,0.437492,0.0493724,6.01273,0.898579,11.8033,0.640363,0.669701,-6.52052,-0.333333,-0.0650803,0.767192,11.75,7.41667,0,0,0.916667,7.625,0,-7.01455,0.0001,-0.00236426,0.048987,1.82356,0.139245,50083,0.171361,202.67,2.45752
5396,0.167931,0.647061,0.00496008,0.00496008,0.191227,0.158447,0.785111,0.678964,0.0523561,0.0221817,0.050098,0.223245,0.0487786,0,0.890668,0.0656714,2.19007,0.177058,0,0.0769032,0.559451,4.4659,0.631402,0.37751,0.656694,2.6062,0.176354,0.220495,0,0.817248,0.0739885,0,-0.000323566,0.256882,0.959497,0.20541,0.0509888,0.0533238,0.00463416,0.0036426,0.439469,0.0493227,5.87524,1.00894,11.7921,0.639367,0.669511,-6.68678,-0.333333,-0.0648587,0.791183,12.0417,7.5,0,0,1,7.66667,0,-7.0148,0.0001,-0.00158472,0.0470548,1.75315,0.127057,52283,0.171327,200.23,2.16357
5397,0.166165,0.633625,0.00495897,0.00495897,0.194307,0.155157,0.785338,0.674269,0.0523648,0.0221963,0.0500789,0.222618,0.0452505,0,0.888518,0.064999,2.18678,0.173068,0,0.0760948,0.557221,4.46502,0.632961,0.377649,0.656068,2.5983,0.176401,0.220029,0,0.772728,0.0956634,0,-0.000291134,0.249817,0.9595,0.20543,0.050992,0.0533367,0.00403737,0.00307583,0.43829,0.0493036,5.8654,1.0062,11.8389,0.637928,0.671236,-6.66359,-0.333333,-0.0658581,0.774709,12.1667,7.375,0,0,1,9.29167,0,-7.01505,0.0001,-0.000901317,0.0453821,1.77128,0.139196,51455,0.171328,203.05,2.38765
5398,0.166829,0.645793,0.00497374,0.00497374,0.191391,0.158517,0.785566,0.686896,0.0524023,0.0227009,0.0501812,0.222129,0.0454287,0,0.885487,0.0669228,2.17852,0.174092,0,0.0752815,0.559577,4.46076,0.631242,0.375814,0.657695,2.60783,0.17714,0.219804,0,0.825305,0.0970183,0,-0.000335558,0.253448,0.958946,0.203768,0.0511277,0.0534947,0.00406853,0.00313088,0.43651,0.0493691,5.7219,0.709089,11.7546,0.642272,0.67335,-6.42241,-0.333333,-0.0647283,0.788989,13.3333,8.66667,0,0,1.25,8.04167,0,-7.01483,0.0001,-0.00263394,0.0431602,1.83811,0.14163,49654,0.171313,201.49,2.51943
5399,0.170131,0.652217,0.00496239,0.00496239,0.190261,0.159824,0.784964,0.688754,0.0523953,0.0229163,0.050145,0.223839,0.0474437,0,0.894067,0.0667807,2.16473,0.175036,0,0.0757896,0.560686,4.45798,0.63119,0.37731,0.655763,2.59881,0.179571,0.221273,0,0.824755,0.0784732,0,-0.000388969,0.257076,0.959133,0.205616,0.051006,0.0533575,0.00483381,0.00387687,0.442118,0.0493084,5.89253,0.824216,11.7726,0.641619,0.670263,-6.52785,-0.333333,-0.0645498,0.797027,12.125,8.125,0,0,0.75,7.83333,0,-7.01426,0.0001,-0.00224786,0.0452166,1.89063,0.143644,48323,0.171332,201.85,2.32146
5400,0.165748,0.629367,0.00498466,0.00498466,0.191316,0.154492,0.784591,0.661602,0.0524984,0.0225203,0.0502315,0.22315,0.0473126,0,0.887385,0.0638653,2.17694,0.177996,0,0.0764342,0.553736,4.4449,0.629175,0.37453,0.659116,2.61363,0.174341,0.220541,0,0.806116,0.0720372,0,-0.000386546,0.258486,0.959561,0.203472,0.0510381,0.0534861,0.00455868,0.00363142,0.437733,0.0493568,5.85012,0.907424,11.7583,0.641184,0.671868,-6.54083,-0.333333,-0.0647115,0.766311,12.0833,7.29167,0,0,1.04167,8.375,0,-7.01137,0.0001,-0.00160454,0.0460797,1.87237,0.142537,48788,0.171373,202.45,2.17155
5401,0.162416,0.617499,0.00498206,0.00498206,0.188981,0.151773,0.785656,0.648595,0.0528349,0.0217452,0.050484,0.224986,0.046375,0,0.894213,0.0615735,2.16374,0.179227,0,0.0771194,0.554258,4.44439,0.629223,0.374774,0.658215,2.61115,0.170598,0.222372,0,0.776716,0.0691222,0,-0.000318493,0.255215,0.959475,0.200863,0.0512975,0.0537285,0.00400154,0.00309717,0.436157,0.0495807,5.91607,1.23098,11.9339,0.636634,0.674617,-6.69707,-0.333333,-0.0638179,0.753837,12.5833,7.70833,0,0,1.20833,8.79167,0,-7.0106,0.0001,-0.00215882,0.0432928,1.85401,0.141304,49267,0.171386,202.33,2.22926
5402,0.165908,0.641482,0.00499085,0.00499085,0.188059,0.157854,0.785361,0.680258,0.0528066,0.0217024,0.050473,0.222131,0.0479137,0,0.880809,0.0651003,2.15167,0.182233,0,0.0773775,0.551722,4.43298,0.628058,0.373679,0.659461,2.62172,0.175228,0.219384,0,0.804947,0.0746331,0,-0.000244411,0.257932,0.959398,0.200548,0.0512885,0.0537697,0.0043949,0.00348891,0.439369,0.0496051,6.08317,1.2423,11.8953,0.636782,0.670873,-6.68791,-0.333333,-0.0634598,0.782576,11.9167,6.79167,0,0,0.875,8.54167,0,-7.01323,0.0001,-0.0024426,0.0467457,1.85512,0.143657,49182,0.171351,202.89,2.413
5403,0.165579,0.635791,0.00495458,0.00495458,0.190707,0.155457,0.784338,0.675642,0.0525017,0.0219282,0.0501654,0.22226,0.0467245,0,0.888117,0.0652671,2.17682,0.179139,0,0.0774431,0.559033,4.45789,0.631323,0.378288,0.653553,2.59259,0.175644,0.219531,0,0.816113,0.0804597,0,-0.000367732,0.253535,0.959518,0.20441,0.0510156,0.0533967,0.00422744,0.00329443,0.438499,0.0493249,5.95212,1.12019,11.8975,0.636958,0.673609,-6.71809,-0.333333,-0.0647995,0.774792,11.4167,7.41667,0,0,1,7.625,0,-7.01599,0.0001,-0.00277538,0.0469152,1.86495,0.139122,49052,0.171349,201.01,2.1975
5404,0.167259,0.638953,0.00497777,0.00497777,0.190911,0.156445,0.784837,0.673775,0.0522821,0.0225651,0.0500657,0.223846,0.0474126,0,0.891886,0.0650643,2.18866,0.178112,0,0.0760744,0.556403,4.46136,0.630844,0.375384,0.657003,2.6094,0.175881,0.221416,0,0.775445,0.0815735,0,-0.000329647,0.254597,0.959056,0.204204,0.0510232,0.0533309,0.0043656,0.00342375,0.438388,0.0493167,6.00312,0.701054,11.6763,0.644306,0.672095,-6.4369,-0.333333,-0.0646336,0.778634,12.0833,6.625,0,0,1.04167,7.83333,0,-7.01428,0.0001,-0.0014454,0.0487433,1.87864,0.13904,48721,0.17137,202.61,2.36478
5405,0.16601,0.629207,0.00497478,0.00497478,0.190399,0.154555,0.785588,0.667068,0.0522286,0.0230271,0.0500197,0.222815,0.0473032,0,0.887587,0.0641201,2.17445,0.181758,0,0.0761431,0.560552,4.46155,0.631034,0.375675,0.65958,2.61054,0.175911,0.220516,0,0.77088,0.0803668,0,-0.000371001,0.25586,0.958691,0.202797,0.0510429,0.0533309,0.0042668,0.00332246,0.437837,0.0492879,6.01356,0.622872,11.7284,0.644108,0.674612,-6.34944,-0.333333,-0.0642624,0.766979,13.7083,7.5,0,0,0.833333,7.45833,0,-7.01233,0.0001,-0.00232957,0.0489538,1.81615,0.139849,50257,0.171388,202.24,2.23136
5406,0.165231,0.630217,0.0049711,0.0049711,0.189431,0.154712,0.784847,0.666231,0.0524788,0.0222521,0.050185,0.223439,0.0478445,0,0.889474,0.0639311,2.17772,0.181505,0,0.0771978,0.557107,4.45439,0.630358,0.376132,0.658317,2.61126,0.175046,0.22079,0,0.768694,0.0754233,0,-0.000282659,0.256289,0.959624,0.202276,0.0511713,0.0535319,0.00422601,0.00326362,0.433967,0.0494734,5.97313,0.902376,11.803,0.64004,0.674999,-6.5603,-0.333333,-0.064041,0.768498,13.1667,7.625,0,0,0.916667,9.08333,0,-7.01268,0.0001,-0.00147344,0.0484526,1.82416,0.14407,49945,0.17135,203.5,2.37565
5407,0.166988,0.634151,0.00498305,0.00498305,0.192399,0.155725,0.78557,0.668432,0.0527067,0.021805,0.050409,0.225168,0.045412,0,0.894177,0.0640215,2.16915,0.173943,0,0.0758936,0.555021,4.44502,0.629473,0.374731,0.658166,2.61638,0.175641,0.222375,0,0.79768,0.0651033,0,-0.000265314,0.251788,0.959311,0.200737,0.0513566,0.0536964,0.00412938,0.00311325,0.437219,0.0496269,6.04399,1.06828,11.8536,0.63841,0.673897,-6.58845,-0.333333,-0.0650414,0.772731,12.1667,7.375,0,0,0.791667,8.625,0,-7.01536,0.0001,-0.00281062,0.0433648,1.89801,0.141609,48197,0.171313,202.55,2.178
5408,0.168152,0.645611,0.00497178,0.00497178,0.194545,0.15823,0.784343,0.685956,0.0521515,0.0226133,0.0499588,0.222819,0.0454666,0,0.889209,0.0669609,2.16105,0.173451,0,0.0746545,0.557735,4.46069,0.631575,0.376081,0.658804,2.60224,0.17835,0.22059,0,0.809523,0.0929197,0,-0.000402435,0.252881,0.958901,0.204809,0.050901,0.0531942,0.00464925,0.00372019,0.438092,0.0491968,5.87413,0.653448,11.7014,0.643401,0.670383,-6.37433,-0.333333,-0.0658842,0.785653,11.7917,6.5,0,0,1.16667,7.66667,0,-7.01528,0.0001,-0.00254194,0.0473882,1.82024,0.135291,50269,0.171332,202.46,2.569
5409,0.167165,0.642247,0.00495098,0.00495098,0.19331,0.156839,0.784307,0.687762,0.0523457,0.0224357,0.0500682,0.222185,0.0452791,0,0.889122,0.0669832,2.18578,0.172026,0,0.0751879,0.559557,4.46569,0.632534,0.37869,0.656108,2.593,0.178471,0.219729,0,0.826077,0.0923892,0,-0.000348442,0.251308,0.959489,0.206243,0.0509291,0.053332,0.0041152,0.00320961,0.433758,0.0492213,5.74679,0.956515,11.8352,0.639524,0.670995,-6.63283,-0.333333,-0.0656863,0.783254,12.4583,8.33333,0,0,1.08333,8.83333,0,-7.01123,0.0001,-0.00325961,0.0454392,1.80072,0.139027,50678,0.171377,202.54,2.31227
5410,0.164544,0.631283,0.00497448,0.00497448,0.18849,0.154841,0.785146,0.666256,0.0522411,0.0227515,0.0499898,0.222184,0.0500025,0,0.885424,0.0641746,2.17353,0.186094,0,0.077492,0.557867,4.46096,0.631372,0.375787,0.657851,2.60354,0.173708,0.219699,0,0.77646,0.0803983,0,-0.00030906,0.256085,0.958949,0.202194,0.0510448,0.0532972,0.00421565,0.00329951,0.43844,0.0493228,6.06526,0.7562,11.7391,0.642666,0.673211,-6.46625,-0.333333,-0.063788,0.769377,11.3333,6.79167,0,0,0.916667,7.70833,0,-7.00715,0.0001,-0.00222638,0.0455104,1.81233,0.141752,50306,0.171408,203.79,2.44561
5411,0.164597,0.636844,0.00494753,0.00494753,0.190287,0.155651,0.783362,0.684983,0.0519491,0.0230841,0.0497412,0.221356,0.0469785,0,0.887293,0.067071,2.17523,0.180112,0,0.0760177,0.560016,4.47527,0.633441,0.379093,0.655309,2.59309,0.177265,0.219159,0,0.806082,0.093593,0,-0.000374541,0.253423,0.958934,0.206933,0.050726,0.0530074,0.00427678,0.00332624,0.439615,0.0489744,5.93502,0.682859,11.7345,0.642151,0.670159,-6.43844,-0.333333,-0.064656,0.775361,13.5417,7.29167,0,0,1.29167,8.20833,0,-7.0056,0.0001,-0.0023443,0.0469149,1.81187,0.135755,50473,0.171391,202.52,2.33006
5412,0.162186,0.617677,0.00498292,0.00498292,0.187382,0.151446,0.784139,0.65777,0.0525455,0.0218353,0.0502319,0.221556,0.0483021,0,0.880643,0.0629849,2.16886,0.185088,0,0.0780129,0.555221,4.44571,0.629897,0.374704,0.659202,2.61809,0.172648,0.218939,0,0.773965,0.0791489,0,-0.000306674,0.255575,0.959526,0.201435,0.0511278,0.0535112,0.00375745,0.0028339,0.436726,0.0494179,6.00796,1.08511,11.851,0.637758,0.673052,-6.60566,-0.333333,-0.0633274,0.750296,10.5,6.54167,0,0,1,7.75,0,-7.00445,0.0001,-0.00293232,0.04953,1.80561,0.136369,50620,0.171399,201.12,1.87947
5413,0.165055,0.629465,0.00497697,0.00497697,0.190704,0.154324,0.784292,0.663337,0.0524401,0.0225013,0.0501822,0.224065,0.0476811,0,0.892633,0.0640639,2.17537,0.177194,0,0.0758815,0.553293,4.43966,0.628494,0.375421,0.65883,2.61342,0.173802,0.221675,0,0.785137,0.091011,0,-0.000234596,0.257116,0.959026,0.202786,0.05118,0.0535627,0.00479635,0.00386611,0.436277,0.0494781,5.93246,0.868438,11.816,0.640935,0.674639,-6.49571,-0.333333,-0.0645285,0.76336,11.9583,7.54167,0,0,1.16667,8.20833,0,-7.00329,0.0001,-0.00236949,0.0447515,1.79383,0.128993,51124,0.171401,201.6,2.09894
5414,0.161102,0.62168,0.00497863,0.00497863,0.185971,0.152839,0.784106,0.65848,0.0528922,0.021961,0.0505149,0.22154,0.0492845,0,0.880863,0.0624445,2.16491,0.183837,0,0.0786276,0.556421,4.43784,0.628137,0.375182,0.660242,2.61903,0.17083,0.218879,0,0.79147,0.0658413,0,-0.00026616,0.25961,0.959245,0.199784,0.0513636,0.0538662,0.00408157,0.00320464,0.433562,0.049653,5.86061,1.21632,11.9661,0.636749,0.678518,-6.70684,-0.333333,-0.0628281,0.75499,12.8333,8.83333,0,0,0.958333,8.75,0,-7.00224,0.0001,-0.00298891,0.0472615,1.79808,0.13351,50892,0.171391,202.78,2.2483
5415,0.165608,0.638866,0.00496209,0.00496209,0.190817,0.156654,0.784367,0.680016,0.0525401,0.0223442,0.050228,0.222036,0.0472888,0,0.886228,0.0658193,2.18133,0.179094,0,0.0766478,0.557034,4.45276,0.630996,0.377258,0.657312,2.60683,0.175898,0.219597,0,0.811461,0.104869,0,-0.000271908,0.255432,0.959375,0.202676,0.0511708,0.0535861,0.0043303,0.00344395,0.435545,0.049465,5.77575,1.02029,11.9205,0.637483,0.674437,-6.62521,-0.333333,-0.0646129,0.777253,12.4583,8.08333,0,0,1.29167,8.91667,0,-7.00255,0.0001,-0.00130024,0.04452,1.81065,0.135777,50504,0.171362,200.96,2.17146
5416,0.168537,0.647902,0.00494236,0.00494236,0.191663,0.158154,0.783455,0.690631,0.0522191,0.0229383,0.04996,0.223264,0.0472818,0,0.895892,0.0674928,2.18702,0.178625,0,0.0765941,0.556884,4.47005,0.633114,0.379759,0.652268,2.57989,0.178909,0.220926,0,0.807286,0.0945583,0,-0.000320916,0.254662,0.959068,0.206961,0.0509092,0.0532085,0.0046731,0.0037215,0.437908,0.0492114,5.8303,0.879148,11.8208,0.640682,0.67087,-6.60985,-0.333333,-0.0652357,0.78968,11.25,7.375,0,0,0.875,8.20833,0,-7.00179,0.0001,-0.00269658,0.0481294,1.82008,0.139307,50170,0.171376,202.53,2.48929
5417,0.16362,0.622604,0.00498445,0.00498445,0.19098,0.153288,0.785065,0.658518,0.0529729,0.0221344,0.0506126,0.222392,0.0461407,0,0.883098,0.0623829,2.17308,0.177728,0,0.0771709,0.552141,4.43889,0.629095,0.374474,0.659376,2.61518,0.172677,0.21979,0,0.79211,0.0757919,0,-0.000242196,0.25061,0.959486,0.199229,0.0515285,0.0539712,0.00406064,0.00315808,0.433148,0.0497973,5.83483,1.19841,11.9477,0.637682,0.679305,-6.6509,-0.333333,-0.0644077,0.757603,12.0833,8.125,0,0,0.791667,8.58333,0,-6.99988,0.0001,-0.00246739,0.0482694,1.83906,0.162776,49106,0.171391,201.8,2.22894
5418,0.163306,0.630909,0.00495499,0.00495499,0.191201,0.154048,0.783797,0.676796,0.0528685,0.0214405,0.0504596,0.222403,0.0466319,0,0.887287,0.0661249,2.15954,0.175981,0,0.0772235,0.556682,4.45195,0.63124,0.378176,0.655133,2.59572,0.174316,0.219465,0,0.795176,0.0862216,0,-0.00022158,0.251763,0.959172,0.202905,0.0513818,0.0538087,0.00435487,0.00336544,0.433649,0.0497094,6.00238,1.42215,12.0603,0.63364,0.677669,-6.89869,-0.333333,-0.0649586,0.767386,12.9167,9.66667,0,0,1.625,8.625,0,-6.99666,0.0001,-0.0023236,0.0468116,1.81381,0.137266,50384,0.171448,202.35,2.34368
5419,0.158693,0.606442,0.00501206,0.00501206,0.185808,0.149657,0.786828,0.644125,0.0532274,0.0214046,0.050818,0.223242,0.0462221,0,0.880965,0.0609768,2.15623,0.180844,0,0.078076,0.55318,4.41951,0.625277,0.370993,0.662525,2.63733,0.168056,0.220453,0,0.752696,0.102356,0,-0.000179618,0.254609,0.958895,0.193893,0.0517572,0.054228,0.00398274,0.00310648,0.433959,0.0500464,6.0946,1.37595,12.0522,0.634317,0.682096,-6.66946,-0.333333,-0.0623237,0.739224,11.25,8.04167,0,0,0.916667,8.20833,0,-6.99196,0.0001,-0.00208665,0.0445868,1.80355,0.133621,50746,0.171507,201.54,2.12024
5420,0.16575,0.637715,0.00494762,0.00494762,0.190606,0.155614,0.783177,0.682445,0.052496,0.0223184,0.0501871,0.221087,0.0465876,0,0.885558,0.0669654,2.1724,0.179538,0,0.0773141,0.558179,4.458,0.632003,0.379099,0.654535,2.60089,0.177666,0.21852,0,0.803962,0.112572,0,-0.000261223,0.253611,0.95927,0.205331,0.0511327,0.0534726,0.00418659,0.00332672,0.436624,0.04943,5.80712,1.19655,11.926,0.637499,0.670443,-6.76473,-0.333333,-0.0648385,0.776357,11.125,8,0,0,0.875,8.54167,0,-6.98802,0.0001,-0.00225443,0.0478076,1.79598,0.142163,50720,0.171539,201.59,2.02998
5421,0.160707,0.618589,0.00499587,0.00499587,0.186267,0.151925,0.784279,0.661466,0.0526004,0.0222213,0.0503179,0.22195,0.0471632,0,0.881508,0.063834,2.17107,0.181971,0,0.0771464,0.551018,4.43665,0.627903,0.373239,0.659519,2.62357,0.171165,0.219462,0,0.782765,0.0991247,0,-0.000227593,0.258582,0.959183,0.201199,0.0513112,0.0536938,0.00447227,0.00359036,0.433262,0.0496114,5.81638,0.971308,11.8417,0.640695,0.677689,-6.50261,-0.333333,-0.0629557,0.751226,11.375,7.125,0,0,0.958333,8.25,0,-6.98574,0.0001,-0.00178058,0.0472289,1.80938,0.136909,50508,0.171534,202.37,2.07907
5422,0.162574,0.625678,0.00496048,0.00496048,0.186376,0.153381,0.783449,0.674304,0.052257,0.0227402,0.0500035,0.221246,0.0498317,0,0.883296,0.0652317,2.17146,0.182438,0,0.0768786,0.556472,4.46021,0.631306,0.377527,0.656214,2.60554,0.174471,0.218768,0,0.814081,0.089626,0,-0.000343647,0.261921,0.95896,0.204071,0.0509908,0.0533433,0.00512165,0.00420481,0.435358,0.0493036,5.74626,0.777328,11.8254,0.64156,0.678932,-6.47084,-0.333333,-0.0631776,0.75936,12.625,7.83333,0,0,1,8.75,0,-6.98809,0.0001,-0.00274911,0.0484417,1.79454,0.138756,50847,0.17148,203.25,2.2794
5423,0.163425,0.629722,0.00497894,0.00497894,0.187838,0.154118,0.783915,0.676642,0.0524562,0.0225639,0.05024,0.222161,0.047105,0,0.884551,0.0665096,2.16563,0.178509,0,0.0759219,0.556877,4.44781,0.628594,0.37525,0.658936,2.62551,0.175049,0.21965,0,0.807233,0.114622,0,-0.000308526,0.255429,0.958826,0.201596,0.0512726,0.0535425,0.00431984,0.00334789,0.436179,0.049526,5.82467,0.893423,11.7849,0.642503,0.669188,-6.50004,-0.333333,-0.0636724,0.764681,12.7917,6.83333,0,0,1.125,8.75,0,-6.99074,0.0001,-0.00267556,0.0460107,1.80128,0.141639,50595,0.171481,203.14,2.42525
5424,0.162703,0.622083,0.00500143,0.00500143,0.187759,0.153276,0.784869,0.659807,0.0527314,0.0216326,0.0504568,0.223973,0.0457429,0,0.888125,0.0628646,2.16352,0.177883,0,0.0766969,0.551159,4.43138,0.626652,0.372475,0.662075,2.63593,0.172256,0.221397,0,0.775335,0.0852285,0,-0.000215258,0.256608,0.959338,0.198761,0.0514367,0.0538031,0.00406488,0.00318282,0.435969,0.0497159,5.80344,1.15073,11.9091,0.63773,0.670637,-6.56798,-0.333333,-0.0632482,0.755165,10.5833,6.625,0,0,0.916667,8.70833,0,-6.99041,0.0001,-0.00245128,0.0470761,1.80998,0.138581,50449,0.171491,199.84,2.0703
5425,0.162024,0.628643,0.00495929,0.00495929,0.185808,0.15361,0.783511,0.672801,0.0526945,0.0219229,0.0503484,0.220595,0.0469299,0,0.880891,0.0655569,2.18092,0.180499,0,0.0779387,0.550725,4.44023,0.628675,0.377753,0.655503,2.61763,0.173453,0.217888,0,0.808388,0.0761374,0,-0.000240379,0.25739,0.959344,0.203988,0.0512432,0.0537034,0.00395406,0.00303938,0.434086,0.0495417,5.71589,1.25721,11.9873,0.636074,0.674656,-6.77933,-0.333333,-0.0631188,0.764121,11.75,8.33333,0,0,1.29167,8.58333,0,-6.98868,0.0001,-0.00245582,0.0491362,1.80627,0.131106,50740,0.171587,202.74,2.39712
5426,0.162382,0.614336,0.00496937,0.00496937,0.187868,0.150589,0.785231,0.65427,0.0525233,0.0226351,0.0502573,0.221022,0.0456994,0,0.88167,0.0632197,2.17051,0.177988,0,0.0761463,0.554228,4.44051,0.629384,0.376388,0.657726,2.61548,0.173469,0.21862,0,0.774162,0.0905,0,-0.000268365,0.255323,0.958732,0.202299,0.0512652,0.0536176,0.00403905,0.00313469,0.435911,0.0495245,5.68303,0.86459,11.8367,0.641129,0.67196,-6.51935,-0.333333,-0.0636195,0.749045,12.375,7.125,0,0,0.958333,8.79167,0,-6.98301,0.0001,-0.0026128,0.0443663,1.80538,0.135941,50637,0.171625,202.49,2.14697
5427,0.16321,0.628021,0.00497177,0.00497177,0.187631,0.15384,0.784279,0.669391,0.0524763,0.0221985,0.0502156,0.221523,0.0488645,0,0.883567,0.0648932,2.17141,0.180992,0,0.0767945,0.555691,4.45131,0.630364,0.376128,0.656765,2.61505,0.17434,0.219034,0,0.790113,0.10365,0,-0.000261051,0.257527,0.958609,0.203088,0.0511995,0.0535461,0.00412266,0.00324191,0.438168,0.049481,5.8475,1.04251,11.8184,0.640657,0.672243,-6.60426,-0.333333,-0.0636211,0.762424,12.2083,7.54167,0,0,1.45833,8.79167,0,-6.98471,0.0001,-0.00224228,0.0463348,1.7953,0.143814,50695,0.171555,201.16,2.10571
5428,0.160699,0.618483,0.00498469,0.00498469,0.185361,0.15165,0.784771,0.659624,0.0524625,0.0227369,0.0502123,0.221489,0.0479508,0,0.880262,0.0635768,2.17163,0.183941,0,0.0770857,0.551855,4.43946,0.62866,0.374433,0.658044,2.61827,0.171105,0.218952,0,0.803789,0.0807694,0,-0.000283977,0.261313,0.958203,0.200796,0.0512318,0.0535932,0.00450582,0.00360368,0.438076,0.0494802,5.79315,0.912977,11.8349,0.641839,0.676822,-6.46356,-0.333333,-0.0626174,0.751092,12.625,7.375,0,0,0.916667,7.08333,0,-6.98729,0.0001,-0.00252575,0.0471012,1.82191,0.135074,50232,0.171477,200.69,2.17216
5429,0.161509,0.618235,0.00498376,0.00498376,0.18629,0.152046,0.783573,0.664886,0.052653,0.0221242,0.0503501,0.220677,0.0462955,0,0.877181,0.064077,2.16411,0.179651,0,0.0766357,0.55273,4.44257,0.62968,0.374601,0.65729,2.6153,0.173606,0.218227,0,0.785194,0.092609,0,-0.000235223,0.255494,0.958727,0.200767,0.0513031,0.0537112,0.00389742,0.00304994,0.436242,0.0495835,5.8154,1.06376,11.8856,0.639022,0.676116,-6.57838,-0.333333,-0.0628405,0.750054,11.875,7.45833,0,0,1.33333,7.625,0,-6.99008,0.0001,-0.00217742,0.0511702,1.79517,0.137795,50856,0.171401,199.38,2.06067
5430,0.162322,0.616603,0.00499341,0.00499341,0.189941,0.152092,0.785355,0.655953,0.0528294,0.0225207,0.0505313,0.222879,0.0463674,0,0.884243,0.0625435,2.16014,0.17972,0,0.0762348,0.55646,4.43187,0.628289,0.373327,0.659723,2.61561,0.17221,0.220451,0,0.783051,0.0737685,0,-0.000256766,0.254122,0.958743,0.198185,0.0514801,0.0539526,0.00453536,0.00368964,0.434693,0.049757,5.74561,0.869783,11.8787,0.640592,0.67783,-6.39842,-0.333333,-0.0639326,0.750231,12.2917,7.625,0,0,0.708333,7.08333,0,-6.99233,0.0001,-0.00173975,0.0501946,1.80467,0.14283,50477,0.171381,200.94,2.43356
5431,0.165114,0.636016,0.00497203,0.00497203,0.191411,0.155772,0.783575,0.676997,0.052528,0.0225936,0.050274,0.223552,0.0454792,0,0.891835,0.0655999,2.18618,0.176999,0,0.0760043,0.552435,4.44963,0.629713,0.376016,0.657411,2.62105,0.175462,0.221154,0,0.813303,0.0957233,0,-0.000181385,0.249429,0.958989,0.201398,0.0513747,0.053675,0.00370244,0.00279307,0.433045,0.049631,5.68938,0.813774,11.7803,0.641254,0.670118,-6.49794,-0.333333,-0.0648992,0.771764,12.75,6.875,0,0,1,8.33333,0,-6.99229,0.0001,-0.00211667,0.047833,1.80158,0.134612,50771,0.171375,203.6,2.24802
5432,0.165113,0.639261,0.00494746,0.00494746,0.19149,0.156096,0.78204,0.682282,0.0523232,0.0229606,0.0500632,0.222367,0.0460011,0,0.890386,0.0667999,2.18499,0.177455,0,0.0761573,0.555606,4.45977,0.632623,0.379136,0.651637,2.59177,0.176345,0.219776,0,0.821878,0.0960562,0,-0.000340335,0.251924,0.959017,0.20692,0.050993,0.053357,0.00404189,0.00313937,0.435829,0.0492683,5.67798,0.84425,11.7792,0.640642,0.668324,-6.58018,-0.333333,-0.0651365,0.77455,13.3333,8,0,0,0.791667,9.58333,0,-6.99237,0.0001,-0.0019672,0.0479926,1.79275,0.132045,51072,0.171392,203.07,2.12742
5433,0.165623,0.634382,0.00498486,0.00498486,0.18979,0.155729,0.784712,0.670264,0.052613,0.0217692,0.0503293,0.224652,0.0457512,0,0.892585,0.0645892,2.1979,0.177406,0,0.0764625,0.554493,4.44526,0.629304,0.374442,0.65658,2.61404,0.175085,0.221953,0,0.793195,0.0964509,0,-0.000228207,0.254194,0.959712,0.201235,0.0513037,0.0536691,0.00358709,0.00270479,0.43088,0.049593,5.61728,1.10916,11.8184,0.639381,0.670339,-6.62971,-0.333333,-0.0640863,0.769838,10.7083,6.45833,0,0,0.833333,8.25,0,-6.99126,0.0001,-0.00202589,0.0440617,1.80397,0.136259,50666,0.171376,203.3,2.2249
5434,0.169521,0.653644,0.00494556,0.00494556,0.191011,0.159903,0.782847,0.694199,0.0525553,0.0223531,0.0502248,0.223139,0.0454479,0,0.892249,0.0673026,2.17592,0.174132,0,0.0762606,0.553777,4.45869,0.630977,0.379332,0.653074,2.60208,0.180044,0.220447,0,0.826009,0.0591537,0,-0.000295383,0.254942,0.959384,0.2058,0.0510923,0.0535675,0.00431815,0.00340767,0.43128,0.0493888,5.48367,1.13531,11.9678,0.636125,0.674838,-6.71316,-0.333333,-0.0648567,0.791477,12.25,7.5,0,0,1.20833,9.20833,0,-6.99248,0.0001,-0.00254804,0.0422597,1.78401,0.140667,51075,0.171372,204.59,2.65854
5435,0.167279,0.647662,0.00492495,0.00492495,0.186632,0.157834,0.78148,0.691333,0.0523802,0.0225877,0.0500427,0.220322,0.0484956,0,0.884221,0.0673869,2.1723,0.185543,0,0.0776812,0.560907,4.46963,0.633131,0.381928,0.650833,2.58869,0.178362,0.217359,0,0.804774,0.0981213,0,-0.000279679,0.261239,0.959163,0.208336,0.0509133,0.0533916,0.00456375,0.00364632,0.438124,0.0492518,5.67005,1.14872,11.9213,0.637739,0.674814,-6.79837,-0.333333,-0.0636017,0.78479,11.75,7.375,0,0,1.125,8.08333,0,-6.99197,0.0001,-0.00282624,0.0467919,1.78207,0.142163,51087,0.171391,204.7,2.26872
5436,0.166687,0.643889,0.00494946,0.00494946,0.189845,0.157578,0.782703,0.683522,0.0524958,0.0225177,0.0501853,0.2212,0.046677,0,0.883394,0.0663198,2.16255,0.179332,0,0.0760053,0.556984,4.45164,0.630457,0.378843,0.655404,2.60282,0.177446,0.218275,0,0.813636,0.0769981,0,-0.000288867,0.25454,0.958743,0.203528,0.0511288,0.0535308,0.00397116,0.00302432,0.437033,0.0493776,5.80002,1.06245,11.9259,0.637142,0.671216,-6.6691,-0.333333,-0.0643623,0.780373,13.9583,7.66667,0,0,0.916667,8.66667,0,-6.99038,0.0001,-0.00271011,0.0452351,1.78529,0.134526,51204,0.171458,202.22,2.19028
5437,0.162146,0.607703,0.00496256,0.00496256,0.18922,0.14878,0.783783,0.64926,0.0522224,0.0234169,0.0500105,0.223409,0.0479588,0,0.891573,0.0627034,2.18432,0.18312,0,0.0765988,0.556185,4.45577,0.630661,0.377198,0.655619,2.60697,0.172669,0.221015,0,0.760763,0.0766552,0,-0.000354014,0.254407,0.95843,0.202281,0.0511318,0.0533781,0.00427958,0.00334644,0.432589,0.0493489,5.62032,0.595039,11.758,0.644633,0.673557,-6.31624,-0.333333,-0.0640431,0.737947,12.7083,6.45833,0,0,0.791667,7.08333,0,-6.98493,0.0001,-0.00232868,0.0482294,1.83451,0.141238,49755,0.171571,203.12,2.09238
5438,0.168395,0.646073,0.00493899,0.00493899,0.192079,0.157656,0.782041,0.695676,0.0520146,0.0234954,0.0498399,0.222908,0.0442008,0,0.893807,0.0681215,2.17828,0.173704,0,0.074114,0.559095,4.46868,0.63184,0.380168,0.654125,2.59714,0.181175,0.220442,0,0.814999,0.106579,0,-0.000339298,0.250393,0.958436,0.207005,0.0509219,0.0531398,0.00440783,0.00345212,0.438277,0.0491735,5.82622,0.518397,11.715,0.644353,0.66703,-6.40165,-0.333333,-0.06534,0.782952,12.0833,6.625,0,0,0.666667,7.58333,0,-6.98055,0.0001,-0.00267263,0.0472207,1.84816,0.146837,49275,0.171599,202.67,2.24027
5439,0.165929,0.632619,0.00495824,0.00495824,0.188782,0.15485,0.783692,0.673039,0.0525845,0.0223744,0.0503059,0.222459,0.0455262,0,0.887678,0.0651535,2.1721,0.177354,0,0.0759143,0.557946,4.4455,0.629429,0.377794,0.655872,2.61434,0.17674,0.219706,0,0.782932,0.0834129,0,-0.000267239,0.254654,0.959195,0.202782,0.0513064,0.0536784,0.00408718,0.00316276,0.431133,0.0496023,5.70125,0.928237,11.868,0.639013,0.669225,-6.5822,-0.333333,-0.0640602,0.766904,12.9583,7.375,0,0,0.958333,8.83333,0,-6.98115,0.0001,-0.00272238,0.0439316,1.84882,0.136137,49524,0.171564,200.95,2.27826
5440,0.166937,0.649868,0.00496567,0.00496567,0.189659,0.159684,0.783842,0.688378,0.0523195,0.0232181,0.0500907,0.223705,0.047309,0,0.892399,0.0663699,2.18727,0.181402,0,0.0760646,0.554867,4.4516,0.629514,0.376808,0.65529,2.61463,0.176294,0.221276,0,0.832289,0.0713949,0,-0.000284315,0.25575,0.958446,0.202306,0.051232,0.0535762,0.00439163,0.00346838,0.436141,0.0494736,5.68943,0.560557,11.7502,0.644348,0.675087,-6.30431,-0.333333,-0.0641505,0.78814,13.5833,7.04167,0,0,0.75,7.66667,0,-6.9817,0.0001,-0.00240281,0.0471602,1.84065,0.165205,49008,0.171517,203.37,2.30551
5441,0.167167,0.640582,0.00496351,0.00496351,0.188388,0.156733,0.783214,0.677211,0.052377,0.0226906,0.0501337,0.223605,0.0472104,0,0.892105,0.0664043,2.19015,0.179915,0,0.0761721,0.554378,4.44235,0.629389,0.37708,0.65567,2.60941,0.176292,0.221046,0,0.808259,0.115288,0,-0.000309993,0.25862,0.959161,0.203452,0.0510925,0.0534976,0.00478994,0.00385944,0.433413,0.0494037,5.69842,0.794625,11.7949,0.641525,0.671942,-6.47174,-0.333333,-0.0639098,0.776435,12.4583,6.625,0,0,0.875,7.91667,0,-6.98191,0.0001,-0.00277097,0.04628,1.83685,0.137562,49788,0.171533,203.9,2.50092
5442,0.164718,0.633634,0.00496092,0.00496092,0.189461,0.154999,0.783544,0.671469,0.0522792,0.0227274,0.0500556,0.223482,0.0467549,0,0.8925,0.0646964,2.19658,0.180746,0,0.0764781,0.55669,4.45142,0.630185,0.377458,0.655833,2.60977,0.175157,0.220965,0,0.821288,0.0762697,0,-0.000283981,0.253532,0.959117,0.204258,0.0510911,0.0533623,0.0041455,0.00318902,0.43555,0.0493791,5.76825,0.77059,11.7309,0.642831,0.668494,-6.49868,-0.333333,-0.0643189,0.768345,11.1667,6.20833,0,0,0.666667,8.08333,0,-6.98176,0.0001,-0.0023611,0.0502344,1.84348,0.13797,49612,0.17151,203.94,2.19075
5443,0.165661,0.631973,0.00496539,0.00496539,0.188967,0.154756,0.783973,0.67379,0.0524324,0.0224449,0.0501676,0.222178,0.0474724,0,0.886833,0.0655694,2.186,0.181092,0,0.0764864,0.559822,4.45299,0.630365,0.376887,0.656666,2.61276,0.176402,0.219787,0,0.792904,0.080121,0,-0.000311611,0.254962,0.959155,0.203066,0.0512005,0.0535357,0.00422382,0.00332766,0.432616,0.0494899,5.66834,0.763273,11.7695,0.64235,0.670376,-6.47394,-0.333333,-0.0640239,0.76647,13.25,7.58333,0,0,0.958333,7.70833,0,-6.98044,0.0001,-0.00269441,0.0477395,1.81768,0.140634,50198,0.171544,201.47,2.24163
5444,0.169609,0.651679,0.00495799,0.00495799,0.193938,0.159505,0.783813,0.687127,0.0524172,0.0223791,0.0501407,0.225434,0.0456649,0,0.901129,0.0671046,2.19049,0.176134,0,0.0752725,0.558884,4.46647,0.631492,0.377833,0.657113,2.60551,0.178999,0.222962,0,0.827625,0.0872506,0,-0.000372994,0.252047,0.959069,0.203553,0.0510898,0.0534286,0.00416175,0.0032711,0.432899,0.049369,5.80894,0.799018,11.8206,0.640349,0.671995,-6.51995,-0.333333,-0.0658077,0.792153,11.875,7.125,0,0,0.833333,7.375,0,-6.97743,0.0001,-0.00309137,0.0482092,1.84817,0.137535,49505,0.171558,203.54,2.52279
5445,0.164984,0.627456,0.00494011,0.00494011,0.18828,0.152752,0.782383,0.67312,0.0520439,0.0226976,0.0498138,0.222714,0.048943,0,0.89362,0.0660925,2.21306,0.185506,0,0.0774224,0.551976,4.46328,0.631013,0.380045,0.654085,2.60203,0.176352,0.220284,0,0.77045,0.0921415,0,-0.000278482,0.260247,0.959049,0.207308,0.0508454,0.0531454,0.00440207,0.00354051,0.433161,0.0491639,5.6154,0.764961,11.7653,0.6415,0.671634,-6.57883,-0.333333,-0.0641611,0.761121,12.9583,7.29167,0,0,0.916667,7.70833,0,-6.97547,0.0001,-0.00141535,0.0478,1.81329,0.145033,50198,0.171586,203.72,2.07052
5446,0.16415,0.62794,0.00494491,0.00494491,0.18784,0.153427,0.782342,0.667245,0.052163,0.022744,0.0499432,0.223112,0.0489092,0,0.893709,0.065031,2.19705,0.182911,0,0.0764806,0.554306,4.4525,0.631551,0.379413,0.653288,2.59126,0.174851,0.220763,0,0.780252,0.105104,0,-0.000332266,0.257628,0.958823,0.20522,0.0510056,0.0533109,0.00459631,0.00370141,0.432945,0.0493024,5.7094,0.551805,11.7127,0.643625,0.674037,-6.39306,-0.333333,-0.063814,0.760422,13.3333,7.83333,0,0,0.708333,7.79167,0,-6.97319,0.0001,-0.00290926,0.047344,1.85441,0.136261,49382,0.171601,201.11,2.04566
5447,0.168321,0.64775,0.00497014,0.00497014,0.192167,0.159048,0.784153,0.687127,0.052616,0.0219764,0.0503136,0.223139,0.0455794,0,0.888549,0.0665904,2.1779,0.177812,0,0.075744,0.560427,4.43878,0.628117,0.37628,0.659468,2.62135,0.178286,0.22051,0,0.822932,0.0908272,0,-0.000259856,0.252213,0.958867,0.200392,0.0513788,0.0537293,0.0043588,0.0034893,0.429756,0.0496769,5.84724,0.901744,11.9059,0.639311,0.675297,-6.53473,-0.333333,-0.0649941,0.786997,13.3333,8.375,0,0,0.791667,7.33333,0,-6.97167,0.0001,-0.00158266,0.0527012,1.85642,0.165557,48617,0.171629,201.44,2.23435
5448,0.165094,0.630054,0.00496873,0.00496873,0.18991,0.154156,0.783679,0.668117,0.0526585,0.0216266,0.0503287,0.22464,0.0464514,0,0.894941,0.0648557,2.18041,0.180437,0,0.0766493,0.549051,4.4373,0.62865,0.376448,0.654825,2.61148,0.174719,0.221917,0,0.791258,0.0924655,0,-0.000259468,0.253117,0.959055,0.201146,0.0513616,0.0537092,0.00427996,0.00338901,0.431358,0.0496714,5.86635,1.09165,11.9196,0.637651,0.676129,-6.63088,-0.333333,-0.0643839,0.763166,13.125,7.54167,0,0,1,7.95833,0,-6.9694,0.0001,-0.00229535,0.0488169,1.84013,0.138941,49671,0.171643,202.29,2.11294
5449,0.163579,0.628822,0.00495319,0.00495319,0.189836,0.153768,0.783723,0.678215,0.052269,0.0225412,0.0500381,0.222981,0.0452633,0,0.892283,0.066469,2.19519,0.176893,0,0.0753103,0.558316,4.46633,0.632282,0.378375,0.655004,2.6014,0.176783,0.22074,0,0.782352,0.108996,0,-0.000368485,0.252131,0.958251,0.202991,0.0511432,0.053384,0.00440885,0.00351887,0.431142,0.0494042,5.66327,0.601067,11.8177,0.642783,0.677384,-6.32967,-0.333333,-0.0644307,0.764406,12.5417,7.875,0,0,0.708333,6.04167,0,-6.96832,0.0001,-0.00260691,0.0444077,1.84807,0.141636,49406,0.171667,205.76,2.34699
5450,0.162291,0.625345,0.00496733,0.00496733,0.186385,0.152728,0.783621,0.669139,0.0522691,0.0221317,0.0500407,0.222364,0.0481153,0,0.887092,0.0653964,2.19156,0.182633,0,0.0762479,0.556788,4.45534,0.630231,0.376799,0.655776,2.60844,0.173701,0.219665,0,0.800814,0.102015,0,-0.000363554,0.257683,0.959267,0.204022,0.051009,0.0532897,0.00400551,0.00311618,0.431062,0.049295,5.70254,0.77082,11.7443,0.642996,0.670437,-6.49388,-0.333333,-0.0633469,0.758532,12.7083,7.41667,0,0,0.708333,7,0,-6.96349,0.0001,-0.00223166,0.0453774,1.84678,0.132262,49672,0.171711,204.47,2.43758
5451,0.165021,0.636088,0.00493402,0.00493402,0.188431,0.15495,0.782222,0.690542,0.0522302,0.0221399,0.0499456,0.220682,0.0482801,0,0.884902,0.0679087,2.18129,0.183335,0,0.0773814,0.558931,4.47423,0.632849,0.380843,0.65119,2.58983,0.178288,0.217822,0,0.787343,0.109819,0,-0.000352362,0.254789,0.959138,0.207352,0.0509011,0.0532086,0.00407403,0.00312636,0.43198,0.0491941,5.79522,0.996851,11.8831,0.638909,0.67228,-6.70321,-0.333333,-0.0642097,0.772591,11,7.625,0,0,0.375,7.375,0,-6.95972,0.0001,-0.00272113,0.042351,1.85993,0.136086,49250,0.17178,204.57,2.46875
5452,0.167085,0.644271,0.0049254,0.0049254,0.192932,0.157109,0.782411,0.693327,0.0520271,0.0228287,0.0497745,0.220846,0.0461579,0,0.887542,0.0684638,2.16582,0.180997,0,0.0756871,0.563503,4.4726,0.63339,0.381861,0.652388,2.58367,0.180356,0.218365,0,0.821681,0.106221,0,-0.000396119,0.249125,0.958836,0.206719,0.0508734,0.0530625,0.00385028,0.00291769,0.434704,0.0491103,5.88911,0.724377,11.8143,0.640704,0.668132,-6.56875,-0.333333,-0.0657137,0.781825,13.4583,7.04167,0,0,0.875,8.29167,0,-6.95739,0.0001,-0.0018546,0.0408163,1.83089,0.144792,49756,0.171819,202.47,2.22224
5453,0.164968,0.637763,0.00493933,0.00493933,0.188195,0.155719,0.782099,0.683787,0.052229,0.0220019,0.0499476,0.222391,0.048227,0,0.890403,0.0666763,2.18277,0.181252,0,0.076201,0.559492,4.46677,0.633508,0.380117,0.651222,2.5852,0.176666,0.219597,0,0.806825,0.0939999,0,-0.000333161,0.257332,0.958755,0.205532,0.0509387,0.0532662,0.00459795,0.00366788,0.437706,0.0492403,5.94678,0.993131,11.9133,0.637325,0.671773,-6.60896,-0.333333,-0.0640203,0.771964,12.2083,7.70833,0,0,0.333333,7.70833,0,-6.95681,0.0001,-0.000768879,0.0446207,1.85709,0.138251,49266,0.171848,203.23,2.21802
5454,0.171467,0.666359,0.00493065,0.00493065,0.192856,0.16258,0.782068,0.716031,0.0524083,0.0221183,0.0501191,0.222768,0.0444763,0,0.892948,0.0707246,2.16478,0.172061,0,0.074219,0.563131,4.4703,0.632868,0.381203,0.653074,2.59036,0.183962,0.220031,0,0.849861,0.141742,0,-0.000376861,0.248797,0.959085,0.205225,0.0510903,0.0533586,0.0045486,0.00359574,0.435231,0.0493909,5.86197,0.93788,11.9283,0.637231,0.671252,-6.64249,-0.333333,-0.0656532,0.806909,13.2083,7.91667,0,0,0.666667,7.54167,0,-6.95541,0.0001,-0.00241688,0.0443613,1.821,0.157149,49694,0.171862,202.83,2.21053
5455,0.166065,0.630153,0.00497583,0.00497583,0.191589,0.154844,0.784225,0.669902,0.0525446,0.0220893,0.0502537,0.222676,0.0466398,0,0.886584,0.0641645,2.16224,0.179281,0,0.0759085,0.557699,4.44763,0.630927,0.375544,0.65802,2.60772,0.175823,0.220103,0,0.784832,0.0845773,0,-0.000367138,0.250684,0.958563,0.201198,0.051205,0.0535575,0.004177,0.00330736,0.437146,0.0494903,6.06594,0.873916,11.8695,0.639832,0.674568,-6.46753,-0.333333,-0.0647882,0.763155,14,8.625,0,0,0.458333,6.79167,0,-6.95669,0.0001,-0.00243139,0.0443567,1.84431,0.13524,49659,0.171812,199.95,1.97202
5456,0.166428,0.635806,0.00497175,0.00497175,0.191074,0.155742,0.783407,0.677531,0.0522809,0.0226355,0.0500578,0.223481,0.0468302,0,0.891125,0.0662839,2.16913,0.181333,0,0.075217,0.558774,4.45787,0.63138,0.376076,0.657157,2.6042,0.177596,0.221007,0,0.778158,0.105977,0,-0.000365723,0.253149,0.958747,0.202027,0.0511188,0.0533431,0.00392431,0.00303202,0.433975,0.0493742,5.88113,0.638271,11.7393,0.643158,0.669495,-6.38078,-0.333333,-0.064724,0.770706,12.9167,7.66667,0,0,0.458333,7.875,0,-6.96039,0.0001,-0.00285192,0.0433812,1.86573,0.137727,49067,0.171776,200.16,2.09143
5457,0.167382,0.640626,0.00496723,0.00496723,0.190805,0.157125,0.784249,0.678012,0.0521931,0.0230795,0.0499749,0.223291,0.0487368,0,0.891335,0.0660766,2.17524,0.181112,0,0.0752803,0.557358,4.45537,0.63114,0.376612,0.656516,2.6077,0.177742,0.221025,0,0.796695,0.0701101,0,-0.000369768,0.255656,0.958232,0.202393,0.0510658,0.0533562,0.00440743,0.00350126,0.434275,0.049303,5.81685,0.436972,11.7083,0.646093,0.675121,-6.22772,-0.333333,-0.064539,0.777854,13.9583,8.08333,0,0,0.541667,6.5,0,-6.96004,0.0001,-0.00272927,0.0434129,1.84757,0.136776,49539,0.171766,202.51,2.16458
5458,0.164578,0.631673,0.00497042,0.00497042,0.188309,0.154704,0.783682,0.677479,0.0520995,0.0224983,0.049884,0.222722,0.0486163,0,0.888805,0.0653451,2.1945,0.184675,0,0.0757947,0.557866,4.46302,0.632454,0.376301,0.654695,2.59892,0.176281,0.220309,0,0.80874,0.0848254,0,-0.000381883,0.256273,0.958381,0.203825,0.0509444,0.0531835,0.00404546,0.00314928,0.435478,0.0491923,5.93304,0.601,11.7096,0.644816,0.669164,-6.32094,-0.333333,-0.0638293,0.767406,12.375,7.375,0,0,0.416667,6.875,0,-6.9593,0.0001,-0.00221423,0.0458692,1.83367,0.151485,49519,0.171776,202.54,2.20424
5459,0.164144,0.636694,0.00492649,0.00492649,0.188519,0.155316,0.78234,0.686236,0.0522149,0.0218107,0.0499062,0.220099,0.0474034,0,0.883374,0.0671931,2.17316,0.181688,0,0.076764,0.563131,4.46534,0.63273,0.381725,0.651931,2.5861,0.177225,0.217521,0,0.820172,0.0960661,0,-0.000394547,0.253862,0.959377,0.207944,0.0507837,0.0531474,0.00343204,0.00254031,0.435372,0.04908,5.86529,0.988927,11.9143,0.636042,0.671954,-6.69516,-0.333333,-0.0642043,0.773839,11.4167,7.41667,0,0,0.708333,7.04167,0,-6.96014,0.0001,-0.00281336,0.0427886,1.79405,0.133217,51006,0.171754,202.18,2.17567
5460,0.165764,0.636115,0.00497189,0.00497189,0.189264,0.156195,0.783053,0.675943,0.052707,0.0213359,0.0503638,0.223214,0.0478744,0,0.887904,0.0654411,2.16655,0.180631,0,0.0763812,0.5583,4.44886,0.629923,0.37608,0.657032,2.60702,0.17574,0.220434,0,0.799902,0.11996,0,-0.000268967,0.257964,0.959434,0.201496,0.0512723,0.053733,0.00449125,0.00361603,0.436069,0.0495922,5.93557,1.21377,11.9792,0.635128,0.675889,-6.65642,-0.333333,-0.0639933,0.768831,12.75,7.625,0,0,0.666667,8,0,-6.96302,0.0001,-0.00272438,0.0432116,1.81067,0.136868,50475,0.17176,202.17,2.21262
5461,0.168041,0.655559,0.00495156,0.00495156,0.190339,0.16008,0.782659,0.701871,0.0521923,0.0224182,0.0499308,0.222222,0.0468081,0,0.889073,0.0696439,2.14863,0.180527,0,0.0759583,0.561827,4.4722,0.634033,0.378613,0.652608,2.59006,0.179941,0.219569,0,0.832809,0.117676,0,-0.000368479,0.254104,0.95887,0.205005,0.050955,0.0532286,0.00404319,0.00312681,0.436353,0.049248,5.99706,0.746759,11.7714,0.641028,0.669095,-6.49334,-0.333333,-0.0646883,0.793874,13.5,8.125,0,0,0.666667,6.70833,0,-6.96411,0.0001,-0.00197016,0.0462043,1.92289,0.134761,47774,0.171783,201.93,2.47614
5462,0.170671,0.658145,0.00495208,0.00495208,0.19449,0.160788,0.783157,0.704584,0.0522353,0.0222483,0.0499979,0.223356,0.0443469,0,0.893941,0.0698155,2.16936,0.174638,0,0.0749246,0.562121,4.47394,0.632041,0.37864,0.654926,2.59783,0.182879,0.220824,0,0.831011,0.105656,0,-0.000361967,0.247949,0.959006,0.205485,0.0510055,0.0532612,0.00400483,0.00306028,0.435438,0.0492976,5.94376,0.750571,11.7169,0.641945,0.667174,-6.50971,-0.333333,-0.0660921,0.798905,12.5,6.95833,0,0,0.583333,7.70833,0,-6.96312,0.0001,-0.00248113,0.0458128,1.83567,0.131845,49963,0.171824,200.76,2.17255
5463,0.170594,0.656724,0.00495142,0.00495142,0.192001,0.160678,0.782775,0.697845,0.0521864,0.022789,0.0499351,0.22421,0.0476381,0,0.896623,0.0683588,2.16974,0.181267,0,0.0761883,0.559206,4.46987,0.633153,0.378618,0.652043,2.58663,0.181898,0.221745,0,0.836896,0.10425,0,-0.00043401,0.252834,0.958394,0.204789,0.0509101,0.0532057,0.00424458,0.00329896,0.438461,0.0491509,5.95353,0.66975,11.8015,0.642157,0.672979,-6.42596,-0.333333,-0.0651957,0.795188,13.7083,8.58333,0,0,0.666667,7.41667,0,-6.95948,0.0001,-0.00246663,0.045786,1.80489,0.136158,50644,0.17187,202.59,2.25026
5464,0.167666,0.645268,0.00497322,0.00497322,0.192722,0.158552,0.783583,0.685094,0.0524148,0.0228609,0.050162,0.222436,0.0451948,0,0.886387,0.066624,2.14878,0.177218,0,0.0746218,0.558673,4.44924,0.631239,0.375943,0.655956,2.60634,0.177743,0.22008,0,0.815689,0.086165,0,-0.000348742,0.251537,0.95874,0.200794,0.051236,0.0535566,0.00424703,0.00339358,0.432642,0.0494988,5.82902,0.595004,11.7134,0.644454,0.673773,-6.31441,-0.333333,-0.0650998,0.782366,13.875,7.625,0,0,0.583333,6.70833,0,-6.95765,0.0001,-0.000846267,0.0431688,1.77519,0.137273,51401,0.171865,203.62,2.32192
5465,0.168058,0.644001,0.00493663,0.00493663,0.19059,0.157329,0.78218,0.689855,0.0520263,0.0231758,0.0498042,0.223869,0.048104,0,0.89871,0.067776,2.18173,0.181124,0,0.0758194,0.558112,4.47193,0.633451,0.380485,0.650296,2.59008,0.179547,0.221568,0,0.8167,0.108634,0,-0.000355368,0.255055,0.958638,0.206825,0.050881,0.0531596,0.00429673,0.00335585,0.435359,0.0491348,5.75698,0.489646,11.6924,0.644743,0.672878,-6.37814,-0.333333,-0.064807,0.781378,13.7083,8.33333,0,0,0.666667,7.125,0,-6.95604,0.0001,-0.00101204,0.0449661,1.8208,0.141375,50099,0.1719,203.67,2.3501
5466,0.170535,0.658091,0.00492124,0.00492124,0.193635,0.160227,0.782349,0.707053,0.0520503,0.0225226,0.0498044,0.222447,0.0459473,0,0.895809,0.0709239,2.19142,0.176031,0,0.0749071,0.559359,4.48655,0.634691,0.382406,0.65113,2.58675,0.183499,0.220179,0,0.837543,0.136777,0,-0.000358117,0.251115,0.959337,0.208681,0.0508115,0.0530958,0.00389331,0.0029505,0.431816,0.0491122,5.54067,0.746027,11.7543,0.641103,0.667577,-6.59767,-0.333333,-0.0660923,0.799088,11.4167,6.875,0,0,0.875,7.08333,0,-6.95289,0.0001,-0.00202053,0.0445024,1.83495,0.142961,49700,0.17191,204.44,2.46306
5467,0.166036,0.64314,0.00493131,0.00493131,0.192521,0.15672,0.78207,0.689137,0.0523552,0.0224256,0.0500296,0.223841,0.0458162,0,0.898034,0.0681558,2.16684,0.179454,0,0.0758981,0.563028,4.47678,0.633591,0.38112,0.653031,2.5879,0.177883,0.221182,0,0.797464,0.0964731,0,-0.000341226,0.25188,0.958914,0.205498,0.0509904,0.0533423,0.0042332,0.0032882,0.434404,0.0493007,5.84074,0.93942,11.8654,0.638135,0.67202,-6.68068,-0.333333,-0.0655599,0.780452,12,7.375,0,0,0.708333,7.25,0,-6.95004,0.0001,-0.00317194,0.0488303,1.86413,0.137975,49100,0.171978,202.52,2.08575
5468,0.173958,0.674063,0.00492747,0.00492747,0.197171,0.164017,0.782492,0.716097,0.0522472,0.0224386,0.0499674,0.224399,0.0450748,0,0.902448,0.0712127,2.17984,0.173105,0,0.074523,0.56368,4.47555,0.633028,0.381604,0.651785,2.58454,0.18463,0.221934,0,0.845058,0.106697,0,-0.000361693,0.249973,0.958789,0.207453,0.0509308,0.0532979,0.00423044,0.00330439,0.434163,0.0492257,5.59342,0.755631,11.8212,0.640542,0.671597,-6.55398,-0.333333,-0.0673088,0.816377,12.5417,7.29167,0,0,0.625,7.5,0,-6.94672,0.0001,-0.00198922,0.045841,1.84012,0.13899,49670,0.171995,203.67,2.25955
5469,0.163325,0.623033,0.00496242,0.00496242,0.188657,0.152448,0.783067,0.666445,0.0524978,0.0221433,0.0502032,0.223259,0.0473595,0,0.890955,0.0648388,2.16658,0.180483,0,0.0760731,0.556926,4.4495,0.63076,0.37722,0.655119,2.60354,0.174734,0.220729,0,0.755425,0.114187,0,-0.000344615,0.256101,0.958803,0.202219,0.0511373,0.0535462,0.00424848,0.00335112,0.432975,0.0494262,5.65399,0.889226,11.8533,0.639547,0.674703,-6.49823,-0.333333,-0.064001,0.755283,13.4167,7.70833,0,0,0.916667,8.125,0,-6.94753,0.0001,-0.00226778,0.0479682,1.83834,0.135933,49792,0.171967,203.08,2.20509
5470,0.168157,0.646744,0.00493702,0.00493702,0.191413,0.157571,0.781954,0.698741,0.0521543,0.0231135,0.0499087,0.222214,0.0465635,0,0.891893,0.069535,2.16261,0.180512,0,0.0754509,0.562202,4.46976,0.632623,0.380446,0.65201,2.58908,0.181712,0.219935,0,0.796984,0.107066,0,-0.000371292,0.25258,0.958886,0.206374,0.0509508,0.0532343,0.00383204,0.00294418,0.43557,0.0491989,5.75151,0.54682,11.6755,0.644318,0.667955,-6.43965,-0.333333,-0.0651833,0.783739,12,6.54167,0,0,0.5,7.29167,0,-6.94878,0.0001,-0.00248558,0.0465224,1.81297,0.14031,50327,0.171969,202.32,2.22531
5471,0.166651,0.639933,0.00495117,0.00495117,0.190517,0.156571,0.781922,0.68482,0.0522301,0.0230742,0.0499819,0.223301,0.0474281,0,0.893945,0.0669344,2.17514,0.182196,0,0.0762919,0.558557,4.45756,0.63237,0.378632,0.652193,2.58962,0.178215,0.220993,0,0.798478,0.102075,0,-0.000353001,0.256074,0.958256,0.204599,0.0510254,0.0533666,0.0042356,0.00334698,0.435547,0.0492959,5.79155,0.497795,11.7379,0.643422,0.67481,-6.33314,-0.333333,-0.0646475,0.773695,14.125,7.83333,0,0,0.791667,6.91667,0,-6.9472,0.0001,-0.00312538,0.0457115,1.82356,0.137488,50128,0.171995,204.2,2.36127
5472,0.167821,0.645851,0.00494445,0.00494445,0.189677,0.157766,0.782448,0.694064,0.0522266,0.0227891,0.0499749,0.221495,0.0477777,0,0.887065,0.0682092,2.15493,0.180517,0,0.0755838,0.563037,4.46775,0.633021,0.379471,0.652109,2.5932,0.180862,0.218984,0,0.819972,0.105323,0,-0.000346303,0.255687,0.958586,0.204353,0.0510117,0.0533558,0.00459398,0.00367923,0.434511,0.0493018,5.76015,0.597297,11.7389,0.643105,0.671152,-6.40026,-0.333333,-0.0645186,0.782062,13.3333,7.41667,0,0,0.541667,7.08333,0,-6.94383,0.0001,-0.00263814,0.0472018,1.84764,0.135142,49578,0.172039,204.82,2.27906
5473,0.164716,0.633769,0.00494887,0.00494887,0.187127,0.154668,0.782735,0.673113,0.0523939,0.0228146,0.0500988,0.222556,0.049339,0,0.890573,0.0653966,2.16584,0.185699,0,0.0773973,0.554966,4.4575,0.631784,0.378936,0.652571,2.59824,0.175534,0.220049,0,0.79395,0.0880843,0,-0.000299234,0.260202,0.959252,0.204567,0.0510782,0.0534775,0.00447079,0.00358135,0.431638,0.0494014,5.6701,0.850992,11.8034,0.641646,0.674292,-6.55289,-0.333333,-0.0635782,0.76885,13.3333,8,0,0,0.583333,7.33333,0,-6.94022,0.0001,-0.00259543,0.0430939,1.80491,0.137074,50620,0.17207,203.13,1.97362
5474,0.168665,0.654365,0.0049231,0.0049231,0.193262,0.158867,0.780832,0.694275,0.0522256,0.0224239,0.0499373,0.223662,0.0455094,0,0.900112,0.0684582,2.16519,0.179386,0,0.0763811,0.563783,4.46982,0.633622,0.382187,0.648323,2.58412,0.179793,0.221252,0,0.815701,0.121972,0,-0.000408996,0.24871,0.959113,0.208338,0.0508532,0.0531748,0.00361111,0.00270379,0.433082,0.0491366,5.65839,0.760498,11.8157,0.640412,0.669984,-6.59249,-0.333333,-0.0660383,0.791779,12.2917,8.16667,0,0,0.583333,6.83333,0,-6.93636,0.0001,-0.00204571,0.045837,1.82052,0.138098,50190,0.172126,202.18,2.20357
5475,0.166658,0.636182,0.0049223,0.0049223,0.191589,0.154827,0.780571,0.68419,0.0522549,0.0228255,0.0499287,0.224563,0.0478798,0,0.901635,0.0671462,2.17768,0.179821,0,0.0772051,0.559298,4.47647,0.633209,0.382251,0.647609,2.584,0.179101,0.221814,0,0.795153,0.101316,0,-0.000340786,0.253065,0.959202,0.208479,0.0508944,0.0532559,0.00406089,0.00309028,0.435373,0.0491727,5.74276,0.8676,11.8168,0.640084,0.670645,-6.67196,-0.333333,-0.0653422,0.76755,12.2917,7.54167,0,0,0.625,7.29167,0,-6.93394,0.0001,-0.00307376,0.0516198,1.84002,0.135027,49772,0.17216,202.25,2.15794
5476,0.160864,0.619097,0.00497447,0.00497447,0.186595,0.151079,0.783082,0.658373,0.0525467,0.022576,0.0502569,0.22263,0.0488015,0,0.8869,0.0642437,2.13601,0.185762,0,0.0770662,0.556365,4.4579,0.630677,0.375746,0.65578,2.60396,0.171484,0.220015,0,0.767443,0.12135,0,-0.000260975,0.259288,0.959205,0.200672,0.0513513,0.0536476,0.00435133,0.00345753,0.435513,0.0496668,5.85767,0.796284,11.7121,0.643346,0.673282,-6.48168,-0.333333,-0.0632538,0.749638,13.1667,7.20833,0,0,0.541667,7.79167,0,-6.93156,0.0001,-0.00137618,0.04904,1.8572,0.141608,49181,0.172235,202.13,2.13112
5477,0.165324,0.631008,0.00494309,0.00494309,0.18932,0.15392,0.782242,0.673381,0.0522394,0.0227704,0.0499523,0.223182,0.0481125,0,0.89454,0.0660976,2.16404,0.182381,0,0.0766038,0.55643,4.46603,0.633289,0.379698,0.649679,2.58437,0.177187,0.220824,0,0.800224,0.0882817,0,-0.000342268,0.255917,0.959341,0.205535,0.0509014,0.0532613,0.00403026,0.00314265,0.43443,0.049197,5.70604,0.699162,11.7269,0.642829,0.671487,-6.49896,-0.333333,-0.0643704,0.765218,13.3333,7.16667,0,0,0.75,7.66667,0,-6.92714,0.0001,-0.00225991,0.0501161,1.83019,0.140309,49887,0.172287,201.79,2.32942
5478,0.167772,0.633524,0.00494263,0.00494263,0.189782,0.154607,0.782133,0.670286,0.052078,0.0235419,0.0498378,0.224578,0.0488982,0,0.899403,0.065436,2.15504,0.186584,0,0.0771915,0.560577,4.47025,0.633097,0.37972,0.651142,2.59402,0.177475,0.222002,0,0.779428,0.0955552,0,-0.000391923,0.256525,0.958998,0.206006,0.0508973,0.0531146,0.0044639,0.00349288,0.437919,0.0491984,5.96325,0.613134,11.6428,0.645941,0.668411,-6.47347,-0.333333,-0.0645564,0.766181,12.5833,7.375,0,0,0.541667,7.45833,0,-6.92562,0.0001,-0.00136286,0.0466019,1.85805,0.139997,49200,0.1723,202.57,2.21655
5479,0.168738,0.648801,0.00494363,0.00494363,0.192983,0.158191,0.782036,0.692646,0.0522847,0.0227974,0.0499974,0.224623,0.0466375,0,0.899173,0.0684676,2.16202,0.176467,0,0.0761389,0.55883,4.47109,0.633898,0.379633,0.64949,2.58611,0.180448,0.221808,0,0.800853,0.109523,0,-0.000388373,0.253805,0.959331,0.206097,0.0509634,0.053284,0.00494012,0.00399646,0.438279,0.0492983,5.9987,0.812654,11.7615,0.642079,0.67016,-6.56433,-0.333333,-0.0656933,0.784831,14.875,7.54167,0,0,0.708333,8.29167,0,-6.92303,0.0001,-0.00315967,0.047279,1.86218,0.142191,49044,0.172362,203.29,2.30883
5480,0.167418,0.642183,0.00494997,0.00494997,0.192861,0.156901,0.782905,0.687997,0.0522759,0.0225299,0.0499899,0.223145,0.0472144,0,0.892444,0.0677756,2.16674,0.181597,0,0.0767524,0.55734,4.46429,0.632512,0.378785,0.651154,2.5965,0.178839,0.220471,0,0.814798,0.0979159,0,-0.000323809,0.252438,0.959281,0.204464,0.0510343,0.0533318,0.00404807,0.00311339,0.435009,0.0493446,5.97558,0.764218,11.7254,0.642278,0.670904,-6.52957,-0.333333,-0.0655089,0.778574,13.125,7.625,0,0,0.708333,7.20833,0,-6.92074,0.0001,-0.00272963,0.0470931,1.8451,0.148009,49321,0.172376,204.05,2.40733
5481,0.167792,0.652548,0.00493885,0.00493885,0.191113,0.159139,0.781445,0.697292,0.052103,0.0231787,0.04986,0.222013,0.0470824,0,0.889812,0.0683472,2.16092,0.181822,0,0.0757911,0.563639,4.46587,0.632761,0.380177,0.650713,2.58581,0.179688,0.219414,0,0.844856,0.0949683,0,-0.000368459,0.25462,0.958941,0.206325,0.0508997,0.0531639,0.0044533,0.00350347,0.436287,0.0491992,5.85098,0.575661,11.7044,0.644738,0.67329,-6.43811,-0.333333,-0.0650536,0.787318,14.4583,8.375,0,0,0.625,7.70833,0,-6.92189,0.0001,-0.00233715,0.0427206,1.83754,0.148576,49495,0.172358,203,2.24129
5482,0.166596,0.645815,0.00493384,0.00493384,0.191978,0.157025,0.781259,0.688714,0.0521597,0.0224195,0.0498574,0.222574,0.0481161,0,0.893676,0.0681229,2.16846,0.182225,0,0.0777409,0.557089,4.47463,0.633774,0.380879,0.64862,2.58525,0.178645,0.219898,0,0.804688,0.107354,0,-0.000391642,0.25728,0.959867,0.210236,0.050693,0.0531163,0.00427749,0.00335351,0.434922,0.0490312,5.82193,0.850456,11.7199,0.642394,0.668487,-6.64359,-0.333333,-0.0655512,0.780142,11.5,6.75,0,0,0.5,7.95833,0,-6.91975,0.0001,-0.00306662,0.049669,1.82107,0.141571,50087,0.172383,203.66,2.40907
5483,0.163245,0.618941,0.00496293,0.00496293,0.18841,0.151447,0.782598,0.65583,0.0527067,0.0217318,0.0503516,0.22368,0.0481049,0,0.89199,0.063102,2.16391,0.18114,0,0.0778219,0.550317,4.45359,0.630537,0.377165,0.65347,2.60163,0.173537,0.220803,0,0.787598,0.0777539,0,-0.000251442,0.258307,0.959583,0.204523,0.0512564,0.0537237,0.00460488,0.00371406,0.432694,0.049623,5.96726,1.15288,11.8949,0.636927,0.673384,-6.70189,-0.333333,-0.0639178,0.748134,12.125,7,0,0,0.833333,7.875,0,-6.91805,0.0001,-0.00194746,0.0487502,1.83755,0.134386,49851,0.172383,200.1,1.9197
5484,0.16291,0.622763,0.00497742,0.00497742,0.187524,0.152377,0.782407,0.659969,0.0522845,0.0222198,0.0500407,0.222823,0.0493931,0,0.887715,0.0642964,2.15815,0.183794,0,0.0772341,0.554792,4.45681,0.631063,0.375366,0.655053,2.60817,0.172966,0.220306,0,0.759377,0.0977037,0,-0.000354074,0.260453,0.959303,0.202273,0.0510268,0.0533612,0.00371369,0.00282621,0.432015,0.0493068,5.79389,0.647168,11.6519,0.644969,0.673313,-6.39351,-0.333333,-0.0635291,0.750271,12.0417,6.125,0,0,0.625,7,0,-6.91955,0.0001,-0.0021743,0.0448663,1.84219,0.146502,49431,0.172361,201.24,2.03219
5485,0.167544,0.643699,0.00494522,0.00494522,0.191478,0.157262,0.781975,0.685572,0.0520469,0.0228791,0.0498064,0.223096,0.0459202,0,0.894089,0.0670489,2.17416,0.181438,0,0.0764265,0.562669,4.47124,0.633119,0.379392,0.650181,2.59137,0.178829,0.220727,0,0.797785,0.114717,0,-0.000353171,0.251004,0.958739,0.20507,0.0509053,0.0531373,0.00343982,0.00251494,0.433892,0.0491547,5.88593,0.535417,11.6807,0.644549,0.668852,-6.41642,-0.333333,-0.0650789,0.778921,13.6667,8.25,0,0,0.583333,8,0,-6.92242,0.0001,-0.0023959,0.0466517,1.81777,0.14377,50115,0.172321,204.59,2.42641
5486,0.166944,0.643774,0.00495303,0.00495303,0.190144,0.157474,0.781329,0.679398,0.0521331,0.0226512,0.049892,0.222623,0.0462803,0,0.889288,0.0655997,2.16902,0.179553,0,0.076185,0.558375,4.47116,0.633349,0.378433,0.650759,2.5891,0.177506,0.219913,0,0.827583,0.100401,0,-0.000316302,0.255126,0.959227,0.206073,0.0508601,0.0531898,0.00398996,0.00308294,0.435319,0.0491707,5.99886,0.654424,11.663,0.643871,0.670457,-6.47372,-0.333333,-0.0645151,0.775279,12.125,6.45833,0,0,0.625,8,0,-6.92613,0.0001,-0.00244951,0.050117,1.81246,0.135346,50469,0.172311,203.81,2.32561
5487,0.166977,0.630639,0.00496967,0.00496967,0.191244,0.154701,0.782233,0.666843,0.0524239,0.022728,0.0501374,0.226265,0.047048,0,0.900673,0.064007,2.15367,0.178225,0,0.0764958,0.555803,4.45934,0.631592,0.376369,0.653384,2.60008,0.176976,0.223486,0,0.801898,0.0821952,0,-0.000301787,0.255415,0.9594,0.202865,0.0511178,0.053549,0.00449652,0.00354794,0.433738,0.0494085,6.02477,0.730264,11.7283,0.642965,0.673188,-6.41561,-0.333333,-0.0647488,0.761265,14.125,6.54167,0,0,0.458333,8.54167,0,-6.92874,0.0001,-0.0022593,0.0428499,1.82418,0.133229,50221,0.172293,202.75,2.2117
5488,0.167496,0.643373,0.00496293,0.00496293,0.192747,0.157615,0.781618,0.681094,0.0525687,0.0225564,0.050259,0.224294,0.0463551,0,0.89458,0.0662574,2.15936,0.178115,0,0.0761724,0.55604,4.4587,0.631881,0.377214,0.652243,2.59319,0.177303,0.221414,0,0.811142,0.0947211,0,-0.000304609,0.253664,0.959491,0.202668,0.0512734,0.0536331,0.00462158,0.0036711,0.43697,0.0496014,5.99018,0.775313,11.7506,0.642148,0.671223,-6.51001,-0.333333,-0.0653635,0.775612,13.0833,7.375,0,0,0.625,7.54167,0,-6.93165,0.0001,-0.00214488,0.0459362,1.86075,0.142312,49076,0.17229,203.6,2.34092
5489,0.167776,0.639368,0.0049554,0.0049554,0.192923,0.1565,0.781847,0.681473,0.0526383,0.0218318,0.0502845,0.225515,0.0459118,0,0.899142,0.0663887,2.15634,0.177336,0,0.0768387,0.557494,4.4698,0.632877,0.378137,0.650772,2.58779,0.179036,0.222394,0,0.814562,0.101456,0,-0.000308042,0.252265,0.960168,0.204482,0.0510972,0.0535656,0.00422963,0.00331375,0.437493,0.0494426,6.093,1.10925,11.8417,0.636918,0.669,-6.7366,-0.333333,-0.0654494,0.771452,12.9167,7.625,0,0,0.416667,8,0,-6.93141,0.0001,-0.00276025,0.045556,1.8291,0.1402,49918,0.1723,202.73,2.34864
5490,0.168155,0.647535,0.0049396,0.0049396,0.191853,0.157784,0.781728,0.690688,0.0524618,0.0222402,0.0501605,0.222599,0.044952,0,0.890226,0.0677598,2.15882,0.175476,0,0.0759229,0.56143,4.47268,0.633675,0.380097,0.649137,2.58315,0.180152,0.219544,0,0.795649,0.103292,0,-0.00030384,0.250511,0.960171,0.20643,0.051055,0.0534214,0.00366423,0.00271646,0.436456,0.0493759,5.89024,0.973926,11.7389,0.639863,0.665809,-6.70957,-0.333333,-0.0653605,0.783712,12.75,8,0,0,0.458333,7.41667,0,-6.92923,0.0001,-0.00201087,0.0440469,1.83377,0.148535,49590,0.172295,202.45,2.28175
5491,0.164628,0.630732,0.00497098,0.00497098,0.189997,0.154325,0.782655,0.671006,0.0523132,0.0225458,0.0500719,0.223847,0.0469678,0,0.891691,0.0654124,2.18008,0.178689,0,0.0768085,0.555538,4.46885,0.632147,0.376181,0.650749,2.59767,0.175551,0.221098,0,0.794728,0.108509,0,-0.000322651,0.255106,0.959705,0.204707,0.0510249,0.0534006,0.00395297,0.00301594,0.436294,0.0493159,5.96238,0.711007,11.6028,0.645327,0.666979,-6.46739,-0.333333,-0.064391,0.762838,13.3333,6.66667,0,0,0.541667,8.625,0,-6.92947,0.0001,-0.00223025,0.0446866,1.84003,0.140299,49640,0.172231,203.5,2.37639
5492,0.170287,0.656316,0.004941,0.004941,0.189263,0.160006,0.78121,0.703808,0.0523081,0.022716,0.0500139,0.223736,0.0478197,0,0.895684,0.0699521,2.18524,0.177815,0,0.0772563,0.552936,4.47615,0.633505,0.37996,0.64724,2.58098,0.183307,0.220937,0,0.82609,0.108489,0,-0.000245662,0.259398,0.959546,0.206907,0.0510197,0.053438,0.00449517,0.00354492,0.435547,0.0493205,5.80133,0.815907,11.7208,0.643167,0.672156,-6.59083,-0.333333,-0.0643786,0.79417,11.9167,6.45833,0,0,0.583333,7.16667,0,-6.9337,0.0001,-0.00250594,0.0468551,1.83404,0.143678,49705,0.172184,202.95,2.25511
5493,0.166914,0.639506,0.00497064,0.00497064,0.191162,0.156494,0.782722,0.682423,0.0525337,0.0226805,0.0502545,0.223546,0.0445218,0,0.890208,0.066848,2.14964,0.174109,0,0.0760375,0.559279,4.46247,0.630903,0.376213,0.653232,2.60693,0.17779,0.22078,0,0.80415,0.112315,0,-0.00030915,0.252906,0.959563,0.203345,0.0512088,0.0535849,0.00413762,0.0032295,0.439139,0.0495033,5.9765,0.756206,11.6717,0.644379,0.667613,-6.48807,-0.333333,-0.0648244,0.773363,13.5417,6.66667,0,0,0.5,7.66667,0,-6.93548,0.0001,-0.00248542,0.0464959,1.82756,0.139773,49968,0.172152,202.53,2.42031
5494,0.165392,0.637703,0.00495857,0.00495857,0.188957,0.155652,0.781081,0.68262,0.0524721,0.0227709,0.0502167,0.223337,0.0476584,0,0.891637,0.0672126,2.17593,0.178914,0,0.0766304,0.553668,4.45879,0.631488,0.377729,0.649832,2.59424,0.177451,0.220717,0,0.793465,0.119209,0,-0.00027303,0.255903,0.959294,0.205714,0.0512225,0.0536601,0.00427425,0.00335403,0.433313,0.0495093,5.79873,0.600341,11.6617,0.645253,0.670646,-6.41286,-0.333333,-0.0642015,0.769168,13.5,7.08333,0,0,0.666667,7.58333,0,-6.93862,0.0001,-0.00226952,0.045121,1.81828,0.139576,50210,0.1721,202,2.21454
5495,0.167686,0.643739,0.00499072,0.00499072,0.189894,0.15796,0.782004,0.676451,0.0524123,0.0232393,0.0502155,0.224296,0.0465362,0,0.891101,0.0658032,2.16252,0.181232,0,0.0760033,0.555815,4.45574,0.630964,0.373797,0.652816,2.60139,0.176555,0.221635,0,0.826539,0.0953813,0,-0.000270809,0.256659,0.959148,0.201769,0.0513183,0.0535952,0.00400024,0.00308459,0.436465,0.0495639,5.8985,0.408785,11.4798,0.651016,0.667231,-6.23575,-0.333333,-0.0642835,0.775568,14.4167,6.875,0,0,0.708333,6.75,0,-6.94474,0.0001,-0.00244023,0.0446332,1.80324,0.139857,50591,0.172057,203.7,2.49068
5496,0.168139,0.646207,0.00496002,0.00496002,0.189616,0.158176,0.78208,0.68214,0.0524691,0.0229314,0.0501972,0.223477,0.0476279,0,0.891548,0.0669528,2.15293,0.181078,0,0.0774798,0.553187,4.45718,0.631185,0.377517,0.650682,2.60121,0.177874,0.220765,0,0.811938,0.0828189,0,-0.000277555,0.256841,0.959599,0.204496,0.0511464,0.0535709,0.00405056,0.00317394,0.437327,0.0494434,5.92163,0.71224,11.6526,0.64389,0.667871,-6.49595,-0.333333,-0.0643199,0.77936,13.75,6.625,0,0,0.416667,7.20833,0,-6.94448,0.0001,-0.00342799,0.0472173,1.79218,0.139021,50903,0.172065,201.96,2.27826
5497,0.169221,0.642511,0.00494906,0.00494906,0.193938,0.15721,0.781024,0.677832,0.0523645,0.023233,0.0500987,0.224188,0.0442143,0,0.89601,0.0656315,2.17635,0.17371,0,0.07593,0.556995,4.47013,0.631889,0.378892,0.650605,2.59478,0.179648,0.221402,0,0.809371,0.0941054,0,-0.00026964,0.252173,0.959686,0.205955,0.0511322,0.053503,0.00464575,0.00373091,0.43866,0.0494323,5.91961,0.651077,11.6809,0.643706,0.671384,-6.46671,-0.333333,-0.0658408,0.77342,13.5,6.95833,0,0,0.458333,8.16667,0,-6.94027,0.0001,-0.00318961,0.0494793,1.8088,0.138869,50472,0.172102,202.56,2.12934
5498,0.164596,0.632276,0.00498828,0.00498828,0.187328,0.155105,0.782847,0.668159,0.0523459,0.0231371,0.0501232,0.222707,0.04944,0,0.88463,0.0656986,2.152,0.186293,0,0.0777424,0.553454,4.44678,0.630052,0.374062,0.653575,2.60979,0.174612,0.220008,0,0.781173,0.0922059,0,-0.000308391,0.262698,0.959475,0.2031,0.0510687,0.0535085,0.00444151,0.00354418,0.438476,0.0493551,5.9415,0.491767,11.5441,0.648705,0.667762,-6.24453,-0.333333,-0.0633432,0.764557,14.25,6.41667,0,0,0.333333,7.375,0,-6.93731,0.0001,-0.00259022,0.0451615,1.78615,0.14131,51001,0.172118,200.4,2.45721
5499,0.164169,0.631528,0.00498438,0.00498438,0.188517,0.155131,0.78301,0.667883,0.0526306,0.0227776,0.0503544,0.224604,0.0475762,0,0.89188,0.0646977,2.16921,0.181858,0,0.077438,0.552429,4.44131,0.628967,0.374535,0.652061,2.60749,0.173908,0.221735,0,0.818572,0.0950744,0,-0.000220493,0.256375,0.959653,0.201436,0.0514065,0.0537936,0.00427513,0.00335791,0.438285,0.0497033,5.93843,0.671322,11.6246,0.645458,0.670689,-6.39851,-0.333333,-0.0636755,0.762367,13.5833,7.04167,0,0,0.583333,7.33333,0,-6.93635,0.0001,-0.00212575,0.0477727,1.79847,0.142646,50642,0.17212,202.11,2.34519
5500,0.172129,0.662885,0.00494165,0.00494165,0.196378,0.161242,0.780714,0.703068,0.0522465,0.0231418,0.0500026,0.225415,0.0447597,0,0.902937,0.0701239,2.1666,0.173513,0,0.0758699,0.556605,4.47699,0.633391,0.37999,0.647146,2.58453,0.183056,0.222409,0,0.8262,0.112007,0,-0.000329322,0.250179,0.960116,0.209789,0.0508986,0.0532437,0.0041417,0.00316007,0.440188,0.0492003,5.92249,0.769997,11.552,0.645798,0.661815,-6.618,-0.333333,-0.0670629,0.799386,11.8333,6.41667,0,0,0.541667,8.29167,0,-6.9342,0.0001,-0.00210804,0.0463255,1.80316,0.147686,50390,0.172155,204.09,2.42117
5501,0.167386,0.642962,0.00496783,0.00496783,0.190399,0.157797,0.782363,0.686566,0.052492,0.0225278,0.0502178,0.223884,0.0459873,0,0.890738,0.066735,2.15974,0.17771,0,0.0765347,0.555753,4.47237,0.632171,0.376562,0.652291,2.59917,0.179476,0.220934,0,0.812711,0.0820554,0,-0.00029457,0.253357,0.960165,0.203832,0.0511711,0.0535418,0.00409647,0.00318669,0.439392,0.0494764,5.99527,0.775094,11.66,0.643515,0.668356,-6.50151,-0.333333,-0.0643839,0.776708,13.2917,6.625,0,0,0.458333,8.125,0,-6.93198,0.0001,-0.00248438,0.0449237,1.81064,0.13918,50417,0.172145,201.71,2.24404
5502,0.162706,0.623832,0.00497082,0.00497082,0.18756,0.152815,0.782087,0.665946,0.0524899,0.0226548,0.0502192,0.221158,0.0480375,0,0.879888,0.0645758,2.16549,0.18216,0,0.0770504,0.551321,4.45184,0.630457,0.376173,0.651577,2.60221,0.174047,0.218332,0,0.781643,0.0968441,0,-0.000260677,0.258308,0.960121,0.203689,0.051233,0.0536202,0.00452301,0.00360614,0.436593,0.0495609,5.85301,0.700405,11.6228,0.645245,0.671315,-6.45882,-0.333333,-0.063537,0.751431,13.0833,6.83333,0,0,0.458333,7.54167,0,-6.93367,0.0001,-0.0026786,0.0485769,1.77874,0.131639,51457,0.172173,202,2.17367
5503,0.169377,0.657916,0.00495117,0.00495117,0.193206,0.160362,0.781522,0.700089,0.0523761,0.0225087,0.0501156,0.221669,0.0465678,0,0.886914,0.0696213,2.15964,0.178818,0,0.076589,0.554854,4.45707,0.631656,0.378704,0.649276,2.59248,0.18077,0.218761,0,0.826627,0.102038,0,-0.000273807,0.254834,0.960576,0.208218,0.051009,0.0534064,0.00420285,0.00328772,0.437328,0.0493544,5.85935,0.847191,11.6264,0.643296,0.664447,-6.63293,-0.333333,-0.0658372,0.792599,12.5,7.125,0,0,0.833333,8.375,0,-6.93143,0.0001,-0.00226022,0.0486894,1.80113,0.136453,50735,0.172221,203.04,2.52288
5504,0.167968,0.638274,0.00496768,0.00496768,0.189296,0.156459,0.781413,0.680224,0.0524224,0.0231838,0.050192,0.223336,0.0473455,0,0.889809,0.0662106,2.16913,0.177244,0,0.0762862,0.554835,4.45549,0.630373,0.376594,0.652039,2.59957,0.179655,0.220517,0,0.798889,0.0855962,0,-0.000231594,0.257401,0.95979,0.204366,0.0512054,0.0536186,0.00464663,0.00372207,0.437416,0.0495064,5.88216,0.592449,11.5835,0.646968,0.669227,-6.40583,-0.333333,-0.0641901,0.768594,13.875,6.95833,0,0,0.666667,8.625,0,-6.92943,0.0001,-0.00232626,0.0504626,1.877,0.144598,48626,0.172226,204.18,2.31819
5505,0.166218,0.630455,0.00497887,0.00497887,0.190728,0.15496,0.782754,0.664135,0.0523489,0.023326,0.0501511,0.223729,0.0472095,0,0.888967,0.0649059,2.16612,0.180656,0,0.0765098,0.555915,4.44839,0.630194,0.375161,0.652203,2.60881,0.175449,0.220889,0,0.776039,0.106311,0,-0.000332709,0.255284,0.959408,0.201851,0.0512333,0.0535211,0.00425781,0.00328701,0.437916,0.049482,5.99722,0.44979,11.5616,0.648164,0.66981,-6.27455,-0.333333,-0.0644382,0.759842,13.4583,5.875,0,0,0.5,7.58333,0,-6.92972,0.0001,-0.0029191,0.0466723,1.86567,0.141483,48976,0.172264,200.11,1.97988
5506,0.166239,0.639467,0.00498358,0.00498358,0.190637,0.156782,0.78302,0.682394,0.0521675,0.02346,0.0499993,0.223859,0.0471261,0,0.889459,0.0672669,2.15881,0.179007,0,0.0762195,0.553787,4.45715,0.630549,0.3746,0.652754,2.60337,0.177949,0.221131,0,0.795255,0.112404,0,-0.000303108,0.254696,0.95951,0.203191,0.0511142,0.053377,0.0041589,0.00322472,0.440282,0.0493673,6.02306,0.305411,11.4332,0.651745,0.6687,-6.20458,-0.333333,-0.0645196,0.771386,13.9167,6.25,0,0,0.541667,7.70833,0,-6.92823,0.0001,-0.00241502,0.0433112,1.81782,0.13778,50267,0.172309,201.28,2.224
5507,0.170887,0.659552,0.00495103,0.00495103,0.190999,0.161581,0.78212,0.697777,0.0524718,0.0230212,0.0502001,0.224993,0.0478394,0,0.898094,0.0685229,2.15165,0.177848,0,0.0770774,0.553942,4.45575,0.629588,0.378646,0.651313,2.60582,0.180872,0.222069,0,0.834514,0.0893689,0,-0.000250082,0.257836,0.959951,0.205091,0.0512071,0.0535997,0.00508262,0.0040934,0.440859,0.0495161,5.99097,0.835006,11.7088,0.642686,0.669181,-6.55104,-0.333333,-0.0648014,0.796364,12.5417,6.375,0,0,0.666667,7.70833,0,-6.9263,0.0001,-0.00198637,0.0438191,1.8294,0.134767,50048,0.17233,203.6,2.73192
5508,0.167772,0.650742,0.00495334,0.00495334,0.191186,0.15897,0.781684,0.696654,0.0523719,0.0231041,0.0501152,0.22352,0.0459929,0,0.893007,0.068504,2.16026,0.178796,0,0.0764466,0.555796,4.4695,0.631947,0.378356,0.65091,2.60273,0.180042,0.220848,0,0.821838,0.124124,0,-0.000328042,0.253128,0.959487,0.205144,0.0511217,0.053461,0.00428374,0.00335517,0.440363,0.0494043,5.96752,0.606182,11.635,0.645925,0.669577,-6.44546,-0.333333,-0.0649457,0.78453,12.9583,6.54167,0,0,0.5,6.95833,0,-6.92348,0.0001,-0.00250012,0.0482522,1.82212,0.130436,50346,0.172301,203.65,2.40407
5509,0.164037,0.633842,0.00496824,0.00496824,0.188523,0.155296,0.78131,0.671956,0.0526422,0.0220549,0.0502953,0.223654,0.0472395,0,0.889425,0.0652693,2.15011,0.179957,0,0.0780932,0.555052,4.46962,0.631392,0.376543,0.652323,2.59693,0.175059,0.220462,0,0.795996,0.0892253,0,-0.000251539,0.256992,0.96002,0.203003,0.0512563,0.0536463,0.00441284,0.0034647,0.43962,0.0495968,5.98575,1.04778,11.7836,0.641245,0.675685,-6.67649,-0.333333,-0.0638832,0.764296,13.1667,7.25,0,0,0.625,8.29167,0,-6.92501,0.0001,-0.00225605,0.0429786,1.8215,0.139713,50124,0.172259,199.54,2.00722
5510,0.164808,0.624331,0.00497418,0.00497418,0.191052,0.152727,0.782308,0.663035,0.0528098,0.0219537,0.050462,0.223576,0.0450245,0,0.889067,0.0644371,2.16436,0.175796,0,0.077305,0.549931,4.45227,0.630373,0.375781,0.652126,2.60518,0.175335,0.220402,0,0.774016,0.0933275,0,-0.000268664,0.253047,0.959881,0.202689,0.0513555,0.0537942,0.00452552,0.00358919,0.437846,0.0496915,6.01478,1.03662,11.7658,0.641823,0.675512,-6.67218,-0.333333,-0.0647652,0.753581,12.8333,7.625,0,0,0.541667,8.75,0,-6.92803,0.0001,-0.00229099,0.0508898,1.82535,0.138232,50063,0.172257,204.15,2.32088
5511,0.167806,0.646961,0.00495802,0.00495802,0.191955,0.158462,0.781697,0.685136,0.0523241,0.0230768,0.0500452,0.222624,0.0462001,0,0.887936,0.0667017,2.15275,0.178993,0,0.0767907,0.554863,4.4602,0.630916,0.377913,0.650576,2.59979,0.178259,0.21974,0,0.820883,0.100081,0,-0.000296203,0.254807,0.959437,0.205773,0.0510838,0.053442,0.00470027,0.00376329,0.438468,0.0493812,5.95543,0.652959,11.6514,0.646833,0.674218,-6.46686,-0.333333,-0.0651182,0.779328,12.7917,7.08333,0,0,0.625,7.70833,0,-6.93077,0.0001,-0.00298978,0.0450903,1.82529,0.134718,50154,0.172232,201.25,2.13518
5512,0.168687,0.654705,0.00496108,0.00496108,0.194037,0.160581,0.781512,0.695554,0.0525787,0.0230031,0.0502798,0.224186,0.0459571,0,0.89307,0.0681178,2.12824,0.176091,0,0.0762524,0.557183,4.45153,0.630349,0.377399,0.653117,2.60697,0.179224,0.221202,0,0.816846,0.102564,0,-0.000336456,0.250065,0.959927,0.203813,0.0512372,0.0536038,0.00472224,0.00377594,0.439298,0.0495431,6.05618,0.764526,11.6613,0.644478,0.669362,-6.52164,-0.333333,-0.065723,0.788522,14.5417,7.29167,0,0,0.458333,8.58333,0,-6.93386,0.0001,-0.00227381,0.04618,1.82643,0.1406,49975,0.17221,202.32,2.26679
5513,0.164453,0.636899,0.00496588,0.00496588,0.186533,0.155612,0.781451,0.678113,0.0520544,0.0233369,0.0498915,0.22154,0.0508092,0,0.884265,0.0664072,2.16269,0.187971,0,0.0770799,0.553149,4.46101,0.631223,0.376866,0.650968,2.60771,0.175958,0.218912,0,0.799327,0.103792,0,-0.000261998,0.260663,0.959713,0.205891,0.0510589,0.0532626,0.0050091,0.00408706,0.438815,0.0493896,5.93961,0.498724,11.4403,0.6517,0.6695,-6.33762,-0.333333,-0.0633547,0.76842,13.0833,6.75,0,0,0.583333,7.79167,0,-6.93498,0.0001,-0.00260995,0.0425561,1.80159,0.136226,50729,0.172199,200.61,2.13792
5514,0.162772,0.628611,0.00496536,0.00496536,0.188588,0.153804,0.781712,0.677407,0.0521781,0.0231758,0.049961,0.221481,0.0494539,0,0.883178,0.0667016,2.16634,0.186209,0,0.0774177,0.553048,4.46977,0.632173,0.376898,0.651113,2.59995,0.175666,0.218911,0,0.797043,0.114719,0,-0.000329987,0.256867,0.959375,0.204597,0.051086,0.0533019,0.00425841,0.00331202,0.436963,0.0493488,5.94766,0.468596,11.535,0.649811,0.673946,-6.36768,-0.333333,-0.0639489,0.758238,13.625,6.95833,0,0,0.666667,7.33333,0,-6.93506,0.0001,-0.0010258,0.0451958,1.82203,0.13954,50114,0.172215,201.8,2.01668
5515,0.170415,0.656198,0.00495463,0.00495463,0.194438,0.160596,0.781316,0.700864,0.0520278,0.0234844,0.0498045,0.223647,0.0480938,0,0.894148,0.0689155,2.15682,0.182875,0,0.0768527,0.560379,4.47768,0.63335,0.378196,0.649486,2.59002,0.182596,0.221272,0,0.830569,0.099885,0,-0.000377576,0.249373,0.958955,0.205301,0.0509631,0.053135,0.00409828,0.00313925,0.441041,0.0491781,6.14637,0.272583,11.5214,0.650201,0.674385,-6.27842,-0.333333,-0.0659131,0.789949,12.5417,7.125,0,0,0.583333,6.54167,0,-6.93348,0.0001,-0.00220552,0.0502585,1.8093,0.137314,50500,0.172248,201.75,2.0502
5516,0.165979,0.637514,0.00496452,0.00496452,0.19356,0.155993,0.781386,0.679664,0.0523982,0.0229197,0.0501339,0.224405,0.0454244,0,0.895636,0.0666692,2.15431,0.179001,0,0.0766713,0.554967,4.46459,0.632067,0.377045,0.652343,2.59818,0.177239,0.221817,0,0.810662,0.109601,0,-0.00034075,0.247997,0.959468,0.204079,0.0512207,0.0534419,0.00421503,0.00327779,0.435215,0.0494952,6.0658,0.56048,11.591,0.648035,0.674757,-6.4124,-0.333333,-0.0656557,0.76712,13.25,7.25,0,0,0.791667,6.625,0,-6.93179,0.0001,-0.00223922,0.046084,1.82685,0.138341,50022,0.172279,202.36,2.24132
5517,0.164141,0.632995,0.00497951,0.00497951,0.189595,0.15562,0.782219,0.672738,0.0524238,0.0228149,0.0501957,0.224042,0.0484872,0,0.891094,0.0650074,2.15895,0.182936,0,0.0772354,0.556805,4.4542,0.630912,0.375077,0.653506,2.60775,0.175231,0.221454,0,0.79474,0.116145,0,-0.000274499,0.25487,0.95953,0.201531,0.0513289,0.0535616,0.00458234,0.00363166,0.434908,0.0496234,6.09901,0.502416,11.5367,0.649645,0.670973,-6.34499,-0.333333,-0.0640822,0.761553,12.9583,6.79167,0,0,0.708333,6.875,0,-6.93229,0.0001,-0.00278775,0.0456638,1.80658,0.139037,50525,0.172305,199.6,2.19283
5518,0.170351,0.657394,0.00496143,0.00496143,0.192452,0.160644,0.78038,0.698129,0.0520124,0.0236499,0.0498316,0.224834,0.0481581,0,0.898856,0.0694191,2.16175,0.181472,0,0.0768711,0.555811,4.46317,0.632119,0.377376,0.650719,2.59891,0.1815,0.222539,0,0.824428,0.111123,0,-0.000333132,0.254285,0.958952,0.205607,0.051052,0.0532182,0.004872,0.00389926,0.438129,0.0493101,6.03315,0.270219,11.4911,0.651961,0.674067,-6.23358,-0.333333,-0.0653544,0.7878,13.75,7.41667,0,0,0.583333,6.91667,0,-6.93552,0.0001,-0.00181858,0.0468848,1.80449,0.135467,50673,0.172241,202.43,2.37072
5519,0.167122,0.641181,0.0049616,0.0049616,0.192656,0.156817,0.781412,0.68235,0.0521654,0.0233019,0.0499368,0.222794,0.0482866,0,0.890356,0.0673161,2.16386,0.182393,0,0.0771723,0.558746,4.46797,0.632298,0.377404,0.650937,2.5961,0.177731,0.220332,0,0.802631,0.0960616,0,-0.000331237,0.253677,0.959118,0.205317,0.0510667,0.0533114,0.00467884,0.0037581,0.435077,0.0493276,5.9763,0.409517,11.5688,0.649393,0.675276,-6.3053,-0.333333,-0.0653612,0.770631,12.7917,7.16667,0,0,0.5,7.08333,0,-6.9401,0.0001,-0.00279562,0.0437524,1.80011,0.13855,50707,0.17221,202.77,2.1797
5520,0.166928,0.642801,0.00495516,0.00495516,0.190995,0.15714,0.781157,0.681736,0.0526381,0.0219544,0.0502941,0.223089,0.0472513,0,0.889132,0.0665549,2.15116,0.17981,0,0.0770419,0.555137,4.45862,0.631119,0.378144,0.652245,2.59987,0.177739,0.219861,0,0.819693,0.0855515,0,-0.00023233,0.25384,0.960414,0.20446,0.0512677,0.0536264,0.00510073,0.00413081,0.436205,0.0496441,6.08482,1.08395,11.7242,0.641495,0.669339,-6.79445,-0.333333,-0.0648962,0.772804,12.2083,7.16667,0,0,0.708333,8.54167,0,-6.94114,0.0001,-0.00290178,0.045028,1.79395,0.140994,50804,0.172232,205.21,2.35475
5521,0.164867,0.638195,0.00496839,0.00496839,0.189558,0.156403,0.78195,0.681129,0.0526136,0.0222971,0.0502952,0.221984,0.0487197,0,0.883743,0.0662346,2.14723,0.184717,0,0.0779288,0.558427,4.46059,0.631317,0.376487,0.653862,2.59713,0.176083,0.21907,0,0.803993,0.104523,0,-0.000214396,0.254908,0.959576,0.202506,0.0513852,0.0537236,0.0046044,0.00370183,0.435236,0.0497309,6.09131,0.836454,11.7305,0.643379,0.675115,-6.56265,-0.333333,-0.0641977,0.769094,13.6667,8.16667,0,0,0.5,7.54167,0,-6.939,0.0001,-0.00288489,0.0454978,1.80116,0.135219,50766,0.172254,202.5,2.38416
5522,0.168454,0.646123,0.00492955,0.00492955,0.19081,0.15713,0.780326,0.689759,0.0522148,0.0227549,0.0499396,0.222082,0.0493658,0,0.892383,0.0683335,2.17666,0.184216,0,0.0775014,0.558939,4.47708,0.634567,0.381429,0.646934,2.58095,0.180496,0.219469,0,0.820305,0.131342,0,-0.000308664,0.254881,0.959885,0.208474,0.051015,0.0532751,0.00462843,0.00369415,0.434608,0.0493574,5.82922,0.683347,11.6347,0.645639,0.669493,-6.61935,-0.333333,-0.0651396,0.777764,13.2083,7.25,0,0,0.958333,8.58333,0,-6.9375,0.0001,-0.00237607,0.0431692,1.77909,0.140795,51203,0.172264,204.88,2.27362
5523,0.164503,0.637112,0.0049431,0.0049431,0.189216,0.155239,0.780674,0.676139,0.0525051,0.0218221,0.0501569,0.222171,0.0491686,0,0.888977,0.0660626,2.16099,0.186805,0,0.0790154,0.555653,4.47132,0.632822,0.379641,0.64761,2.58484,0.174892,0.219334,0,0.799703,0.0832188,0,-0.000291792,0.257178,0.959848,0.205835,0.0511365,0.0534867,0.00472675,0.00378956,0.435482,0.0495074,5.98976,1.06204,11.7984,0.640195,0.672965,-6.76571,-0.333333,-0.0643873,0.765535,11.9583,7.625,0,0,0.625,7.5,0,-6.93608,0.0001,-0.00201577,0.0428979,1.7927,0.137172,50938,0.172294,200.9,2.05194
5524,0.168058,0.650039,0.00490803,0.00490803,0.192086,0.157407,0.779245,0.694239,0.0520535,0.0227711,0.0497762,0.220803,0.0485914,0,0.890916,0.0685567,2.19286,0.180911,0,0.0779875,0.557261,4.48929,0.634888,0.384051,0.644311,2.58355,0.180085,0.218214,0,0.814134,0.0913937,0,-0.000311195,0.257525,0.959622,0.212371,0.0507189,0.0530663,0.00481156,0.00390414,0.437739,0.0490778,5.79196,0.774888,11.6827,0.644866,0.67096,-6.72833,-0.333333,-0.0658397,0.781472,11.9167,8.20833,0,0,0.666667,7.16667,0,-6.9341,0.0001,-0.00267266,0.0431867,1.7806,0.136275,51283,0.172345,203.71,2.07324
5525,0.170468,0.653727,0.00494398,0.00494398,0.194364,0.159713,0.780659,0.698431,0.0525768,0.0223798,0.0502417,0.223907,0.0449032,0,0.895505,0.0685673,2.15975,0.172446,0,0.0763943,0.558341,4.47262,0.63257,0.379572,0.650059,2.59059,0.181559,0.22106,0,0.826696,0.109158,0,-0.000287077,0.249209,0.960058,0.205295,0.0512277,0.0535665,0.00443693,0.00348743,0.434963,0.049562,5.88206,0.882733,11.7391,0.643019,0.67114,-6.69543,-0.333333,-0.0660464,0.786638,12.5833,7.16667,0,0,0.541667,8.29167,0,-6.93185,0.0001,-0.00238028,0.0429471,1.79813,0.132298,50923,0.172366,201.74,2.22233
5526,0.171066,0.661224,0.00493513,0.00493513,0.194483,0.16091,0.781168,0.702881,0.0525068,0.022109,0.0501545,0.223259,0.0485994,0,0.895346,0.0699338,2.18231,0.180159,0,0.0780205,0.559149,4.46386,0.632122,0.380711,0.647271,2.588,0.182165,0.220322,0,0.838377,0.125481,0,-0.000278122,0.254593,0.959722,0.206255,0.0512147,0.0535268,0.00511582,0.00414034,0.4346,0.049566,5.84496,0.972873,11.7796,0.643211,0.677278,-6.73959,-0.333333,-0.066327,0.796727,12.2917,8.08333,0,0,1,6.83333,0,-6.93222,0.0001,-0.00232732,0.0471714,1.81224,0.141133,50325,0.172355,203.48,2.38382
5527,0.168061,0.654398,0.00493389,0.00493389,0.191832,0.159221,0.780413,0.705696,0.0527579,0.0216437,0.0503745,0.223197,0.0471508,0,0.893903,0.0698346,2.17642,0.177699,0,0.0776838,0.554664,4.46098,0.632364,0.380826,0.648353,2.58917,0.181771,0.220148,0,0.814966,0.129008,0,-0.00025215,0.250872,0.959939,0.205274,0.0513528,0.0537139,0.00460678,0.00362414,0.433827,0.0497155,5.83597,1.13052,11.8801,0.638834,0.678186,-6.865,-0.333333,-0.0654164,0.78801,13.2083,8.54167,0,0,1.04167,8.54167,0,-6.93276,0.0001,-0.00228539,0.0460237,1.82909,0.143681,49830,0.172345,204.29,2.32691
5528,0.164886,0.626251,0.00496343,0.00496343,0.189746,0.15318,0.78113,0.664464,0.0527517,0.0220788,0.050392,0.223441,0.0484176,0,0.890342,0.0642063,2.15883,0.184506,0,0.0783343,0.554786,4.45811,0.631156,0.377183,0.653266,2.60031,0.17501,0.220439,0,0.785448,0.0925539,0,-0.000260032,0.25632,0.960106,0.203089,0.0513652,0.0537433,0.00475922,0.00385739,0.4401,0.0497144,6.11767,0.995786,11.7702,0.641334,0.67373,-6.6948,-0.333333,-0.064314,0.753537,12.4167,7.08333,0,0,0.333333,8.04167,0,-6.93458,0.0001,-0.00225724,0.0496004,1.78482,0.137678,51133,0.172342,201.61,1.83514
5529,0.168237,0.649202,0.00491141,0.00491141,0.189118,0.157261,0.779418,0.690984,0.05228,0.0222407,0.0499408,0.223119,0.0506692,0,0.897405,0.0687154,2.16706,0.187432,0,0.0786145,0.560348,4.47639,0.633118,0.383733,0.647811,2.5842,0.179563,0.219927,0,0.807749,0.132774,0,-0.000311322,0.261594,0.960212,0.20829,0.0509935,0.0532402,0.00505102,0.00400139,0.43875,0.0493744,5.82215,1.00486,11.7813,0.640557,0.675948,-6.88585,-0.333333,-0.0647859,0.78151,11.2083,7.58333,0,0,1.04167,8.04167,0,-6.93305,0.0001,-0.00275465,0.0489211,1.80951,0.142822,50352,0.172358,203.29,2.31189
5530,0.170773,0.663025,0.00492785,0.00492785,0.195183,0.161184,0.780347,0.702029,0.0525226,0.0221627,0.0501838,0.22327,0.0472019,0,0.895603,0.0697221,2.17691,0.179259,0,0.0772224,0.55296,4.46233,0.632617,0.381585,0.647178,2.59025,0.181059,0.220167,0,0.821924,0.120507,0,-0.000229477,0.251455,0.960261,0.207271,0.0512077,0.0535593,0.00454745,0.00354445,0.436633,0.0495424,5.79673,1.01522,11.7796,0.640743,0.674576,-6.80727,-0.333333,-0.066641,0.799433,13.25,8.5,0,0,0.875,8.75,0,-6.93093,0.0001,-0.00195187,0.0431125,1.81448,0.142441,50233,0.172357,202.96,2.36777
5531,0.169724,0.658365,0.00493729,0.00493729,0.193759,0.160236,0.779872,0.702475,0.0524811,0.0223772,0.0501617,0.223467,0.0475038,0,0.895901,0.0690593,2.16228,0.180007,0,0.0776018,0.557176,4.46924,0.632316,0.380473,0.647989,2.58854,0.181277,0.220578,0,0.853072,0.103106,0,-0.000268712,0.253426,0.959838,0.207094,0.0511019,0.053492,0.00443103,0.00351893,0.437442,0.0494373,5.94663,0.862887,11.7144,0.643425,0.670345,-6.69478,-0.333333,-0.0661007,0.791192,14.2917,8.875,0,0,0.916667,7.875,0,-6.93232,0.0001,-0.00177479,0.0433102,1.80846,0.141592,50410,0.172317,203.97,2.45926
5532,0.166476,0.636291,0.00495978,0.00495978,0.19314,0.155631,0.781579,0.677838,0.0525323,0.0229432,0.0502558,0.225786,0.046719,0,0.900406,0.0665021,2.16728,0.179912,0,0.0769382,0.555748,4.45487,0.630905,0.377547,0.653432,2.61071,0.177566,0.22308,0,0.785657,0.118051,0,-0.000284322,0.248661,0.959295,0.202438,0.0513585,0.0536513,0.00463159,0.0036401,0.435959,0.0496266,5.94386,0.629922,11.702,0.645922,0.676579,-6.44599,-0.333333,-0.0654479,0.767505,12.125,6.75,0,0,0.5,7.08333,0,-6.93672,0.0001,-0.00226596,0.0436755,1.80053,0.138998,50684,0.172275,203.13,2.11873
5533,0.168715,0.653775,0.00492943,0.00492943,0.192127,0.159335,0.779849,0.704252,0.0523371,0.0230812,0.0500433,0.221609,0.0467375,0,0.889337,0.0694524,2.1815,0.181721,0,0.0774944,0.558262,4.47998,0.633935,0.381359,0.648452,2.58565,0.181717,0.218832,0,0.840293,0.109768,0,-0.000346216,0.248913,0.95963,0.206938,0.0510673,0.0533526,0.0038327,0.0028467,0.43515,0.0493373,5.9047,0.631291,11.6548,0.646077,0.670896,-6.57353,-0.333333,-0.0654333,0.786439,12.1667,6.625,0,0,0.583333,7.25,0,-6.93916,0.0001,-0.0020409,0.0456445,1.7949,0.139237,50825,0.172315,203.23,2.26201
5534,0.169684,0.660379,0.00495023,0.00495023,0.193124,0.161218,0.780993,0.701351,0.052228,0.0230762,0.0499715,0.221974,0.0480141,0,0.889223,0.0693033,2.16536,0.182479,0,0.0767632,0.557259,4.46246,0.632098,0.378842,0.650877,2.60011,0.180222,0.21949,0,0.827497,0.096081,0,-0.000279919,0.253879,0.959269,0.205106,0.0511515,0.0533633,0.00457027,0.00362848,0.435476,0.0494491,5.83054,0.483867,11.5764,0.649176,0.669422,-6.43073,-0.333333,-0.0657205,0.795614,13.6667,7.875,0,0,0.708333,7.875,0,-6.93854,0.0001,-0.00230854,0.0455964,1.80153,0.139694,50640,0.172354,200.97,2.27814
5535,0.167235,0.647007,0.00496174,0.00496174,0.19101,0.158035,0.781547,0.688593,0.0521811,0.0229993,0.0499718,0.223908,0.0484117,0,0.894824,0.0683005,2.16997,0.18179,0,0.0765535,0.554008,4.44924,0.630739,0.377326,0.651415,2.60667,0.178029,0.22147,0,0.80893,0.131266,0,-0.000274562,0.255608,0.958874,0.203115,0.0512126,0.0533899,0.00454953,0.00357842,0.436042,0.0494735,5.83548,0.353424,11.5453,0.650775,0.674077,-6.28901,-0.333333,-0.064883,0.780158,13.625,7.375,0,0,0.458333,6.95833,0,-6.93784,0.0001,-0.00299814,0.0440373,1.80043,0.139441,50675,0.17233,201.36,2.30248
5536,0.169635,0.65065,0.00491455,0.00491455,0.194515,0.158334,0.779548,0.697466,0.052256,0.0227521,0.0499693,0.222296,0.0466563,0,0.894144,0.0683379,2.18084,0.176753,0,0.0758586,0.56109,4.47289,0.634197,0.383224,0.648166,2.58019,0.182634,0.219528,0,0.830793,0.109349,0,-0.000328176,0.248729,0.959826,0.209384,0.050953,0.0532558,0.00477849,0.0037934,0.43699,0.0492688,5.86786,0.742646,11.7012,0.643463,0.669588,-6.66466,-0.333333,-0.0664101,0.786732,14,7.58333,0,0,0.583333,7.33333,0,-6.93827,0.0001,-0.00276702,0.0496771,1.80178,0.135442,50744,0.172378,202.58,2.23426
5537,0.167021,0.640876,0.00495695,0.00495695,0.19135,0.156588,0.78196,0.679778,0.0526323,0.0221262,0.0502816,0.224194,0.0486191,0,0.895209,0.0666004,2.16663,0.181129,0,0.078022,0.554955,4.46369,0.631535,0.377909,0.652413,2.60082,0.177199,0.221397,0,0.795763,0.113349,0,-0.000271878,0.255402,0.959744,0.202737,0.0512933,0.0536443,0.00445188,0.00352297,0.433852,0.0496058,5.8985,0.927478,11.7396,0.643852,0.676853,-6.65278,-0.333333,-0.0650042,0.77395,12.1667,6.70833,0,0,0.875,6.66667,0,-6.93597,0.0001,-0.00221342,0.0501325,1.80584,0.136483,50611,0.172387,202.94,2.17626
5538,0.16901,0.644739,0.00497444,0.00497444,0.192665,0.158384,0.781824,0.683179,0.0525923,0.0224241,0.0503253,0.225582,0.047053,0,0.897389,0.0663352,2.17466,0.177705,0,0.0764099,0.55214,4.45612,0.631019,0.375708,0.654438,2.60067,0.17889,0.222899,0,0.82075,0.100545,0,-0.00026913,0.250465,0.959571,0.200814,0.0514735,0.0537257,0.00425836,0.00324369,0.433015,0.0497453,5.89171,0.596719,11.6129,0.647062,0.67495,-6.40457,-0.333333,-0.0650871,0.777183,12.4167,7.125,0,0,0.458333,7,0,-6.93502,0.0001,-0.00242268,0.0429189,1.79134,0.133086,51082,0.172383,200.95,2.2841
5539,0.170874,0.661417,0.00491457,0.00491457,0.195899,0.16063,0.780487,0.705649,0.0521699,0.0226053,0.0499152,0.223303,0.0464875,0,0.898963,0.0700036,2.16806,0.175205,0,0.0760411,0.563034,4.48571,0.635583,0.383221,0.646363,2.57525,0.183116,0.220722,0,0.821742,0.12398,0,-0.000356363,0.247558,0.960309,0.210128,0.0509443,0.0531468,0.00461366,0.00365257,0.437386,0.049277,5.80415,0.659809,11.6017,0.645667,0.664537,-6.66883,-0.333333,-0.0669472,0.79864,13.3333,8.375,0,0,0.791667,8.95833,0,-6.93413,0.0001,-0.00231423,0.0454273,1.80013,0.135628,50783,0.172393,204.1,2.41453
5540,0.174155,0.67959,0.00490325,0.00490325,0.198066,0.164457,0.778602,0.723827,0.0519422,0.0228033,0.0497086,0.223234,0.0471833,0,0.901445,0.0729448,2.1664,0.178815,0,0.0759453,0.561345,4.4932,0.635909,0.384703,0.644417,2.56464,0.185472,0.220625,0,0.85408,0.13052,0,-0.00039405,0.250349,0.960259,0.213252,0.0506897,0.0529008,0.00470851,0.00371425,0.436965,0.0490189,5.71486,0.626261,11.5455,0.647141,0.664267,-6.66857,-0.333333,-0.067919,0.818685,11.5417,6.45833,0,0,0.666667,7.95833,0,-6.93299,0.0001,-0.00287959,0.0503317,1.80629,0.137263,50579,0.17243,205.15,2.53387
5541,0.166385,0.636357,0.00497408,0.00497408,0.190883,0.155156,0.78139,0.680067,0.0524494,0.0226291,0.0501695,0.224466,0.0492119,0,0.897743,0.0667158,2.16088,0.180141,0,0.0767703,0.554547,4.45989,0.630413,0.378644,0.651366,2.61376,0.177923,0.221805,0,0.790713,0.102696,0,-0.000322802,0.254552,0.959727,0.205225,0.0511996,0.0534839,0.00503929,0.00406346,0.434559,0.0495237,5.7605,0.727237,11.6318,0.646641,0.672968,-6.54866,-0.333333,-0.0649794,0.768866,12.375,7.375,0,0,0.375,7.375,0,-6.92915,0.0001,-0.00245752,0.0463406,1.81872,0.131375,50409,0.172472,202.99,2.37703
5542,0.169839,0.658924,0.00494557,0.00494557,0.192402,0.160552,0.780757,0.700737,0.052531,0.0228283,0.0502773,0.223478,0.0476377,0,0.89528,0.0697173,2.17343,0.178217,0,0.0766954,0.55629,4.45691,0.631117,0.379476,0.651454,2.60327,0.18093,0.220747,0,0.831828,0.118145,0,-0.000266207,0.25333,0.959169,0.2057,0.0513562,0.05366,0.00492933,0.00395127,0.436768,0.0496209,5.91988,0.600859,11.6347,0.647631,0.672705,-6.47487,-0.333333,-0.0655887,0.794265,13.9583,8.04167,0,0,0.666667,6.95833,0,-6.92579,0.0001,-0.002939,0.0488521,1.82235,0.139274,50113,0.172521,203.83,2.29951
5543,0.173209,0.672958,0.00490979,0.00490979,0.196154,0.163383,0.77948,0.713539,0.0522492,0.022663,0.0499763,0.223749,0.047109,0,0.901556,0.0714957,2.18724,0.177719,0,0.0764706,0.556851,4.48187,0.634754,0.383821,0.644548,2.57534,0.184462,0.221085,0,0.84863,0.11434,0,-0.000288119,0.251726,0.960062,0.20994,0.0510155,0.0533185,0.00519503,0.00419498,0.434663,0.0493429,5.74088,0.716353,11.7188,0.643758,0.671798,-6.64929,-0.333333,-0.0671295,0.811842,12.3333,7.75,0,0,0.583333,7.25,0,-6.92435,0.0001,-0.00260167,0.0480467,1.84774,0.149298,49224,0.172532,203.6,2.2756
5544,0.166908,0.644469,0.00496172,0.00496172,0.191209,0.157603,0.78126,0.682953,0.0526079,0.0225998,0.0503129,0.224044,0.0482386,0,0.893524,0.0671298,2.15762,0.181606,0,0.0769436,0.558035,4.45228,0.630882,0.377332,0.652374,2.6089,0.176944,0.221328,0,0.804628,0.113367,0,-0.00031046,0.253524,0.959371,0.20161,0.0514229,0.0537137,0.00476399,0.00378563,0.437635,0.0497078,5.93699,0.550552,11.6306,0.648299,0.675106,-6.42019,-0.333333,-0.064865,0.775707,14.3333,9.20833,0,0,0.458333,7.45833,0,-6.92541,0.0001,-0.00263378,0.0474112,1.83896,0.137802,49729,0.172519,202.68,2.37612
5545,0.170068,0.6553,0.0049287,0.0049287,0.194654,0.15931,0.779965,0.695636,0.05238,0.0227481,0.0500968,0.223654,0.0480672,0,0.898131,0.069179,2.15714,0.180928,0,0.0771161,0.557089,4.46341,0.633168,0.381487,0.648753,2.58669,0.180555,0.220886,0,0.8144,0.115454,0,-0.000279265,0.252924,0.95986,0.20785,0.0511892,0.0534311,0.00511918,0.00411449,0.441456,0.0495132,5.92035,0.679894,11.6265,0.646776,0.668519,-6.60759,-0.333333,-0.0664663,0.78844,13.1667,7.83333,0,0,0.5,7.79167,0,-6.9237,0.0001,-0.00232103,0.0512131,1.80495,0.139781,50548,0.17254,202.13,2.26315
5546,0.171255,0.653871,0.00495434,0.00495434,0.195309,0.159764,0.78097,0.690539,0.0526247,0.0231146,0.0503626,0.226118,0.0448615,0,0.903735,0.0673781,2.1679,0.174298,0,0.0759093,0.552635,4.45646,0.631426,0.378279,0.649895,2.59381,0.181401,0.223528,0,0.820882,0.096876,0,-0.000290313,0.246947,0.95946,0.204328,0.0514453,0.0537301,0.00462736,0.00362952,0.434052,0.0497071,5.96002,0.478807,11.5739,0.649143,0.671726,-6.41789,-0.333333,-0.0663343,0.787036,13.375,7.625,0,0,0.458333,6.91667,0,-6.92272,0.0001,-0.00253532,0.0450556,1.82364,0.143508,49972,0.172553,202.8,2.18755
5547,0.165904,0.631511,0.00497144,0.00497144,0.190576,0.154879,0.781086,0.667338,0.0526739,0.0226723,0.0503915,0.226028,0.0478579,0,0.899624,0.0649614,2.15693,0.185616,0,0.077895,0.550381,4.44958,0.630257,0.376092,0.653203,2.6153,0.175306,0.223272,0,0.80749,0.083865,0,-0.000260432,0.252896,0.95984,0.201047,0.0515499,0.0537732,0.00436149,0.00334741,0.43243,0.049835,5.93309,0.605274,11.6094,0.64789,0.672711,-6.46521,-0.333333,-0.0644757,0.757765,12.9583,7.5,0,0,0.5,7.29167,0,-6.92118,0.0001,-0.00244394,0.0472453,1.84206,0.130745,49829,0.17256,202.55,2.12359
5548,0.171041,0.656964,0.00491633,0.00491633,0.194229,0.159509,0.779523,0.704299,0.0522092,0.0230406,0.0499623,0.224195,0.047598,0,0.902007,0.0700393,2.19703,0.178329,0,0.0763706,0.559618,4.47032,0.634239,0.383023,0.645657,2.57673,0.183728,0.221336,0,0.833621,0.121945,0,-0.000333592,0.249763,0.960002,0.209301,0.0510701,0.053297,0.00479235,0.00375751,0.43505,0.0493624,5.80444,0.511107,11.5645,0.647818,0.663214,-6.53662,-0.333333,-0.0664428,0.791265,13.25,8,0,0,0.291667,7.20833,0,-6.92101,0.0001,-0.00210273,0.0474449,1.82798,0.138332,49994,0.17253,203.48,2.27786
5549,0.170168,0.660919,0.00494489,0.00494489,0.194229,0.161106,0.780537,0.699914,0.0526035,0.022899,0.0503292,0.225133,0.0460165,0,0.902342,0.0695851,2.15857,0.178027,0,0.076371,0.557688,4.45989,0.631397,0.379457,0.650458,2.60608,0.180493,0.222491,0,0.825692,0.107485,0,-0.000328027,0.248764,0.959719,0.20535,0.0513758,0.0536359,0.0044758,0.00353347,0.43484,0.0496591,5.84011,0.633219,11.6284,0.647516,0.670711,-6.54344,-0.333333,-0.0661604,0.794807,13,7.5,0,0,0.458333,6.79167,0,-6.92119,0.0001,-0.00160445,0.0463241,1.8424,0.134176,49734,0.172534,203.4,2.21009
5550,0.169155,0.650173,0.00492797,0.00492797,0.193569,0.15853,0.779676,0.687437,0.0527035,0.0222252,0.0503689,0.225233,0.0476731,0,0.902681,0.0674513,2.17123,0.179666,0,0.0772172,0.556374,4.46834,0.632837,0.38154,0.647412,2.58867,0.17953,0.22217,0,0.807469,0.109207,0,-0.000266364,0.250331,0.960157,0.206181,0.0513858,0.0537202,0.00494682,0.00393696,0.436856,0.0497164,5.89388,0.982741,11.7717,0.641565,0.667563,-6.76706,-0.333333,-0.0659085,0.783075,13.1667,8.54167,0,0,0.708333,7.58333,0,-6.91841,0.0001,-0.00312143,0.0455744,1.82986,0.137132,49976,0.172587,202.85,2.15402
5551,0.167786,0.6478,0.00494027,0.00494027,0.189085,0.158005,0.780141,0.682649,0.0527019,0.0221728,0.0503806,0.224031,0.0486877,0,0.896046,0.0667051,2.18144,0.182518,0,0.0777126,0.5507,4.44468,0.631088,0.379999,0.648842,2.59526,0.176948,0.221034,0,0.815633,0.1042,0,-0.000203227,0.258355,0.959926,0.205757,0.0514301,0.0538216,0.0051114,0.0041181,0.434618,0.0497647,5.78858,0.860047,11.7576,0.642477,0.67259,-6.65818,-0.333333,-0.0643399,0.779364,13,7.66667,0,0,0.708333,7.70833,0,-6.91548,0.0001,-0.00222422,0.0497528,1.78097,0.137125,51250,0.172611,201.71,2.24637
5552,0.169001,0.649148,0.00494837,0.00494837,0.193511,0.158518,0.780168,0.683929,0.0527763,0.0218855,0.0504598,0.225406,0.0471883,0,0.900379,0.0672803,2.1703,0.178143,0,0.0768742,0.558086,4.46313,0.631591,0.379049,0.650285,2.59829,0.178539,0.222295,0,0.813176,0.0989085,0,-0.000274911,0.252671,0.96041,0.204389,0.0514536,0.0538019,0.00497837,0.00395964,0.436084,0.0498041,5.8667,0.91593,11.6937,0.642811,0.663089,-6.72063,-0.333333,-0.0657481,0.780492,12.2917,7.70833,0,0,0.416667,8.45833,0,-6.91456,0.0001,-0.00266313,0.0484454,1.80495,0.139636,50552,0.172585,202.64,2.38737
5553,0.166832,0.638296,0.0049401,0.0049401,0.190198,0.155617,0.781055,0.676058,0.052897,0.0218684,0.0505109,0.225882,0.0484918,0,0.902975,0.066455,2.15889,0.183954,0,0.0790321,0.553165,4.45046,0.630654,0.380035,0.650612,2.59807,0.177007,0.22276,0,0.776177,0.096333,0,-0.000220302,0.255939,0.96037,0.205087,0.0514895,0.0538997,0.00497623,0.00394868,0.436917,0.049851,5.90579,1.09633,11.8394,0.63953,0.673121,-6.82252,-0.333333,-0.0646822,0.769303,11.875,7.70833,0,0,0.583333,8.58333,0,-6.91441,0.0001,-0.00254963,0.0459321,1.81433,0.138034,50351,0.17258,203.79,2.36359
5554,0.170464,0.65815,0.00493345,0.00493345,0.194414,0.160019,0.780448,0.704207,0.0527873,0.0216192,0.0504278,0.22485,0.046954,0,0.900175,0.0699678,2.16121,0.17668,0,0.0766063,0.556798,4.45984,0.632127,0.380891,0.649906,2.59361,0.182466,0.221552,0,0.83811,0.132822,0,-0.000230097,0.251193,0.961022,0.207204,0.0513225,0.0537084,0.00503753,0.0040489,0.436138,0.049735,5.84454,1.18234,11.7499,0.640548,0.664387,-6.91479,-0.333333,-0.0663865,0.792641,12.75,7.70833,0,0,0.625,8.33333,0,-6.91173,0.0001,-0.00206621,0.048859,1.80217,0.137807,50672,0.172613,203.03,2.12917
5555,0.169407,0.654374,0.00494005,0.00494005,0.193272,0.158742,0.779879,0.696562,0.0527602,0.0220912,0.0504617,0.224582,0.0461927,0,0.900116,0.0695754,2.18179,0.179537,0,0.0777053,0.553815,4.46627,0.631948,0.380068,0.648903,2.60461,0.180318,0.221577,0,0.812413,0.149631,0,-0.000242331,0.249903,0.960415,0.205801,0.0514742,0.0537352,0.00458474,0.00356894,0.434813,0.0498453,5.79414,0.888817,11.6601,0.645047,0.66592,-6.76245,-0.333333,-0.066013,0.786148,12.2917,8.70833,0,0,0.75,7.41667,0,-6.91244,0.0001,-0.0021725,0.0472159,1.81693,0.1372,50305,0.172605,202.51,2.31594
5556,0.171709,0.654033,0.0049337,0.0049337,0.194619,0.159175,0.779975,0.697847,0.0524017,0.0228441,0.0501709,0.225104,0.0455492,0,0.902495,0.0694161,2.16279,0.176388,0,0.0754325,0.560101,4.47005,0.633214,0.380825,0.649631,2.59464,0.183112,0.222264,0,0.804073,0.116919,0,-0.000335786,0.250638,0.960085,0.207265,0.051274,0.0534691,0.0050522,0.0040424,0.436646,0.0496204,5.81415,0.50423,11.525,0.649153,0.66366,-6.51367,-0.333333,-0.0663513,0.787396,13.4583,7.83333,0,0,0.5,6.91667,0,-6.91222,0.0001,-0.00293455,0.0476268,1.78889,0.135113,51093,0.17266,203.85,2.42979
5557,0.171048,0.660102,0.00493719,0.00493719,0.196241,0.161,0.780269,0.695412,0.0525064,0.0225519,0.0502563,0.226182,0.0472405,0,0.906649,0.0692463,2.18528,0.180242,0,0.0759738,0.557952,4.46708,0.632278,0.380408,0.648843,2.5927,0.180273,0.223351,0,0.825972,0.129025,0,-0.000241719,0.251149,0.960463,0.206739,0.0514263,0.0536108,0.00491187,0.00388495,0.436314,0.0497991,5.84231,0.683636,11.5551,0.646807,0.665287,-6.62049,-0.333333,-0.0668481,0.793609,12.625,7.29167,0,0,0.958333,6.75,0,-6.90705,0.0001,-0.00223402,0.0513024,1.78799,0.133078,51171,0.172714,204.02,2.48192
5558,0.169743,0.648938,0.00493922,0.00493922,0.192279,0.158144,0.77999,0.690093,0.0524237,0.0223722,0.0501586,0.225419,0.0475714,0,0.902351,0.0680246,2.18011,0.181411,0,0.0770077,0.554172,4.46729,0.632055,0.380168,0.648978,2.59735,0.180161,0.222403,0,0.798594,0.0967262,0,-0.000270272,0.254488,0.960182,0.207419,0.0511911,0.0534735,0.0051824,0.00414889,0.439324,0.0495591,5.97493,0.752751,11.575,0.646992,0.663451,-6.65354,-0.333333,-0.0655005,0.779951,13.2917,7.875,0,0,0.625,8.83333,0,-6.90465,0.0001,-0.00161523,0.0461901,1.79385,0.138766,50865,0.172742,200.9,2.07406
5559,0.169119,0.643849,0.00495526,0.00495526,0.192443,0.157281,0.781178,0.682633,0.0527829,0.0221509,0.0504892,0.225244,0.0466235,0,0.898692,0.0664614,2.15997,0.182004,0,0.0771768,0.555451,4.45255,0.630287,0.378166,0.650492,2.61074,0.179127,0.222127,0,0.806712,0.109372,0,-0.000229734,0.251625,0.960543,0.203744,0.0515433,0.0538067,0.00458374,0.00360771,0.435739,0.049908,5.86868,0.80751,11.6309,0.645732,0.667524,-6.6642,-0.333333,-0.0653923,0.774658,13,7.25,0,0,0.583333,8.16667,0,-6.9029,0.0001,-0.00228731,0.0477773,1.8103,0.140788,50384,0.172729,202.4,2.3901
5560,0.169291,0.650516,0.00495528,0.00495528,0.192964,0.159138,0.781073,0.685722,0.0528477,0.0223326,0.0505146,0.227547,0.0467606,0,0.906456,0.0677548,2.16891,0.180868,0,0.0780058,0.553799,4.44983,0.630711,0.378113,0.650453,2.60479,0.17819,0.224284,0,0.802763,0.128473,0,-0.000239709,0.252711,0.960183,0.202099,0.0516521,0.0539244,0.00518501,0.00410205,0.438444,0.0499985,5.98124,0.838601,11.6959,0.64479,0.673449,-6.6541,-0.333333,-0.065464,0.782783,12.2083,7.5,0,0,0.208333,7.29167,0,-6.90043,0.0001,-0.00171395,0.0512823,1.84619,0.138056,49542,0.172768,201.49,2.33646
5561,0.173408,0.673616,0.00491443,0.00491443,0.195387,0.163464,0.778879,0.717816,0.0522518,0.0224624,0.0499948,0.224986,0.0468782,0,0.905107,0.0719081,2.16052,0.181714,0,0.0765931,0.561507,4.47601,0.633541,0.383238,0.646808,2.5855,0.185167,0.222049,0,0.834249,0.135293,0,-0.000391121,0.248419,0.960232,0.20894,0.0510419,0.0531777,0.00473437,0.00365883,0.440019,0.0493895,5.97004,0.661945,11.5626,0.646721,0.664936,-6.69124,-0.333333,-0.0668392,0.810455,12.5833,7.20833,0,0,1.16667,7.41667,0,-6.89672,0.0001,-0.00215196,0.0463625,1.85209,0.136538,49433,0.172823,202.99,2.44977
5562,0.173878,0.665987,0.0049285,0.0049285,0.196531,0.162061,0.779386,0.704421,0.0525351,0.0225108,0.0502299,0.226057,0.0463964,0,0.906205,0.0702152,2.17092,0.177963,0,0.0767116,0.559397,4.46887,0.633177,0.38151,0.647445,2.58415,0.184223,0.222882,0,0.846888,0.11214,0,-0.000347357,0.24984,0.960193,0.2076,0.0512288,0.0534804,0.0051297,0.00405197,0.44474,0.0495722,6.11281,0.806146,11.6073,0.64601,0.668462,-6.71994,-0.333333,-0.0671128,0.799416,13.4167,7.58333,0,0,0.625,8.08333,0,-6.89298,0.0001,-0.00210222,0.0538223,1.91207,0.145623,47773,0.172899,204.5,2.49537
5563,0.169761,0.650365,0.00495457,0.00495457,0.191669,0.158909,0.781301,0.691917,0.0524513,0.023024,0.0502264,0.225506,0.0494601,0,0.900957,0.0690839,2.16285,0.182942,0,0.0771506,0.555773,4.46674,0.631844,0.378201,0.650608,2.60425,0.181001,0.222794,0,0.809392,0.101558,0,-0.000333257,0.257544,0.95997,0.20495,0.0513125,0.0535447,0.00564316,0.00463775,0.439513,0.0496833,5.78931,0.462133,11.4847,0.651227,0.670511,-6.41325,-0.333333,-0.0650957,0.784181,14.625,7.5,0,0,0.541667,7.66667,0,-6.89044,0.0001,-0.00203153,0.0473837,1.82712,0.140714,49955,0.172929,201.27,1.83068
5564,0.165723,0.625669,0.00496286,0.00496286,0.191334,0.15295,0.781547,0.665124,0.0527094,0.0222315,0.0504264,0.226474,0.0466119,0,0.901731,0.0653212,2.18552,0.179714,0,0.0769308,0.551453,4.46072,0.631876,0.377214,0.649883,2.60333,0.176216,0.223398,0,0.749642,0.108237,0,-0.000282326,0.253097,0.960463,0.202847,0.0514898,0.0537637,0.00510877,0.00406795,0.437636,0.0498642,5.92595,0.732724,11.5843,0.647049,0.671485,-6.56613,-0.333333,-0.0649327,0.755156,12.125,7.625,0,0,0.458333,7.79167,0,-6.8894,0.0001,-0.00231774,0.0494799,1.82248,0.140942,50067,0.172949,202.21,2.35497
5565,0.16755,0.649768,0.00495171,0.00495171,0.193256,0.15814,0.780538,0.691774,0.052734,0.0221906,0.0504358,0.225192,0.0473492,0,0.8991,0.0695072,2.15784,0.180648,0,0.0770902,0.557624,4.45214,0.630852,0.378591,0.649746,2.59485,0.178212,0.222037,0,0.811584,0.125546,0,-0.000320805,0.254884,0.96049,0.204911,0.0514155,0.0537081,0.00568908,0.00463595,0.438428,0.0498211,6.028,0.86536,11.6002,0.646047,0.666754,-6.68222,-0.333333,-0.0658687,0.781743,12.25,6.41667,0,0,0.625,7.58333,0,-6.88946,0.0001,-0.0024197,0.0477991,1.92973,0.138471,47531,0.172932,202.93,2.24353
5566,0.170172,0.658059,0.00493571,0.00493571,0.19238,0.160018,0.779568,0.700579,0.0526688,0.0222672,0.0503254,0.225038,0.0490562,0,0.90081,0.0697363,2.16705,0.183039,0,0.0783666,0.55748,4.47232,0.633098,0.380626,0.647317,2.5937,0.181303,0.221849,0,0.807709,0.127533,0,-0.000267853,0.256205,0.960506,0.207085,0.0513184,0.0536619,0.00547728,0.00442153,0.441445,0.0497291,5.99331,0.934602,11.6497,0.643914,0.671146,-6.78005,-0.333333,-0.065652,0.791129,12.8333,8.16667,0,0,0.916667,8.29167,0,-6.8918,0.0001,-0.00280877,0.0455729,1.86062,0.138534,49172,0.172908,202.3,2.23471
5567,0.173544,0.670191,0.00493197,0.00493197,0.194332,0.163297,0.779988,0.710316,0.0527359,0.0224359,0.0504146,0.226874,0.0471784,0,0.907975,0.0704322,2.15663,0.175977,0,0.0766618,0.556812,4.46725,0.631777,0.381044,0.646792,2.59547,0.183979,0.223648,0,0.839352,0.120522,0,-0.000323939,0.252445,0.960618,0.205868,0.0514418,0.0537034,0.00564012,0.00458083,0.440943,0.0498318,5.94546,0.898345,11.6426,0.645022,0.665809,-6.74933,-0.333333,-0.0662471,0.806808,13.125,7.45833,0,0,0.416667,7.70833,0,-6.89136,0.0001,-0.00203751,0.0496032,1.80764,0.139464,50487,0.17292,204.71,2.60003
5568,0.171862,0.65689,0.00493009,0.00493009,0.193779,0.15978,0.778917,0.697307,0.0522727,0.023095,0.0500576,0.223922,0.0493321,0,0.899201,0.0693038,2.18114,0.182337,0,0.0771991,0.560232,4.47431,0.632935,0.381309,0.648079,2.59425,0.182253,0.221224,0,0.806396,0.126959,0,-0.000330458,0.253276,0.960456,0.208018,0.0511824,0.0533822,0.00515203,0.00416994,0.439355,0.0495459,5.74195,0.449929,11.4909,0.649844,0.667983,-6.50813,-0.333333,-0.0661356,0.78904,13.3333,7.70833,0,0,0.541667,7.41667,0,-6.8884,0.0001,-0.00241167,0.0506078,1.84468,0.139832,49535,0.172924,203.74,2.28437
5569,0.171125,0.655934,0.00495206,0.00495206,0.19294,0.160243,0.781478,0.693886,0.0524123,0.0228616,0.0501854,0.227335,0.0470237,0,0.908066,0.0688324,2.16736,0.179558,0,0.0767809,0.559158,4.47266,0.632094,0.378529,0.6511,2.60153,0.181046,0.224514,0,0.814265,0.120059,0,-0.000308052,0.252005,0.959868,0.204776,0.0513583,0.0535228,0.0049794,0.00394278,0.442861,0.0496825,6.05039,0.488493,11.4919,0.6502,0.669173,-6.45152,-0.333333,-0.0655099,0.790459,12.5833,7.16667,0,0,0.625,7.58333,0,-6.88659,0.0001,-0.00203319,0.0495956,1.84684,0.144678,49361,0.17293,201.74,2.29913
5570,0.172008,0.65993,0.00494733,0.00494733,0.193787,0.161059,0.779748,0.702002,0.0527039,0.0224105,0.0503975,0.225977,0.046483,0,0.903245,0.0698834,2.1633,0.177965,0,0.0768036,0.557834,4.4578,0.631495,0.379155,0.651387,2.59814,0.182991,0.222977,0,0.827071,0.133013,0,-0.00028006,0.252439,0.960304,0.204245,0.0514623,0.0537313,0.0052671,0.00422758,0.439772,0.0498194,5.98505,0.732486,11.5977,0.647147,0.670102,-6.62263,-0.333333,-0.065997,0.792164,13.4583,7.25,0,0,0.708333,6.70833,0,-6.88473,0.0001,-0.0024048,0.049078,1.85157,0.146684,49194,0.172966,203.36,2.34888
5571,0.173824,0.668608,0.00492886,0.00492886,0.195635,0.162301,0.779185,0.701567,0.0526956,0.0224846,0.050357,0.227655,0.0468389,0,0.91258,0.0699324,2.17095,0.178311,0,0.0768582,0.558374,4.46076,0.631386,0.381428,0.646134,2.59257,0.182391,0.224549,0,0.800608,0.149684,0,-0.00028148,0.251713,0.960222,0.20638,0.051357,0.0536783,0.00516983,0.00413882,0.438826,0.0497098,5.87485,0.89637,11.6982,0.644072,0.670906,-6.74222,-0.333333,-0.0668228,0.802818,13.5,7.95833,0,0,0.458333,8.25,0,-6.88462,0.0001,-0.002524,0.0482182,1.8197,0.141894,50114,0.172951,204.51,2.44422
5572,0.171497,0.653658,0.00495879,0.00495879,0.196032,0.159568,0.780537,0.690543,0.0525395,0.023142,0.0503217,0.225997,0.0461585,0,0.902848,0.0687832,2.16358,0.176184,0,0.0759258,0.553711,4.45736,0.630587,0.377761,0.651537,2.61161,0.180987,0.223439,0,0.797944,0.105197,0,-0.000250698,0.250273,0.959618,0.202423,0.0515668,0.0537095,0.00484985,0.00388592,0.436244,0.04986,5.68644,0.39073,11.504,0.650798,0.667222,-6.37603,-0.333333,-0.0666241,0.786475,14,7.45833,0,0,0.5,7.20833,0,-6.88328,0.0001,-0.00260247,0.0487783,1.83668,0.140769,49712,0.172972,202.69,2.28807
5573,0.170119,0.649775,0.0049334,0.0049334,0.192444,0.158125,0.778859,0.684533,0.0523718,0.0230313,0.0501328,0.225998,0.04881,0,0.906546,0.0679646,2.16697,0.183598,0,0.077208,0.554874,4.46451,0.631889,0.380857,0.647623,2.60072,0.180021,0.223261,0,0.793892,0.118362,0,-0.00032001,0.255207,0.959945,0.205657,0.0512806,0.0534668,0.00540789,0.00441917,0.437671,0.0496314,5.77262,0.526684,11.5329,0.649276,0.671191,-6.50806,-0.333333,-0.0655904,0.778795,13.5,7.08333,0,0,0.916667,7.20833,0,-6.88156,0.0001,-0.00280693,0.0468539,1.81743,0.138536,50258,0.17298,202.83,2.2513
5574,0.175989,0.672834,0.00496205,0.00496205,0.197739,0.164195,0.780856,0.706185,0.0525924,0.0228691,0.0504118,0.228614,0.044126,0,0.912947,0.0704189,2.14938,0.173229,0,0.0743473,0.554686,4.43421,0.628069,0.377309,0.65281,2.6156,0.184348,0.22587,0,0.823438,0.131753,0,-0.000304558,0.249234,0.959565,0.201768,0.0516193,0.0537196,0.00522925,0.00423096,0.433278,0.0499211,5.77065,0.375737,11.4859,0.651497,0.66889,-6.34724,-0.333333,-0.0671799,0.808041,12.8333,5.91667,0,0,0.625,7.16667,0,-6.88073,0.0001,-0.00268226,0.0510601,1.81679,0.144603,50119,0.17299,199.82,2.30193
5575,0.171765,0.655025,0.00493506,0.00493506,0.195903,0.159032,0.778846,0.696432,0.0525572,0.022217,0.0502789,0.227664,0.0454902,0,0.913455,0.0698581,2.16845,0.176243,0,0.0764678,0.555168,4.46664,0.632858,0.380773,0.64448,2.59068,0.182796,0.224756,0,0.807969,0.144325,0,-0.000309917,0.248114,0.959824,0.205963,0.0513187,0.0535035,0.00442174,0.00342641,0.437653,0.0496412,5.86831,0.781684,11.6079,0.646129,0.667854,-6.68278,-0.333333,-0.0669844,0.785139,13.375,7.33333,0,0,0.958333,6.83333,0,-6.87821,0.0001,-0.00102747,0.0518266,1.82467,0.131104,50263,0.172998,201.21,2.13966
5576,0.16856,0.65647,0.00490301,0.00490301,0.192647,0.158888,0.777487,0.703691,0.0522597,0.0228194,0.0500266,0.224799,0.047839,0,0.905803,0.0709984,2.17427,0.182517,0,0.0769118,0.558167,4.4794,0.633816,0.384672,0.645063,2.58858,0.180447,0.22187,0,0.817958,0.148277,0,-0.000360234,0.25503,0.960704,0.210383,0.0510682,0.0532346,0.00539738,0.00438255,0.438988,0.0494623,5.59454,0.703101,11.5703,0.646572,0.662479,-6.7415,-0.333333,-0.066002,0.786726,13.5,7.08333,0,0,0.916667,8.70833,0,-6.8772,0.0001,-0.00270755,0.0482972,1.82099,0.141171,50099,0.173022,205.27,2.48677
5577,0.168631,0.652696,0.0049307,0.0049307,0.191712,0.158394,0.779018,0.693757,0.052265,0.0229965,0.0500572,0.225417,0.0479997,0,0.905182,0.0696543,2.18816,0.181741,0,0.0771551,0.557634,4.47808,0.633508,0.381234,0.647216,2.59365,0.179361,0.222689,0,0.807853,0.125703,0,-0.000318221,0.256077,0.959267,0.207005,0.0512165,0.0533862,0.00501634,0.00403143,0.437522,0.0495138,5.66024,0.425647,11.5115,0.650892,0.668321,-6.47783,-0.333333,-0.0654983,0.782358,13.3333,7.54167,0,0,0.541667,7.29167,0,-6.87438,0.0001,-0.00226752,0.0459658,1.83655,0.146118,49581,0.17304,206.83,2.72333
5578,0.171737,0.659152,0.00492584,0.00492584,0.194813,0.160516,0.778649,0.7025,0.0526034,0.0224242,0.0503128,0.22494,0.0460117,0,0.903459,0.0696469,2.15738,0.180653,0,0.0763087,0.557417,4.45531,0.631711,0.381814,0.648546,2.60106,0.182845,0.222218,0,0.823218,0.101673,0,-0.000283554,0.249509,0.959885,0.204511,0.0514608,0.0536148,0.00438708,0.00338551,0.43318,0.0497734,5.57203,0.697987,11.6445,0.645523,0.668995,-6.67143,-0.333333,-0.0664159,0.789519,13.1667,7.5,0,0,1.08333,6.95833,0,-6.8743,0.0001,-0.00223756,0.0483379,1.83424,0.136874,49872,0.173011,204.44,2.4559
5579,0.173398,0.663088,0.00492109,0.00492109,0.19589,0.160855,0.777596,0.699661,0.0528198,0.0223515,0.0504808,0.227709,0.0455272,0,0.914004,0.0697771,2.15483,0.172227,0,0.075771,0.552739,4.46216,0.632576,0.382403,0.647513,2.59155,0.183117,0.224592,0,0.795496,0.133722,0,-0.000213313,0.252218,0.960175,0.205496,0.051599,0.0538654,0.00583093,0.0047986,0.440273,0.0499877,5.80487,0.948518,11.7246,0.64367,0.670422,-6.79299,-0.333333,-0.0669357,0.792664,13.125,7.45833,0,0,0.583333,7.58333,0,-6.87785,0.0001,-0.00251904,0.048365,1.83204,0.143389,49763,0.172983,203.44,2.24131
5580,0.171548,0.660186,0.0049236,0.0049236,0.194735,0.160427,0.778416,0.709136,0.0523898,0.0232255,0.0501654,0.224902,0.0467858,0,0.90431,0.0714122,2.1696,0.179109,0,0.0758098,0.559532,4.46722,0.632967,0.382117,0.647505,2.59777,0.18353,0.22232,0,0.823004,0.153085,0,-0.000300513,0.249024,0.959879,0.206899,0.0513534,0.0535145,0.00496836,0.00399101,0.436223,0.0496568,5.64688,0.49037,11.5429,0.649658,0.669588,-6.49738,-0.333333,-0.0665126,0.790929,14.375,7.33333,0,0,0.791667,7.5,0,-6.88056,0.0001,-0.0022385,0.0460799,1.8152,0.140688,50260,0.172975,203.24,2.33011
5581,0.169944,0.654926,0.00492445,0.00492445,0.192887,0.159272,0.778432,0.706772,0.0522666,0.0230238,0.0500643,0.22317,0.0475134,0,0.897154,0.0710138,2.1519,0.180651,0,0.0762833,0.562163,4.4698,0.632843,0.381981,0.647281,2.58941,0.183345,0.220495,0,0.826294,0.13344,0,-0.000365066,0.251708,0.960048,0.207221,0.0512198,0.0532919,0.00483032,0.00383051,0.436233,0.0495548,5.67998,0.468683,11.4788,0.649997,0.667561,-6.52636,-0.333333,-0.0658814,0.785655,13.375,6.75,0,0,0.75,7.29167,0,-6.88262,0.0001,-0.00175201,0.0490106,1.81299,0.139597,50345,0.173015,204.89,2.41029
5582,0.174151,0.673052,0.00490553,0.00490553,0.200045,0.16309,0.777847,0.717355,0.0526051,0.022217,0.0502853,0.226025,0.0445718,0,0.911054,0.0722331,2.16143,0.177189,0,0.0759574,0.561023,4.46883,0.633556,0.384356,0.644815,2.58595,0.186275,0.223168,0,0.83891,0.144495,0,-0.000279892,0.243322,0.960811,0.209148,0.0513644,0.0535537,0.00493773,0.00394173,0.439024,0.0497386,5.76919,0.841343,11.6741,0.643263,0.665312,-6.83297,-0.333333,-0.0685211,0.806109,12.5417,7.29167,0,0,0.916667,7.625,0,-6.8809,0.0001,-0.00215027,0.0520967,1.8025,0.137279,50677,0.17307,204.28,2.40125
5583,0.166861,0.640179,0.00491896,0.00491896,0.19244,0.155158,0.778425,0.686764,0.0524748,0.0221414,0.0501434,0.224758,0.0489814,0,0.904045,0.0689066,2.16822,0.184882,0,0.0783871,0.558704,4.47182,0.634002,0.382831,0.645908,2.58157,0.179201,0.221871,0,0.800039,0.136174,0,-0.000262133,0.253974,0.960175,0.20739,0.0512529,0.0534676,0.00501796,0.00404828,0.439451,0.0496429,5.83042,0.891661,11.6871,0.643436,0.671368,-6.79421,-0.333333,-0.0658529,0.766922,12.7083,7.5,0,0,0.958333,7.20833,0,-6.87911,0.0001,-0.00274462,0.0518876,1.80722,0.139125,50506,0.173069,203.45,2.17896
5584,0.170591,0.657238,0.00492818,0.00492818,0.194412,0.159844,0.778938,0.69672,0.0525358,0.0222142,0.0502371,0.225215,0.0470857,0,0.904221,0.0698802,2.17199,0.179957,0,0.07676,0.558115,4.46678,0.632051,0.381513,0.648752,2.59378,0.181052,0.222504,0,0.803305,0.138005,0,-0.000265572,0.253475,0.960454,0.206129,0.051348,0.0535877,0.00513265,0.0041502,0.436088,0.0497265,5.62686,0.770896,11.631,0.645281,0.670577,-6.66762,-0.333333,-0.06634,0.787521,13,6.75,0,0,1,7,0,-6.88001,0.0001,-0.00265633,0.0492446,1.81252,0.138935,50374,0.173113,202.4,2.38705
5585,0.173406,0.661472,0.00490836,0.00490836,0.19617,0.160109,0.778299,0.710305,0.0523301,0.0219397,0.0500436,0.224688,0.0471222,0,0.906524,0.0720682,2.18556,0.178544,0,0.0765635,0.560831,4.47795,0.634069,0.384037,0.644732,2.58271,0.185422,0.221976,0,0.806591,0.142698,0,-0.00034918,0.252809,0.960776,0.210393,0.0510873,0.0532647,0.00497429,0.00398957,0.435529,0.0494925,5.52786,0.834928,11.6272,0.644383,0.664434,-6.82578,-0.333333,-0.067263,0.792835,12.875,8.08333,0,0,1.125,7.66667,0,-6.87736,0.0001,-0.00262434,0.0450627,1.81636,0.142942,50172,0.173166,204.13,2.44217
5586,0.171775,0.670373,0.00490128,0.00490128,0.196965,0.161913,0.776859,0.718533,0.0523631,0.0218768,0.0500688,0.225348,0.047669,0,0.909908,0.0735816,2.18247,0.180454,0,0.0766359,0.560192,4.49166,0.635196,0.38494,0.644807,2.5828,0.184609,0.22252,0,0.822194,0.164821,0,-0.000303754,0.25096,0.960656,0.211023,0.0511212,0.0533316,0.00500393,0.00398055,0.437227,0.049524,5.58593,0.825895,11.6516,0.643623,0.663567,-6.82255,-0.333333,-0.067689,0.800906,11.9583,7.54167,0,0,0.833333,7.04167,0,-6.8732,0.0001,-0.00231465,0.047242,1.80385,0.132161,50776,0.173153,207.16,2.48642
5587,0.169484,0.661018,0.00490387,0.00490387,0.194742,0.16007,0.777382,0.721664,0.0523927,0.0214096,0.0500876,0.224353,0.0468611,0,0.905533,0.073448,2.18422,0.179708,0,0.0767762,0.557738,4.47696,0.633823,0.38457,0.644737,2.58054,0.184929,0.221739,0,0.832814,0.152523,0,-0.000312867,0.250618,0.960809,0.210738,0.0511031,0.0533318,0.00491412,0.00390353,0.437728,0.0494905,5.55516,0.939907,11.7215,0.641532,0.666786,-6.86749,-0.333333,-0.0667424,0.7913,11.9583,8.125,0,0,1.04167,7.79167,0,-6.87127,0.0001,-0.00321675,0.0470987,1.81234,0.140373,50342,0.173186,204.19,2.31579
5588,0.176591,0.684542,0.00489535,0.00489535,0.198821,0.16552,0.777357,0.730097,0.052217,0.0224288,0.0499509,0.224674,0.0464516,0,0.908702,0.074669,2.16623,0.176848,0,0.0758875,0.560056,4.48163,0.634964,0.385633,0.6422,2.56874,0.18893,0.222029,0,0.833296,0.161372,0,-0.000326359,0.249883,0.960429,0.212494,0.0510332,0.0532189,0.00530627,0.00430744,0.437102,0.0494406,5.55399,0.642724,11.5588,0.647026,0.662625,-6.74057,-0.333333,-0.0682411,0.818874,12.7917,7.375,0,0,0.833333,7.08333,0,-6.86946,0.0001,-0.0026147,0.048027,1.81374,0.144027,50212,0.173183,204.25,2.39635
5589,0.176308,0.680997,0.00491281,0.00491281,0.197063,0.164896,0.777943,0.723881,0.0523263,0.0223634,0.0500658,0.22564,0.0469047,0,0.910327,0.073425,2.17721,0.181598,0,0.0764777,0.562353,4.48125,0.634239,0.383493,0.646137,2.58559,0.187516,0.223079,0,0.831194,0.150676,0,-0.000303394,0.24821,0.960058,0.208514,0.0512683,0.0533769,0.00442942,0.00343174,0.435357,0.0495854,5.54537,0.554587,11.5764,0.647982,0.669765,-6.62199,-0.333333,-0.0675823,0.816314,13.8333,8.95833,0,0,0.833333,6.95833,0,-6.86914,0.0001,-0.00275184,0.0457065,1.80652,0.133816,50663,0.17322,206.78,2.73593
5590,0.168365,0.651132,0.00491591,0.00491591,0.193225,0.158317,0.777871,0.704313,0.0522044,0.0228191,0.0499298,0.22454,0.0497781,0,0.903913,0.0709348,2.18371,0.18496,0,0.0764771,0.56212,4.4789,0.633809,0.383053,0.646546,2.59038,0.18156,0.221898,0,0.812476,0.126887,0,-0.00032461,0.254603,0.960195,0.208351,0.0511375,0.0533025,0.00548358,0.00446261,0.43633,0.0494824,5.63589,0.536301,11.5616,0.64928,0.673714,-6.55529,-0.333333,-0.0660625,0.779404,12.25,6.83333,0,0,0.583333,6.54167,0,-6.86479,0.0001,-0.00112273,0.0464903,1.7876,0.138248,51044,0.1733,205.48,2.45794
5591,0.175413,0.674458,0.00490835,0.00490835,0.199394,0.16354,0.778067,0.716796,0.0526131,0.021667,0.0502735,0.226322,0.0471622,0,0.911362,0.072277,2.19423,0.176911,0,0.0763028,0.558746,4.47388,0.633337,0.384002,0.6448,2.58926,0.187606,0.223305,0,0.829103,0.157008,0,-0.000283056,0.246576,0.960895,0.208992,0.0513179,0.0535725,0.00530548,0.00426569,0.437644,0.0497122,5.75742,0.976772,11.7068,0.641511,0.667188,-6.88546,-0.333333,-0.0682888,0.80765,11.5833,7.625,0,0,0.708333,7.625,0,-6.86014,0.0001,-0.00214793,0.0493188,1.80628,0.13662,50596,0.173348,204.77,2.43241
5592,0.17095,0.673242,0.0049044,0.0049044,0.193289,0.162955,0.777372,0.720295,0.0524795,0.021303,0.0501232,0.223491,0.0491148,0,0.900834,0.0726063,2.16451,0.182966,0,0.0773972,0.561419,4.47978,0.634293,0.38453,0.645192,2.57434,0.183795,0.220426,0,0.852705,0.156698,0,-0.000330666,0.253575,0.960998,0.209178,0.05115,0.0533365,0.00477002,0.00376559,0.433867,0.0495533,5.57973,1.02374,11.7168,0.641189,0.666098,-6.94955,-0.333333,-0.0663448,0.805739,12.3333,8.125,0,0,0.75,8.04167,0,-6.85501,0.0001,-0.00204042,0.0453131,1.81703,0.13631,50326,0.173412,204.79,2.53829
5593,0.172846,0.665264,0.00492266,0.00492266,0.195487,0.16156,0.777409,0.707678,0.0525075,0.0219065,0.0501929,0.226864,0.0473225,0,0.911247,0.0710964,2.17563,0.181726,0,0.0769327,0.556985,4.47286,0.633531,0.382206,0.648098,2.58951,0.183671,0.224006,0,0.808405,0.160807,0,-0.000310192,0.249694,0.960721,0.206511,0.0513834,0.0534856,0.00471893,0.00369558,0.434567,0.0497563,5.55019,0.756957,11.6415,0.644632,0.66868,-6.72248,-0.333333,-0.0668044,0.794696,13.0417,7.75,0,0,0.791667,8.58333,0,-6.85183,0.0001,-0.00228658,0.0466467,1.80281,0.138463,50638,0.173422,205.08,2.46317
5594,0.173587,0.676009,0.00489871,0.00489871,0.196006,0.163392,0.776718,0.723047,0.0521113,0.0224588,0.0498508,0.224618,0.0493008,0,0.906991,0.0738563,2.16904,0.182528,0,0.0764165,0.563761,4.4897,0.635573,0.385232,0.643582,2.57568,0.185243,0.221797,0,0.832382,0.164293,0,-0.000311833,0.252171,0.96045,0.210325,0.0510768,0.0531322,0.00533275,0.00428455,0.439109,0.0494568,5.70879,0.633905,11.5654,0.646634,0.66431,-6.70673,-0.333333,-0.0673366,0.80713,13.4167,7.58333,0,0,0.791667,8.75,0,-6.85399,0.0001,-0.00238613,0.0474553,1.80648,0.141926,50453,0.173385,206.07,2.77253
5595,0.169516,0.637678,0.00496096,0.00496096,0.194176,0.156115,0.779034,0.673822,0.052881,0.022428,0.0505691,0.227975,0.046976,0,0.909485,0.0656336,2.16852,0.182065,0,0.0766933,0.555805,4.4383,0.62918,0.37743,0.65168,2.60547,0.178795,0.225231,0,0.79784,0.103809,0,-0.000237981,0.250693,0.960102,0.201643,0.0517827,0.0540108,0.00491083,0.00392345,0.437587,0.0501148,5.84133,0.667098,11.6037,0.647423,0.671738,-6.53,-0.333333,-0.0658041,0.762796,12.7917,6.29167,0,0,0.541667,6.83333,0,-6.85651,0.0001,-0.00213892,0.0456943,1.81538,0.13759,50335,0.173338,204.13,2.30067
5596,0.169299,0.645494,0.00491965,0.00491965,0.195551,0.156494,0.776442,0.695766,0.0525039,0.0221232,0.0501692,0.224971,0.0486459,0,0.904647,0.0697556,2.16151,0.184868,0,0.0770909,0.560102,4.47279,0.633846,0.382625,0.645885,2.57735,0.182369,0.222092,0,0.801623,0.135811,0,-0.000292149,0.249878,0.960484,0.207616,0.0512612,0.0534501,0.0045698,0.00356791,0.437126,0.0496173,5.7109,0.813451,11.6049,0.64517,0.664003,-6.79095,-0.333333,-0.0669255,0.769829,12.9583,7,0,0,1.04167,8,0,-6.85865,0.0001,-0.00206811,0.0479417,1.7983,0.134644,50857,0.173301,204.1,2.19157
5597,0.171078,0.665774,0.00491423,0.00491423,0.195218,0.16128,0.777116,0.713634,0.0522714,0.0227183,0.0499789,0.223988,0.0484807,0,0.902045,0.0725859,2.17311,0.18342,0,0.0769795,0.561203,4.48523,0.635715,0.383264,0.645583,2.57872,0.183544,0.221294,0,0.814536,0.144674,0,-0.000298729,0.250332,0.960021,0.207526,0.0511895,0.053313,0.00437153,0.00335109,0.436864,0.0494957,5.71284,0.576482,11.5554,0.647639,0.664866,-6.65267,-0.333333,-0.0668298,0.79633,13.25,7.5,0,0,0.583333,7.25,0,-6.85961,0.0001,-0.0019676,0.0480148,1.80262,0.131804,50818,0.173258,201.92,2.03893
5598,0.173319,0.670984,0.00490409,0.00490409,0.195526,0.162164,0.776953,0.722307,0.0522099,0.0223972,0.0499273,0.224006,0.048066,0,0.904598,0.0738991,2.17916,0.180256,0,0.0766702,0.561437,4.49689,0.636819,0.384624,0.642944,2.56988,0.186888,0.221349,0,0.836663,0.137093,0,-0.000353852,0.253119,0.960671,0.211863,0.0510097,0.0532024,0.00533677,0.00432327,0.441377,0.0494115,5.63348,0.603667,11.4997,0.647537,0.662302,-6.68188,-0.333333,-0.0671186,0.801531,13.125,6.83333,0,0,0.708333,7.20833,0,-6.85877,0.0001,-0.00163764,0.0457375,1.80086,0.138932,50677,0.173229,203.65,2.30535
5599,0.171528,0.660896,0.00492216,0.00492216,0.194921,0.1604,0.776604,0.701901,0.0522917,0.0225024,0.0500163,0.226694,0.0492197,0,0.911323,0.070109,2.1686,0.181687,0,0.0770739,0.55693,4.48276,0.634677,0.382353,0.644711,2.58102,0.182137,0.223813,0,0.830711,0.149973,0,-0.000298148,0.256056,0.960581,0.208534,0.0511632,0.0533432,0.00543473,0.00435502,0.438258,0.0495502,5.7161,0.630084,11.5266,0.647375,0.663545,-6.67056,-0.333333,-0.066709,0.788105,12.5417,6.83333,0,0,0.625,8.625,0,-6.85991,0.0001,-0.00154277,0.0514544,1.8209,0.142838,50059,0.173199,205.56,2.4739
5600,0.17122,0.661584,0.00492983,0.00492983,0.195819,0.160751,0.776731,0.701814,0.0524078,0.0226107,0.0501253,0.226619,0.0480829,0,0.909335,0.0702304,2.18564,0.180384,0,0.0765848,0.558209,4.4836,0.63513,0.381313,0.645989,2.57783,0.181203,0.223773,0,0.806932,0.131826,0,-0.000316186,0.253513,0.960598,0.208578,0.0511611,0.0534114,0.00561477,0.00459657,0.438335,0.0495686,5.74659,0.653071,11.5219,0.647874,0.666027,-6.6438,-0.333333,-0.0668802,0.787278,13.25,6.79167,0,0,0.75,8.33333,0,-6.86153,0.0001,-0.00278559,0.0478674,1.81122,0.134035,50535,0.173177,202.72,2.30881
5601,0.171827,0.66787,0.00493613,0.00493613,0.194947,0.162585,0.777174,0.709088,0.0526903,0.0223219,0.0503862,0.224375,0.0491327,0,0.899179,0.0715345,2.16004,0.181236,0,0.0760401,0.558399,4.46877,0.63204,0.380515,0.64857,2.59704,0.182789,0.221474,0,0.816094,0.126987,0,-0.000232252,0.253575,0.960827,0.204991,0.0515731,0.0537915,0.00552288,0.00451051,0.434719,0.0499658,5.57008,0.735077,11.5802,0.645865,0.667476,-6.65295,-0.333333,-0.0664599,0.795528,12.625,6.83333,0,0,0.541667,7.20833,0,-6.86137,0.0001,-0.00221238,0.0481144,1.79011,0.140885,50908,0.173151,202.96,2.45849
5602,0.170597,0.649362,0.00492352,0.00492352,0.193447,0.158083,0.776942,0.6872,0.0524682,0.0218977,0.0501342,0.227059,0.0502772,0,0.91123,0.0680967,2.17662,0.187193,0,0.0774313,0.55851,4.48962,0.634533,0.382098,0.645927,2.58212,0.179982,0.22414,0,0.79849,0.117225,0,-0.000256861,0.255545,0.961227,0.207722,0.0512473,0.0534662,0.0050631,0.00402415,0.438335,0.0496822,5.75136,0.85881,11.5755,0.644353,0.66441,-6.80879,-0.333333,-0.0660068,0.772701,12.5833,7.5,0,0,0.583333,9.95833,0,-6.86114,0.0001,-0.00266343,0.0445466,1.81746,0.140478,50207,0.173162,203.94,2.30703
5603,0.171126,0.651449,0.00491909,0.00491909,0.193189,0.158371,0.776381,0.694895,0.0527293,0.0217556,0.0503503,0.224477,0.0494746,0,0.90086,0.0688534,2.14851,0.187291,0,0.0775142,0.560558,4.47773,0.633394,0.382653,0.646756,2.58638,0.181935,0.221371,0,0.796886,0.119272,0,-0.000219594,0.253601,0.961826,0.206426,0.0514395,0.0536811,0.0051766,0.00416638,0.437821,0.0499066,5.75199,1.02117,11.6193,0.642211,0.663014,-6.93772,-0.333333,-0.0659626,0.775765,12,6.83333,0,0,1,8.66667,0,-6.85946,0.0001,-0.000447039,0.0461268,1.81287,0.139381,50354,0.173183,205.41,2.48915
5604,0.170831,0.652292,0.00495523,0.00495523,0.194341,0.159241,0.778447,0.691042,0.0529357,0.0220655,0.0505596,0.227185,0.0471294,0,0.906641,0.0686938,2.15009,0.181362,0,0.0773464,0.554754,4.46302,0.632358,0.378148,0.649059,2.59951,0.180981,0.224327,0,0.799968,0.124227,0,-0.000270877,0.251846,0.96091,0.202151,0.0516801,0.0539355,0.00502469,0.00399668,0.436177,0.0500683,5.79343,0.806382,11.6037,0.645429,0.668759,-6.67346,-0.333333,-0.0660586,0.776902,11.25,5.91667,0,0,0.5,7.375,0,-6.85736,0.0001,-0.000649088,0.0466471,1.81056,0.139381,50413,0.173147,203.51,2.38319
5605,0.173675,0.673086,0.00490728,0.00490728,0.197506,0.163183,0.775523,0.716177,0.0526007,0.0221408,0.050229,0.224694,0.0481707,0,0.903954,0.0720609,2.14086,0.180942,0,0.0764236,0.565938,4.49304,0.6369,0.384136,0.645456,2.5646,0.18526,0.221579,0,0.838821,0.138537,0,-0.000310436,0.251503,0.961154,0.208203,0.0513494,0.0535405,0.00546494,0.00442557,0.442343,0.0497804,5.80822,0.901492,11.6156,0.642798,0.663096,-6.87283,-0.333333,-0.0676307,0.798963,13.2083,7.79167,0,0,1,8.16667,0,-6.85871,0.0001,-0.00195304,0.0444241,1.81915,0.135648,50288,0.173135,204.58,2.40963
5606,0.174235,0.677957,0.00489001,0.00489001,0.196657,0.163827,0.77462,0.72423,0.0522511,0.0223926,0.0499196,0.224478,0.049605,0,0.907962,0.0736014,2.17078,0.189448,0,0.0776374,0.565066,4.49984,0.637478,0.386303,0.641613,2.5541,0.186335,0.221705,0,0.837343,0.150651,0,-0.000357642,0.251667,0.961067,0.212593,0.0509792,0.0531696,0.00461617,0.00361156,0.436476,0.049394,5.59082,0.685114,11.5198,0.646227,0.662553,-6.81687,-0.333333,-0.0675424,0.803527,13.1667,7.58333,0,0,0.791667,8.04167,0,-6.86024,0.0001,-0.00229266,0.0437271,1.80995,0.13999,50413,0.173126,204.5,2.24643
5607,0.175245,0.670174,0.00491775,0.00491775,0.200845,0.162724,0.777252,0.711354,0.0526742,0.0224844,0.0503401,0.227427,0.0447874,0,0.914414,0.0709831,2.15453,0.17402,0,0.0754282,0.558511,4.47578,0.634228,0.382827,0.646153,2.58026,0.186375,0.224555,0,0.835019,0.119953,0,-0.000307829,0.244561,0.960769,0.208771,0.0514363,0.0536613,0.0051596,0.00411783,0.439479,0.0498172,5.77312,0.745806,11.5904,0.645663,0.663167,-6.72286,-0.333333,-0.0686358,0.799536,13.5833,7.95833,0,0,0.75,8.125,0,-6.86316,0.0001,-0.00215047,0.0434028,1.82359,0.138685,50096,0.173108,204.79,2.32406
5608,0.172448,0.663254,0.00490272,0.00490272,0.196399,0.160797,0.776291,0.707316,0.0525664,0.022114,0.0501908,0.226357,0.0479858,0,0.912265,0.0706318,2.17037,0.182705,0,0.0770025,0.555735,4.47187,0.633755,0.384708,0.643677,2.57779,0.184179,0.223426,0,0.821346,0.120125,0,-0.000298112,0.251823,0.961277,0.210243,0.051235,0.0535215,0.00522158,0.00419479,0.437923,0.0496581,5.62563,0.932454,11.6512,0.64263,0.665283,-6.89405,-0.333333,-0.0672919,0.791568,12.0833,7.25,0,0,0.541667,9.25,0,-6.86482,0.0001,-0.00152046,0.0478709,1.83485,0.137028,49853,0.173088,204.81,2.56423
5609,0.173563,0.666886,0.00489604,0.00489604,0.195208,0.161583,0.776069,0.708761,0.0522781,0.0222086,0.0499613,0.226409,0.0508175,0,0.913934,0.0714046,2.18776,0.18678,0,0.0778149,0.560328,4.49187,0.634983,0.385546,0.643535,2.57215,0.184332,0.223556,0,0.83797,0.124156,0,-0.000305841,0.254297,0.960845,0.210263,0.0511087,0.0532557,0.0047729,0.00373715,0.435934,0.0495016,5.63269,0.767893,11.5833,0.644945,0.663962,-6.83565,-0.333333,-0.0669459,0.795429,12.4167,6.41667,0,0,1.125,7.29167,0,-6.86582,0.0001,-0.00238316,0.0505861,1.79363,0.13576,50950,0.173067,204.2,2.22164
5610,0.17329,0.665805,0.00491682,0.00491682,0.196543,0.161689,0.777021,0.711392,0.0521791,0.0230679,0.0499507,0.224988,0.0480262,0,0.905559,0.0716195,2.1877,0.183989,0,0.0758611,0.55609,4.4806,0.635005,0.382939,0.644111,2.574,0.185189,0.222351,0,0.828941,0.141322,0,-0.000339541,0.248834,0.960866,0.209434,0.0511825,0.0532487,0.00496151,0.00394229,0.435294,0.0495665,5.52061,0.383027,11.401,0.651234,0.663739,-6.56659,-0.333333,-0.0672013,0.793816,12.8333,6.66667,0,0,0.375,8.54167,0,-6.86815,0.0001,-0.0022179,0.0433189,1.80577,0.143546,50429,0.173021,205.23,2.37519
5611,0.174729,0.672705,0.00491799,0.00491799,0.198891,0.163399,0.777044,0.711525,0.0524373,0.0230244,0.0501775,0.226799,0.0458672,0,0.912678,0.0714417,2.1673,0.177376,0,0.0748517,0.561112,4.48086,0.634368,0.382807,0.646343,2.58164,0.184932,0.224114,0,0.842493,0.11698,0,-0.00036375,0.248143,0.960511,0.208631,0.0513543,0.0534812,0.00542905,0.00440332,0.439511,0.0497188,5.64366,0.436606,11.4429,0.650522,0.664466,-6.54992,-0.333333,-0.0680566,0.801777,15.1667,7.625,0,0,0.958333,7.95833,0,-6.87079,0.0001,-0.00260272,0.0445336,1.81144,0.136605,50462,0.172962,207.57,2.74826
5612,0.174465,0.674206,0.00490513,0.00490513,0.199303,0.163101,0.77617,0.718337,0.0523052,0.0229361,0.0500481,0.225605,0.0482336,0,0.909947,0.0729273,2.16401,0.182918,0,0.0757267,0.563838,4.49645,0.637291,0.384406,0.644031,2.56365,0.185921,0.222885,0,0.824429,0.148972,0,-0.000396874,0.248069,0.960845,0.209807,0.0512164,0.0532961,0.00505307,0.00400675,0.442641,0.049572,5.71382,0.446697,11.42,0.650321,0.66271,-6.61605,-0.333333,-0.0684024,0.801386,11,5.95833,0,0,0.416667,7.58333,0,-6.87316,0.0001,-0.00277514,0.0457124,1.80212,0.134321,50765,0.172953,205.08,2.28777
5613,0.176619,0.673579,0.00491841,0.00491841,0.200108,0.163326,0.776307,0.714912,0.0520844,0.0235116,0.0498689,0.227254,0.0471468,0,0.915051,0.0722214,2.14343,0.181365,0,0.0748435,0.564435,4.4824,0.635471,0.382752,0.646669,2.56765,0.187501,0.22469,0,0.832522,0.154194,0,-0.000439089,0.247177,0.960206,0.208009,0.0511521,0.0531294,0.00542784,0.00436038,0.440738,0.0494946,5.7659,0.150595,11.33,0.654537,0.660431,-6.39478,-0.333333,-0.068534,0.800405,13.8333,5.58333,0,0,0.541667,7.29167,0,-6.87335,0.0001,-0.00251949,0.0470196,1.82864,0.137971,49986,0.172985,203.85,2.17459
5614,0.171251,0.650827,0.00492282,0.00492282,0.196259,0.158297,0.776465,0.689404,0.0522925,0.022717,0.0500223,0.226014,0.0483042,0,0.907764,0.0684034,2.14832,0.186259,0,0.0764732,0.565124,4.4943,0.636594,0.382186,0.647076,2.56887,0.18177,0.223284,0,0.78566,0.126345,0,-0.000399093,0.248505,0.960783,0.207944,0.0511862,0.0532713,0.00490922,0.00389557,0.440122,0.0495765,5.70679,0.482463,11.4423,0.649698,0.664743,-6.58379,-0.333333,-0.0669692,0.772749,13.1667,6.54167,0,0,0.625,8,0,-6.87396,0.0001,-0.00278861,0.0446195,1.83531,0.144563,49651,0.173001,205.55,2.04434
5615,0.17343,0.660845,0.00491543,0.00491543,0.197011,0.160296,0.776396,0.702267,0.0524099,0.0223977,0.0500971,0.226139,0.046856,0,0.910569,0.0703176,2.15576,0.18339,0,0.0762264,0.563855,4.4885,0.635683,0.383167,0.647155,2.57562,0.184143,0.22343,0,0.801271,0.135277,0,-0.000363659,0.248374,0.960839,0.208708,0.0512448,0.0534046,0.00486502,0.00387562,0.441854,0.0496345,5.72813,0.630304,11.5171,0.647436,0.665509,-6.6708,-0.333333,-0.0673666,0.784869,13.5417,7,0,0,0.458333,8.25,0,-6.87219,0.0001,-0.0018555,0.0444955,1.8204,0.138695,50178,0.173059,204.77,2.22693
5616,0.172802,0.667766,0.00489348,0.00489348,0.196585,0.161386,0.774957,0.716109,0.0518162,0.0234751,0.049597,0.226362,0.0484374,0,0.917207,0.0733408,2.17627,0.185665,0,0.0761111,0.561918,4.50428,0.63781,0.385873,0.643153,2.55907,0.185049,0.223901,0,0.825753,0.160933,0,-0.000369539,0.251609,0.959923,0.213534,0.0508717,0.052924,0.00535465,0.0043332,0.44428,0.0492521,5.81546,0.20418,11.3656,0.653116,0.664206,-6.51266,-0.333333,-0.067613,0.790404,13.2917,6.45833,0,0,0.833333,7.25,0,-6.87103,0.0001,-0.00225761,0.0489117,1.80017,0.133222,50845,0.173036,205.53,2.43743
5617,0.171808,0.663347,0.00490901,0.00490901,0.198449,0.160352,0.775582,0.70335,0.052245,0.0227725,0.0499538,0.225771,0.0480591,0,0.909768,0.0706137,2.17105,0.183313,0,0.0758906,0.562548,4.49414,0.636791,0.383974,0.644787,2.55747,0.183411,0.222933,0,0.791362,0.140065,0,-0.00040279,0.248003,0.960197,0.210398,0.0511168,0.053223,0.00536699,0.00428607,0.442724,0.0494951,5.81441,0.561077,11.4919,0.649617,0.664567,-6.67078,-0.333333,-0.0681145,0.787932,13.875,7.70833,0,0,0.791667,7.75,0,-6.87378,0.0001,-0.00223216,0.0467074,1.83179,0.134573,49992,0.173019,204.02,2.2415
5618,0.174577,0.674426,0.0049034,0.0049034,0.200623,0.163521,0.775378,0.715331,0.0524327,0.0224521,0.050093,0.225602,0.0479202,0,0.910179,0.0719228,2.16431,0.183718,0,0.0761766,0.562805,4.50521,0.63758,0.384623,0.644195,2.5574,0.185136,0.222859,0,0.847461,0.125222,0,-0.000348883,0.24688,0.961101,0.210093,0.0512546,0.053382,0.00515084,0.00411034,0.438771,0.0496779,5.69206,0.626663,11.5306,0.646622,0.666669,-6.75512,-0.333333,-0.0687122,0.799625,12.7917,7.75,0,0,1,8.125,0,-6.87298,0.0001,-0.00261627,0.0424012,1.83021,0.141351,49861,0.173009,205.67,2.53797
5619,0.174858,0.663576,0.00491094,0.00491094,0.198944,0.161087,0.776122,0.702316,0.0524335,0.022374,0.0500838,0.227315,0.0490199,0,0.915601,0.0705938,2.15444,0.186313,0,0.0773177,0.559966,4.4882,0.636617,0.383676,0.643494,2.56395,0.184868,0.224627,0,0.809476,0.109201,0,-0.000290923,0.251656,0.960805,0.209006,0.051242,0.0534503,0.00511308,0.00408004,0.434593,0.0496551,5.73453,0.702271,11.5838,0.646723,0.670846,-6.75522,-0.333333,-0.0680482,0.78948,12.625,7.25,0,0,1.25,7.54167,0,-6.87315,0.0001,-0.00199224,0.0419969,1.81002,0.135179,50536,0.173042,203.49,2.23786
5620,0.179108,0.706161,0.0048591,0.0048591,0.204747,0.169813,0.774634,0.750314,0.0522304,0.0225379,0.0498677,0.226594,0.0460118,0,0.921706,0.077229,2.15585,0.177644,0,0.0754349,0.569492,4.5146,0.638634,0.390182,0.640929,2.54404,0.190359,0.223755,0,0.860096,0.154381,0,-0.000384313,0.245895,0.961457,0.217475,0.0508731,0.0531042,0.0057498,0.00470734,0.442647,0.0493424,5.74136,0.869684,11.6223,0.642646,0.655776,-7.00659,-0.333333,-0.0707715,0.837849,11.7917,7.66667,0,0,0.666667,8.66667,0,-6.87103,0.0001,-0.00231632,0.0490022,1.79281,0.142941,50783,0.173039,205.3,2.57474
5621,0.175492,0.673819,0.00491403,0.00491403,0.198029,0.163401,0.776298,0.711713,0.0526021,0.0220693,0.0502816,0.226128,0.0476867,0,0.910556,0.0712721,2.15555,0.181963,0,0.0757453,0.560288,4.48054,0.634242,0.38329,0.649254,2.57491,0.185488,0.223427,0,0.832733,0.138789,0,-0.00030586,0.248881,0.961474,0.209516,0.0513773,0.0535751,0.00529575,0.0043639,0.437608,0.0498342,5.64004,0.805402,11.5266,0.646212,0.662358,-6.80264,-0.333333,-0.0676949,0.800164,12.5417,7.04167,0,0,0.708333,7.875,0,-6.87213,0.0001,-0.00109335,0.0503088,1.80172,0.136992,50705,0.172992,202.87,2.29384
5622,0.176121,0.678763,0.00491374,0.00491374,0.199516,0.164505,0.775888,0.716758,0.052348,0.022531,0.0500473,0.226285,0.0492957,0,0.910967,0.0726634,2.16247,0.185897,0,0.0760106,0.563405,4.48972,0.635828,0.383369,0.646494,2.56793,0.185878,0.223444,0,0.835296,0.13655,0,-0.000369712,0.250167,0.960943,0.208497,0.0512204,0.0533538,0.00554072,0.00452085,0.43734,0.0496505,5.67722,0.56577,11.4801,0.648668,0.663817,-6.65458,-0.333333,-0.0683206,0.804391,12.7917,7.08333,0,0,0.583333,7.625,0,-6.87224,0.0001,-0.00284415,0.0487492,1.81166,0.133279,50543,0.17299,206.21,2.57143
5623,0.172184,0.664773,0.00491802,0.00491802,0.19467,0.161157,0.7758,0.704753,0.0521346,0.0226985,0.0498802,0.225271,0.0501147,0,0.90678,0.0716648,2.16806,0.188799,0,0.0765966,0.559081,4.48543,0.635714,0.382832,0.646889,2.57016,0.18251,0.222613,0,0.804556,0.150893,0,-0.000314011,0.256403,0.960796,0.209274,0.0511182,0.0532102,0.00553501,0.00452213,0.438893,0.0495687,5.67785,0.502661,11.3924,0.651274,0.664464,-6.61869,-0.333333,-0.0666569,0.787049,13.25,7.20833,0,0,0.75,8,0,-6.86975,0.0001,-0.00183853,0.0485404,1.80679,0.136481,50586,0.173013,202.93,2.22033
5624,0.172345,0.659258,0.0049149,0.0049149,0.197523,0.159934,0.775497,0.698401,0.0520647,0.0235028,0.0498609,0.226943,0.0486194,0,0.915423,0.0704726,2.17858,0.183859,0,0.0753607,0.561328,4.47984,0.634629,0.383265,0.644906,2.5705,0.182906,0.224595,0,0.803576,0.123005,0,-0.000381846,0.252388,0.959838,0.209994,0.0511021,0.0531901,0.00526655,0.00427684,0.435694,0.0494426,5.60122,0.11965,11.3322,0.655602,0.668022,-6.36517,-0.333333,-0.0676799,0.781449,13.4167,6.54167,0,0,0.833333,5.625,0,-6.86788,0.0001,-0.00259827,0.0447785,1.81411,0.141483,50268,0.173048,204.34,2.15207
5625,0.174906,0.669444,0.00491394,0.00491394,0.198078,0.162369,0.776112,0.708747,0.05187,0.0239282,0.0497016,0.226357,0.0487778,0,0.912918,0.0712378,2.1676,0.184465,0,0.0756275,0.563504,4.49596,0.636586,0.3833,0.646726,2.56827,0.185628,0.224063,0,0.82503,0.142213,0,-0.000337109,0.249373,0.960403,0.210123,0.0510514,0.0530521,0.00509437,0.00410968,0.440001,0.0494082,5.6859,0.0288717,11.2679,0.65665,0.663774,-6.37484,-0.333333,-0.0677464,0.793263,13.5833,6.5,0,0,0.458333,7.58333,0,-6.86672,0.0001,-0.00219153,0.0460786,1.80844,0.139351,50469,0.173067,204.81,2.22371
5626,0.176069,0.680181,0.00492555,0.00492555,0.199863,0.16518,0.775415,0.717148,0.0519244,0.0237768,0.0497344,0.226429,0.0485547,0,0.911409,0.07275,2.16768,0.183592,0,0.0749781,0.560082,4.4959,0.635973,0.38189,0.648336,2.57425,0.185922,0.223957,0,0.820877,0.144276,0,-0.000363281,0.249867,0.960358,0.208596,0.0511081,0.0530607,0.00504889,0.00405883,0.43615,0.049448,5.67448,0.0836689,11.2386,0.657108,0.662401,-6.36207,-0.333333,-0.0682887,0.805561,13.7917,6.16667,0,0,0.375,8.20833,0,-6.86709,0.0001,-0.00309866,0.046132,1.83026,0.140997,49868,0.173034,203.35,2.30971
5627,0.170936,0.6591,0.0049181,0.0049181,0.197968,0.159252,0.776137,0.705137,0.0521924,0.0227134,0.0499346,0.224501,0.0485695,0,0.904786,0.0712803,2.16067,0.185424,0,0.0756187,0.563593,4.48814,0.63521,0.382902,0.648698,2.57311,0.182822,0.221799,0,0.812816,0.147789,0,-0.000331052,0.250927,0.961534,0.211006,0.0510307,0.0531646,0.00524065,0.00428317,0.436087,0.0494948,5.57449,0.600806,11.375,0.650141,0.660335,-6.71156,-0.333333,-0.067912,0.784264,12.2917,6.79167,0,0,0.833333,8.16667,0,-6.86754,0.0001,-0.00246196,0.0451177,1.81432,0.134871,50433,0.173027,205.31,2.33855
5628,0.179219,0.700161,0.00489934,0.00489934,0.203142,0.168997,0.774872,0.73912,0.0522354,0.0224842,0.049904,0.226893,0.0475231,0,0.917511,0.0755431,2.16623,0.182138,0,0.0761363,0.563186,4.50617,0.63871,0.385193,0.643356,2.54849,0.189433,0.224021,0,0.86279,0.154,0,-0.000364104,0.245279,0.961475,0.212643,0.050994,0.0531093,0.00466314,0.00365744,0.437109,0.049439,5.77182,0.671933,11.4322,0.648734,0.65826,-6.83603,-0.333333,-0.0698717,0.827721,12.5417,7.45833,0,0,0.75,8.58333,0,-6.86631,0.0001,-0.00288084,0.0446986,1.79741,0.136541,50830,0.173024,204.81,2.56911
5629,0.174723,0.676442,0.00489961,0.00489961,0.198524,0.163354,0.774416,0.715971,0.052067,0.0226717,0.0497874,0.225067,0.0487695,0,0.909295,0.0717723,2.14985,0.186804,0,0.0762752,0.568533,4.50759,0.637891,0.385135,0.645089,2.55584,0.185345,0.222266,0,0.814395,0.14251,0,-0.000403248,0.249809,0.961057,0.212165,0.050938,0.0529897,0.00536049,0.00433516,0.443941,0.0493852,5.90148,0.573829,11.3999,0.649743,0.660803,-6.73027,-0.333333,-0.0682122,0.798718,13.1667,7.58333,0,0,0.708333,7.5,0,-6.86534,0.0001,-0.00206739,0.0473524,1.80421,0.136682,50648,0.173032,204.38,2.04432
5630,0.172458,0.666116,0.00489405,0.00489405,0.197049,0.16094,0.775088,0.711308,0.0523576,0.0224944,0.0500108,0.222962,0.0483393,0,0.900626,0.0715592,2.15823,0.183882,0,0.0766772,0.560689,4.50172,0.637096,0.385798,0.645921,2.55832,0.185213,0.220059,0,0.823259,0.119274,0,-0.000335627,0.250758,0.961697,0.212653,0.0511103,0.0533224,0.00505747,0.00405591,0.436918,0.0495493,5.59712,0.723918,11.4886,0.646982,0.660898,-6.83719,-0.333333,-0.0676997,0.790669,11.8333,6.5,0,0,0.5,8.75,0,-6.86255,0.0001,-0.00249997,0.0479513,1.79392,0.137321,50901,0.173043,203.57,2.20666
5631,0.174256,0.665863,0.00492802,0.00492802,0.199497,0.161557,0.775908,0.703528,0.0527317,0.0216449,0.0503425,0.227487,0.0470732,0,0.912183,0.0702698,2.15058,0.180149,0,0.0759589,0.559765,4.48437,0.635436,0.381703,0.647852,2.57094,0.184111,0.224287,0,0.811994,0.130057,0,-0.00030159,0.248539,0.961817,0.207901,0.0513322,0.0535845,0.00570847,0.00467976,0.438932,0.0498504,5.93588,1.068,11.5826,0.643536,0.662503,-6.98938,-0.333333,-0.0682079,0.78733,10.9167,6.875,0,0,1,9.54167,0,-6.8612,0.0001,-0.00287259,0.047107,1.80176,0.136847,50708,0.173031,205.22,2.53206
5632,0.173073,0.667046,0.00487509,0.00487509,0.198205,0.160726,0.77457,0.715967,0.0525385,0.0216101,0.0500816,0.224518,0.0491949,0,0.90974,0.0727153,2.16294,0.18728,0,0.0781762,0.561047,4.50484,0.638145,0.388175,0.643099,2.54487,0.185553,0.22155,0,0.809252,0.160997,0,-0.000323468,0.250477,0.961857,0.21342,0.0510478,0.0533421,0.00509732,0.00409098,0.436932,0.0495378,5.70577,1.16012,11.7081,0.639775,0.666556,-7.15824,-0.333333,-0.0682443,0.792925,11.75,7.91667,0,0,1,8.70833,0,-6.86,0.0001,-0.0024636,0.0474942,1.81393,0.14216,50255,0.173093,205.98,2.24076
5633,0.173734,0.674717,0.00488871,0.00488871,0.198193,0.162884,0.774288,0.719365,0.0525296,0.0214867,0.0500909,0.226131,0.0481932,0,0.913782,0.0726405,2.16183,0.185249,0,0.077187,0.559844,4.49621,0.63703,0.386466,0.642459,2.55352,0.185404,0.223063,0,0.851283,0.143904,0,-0.000360352,0.250914,0.961776,0.211705,0.0510501,0.0533063,0.00553572,0.00450901,0.440829,0.0495773,5.91433,1.15965,11.6827,0.640146,0.665474,-7.12945,-0.333333,-0.068159,0.798254,11.7917,7.54167,0,0,0.875,8.58333,0,-6.85754,0.0001,-0.0018342,0.0471266,1.80772,0.137497,50536,0.17309,205.28,2.55396
5634,0.175773,0.678992,0.00489916,0.00489916,0.200394,0.16427,0.774693,0.717816,0.0523347,0.0224349,0.0499872,0.227468,0.0492865,0,0.917505,0.0719871,2.17637,0.181955,0,0.0764025,0.560997,4.50087,0.637918,0.385155,0.643388,2.54962,0.185894,0.224449,0,0.850146,0.137754,0,-0.000358194,0.250997,0.961085,0.21063,0.0511117,0.0532544,0.00535143,0.00430172,0.438708,0.0495592,5.77382,0.76684,11.5484,0.645852,0.661984,-6.84381,-0.333333,-0.0687538,0.80217,12.875,7.625,0,0,0.583333,8.16667,0,-6.85706,0.0001,-0.00242952,0.0472751,1.82356,0.139329,50081,0.173133,205.07,2.57293
5635,0.174389,0.665357,0.00488829,0.00488829,0.200903,0.160562,0.775089,0.704671,0.0523397,0.0219046,0.0499704,0.225603,0.0474335,0,0.912129,0.0712925,2.1669,0.180113,0,0.0761636,0.564118,4.51068,0.637442,0.38657,0.643406,2.55001,0.185153,0.222506,0,0.811424,0.141385,0,-0.000343894,0.250287,0.961968,0.213859,0.0509892,0.0532052,0.00550201,0.00447379,0.438945,0.0495116,5.73792,0.962452,11.5563,0.644082,0.660158,-7.01291,-0.333333,-0.0691106,0.789615,11.8333,7.08333,0,0,0.458333,9.625,0,-6.85318,0.0001,-0.000953305,0.046454,1.84114,0.14044,49608,0.173196,205.96,2.19785
5636,0.1741,0.678734,0.00489129,0.00489129,0.198623,0.16404,0.775631,0.720843,0.0523927,0.0218858,0.0500124,0.22583,0.0484166,0,0.912574,0.07284,2.16252,0.182385,0,0.0766821,0.563471,4.50229,0.636745,0.386143,0.643761,2.55629,0.185131,0.222999,0,0.821976,0.138505,0,-0.000346599,0.251082,0.961785,0.212793,0.0510325,0.0533018,0.00494478,0.0039828,0.436003,0.0495015,5.65694,0.825494,11.5693,0.643832,0.66169,-6.90637,-0.333333,-0.068219,0.806855,11.5417,6.95833,0,0,0.541667,8.54167,0,-6.84967,0.0001,-0.000804932,0.0483252,1.82915,0.139951,49923,0.173212,205.94,2.34611
5637,0.176432,0.67814,0.00491576,0.00491576,0.201854,0.164342,0.775097,0.712643,0.0527608,0.0213874,0.0503693,0.227831,0.0466033,0,0.916496,0.0713881,2.15419,0.178502,0,0.0753966,0.563336,4.48784,0.635565,0.383159,0.647411,2.57293,0.185343,0.224798,0,0.818841,0.123601,0,-0.000294976,0.246318,0.961851,0.208496,0.0514629,0.0536885,0.0049652,0.00399271,0.438438,0.0499425,5.76199,0.950443,11.5628,0.644028,0.659314,-6.91389,-0.333333,-0.0691716,0.802889,13,7.25,0,0,0.625,8.54167,0,-6.84876,0.0001,-0.00123078,0.0456567,1.84983,0.141651,49362,0.173205,202.88,2.25116
5638,0.176628,0.67368,0.00489584,0.00489584,0.204286,0.163076,0.775459,0.708121,0.0522652,0.0221444,0.0499341,0.227732,0.0450555,0,0.920281,0.070988,2.15672,0.179529,0,0.0753187,0.563601,4.50476,0.637834,0.385571,0.643567,2.55341,0.185366,0.225064,0,0.827076,0.129724,0,-0.000393575,0.243465,0.961628,0.212419,0.0510191,0.0531568,0.00493354,0.00391786,0.440966,0.0494544,5.89529,0.743072,11.4984,0.64602,0.660126,-6.83744,-0.333333,-0.0701166,0.799949,10.7917,5.91667,0,0,0.625,8.625,0,-6.84801,0.0001,-0.0023572,0.0493166,1.8711,0.139692,48888,0.173228,203.75,2.23553
5639,0.178196,0.690484,0.00488734,0.00488734,0.200623,0.1667,0.775113,0.7308,0.0521482,0.0226154,0.0498183,0.226656,0.0476274,0,0.917835,0.0749209,2.15876,0.182926,0,0.0759238,0.565226,4.50236,0.638175,0.386639,0.641981,2.55201,0.188691,0.223942,0,0.827558,0.156254,0,-0.000432199,0.249627,0.96102,0.21256,0.0509315,0.0530603,0.0052367,0.00423269,0.440954,0.0493829,5.7447,0.540241,11.4887,0.648301,0.663014,-6.75672,-0.333333,-0.0689931,0.819305,13.3333,6.83333,0,0,0.833333,8.33333,0,-6.8449,0.0001,-0.00252871,0.047508,1.90746,0.144597,47905,0.173295,205.12,2.3464
5640,0.175574,0.66744,0.0049122,0.0049122,0.199,0.161385,0.775152,0.708734,0.0524996,0.0222036,0.0501344,0.226348,0.0479654,0,0.911606,0.0713073,2.15886,0.181426,0,0.0763328,0.562231,4.49284,0.636535,0.383606,0.64494,2.56361,0.186098,0.223528,0,0.800453,0.163633,0,-0.000358805,0.248457,0.961664,0.210113,0.0511882,0.0534128,0.00482424,0.00385034,0.43517,0.0496271,5.73987,0.672261,11.4952,0.647521,0.665709,-6.7728,-0.333333,-0.0682621,0.789827,12.5833,6.08333,0,0,0.75,8.625,0,-6.83967,0.0001,-0.00272833,0.0493551,1.93652,0.141865,47298,0.173378,204.39,2.36013
5641,0.177398,0.68341,0.00491276,0.00491276,0.202258,0.16552,0.775553,0.717434,0.0518803,0.023587,0.0496847,0.227768,0.0467539,0,0.919621,0.0725473,2.16705,0.182048,0,0.0754419,0.564612,4.51361,0.639458,0.383512,0.642868,2.54797,0.186623,0.22549,0,0.836898,0.146069,0,-0.00045661,0.248042,0.960557,0.21252,0.0509362,0.052927,0.00506377,0.00404666,0.441985,0.0493395,5.73264,0.0589656,11.1897,0.658503,0.659332,-6.42017,-0.333333,-0.0692603,0.807545,13.0833,6.125,0,0,0.875,7.33333,0,-6.83544,0.0001,-0.00251296,0.0505028,1.83883,0.144905,49555,0.173427,204.17,2.59617
5642,0.171969,0.667498,0.0049069,0.0049069,0.197965,0.161479,0.775087,0.705889,0.052353,0.0221351,0.049997,0.226328,0.0490634,0,0.912662,0.0717164,2.16468,0.187546,0,0.0769014,0.559156,4.49526,0.635823,0.384184,0.644256,2.56484,0.182218,0.223398,0,0.816279,0.138109,0,-0.000321224,0.251986,0.961429,0.21103,0.0510853,0.0532488,0.00513975,0.00414287,0.43698,0.0495702,5.89257,0.785435,11.4829,0.647227,0.66191,-6.8788,-0.333333,-0.0679473,0.790001,11.5833,6.83333,0,0,0.458333,8.20833,0,-6.83376,0.0001,-0.00204309,0.0512611,1.88152,0.155609,48256,0.173452,204.76,2.30971
5643,0.174277,0.662942,0.00490148,0.00490148,0.199201,0.160134,0.774165,0.701733,0.0522791,0.0220024,0.0499409,0.227049,0.0470635,0,0.916269,0.0708135,2.1661,0.183487,0,0.076097,0.560323,4.50018,0.637057,0.38489,0.642764,2.55538,0.18476,0.22409,0,0.794858,0.129393,0,-0.000305318,0.250594,0.96186,0.212167,0.0510769,0.0531797,0.00505762,0.00403676,0.43943,0.049586,5.89942,0.832366,11.4685,0.646395,0.659395,-6.91708,-0.333333,-0.068433,0.783609,12.9167,7.58333,0,0,0.75,9.29167,0,-6.83378,0.0001,-0.00295146,0.0479103,1.88502,0.151422,48272,0.173441,204.19,2.09778
5644,0.172456,0.660993,0.00492109,0.00492109,0.196298,0.160227,0.775301,0.700355,0.0523144,0.0220533,0.0500226,0.22744,0.0498257,0,0.915913,0.0711744,2.15145,0.185936,0,0.0767733,0.55508,4.48741,0.634952,0.382489,0.644313,2.57758,0.183338,0.224809,0,0.812304,0.138379,0,-0.000278337,0.254995,0.96144,0.209357,0.0512101,0.0533407,0.00455206,0.00358447,0.431571,0.0496353,5.60826,0.604234,11.4365,0.649141,0.662306,-6.70151,-0.333333,-0.06726,0.781808,13.0833,6.875,0,0,0.791667,8.25,0,-6.83681,0.0001,-0.00203985,0.0480743,1.84281,0.144099,49475,0.173407,207.31,2.58295
5645,0.175665,0.671364,0.00491594,0.00491594,0.198923,0.16257,0.774598,0.708058,0.0522232,0.0222977,0.0499574,0.227043,0.0481065,0,0.914907,0.0717625,2.17181,0.182258,0,0.075842,0.561439,4.50178,0.636618,0.383193,0.645489,2.5704,0.185811,0.224397,0,0.825089,0.150293,0,-0.000297911,0.25124,0.961113,0.210551,0.0511713,0.0532841,0.00500934,0.00404102,0.434128,0.0496097,5.67057,0.498787,11.3892,0.651296,0.662127,-6.64864,-0.333333,-0.0682143,0.792243,13.4167,6.83333,0,0,0.916667,7.29167,0,-6.83931,0.0001,-0.00217174,0.0512239,1.83431,0.151167,49511,0.173411,201.97,2.17488
5646,0.176468,0.676713,0.00489861,0.00489861,0.201125,0.163364,0.773647,0.716519,0.0525505,0.0223358,0.050198,0.227328,0.0451697,0,0.91763,0.0730456,2.13966,0.177662,0,0.0747641,0.561057,4.48732,0.63555,0.385255,0.644574,2.56719,0.187395,0.224482,0,0.818311,0.152821,0,-0.000311478,0.245969,0.961536,0.212266,0.0513235,0.0534859,0.00541552,0.00439878,0.439371,0.0497784,5.84591,0.822601,11.5226,0.645729,0.657754,-6.88295,-0.333333,-0.0690977,0.797938,11.7917,6.79167,0,0,1.08333,8.375,0,-6.83851,0.0001,-0.00232134,0.0483871,1.86337,0.144328,48963,0.173439,206.18,2.49664
5647,0.169468,0.64693,0.00492185,0.00492185,0.19557,0.156678,0.774534,0.686615,0.0524555,0.0215732,0.0501385,0.225882,0.0497772,0,0.908694,0.0691558,2.16539,0.188128,0,0.0770624,0.553963,4.48564,0.634117,0.382307,0.646871,2.57581,0.179618,0.223167,0,0.775264,0.137694,0,-0.000340328,0.253977,0.961427,0.208583,0.0513037,0.0534027,0.00504068,0.00407215,0.435016,0.049774,5.72838,0.709212,11.4924,0.647164,0.661944,-6.7746,-0.333333,-0.0669876,0.762609,12.4583,6.16667,0,0,0.666667,7.875,0,-6.83731,0.0001,-0.00132996,0.0462771,1.85762,0.139077,49233,0.173479,203.27,2.18517
5648,0.177101,0.686014,0.00490849,0.00490849,0.198175,0.166083,0.773558,0.724638,0.0519828,0.0227277,0.0497226,0.227519,0.0493308,0,0.918933,0.0736721,2.15352,0.183851,0,0.0760713,0.56108,4.50396,0.636729,0.384066,0.644102,2.56645,0.187428,0.225073,0,0.851316,0.154112,0,-0.000355327,0.254064,0.961192,0.212058,0.0509189,0.0530167,0.00520163,0.00421951,0.438177,0.0493602,5.73671,0.376164,11.3589,0.651962,0.659131,-6.60774,-0.333333,-0.067987,0.806162,12.75,5.83333,0,0,0.708333,7.75,0,-6.83399,0.0001,-0.00194654,0.0489621,1.88392,0.14378,48480,0.173539,206.2,2.56085
5649,0.175716,0.678187,0.00491357,0.00491357,0.199069,0.16382,0.773724,0.724622,0.0522171,0.0224214,0.0499404,0.2277,0.0472404,0,0.917972,0.0738429,2.1497,0.17841,0,0.0752773,0.557872,4.49072,0.63568,0.383434,0.642743,2.56252,0.188034,0.224963,0,0.837288,0.182157,0,-0.000286887,0.249723,0.961293,0.212198,0.0510445,0.0532165,0.00501322,0.00404284,0.439203,0.0494862,5.8464,0.576001,11.3799,0.650157,0.655,-6.73352,-0.333333,-0.0683486,0.796968,12.4167,6.91667,0,0,0.708333,8.79167,0,-6.83173,0.0001,-0.00154795,0.0473712,1.86331,0.144228,48967,0.173519,206.24,2.42285
5650,0.173785,0.663079,0.00491046,0.00491046,0.198962,0.160725,0.773512,0.704817,0.052237,0.0222595,0.0499441,0.227798,0.0466113,0,0.918166,0.0713622,2.16965,0.180984,0,0.0757071,0.55837,4.50075,0.637079,0.383746,0.643513,2.55521,0.184702,0.225168,0,0.802444,0.141098,0,-0.000352745,0.249323,0.961695,0.211848,0.0510233,0.0531521,0.00488449,0.00393401,0.437672,0.0494924,5.75151,0.537101,11.3598,0.649805,0.658311,-6.74855,-0.333333,-0.0681259,0.77829,11.9167,7.16667,0,0,0.458333,8.45833,0,-6.83404,0.0001,-0.00261501,0.0513819,1.91456,0.144267,47747,0.173513,205.12,2.2343
5651,0.17212,0.66417,0.0049404,0.0049404,0.199672,0.161869,0.775408,0.697142,0.052707,0.0219792,0.0503606,0.228835,0.0460593,0,0.916776,0.069517,2.14541,0.18104,0,0.0760636,0.563217,4.48923,0.635275,0.379979,0.647704,2.57446,0.181109,0.22615,0,0.811622,0.114149,0,-0.000300249,0.247127,0.961376,0.205793,0.051496,0.0536644,0.00471036,0.00380774,0.43568,0.049936,5.81908,0.661599,11.49,0.647495,0.665265,-6.69418,-0.333333,-0.0679874,0.781591,13.5833,7.20833,0,0,1.04167,7.5,0,-6.83279,0.0001,-0.00259352,0.0496826,1.91796,0.139101,47788,0.173568,202.28,2.28356
5652,0.172898,0.666352,0.00491111,0.00491111,0.196874,0.161506,0.773854,0.703232,0.052424,0.0228934,0.0501061,0.227144,0.0482465,0,0.915817,0.0711339,2.15682,0.184971,0,0.0767626,0.55691,4.49121,0.635799,0.383692,0.643842,2.56075,0.182599,0.224503,0,0.78697,0.138845,0,-0.000311011,0.252662,0.961014,0.210497,0.0512576,0.0534356,0.00509529,0.00412463,0.437201,0.049699,5.77459,0.580071,11.429,0.649868,0.665673,-6.73005,-0.333333,-0.067435,0.783136,13.375,6.83333,0,0,0.791667,8.20833,0,-6.8302,0.0001,-0.00270026,0.0499581,1.87044,0.142646,48832,0.173632,205.71,2.36396
5653,0.172123,0.667065,0.00493185,0.00493185,0.195688,0.16142,0.774036,0.711605,0.0521797,0.0229201,0.0499193,0.225729,0.0491578,0,0.908943,0.0723141,2.1523,0.186244,0,0.0762753,0.558169,4.49498,0.635265,0.38124,0.646563,2.5685,0.183446,0.223186,0,0.819701,0.136514,0,-0.000332582,0.253446,0.961342,0.210066,0.0511637,0.0531921,0.00491345,0.0039648,0.437889,0.0496017,5.70145,0.433002,11.2722,0.653959,0.656841,-6.62687,-0.333333,-0.0670837,0.783063,11.9583,6,0,0,0.75,8.41667,0,-6.82901,0.0001,-0.00246602,0.047684,1.88619,0.145036,48396,0.173633,203.73,2.36378
5654,0.172139,0.66785,0.00490875,0.00490875,0.195402,0.1617,0.772881,0.709774,0.0520693,0.0229365,0.0497985,0.225282,0.0508763,0,0.908204,0.0719415,2.14755,0.193555,0,0.0772959,0.563852,4.50354,0.63827,0.384019,0.642968,2.55182,0.182922,0.222613,0,0.807429,0.14897,0,-0.000376663,0.254839,0.960923,0.210885,0.0509934,0.0530673,0.0045523,0.00358893,0.44063,0.0494026,5.79581,0.408949,11.3072,0.652029,0.660519,-6.66203,-0.333333,-0.0669422,0.77998,13.0833,6.625,0,0,0.708333,8.16667,0,-6.82991,0.0001,-0.00289444,0.0437541,1.87351,0.152894,48511,0.173627,205.39,2.44313
5655,0.175205,0.67279,0.0048931,0.0048931,0.197954,0.162469,0.771966,0.717788,0.0518451,0.0237,0.0496654,0.226532,0.0488258,0,0.917092,0.0740124,2.16596,0.182324,0,0.074633,0.563323,4.51256,0.637851,0.385915,0.643705,2.56147,0.186432,0.224118,0,0.809907,0.169166,0,-0.000400943,0.252474,0.96057,0.212841,0.0509814,0.0529527,0.0053632,0.00434664,0.437464,0.0493782,5.56665,0.087799,11.2424,0.656073,0.656048,-6.48357,-0.333333,-0.0680265,0.786653,12.625,5.625,0,0,0.541667,7.5,0,-6.82824,0.0001,-0.0024557,0.050513,1.88168,0.147769,48438,0.173668,207.69,2.58369
5656,0.17629,0.671992,0.00488249,0.00488249,0.196918,0.161943,0.771679,0.715501,0.0521477,0.0223957,0.0498456,0.226223,0.0488101,0,0.916923,0.0733172,2.16366,0.183433,0,0.0763178,0.561411,4.50772,0.637865,0.387305,0.640981,2.55517,0.187924,0.223409,0,0.810085,0.159711,0,-0.000305271,0.253039,0.961239,0.214483,0.0509787,0.0531447,0.00506225,0.00404387,0.435586,0.0494378,5.59597,0.620905,11.4627,0.647763,0.658557,-6.83964,-0.333333,-0.0678708,0.786959,12.0833,6.79167,0,0,1.16667,8.08333,0,-6.82583,0.0001,-0.00273862,0.0493354,1.88321,0.143128,48513,0.173673,205.39,2.3867
5657,0.173536,0.668873,0.00490812,0.00490812,0.194222,0.162162,0.77233,0.710366,0.0523966,0.0224673,0.0500615,0.226875,0.049619,0,0.914095,0.0716359,2.15173,0.1864,0,0.0768066,0.560853,4.48749,0.63596,0.38403,0.644157,2.56466,0.183982,0.224034,0,0.818641,0.142649,0,-0.000318507,0.256809,0.961449,0.210519,0.0512144,0.0533963,0.00542111,0.00444991,0.436836,0.0496872,5.69241,0.660899,11.46,0.648133,0.661408,-6.78143,-0.333333,-0.0665571,0.781742,13.5833,6.5,0,0,0.791667,8.29167,0,-6.82512,0.0001,-0.00253261,0.0481173,1.87659,0.135935,48845,0.173637,203.19,2.27057
5658,0.177181,0.682872,0.00489772,0.00489772,0.19867,0.16536,0.771991,0.727557,0.052258,0.0230605,0.0499437,0.225345,0.0486789,0,0.91034,0.0743109,2.16156,0.184378,0,0.07608,0.563612,4.50728,0.637661,0.385336,0.642577,2.55431,0.189233,0.22272,0,0.846247,0.157824,0,-0.00037605,0.24947,0.960966,0.211473,0.0510885,0.0532362,0.00498124,0.00401974,0.437046,0.0495074,5.69463,0.428175,11.3885,0.651113,0.659987,-6.67868,-0.333333,-0.0681467,0.799721,13.5833,7.04167,0,0,0.625,7.25,0,-6.82668,0.0001,-0.00193165,0.0494423,1.87066,0.146147,48742,0.173586,204.11,2.43199
5659,0.177899,0.690042,0.00485474,0.00485474,0.20036,0.165383,0.769586,0.739542,0.051795,0.0229801,0.0495251,0.22466,0.0477836,0,0.915659,0.076225,2.17671,0.182912,0,0.0760251,0.565058,4.52929,0.640397,0.39073,0.636063,2.53607,0.191538,0.221904,0,0.831888,0.162578,0,-0.000365378,0.246503,0.961647,0.218605,0.0507125,0.0527435,0.0052477,0.00423277,0.437037,0.0491777,5.63084,0.448204,11.3791,0.649602,0.652949,-6.84233,-0.333333,-0.0694527,0.806005,11.75,6.79167,0,0,0.625,8.08333,0,-6.828,0.0001,-0.0028545,0.0504423,1.88836,0.146254,48315,0.173608,206.26,2.43112
5660,0.17701,0.683501,0.00490344,0.00490344,0.203206,0.165458,0.772008,0.724682,0.0523301,0.0227112,0.0500352,0.226552,0.0469126,0,0.914544,0.0739684,2.16667,0.180283,0,0.0754583,0.560885,4.50544,0.63736,0.384632,0.643758,2.561,0.187373,0.223931,0,0.834066,0.152451,0,-0.000267771,0.245843,0.961608,0.211667,0.0512774,0.0533787,0.0050593,0.00406946,0.432527,0.0497182,5.61064,0.4955,11.3681,0.650767,0.660027,-6.68985,-0.333333,-0.069649,0.798883,13.75,7.16667,0,0,0.75,8.20833,0,-6.82674,0.0001,-0.0022789,0.0501636,1.87351,0.134169,48964,0.173652,205.58,2.39497
5661,0.174066,0.670764,0.00490982,0.00490982,0.196849,0.162543,0.772292,0.713042,0.0522244,0.0229892,0.0499397,0.225641,0.0490597,0,0.910432,0.072476,2.17088,0.188031,0,0.0767308,0.555841,4.49066,0.635416,0.383825,0.645048,2.57233,0.184572,0.223088,0,0.834828,0.15347,0,-0.000321652,0.255141,0.961424,0.211594,0.0511423,0.0532715,0.00529709,0.00433561,0.431097,0.0495982,5.57134,0.416808,11.3329,0.652176,0.660673,-6.63473,-0.333333,-0.0674163,0.78422,13.4583,6.875,0,0,0.666667,8.33333,0,-6.82524,0.0001,-0.00231359,0.0476458,1.90064,0.143005,48102,0.173659,201.64,1.95221
5662,0.174448,0.669454,0.00491732,0.00491732,0.197497,0.162169,0.772859,0.708258,0.0522543,0.0231232,0.0499944,0.22714,0.0483891,0,0.914879,0.0718711,2.17045,0.18761,0,0.0764602,0.558137,4.49506,0.636266,0.382921,0.645575,2.57374,0.184981,0.224478,0,0.81334,0.163751,0,-0.000298552,0.25221,0.960923,0.209858,0.0512259,0.0533522,0.00546526,0.00444256,0.434996,0.0496499,5.78171,0.323971,11.3349,0.652462,0.660327,-6.55143,-0.333333,-0.0676344,0.783085,13.5833,6.33333,0,0,0.708333,7.70833,0,-6.82802,0.0001,-0.00239287,0.0461018,1.88665,0.144163,48406,0.173668,205.5,2.59692
5663,0.176519,0.688366,0.00489735,0.00489735,0.19783,0.165901,0.772467,0.737087,0.0521498,0.0231595,0.0498705,0.226216,0.0482191,0,0.915003,0.0758688,2.16796,0.183467,0,0.0759223,0.564068,4.50244,0.637308,0.385429,0.643393,2.55798,0.188797,0.223561,0,0.845177,0.16885,0,-0.000341101,0.250192,0.961459,0.211717,0.0511179,0.0531475,0.00510739,0.00415688,0.43366,0.0495587,5.54201,0.378216,11.2934,0.653416,0.656875,-6.70193,-0.333333,-0.0680292,0.806071,12.4167,6.29167,0,0,0.75,7.45833,0,-6.82753,0.0001,-0.00189403,0.0475258,1.88966,0.147191,48262,0.173701,204.83,2.43869
5664,0.169371,0.648273,0.00493488,0.00493488,0.195786,0.157308,0.773254,0.689184,0.0526133,0.0223808,0.0502979,0.226674,0.0480399,0,0.90978,0.0692217,2.1548,0.184345,0,0.0765245,0.555121,4.47914,0.634748,0.380705,0.645902,2.57542,0.180554,0.224068,0,0.79839,0.137916,0,-0.000287194,0.249052,0.961441,0.20697,0.0514849,0.0536418,0.00443324,0.00351111,0.432056,0.0499104,5.64696,0.520916,11.4023,0.64987,0.658027,-6.65723,-0.333333,-0.0668787,0.757626,12.25,6.45833,0,0,1.04167,6.875,0,-6.82435,0.0001,-0.00184038,0.0481956,1.8989,0.149529,47989,0.173748,204.66,2.09182
5665,0.176225,0.684351,0.00491914,0.00491914,0.198816,0.166093,0.773448,0.72107,0.0523204,0.0228238,0.0500435,0.227045,0.0483279,0,0.913715,0.0731764,2.16451,0.181156,0,0.0752231,0.559437,4.49292,0.635716,0.382698,0.646106,2.57183,0.186402,0.224344,0,0.832479,0.121587,0,-0.000305396,0.249115,0.961302,0.208971,0.0513131,0.0534058,0.00528269,0.00428283,0.435786,0.0497398,5.67005,0.361245,11.3307,0.651843,0.657349,-6.6101,-0.333333,-0.0680286,0.801387,12.9583,6.625,0,0,0.583333,8.625,0,-6.82016,0.0001,-0.00247775,0.044963,1.89922,0.147104,48039,0.173791,203.92,2.17992
5666,0.172731,0.67197,0.00490268,0.00490268,0.198159,0.162283,0.772235,0.714942,0.0521519,0.022503,0.0498551,0.225155,0.0485182,0,0.909397,0.0726857,2.15526,0.18594,0,0.0761913,0.564588,4.50328,0.63799,0.38473,0.644239,2.55806,0.184437,0.222544,0,0.822874,0.154224,0,-0.000346402,0.24781,0.961666,0.211342,0.0510772,0.0531276,0.00504395,0.00406737,0.435633,0.0495329,5.63747,0.48651,11.3545,0.650553,0.657515,-6.73658,-0.333333,-0.068038,0.785423,12.1667,6.875,0,0,0.791667,7.70833,0,-6.81818,0.0001,-0.00175297,0.0452659,1.9257,0.1409,47567,0.173804,205.66,2.15703
5667,0.179022,0.697361,0.00488689,0.00488689,0.201065,0.168304,0.771581,0.741762,0.0521664,0.0230617,0.049862,0.225459,0.0472647,0,0.912131,0.0758551,2.15431,0.182182,0,0.0755383,0.561938,4.50729,0.637602,0.386695,0.64223,2.55914,0.189976,0.222598,0,0.846512,0.154476,0,-0.000347185,0.247457,0.961855,0.213438,0.0510277,0.0531237,0.00540559,0.00438957,0.435536,0.0495025,5.58723,0.477034,11.381,0.64966,0.659537,-6.78591,-0.333333,-0.0691321,0.815775,11.1667,5.875,0,0,0.458333,7.08333,0,-6.81855,0.0001,-0.0023374,0.053715,1.91326,0.135772,47975,0.173787,205.1,2.35017
5668,0.174352,0.677895,0.00489807,0.00489807,0.197551,0.163702,0.77136,0.723197,0.0523321,0.0227069,0.0500114,0.225677,0.0482755,0,0.911771,0.0737669,2.1726,0.183818,0,0.0758461,0.558378,4.50272,0.637201,0.385357,0.64331,2.55635,0.185918,0.222897,0,0.815522,0.152092,0,-0.000329409,0.249604,0.961983,0.212809,0.0511334,0.0532676,0.00521327,0.00425142,0.43228,0.049632,5.6389,0.59297,11.3889,0.649347,0.657494,-6.82983,-0.333333,-0.067918,0.792513,12.1667,6.58333,0,0,0.75,8.875,0,-6.81862,0.0001,-0.00266234,0.0498169,1.93315,0.147346,47250,0.173793,204.04,2.27346
5669,0.171375,0.665247,0.00489693,0.00489693,0.198772,0.160593,0.771875,0.708372,0.0529096,0.0214082,0.0504474,0.224348,0.0483188,0,0.906009,0.0718604,2.17077,0.18176,0,0.0769579,0.556609,4.48444,0.634685,0.385435,0.644496,2.56897,0.182366,0.221361,0,0.808669,0.158025,0,-0.000246757,0.249489,0.962348,0.211389,0.0514274,0.0537678,0.005266,0.0043537,0.432261,0.0499572,5.57652,1.15876,11.6614,0.641221,0.667003,-7.13193,-0.333333,-0.0682822,0.777893,13.4583,8.79167,0,0,1.08333,8.66667,0,-6.81784,0.0001,-0.0028239,0.045553,1.90423,0.153837,47765,0.173817,205.16,2.54046
5670,0.172178,0.666557,0.00488078,0.00488078,0.198878,0.160806,0.770993,0.713808,0.0527955,0.0216218,0.0503184,0.226211,0.0469825,0,0.91443,0.0721821,2.16586,0.180358,0,0.0764384,0.55474,4.49936,0.637383,0.387462,0.64213,2.56005,0.184781,0.22296,0,0.808716,0.156134,0,-0.000195684,0.244893,0.962522,0.212197,0.0514025,0.0536817,0.00511568,0.00412323,0.434365,0.049907,5.65274,1.19711,11.6683,0.639841,0.662396,-7.21621,-0.333333,-0.0684269,0.777699,12,8.08333,0,0,0.75,9.25,0,-6.81763,0.0001,-0.00243881,0.0434522,1.92008,0.151496,47453,0.173811,203.64,2.09089
5671,0.175959,0.68348,0.00489766,0.00489766,0.198671,0.165143,0.771321,0.725723,0.0527151,0.0222533,0.0503176,0.225449,0.0476189,0,0.910771,0.0738257,2.15064,0.181141,0,0.0763136,0.558444,4.49145,0.635566,0.385393,0.644931,2.57248,0.187143,0.222574,0,0.830028,0.155229,0,-0.000300561,0.249963,0.962062,0.210952,0.0514045,0.053609,0.00531109,0.00438487,0.433532,0.0498694,5.59318,0.837118,11.502,0.645962,0.658492,-6.93828,-0.333333,-0.0682477,0.796709,11.1667,6.29167,0,0,0.875,7.45833,0,-6.81932,0.0001,-0.00260077,0.0486462,1.87369,0.138109,48863,0.173777,204.77,2.31138
5672,0.177297,0.681274,0.0048892,0.0048892,0.198824,0.164278,0.770823,0.724639,0.0522713,0.0226968,0.0499513,0.224992,0.0475476,0,0.910127,0.0739684,2.15872,0.179331,0,0.0753818,0.558537,4.49174,0.637128,0.386444,0.641466,2.55583,0.189105,0.22205,0,0.830236,0.148306,0,-0.000361809,0.249078,0.961496,0.212554,0.05117,0.0532257,0.00528943,0.00429164,0.435181,0.0495993,5.55572,0.609541,11.446,0.649327,0.657807,-6.79226,-0.333333,-0.0684432,0.794802,12.7083,7.08333,0,0,0.791667,8,0,-6.81979,0.0001,-0.00194004,0.0475691,1.91665,0.149295,47582,0.173773,202.94,2.29676
5673,0.175854,0.675659,0.00491172,0.00491172,0.198064,0.163427,0.77239,0.715392,0.0524985,0.0227712,0.0501905,0.226046,0.0475983,0,0.911447,0.0725073,2.14638,0.180749,0,0.0752144,0.559272,4.49216,0.635737,0.383602,0.64567,2.57668,0.186334,0.223442,0,0.811126,0.160382,0,-0.000280129,0.249617,0.961056,0.208673,0.0515297,0.0535701,0.00530954,0.00434534,0.435807,0.0499538,5.5826,0.491121,11.4144,0.651483,0.662855,-6.65404,-0.333333,-0.0679259,0.789478,13.9583,7.45833,0,0,1.08333,7.625,0,-6.81702,0.0001,-0.00288508,0.0466541,1.85518,0.141728,49227,0.17381,204.63,2.34981
5674,0.170965,0.662551,0.00492063,0.00492063,0.194589,0.16058,0.772154,0.705104,0.0521548,0.0231587,0.0499041,0.226881,0.0498247,0,0.913629,0.0716992,2.17629,0.187607,0,0.0768274,0.554922,4.48285,0.636011,0.382488,0.644019,2.56751,0.182243,0.224347,0,0.814354,0.14669,0,-0.000296942,0.253112,0.960372,0.208195,0.0513168,0.0532881,0.00536444,0.00432782,0.436651,0.0497037,5.71339,0.251717,11.3424,0.65495,0.666232,-6.51068,-0.333333,-0.0666706,0.773819,13,6.54167,0,0,0.625,7.16667,0,-6.81778,0.0001,-0.00299005,0.0469839,1.82806,0.140866,49927,0.173773,203.22,2.40486
5675,0.176014,0.672975,0.00493331,0.00493331,0.197119,0.163267,0.773631,0.707314,0.0522154,0.0228456,0.0499479,0.227287,0.049951,0,0.913992,0.0716029,2.17365,0.188062,0,0.0764429,0.558489,4.4866,0.635092,0.381068,0.64505,2.57572,0.184832,0.224768,0,0.808106,0.148396,0,-0.000333243,0.252793,0.960601,0.207419,0.051309,0.053329,0.00516603,0.00418422,0.432273,0.0496965,5.66171,0.255849,11.3369,0.655147,0.665572,-6.46412,-0.333333,-0.0674073,0.785689,12.4167,6.125,0,0,0.708333,6.375,0,-6.82341,0.0001,-0.00187303,0.049955,1.86327,0.141522,49034,0.173712,203.64,2.2872
5676,0.175043,0.676196,0.0049153,0.0049153,0.194542,0.163559,0.772,0.718606,0.0520738,0.0232367,0.0498451,0.225323,0.0506016,0,0.910094,0.0734279,2.18116,0.187505,0,0.0757832,0.557656,4.48842,0.635167,0.383192,0.644745,2.57481,0.186239,0.223102,0,0.813703,0.155984,0,-0.000303048,0.256574,0.960494,0.209492,0.0512724,0.0532665,0.0052996,0.00436355,0.432271,0.0496804,5.38873,0.0537543,11.2313,0.658193,0.665198,-6.41316,-0.333333,-0.0667733,0.789264,13.3333,6.58333,0,0,0.833333,5.75,0,-6.8267,0.0001,-0.00271038,0.0514837,1.83991,0.144016,49550,0.173662,205.12,2.49653
5677,0.173209,0.669309,0.00492692,0.00492692,0.194524,0.162522,0.772611,0.705794,0.0525135,0.0223193,0.0502052,0.225728,0.0490489,0,0.90663,0.0707917,2.15986,0.187431,0,0.0767348,0.553016,4.47181,0.633111,0.381683,0.646085,2.58219,0.182525,0.223034,0,0.803233,0.125731,0,-0.00025378,0.253893,0.96146,0.208555,0.0514819,0.0535876,0.00536729,0.00441905,0.428934,0.0499311,5.58391,0.591146,11.4323,0.65053,0.665288,-6.65338,-0.333333,-0.0664464,0.780511,12.8333,6.91667,0,0,0.708333,8.04167,0,-6.82818,0.0001,-0.00181532,0.0470089,1.84883,0.144958,49305,0.173647,202.64,2.33259
5678,0.174817,0.672877,0.00490935,0.00490935,0.196945,0.162714,0.772137,0.719269,0.0524663,0.0225993,0.0501395,0.22622,0.04803,0,0.912487,0.0730944,2.14494,0.18065,0,0.0756517,0.559519,4.47703,0.634532,0.383939,0.644587,2.57338,0.186458,0.22356,0,0.826852,0.181255,0,-0.000257353,0.249232,0.961044,0.208707,0.0515653,0.0535953,0.00542581,0.00442297,0.433713,0.0499818,5.51635,0.507543,11.4788,0.650342,0.664834,-6.65413,-0.333333,-0.0675571,0.787226,14.2083,7.5,0,0,1,7.125,0,-6.83046,0.0001,-0.00256048,0.0481689,1.82817,0.138412,49987,0.173569,203.18,2.3245
5679,0.17823,0.689395,0.00487127,0.00487127,0.200778,0.166062,0.770199,0.734231,0.0518307,0.0235815,0.0496231,0.226057,0.0464249,0,0.919369,0.0752379,2.17791,0.18265,0,0.0752918,0.562153,4.5103,0.637471,0.388655,0.640818,2.55907,0.190586,0.223782,0,0.843823,0.168983,0,-0.000362811,0.244746,0.96077,0.215271,0.0510129,0.0529802,0.00480528,0.00378738,0.431849,0.0493551,5.36954,0.0366956,11.2757,0.656588,0.65871,-6.48818,-0.333333,-0.0692384,0.805737,12.6667,5.625,0,0,0.833333,6.875,0,-6.83498,0.0001,-0.00232707,0.0509243,1.87269,0.139305,48858,0.173544,204.78,2.38906
5680,0.17122,0.660585,0.00489528,0.00489528,0.193328,0.159308,0.771619,0.706136,0.0520021,0.0232387,0.0497873,0.225282,0.0513336,0,0.911769,0.072311,2.15343,0.188814,0,0.0765108,0.559883,4.49531,0.63629,0.385655,0.643302,2.56814,0.183874,0.222732,0,0.799555,0.186499,0,-0.000320994,0.257073,0.960962,0.211695,0.0512083,0.053115,0.00598837,0.00499559,0.434404,0.0496556,5.46343,0.238805,11.2972,0.654886,0.659152,-6.57626,-0.333333,-0.0665358,0.77383,13.75,5.5,0,0,0.916667,6.75,0,-6.83648,0.0001,-0.00141188,0.0479271,1.85969,0.141653,49119,0.173555,205.37,2.5124
5681,0.172451,0.665409,0.00494883,0.00494883,0.192548,0.161806,0.773597,0.697475,0.0522727,0.0228087,0.0500568,0.227026,0.0506995,0,0.910778,0.0704021,2.15899,0.190053,0,0.0768171,0.551883,4.46605,0.632523,0.379066,0.648424,2.59311,0.181364,0.224691,0,0.801008,0.123095,0,-0.000247482,0.256166,0.960846,0.205842,0.0515464,0.0534945,0.00499645,0.00405813,0.430931,0.0499435,5.56139,0.116545,11.2069,0.658384,0.664007,-6.36926,-0.333333,-0.0656601,0.777702,13.2083,6.04167,0,0,0.833333,7.70833,0,-6.83543,0.0001,-0.00205631,0.0463378,1.83599,0.149342,49515,0.173528,201.81,2.36379
5682,0.176232,0.686633,0.00490112,0.00490112,0.198014,0.165919,0.771923,0.72861,0.0522645,0.022558,0.049982,0.227827,0.0482934,0,0.91976,0.0747158,2.16597,0.186208,0,0.0767288,0.556138,4.49055,0.636364,0.38492,0.641681,2.56158,0.187552,0.225102,0,0.839499,0.174814,0,-0.000314177,0.247873,0.961197,0.212269,0.0513109,0.0533148,0.00498797,0.00392299,0.431905,0.049736,5.57429,0.407279,11.2992,0.653916,0.657663,-6.68994,-0.333333,-0.0679732,0.802254,13.125,6.66667,0,0,1.04167,7.5,0,-6.83528,0.0001,-0.00228581,0.044988,1.84462,0.137069,49606,0.173538,204.84,2.31097
5683,0.178155,0.681663,0.0048992,0.0048992,0.198954,0.164419,0.771921,0.721151,0.0521906,0.0224399,0.0499241,0.227696,0.0477715,0,0.920997,0.0738709,2.16647,0.183923,0,0.0760823,0.556066,4.49871,0.636793,0.385178,0.641162,2.56084,0.188419,0.225085,0,0.841701,0.156916,0,-0.000238513,0.251132,0.961914,0.213917,0.0512661,0.053306,0.0052232,0.00419938,0.432121,0.0497466,5.45373,0.404287,11.2717,0.652512,0.656551,-6.71543,-0.333333,-0.0684427,0.797158,11.4583,6.08333,0,0,0.916667,7.66667,0,-6.83688,0.0001,-0.00193919,0.0534583,1.88829,0.140014,48466,0.173501,204.54,2.43858
5684,0.176493,0.683799,0.00490358,0.00490358,0.196341,0.164833,0.771745,0.722003,0.0520036,0.0226749,0.0497573,0.225645,0.0507431,0,0.912167,0.0739974,2.17305,0.190149,0,0.0776031,0.554695,4.49982,0.636574,0.384786,0.641457,2.5634,0.186414,0.222859,0,0.827259,0.163116,0,-0.000263873,0.255495,0.961643,0.215119,0.0511219,0.0531084,0.00576064,0.00469641,0.433883,0.0496114,5.67253,0.465731,11.2646,0.653646,0.656424,-6.74102,-0.333333,-0.0676065,0.799434,11.75,7.33333,0,0,1.08333,7.5,0,-6.84369,0.0001,-0.00277293,0.0524674,1.86877,0.145683,48799,0.173414,204.72,2.3913
5685,0.179492,0.682541,0.00491128,0.00491128,0.20346,0.165654,0.772285,0.715793,0.0524569,0.0228037,0.0501448,0.227624,0.0468399,0,0.917255,0.0719243,2.15501,0.181266,0,0.0758215,0.560475,4.49502,0.635134,0.383645,0.644724,2.57261,0.188035,0.224955,0,0.819713,0.11523,0,-0.000298765,0.246891,0.961519,0.210645,0.0514142,0.0535306,0.00533327,0.00438955,0.431133,0.0498616,5.47721,0.379968,11.3195,0.653389,0.663025,-6.63011,-0.333333,-0.0695672,0.796461,13.8333,7,0,0,0.666667,7.45833,0,-6.85028,0.0001,-0.00289043,0.0468071,1.85631,0.142669,49177,0.173391,204.87,2.30611
5686,0.174247,0.667748,0.00492598,0.00492598,0.197032,0.162173,0.772446,0.700959,0.0522075,0.0228306,0.0499393,0.227583,0.0484883,0,0.915089,0.070376,2.15812,0.186719,0,0.0772814,0.553524,4.4918,0.635591,0.38186,0.644816,2.57835,0.183011,0.225008,0,0.799938,0.127563,0,-0.000275635,0.252437,0.96104,0.209341,0.0513031,0.0533354,0.00496138,0.00396116,0.430331,0.0497081,5.60478,0.232858,11.2508,0.655626,0.661608,-6.51763,-0.333333,-0.0673383,0.7807,14.125,6.375,0,0,0.875,7.875,0,-6.84928,0.0001,-0.00265119,0.0460986,1.90651,0.15685,47642,0.173407,205.62,2.49408
5687,0.178534,0.690971,0.0048993,0.0048993,0.19951,0.16668,0.771619,0.728697,0.052057,0.0227328,0.0498174,0.227322,0.047575,0,0.919935,0.0749208,2.16948,0.184481,0,0.0762499,0.554741,4.5113,0.638147,0.385176,0.640482,2.55809,0.188249,0.224861,0,0.82067,0.166063,0,-0.000201561,0.250083,0.961224,0.214041,0.0512053,0.0532131,0.00481934,0.0038307,0.433333,0.0496464,5.56401,0.257442,11.2113,0.655383,0.657155,-6.64702,-0.333333,-0.0685915,0.80536,11.9583,5.625,0,0,0.75,8.20833,0,-6.84643,0.0001,-0.00170473,0.0433178,1.88535,0.141159,48509,0.173449,204.8,2.6107
5688,0.177881,0.688157,0.00489974,0.00489974,0.20099,0.166471,0.771389,0.727115,0.0522221,0.0227299,0.0499611,0.227714,0.0466897,0,0.919714,0.07409,2.14502,0.182998,0,0.0758632,0.558808,4.49963,0.636986,0.385083,0.641981,2.56746,0.187891,0.225108,0,0.836914,0.14921,0,-0.000316822,0.246743,0.961255,0.210827,0.0513303,0.053299,0.00488314,0.00387253,0.428664,0.049737,5.48137,0.289222,11.312,0.653493,0.658528,-6.59718,-0.333333,-0.0689794,0.801958,12.7083,6.5,0,0,0.875,7.16667,0,-6.8421,0.0001,-0.00243486,0.0467101,1.85567,0.137096,49330,0.173509,203.7,2.18389
5689,0.179098,0.691878,0.00489757,0.00489757,0.198808,0.166964,0.771079,0.732846,0.0522788,0.0222101,0.049976,0.225531,0.0490719,0,0.911911,0.0752798,2.15167,0.187281,0,0.0767107,0.559244,4.49668,0.636349,0.385355,0.642716,2.56536,0.189493,0.222867,0,0.835404,0.178759,0,-0.000271522,0.251527,0.961243,0.212177,0.0513199,0.0533762,0.00544493,0.00445587,0.429715,0.0497659,5.51249,0.407097,11.3745,0.652301,0.662957,-6.68456,-0.333333,-0.0683181,0.804471,13.1667,7,0,0,0.666667,7.45833,0,-6.83869,0.0001,-0.00236652,0.046207,1.86371,0.142734,48994,0.173524,205.56,2.43485
5690,0.179039,0.700505,0.00490038,0.00490038,0.19972,0.169064,0.771901,0.738324,0.0524748,0.0218427,0.0501505,0.226693,0.0475835,0,0.91578,0.075533,2.14467,0.183875,0,0.0766797,0.559331,4.48966,0.636267,0.385055,0.641447,2.55853,0.189091,0.223959,0,0.850471,0.175788,0,-0.00025032,0.246771,0.961259,0.21142,0.0515163,0.0535463,0.00501548,0.00396388,0.430751,0.0499724,5.5511,0.527479,11.408,0.650927,0.663953,-6.75243,-0.333333,-0.0686644,0.816914,12.9583,7.16667,0,0,0.916667,7.625,0,-6.83713,0.0001,-0.0014912,0.0477946,1.88929,0.143665,48355,0.173527,204.54,2.50005
5691,0.176481,0.685078,0.00487461,0.00487461,0.19819,0.164915,0.770552,0.734685,0.0520171,0.0222703,0.0497506,0.228134,0.0492959,0,0.925763,0.0759798,2.19577,0.18393,0,0.0770654,0.557036,4.51317,0.63887,0.388236,0.639673,2.55102,0.188886,0.225432,0,0.81808,0.18749,0,-0.00027904,0.251547,0.961682,0.215733,0.0510734,0.0531014,0.00573955,0.00467727,0.434031,0.0495487,5.49087,0.440674,11.359,0.651427,0.660496,-6.77268,-0.333333,-0.0682968,0.799022,11.4167,5.95833,0,0,0.875,7.54167,0,-6.83396,0.0001,-0.00253619,0.0484471,1.92201,0.14664,47520,0.173549,206.74,2.28802
5692,0.171859,0.656513,0.00491911,0.00491911,0.194728,0.158522,0.772102,0.698875,0.0521834,0.0217607,0.0499093,0.225406,0.0504083,0,0.908968,0.0713504,2.16095,0.190817,0,0.0775194,0.552491,4.47846,0.633607,0.382737,0.644865,2.57552,0.182218,0.222807,0,0.806525,0.123761,0,-0.000195714,0.258244,0.961087,0.210714,0.0513066,0.0533469,0.00553502,0.00454303,0.433362,0.049777,5.5774,0.462852,11.3396,0.653278,0.662057,-6.65788,-0.333333,-0.0668727,0.76609,11.9167,6.66667,0,0,1.16667,6.79167,0,-6.83434,0.0001,-0.002232,0.050613,1.89544,0.141588,48258,0.173498,202.99,2.06452
5693,0.178099,0.688302,0.00489167,0.00489167,0.200054,0.166411,0.771365,0.731839,0.0521636,0.0221944,0.0498774,0.228108,0.0481733,0,0.923058,0.0750978,2.16264,0.184079,0,0.0762862,0.558393,4.50482,0.637427,0.386095,0.64093,2.55499,0.189652,0.225587,0,0.829127,0.161998,0,-0.000259039,0.24922,0.961504,0.212739,0.0512472,0.0532534,0.00515937,0.0041504,0.432188,0.0497033,5.59086,0.404568,11.3392,0.652053,0.660764,-6.72238,-0.333333,-0.0687061,0.803139,12.875,6.95833,0,0,1.08333,8.33333,0,-6.83864,0.0001,-0.0022525,0.0490197,1.8569,0.155859,48840,0.173459,204.37,2.4734
5694,0.179643,0.68948,0.00489377,0.00489377,0.199645,0.166483,0.771875,0.728569,0.0523681,0.0226328,0.0500365,0.227569,0.0465071,0,0.920401,0.0742095,2.15854,0.182804,0,0.0767299,0.559329,4.50059,0.63652,0.385873,0.642088,2.56503,0.189917,0.224883,0,0.836207,0.156512,0,-0.000284595,0.248517,0.961081,0.212237,0.0513283,0.0533924,0.00484307,0.0038023,0.429239,0.0497393,5.52196,0.426322,11.3911,0.652327,0.664486,-6.73342,-0.333333,-0.0686416,0.805712,13,7.25,0,0,1.29167,6.45833,0,-6.83703,0.0001,-0.00230313,0.0496971,1.89513,0.143983,48209,0.173509,206.82,2.56516
5695,0.176917,0.690698,0.00487758,0.00487758,0.200292,0.166087,0.771145,0.734423,0.0520677,0.0224054,0.0497971,0.225614,0.0481758,0,0.915623,0.0752967,2.16092,0.182756,0,0.0762457,0.558958,4.50965,0.638571,0.387882,0.638374,2.55201,0.188022,0.222861,0,0.835498,0.160781,0,-0.000290471,0.248529,0.961994,0.216908,0.0510647,0.0530471,0.00539929,0.00440052,0.433161,0.0495665,5.50028,0.512938,11.3244,0.651499,0.654354,-6.86209,-0.333333,-0.0691225,0.806914,13.1667,7.875,0,0,1.33333,8.875,0,-6.83479,0.0001,-0.00219064,0.0433256,1.874,0.140852,48789,0.173538,206.06,2.43706
5696,0.177636,0.685691,0.0048918,0.0048918,0.199693,0.165421,0.7716,0.729108,0.0520125,0.0229232,0.0497612,0.22674,0.0475967,0,0.917858,0.0747522,2.17002,0.182772,0,0.0766778,0.555129,4.50455,0.637613,0.38617,0.640577,2.55388,0.188382,0.224149,0,0.824336,0.155087,0,-0.00027271,0.250403,0.961076,0.214744,0.051172,0.0531531,0.00573449,0.00471365,0.432334,0.0496103,5.5549,0.309244,11.3239,0.654337,0.660931,-6.62756,-0.333333,-0.0686989,0.800442,12.8333,7.04167,0,0,0.625,7.16667,0,-6.83471,0.0001,-0.00250432,0.0467003,1.85613,0.14718,49070,0.173525,204.69,2.52443
5697,0.179776,0.691413,0.00489872,0.00489872,0.20238,0.167146,0.772036,0.731563,0.0519934,0.0230254,0.0497633,0.227271,0.0470593,0,0.918311,0.0748169,2.14176,0.182516,0,0.0752165,0.560767,4.50754,0.637993,0.385243,0.642877,2.55186,0.190027,0.224619,0,0.831936,0.162592,0,-0.000262414,0.24639,0.961092,0.213313,0.0512281,0.053139,0.00513921,0.00412287,0.437098,0.0496333,5.60263,0.150502,11.2298,0.656351,0.659525,-6.55643,-0.333333,-0.0694731,0.807688,12.2083,6.20833,0,0,0.666667,6.95833,0,-6.8377,0.0001,-0.00289392,0.0514561,1.87721,0.144008,48636,0.173458,203.88,2.46156
5698,0.175191,0.67004,0.00489932,0.00489932,0.199939,0.162016,0.771359,0.710477,0.0521598,0.022578,0.049901,0.227353,0.0488092,0,0.918807,0.0723969,2.17401,0.185844,0,0.0765142,0.561211,4.50891,0.638148,0.385135,0.642156,2.55829,0.185616,0.224792,0,0.81696,0.166607,0,-0.000317791,0.247472,0.961495,0.211918,0.0512453,0.053176,0.00499448,0.00399338,0.433623,0.0496751,5.60356,0.333614,11.283,0.654036,0.662081,-6.68855,-0.333333,-0.0686434,0.780911,12.875,6.75,0,0,0.916667,7.5,0,-6.84042,0.0001,-0.00289251,0.0475567,1.84081,0.142069,49576,0.173418,205.95,2.26511
5699,0.175795,0.6822,0.00488901,0.00488901,0.198905,0.164639,0.77164,0.724336,0.0520316,0.0226412,0.0497759,0.225576,0.0476362,0,0.913409,0.0739444,2.1721,0.182621,0,0.0762976,0.556927,4.50394,0.637981,0.38643,0.640044,2.55198,0.187489,0.223065,0,0.828779,0.154189,0,-0.000262877,0.247566,0.961414,0.215412,0.0510982,0.053119,0.00522882,0.00418827,0.432337,0.049546,5.57808,0.300489,11.2721,0.654327,0.658719,-6.68235,-0.333333,-0.0684173,0.796459,12.75,6.95833,0,0,1.33333,7.45833,0,-6.83836,0.0001,-0.00217432,0.0465085,1.85853,0.139357,49204,0.173428,203.94,2.36539
5700,0.173473,0.671803,0.00491003,0.00491003,0.196689,0.162382,0.771852,0.719335,0.0518877,0.0233598,0.0496443,0.226857,0.0494895,0,0.915037,0.0738558,2.15847,0.187938,0,0.0766595,0.557471,4.50257,0.637312,0.383823,0.642294,2.56195,0.185921,0.224281,0,0.811649,0.159328,0,-0.000336567,0.251018,0.960656,0.212659,0.0510456,0.0530177,0.00551046,0.00446719,0.436909,0.0494482,5.75927,0.0626475,11.1882,0.658718,0.664679,-6.47199,-0.333333,-0.0674624,0.78234,12.7083,6.33333,0,0,0.833333,5.70833,0,-6.83628,0.0001,-0.00244191,0.046726,1.86339,0.133496,49228,0.17342,203.35,2.36156
5701,0.1771,0.687066,0.00491034,0.00491034,0.200513,0.166358,0.772027,0.725638,0.0519969,0.0232665,0.0497495,0.226426,0.04816,0,0.913214,0.0737834,2.16663,0.183106,0,0.076116,0.55679,4.50395,0.637242,0.383777,0.644016,2.56673,0.187338,0.223832,0,0.83803,0.150765,0,-0.000312943,0.248706,0.96057,0.212351,0.0511053,0.0531101,0.00539916,0.0044012,0.433579,0.0495081,5.62374,0.0968431,11.2492,0.657651,0.666447,-6.48514,-0.333333,-0.0687088,0.800933,13.4167,7.5,0,0,0.75,6.16667,0,-6.83622,0.0001,-0.00261634,0.0517178,1.84479,0.1425,49466,0.173489,204.66,2.51139
5702,0.177932,0.683471,0.00489498,0.00489498,0.201609,0.164901,0.771399,0.726525,0.0519571,0.0232034,0.0497402,0.227149,0.0467941,0,0.918946,0.0743596,2.16032,0.178776,0,0.0751434,0.558074,4.50955,0.638464,0.385791,0.641661,2.55626,0.190048,0.224536,0,0.812555,0.158924,0,-0.000266248,0.247587,0.961332,0.214744,0.0511175,0.0531008,0.00556012,0.00452869,0.43263,0.0495724,5.59278,0.122297,11.1785,0.657286,0.657466,-6.57281,-0.333333,-0.0693631,0.796992,13.1667,6.08333,0,0,0.958333,7.25,0,-6.83064,0.0001,-0.0019135,0.0506015,1.83298,0.142623,49759,0.173566,204.81,2.26558
5703,0.172988,0.665009,0.00492117,0.00492117,0.197153,0.160952,0.77157,0.698624,0.0520874,0.0229417,0.0498362,0.226611,0.0517375,0,0.911959,0.0705136,2.1675,0.191551,0,0.0777269,0.557389,4.49359,0.636495,0.38242,0.643636,2.56553,0.182045,0.223928,0,0.790766,0.128903,0,-0.000275927,0.253654,0.96092,0.210743,0.0511732,0.0532215,0.00535028,0.00437922,0.434677,0.0496013,5.78648,0.179673,11.2254,0.657079,0.664528,-6.52784,-0.333333,-0.0674658,0.77274,13.9167,7.125,0,0,0.791667,6.875,0,-6.82793,0.0001,-0.00203389,0.0478428,1.84615,0.144178,49390,0.173561,205.34,2.31362
5704,0.178938,0.701744,0.00487629,0.00487629,0.202308,0.16847,0.77009,0.751588,0.0518875,0.0231233,0.0496305,0.227967,0.0485501,0,0.925051,0.0788499,2.18703,0.180105,0,0.0760399,0.555148,4.52347,0.640459,0.388031,0.637482,2.54305,0.191699,0.225174,0,0.833454,0.203974,0,-0.000315194,0.246501,0.961383,0.216849,0.0509352,0.0528994,0.00584036,0.0047569,0.435119,0.0493881,5.71423,0.257774,11.2318,0.655795,0.657639,-6.7316,-0.333333,-0.0699148,0.817479,13.2083,7.5,0,0,1.125,7.20833,0,-6.82971,0.0001,-0.0022303,0.0453192,1.84886,0.137818,49481,0.173557,206.12,2.34476
5705,0.178663,0.692315,0.00489392,0.00489392,0.19908,0.16714,0.771506,0.732829,0.0520561,0.023247,0.0497786,0.226207,0.0492969,0,0.914499,0.0749531,2.14424,0.185167,0,0.0764107,0.559474,4.51181,0.638299,0.385812,0.64232,2.55737,0.189221,0.223504,0,0.824107,0.159437,0,-0.000321447,0.251823,0.961535,0.213543,0.0511284,0.0531658,0.00585313,0.00489573,0.435593,0.0495669,5.6029,0.178204,11.2165,0.65665,0.661433,-6.57801,-0.333333,-0.0683685,0.807176,14.4583,6.79167,0,0,0.666667,6.75,0,-6.83175,0.0001,-0.00216016,0.0468109,1.84045,0.156824,49219,0.173529,205.3,2.38255
5706,0.181258,0.70284,0.0049055,0.0049055,0.200648,0.17032,0.77269,0.738677,0.0521535,0.023134,0.0498815,0.227447,0.0496525,0,0.917209,0.0753882,2.14463,0.183358,0,0.0754406,0.561442,4.5048,0.637857,0.384359,0.643378,2.55795,0.1906,0.224738,0,0.847939,0.157508,0,-0.000301665,0.248163,0.961593,0.211098,0.0512798,0.0532658,0.00559748,0.00461268,0.433419,0.0497013,5.64688,0.123472,11.1956,0.656677,0.660582,-6.543,-0.333333,-0.0687398,0.821382,13.125,6.20833,0,0,0.791667,5.95833,0,-6.8321,0.0001,-0.00197312,0.0460106,1.86837,0.143511,48861,0.173554,203.42,2.54236
5707,0.179806,0.697741,0.00488748,0.00488748,0.201353,0.167919,0.771167,0.729956,0.0519481,0.0229191,0.0496748,0.226741,0.0498407,0,0.917962,0.0750817,2.1608,0.18534,0,0.0765783,0.560227,4.51339,0.638381,0.386683,0.641661,2.55364,0.18895,0.223903,0,0.843704,0.158649,0,-0.000259473,0.251013,0.961872,0.216152,0.0509755,0.053062,0.00559977,0.00462733,0.434826,0.0494407,5.67374,0.198778,11.1768,0.655974,0.654533,-6.68295,-0.333333,-0.0694355,0.812924,12.75,6,0,0,0.916667,6.75,0,-6.82954,0.0001,-0.00275957,0.0475445,1.84146,0.14614,49458,0.173588,206.07,2.77495
5708,0.177282,0.690044,0.00490184,0.00490184,0.20091,0.167042,0.771578,0.731711,0.052338,0.0224773,0.0500106,0.227425,0.0483328,0,0.916956,0.0743716,2.15037,0.181897,0,0.0763238,0.553309,4.48538,0.635211,0.384851,0.643199,2.56937,0.188311,0.224514,0,0.84213,0.135952,0,-0.000221709,0.24651,0.961623,0.212037,0.0513494,0.0534586,0.00558158,0.00458508,0.43395,0.0497888,5.73416,0.370856,11.3072,0.652722,0.660919,-6.70194,-0.333333,-0.0688587,0.803773,13.8333,6.91667,0,0,0.708333,7.625,0,-6.82898,0.0001,-0.001718,0.0510933,1.86988,0.143148,48833,0.173578,204.68,2.49035
5709,0.176601,0.673428,0.00491253,0.00491253,0.199719,0.16286,0.771591,0.713203,0.0520208,0.0227416,0.0497802,0.228772,0.0496881,0,0.922489,0.0726203,2.15534,0.185524,0,0.0764075,0.557718,4.49499,0.636901,0.383489,0.643527,2.56215,0.186303,0.226026,0,0.823575,0.161666,0,-0.000291345,0.24826,0.961118,0.210816,0.0512682,0.0531645,0.00555856,0.0045279,0.436647,0.0496947,5.81014,0.147504,11.1956,0.657537,0.658962,-6.54371,-0.333333,-0.0685603,0.781573,12.2083,6.29167,0,0,0.666667,6.41667,0,-6.83014,0.0001,-0.00230266,0.052662,1.88262,0.13979,48607,0.173589,203.85,2.18371
5710,0.176027,0.670301,0.00492916,0.00492916,0.200971,0.162566,0.772979,0.706474,0.0523346,0.0226232,0.0500793,0.228325,0.0475044,0,0.917296,0.0716594,2.16528,0.179623,0,0.0759351,0.554036,4.49592,0.635996,0.381418,0.645737,2.57226,0.185166,0.225555,0,0.783199,0.159182,0,-0.000236796,0.245759,0.961563,0.208564,0.0515093,0.0534586,0.00559566,0.00463871,0.43556,0.0499712,5.78996,0.211434,11.2015,0.656779,0.658345,-6.56758,-0.333333,-0.0687094,0.781681,13.75,6.375,0,0,0.916667,7.16667,0,-6.83034,0.0001,-0.00240442,0.0482169,1.88946,0.140919,48416,0.173569,203.41,2.08992
5711,0.177103,0.688572,0.00489939,0.00489939,0.201342,0.166363,0.771064,0.726157,0.0523524,0.0229808,0.0500542,0.227375,0.0474249,0,0.917889,0.0744493,2.14471,0.182666,0,0.0761053,0.555008,4.49136,0.636608,0.385126,0.642276,2.56719,0.187023,0.224585,0,0.829039,0.150119,0,-0.000262431,0.241915,0.961591,0.210201,0.0514902,0.0534473,0.0048619,0.00382891,0.43184,0.0498913,5.66423,0.290313,11.2584,0.65582,0.663203,-6.66864,-0.333333,-0.0691514,0.801355,12.875,6.875,0,0,1.04167,6.5,0,-6.83148,0.0001,-0.0028889,0.0511074,1.86795,0.147001,48787,0.17359,204.19,2.3918
5712,0.175579,0.685721,0.00491037,0.00491037,0.196208,0.165531,0.771443,0.728772,0.0520714,0.0231356,0.0498399,0.226217,0.0497485,0,0.912856,0.0753115,2.17044,0.190501,0,0.0768982,0.555084,4.49561,0.636977,0.383795,0.642864,2.57117,0.18618,0.223541,0,0.82249,0.171966,0,-0.000300658,0.251455,0.961342,0.211444,0.0512792,0.0531788,0.00486263,0.00386109,0.430788,0.0496855,5.57946,0.0783318,11.1778,0.659322,0.663045,-6.53369,-0.333333,-0.0674731,0.795792,13.9167,7.5,0,0,0.583333,6.625,0,-6.82862,0.0001,-0.0026317,0.0473049,1.91006,0.13863,47983,0.173646,204.09,2.28727
5713,0.17792,0.68996,0.00490056,0.00490056,0.197761,0.16659,0.769945,0.728549,0.0522846,0.0225056,0.0500059,0.227376,0.048472,0,0.918808,0.0744391,2.14741,0.183508,0,0.0768665,0.552442,4.49112,0.635636,0.384985,0.642487,2.57013,0.188636,0.224732,0,0.827161,0.157428,0,-0.000293045,0.246692,0.96154,0.211619,0.0513584,0.0533304,0.0051732,0.00422035,0.432388,0.0497804,5.67386,0.325861,11.2898,0.654849,0.66136,-6.6775,-0.333333,-0.0679293,0.799847,13.875,7.25,0,0,1.20833,7.75,0,-6.82769,0.0001,-0.00215981,0.0474774,1.86993,0.143848,48815,0.173619,205.34,2.51041
5714,0.180724,0.699139,0.00488309,0.00488309,0.199704,0.168469,0.7697,0.737809,0.0519097,0.0232261,0.049696,0.227313,0.0494723,0,0.921381,0.075988,2.14992,0.18442,0,0.0760609,0.558967,4.5119,0.638217,0.387222,0.641145,2.56266,0.19161,0.224684,0,0.837935,0.164192,0,-0.000335975,0.249243,0.961248,0.213407,0.0511559,0.0530084,0.00535268,0.00432958,0.432523,0.049549,5.55407,0.0211989,11.1785,0.658924,0.659502,-6.56936,-0.333333,-0.0688438,0.809309,11.7917,6.04167,0,0,0.708333,6.625,0,-6.82898,0.0001,-0.002337,0.0532421,1.90312,0.145476,47985,0.173604,206.13,2.42127
5715,0.17354,0.676862,0.00490601,0.00490601,0.197777,0.163053,0.770291,0.720454,0.0521885,0.0229743,0.0499356,0.228053,0.0492094,0,0.920956,0.0742703,2.17297,0.186216,0,0.0768873,0.550696,4.48956,0.636964,0.384329,0.64103,2.56196,0.185138,0.225458,0,0.807159,0.195291,0,-0.000248034,0.247028,0.960598,0.209725,0.0515053,0.0533849,0.00478888,0.00381955,0.430083,0.0498591,5.54622,0.0675032,11.2395,0.658894,0.66605,-6.51923,-0.333333,-0.0680256,0.783526,14.2917,8.08333,0,0,0.833333,6.20833,0,-6.82646,0.0001,-0.0023252,0.0451344,1.89884,0.14689,48053,0.173658,202.89,2.11472
5716,0.179753,0.706205,0.00490235,0.00490235,0.199766,0.1704,0.770278,0.742023,0.0521578,0.023075,0.049927,0.227598,0.0493296,0,0.919949,0.0766144,2.16563,0.180935,0,0.0759725,0.549659,4.47394,0.634716,0.384766,0.642569,2.57248,0.18867,0.22498,0,0.840773,0.154848,0,-0.000176828,0.250964,0.960706,0.211424,0.0514655,0.0534428,0.00535495,0.00439798,0.430218,0.0498375,5.48084,0.0625943,11.2116,0.659081,0.665785,-6.50628,-0.333333,-0.0686233,0.815595,13.75,7.33333,0,0,1.125,6,0,-6.82155,0.0001,-0.0015488,0.0501951,1.86844,0.141358,48912,0.173677,205.8,2.39241
5717,0.176144,0.683364,0.0049001,0.0049001,0.197081,0.164949,0.769353,0.725132,0.052146,0.0232304,0.0498988,0.224741,0.0487236,0,0.908551,0.0747222,2.16171,0.183644,0,0.0761502,0.55102,4.49057,0.636311,0.385056,0.643073,2.57491,0.187341,0.222109,0,0.823958,0.154137,0,-0.000207432,0.250482,0.96094,0.210915,0.0514769,0.0533994,0.00537663,0.00442954,0.429297,0.0498739,5.42767,0.0571028,11.2271,0.658678,0.666523,-6.52491,-0.333333,-0.0677152,0.787877,13.375,6.79167,0,0,0.833333,6.25,0,-6.81774,0.0001,-0.00282253,0.0511909,1.84007,0.143294,49564,0.173707,204.27,2.35228
5718,0.17762,0.690692,0.00489217,0.00489217,0.199928,0.166434,0.770091,0.731236,0.0517253,0.0236585,0.0495693,0.227005,0.0476795,0,0.919892,0.0760089,2.15368,0.180463,0,0.0747986,0.557626,4.50461,0.637893,0.386035,0.642037,2.56216,0.188172,0.22446,0,0.812343,0.179899,0,-0.000291456,0.24897,0.960689,0.213152,0.0511279,0.0529184,0.00559369,0.00462864,0.430763,0.049539,5.44926,-0.191776,11.1368,0.660646,0.660987,-6.4202,-0.333333,-0.0688814,0.799699,13.625,7.125,0,0,0.625,5.91667,0,-6.81503,0.0001,-0.00171764,0.0495172,1.86801,0.147909,48763,0.173701,206.2,2.33802
5719,0.17624,0.685818,0.00488401,0.00488401,0.197243,0.165245,0.768654,0.735053,0.051747,0.0236035,0.0495864,0.225911,0.0498721,0,0.915869,0.0759272,2.17472,0.184285,0,0.0756511,0.554718,4.50985,0.637421,0.387095,0.640042,2.56391,0.189321,0.223302,0,0.83411,0.171649,0,-0.000236771,0.250428,0.960947,0.213888,0.0512104,0.0529932,0.00519203,0.00416093,0.43061,0.0495641,5.48891,-0.0792549,11.1265,0.660138,0.659944,-6.50092,-0.333333,-0.0679641,0.791381,13.5,6.58333,0,0,0.833333,6.79167,0,-6.81487,0.0001,-0.00220552,0.0483214,1.87775,0.141995,48671,0.173685,205.31,2.3756
5720,0.176689,0.683703,0.00490645,0.00490645,0.195598,0.165305,0.770202,0.721899,0.0520289,0.023585,0.0498265,0.226838,0.0500841,0,0.915688,0.0736871,2.1504,0.189178,0,0.0765037,0.55086,4.49253,0.636284,0.384241,0.64285,2.56928,0.186705,0.224302,0,0.828657,0.157431,0,-0.000179327,0.249805,0.960883,0.209007,0.0515553,0.0533526,0.00466163,0.00367226,0.429072,0.0498952,5.46409,-0.170919,11.1301,0.660349,0.661837,-6.38768,-0.333333,-0.0671396,0.789024,13.4583,6.33333,0,0,1.125,6.5,0,-6.81714,0.0001,-0.00135877,0.0528234,1.86405,0.145889,48909,0.173625,205.46,2.51357
5721,0.176235,0.679551,0.00491209,0.00491209,0.195289,0.164258,0.770011,0.71757,0.0520877,0.0234415,0.0498911,0.226516,0.0500943,0,0.913255,0.0732859,2.14671,0.185972,0,0.0763055,0.549471,4.48992,0.635656,0.383591,0.642907,2.57947,0.185914,0.223725,0,0.822311,0.146429,0,-0.000170668,0.253832,0.961102,0.209842,0.0514642,0.0533483,0.00552008,0.00454908,0.428706,0.0498554,5.49402,0.103826,11.2067,0.658343,0.659787,-6.50749,-0.333333,-0.0671083,0.785424,13.7083,6.54167,0,0,0.833333,7.33333,0,-6.81915,0.0001,-0.00255658,0.0487462,1.93418,0.156168,47027,0.173671,206.06,2.44223
5722,0.174274,0.675004,0.00488982,0.00488982,0.194767,0.162162,0.769163,0.719754,0.0520608,0.0228187,0.0498244,0.226069,0.0497664,0,0.915865,0.0737053,2.17388,0.188002,0,0.0773721,0.547771,4.48921,0.635391,0.38636,0.641796,2.5763,0.186041,0.223371,0,0.820201,0.177146,0,-0.000268879,0.250934,0.961132,0.213415,0.0512748,0.053164,0.0053407,0.00437148,0.43173,0.0496882,5.47039,0.260736,11.2618,0.65568,0.663296,-6.6415,-0.333333,-0.0671515,0.779715,12.9583,6.58333,0,0,1.16667,6.25,0,-6.8148,0.0001,-0.00229424,0.0499221,1.92703,0.154635,47223,0.173701,207.09,2.38961
5723,0.173209,0.668624,0.00489974,0.00489974,0.194145,0.161124,0.769429,0.707699,0.052223,0.0229555,0.0500018,0.225272,0.0497903,0,0.910279,0.0716774,2.15563,0.187779,0,0.0757841,0.549232,4.4885,0.635537,0.385168,0.644157,2.57806,0.184274,0.22248,0,0.814829,0.141008,0,-0.000211243,0.250518,0.961457,0.211135,0.051533,0.0534057,0.0053902,0.00443784,0.429486,0.0499616,5.33948,0.263436,11.2055,0.656624,0.657788,-6.63675,-0.333333,-0.0668634,0.771942,13.1667,6.125,0,0,0.916667,6.83333,0,-6.81276,0.0001,-0.00219559,0.0466877,1.96506,0.148968,46500,0.173711,204.51,2.15523
5724,0.176338,0.68644,0.00488886,0.00488886,0.197131,0.16515,0.769831,0.725354,0.0520856,0.0234947,0.0498225,0.226125,0.0483641,0,0.914858,0.0743769,2.17125,0.18668,0,0.0769985,0.552975,4.49502,0.637362,0.386566,0.641242,2.56552,0.186953,0.223148,0,0.807825,0.15989,0,-0.000236326,0.250032,0.960848,0.213154,0.0513197,0.053236,0.00495682,0.00397953,0.429262,0.0497017,5.43544,0.183083,11.2705,0.656549,0.65939,-6.65979,-0.333333,-0.0679288,0.794512,14,7.5,0,0,0.75,7.33333,0,-6.81041,0.0001,-0.00170255,0.0498814,1.90508,0.153579,47751,0.173752,205.73,2.48147
5725,0.175351,0.685468,0.00488847,0.00488847,0.197523,0.165039,0.769422,0.730385,0.0519484,0.0236305,0.0497645,0.225448,0.0481413,0,0.913279,0.0759421,2.15988,0.182303,0,0.0751467,0.550755,4.48951,0.6357,0.386496,0.641723,2.56914,0.187529,0.222846,0,0.825537,0.197743,0,-0.000229161,0.248197,0.960985,0.212213,0.0513409,0.053182,0.00501717,0.00407044,0.426741,0.0496912,5.25561,-0.0563002,11.1464,0.659906,0.656268,-6.51609,-0.333333,-0.0680642,0.792545,13.25,6.625,0,0,0.916667,6.75,0,-6.81085,0.0001,-0.003017,0.0512517,1.89355,0.137865,48392,0.173698,202.06,2.00442
5726,0.172436,0.665966,0.00493051,0.00493051,0.194023,0.161253,0.771183,0.706538,0.0520134,0.0233768,0.0498454,0.22731,0.0500038,0,0.914026,0.072426,2.16507,0.189083,0,0.0765522,0.546714,4.48132,0.634696,0.381258,0.646274,2.58477,0.182415,0.224765,0,0.786648,0.16417,0,-0.000186185,0.252286,0.960413,0.207226,0.0515457,0.0533653,0.0050468,0.00408035,0.427285,0.049893,5.51514,-0.100377,11.1259,0.661342,0.663572,-6.33219,-0.333333,-0.0663875,0.770589,13.6667,6.29167,0,0,1.08333,6.16667,0,-6.81562,0.0001,-0.0016371,0.0522224,1.89713,0.146595,48100,0.173715,202.56,2.18283
5727,0.177682,0.688129,0.0048929,0.0048929,0.197812,0.166041,0.769327,0.732384,0.0518009,0.0238499,0.0496481,0.225298,0.047927,0,0.912932,0.0755408,2.17037,0.18296,0,0.0749202,0.552024,4.49817,0.636612,0.38594,0.642308,2.5705,0.189845,0.222918,0,0.842745,0.173336,0,-0.000246891,0.24897,0.960514,0.212099,0.0513139,0.05311,0.00500931,0.00410675,0.428433,0.0496679,5.22538,-0.206442,11.1603,0.660645,0.660782,-6.36742,-0.333333,-0.0680493,0.795283,13.75,6.79167,0,0,1.125,5.58333,0,-6.81389,0.0001,-0.0025812,0.0514603,1.87967,0.151331,48401,0.173749,204.36,2.36504
5728,0.173798,0.673372,0.00490318,0.00490318,0.194216,0.162728,0.770655,0.710806,0.0521146,0.023397,0.0499213,0.22653,0.0490987,0,0.914983,0.0727024,2.156,0.187889,0,0.0761234,0.549353,4.48757,0.634941,0.384653,0.645784,2.57917,0.184034,0.223858,0,0.824078,0.160569,0,-0.000156459,0.252388,0.960925,0.209748,0.0515958,0.0534439,0.00485635,0.00388218,0.429882,0.0499468,5.31355,0.0407497,11.1837,0.659152,0.660166,-6.47617,-0.333333,-0.0667173,0.778754,13.4167,6.54167,0,0,1.04167,6.83333,0,-6.81134,0.0001,-0.00202834,0.0516635,1.91975,0.145091,47608,0.173782,205.49,2.40964
5729,0.174208,0.66844,0.00491135,0.00491135,0.195806,0.161471,0.771585,0.706018,0.0521677,0.0235474,0.0499964,0.225969,0.0489056,0,0.912834,0.0720994,2.14938,0.188129,0,0.0758695,0.550645,4.47924,0.633859,0.383691,0.645402,2.58213,0.184362,0.223542,0,0.806121,0.152621,0,-0.000175373,0.251179,0.961022,0.209005,0.0516752,0.0534553,0.00512582,0.00420666,0.426931,0.0500462,5.23947,0.0304957,11.1624,0.659598,0.658696,-6.4578,-0.333333,-0.0672794,0.777399,14.1667,6.625,0,0,1.16667,6.66667,0,-6.80974,0.0001,-0.00190197,0.0490433,1.90021,0.147856,47998,0.173848,205.41,2.5253
5730,0.178781,0.690909,0.00490333,0.00490333,0.19658,0.167177,0.770132,0.731754,0.052151,0.0235733,0.0499654,0.226423,0.0472449,0,0.914389,0.0748791,2.15335,0.184285,0,0.0756405,0.548882,4.47971,0.63416,0.384646,0.643248,2.5853,0.189411,0.223883,0,0.851056,0.173038,0,-0.000192231,0.248895,0.960761,0.209824,0.0515722,0.053475,0.00488279,0.00395163,0.427494,0.0499041,5.30993,-0.057336,11.1761,0.659194,0.659575,-6.39139,-0.333333,-0.0674501,0.799771,14.1667,5.95833,0,0,0.916667,6.08333,0,-6.80761,0.0001,-0.00214379,0.0559797,1.95052,0.148457,46834,0.173892,204.31,2.32862
5731,0.176707,0.68627,0.0048966,0.0048966,0.195975,0.165327,0.770618,0.732469,0.0517612,0.0244747,0.0496536,0.22679,0.0482524,0,0.918889,0.0765317,2.16413,0.184184,0,0.0745357,0.549909,4.48647,0.635198,0.385541,0.643531,2.58212,0.188376,0.224455,0,0.820147,0.17249,0,-0.000266646,0.251839,0.960608,0.212058,0.051357,0.0530943,0.00545713,0.00449652,0.429243,0.0496969,5.2179,-0.282079,11.0576,0.663111,0.654847,-6.2891,-0.333333,-0.0674753,0.796003,13.0833,5.16667,0,0,0.916667,6.125,0,-6.80774,0.0001,-0.00280165,0.0463206,1.8569,0.147342,49047,0.173885,202.86,2.26152
5732,0.175678,0.684927,0.00489237,0.00489237,0.194478,0.165132,0.769713,0.725428,0.0519896,0.0237308,0.0497835,0.225624,0.0500407,0,0.912865,0.0751172,2.15126,0.187623,0,0.0762444,0.553459,4.48874,0.635292,0.386008,0.642643,2.56871,0.186418,0.222952,0,0.815659,0.157671,0,-0.000184514,0.255201,0.960478,0.210821,0.0513773,0.053324,0.00525999,0.00433545,0.43009,0.0497338,5.35821,-0.0306916,11.2019,0.658644,0.661651,-6.45011,-0.333333,-0.0670216,0.793355,13.5833,6.625,0,0,0.75,5.875,0,-6.80884,0.0001,-0.00122446,0.0452596,1.90056,0.152396,47884,0.17389,205.64,2.61131
5733,0.177979,0.688922,0.00486406,0.00486406,0.199535,0.165372,0.768811,0.738276,0.0523409,0.0227402,0.0500145,0.226847,0.0470621,0,0.922089,0.0761681,2.14607,0.178687,0,0.0757085,0.554387,4.49542,0.637282,0.38956,0.638507,2.55035,0.191004,0.22388,0,0.834837,0.175462,0,-0.000220092,0.246086,0.961815,0.214466,0.0514063,0.0534522,0.00492858,0.00396245,0.428456,0.0497988,5.3078,0.451667,11.3876,0.650568,0.658808,-6.82457,-0.333333,-0.069056,0.798694,13,6.625,0,0,1.29167,6.75,0,-6.80791,0.0001,-0.00231893,0.048225,1.91946,0.143013,47663,0.173909,208.23,2.64515
5734,0.179059,0.691208,0.00489673,0.00489673,0.200017,0.166714,0.770609,0.729087,0.051981,0.0230697,0.0497572,0.227609,0.0472682,0,0.920762,0.0754572,2.15726,0.18389,0,0.0761148,0.555901,4.49869,0.636732,0.385522,0.641501,2.56676,0.188845,0.224949,0,0.832811,0.156262,0,-0.000285663,0.248074,0.961145,0.212414,0.0512069,0.0531139,0.00490216,0.00398428,0.432473,0.0495999,5.46356,0.0920411,11.2223,0.656309,0.659902,-6.54769,-0.333333,-0.0688526,0.802392,13.75,7.04167,0,0,1.04167,7.20833,0,-6.80746,0.0001,-0.00191347,0.0487332,1.8884,0.144579,48354,0.17389,206.52,2.57411
5735,0.177798,0.688137,0.00491757,0.00491757,0.197014,0.166239,0.771316,0.727474,0.0520992,0.0235749,0.0498934,0.22818,0.0490713,0,0.919596,0.0754596,2.15134,0.186332,0,0.0754076,0.554492,4.48259,0.635502,0.382961,0.643967,2.57425,0.187658,0.22555,0,0.823148,0.189902,0,-0.000283656,0.25209,0.960509,0.207827,0.0514895,0.0533481,0.00542051,0.00449414,0.432144,0.0498663,5.49169,-0.121233,11.158,0.659765,0.658336,-6.36416,-0.333333,-0.0675791,0.795922,14.7083,6.54167,0,0,0.916667,5.95833,0,-6.80774,0.0001,-0.00243354,0.0501782,1.89762,0.142663,48181,0.173862,204.67,2.44968
5736,0.174386,0.666738,0.00492605,0.00492605,0.194922,0.161251,0.771417,0.705592,0.0521087,0.0233452,0.0499324,0.226517,0.0514382,0,0.911471,0.0724218,2.1631,0.191736,0,0.0763565,0.548501,4.47217,0.632916,0.381818,0.646943,2.58847,0.184655,0.22394,0,0.784907,0.165718,0,-0.000226282,0.25346,0.960951,0.207534,0.0515495,0.0534158,0.00513132,0.00422904,0.428765,0.0499296,5.32401,-0.105883,11.1273,0.659978,0.660483,-6.32327,-0.333333,-0.0668265,0.774278,13.7917,6.25,0,0,1,5.41667,0,-6.80805,0.0001,-0.00215814,0.0495001,1.85311,0.14114,49293,0.173825,202.22,2.11864
5737,0.181275,0.697454,0.00488732,0.00488732,0.199395,0.168379,0.769844,0.737566,0.0520639,0.0235011,0.0498515,0.226194,0.0488388,0,0.916562,0.0753638,2.14969,0.184588,0,0.0747104,0.558963,4.4958,0.636302,0.386641,0.64363,2.57361,0.192138,0.223699,0,0.825317,0.154187,0,-0.000296586,0.248008,0.960869,0.21153,0.0513806,0.053316,0.00527436,0.00437805,0.430943,0.0497577,5.34764,-0.0994342,11.1892,0.658483,0.658642,-6.4355,-0.333333,-0.0685157,0.807071,12.6667,6,0,0,0.833333,5.29167,0,-6.81073,0.0001,-0.00234493,0.0477289,1.85235,0.13701,49414,0.17377,206.12,2.48271
5738,0.180808,0.709127,0.00488565,0.00488565,0.201191,0.170962,0.769666,0.747723,0.052059,0.0236779,0.0498414,0.227092,0.0472282,0,0.921046,0.0774971,2.1545,0.182909,0,0.0753791,0.555823,4.49398,0.6361,0.386856,0.642834,2.57356,0.191225,0.224576,0,0.870198,0.176447,0,-0.000284819,0.247108,0.9611,0.212453,0.0513317,0.0532629,0.00511671,0.00424334,0.428489,0.0496969,5.32932,-0.0399911,11.1565,0.659502,0.660165,-6.50007,-0.333333,-0.0692918,0.822097,14.4583,7,0,0,1.33333,6.20833,0,-6.8122,0.0001,-0.00234823,0.0528425,1.86701,0.13995,48981,0.173778,206.26,2.52302
5739,0.177559,0.691336,0.00488615,0.00488615,0.194791,0.166103,0.769671,0.738842,0.0518653,0.0231088,0.049682,0.225849,0.0504167,0,0.915013,0.0773055,2.17616,0.188979,0,0.0763176,0.551781,4.49156,0.636212,0.386866,0.639521,2.56195,0.189545,0.223104,0,0.816119,0.205195,0,-0.000267653,0.254519,0.961648,0.213761,0.0512324,0.0530788,0.00539091,0.00444057,0.431777,0.0496542,5.29273,0.0569479,11.1064,0.658419,0.654671,-6.58201,-0.333333,-0.0671963,0.801597,13.125,6.08333,0,0,1.29167,6.83333,0,-6.8101,0.0001,-0.0025612,0.0518505,1.88768,0.1462,48333,0.173796,205.28,2.58358
5740,0.174415,0.673827,0.00490659,0.00490659,0.196728,0.162569,0.771316,0.710805,0.0522804,0.022552,0.0500427,0.22584,0.0479656,0,0.910926,0.0727274,2.13561,0.187973,0,0.0760825,0.554967,4.47569,0.633832,0.384242,0.644511,2.57736,0.184896,0.222845,0,0.796782,0.15695,0,-0.000221198,0.248824,0.961687,0.209838,0.0515258,0.0534246,0.00501546,0.00411263,0.427854,0.0499399,5.3643,0.286894,11.2064,0.655961,0.654859,-6.6454,-0.333333,-0.0675917,0.781734,13.7917,6.5,0,0,1,6.33333,0,-6.81031,0.0001,-0.00176646,0.0498486,1.8683,0.137106,49019,0.17379,204.41,2.21288
5741,0.176182,0.680504,0.00491148,0.00491148,0.197681,0.164353,0.771141,0.720441,0.0524632,0.0221505,0.0501882,0.227509,0.0478282,0,0.916347,0.0743899,2.13988,0.183552,0,0.0759182,0.556831,4.48745,0.635713,0.383632,0.644822,2.57431,0.186838,0.224516,0,0.793712,0.18226,0,-0.000219192,0.25111,0.961919,0.209183,0.0516015,0.0535712,0.00540561,0.00453132,0.429238,0.0500431,5.3194,0.365471,11.2581,0.65465,0.655747,-6.68995,-0.333333,-0.0679216,0.790067,11.875,6.20833,0,0,0.958333,6.70833,0,-6.81063,0.0001,-0.00202258,0.0512859,1.91606,0.136543,47892,0.173777,206.62,2.70622
5742,0.179068,0.688952,0.0048904,0.0048904,0.19927,0.166069,0.770349,0.725035,0.0521888,0.0226432,0.0499196,0.227693,0.0485792,0,0.921143,0.0745881,2.15525,0.18673,0,0.0762058,0.555315,4.48938,0.635712,0.386282,0.641745,2.56629,0.18929,0.224871,0,0.804424,0.173377,0,-0.000281886,0.250026,0.961185,0.21185,0.0513941,0.0533454,0.00542849,0.00449723,0.429896,0.0498045,5.37067,0.158987,11.2773,0.655151,0.65753,-6.60967,-0.333333,-0.0685891,0.799291,14.4583,6.95833,0,0,1.125,6.58333,0,-6.81195,0.0001,-0.00222403,0.0503036,1.84988,0.143302,49320,0.173754,205.71,2.45763
5743,0.176815,0.679333,0.00490313,0.00490313,0.197243,0.164305,0.770032,0.71334,0.0522349,0.0224206,0.0499748,0.227784,0.0492926,0,0.918513,0.0728238,2.15264,0.185407,0,0.0761326,0.550491,4.49629,0.636333,0.384721,0.642872,2.57245,0.185987,0.224808,0,0.822856,0.146675,0,-0.000211872,0.251523,0.961923,0.209968,0.0515041,0.0534219,0.00528634,0.00437097,0.429185,0.0499293,5.33576,0.251233,11.2011,0.655719,0.657826,-6.66745,-0.333333,-0.0677157,0.786929,13.5417,6.83333,0,0,0.75,8,0,-6.8134,0.0001,-0.00181298,0.0501286,1.91093,0.152513,47640,0.173741,204.2,2.30153
5744,0.172477,0.667432,0.00489637,0.00489637,0.196875,0.160913,0.770257,0.711187,0.0521758,0.0228492,0.0499374,0.226751,0.0478993,0,0.916515,0.0734208,2.14615,0.187468,0,0.0755691,0.551279,4.48666,0.635636,0.385506,0.644336,2.57491,0.184383,0.22403,0,0.793261,0.165095,0,-0.000236237,0.249237,0.961439,0.210102,0.0515126,0.0534006,0.00509516,0.00419677,0.426711,0.0499216,5.18082,0.0285008,11.1713,0.657689,0.656558,-6.53651,-0.333333,-0.0677326,0.773223,12.9167,5.83333,0,0,1.25,6.70833,0,-6.81324,0.0001,-0.00166113,0.0480993,1.88288,0.143169,48519,0.173759,205.29,2.38903
5745,0.181095,0.701693,0.00490607,0.00490607,0.202526,0.169504,0.769882,0.738245,0.0522564,0.0225276,0.0500351,0.227298,0.0468385,0,0.917755,0.0762213,2.15748,0.181313,0,0.0746687,0.553547,4.48753,0.634982,0.384353,0.645283,2.58333,0.190597,0.22469,0,0.838993,0.163513,0,-0.000210553,0.245531,0.961602,0.20962,0.0516249,0.0534841,0.00514935,0.00426625,0.427724,0.0500178,5.22974,0.0650583,11.1694,0.657216,0.658598,-6.51398,-0.333333,-0.0695695,0.809949,13.4167,6.08333,0,0,1.41667,6.20833,0,-6.81285,0.0001,-0.00176019,0.0500547,1.90685,0.145042,47908,0.173761,203.29,2.47258
5746,0.176065,0.677833,0.00490255,0.00490255,0.196178,0.163615,0.769889,0.718359,0.0519296,0.0235876,0.0497692,0.227156,0.0505115,0,0.917384,0.0741261,2.14479,0.187455,0,0.0752016,0.551792,4.48146,0.634209,0.38474,0.645941,2.58164,0.187019,0.224444,0,0.820136,0.166234,0,-0.000304468,0.25337,0.960941,0.208446,0.0514349,0.0531911,0.00557672,0.00463938,0.428161,0.049814,5.18412,-0.199486,11.1006,0.661404,0.658367,-6.37701,-0.333333,-0.0673908,0.782969,13.6667,5.70833,0,0,0.666667,5.91667,0,-6.8131,0.0001,-0.00208444,0.0517721,1.86025,0.142293,49089,0.173727,204.24,2.21021
5747,0.179419,0.696113,0.00491701,0.00491701,0.19778,0.168605,0.77094,0.730123,0.0518264,0.0239914,0.0497191,0.228682,0.0500299,0,0.921953,0.0761323,2.13603,0.188724,0,0.075347,0.552197,4.48567,0.634889,0.382914,0.64432,2.57775,0.188136,0.226268,0,0.814476,0.188513,0,-0.000315095,0.25376,0.960737,0.20738,0.0514334,0.0531609,0.00542803,0.00449504,0.427611,0.049782,5.24547,-0.47616,10.9457,0.665849,0.660118,-6.17368,-0.333333,-0.0676852,0.804455,14.75,5.41667,0,0,0.916667,5.45833,0,-6.81528,0.0001,-0.003312,0.0442583,1.90404,0.153402,47779,0.173698,204.81,2.33065
5748,0.180609,0.707465,0.00489947,0.00489947,0.199189,0.170824,0.770227,0.745409,0.051795,0.024169,0.0496656,0.228943,0.0504517,0,0.925506,0.0778959,2.15065,0.187106,0,0.0752912,0.556446,4.49763,0.636488,0.385134,0.641376,2.56224,0.190296,0.22632,0,0.841512,0.180271,0,-0.000284465,0.251712,0.961511,0.210485,0.0512991,0.0530643,0.00591759,0.00498872,0.42812,0.0497152,5.29218,-0.286188,10.9463,0.664417,0.653208,-6.3615,-0.333333,-0.0684508,0.817901,13.9583,5.04167,0,0,1.04167,5.29167,0,-6.81513,0.0001,-0.00184871,0.0561797,1.89076,0.14781,48221,0.173735,205.45,2.59682
5749,0.178761,0.690127,0.00491396,0.00491396,0.199804,0.166432,0.770094,0.721223,0.0520804,0.0232473,0.049911,0.228624,0.0473236,0,0.921404,0.0745128,2.14448,0.180726,0,0.0740661,0.557307,4.49515,0.635954,0.383359,0.645841,2.57423,0.187743,0.225791,0,0.81084,0.153385,0,-0.000320938,0.248566,0.961391,0.2093,0.0514958,0.0532849,0.00538231,0.00448615,0.430336,0.0498836,5.36259,-0.135142,10.9725,0.663449,0.654035,-6.39452,-0.333333,-0.0686131,0.797809,14.0417,5.625,0,0,1.16667,5.875,0,-6.81339,0.0001,-0.00225256,0.0529506,1.86531,0.145785,48880,0.173741,199.93,2.02616
5750,0.177231,0.683815,0.0048998,0.0048998,0.1989,0.164581,0.769939,0.722366,0.0520993,0.0231082,0.0498975,0.228931,0.0476151,0,0.925316,0.074599,2.14746,0.180996,0,0.0748098,0.554114,4.49212,0.635921,0.385139,0.641932,2.56689,0.187761,0.225988,0,0.80232,0.173779,0,-0.00030049,0.250675,0.96175,0.211839,0.0513806,0.0532413,0.00584315,0.00489646,0.431863,0.0498105,5.41861,0.0187985,11.0525,0.660456,0.653635,-6.5355,-0.333333,-0.0686112,0.792167,13.3333,6.25,0,0,0.875,6.04167,0,-6.81071,0.0001,-0.00180214,0.0526176,1.86694,0.141189,48953,0.173788,204.78,2.33168
5751,0.178756,0.697523,0.00486995,0.00486995,0.198393,0.167504,0.767934,0.738331,0.0519967,0.0233666,0.0497572,0.227309,0.0484711,0,0.921936,0.0768067,2.14344,0.182098,0,0.0751201,0.558902,4.4976,0.637189,0.388821,0.639314,2.55579,0.190039,0.224257,0,0.828564,0.209934,0,-0.000287284,0.250779,0.961728,0.214601,0.0512437,0.0531697,0.00577529,0.0048164,0.433348,0.0496777,5.34854,0.106113,11.1295,0.65798,0.655411,-6.66189,-0.333333,-0.0685925,0.804092,14.1667,6.54167,0,0,1.08333,6.95833,0,-6.80752,0.0001,-0.00223449,0.0520532,1.89123,0.144763,48283,0.173847,206.11,2.62239
5752,0.178142,0.693893,0.00489142,0.00489142,0.197865,0.16747,0.769743,0.72839,0.0517561,0.0236825,0.0495772,0.226299,0.048391,0,0.914972,0.0748988,2.14461,0.186107,0,0.0750804,0.55845,4.50935,0.637936,0.386126,0.641992,2.56167,0.18805,0.223422,0,0.845666,0.176993,0,-0.000377765,0.252274,0.961353,0.211303,0.0511197,0.0529396,0.00519659,0.00425531,0.430697,0.0495024,5.21808,-0.219419,11.0219,0.661643,0.657464,-6.3956,-0.333333,-0.0680646,0.802777,15.375,6.5,0,0,0.75,6.25,0,-6.80396,0.0001,-0.0031213,0.0529035,1.84931,0.149325,49185,0.173892,206.98,2.70229
5753,0.17738,0.67527,0.00490611,0.00490611,0.199294,0.162637,0.769623,0.713285,0.051952,0.0233555,0.0497761,0.228758,0.0486312,0,0.923737,0.0736873,2.13938,0.184379,0,0.0746352,0.55772,4.49827,0.636751,0.384372,0.641068,2.56663,0.188029,0.225957,0,0.786596,0.157025,0,-0.000296922,0.248563,0.961538,0.211139,0.0513434,0.0531327,0.00537766,0.00445387,0.434169,0.0497468,5.46662,-0.119934,10.9678,0.662645,0.656569,-6.46299,-0.333333,-0.0686331,0.779916,13.2917,5.83333,0,0,0.583333,6.375,0,-6.80038,0.0001,-0.00235378,0.0542404,1.89287,0.144137,48258,0.173928,205.23,2.28581
5754,0.174841,0.673401,0.00491445,0.00491445,0.195533,0.162769,0.769719,0.71057,0.0520631,0.0230312,0.0498368,0.227746,0.0507845,0,0.91718,0.0728885,2.13162,0.190257,0,0.0759777,0.556687,4.49141,0.634937,0.383285,0.644901,2.58218,0.185122,0.224819,0,0.8063,0.148604,0,-0.000311536,0.25282,0.961756,0.208679,0.0513893,0.0532417,0.00561234,0.0046602,0.431525,0.0498209,5.46998,-0.0114051,11.0475,0.660475,0.657886,-6.48486,-0.333333,-0.0671387,0.777394,13.875,6.08333,0,0,0.75,6.58333,0,-6.79635,0.0001,-0.00193453,0.0453775,1.8786,0.138225,48742,0.17396,203.17,2.13169
5755,0.178118,0.694696,0.00490277,0.00490277,0.199012,0.167462,0.769536,0.732574,0.0519172,0.0231665,0.049718,0.227163,0.0492504,0,0.917537,0.0765104,2.13359,0.191821,0,0.0760009,0.558241,4.50111,0.637588,0.384814,0.642336,2.56252,0.188388,0.224385,0,0.836759,0.188388,0,-0.0003007,0.250083,0.961601,0.211801,0.0512516,0.0530621,0.00500397,0.00405168,0.431847,0.0496647,5.45927,-0.0913274,11.0104,0.660782,0.657175,-6.47996,-0.333333,-0.0684474,0.80383,13.375,6.20833,0,0,0.791667,5.45833,0,-6.79587,0.0001,-0.00235884,0.0472178,1.86126,0.140674,49104,0.17394,206.87,2.65349
5756,0.181438,0.710327,0.00489158,0.00489158,0.201418,0.171433,0.769565,0.750055,0.0521434,0.023224,0.0499034,0.227689,0.047495,0,0.921039,0.0776907,2.12835,0.181824,0,0.0746558,0.555523,4.49385,0.637009,0.386215,0.639288,2.55878,0.1918,0.224824,0,0.860446,0.164719,0,-0.000284424,0.246569,0.961678,0.212059,0.0513754,0.0532702,0.00534066,0.00438599,0.43182,0.0497867,5.35328,0.0428483,11.0853,0.658584,0.656073,-6.58528,-0.333333,-0.0693215,0.822707,13.8333,6.75,0,0,0.875,5.70833,0,-6.79847,0.0001,-0.00205192,0.0512712,1.85419,0.142638,49230,0.173953,204.96,2.32352
5757,0.17552,0.684951,0.00489393,0.00489393,0.197593,0.164609,0.769642,0.72203,0.0520763,0.0227554,0.0498424,0.227025,0.0495327,0,0.918256,0.0743517,2.11562,0.18757,0,0.0752395,0.557942,4.50362,0.636814,0.385835,0.642566,2.56075,0.186487,0.224039,0,0.808963,0.155904,0,-0.000270176,0.251709,0.961908,0.212042,0.0512788,0.0531276,0.00549915,0.00459313,0.434193,0.049728,5.37494,0.214993,11.1025,0.657073,0.653897,-6.69323,-0.333333,-0.0682119,0.793844,12.9583,6.29167,0,0,0.791667,6.91667,0,-6.79569,0.0001,-0.00256428,0.0497438,1.85556,0.142415,49201,0.173996,205.27,2.29442
5758,0.17758,0.697481,0.00489781,0.00489781,0.199363,0.167987,0.768907,0.737848,0.0520136,0.0227802,0.0497966,0.226918,0.0492378,0,0.917055,0.0770019,2.14083,0.184681,0,0.0747389,0.557119,4.49855,0.637448,0.385356,0.643062,2.56007,0.188895,0.223964,0,0.820584,0.19745,0,-0.000309725,0.249763,0.961976,0.211289,0.0512803,0.0531149,0.00514506,0.00424673,0.429555,0.0496994,5.23046,0.0372156,11.0684,0.658704,0.653667,-6.59334,-0.333333,-0.0687034,0.805343,13.8333,6.625,0,0,0.75,7.08333,0,-6.79439,0.0001,-0.00164703,0.0516815,1.8632,0.147065,48901,0.173957,203.61,2.35128
5759,0.178559,0.696435,0.00488297,0.00488297,0.199693,0.167601,0.769417,0.735984,0.0519124,0.0234277,0.0496704,0.228954,0.0487508,0,0.927791,0.0765618,2.133,0.188316,0,0.0761371,0.559023,4.5143,0.638782,0.387248,0.638992,2.55417,0.189157,0.226151,0,0.821457,0.197398,0,-0.000279512,0.249096,0.961313,0.213526,0.0512077,0.0530687,0.00527604,0.00433021,0.433729,0.0496096,5.49399,0.00770305,11.1091,0.658218,0.655993,-6.57867,-0.333333,-0.0688259,0.806384,13.5417,6.33333,0,0,0.625,6.54167,0,-6.79627,0.0001,-0.00228446,0.0479119,1.88602,0.140785,48502,0.173972,206.36,2.46797
5760,0.17428,0.673925,0.00491554,0.00491554,0.197786,0.163535,0.770355,0.707165,0.0521512,0.0228266,0.049925,0.228672,0.0484646,0,0.920324,0.0715503,2.1352,0.184392,0,0.0747161,0.558217,4.49871,0.636727,0.383119,0.644497,2.57237,0.18379,0.22587,0,0.816192,0.153309,0,-0.000296398,0.249798,0.961477,0.206828,0.051511,0.0533244,0.00537757,0.00443514,0.42995,0.0499236,5.25742,-0.029778,11.1246,0.658074,0.659649,-6.4542,-0.333333,-0.0677063,0.778118,14.1667,5.91667,0,0,0.791667,6.95833,0,-6.79516,0.0001,-0.00239947,0.0507439,1.88658,0.146192,48359,0.174002,204.89,2.33018
5761,0.180906,0.696207,0.00488326,0.00488326,0.202834,0.167318,0.769289,0.732752,0.0519069,0.0232081,0.0497067,0.229654,0.0469879,0,0.930806,0.0758006,2.13918,0.180413,0,0.0742359,0.557732,4.51729,0.638152,0.387157,0.640901,2.55856,0.191125,0.226862,0,0.82782,0.181183,0,-0.000296542,0.245692,0.961456,0.213312,0.0512686,0.0530684,0.00519222,0.00424796,0.43198,0.0496585,5.29774,-0.0678003,11.0766,0.65859,0.651687,-6.56386,-0.333333,-0.0699973,0.805404,14.4583,7,0,0,0.833333,6.83333,0,-6.79181,0.0001,-0.00279539,0.0479837,1.89664,0.139709,48274,0.174054,208.04,2.61692
5762,0.176827,0.678669,0.00490995,0.00490995,0.194662,0.164133,0.770838,0.711289,0.0524101,0.0224264,0.0501335,0.229231,0.0486296,0,0.921819,0.0714845,2.13819,0.182804,0,0.075579,0.552773,4.48912,0.635023,0.383858,0.645063,2.58179,0.185908,0.226088,0,0.812648,0.138795,0,-0.000175928,0.252844,0.961615,0.206706,0.0517523,0.0536322,0.00557333,0.00460997,0.428292,0.0501756,5.33843,0.207072,11.2339,0.655241,0.660547,-6.60439,-0.333333,-0.0667101,0.784381,13.25,6.625,0,0,0.583333,6.70833,0,-6.78554,0.0001,-0.00211853,0.053595,1.86584,0.14976,48771,0.174106,206.78,2.69795
5763,0.17649,0.676779,0.00488795,0.00488795,0.1977,0.163066,0.769188,0.713266,0.0523605,0.0221513,0.0500493,0.22815,0.0494271,0,0.921726,0.0727034,2.14163,0.185695,0,0.0765578,0.553506,4.49214,0.635906,0.386594,0.6419,2.56558,0.186309,0.224887,0,0.815908,0.141967,0,-0.000193894,0.251878,0.961964,0.211083,0.0515499,0.0535183,0.00568834,0.00473218,0.431631,0.0500059,5.46422,0.387335,11.2873,0.652148,0.659674,-6.78657,-0.333333,-0.0680526,0.782789,13.2083,7.16667,0,0,0.958333,6.875,0,-6.78197,0.0001,0.000156121,0.048258,2.30003,0.148334,40150,0.174135,205.84,2.36978
5764,0.183096,0.712776,0.00489709,0.00489709,0.200337,0.171997,0.769506,0.746318,0.0521666,0.0229674,0.0499447,0.231928,0.0474304,0,0.936857,0.0772441,2.13569,0.180825,0,0.0748653,0.55554,4.49206,0.636162,0.38542,0.642969,2.56526,0.191669,0.229064,0,0.84942,0.170963,0,-0.000290928,0.246929,0.960759,0.208527,0.0515839,0.0533517,0.00568129,0.00466507,0.43002,0.0499606,5.37389,-0.0359446,11.1846,0.658817,0.65954,-6.48347,-0.333333,-0.068906,0.823796,13.0417,6.04167,0,0,0.958333,5.5,0,-6.78028,0.0001,-0.00222829,0.0465248,1.87268,0.146973,48673,0.174152,207.14,2.73993
5765,0.180719,0.706194,0.00488957,0.00488957,0.201868,0.17019,0.769144,0.742022,0.052401,0.021965,0.0500887,0.230317,0.047403,0,0.930783,0.0769678,2.13501,0.181836,0,0.0756468,0.553346,4.48849,0.636957,0.386365,0.641756,2.56212,0.190209,0.227237,0,0.846067,0.185301,0,-0.000255348,0.246679,0.961492,0.210736,0.051482,0.0534843,0.00536099,0.00440751,0.430871,0.0499085,5.40196,0.307046,11.2794,0.653513,0.65791,-6.72776,-0.333333,-0.0695074,0.815082,13.1667,7.08333,0,0,0.916667,6.79167,0,-6.779,0.0001,-0.00171043,0.0522855,1.86032,0.142158,49091,0.17421,204.73,2.44179
5766,0.177885,0.693444,0.00490077,0.00490077,0.199032,0.167142,0.769778,0.730365,0.0522077,0.0222845,0.0499675,0.228281,0.0501222,0,0.921385,0.0759066,2.1373,0.182422,0,0.0757142,0.556175,4.49065,0.635515,0.384986,0.64551,2.57357,0.187419,0.225254,0,0.813582,0.192316,0,-0.000213985,0.252983,0.961593,0.209516,0.0514708,0.0533858,0.00568327,0.00474568,0.431053,0.0499186,5.32714,0.179056,11.1985,0.655982,0.657902,-6.62583,-0.333333,-0.0685319,0.800521,13.5833,6.45833,0,0,1.08333,6.75,0,-6.77743,0.0001,-0.00215213,0.0515962,1.88047,0.141086,48627,0.174239,203.4,2.35311
5767,0.179875,0.709385,0.00487627,0.00487627,0.19927,0.169882,0.768823,0.746139,0.0517361,0.0228832,0.0495527,0.228008,0.050719,0,0.925885,0.0786962,2.14937,0.183706,0,0.0755408,0.556924,4.50497,0.637293,0.388137,0.640268,2.55204,0.1897,0.225083,0,0.824241,0.191549,0,-0.000319835,0.252167,0.961477,0.214051,0.0511375,0.0528994,0.00564633,0.0046439,0.428408,0.0495581,5.25873,-0.0515859,11.1246,0.658621,0.651616,-6.58243,-0.333333,-0.0689612,0.818477,13.5833,6.66667,0,0,1.04167,6,0,-6.7745,0.0001,-0.00239555,0.0547047,1.8809,0.149758,48410,0.174303,205.36,2.58286
5768,0.183693,0.705724,0.00486629,0.00486629,0.203131,0.169264,0.768248,0.743907,0.052119,0.0228519,0.0498598,0.230853,0.046841,0,0.938436,0.0773345,2.13156,0.176679,0,0.0750258,0.557554,4.50291,0.637347,0.389281,0.639654,2.55769,0.193647,0.227885,0,0.847256,0.176284,0,-0.00026734,0.247,0.961408,0.213682,0.0513297,0.0532101,0.00544814,0.00448263,0.42949,0.0497498,5.29509,0.203146,11.2563,0.654587,0.652911,-6.72637,-0.333333,-0.0702571,0.814154,13.8333,6.83333,0,0,1.125,6.5,0,-6.76885,0.0001,-0.00215305,0.0504705,1.8907,0.14676,48248,0.174337,205.13,2.27421
5769,0.177466,0.682839,0.00488563,0.00488563,0.197219,0.164393,0.768408,0.720417,0.0521189,0.0224191,0.0498604,0.22932,0.051016,0,0.92743,0.0744475,2.14758,0.185468,0,0.0768861,0.551728,4.49864,0.636725,0.386877,0.640108,2.5615,0.188718,0.226216,0,0.798533,0.187703,0,-0.000277919,0.252439,0.961143,0.210634,0.0513403,0.0532486,0.00582068,0.00479334,0.43184,0.0497596,5.48164,0.212941,11.2639,0.655034,0.658256,-6.67127,-0.333333,-0.0679894,0.787573,14.25,7.29167,0,0,1.04167,8,0,-6.76874,0.0001,-0.00234018,0.0508255,1.90937,0.151401,47702,0.174318,205.81,2.35031
5770,0.181645,0.697795,0.00487276,0.00487276,0.200915,0.167655,0.767853,0.73625,0.0523282,0.0222296,0.0500231,0.230048,0.046515,0,0.933003,0.0762681,2.14041,0.179398,0,0.0754778,0.554725,4.50333,0.637035,0.388469,0.63933,2.56144,0.191096,0.226948,0,0.810955,0.185764,0,-0.000208638,0.244446,0.961579,0.212268,0.0515118,0.053437,0.0051866,0.00420458,0.431932,0.0499341,5.48374,0.338299,11.301,0.65229,0.658939,-6.80105,-0.333333,-0.0693924,0.804314,12.2083,6.79167,0,0,0.75,6.58333,0,-6.76954,0.0001,-0.00227393,0.0506572,1.92272,0.146544,47506,0.174313,206.89,2.33319
5771,0.179369,0.705379,0.00487055,0.00487055,0.196995,0.168784,0.767445,0.74432,0.0517582,0.0227131,0.0495465,0.228944,0.0511792,0,0.930697,0.0784223,2.16053,0.187417,0,0.0765296,0.555539,4.50454,0.636823,0.388756,0.640212,2.5602,0.189584,0.226083,0,0.826716,0.218138,0,-0.000297312,0.256202,0.960908,0.214397,0.0510574,0.0528924,0.00609875,0.00513468,0.432533,0.0495048,5.38453,0.0362563,11.1723,0.657839,0.657526,-6.64696,-0.333333,-0.0682706,0.811834,13.9167,8,0,0,1.20833,7,0,-6.76879,0.0001,-0.00218707,0.0530169,1.91271,0.145646,47758,0.17432,207.17,2.45759
5772,0.181042,0.702398,0.00488479,0.00488479,0.199635,0.168695,0.768359,0.739432,0.0519568,0.0234852,0.0497799,0.22921,0.0486727,0,0.92951,0.0771581,2.13622,0.182405,0,0.075247,0.552983,4.49784,0.637114,0.387012,0.641234,2.56567,0.190227,0.226483,0,0.81441,0.183622,0,-0.00031115,0.251543,0.960317,0.2114,0.051351,0.0531548,0.00516429,0.00422124,0.430816,0.049688,5.35597,-0.195392,11.1136,0.661096,0.655604,-6.44976,-0.333333,-0.0689139,0.80749,13.125,6.66667,0,0,0.666667,5.70833,0,-6.76768,0.0001,-0.00154512,0.0467313,1.87993,0.147118,48496,0.174313,204.27,2.39868
5773,0.176311,0.691566,0.0048774,0.0048774,0.197137,0.165554,0.768184,0.730887,0.0519078,0.0227046,0.0497009,0.227385,0.0508817,0,0.924099,0.0764611,2.16608,0.1915,0,0.0774011,0.552704,4.49488,0.636442,0.388017,0.638204,2.56287,0.187291,0.224695,0,0.800728,0.19146,0,-0.000235867,0.250042,0.960904,0.21343,0.0512592,0.053042,0.00459429,0.00363172,0.427722,0.0496349,5.31143,0.121504,11.1622,0.657878,0.657949,-6.67128,-0.333333,-0.0683399,0.79701,13.2917,7.5,0,0,1.5,6.41667,0,-6.76571,0.0001,-0.00264402,0.0530722,1.87285,0.143265,48759,0.174364,205.79,2.48116
5774,0.175142,0.684459,0.00486936,0.00486936,0.196717,0.164214,0.767286,0.715422,0.0520358,0.0222891,0.0497738,0.227183,0.0520587,0,0.922054,0.0746712,2.14422,0.187794,0,0.0766278,0.55541,4.50279,0.638051,0.3889,0.638417,2.55126,0.183039,0.224034,0,0.801413,0.189243,0,-0.000254138,0.258221,0.961466,0.212913,0.0512552,0.053165,0.00588421,0.00494097,0.430138,0.0497421,5.26685,0.254554,11.2872,0.652536,0.657444,-6.77793,-0.333333,-0.0680028,0.785467,12.9583,6.75,0,0,0.958333,6.29167,0,-6.75818,0.0001,-0.00238124,0.0521327,1.86197,0.149216,48878,0.174451,205.33,2.00246
5775,0.179103,0.689536,0.00488258,0.00488258,0.198112,0.166213,0.767325,0.724903,0.0521185,0.0228683,0.0498686,0.228577,0.0491248,0,0.925509,0.0741786,2.16261,0.183157,0,0.0758565,0.553239,4.49819,0.637061,0.387235,0.640691,2.55983,0.189246,0.22575,0,0.818811,0.16186,0,-0.000195976,0.251137,0.960518,0.210535,0.0514783,0.0533822,0.00557801,0.00460919,0.428461,0.0498601,5.38974,0.0461318,11.2384,0.657403,0.661134,-6.56373,-0.333333,-0.0682637,0.791935,14.5,7.5,0,0,1.04167,6.16667,0,-6.75433,0.0001,-0.00269074,0.0520826,1.89316,0.139979,48350,0.174493,207.72,2.3297
5776,0.18028,0.694383,0.00489982,0.00489982,0.198214,0.167322,0.768746,0.731722,0.0522586,0.0228726,0.0500171,0.230184,0.0476939,0,0.929876,0.0751919,2.14073,0.183724,0,0.0766032,0.551662,4.49238,0.636428,0.38508,0.641585,2.57142,0.190583,0.227326,0,0.820967,0.180132,0,-0.000200977,0.24717,0.960385,0.20971,0.0515846,0.0534591,0.00493706,0.00396927,0.431144,0.0499338,5.55165,0.10306,11.2174,0.657889,0.658737,-6.56519,-0.333333,-0.0682145,0.799909,13.4583,6.875,0,0,0.708333,6.25,0,-6.75136,0.0001,-0.00187147,0.0511143,1.84677,0.138802,49509,0.174537,205,2.37883
5777,0.177781,0.690471,0.0048883,0.0048883,0.200549,0.166128,0.76783,0.722668,0.0522119,0.0227396,0.0499597,0.22956,0.0488585,0,0.929145,0.0744849,2.14345,0.186361,0,0.0764122,0.552917,4.48667,0.635209,0.386529,0.642059,2.57054,0.186408,0.22664,0,0.82308,0.172199,0,-0.000182146,0.249385,0.96095,0.210612,0.0515028,0.0534021,0.00512404,0.00420423,0.427665,0.0499076,5.34203,0.165112,11.2174,0.656858,0.658947,-6.65279,-0.333333,-0.0691456,0.791932,13.875,7.29167,0,0,0.791667,6.41667,0,-6.74829,0.0001,-0.00176843,0.0489419,1.88299,0.146251,48443,0.174598,204.91,2.38765
5778,0.182679,0.71174,0.00485048,0.00485048,0.20312,0.169877,0.766427,0.747595,0.0522093,0.0222686,0.049913,0.228501,0.0468722,0,0.931355,0.0780209,2.16452,0.17787,0,0.0755536,0.549869,4.51995,0.639273,0.391298,0.636416,2.54875,0.192685,0.225462,0,0.841382,0.205036,0,-0.000192427,0.245621,0.961176,0.216185,0.0513473,0.0532839,0.00498335,0.00402323,0.426204,0.0497642,5.28429,0.443471,11.3483,0.651375,0.660616,-6.94483,-0.333333,-0.0705578,0.817873,13.8333,8.45833,0,0,1.29167,6.83333,0,-6.74462,0.0001,-0.00287322,0.046528,1.87952,0.13877,48706,0.174638,207.13,2.65667
5779,0.176823,0.683047,0.0048904,0.0048904,0.195414,0.164732,0.768092,0.715828,0.052291,0.0223835,0.0500111,0.228643,0.0510087,0,0.924241,0.0730565,2.14132,0.187651,0,0.077423,0.549341,4.49233,0.636146,0.386268,0.640758,2.5627,0.185583,0.225519,0,0.831503,0.178977,0,-0.000156426,0.25706,0.961324,0.209896,0.0515875,0.053506,0.00572633,0.00479342,0.425745,0.0500438,5.27955,0.317048,11.2966,0.653996,0.660169,-6.72963,-0.333333,-0.0672327,0.784056,12.625,6.5,0,0,0.625,6.79167,0,-6.74133,0.0001,-0.00244831,0.0490543,1.87506,0.141936,48737,0.174677,205.06,2.23683
5780,0.179393,0.699358,0.00487788,0.00487788,0.202135,0.16779,0.76693,0.744917,0.0523959,0.022124,0.0500787,0.228646,0.0451507,0,0.926993,0.0770004,2.14339,0.176666,0,0.075548,0.550841,4.5004,0.636067,0.387875,0.640448,2.56629,0.191158,0.225434,0,0.845917,0.165044,0,-0.000204659,0.243669,0.961563,0.213304,0.0514702,0.0534406,0.00482048,0.00389207,0.42491,0.0498942,5.40174,0.4439,11.3145,0.652003,0.655463,-6.88035,-0.333333,-0.0699119,0.80245,12.8333,7.41667,0,0,0.916667,7.33333,0,-6.74034,0.0001,-0.00166623,0.0468741,1.87275,0.147014,48671,0.174659,207.54,2.42831
5781,0.178017,0.685406,0.00488606,0.00488606,0.199433,0.164998,0.767577,0.720549,0.0523037,0.0225351,0.0500299,0.228234,0.0474192,0,0.923065,0.0737023,2.14739,0.179273,0,0.0750874,0.551059,4.49827,0.636155,0.3868,0.643363,2.57132,0.187697,0.225122,0,0.812399,0.181023,0,-0.000147932,0.248519,0.96149,0.210439,0.0516289,0.0535245,0.00523346,0.00428704,0.426315,0.0500484,5.28481,0.166081,11.2252,0.655324,0.65705,-6.68041,-0.333333,-0.0687421,0.786326,13.625,7.08333,0,0,0.5,7.29167,0,-6.74095,0.0001,-0.00226071,0.0486853,1.9079,0.144079,47906,0.174637,201.63,2.12862
5782,0.185374,0.716434,0.00482845,0.00482845,0.204472,0.171123,0.764406,0.75375,0.0520381,0.0220154,0.0497322,0.228735,0.0460541,0,0.934667,0.0780762,2.15895,0.174691,0,0.0749343,0.557534,4.50948,0.639766,0.394029,0.634145,2.53225,0.195775,0.225412,0,0.861804,0.170384,0,-0.000226778,0.245493,0.961762,0.217815,0.0512328,0.0531022,0.0058144,0.00478422,0.43092,0.0497012,5.30888,0.414111,11.366,0.649485,0.65332,-7.00596,-0.333333,-0.0711931,0.818339,11.2917,7.29167,0,0,0.875,6.29167,0,-6.73986,0.0001,-0.00172957,0.0523305,1.91937,0.143507,47653,0.174638,206.79,2.52923
5783,0.17649,0.679497,0.00489024,0.00489024,0.198286,0.16357,0.768409,0.715146,0.0523527,0.0221346,0.0500417,0.228753,0.0491886,0,0.924852,0.0733288,2.14874,0.186946,0,0.0772582,0.551444,4.49644,0.636842,0.386305,0.641215,2.56808,0.185919,0.225816,0,0.815852,0.144011,0,-0.000140464,0.249617,0.960742,0.209443,0.0516242,0.053564,0.00483912,0.00390448,0.426174,0.05,5.40081,0.207958,11.3031,0.654641,0.662943,-6.69383,-0.333333,-0.0682584,0.780305,13.875,8.04167,0,0,0.333333,7.04167,0,-6.73842,0.0001,-0.00302433,0.0500868,1.83966,0.14282,49586,0.17464,205.35,2.50037
5784,0.18151,0.694558,0.0048837,0.0048837,0.201014,0.167108,0.766517,0.729982,0.0524571,0.021622,0.0501225,0.230497,0.0485185,0,0.932607,0.0747844,2.1583,0.181795,0,0.0762676,0.549724,4.48794,0.635016,0.387095,0.643054,2.571,0.191207,0.227277,0,0.816218,0.15886,0,-0.00019419,0.247425,0.96145,0.209852,0.0516125,0.0535375,0.00520046,0.00420713,0.4263,0.0500298,5.36962,0.455415,11.3851,0.651503,0.661788,-6.8445,-0.333333,-0.0693373,0.794897,13.25,8.75,0,0,0.791667,7.83333,0,-6.73798,0.0001,-0.0022506,0.0469515,1.86636,0.140044,48995,0.174643,204,2.2361
5785,0.178572,0.692923,0.0048729,0.0048729,0.202337,0.166567,0.766912,0.72571,0.0524477,0.0217495,0.0501317,0.22922,0.0465271,0,0.930405,0.0740373,2.14222,0.180337,0,0.0758546,0.551323,4.48655,0.635161,0.388508,0.642235,2.57079,0.187913,0.226351,0,0.836433,0.151408,0,-0.000195294,0.247144,0.961375,0.211082,0.0516386,0.0535513,0.00547943,0.00451876,0.427254,0.0500668,5.42187,0.431665,11.3551,0.651557,0.656543,-6.84764,-0.333333,-0.0699011,0.79449,11.5833,7.45833,0,0,1.08333,5.70833,0,-6.73792,0.0001,-0.00233734,0.0492585,1.86884,0.14128,48904,0.174631,205.62,2.3787
5786,0.179778,0.696865,0.00487281,0.00487281,0.201396,0.167307,0.765926,0.730589,0.0521266,0.0221784,0.0498535,0.229181,0.0473286,0,0.929843,0.0751931,2.15639,0.184068,0,0.0759856,0.555527,4.50475,0.637932,0.388505,0.64023,2.55894,0.188935,0.226285,0,0.828399,0.150884,0,-0.000274761,0.249245,0.960831,0.211714,0.0513474,0.0532431,0.00513558,0.00414138,0.427215,0.0497428,5.34713,0.194946,11.2938,0.654706,0.662014,-6.70818,-0.333333,-0.0696157,0.795945,13.6667,7.54167,0,0,0.916667,6.91667,0,-6.74017,0.0001,-0.00282648,0.0474165,1.85571,0.146059,49108,0.174597,206.14,2.06448
5787,0.180355,0.698581,0.00486369,0.00486369,0.199229,0.167177,0.765879,0.738599,0.05159,0.0227945,0.0494026,0.229921,0.050151,0,0.936422,0.0773298,2.16332,0.187121,0,0.0764197,0.55585,4.5196,0.639074,0.389635,0.638809,2.54792,0.190406,0.227167,0,0.826158,0.214024,0,-0.000305037,0.253145,0.960972,0.214586,0.0510161,0.0527559,0.00559804,0.00461308,0.429556,0.0494404,5.38203,-0.0720022,11.1151,0.659236,0.64927,-6.60342,-0.333333,-0.068994,0.798659,13.8333,7.625,0,0,0.791667,6.70833,0,-6.74198,0.0001,-0.00257242,0.0514587,1.86691,0.142932,48911,0.174553,208.8,2.59351
5788,0.181489,0.692128,0.00490809,0.00490809,0.202722,0.167247,0.769038,0.724292,0.0522532,0.0225761,0.0500156,0.232262,0.0462743,0,0.937437,0.0738955,2.16374,0.181828,0,0.0755521,0.553127,4.49607,0.635875,0.38419,0.644485,2.57164,0.190295,0.229645,0,0.807277,0.151276,0,-0.000269602,0.24375,0.96044,0.207568,0.0516525,0.0534495,0.00504549,0.00405112,0.426504,0.0500123,5.48996,-0.0852398,11.1696,0.659301,0.659863,-6.46238,-0.333333,-0.0695767,0.796609,12.5417,6.33333,0,0,0.583333,5.625,0,-6.74187,0.0001,-0.00254419,0.0478929,1.86705,0.141663,48938,0.174539,205.16,2.46391
5789,0.180647,0.699621,0.0048806,0.0048806,0.203881,0.16785,0.766232,0.73282,0.0524701,0.0213185,0.0501145,0.230751,0.0470693,0,0.934087,0.0754287,2.15732,0.181098,0,0.076357,0.553068,4.50372,0.636784,0.387603,0.642325,2.56104,0.18933,0.227484,0,0.825775,0.179999,0,-0.000201264,0.245136,0.961976,0.21142,0.0515538,0.0534886,0.00545355,0.00447563,0.427793,0.0500415,5.51259,0.571216,11.3563,0.649896,0.655895,-6.94973,-0.333333,-0.0704761,0.799887,13.0833,7.95833,0,0,0.791667,7.875,0,-6.74133,0.0001,-0.00216329,0.0474746,1.87889,0.13911,48713,0.174533,204.77,2.33846
5790,0.181767,0.708045,0.00487634,0.00487634,0.204358,0.170005,0.765914,0.739962,0.0521169,0.0223098,0.0499028,0.230075,0.0463709,0,0.93428,0.0770257,2.15482,0.183328,0,0.0756377,0.554752,4.50903,0.637057,0.388026,0.64257,2.56086,0.190492,0.227373,0,0.825992,0.190717,0,-0.000202789,0.24323,0.961491,0.211686,0.0515347,0.0533015,0.00483173,0.00389841,0.427619,0.0499519,5.44219,0.0500386,11.1325,0.657084,0.649554,-6.65434,-0.333333,-0.0706258,0.80847,12.375,6.25,0,0,0.833333,6.20833,0,-6.74102,0.0001,-0.00132932,0.0559555,1.85746,0.148304,49010,0.174539,205.07,2.21746
5791,0.178023,0.685778,0.00491073,0.00491073,0.198757,0.165712,0.767917,0.717448,0.0522636,0.021856,0.0499854,0.230647,0.0486333,0,0.929781,0.0737462,2.15503,0.185599,0,0.0765631,0.548773,4.49751,0.636744,0.38384,0.642831,2.56244,0.186744,0.2278,0,0.815984,0.167669,0,-0.000161246,0.253363,0.961308,0.208383,0.0516232,0.053503,0.00522798,0.00430705,0.426967,0.0500647,5.40772,0.207859,11.2268,0.655394,0.657111,-6.60938,-0.333333,-0.0682004,0.785393,13.1667,6.54167,0,0,0.666667,5.70833,0,-6.7391,0.0001,-0.00197002,0.0483304,1.86407,0.139205,49071,0.174528,202.83,2.13456
5792,0.181934,0.709326,0.00490257,0.00490257,0.203353,0.170939,0.767115,0.743726,0.0522005,0.0221596,0.0499428,0.231769,0.0476213,0,0.937045,0.0772498,2.15917,0.181148,0,0.0752491,0.556469,4.49072,0.636234,0.38493,0.64378,2.5636,0.190792,0.229072,0,0.844761,0.187412,0,-0.000232954,0.245296,0.961244,0.208172,0.0515785,0.0533836,0.00513058,0.00417004,0.426736,0.0499864,5.45524,0.0162144,11.1631,0.657679,0.655314,-6.56329,-0.333333,-0.0700322,0.809601,14,7.25,0,0,1.08333,6.66667,0,-6.73854,0.0001,-0.00177775,0.0510357,1.86994,0.147566,48725,0.174525,205.76,2.42733
5793,0.181262,0.699981,0.0048758,0.0048758,0.201491,0.167876,0.765993,0.737142,0.0517115,0.0227153,0.0495086,0.228482,0.0511461,0,0.928859,0.0766703,2.18171,0.188965,0,0.0761949,0.554526,4.51479,0.63894,0.388117,0.638715,2.55002,0.190756,0.225899,0,0.824144,0.196846,0,-0.00025526,0.253361,0.960756,0.213595,0.0511481,0.0529899,0.00530592,0.00433123,0.429443,0.0495345,5.41791,-0.186228,11.1053,0.660052,0.658429,-6.46744,-0.333333,-0.0696916,0.800116,13.4167,6.5,0,0,0.666667,6.04167,0,-6.73508,0.0001,-0.00188081,0.0549529,1.88749,0.138786,48514,0.174565,207.02,2.28545
5794,0.180625,0.699883,0.00487978,0.00487978,0.200922,0.167572,0.767311,0.734523,0.0520844,0.0224082,0.049811,0.229396,0.0486614,0,0.931048,0.0767614,2.15895,0.183919,0,0.0762904,0.558133,4.50693,0.638395,0.387596,0.641255,2.55539,0.189444,0.226557,0,0.816624,0.195679,0,-0.000261656,0.251065,0.961567,0.21185,0.0513495,0.0532271,0.0053845,0.00444083,0.428643,0.0498142,5.36367,0.0468337,11.1249,0.657625,0.654343,-6.64308,-0.333333,-0.0695332,0.802825,13.25,6.5,0,0,0.75,6.58333,0,-6.73299,0.0001,-0.00272764,0.0530377,1.8649,0.138709,49063,0.174545,206.88,2.67567
5795,0.178752,0.693208,0.00489294,0.00489294,0.203691,0.166642,0.767909,0.727199,0.0521964,0.0220843,0.0499407,0.231042,0.0489007,0,0.935117,0.0752719,2.14568,0.184779,0,0.075891,0.552204,4.49697,0.636659,0.385938,0.642127,2.55844,0.187468,0.22825,0,0.808746,0.184097,0,-0.000222652,0.245596,0.961835,0.211641,0.0514277,0.0533088,0.00502355,0.00410076,0.42869,0.0498842,5.58609,0.0772711,11.0725,0.657667,0.650151,-6.67467,-0.333333,-0.0702615,0.794344,13.25,6.83333,0,0,0.916667,6.875,0,-6.73352,0.0001,-0.00208539,0.0538875,1.8317,0.140447,49846,0.174514,205.97,2.5148
5796,0.180417,0.687037,0.00490311,0.00490311,0.203021,0.16516,0.768762,0.721691,0.0523046,0.0224352,0.0500145,0.230924,0.0459804,0,0.932845,0.07421,2.15438,0.177282,0,0.074523,0.55209,4.49482,0.635477,0.38482,0.64469,2.57137,0.19018,0.228056,0,0.823658,0.169452,0,-0.000229071,0.24662,0.961696,0.209273,0.0515658,0.0534622,0.00565244,0.00473925,0.429927,0.0500307,5.39762,0.0649615,11.1293,0.657889,0.653967,-6.59505,-0.333333,-0.0700134,0.789459,14.5417,7.25,0,0,0.708333,7.125,0,-6.73369,0.0001,-0.000846436,0.0512821,1.86032,0.140039,49143,0.174543,203.14,2.23195
5797,0.17699,0.690292,0.00491799,0.00491799,0.198957,0.166618,0.768741,0.72357,0.0523415,0.0222103,0.0501005,0.229516,0.0488517,0,0.924451,0.0746925,2.13989,0.188503,0,0.076026,0.54762,4.48853,0.634308,0.382856,0.645164,2.58856,0.186186,0.226653,0,0.816894,0.169548,0,-0.000148413,0.251345,0.961907,0.207065,0.051744,0.0535545,0.00533098,0.0044139,0.428491,0.0502146,5.43738,0.121554,11.088,0.657432,0.651309,-6.60018,-0.333333,-0.0683607,0.793569,12.0417,5.875,0,0,0.708333,6.375,0,-6.73149,0.0001,-0.00171279,0.0510551,1.82281,0.123474,50508,0.174541,202.7,2.2096
5798,0.179023,0.687277,0.00489248,0.00489248,0.201699,0.165485,0.768355,0.718374,0.0520223,0.0226686,0.0498027,0.229899,0.0497185,0,0.930253,0.0742454,2.16048,0.188623,0,0.0761934,0.555934,4.5066,0.636793,0.386065,0.640671,2.55733,0.187571,0.227027,0,0.803898,0.180297,0,-0.000321023,0.250638,0.961847,0.21105,0.0513324,0.0531723,0.00524635,0.004278,0.424527,0.0497843,5.23343,-0.0389038,11.0851,0.657993,0.654318,-6.54741,-0.333333,-0.0694948,0.790838,13.5833,6.33333,0,0,0.833333,6.54167,0,-6.73151,0.0001,-0.00207169,0.0521133,1.69479,0.125204,54013,0.174527,204.64,2.20772
5799,0.1799,0.696021,0.00486771,0.00486771,0.203933,0.166667,0.767693,0.73706,0.0518476,0.0233045,0.0496218,0.229025,0.0475782,0,0.932263,0.0777534,2.16245,0.183842,0,0.0747735,0.56014,4.51617,0.638992,0.389106,0.639966,2.54497,0.190093,0.226479,0,0.820026,0.188799,0,-0.000360715,0.247838,0.961464,0.213346,0.0511765,0.0530043,0.00535599,0.00444156,0.429057,0.0496094,5.22229,-0.206326,11.0287,0.660765,0.649538,-6.51196,-0.333333,-0.0706823,0.80225,12.375,6,0,0,0.708333,5.54167,0,-6.73248,0.0001,-0.00242399,0.0537466,1.66272,0.125737,54965,0.174518,207.08,2.67591
5800,0.181279,0.699951,0.00490255,0.00490255,0.203583,0.168894,0.769535,0.72904,0.0520196,0.0229052,0.0498174,0.23091,0.0489005,0,0.933396,0.0752737,2.13542,0.185761,0,0.0747594,0.555298,4.49922,0.637637,0.384732,0.642465,2.55301,0.189291,0.228399,0,0.821536,0.176978,0,-0.000264491,0.247945,0.961649,0.208733,0.0514554,0.0532169,0.00537073,0.00447211,0.429946,0.0498952,5.36497,-0.179528,10.9932,0.6606,0.650512,-6.4643,-0.333333,-0.069949,0.806984,14.4167,6.08333,0,0,1,7.08333,0,-6.73197,0.0001,-0.00211572,0.0532837,1.67526,0.119476,54773,0.17456,203.44,2.60091
5801,0.18093,0.696068,0.00488171,0.00488171,0.203234,0.166957,0.768784,0.730366,0.0520158,0.0229686,0.0497913,0.230211,0.0466266,0,0.93385,0.0759804,2.1705,0.180129,0,0.0741178,0.555465,4.50876,0.637958,0.387425,0.639706,2.54361,0.190916,0.227353,0,0.801656,0.201782,0,-0.000286151,0.246832,0.96165,0.212228,0.0513868,0.0531879,0.00524168,0.00431346,0.429558,0.049819,5.2911,-0.151246,10.9952,0.660552,0.646583,-6.54764,-0.333333,-0.0703039,0.803652,14.0833,6.83333,0,0,0.5,6.25,0,-6.73039,0.0001,-0.00137772,0.0565754,1.6883,0.126444,54169,0.174577,207.6,2.43376
5802,0.178865,0.679141,0.00488658,0.00488658,0.203217,0.163415,0.768603,0.712974,0.0524461,0.0225567,0.0501299,0.229856,0.0469052,0,0.930607,0.0731592,2.16822,0.186062,0,0.0759399,0.552372,4.50451,0.638283,0.386765,0.639474,2.54702,0.188222,0.226995,0,0.80595,0.171611,0,-0.000226754,0.243721,0.962289,0.210556,0.0516272,0.0535765,0.00470193,0.00379734,0.426666,0.0500843,5.23764,0.064342,11.0909,0.656548,0.65315,-6.68509,-0.333333,-0.0700612,0.784905,13.125,6.875,0,0,0.375,6.79167,0,-6.73234,0.0001,-0.00201099,0.055694,1.674,0.122875,54708,0.17457,203.48,2.1544
5803,0.180667,0.696074,0.00490605,0.00490605,0.202173,0.168083,0.769104,0.719324,0.0525016,0.0219649,0.0501797,0.231544,0.0474526,0,0.933706,0.0735447,2.14095,0.18582,0,0.0757217,0.553468,4.49375,0.635176,0.384312,0.644568,2.56996,0.187435,0.228492,0,0.819959,0.162789,0,-0.000225202,0.247739,0.962385,0.207757,0.0516673,0.0535811,0.00492235,0.00400611,0.424933,0.0501481,5.35658,0.280173,11.1361,0.654661,0.650625,-6.74663,-0.333333,-0.0694624,0.802313,13.6667,6.66667,0,0,0.666667,7.54167,0,-6.73142,0.0001,-0.00233397,0.0527504,1.60978,0.120608,56810,0.17463,204.64,2.44657
5804,0.17703,0.675773,0.00491743,0.00491743,0.200396,0.163156,0.769839,0.709041,0.0524356,0.022419,0.0501492,0.230779,0.04718,0,0.929722,0.0724378,2.15711,0.18193,0,0.0752157,0.550751,4.48738,0.635352,0.382884,0.644998,2.57508,0.185901,0.228003,0,0.79811,0.174151,0,-0.0001738,0.248568,0.961732,0.206304,0.0517567,0.0536502,0.00514751,0.00426349,0.425757,0.0502187,5.31713,0.0145782,11.0927,0.657822,0.657055,-6.57581,-0.333333,-0.068767,0.779265,14.3333,7.29167,0,0,0.75,6.75,0,-6.72807,0.0001,-0.00199797,0.0480505,1.6071,0.118356,56972,0.174654,205.89,2.30625
5805,0.180771,0.69992,0.00486418,0.00486418,0.20187,0.167508,0.767721,0.737863,0.0519426,0.0229761,0.0496939,0.230011,0.0476242,0,0.934959,0.0769572,2.15605,0.182728,0,0.0749018,0.557046,4.51621,0.63817,0.389592,0.638513,2.54317,0.191396,0.227141,0,0.811791,0.187392,0,-0.000224841,0.247771,0.961852,0.214639,0.0513159,0.0531757,0.0051482,0.00418656,0.42647,0.0497774,5.15281,-0.134582,11.0142,0.659084,0.649245,-6.61859,-0.333333,-0.0699191,0.808346,13.2917,6.125,0,0,0.75,6.33333,0,-6.72717,0.0001,-0.00258266,0.0493042,1.6104,0.124308,56668,0.174678,206.66,2.26424
5806,0.178195,0.675807,0.00488673,0.00488673,0.201939,0.162844,0.76799,0.711572,0.0521624,0.0224136,0.0498891,0.230854,0.0474722,0,0.933492,0.0731072,2.17704,0.183758,0,0.0755135,0.555278,4.51218,0.638709,0.386715,0.639524,2.54969,0.187625,0.227905,0,0.794157,0.1835,0,-0.000250865,0.246625,0.962279,0.210718,0.0514246,0.0532894,0.00479964,0.00385214,0.424194,0.0498909,5.1436,0.0271775,11.0308,0.658194,0.652273,-6.68881,-0.333333,-0.0694563,0.779886,12.4583,5.5,0,0,0.75,6.16667,0,-6.72579,0.0001,-0.00232812,0.0526612,1.69903,0.119661,54051,0.174723,205.65,2.38595
5807,0.178134,0.687954,0.00486519,0.00486519,0.19921,0.164346,0.767129,0.729326,0.0522773,0.0216756,0.0499653,0.228117,0.0487238,0,0.925833,0.0756346,2.17223,0.187854,0,0.0763002,0.550072,4.50497,0.63753,0.389455,0.639199,2.55767,0.189272,0.224765,0,0.798457,0.18705,0,-0.00020848,0.248722,0.962958,0.21479,0.0513531,0.0533329,0.00498042,0.00403999,0.424276,0.0498572,5.14371,0.38813,11.2018,0.65125,0.649279,-6.93277,-0.333333,-0.0691052,0.793419,11.2083,6.25,0,0,0.833333,7.125,0,-6.72636,0.0001,-0.00172542,0.057207,1.65339,0.120078,55430,0.174706,205.4,2.44976
5808,0.179687,0.698741,0.00484937,0.00484937,0.201101,0.166038,0.767084,0.739345,0.0518102,0.0222431,0.0495333,0.229322,0.0495547,0,0.935694,0.0777973,2.18947,0.186701,0,0.0764098,0.556224,4.52759,0.640869,0.391427,0.634722,2.53797,0.191147,0.226383,0,0.799209,0.215238,0,-0.000227819,0.249158,0.962182,0.217176,0.0510674,0.0529142,0.00489454,0.00393721,0.426148,0.0495663,5.12766,0.137951,11.0665,0.656999,0.652234,-6.83281,-0.333333,-0.0701012,0.807803,13.1667,6.625,0,0,0.958333,6.875,0,-6.72873,0.0001,-0.00288213,0.0534608,1.63153,0.118722,56165,0.174654,207,2.3971
5809,0.184837,0.719295,0.00486254,0.00486254,0.202696,0.172165,0.766827,0.759842,0.0520383,0.0225157,0.0497741,0.229616,0.0488477,0,0.93386,0.0806576,2.15181,0.184298,0,0.0755614,0.554146,4.51232,0.638017,0.389755,0.638465,2.54948,0.195762,0.226584,0,0.856367,0.22727,0,-0.00022576,0.251082,0.962453,0.214876,0.051295,0.0532292,0.00565081,0.0047351,0.427604,0.0497857,5.13742,0.105013,11.0845,0.656548,0.649112,-6.7179,-0.333333,-0.0702217,0.827207,14.7917,7.45833,0,0,0.791667,7.45833,0,-6.73196,0.0001,-0.00241054,0.0545791,1.59343,0.117693,57450,0.174586,207.68,2.80976
5810,0.175777,0.676458,0.00490257,0.00490257,0.200047,0.162444,0.769144,0.710862,0.0522616,0.0219096,0.0499811,0.229048,0.0472804,0,0.925187,0.0734925,2.15821,0.18492,0,0.0758285,0.55707,4.50055,0.637197,0.384839,0.642183,2.55802,0.185461,0.225992,0,0.803107,0.183563,0,-0.000329479,0.247509,0.962299,0.209908,0.0514088,0.0532594,0.00469159,0.00377006,0.425051,0.0498741,5.2733,0.213946,11.0487,0.658201,0.650489,-6.7355,-0.333333,-0.0690433,0.779401,12.9583,7.08333,0,0,1.125,6.79167,0,-6.7325,0.0001,-0.0023821,0.0574575,1.64568,0.119244,55698,0.174595,202.64,1.9798
5811,0.176658,0.68676,0.00489802,0.00489802,0.199316,0.165188,0.768733,0.722589,0.0523731,0.0221535,0.0500687,0.229022,0.0477086,0,0.924554,0.0746202,2.13325,0.185483,0,0.0757875,0.552432,4.49984,0.636708,0.385316,0.642573,2.56268,0.186204,0.225968,0,0.800834,0.171241,0,-0.00021282,0.248954,0.962468,0.209937,0.0516088,0.0535443,0.00514766,0.00426557,0.423933,0.0501103,5.2344,0.171538,11.0868,0.656532,0.652584,-6.68624,-0.333333,-0.0686587,0.791175,14.375,6.83333,0,0,0.666667,6.95833,0,-6.72925,0.0001,-0.0022721,0.0544025,1.58152,0.119475,57792,0.174614,204.92,2.16183
5812,0.180235,0.690071,0.00489139,0.00489139,0.204147,0.165837,0.769003,0.719986,0.052094,0.0221408,0.0498235,0.231045,0.048419,0,0.934165,0.0739212,2.14174,0.184416,0,0.0751763,0.560362,4.51568,0.638802,0.3862,0.639805,2.54052,0.188244,0.227824,0,0.819923,0.165282,0,-0.00024461,0.246608,0.962636,0.212425,0.0512761,0.0531741,0.00542314,0.00450489,0.430546,0.0498195,5.49387,0.190338,11.019,0.65673,0.646164,-6.75029,-0.333333,-0.0704718,0.796448,14,6.125,0,0,0.541667,7.875,0,-6.72812,0.0001,-0.00171852,0.0484515,1.58401,0.116385,57812,0.174623,208.65,2.49922
5813,0.179987,0.69628,0.00489949,0.00489949,0.202862,0.167355,0.7696,0.728926,0.0522613,0.022559,0.049978,0.229913,0.0477176,0,0.929082,0.0761275,2.15504,0.184277,0,0.0752497,0.55361,4.4941,0.636624,0.385118,0.641421,2.55279,0.188755,0.227018,0,0.83203,0.192593,0,-0.000225124,0.247287,0.961886,0.209889,0.0515145,0.0534677,0.0050331,0.00414447,0.425307,0.0499594,5.41013,-0.0199647,11.0104,0.66049,0.656374,-6.56589,-0.333333,-0.0698704,0.80672,13.4167,6.125,0,0,0.5,6.08333,0,-6.72895,0.0001,-0.0022467,0.0485097,1.55212,0.116385,58917,0.174624,205.19,2.56217
5814,0.179849,0.702804,0.00485477,0.00485477,0.202117,0.16798,0.768077,0.743502,0.0516237,0.0227909,0.0494073,0.228964,0.0493053,0,0.932288,0.0778055,2.16281,0.190559,0,0.0759355,0.561071,4.52875,0.640802,0.390727,0.635174,2.52869,0.191042,0.225956,0,0.838747,0.200789,0,-0.000304757,0.248119,0.962807,0.21797,0.0508868,0.0527423,0.00524727,0.00430226,0.432674,0.0493963,5.35876,-0.0707284,10.958,0.658662,0.64449,-6.68781,-0.333333,-0.0701413,0.814548,13.0833,5.70833,0,0,0.666667,7.45833,0,-6.72932,0.0001,-0.00210582,0.0521335,1.57107,0.117481,58217,0.174605,206.67,2.37955
5815,0.181427,0.700931,0.00489483,0.00489483,0.19981,0.167779,0.769279,0.729334,0.0516987,0.0229863,0.0495482,0.229681,0.0503317,0,0.931586,0.0763204,2.16801,0.187825,0,0.0749743,0.552526,4.5096,0.636586,0.385821,0.640951,2.55512,0.189443,0.227056,0,0.809962,0.181657,0,-0.000289154,0.256612,0.962277,0.213948,0.0511227,0.052936,0.00566047,0.00471901,0.428456,0.0496054,5.12747,-0.301034,10.8078,0.665202,0.648495,-6.42146,-0.333333,-0.0691638,0.813087,12.25,4.95833,0,0,0.708333,5.95833,0,-6.73089,0.0001,-0.00314956,0.0574211,1.57087,0.116053,58274,0.174565,205.97,2.36338
5816,0.182146,0.693319,0.00490894,0.00490894,0.202684,0.167573,0.770434,0.718883,0.0522522,0.0225964,0.0500054,0.231766,0.0488994,0,0.934846,0.0731209,2.15541,0.184075,0,0.0750294,0.554321,4.49215,0.635936,0.383963,0.644788,2.56985,0.189539,0.228982,0,0.821889,0.144877,0,-0.000256008,0.25239,0.96225,0.208833,0.0515478,0.0534999,0.00573098,0.0048142,0.427864,0.0500263,5.23505,-0.108629,11.0197,0.659692,0.651323,-6.45074,-0.333333,-0.0695459,0.802291,12.2917,5.70833,0,0,0.5,5.79167,0,-6.73031,0.0001,-0.00187401,0.0584482,1.54923,0.114839,59074,0.174574,203.33,2.40408
5817,0.179446,0.68885,0.00489474,0.00489474,0.19813,0.165871,0.768978,0.720268,0.0521429,0.0223194,0.0498904,0.23028,0.0494026,0,0.930639,0.0741275,2.1512,0.187694,0,0.0760731,0.553431,4.50647,0.637565,0.385757,0.641163,2.55526,0.187995,0.227247,0,0.795539,0.157933,0,-0.000209143,0.253008,0.962398,0.210867,0.0514654,0.0533756,0.00556404,0.00463953,0.428894,0.049992,5.29467,-0.0133444,11.0125,0.658306,0.648011,-6.57686,-0.333333,-0.068257,0.796434,14.9167,7.58333,0,0,0.708333,7.25,0,-6.7273,0.0001,-0.00232746,0.0519751,1.53427,0.116149,59563,0.174641,203.43,2.29077
5818,0.185254,0.720803,0.00486444,0.00486444,0.205477,0.172722,0.767442,0.753875,0.0518065,0.0234567,0.0495955,0.230322,0.0464462,0,0.937094,0.0790884,2.13586,0.18405,0,0.0744256,0.558608,4.5227,0.640865,0.389512,0.637132,2.5342,0.194364,0.227503,0,0.854231,0.201543,0,-0.000364475,0.24284,0.962115,0.215001,0.0511425,0.0529359,0.00451313,0.00356454,0.429206,0.0495689,5.22764,-0.343736,10.9052,0.661716,0.644353,-6.49376,-0.333333,-0.0712603,0.831963,14.0417,5.95833,0,0,0.541667,6.29167,0,-6.72517,0.0001,-0.00165762,0.0527052,1.55264,0.115851,58917,0.174654,205.8,2.57531
5819,0.180742,0.695175,0.0048629,0.0048629,0.203173,0.16601,0.766966,0.728852,0.0519346,0.0228828,0.049722,0.22966,0.0468289,0,0.935528,0.0761735,2.16269,0.184249,0,0.074675,0.555772,4.51736,0.639574,0.389747,0.636293,2.54058,0.190033,0.226817,0,0.806209,0.209347,0,-0.000294213,0.245479,0.962306,0.21748,0.0512005,0.0530791,0.0050285,0.00411854,0.428892,0.0496798,5.18139,-0.0956681,10.9372,0.659877,0.645079,-6.63821,-0.333333,-0.070493,0.802276,13.5417,7.125,0,0,0.833333,7.25,0,-6.72517,0.0001,-0.00208209,0.057978,1.53498,0.115963,59544,0.174651,206.44,2.46264
5820,0.183245,0.70584,0.00487383,0.00487383,0.204648,0.169454,0.768251,0.737342,0.0524939,0.0221776,0.0501669,0.230905,0.0465183,0,0.936702,0.0758586,2.13716,0.182822,0,0.0751508,0.55768,4.50419,0.637542,0.388357,0.639727,2.55454,0.191559,0.227751,0,0.827592,0.160933,0,-0.000254431,0.242803,0.962846,0.212892,0.0515929,0.0535632,0.00490157,0.00398723,0.424428,0.0500902,5.24862,0.212635,11.1194,0.654253,0.647199,-6.80679,-0.333333,-0.0707809,0.815446,13.4583,6.33333,0,0,0.625,7.125,0,-6.72352,0.0001,-0.00216516,0.0536035,1.54976,0.115263,59040,0.174653,203.68,2.29551
5821,0.181497,0.696732,0.00485843,0.00485843,0.202874,0.166608,0.767524,0.732366,0.0521619,0.0228724,0.0498621,0.229184,0.0478758,0,0.932477,0.0754957,2.13961,0.182143,0,0.0752916,0.555421,4.51727,0.639497,0.39031,0.638775,2.54485,0.191399,0.226072,0,0.810899,0.167976,0,-0.000252116,0.248204,0.96277,0.215487,0.051342,0.0532907,0.00556102,0.00465687,0.430237,0.049843,5.14733,0.135855,11.0781,0.655621,0.644226,-6.79254,-0.333333,-0.0704197,0.80495,13.7083,6.16667,0,0,0.791667,7.5,0,-6.72456,0.0001,-0.00259822,0.0511299,1.57061,0.117009,58250,0.174643,207.62,2.40927
5822,0.18092,0.700667,0.00487589,0.00487589,0.203095,0.167725,0.767922,0.732208,0.0521989,0.0230809,0.0499206,0.229241,0.0482824,0,0.930926,0.0756948,2.14016,0.185151,0,0.0751793,0.554045,4.50339,0.637627,0.388165,0.639518,2.54701,0.18951,0.226285,0,0.825948,0.184931,0,-0.000247459,0.248485,0.962369,0.21349,0.0514179,0.0533495,0.00505861,0.00417894,0.425644,0.0499052,5.17043,-0.0765692,11.016,0.658572,0.647606,-6.66199,-0.333333,-0.0704174,0.810326,13.6667,6.83333,0,0,0.5,6.91667,0,-6.72478,0.0001,-0.00230191,0.0479981,1.57975,0.116901,57939,0.17468,208.01,2.78486
5823,0.183032,0.700063,0.00484797,0.00484797,0.201714,0.167241,0.767369,0.72829,0.0519321,0.0228027,0.0496517,0.229013,0.0489434,0,0.933899,0.0754679,2.15859,0.187191,0,0.0760374,0.555244,4.51908,0.638876,0.391579,0.637137,2.54798,0.191018,0.226024,0,0.816828,0.19004,0,-0.000315192,0.2519,0.962577,0.21673,0.0511198,0.0530357,0.00551777,0.00458472,0.42415,0.0496187,4.94429,0.023575,11.1322,0.655415,0.650352,-6.73684,-0.333333,-0.0700849,0.809636,12.5833,6.41667,0,0,0.5,6.70833,0,-6.72338,0.0001,-0.0019087,0.0525006,1.5365,0.116533,59468,0.174704,208.98,2.65788
5824,0.180542,0.707537,0.00486263,0.00486263,0.202609,0.16925,0.768256,0.739709,0.0521471,0.0226503,0.0498675,0.229134,0.0479551,0,0.932416,0.076825,2.13258,0.185878,0,0.0752064,0.557771,4.51517,0.638876,0.38974,0.640338,2.54904,0.189118,0.226205,0,0.838875,0.198679,0,-0.000286618,0.24817,0.96217,0.214045,0.0513744,0.0532827,0.0051647,0.00427338,0.425719,0.0498418,5.04142,0.0756639,11.1138,0.656119,0.646934,-6.70744,-0.333333,-0.0702089,0.818844,12.4167,5.83333,0,0,0.583333,6.45833,0,-6.72372,0.0001,-0.00150482,0.056549,1.55625,0.118158,58709,0.174692,207.67,2.73733
5825,0.179681,0.689042,0.00487314,0.00487314,0.200057,0.165641,0.768455,0.716168,0.0524815,0.0223292,0.0501285,0.229876,0.048536,0,0.932356,0.0724646,2.13783,0.185112,0,0.0761892,0.54976,4.50071,0.63808,0.388424,0.63822,2.55054,0.187696,0.226846,0,0.816963,0.124973,0,-0.000209655,0.249917,0.962215,0.210199,0.051693,0.053683,0.00523224,0.00434235,0.421502,0.0501635,4.97506,0.177352,11.2216,0.653702,0.655387,-6.71831,-0.333333,-0.0690828,0.798426,15.1667,6.95833,0,0,0.75,6.83333,0,-6.72273,0.0001,-0.00247871,0.0545282,1.52389,0.117342,59896,0.174737,206.38,2.5415
5826,0.180459,0.698037,0.00488958,0.00488958,0.200576,0.167221,0.768852,0.726106,0.0517246,0.0233999,0.0495588,0.229964,0.0477426,0,0.933945,0.0759166,2.15812,0.187513,0,0.074956,0.553196,4.51814,0.639524,0.386445,0.640653,2.546,0.188256,0.227534,0,0.810634,0.187954,0,-0.000323052,0.249846,0.961302,0.212485,0.0512749,0.0529967,0.00459574,0.00373401,0.424938,0.0496731,4.93757,-0.510819,10.847,0.666505,0.650736,-6.31409,-0.333333,-0.0693848,0.80773,14.7917,6.75,0,0,0.416667,5.45833,0,-6.71812,0.0001,-0.000946747,0.0516717,1.54335,0.114906,59281,0.174807,203.83,2.19996
5827,0.17836,0.68875,0.0048803,0.0048803,0.198132,0.165322,0.768337,0.723412,0.0517734,0.0235584,0.0495786,0.229944,0.0507133,0,0.934173,0.075151,2.14645,0.193605,0,0.0756307,0.556199,4.50869,0.638004,0.387543,0.641646,2.55533,0.188581,0.227611,0,0.796305,0.175369,0,-0.000258641,0.253433,0.961142,0.211196,0.0513667,0.0531209,0.00501284,0.00414154,0.42645,0.0497728,5.11875,-0.58066,10.908,0.664735,0.65188,-6.29928,-0.333333,-0.0683526,0.795566,16.2083,7.58333,0,0,0.458333,6,0,-6.71549,0.0001,-0.00207809,0.0545327,1.51811,0.115107,60190,0.174798,207.01,2.38064
5828,0.178959,0.685677,0.00490636,0.00490636,0.201297,0.165776,0.769014,0.712683,0.0521004,0.0233866,0.0498942,0.231799,0.0494841,0,0.936855,0.0726184,2.15436,0.192403,0,0.0757973,0.549277,4.49192,0.636977,0.384259,0.643403,2.56669,0.186309,0.229449,0,0.810462,0.143409,0,-0.000283483,0.248914,0.961764,0.207362,0.0515986,0.0534243,0.00457122,0.0037131,0.421322,0.04999,5.176,-0.444756,10.9156,0.663506,0.652933,-6.27635,-0.333333,-0.0690344,0.789593,13.4583,5.16667,0,0,0.458333,6.41667,0,-6.71633,0.0001,-0.00198996,0.0510142,1.57101,0.119931,58135,0.174768,205.77,2.41123
5829,0.180738,0.700715,0.00489803,0.00489803,0.204064,0.168233,0.76918,0.730095,0.0518628,0.023496,0.0496859,0.230093,0.0476067,0,0.932887,0.0758928,2.12487,0.184827,0,0.0740148,0.556264,4.50614,0.63721,0.385462,0.642964,2.55751,0.188592,0.227635,0,0.815013,0.179548,0,-0.000284217,0.246908,0.96133,0.210759,0.0514065,0.0531638,0.00487365,0.00399997,0.425666,0.0498022,5.34655,-0.473632,10.8603,0.665367,0.647097,-6.30554,-0.333333,-0.0705359,0.80941,14.75,5.95833,0,0,0.291667,5.29167,0,-6.71596,0.0001,-0.00263068,0.0538206,1.57058,0.125443,57961,0.174793,204.84,2.38243
5830,0.182929,0.706145,0.00486983,0.00486983,0.203902,0.168824,0.767554,0.739559,0.0518241,0.0237538,0.04961,0.228183,0.0480237,0,0.92897,0.0770581,2.13722,0.189829,0,0.0752113,0.558399,4.51937,0.639764,0.388997,0.639273,2.54137,0.19255,0.225596,0,0.84187,0.1774,0,-0.000334898,0.246101,0.962403,0.21513,0.0512055,0.0529649,0.00477889,0.00391376,0.427039,0.0496234,5.17388,-0.297806,10.877,0.662958,0.642887,-6.51824,-0.333333,-0.0707288,0.815701,13.6667,5.83333,0,0,0.416667,7.04167,0,-6.71445,0.0001,-0.00234656,0.0486971,1.56501,0.116157,58473,0.174813,205.63,2.65196
5831,0.181149,0.70518,0.00485252,0.00485252,0.203876,0.168551,0.767319,0.733138,0.0519531,0.0231793,0.0496795,0.229957,0.0487501,0,0.937235,0.0758131,2.14777,0.188194,0,0.0756943,0.553899,4.51817,0.639904,0.391015,0.636629,2.52968,0.188799,0.227073,0,0.832432,0.175427,0,-0.000283657,0.249066,0.96283,0.216033,0.0512229,0.0530976,0.00551833,0.00466426,0.42683,0.0497317,5.18981,-0.0824785,11.0135,0.657973,0.648538,-6.67294,-0.333333,-0.070727,0.813942,13.4167,6.625,0,0,0.333333,6.91667,0,-6.71379,0.0001,-0.00187305,0.0521306,1.54552,0.124194,58874,0.174806,205.42,2.41734
5832,0.183299,0.713532,0.00485341,0.00485341,0.206664,0.170602,0.767122,0.742822,0.0521773,0.0230653,0.0498765,0.229711,0.0464545,0,0.936667,0.0771143,2.1258,0.182327,0,0.0743646,0.563031,4.53151,0.640915,0.390927,0.638181,2.5357,0.192192,0.226797,0,0.846266,0.1941,0,-0.000382812,0.241767,0.962588,0.214421,0.0513825,0.0532167,0.00494187,0.00406646,0.427127,0.0498313,5.17081,-0.0586192,11.0315,0.658223,0.646097,-6.70311,-0.333333,-0.0717271,0.822999,13.7083,6.79167,0,0,0.5,6.08333,0,-6.71524,0.0001,-0.00251137,0.0603839,1.58695,0.116554,57707,0.174792,205.92,2.32797
5833,0.180694,0.695078,0.0048823,0.0048823,0.202806,0.166748,0.768102,0.726068,0.05212,0.0234498,0.0498657,0.230997,0.0500723,0,0.937628,0.0750046,2.1174,0.190022,0,0.0754512,0.556968,4.50927,0.637183,0.387297,0.642267,2.55983,0.189128,0.228321,0,0.818518,0.161334,0,-0.000243389,0.250674,0.961957,0.210447,0.051511,0.0533045,0.00552244,0.00467592,0.427178,0.0499922,5.22153,-0.205623,10.9615,0.661684,0.646994,-6.57067,-0.333333,-0.0701028,0.800692,13.625,6.375,0,0,0.625,5.91667,0,-6.71533,0.0001,-0.0023812,0.0603147,1.5676,0.116126,58384,0.174758,205.87,2.19318
5834,0.182053,0.697439,0.00488051,0.00488051,0.204126,0.167631,0.768629,0.725341,0.0522114,0.0228557,0.0499219,0.232544,0.0487719,0,0.943211,0.0750121,2.14614,0.18781,0,0.0758508,0.553736,4.49576,0.636874,0.387496,0.640269,2.54948,0.189521,0.229803,0,0.807857,0.176468,0,-0.000278892,0.248217,0.962055,0.210396,0.0515216,0.0533864,0.00531268,0.0044469,0.424351,0.0499749,5.16965,-0.122238,11.0507,0.659504,0.652648,-6.54687,-0.333333,-0.0705051,0.804705,14.75,7,0,0,0.333333,6.20833,0,-6.71789,0.0001,-0.00213921,0.0547908,1.55007,0.116477,58986,0.174723,206.64,2.52477
5835,0.17651,0.675715,0.00488329,0.00488329,0.197671,0.162232,0.767518,0.704421,0.052054,0.0236099,0.0498096,0.22987,0.052449,0,0.932675,0.0721948,2.12761,0.194575,0,0.0763259,0.558368,4.51692,0.640188,0.387153,0.640797,2.54522,0.184822,0.227362,0,0.781793,0.176861,0,-0.00028985,0.253511,0.961678,0.208915,0.0515739,0.0533233,0.00534343,0.00450479,0.426364,0.0500286,5.04948,-0.408846,10.9779,0.662838,0.655628,-6.374,-0.333333,-0.0682934,0.77745,15.2917,6.91667,0,0,0.375,5.625,0,-6.71688,0.0001,-0.00214404,0.0507324,1.54426,0.116578,59189,0.174729,205.89,2.22224
5836,0.182709,0.708749,0.00485541,0.00485541,0.204154,0.169438,0.766333,0.735275,0.0518558,0.0236221,0.0496131,0.230652,0.0497359,0,0.941554,0.0760466,2.1193,0.192294,0,0.0759827,0.563146,4.52537,0.641523,0.390689,0.635665,2.5266,0.190046,0.228116,0,0.82207,0.171865,0,-0.000335194,0.245802,0.961896,0.213802,0.051272,0.0530096,0.00517259,0.00432848,0.429024,0.0497391,5.26756,-0.368639,10.9503,0.660865,0.646446,-6.50898,-0.333333,-0.0708382,0.813515,14.625,6.58333,0,0,0.333333,7.125,0,-6.71337,0.0001,-0.00212778,0.0522586,1.54031,0.117225,59307,0.174748,207.37,2.48735
5837,0.177001,0.697165,0.00487643,0.00487643,0.201428,0.167068,0.768124,0.72827,0.0522665,0.0233965,0.0500083,0.22927,0.0469297,0,0.930303,0.0752864,2.13163,0.183798,0,0.0742845,0.556117,4.50239,0.637062,0.388018,0.64132,2.55499,0.185905,0.226396,0,0.818513,0.177715,0,-0.000190921,0.245205,0.961908,0.209911,0.0517396,0.0535014,0.00490558,0.0040579,0.427975,0.0501713,5.19999,-0.205062,10.9896,0.659857,0.645378,-6.55911,-0.333333,-0.0697225,0.804186,13.5833,6.45833,0,0,0.333333,6.04167,0,-6.7085,0.0001,-0.00204266,0.0543761,1.55873,0.115787,58706,0.17479,204.28,2.34142
5838,0.184803,0.722549,0.00484408,0.00484408,0.20376,0.172614,0.765821,0.756941,0.0517331,0.0240164,0.0495384,0.230358,0.0491016,0,0.941635,0.0798337,2.13155,0.187673,0,0.0743077,0.562189,4.52831,0.640624,0.392077,0.636326,2.53613,0.194221,0.227774,0,0.853644,0.205688,0,-0.000288906,0.247891,0.962028,0.215217,0.0513199,0.0529964,0.00581373,0.00493256,0.428299,0.0497754,5.07549,-0.424607,10.9327,0.662371,0.647466,-6.47754,-0.333333,-0.0708215,0.832837,14.2083,6.5,0,0,0.583333,6.08333,0,-6.70363,0.0001,-0.00244853,0.0496129,1.54644,0.11709,59093,0.174855,206.94,2.60642
5839,0.180859,0.694628,0.00488413,0.00488413,0.204789,0.167014,0.768494,0.716013,0.0521186,0.0235533,0.0498973,0.230731,0.0473409,0,0.93613,0.0733808,2.1411,0.19056,0,0.0755248,0.553234,4.50571,0.637714,0.387084,0.642122,2.56151,0.186632,0.228106,0,0.794229,0.170582,0,-0.000282783,0.244268,0.961785,0.20939,0.0516825,0.0533646,0.00495643,0.00409815,0.428043,0.050099,5.2255,-0.413359,10.9236,0.663079,0.653522,-6.38134,-0.333333,-0.0706703,0.802447,14.375,6.08333,0,0,0.333333,6.54167,0,-6.70101,0.0001,-0.00241429,0.0512627,1.53422,0.116825,59540,0.174855,204.49,2.37125
5840,0.177476,0.681928,0.00488787,0.00488787,0.201252,0.163539,0.768598,0.713179,0.052361,0.0227677,0.0500639,0.229608,0.0493031,0,0.930601,0.0732469,2.12211,0.190102,0,0.0763575,0.553329,4.49787,0.636534,0.386634,0.642211,2.56386,0.186112,0.226784,0,0.791726,0.174223,0,-0.000222277,0.247353,0.96232,0.209351,0.0517444,0.0535639,0.00505339,0.00421959,0.426146,0.0501965,5.26653,-0.135228,11.0157,0.659234,0.651136,-6.54786,-0.333333,-0.0695447,0.786191,13.4167,5.66667,0,0,0.25,6.58333,0,-6.70029,0.0001,-0.00207608,0.052892,1.54179,0.116813,59269,0.174866,206.15,2.13896
5841,0.180994,0.69836,0.00486866,0.00486866,0.204909,0.167375,0.767726,0.732716,0.0519454,0.0237325,0.0497239,0.230835,0.0475224,0,0.939066,0.0758233,2.12326,0.185589,0,0.0736108,0.55989,4.5139,0.64046,0.38905,0.638269,2.53712,0.191093,0.228317,0,0.824362,0.175544,0,-0.000344563,0.24417,0.96186,0.210933,0.0515198,0.0531589,0.00575687,0.00485006,0.427455,0.0499627,5.17263,-0.432194,10.8979,0.663939,0.646865,-6.40435,-0.333333,-0.0709111,0.806452,13.125,5.875,0,0,0.75,5.5,0,-6.70114,0.0001,-0.0022001,0.0557089,1.55742,0.116588,58723,0.17484,204.95,2.42867
5842,0.176122,0.685548,0.00490835,0.00490835,0.202972,0.16487,0.768928,0.710295,0.0523584,0.0228969,0.0500629,0.231316,0.0482587,0,0.934745,0.0731936,2.11609,0.194942,0,0.0767179,0.555204,4.50053,0.636765,0.38404,0.643186,2.565,0.1831,0.228692,0,0.779966,0.178883,0,-0.000293966,0.245831,0.96208,0.206399,0.0517596,0.0534991,0.00468148,0.00384021,0.426838,0.0502037,5.37188,-0.209873,10.9446,0.661314,0.651032,-6.46185,-0.333333,-0.0699306,0.789405,14.2083,6.33333,0,0,0.291667,6.125,0,-6.7019,0.0001,-0.00230382,0.0567032,1.54135,0.117929,59245,0.174873,204.98,2.33471
5843,0.179476,0.695482,0.00486632,0.00486632,0.201049,0.166708,0.766891,0.728644,0.0520431,0.0229549,0.0497921,0.230342,0.049849,0,0.936869,0.0753221,2.12884,0.190821,0,0.0753901,0.559056,4.51988,0.639089,0.389277,0.639052,2.54155,0.188474,0.227579,0,0.828594,0.171754,0,-0.00035506,0.252765,0.962609,0.211242,0.05146,0.0531951,0.00586582,0.00496031,0.428146,0.0499606,5.09028,-0.272609,10.9314,0.661566,0.644003,-6.52036,-0.333333,-0.0696759,0.7989,14.25,6.16667,0,0,0.416667,7.04167,0,-6.70073,0.0001,-0.0010562,0.0553115,1.53186,0.115433,59675,0.174864,205.86,2.41795
5844,0.18205,0.707553,0.00486237,0.00486237,0.204964,0.169394,0.765862,0.733534,0.0521588,0.022835,0.0498558,0.231919,0.0477548,0,0.944073,0.0759861,2.14676,0.188858,0,0.0760278,0.559244,4.51488,0.639211,0.389809,0.637829,2.53607,0.189621,0.229149,0,0.8033,0.182626,0,-0.000368179,0.244991,0.962295,0.212563,0.051451,0.0532297,0.00534041,0.004432,0.429121,0.0499256,5.31223,-0.188969,10.9923,0.66042,0.65179,-6.59561,-0.333333,-0.0710598,0.810897,15.3333,7.375,0,0,0.541667,6.91667,0,-6.70366,0.0001,-0.00204308,0.0487993,1.5413,0.116201,59308,0.174782,206.03,2.23795
5845,0.178318,0.680386,0.00488243,0.00488243,0.203688,0.163185,0.766458,0.706604,0.0525481,0.0222879,0.050183,0.231479,0.0482259,0,0.937964,0.0719081,2.12217,0.187961,0,0.0759757,0.555066,4.50923,0.637739,0.387282,0.639926,2.55209,0.18567,0.228465,0,0.792402,0.143446,0,-0.000197328,0.246395,0.962652,0.209696,0.0518091,0.0536678,0.00512061,0.00429223,0.429694,0.0503281,5.38924,0.131048,11.1115,0.65503,0.651172,-6.74313,-0.333333,-0.0704599,0.777409,13.3333,6.79167,0,0,0.583333,6.95833,0,-6.70442,0.0001,-0.0024431,0.0521611,1.53698,0.116268,59461,0.174776,206.54,2.47354
5846,0.181352,0.694207,0.00487278,0.00487278,0.203572,0.166635,0.76634,0.726083,0.052515,0.0228787,0.0502103,0.231959,0.0463138,0,0.941377,0.0740068,2.11803,0.184301,0,0.0751225,0.557676,4.51279,0.637774,0.388475,0.640708,2.55911,0.189718,0.229065,0,0.838269,0.163054,0,-0.000286633,0.24228,0.962381,0.20917,0.0519115,0.0536493,0.0049326,0.00403497,0.427566,0.0503704,5.27156,-0.143726,10.9696,0.65971,0.645417,-6.61491,-0.333333,-0.0703668,0.794258,14.375,6.58333,0,0,0.5,7,0,-6.70261,0.0001,-0.00176334,0.0528137,1.56352,0.115432,58550,0.174775,207.32,2.41092
5847,0.18199,0.693086,0.00487773,0.00487773,0.204698,0.166374,0.766142,0.713731,0.0525609,0.022371,0.0501916,0.233316,0.0472837,0,0.944668,0.0727495,2.14047,0.188573,0,0.0764015,0.553497,4.503,0.637722,0.387845,0.638939,2.54547,0.188312,0.230001,0,0.822801,0.154818,0,-0.000233684,0.246675,0.963031,0.209652,0.0517563,0.0536259,0.00520501,0.00430902,0.428751,0.0502807,5.41063,0.239469,11.0996,0.654958,0.652089,-6.8376,-0.333333,-0.0707333,0.792299,13.75,6.83333,0,0,0.416667,7.70833,0,-6.7013,0.0001,-0.0020875,0.0533445,1.55137,0.118306,58876,0.174784,205.71,2.21356
5848,0.176705,0.67459,0.00487922,0.00487922,0.196897,0.162089,0.766251,0.702136,0.0522908,0.0231518,0.0499954,0.231614,0.0501274,0,0.939156,0.0714569,2.14446,0.197033,0,0.0771331,0.554434,4.50682,0.638657,0.387732,0.638399,2.54749,0.184704,0.228666,0,0.79129,0.14266,0,-0.000327287,0.252532,0.962354,0.20948,0.0516564,0.0534084,0.00509885,0.00421453,0.428244,0.0501315,5.24408,-0.121929,10.9866,0.660333,0.652211,-6.60708,-0.333333,-0.0679995,0.770072,12.7917,6.29167,0,0,0.208333,6.54167,0,-6.69943,0.0001,-0.00202778,0.0557767,1.52625,0.11622,59851,0.174803,206,2.14063
5849,0.183405,0.711378,0.0048484,0.0048484,0.206853,0.169192,0.764695,0.741315,0.052514,0.0223306,0.0501504,0.23018,0.0486217,0,0.938481,0.0772592,2.12594,0.186633,0,0.0754074,0.561214,4.51894,0.639562,0.391525,0.636757,2.53803,0.191776,0.227051,0,0.81617,0.209135,0,-0.000241647,0.243388,0.963302,0.213514,0.0517319,0.0535467,0.00554948,0.00467519,0.428563,0.0502459,5.20645,0.209838,11.0953,0.65467,0.645746,-6.89117,-0.333333,-0.0720425,0.812094,11.9167,6.08333,0,0,0.666667,7.08333,0,-6.69821,0.0001,-0.00303244,0.0527171,1.53506,0.115388,59562,0.174766,205.58,2.27284
5850,0.181744,0.702508,0.00485169,0.00485169,0.207151,0.167659,0.764207,0.726855,0.052212,0.0233383,0.049912,0.231311,0.0461043,0,0.94373,0.0753055,2.14671,0.186407,0,0.0749817,0.558606,4.521,0.640226,0.391112,0.63354,2.53448,0.189646,0.228507,0,0.811287,0.180985,0,-0.000303765,0.241525,0.962226,0.213478,0.0515836,0.0533197,0.00482345,0.00394556,0.425151,0.0500236,5.13172,-0.122952,11.0021,0.660593,0.651526,-6.68161,-0.333333,-0.0719481,0.802514,14.5833,7.33333,0,0,0.5,6.375,0,-6.70006,0.0001,-0.00190543,0.0599875,1.62377,0.119101,56403,0.174777,207.15,2.08825
5851,0.179475,0.682114,0.0048735,0.0048735,0.201857,0.163646,0.767358,0.709719,0.0523395,0.022907,0.050031,0.231558,0.0485177,0,0.940022,0.0721424,2.12964,0.18983,0,0.0757976,0.556159,4.51105,0.637933,0.388391,0.63833,2.54749,0.186607,0.228755,0,0.797971,0.13335,0,-0.00032743,0.249609,0.96259,0.210704,0.0515881,0.0534473,0.00525774,0.00443328,0.427523,0.0500745,5.1364,-0.0537999,11.0063,0.659348,0.649291,-6.63423,-0.333333,-0.0697743,0.785969,13.625,6.25,0,0,0.291667,6.75,0,-6.69684,0.0001,-0.00285961,0.0594384,1.57648,0.121202,57904,0.17482,206.23,2.22011
5852,0.177306,0.685134,0.0048786,0.0048786,0.201763,0.163971,0.766684,0.712068,0.0524086,0.0221348,0.0500863,0.229972,0.0495464,0,0.933834,0.073195,2.12815,0.190124,0,0.0759308,0.556913,4.50486,0.637454,0.387796,0.639383,2.55799,0.185454,0.227125,0,0.793252,0.180235,0,-0.000244496,0.249016,0.963032,0.211048,0.0517171,0.0535222,0.00517487,0.00435018,0.425149,0.0502265,4.99445,0.0233059,10.9881,0.659056,0.646854,-6.70466,-0.333333,-0.0698692,0.785227,13.5833,6.41667,0,0,0.416667,7.875,0,-6.69473,0.0001,-0.00235166,0.0603607,1.54548,0.116552,59146,0.174811,205.37,2.1242
5853,0.182016,0.706474,0.00483697,0.00483697,0.202363,0.167651,0.764524,0.738704,0.052106,0.0226374,0.0497809,0.231237,0.0499813,0,0.945606,0.0777212,2.15679,0.19067,0,0.0766095,0.561073,4.52947,0.64093,0.393006,0.633886,2.52551,0.191308,0.228053,0,0.806631,0.201576,0,-0.000344481,0.249581,0.963168,0.216564,0.0512653,0.0531066,0.00544654,0.00456498,0.429934,0.0497961,5.09675,0.109095,11.0293,0.656784,0.644512,-6.87291,-0.333333,-0.0706865,0.80796,14.125,7.45833,0,0,0.541667,8.08333,0,-6.69515,0.0001,-0.00230281,0.0560482,1.54219,0.114947,59321,0.174787,204.8,2.22704
5854,0.179434,0.684332,0.00486597,0.00486597,0.200575,0.163557,0.766384,0.707043,0.0520936,0.0227699,0.0498078,0.232022,0.0514315,0,0.944491,0.0723335,2.14068,0.195306,0,0.0770821,0.559209,4.5121,0.637971,0.389327,0.637903,2.55109,0.18605,0.229194,0,0.797303,0.166609,0,-0.000349459,0.253709,0.962491,0.212319,0.051373,0.0531957,0.00554682,0.00469687,0.429742,0.0498704,5.14979,-0.111887,10.9606,0.659052,0.645211,-6.63336,-0.333333,-0.0696406,0.785118,13.875,6.125,0,0,0.291667,7.45833,0,-6.69511,0.0001,-0.00199025,0.0547184,1.52997,0.116446,59707,0.174813,208.42,2.49542
5855,0.181935,0.700881,0.00487275,0.00487275,0.20285,0.167828,0.766882,0.727885,0.051932,0.023893,0.0497373,0.230966,0.0496094,0,0.93973,0.0750892,2.12759,0.190751,0,0.0752136,0.557516,4.51342,0.638578,0.388542,0.637913,2.54608,0.189394,0.228555,0,0.802982,0.159733,0,-0.000316568,0.247703,0.962001,0.211933,0.051551,0.0532263,0.00539916,0.00453034,0.431199,0.0499818,5.18493,-0.539906,10.7763,0.666587,0.64371,-6.34857,-0.333333,-0.0702496,0.803788,14.25,5.66667,0,0,0.416667,6.375,0,-6.69399,0.0001,-0.00233983,0.0524328,1.52968,0.117367,59685,0.174797,205.18,2.27671
5856,0.182445,0.707318,0.00486667,0.00486667,0.203525,0.169028,0.766608,0.73574,0.052115,0.0235988,0.0498459,0.230379,0.0497945,0,0.938902,0.0767465,2.13864,0.191997,0,0.0761009,0.560019,4.51328,0.639947,0.389268,0.636975,2.54158,0.190864,0.227825,0,0.821798,0.16635,0,-0.000317649,0.248766,0.961989,0.211896,0.0515462,0.0533278,0.00544,0.00459658,0.431872,0.0499491,5.13125,-0.365018,10.9022,0.664239,0.650026,-6.43793,-0.333333,-0.0706039,0.813912,14.0833,6.33333,0,0,0.208333,5.875,0,-6.69633,0.0001,-0.00191594,0.0546395,1.53831,0.11918,59308,0.174779,205.62,2.26093
5857,0.183403,0.705587,0.00485236,0.00485236,0.204531,0.168286,0.766028,0.73509,0.0519971,0.0232399,0.0497255,0.229803,0.0484,0,0.937132,0.0776581,2.14319,0.191633,0,0.0761929,0.561011,4.52271,0.640018,0.391048,0.633874,2.53612,0.191618,0.226853,0,0.810208,0.213166,0,-0.000361786,0.247176,0.962392,0.214214,0.0513397,0.0531196,0.00526701,0.00439586,0.428223,0.0497861,5.04789,-0.198286,10.9469,0.661582,0.645313,-6.63974,-0.333333,-0.0711456,0.812641,13.4167,6.16667,0,0,0.125,6.33333,0,-6.69685,0.0001,-0.0024357,0.0540454,1.55585,0.115927,58802,0.174784,206.27,2.35504
5858,0.183416,0.704602,0.00487447,0.00487447,0.20618,0.169215,0.766533,0.729525,0.0526045,0.022472,0.0502438,0.231344,0.0466079,0,0.938164,0.0741921,2.12256,0.182851,0,0.07522,0.557818,4.49292,0.637382,0.388254,0.637008,2.53831,0.190416,0.22826,0,0.832654,0.128673,0,-0.000282363,0.243712,0.962654,0.20973,0.0517476,0.0536926,0.00545272,0.0046408,0.430576,0.0502294,5.26708,0.0748291,11.0822,0.657181,0.652285,-6.69005,-0.333333,-0.0713001,0.809236,13.6667,6.83333,0,0,0.291667,6.20833,0,-6.6961,0.0001,-0.00212871,0.0535829,1.54848,0.116728,59034,0.174784,205.15,2.47368
5859,0.178449,0.685597,0.00488484,0.00488484,0.201379,0.164116,0.767506,0.718203,0.0522257,0.0226487,0.0499664,0.23078,0.048673,0,0.936355,0.0746301,2.132,0.189542,0,0.0754648,0.558956,4.51556,0.639026,0.387009,0.637627,2.54724,0.187134,0.228066,0,0.801305,0.195866,0,-0.00033578,0.247834,0.962418,0.209049,0.0516327,0.053357,0.00491472,0.00401726,0.428766,0.0500603,5.03447,-0.273331,10.889,0.663071,0.647552,-6.49774,-0.333333,-0.0696805,0.787865,14.0417,7.375,0,0,0.541667,6.70833,0,-6.69699,0.0001,-0.00231816,0.0564149,1.52535,0.115108,59924,0.174753,203.82,2.52174
5860,0.18036,0.686942,0.00487861,0.00487861,0.200475,0.16482,0.767057,0.712583,0.0523421,0.0227425,0.0500412,0.230705,0.0505743,0,0.936325,0.0726788,2.12757,0.193747,0,0.0762143,0.557818,4.50352,0.63753,0.387734,0.639975,2.55438,0.188519,0.228028,0,0.785522,0.176005,0,-0.000270598,0.24879,0.962494,0.208247,0.0518279,0.0535711,0.00482236,0.00397728,0.43033,0.0502607,5.08075,-0.237792,10.9587,0.66116,0.651903,-6.49628,-0.333333,-0.0692538,0.788226,14.8333,6.41667,0,0,0.541667,6.875,0,-6.69939,0.0001,-0.00168233,0.058191,1.52634,0.115364,59879,0.174727,205.27,2.2389
5861,0.180377,0.688601,0.00488533,0.00488533,0.201695,0.165303,0.766138,0.719469,0.0520668,0.0233346,0.0498181,0.230917,0.0510015,0,0.936757,0.0742187,2.12995,0.19355,0,0.075623,0.560078,4.52025,0.639611,0.386977,0.637895,2.54101,0.189536,0.228293,0,0.816272,0.171133,0,-0.000307552,0.250413,0.962008,0.208765,0.0515581,0.0532859,0.00489273,0.00403971,0.42998,0.0499639,5.11297,-0.464087,10.8568,0.664999,0.649506,-6.37373,-0.333333,-0.0697035,0.787577,14.125,6.41667,0,0,0.166667,6.375,0,-6.69939,0.0001,-0.00218629,0.0520991,1.54517,0.115697,59188,0.174739,202.87,1.88177
5862,0.18221,0.694385,0.00487567,0.00487567,0.203906,0.166617,0.766934,0.713928,0.0520188,0.0238462,0.0497614,0.232402,0.0509592,0,0.944203,0.0731648,2.12995,0.192675,0,0.0757034,0.559898,4.51164,0.639295,0.388104,0.637835,2.54231,0.188726,0.229933,0,0.790912,0.148901,0,-0.000323027,0.251411,0.961993,0.209427,0.0514926,0.0532597,0.00544904,0.00460418,0.431423,0.0499133,5.16125,-0.48984,10.861,0.665357,0.64994,-6.36253,-0.333333,-0.0704676,0.795126,15.5,6.58333,0,0,0.208333,6.875,0,-6.69918,0.0001,-0.00196728,0.0528107,1.52517,0.116533,59879,0.174773,207.08,2.30081
5863,0.179667,0.692445,0.0048551,0.0048551,0.203777,0.165292,0.764851,0.726518,0.0520037,0.0232609,0.0497233,0.230507,0.049666,0,0.939837,0.0757158,2.12355,0.191209,0,0.0758486,0.560022,4.53572,0.641059,0.390688,0.633907,2.53166,0.188595,0.227709,0,0.805954,0.197613,0,-0.000353713,0.246528,0.962564,0.213822,0.0513103,0.0530558,0.00493446,0.00409869,0.429699,0.0497686,5.19528,-0.249698,10.8358,0.663799,0.64688,-6.63916,-0.333333,-0.0707543,0.791209,13.9583,6.75,0,0,0.541667,6.875,0,-6.69766,0.0001,-0.00113491,0.0532159,1.52084,0.115371,60080,0.174831,206.03,2.35243
5864,0.185871,0.71901,0.00485592,0.00485592,0.209417,0.171506,0.764817,0.746226,0.0522053,0.022855,0.0498746,0.231685,0.0467957,0,0.945161,0.0776215,2.13549,0.184291,0,0.075358,0.561614,4.5266,0.641361,0.390643,0.633211,2.52235,0.193783,0.228687,0,0.842118,0.18469,0,-0.000341075,0.241782,0.962679,0.215395,0.0513382,0.0532095,0.00474427,0.00392801,0.428737,0.0498019,5.23175,-0.100051,10.9357,0.660201,0.643359,-6.73894,-0.333333,-0.0728202,0.822493,13.9167,6.5,0,0,0.333333,6.83333,0,-6.69459,0.0001,-0.00237308,0.053937,1.52692,0.118303,59751,0.17486,207.45,2.51349
5865,0.181432,0.696329,0.00486076,0.00486076,0.204379,0.16642,0.765995,0.723837,0.0519231,0.0232798,0.049687,0.230921,0.0475746,0,0.94198,0.0743257,2.14084,0.186571,0,0.0752502,0.558787,4.52629,0.640207,0.390057,0.635046,2.5295,0.189228,0.228269,0,0.823271,0.168427,0,-0.000315838,0.245293,0.96269,0.21493,0.051338,0.0530886,0.0048243,0.00396459,0.428198,0.0497839,5.12188,-0.325531,10.8507,0.663229,0.642271,-6.52787,-0.333333,-0.0709796,0.79876,13.7083,5.875,0,0,0.416667,6.5,0,-6.6923,0.0001,-0.00224962,0.0545816,1.5356,0.115746,59529,0.174897,206.54,2.18376
5866,0.183911,0.707833,0.00488787,0.00488787,0.204409,0.169904,0.767743,0.734161,0.0522274,0.0234013,0.0499706,0.233536,0.0505014,0,0.946764,0.0765692,2.13023,0.190308,0,0.0752962,0.557763,4.50823,0.637072,0.386599,0.640757,2.5572,0.190611,0.230896,0,0.815454,0.180416,0,-0.000294627,0.249665,0.962018,0.208414,0.0516755,0.0534383,0.0055302,0.00463101,0.429898,0.0500639,5.22131,-0.324601,10.8764,0.664692,0.649614,-6.40178,-0.333333,-0.0706675,0.810737,13.4583,6.29167,0,0,0.166667,5.875,0,-6.68967,0.0001,-0.0024387,0.0566398,1.52973,0.116219,59724,0.174922,204.39,2.22601
5867,0.180029,0.676291,0.00489888,0.00489888,0.201677,0.162899,0.767621,0.698977,0.0521498,0.023713,0.0499325,0.232101,0.0474251,0,0.938687,0.0708516,2.13662,0.190342,0,0.0752116,0.558512,4.50409,0.63792,0.385214,0.639346,2.55169,0.186966,0.229617,0,0.786524,0.133632,0,-0.00034429,0.246792,0.961768,0.207068,0.0517218,0.053348,0.00508935,0.00421888,0.43073,0.0501167,5.22211,-0.53154,10.8176,0.666708,0.648321,-6.30019,-0.333333,-0.0694714,0.777234,14.6667,5.5,0,0,0.375,5.83333,0,-6.69067,0.0001,-0.00226817,0.0529573,1.51811,0.116507,60138,0.174874,202.15,2.12809
5868,0.185119,0.717627,0.00486174,0.00486174,0.208841,0.171534,0.766287,0.748074,0.0519797,0.0235077,0.0497437,0.23257,0.0459969,0,0.947595,0.0782405,2.13381,0.183691,0,0.0741149,0.560856,4.52137,0.640552,0.389887,0.634999,2.536,0.194245,0.229942,0,0.817948,0.205642,0,-0.000454007,0.240472,0.962394,0.21299,0.0513672,0.0530628,0.00528338,0.00440658,0.430601,0.0497934,5.13267,-0.468667,10.8345,0.665204,0.645412,-6.43677,-0.333333,-0.0724497,0.822815,14.125,5.75,0,0,0.25,6,0,-6.69127,0.0001,-0.00228817,0.0570513,1.5394,0.115157,59414,0.174866,206.96,2.60289
5869,0.186323,0.717464,0.00485643,0.00485643,0.207255,0.17163,0.765503,0.748897,0.0516333,0.0242012,0.0494678,0.231568,0.0499676,0,0.945253,0.078945,2.15047,0.187988,0,0.0739144,0.565843,4.53752,0.641788,0.390531,0.636492,2.53578,0.195577,0.229213,0,0.834365,0.190902,0,-0.000482257,0.248053,0.962158,0.21323,0.0512054,0.0528285,0.00551376,0.00463818,0.429509,0.0495883,4.91794,-0.789842,10.6986,0.669705,0.643338,-6.23939,-0.333333,-0.0718877,0.82308,14.7917,5.83333,0,0,0.125,5.70833,0,-6.69029,0.0001,-0.00186238,0.0575012,1.57136,0.118294,58179,0.174908,206.75,2.68321
5870,0.183175,0.693773,0.00486476,0.00486476,0.205179,0.166269,0.765652,0.720379,0.0521364,0.0234464,0.0498877,0.231447,0.0478985,0,0.94263,0.0745687,2.14838,0.186138,0,0.0742281,0.562317,4.51814,0.639003,0.389473,0.637429,2.54334,0.191563,0.229003,0,0.793993,0.155916,0,-0.000391128,0.243846,0.962266,0.209841,0.0516258,0.0532986,0.00507966,0.0042473,0.428113,0.0500077,5.00707,-0.501827,10.848,0.665022,0.647381,-6.39223,-0.333333,-0.0709752,0.794908,14.5,6.125,0,0,0.166667,6.25,0,-6.68772,0.0001,-0.00266998,0.0579488,1.55523,0.117063,58784,0.174932,207.04,2.48643
5871,0.181838,0.692153,0.00485135,0.00485135,0.203584,0.165031,0.76575,0.721255,0.0519184,0.0232987,0.049663,0.232697,0.0497357,0,0.949423,0.0752197,2.15401,0.190248,0,0.075424,0.560177,4.53253,0.641429,0.391172,0.633853,2.53355,0.189881,0.22991,0,0.781119,0.187905,0,-0.000304065,0.247893,0.96224,0.213043,0.051395,0.053085,0.00545332,0.00455228,0.430734,0.0498261,5.13359,-0.361587,10.8487,0.664171,0.648817,-6.53958,-0.333333,-0.0708258,0.794111,14.5,6.83333,0,0,0.541667,6.5,0,-6.68601,0.0001,-0.00244111,0.055656,1.55714,0.116911,58722,0.174951,208.92,2.32809
5872,0.18342,0.703594,0.00483913,0.00483913,0.208559,0.167198,0.764058,0.732387,0.0518089,0.0234952,0.0495658,0.231117,0.0469752,0,0.945181,0.0763347,2.14534,0.183918,0,0.0737546,0.565289,4.54049,0.641891,0.392789,0.633383,2.52502,0.192219,0.228267,0,0.801204,0.184497,0,-0.000394356,0.242647,0.96276,0.216629,0.0512344,0.0529143,0.00526655,0.0044267,0.432128,0.0496999,5.11306,-0.523022,10.7614,0.665437,0.640606,-6.54304,-0.333333,-0.0727162,0.804588,13.7083,6.58333,0,0,0.25,6.5,0,-6.68523,0.0001,-0.0025097,0.0578347,1.55724,0.118803,58652,0.17494,206.56,2.28961
5873,0.181133,0.690637,0.00484439,0.00484439,0.202807,0.164297,0.764836,0.724239,0.0519978,0.0229882,0.0497028,0.229709,0.0494858,0,0.938031,0.0756476,2.13832,0.188691,0,0.0758031,0.5617,4.53776,0.641595,0.392087,0.634956,2.52936,0.190387,0.226709,0,0.807768,0.179045,0,-0.000322513,0.248993,0.962973,0.214866,0.0513372,0.053086,0.00557815,0.00468435,0.430437,0.049836,5.13662,-0.166868,10.8746,0.662109,0.643532,-6.72894,-0.333333,-0.0707199,0.79191,14.8333,7.125,0,0,0.541667,7.25,0,-6.686,0.0001,-0.0022262,0.0511815,1.55261,0.11631,58902,0.174961,206.71,2.16085
5874,0.18386,0.713106,0.00485996,0.00485996,0.205906,0.170299,0.765509,0.746037,0.0526025,0.022312,0.0502017,0.232817,0.0484134,0,0.946844,0.0781441,2.14322,0.18646,0,0.0760437,0.556803,4.50385,0.638098,0.3901,0.636577,2.53461,0.192904,0.229538,0,0.811953,0.185447,0,-0.000305583,0.245641,0.963478,0.212157,0.0516589,0.053584,0.00542143,0.00460117,0.431126,0.0501755,5.23504,0.193235,11.0345,0.657079,0.651583,-6.90749,-0.333333,-0.0714846,0.815844,12,6.20833,0,0,0.416667,6.5,0,-6.68324,0.0001,-0.00311075,0.057319,1.53648,0.120564,59325,0.17503,206.54,2.54865
5875,0.181807,0.697752,0.00486106,0.00486106,0.204968,0.165944,0.765621,0.729188,0.0522874,0.0228672,0.0499722,0.230073,0.0463975,0,0.937761,0.0761841,2.13616,0.185501,0,0.0751052,0.559939,4.52673,0.641148,0.389978,0.634032,2.52576,0.191143,0.227063,0,0.812689,0.200417,0,-0.000323449,0.24415,0.962757,0.213509,0.0515483,0.0533376,0.00512179,0.00429012,0.432667,0.0500293,5.16223,-0.173591,10.8692,0.662665,0.647676,-6.67609,-0.333333,-0.0714045,0.798671,13.7083,6.95833,0,0,0.291667,7.08333,0,-6.67916,0.0001,-0.00166299,0.0609697,1.54269,0.115893,59269,0.175061,205.76,2.13209
5876,0.180376,0.697364,0.00484126,0.00484126,0.205702,0.165968,0.764892,0.726401,0.0523489,0.0219642,0.0499667,0.229935,0.0486973,0,0.938131,0.0755372,2.14128,0.19073,0,0.0764762,0.561031,4.53029,0.64128,0.392421,0.632811,2.52447,0.188738,0.226626,0,0.792413,0.197036,0,-0.000297954,0.246286,0.963625,0.21599,0.0513942,0.0533173,0.00495758,0.00412424,0.432149,0.0499203,5.13035,0.153028,11.0216,0.655963,0.644502,-6.96275,-0.333333,-0.0716577,0.796697,13,6.83333,0,0,0.208333,8,0,-6.67842,0.0001,-0.00248344,0.0525363,1.52878,0.115407,59788,0.175087,208.27,2.33437
5877,0.183288,0.706644,0.00483226,0.00483226,0.207789,0.16771,0.764159,0.733921,0.0523328,0.0226941,0.0499487,0.232085,0.0467544,0,0.949257,0.0770147,2.14277,0.186313,0,0.0757317,0.562643,4.53508,0.641535,0.393551,0.631915,2.52515,0.191798,0.228977,0,0.802957,0.208084,0,-0.0003375,0.24249,0.963711,0.216752,0.0514319,0.0532782,0.00487514,0.00405286,0.432624,0.0499167,5.12128,0.102551,11.0165,0.656365,0.647412,-6.94744,-0.333333,-0.0724806,0.810476,12.7083,6.70833,0,0,0.375,7,0,-6.67714,0.0001,-0.00264145,0.0604535,1.53961,0.116118,59372,0.175114,208.75,2.56092
5878,0.1824,0.702744,0.00484858,0.00484858,0.2056,0.167454,0.764129,0.730959,0.052347,0.0222975,0.0499804,0.230864,0.048214,0,0.941808,0.0766796,2.14911,0.188261,0,0.0757368,0.559749,4.51596,0.639534,0.391511,0.634374,2.52804,0.190229,0.227747,0,0.802571,0.181094,0,-0.000326135,0.247104,0.96364,0.215386,0.0514199,0.0533432,0.00520721,0.00440854,0.429074,0.0499606,5.02757,0.0799434,10.9624,0.658005,0.646945,-6.8892,-0.333333,-0.0715255,0.800296,13.625,7.5,0,0,0.375,7.45833,0,-6.67569,0.0001,-0.000999348,0.0589386,1.52323,0.115641,59982,0.175168,206.04,2.00935
5879,0.179737,0.697849,0.00485607,0.00485607,0.204896,0.16617,0.764366,0.725543,0.0523891,0.0221775,0.0500192,0.2311,0.0481552,0,0.940913,0.0758085,2.14935,0.187755,0,0.0762078,0.559482,4.51799,0.639335,0.390571,0.635522,2.53776,0.187619,0.227848,0,0.777717,0.19394,0,-0.000307386,0.245877,0.963704,0.215189,0.0514507,0.0533791,0.00513024,0.00430812,0.431971,0.0499833,5.26868,0.0970501,10.9553,0.657923,0.645416,-6.88172,-0.333333,-0.0712628,0.796778,13.5833,7.5,0,0,0.416667,7.70833,0,-6.67404,0.0001,-0.0034868,0.0583927,1.52162,0.11638,60014,0.175169,205.17,2.35122
5880,0.180442,0.680935,0.00486879,0.00486879,0.205566,0.162272,0.765602,0.70977,0.0524278,0.0220633,0.0500842,0.232267,0.0484185,0,0.943429,0.0733592,2.15382,0.18685,0,0.0758948,0.556325,4.52261,0.63955,0.389,0.637027,2.54061,0.188352,0.228999,0,0.787267,0.16878,0,-0.000268518,0.244948,0.963848,0.2134,0.0515691,0.053435,0.00542858,0.00458608,0.434751,0.0501233,5.23009,0.11561,10.9257,0.657992,0.642386,-6.88702,-0.333333,-0.0714114,0.780064,13.5417,6.625,0,0,0.291667,7.54167,0,-6.67599,0.0001,-0.00144431,0.0582248,1.51167,0.116495,60377,0.175164,207.63,2.4319
5881,0.18389,0.70308,0.00485986,0.00485986,0.208271,0.168118,0.76494,0.731976,0.0522959,0.0229058,0.0499624,0.233413,0.0473473,0,0.949533,0.0764489,2.14201,0.183257,0,0.0751769,0.561087,4.52571,0.6399,0.390087,0.634348,2.52642,0.191385,0.230354,0,0.801188,0.195128,0,-0.000321112,0.244339,0.96351,0.214523,0.0514816,0.0533449,0.00575981,0.00490814,0.431546,0.0500237,5.22494,-0.128249,10.8915,0.66041,0.645146,-6.75523,-0.333333,-0.0722205,0.802697,14.2083,6.54167,0,0,0.583333,7.58333,0,-6.67604,0.0001,-0.00125288,0.0529624,1.51227,0.117762,60307,0.175169,206.39,2.3577
5882,0.185065,0.710763,0.00486037,0.00486037,0.206468,0.169664,0.764478,0.736068,0.0525049,0.0225632,0.0501346,0.232536,0.0474468,0,0.94531,0.0767502,2.14168,0.187635,0,0.076131,0.558128,4.52276,0.640324,0.390053,0.63429,2.53204,0.192186,0.229182,0,0.823204,0.184477,0,-0.000296209,0.243673,0.963583,0.213135,0.0516329,0.0534902,0.005069,0.00419958,0.433272,0.0501519,5.28383,0.0954582,10.9429,0.658373,0.646235,-6.89725,-0.333333,-0.0717283,0.810322,13.5833,6.16667,0,0,0.291667,7.58333,0,-6.67686,0.0001,-0.00263615,0.0547246,1.52273,0.117373,59937,0.175146,207.39,2.57078
5883,0.185577,0.70182,0.00485631,0.00485631,0.207681,0.167762,0.764243,0.730597,0.0522375,0.0231261,0.0499082,0.232796,0.0481687,0,0.948036,0.0753874,2.14838,0.185858,0,0.0748156,0.558781,4.52204,0.640274,0.390543,0.635607,2.52776,0.193642,0.22982,0,0.81275,0.164488,0,-0.000333319,0.243498,0.96351,0.214577,0.0514625,0.053306,0.00538886,0.00450117,0.43516,0.0499628,5.23391,-0.150139,10.8769,0.661261,0.645453,-6.72159,-0.333333,-0.07213,0.800672,11.9583,5.33333,0,0,0.125,6.5,0,-6.67958,0.0001,-0.00177012,0.0565731,1.53382,0.116081,59581,0.175077,206.84,2.3657
5884,0.184485,0.703696,0.00484257,0.00484257,0.207017,0.167236,0.763546,0.731813,0.0524768,0.0219766,0.0500965,0.231094,0.0474451,0,0.942238,0.0766159,2.14189,0.185848,0,0.0757556,0.558003,4.5223,0.640043,0.392291,0.631823,2.52304,0.192093,0.227572,0,0.798596,0.210291,0,-0.000258753,0.244507,0.964266,0.21803,0.0514514,0.0533986,0.00521653,0.00437275,0.434107,0.0500026,5.24324,0.374752,11.0077,0.654816,0.642644,-7.06858,-0.333333,-0.0722231,0.802913,12.5833,6.83333,0,0,0.375,8.08333,0,-6.68011,0.0001,-0.00231494,0.0555237,1.56921,0.115821,58339,0.175051,208.53,2.59119
5885,0.182835,0.699314,0.00485749,0.00485749,0.205526,0.166547,0.764521,0.727522,0.0527587,0.0218024,0.0503261,0.232011,0.0480152,0,0.943425,0.0764792,2.14879,0.187766,0,0.0768269,0.559694,4.5206,0.639438,0.390515,0.634495,2.53819,0.190387,0.228401,0,0.796384,0.19601,0,-0.000337025,0.244864,0.963687,0.213643,0.0516772,0.0536347,0.00500077,0.00416306,0.435492,0.0502274,5.17165,0.421933,11.1084,0.653449,0.647179,-7.07273,-0.333333,-0.0714447,0.798713,13.125,7.625,0,0,0.333333,7.125,0,-6.6775,0.0001,-0.00240148,0.0599432,1.5554,0.117035,58779,0.175063,208.24,2.2557
5886,0.181425,0.701221,0.00484877,0.00484877,0.205911,0.16692,0.764071,0.733274,0.052422,0.022683,0.0500496,0.232282,0.0470095,0,0.947119,0.0768902,2.14032,0.183967,0,0.075626,0.561809,4.53094,0.64068,0.391571,0.632797,2.52774,0.190763,0.228984,0,0.812821,0.216434,0,-0.000262326,0.24255,0.963977,0.214841,0.0515826,0.0534346,0.0052233,0.00437993,0.434507,0.0501292,5.06661,0.100275,10.9666,0.65765,0.645737,-6.94621,-0.333333,-0.0716502,0.803139,13.125,7,0,0,0.25,8.08333,0,-6.67798,0.0001,-0.00117566,0.0598461,1.54188,0.117497,59241,0.175027,205.53,2.23296
5887,0.179624,0.68982,0.00484434,0.00484434,0.20587,0.164499,0.763917,0.718931,0.0523731,0.0222755,0.0499759,0.230276,0.0482248,0,0.939463,0.0746677,2.1427,0.188799,0,0.0762421,0.563993,4.53639,0.641631,0.392035,0.633498,2.52573,0.188324,0.227174,0,0.786683,0.200038,0,-0.000345744,0.243071,0.963624,0.215499,0.0514101,0.0533329,0.00463876,0.00382832,0.433204,0.0499447,5.04003,0.0587318,10.9851,0.657114,0.650211,-6.88787,-0.333333,-0.071595,0.790041,13.8333,7.58333,0,0,0.541667,6.875,0,-6.67901,0.0001,-0.00175065,0.0583776,1.54949,0.117796,58960,0.175016,208.13,2.46644
5888,0.185845,0.717586,0.0048229,0.0048229,0.210346,0.170288,0.762702,0.749729,0.0521162,0.0229035,0.0497657,0.23314,0.0480808,0,0.954763,0.079385,2.14359,0.183148,0,0.0746128,0.565439,4.56138,0.644416,0.394744,0.629655,2.51462,0.195589,0.229977,0,0.812221,0.237402,0,-0.000384873,0.239708,0.963683,0.219056,0.0512304,0.0530191,0.00561101,0.00469612,0.438793,0.0497692,5.26404,0.0191602,10.9173,0.658245,0.641686,-6.9618,-0.333333,-0.0734977,0.820093,13.4583,6.95833,0,0,0.375,8.125,0,-6.67675,0.0001,-0.00252326,0.0624707,1.54126,0.114684,59364,0.17508,209.8,2.53325
5889,0.180252,0.691255,0.00483698,0.00483698,0.204352,0.164605,0.763887,0.722283,0.0520899,0.0230057,0.0497507,0.230835,0.0503832,0,0.94262,0.0755211,2.17412,0.191576,0,0.0763016,0.561704,4.54305,0.6429,0.392958,0.63146,2.51003,0.189016,0.227704,0,0.800831,0.19132,0,-0.000373138,0.24958,0.963464,0.217508,0.0512119,0.0530538,0.00600693,0.00511557,0.438692,0.0497585,5.18602,-0.035215,10.9006,0.659842,0.648614,-6.8678,-0.333333,-0.0711597,0.792446,13.25,6.41667,0,0,0.416667,7.375,0,-6.67152,0.0001,-0.00185903,0.0533223,1.53416,0.116587,59551,0.175083,206.16,2.25917
5890,0.179308,0.682866,0.00483119,0.00483119,0.202256,0.162256,0.763781,0.712181,0.0524634,0.0211866,0.0500042,0.229305,0.0503151,0,0.936609,0.0739939,2.14778,0.193101,0,0.077602,0.557903,4.52997,0.640899,0.393755,0.631143,2.52323,0.188103,0.225753,0,0.788452,0.175586,0,-0.000239761,0.250561,0.964556,0.21858,0.0513061,0.0533435,0.00552512,0.00469673,0.434623,0.0499488,5.25729,0.567714,11.1051,0.651102,0.646534,-7.23181,-0.333333,-0.0706591,0.781851,13.8333,9.20833,0,0,0.666667,8.83333,0,-6.67382,0.0001,-0.00255766,0.0535236,1.52235,0.116387,59987,0.175073,210.14,2.4528
5891,0.181109,0.697752,0.00486921,0.00486921,0.205897,0.166474,0.765271,0.722801,0.0525269,0.0223378,0.0501553,0.23129,0.0485854,0,0.939948,0.0755958,2.13707,0.189013,0,0.0762498,0.560926,4.5126,0.637915,0.388944,0.637007,2.53891,0.188546,0.228044,0,0.799525,0.19724,0,-0.000267328,0.248221,0.964062,0.214045,0.0515665,0.0534987,0.00580439,0.004952,0.434499,0.0501456,5.29119,0.192553,10.9146,0.659227,0.647517,-6.93177,-0.333333,-0.0715159,0.798964,12,7.25,0,0,0.541667,6.70833,0,-6.67612,0.0001,-0.00125401,0.0558861,1.53598,0.11512,59538,0.175063,206.22,2.312
5892,0.185383,0.702545,0.00484552,0.00484552,0.20853,0.167506,0.764748,0.733278,0.0525107,0.0225919,0.0501445,0.231275,0.0467278,0,0.944475,0.0762271,2.1657,0.182309,0,0.0752141,0.561712,4.53054,0.640378,0.391945,0.634628,2.53013,0.19412,0.22821,0,0.817511,0.207646,0,-0.00031111,0.242702,0.963948,0.217554,0.0515117,0.0534786,0.00550503,0.00471983,0.436701,0.0500802,5.04529,0.0760651,10.9475,0.659258,0.64817,-6.90455,-0.333333,-0.0725534,0.805796,12.4167,7.54167,0,0,0.5,6.41667,0,-6.67486,0.0001,-0.00195402,0.0572593,1.54098,0.115957,59328,0.175088,204.25,2.12579
5893,0.179556,0.689555,0.00487262,0.00487262,0.20423,0.164269,0.765338,0.723655,0.0521811,0.0230211,0.0498895,0.230117,0.050083,0,0.935996,0.0759456,2.15539,0.191013,0,0.0750405,0.562768,4.51943,0.640161,0.38854,0.636132,2.53528,0.1882,0.227386,0,0.770827,0.210527,0,-0.000357388,0.248129,0.963104,0.212775,0.0514302,0.0532352,0.00536018,0.00454031,0.433236,0.0499309,5.12324,-0.337812,10.7582,0.666087,0.649452,-6.59698,-0.333333,-0.0709187,0.790469,13.4583,7,0,0,0.375,6.54167,0,-6.67026,0.0001,-0.00192375,0.0554869,1.58169,0.118275,57826,0.175108,205.44,2.21792
5894,0.180648,0.691065,0.00487357,0.00487357,0.203221,0.165128,0.76574,0.722387,0.0522858,0.0221586,0.0499699,0.231767,0.0485442,0,0.942198,0.0746636,2.14856,0.188478,0,0.0754157,0.558723,4.52867,0.641089,0.388417,0.633348,2.53122,0.18997,0.228897,0,0.802039,0.183464,0,-0.000298942,0.244316,0.963288,0.212561,0.0515587,0.0533573,0.0050134,0.00421267,0.432477,0.0500834,5.18183,-0.149644,10.8403,0.663392,0.652606,-6.66979,-0.333333,-0.0704952,0.793813,14.1667,7.83333,0,0,0.458333,6.375,0,-6.66609,0.0001,-0.00194858,0.057302,1.60671,0.120896,56901,0.175155,206.87,2.43336
5895,0.180957,0.677266,0.00488061,0.00488061,0.202937,0.162467,0.766586,0.704738,0.0518494,0.0237284,0.0496392,0.230842,0.0514514,0,0.938998,0.072839,2.15156,0.195329,0,0.0751332,0.560699,4.51232,0.639102,0.387514,0.637827,2.53449,0.188534,0.228512,0,0.785245,0.176784,0,-0.000453932,0.253119,0.962402,0.211422,0.0512759,0.0529867,0.00565679,0.00486025,0.429115,0.049757,4.88644,-0.719251,10.678,0.670998,0.651793,-6.2847,-0.333333,-0.0701369,0.777017,14.2083,7.33333,0,0,0.625,5.125,0,-6.66275,0.0001,0.00192023,0.0564197,1.58971,0.122984,57397,0.175169,206.26,2.51382
5896,0.184171,0.703436,0.0048527,0.0048527,0.204711,0.167824,0.765884,0.731661,0.0518062,0.0236222,0.0495666,0.231582,0.049796,0,0.945994,0.0766748,2.16172,0.190676,0,0.0749402,0.564422,4.5443,0.642942,0.391038,0.63337,2.52521,0.193393,0.229212,0,0.800936,0.218801,0,-0.000388826,0.246149,0.962826,0.215739,0.0511937,0.0529042,0.00531199,0.00446378,0.434935,0.049673,5.10832,-0.56248,10.6682,0.668296,0.64495,-6.5059,-0.333333,-0.0711297,0.809609,15.1667,7.91667,0,0,0.458333,6.83333,0,-6.66168,0.0001,-0.00347559,0.0584846,1.64269,0.11965,55780,0.175158,206.77,2.50922
5897,0.180714,0.683482,0.00488258,0.00488258,0.203588,0.164126,0.76597,0.715347,0.0520549,0.0232076,0.049809,0.232868,0.0502621,0,0.945173,0.0748934,2.17058,0.189791,0,0.074784,0.559154,4.51497,0.639333,0.38727,0.636171,2.53847,0.18964,0.230341,0,0.776744,0.184128,0,-0.000312305,0.248301,0.962286,0.210579,0.0514946,0.0532638,0.0057105,0.00482205,0.432852,0.0499561,5.16467,-0.568338,10.7307,0.668527,0.655232,-6.41731,-0.333333,-0.0703249,0.78279,13.0833,6.95833,0,0,0.291667,5.79167,0,-6.66112,0.0001,-0.0019783,0.053937,1.59608,0.118975,57318,0.175126,204.78,2.20965
5898,0.185344,0.706081,0.00485379,0.00485379,0.204961,0.168341,0.765481,0.74116,0.0517734,0.0238363,0.0495718,0.231307,0.049603,0,0.944653,0.0776882,2.15459,0.187958,0,0.0738637,0.565743,4.54367,0.642991,0.390879,0.634865,2.52325,0.195761,0.228776,0,0.819261,0.206078,0,-0.000368332,0.248218,0.962431,0.213776,0.0512846,0.0529444,0.00565551,0.00482961,0.434181,0.0497594,5.01092,-0.719021,10.6678,0.670086,0.648655,-6.4211,-0.333333,-0.071282,0.811554,14.5,7.625,0,0,0.166667,5.91667,0,-6.66209,0.0001,-0.00246199,0.0514921,1.60059,0.121893,57071,0.175102,205.79,2.41852
5899,0.183003,0.701805,0.00485169,0.00485169,0.206383,0.167481,0.765632,0.728602,0.0519088,0.0230854,0.0496696,0.230938,0.0493178,0,0.943896,0.0760023,2.15975,0.187744,0,0.0745512,0.562639,4.53284,0.641117,0.391143,0.633427,2.52281,0.191609,0.228319,0,0.815129,0.174077,0,-0.000356762,0.246811,0.962751,0.216063,0.0512527,0.0530073,0.00563567,0.00483252,0.43298,0.049772,5.00349,-0.356031,10.7681,0.666173,0.647093,-6.61221,-0.333333,-0.0717212,0.806879,13.375,6.875,0,0,0.583333,6.70833,0,-6.66298,0.0001,-0.00195699,0.0557914,1.56572,0.118475,58368,0.175115,207.67,2.5204
