step,Episode_Metrics/bridge/credible,Episode_Metrics/bridge/credible_best_s,Episode_Metrics/bridge/failed,Episode_Metrics/bridge/missed_goal,Episode_Metrics/bridge/potential,Episode_Metrics/bridge/progress_steps,Episode_Metrics/bridge/quality,Episode_Metrics/onefoot/best_dwell,Episode_Metrics/onefoot/capture_error,Episode_Metrics/onefoot/clearance,Episode_Metrics/onefoot/com_offset,Episode_Metrics/onefoot/com_speed,Episode_Metrics/onefoot/cross_track,Episode_Metrics/onefoot/diagnostic_valid,Episode_Metrics/onefoot/distance,Episode_Metrics/onefoot/dwell,Episode_Metrics/onefoot/head_speed,Episode_Metrics/onefoot/heading_error,Episode_Metrics/onefoot/injected_speed,Episode_Metrics/onefoot/lateral,Episode_Metrics/onefoot/left_contact,Episode_Metrics/onefoot/left_force,Episode_Metrics/onefoot/left_load,Episode_Metrics/onefoot/phase,Episode_Metrics/onefoot/right_contact,Episode_Metrics/onefoot/right_force,Episode_Metrics/onefoot/single_support,Episode_Metrics/onefoot/speed,Episode_Metrics/onefoot/success,Episode_Metrics/onefoot/success_050,Episode_Metrics/onefoot/success_100,Episode_Metrics/onefoot/success_200,Episode_Metrics/onefoot/support_cop_y_offset,Episode_Metrics/onefoot/support_yaw,Episode_Metrics/onefoot/upright,Episode_Metrics/onefoot/waist_axis_alignment,Episode_Metrics/onefoot/waist_axis_error,Episode_Metrics/onefoot/waist_capture_error,Episode_Metrics/onefoot/waist_foreaft_capture,Episode_Metrics/onefoot/waist_foreaft_error,Episode_Metrics/onefoot/waist_front_load,Episode_Metrics/onefoot/waist_pelvis_offset,Episode_Metrics/onefoot/waist_pitch_deg,Episode_Metrics/onefoot/waist_roll_deg,Episode_Metrics/onefoot/waist_roll_error_deg,Episode_Metrics/onefoot/waist_roll_match,Episode_Metrics/onefoot/waist_roll_speed,Episode_Metrics/onefoot/waist_target_roll_deg,Episode_Reward/failure,Episode_Reward/shaping,Episode_Reward/task,Episode_Termination/body_ground,Episode_Termination/fell_over,Episode_Termination/nan_state,Episode_Termination/out_of_terrain_bounds,Episode_Termination/replanted_swing,Episode_Termination/stalled_transfer,Episode_Termination/time_out,Loss/entropy,Loss/learning_rate,Loss/surrogate,Loss/value,Perf/collection_time,Perf/learning_time,Perf/total_fps,Policy/mean_std,Train/mean_episode_length,Train/mean_reward
3900,0,0,0,0,0,0,0,0,0,0,0,0,0,0,0,0,0,0,0,0,0,0,0,0,0,0,0,0,0,0,0,0,0,0,0,0,0,0,0,0,0,0,0,0,0,0,0,0,0,0,0,0,0,0,0,0,0,0,-9.94247,0.0001,-5.73304e-05,0.0186374,1.39129,0.167962,63045,0.141946,,
3901,0,0,0,0,0,0,0,0,0,0,0,0,0,0,0,0,0,0,0,0,0,0,0,0,0,0,0,0,0,0,0,0,0,0,0,0,0,0,0,0,0,0,0,0,0,0,0,0,0,0,0,0,0,0,0,0,0,0,-9.89643,0.0001,1.20206e-05,0.0844711,1.30441,0.127106,68671,0.142324,,
3902,0,0,0,0,0,0,0,0,0,0,0,0,0,0,0,0,0,0,0,0,0,0,0,0,0,0,0,0,0,0,0,0,0,0,0,0,0,0,0,0,0,0,0,0,0,0,0,0,0,0,0,0,0,0,0,0,0,0,-9.8547,0.0001,-5.49028e-05,0.165837,1.27276,0.126427,70258,0.142733,,
3903,0,0,0,0,0,0,0,0,0,0,0,0,0,0,0,0,0,0,0,0,0,0,0,0,0,0,0,0,0,0,0,0,0,0,0,0,0,0,0,0,0,0,0,0,0,0,0,0,0,0,0,0,0,0,0,0,0,0,-9.80859,0.0001,1.51777e-05,0.0828015,1.28098,0.129588,69690,0.143066,,
3904,0,0,0.00105047,0.00105047,0.00437607,0,0.112988,0,0.00846291,-0.000134866,0.00806678,0.0245978,0.00867258,0,0.0562281,0,0.172632,0.0414123,0,0.0132533,0.0612433,0.464044,0.0668691,0.00359741,0.102116,0.421013,0,0.0238231,0,0,0,0,0.00018136,0.0475137,0.11972,0.00285677,0.00820067,0.00865913,-0.00211886,-0.00218413,0.0560731,0.00788483,1.49476,0.207235,0.499645,0.114066,0.0747875,-0.0926322,-0.0416667,-0.000866924,0,0,1.20833,0,0,0,0,0,-9.78096,0.0001,0.0130521,0.489749,1.37283,0.127693,65513,0.143222,119.759,-2.03695
3905,0,0,0.00756787,0.00756787,0.0484736,0,0.892568,0,0.0634192,0.000782479,0.0615655,0.217144,0.0505714,0,0.555334,0,1.63803,0.211068,0,0.0826349,0.419423,3.74559,0.528459,0.0793545,0.807673,3.31361,0,0.210457,0,0,0,0,0.00129852,0.34733,0.961816,0.0529307,0.0634251,0.0653684,-0.000341448,-0.00208343,0.431501,0.0623318,9.65457,0.337724,4.45616,0.884975,0.590582,-1.43766,-0.333333,-0.0108795,0,33.7917,38.9167,0,0,0,0,0,-9.77175,0.0001,0.00790548,0.26595,1.82494,0.131284,50252,0.143279,143.35,-2.10609
3906,0.000441972,0.00118185,0.00640232,0.00640232,0.067995,0.000357433,0.876817,0.00126518,0.056348,0.00140672,0.0551632,0.20394,0.0573198,0,0.631002,1.96628e-05,1.66787,0.231442,0,0.0756755,0.404108,3.95662,0.559338,0.196708,0.787594,3.07499,0.000467693,0.202386,0,0,0,0,0.000801875,0.361451,0.958781,0.115024,0.0569831,0.0577141,0.00893113,0.00769587,0.465481,0.0568501,6.81645,-0.531775,6.17312,0.802703,0.516737,-3.24168,-0.333333,-0.017756,0.00149075,14.7917,17.25,0,0,0.0416667,0,0,-9.76656,0.0001,-0.00107536,0.118466,1.71456,0.131418,53253,0.14336,167.25,-2.08258
3907,0.0577757,0.19411,0.00554834,0.00554834,0.140948,0.0525248,0.853874,0.20066,0.0533774,0.0137093,0.0510378,0.204892,0.0567255,0,0.733537,0.0116399,1.82943,0.203778,0,0.077554,0.544217,4.33755,0.620104,0.303683,0.722602,2.70942,0.0600925,0.203157,0,0.116603,0,0,-0.000582383,0.282277,0.964411,0.181264,0.0514907,0.054354,0.00467339,0.0043298,0.453097,0.0506016,4.40485,-1.77181,8.7452,0.714121,0.605178,-4.64096,-0.333333,-0.042793,0.274175,14.9583,64,0,0,3.29167,8.75,0,-9.75626,0.0001,0.000489709,0.0321033,1.74286,0.129605,52499,0.143489,191.15,0.792763
3908,0.11615,0.431372,0.00489559,0.00489559,0.184933,0.105813,0.832598,0.518624,0.0481958,0.0180264,0.0462366,0.19668,0.0507512,0,0.794026,0.0448511,1.95532,0.173551,0,0.0686927,0.615021,4.68573,0.663232,0.385603,0.64207,2.3954,0.140308,0.194515,0,0.638834,0,0,-0.00102493,0.246102,0.971515,0.284266,0.045478,0.0480863,0.00611101,0.0051913,0.476586,0.0447616,4.52681,-1.01272,8.82019,0.680473,0.516068,-7.02285,-0.333333,-0.0628934,0.613108,1.58333,7.875,0,0,1.875,5.04167,0,-9.73974,0.0001,-0.000306196,0.0130157,1.71854,0.126521,53279,0.143652,206.28,1.4287
3909,0.11111,0.485,0.00466294,0.00466294,0.198053,0.109382,0.823151,0.808611,0.0479273,0.0161681,0.045319,0.183689,0.0829463,0,0.778959,0.0805215,1.73712,0.200312,0,0.0807901,0.680787,4.92125,0.686503,0.417574,0.603199,2.13318,0.185747,0.179274,0,0.916667,0,0,-0.00109557,0.22833,0.970693,0.334608,0.0442279,0.0471997,0.011693,0.0110586,0.527349,0.0438317,7.37623,0.194424,9.04387,0.682717,0.467078,-8.31845,-0.333333,-0.0728369,0.686336,0.25,1.125,0,0,0.208333,0.166667,0,-9.72167,0.0001,0.00110088,0.046698,1.431,0.135351,62759,0.143781,206.84,1.4441
3910,0,0,0.00791898,0.00791898,0.0373611,0,0.891651,0,0.0668856,-9.53547e-05,0.0641606,0.21626,0.0545015,0,0.532074,0,1.81563,0.228383,0,0.0922151,0.393946,3.68437,0.519614,0.0548692,0.805986,3.37037,0,0.211456,0,0,0,0,0.00220137,0.345863,0.962943,0.0263842,0.0665609,0.0692456,-0.0075287,-0.00905903,0.393032,0.0651159,9.54228,1.29547,4.42912,0.898545,0.722634,-1.277,-0.333333,-0.00794686,0,4.75,10.5,0,0,0,0,0,-9.71153,0.0001,0.00960285,0.116739,1.69265,0.128204,53987,0.143854,131.49,-2.05905
3911,0.000126263,0.000277778,0.00725267,0.00725267,0.0550643,8.41751e-05,0.891448,0.000277778,0.0612504,0.000748928,0.0598682,0.214879,0.04463,0,0.577659,4.48934e-06,1.61402,0.191257,0,0.0728957,0.411404,3.78386,0.535531,0.107534,0.806793,3.24359,0.000140292,0.209213,0,0,0,0,0.000980493,0.343053,0.96088,0.0704113,0.0614949,0.0628107,0.00477843,0.00286666,0.457602,0.0608136,9.33075,0.078237,4.74702,0.861169,0.519675,-1.89696,-0.333333,-0.0128721,0.000349094,14.125,11.7083,0,0,0,0,0,-9.70574,0.0001,0.00406733,0.119827,1.75975,0.128132,52071,0.1439,143.98,-2.07532
3912,0.0137669,0.0429273,0.0067243,0.0067243,0.0767899,0.0120857,0.874144,0.0435862,0.0600304,0.00434251,0.0578436,0.21127,0.0525503,0,0.626777,0.00184883,1.76632,0.21087,0,0.081507,0.44711,3.94866,0.560212,0.17354,0.781036,3.10477,0.0139862,0.207418,0,0.00405547,0,0,0.000794906,0.327238,0.962023,0.0937794,0.0592259,0.0615366,0.000976168,-0.000156824,0.437279,0.0582772,7.1191,-0.203716,6.39362,0.811615,0.619567,-2.89371,-0.333333,-0.0207877,0.0595762,14.4583,29.7917,0,0,0.5,0.916667,0,-9.70138,0.0001,0.00326588,0.110155,1.71385,0.132941,53229,0.143947,158.61,-1.46889
3913,0.03231,0.107766,0.00625551,0.00625551,0.105221,0.0290091,0.868909,0.11499,0.0566819,0.00755154,0.0548311,0.209676,0.0500958,0,0.669236,0.00676904,1.75431,0.195389,0,0.0743046,0.484736,4.09164,0.581717,0.221071,0.761363,2.95217,0.0345291,0.20607,0,0.0602058,0,0,0.000217792,0.308919,0.963325,0.133821,0.0557824,0.0578606,0.00550988,0.00442347,0.455237,0.0550633,6.71027,-0.893588,6.96147,0.779185,0.565849,-3.4825,-0.333333,-0.0303356,0.150814,16.1667,27.9583,0,0,1.16667,2.95833,0,-9.69692,0.0001,-0.00146359,0.0699374,1.71308,0.125914,53455,0.143997,164.32,-1.2265
3914,0.0431246,0.13966,0.00574149,0.00574149,0.12494,0.0379856,0.856964,0.147178,0.0543639,0.0106922,0.0522228,0.205781,0.0569543,0,0.712705,0.00806305,1.82826,0.205909,0,0.0769723,0.514887,4.24194,0.604454,0.279959,0.74098,2.80048,0.0456984,0.203649,0,0.0571686,0,0,-0.000257641,0.299688,0.963393,0.161137,0.0528674,0.0553521,0.00586974,0.00532343,0.455733,0.0521334,4.94684,-1.37364,8.36129,0.729559,0.599109,-4.35524,-0.333333,-0.0371823,0.195643,11.9583,30.5833,0,0,2.20833,3.41667,0,-9.69144,0.0001,-0.00246043,0.0412404,1.78399,0.137221,51167,0.144072,180.24,-0.640482
3915,0.0653547,0.222902,0.00567695,0.00567695,0.144098,0.0587785,0.85345,0.240102,0.0545777,0.0125282,0.0521539,0.205091,0.0577161,0,0.725904,0.0158171,1.87019,0.199841,0,0.0789829,0.550383,4.29967,0.612577,0.292792,0.72705,2.75757,0.0707073,0.203211,0,0.179524,0,0,-0.000392046,0.276179,0.966082,0.176559,0.0522632,0.0553723,0.00408904,0.00346669,0.440558,0.0513046,4.76129,-0.860514,8.76843,0.713668,0.614841,-4.91358,-0.333333,-0.0445083,0.313162,6,22.2917,0,0,3.125,5.33333,0,-9.68147,0.0001,-0.00166163,0.0294208,1.75453,0.130364,52153,0.14417,179.16,-0.0322018
3916,0.0306012,0.106395,0.00667695,0.00667695,0.0858949,0.0269909,0.872609,0.122783,0.0593059,0.00568189,0.0573872,0.208688,0.0524864,0,0.630311,0.00900325,1.74859,0.200342,0,0.0789314,0.47795,4.00025,0.566624,0.180338,0.768348,3.06415,0.0355705,0.20443,0,0.133263,0,0,0.000534685,0.318325,0.964407,0.110515,0.0582581,0.0604561,0.000631056,-0.000584407,0.439816,0.0573009,7.44423,0.178394,6.18569,0.806946,0.556591,-3.49262,-0.333333,-0.02525,0.148937,3.625,7.25,0,0,0.875,1.41667,0,-9.66814,0.0001,0.000334445,0.0407298,1.73408,0.126923,52823,0.144276,146.87,-1.37024
3917,0.0108735,0.0363426,0.00700831,0.00700831,0.0644479,0.00952167,0.880376,0.0412036,0.0611561,0.00261809,0.0592553,0.214444,0.049643,0,0.607419,0.00265366,1.75399,0.203485,0,0.0792624,0.427901,3.84963,0.545701,0.140854,0.794199,3.19813,0.0124542,0.210165,0,0.0292409,0,0,0.000921076,0.337552,0.961506,0.0803769,0.0606099,0.0625677,0.00184346,0.000280218,0.450204,0.059667,8.37236,0.428986,5.73348,0.832772,0.577811,-2.53157,-0.333333,-0.0169412,0.0502327,7.5,11.25,0,0,0.166667,0.458333,0,-9.65776,0.0001,-0.00156465,0.065843,1.70855,0.129605,53479,0.144373,147.02,-1.72791
3918,0.0170423,0.0551484,0.00676572,0.00676572,0.0782694,0.0151584,0.876318,0.0565854,0.0604924,0.00435646,0.0584131,0.21206,0.0527938,0,0.625232,0.00294642,1.75733,0.204323,0,0.0799134,0.448742,3.91968,0.556782,0.168192,0.785288,3.13677,0.0174696,0.207879,0,0.0128683,0,0,0.000696478,0.323725,0.962303,0.0901111,0.0596247,0.0618822,0.00171597,0.00054202,0.443006,0.0586902,7.63885,0.00048884,6.38773,0.809947,0.605161,-2.94175,-0.333333,-0.0214186,0.0773767,10.25,18.9583,0,0,0.625,0.833333,0,-9.65266,0.0001,-0.000105312,0.0687562,1.75205,0.135803,52071,0.144418,156.81,-1.39729
3919,0.0264918,0.0893749,0.00646322,0.00646322,0.0903714,0.0241324,0.868044,0.096108,0.0584667,0.00631488,0.0565,0.211008,0.0517415,0,0.652723,0.00556341,1.78314,0.203556,0,0.079331,0.469547,4.00993,0.57036,0.200504,0.768673,3.02899,0.028647,0.207178,0,0.0466186,0,0,0.000325165,0.319116,0.962634,0.113207,0.057412,0.0596538,0.0029142,0.00167771,0.448837,0.056504,7.01032,-0.20808,6.94899,0.786955,0.594807,-3.45416,-0.333333,-0.0256643,0.123204,10.625,20.0417,0,0,1.25,1.45833,0,-9.64891,0.0001,-0.00100057,0.0778452,1.77253,0.129416,51686,0.144467,161.28,-1.41688
3920,0.0372202,0.123154,0.00618405,0.00618405,0.111012,0.0333661,0.863953,0.12953,0.0570676,0.0084617,0.05488,0.209069,0.0558998,0,0.677982,0.00735494,1.81584,0.205033,0,0.0790295,0.499799,4.12096,0.585748,0.23254,0.758083,2.937,0.0392266,0.205878,0,0.0532021,0,0,9.98809e-05,0.302894,0.964217,0.132682,0.0555937,0.058141,0.00366352,0.00277661,0.446557,0.0546872,6.10262,-0.626807,7.59643,0.761031,0.60538,-3.78929,-0.333333,-0.0324867,0.170964,11.875,28.625,0,0,2.08333,3.58333,0,-9.64623,0.0001,-0.00149998,0.0556919,1.69107,0.131017,53951,0.144507,167.82,-1.07213
3921,0.0466534,0.1584,0.00589457,0.00589457,0.122586,0.0418817,0.858052,0.173007,0.0556294,0.00990979,0.0534119,0.205772,0.0573573,0,0.7001,0.0112041,1.82615,0.205754,0,0.0782989,0.516006,4.19074,0.597248,0.265141,0.743969,2.85232,0.050812,0.20332,0,0.128735,0,0,-0.000133559,0.297272,0.964393,0.152546,0.0538533,0.0565422,0.00514813,0.00435661,0.453106,0.0530089,5.57445,-0.571445,8.22953,0.734062,0.591303,-4.50264,-0.333333,-0.0370462,0.221786,8.625,22.7083,0,0,2.29167,3.91667,0,-9.64222,0.0001,-0.0014926,0.0480312,1.73236,0.135556,52627,0.144576,174.76,-0.797399
3922,0.0530574,0.182944,0.005824,0.005824,0.128642,0.0486039,0.854232,0.196207,0.055368,0.0108644,0.0530884,0.205453,0.0545979,0,0.70773,0.0125763,1.85826,0.202813,0,0.0780225,0.532926,4.22885,0.602098,0.274287,0.740222,2.8281,0.0570381,0.203117,0,0.139736,0,0,-0.000288936,0.288576,0.965085,0.156249,0.0534408,0.0562197,0.0040854,0.00342529,0.451293,0.0524977,5.13503,-0.602338,8.51566,0.722666,0.598623,-4.70174,-0.333333,-0.0390132,0.252738,7.08333,21,0,0,2.58333,4.20833,0,-9.63639,0.0001,-0.0019478,0.046999,1.73031,0.131527,52799,0.144649,170.5,-0.852131
3923,0.0497342,0.174767,0.00625276,0.00625276,0.113624,0.0452338,0.864038,0.192858,0.0577132,0.00827717,0.0554488,0.208755,0.052645,0,0.675721,0.0138909,1.827,0.198698,0,0.0784579,0.506257,4.11943,0.585027,0.22903,0.751426,2.95059,0.0550015,0.205483,0,0.191608,0,0,0.000139956,0.29752,0.96521,0.136036,0.055908,0.0586302,0.00276384,0.00167227,0.445371,0.0549057,6.33971,0.0915441,7.60937,0.759381,0.598147,-4.13832,-0.333333,-0.034386,0.244914,6.70833,16.9167,0,0,2.83333,3.29167,0,-9.62987,0.0001,0.001436,0.0478633,1.74171,0.129435,52536,0.144728,157.96,-0.894019
3924,0.0346166,0.121905,0.00646253,0.00646253,0.096185,0.0316851,0.869164,0.128706,0.0582371,0.00627588,0.0562705,0.209843,0.0533075,0,0.653297,0.00888197,1.77939,0.204274,0,0.0777755,0.476593,4.02552,0.571564,0.201803,0.768561,3.02418,0.0370174,0.206197,0,0.117605,0,0,0.000345039,0.314891,0.963529,0.118051,0.0570051,0.0592637,0.0032118,0.0019948,0.453371,0.0561157,7.12034,0.0222555,6.85537,0.783004,0.563522,-3.63675,-0.333333,-0.0281493,0.169093,5.91667,10.5,0,0,1.04167,1.33333,0,-9.62361,0.0001,-0.00155109,0.0656906,1.72689,0.129815,52945,0.144803,156.7,-1.33617
3925,0.0296826,0.102819,0.00651287,0.00651287,0.0908283,0.0274492,0.868559,0.11017,0.0589322,0.00634813,0.0567983,0.210194,0.0543456,0,0.649689,0.00708649,1.8146,0.206276,0,0.0809553,0.47056,4.004,0.568961,0.197168,0.771622,3.04222,0.0317268,0.206788,0,0.0762659,0,0,0.000462193,0.320276,0.963251,0.110458,0.0577642,0.0601854,0.00191542,0.000817844,0.443852,0.0567838,6.92507,-0.175658,6.88613,0.787797,0.603133,-3.32147,-0.333333,-0.0261424,0.144393,8.08333,18.0417,0,0,1.08333,1.54167,0,-9.61829,0.0001,0.00422837,0.0701905,1.7385,0.133798,52504,0.144856,159.61,-1.15206
3926,0.0398188,0.133795,0.00628239,0.00628239,0.10674,0.0355288,0.864685,0.144117,0.0576846,0.00784443,0.0555889,0.21018,0.0555256,0,0.673296,0.00925224,1.8073,0.203846,0,0.078854,0.490281,4.07631,0.579335,0.222138,0.760183,2.98029,0.0428039,0.20691,0,0.0951155,0,0,0.000267799,0.305831,0.964185,0.126555,0.0563032,0.0587667,0.00336086,0.00231308,0.449844,0.0553575,6.58857,-0.313742,7.33166,0.767601,0.586489,-3.79389,-0.333333,-0.031526,0.185483,9.16667,18.5417,0,0,1.70833,2.375,0,-9.61418,0.0001,-0.0013164,0.0730898,1.74603,0.135867,52236,0.14488,159.94,-1.17727
3927,0.0435449,0.152935,0.00608581,0.00608581,0.116382,0.0406341,0.859449,0.164627,0.0566001,0.00928708,0.0543938,0.20901,0.0574256,0,0.691519,0.0104508,1.81762,0.207831,0,0.0798061,0.507932,4.14647,0.591178,0.244264,0.750462,2.89755,0.0467085,0.206394,0,0.114547,0,0,-3.42823e-06,0.298584,0.964014,0.140962,0.0549581,0.0575647,0.00376924,0.00290601,0.448766,0.0540115,5.85709,-0.613891,7.80574,0.750558,0.600067,-4.04899,-0.333333,-0.0347302,0.212271,8.66667,24.375,0,0,2.33333,2.91667,0,-9.60929,0.0001,2.92155e-05,0.0685999,1.79248,0.130711,51115,0.144944,170.6,-0.626554
3928,0.0566141,0.198333,0.00593284,0.00593284,0.126774,0.0522279,0.858075,0.213736,0.0559545,0.0103979,0.053729,0.207691,0.0554149,0,0.705347,0.0145685,1.83596,0.199102,0,0.0774242,0.5169,4.19414,0.597662,0.262043,0.741924,2.85594,0.0610307,0.205139,0,0.175814,0,0,-0.000168408,0.289791,0.965647,0.154005,0.0540705,0.0568067,0.00425309,0.0034364,0.452817,0.053162,5.63788,-0.449874,8.11347,0.734895,0.584929,-4.52644,-0.333333,-0.0386467,0.275908,8.54167,21.8333,0,0,3.25,4.95833,0,-9.60242,0.0001,-0.000943209,0.0574566,1.75788,0.129853,52075,0.145,173.24,-0.333357
3929,0.0638543,0.228001,0.00584379,0.00584379,0.134422,0.0595517,0.856167,0.244091,0.055151,0.0107828,0.0530034,0.208305,0.05476,0,0.716812,0.0174512,1.83507,0.199477,0,0.0758714,0.531137,4.23858,0.603577,0.271702,0.736079,2.81719,0.0682351,0.205787,0,0.20601,0,0,-0.000279715,0.286765,0.966166,0.164111,0.0531877,0.0558486,0.0051886,0.00430481,0.458304,0.0523455,5.57843,-0.496327,8.27058,0.727708,0.580459,-4.7147,-0.333333,-0.0413154,0.317903,7,18.0417,0,0,3.79167,4.125,0,-9.59719,0.0001,-0.00162199,0.0541403,1.79879,0.13189,50916,0.145071,175.5,-0.307263
3930,0.0507845,0.178253,0.0059944,0.0059944,0.121843,0.0468726,0.857232,0.19325,0.0567378,0.00943087,0.0544072,0.206764,0.0562428,0,0.695635,0.0130215,1.83091,0.203166,0,0.0784359,0.517938,4.16531,0.593113,0.255579,0.749706,2.88904,0.0553185,0.204239,0,0.148974,0,0,-5.75704e-06,0.291777,0.96477,0.143358,0.0547976,0.0575986,0.0034866,0.00267103,0.446245,0.0538361,5.60615,-0.155398,8.24167,0.734583,0.593354,-4.58442,-0.333333,-0.0369614,0.247464,6.33333,20.0417,0,0,3.5,3.33333,0,-9.59235,0.0001,-0.0024059,0.0564794,1.7513,0.130474,52240,0.145115,169.56,-0.771906
3931,0.0544187,0.195727,0.00607378,0.00607378,0.120858,0.0509864,0.858063,0.215625,0.0562494,0.00995151,0.0541257,0.209627,0.0539246,0,0.698288,0.015621,1.84405,0.203785,0,0.0778937,0.516839,4.18229,0.595206,0.247671,0.742562,2.88409,0.0597301,0.206959,0,0.199478,0,0,-7.18341e-06,0.29288,0.965356,0.149108,0.0545954,0.0571343,0.00248549,0.00140792,0.455136,0.0535424,6.09475,-0.550771,7.70833,0.751563,0.594044,-4.20901,-0.333333,-0.0368824,0.272997,5.25,15.0417,0,0,2,2.91667,0,-9.5889,0.0001,0.000436084,0.062555,1.75821,0.127136,52141,0.145168,166.88,-0.863332
3932,0.0435771,0.156511,0.00620107,0.00620107,0.111562,0.0412717,0.861501,0.167606,0.0570728,0.00883019,0.0548985,0.20944,0.0563838,0,0.681028,0.0112197,1.81877,0.206245,0,0.0800426,0.497236,4.12568,0.586966,0.232061,0.752523,2.93576,0.0468379,0.206527,0,0.126965,0,0,0.000122356,0.304504,0.964483,0.135902,0.0555247,0.0581423,0.00335851,0.00241782,0.45644,0.0545451,6.56387,-0.539068,7.482,0.761784,0.595129,-3.85459,-0.333333,-0.0333084,0.216862,6.75,16.3333,0,0,1.875,2,0,-9.58212,0.0001,-0.00151328,0.069381,1.75374,0.132236,52123,0.145248,167.08,-1.09345
3933,0.0442722,0.150809,0.00619353,0.00619353,0.109389,0.0400435,0.858426,0.161653,0.0577647,0.00874878,0.055501,0.21018,0.0542502,0,0.682245,0.0105274,1.85115,0.200391,0,0.0800494,0.496038,4.11348,0.584359,0.232543,0.753478,2.94763,0.0474432,0.20677,0,0.111992,0,0,8.37877e-05,0.304673,0.963865,0.131165,0.0560264,0.0587546,0.00272579,0.0017288,0.447534,0.0550065,6.28117,-0.205836,7.69265,0.758324,0.610347,-4.02029,-0.333333,-0.0325862,0.208162,7.95833,18.4167,0,0,1.95833,2.875,0,-9.57674,0.0001,-0.00147114,0.0710782,1.73607,0.128694,52716,0.145285,165.78,-1.05154
3934,0.0503182,0.180262,0.00605915,0.00605915,0.119471,0.0473887,0.857275,0.191959,0.0567077,0.00927405,0.0544613,0.210642,0.057665,0,0.70034,0.0130651,1.83706,0.206514,0,0.0799131,0.512399,4.14994,0.590328,0.247603,0.748613,2.91211,0.0538278,0.207766,0,0.159189,0,0,-6.75676e-05,0.295518,0.964999,0.142182,0.0548588,0.0575313,0.00364353,0.00258585,0.451849,0.0538438,5.99998,-0.276799,7.96317,0.744382,0.592688,-4.29285,-0.333333,-0.03607,0.248591,6.91667,18.9583,0,0,3.375,2.70833,0,-9.5738,0.0001,-0.000974817,0.0718649,1.69777,0.12661,53883,0.145342,168.05,-0.771734
3935,0.0643118,0.229689,0.00585603,0.00585603,0.133089,0.060089,0.852917,0.249639,0.0555571,0.0111271,0.053301,0.209614,0.0535752,0,0.721072,0.0179056,1.86898,0.197381,0,0.0775139,0.532522,4.23484,0.602972,0.271598,0.735496,2.82829,0.0696872,0.207075,0,0.241761,0,0,-0.000148888,0.285201,0.96602,0.16032,0.0535742,0.056396,0.00389684,0.00294508,0.454755,0.0525633,5.51894,-0.34572,8.36792,0.726293,0.595808,-4.76743,-0.333333,-0.041048,0.317485,7.04167,20.5,0,0,3.875,4,0,-9.56871,0.0001,-0.00159452,0.0644633,1.7498,0.131424,52255,0.145417,172.11,-0.535155
3936,0.0650096,0.229033,0.00584956,0.00584956,0.134699,0.0601174,0.853029,0.244444,0.0561917,0.0106067,0.053831,0.209544,0.0534533,0,0.71971,0.0168446,1.88531,0.193989,0,0.0771108,0.528525,4.21534,0.600462,0.27198,0.736299,2.8419,0.0696967,0.206641,0,0.210795,0,0,-0.000120505,0.283273,0.9656,0.156278,0.0539196,0.0569281,0.00392652,0.00298592,0.4539,0.0529163,5.54722,-0.0474537,8.56824,0.722005,0.594186,-4.90608,-0.333333,-0.0414285,0.314808,7.29167,20.4167,0,0,4.75,4.20833,0,-9.56291,0.0001,-0.000482512,0.0614077,1.72009,0.122859,53340,0.145456,180.14,-0.0369635
3937,0.0551003,0.197844,0.00594546,0.00594546,0.125085,0.0518192,0.853256,0.2143,0.0570465,0.00970444,0.0546299,0.209534,0.0544871,0,0.709798,0.0147036,1.85736,0.198388,0,0.0785231,0.517943,4.16008,0.593537,0.261599,0.742872,2.88195,0.060048,0.206822,0,0.187837,0,0,-0.000125082,0.287972,0.965306,0.144453,0.0547645,0.0577622,0.00340959,0.0024784,0.449585,0.0537513,5.47296,0.156644,8.47554,0.726829,0.599532,-4.84535,-0.333333,-0.0383083,0.273194,7.33333,17.8333,0,0,4,3.75,0,-9.55832,0.0001,-0.002453,0.06221,1.74218,0.132544,52436,0.145539,170.01,-0.787109
3938,0.0614993,0.221111,0.00595412,0.00595412,0.129825,0.057711,0.854353,0.243051,0.0567131,0.0100769,0.0543396,0.208993,0.051216,0,0.707014,0.0170347,1.84699,0.194145,0,0.0778876,0.525795,4.18965,0.59659,0.260999,0.740785,2.86636,0.0677775,0.205984,0,0.227078,0,0,-5.68823e-05,0.282601,0.96589,0.151445,0.0544702,0.0574674,0.0033601,0.00237758,0.450573,0.0534434,5.77707,0.0917089,8.37836,0.727437,0.594917,-4.81097,-0.333333,-0.0398631,0.305068,6.375,17.375,0,0,4.54167,3.375,0,-9.55007,0.0001,-0.00134998,0.062742,1.71276,0.135873,53176,0.145644,173.58,-0.450477
3939,0.0607598,0.219885,0.00604134,0.00604134,0.126856,0.0571037,0.857228,0.243826,0.056382,0.00977544,0.0541148,0.211942,0.0554447,0,0.70835,0.0182125,1.86507,0.199506,0,0.0797985,0.518884,4.18469,0.596538,0.251422,0.73593,2.84955,0.0670246,0.208772,0,0.245885,0,0,4.0308e-05,0.289622,0.965981,0.151735,0.0544902,0.0572646,0.0038592,0.00274293,0.455064,0.0535337,6.22065,-0.255286,7.89838,0.744418,0.59576,-4.4032,-0.333333,-0.0389228,0.306112,5.54167,14.625,0,0,2.75,3.625,0,-9.54255,0.0001,-0.00260908,0.0710702,1.70672,0.125218,53661,0.145708,170.68,-0.489487
3940,0.0562833,0.198498,0.00610867,0.00610867,0.119165,0.0521415,0.856014,0.211901,0.0571546,0.00966118,0.0549184,0.213129,0.0531878,0,0.703756,0.014652,1.86732,0.200583,0,0.0790036,0.505232,4.13678,0.588731,0.2435,0.746917,2.92304,0.0603442,0.209862,0,0.18173,0,0,6.16329e-05,0.293721,0.965164,0.138269,0.0553241,0.058054,0.00255905,0.00147674,0.452462,0.0542603,6.12533,-0.157984,7.87349,0.747563,0.603045,-4.29861,-0.333333,-0.0361837,0.272095,6.625,16,0,0,2.66667,3.04167,0,-9.53769,0.0001,-0.00121174,0.0725981,1.74518,0.13054,52408,0.145742,168.68,-0.626682
3941,0.0613292,0.2203,0.00599699,0.00599699,0.128742,0.057687,0.854414,0.235742,0.0568537,0.0101168,0.0545045,0.21196,0.0535939,0,0.712307,0.0163828,1.88765,0.197547,0,0.0784016,0.518084,4.17697,0.595275,0.255806,0.738718,2.88115,0.0658717,0.208897,0,0.207555,0,0,-4.51901e-05,0.284607,0.965608,0.148019,0.0546732,0.0576578,0.00302577,0.00200131,0.453788,0.0536,5.95657,-0.0163145,8.18553,0.735442,0.597463,-4.62224,-0.333333,-0.0394135,0.303087,6.29167,17.9167,0,0,3.66667,4.58333,0,-9.53409,0.0001,-0.00210974,0.0733268,1.83377,0.135237,49925,0.14578,172.7,-0.314648
3942,0.0653928,0.235757,0.00588358,0.00588358,0.136733,0.0616617,0.853385,0.248589,0.0558567,0.0106173,0.0536579,0.210197,0.0560753,0,0.721471,0.017918,1.86807,0.203591,0,0.0776066,0.525909,4.20777,0.597685,0.26769,0.740367,2.86268,0.0693178,0.208067,0,0.236049,0,0,-0.000115134,0.28364,0.965661,0.154327,0.0539759,0.0567109,0.00386586,0.00293018,0.448823,0.0529576,5.37463,-0.305453,8.32398,0.72903,0.588632,-4.68578,-0.333333,-0.0420717,0.32588,5.79167,18.5417,0,0,3.875,3.54167,0,-9.5281,0.0001,-0.00192113,0.0741991,1.76813,0.131662,51744,0.145867,174.24,-0.0807101
3943,0.0669673,0.240782,0.00586188,0.00586188,0.138675,0.0629897,0.851854,0.258093,0.0557813,0.0107643,0.053451,0.211121,0.0565504,0,0.726471,0.0185639,1.87122,0.200442,0,0.0786351,0.532206,4.2296,0.601339,0.271073,0.735815,2.83145,0.0720248,0.208521,0,0.229238,0,0,-0.000153554,0.280302,0.966166,0.157386,0.0536795,0.0565713,0.00407698,0.00320498,0.450905,0.0526994,5.47167,-0.212288,8.46533,0.723681,0.597964,-4.79904,-0.333333,-0.0427886,0.332539,5.95833,18.875,0,0,4.83333,4.08333,0,-9.5191,0.0001,-0.000875237,0.0677768,1.79638,0.129389,51046,0.145944,174.3,-0.263464
3944,0.0683835,0.244165,0.00585643,0.00585643,0.137149,0.0638762,0.852049,0.260013,0.0559795,0.011053,0.0536842,0.209894,0.0509762,0,0.722895,0.0181853,1.87359,0.192129,0,0.0767142,0.52984,4.21164,0.599321,0.271447,0.736995,2.84978,0.0730359,0.207445,0,0.229126,0,0,-9.86563e-05,0.277722,0.965786,0.156276,0.0539164,0.0568204,0.0039975,0.00304375,0.455167,0.0528924,5.58764,-0.232209,8.48374,0.723518,0.60015,-4.79067,-0.333333,-0.0423388,0.338056,6.45833,20,0,0,4.95833,3.375,0,-9.51379,0.0001,-0.00197297,0.0673475,1.78341,0.125073,51508,0.145953,177.27,-0.251179
3945,0.070478,0.251431,0.00585851,0.00585851,0.136782,0.0658905,0.850221,0.269703,0.0556508,0.0115915,0.0534464,0.210062,0.0543564,0,0.722462,0.0194219,1.87931,0.197932,0,0.0775194,0.531074,4.2157,0.600043,0.27149,0.733891,2.84665,0.0759844,0.207488,0,0.223986,0,0,-0.000156151,0.281208,0.965621,0.156935,0.053702,0.0564991,0.00315764,0.00220009,0.451591,0.0526206,5.32485,-0.537508,8.30337,0.727402,0.595238,-4.67336,-0.333333,-0.0421739,0.34687,5.91667,18.7917,0,0,3.45833,4,0,-9.51062,0.0001,0.00163393,0.0650446,1.78022,0.133043,51380,0.14599,173.11,-0.206525
3946,0.0665704,0.243435,0.00596467,0.00596467,0.135215,0.0636762,0.85302,0.26511,0.056238,0.0111554,0.0539931,0.211301,0.0538309,0,0.71554,0.0193474,1.87508,0.199967,0,0.0790997,0.526868,4.18088,0.595593,0.259596,0.737573,2.87928,0.0725023,0.208538,0,0.253814,0,0,-2.23566e-05,0.280346,0.965601,0.152237,0.0543258,0.0571579,0.0029066,0.00191902,0.446116,0.0532316,5.51011,-0.501062,8.09151,0.737271,0.598591,-4.37712,-0.333333,-0.0415259,0.335522,5.45833,16.7917,0,0,3.08333,3.20833,0,-9.50492,0.0001,-0.00251937,0.0650668,1.74677,0.130605,52362,0.146032,169.39,-0.307348
3947,0.0620046,0.221329,0.0059497,0.0059497,0.129786,0.0582692,0.853522,0.241806,0.0558569,0.0112933,0.0537222,0.212072,0.0515881,0,0.717687,0.0169643,1.88047,0.193691,0,0.0765344,0.523563,4.20155,0.598417,0.260328,0.739742,2.87424,0.0680747,0.209285,0,0.209925,0,0,-0.000106293,0.282871,0.964983,0.151562,0.0541137,0.0567655,0.00365464,0.00263481,0.458108,0.05303,5.7837,-0.728358,8.04223,0.739963,0.595596,-4.23482,-0.333333,-0.0396488,0.305933,6.29167,16.9167,0,0,2.66667,2.66667,0,-9.49853,0.0001,-0.00124227,0.0687589,1.79456,0.128629,51115,0.146097,173.82,-0.380231
3948,0.0609211,0.221067,0.00595811,0.00595811,0.128826,0.0576575,0.853444,0.240603,0.0558247,0.0108404,0.0536642,0.208618,0.0564334,0,0.707278,0.0176771,1.85746,0.206708,0,0.0781044,0.524016,4.18309,0.59605,0.260367,0.739696,2.86913,0.0662642,0.206026,0,0.234892,0,0,-1.4106e-06,0.287468,0.965522,0.151856,0.0540936,0.0567665,0.00305595,0.00208141,0.450131,0.0530394,5.64289,-0.584271,7.98688,0.737716,0.590829,-4.44689,-0.333333,-0.0395613,0.304561,5.04167,16.0417,0,0,2.125,3.5,0,-9.48903,0.0001,-0.00199384,0.0749937,1.82343,0.133774,50226,0.146217,172.76,-0.344697
3949,0.0704479,0.250931,0.00582173,0.00582173,0.141333,0.0658348,0.849705,0.267334,0.0554586,0.0119115,0.0531843,0.20997,0.0552975,0,0.728238,0.018915,1.90664,0.202356,0,0.0786817,0.534204,4.23738,0.603071,0.275743,0.732725,2.8359,0.0751148,0.207882,0,0.247364,0,0,-0.000164115,0.27872,0.965849,0.160442,0.0534134,0.0563201,0.0030667,0.00222036,0.450396,0.0523127,5.16755,-0.589724,8.45227,0.723789,0.610467,-4.70039,-0.333333,-0.0435892,0.345458,4.33333,18.0417,0,0,4.29167,3.16667,0,-9.47828,0.0001,0.00144949,0.0726824,1.76804,0.13293,51712,0.146301,175.88,-0.344799
3950,0.0756754,0.272203,0.00575506,0.00575506,0.146646,0.0709904,0.848417,0.288396,0.0550279,0.0122638,0.0527864,0.210132,0.0558376,0,0.735375,0.0210669,1.88364,0.197298,0,0.0779924,0.539297,4.25364,0.605376,0.282914,0.731157,2.81175,0.0805649,0.207779,0,0.283502,0,0,-0.000158264,0.275669,0.965868,0.1659,0.0530298,0.0559302,0.00422913,0.00336492,0.452197,0.0520072,5.08725,-0.65016,8.55533,0.717833,0.60015,-4.78568,-0.333333,-0.0455637,0.372261,5.70833,16.625,0,0,3.625,4.33333,0,-9.4734,0.0001,-0.00242702,0.0676536,1.79031,0.12309,51376,0.146335,176.14,-0.187064
3951,0.072789,0.262743,0.00582405,0.00582405,0.140745,0.0685706,0.849266,0.281216,0.0556466,0.0119001,0.0533694,0.210608,0.0534456,0,0.729355,0.0203867,1.87075,0.19598,0,0.077142,0.535742,4.22722,0.602368,0.275596,0.731244,2.82815,0.0781585,0.208042,0,0.266658,0,0,-0.000220088,0.279756,0.966032,0.162857,0.0534256,0.0564228,0.00367098,0.00278048,0.450553,0.0523785,5.33044,-0.420401,8.43106,0.723341,0.59721,-4.75687,-0.333333,-0.0436528,0.361528,6.29167,19.625,0,0,4.25,4.66667,0,-9.46931,0.0001,-0.00183949,0.0668003,1.78022,0.134103,51351,0.14639,177.56,-0.0369271
3952,0.0784178,0.283139,0.00570498,0.00570498,0.15095,0.0738406,0.847819,0.298108,0.0550766,0.012441,0.0527591,0.210045,0.0557088,0,0.741008,0.0215381,1.87684,0.199451,0,0.0777574,0.549029,4.26842,0.607348,0.288711,0.727243,2.80564,0.0826531,0.207686,0,0.300875,0,0,-0.000295688,0.270871,0.966192,0.170522,0.052719,0.0557762,0.00407543,0.00323122,0.453435,0.0516615,5.08678,-0.381245,8.76645,0.710003,0.5954,-5.06591,-0.333333,-0.0470938,0.391404,5.70833,18,0,0,4.66667,4.41667,0,-9.46387,0.0001,-0.00205526,0.0642422,1.78566,0.133504,51222,0.146424,176.65,-0.129446
3953,0.0786448,0.287355,0.00575135,0.00575135,0.148483,0.0748236,0.848865,0.310641,0.0549937,0.0122019,0.0527872,0.20888,0.0551476,0,0.732722,0.0230542,1.86222,0.195743,0,0.0764273,0.543206,4.26195,0.606689,0.283705,0.72861,2.80436,0.0848618,0.206752,0,0.305537,0,0,-0.000386305,0.272944,0.966648,0.170269,0.05267,0.0555672,0.00430351,0.00346993,0.456572,0.0516737,5.19561,-0.472806,8.51991,0.71575,0.583213,-4.92817,-0.333333,-0.046257,0.395279,5.79167,17.4167,0,0,4.75,4.625,0,-9.45937,0.0001,-0.00141906,0.0694095,1.75133,0.134412,52130,0.146508,179.64,0.379205
3954,0.0763781,0.27503,0.00580372,0.00580372,0.14657,0.0714208,0.849718,0.295218,0.0552393,0.01204,0.0530046,0.211503,0.0547712,0,0.734204,0.022169,1.87836,0.198713,0,0.0772469,0.542016,4.2489,0.604373,0.277641,0.730853,2.83162,0.0819289,0.208805,0,0.290196,0,0,-0.000206001,0.273482,0.96626,0.165892,0.0530907,0.0559366,0.00375338,0.00274378,0.458896,0.052023,5.5196,-0.409206,8.42126,0.721754,0.589609,-4.81919,-0.333333,-0.04567,0.378107,4.66667,15.75,0,0,3.70833,4,0,-9.45105,0.0001,-0.000673016,0.0667232,1.78229,0.129652,51415,0.146585,172.13,-0.302325
3955,0.0719215,0.260993,0.00583905,0.00583905,0.140067,0.0681479,0.848651,0.281431,0.0557115,0.0118878,0.0534452,0.210917,0.055543,0,0.72793,0.0203831,1.87624,0.199564,0,0.0782175,0.53355,4.22669,0.601426,0.273753,0.73185,2.84234,0.0774907,0.208206,0,0.274185,0,0,-0.000201035,0.279631,0.965624,0.159664,0.0535568,0.0564749,0.00305316,0.00211325,0.452122,0.0524575,5.32111,-0.478808,8.3887,0.725266,0.598432,-4.71136,-0.333333,-0.0434335,0.359238,5,16.2917,0,0,3.33333,3.83333,0,-9.4472,0.0001,-0.00207831,0.0748629,1.77947,0.137512,51280,0.146613,176.43,-0.153956
3956,0.0743106,0.270019,0.00585763,0.00585763,0.139346,0.0702342,0.85008,0.285205,0.0559802,0.0113855,0.0537121,0.211093,0.0528567,0,0.726888,0.0210763,1.88671,0.1962,0,0.0777008,0.52819,4.2099,0.598842,0.271257,0.733675,2.86372,0.0786421,0.208379,0,0.274288,0,0,-0.000114785,0.275175,0.966165,0.154907,0.0539354,0.0567722,0.00323389,0.00227817,0.451076,0.052896,5.36232,-0.28174,8.37826,0.724572,0.597532,-4.80373,-0.333333,-0.0432394,0.370794,5.25,16.8333,0,0,3.95833,4.33333,0,-9.44335,0.0001,-0.000752747,0.0717644,1.75831,0.144257,51669,0.146698,174.36,-0.138754
3957,0.0761408,0.276185,0.00577693,0.00577693,0.146425,0.0719116,0.848057,0.299166,0.0552944,0.0123893,0.0531191,0.211393,0.0517653,0,0.736459,0.0220006,1.88859,0.191596,0,0.0752852,0.537474,4.24119,0.603549,0.280591,0.727303,2.82232,0.0824746,0.208718,0,0.270308,0.00208333,0,-0.000258504,0.26941,0.966297,0.165275,0.053165,0.0560131,0.00349425,0.00260588,0.456653,0.0520946,5.32518,-0.566164,8.42925,0.72066,0.589133,-4.84185,-0.333333,-0.045599,0.38012,5.66667,17.1667,0,0,3.45833,4.625,0,-9.4363,0.0001,-0.00154547,0.0735413,1.82912,0.126655,50263,0.14675,178.95,0.245983
3958,0.0745189,0.268855,0.00576936,0.00576936,0.145196,0.0701047,0.848386,0.286883,0.0555136,0.0119641,0.0531957,0.210296,0.0562269,0,0.7337,0.0207736,1.87877,0.200044,0,0.0777333,0.538533,4.24883,0.604996,0.281456,0.729848,2.82183,0.0796892,0.207887,0,0.268473,0,0,-0.000164583,0.272208,0.96618,0.16334,0.0533024,0.0562949,0.00399006,0.00308813,0.456768,0.0522726,5.29202,-0.230188,8.69939,0.713836,0.601793,-5.01142,-0.333333,-0.0451161,0.370751,5.625,17.2917,0,0,4.45833,3.83333,0,-9.4316,0.0001,-0.00233087,0.0725282,1.76925,0.132777,51683,0.146783,180.15,0.129557
3959,0.0779369,0.280306,0.00569349,0.00569349,0.151351,0.0731428,0.846475,0.298586,0.0551844,0.0125372,0.0528401,0.211318,0.0536957,0,0.743626,0.0215622,1.8884,0.192241,0,0.0763335,0.542241,4.26391,0.607779,0.289719,0.725476,2.78583,0.0829626,0.208376,0,0.295108,0,0,-0.000321189,0.269692,0.966729,0.170254,0.05272,0.0557878,0.00460132,0.00365526,0.457421,0.051713,5.30416,-0.215265,8.81889,0.706784,0.592371,-5.18473,-0.333333,-0.0472035,0.383675,6.375,17.9583,0,0,4.875,4.66667,0,-9.42682,0.0001,-0.00126679,0.0701122,1.78232,0.144147,51028,0.146832,181.93,0.0415136
3960,0.077855,0.286154,0.00572684,0.00572684,0.149503,0.0742479,0.846694,0.303441,0.0555274,0.0120025,0.0531217,0.20953,0.0561883,0,0.736613,0.0222865,1.88365,0.20152,0,0.0783853,0.546959,4.26606,0.606704,0.286516,0.727414,2.80427,0.0829042,0.206936,0,0.314914,0,0,-0.000255967,0.271615,0.967255,0.167743,0.053011,0.0561101,0.0038714,0.00296282,0.454269,0.0520066,5.22783,0.0747037,8.84214,0.706886,0.594756,-5.29929,-0.333333,-0.0468006,0.392962,5.375,17.125,0,0,5.54167,5.70833,0,-9.42256,0.0001,-0.00122664,0.0612129,1.79967,0.131302,50909,0.146884,177.78,0.217223
3961,0.0748932,0.274781,0.00574253,0.00574253,0.146054,0.071855,0.846207,0.29482,0.0551699,0.012365,0.052852,0.209522,0.0553497,0,0.732832,0.0212525,1.87086,0.197751,0,0.0767896,0.540268,4.26266,0.607415,0.284177,0.728632,2.80065,0.0806755,0.206869,0,0.292602,0,0,-0.000200406,0.274251,0.966437,0.167817,0.0528974,0.0559316,0.00434807,0.00341946,0.456893,0.0518847,5.26744,-0.398319,8.64052,0.712843,0.587102,-4.9739,-0.333333,-0.0453705,0.374621,4.95833,16.0833,0,0,3.91667,5.20833,0,-9.42025,0.0001,-0.00153013,0.0634971,1.78461,0.135049,51209,0.146896,177.5,-0.063836
3962,0.0746096,0.273915,0.00582453,0.00582453,0.144009,0.0715003,0.848972,0.292941,0.0551997,0.0126171,0.0529809,0.210076,0.0564314,0,0.72684,0.0215743,1.86765,0.199571,0,0.0775738,0.542311,4.25879,0.606276,0.275589,0.728575,2.81658,0.0804631,0.207414,0,0.282674,0,0,-0.000192117,0.277186,0.965957,0.166902,0.0531653,0.0560586,0.00362029,0.00263391,0.458326,0.0520665,5.47828,-0.670313,8.27207,0.726909,0.593421,-4.57956,-0.333333,-0.0446846,0.375127,5.375,17.7917,0,0,3.41667,3.375,0,-9.41719,0.0001,-0.00208456,0.0656957,1.79951,0.128568,50985,0.146939,173.9,-0.20468
3963,0.0759105,0.280097,0.00583038,0.00583038,0.146208,0.0730003,0.848398,0.303393,0.0553017,0.0119979,0.0531057,0.209829,0.0529413,0,0.725233,0.0227402,1.89063,0.192379,0,0.0763165,0.534021,4.24393,0.604436,0.274498,0.727202,2.81602,0.0823006,0.207126,0,0.315064,0,0,-0.000135472,0.273198,0.9666,0.167208,0.0532452,0.0561236,0.00361202,0.00262317,0.456659,0.0522178,5.45399,-0.520944,8.26256,0.726465,0.585729,-4.68217,-0.333333,-0.0453482,0.38286,4.91667,15.75,0,0,4.125,3.5,0,-9.41245,0.0001,-0.00202774,0.0669408,1.76147,0.127295,52046,0.146972,174.48,-0.108579
3964,0.0804948,0.294503,0.00580471,0.00580471,0.146795,0.0771277,0.848867,0.31599,0.0551954,0.0125411,0.0529737,0.211882,0.0519856,0,0.734671,0.0229911,1.88207,0.191562,0,0.0754126,0.537902,4.24825,0.604862,0.277396,0.727472,2.81611,0.0866419,0.209095,0,0.316961,0,0,-0.000236637,0.274083,0.966333,0.169293,0.0530015,0.0559563,0.00392555,0.00298791,0.45786,0.0519703,5.54444,-0.590263,8.30608,0.724233,0.586812,-4.75516,-0.333333,-0.0455455,0.405329,5.41667,16.6667,0,0,4.08333,4.08333,0,-9.41051,0.0001,-0.00174049,0.0714067,1.77236,0.134752,51545,0.146996,171,-0.286634
3965,0.0794732,0.291151,0.00578115,0.00578115,0.147282,0.0755925,0.847576,0.309665,0.0550992,0.0122068,0.0528555,0.210435,0.0575503,0,0.732943,0.0232505,1.87439,0.199953,0,0.0778479,0.542877,4.26484,0.607034,0.280316,0.726134,2.80254,0.0847048,0.207494,0,0.335916,0,0,-0.000231215,0.278179,0.966827,0.170512,0.0529091,0.0558264,0.00413048,0.00314378,0.456263,0.051905,5.51434,-0.425358,8.43698,0.71938,0.586209,-4.86168,-0.333333,-0.0460175,0.396783,5.66667,17.2917,0,0,4.625,4.70833,0,-9.40713,0.0001,-0.00151833,0.074332,1.8204,0.130733,50382,0.147052,177.04,-0.230091
3966,0.078759,0.284895,0.00574997,0.00574997,0.152744,0.0742489,0.846721,0.302887,0.0549493,0.0127992,0.0526507,0.212123,0.0561659,0,0.743336,0.0222291,1.87144,0.19896,0,0.0768741,0.546512,4.28078,0.609625,0.285006,0.724081,2.78879,0.0837536,0.209511,0,0.307549,0.00181159,0,-0.000297615,0.268471,0.96649,0.173593,0.0526398,0.0556745,0.00416252,0.00320118,0.457588,0.0516149,5.26312,-0.461778,8.59725,0.715048,0.594483,-4.90657,-0.333333,-0.0475863,0.389259,4.875,16.6667,0,0,4.16667,4.41667,0,-9.40369,0.0001,-0.00115446,0.0669502,1.76154,0.131866,51919,0.147077,177.71,0.108759
3967,0.0808413,0.293606,0.00572775,0.00572775,0.152195,0.0766458,0.84578,0.313239,0.0548477,0.0130914,0.0525815,0.211516,0.0544008,0,0.742759,0.0228501,1.87985,0.198956,0,0.0770963,0.542588,4.27342,0.608306,0.286114,0.722762,2.79204,0.0862226,0.208954,0,0.300144,0,0,-0.000235774,0.270906,0.966516,0.17366,0.0526021,0.0556303,0.00377433,0.00286211,0.456691,0.0515338,5.17678,-0.604829,8.554,0.715321,0.592956,-4.85794,-0.333333,-0.0474448,0.401644,4.83333,17.3333,0,0,3.70833,5.08333,0,-9.40105,0.0001,-0.00231937,0.0681986,1.79165,0.127962,51210,0.147092,180.04,0.39255
3968,0.0862528,0.314799,0.0057165,0.0057165,0.154835,0.0821311,0.844622,0.33232,0.0547073,0.0133178,0.0524482,0.210637,0.0540489,0,0.741054,0.0245517,1.8799,0.195731,0,0.0767135,0.553032,4.29188,0.611147,0.287717,0.718834,2.77594,0.0908963,0.207996,0,0.330866,0,0,-0.000364686,0.268798,0.96657,0.176539,0.0523612,0.0553823,0.00341378,0.00243933,0.455783,0.0512424,5.11604,-0.648576,8.53163,0.716759,0.591495,-4.88099,-0.333333,-0.0483871,0.428694,4.95833,18.2083,0,0,4.08333,4.33333,0,-9.39839,0.0001,-0.00122959,0.0647923,1.82642,0.131403,50210,0.147113,183.74,0.455502
3969,0.0843281,0.309617,0.00572582,0.00572582,0.152504,0.0805888,0.845441,0.329847,0.0543897,0.013152,0.0521954,0.21008,0.0535467,0,0.738441,0.0246153,1.87558,0.196529,0,0.0765909,0.54982,4.2979,0.612073,0.286562,0.717066,2.76797,0.0899224,0.207343,0,0.333403,0,0,-0.000331997,0.271383,0.966963,0.179377,0.052182,0.0551082,0.00359581,0.00270585,0.455213,0.051138,5.19449,-0.759503,8.37278,0.71969,0.58657,-4.85178,-0.333333,-0.0477123,0.422271,5.66667,16.375,0,0,4,4.83333,0,-9.39392,0.0001,-0.00163188,0.065771,1.7592,0.144068,51650,0.147187,172.76,0.0427551
3970,0.0822897,0.305838,0.0057677,0.0057677,0.153245,0.0794807,0.847162,0.327841,0.0547387,0.0126603,0.0524537,0.211427,0.0555009,0,0.738985,0.0246999,1.87983,0.197238,0,0.0779621,0.548932,4.28064,0.609408,0.282284,0.722115,2.78036,0.0881813,0.208725,0,0.326573,0,0,-0.000297859,0.273212,0.966645,0.177444,0.0524465,0.0554946,0.0040944,0.00311143,0.455419,0.0514039,5.48716,-0.545634,8.45748,0.718876,0.589875,-4.82755,-0.333333,-0.0478658,0.417702,4.45833,16.25,0,0,3.33333,4.5,0,-9.38501,0.0001,-0.00190273,0.0687727,1.78457,0.138131,51128,0.147255,178.56,0.256843
3971,0.0838536,0.306745,0.00571994,0.00571994,0.158425,0.0801063,0.846789,0.325571,0.054604,0.0127993,0.0523545,0.213356,0.0537725,0,0.75065,0.024235,1.87914,0.193774,0,0.0753801,0.546847,4.28734,0.610453,0.287208,0.721155,2.78159,0.0889304,0.210747,0,0.337159,0,0,-0.00023639,0.266674,0.966601,0.177005,0.052365,0.0553516,0.00465195,0.0036431,0.460802,0.0513491,5.43705,-0.550416,8.56059,0.714625,0.590448,-4.93048,-0.333333,-0.0493517,0.421459,4,15.5417,0,0,3.875,4.33333,0,-9.37916,0.0001,-0.000303575,0.0656832,1.7753,0.132271,51533,0.14728,177.93,0.169178
3972,0.0833791,0.308449,0.00568465,0.00568465,0.155188,0.0804863,0.845301,0.325508,0.0544643,0.0132469,0.0522248,0.211443,0.0543669,0,0.745667,0.0237229,1.87647,0.198319,0,0.0763286,0.549105,4.29948,0.611782,0.29061,0.719883,2.76879,0.0882197,0.208775,0,0.326426,0,0,-0.000308729,0.268207,0.966273,0.178728,0.0521852,0.0551882,0.00455907,0.00364185,0.461308,0.0511679,5.40789,-0.598783,8.61837,0.712641,0.592398,-4.95113,-0.333333,-0.0484132,0.422619,6.125,17.0833,0,0,3.95833,4.91667,0,-9.37541,0.0001,-0.00137456,0.0721542,1.77083,0.131797,51667,0.147352,176.1,-0.097054
3973,0.0841702,0.308588,0.00572514,0.00572514,0.154487,0.080541,0.845289,0.331587,0.0543263,0.0135316,0.0521712,0.211111,0.0565821,0,0.741324,0.0243618,1.89185,0.197429,0,0.0762561,0.551727,4.29024,0.610462,0.286848,0.719764,2.77569,0.090928,0.208406,0,0.331107,0,0,-0.000330024,0.270627,0.966059,0.17754,0.0522138,0.0551327,0.0036994,0.00271876,0.456109,0.0511074,5.25809,-0.879797,8.40599,0.720375,0.587463,-4.72827,-0.333333,-0.0482541,0.421684,5.16667,16.9167,0,0,3.75,4.29167,0,-9.36879,0.0001,-0.000730262,0.0666902,1.79862,0.129974,50971,0.147421,180.69,0.498202
3974,0.0822265,0.301432,0.00574031,0.00574031,0.150858,0.0785889,0.845528,0.320792,0.0545188,0.0133338,0.0523459,0.211437,0.055542,0,0.740535,0.0236842,1.88483,0.19625,0,0.0761406,0.545441,4.27641,0.608551,0.284305,0.724111,2.78916,0.087557,0.208738,0,0.324185,0,0,-0.000353999,0.273303,0.965985,0.175163,0.0524109,0.0552934,0.00430843,0.00332525,0.460167,0.0513414,5.40897,-0.82799,8.41767,0.720204,0.584091,-4.65532,-0.333333,-0.0470418,0.410057,5.29167,18.4583,0,0,3.20833,4.54167,0,-9.36362,0.0001,-0.00176713,0.0698508,1.77903,0.122845,51687,0.147463,176.02,0.162994
3975,0.0867492,0.318607,0.0056365,0.0056365,0.161273,0.0827406,0.843606,0.338878,0.0542948,0.013542,0.0519871,0.209233,0.0546443,0,0.746503,0.0255941,1.89677,0.198001,0,0.0767013,0.558318,4.31579,0.61465,0.29701,0.714725,2.74964,0.0923728,0.206861,0,0.360471,0,0,-0.000326689,0.264887,0.966752,0.182804,0.0519765,0.0550485,0.00362937,0.00275808,0.455344,0.0508714,5.02224,-0.580506,8.80603,0.706863,0.594434,-5.09511,-0.333333,-0.0506873,0.436837,4.58333,17.4167,0,0,4.83333,4.625,0,-9.35974,0.0001,-0.0010908,0.0687554,1.75982,0.131956,51963,0.147491,180.72,0.427412
3976,0.084733,0.313993,0.00567879,0.00567879,0.15381,0.0810566,0.843115,0.339679,0.0544989,0.0130898,0.0521881,0.210867,0.0553305,0,0.747157,0.0255958,1.90542,0.200959,0,0.0776345,0.552373,4.30175,0.612621,0.292971,0.715458,2.75475,0.0919336,0.20833,0,0.353872,0,0,-0.00034715,0.268369,0.966743,0.181917,0.0520025,0.0550501,0.00352722,0.00252575,0.457891,0.0508951,5.4153,-0.325583,8.68959,0.708914,0.588345,-5.17761,-0.333333,-0.0485121,0.428797,5.04167,15.6667,0,0,4.66667,5.66667,0,-9.3539,0.0001,-0.00139429,0.0684498,1.76015,0.136919,51818,0.147581,178.91,0.0523552
3977,0.0878728,0.324071,0.00567068,0.00567068,0.158084,0.0840606,0.842361,0.349793,0.0544531,0.013652,0.0522004,0.211254,0.0528001,0,0.747652,0.0261707,1.91197,0.190748,0,0.0762552,0.553934,4.30688,0.612935,0.293234,0.714204,2.75942,0.0950101,0.208286,0,0.383038,0,0,-0.000305477,0.26457,0.966423,0.181676,0.0521147,0.0551728,0.00370782,0.00272345,0.457508,0.0510304,5.24782,-0.540247,8.63102,0.712112,0.588895,-5.06944,-0.333333,-0.0497683,0.439375,5.33333,17.25,0,0,4.08333,5.375,0,-9.34585,0.0001,-0.00236612,0.0664131,1.79908,0.138384,50738,0.14765,178.4,0.0776173
3978,0.0835699,0.306536,0.00568157,0.00568157,0.153462,0.079301,0.843937,0.327966,0.0546596,0.013136,0.0523765,0.210023,0.0546595,0,0.742773,0.0245296,1.91682,0.198132,0,0.0762082,0.548193,4.2802,0.610175,0.292045,0.71724,2.7677,0.0895256,0.207139,0,0.331779,0,0,-0.000327979,0.26759,0.966485,0.17941,0.0522398,0.0553202,0.00361205,0.00266361,0.45663,0.0511354,5.28333,-0.392154,8.72203,0.708384,0.591185,-5.07825,-0.333333,-0.0482422,0.419499,4.95833,17.0833,0,0,4.20833,5.41667,0,-9.34161,0.0001,-0.00140512,0.0630592,1.77636,0.131534,51524,0.147698,179.88,0.342522
3979,0.09023,0.332365,0.00565886,0.00565886,0.159082,0.0866413,0.843679,0.357195,0.0542078,0.0138533,0.0520389,0.211499,0.0504824,0,0.750465,0.0266773,1.89847,0.18609,0,0.0741159,0.55659,4.31967,0.614892,0.294254,0.714947,2.74669,0.0970451,0.208948,0,0.368252,0,0,-0.000420438,0.26539,0.966504,0.183362,0.0519415,0.0548979,0.00371278,0.00279232,0.458363,0.0508452,5.15277,-0.736175,8.59713,0.711504,0.583276,-4.95811,-0.333333,-0.0498608,0.453736,4.20833,16.25,0,0,3.54167,4.125,0,-9.3376,0.0001,-0.00171131,0.0688579,1.79703,0.133225,50927,0.147761,181.53,0.531621
3980,0.0830896,0.303438,0.00570706,0.00570706,0.155281,0.0792742,0.84507,0.3229,0.0542708,0.0131271,0.0520698,0.211413,0.0558476,0,0.7445,0.0236845,1.89953,0.201293,0,0.0770341,0.548412,4.29608,0.611662,0.288481,0.720389,2.77518,0.089012,0.209051,0,0.325648,0,0,-0.00026257,0.268184,0.966453,0.178081,0.0521286,0.0550624,0.00438447,0.00335576,0.459267,0.0510393,5.51562,-0.671005,8.58277,0.712332,0.5865,-4.83592,-0.333333,-0.0483901,0.41457,4.54167,16.4583,0,0,3.91667,4.66667,0,-9.33396,0.0001,-0.00157524,0.0699244,1.81224,0.133501,50522,0.147786,178.28,0.210689
3981,0.0858457,0.317431,0.00569506,0.00569506,0.156982,0.0824143,0.84516,0.341745,0.0543799,0.0136061,0.0521747,0.210642,0.0542214,0,0.743362,0.025519,1.90356,0.192762,0,0.0754594,0.553976,4.29887,0.611893,0.290368,0.717402,2.7703,0.0921789,0.207882,0,0.34965,0,0,-0.000304573,0.267119,0.96666,0.179969,0.0521674,0.0551241,0.00358171,0.00259775,0.454056,0.0510486,5.29511,-0.686486,8.55213,0.714691,0.590188,-4.89354,-0.333333,-0.0492734,0.436085,5.45833,17.7083,0,0,3.33333,5.29167,0,-9.33324,0.0001,-0.000487266,0.0676359,1.77623,0.131431,51531,0.147776,180.54,0.340176
3982,0.0893814,0.328532,0.00560892,0.00560892,0.160509,0.0854433,0.842234,0.349999,0.0539836,0.0139188,0.0517927,0.211684,0.0540721,0,0.756333,0.0262402,1.90337,0.193045,0,0.0746406,0.560009,4.32131,0.615851,0.299567,0.712163,2.72926,0.0953197,0.209126,0,0.368495,0,0,-0.000451811,0.264435,0.966824,0.186069,0.0516829,0.0546408,0.00446747,0.00351739,0.456205,0.0506308,5.17297,-0.771855,8.72758,0.706124,0.582487,-5.04075,-0.333333,-0.0504221,0.448829,5.25,17.375,0,0,4.08333,4.70833,0,-9.33413,0.0001,-0.00199462,0.0656268,1.79964,0.126575,51034,0.147761,181.16,0.267351
3983,0.086706,0.315333,0.00571782,0.00571782,0.155495,0.082135,0.843855,0.334861,0.0545164,0.0135368,0.0523149,0.21142,0.0549281,0,0.744762,0.0250026,1.89819,0.192987,0,0.0763715,0.552293,4.28303,0.610582,0.287758,0.720684,2.77958,0.0922085,0.208964,0,0.357156,0,0,-0.00035402,0.268973,0.966484,0.178155,0.0522996,0.0553014,0.00347811,0.00254493,0.453059,0.0511605,5.17549,-0.744141,8.54412,0.715468,0.593356,-4.7695,-0.333333,-0.0486953,0.430312,4.875,17.1667,0,0,4.16667,3.41667,0,-9.33352,0.0001,-0.00187298,0.0675058,1.79082,0.12979,51183,0.14777,177.19,0.0892133
3984,0.0858515,0.311592,0.00569387,0.00569387,0.156963,0.0813445,0.844867,0.333937,0.0540466,0.0136541,0.0519,0.211611,0.055224,0,0.747415,0.0245759,1.89868,0.197436,0,0.0762475,0.554496,4.30279,0.61243,0.290163,0.719235,2.76371,0.0923958,0.209189,0,0.322815,0,0,-0.000337813,0.268946,0.966488,0.181496,0.0518471,0.0548253,0.00398028,0.00304318,0.454317,0.0507505,5.2564,-0.938145,8.49866,0.71477,0.585619,-4.73415,-0.333333,-0.0490588,0.426612,4.75,17.375,0,0,3.25,4.95833,0,-9.33267,0.0001,-0.000715761,0.0674605,1.76277,0.125222,52068,0.147753,177.7,0.0238996
3985,0.0892934,0.331071,0.00558694,0.00558694,0.161521,0.0864662,0.84224,0.357145,0.0537077,0.0148034,0.0515333,0.210948,0.0552506,0,0.756843,0.0262996,1.90878,0.191767,0,0.0746945,0.56132,4.3332,0.617446,0.302266,0.711579,2.72827,0.0967774,0.208662,0,0.365901,0,0,-0.000444931,0.265093,0.966483,0.18726,0.0513862,0.0544551,0.00476485,0.00382797,0.455167,0.0503028,4.93832,-0.981775,8.741,0.706768,0.590585,-4.93632,-0.333333,-0.0506991,0.452861,4.375,16.75,0,0,3.70833,4.20833,0,-9.33274,0.0001,-0.0019559,0.0665241,1.78162,0.134718,51297,0.147738,182.39,0.472848
3986,0.0898036,0.330922,0.0056643,0.0056643,0.16022,0.0859857,0.845743,0.353711,0.0540946,0.0137727,0.0519001,0.210957,0.0531115,0,0.749173,0.0269543,1.90325,0.192132,0,0.0758491,0.556391,4.30832,0.613501,0.293854,0.712817,2.75357,0.0960112,0.20862,0,0.371689,0,0,-0.000335313,0.265857,0.96672,0.184848,0.0518461,0.0548644,0.00406306,0.00315992,0.453759,0.0507599,5.24159,-0.765722,8.57489,0.712271,0.587828,-4.91312,-0.333333,-0.0503359,0.456018,4.58333,16.7917,0,0,4,4.70833,0,-9.32954,0.0001,0.000999379,0.0661142,1.77296,0.131998,51604,0.147766,181.44,0.262076
3987,0.0878479,0.327778,0.00565646,0.00565646,0.159917,0.0851788,0.845199,0.34697,0.0541505,0.0133484,0.0519471,0.209569,0.05626,0,0.745958,0.0262952,1.90408,0.196112,0,0.0765446,0.5548,4.30212,0.612184,0.294246,0.717676,2.76885,0.0928423,0.207331,0,0.367266,0,0,-0.000276879,0.267649,0.966837,0.182788,0.0518934,0.0549303,0.00420461,0.00331387,0.453242,0.0507992,5.25817,-0.557376,8.73182,0.706038,0.582756,-5.00573,-0.333333,-0.0501782,0.450672,4.79167,14.9167,0,0,3.54167,4.33333,0,-9.32581,0.0001,-0.00122944,0.0682654,1.76883,0.12918,51793,0.147786,179.81,0.356455
3988,0.0945547,0.347173,0.00562665,0.00562665,0.161097,0.0902478,0.842657,0.368508,0.053871,0.0139044,0.0516899,0.212616,0.053246,0,0.760659,0.0276759,1.92032,0.189302,0,0.0751703,0.555205,4.32142,0.61474,0.298269,0.710854,2.7472,0.100533,0.210421,0,0.397707,0,0,-0.000384827,0.265375,0.966762,0.186825,0.0515577,0.0545644,0.00413618,0.0031931,0.457558,0.0504478,5.1758,-0.614318,8.72734,0.706179,0.58954,-5.06441,-0.333333,-0.0506613,0.473408,4.08333,16.2083,0,0,3.91667,4.375,0,-9.32195,0.0001,-0.00192383,0.0678568,1.79548,0.124768,51193,0.147833,183.5,0.706373
3989,0.0920938,0.338423,0.00559988,0.00559988,0.159049,0.0880381,0.840415,0.365436,0.0537008,0.0147151,0.0515379,0.210206,0.0547396,0,0.754227,0.0271437,1.9192,0.191357,0,0.0754459,0.557011,4.32314,0.615071,0.300928,0.71359,2.74354,0.099678,0.207969,0,0.38096,0,0,-0.000386814,0.26832,0.966452,0.186967,0.0514666,0.0544889,0.00409666,0.00318363,0.451228,0.0503595,4.82576,-0.99492,8.7156,0.707088,0.58747,-4.9113,-0.333333,-0.0500068,0.460464,4,17.2917,0,0,3.5,5.16667,0,-9.31901,0.0001,-0.000245737,0.0672139,1.75413,0.127386,52247,0.147855,179.73,0.278592
3990,0.0973395,0.360038,0.00556787,0.00556787,0.166133,0.093218,0.841691,0.390863,0.0533856,0.0147032,0.0512392,0.210974,0.0526638,0,0.762511,0.029966,1.92091,0.191861,0,0.0745565,0.563856,4.34393,0.618888,0.304914,0.706964,2.7166,0.105993,0.20895,0,0.417808,0,0,-0.000478962,0.260936,0.966743,0.193042,0.0509783,0.054017,0.00397891,0.003064,0.458299,0.0498465,4.8968,-0.817413,8.74542,0.704554,0.586811,-5.12827,-0.333333,-0.0525376,0.493537,3.91667,16.5,0,0,3.79167,5.54167,0,-9.31693,0.0001,-1.98871e-05,0.0653939,1.71576,0.133204,53167,0.147873,183.44,0.757866
3991,0.0900729,0.328761,0.00566403,0.00566403,0.159629,0.0855081,0.844833,0.352044,0.0539545,0.0142941,0.0517921,0.210644,0.0549107,0,0.747719,0.0264397,1.90337,0.194376,0,0.0760348,0.555727,4.31148,0.61346,0.293607,0.717272,2.75913,0.0964447,0.208221,0,0.353946,0,0,-0.000294304,0.268315,0.966371,0.18448,0.0517935,0.0548199,0.00380342,0.0028491,0.449767,0.0506703,5.0697,-0.960306,8.56937,0.713385,0.589556,-4.76234,-0.333333,-0.0501007,0.452842,4.58333,17.125,0,0,3.08333,4.04167,0,-9.31526,0.0001,0.000470121,0.0658628,1.78465,0.134435,51224,0.147915,180.3,0.50467
3992,0.096789,0.354345,0.00558814,0.00558814,0.16748,0.0923034,0.842508,0.374498,0.0534793,0.0150016,0.0513813,0.21178,0.0504835,0,0.760974,0.0282263,1.92235,0.185914,0,0.0730884,0.5629,4.34216,0.618111,0.302069,0.709815,2.72185,0.102285,0.209618,0,0.368756,0,0,-0.000449595,0.261367,0.966584,0.192842,0.0511924,0.0542086,0.00388271,0.00299012,0.456,0.0500484,4.96611,-1.07295,8.61742,0.708588,0.582119,-4.90685,-0.333333,-0.0526914,0.485348,4.5,18.375,0,0,4,5.5,0,-9.30997,0.0001,-0.0010903,0.0646109,1.78674,0.133476,51194,0.14797,184.22,0.637085
3993,0.0944277,0.34916,0.00559953,0.00559953,0.161759,0.0907793,0.842879,0.371332,0.0535364,0.0146943,0.0514158,0.213245,0.0529072,0,0.764827,0.0280595,1.91583,0.189003,0,0.0747271,0.558149,4.33943,0.616228,0.30099,0.71198,2.73754,0.100304,0.211024,0,0.367827,0,0,-0.000402455,0.268048,0.9666,0.189354,0.0512952,0.054257,0.00462329,0.00358278,0.46135,0.0501727,5.121,-0.814634,8.70781,0.706603,0.587477,-5.01307,-0.333333,-0.050802,0.479598,3.95833,15.9583,0,0,3.70833,4.375,0,-9.30182,0.0001,-0.000703215,0.0643492,1.78922,0.135392,51077,0.148046,180.65,0.624605
3994,0.0934538,0.344388,0.00565646,0.00565646,0.161792,0.0898864,0.843862,0.366581,0.0539639,0.0145671,0.0518004,0.212563,0.0512728,0,0.756368,0.0272281,1.93279,0.187827,0,0.0744246,0.559725,4.32352,0.615237,0.295019,0.711717,2.74407,0.0996517,0.210326,0,0.358111,0,0,-0.000368231,0.263086,0.966354,0.185735,0.0516748,0.0547622,0.0036344,0.00269049,0.45438,0.0505317,5.20875,-0.841272,8.61577,0.710782,0.590735,-4.88612,-0.333333,-0.0507676,0.472008,3.375,15.75,0,0,3.79167,4.33333,0,-9.29661,0.0001,-0.000620265,0.0684219,1.73075,0.130633,52812,0.148045,180.54,0.337726
3995,0.093479,0.34179,0.00565809,0.00565809,0.161085,0.0890311,0.842394,0.364565,0.0540965,0.014312,0.0519094,0.212732,0.0523919,0,0.756146,0.0277421,1.92367,0.191064,0,0.0750806,0.553944,4.31263,0.612272,0.294608,0.715179,2.76554,0.0997167,0.210302,0,0.375831,0,0,-0.00036091,0.265159,0.966056,0.184266,0.0518002,0.0548443,0.00357066,0.00256415,0.457654,0.0505951,5.21599,-0.751945,8.63992,0.71087,0.592166,-4.88242,-0.333333,-0.0505684,0.466306,4.04167,16.6667,0,0,3.54167,4.75,0,-9.29708,0.0001,-0.00205212,0.0700105,1.75133,0.131144,52220,0.148039,184.08,0.758171
3996,0.0918377,0.331907,0.0055709,0.0055709,0.164647,0.0867653,0.84177,0.351831,0.0535369,0.0147909,0.0513816,0.210856,0.0539006,0,0.758481,0.0258153,1.92245,0.191071,0,0.0743108,0.55697,4.31689,0.615117,0.303419,0.71185,2.73522,0.0975215,0.208744,0,0.323751,0,0,-0.000457782,0.262487,0.966126,0.187893,0.0512666,0.0542833,0.00443694,0.00353953,0.458817,0.0501296,5.01682,-0.915993,8.84596,0.702293,0.58915,-4.94661,-0.333333,-0.0516038,0.452891,4.54167,17,0,0,3.70833,4.5,0,-9.29583,0.0001,-0.0016627,0.0680521,1.76911,0.136997,51573,0.148072,178.47,0.128131
3997,0.0946395,0.349386,0.00557409,0.00557409,0.163365,0.0907206,0.841094,0.368693,0.053618,0.0149101,0.0514687,0.211944,0.0526874,0,0.763857,0.0279451,1.93175,0.191266,0,0.0751569,0.560055,4.33004,0.616762,0.304047,0.710315,2.72859,0.0999394,0.209951,0,0.359425,0,0,-0.000418754,0.265337,0.966419,0.190522,0.0512373,0.054318,0.00378413,0.00285862,0.452588,0.0500702,4.80721,-0.88696,8.8167,0.703074,0.589909,-4.99411,-0.333333,-0.051558,0.477162,4.91667,17.5417,0,0,3.45833,4.54167,0,-9.29127,0.0001,-0.00127425,0.0669089,1.79729,0.127318,51077,0.148116,182.6,0.649486
3998,0.0951185,0.348269,0.00562322,0.00562322,0.162878,0.0903613,0.842455,0.367838,0.0536879,0.0142374,0.0515665,0.212326,0.0544312,0,0.758839,0.0281879,1.9255,0.192184,0,0.07512,0.555432,4.31971,0.614413,0.298148,0.712443,2.74726,0.100722,0.21003,0,0.391155,0,0,-0.000462183,0.265706,0.966424,0.187664,0.051346,0.0543584,0.00417727,0.00317942,0.452887,0.0502286,5.00734,-0.822797,8.68207,0.707361,0.58662,-4.95293,-0.333333,-0.0512778,0.475013,4.41667,17.2083,0,0,3.79167,5.25,0,-9.2861,0.0001,-0.00228792,0.0671891,1.8511,0.131518,49582,0.148141,181.78,0.875492
3999,0.0980325,0.360784,0.00550384,0.00550384,0.166245,0.0934702,0.839025,0.381943,0.0533653,0.0147928,0.0511883,0.211761,0.0513853,0,0.769866,0.029413,1.93042,0.186613,0,0.0740285,0.566203,4.35021,0.619446,0.311953,0.708193,2.72168,0.104016,0.209441,0,0.399673,0,0,-0.000500837,0.265284,0.966775,0.195057,0.0508793,0.053997,0.00442349,0.00351887,0.45765,0.0497571,4.86868,-0.624296,9.06524,0.693651,0.584586,-5.3201,-0.333333,-0.05269,0.492699,4,15.7917,0,0,3.83333,4.66667,0,-9.28085,0.0001,-0.00118234,0.0658282,1.82128,0.155019,49741,0.1482,181.92,0.703401
4000,0.103055,0.382985,0.00548387,0.00548387,0.172518,0.0989849,0.838952,0.407164,0.0530353,0.0153638,0.0508891,0.212302,0.052222,0,0.775402,0.031493,1.92468,0.188508,0,0.0737667,0.568717,4.36525,0.621817,0.314283,0.703314,2.70135,0.109645,0.210299,0,0.452225,0,0,-0.000539157,0.255795,0.967129,0.199973,0.0505344,0.0536075,0.00431019,0.00336807,0.460425,0.0494061,4.83747,-0.71116,9.00306,0.694201,0.58198,-5.32467,-0.333333,-0.054849,0.523821,4.5,17.1667,0,0,4.29167,6.125,0,-9.27522,0.0001,0.00280591,0.0659686,1.76032,0.130843,51980,0.14827,186.01,0.886284
4001,0.100146,0.370624,0.00553458,0.00553458,0.170928,0.0962185,0.841348,0.387393,0.0535187,0.0147729,0.051272,0.21381,0.0529778,0,0.773525,0.0296716,1.91711,0.188155,0,0.0741443,0.570865,4.35941,0.620178,0.308587,0.709232,2.70779,0.10476,0.211374,0,0.38583,0,0,-0.000524778,0.26176,0.967204,0.194042,0.0509291,0.054062,0.00499646,0.00395955,0.461264,0.0498248,5.15687,-0.496667,9.05975,0.692754,0.583423,-5.31904,-0.333333,-0.0539615,0.5063,3.70833,16.0417,0,0,4.5,5.54167,0,-9.26887,0.0001,-0.000452919,0.0638313,1.85848,0.128318,49478,0.148341,183.11,0.51721
4002,0.0988021,0.361396,0.00551687,0.00551687,0.167969,0.0935913,0.839144,0.383884,0.0535825,0.014543,0.0513545,0.213707,0.0529798,0,0.775316,0.028979,1.95151,0.18878,0,0.0746091,0.564634,4.36116,0.619456,0.310357,0.705779,2.71209,0.105122,0.211229,0,0.408947,0,0,-0.000453789,0.263683,0.967314,0.196108,0.0509416,0.0541362,0.00484882,0.00386202,0.46111,0.0498602,5.11994,-0.280864,9.0984,0.691059,0.582625,-5.46482,-0.333333,-0.0531657,0.491514,3.70833,13.625,0,0,3.75,5.58333,0,-9.26157,0.0001,-0.00170511,0.065846,1.81138,0.138939,50403,0.148408,181.35,0.34486
4003,0.101192,0.373798,0.00551057,0.00551057,0.170908,0.0963949,0.838286,0.396329,0.0535528,0.0150379,0.0512843,0.212892,0.0517315,0,0.774698,0.0303777,1.93461,0.188748,0,0.0753264,0.566887,4.36043,0.620508,0.311874,0.701604,2.6963,0.108101,0.210425,0,0.418874,0,0,-0.000508453,0.256421,0.966784,0.198906,0.0508482,0.0541148,0.0037725,0.0028388,0.457236,0.0496727,4.93557,-0.472332,9.05465,0.69345,0.583369,-5.41069,-0.333333,-0.0544194,0.507741,4.41667,16.2083,0,0,4.70833,5.66667,0,-9.25354,0.0001,-0.00200395,0.0673924,1.78054,0.136069,51290,0.148465,185,0.879597
4004,0.100711,0.369894,0.00553701,0.00553701,0.167786,0.0956697,0.838771,0.392492,0.0536405,0.0145356,0.0513887,0.213105,0.0530038,0,0.771121,0.0301533,1.95386,0.187856,0,0.0752637,0.563806,4.3438,0.618113,0.308524,0.707287,2.71745,0.106948,0.210534,0,0.402439,0,0,-0.000509555,0.263309,0.967288,0.19421,0.0509675,0.054175,0.00431612,0.00334279,0.457394,0.0498509,4.96031,-0.446754,9.02429,0.693548,0.586009,-5.36464,-0.333333,-0.0532041,0.501134,4.33333,16.4167,0,0,4.54167,5.83333,0,-9.24695,0.0001,-0.00194004,0.0698435,1.75774,0.128517,52115,0.148514,182.34,0.765499
4005,0.0992168,0.361972,0.00556628,0.00556628,0.166569,0.0940587,0.839727,0.386041,0.053526,0.0148699,0.0513827,0.213758,0.0541133,0,0.770451,0.0295513,1.93262,0.188898,0,0.0742745,0.557582,4.34405,0.617526,0.304871,0.709842,2.72946,0.105756,0.211293,0,0.397539,0,0,-0.000440662,0.265975,0.966714,0.191889,0.0511138,0.0542092,0.00434497,0.00331941,0.455031,0.0499957,4.85484,-0.758114,8.83749,0.700319,0.582594,-5.12991,-0.333333,-0.0525862,0.490386,3.91667,15.9583,0,0,3.375,5.29167,0,-9.24181,0.0001,-0.00218647,0.0617642,1.81217,0.147508,50163,0.148573,184.6,0.622019
4006,0.101092,0.376213,0.00557781,0.00557781,0.169176,0.0971568,0.842136,0.399332,0.0535983,0.0149663,0.0514424,0.213465,0.0520268,0,0.768812,0.0312985,1.92173,0.188745,0,0.074847,0.562019,4.32833,0.616326,0.304028,0.708569,2.73521,0.10749,0.210943,0,0.460797,0,0,-0.000444117,0.260538,0.966692,0.193148,0.0511791,0.0542453,0.00398332,0.00298191,0.45622,0.0500108,5.06568,-0.664414,8.82682,0.700895,0.583279,-5.13104,-0.333333,-0.0536715,0.515573,5.33333,18.125,0,0,3.83333,5.125,0,-9.23841,0.0001,-0.0021937,0.064436,1.75081,0.137849,52049,0.148599,183.38,0.885485
4007,0.0993142,0.3638,0.00552463,0.00552463,0.165728,0.094528,0.837799,0.380974,0.0534589,0.0154085,0.0513071,0.212392,0.0535216,0,0.769178,0.0286682,1.91423,0.188382,0,0.0743987,0.563653,4.34372,0.617628,0.309555,0.709966,2.71669,0.104248,0.209874,0,0.371797,0,0,-0.000563071,0.26436,0.966259,0.192827,0.0509575,0.0540774,0.00435114,0.00341716,0.456906,0.0498339,4.65196,-0.89219,8.92795,0.696801,0.583811,-5.1205,-0.333333,-0.0523726,0.491934,3.875,17.2917,0,0,3.125,5.08333,0,-9.23709,0.0001,-0.00109577,0.0668545,1.80492,0.143899,50442,0.148603,184.97,0.719524
4008,0.102488,0.376532,0.00550454,0.00550454,0.171365,0.0979235,0.84035,0.395046,0.0531773,0.0157968,0.0510394,0.213378,0.0522219,0,0.776432,0.0301429,1.91472,0.189243,0,0.073837,0.567567,4.35205,0.61938,0.311572,0.707517,2.71465,0.107714,0.211329,0,0.416927,0,0,-0.000552554,0.257677,0.965895,0.195912,0.0507767,0.0538563,0.0042249,0.00337463,0.457988,0.0495923,4.64342,-1.03065,8.95628,0.696746,0.587914,-5.06084,-0.333333,-0.0540627,0.513266,4.41667,16.6667,0,0,3.20833,5,0,-9.23203,0.0001,-0.0021343,0.0648571,1.815,0.128295,50586,0.148662,180.76,0.135939
4009,0.101873,0.375506,0.00556371,0.00556371,0.171144,0.0974237,0.841359,0.394469,0.0532624,0.015306,0.0511465,0.213864,0.0528152,0,0.771349,0.0304236,1.9186,0.188877,0,0.0740768,0.563547,4.349,0.618403,0.305281,0.710126,2.72453,0.107012,0.211505,0,0.423821,0,0,-0.000426299,0.260518,0.966451,0.193929,0.0509958,0.0540102,0.00433599,0.00337282,0.458391,0.0498085,5.0557,-0.901623,8.82014,0.70031,0.583966,-5.00326,-0.333333,-0.0541086,0.511201,3.91667,16.875,0,0,2.75,5.08333,0,-9.22547,0.0001,-0.00274321,0.061578,1.84008,0.134829,49776,0.148704,186.02,1.07746
4010,0.0988637,0.362418,0.00553173,0.00553173,0.166215,0.0942895,0.840434,0.380584,0.0535667,0.0147622,0.0513865,0.213024,0.0509475,0,0.771131,0.028794,1.928,0.18575,0,0.0738211,0.564871,4.34748,0.617657,0.308159,0.708128,2.72322,0.104224,0.210632,0,0.389946,0,0,-0.000470144,0.260739,0.966561,0.192763,0.0511722,0.0542715,0.00420683,0.0032736,0.456927,0.050005,4.92485,-0.608909,9.01883,0.694324,0.58477,-5.22484,-0.333333,-0.0524026,0.495276,3.875,14.8333,0,0,3.375,4.58333,0,-9.22125,0.0001,-0.00164915,0.0655868,1.81089,0.133844,50548,0.148711,185.49,0.866345
4011,0.0974884,0.358404,0.00559025,0.00559025,0.16431,0.0932052,0.840688,0.374492,0.0536249,0.0148588,0.0514682,0.213688,0.0545023,0,0.766916,0.0280643,1.91139,0.195612,0,0.0758008,0.560111,4.3228,0.616043,0.302072,0.709854,2.7321,0.102555,0.21121,0,0.395227,0,0,-0.000463743,0.265621,0.966064,0.189701,0.0512419,0.054337,0.00380249,0.00282727,0.453678,0.0500302,5.05331,-0.719063,8.86732,0.70127,0.586191,-5.03667,-0.333333,-0.0518072,0.48775,4.58333,17.0417,0,0,3.83333,4.91667,0,-9.21991,0.0001,-0.00165435,0.0628552,1.75191,0.134667,52107,0.148696,179.2,0.457882
4012,0.101726,0.37247,0.00547835,0.00547835,0.171577,0.0968177,0.836733,0.3916,0.0528892,0.0160835,0.050738,0.211997,0.05494,0,0.774446,0.0294486,1.93733,0.190175,0,0.0745792,0.568599,4.37069,0.62184,0.314562,0.704457,2.69724,0.107385,0.209767,0,0.410146,0,0,-0.000624893,0.259979,0.966136,0.19836,0.0504592,0.0535467,0.00425713,0.00338545,0.458004,0.0492953,4.50648,-1.1527,8.99097,0.694427,0.588816,-5.07162,-0.333333,-0.0542805,0.503576,3.95833,17.2917,0,0,2.95833,4.875,0,-9.22012,0.0001,-0.00134686,0.0681798,1.87332,0.125318,49185,0.148682,183.59,0.458092
4013,0.100637,0.36579,0.00554031,0.00554031,0.167336,0.0952195,0.840181,0.385596,0.0530829,0.0153998,0.0510316,0.212759,0.053114,0,0.771644,0.0291655,1.92299,0.191149,0,0.0746159,0.564446,4.33902,0.617721,0.307502,0.708719,2.7209,0.105943,0.210966,0,0.37222,0,0,-0.000611893,0.262431,0.966061,0.19462,0.0507078,0.0537126,0.00413664,0.00329342,0.453033,0.0495322,4.58509,-1.02782,8.83147,0.699494,0.583213,-4.97242,-0.333333,-0.0527989,0.497394,4.83333,17.9583,0,0,3.41667,5.33333,0,-9.22052,0.0001,-0.00185637,0.0643511,1.80327,0.126525,50940,0.148675,181.31,0.632405
4014,0.105195,0.390422,0.00547766,0.00547766,0.170999,0.101053,0.837581,0.409361,0.0530969,0.0154824,0.0509918,0.213178,0.0516614,0,0.779375,0.0319093,1.92424,0.186263,0,0.0731844,0.566101,4.36081,0.619878,0.314798,0.705703,2.70306,0.110311,0.211089,0,0.438533,0,0,-0.000557443,0.263612,0.966564,0.197322,0.0506317,0.0537027,0.00441471,0.00349014,0.456419,0.0494755,4.48396,-0.837114,8.98424,0.693884,0.583566,-5.25267,-0.333333,-0.0543444,0.529876,4.41667,17,0,0,3.95833,5.375,0,-9.21993,0.0001,-0.00158961,0.0652657,1.78786,0.152792,50655,0.148686,185.4,0.698068
4015,0.101595,0.371954,0.00549744,0.00549744,0.168994,0.0967805,0.839042,0.392678,0.0534118,0.0155209,0.0512555,0.212443,0.0506901,0,0.773107,0.0294362,1.9316,0.186354,0,0.0741078,0.562748,4.33,0.616368,0.312311,0.708071,2.7255,0.107098,0.210195,0,0.414102,0,0,-0.000492233,0.260293,0.966153,0.193288,0.0509004,0.0540855,0.00415561,0.00321903,0.452061,0.0497321,4.45836,-0.717311,9.11097,0.690979,0.587013,-5.25087,-0.333333,-0.053428,0.50818,3.125,14.875,0,0,3.5,5.41667,0,-9.21712,0.0001,-0.00198009,0.0645575,1.87175,0.13436,49002,0.148709,183.46,0.848148
4016,0.105046,0.388158,0.0055013,0.0055013,0.170457,0.100273,0.83861,0.414126,0.0535417,0.0147368,0.0513556,0.212641,0.0507162,0,0.775349,0.0322743,1.94161,0.183799,0,0.0734825,0.564961,4.3436,0.617776,0.312306,0.706144,2.7243,0.111892,0.21038,0,0.433696,0,0,-0.000499924,0.25973,0.967155,0.196285,0.0508918,0.0540898,0.00364215,0.00276694,0.455469,0.0497495,4.59135,-0.393326,9.07735,0.689617,0.578236,-5.51167,-0.333333,-0.0541728,0.52807,3.70833,15,0,0,4.58333,5.83333,0,-9.2147,0.0001,-0.00244114,0.0671507,1.76688,0.132068,51767,0.148745,183.64,0.666593
4017,0.105952,0.391636,0.0055006,0.0055006,0.170309,0.101161,0.839443,0.413009,0.0535118,0.0149388,0.0512632,0.213953,0.0506194,0,0.779113,0.0320507,1.94593,0.186052,0,0.0743604,0.566292,4.34321,0.61801,0.312877,0.705875,2.71815,0.111761,0.211414,0,0.44832,0,0,-0.000466439,0.26037,0.967128,0.19626,0.0508564,0.0540557,0.00398997,0.00298411,0.456404,0.0497023,4.81905,-0.368669,9.14349,0.688673,0.584001,-5.50651,-0.333333,-0.054234,0.536217,4.5,15.4583,0,0,4.04167,6.29167,0,-9.20831,0.0001,-0.0012946,0.0636253,1.81994,0.134519,50297,0.148824,186.43,0.905073
4018,0.10758,0.398525,0.00550247,0.00550247,0.172441,0.103095,0.838673,0.415271,0.0532273,0.0155838,0.0511028,0.214191,0.0511793,0,0.780818,0.0323283,1.93309,0.186943,0,0.0739962,0.56522,4.34489,0.617659,0.312346,0.705631,2.72423,0.112506,0.212108,0,0.417922,0,0,-0.00050837,0.258467,0.966312,0.197255,0.0507563,0.0538548,0.00378735,0.00288129,0.456121,0.0495482,4.59058,-0.739459,9.01267,0.693964,0.587816,-5.23586,-0.333333,-0.0547696,0.542658,4.20833,15.4167,0,0,3.66667,4.75,0,-9.20105,0.0001,-0.0017407,0.0609794,1.76881,0.134234,51656,0.148892,184.59,0.834316
4019,0.0985925,0.361802,0.00552026,0.00552026,0.165811,0.0938863,0.838204,0.385219,0.0532597,0.0151428,0.0511032,0.211748,0.0572678,0,0.767879,0.0291847,1.94014,0.19775,0,0.0766122,0.558207,4.34425,0.61864,0.310068,0.706069,2.71938,0.105142,0.209493,0,0.399382,0,0,-0.000475113,0.26702,0.966379,0.194428,0.0508315,0.0539106,0.0044709,0.00352331,0.455871,0.0496895,4.78169,-0.723932,9.00345,0.693804,0.587561,-5.20027,-0.333333,-0.0524261,0.491606,3.625,16.5833,0,0,3.58333,5.66667,0,-9.19826,0.0001,-0.00193449,0.0595353,1.81497,0.128913,50570,0.148886,182.29,0.743497
4020,0.105801,0.39072,0.00547632,0.00547632,0.169502,0.101271,0.837455,0.416964,0.0531871,0.0157044,0.051044,0.213313,0.0512363,0,0.778942,0.0321134,1.93606,0.185843,0,0.0739157,0.566661,4.34902,0.619348,0.315387,0.704719,2.71612,0.113081,0.210859,0,0.44963,0,0,-0.000533994,0.259135,0.96656,0.197037,0.0506712,0.0538034,0.00405751,0.00309175,0.458948,0.0494783,4.59745,-0.691057,9.1094,0.689557,0.582495,-5.34322,-0.333333,-0.0538201,0.531528,4.08333,15.7917,0,0,3.5,5.25,0,-9.20097,0.0001,-0.0019453,0.0665597,1.84193,0.130121,49848,0.148832,182.69,0.606546
4021,0.108868,0.399874,0.00545439,0.00545439,0.172351,0.10388,0.837441,0.42122,0.0528927,0.0158913,0.0508006,0.211674,0.052176,0,0.776517,0.0326843,1.95299,0.187466,0,0.0739031,0.569762,4.36145,0.620586,0.317333,0.705297,2.70856,0.114831,0.209656,0,0.445395,0,0,-0.000558812,0.260202,0.96667,0.198579,0.0504279,0.0535531,0.00373341,0.00287787,0.453482,0.0492365,4.19033,-0.882798,9.05773,0.688712,0.581735,-5.27214,-0.333333,-0.0545598,0.542649,4.33333,16.3333,0,0,4.125,5.20833,0,-9.20373,0.0001,-0.00192499,0.0631174,1.84639,0.137665,49547,0.148828,186.23,1.00937
4022,0.107196,0.392164,0.00548727,0.00548727,0.17037,0.101627,0.83851,0.416242,0.0530585,0.0154665,0.0509857,0.21339,0.0526242,0,0.779374,0.0323907,1.95732,0.184767,0,0.0742809,0.564094,4.35911,0.61914,0.314032,0.704856,2.71952,0.113997,0.211268,0,0.443821,0,0,-0.000458642,0.261593,0.966641,0.197275,0.0507556,0.0537752,0.00402724,0.00303293,0.45313,0.0495689,4.41285,-0.780493,9.04558,0.692585,0.586624,-5.24059,-0.333333,-0.0541225,0.5357,4.54167,17.3333,0,0,3.75,5.70833,0,-9.19979,0.0001,-0.00219795,0.0678319,1.79222,0.142089,50821,0.148895,181.66,0.550948
4023,0.107957,0.398368,0.00547514,0.00547514,0.171922,0.103096,0.837898,0.417847,0.0530674,0.0156985,0.0509238,0.213785,0.0517678,0,0.781859,0.0322628,1.94129,0.187502,0,0.0739457,0.562428,4.35362,0.619847,0.315399,0.703331,2.7058,0.113524,0.211491,0,0.438021,0,0,-0.000499254,0.260391,0.96658,0.198354,0.0505832,0.0537183,0.00412663,0.00324248,0.452714,0.0494137,4.51779,-0.826425,9.04334,0.691271,0.591222,-5.29364,-0.333333,-0.0546032,0.542033,3.625,15.4167,0,0,2.875,4.45833,0,-9.19451,0.0001,-0.00172144,0.0664511,1.82654,0.141362,49953,0.148938,183.24,0.572578
4024,0.105699,0.391582,0.00546009,0.00546009,0.17029,0.101519,0.839499,0.412699,0.0530139,0.0156075,0.0508857,0.214221,0.053408,0,0.784461,0.0317482,1.94116,0.190336,0,0.0744967,0.565295,4.35148,0.618639,0.316777,0.704759,2.71217,0.111322,0.211954,0,0.439226,0,0,-0.000504232,0.262414,0.966443,0.19902,0.0505838,0.0536829,0.00457473,0.00363974,0.456765,0.049409,4.69422,-0.727444,9.1322,0.688257,0.583286,-5.30875,-0.333333,-0.0540331,0.536968,4.16667,16.4167,0,0,3.625,5.41667,0,-9.19169,0.0001,-0.000336338,0.0614844,1.80304,0.130211,50848,0.148975,183.81,0.982855
4025,0.10621,0.39477,0.00550962,0.00550962,0.168558,0.101928,0.839181,0.42086,0.053125,0.015433,0.0510119,0.211952,0.0517012,0,0.771909,0.0330704,1.92732,0.18933,0,0.074495,0.569925,4.34456,0.618157,0.311783,0.707105,2.72422,0.113303,0.209636,0,0.448948,0,0,-0.000474955,0.262036,0.966019,0.197554,0.0507126,0.0537786,0.00362235,0.00267224,0.452252,0.0494935,4.61825,-0.762846,8.98234,0.694917,0.580224,-5.22784,-0.333333,-0.0536519,0.540143,3.83333,16.0417,0,0,3.75,5.41667,0,-9.18984,0.0001,-0.00119651,0.0675283,1.80665,0.125956,50866,0.148998,184.21,1.0861
4026,0.10419,0.387068,0.00546734,0.00546734,0.171644,0.100088,0.839348,0.402764,0.0528387,0.0159393,0.0507314,0.214092,0.0539829,0,0.782605,0.0311894,1.94322,0.188823,0,0.0748174,0.566921,4.36169,0.620515,0.316111,0.704891,2.70202,0.108614,0.211731,0,0.431393,0,0,-0.000572961,0.26187,0.966551,0.199784,0.0504058,0.0534596,0.00492997,0.00390079,0.460029,0.0492491,4.819,-0.86609,9.05646,0.690632,0.582962,-5.23088,-0.333333,-0.0545679,0.530607,3.875,15.1667,0,0,2.875,4.95833,0,-9.18701,0.0001,-0.00217375,0.0653855,1.7552,0.127657,52209,0.149041,184.98,0.936162
4027,0.104638,0.385911,0.00545369,0.00545369,0.171681,0.0996758,0.837408,0.411517,0.0529095,0.0155651,0.0507316,0.213484,0.0541035,0,0.783166,0.0317946,1.95048,0.192409,0,0.075284,0.56718,4.38342,0.622939,0.317858,0.70067,2.6927,0.111956,0.211177,0,0.425607,0,0,-0.000530901,0.260053,0.966776,0.201813,0.0503828,0.0534623,0.00480162,0.00381451,0.456859,0.0492609,4.53904,-0.605193,9.12367,0.68871,0.584675,-5.45749,-0.333333,-0.0545973,0.527173,4.25,15.375,0,0,4.16667,6,0,-9.18211,0.0001,-0.00196939,0.0626199,1.83089,0.130629,50116,0.149089,185.86,0.664364
4028,0.108876,0.402241,0.00544843,0.00544843,0.169983,0.103534,0.837214,0.423057,0.0528085,0.0155658,0.0506637,0.211283,0.0557496,0,0.778103,0.033408,1.9504,0.193715,0,0.0759792,0.56307,4.37336,0.621581,0.318633,0.700263,2.69317,0.1151,0.209229,0,0.460444,0,0,-0.000505964,0.264383,0.967185,0.20258,0.0503415,0.0533931,0.00438733,0.0034889,0.456372,0.0492173,4.45719,-0.550119,9.07007,0.68844,0.583987,-5.46778,-0.333333,-0.0543374,0.550657,4.125,15.7083,0,0,3.41667,6.95833,0,-9.17928,0.0001,-0.00157352,0.0635585,1.87104,0.130574,49112,0.149102,186.28,0.92793
4029,0.110711,0.40229,0.00541719,0.00541719,0.178125,0.103799,0.83692,0.42438,0.0527583,0.0160096,0.0505608,0.212923,0.0505493,0,0.787614,0.0332583,1.97029,0.186727,0,0.0743557,0.576529,4.39182,0.624393,0.322212,0.698659,2.68758,0.117264,0.211007,0,0.445636,0,0,-0.000597775,0.254223,0.966957,0.204633,0.0501338,0.0532751,0.00398268,0.00311179,0.456802,0.0489733,4.29794,-0.745414,9.15799,0.68574,0.586231,-5.49143,-0.333333,-0.0568212,0.550078,3.66667,15.8333,0,0,3.83333,5.95833,0,-9.17904,0.0001,-0.00158579,0.0641387,1.79664,0.131028,50996,0.149135,186.11,0.877589
4030,0.110692,0.409876,0.0054275,0.0054275,0.173894,0.10569,0.836968,0.431845,0.0527507,0.0158801,0.0506103,0.212567,0.0522102,0,0.785127,0.0339931,1.94982,0.18889,0,0.0741781,0.571925,4.37433,0.621892,0.321157,0.701024,2.69902,0.116791,0.210695,0,0.45772,0,0,-0.00047944,0.259348,0.966781,0.203631,0.0503182,0.0534062,0.00385938,0.00292387,0.454579,0.0491368,4.34211,-0.709908,9.15112,0.686168,0.586249,-5.4585,-0.333333,-0.0555342,0.559902,3.66667,16.9167,0,0,4.41667,5.79167,0,-9.17683,0.0001,-0.0024431,0.0612935,1.80608,0.132984,50696,0.149173,184.14,0.751419
4031,0.107663,0.396608,0.00543251,0.00543251,0.174371,0.102356,0.837715,0.418365,0.0531651,0.0151665,0.0509547,0.213099,0.054755,0,0.78405,0.0324465,1.958,0.190969,0,0.0747639,0.567528,4.36018,0.620411,0.320102,0.703898,2.70281,0.113467,0.210829,0,0.449787,0,0,-0.000469695,0.260442,0.966902,0.20105,0.0505345,0.0537078,0.00470511,0.00377497,0.45658,0.0494135,4.56162,-0.347907,9.28298,0.680959,0.585621,-5.66001,-0.333333,-0.0556146,0.543936,4.20833,15.8333,0,0,3.79167,6.95833,0,-9.1762,0.0001,-0.00263952,0.0619963,1.77772,0.128194,51578,0.149191,183.94,0.770806
4032,0.10579,0.394011,0.0054633,0.0054633,0.171348,0.101984,0.838219,0.410574,0.0531338,0.0152865,0.0509182,0.214291,0.0541687,0,0.785069,0.0317002,1.93052,0.194339,0,0.0758451,0.568042,4.35537,0.619304,0.316815,0.70396,2.70671,0.110292,0.211995,0,0.42903,0,0,-0.0004814,0.264467,0.966757,0.199853,0.0505362,0.0537127,0.00462875,0.00362906,0.456602,0.0493967,4.76257,-0.360161,9.21727,0.684914,0.582918,-5.54977,-0.333333,-0.0545138,0.539165,4.29167,14.5417,0,0,3.875,6.16667,0,-9.17396,0.0001,-0.0025205,0.0631007,1.78566,0.13594,51157,0.149209,185.88,0.658019
4033,0.107771,0.399744,0.00547563,0.00547563,0.172437,0.103027,0.838266,0.417559,0.0528924,0.0159096,0.0507617,0.212969,0.0538152,0,0.780602,0.032928,1.94431,0.195205,0,0.075249,0.567664,4.3628,0.61952,0.315724,0.703023,2.70657,0.113091,0.210796,0,0.467812,0,0,-0.000486669,0.261808,0.966443,0.200596,0.050482,0.0535653,0.00403722,0.00314358,0.454829,0.0493188,4.65117,-0.714572,9.01679,0.692146,0.586323,-5.32698,-0.333333,-0.0549928,0.547722,4.04167,16.9167,0,0,3.58333,5.25,0,-9.17179,0.0001,-0.00176376,0.0616515,1.80596,0.132614,50709,0.149227,187.67,0.936174
4034,0.110074,0.404697,0.00547022,0.00547022,0.172682,0.104746,0.837887,0.421564,0.0527505,0.0161367,0.0506465,0.214549,0.0548945,0,0.784735,0.0328388,1.94188,0.191564,0,0.0752296,0.567749,4.36157,0.619878,0.315935,0.702846,2.71051,0.114767,0.212016,0,0.453188,0,0,-0.00050924,0.263315,0.966527,0.201311,0.0503496,0.053413,0.00483581,0.00377606,0.459989,0.0491662,4.74723,-0.76586,9.00759,0.691487,0.581455,-5.26262,-0.333333,-0.0548662,0.551738,3.5,15.25,0,0,2.375,6,0,-9.16915,0.0001,-0.00187489,0.0600183,1.80415,0.129944,50826,0.149247,186.64,0.989748
4035,0.109152,0.401906,0.00546015,0.00546015,0.173259,0.104108,0.837395,0.420327,0.0527296,0.0165429,0.0506018,0.214344,0.0545768,0,0.785243,0.0324403,1.9354,0.190492,0,0.0752451,0.56885,4.36579,0.620881,0.317032,0.701953,2.69612,0.114217,0.21211,0,0.462116,0,0,-0.000547947,0.261835,0.966099,0.202575,0.050245,0.0534062,0.0047165,0.0037444,0.460386,0.0490612,4.69849,-0.977728,9.03233,0.69101,0.584812,-5.1642,-0.333333,-0.0550334,0.548054,3.83333,15.5417,0,0,3.33333,4.95833,0,-9.16714,0.0001,-0.00164984,0.0633187,1.78081,0.130604,51430,0.149254,185.39,0.933586
4036,0.108972,0.402467,0.00544692,0.00544692,0.169793,0.104124,0.836174,0.427633,0.0525547,0.0170109,0.0504771,0.210773,0.053534,0,0.774561,0.0329443,1.94871,0.192138,0,0.0751391,0.567459,4.36745,0.622124,0.318868,0.69995,2.69253,0.116004,0.208496,0,0.478448,0,0,-0.00055464,0.262115,0.965835,0.202908,0.0502583,0.0533115,0.00352932,0.00263868,0.454781,0.0489859,4.2442,-1.23481,8.94683,0.694745,0.589772,-5.08736,-0.333333,-0.0541111,0.548748,3.5,17.3333,0,0,2.79167,4.95833,0,-9.1647,0.0001,-9.5076e-05,0.0641512,1.77844,0.145173,51103,0.149273,185.42,0.902726
4037,0.107579,0.397015,0.0055154,0.0055154,0.167467,0.103221,0.839711,0.415865,0.0530875,0.0162033,0.0510306,0.21327,0.0521257,0,0.775621,0.0323436,1.924,0.18878,0,0.0744403,0.563503,4.33448,0.616452,0.310771,0.709255,2.73332,0.112657,0.211,0,0.435432,0,0,-0.000529802,0.266053,0.9657,0.196158,0.0507806,0.0538477,0.00354761,0.00260822,0.452916,0.0494777,4.47593,-1.11731,8.90858,0.697365,0.588876,-4.91149,-0.333333,-0.0530678,0.543629,4.08333,18.0833,0,0,2.375,5.33333,0,-9.16168,0.0001,-0.00284126,0.0638519,1.82289,0.137653,50141,0.149272,183.47,0.980116
4038,0.109054,0.403693,0.00545669,0.00545669,0.171008,0.104266,0.83739,0.426336,0.0527361,0.0168981,0.0506669,0.213099,0.0531054,0,0.78122,0.0334658,1.95771,0.188432,0,0.0740621,0.571128,4.37068,0.621529,0.31756,0.702638,2.69596,0.115312,0.210768,0,0.456475,0,0,-0.000575968,0.26222,0.965672,0.200978,0.0503654,0.0534551,0.00388781,0.00297715,0.455642,0.0491043,4.40535,-1.14042,8.98698,0.693834,0.589699,-5.1123,-0.333333,-0.0544625,0.550479,4.5,17.0833,0,0,2.45833,5.25,0,-9.15836,0.0001,-0.00276772,0.0642631,1.81742,0.139919,50223,0.149277,183.8,0.822579
4039,0.113624,0.421601,0.00537878,0.00537878,0.178488,0.108247,0.836114,0.441823,0.0526717,0.0161921,0.0505274,0.214072,0.0515524,0,0.794797,0.0352458,1.96413,0.184159,0,0.0734182,0.576449,4.39545,0.624057,0.326678,0.696924,2.68016,0.119328,0.21182,0,0.483515,0,0,-0.000610068,0.255752,0.966884,0.207852,0.0500662,0.0532172,0.00460049,0.00365129,0.458618,0.0489097,4.44241,-0.577737,9.27167,0.681626,0.580431,-5.62073,-0.333333,-0.0572287,0.574605,4.54167,15.5417,0,0,3.29167,6.25,0,-9.15581,0.0001,-0.00138122,0.0615844,1.81399,0.132756,50496,0.149285,188.09,1.18811
4040,0.111219,0.408879,0.00543954,0.00543954,0.176091,0.105388,0.83782,0.428916,0.0528647,0.0156853,0.0506699,0.215167,0.052658,0,0.79098,0.0333327,1.94027,0.190528,0,0.0750641,0.573658,4.38534,0.624046,0.319945,0.699499,2.68411,0.116633,0.212706,0,0.472561,0,0,-0.000608526,0.260277,0.967342,0.205644,0.0501455,0.0533444,0.00443826,0.00345095,0.461266,0.0489882,4.77472,-0.441035,9.17421,0.684514,0.57779,-5.53999,-0.333333,-0.0562639,0.558864,3.95833,14.1667,0,0,3.66667,6.29167,0,-9.15436,0.0001,-0.00196243,0.0656189,1.79329,0.129143,51135,0.149306,188.76,1.30804
4041,0.108556,0.403288,0.00543425,0.00543425,0.175232,0.103644,0.837833,0.428683,0.0528463,0.0157824,0.0506168,0.212407,0.0561924,0,0.78225,0.0338656,1.96675,0.190866,0,0.0757156,0.575679,4.38639,0.623745,0.320778,0.698836,2.68331,0.11556,0.209916,0,0.47814,0,0,-0.000587969,0.260744,0.967072,0.206731,0.0500834,0.0533631,0.00470638,0.00373813,0.460576,0.0489512,4.71243,-0.402438,9.22636,0.683685,0.584658,-5.60396,-0.333333,-0.0560732,0.552479,4.25,15.6667,0,0,4.625,5.625,0,-9.15136,0.0001,-0.00210275,0.0629527,1.78212,0.1226,51610,0.149355,185.3,0.971845
4042,0.114774,0.424366,0.00542979,0.00542979,0.176587,0.10947,0.836899,0.448168,0.0529843,0.0159508,0.0508096,0.213572,0.0520377,0,0.788579,0.0353381,1.957,0.185754,0,0.0746742,0.569819,4.37675,0.621123,0.320843,0.70187,2.69893,0.121644,0.211421,0,0.503294,0,0,-0.000526276,0.259929,0.966804,0.204043,0.0503288,0.05358,0.00410097,0.00323427,0.45701,0.0491812,4.30501,-0.510341,9.20339,0.683824,0.58031,-5.55946,-0.333333,-0.0564167,0.577949,4,15.5417,0,0,4.25,6.08333,0,-9.14862,0.0001,-0.00243217,0.0678163,1.77274,0.133163,51578,0.149376,185.1,0.962612
4043,0.108676,0.406807,0.00542747,0.00542747,0.171833,0.104548,0.83558,0.435595,0.0528516,0.0157626,0.0506604,0.210566,0.0516727,0,0.777279,0.0347743,1.96169,0.189808,0,0.0747081,0.567218,4.37779,0.623021,0.321271,0.697748,2.68338,0.116547,0.208292,0,0.47876,0,0,-0.000508846,0.261671,0.966913,0.205658,0.0502034,0.0534138,0.00411213,0.00325927,0.460383,0.0490634,4.6303,-0.46913,9.2072,0.683873,0.584904,-5.60782,-0.333333,-0.05506,0.554102,4,14.7083,0,0,4.04167,6.45833,0,-9.14765,0.0001,-0.00264431,0.0654093,1.78689,0.129239,51303,0.149381,187.65,1.09991
4044,0.106635,0.392845,0.00547853,0.00547853,0.17049,0.101376,0.838464,0.411432,0.0530858,0.0155101,0.0509442,0.212915,0.0538298,0,0.779315,0.0319324,1.96405,0.193157,0,0.0749546,0.559739,4.34064,0.617439,0.315236,0.704422,2.72132,0.112243,0.210644,0,0.430084,0,0,-0.000512011,0.262884,0.966898,0.199188,0.0505057,0.0536635,0.0043114,0.00332422,0.457028,0.0493581,4.50334,-0.51579,9.11671,0.687829,0.584237,-5.41299,-0.333333,-0.0543826,0.537244,4.125,15.9167,0,0,3.29167,6.70833,0,-9.14708,0.0001,-0.00219987,0.066625,1.80737,0.145222,50345,0.14937,187.51,1.01108
4045,0.107947,0.398287,0.00538869,0.00538869,0.170094,0.102689,0.835822,0.420242,0.0529573,0.0158975,0.0507465,0.212392,0.0520238,0,0.786298,0.0325957,1.95197,0.192314,0,0.0749501,0.56918,4.37145,0.622425,0.325051,0.700566,2.69178,0.113942,0.210161,0,0.454872,0,0,-0.000536806,0.263128,0.966537,0.203472,0.0502983,0.0535167,0.0043764,0.00342418,0.457261,0.0491286,4.33064,-0.431611,9.41454,0.678111,0.590526,-5.65518,-0.333333,-0.0543263,0.54257,4.08333,16.7083,0,0,4.375,5.25,0,-9.14705,0.0001,-0.00198856,0.0604198,1.84302,0.127832,49878,0.149359,185.6,0.911201
4046,0.110514,0.405837,0.00539936,0.00539936,0.171608,0.104347,0.835287,0.427498,0.052773,0.0158297,0.0505874,0.213042,0.0528378,0,0.789065,0.0339083,1.96542,0.192088,0,0.0749338,0.564979,4.38206,0.622776,0.324314,0.697628,2.68398,0.116797,0.210776,0,0.474069,0,0,-0.000498781,0.264812,0.966672,0.20518,0.0502331,0.0533612,0.00407948,0.00318594,0.457267,0.0490711,4.41117,-0.448586,9.25887,0.682182,0.588541,-5.64577,-0.333333,-0.0549451,0.554718,3.79167,15.0833,0,0,4.20833,6.08333,0,-9.14788,0.0001,-0.00228398,0.061924,1.77103,0.141374,51403,0.14934,184.5,0.911075
4047,0.111016,0.40957,0.00541801,0.00541801,0.17229,0.105403,0.836307,0.435942,0.0531545,0.0156859,0.050963,0.213334,0.0535058,0,0.787805,0.0344083,1.95582,0.189965,0,0.0747328,0.569286,4.36878,0.621431,0.32217,0.699596,2.69697,0.118018,0.210995,0,0.458633,0,0,-0.000541675,0.259983,0.967198,0.202536,0.0504259,0.0536248,0.00398214,0.0030392,0.45488,0.0492634,4.38454,-0.252907,9.29677,0.680655,0.58052,-5.74915,-0.333333,-0.0551434,0.55837,3.66667,13.4167,0,0,4.04167,6.58333,0,-9.1475,0.0001,-0.00151728,0.0608963,1.77182,0.131573,51646,0.14933,185.84,1.04354
4048,0.113372,0.419603,0.00537882,0.00537882,0.173978,0.107917,0.834696,0.445795,0.0527332,0.0160807,0.0505012,0.212663,0.0528178,0,0.789807,0.0351742,1.97261,0.191361,0,0.075728,0.570877,4.40015,0.626073,0.326708,0.692523,2.67511,0.120651,0.210445,0,0.480465,0,0,-0.000613999,0.257827,0.966694,0.207714,0.0499777,0.0532173,0.00389873,0.00295984,0.458747,0.0487809,4.31514,-0.494258,9.34932,0.678764,0.592086,-5.66154,-0.333333,-0.0557579,0.570971,4,14,0,0,3.79167,5.79167,0,-9.1467,0.0001,-0.00200584,0.0663182,1.79916,0.129741,50963,0.149338,187.95,1.18115
4049,0.108644,0.398865,0.00543031,0.00543031,0.170217,0.103025,0.835769,0.418602,0.0529718,0.0158536,0.0507805,0.212634,0.0536771,0,0.783726,0.0327391,1.95898,0.189365,0,0.074856,0.567493,4.36937,0.621876,0.32065,0.701471,2.69068,0.114346,0.210463,0,0.461256,0,0,-0.000507196,0.26661,0.966721,0.202622,0.0504017,0.0535943,0.00438002,0.00343448,0.457102,0.0492424,4.3026,-0.5521,9.27334,0.682199,0.587247,-5.50957,-0.333333,-0.0542842,0.542782,4.54167,16.1667,0,0,4.375,6.16667,0,-9.14295,0.0001,-0.00158771,0.0637389,1.86352,0.131199,49282,0.149371,185.11,0.705995
4050,0.113693,0.423249,0.00543636,0.00543636,0.177137,0.108928,0.837637,0.44474,0.0527203,0.0161693,0.0505955,0.214194,0.0526136,0,0.789582,0.0358612,1.94959,0.189031,0,0.0743852,0.573799,4.37528,0.621556,0.32009,0.699657,2.697,0.119752,0.212011,0,0.494207,0,0,-0.00055939,0.258913,0.96649,0.205022,0.0502357,0.0533408,0.00419868,0.00328066,0.458075,0.0490443,4.49645,-0.775285,9.06061,0.688834,0.579786,-5.38094,-0.333333,-0.0566179,0.57866,3.91667,16.1667,0,0,3.45833,6.375,0,-9.13963,0.0001,-0.00210656,0.0617156,1.84561,0.129243,49777,0.149424,188.59,1.41185
4051,0.10909,0.404519,0.00548188,0.00548188,0.170119,0.104765,0.838982,0.426033,0.0528261,0.016072,0.0507517,0.213071,0.0541646,0,0.780827,0.0334526,1.94095,0.191895,0,0.0757132,0.563577,4.34349,0.617701,0.314343,0.703315,2.72218,0.114915,0.211052,0,0.473863,0,0,-0.000545856,0.26624,0.965821,0.200028,0.0504291,0.0535392,0.00438518,0.00352695,0.454707,0.049265,4.39432,-0.981792,8.96387,0.693194,0.58771,-5.14683,-0.333333,-0.0540528,0.551747,4.125,16.7083,0,0,3.45833,4.95833,0,-9.13463,0.0001,-0.000473571,0.0604052,1.80221,0.125822,50986,0.149475,185.26,0.69491
4052,0.109667,0.401171,0.00545901,0.00545901,0.172453,0.10419,0.837884,0.421381,0.0527076,0.0165034,0.0506175,0.21281,0.0525842,0,0.781,0.0326665,1.92603,0.19166,0,0.0746678,0.569948,4.36386,0.620137,0.317076,0.704575,2.70911,0.11557,0.210749,0,0.462321,0,0,-0.000545341,0.261181,0.965605,0.201438,0.0503273,0.0534409,0.00396957,0.00306011,0.453737,0.0490731,4.35732,-1.04188,9.06497,0.690309,0.586456,-5.12257,-0.333333,-0.0546668,0.547949,4.08333,17.125,0,0,3.41667,4.91667,0,-9.13151,0.0001,-0.00121762,0.0614031,1.81654,0.143993,50141,0.149511,185.01,0.96419
4053,0.112682,0.416077,0.00538964,0.00538964,0.174874,0.10763,0.836696,0.438814,0.0523161,0.0170785,0.0502949,0.211818,0.0528389,0,0.785885,0.0347808,1.95942,0.189479,0,0.0732011,0.571474,4.37634,0.622276,0.324823,0.700844,2.69681,0.118919,0.209972,0,0.492076,0,0,-0.000622428,0.26064,0.966542,0.206721,0.0499403,0.0530223,0.00380708,0.00295453,0.452008,0.0487094,3.97524,-1.12393,9.0959,0.68698,0.583631,-5.26571,-0.333333,-0.0557745,0.57033,3.375,15.2917,0,0,3.16667,4.95833,0,-9.12877,0.0001,-0.00189492,0.0671981,1.84663,0.14823,49278,0.149533,188.26,1.08083
4054,0.115733,0.42599,0.00538157,0.00538157,0.17761,0.109842,0.835668,0.447317,0.0524054,0.0165494,0.050349,0.21406,0.0519242,0,0.79533,0.035584,1.97331,0.18524,0,0.0727475,0.571263,4.38545,0.623411,0.325865,0.697087,2.68319,0.121806,0.212122,0,0.487632,0,0,-0.000597582,0.256263,0.966412,0.207476,0.0499514,0.0530015,0.00414563,0.00321885,0.457013,0.0487534,4.24601,-0.917162,9.12989,0.685266,0.581612,-5.42862,-0.333333,-0.0568116,0.582665,3.625,15.625,0,0,3.45833,6.08333,0,-9.12412,0.0001,-0.0012659,0.0599846,1.82391,0.138607,50090,0.149597,186.05,1.02545
4055,0.110307,0.405514,0.00546206,0.00546206,0.176455,0.104762,0.838888,0.423535,0.0525043,0.0163325,0.0504221,0.214997,0.0545596,0,0.789132,0.0331831,1.94594,0.191635,0,0.0750908,0.567562,4.36962,0.621374,0.317147,0.698665,2.70301,0.115534,0.212938,0,0.471091,0,0,-0.000476326,0.262069,0.966677,0.205999,0.050206,0.0532703,0.0042729,0.00331968,0.457204,0.0489937,4.64633,-0.904609,8.9567,0.69235,0.580035,-5.20271,-0.333333,-0.0562565,0.554789,3.70833,14.9583,0,0,3.625,5.16667,0,-9.11776,0.0001,-0.00111168,0.0642491,1.79801,0.132731,50915,0.149647,183.09,0.822048
4056,0.11705,0.433628,0.00539533,0.00539533,0.178315,0.112208,0.83719,0.454785,0.052103,0.0170136,0.0500512,0.213284,0.0531923,0,0.791331,0.0364131,1.95108,0.190603,0,0.0734511,0.577862,4.39696,0.625463,0.324399,0.69626,2.67718,0.123225,0.211517,0,0.511309,0,0,-0.000612756,0.258171,0.966184,0.208166,0.0497239,0.0528005,0.00393655,0.00302284,0.451707,0.0484762,4.21171,-1.1619,9.11309,0.68698,0.584724,-5.203,-0.333333,-0.0567986,0.59374,3.33333,15.5417,0,0,3.125,4.375,0,-9.11312,0.0001,-0.00282514,0.0646115,1.80572,0.13346,50693,0.149687,187.15,1.13396
4057,0.114898,0.426337,0.00543027,0.00543027,0.175391,0.110103,0.838092,0.450066,0.0522645,0.0166071,0.050268,0.214152,0.0533203,0,0.789705,0.0358509,1.96055,0.190909,0,0.0742865,0.568303,4.38047,0.623014,0.320546,0.69732,2.68886,0.121047,0.212232,0,0.504079,0,0,-0.000499903,0.260903,0.966448,0.207575,0.0499876,0.0530121,0.00429577,0.00336136,0.456919,0.0487879,4.41921,-1.00362,8.9835,0.690799,0.580842,-5.20323,-0.333333,-0.0559217,0.584308,3.33333,16.2917,0,0,3.33333,5.95833,0,-9.10692,0.0001,-0.00225738,0.064859,1.79459,0.133376,50988,0.14971,186.97,1.07521
4058,0.114641,0.424476,0.00541091,0.00541091,0.175479,0.109513,0.837983,0.445262,0.0522973,0.0169158,0.0502355,0.212987,0.0522886,0,0.787677,0.0354824,1.94513,0.188022,0,0.0733114,0.573959,4.38417,0.623663,0.322869,0.698006,2.68505,0.120527,0.210891,0,0.50228,0,0,-0.000585627,0.259944,0.966252,0.207878,0.0499319,0.0530164,0.0039588,0.00307808,0.454533,0.0487047,4.22992,-1.0093,9.06384,0.688303,0.582903,-5.27361,-0.333333,-0.0560552,0.581094,3.33333,16.375,0,0,2.79167,5.29167,0,-9.10217,0.0001,-0.00249276,0.0649019,1.87305,0.126632,49159,0.149746,185.86,0.973874
4059,0.113965,0.42227,0.00539076,0.00539076,0.174174,0.108857,0.837032,0.444612,0.0520851,0.0168851,0.0500774,0.213413,0.0516488,0,0.79244,0.0354803,1.9588,0.18737,0,0.073109,0.569046,4.38933,0.623326,0.324802,0.696467,2.68523,0.120153,0.211602,0,0.477359,0,0,-0.000598317,0.260183,0.966566,0.209035,0.0497472,0.0527507,0.00411243,0.00324478,0.45667,0.0485333,4.30994,-1.07309,9.06525,0.687309,0.581897,-5.28911,-0.333333,-0.0556647,0.579796,4.04167,17.125,0,0,3.08333,5.875,0,-9.09856,0.0001,-0.00209155,0.0599288,1.82355,0.148914,49838,0.149767,186.9,0.948306
4060,0.116371,0.432812,0.00541511,0.00541511,0.177457,0.111725,0.837554,0.456677,0.0524785,0.0165263,0.0503975,0.213543,0.0507087,0,0.789412,0.0363384,1.94071,0.185969,0,0.0736027,0.575776,4.38825,0.623957,0.322506,0.695392,2.68407,0.122824,0.211413,0,0.506866,0,0,-0.000640493,0.255374,0.966438,0.20736,0.0499472,0.053066,0.00343851,0.00255858,0.457592,0.0487055,4.41371,-0.897121,9.12989,0.685867,0.582033,-5.33994,-0.333333,-0.0566539,0.591543,3.79167,15.2917,0,0,3.75,5.29167,0,-9.09782,0.0001,-0.000995764,0.0614972,1.82874,0.142498,49869,0.14976,187.53,1.19243
4061,0.116105,0.425369,0.00538563,0.00538563,0.176098,0.109685,0.836078,0.445351,0.05245,0.0168381,0.0503338,0.213513,0.0526016,0,0.79198,0.034887,1.95348,0.189735,0,0.0744102,0.572646,4.39118,0.624719,0.325732,0.694788,2.68067,0.121654,0.21136,0,0.47701,0,0,-0.000573645,0.259656,0.966899,0.209551,0.0499299,0.0530929,0.00415234,0.00322146,0.457693,0.0487077,4.40338,-0.787189,9.18215,0.683767,0.581164,-5.42432,-0.333333,-0.0563212,0.580552,3.29167,15.125,0,0,3.41667,5.20833,0,-9.09607,0.0001,-0.00176493,0.0635923,1.85376,0.135086,49427,0.149824,186.65,1.06365
4062,0.115507,0.424691,0.00538105,0.00538105,0.17629,0.108991,0.836455,0.446223,0.0523245,0.0162232,0.0502368,0.213956,0.0532732,0,0.795991,0.0357735,1.96838,0.188765,0,0.0745862,0.570421,4.38319,0.623066,0.326088,0.69518,2.68774,0.121643,0.212042,0,0.476261,0,0,-0.000566129,0.260236,0.967193,0.210362,0.0498269,0.0528787,0.00456036,0.00362757,0.458928,0.0486728,4.41838,-0.613579,9.20262,0.682399,0.580292,-5.58653,-0.333333,-0.0566047,0.581944,4.20833,14.9583,0,0,3.875,5.41667,0,-9.09204,0.0001,-0.00172598,0.0646803,1.7955,0.12889,51083,0.149874,187.78,1.15744
4063,0.11543,0.431796,0.00540564,0.00540564,0.176004,0.110749,0.835874,0.455951,0.0525816,0.0160562,0.0504698,0.212915,0.0529465,0,0.790432,0.0373215,1.96307,0.191473,0,0.0747045,0.566281,4.38233,0.622113,0.323707,0.694663,2.6879,0.121947,0.211046,0,0.516443,0,0,-0.00048629,0.260492,0.966945,0.207944,0.0501395,0.0532189,0.0033659,0.00243345,0.453873,0.0488991,4.31914,-0.652947,9.10454,0.686179,0.584041,-5.50487,-0.333333,-0.0565108,0.590514,3.95833,15.5833,0,0,4.29167,6.45833,0,-9.0881,0.0001,-0.00195549,0.0664132,1.83949,0.132775,49843,0.14994,187.19,1.26814
4064,0.11421,0.421676,0.00542249,0.00542249,0.174095,0.108565,0.836647,0.439936,0.0525362,0.0165424,0.0504494,0.213373,0.0530856,0,0.788993,0.0353205,1.95344,0.19088,0,0.0742069,0.570347,4.37315,0.621858,0.321462,0.698003,2.69149,0.119207,0.21154,0,0.484063,0,0,-0.000520749,0.259564,0.966282,0.205146,0.0501827,0.0532381,0.00356333,0.00263946,0.455933,0.0489156,4.37392,-0.859653,9.11854,0.687439,0.58356,-5.3198,-0.333333,-0.0556077,0.575371,3.29167,16.1667,0,0,3.45833,6.04167,0,-9.08674,0.0001,-0.00209555,0.0624189,1.82248,0.128489,50387,0.149953,185.45,0.947619
4065,0.117429,0.431139,0.00540812,0.00540812,0.178611,0.111237,0.837378,0.450282,0.052546,0.016109,0.0504347,0.215699,0.0510748,0,0.800014,0.0361771,1.97346,0.186408,0,0.0739196,0.57401,4.38494,0.62348,0.323342,0.697727,2.69039,0.122732,0.214012,0,0.50231,0,0,-0.000573058,0.25903,0.967021,0.206967,0.0500274,0.0531228,0.00406792,0.0031343,0.458634,0.0487926,4.39783,-0.663254,9.21509,0.682433,0.583922,-5.46906,-0.333333,-0.0570545,0.590614,2.95833,14.25,0,0,4.33333,5.04167,0,-9.08703,0.0001,0.00140693,0.0678868,1.75712,0.127997,52147,0.149959,189.39,1.39174
4066,0.119917,0.439891,0.00532682,0.00532682,0.181878,0.113107,0.834423,0.464968,0.0517277,0.0172172,0.0496954,0.213164,0.0529029,0,0.800251,0.0372915,1.98071,0.187786,0,0.0732182,0.579936,4.42203,0.62774,0.332761,0.691405,2.66035,0.127052,0.211501,0,0.48273,0,0,-0.000676617,0.256615,0.966561,0.215456,0.0492745,0.0523212,0.00434821,0.00343546,0.456238,0.0480374,4.10454,-1.00131,9.2418,0.680712,0.583956,-5.46353,-0.333333,-0.0584632,0.599367,3.45833,16.125,0,0,3.95833,5.70833,0,-9.08577,0.0001,-0.00121857,0.0601414,1.77755,0.130002,51533,0.149958,188.79,1.13634
4067,0.11403,0.419197,0.00535487,0.00535487,0.174467,0.108138,0.835603,0.440849,0.0522974,0.0166213,0.0501803,0.212031,0.0549217,0,0.791262,0.0348561,1.96634,0.19032,0,0.0750618,0.571876,4.39216,0.624415,0.329078,0.696012,2.67899,0.120313,0.21023,0,0.474703,0,0,-0.00063028,0.264212,0.966364,0.208454,0.0497271,0.0528921,0.00469428,0.00380285,0.456389,0.0485182,4.27187,-0.790637,9.36428,0.678024,0.592605,-5.48858,-0.333333,-0.0557986,0.57436,4.16667,17.875,0,0,4.83333,5.95833,0,-9.08593,0.0001,-0.00144904,0.062272,1.75238,0.133722,52120,0.14995,188.23,1.27717
4068,0.115536,0.42188,0.00538396,0.00538396,0.175804,0.10907,0.835801,0.441259,0.0528009,0.0163158,0.0506566,0.213097,0.0530118,0,0.791331,0.0344795,1.96564,0.187613,0,0.0742882,0.572818,4.36935,0.62066,0.325753,0.701927,2.70802,0.120896,0.211177,0,0.446239,0,0,-0.000495408,0.260729,0.966651,0.20278,0.0502518,0.0534727,0.00409559,0.00322864,0.451003,0.0490393,4.18087,-0.568288,9.42067,0.676609,0.591866,-5.57117,-0.333333,-0.0561206,0.575539,3.41667,14.8333,0,0,4.04167,5.16667,0,-9.08556,0.0001,-0.00262453,0.0608401,1.7055,0.131287,53519,0.149909,188.59,1.071
4069,0.112792,0.415895,0.00540338,0.00540338,0.173765,0.107319,0.836154,0.43885,0.0527689,0.0158743,0.0506563,0.213277,0.053385,0,0.790008,0.0350024,1.96635,0.190985,0,0.0747709,0.566321,4.36624,0.620517,0.323426,0.699555,2.69622,0.119066,0.211402,0,0.483737,0,0,-0.000507622,0.260935,0.967013,0.204427,0.0502525,0.0533537,0.00428859,0.00336321,0.453869,0.0490632,4.4221,-0.497091,9.27007,0.68082,0.589444,-5.57968,-0.333333,-0.0555463,0.569544,3.875,15.0417,0,0,4.08333,6.25,0,-9.08802,0.0001,-0.0023132,0.0591244,1.74773,0.130531,52337,0.149869,189.53,1.2163
4070,0.116751,0.429107,0.00540979,0.00540979,0.176547,0.11079,0.8377,0.449169,0.052592,0.0164663,0.0504833,0.213771,0.0532253,0,0.791988,0.0358942,1.96249,0.187359,0,0.0743136,0.574778,4.3909,0.624246,0.322961,0.698428,2.68506,0.122477,0.211969,0,0.506555,0,0,-0.000493099,0.261842,0.966657,0.20652,0.0501279,0.053306,0.00418635,0.00331818,0.453502,0.0489159,4.35839,-0.796976,9.18299,0.684602,0.586125,-5.41129,-0.333333,-0.0563705,0.586808,3.29167,15.125,0,0,3.70833,5.08333,0,-9.08722,0.0001,-0.000808076,0.0590449,1.74704,0.130159,52367,0.149886,185.92,1.26074
4071,0.117821,0.432013,0.00535,0.00535,0.177244,0.11144,0.835691,0.458968,0.0522814,0.0166827,0.05017,0.213754,0.0514735,0,0.798867,0.0360722,1.98045,0.18592,0,0.0742824,0.571192,4.38802,0.623774,0.329544,0.695913,2.68246,0.124865,0.211982,0,0.484188,0,0,-0.000566937,0.260623,0.966652,0.209834,0.0497712,0.0529616,0.00425873,0.00343749,0.450642,0.0485706,4.05852,-0.788498,9.33062,0.678906,0.588245,-5.50606,-0.333333,-0.0567567,0.590795,2.625,14.875,0,0,3.45833,6.33333,0,-9.08277,0.0001,-0.00082622,0.0652684,1.74376,0.131276,52427,0.149942,187.7,1.24583
4072,0.115214,0.424334,0.00536949,0.00536949,0.176937,0.109451,0.835866,0.446007,0.0524931,0.0164391,0.0503561,0.212461,0.0532368,0,0.791208,0.0351506,1.96238,0.186115,0,0.0742784,0.575184,4.3835,0.62246,0.327575,0.699234,2.68842,0.121256,0.210533,0,0.499519,0,0,-0.000599774,0.26073,0.966385,0.207409,0.0498856,0.0530752,0.00457616,0.00369182,0.451954,0.0486923,4.20314,-0.726352,9.33993,0.679468,0.590219,-5.52501,-0.333333,-0.0565996,0.580644,4.08333,15.8333,0,0,4.41667,5.45833,0,-9.07747,0.0001,0.0012134,0.0605655,1.75409,0.131519,52133,0.149943,189.88,1.10841
4073,0.116686,0.435482,0.00536431,0.00536431,0.178531,0.111728,0.836289,0.461343,0.0524852,0.0159389,0.0503091,0.212415,0.0551729,0,0.792783,0.0373821,1.98586,0.191968,0,0.0757767,0.572693,4.38544,0.622947,0.328374,0.695776,2.69259,0.124058,0.210536,0,0.515863,0,0,-0.000608734,0.260885,0.967248,0.208874,0.0498328,0.0530141,0.00458592,0.00372815,0.451564,0.0486563,4.25907,-0.469226,9.36545,0.676649,0.589568,-5.6888,-0.333333,-0.0573061,0.595486,3.45833,13.9167,0,0,4.20833,5.625,0,-9.07644,0.0001,-0.00170713,0.0630113,1.77987,0.130944,51446,0.149953,188.6,1.29453
4074,0.115898,0.426832,0.00533574,0.00533574,0.176758,0.109572,0.835319,0.454335,0.0525224,0.0159467,0.0503455,0.212592,0.0496559,0,0.796314,0.0363739,1.98447,0.182195,0,0.0734869,0.57465,4.39279,0.624295,0.331385,0.69596,2.67188,0.123558,0.210758,0,0.487394,0,0,-0.000653365,0.259357,0.967095,0.210389,0.0497632,0.0529793,0.00446293,0.0036411,0.454317,0.0486112,4.11608,-0.425209,9.44243,0.673379,0.58398,-5.7773,-0.333333,-0.0567515,0.585424,4.70833,15.2083,0,0,4.83333,7.20833,0,-9.07274,0.0001,-0.000685587,0.0593645,1.75586,0.135627,51971,0.149976,188.26,1.20597
4075,0.118886,0.436894,0.00534309,0.00534309,0.179908,0.112581,0.835159,0.464392,0.0520854,0.0168683,0.0500247,0.211856,0.0501619,0,0.793483,0.0371321,1.98938,0.184234,0,0.0731317,0.576853,4.40866,0.626516,0.330968,0.69335,2.6708,0.126602,0.210232,0,0.517379,0,0,-0.000593186,0.255984,0.966826,0.212178,0.0496382,0.0527182,0.00365683,0.00279312,0.452412,0.0483758,4.09956,-0.850564,9.2724,0.680674,0.588682,-5.50373,-0.333333,-0.0577285,0.597658,3.375,16.5,0,0,3.58333,6.20833,0,-9.07086,0.0001,-0.000440882,0.0571172,1.74523,0.126271,52526,0.149999,189.77,1.20405
4076,0.126305,0.470282,0.00529533,0.00529533,0.183122,0.120474,0.833965,0.496545,0.0518546,0.0169185,0.04979,0.215116,0.0512657,0,0.810841,0.040584,1.98785,0.179709,0,0.0726974,0.578834,4.42288,0.627858,0.336579,0.692243,2.656,0.133448,0.213293,0,0.551232,0,0,-0.000697721,0.253131,0.967364,0.216378,0.0492697,0.0523668,0.00458732,0.00361738,0.45908,0.0480589,4.16503,-0.66091,9.41457,0.673532,0.582549,-5.72299,-0.333333,-0.0590821,0.643991,3.125,14.625,0,0,3.95833,5.95833,0,-9.06795,0.0001,-0.00259326,0.0596081,1.74531,0.126215,52526,0.150056,189.37,1.1593
4077,0.118836,0.43865,0.00538123,0.00538123,0.181157,0.113255,0.836176,0.456377,0.0527248,0.0168963,0.0505683,0.215156,0.0526387,0,0.798559,0.035809,1.95813,0.181039,0,0.0738765,0.574619,4.3804,0.622476,0.326253,0.699145,2.68604,0.123897,0.212947,0,0.504022,0,0,-0.000576263,0.255633,0.966532,0.205215,0.0501963,0.053378,0.00449842,0.00360823,0.449729,0.0489617,4.13998,-0.796633,9.33985,0.680531,0.591093,-5.41607,-0.333333,-0.0579163,0.598731,3.33333,16,0,0,3.125,5.45833,0,-9.06405,0.0001,-0.00251841,0.0582513,1.75326,0.131004,52170,0.150071,186.05,1.24516
4078,0.118674,0.435938,0.00535639,0.00535639,0.178799,0.112269,0.835484,0.45544,0.0524865,0.0164921,0.0503535,0.213982,0.0529451,0,0.798135,0.0361921,1.96412,0.186993,0,0.0743999,0.569712,4.37347,0.622675,0.328868,0.694797,2.68762,0.124113,0.211936,0,0.502436,0,0,-0.000622137,0.257854,0.966146,0.208332,0.0498629,0.0530396,0.00438644,0.00349064,0.45522,0.048619,4.40504,-0.660741,9.38483,0.677314,0.588412,-5.55833,-0.333333,-0.0572906,0.595672,4.45833,15.25,0,0,3.83333,5.25,0,-9.0638,0.0001,-0.0023094,0.0587882,1.77176,0.129118,51715,0.150077,189.6,1.30399
4079,0.114753,0.419934,0.00538826,0.00538826,0.17574,0.108315,0.836636,0.439012,0.0526952,0.0167955,0.0505569,0.212874,0.0523059,0,0.79085,0.034813,1.96334,0.186992,0,0.0750017,0.569643,4.37562,0.621432,0.325511,0.70068,2.70482,0.11989,0.210864,0,0.480431,0,0,-0.000537249,0.260206,0.966434,0.204554,0.0501506,0.0533442,0.0037933,0.00296147,0.451811,0.0489051,4.19575,-0.684814,9.32102,0.680641,0.591373,-5.48619,-0.333333,-0.0561844,0.573805,3.33333,15.4583,0,0,3.79167,4.66667,0,-9.06049,0.0001,-0.000947565,0.0614365,1.77277,0.13267,51591,0.150101,187.17,0.980306
4080,0.122041,0.448216,0.00535187,0.00535187,0.180602,0.115522,0.836194,0.46617,0.0519902,0.0175393,0.0499406,0.21479,0.05404,0,0.803329,0.0373523,1.94194,0.189266,0,0.0751565,0.576176,4.3917,0.623882,0.329731,0.698161,2.6819,0.127033,0.213158,0,0.522592,0,0,-0.000629644,0.259597,0.96579,0.211406,0.0495951,0.0527134,0.00445066,0.00362146,0.455418,0.0483239,4.22385,-1.15756,9.26676,0.682182,0.591274,-5.26262,-0.333333,-0.0578943,0.614681,3.54167,15.625,0,0,3.75,4.41667,0,-9.05958,0.0001,-0.00123788,0.0633316,1.73375,0.125283,52879,0.15011,186.94,1.28211
4081,0.117607,0.434593,0.00536969,0.00536969,0.178312,0.11152,0.835621,0.463288,0.0520431,0.0170403,0.0500349,0.214064,0.0532959,0,0.797614,0.0381269,1.96669,0.186614,0,0.0735708,0.573511,4.4006,0.625205,0.327914,0.694139,2.6715,0.125227,0.212112,0,0.517418,0,0,-0.000639255,0.259459,0.966582,0.211239,0.0496327,0.0526842,0.00415888,0.00324075,0.452545,0.0483598,4.33892,-1.03636,9.10722,0.68589,0.580893,-5.37266,-0.333333,-0.0573512,0.59452,3,15.0833,0,0,3.04167,5.5,0,-9.05839,0.0001,-0.00101605,0.0622739,1.77689,0.132852,51475,0.150139,188.59,1.11625
4082,0.123546,0.456119,0.00534213,0.00534213,0.184011,0.117328,0.836695,0.478311,0.0518287,0.0175519,0.0498648,0.214197,0.0496533,0,0.801093,0.038571,1.95701,0.179968,0,0.0714385,0.578673,4.40391,0.625337,0.330863,0.696873,2.67163,0.12948,0.212336,0,0.528987,0.00189394,0,-0.00067056,0.251897,0.966711,0.212464,0.0494904,0.0525141,0.00448592,0.00359442,0.45253,0.048242,4.13186,-1.20609,9.14037,0.683481,0.579496,-5.30073,-0.333333,-0.0590579,0.624833,3.58333,16.7083,0,0,3.33333,5.83333,0,-9.0533,0.0001,-0.00207088,0.0651718,1.74518,0.134054,52310,0.150191,188.25,1.2055
4083,0.117763,0.437854,0.00533685,0.00533685,0.17607,0.112349,0.834287,0.466558,0.0523674,0.0168777,0.0502133,0.212053,0.0515545,0,0.794639,0.0374779,1.96926,0.187948,0,0.0741877,0.576413,4.38653,0.623287,0.331557,0.696049,2.67905,0.125716,0.21033,0,0.513825,0,0,-0.00064579,0.256888,0.966502,0.210266,0.0496889,0.0529331,0.00414158,0.00328918,0.450769,0.0484226,4.14172,-0.674069,9.43837,0.675406,0.585734,-5.57217,-0.333333,-0.0565709,0.597476,3.25,15.2083,0,0,4.16667,5.41667,0,-9.04503,0.0001,-0.00251465,0.0571327,1.76446,0.134651,51763,0.150239,189.83,1.09222
4084,0.117581,0.43902,0.00532064,0.00532064,0.177195,0.112405,0.834802,0.464229,0.052595,0.0161979,0.0503777,0.213335,0.0539714,0,0.799842,0.0374041,1.97568,0.187957,0,0.0746895,0.575018,4.39686,0.624484,0.33333,0.695364,2.67014,0.124359,0.211209,0,0.507141,0.00231481,0,-0.000550612,0.262804,0.967283,0.210204,0.0498769,0.0531566,0.00500266,0.00408674,0.451988,0.0486984,4.26887,-0.230414,9.60479,0.669599,0.584097,-5.85784,-0.333333,-0.0570843,0.600481,3.54167,15.2917,0,0,4.54167,5.95833,0,-9.0383,0.0001,-0.00143878,0.0588957,1.7772,0.134219,51429,0.150286,188.52,1.08863
4085,0.119148,0.43782,0.00533942,0.00533942,0.178151,0.112707,0.834729,0.45797,0.0523473,0.0171022,0.0502158,0.213991,0.0534751,0,0.799837,0.0363804,1.9725,0.186773,0,0.0747192,0.572265,4.39416,0.624357,0.33123,0.694902,2.66937,0.124677,0.211835,0,0.501053,0,0,-0.000606441,0.260857,0.966682,0.209879,0.0497698,0.0529656,0.00448584,0.00360627,0.452132,0.0485057,4.17072,-0.746747,9.41908,0.676291,0.589378,-5.52222,-0.333333,-0.057152,0.597618,3.58333,16.4583,0,0,3.91667,6.33333,0,-9.03451,0.0001,-0.00162167,0.0566293,1.78309,0.132339,51322,0.150308,187.06,0.750726
4086,0.118092,0.4373,0.00535554,0.00535554,0.176449,0.112798,0.835944,0.464668,0.0524982,0.0168658,0.0503514,0.21368,0.0507898,0,0.795769,0.0368598,1.96058,0.186836,0,0.0743063,0.574071,4.37815,0.622249,0.328983,0.699038,2.69532,0.125438,0.211574,0,0.52285,0,0,-0.000573948,0.259492,0.966373,0.207678,0.0499291,0.0531237,0.00432001,0.00344476,0.456347,0.0486385,4.37641,-0.633207,9.46184,0.675906,0.590218,-5.51071,-0.333333,-0.0564728,0.59653,3.58333,14.8333,0,0,3.625,5.625,0,-9.03438,0.0001,-0.00230973,0.0550651,1.77977,0.129154,51497,0.150298,190.66,1.2479
4087,0.123517,0.456166,0.00529352,0.00529352,0.182914,0.117068,0.832955,0.480885,0.0525058,0.0167008,0.0502803,0.213549,0.0500782,0,0.803338,0.038939,1.96616,0.181808,0,0.0734648,0.57581,4.40372,0.626139,0.336324,0.693365,2.67054,0.130341,0.211333,0,0.539314,0,0,-0.000602455,0.25403,0.967095,0.213453,0.0497198,0.0530449,0.0041722,0.00332334,0.454947,0.0484715,4.17716,-0.486059,9.61664,0.668383,0.587762,-5.77904,-0.333333,-0.0589221,0.621701,4,13.5833,0,0,3.75,5.375,0,-9.03606,0.0001,-0.00247916,0.0583111,1.73255,0.127156,52859,0.150293,189.12,1.39252
4088,0.122652,0.461206,0.00530402,0.00530402,0.181508,0.117761,0.83392,0.48933,0.0522103,0.0168337,0.0500438,0.214309,0.0526947,0,0.805252,0.0403771,1.96179,0.186071,0,0.0739789,0.580343,4.4089,0.626371,0.335428,0.692315,2.66064,0.130299,0.211958,0,0.542444,0,0,-0.000637942,0.257733,0.967208,0.215214,0.0495313,0.0527348,0.00495577,0.00401074,0.455918,0.0483326,4.4259,-0.462253,9.51126,0.671966,0.584723,-5.76925,-0.333333,-0.0586546,0.630935,3.91667,14.9583,0,0,4.20833,6,0,-9.03867,0.0001,-0.000359168,0.0680203,1.75782,0.129189,52095,0.15027,190.37,1.41628
4089,0.118608,0.443926,0.00532907,0.00532907,0.17923,0.113726,0.834135,0.470322,0.0523484,0.0168871,0.0501939,0.214078,0.0516278,0,0.801003,0.0381082,1.96202,0.184759,0,0.0733762,0.575258,4.39375,0.624307,0.332492,0.693928,2.67365,0.125696,0.211752,0,0.536578,0,0,-0.000622002,0.256949,0.967014,0.211637,0.0496756,0.0529053,0.00450285,0.00358838,0.451322,0.0484622,4.31771,-0.609773,9.42174,0.674895,0.586878,-5.65911,-0.333333,-0.057681,0.605693,3.79167,15.875,0,0,4.20833,6.41667,0,-9.03809,0.0001,0.00235405,0.0631448,1.76994,0.133274,51651,0.150289,189.69,1.37563
4090,0.119055,0.442037,0.00538624,0.00538624,0.180496,0.113716,0.83706,0.465163,0.0521593,0.0171551,0.0500796,0.214832,0.0532628,0,0.798487,0.0377255,1.95315,0.186486,0,0.0743309,0.576085,4.39224,0.623884,0.325915,0.696379,2.68511,0.125385,0.21279,0,0.509249,0.00166667,0,-0.000654775,0.260303,0.966742,0.210594,0.0496736,0.0527858,0.00483255,0.00394831,0.453603,0.0484548,4.39666,-0.968528,9.18925,0.684734,0.588617,-5.29375,-0.333333,-0.0578677,0.605189,3.66667,17.25,0,0,3.375,5.66667,0,-9.03379,0.0001,-0.00276299,0.0621153,1.77813,0.127674,51581,0.15037,188.12,1.47851
4091,0.119931,0.448431,0.00532907,0.00532907,0.182705,0.115735,0.835408,0.473705,0.0519047,0.0179496,0.0498394,0.214491,0.053543,0,0.802099,0.0378047,1.93744,0.184492,0,0.0735078,0.578059,4.40144,0.625811,0.332205,0.696261,2.67201,0.126521,0.212429,0,0.538074,0.00198413,0,-0.000648755,0.254602,0.966784,0.212065,0.049486,0.0526292,0.00480351,0.00392889,0.454201,0.0482172,4.2698,-1.15161,9.27937,0.680125,0.586275,-5.30918,-0.333333,-0.058499,0.61279,3.58333,17.4583,0,0,2.75,5.66667,0,-9.02855,0.0001,-0.00161834,0.059994,1.76097,0.133244,51897,0.150418,186.51,1.08022
4092,0.121132,0.441431,0.00532324,0.00532324,0.180622,0.113442,0.834228,0.468292,0.0518804,0.0178469,0.0498502,0.213172,0.0511491,0,0.799273,0.0378594,1.94944,0.184792,0,0.0729621,0.579026,4.40965,0.626049,0.33281,0.693821,2.6759,0.12838,0.211183,0,0.508783,0.00378788,0,-0.000661563,0.256542,0.966472,0.213398,0.0494296,0.0525292,0.00425167,0.00341093,0.452237,0.0481637,4.12497,-1.06781,9.26296,0.68069,0.586313,-5.39648,-0.333333,-0.0580068,0.60143,3.875,15.625,0,0,3.58333,5.16667,0,-9.02576,0.0001,-0.00202147,0.0572273,1.74772,0.132129,52293,0.150472,191.91,1.38595
4093,0.121999,0.45277,0.00532228,0.00532228,0.178403,0.116485,0.833608,0.477887,0.0519779,0.0177008,0.0498852,0.212703,0.0530548,0,0.797245,0.038645,1.96372,0.184206,0,0.0742247,0.57732,4.4184,0.627379,0.333443,0.691955,2.66128,0.128768,0.210566,0,0.528484,0.00160256,0,-0.000621503,0.261171,0.966826,0.214924,0.0494515,0.0526518,0.00432411,0.00346493,0.454946,0.0481876,4.08667,-0.931436,9.3448,0.677921,0.590929,-5.45042,-0.333333,-0.0572705,0.616944,3.33333,14.875,0,0,3.25,5.54167,0,-9.02363,0.0001,-0.00152151,0.0574443,1.73245,0.13536,52630,0.150495,187.67,1.19216
4094,0.120427,0.448487,0.0053148,0.0053148,0.180771,0.115236,0.834732,0.481437,0.0518332,0.0177536,0.0497653,0.212298,0.0514658,0,0.796957,0.0392906,1.96247,0.187206,0,0.0735182,0.576334,4.40662,0.626408,0.333989,0.691194,2.66692,0.129147,0.210256,0,0.533497,0.00347222,0,-0.000637416,0.254311,0.967,0.216195,0.0493665,0.052508,0.00429527,0.00341803,0.455657,0.0480946,4.30724,-0.984917,9.28117,0.680022,0.586916,-5.43875,-0.333333,-0.0581264,0.614556,2.95833,15.25,0,0,3.20833,5.91667,0,-9.02165,0.0001,-0.00145686,0.0649686,1.74239,0.138548,52263,0.150553,188.82,1.22791
4095,0.118002,0.434021,0.00536596,0.00536596,0.180212,0.112105,0.836995,0.456838,0.0520307,0.0169601,0.0499928,0.213363,0.0526832,0,0.795997,0.036499,1.94808,0.189601,0,0.0738308,0.573388,4.39072,0.622884,0.327474,0.700028,2.69073,0.124299,0.211757,0,0.489699,0,0,-0.00057251,0.259815,0.966641,0.211454,0.0496965,0.0527842,0.00465502,0.00385756,0.453338,0.0484611,4.13541,-0.986313,9.15707,0.684438,0.58801,-5.29902,-0.333333,-0.0575633,0.594528,3.16667,14.75,0,0,3.45833,4.70833,0,-9.01805,0.0001,-0.00205563,0.0591689,1.79613,0.123724,51203,0.15058,186,1.04895
4096,0.121868,0.454865,0.0053171,0.0053171,0.18256,0.116889,0.833965,0.475996,0.0516654,0.0179266,0.0496454,0.21406,0.0521827,0,0.802868,0.0390318,1.94406,0.184006,0,0.0730732,0.583788,4.41645,0.62736,0.33336,0.694951,2.65248,0.127624,0.212123,0,0.546671,0,0,-0.000688674,0.259442,0.966504,0.215368,0.0492753,0.0523297,0.00483363,0.0039593,0.457822,0.0480183,4.32083,-1.21799,9.25047,0.681364,0.587162,-5.29253,-0.333333,-0.0586062,0.619386,3.91667,16.0833,0,0,3.08333,4.95833,0,-9.01707,0.0001,-0.0021435,0.0627233,1.73356,0.12522,52886,0.150603,187.9,1.35599
4097,0.121634,0.44907,0.00531924,0.00531924,0.183354,0.115992,0.834967,0.467353,0.052012,0.0177394,0.0498847,0.214091,0.050867,0,0.801764,0.0370848,1.93825,0.184653,0,0.0737853,0.579795,4.40479,0.625861,0.333187,0.694814,2.66332,0.126696,0.211967,0,0.51496,0,0,-0.000670412,0.255448,0.966453,0.212581,0.0494813,0.0526787,0.00471582,0.00383056,0.452458,0.0481925,4.24082,-1.02238,9.40527,0.677496,0.591824,-5.38633,-0.333333,-0.0586884,0.612401,3.45833,16.7083,0,0,3.29167,5.375,0,-9.01259,0.0001,-0.00213206,0.0610882,1.79045,0.124692,51329,0.150657,191.57,1.43884
4098,0.118418,0.433153,0.00534989,0.00534989,0.179695,0.111584,0.835931,0.456494,0.0518763,0.01717,0.049855,0.213043,0.053521,0,0.797088,0.0366189,1.95239,0.190122,0,0.0742758,0.572461,4.39026,0.623957,0.329636,0.696108,2.67991,0.125029,0.21145,0,0.510308,0,0,-0.000662402,0.260717,0.96672,0.211379,0.0494769,0.0525444,0.00438987,0.00355532,0.450956,0.0482304,4.20716,-0.977037,9.24867,0.682361,0.588228,-5.36643,-0.333333,-0.0575545,0.592353,3.79167,16.4583,0,0,4.125,5.58333,0,-9.00716,0.0001,-0.00203975,0.0618837,1.69511,0.132125,53799,0.150706,189.29,1.23355
4099,0.122551,0.454146,0.00528612,0.00528612,0.183862,0.116294,0.833842,0.479791,0.0518606,0.0174638,0.0497722,0.214424,0.0525928,0,0.809983,0.0395031,1.95543,0.18437,0,0.073286,0.579322,4.41744,0.627067,0.337193,0.691713,2.66296,0.129578,0.212772,0,0.562237,0,0,-0.000605357,0.255194,0.967212,0.215876,0.0493925,0.0525161,0.00441969,0.00357484,0.451925,0.0481299,4.10222,-0.820198,9.41395,0.675225,0.589211,-5.59878,-0.333333,-0.0592479,0.620486,3.25,16.1667,0,0,4.25,5.875,0,-9.00407,0.0001,-0.00158784,0.061996,1.75556,0.127376,52207,0.150706,188.89,1.39121
4100,0.117997,0.440435,0.0053534,0.0053534,0.179123,0.113245,0.83462,0.464711,0.0523591,0.0172331,0.0502212,0.212968,0.053527,0,0.794313,0.0372334,1.94547,0.190791,0,0.0747233,0.572698,4.38254,0.623268,0.329463,0.696786,2.68797,0.124467,0.210954,0,0.524479,0.00219298,0,-0.000561288,0.258065,0.96678,0.209176,0.0498186,0.0530355,0.00417574,0.00330889,0.448023,0.0485449,4.22734,-0.767604,9.36479,0.679011,0.592122,-5.47923,-0.333333,-0.0574036,0.60021,3.91667,14.7083,0,0,4.29167,5.20833,0,-9.0018,0.0001,-0.00260248,0.0613631,1.76066,0.130371,51984,0.150762,187.04,1.064
4101,0.122929,0.454865,0.00531439,0.00531439,0.178688,0.116862,0.833911,0.481426,0.051866,0.0176791,0.0498099,0.211206,0.0523302,0,0.793636,0.0392488,1.94667,0.185969,0,0.0738167,0.57443,4.39684,0.625746,0.334007,0.692356,2.66493,0.129891,0.209315,0,0.531492,0.00154321,0,-0.000627018,0.260516,0.966711,0.213801,0.0494573,0.0525575,0.0045991,0.00373826,0.449499,0.0482161,4.04575,-0.959134,9.33629,0.679535,0.59033,-5.45498,-0.333333,-0.0574759,0.618804,3.66667,16.1667,0,0,3.25,6.08333,0,-8.99686,0.0001,-0.00126072,0.055993,1.71228,0.130242,53353,0.15081,190.23,1.54322
4102,0.119033,0.440811,0.00537436,0.00537436,0.176687,0.113,0.834972,0.465316,0.0522576,0.0167807,0.0501445,0.213595,0.0530833,0,0.795552,0.0378433,1.94069,0.192885,0,0.0751969,0.56956,4.36774,0.621528,0.32703,0.696196,2.69264,0.126097,0.211595,0,0.537538,0,0,-0.000500241,0.262183,0.966432,0.209834,0.0498017,0.0529627,0.00437889,0.00347224,0.450617,0.0485433,4.56263,-0.654628,9.30902,0.680664,0.587061,-5.46951,-0.333333,-0.0568178,0.601387,3.75,15.5417,0,0,3.70833,5.33333,0,-8.99567,0.0001,-0.00226794,0.0587729,1.66689,0.128651,54748,0.150809,189.73,1.5572
4103,0.116643,0.431572,0.00530756,0.00530756,0.178819,0.110893,0.833101,0.465331,0.0521368,0.0171675,0.0500132,0.213169,0.0516418,0,0.801335,0.0376793,1.95522,0.186103,0,0.0735013,0.576109,4.39639,0.625567,0.334357,0.692989,2.66923,0.125824,0.211502,0,0.513083,0,0,-0.000578615,0.254553,0.966813,0.211923,0.0496207,0.052783,0.00412183,0.00325922,0.452162,0.0483463,4.14137,-0.664149,9.49841,0.673963,0.591642,-5.61768,-0.333333,-0.0574247,0.588941,2.95833,14.5417,0,0,3.95833,4.79167,0,-8.99411,0.0001,-0.00116868,0.0569038,1.66062,0.126088,55019,0.15083,189.54,1.26563
4104,0.120986,0.449954,0.00533388,0.00533388,0.181139,0.115479,0.834537,0.473851,0.0521347,0.0172634,0.050072,0.212902,0.0521109,0,0.798293,0.0388713,1.93775,0.186651,0,0.072974,0.573124,4.38669,0.62352,0.331285,0.696712,2.68641,0.127357,0.211165,0,0.546746,0.00231481,0,-0.000561371,0.257229,0.966284,0.210165,0.049768,0.052876,0.00425708,0.00340207,0.450673,0.0484457,4.13541,-0.88191,9.34775,0.679672,0.590682,-5.43566,-0.333333,-0.0582011,0.613879,3.375,14.9583,0,0,3.58333,4.75,0,-8.99026,0.0001,0.00251523,0.0593319,1.73264,0.124418,52935,0.150874,188.51,1.5638
4105,0.119453,0.44506,0.00533333,0.00533333,0.178392,0.114286,0.833199,0.475685,0.0523161,0.016996,0.0501582,0.211501,0.0532673,0,0.792093,0.038697,1.95436,0.188179,0,0.0748556,0.572234,4.39948,0.625215,0.331651,0.691987,2.6739,0.127813,0.209593,0,0.537823,0.00260417,0,-0.000517152,0.259766,0.967165,0.212338,0.0497729,0.0529776,0.00429612,0.00346683,0.450901,0.0485555,4.22641,-0.58278,9.41253,0.677082,0.589998,-5.62409,-0.333333,-0.0573836,0.606038,3.58333,15.7917,0,0,4.79167,5.33333,0,-8.98516,0.0001,-0.00190987,0.0618756,1.69841,0.125264,53904,0.150948,189.73,1.29581
4106,0.119831,0.448627,0.00532943,0.00532943,0.182449,0.115208,0.8336,0.477091,0.0524256,0.0163505,0.0502453,0.212188,0.0513863,0,0.796814,0.0390027,1.95825,0.185436,0,0.0743574,0.573101,4.38947,0.624106,0.332323,0.692051,2.68086,0.127582,0.210589,0,0.558712,0,0,-0.000476595,0.255702,0.967223,0.212872,0.0498383,0.0530975,0.0042247,0.00337246,0.450025,0.0486106,4.23892,-0.350986,9.50894,0.674086,0.592063,-5.76849,-0.333333,-0.0587122,0.611631,3.41667,15.8333,0,0,5.625,5.625,0,-8.98237,0.0001,-0.00142091,0.0586862,1.67872,0.127388,54428,0.150935,189.86,1.40067
4107,0.121599,0.449811,0.00530061,0.00530061,0.179946,0.115255,0.832739,0.478741,0.0526357,0.0161454,0.0503271,0.212386,0.0511654,0,0.800559,0.0388634,1.97084,0.186028,0,0.0746764,0.571396,4.39342,0.625156,0.33579,0.69018,2.67034,0.129353,0.210602,0,0.532342,0.00297999,0,-0.000498695,0.258285,0.967199,0.212511,0.0498475,0.0532497,0.00398152,0.00317614,0.445881,0.0486046,3.94998,-0.153883,9.72974,0.667693,0.597433,-5.919,-0.333333,-0.0579856,0.611567,4.16667,15.6667,0,0,6.45833,7.125,0,-8.98344,0.0001,-0.00223497,0.0556899,1.69283,0.123692,54116,0.150932,190.84,1.45734
4108,0.120604,0.451838,0.00532351,0.00532351,0.179668,0.115709,0.833324,0.479443,0.0526531,0.0162569,0.0504311,0.211949,0.0505664,0,0.795501,0.0391016,1.94212,0.186015,0,0.0742567,0.574676,4.39426,0.623815,0.333013,0.694047,2.67509,0.128168,0.209948,0,0.54475,0.00198413,0,-0.00047769,0.258573,0.967217,0.211873,0.0499853,0.0532521,0.00441588,0.00350133,0.450235,0.0487831,4.21365,-0.165536,9.6106,0.671119,0.590001,-5.88765,-0.333333,-0.0578995,0.614783,3.66667,14.5417,0,0,5.875,5.45833,0,-8.98304,0.0001,-0.00321986,0.0561165,1.66307,0.122808,55045,0.150966,189.52,1.43608
4109,0.119739,0.44933,0.00535513,0.00535513,0.177529,0.115365,0.833616,0.474544,0.0529484,0.0159261,0.0507043,0.212862,0.0525537,0,0.79517,0.0386182,1.94764,0.188562,0,0.0756621,0.567428,4.36426,0.620991,0.329434,0.697456,2.70504,0.126832,0.210807,0,0.526052,0,0,-0.000470191,0.262383,0.966951,0.207079,0.0502469,0.0535811,0.00405746,0.00319582,0.447925,0.0489719,4.18915,-0.143104,9.58887,0.672557,0.593312,-5.78389,-0.333333,-0.0570686,0.611531,2.79167,14.4167,0,0,5.66667,5.25,0,-8.98005,0.0001,-0.00255917,0.0569363,1.69128,0.128358,54024,0.151054,190.42,1.36694
4110,0.122619,0.459674,0.00529339,0.00529339,0.184384,0.117988,0.83402,0.484467,0.0522851,0.0167737,0.0500727,0.213638,0.0522432,0,0.804944,0.0394457,1.94911,0.182585,0,0.0743103,0.57423,4.39391,0.6255,0.336308,0.690804,2.66245,0.129401,0.211759,0,0.563674,0.00245098,0,-0.000515595,0.256994,0.967009,0.213593,0.0496962,0.0529368,0.00492344,0.00409854,0.452347,0.0485002,4.18599,-0.46361,9.59416,0.67057,0.596439,-5.78906,-0.333333,-0.0592901,0.627693,3.66667,14.9167,0,0,4.95833,6.04167,0,-8.97375,0.0001,-0.00183112,0.0615792,1.75305,0.137501,51997,0.151077,190.1,1.55352
4111,0.122754,0.455887,0.00532389,0.00532389,0.179844,0.116709,0.832928,0.480728,0.0521409,0.0167957,0.0500226,0.213471,0.0522596,0,0.801416,0.039703,1.94701,0.188134,0,0.0746486,0.572543,4.39793,0.624714,0.332873,0.691122,2.67617,0.129213,0.211516,0,0.540544,0,0,-0.000563444,0.263082,0.967203,0.214431,0.0495551,0.0527635,0.00432669,0.00345135,0.45403,0.0483527,4.20551,-0.505412,9.40058,0.675835,0.585251,-5.70067,-0.333333,-0.057925,0.618383,3.16667,13.6667,0,0,4.66667,5.125,0,-8.97079,0.0001,-0.00184909,0.0608631,1.76197,0.136567,51778,0.151112,189.4,1.28844
4112,0.121686,0.457115,0.00532656,0.00532656,0.181745,0.116921,0.833107,0.481706,0.0520627,0.0167095,0.0499779,0.213858,0.0526371,0,0.802883,0.0405084,1.94542,0.188978,0,0.074242,0.577015,4.39965,0.624772,0.332515,0.692185,2.67747,0.128423,0.212127,0,0.558505,0,0,-0.000577396,0.25814,0.966887,0.212944,0.0496222,0.0527215,0.00431259,0.00343291,0.454285,0.0483479,4.25783,-0.665298,9.39879,0.67698,0.591205,-5.56989,-0.333333,-0.0585608,0.623176,3.25,14.0417,0,0,4.45833,4.70833,0,-8.96562,0.0001,-0.00191796,0.0622964,1.71049,0.126019,53527,0.151161,190.1,1.48582
4113,0.121637,0.450405,0.00528687,0.00528687,0.179519,0.115514,0.831563,0.474055,0.0520114,0.0171962,0.0498118,0.212308,0.0546152,0,0.799905,0.0385663,1.94649,0.191149,0,0.075625,0.574581,4.41296,0.628037,0.337158,0.688161,2.65501,0.127712,0.210299,0,0.521456,0,0,-0.000561586,0.262706,0.966933,0.21517,0.0494216,0.0527009,0.004321,0.00356767,0.452766,0.0482051,4.11408,-0.701939,9.53053,0.672679,0.599877,-5.69118,-0.333333,-0.0577981,0.612458,3.875,15.9167,0,0,5.16667,5.58333,0,-8.96241,0.0001,-0.00221746,0.0607383,1.72936,0.131262,52833,0.151201,190.61,1.29263
4114,0.120155,0.442726,0.00531896,0.00531896,0.180951,0.113785,0.832927,0.465127,0.0521995,0.0174677,0.0500398,0.212187,0.0548246,0,0.795904,0.0373206,1.93746,0.19145,0,0.0749403,0.574667,4.40749,0.626559,0.333459,0.693445,2.66686,0.12641,0.210095,0,0.539947,0.00189394,0,-0.000594172,0.259805,0.967006,0.21339,0.0496363,0.0529038,0.00446936,0.00361636,0.452343,0.0483832,4.10944,-0.803379,9.39933,0.677405,0.593751,-5.51364,-0.333333,-0.0581094,0.601469,3.20833,15.0833,0,0,4.25,5.20833,0,-8.96081,0.0001,-0.00274858,0.0576676,1.78042,0.132201,51397,0.151224,187.1,1.11467
4115,0.126649,0.470996,0.00531477,0.00531477,0.184519,0.120694,0.832993,0.497241,0.0519637,0.0176374,0.0498777,0.213674,0.0509228,0,0.802353,0.041251,1.92843,0.182624,0,0.0727383,0.57438,4.40463,0.626595,0.333803,0.692034,2.66001,0.133458,0.211555,0,0.56523,0.00451389,0,-0.000637249,0.257376,0.967057,0.21515,0.0494386,0.0526096,0.00441024,0.00357506,0.448516,0.0481905,4.0353,-0.920958,9.31358,0.679022,0.588086,-5.48252,-0.333333,-0.05941,0.640685,3.79167,16.4167,0,0,4.625,5.33333,0,-8.95956,0.0001,-0.000795303,0.0616867,1.71002,0.123998,53600,0.151266,190.37,1.53117
4116,0.128075,0.475258,0.00525653,0.00525653,0.18599,0.121159,0.831597,0.501714,0.0518526,0.0181,0.0497071,0.212599,0.0511388,0,0.806079,0.0417484,1.93556,0.184367,0,0.073355,0.583945,4.42353,0.628868,0.341183,0.689221,2.65166,0.135542,0.210514,0,0.561833,0.00208333,0,-0.000631787,0.253544,0.967077,0.2196,0.049247,0.0524919,0.00426607,0.00340136,0.4541,0.0479642,3.9934,-0.769086,9.49271,0.673645,0.589863,-5.68939,-0.333333,-0.0603159,0.648142,3.375,15.4167,0,0,4.375,5.66667,0,-8.95608,0.0001,-0.00197441,0.0574413,1.69968,0.127772,53793,0.151289,191.66,1.46112
4117,0.125034,0.461387,0.00532731,0.00532731,0.185002,0.118603,0.833991,0.484967,0.0524166,0.0174761,0.0502595,0.214248,0.0517306,0,0.801952,0.0393332,1.93175,0.18279,0,0.073646,0.579174,4.40044,0.624849,0.332426,0.694623,2.68121,0.131515,0.212186,0,0.531324,0.00595238,0,-0.000562378,0.25487,0.966683,0.211558,0.0497762,0.0530884,0.00409582,0.00321601,0.450561,0.0484874,4.18533,-0.705527,9.44186,0.676415,0.5905,-5.552,-0.333333,-0.0594204,0.627933,3.625,15.1667,0,0,4.75,5.125,0,-8.95186,0.0001,-0.00233652,0.0574862,1.74158,0.128518,52566,0.151316,189.56,1.55328
4118,0.120079,0.445863,0.00531491,0.00531491,0.179947,0.114363,0.83172,0.472024,0.0523903,0.0170277,0.0502087,0.21317,0.055008,0,0.800127,0.038046,1.96077,0.188915,0,0.0758606,0.565214,4.39535,0.62555,0.333922,0.690285,2.67065,0.126986,0.21128,0,0.520136,0,0,-0.00054822,0.259022,0.966595,0.211923,0.0497361,0.0530519,0.00417805,0.00330212,0.450514,0.0484927,4.02995,-0.550826,9.55023,0.67432,0.601476,-5.67555,-0.333333,-0.0578936,0.604186,2.95833,14.875,0,0,5.41667,4.83333,0,-8.9471,0.0001,-0.000740092,0.0585212,1.76742,0.135076,51671,0.151347,189.41,1.38393
4119,0.123594,0.459576,0.0053025,0.0053025,0.183108,0.117626,0.832438,0.485561,0.052164,0.0168616,0.0499889,0.212769,0.0536122,0,0.800951,0.0400474,1.93503,0.190772,0,0.0749215,0.576273,4.3889,0.624721,0.335191,0.694699,2.67731,0.130256,0.210807,0,0.55848,0.00181159,0,-0.000652119,0.261904,0.966828,0.213819,0.049434,0.0526879,0.0049588,0.00413148,0.452273,0.0482298,4.22192,-0.468084,9.55896,0.671595,0.591229,-5.73595,-0.333333,-0.0590277,0.625951,2.70833,12.5833,0,0,4.25,4.95833,0,-8.94289,0.0001,-0.00085583,0.0623768,1.76072,0.13347,51897,0.151374,191.15,1.37153
4120,0.123419,0.456968,0.00530241,0.00530241,0.183568,0.11721,0.833073,0.477958,0.052062,0.0170117,0.049943,0.214507,0.0525962,0,0.808108,0.0391561,1.9499,0.184975,0,0.0740642,0.572953,4.38799,0.624361,0.335209,0.691992,2.67907,0.128994,0.212905,0,0.529889,0.00277778,0,-0.000538816,0.257401,0.966723,0.213297,0.049542,0.0527454,0.00489801,0.00401748,0.451692,0.0482914,4.23136,-0.646499,9.50121,0.674008,0.592644,-5.58811,-0.333333,-0.0590812,0.62448,3.29167,14.875,0,0,5.54167,5.25,0,-8.93965,0.0001,-0.00159582,0.0618192,1.77339,0.132666,51574,0.151405,186.11,1.0761
4121,0.119758,0.444065,0.00534594,0.00534594,0.181543,0.113883,0.834205,0.465767,0.0521935,0.0172449,0.0500692,0.214371,0.0526777,0,0.801476,0.0379053,1.9324,0.188572,0,0.0742664,0.574327,4.39021,0.624672,0.330307,0.696142,2.68185,0.125564,0.212515,0,0.497303,0.00324838,0,-0.000580584,0.2577,0.966781,0.210067,0.0496816,0.0528585,0.0045343,0.00365576,0.452746,0.048423,4.3297,-0.783639,9.3957,0.678687,0.591654,-5.44916,-0.333333,-0.058327,0.605954,3.29167,15.4167,0,0,4.125,5.08333,0,-8.93854,0.0001,-0.00243031,0.0649614,1.74655,0.124944,52526,0.151426,189.11,1.50829
4122,0.124574,0.457672,0.00526298,0.00526298,0.186627,0.117338,0.831415,0.483826,0.0518154,0.0175212,0.0496996,0.213816,0.0521106,0,0.811232,0.0395225,1.9457,0.185317,0,0.0735775,0.580716,4.42383,0.628745,0.339893,0.690259,2.65802,0.131495,0.212417,0,0.537725,0.0037516,0,-0.000549026,0.253644,0.967005,0.215444,0.0493109,0.0525472,0.00450299,0.00369689,0.451106,0.0480353,3.96347,-0.778568,9.57877,0.671028,0.594028,-5.62353,-0.333333,-0.0601001,0.622233,3,14.75,0,0,5.29167,5.125,0,-8.93971,0.0001,-0.00261683,0.0614626,1.74955,0.130503,52287,0.151399,191.06,1.1952
4123,0.127536,0.462928,0.00529545,0.00529545,0.185933,0.118781,0.83124,0.48293,0.0521681,0.0174615,0.0500404,0.215448,0.0512998,0,0.812278,0.0394083,1.96428,0.183003,0,0.0736188,0.577338,4.40779,0.625318,0.336487,0.693957,2.68325,0.132643,0.213697,0,0.529343,0,0,-0.000554194,0.255789,0.966761,0.213422,0.0496032,0.052897,0.00424254,0.00341101,0.45106,0.0483026,4.06791,-0.711061,9.54827,0.672335,0.594569,-5.59684,-0.333333,-0.059864,0.626887,3.45833,15.875,0,0,4.91667,5.79167,0,-8.94039,0.0001,-0.00169747,0.0579254,2.05107,0.12738,45125,0.151416,188.57,1.32862
4124,0.124873,0.467322,0.00529446,0.00529446,0.184684,0.119716,0.832154,0.496628,0.052426,0.0167795,0.0502573,0.213494,0.0506389,0,0.804501,0.0410248,1.95123,0.181477,0,0.0734032,0.574231,4.39978,0.62561,0.336282,0.694723,2.67871,0.132532,0.211727,0,0.559898,0,0,-0.000474753,0.254435,0.967027,0.212543,0.0497992,0.0531048,0.00431578,0.00347004,0.448111,0.0485407,4.05994,-0.456195,9.61405,0.670053,0.590991,-5.75159,-0.333333,-0.0595145,0.635605,3.25,14.7083,0,0,5.5,4.875,0,-8.93853,0.0001,-0.00151072,0.0569167,1.78422,0.132746,51281,0.151426,190.28,1.37682
4125,0.125143,0.461922,0.00528182,0.00528182,0.185139,0.118463,0.831378,0.484778,0.0520862,0.0168621,0.049952,0.213981,0.0535241,0,0.808208,0.0397564,1.94552,0.184316,0,0.0730509,0.577213,4.41114,0.62681,0.337634,0.694672,2.6735,0.131204,0.212396,0,0.547036,0.00333333,0,-0.000508519,0.257976,0.96716,0.214892,0.0495593,0.0528008,0.0048814,0.00402542,0.453165,0.0483213,4.17712,-0.551432,9.59681,0.669777,0.589944,-5.67449,-0.333333,-0.0596072,0.62569,3.20833,14.125,0,0,5.79167,4.5,0,-8.93684,0.0001,-0.00233039,0.0539234,1.81206,0.139272,50377,0.151475,191.17,1.55786
4126,0.121756,0.448431,0.00531017,0.00531017,0.182406,0.115302,0.832121,0.470963,0.0525057,0.0165919,0.0502474,0.214949,0.0533357,0,0.807718,0.0376798,1.95055,0.188493,0,0.0754072,0.571629,4.39482,0.625073,0.334512,0.694168,2.68347,0.127567,0.213094,0,0.531345,0.00487013,0,-0.000462774,0.256703,0.967028,0.210278,0.0498549,0.053219,0.00441385,0.00358555,0.450347,0.048599,4.18503,-0.278609,9.71749,0.668082,0.598819,-5.78482,-0.333333,-0.0586298,0.609049,3.25,13.875,0,0,5.125,5.29167,0,-8.93347,0.0001,-0.00181171,0.0583521,1.79774,0.127768,51053,0.151501,190.54,1.27709
4127,0.127567,0.477612,0.00523872,0.00523872,0.191219,0.121974,0.830768,0.505518,0.0519067,0.0171499,0.0496903,0.215848,0.0540992,0,0.820742,0.0420443,1.95712,0.184385,0,0.0732664,0.584558,4.43544,0.630145,0.342869,0.691341,2.64929,0.134939,0.214179,0,0.560781,0.00387807,0,-0.000646168,0.250904,0.967203,0.220019,0.0491454,0.0524761,0.00530568,0.00447091,0.455699,0.0479278,4.23902,-0.538362,9.70058,0.66651,0.592134,-5.83142,-0.333333,-0.0618756,0.64912,3.625,12.625,0,0,4.70833,5.04167,0,-8.93345,0.0001,-0.00219784,0.0604718,1.77417,0.131131,51595,0.151512,191.06,1.59177
4128,0.127271,0.476884,0.0052661,0.0052661,0.186406,0.121569,0.831047,0.501536,0.0519428,0.0169093,0.0497345,0.215856,0.0549428,0,0.816961,0.0419419,1.95496,0.189908,0,0.0743842,0.578319,4.42569,0.628601,0.339838,0.689203,2.65162,0.133954,0.213827,0,0.562132,0.00626653,0,-0.000585501,0.257318,0.96764,0.217964,0.0492634,0.052523,0.00474191,0.00385052,0.453575,0.0480451,4.1984,-0.439194,9.61966,0.668624,0.591053,-5.84293,-0.333333,-0.0603524,0.648126,3.375,14.9583,0,0,5.58333,5.83333,0,-8.93214,0.0001,-0.000423025,0.0618421,1.74724,0.133173,52277,0.151521,193.52,1.74458
4129,0.126734,0.473114,0.00528823,0.00528823,0.186716,0.121244,0.832013,0.497921,0.0521637,0.0171165,0.0500251,0.214275,0.0494247,0,0.809856,0.0409846,1.95015,0.183393,0,0.0724544,0.580214,4.40146,0.62562,0.337034,0.691779,2.66696,0.133348,0.212747,0,0.550977,0.00130208,0,-0.000601061,0.248887,0.966868,0.212829,0.0495944,0.0527846,0.00397601,0.00316974,0.449732,0.0483063,3.98678,-0.5797,9.61992,0.669825,0.591983,-5.67342,-0.333333,-0.0601874,0.642095,3.29167,14.8333,0,0,5.16667,5.20833,0,-8.92864,0.0001,-0.00100824,0.0615461,2.08527,0.128681,44402,0.151581,190.91,1.68443
4130,0.128626,0.478832,0.00526577,0.00526577,0.191522,0.122654,0.831373,0.503094,0.0523849,0.0170523,0.0501314,0.21466,0.0503515,0,0.813927,0.0413099,1.95152,0.179968,0,0.0728522,0.583082,4.42371,0.62821,0.339862,0.692256,2.6618,0.135034,0.213113,0,0.584206,0.00134409,0,-0.000590412,0.249167,0.967024,0.214776,0.0496079,0.0530259,0.00447741,0.00372579,0.449984,0.0483304,4.01777,-0.521695,9.747,0.666602,0.595991,-5.75716,-0.333333,-0.0617767,0.649279,3.04167,15.4167,0,0,5.41667,5.5,0,-8.92404,0.0001,-0.00241189,0.058052,1.79601,0.13458,50919,0.151638,192.02,1.48191
4131,0.127083,0.476044,0.00529502,0.00529502,0.188076,0.121838,0.831845,0.500777,0.0522518,0.0166684,0.0500688,0.215379,0.0489655,0,0.812733,0.0415398,1.95995,0.177813,0,0.0725846,0.576771,4.41569,0.626987,0.336522,0.69035,2.67155,0.13348,0.213759,0,0.578894,0.00208333,0,-0.000516406,0.252773,0.9672,0.213661,0.0496305,0.0529129,0.00418671,0.00335691,0.44888,0.0483738,4.08208,-0.436199,9.65146,0.668564,0.597367,-5.76213,-0.333333,-0.060727,0.646894,3.66667,15.3333,0,0,6.16667,5.5,0,-8.92238,0.0001,-0.00256468,0.0617759,1.77191,0.123908,51853,0.151628,192.2,1.68106
4132,0.131112,0.494369,0.00524532,0.00524532,0.192372,0.12613,0.830605,0.520216,0.0522331,0.0168688,0.0500135,0.21368,0.049055,0,0.813263,0.0436281,1.9425,0.180624,0,0.0725341,0.587663,4.4276,0.628814,0.342477,0.690648,2.65189,0.138209,0.21209,0,0.592272,0.00354771,0,-0.000549923,0.248548,0.967519,0.218269,0.0494209,0.0528042,0.00438956,0.00362585,0.453725,0.0481719,4.11306,-0.348289,9.76459,0.663381,0.588105,-5.92827,-0.333333,-0.0623636,0.670908,3.70833,14.0833,0,0,5.83333,5.25,0,-8.92315,0.0001,-0.00218415,0.0598039,1.78375,0.1298,51372,0.151616,192.24,1.6878
4133,0.125719,0.464848,0.005277,0.005277,0.187648,0.118854,0.830923,0.487838,0.0523629,0.0171102,0.0501136,0.215638,0.0524173,0,0.81513,0.0400898,1.93237,0.187813,0,0.0738786,0.58055,4.40084,0.626155,0.338703,0.693132,2.66941,0.131991,0.213742,0,0.550315,0.00337302,0,-0.000447382,0.254623,0.966617,0.213899,0.0497611,0.0531183,0.00444027,0.00362042,0.451016,0.0484369,4.32376,-0.474057,9.73769,0.667095,0.596498,-5.73174,-0.333333,-0.0605958,0.630662,3.54167,16.2917,0,0,4.95833,5.375,0,-8.92253,0.0001,-0.00192737,0.0563454,2.1152,0.134012,43706,0.151675,189.24,1.45089
4134,0.122833,0.454588,0.00529215,0.00529215,0.183454,0.116315,0.830327,0.478139,0.0525122,0.0171371,0.0502982,0.215096,0.0517441,0,0.811089,0.0387587,1.95466,0.187899,0,0.0747214,0.573258,4.3979,0.625356,0.336866,0.691431,2.6737,0.129294,0.213138,0,0.531225,0,0,-0.00047335,0.255647,0.966473,0.21075,0.0499074,0.0532138,0.00394065,0.00308872,0.447731,0.048564,4.16225,-0.453821,9.68862,0.669607,0.599225,-5.74273,-0.333333,-0.0592491,0.615195,3.54167,14.3333,0,0,4.20833,5.41667,0,-8.91852,0.0001,-0.00184154,0.056356,1.81896,0.132205,50382,0.151736,190.5,1.33231
4135,0.128078,0.477091,0.00530815,0.00530815,0.184369,0.122044,0.831443,0.500688,0.0519402,0.0174534,0.0499047,0.214429,0.0518323,0,0.80794,0.0419855,1.94134,0.186564,0,0.0737288,0.570784,4.38579,0.62335,0.335056,0.692918,2.6863,0.13406,0.212566,0,0.58356,0.00208333,0,-0.00052279,0.259629,0.966876,0.21267,0.0495709,0.0526954,0.00427844,0.0034817,0.447616,0.0482752,4.04756,-0.805004,9.42352,0.675553,0.592483,-5.5086,-0.333333,-0.0595513,0.64718,2.79167,12.9167,0,0,3.91667,4.83333,0,-8.91473,0.0001,-0.00205338,0.0628047,1.77708,0.128054,51599,0.151766,189.4,1.22045
4136,0.124885,0.465967,0.00530252,0.00530252,0.184929,0.119672,0.832372,0.486382,0.0522017,0.0177859,0.0500685,0.214356,0.0526427,0,0.807181,0.0396283,1.92644,0.188346,0,0.0736636,0.576135,4.38434,0.623786,0.335342,0.697116,2.69143,0.130521,0.212572,0,0.550298,0.00418709,0,-0.000513258,0.255943,0.966388,0.210675,0.0497331,0.0530541,0.00446292,0.00370002,0.447304,0.0484286,4.01291,-0.931746,9.55499,0.673712,0.595594,-5.41055,-0.333333,-0.059476,0.633329,2.625,16,0,0,4.04167,4.33333,0,-8.90973,0.0001,-0.00217916,0.0593668,1.73867,0.133167,52517,0.15184,191.64,1.7348
4137,0.123503,0.453625,0.00529331,0.00529331,0.186518,0.116624,0.831978,0.471495,0.0521313,0.0177652,0.0500181,0.215827,0.0521627,0,0.812426,0.0378904,1.91458,0.184443,0,0.0726843,0.580296,4.39465,0.625161,0.336352,0.694905,2.67876,0.128278,0.213904,0,0.522544,0.00208333,0,-0.000560196,0.252703,0.965999,0.210584,0.049643,0.0529029,0.00451675,0.00366443,0.447756,0.0483098,4.07698,-0.842964,9.60432,0.672356,0.594855,-5.48399,-0.333333,-0.0599837,0.615583,3.29167,15.125,0,0,3.70833,4.83333,0,-8.90549,0.0001,-0.00196982,0.0587628,1.70074,0.129169,53720,0.15186,188.88,1.24401
4138,0.128186,0.481043,0.00524734,0.00524734,0.188361,0.122838,0.830047,0.504233,0.0520247,0.0176368,0.049885,0.214912,0.0510434,0,0.816985,0.0418577,1.9519,0.182713,0,0.0728743,0.578352,4.40079,0.625916,0.341918,0.69351,2.67494,0.134037,0.213232,0,0.582595,0.00309066,0,-0.000543816,0.253512,0.966538,0.214168,0.0494399,0.0527658,0.00436882,0.00359791,0.446512,0.0481192,3.87071,-0.72725,9.71444,0.666911,0.594542,-5.66606,-0.333333,-0.0609651,0.652308,3.625,15.4583,0,0,4.41667,5.79167,0,-8.90764,0.0001,0.000769432,0.0615222,2.24992,0.132644,41259,0.151852,191.19,1.36352
4139,0.122917,0.456517,0.00529516,0.00529516,0.181581,0.117032,0.831696,0.480605,0.0524127,0.0170082,0.0502338,0.214405,0.053055,0,0.808558,0.0393444,1.94638,0.188416,0,0.0748008,0.572842,4.39184,0.624294,0.336181,0.694895,2.69211,0.129219,0.212733,0,0.532892,0,0,-0.000528474,0.257241,0.966575,0.209844,0.0498425,0.0531235,0.00415896,0.00333623,0.445946,0.0485143,3.9925,-0.565566,9.68453,0.669054,0.598244,-5.63996,-0.333333,-0.0584578,0.618998,3.83333,15.4583,0,0,5.41667,5.04167,0,-8.90814,0.0001,-0.00129888,0.0612552,1.8019,0.128755,50917,0.151872,190.55,1.36675
4140,0.122427,0.457436,0.005277,0.005277,0.180967,0.116897,0.830203,0.484846,0.0525692,0.0168127,0.0503209,0.213073,0.0520942,0,0.80576,0.0398099,1.94886,0.188066,0,0.075097,0.57447,4.38847,0.623698,0.338437,0.693821,2.68954,0.129778,0.211325,0,0.555059,0,0,-0.000474594,0.258116,0.966438,0.209727,0.0498808,0.0532839,0.00420952,0.00342078,0.447656,0.0485726,4.04445,-0.334486,9.83661,0.663837,0.601049,-5.80164,-0.333333,-0.0584526,0.620348,3.29167,14,0,0,4.875,5.125,0,-8.90723,0.0001,-0.00205637,0.0630382,1.73995,0.12333,52758,0.151878,189.5,1.48087
4141,0.129601,0.48175,0.00523012,0.00523012,0.18556,0.122479,0.828618,0.508461,0.0521664,0.0173543,0.0499811,0.213028,0.0503566,0,0.812664,0.0427592,1.9717,0.181049,0,0.0733749,0.57862,4.4126,0.627232,0.34413,0.688008,2.66101,0.136787,0.211293,0,0.571353,0.00324074,0,-0.000567312,0.253457,0.966667,0.216077,0.0494712,0.0527649,0.00400074,0.00325329,0.445971,0.0481969,3.7501,-0.445702,9.77318,0.664278,0.592806,-5.93909,-0.333333,-0.0603139,0.651457,3.79167,15.2917,0,0,5.66667,6.45833,0,-8.90405,0.0001,-0.00181005,0.0624898,1.6804,0.126955,54390,0.151914,191.61,1.50748
4142,0.128424,0.474834,0.00524652,0.00524652,0.184897,0.121282,0.829702,0.499768,0.0522238,0.0175676,0.0500517,0.213486,0.0522604,0,0.810366,0.0410249,1.96939,0.185129,0,0.0741988,0.577308,4.40651,0.626019,0.342096,0.691814,2.67061,0.135354,0.211653,0,0.551626,0.00181159,0,-0.000535157,0.25416,0.966687,0.213156,0.0495907,0.0529225,0.00438347,0.00359259,0.445798,0.0482897,3.82236,-0.423881,9.82315,0.663601,0.597017,-5.83428,-0.333333,-0.0597898,0.642469,3.625,15,0,0,5.58333,5.20833,0,-8.90083,0.0001,-0.00120155,0.0578153,1.9404,0.159917,46804,0.151937,191.68,1.41205
4143,0.125859,0.468016,0.00526664,0.00526664,0.187523,0.119935,0.829245,0.485795,0.0527088,0.0169159,0.0503713,0.215705,0.05356,0,0.815561,0.0392622,1.9573,0.187016,0,0.0755258,0.573713,4.39006,0.62554,0.339702,0.69283,2.67441,0.130474,0.213713,0,0.56048,0,0,-0.000530193,0.254414,0.966982,0.209841,0.0498134,0.0533288,0.00446876,0.00362676,0.445745,0.0485059,4.01206,-0.14034,9.98896,0.659655,0.602655,-5.93355,-0.333333,-0.0605017,0.631341,2.58333,12.6667,0,0,5.08333,4.66667,0,-8.89995,0.0001,-0.00252608,0.0600593,1.72369,0.134554,52901,0.151926,189.65,1.28214
4144,0.125012,0.46184,0.00527069,0.00527069,0.1829,0.118175,0.82855,0.482431,0.0526584,0.0164296,0.0503757,0.214985,0.0525868,0,0.811999,0.0390336,1.96349,0.18592,0,0.0745945,0.57722,4.39616,0.624861,0.339315,0.69319,2.67736,0.13088,0.212881,0,0.540108,0.00134409,0,-0.000479914,0.259198,0.967355,0.210799,0.0498976,0.053278,0.00437125,0.00348476,0.4452,0.0486301,3.94237,-0.0235054,9.88891,0.659954,0.593439,-6.02099,-0.333333,-0.0590993,0.620926,3.375,14.1667,0,0,6.25,5.41667,0,-8.89956,0.0001,-0.000190462,0.0565892,1.69698,0.122643,54024,0.151941,192.62,1.5466
4145,0.125936,0.469883,0.00526914,0.00526914,0.187834,0.11993,0.830222,0.497879,0.0526373,0.0163495,0.050351,0.213307,0.0507891,0,0.807889,0.0409963,1.95796,0.182592,0,0.073626,0.580017,4.39357,0.623879,0.339566,0.695962,2.68272,0.13312,0.211585,0,0.563298,0,0,-0.000537863,0.250634,0.967124,0.2124,0.0497141,0.0531749,0.0045909,0.00377535,0.4475,0.0484649,4.03883,-0.00870476,9.91713,0.659242,0.591426,-6.05918,-0.333333,-0.0607813,0.635467,3.04167,13.6667,0,0,6.33333,5.79167,0,-8.89875,0.0001,-0.000246635,0.05944,1.72676,0.127148,53025,0.151938,190.14,1.36554
4146,0.123854,0.461119,0.00525644,0.00525644,0.185514,0.117847,0.830345,0.483934,0.0526071,0.0163059,0.0503264,0.213831,0.0522147,0,0.810708,0.0393166,1.96995,0.184152,0,0.0739691,0.577458,4.40261,0.624635,0.34083,0.695611,2.67962,0.130041,0.212069,0,0.539466,0,0,-0.000484322,0.25611,0.967203,0.211522,0.0497729,0.0531876,0.00463066,0.00381859,0.444985,0.0485366,3.92318,0.0432272,9.97142,0.657483,0.59316,-6.07752,-0.333333,-0.0599596,0.623608,3.91667,15.2083,0,0,6.20833,6.58333,0,-8.89878,0.0001,-0.00203165,0.0571641,1.71361,0.129417,53338,0.151908,192.05,1.39657
4147,0.132663,0.491523,0.00520328,0.00520328,0.187868,0.125122,0.827047,0.515303,0.0525379,0.0164143,0.0501951,0.215479,0.0497889,0,0.823165,0.0426796,2.00744,0.180849,0,0.0744746,0.574777,4.41104,0.627382,0.347424,0.686841,2.66073,0.139082,0.213476,0,0.587327,0.00669516,0,-0.000501977,0.251497,0.967456,0.214985,0.0495995,0.0530827,0.00416878,0.00333242,0.443977,0.048329,3.74856,0.212998,10.1488,0.651874,0.601851,-6.3473,-0.333333,-0.0610825,0.662939,2.375,12.4583,0,0,6.54167,7,0,-8.89985,0.0001,-0.00196482,0.0608769,1.8613,0.129295,49384,0.151906,193.18,1.53985
4148,0.128945,0.478142,0.00522499,0.00522499,0.188834,0.121842,0.827318,0.499853,0.052399,0.0167391,0.0501192,0.213535,0.0519267,0,0.814279,0.041,1.97,0.180471,0,0.0733424,0.580368,4.41112,0.627995,0.344784,0.689614,2.65829,0.134614,0.211703,0,0.561768,0,0,-0.000548026,0.253892,0.967581,0.215364,0.0495589,0.0529774,0.00439837,0.00362838,0.446112,0.0483194,3.76569,-0.0790274,9.93306,0.658013,0.593132,-6.11422,-0.333333,-0.0612858,0.644842,3.29167,13,0,0,5.875,5.875,0,-8.89718,0.0001,-0.00227361,0.0567559,1.72431,0.119611,53312,0.151946,192.81,1.47696
4149,0.12911,0.485708,0.00525724,0.00525724,0.18339,0.124198,0.828685,0.513053,0.0520611,0.0173574,0.0499202,0.213323,0.0535415,0,0.810084,0.0428496,1.95142,0.188966,0,0.0737433,0.579348,4.40774,0.625664,0.340977,0.690736,2.67493,0.136268,0.211544,0,0.618891,0,0,-0.000573188,0.260371,0.966871,0.215421,0.0494894,0.0527217,0.00448532,0.00360832,0.446664,0.0481822,3.94519,-0.458698,9.69098,0.666713,0.589841,-5.81769,-0.333333,-0.059383,0.655306,3.375,15.4583,0,0,5.625,5.875,0,-8.8914,0.0001,-0.00277724,0.0551537,1.74931,0.131852,52257,0.152002,189.99,1.66623
4150,0.12757,0.476516,0.00524533,0.00524533,0.18783,0.121808,0.829512,0.498316,0.0518645,0.0171957,0.049751,0.214661,0.0527556,0,0.81568,0.0412179,1.95919,0.184462,0,0.0727809,0.577461,4.41681,0.627521,0.342172,0.691206,2.66428,0.133802,0.213015,0,0.59203,0.00560666,0,-0.000584473,0.254837,0.967106,0.216563,0.0493369,0.0525357,0.00481225,0.00403283,0.447707,0.0480628,3.9336,-0.583928,9.67321,0.665603,0.591811,-5.75552,-0.333333,-0.0607255,0.644325,3.54167,14.375,0,0,5,5.625,0,-8.88573,0.0001,-0.0022925,0.0562385,1.68241,0.127856,54303,0.152059,192.82,1.51604
4151,0.126726,0.470906,0.00528263,0.00528263,0.183991,0.120429,0.829324,0.501179,0.0520428,0.0169182,0.0499122,0.215241,0.0540071,0,0.813135,0.0414534,1.96004,0.186947,0,0.0739122,0.573975,4.40454,0.625063,0.337981,0.69232,2.67413,0.135056,0.213376,0,0.563081,0,0,-0.000558044,0.257749,0.966873,0.213012,0.0495084,0.0527056,0.00426033,0.00339993,0.448125,0.0482043,3.93647,-0.530584,9.64641,0.66828,0.595761,-5.72017,-0.333333,-0.0593961,0.636311,2.54167,12.875,0,0,4.16667,4.58333,0,-8.88181,0.0001,-0.00183927,0.0601227,1.71445,0.121665,53539,0.152106,190.26,1.28474
4152,0.130134,0.483857,0.0052415,0.0052415,0.186879,0.123746,0.829065,0.506059,0.0518455,0.0175923,0.0497275,0.216074,0.052278,0,0.822485,0.0417241,1.9483,0.185728,0,0.0732682,0.580082,4.41133,0.626504,0.342549,0.690597,2.66649,0.136044,0.214492,0,0.582351,0.00245098,0,-0.000563589,0.255094,0.96679,0.216095,0.0493034,0.05256,0.00447336,0.0036942,0.447416,0.0480238,3.81471,-0.631228,9.69325,0.665673,0.589933,-5.76129,-0.333333,-0.0604274,0.651875,3.25,13.5833,0,0,4.70833,5.5,0,-8.87919,0.0001,-0.00129188,0.0582694,2.04673,0.140023,44954,0.152146,192.63,1.59481
4153,0.130946,0.487011,0.0052139,0.0052139,0.190109,0.124162,0.829048,0.514837,0.052037,0.0170253,0.0498275,0.213994,0.0501334,0,0.816835,0.0426078,1.95796,0.179191,0,0.0719107,0.587918,4.42825,0.629091,0.345928,0.691309,2.64963,0.138016,0.212309,0,0.551161,0.00189394,0,-0.000633776,0.251886,0.967658,0.218868,0.0492001,0.0525574,0.00478559,0.00398652,0.449784,0.0479552,3.81765,-0.284167,9.87223,0.658969,0.587781,-6.01268,-0.333333,-0.0616673,0.659326,2.95833,13.5417,0,0,5.29167,6.125,0,-8.87567,0.0001,-0.00225927,0.0582988,1.72932,0.125256,53006,0.152196,192.64,1.59754
4154,0.131268,0.489934,0.00522556,0.00522556,0.189128,0.124949,0.828524,0.519157,0.0522284,0.0166804,0.0499756,0.213883,0.0510857,0,0.817263,0.0430444,1.97279,0.183227,0,0.0734357,0.583969,4.42572,0.627909,0.344806,0.688828,2.65976,0.138674,0.212413,0,0.600843,0.00341416,0,-0.000581368,0.252095,0.967489,0.216985,0.0493591,0.0527547,0.00403712,0.00330949,0.44784,0.0481029,3.79005,-0.104965,9.91205,0.658316,0.593832,-6.11573,-0.333333,-0.061362,0.660192,3.58333,13.2917,0,0,6.58333,5.625,0,-8.87022,0.0001,-0.00225888,0.0606167,1.71514,0.122852,53484,0.152235,190.78,1.51641
4155,0.129023,0.481281,0.00526485,0.00526485,0.185327,0.122745,0.829214,0.508532,0.0521386,0.0169215,0.0499855,0.214596,0.0533348,0,0.813301,0.0425213,1.96217,0.187621,0,0.0745003,0.574229,4.40342,0.625418,0.340034,0.689756,2.66205,0.136363,0.21274,0,0.56587,0.00564394,0,-0.000534142,0.256941,0.967437,0.216333,0.0494688,0.0527314,0.00442024,0.00360628,0.450012,0.0482359,3.9621,-0.291401,9.68428,0.665315,0.590284,-5.91275,-0.333333,-0.0600319,0.650556,3.29167,14.2083,0,0,5.75,6.54167,0,-8.86762,0.0001,-0.00156759,0.0600489,1.66046,0.121495,55166,0.152266,192.76,1.67185
4156,0.129865,0.481449,0.00525101,0.00525101,0.189004,0.123402,0.830489,0.503715,0.0521076,0.0176274,0.0499238,0.214301,0.0515405,0,0.81324,0.0411108,1.93897,0.182775,0,0.073056,0.585122,4.40714,0.625936,0.341471,0.694357,2.66841,0.136125,0.212358,0,0.564014,0.0014881,0,-0.000635083,0.255733,0.967036,0.215517,0.049375,0.0527122,0.00496714,0.00416458,0.447486,0.0481044,3.96712,-0.446118,9.78855,0.663244,0.5921,-5.79639,-0.333333,-0.0610445,0.652623,3.20833,14.625,0,0,5.16667,5.83333,0,-8.86667,0.0001,-0.00171719,0.0560787,1.70459,0.122078,53815,0.152259,189.73,1.19943
4157,0.127256,0.472749,0.00526888,0.00526888,0.183774,0.120857,0.82927,0.497816,0.052472,0.0169739,0.0502503,0.213705,0.0503597,0,0.80888,0.04095,1.95257,0.184,0,0.0733613,0.575136,4.38464,0.623356,0.339442,0.694344,2.68933,0.134088,0.211768,0,0.552702,0.00260417,0,-0.000456715,0.252927,0.966833,0.21166,0.0497724,0.0531411,0.00395766,0.0031616,0.448051,0.0484782,4.00015,-0.228153,9.83269,0.661925,0.591783,-5.93925,-0.333333,-0.0593968,0.638187,3.125,14.1667,0,0,5.45833,6.45833,0,-8.8651,0.0001,-0.0019366,0.0570238,1.95462,0.148445,46743,0.152279,191.82,1.53575
4158,0.133003,0.497332,0.00522801,0.00522801,0.188964,0.12685,0.828548,0.522325,0.0519041,0.0177485,0.0497811,0.213383,0.0499127,0,0.815279,0.0439704,1.95716,0.180399,0,0.0724767,0.581597,4.42536,0.628919,0.344129,0.688395,2.66469,0.139512,0.211948,0,0.593791,0.00365079,0,-0.000610291,0.253313,0.967005,0.218568,0.0492397,0.0525474,0.00458406,0.00385329,0.448085,0.0479774,3.75303,-0.575562,9.73423,0.66464,0.592212,-5.81457,-0.333333,-0.0612806,0.671428,2.5,13.875,0,0,5,4.91667,0,-8.86234,0.0001,-0.00202166,0.0508954,1.71576,0.131682,53210,0.152282,192.68,1.72405
4159,0.130326,0.489954,0.00524958,0.00524958,0.18508,0.125116,0.829868,0.517494,0.0516382,0.0179751,0.0495889,0.213066,0.052765,0,0.810267,0.0436342,1.93704,0.186601,0,0.0728485,0.577096,4.40912,0.626805,0.341577,0.691149,2.65989,0.137843,0.211558,0,0.594245,0.00577967,0,-0.000557694,0.257495,0.966835,0.21632,0.049279,0.0523995,0.0044824,0.00365517,0.448589,0.0479613,3.9111,-0.827267,9.56803,0.670474,0.59244,-5.60059,-0.333333,-0.0599519,0.663924,2.79167,14.5833,0,0,4.20833,5.16667,0,-8.85975,0.0001,-0.00227539,0.057883,1.69235,0.126931,54034,0.152301,192.76,1.65358
4160,0.127325,0.470197,0.00528386,0.00528386,0.184135,0.120857,0.829884,0.494499,0.0517275,0.0184251,0.0497016,0.214399,0.0529744,0,0.809763,0.0400034,1.9285,0.188506,0,0.0731202,0.578388,4.39992,0.626505,0.33742,0.693092,2.66548,0.133679,0.212699,0,0.564778,0.00587888,0,-0.000637906,0.256928,0.966275,0.213973,0.0493385,0.0524977,0.00441641,0.00362127,0.448681,0.0479946,3.92612,-1.03393,9.47754,0.674099,0.59275,-5.38311,-0.333333,-0.0592731,0.635211,3.41667,15.375,0,0,4.08333,4.58333,0,-8.85711,0.0001,-0.00233794,0.0572282,1.71637,0.132418,53172,0.152308,190.7,1.72808
4161,0.131942,0.499895,0.00525155,0.00525155,0.190025,0.127952,0.829999,0.522635,0.0519928,0.0181535,0.0498743,0.215145,0.0501257,0,0.816899,0.0436107,1.93343,0.182865,0,0.0720752,0.586909,4.40474,0.625943,0.341346,0.694086,2.67363,0.138038,0.213548,0,0.615762,0,0,-0.00062137,0.250619,0.967122,0.215044,0.0493965,0.0526721,0.00437799,0.00358245,0.449484,0.0480503,3.92204,-0.685464,9.69603,0.666355,0.592295,-5.66474,-0.333333,-0.061385,0.676549,2.95833,14.0417,0,0,4.875,5.25,0,-8.85685,0.0001,-0.00161077,0.0587798,1.94005,0.272462,44430,0.15224,192.51,1.73086
4162,0.129549,0.485096,0.00525488,0.00525488,0.186946,0.124129,0.829192,0.516534,0.0518268,0.0180459,0.049745,0.213711,0.052402,0,0.812408,0.0434246,1.93687,0.187562,0,0.0732417,0.581403,4.40731,0.625855,0.340831,0.692639,2.67651,0.13748,0.212229,0,0.593492,0.00464396,0,-0.000608604,0.254687,0.966371,0.214243,0.0493411,0.0525335,0.00428,0.00347377,0.448157,0.0479674,3.90352,-0.803023,9.63624,0.669523,0.593497,-5.5899,-0.333333,-0.0604042,0.654577,2.58333,15.0417,0,0,4.16667,4.5,0,-8.8582,0.0001,-0.00164786,0.0573066,1.75067,0.136226,52098,0.15224,191.65,1.4564
4163,0.127523,0.473187,0.00526616,0.00526616,0.1843,0.121004,0.829747,0.498657,0.0516408,0.0180784,0.0496119,0.212924,0.0523939,0,0.807118,0.0413577,1.92338,0.186529,0,0.0729329,0.579031,4.40439,0.626499,0.33971,0.691917,2.66344,0.134816,0.211355,0,0.576687,0,0,-0.000575577,0.25627,0.966068,0.216041,0.0492731,0.0523924,0.00429446,0.00348878,0.451401,0.0479271,4.07041,-0.887305,9.56747,0.671468,0.592326,-5.53849,-0.333333,-0.0595532,0.639177,3.95833,16.875,0,0,5.04167,5.33333,0,-8.85551,0.0001,-0.00231872,0.0587398,1.70414,0.125889,53717,0.15226,192.77,1.53058
4164,0.13256,0.500923,0.00523601,0.00523601,0.19041,0.127946,0.829004,0.524519,0.0521779,0.0175381,0.049984,0.215313,0.049997,0,0.820601,0.043631,1.93431,0.178774,0,0.0726169,0.581116,4.40371,0.626405,0.343179,0.691039,2.66461,0.13874,0.213862,0,0.626326,0.0064693,0,-0.000651117,0.251384,0.967229,0.214821,0.0494427,0.0527496,0.0046808,0.00393375,0.445153,0.0481537,3.82815,-0.422853,9.8268,0.662582,0.599536,-5.84303,-0.333333,-0.0616553,0.676,2.875,13.8333,0,0,5.375,5.375,0,-8.85362,0.0001,-0.00240307,0.0590411,1.71392,0.122734,53523,0.152317,191.64,1.53908
4165,0.129979,0.485893,0.00520977,0.00520977,0.190917,0.12376,0.827964,0.514854,0.0516606,0.0179584,0.0495527,0.212911,0.0529367,0,0.816116,0.0430059,1.95191,0.186946,0,0.0735803,0.582861,4.41577,0.627787,0.346335,0.688922,2.65986,0.13772,0.211761,0,0.570507,0.00198413,0,-0.000656418,0.250131,0.966913,0.218902,0.0490763,0.052284,0.00441546,0.00370722,0.448115,0.0477656,3.77705,-0.670598,9.75863,0.663885,0.59524,-5.80998,-0.333333,-0.0619334,0.65581,3.25,14.75,0,0,5.83333,5.58333,0,-8.84801,0.0001,-0.00088932,0.056673,1.7131,0.131037,53306,0.152407,191.05,1.57342
4166,0.129622,0.47912,0.00526389,0.00526389,0.186722,0.122688,0.829293,0.499726,0.0518506,0.018155,0.0497592,0.214777,0.0519331,0,0.814859,0.0413769,1.94621,0.187082,0,0.0735673,0.574442,4.39708,0.624726,0.339831,0.693467,2.67987,0.135383,0.213274,0,0.564062,0.00703283,0,-0.000561924,0.254499,0.966125,0.213905,0.0494408,0.0526333,0.0044503,0.00369377,0.447629,0.0480958,4.0304,-0.873719,9.63784,0.670063,0.601289,-5.5322,-0.333333,-0.0602883,0.646645,2.83333,15.4167,0,0,4.125,4.95833,0,-8.84389,0.0001,-0.00264609,0.0515407,1.89579,0.134584,48416,0.152421,188.58,1.12628
4167,0.132631,0.50007,0.00524398,0.00524398,0.192383,0.128024,0.830016,0.526132,0.0515877,0.0184867,0.0495506,0.21296,0.0504451,0,0.811929,0.0438849,1.93566,0.183329,0,0.07229,0.583101,4.41047,0.626335,0.342264,0.692478,2.66927,0.139299,0.211718,0,0.616195,0.00934066,0,-0.000555577,0.249704,0.966458,0.216478,0.0492572,0.0524043,0.00439885,0.00370844,0.448997,0.0479283,3.8901,-0.93233,9.62997,0.669356,0.595763,-5.54856,-0.333333,-0.0622276,0.676684,3.20833,14.5417,0,0,4.5,4.54167,0,-8.84418,0.0001,-0.00173975,0.0546693,1.75825,0.129968,52061,0.152392,193.25,1.88217
4168,0.127442,0.474574,0.00528574,0.00528574,0.185554,0.122054,0.82952,0.497327,0.0519372,0.018098,0.0498844,0.215687,0.0505612,0,0.813985,0.0407043,1.92299,0.183179,0,0.072257,0.577387,4.3956,0.623956,0.337165,0.697633,2.68514,0.133889,0.214072,0,0.575293,0.00173611,0,-0.000591057,0.256639,0.966625,0.211968,0.0495012,0.052698,0.00452756,0.00374141,0.44534,0.0481599,4.01146,-0.798159,9.60913,0.669182,0.592462,-5.51949,-0.333333,-0.0597097,0.639693,3,13.5,0,0,3.70833,5.08333,0,-8.84453,0.0001,-0.0029352,0.0530946,1.71143,0.127321,53462,0.152418,190.98,1.52453
4169,0.13381,0.499208,0.00522205,0.00522205,0.191908,0.127369,0.828327,0.524498,0.0517826,0.0178849,0.0496905,0.213965,0.0494744,0,0.818215,0.0436481,1.9391,0.181148,0,0.0717112,0.584314,4.41572,0.627337,0.34477,0.690332,2.66995,0.140797,0.212713,0,0.591818,0.00873567,0,-0.000578583,0.24652,0.967119,0.216904,0.0492877,0.0524579,0.00409618,0.00336919,0.44879,0.0479523,3.82664,-0.601814,9.77956,0.663585,0.593046,-5.7912,-0.333333,-0.0622721,0.672719,3.04167,14,0,0,4.91667,5.16667,0,-8.8407,0.0001,0.0010376,0.0579995,1.69323,0.12865,53957,0.152455,194.42,1.96473
4170,0.128684,0.4805,0.00525531,0.00525531,0.186667,0.122878,0.829884,0.504873,0.0524705,0.0172746,0.050249,0.214706,0.0505868,0,0.814651,0.0417405,1.93369,0.18155,0,0.072895,0.584493,4.4028,0.624757,0.340958,0.696011,2.68618,0.135337,0.213116,0,0.556894,0.00544164,0,-0.000563901,0.254705,0.967318,0.213046,0.049632,0.0530636,0.00442429,0.00364494,0.446525,0.0483172,3.97486,-0.205436,9.86133,0.660446,0.59337,-5.89759,-0.333333,-0.0603256,0.647695,3.20833,13.5,0,0,5.54167,5.58333,0,-8.8386,0.0001,-0.00211441,0.0544718,1.72329,0.122238,53265,0.15246,192.83,1.78356
4171,0.13095,0.485381,0.00524561,0.00524561,0.185491,0.123905,0.827933,0.51098,0.052435,0.0169404,0.0502347,0.215639,0.0512055,0,0.82055,0.0424731,1.95596,0.181506,0,0.0733606,0.573066,4.38929,0.623519,0.342024,0.694028,2.68844,0.137684,0.21413,0,0.601514,0.00314577,0,-0.000464488,0.257789,0.967078,0.212203,0.0497425,0.0530642,0.0045898,0.00379039,0.448462,0.0484543,3.93635,-0.0018534,9.96196,0.657585,0.595051,-6.05187,-0.333333,-0.0600679,0.653022,3.54167,14.1667,0,0,6.20833,6.91667,0,-8.84032,0.0001,-0.0024514,0.0585791,1.9584,0.13121,47044,0.152448,194.3,1.83167
4172,0.13387,0.504005,0.00521908,0.00521908,0.189749,0.128209,0.82721,0.526291,0.0522272,0.017618,0.0499852,0.214828,0.0498363,0,0.820043,0.0441958,1.95384,0.18397,0,0.0732969,0.579494,4.39994,0.625539,0.345362,0.688735,2.67031,0.139832,0.213131,0,0.615807,0.00389493,0,-0.000528891,0.250181,0.967398,0.215256,0.0494912,0.0528003,0.00437099,0.00358491,0.44797,0.0481728,4.01644,-0.160096,9.98049,0.657283,0.594482,-6.05185,-0.333333,-0.061656,0.677361,3.20833,13.8333,0,0,5.5,5.45833,0,-8.8412,0.0001,0.00193475,0.0584757,1.73938,0.1378,52367,0.152457,191.1,1.61095
4173,0.128804,0.481167,0.00524109,0.00524109,0.18758,0.122813,0.827977,0.503309,0.0526453,0.017319,0.050351,0.213727,0.052583,0,0.812614,0.0412384,1.95071,0.18989,0,0.0746292,0.580405,4.38571,0.623452,0.342677,0.693772,2.68933,0.135004,0.211866,0,0.564224,0.00299145,0,-0.000437232,0.253006,0.966978,0.210455,0.0498453,0.0532871,0.00411855,0.00333846,0.443561,0.0485278,3.93886,0.0309605,10.0997,0.655329,0.601232,-6.0926,-0.333333,-0.0607723,0.64774,3.58333,15.375,0,0,6.375,7.08333,0,-8.8392,0.0001,-0.00238001,0.0565077,1.68296,0.128797,54258,0.152496,192.3,1.77238
4174,0.127779,0.478517,0.00527668,0.00527668,0.184269,0.122441,0.828893,0.503223,0.0528656,0.0166754,0.0505571,0.215247,0.0512797,0,0.814233,0.0415054,1.9719,0.187572,0,0.0746693,0.571347,4.37081,0.621377,0.338442,0.693571,2.70461,0.134322,0.213347,0,0.588204,0.00578704,0,-0.000384044,0.254087,0.967506,0.206475,0.0501062,0.0535053,0.00401973,0.00319396,0.443994,0.0488001,4.05302,0.284347,10.0809,0.654733,0.596782,-6.13812,-0.333333,-0.059556,0.643144,2.875,12.75,0,0,5.625,7.20833,0,-8.83519,0.0001,-0.000421509,0.0551467,1.72832,0.128119,52952,0.152546,190.39,1.36585
4175,0.12333,0.456316,0.00527905,0.00527905,0.186326,0.116574,0.829136,0.478527,0.0529495,0.016556,0.0506597,0.214778,0.0535648,0,0.812835,0.0388974,1.95476,0.191557,0,0.0752605,0.574262,4.35524,0.619818,0.338069,0.696448,2.70924,0.129054,0.213073,0,0.525616,0.00408692,0,-0.000394806,0.252785,0.967401,0.205597,0.0501612,0.0535481,0.00430853,0.00348235,0.443373,0.0488634,4.0329,0.323839,10.0808,0.655116,0.593052,-6.15152,-0.333333,-0.0601945,0.615091,3.20833,13.2917,0,0,5.70833,6.83333,0,-8.8323,0.0001,-0.00216552,0.0548572,1.78727,0.176057,50070,0.152561,188.25,1.0097
4176,0.126931,0.471758,0.0052655,0.0052655,0.183833,0.120503,0.829051,0.488443,0.0530111,0.016846,0.0506862,0.215675,0.0517033,0,0.815827,0.0396096,1.94841,0.185,0,0.075393,0.569665,4.36083,0.620306,0.339768,0.694391,2.70397,0.131566,0.213541,0,0.55089,0.00354771,0,-0.000444103,0.258445,0.967559,0.208007,0.0501083,0.0535715,0.00485546,0.00404165,0.444759,0.0488326,4.02418,0.349573,10.1263,0.653686,0.600188,-6.16545,-0.333333,-0.0594692,0.636204,2.45833,12.0833,0,0,5.5,5.66667,0,-8.83034,0.0001,-0.0016749,0.0537822,1.84792,0.128376,49741,0.152596,192.62,1.61838
4177,0.131352,0.494956,0.00524454,0.00524454,0.185903,0.126115,0.829206,0.522766,0.0525317,0.0170638,0.0503178,0.213708,0.0508105,0,0.81419,0.0435408,1.93215,0.183265,0,0.0734252,0.578009,4.39679,0.623143,0.342205,0.691646,2.69105,0.13882,0.212143,0,0.6481,0,0,-0.000528288,0.256306,0.96711,0.213799,0.0497548,0.0530949,0.00460193,0.00384367,0.446998,0.0484843,3.97959,-0.00410909,9.93367,0.658648,0.592308,-6.08053,-0.333333,-0.0603719,0.668373,3.70833,13.5833,0,0,6.33333,5,0,-8.82767,0.0001,-0.00146923,0.0591448,1.77258,0.12489,51807,0.152598,192.95,1.7428
4178,0.131192,0.49216,0.00524715,0.00524715,0.188479,0.125966,0.829733,0.513215,0.0521629,0.0181345,0.0499817,0.216209,0.0482193,0,0.819859,0.0424151,1.91827,0.180134,0,0.0720107,0.581397,4.39817,0.62558,0.3418,0.692698,2.67271,0.136633,0.2143,0,0.587293,0.0045078,0,-0.000605703,0.253102,0.967012,0.214057,0.0495209,0.0528187,0.00465304,0.00381966,0.452892,0.0481717,4.13377,-0.464456,9.84815,0.662589,0.595769,-5.75234,-0.333333,-0.0609211,0.6645,3.45833,14.7917,0,0,5.45833,5.45833,0,-8.82702,0.0001,-0.00170549,0.0575231,1.65387,0.122565,55337,0.152624,190.34,1.51429
4179,0.133329,0.500315,0.00522495,0.00522495,0.190165,0.128413,0.828371,0.521328,0.0519677,0.0187782,0.049778,0.215623,0.0505592,0,0.821065,0.0429139,1.92059,0.181345,0,0.072954,0.581709,4.4194,0.628427,0.344442,0.688392,2.6517,0.13904,0.213906,0,0.609366,0.00166667,0,-0.000605209,0.253745,0.967075,0.21743,0.0493634,0.0526898,0.00472181,0.00397248,0.452837,0.0480126,4.08549,-0.59663,9.83562,0.663642,0.600616,-5.71807,-0.333333,-0.0613432,0.67534,2.91667,15.0833,0,0,4.58333,6.41667,0,-8.82378,0.0001,-0.000704849,0.0611005,1.71033,0.130951,53389,0.152633,192.01,1.79271
4180,0.129407,0.482884,0.0052506,0.0052506,0.189214,0.123218,0.828317,0.503874,0.0521366,0.0174677,0.0499232,0.216025,0.054564,0,0.820992,0.0421808,1.94208,0.186348,0,0.0746598,0.578208,4.41711,0.62657,0.341765,0.690812,2.67053,0.135571,0.214229,0,0.590585,0,0,-0.000562045,0.259053,0.967512,0.216614,0.0494592,0.0527797,0.00512434,0.00437362,0.451281,0.048199,4.12033,-0.274364,9.79183,0.663348,0.597797,-5.88221,-0.333333,-0.061298,0.651456,3.04167,13.8333,0,0,5.20833,5.75,0,-8.82378,0.0001,-0.000886191,0.0596678,1.91036,0.126198,48269,0.152607,191.48,1.71883
4181,0.132024,0.496813,0.00522134,0.00522134,0.190785,0.126582,0.827517,0.519685,0.0521941,0.0173857,0.0499793,0.216835,0.0512701,0,0.827993,0.0435098,1.93767,0.183395,0,0.0729999,0.581454,4.41581,0.626482,0.344935,0.688606,2.67,0.13813,0.215239,0,0.590148,0.00352012,0,-0.000594628,0.253533,0.967577,0.217521,0.049466,0.0527219,0.00470133,0.00391166,0.448974,0.0481716,3.99164,-0.121833,9.91531,0.659203,0.593983,-6.03017,-0.333333,-0.0619612,0.669151,3.25,15.0417,0,0,6.45833,6.33333,0,-8.82426,0.0001,-0.00207261,0.0551397,1.74987,0.138192,52066,0.152631,192.02,1.75405
4182,0.130225,0.491134,0.00522599,0.00522599,0.187047,0.125353,0.827496,0.516395,0.0520616,0.0178267,0.0498458,0.215718,0.0520344,0,0.821426,0.0433021,1.93682,0.18336,0,0.0733285,0.573953,4.40247,0.627306,0.344389,0.685998,2.65821,0.136975,0.213919,0,0.611932,0.00645221,0,-0.000627943,0.257442,0.967363,0.217796,0.0492954,0.0526255,0.00477425,0.00396662,0.45049,0.048024,3.9337,-0.325914,9.85703,0.661093,0.594921,-5.89556,-0.333333,-0.0606066,0.661866,3.91667,14.375,0,0,5.29167,6.75,0,-8.8209,0.0001,-0.00146324,0.0529324,1.75719,0.127761,52151,0.152651,192.96,1.55079
4183,0.134819,0.508308,0.00521112,0.00521112,0.192503,0.129483,0.828035,0.53251,0.0519582,0.017862,0.0497554,0.213048,0.0519856,0,0.815481,0.0449629,1.93576,0.183537,0,0.0735609,0.585826,4.42288,0.629124,0.346272,0.687894,2.65471,0.141154,0.211434,0,0.652583,0.00143678,0,-0.000622113,0.253686,0.967348,0.218826,0.049269,0.0525738,0.00478562,0.00406321,0.451696,0.0479719,3.91952,-0.426082,9.87181,0.660687,0.596927,-5.89539,-0.333333,-0.0625668,0.686322,3.79167,14.9583,0,0,5.20833,5.83333,0,-8.81908,0.0001,-0.00245509,0.0543921,1.6928,0.123468,54124,0.152653,192.64,1.71371
4184,0.127792,0.476847,0.00525639,0.00525639,0.188172,0.122159,0.82833,0.497227,0.0521515,0.0177026,0.0499816,0.216222,0.0514169,0,0.819843,0.0411115,1.93354,0.186115,0,0.0735484,0.578408,4.4037,0.626399,0.340706,0.690355,2.67545,0.133779,0.214523,0,0.556708,0.00134409,0,-0.000582056,0.253175,0.966672,0.213512,0.0495704,0.0528023,0.00433827,0.00353639,0.450915,0.048196,4.13155,-0.448591,9.82193,0.663847,0.595541,-5.75053,-0.333333,-0.0607588,0.642401,3.04167,13.5833,0,0,4.25,4.75,0,-8.81733,0.0001,-0.00152267,0.0552085,1.71362,0.123979,53495,0.15266,189.35,1.45492
4185,0.131281,0.487511,0.00524744,0.00524744,0.18522,0.124792,0.828396,0.511956,0.0518285,0.0184809,0.0497477,0.215698,0.0535963,0,0.819012,0.0424527,1.92198,0.185361,0,0.0733125,0.576327,4.39228,0.62475,0.341683,0.692365,2.67814,0.138031,0.213964,0,0.618024,0,0,-0.000529168,0.2603,0.966365,0.21499,0.0494182,0.0526984,0.00466382,0.00387343,0.44791,0.0480409,3.98046,-0.867946,9.7003,0.667658,0.598506,-5.48842,-0.333333,-0.0599341,0.655903,3.91667,14.375,0,0,4.70833,4.625,0,-8.8139,0.0001,-0.000827854,0.0576831,2.02373,0.135331,45530,0.152706,192.05,1.40064
4186,0.130022,0.485083,0.00526898,0.00526898,0.186059,0.124569,0.829231,0.508635,0.0520345,0.0184816,0.0499422,0.216032,0.05224,0,0.818038,0.0419834,1.91815,0.188156,0,0.0733348,0.580815,4.39412,0.624035,0.339199,0.695275,2.68628,0.136678,0.214355,0,0.579668,0,0,-0.000598717,0.25732,0.966228,0.212061,0.0495614,0.0528076,0.00434408,0.00358737,0.449814,0.0481643,4.01831,-0.771567,9.71721,0.66751,0.596902,-5.49505,-0.333333,-0.0599989,0.653458,3.95833,16.2917,0,0,4.625,5.125,0,-8.80894,0.0001,-0.000650415,0.0596001,1.74713,0.128525,52410,0.152767,189.69,1.53548
4187,0.130927,0.489168,0.00523746,0.00523746,0.188432,0.124993,0.828033,0.518141,0.0518454,0.0183985,0.0497443,0.216141,0.0511358,0,0.823106,0.0435042,1.92531,0.182838,0,0.0727772,0.578709,4.40707,0.62558,0.343088,0.691241,2.66794,0.13864,0.214605,0,0.600199,0.00947754,0,-0.000551491,0.253792,0.966357,0.21652,0.0493577,0.0525794,0.00489399,0.00411416,0.452331,0.0480157,4.19163,-0.720909,9.74787,0.665778,0.596111,-5.60205,-0.333333,-0.0610158,0.659121,3.95833,15.5833,0,0,4.45833,4.95833,0,-8.80326,0.0001,-0.00242618,0.0611002,1.73501,0.126325,52813,0.152784,192.86,1.75492
4188,0.13328,0.501464,0.00526118,0.00526118,0.184777,0.12764,0.828698,0.525767,0.0517711,0.0181789,0.049694,0.215345,0.0533374,0,0.81818,0.0451954,1.94108,0.188947,0,0.0745749,0.575702,4.40709,0.625834,0.340624,0.688868,2.67202,0.139675,0.213589,0,0.626372,0.0103472,0,-0.000552417,0.262116,0.966396,0.216022,0.0493975,0.0525184,0.00444598,0.00363666,0.451466,0.0480148,4.159,-0.597547,9.70192,0.668208,0.594786,-5.62382,-0.333333,-0.0600292,0.675577,3.125,14.2917,0,0,3.70833,5.66667,0,-8.79986,0.0001,-0.00125489,0.0626043,1.65741,0.12729,55081,0.152795,193.01,1.67175
4189,0.129223,0.484581,0.00525671,0.00525671,0.186969,0.124148,0.829161,0.503891,0.0522548,0.0183881,0.0500662,0.215844,0.0530429,0,0.819022,0.0417184,1.92683,0.18601,0,0.0744608,0.574396,4.38717,0.624055,0.340467,0.692617,2.68323,0.134142,0.214098,0,0.573767,0.00406746,0,-0.000569487,0.258884,0.966467,0.212183,0.0496163,0.0529586,0.00506661,0.00432802,0.448211,0.0482911,3.98997,-0.449331,9.90355,0.662934,0.60005,-5.68214,-0.333333,-0.060328,0.651607,3.5,16.2083,0,0,5.16667,5.58333,0,-8.79678,0.0001,-0.00217001,0.059898,1.68917,0.250592,50678,0.152795,194.01,1.95244
4190,0.130299,0.48928,0.00523042,0.00523042,0.187755,0.124736,0.82754,0.510068,0.0522695,0.0175926,0.050029,0.217057,0.0526572,0,0.826812,0.0425521,1.95227,0.185632,0,0.0744598,0.573806,4.40556,0.626292,0.343998,0.688358,2.67112,0.136131,0.215261,0,0.58209,0.00294665,0,-0.000543349,0.258484,0.967224,0.21513,0.0494897,0.052874,0.00515267,0.00433897,0.448979,0.048184,4.15038,-0.110543,10.0015,0.65854,0.60004,-5.95214,-0.333333,-0.0609511,0.658505,3.58333,14.5417,0,0,6.16667,6.5,0,-8.79571,0.0001,-0.0023551,0.0566968,1.85898,0.147078,49003,0.152838,192.44,1.56852
4191,0.129269,0.484392,0.00524935,0.00524935,0.184782,0.123495,0.828155,0.510693,0.0521536,0.0177336,0.0499643,0.214237,0.0531422,0,0.81479,0.0424642,1.93701,0.187334,0,0.0749278,0.576888,4.39555,0.624852,0.341775,0.691718,2.67723,0.136229,0.212457,0,0.607334,0.00496032,0,-0.000520815,0.259802,0.966777,0.213067,0.0495392,0.0528195,0.00497913,0.00421064,0.448348,0.0482424,4.12585,-0.234163,9.92538,0.661313,0.599135,-5.85648,-0.333333,-0.0599067,0.652519,3.33333,13.9583,0,0,4.95833,5.625,0,-8.79253,0.0001,-0.00237846,0.0595171,1.69412,0.123841,54073,0.152878,193.19,1.52449
4192,0.135274,0.505892,0.00521424,0.00521424,0.190027,0.128658,0.827538,0.524786,0.0522277,0.0176397,0.0500032,0.216229,0.0498985,0,0.826537,0.0445451,1.94298,0.181584,0,0.0727444,0.582747,4.41664,0.627088,0.345721,0.690749,2.67163,0.140601,0.214639,0,0.605694,0.0108553,0,-0.000556829,0.254403,0.967591,0.215665,0.0495176,0.0528537,0.00473951,0.004002,0.448475,0.0482156,3.96254,-0.173164,9.99105,0.657008,0.594463,-5.96865,-0.333333,-0.0617768,0.678517,2.875,13.0833,0,0,5,5.41667,0,-8.79041,0.0001,-0.00139974,0.062465,1.6778,0.127078,54465,0.15289,191.79,1.62556
4193,0.129118,0.480362,0.00522501,0.00522501,0.185245,0.12216,0.827275,0.504923,0.0523853,0.0175076,0.0501326,0.214244,0.0535895,0,0.818568,0.0419706,1.96116,0.187052,0,0.0750667,0.576443,4.38982,0.62432,0.344524,0.689704,2.67369,0.135974,0.212718,0,0.552845,0.0074768,0,-0.000512181,0.259347,0.967108,0.213464,0.0495983,0.0530056,0.00496501,0.00427102,0.445599,0.0483344,3.98091,-0.0483607,10.0435,0.656896,0.600373,-6.0275,-0.333333,-0.0602127,0.645731,3.375,14.5417,0,0,5.375,6.20833,0,-8.789,0.0001,-0.00183826,0.062183,1.73265,0.130952,52749,0.152909,191.26,1.36364
4194,0.124754,0.464232,0.00526618,0.00526618,0.180793,0.11909,0.828314,0.488018,0.0523187,0.0177077,0.0501048,0.213815,0.0569423,0,0.809818,0.0393932,1.93936,0.196167,0,0.0768224,0.571183,4.3719,0.621963,0.339713,0.691717,2.69576,0.131472,0.212076,0,0.548484,0.00434492,0,-0.000467125,0.260914,0.966754,0.20942,0.0497557,0.0530656,0.00434936,0.00356353,0.44323,0.0483864,4.04616,-0.206592,9.95269,0.661408,0.601032,-5.83228,-0.333333,-0.0582955,0.624983,3,13.7917,0,0,4.58333,5.875,0,-8.78607,0.0001,-0.002243,0.0574409,1.70874,0.22621,50804,0.152919,192.95,1.67997
4195,0.130111,0.487383,0.00524895,0.00524895,0.186126,0.124075,0.828703,0.51161,0.052721,0.0171385,0.0504359,0.216245,0.0482116,0,0.822001,0.0428879,1.95269,0.181604,0,0.0730856,0.573493,4.38327,0.622966,0.341725,0.691191,2.69112,0.13642,0.21441,0,0.581635,0.00160256,0,-0.000489972,0.253842,0.967149,0.21024,0.049929,0.0532967,0.00430418,0.00348864,0.446428,0.0485744,4.19453,0.213719,10.0724,0.656352,0.595976,-6.09578,-0.333333,-0.0604087,0.65653,3.04167,14.1667,0,0,5.375,6.58333,0,-8.78481,0.0001,-0.00124027,0.0608959,1.91457,0.126275,48168,0.152929,189.47,1.42866
4196,0.130586,0.481004,0.00525532,0.00525532,0.186684,0.122401,0.827512,0.503736,0.0525999,0.0174084,0.0503743,0.217959,0.0502876,0,0.828173,0.0423611,1.95409,0.183125,0,0.073998,0.571484,4.37871,0.621972,0.341037,0.691306,2.69963,0.136551,0.21632,0,0.5905,0.00558036,0,-0.000508004,0.254622,0.96667,0.211037,0.0499102,0.0532487,0.00439174,0.00358357,0.448975,0.0485536,4.18297,-0.0691816,9.96451,0.660574,0.600175,-5.93649,-0.333333,-0.0605906,0.646359,3.70833,15,0,0,5.16667,5.83333,0,-8.78424,0.0001,-0.00249484,0.0586334,1.72441,0.123782,53189,0.152931,192.39,1.37228
4197,0.130976,0.49486,0.00524022,0.00524022,0.186451,0.126299,0.828361,0.517506,0.0528233,0.0172619,0.0504905,0.217571,0.0503755,0,0.827481,0.0427168,1.9515,0.183483,0,0.074463,0.572089,4.38739,0.623443,0.34279,0.692537,2.68627,0.136804,0.21578,0,0.592317,0.00277778,0,-0.000529573,0.254867,0.967207,0.209789,0.0499179,0.0533898,0.0048233,0.00406787,0.44648,0.0485876,4.13979,0.189237,10.1502,0.653225,0.596764,-6.09657,-0.333333,-0.0603989,0.665906,3.125,14.1667,0,0,5.41667,6.54167,0,-8.78075,0.0001,-0.00263692,0.0586608,1.64309,0.127295,55526,0.153043,192.02,1.69363
4198,0.130921,0.487095,0.00525178,0.00525178,0.186168,0.124269,0.827875,0.511551,0.0524951,0.0172871,0.0502352,0.214982,0.0531504,0,0.81634,0.042585,1.95444,0.188027,0,0.0749389,0.572868,4.37194,0.622883,0.341491,0.692259,2.68358,0.137323,0.213009,0,0.571299,0.00389493,0,-0.000478952,0.25842,0.967049,0.210719,0.049755,0.0531371,0.00456146,0.00375098,0.444611,0.0484089,4.00337,-0.000983072,10.029,0.657662,0.598815,-5.99191,-0.333333,-0.0603916,0.654311,3.25,15.3333,0,0,5.25,6.5,0,-8.77139,0.0001,-0.00251643,0.0581447,1.64535,0.128956,55404,0.153142,192,1.51474
4199,0.130554,0.488744,0.0052472,0.0052472,0.186505,0.124337,0.827387,0.510359,0.0524438,0.0174306,0.0502169,0.216243,0.0514313,0,0.822072,0.0431901,1.95728,0.183587,0,0.0733684,0.571684,4.38917,0.622955,0.341932,0.692673,2.69556,0.135956,0.214446,0,0.578828,0.0077477,0,-0.000478963,0.260686,0.967104,0.21175,0.0497784,0.0531062,0.00488613,0.00407953,0.447739,0.0484675,4.09343,-0.0491086,9.95658,0.660147,0.599617,-5.97787,-0.333333,-0.060598,0.657205,3.16667,13.0833,0,0,4.875,6.125,0,-8.76488,0.0001,-0.0023957,0.0553678,1.9118,0.137854,47961,0.153191,193.68,1.78308
4200,0.129432,0.487286,0.00521509,0.00521509,0.184976,0.12351,0.826561,0.51413,0.0526294,0.017091,0.0503067,0.216519,0.0513171,0,0.826664,0.0433409,1.96751,0.181031,0,0.074366,0.571656,4.3947,0.625268,0.345879,0.685585,2.67173,0.13707,0.214568,0,0.554039,0.0109942,0,-0.000457016,0.257288,0.967305,0.213458,0.0498441,0.0532584,0.00445245,0.00359733,0.4458,0.0485188,3.91121,0.275151,10.1797,0.653156,0.601154,-6.21492,-0.333333,-0.0602875,0.653686,3.375,13.75,0,0,5.70833,5.875,0,-8.76285,0.0001,-0.00121773,0.0563999,1.71304,0.126534,53438,0.153173,193.78,1.55395
4201,0.133112,0.498285,0.00522484,0.00522484,0.186498,0.126413,0.826758,0.522541,0.0525602,0.0169791,0.0503016,0.214025,0.0502006,0,0.817972,0.0442619,1.9511,0.181152,0,0.0735202,0.573809,4.38345,0.623214,0.344804,0.690068,2.68522,0.139489,0.212308,0,0.617676,0.00340278,0,-0.0004407,0.256063,0.966944,0.212153,0.0498319,0.0531927,0.00413162,0.00336728,0.44376,0.0485088,3.76133,0.0591323,10.0858,0.654246,0.592602,-6.11391,-0.333333,-0.0607649,0.669081,3.08333,13.1667,0,0,5.41667,6.79167,0,-8.76319,0.0001,-0.00192844,0.0626049,1.90494,0.13357,48223,0.153135,192.68,1.63085
4202,0.131227,0.487256,0.00521879,0.00521879,0.187542,0.123682,0.826851,0.509378,0.0526686,0.0172037,0.0503381,0.215809,0.0518952,0,0.822664,0.0424764,1.96014,0.183194,0,0.0744005,0.573431,4.39237,0.62483,0.345447,0.689162,2.67073,0.136988,0.213616,0,0.554914,0.0100379,0,-0.000532696,0.259797,0.967627,0.212998,0.0497341,0.0531941,0.0051027,0.00427766,0.448123,0.0484847,3.94708,0.34998,10.201,0.650483,0.595629,-6.27124,-0.333333,-0.0610307,0.65283,3.125,12.75,0,0,4.875,7.45833,0,-8.76457,0.0001,-0.00225053,0.0581772,1.7673,0.149204,51293,0.153089,195.48,1.69859
4203,0.13508,0.506587,0.00521386,0.00521386,0.190648,0.128761,0.827308,0.52717,0.0524756,0.0174766,0.0502063,0.216462,0.0498344,0,0.827764,0.0445089,1.9517,0.183874,0,0.0735719,0.577111,4.38632,0.623972,0.34609,0.689665,2.67813,0.140839,0.214716,0,0.59926,0.00712357,0,-0.000503101,0.252701,0.96689,0.214058,0.0496824,0.0531066,0.00373751,0.00301015,0.446823,0.0483182,3.81978,-0.028141,10.0984,0.653979,0.59587,-6.07398,-0.333333,-0.0620505,0.680306,3.91667,14.1667,0,0,6.04167,5.875,0,-8.76667,0.0001,-0.00308469,0.0663423,1.68353,0.125641,54336,0.153084,190.82,1.49903
4204,0.132378,0.491765,0.00523764,0.00523764,0.186258,0.125694,0.827849,0.513417,0.0523474,0.0176625,0.0501403,0.216992,0.0493469,0,0.825951,0.0426914,1.94856,0.183081,0,0.0731067,0.57194,4.38453,0.623277,0.342908,0.69055,2.69416,0.138088,0.215331,0,0.601603,0.00568182,0,-0.000562029,0.255137,0.966662,0.210794,0.04973,0.0530332,0.00400441,0.0032663,0.446934,0.0483606,3.88301,-0.254962,9.96039,0.658683,0.596808,-5.85394,-0.333333,-0.0603121,0.66118,3.83333,15.0833,0,0,5.04167,6.33333,0,-8.76522,0.0001,-0.00219478,0.0628511,1.68357,0.122735,54422,0.153064,190.8,1.48641
4205,0.128264,0.478395,0.00524978,0.00524978,0.186127,0.121816,0.827665,0.501161,0.0520633,0.0179278,0.0499052,0.216269,0.0528312,0,0.82168,0.0422417,1.94681,0.188277,0,0.0745215,0.575445,4.39071,0.623917,0.341644,0.691921,2.68303,0.134359,0.214318,0,0.555291,0.0127731,0,-0.000513806,0.260827,0.966508,0.213082,0.049537,0.0528319,0.00458688,0.00381822,0.449131,0.0481879,3.95605,-0.451502,9.84834,0.662941,0.597103,-5.73149,-0.333333,-0.060343,0.642466,3.20833,16,0,0,4.33333,6.33333,0,-8.7644,0.0001,-0.00209782,0.0559376,1.74767,0.132197,52293,0.153045,190.9,1.24517
4206,0.133909,0.501536,0.00521629,0.00521629,0.187118,0.127944,0.827741,0.52837,0.0515227,0.0193089,0.0494586,0.214824,0.051488,0,0.820697,0.0447535,1.94825,0.185428,0,0.0734122,0.577398,4.41632,0.628242,0.345712,0.68603,2.65205,0.141176,0.213169,0,0.585539,0.00831553,0,-0.000640527,0.257318,0.966049,0.21878,0.0491404,0.052367,0.00443106,0.003681,0.450584,0.0477412,3.84553,-1.12925,9.67584,0.669004,0.601673,-5.43541,-0.333333,-0.0607143,0.676018,3.20833,15.75,0,0,4.125,4.58333,0,-8.7633,0.0001,-0.00128557,0.0545627,1.96807,0.132838,46791,0.153045,193.39,1.77712
4207,0.134785,0.507396,0.0052233,0.0052233,0.189806,0.129534,0.827836,0.529738,0.0517772,0.0188611,0.0496928,0.215474,0.0499005,0,0.822646,0.0446186,1.92351,0.179748,0,0.0719418,0.578816,4.39727,0.625433,0.344602,0.690784,2.67094,0.140816,0.213822,0,0.6231,0.00385802,0,-0.000615632,0.255248,0.966141,0.216036,0.0492829,0.0525276,0.00472058,0.00402685,0.450246,0.0479302,3.80971,-0.847303,9.76262,0.664556,0.597099,-5.59552,-0.333333,-0.0615065,0.684636,3.875,15.25,0,0,4.25,4.83333,0,-8.76186,0.0001,-0.00116732,0.0566874,1.73348,0.132853,52672,0.153063,192.93,1.61741
4208,0.129755,0.482473,0.00524216,0.00524216,0.183901,0.123121,0.826814,0.506356,0.0521778,0.0178605,0.050031,0.215326,0.054631,0,0.820489,0.0421944,1.95757,0.189595,0,0.0748196,0.571362,4.38931,0.623809,0.342528,0.691011,2.68304,0.135886,0.213894,0,0.559621,0.00189394,0,-0.000464476,0.263505,0.966797,0.214232,0.0496118,0.0529656,0.0044875,0.00381629,0.448263,0.0483123,3.77679,-0.396245,9.80173,0.662241,0.594645,-5.82246,-0.333333,-0.0595956,0.64675,3.29167,14.125,0,0,4.45833,5.375,0,-8.75995,0.0001,-0.0025793,0.0584398,1.66575,0.127104,54831,0.153059,191.95,1.59084
4209,0.130423,0.489543,0.00526166,0.00526166,0.185474,0.124852,0.828859,0.50986,0.0519086,0.0182875,0.0498412,0.214788,0.0529079,0,0.816335,0.0432463,1.92149,0.187804,0,0.0737881,0.576031,4.40099,0.625175,0.340161,0.693393,2.68161,0.135573,0.2133,0,0.601967,0.00608103,0,-0.000502609,0.261691,0.965962,0.212678,0.0495787,0.0527386,0.00436081,0.00365258,0.447888,0.0482038,3.88843,-0.7712,9.68097,0.66855,0.596886,-5.53623,-0.333333,-0.0601181,0.659669,3.75,15.5417,0,0,3.91667,4.66667,0,-8.75725,0.0001,-0.00188534,0.0586447,1.65432,0.122344,55330,0.15307,190.52,1.49382
4210,0.133042,0.493494,0.00524686,0.00524686,0.185083,0.126357,0.828908,0.514656,0.0519155,0.0186091,0.0498433,0.216843,0.0510426,0,0.825359,0.0425079,1.93517,0.1856,0,0.0730207,0.574165,4.39001,0.624851,0.341977,0.690798,2.68036,0.138444,0.215403,0,0.589626,0.00362654,0,-0.000567623,0.259155,0.966166,0.212472,0.0495013,0.0527241,0.00456119,0.003783,0.449036,0.048132,3.84927,-0.79612,9.72924,0.666484,0.59658,-5.56339,-0.333333,-0.059834,0.664253,3.625,14.8333,0,0,3.625,4.875,0,-8.7541,0.0001,-0.00306224,0.0596263,1.71311,0.179653,51936,0.153104,191.31,1.97452
4211,0.134866,0.508496,0.00522659,0.00522659,0.189578,0.129539,0.82805,0.528901,0.0523458,0.0182506,0.0501244,0.216714,0.0498759,0,0.826672,0.0442151,1.93745,0.179583,0,0.072808,0.580179,4.40596,0.626357,0.344622,0.689752,2.66846,0.140804,0.214922,0,0.621106,0.00462963,0,-0.000533671,0.255457,0.966513,0.214558,0.0496458,0.0530816,0.00447195,0.00369886,0.446464,0.0483005,3.88651,-0.366332,9.94669,0.660334,0.597602,-5.85227,-0.333333,-0.0616196,0.684904,2.875,14.5,0,0,5.125,5.29167,0,-8.75019,0.0001,-0.000700354,0.0617599,1.85657,0.130917,49461,0.153118,191.06,1.43927
4212,0.132176,0.496122,0.00524111,0.00524111,0.188338,0.12672,0.828443,0.514195,0.0523415,0.0182223,0.0501627,0.217146,0.0499383,0,0.824968,0.0427348,1.94236,0.180469,0,0.0730999,0.575865,4.39702,0.62543,0.342489,0.690647,2.67604,0.137356,0.215447,0,0.580571,0.00173611,0,-0.000564367,0.252416,0.96674,0.212418,0.0496779,0.0530306,0.0043894,0.00356558,0.447848,0.0482969,3.96973,-0.436287,9.89349,0.661695,0.600386,-5.75155,-0.333333,-0.0609602,0.667995,3.04167,15.0417,0,0,4.70833,6.29167,0,-8.74758,0.0001,-0.00275125,0.0544439,1.73872,0.126463,52704,0.153106,192.06,1.60082
4213,0.135068,0.510297,0.00522532,0.00522532,0.190433,0.130207,0.828201,0.530382,0.0520874,0.0183432,0.0498808,0.2172,0.0496729,0,0.828785,0.0443285,1.94561,0.18494,0,0.0737764,0.577296,4.40791,0.626965,0.344529,0.689147,2.66917,0.140669,0.21564,0,0.601952,0.0097387,0,-0.000587591,0.253199,0.966336,0.215359,0.049389,0.0527266,0.00432781,0.00353816,0.450692,0.0479733,4.10614,-0.385381,9.9388,0.660158,0.597158,-5.79012,-0.333333,-0.0617921,0.687516,3.58333,16.125,0,0,4.91667,6.125,0,-8.74514,0.0001,-0.00234342,0.0594409,1.71268,0.12644,53451,0.153099,193.12,1.83079
4214,0.133654,0.496057,0.00523874,0.00523874,0.187331,0.126263,0.82784,0.516686,0.0522747,0.0182158,0.0500899,0.216071,0.0502451,0,0.824151,0.0435332,1.95018,0.183587,0,0.0733398,0.575623,4.40038,0.624971,0.343091,0.689776,2.67682,0.139472,0.214593,0,0.588322,0.00552048,0,-0.000538625,0.256168,0.966766,0.21414,0.0495878,0.0529603,0.00399134,0.00322329,0.446022,0.0482203,3.79442,-0.359595,9.86664,0.662071,0.595629,-5.84099,-0.333333,-0.0608643,0.666688,3.125,14.75,0,0,5,5.91667,0,-8.74267,0.0001,-0.00218036,0.0563777,1.71254,0.123694,53535,0.153136,192.53,1.53571
4215,0.135511,0.50367,0.00521066,0.00521066,0.187695,0.12852,0.82764,0.526745,0.0522192,0.0180115,0.0499844,0.216275,0.0534791,0,0.827433,0.0444316,1.9427,0.183793,0,0.0741546,0.577158,4.40205,0.625461,0.34632,0.68977,2.66872,0.141664,0.214802,0,0.610956,0.00198413,0,-0.000550737,0.260824,0.966468,0.214334,0.0495112,0.0529438,0.00495063,0.00419439,0.446779,0.0481873,3.8101,-0.311032,10.0144,0.658282,0.60169,-5.88653,-0.333333,-0.0609381,0.678473,2.70833,14.0417,0,0,5.70833,5.375,0,-8.74048,0.0001,-0.00247427,0.0617471,1.81555,0.134174,50419,0.153125,192.29,1.5666
4216,0.135155,0.501611,0.00521069,0.00521069,0.19087,0.12765,0.827052,0.521947,0.0526487,0.0171589,0.0503301,0.218218,0.0508045,0,0.834519,0.0436519,1.94365,0.182147,0,0.0734103,0.576043,4.39627,0.625149,0.346203,0.690261,2.68045,0.14046,0.21657,0,0.594741,0.00630691,0,-0.000489633,0.253384,0.967415,0.212384,0.0498368,0.0532482,0.00455721,0.00377018,0.448841,0.048531,3.89376,0.125615,10.1551,0.652117,0.59761,-6.1575,-0.333333,-0.0620422,0.674316,2.66667,12.2083,0,0,5.75,5.625,0,-8.74249,0.0001,-0.00266139,0.0590596,1.741,0.121858,52770,0.153122,192.69,1.8002
4217,0.135667,0.504374,0.00520088,0.00520088,0.192826,0.128062,0.826675,0.52383,0.0524792,0.0174177,0.0501853,0.217813,0.0494483,0,0.834364,0.0442829,1.96879,0.180598,0,0.0734135,0.578884,4.40435,0.626104,0.347501,0.687492,2.66942,0.14093,0.216181,0,0.580531,0.0107774,0,-0.000533253,0.25248,0.967102,0.213663,0.0496924,0.0530734,0.00435603,0.00357553,0.446878,0.048352,3.8886,-0.00136672,10.1784,0.651842,0.600364,-6.13055,-0.333333,-0.0628171,0.678522,2.83333,13.1667,0,0,5.375,6.83333,0,-8.74314,0.0001,-0.00144339,0.0593457,1.70098,0.132731,53609,0.153135,194.38,1.88951
4218,0.131451,0.492407,0.00523327,0.00523327,0.189024,0.125458,0.829144,0.515195,0.0520039,0.0182626,0.0498567,0.216919,0.0519108,0,0.826448,0.0434209,1.9262,0.181684,0,0.073212,0.579263,4.41096,0.626984,0.343451,0.691386,2.66541,0.137404,0.215244,0,0.579104,0.0139734,0,-0.000615129,0.255936,0.966519,0.214365,0.0493924,0.0527071,0.00499414,0.0042187,0.448911,0.0480802,4.03781,-0.579827,9.84171,0.662381,0.594436,-5.69907,-0.333333,-0.0613205,0.664948,2.66667,13.8333,0,0,3.91667,5.70833,0,-8.7429,0.0001,-0.00254859,0.0610186,1.69331,0.12596,54034,0.153099,192.85,1.77405
4219,0.137746,0.521892,0.00521786,0.00521786,0.189843,0.132481,0.828033,0.545732,0.0518643,0.0182565,0.0497324,0.216423,0.0513796,0,0.827498,0.0468992,1.93668,0.183686,0,0.0733977,0.578212,4.41393,0.627575,0.345489,0.687361,2.65735,0.144293,0.214753,0,0.641544,0.00570988,0,-0.000584639,0.256751,0.966661,0.216629,0.0493313,0.0525532,0.00489889,0.00410155,0.44946,0.048004,3.97144,-0.571063,9.82846,0.66319,0.594761,-5.76223,-0.333333,-0.0618604,0.70487,3.08333,14.5833,0,0,4.41667,5.58333,0,-8.74289,0.0001,-0.00127087,0.0657136,1.66931,0.134189,54507,0.15308,192.5,1.8824
4220,0.13608,0.511095,0.00521961,0.00521961,0.189688,0.129946,0.828295,0.532898,0.0519456,0.0185851,0.0498169,0.217703,0.0519161,0,0.831832,0.0454051,1.93456,0.184973,0,0.0730061,0.581515,4.40521,0.626299,0.34539,0.690034,2.66706,0.142115,0.216074,0,0.584148,0.00864466,0,-0.000627437,0.255521,0.966705,0.214824,0.049396,0.0526578,0.00438641,0.00361535,0.445322,0.0480263,3.87334,-0.624953,9.81714,0.663294,0.597063,-5.71478,-0.333333,-0.0616803,0.690032,2.625,15.3333,0,0,4.70833,6.58333,0,-8.74202,0.0001,-0.00167432,0.062637,1.90458,0.128047,48363,0.15307,193.66,1.72469
4221,0.131579,0.491008,0.00524126,0.00524126,0.187624,0.12521,0.828387,0.513561,0.0518835,0.0186952,0.0497541,0.217755,0.052438,0,0.828405,0.0432042,1.93172,0.186765,0,0.0737042,0.57679,4.39759,0.62462,0.34268,0.691641,2.68015,0.137518,0.216101,0,0.587625,0.00405354,0,-0.000639505,0.256974,0.966156,0.213709,0.0493558,0.0526046,0.00463563,0.00381449,0.449673,0.0479543,4.01992,-0.773254,9.77296,0.665936,0.601596,-5.56323,-0.333333,-0.0607985,0.661389,2.70833,15.5833,0,0,4.75,5.33333,0,-8.74334,0.0001,-0.00132904,0.0612355,1.71411,0.130339,53297,0.153038,193.84,1.81554
4222,0.132252,0.498966,0.00523548,0.00523548,0.187212,0.12691,0.829124,0.522129,0.0518683,0.0186716,0.049731,0.216793,0.0534933,0,0.826395,0.044436,1.9213,0.187419,0,0.0740849,0.578414,4.40716,0.626236,0.343371,0.690168,2.66526,0.138218,0.215195,0,0.57587,0.0182672,0,-0.000561583,0.258158,0.966331,0.214613,0.0494248,0.052683,0.00479159,0.00404292,0.449732,0.0480688,4.01133,-0.777914,9.77808,0.665621,0.602983,-5.57795,-0.333333,-0.0607875,0.67379,3.70833,16.2917,0,0,5.20833,4.625,0,-8.7444,0.0001,-0.00168875,0.0575516,1.73717,0.13176,52599,0.153027,192.26,1.78415
4223,0.135396,0.503245,0.00521327,0.00521327,0.187851,0.128564,0.828658,0.530476,0.051479,0.0195073,0.0494442,0.215518,0.0523785,0,0.823488,0.0446149,1.91674,0.183155,0,0.0725844,0.578455,4.42179,0.62742,0.345862,0.688008,2.65766,0.143318,0.213988,0,0.601353,0.00400458,0,-0.000633574,0.258033,0.965836,0.216611,0.0491612,0.0523131,0.00454025,0.00377536,0.449835,0.0477272,3.82509,-1.16819,9.69342,0.668808,0.601536,-5.39624,-0.333333,-0.0608963,0.680535,3.54167,15.4167,0,0,3.83333,4.625,0,-8.74289,0.0001,-0.0023451,0.0554324,1.70665,0.125107,53666,0.153054,190.94,1.61227
4224,0.130968,0.491024,0.00527711,0.00527711,0.184164,0.125362,0.830309,0.511321,0.0516155,0.0193353,0.0496633,0.214143,0.051195,0,0.813369,0.0432309,1.88768,0.186414,0,0.072339,0.573939,4.39018,0.623227,0.338186,0.695058,2.69083,0.136394,0.212956,0,0.615332,0.0108735,0,-0.000651756,0.258892,0.965367,0.212131,0.0494392,0.0524813,0.0040511,0.00343897,0.447739,0.0479936,3.88768,-1.34223,9.43003,0.676724,0.591181,-5.15727,-0.333333,-0.05955,0.664208,2.66667,15.2917,0,0,2.95833,3.75,0,-8.73921,0.0001,-0.00221288,0.0588366,1.71006,0.129914,53426,0.153094,192.16,1.69998
4225,0.13312,0.501883,0.00525836,0.00525836,0.185503,0.12795,0.829843,0.527367,0.0519228,0.0185759,0.0498613,0.216296,0.0527703,0,0.821734,0.0453028,1.9161,0.18768,0,0.0736104,0.577954,4.39143,0.624548,0.340544,0.69192,2.68013,0.139505,0.214764,0,0.608964,0.0128871,0,-0.000585633,0.25863,0.965969,0.211933,0.0495564,0.0527203,0.00409616,0.00331445,0.447131,0.0481063,4.00825,-0.818316,9.74015,0.667755,0.597395,-5.47462,-0.333333,-0.0600966,0.678764,3.625,15.5833,0,0,4.04167,4.58333,0,-8.73782,0.0001,-0.00252301,0.0606962,1.94265,0.122791,47594,0.153095,190.63,1.67738
4226,0.129911,0.487347,0.0052541,0.0052541,0.181167,0.124007,0.828797,0.50864,0.051962,0.0183711,0.0498587,0.214757,0.0544836,0,0.816983,0.0429977,1.92527,0.189905,0,0.0749115,0.574534,4.40347,0.625063,0.341273,0.691082,2.67744,0.135793,0.213183,0,0.591492,0.0121432,0,-0.000670678,0.266863,0.9662,0.211999,0.0494345,0.0526204,0.00470596,0.00399893,0.449839,0.0480824,3.93675,-0.650341,9.7605,0.666224,0.598674,-5.61002,-0.333333,-0.0587971,0.657705,2.91667,14.75,0,0,4.70833,5,0,-8.73716,0.0001,0.000130758,0.0641889,1.80812,0.127669,50782,0.153119,190.74,1.47015
4227,0.134186,0.496358,0.00522322,0.00522322,0.189288,0.127154,0.829161,0.518989,0.0521813,0.0187351,0.0500065,0.217273,0.047738,0,0.829225,0.042918,1.92031,0.183372,0,0.072521,0.582675,4.40549,0.625978,0.344675,0.691196,2.67198,0.140134,0.215767,0,0.584178,0.00838016,0,-0.00063053,0.250624,0.9665,0.212913,0.049543,0.0528708,0.00376781,0.0030928,0.449041,0.0481096,3.87177,-0.627661,9.92936,0.660596,0.599511,-5.6759,-0.333333,-0.061202,0.671086,3.16667,13.9167,0,0,4.41667,5.25,0,-8.73354,0.0001,-0.00140903,0.0592406,1.6943,0.13093,53858,0.15316,192.26,1.72996
4228,0.135529,0.504058,0.00522461,0.00522461,0.188293,0.128691,0.829138,0.525178,0.0522819,0.0181353,0.0500939,0.216109,0.0514377,0,0.826033,0.0440411,1.9402,0.182554,0,0.0734487,0.578507,4.39878,0.624779,0.344483,0.690229,2.68282,0.141321,0.214772,0,0.583942,0.00609264,0,-0.000579227,0.256482,0.966161,0.21035,0.0497003,0.052985,0.00414078,0.00346525,0.44331,0.048311,3.7056,-0.431808,9.98048,0.661013,0.605413,-5.7804,-0.333333,-0.0610452,0.682021,3.45833,15.7083,0,0,5.625,5.25,0,-8.73059,0.0001,-0.0024456,0.0628535,1.72485,0.133005,52912,0.153188,191.44,1.52396
4229,0.133845,0.502801,0.00521769,0.00521769,0.188384,0.127845,0.828284,0.528159,0.0521464,0.0179958,0.0499375,0.217499,0.0515255,0,0.831532,0.0448544,1.94273,0.183733,0,0.0736662,0.577258,4.40241,0.625356,0.345497,0.689379,2.67214,0.140345,0.215919,0,0.613869,0.01237,0,-0.000614374,0.256963,0.966733,0.214725,0.0494491,0.052785,0.00478131,0.00409161,0.447532,0.0481259,3.97882,-0.293277,10.0045,0.658662,0.604636,-5.87912,-0.333333,-0.0612247,0.679859,3.83333,15,0,0,5.375,6.45833,0,-8.73,0.0001,-0.00317379,0.0577238,1.70743,0.129628,53511,0.153203,191.65,1.74774
4230,0.13515,0.506579,0.00521566,0.00521566,0.190222,0.128938,0.828632,0.529281,0.0521813,0.0181501,0.050001,0.217267,0.0518035,0,0.83089,0.0450596,1.93886,0.182719,0,0.0735,0.574407,4.40995,0.626701,0.345711,0.687916,2.66415,0.140966,0.215804,0,0.620089,0.00872624,0,-0.000486703,0.255934,0.966731,0.214181,0.0496242,0.0529516,0.00453414,0.00376447,0.448408,0.0482657,3.96725,-0.376894,9.95662,0.659638,0.59855,-5.85472,-0.333333,-0.0618043,0.68457,3.29167,14.6667,0,0,5.41667,6.29167,0,-8.72807,0.0001,-0.00255507,0.0581012,1.85266,0.13516,49453,0.15323,192.16,1.67618
4231,0.136856,0.519849,0.00517748,0.00517748,0.193302,0.131616,0.826586,0.550462,0.0522382,0.017967,0.0499975,0.21567,0.0501309,0,0.830427,0.0479306,1.95627,0.177401,0,0.0722049,0.584128,4.42314,0.628145,0.350497,0.685262,2.65366,0.145112,0.214186,0,0.635533,0.00427632,0,-0.000630469,0.250833,0.967219,0.217583,0.0494074,0.0527881,0.00413473,0.00341779,0.446346,0.0480596,3.67329,-0.125426,10.122,0.653032,0.598144,-6.11349,-0.333333,-0.063173,0.701206,3.45833,13.25,0,0,5.41667,5.625,0,-8.7251,0.0001,-0.00174259,0.0584504,1.74992,0.13974,52022,0.153254,195.14,1.83187
4232,0.132846,0.493704,0.00522463,0.00522463,0.189728,0.125775,0.828426,0.515458,0.0526332,0.0172979,0.0503408,0.216493,0.0494694,0,0.827133,0.0432626,1.94687,0.180739,0,0.0732199,0.577692,4.40029,0.625016,0.34459,0.691082,2.67293,0.138301,0.214955,0,0.57884,0.00535416,0,-0.000533553,0.254202,0.967224,0.210747,0.0497741,0.0531983,0.00405132,0.00332855,0.446102,0.0484459,3.88217,0.0641599,10.0957,0.654052,0.598971,-6.12543,-0.333333,-0.0615732,0.664046,2.58333,12.0417,0,0,5.20833,5.70833,0,-8.72293,0.0001,-0.00191734,0.0621152,1.66203,0.133616,54745,0.153241,194.03,1.63008
4233,0.136178,0.514176,0.00518291,0.00518291,0.191172,0.130442,0.826362,0.538825,0.0523825,0.0178872,0.0501238,0.215385,0.0486978,0,0.827494,0.0457761,1.96485,0.182023,0,0.0731158,0.579621,4.41138,0.627357,0.349694,0.685786,2.66856,0.142959,0.213791,0,0.62984,0.00370553,0,-0.000597888,0.250738,0.967465,0.215707,0.0495109,0.0529278,0.00388955,0.00310515,0.447168,0.0481286,3.81911,0.03295,10.1777,0.651851,0.598863,-6.17872,-0.333333,-0.0623591,0.691981,2.83333,13.5,0,0,6.33333,6.29167,0,-8.72266,0.0001,-0.00220869,0.0560728,1.73213,0.123555,52974,0.153261,193.74,1.67897
4234,0.129485,0.481572,0.00524209,0.00524209,0.182113,0.122335,0.828366,0.502697,0.0529798,0.0169153,0.0506663,0.217985,0.052092,0,0.829829,0.0419942,1.96262,0.184584,0,0.0746485,0.5716,4.38,0.622106,0.342649,0.693259,2.69339,0.135083,0.216161,0,0.571986,0.00434492,0,-0.000416931,0.261707,0.967024,0.206919,0.05021,0.0536085,0.00434505,0.00352276,0.448137,0.0488688,4.06687,0.432539,10.2502,0.651199,0.601553,-6.24307,-0.333333,-0.0592582,0.648456,3.625,13.5,0,0,5.79167,6.875,0,-8.72109,0.0001,-0.00222772,0.0623265,1.76393,0.238017,49104,0.153287,193.57,1.5275
4235,0.132275,0.494812,0.0052216,0.0052216,0.1901,0.126022,0.828027,0.517287,0.0527088,0.0176912,0.0504002,0.21668,0.0483894,0,0.827058,0.0429538,1.93841,0.1821,0,0.0734843,0.582318,4.39756,0.625621,0.344981,0.690135,2.67308,0.138193,0.214999,0,0.585215,0.00941521,0,-0.000581643,0.248337,0.966644,0.209229,0.049855,0.0532915,0.00369804,0.00295336,0.444398,0.048456,3.76989,0.00317151,10.234,0.651906,0.602451,-6.01493,-0.333333,-0.0616964,0.66701,2.41667,12.9583,0,0,5.33333,5.20833,0,-8.71816,0.0001,-0.00197192,0.0627363,1.8088,0.143926,50341,0.153331,189.64,1.38115
4236,0.133829,0.498124,0.00519395,0.00519395,0.186744,0.126476,0.827219,0.526648,0.0523495,0.0176487,0.0500963,0.215413,0.0527239,0,0.827375,0.044792,1.96496,0.189177,0,0.0751319,0.575192,4.41508,0.626795,0.348555,0.685349,2.66886,0.141261,0.214088,0,0.603949,0.00987837,0,-0.000551309,0.257919,0.967012,0.213761,0.0495704,0.0529551,0.00380779,0.0030884,0.442851,0.048195,3.7452,-0.00792881,10.1738,0.652486,0.602068,-6.09805,-0.333333,-0.0608245,0.672137,3.29167,14,0,0,6.125,5.5,0,-8.71719,0.0001,-0.00246008,0.0635132,1.77847,0.133439,51416,0.15332,195.13,1.93306
4237,0.136278,0.508399,0.00519279,0.00519279,0.190247,0.129144,0.827328,0.531926,0.0520675,0.0181278,0.0498845,0.216697,0.0518909,0,0.831506,0.0454346,1.95477,0.1831,0,0.0736846,0.580144,4.40425,0.625687,0.348433,0.687908,2.67186,0.142867,0.215111,0,0.614125,0.0046013,0,-0.000621182,0.253155,0.96689,0.214574,0.0494043,0.0526918,0.00417402,0.00340836,0.448466,0.0480062,3.81792,-0.276891,10.0702,0.655573,0.599833,-5.955,-0.333333,-0.0619278,0.68519,3.29167,15.2083,0,0,5.20833,6.375,0,-8.71759,0.0001,-0.00234671,0.0606672,1.68543,0.126873,54242,0.153335,191.93,1.65043
4238,0.13654,0.508913,0.00517773,0.00517773,0.191956,0.128888,0.826898,0.53663,0.0520381,0.0180582,0.0497784,0.216362,0.0504621,0,0.833486,0.0463507,1.96996,0.185607,0,0.0741914,0.58175,4.41859,0.629048,0.350448,0.682773,2.64837,0.143498,0.214977,0,0.610605,0.0179801,0,-0.000589235,0.250433,0.96695,0.21749,0.049202,0.0526037,0.00386159,0.00313719,0.449852,0.0478044,3.96082,-0.0443936,10.1904,0.651497,0.602856,-6.14239,-0.333333,-0.0626595,0.686545,3.20833,14.125,0,0,5,7.29167,0,-8.71481,0.0001,-0.00248,0.0582185,1.69415,0.123981,54068,0.153346,192.34,1.41128
4239,0.134486,0.504884,0.00518007,0.00518007,0.188525,0.12807,0.826686,0.533116,0.0526492,0.0175084,0.0503335,0.215174,0.0495906,0,0.827366,0.0450823,1.95913,0.184912,0,0.0735075,0.579272,4.39318,0.623785,0.349983,0.687616,2.67796,0.141939,0.213526,0,0.605597,0.00801918,0,-0.000500041,0.25309,0.967089,0.21218,0.049752,0.0532186,0.00378407,0.00306995,0.443624,0.0484074,3.72745,0.243846,10.2969,0.647906,0.598351,-6.30788,-0.333333,-0.0615307,0.679649,2.91667,12.5833,0,0,5.45833,6.41667,0,-8.71506,0.0001,-0.00155984,0.0583058,1.88242,0.148976,48392,0.153342,194.3,1.64998
4240,0.137162,0.511922,0.00518264,0.00518264,0.191399,0.129906,0.827842,0.540283,0.0520317,0.0183221,0.0498457,0.21712,0.0489474,0,0.835199,0.0462488,1.95675,0.178789,0,0.0724587,0.581285,4.4181,0.627836,0.349866,0.683039,2.65265,0.145066,0.21574,0,0.616261,0.00856481,0,-0.000612428,0.251523,0.966734,0.216454,0.0493439,0.0526347,0.00378961,0.00302392,0.446588,0.0479367,3.69715,-0.317721,10.0575,0.65559,0.598634,-5.97372,-0.333333,-0.0624424,0.691821,2.95833,12.2917,0,0,5.04167,5.5,0,-8.71498,0.0001,-0.000614153,0.0573296,1.79835,0.133485,50886,0.153342,192.62,1.55504
4241,0.137407,0.514372,0.00519629,0.00519629,0.190075,0.130738,0.828078,0.537932,0.0527465,0.0174032,0.0504206,0.216382,0.0504999,0,0.830306,0.0453445,1.94429,0.182138,0,0.0735364,0.581529,4.39131,0.623933,0.347984,0.692102,2.68717,0.143294,0.214914,0,0.609029,0.0111624,0,-0.000541885,0.253369,0.966712,0.210941,0.0498278,0.0532975,0.0040167,0.00328642,0.448146,0.048451,3.69631,0.187962,10.3105,0.64843,0.59866,-6.19023,-0.333333,-0.0618642,0.692746,3,13.8333,0,0,5.875,6.375,0,-8.71576,0.0001,-0.00133328,0.0576494,1.84063,0.129384,49900,0.153334,192.37,1.67875
4242,0.140001,0.526155,0.00517575,0.00517575,0.190204,0.133048,0.826251,0.553744,0.0521322,0.0180817,0.0499487,0.216641,0.0494591,0,0.834299,0.0480742,1.96779,0.176343,0,0.0720061,0.57889,4.4166,0.626923,0.350542,0.687003,2.66387,0.14722,0.215158,0,0.63552,0.0204113,0,-0.000561192,0.256023,0.966937,0.215633,0.0494523,0.0527818,0.00501607,0.00430171,0.452646,0.0481707,3.74506,-0.232625,10.0802,0.653856,0.599843,-6.03027,-0.333333,-0.062197,0.708166,3.625,13.8333,0,0,5.54167,5.83333,0,-8.71537,0.0001,-0.00254774,0.0557387,1.69067,0.127599,54064,0.153351,194.93,1.8535
4243,0.140444,0.529563,0.00518914,0.00518914,0.191442,0.134235,0.827724,0.554234,0.0518728,0.0187988,0.0497529,0.215698,0.0493943,0,0.83032,0.0477975,1.95631,0.179128,0,0.071709,0.583691,4.41235,0.62706,0.349055,0.686349,2.66284,0.146957,0.214464,0,0.64953,0.0166042,0,-0.00068206,0.253269,0.966545,0.216582,0.0492431,0.0524939,0.00422145,0.00352619,0.449043,0.0478608,3.6133,-0.552176,9.89143,0.660755,0.592421,-5.8114,-0.333333,-0.0625073,0.715083,3.45833,14.2083,0,0,4.54167,5.33333,0,-8.7109,0.0001,-0.00107217,0.060692,1.6502,0.126302,55335,0.153387,193.16,1.72726
4244,0.134652,0.501801,0.00520772,0.00520772,0.189296,0.127787,0.827726,0.524511,0.0520553,0.0186249,0.0498695,0.216211,0.053124,0,0.828583,0.0440976,1.94866,0.185622,0,0.073721,0.578742,4.40998,0.626682,0.346709,0.687427,2.66786,0.141154,0.214891,0,0.582136,0.0163792,0,-0.000633521,0.256177,0.96617,0.214178,0.0494137,0.0527272,0.00428666,0.00357309,0.44906,0.048007,3.79499,-0.494498,10.0132,0.659207,0.603642,-5.79298,-0.333333,-0.0615039,0.676469,2.70833,14.5833,0,0,4.83333,5.41667,0,-8.70788,0.0001,-0.00117623,0.0622384,1.97584,0.136061,46547,0.153394,194.27,1.93004
4245,0.133055,0.498306,0.00521424,0.00521424,0.187798,0.126726,0.829154,0.525346,0.0521433,0.0184357,0.0499526,0.217188,0.0519021,0,0.830872,0.0446132,1.92851,0.186872,0,0.0738188,0.581028,4.40275,0.626175,0.345919,0.688666,2.66361,0.140283,0.215665,0,0.605085,0.0172205,0,-0.000586378,0.256039,0.966392,0.213614,0.0494871,0.0528118,0.00430615,0.00356442,0.446934,0.0480992,3.78862,-0.374739,10.0028,0.659123,0.596999,-5.82398,-0.333333,-0.0610532,0.674561,3.125,14.6667,0,0,5.04167,5.66667,0,-8.70611,0.0001,-0.00178086,0.0615234,1.74736,0.143922,51977,0.15343,194.23,1.97199
4246,0.138647,0.522137,0.00516214,0.00516214,0.193702,0.132052,0.825432,0.548837,0.0521652,0.0179478,0.0498743,0.216079,0.0494327,0,0.835138,0.0474206,1.97483,0.181986,0,0.073046,0.587533,4.43396,0.630015,0.352485,0.682988,2.64857,0.145829,0.214787,0,0.612206,0.00864292,0,-0.000618112,0.251924,0.967249,0.218413,0.0492136,0.0526729,0.00402589,0.00333227,0.449948,0.0478841,3.72605,0.110625,10.2622,0.648582,0.598668,-6.28585,-0.333333,-0.0634257,0.702333,3.04167,13.5417,0,0,6.66667,6.58333,0,-8.70297,0.0001,-0.00203987,0.0587627,1.71846,0.128542,53223,0.153466,195.52,1.74149
4247,0.134786,0.504981,0.00519605,0.00519605,0.188493,0.127785,0.827033,0.53131,0.0527804,0.0169519,0.0504045,0.217857,0.0506914,0,0.835935,0.045378,1.95611,0.179789,0,0.0746458,0.578621,4.40778,0.626686,0.348306,0.686382,2.66754,0.14153,0.216128,0,0.596361,0.0129629,0,-0.00052852,0.25575,0.967195,0.212047,0.0497913,0.0532829,0.00431942,0.00357038,0.450717,0.0484899,3.91705,0.451183,10.3696,0.645874,0.600509,-6.36964,-0.333333,-0.0615539,0.680606,3.79167,13.375,0,0,6.5,6.79167,0,-8.70101,0.0001,-0.00296967,0.0598986,1.71649,0.131785,53186,0.153511,193.95,1.86214
4248,0.132874,0.499134,0.00520993,0.00520993,0.187497,0.126595,0.827354,0.523778,0.0522013,0.0186757,0.0500141,0.217864,0.0522967,0,0.832188,0.0447145,1.94487,0.182963,0,0.0740217,0.576758,4.40983,0.626091,0.346542,0.686801,2.66574,0.139107,0.215906,0,0.586466,0.00804581,0,-0.000579827,0.256964,0.966401,0.212822,0.0496094,0.0528822,0.00483528,0.00401983,0.450314,0.0482514,3.91596,-0.323557,10.0277,0.658868,0.602916,-5.86985,-0.333333,-0.0610809,0.672812,2.83333,13.3333,0,0,4.45833,4.95833,0,-8.6998,0.0001,-0.00146015,0.0584249,1.72992,0.161959,51961,0.153493,193.36,1.77932
4249,0.139845,0.520727,0.00519411,0.00519411,0.191985,0.1323,0.82771,0.543638,0.0522779,0.0179537,0.0500672,0.217629,0.0513619,0,0.836071,0.046913,1.95963,0.17958,0,0.0735161,0.578877,4.40958,0.62505,0.348378,0.689277,2.67313,0.145629,0.216289,0,0.628878,0.00817384,0,-0.000553165,0.257898,0.96701,0.21449,0.0495361,0.052908,0.00487225,0.00412255,0.449613,0.0482122,3.8275,-0.0693796,10.1373,0.653169,0.596502,-6.08175,-0.333333,-0.0625554,0.703088,2.95833,13.5417,0,0,5.33333,5.91667,0,-8.70018,0.0001,-0.00211613,0.0592655,1.8765,0.122021,49188,0.153522,194.03,1.95809
4250,0.131267,0.488356,0.00518652,0.00518652,0.186312,0.124029,0.826135,0.515012,0.0522089,0.0178714,0.0499516,0.214492,0.0542427,0,0.824983,0.0437028,1.95819,0.192755,0,0.0756547,0.580432,4.40918,0.626479,0.349288,0.687045,2.67303,0.138419,0.213285,0,0.593292,0.00604817,0,-0.000534762,0.257609,0.966748,0.215114,0.0494224,0.0528403,0.00388266,0.00317808,0.44944,0.0480585,3.82032,-0.0374249,10.2008,0.65257,0.602008,-6.11059,-0.333333,-0.0607086,0.656941,3.66667,14.4167,0,0,6.04167,5.875,0,-8.69682,0.0001,-0.000627535,0.0597421,1.77579,0.132095,51525,0.153564,192.34,1.44788
4251,0.132355,0.498363,0.00520853,0.00520853,0.186519,0.126537,0.828196,0.519564,0.052541,0.0178737,0.0502668,0.216611,0.0493846,0,0.830523,0.0441377,1.94965,0.186523,0,0.0740858,0.579502,4.3882,0.623768,0.346584,0.690668,2.68722,0.138061,0.215333,0,0.60152,0.0133362,0,-0.000585341,0.257352,0.966566,0.211817,0.0496911,0.0531,0.00404344,0.00333702,0.45032,0.0483169,3.78727,-0.00980973,10.1948,0.652724,0.603811,-6.06449,-0.333333,-0.0606844,0.673903,3.41667,13.4167,0,0,6.16667,5.79167,0,-8.69241,0.0001,-0.00201801,0.0610542,1.70042,0.123507,53896,0.153626,193.13,1.53711
4252,0.135426,0.504596,0.00520778,0.00520778,0.187221,0.1279,0.827325,0.53025,0.0522303,0.0181833,0.0500332,0.21596,0.0518709,0,0.828845,0.0454699,1.95173,0.187622,0,0.0746682,0.580612,4.40832,0.626107,0.346892,0.686689,2.66747,0.142055,0.214587,0,0.596599,0.0223771,0,-0.000663049,0.259029,0.966327,0.214375,0.0494842,0.05284,0.00431244,0.00363045,0.448203,0.0481202,3.76832,-0.331387,10.0275,0.65949,0.601264,-5.87932,-0.333333,-0.0610627,0.680082,2.91667,14.625,0,0,4.875,5.70833,0,-8.68692,0.0001,-0.00164735,0.0586405,1.6794,0.123837,54515,0.153643,192.6,1.65172
4253,0.133472,0.500158,0.00522117,0.00522117,0.187732,0.127398,0.828011,0.524586,0.0525138,0.0176521,0.0502761,0.216302,0.051905,0,0.827033,0.0445715,1.95051,0.184971,0,0.0740591,0.577157,4.392,0.624474,0.345148,0.690414,2.67562,0.139745,0.215064,0,0.615433,0.00561389,0,-0.000542163,0.258389,0.966403,0.210285,0.0497876,0.0531649,0.00443749,0.00367746,0.447356,0.0483931,3.87611,-0.043684,10.1681,0.655066,0.603806,-5.97654,-0.333333,-0.0609648,0.675519,3.33333,15.2083,0,0,6.25,5.95833,0,-8.68499,0.0001,-0.00219054,0.0563952,1.7919,0.164902,50237,0.153651,192.68,1.76975
4254,0.137832,0.518174,0.00520488,0.00520488,0.19065,0.131785,0.827809,0.539506,0.0524064,0.0177402,0.0501959,0.216907,0.050288,0,0.832245,0.0460562,1.93751,0.182493,0,0.0732566,0.581295,4.4035,0.624812,0.346986,0.689624,2.67881,0.143568,0.215605,0,0.632149,0.0216716,0,-0.000621829,0.255075,0.96649,0.212768,0.0496194,0.052981,0.00433453,0.00365849,0.451577,0.0482505,3.81304,-0.120914,10.136,0.654087,0.598352,-5.99569,-0.333333,-0.0620632,0.699276,2.83333,13.5,0,0,5.375,5.54167,0,-8.68267,0.0001,-0.00125676,0.0573369,1.77052,0.128435,51767,0.153702,191.95,1.70687
4255,0.144612,0.541678,0.00514754,0.00514754,0.196914,0.137082,0.825967,0.563957,0.0516032,0.0190542,0.0494889,0.21613,0.0485281,0,0.837501,0.0496073,1.9414,0.177195,0,0.0719271,0.589587,4.43547,0.630014,0.354042,0.6824,2.64425,0.150549,0.215081,0,0.662503,0.0177762,0,-0.000703409,0.250089,0.966326,0.220869,0.0489912,0.0522572,0.00436247,0.00364697,0.451348,0.0475859,3.62954,-0.623361,10.0452,0.657065,0.602522,-5.86194,-0.333333,-0.0644246,0.731056,3,14.8333,0,0,5.33333,4.83333,0,-8.67714,0.0001,-0.00181107,0.0592223,1.73681,0.127393,52732,0.153746,195.09,1.9466
4256,0.135696,0.502424,0.00522951,0.00522951,0.187872,0.12769,0.829035,0.52614,0.051702,0.0184812,0.0496651,0.216755,0.0511015,0,0.829322,0.0450465,1.94424,0.185614,0,0.0728267,0.580762,4.41091,0.625712,0.344056,0.690709,2.67771,0.141936,0.215702,0,0.578869,0.018693,0,-0.000606432,0.258386,0.966151,0.214895,0.0492828,0.0524341,0.00436572,0.00362322,0.451119,0.0479193,3.86512,-0.725237,9.81527,0.664479,0.599239,-5.61254,-0.333333,-0.061146,0.680421,3.20833,13.9167,0,0,4.41667,4.375,0,-8.67333,0.0001,-0.00211641,0.0597392,1.70239,0.132759,53567,0.153771,192.26,1.76369
4257,0.138341,0.517996,0.0052333,0.0052333,0.190713,0.132237,0.829424,0.540309,0.0521022,0.0186516,0.0500215,0.217015,0.0492466,0,0.829245,0.046159,1.93337,0.177066,0,0.0720104,0.578514,4.40347,0.623879,0.343643,0.693114,2.68807,0.144356,0.215883,0,0.622016,0.00297619,0,-0.000592335,0.253524,0.965783,0.211497,0.0496159,0.0528947,0.00419234,0.0034919,0.446594,0.0481956,3.74346,-0.677393,9.91273,0.662769,0.599671,-5.59824,-0.333333,-0.0617912,0.700714,3.125,14.625,0,0,4.08333,4.79167,0,-8.67129,0.0001,-0.00292042,0.0591971,1.68981,0.123686,54206,0.153784,192.41,1.58734
4258,0.135356,0.510573,0.00524279,0.00524279,0.185642,0.129808,0.828486,0.535096,0.0520534,0.0184212,0.0499582,0.216228,0.0532639,0,0.82562,0.0462788,1.92923,0.186825,0,0.073801,0.575863,4.39465,0.623761,0.342706,0.692829,2.69519,0.141569,0.21508,0,0.629622,0.00706793,0,-0.000628681,0.262929,0.965828,0.212161,0.0495804,0.0528101,0.00449666,0.00382089,0.448335,0.048188,3.85936,-0.681646,9.8348,0.665803,0.601442,-5.56154,-0.333333,-0.0603555,0.689953,3.16667,15.75,0,0,5.375,4.375,0,-8.67151,0.0001,-0.00230618,0.0569608,2.02563,0.12925,45619,0.153785,194.54,2.01237
4259,0.135467,0.510044,0.00525375,0.00525375,0.18699,0.129917,0.829624,0.53747,0.0520687,0.0190626,0.0500221,0.216277,0.0509728,0,0.823427,0.0464601,1.91431,0.18197,0,0.0727352,0.574676,4.37581,0.621388,0.341164,0.694238,2.69978,0.142294,0.214894,0,0.649571,0.00678128,0,-0.000547451,0.257966,0.964911,0.209201,0.0497491,0.0529742,0.00417532,0.00344951,0.445096,0.0482799,3.80168,-0.856382,9.84389,0.668158,0.60533,-5.42529,-0.333333,-0.060744,0.690275,4.25,15.3333,0,0,3.75,3.79167,0,-8.6697,0.0001,-0.0012216,0.0595235,1.71625,0.138013,53015,0.153814,191.99,1.91648
4260,0.137265,0.519355,0.00520835,0.00520835,0.189539,0.132284,0.827822,0.551182,0.0516039,0.019334,0.0495969,0.215668,0.0501682,0,0.828442,0.0477434,1.92815,0.181212,0,0.0721648,0.582409,4.4146,0.625989,0.346491,0.690769,2.67311,0.145226,0.214843,0,0.612294,0.0177496,0,-0.000644068,0.254386,0.965589,0.214906,0.0492393,0.0524357,0.00450485,0.00388467,0.445444,0.0478264,3.65546,-1.02611,9.83624,0.665457,0.601874,-5.46947,-0.333333,-0.0615253,0.700551,3.125,16.125,0,0,4.5,4.29167,0,-8.66651,0.0001,-0.00186501,0.0581303,1.72341,0.130659,53020,0.153834,193.08,1.83071
4261,0.133106,0.501925,0.00519958,0.00519958,0.185465,0.127396,0.827241,0.53307,0.0521047,0.0181966,0.0499629,0.213195,0.0505943,0,0.820396,0.0461051,1.93781,0.186504,0,0.0741705,0.576148,4.39503,0.6239,0.347667,0.689876,2.68074,0.140779,0.212107,0,0.616039,0.00704392,0,-0.000478916,0.256864,0.966279,0.212704,0.0496186,0.0528746,0.00425211,0.00362504,0.442554,0.0482902,3.56058,-0.360983,10.0605,0.657208,0.60064,-5.87482,-0.333333,-0.0603835,0.677009,2.70833,13.875,0,0,5.625,5.04167,0,-8.66274,0.0001,-0.00214236,0.0555545,1.69039,0.128803,54037,0.153881,194.32,1.90271
4262,0.142332,0.535691,0.00518551,0.00518551,0.193519,0.135553,0.826762,0.564333,0.0520303,0.0183761,0.0499182,0.217372,0.0474455,0,0.838273,0.0493183,1.94338,0.17653,0,0.0718302,0.583173,4.42113,0.627335,0.349572,0.686766,2.66096,0.149794,0.216306,0,0.650999,0.00766595,0,-0.000602962,0.251893,0.966269,0.216379,0.0494086,0.0527036,0.0041424,0.00343969,0.449039,0.0480127,3.74197,-0.347692,10.0744,0.657067,0.600067,-5.90638,-0.333333,-0.0633008,0.721593,2.91667,13.875,0,0,5,5.08333,0,-8.6582,0.0001,-0.00140073,0.059911,1.66051,0.127638,54975,0.153928,194.33,2.01386
4263,0.138801,0.521746,0.00519199,0.00519199,0.192041,0.132412,0.82672,0.54739,0.0521536,0.0181508,0.0499309,0.21743,0.05119,0,0.835936,0.0469841,1.94758,0.184749,0,0.0738875,0.582828,4.41613,0.626983,0.34863,0.686952,2.67035,0.145845,0.216267,0,0.630559,0.0219667,0,-0.000545306,0.25233,0.966619,0.212808,0.0495637,0.0528362,0.00415381,0.00339523,0.449224,0.0481705,3.79941,-0.16942,10.1803,0.654225,0.602005,-5.9966,-0.333333,-0.0625556,0.702466,2.58333,13.6667,0,0,5.79167,6.29167,0,-8.65388,0.0001,-0.00247024,0.0601844,1.94393,0.128117,47442,0.154007,194.52,1.92979
4264,0.138967,0.518287,0.00520496,0.00520496,0.189096,0.131529,0.827089,0.544116,0.0521557,0.0180224,0.0499976,0.217189,0.0489451,0,0.834402,0.0472041,1.95081,0.181618,0,0.0729468,0.580241,4.40711,0.625343,0.34701,0.689427,2.67207,0.145409,0.21618,0,0.609909,0.00181159,0,-0.000599299,0.256734,0.96638,0.213177,0.0494943,0.0527854,0.00420461,0.00351396,0.445627,0.0481303,3.7548,-0.286518,10.023,0.658139,0.598015,-5.89852,-0.333333,-0.061621,0.697252,3.08333,13.375,0,0,5.16667,4.375,0,-8.64761,0.0001,-0.00151618,0.0613569,1.73219,0.125769,52909,0.15409,194.68,2.04571
4265,0.136703,0.507477,0.00519881,0.00519881,0.188384,0.128854,0.826618,0.529256,0.0526782,0.0173753,0.0503872,0.216272,0.0506542,0,0.83059,0.0449167,1.96258,0.184911,0,0.0746353,0.578256,4.39602,0.623759,0.347988,0.689888,2.69169,0.142431,0.214948,0,0.617891,0.00627428,0,-0.000511535,0.256618,0.966756,0.210648,0.0498459,0.0532715,0.00371843,0.0030015,0.444957,0.0484514,3.81175,0.246171,10.3384,0.649131,0.606168,-6.23097,-0.333333,-0.0614297,0.682834,3.25,12.75,0,0,6.83333,5.70833,0,-8.64395,0.0001,-0.00117249,0.0611303,1.70303,0.127876,53691,0.154102,192.98,1.72747
4266,0.136985,0.513315,0.00518752,0.00518752,0.189947,0.130521,0.827335,0.540897,0.0526552,0.0179684,0.0503507,0.217454,0.0494377,0,0.83392,0.0458192,1.95127,0.181266,0,0.0736412,0.58165,4.40708,0.626396,0.3492,0.688038,2.67154,0.143893,0.215712,0,0.610697,0.0186119,0,-0.000460674,0.252268,0.966971,0.211584,0.0498327,0.0533148,0.00426287,0.00348088,0.450006,0.0484627,3.86353,0.143964,10.3288,0.649166,0.603511,-6.1629,-0.333333,-0.0618525,0.693076,3.5,14.4167,0,0,6.41667,6.16667,0,-8.64343,0.0001,-0.00242868,0.0587576,1.6917,0.127846,54026,0.154086,193.7,1.72441
4267,0.138898,0.521199,0.00520124,0.00520124,0.190038,0.131948,0.826362,0.547905,0.0525231,0.0174911,0.0503202,0.21648,0.0483638,0,0.832314,0.0477581,1.96402,0.180242,0,0.0733023,0.576137,4.38712,0.62335,0.34743,0.688237,2.68334,0.145913,0.215223,0,0.621922,0.00881545,0,-0.000622607,0.254929,0.966854,0.210957,0.0496681,0.0530302,0.00394189,0.00332919,0.446597,0.0483145,3.64738,0.0778819,10.1884,0.652706,0.602253,-6.14882,-0.333333,-0.062029,0.701377,3.5,13.4583,0,0,6.125,5.66667,0,-8.64067,0.0001,-0.00231495,0.0605472,1.75062,0.124869,52415,0.154137,194.29,2.02408
4268,0.139252,0.518889,0.00519335,0.00519335,0.189193,0.132202,0.827417,0.543558,0.0521593,0.0187973,0.0499882,0.218089,0.0507062,0,0.837101,0.0462495,1.94354,0.183652,0,0.074136,0.579281,4.40722,0.626078,0.348427,0.687554,2.66915,0.145505,0.21669,0,0.620625,0.00603767,0,-0.000641427,0.256895,0.966642,0.214743,0.0494324,0.0528318,0.00461693,0.0039244,0.450225,0.0480671,3.7559,-0.420315,10.0598,0.657798,0.60639,-5.8152,-0.333333,-0.0614895,0.699851,3.41667,14.0417,0,0,5.16667,5.33333,0,-8.6346,0.0001,-0.0022934,0.0524123,2.0202,0.137053,45569,0.154171,194.53,1.93998
4269,0.140079,0.531033,0.00517405,0.00517405,0.192436,0.134296,0.825465,0.560397,0.052398,0.0175488,0.0501416,0.216147,0.0511815,0,0.833589,0.049175,1.94864,0.182136,0,0.0739178,0.580367,4.40879,0.62649,0.350816,0.687116,2.66556,0.147407,0.214843,0,0.662634,0.0141531,0,-0.00051627,0.251978,0.967139,0.213559,0.0496178,0.0529785,0.00424225,0.00349522,0.449745,0.0482757,3.73339,0.121245,10.2433,0.6511,0.601292,-6.24064,-0.333333,-0.0629965,0.715501,3.41667,12.5417,0,0,5.75,5.625,0,-8.63147,0.0001,-0.00211767,0.0574168,1.71709,0.12617,53331,0.154245,194.85,1.8078
4270,0.137918,0.517984,0.00518146,0.00518146,0.188132,0.131065,0.826298,0.548077,0.0522738,0.0181026,0.050074,0.214686,0.0520913,0,0.82734,0.0477815,1.95817,0.184099,0,0.0738378,0.577611,4.41006,0.626267,0.349889,0.688026,2.67088,0.145697,0.213397,0,0.635601,0.0182854,0,-0.000589549,0.258049,0.967038,0.214339,0.0495056,0.0528519,0.00446768,0.00381303,0.448619,0.0482051,3.68085,-0.0995473,10.1313,0.654284,0.602524,-6.11374,-0.333333,-0.0614622,0.698834,3.83333,14,0,0,6.04167,5.54167,0,-8.62654,0.0001,-0.00153786,0.056094,1.71271,0.13247,53276,0.154285,193.24,1.80959
4271,0.140443,0.532342,0.00519531,0.00519531,0.189405,0.135252,0.826831,0.56029,0.0522694,0.0179156,0.0500633,0.217109,0.049625,0,0.83371,0.0480624,1.93362,0.182324,0,0.0735784,0.579378,4.40674,0.625969,0.348442,0.686629,2.67238,0.147631,0.215686,0,0.67077,0.0129573,0,-0.000557238,0.256298,0.966934,0.213513,0.0495324,0.052869,0.00443865,0.00365356,0.451358,0.0481641,3.97438,-0.00132539,10.1737,0.653621,0.596162,-6.06695,-0.333333,-0.0617616,0.717912,3.29167,13.3333,0,0,6.54167,5.45833,0,-8.62407,0.0001,-0.00110101,0.0542679,1.69557,0.132436,53776,0.154302,195.25,2.13925
4272,0.139916,0.525535,0.00519114,0.00519114,0.191765,0.133275,0.827277,0.548976,0.052333,0.0186537,0.0501233,0.215919,0.0492812,0,0.830148,0.0473882,1.94588,0.179191,0,0.07369,0.582312,4.41467,0.626448,0.348714,0.688437,2.66495,0.14581,0.214358,0,0.64205,0.0130765,0,-0.000560699,0.253444,0.966329,0.213499,0.0496384,0.0529874,0.00454205,0.00383325,0.451271,0.0482664,3.87875,-0.207953,10.1717,0.655072,0.601872,-5.98615,-0.333333,-0.0625773,0.711166,2.875,13.0833,0,0,5.08333,5.66667,0,-8.62387,0.0001,-0.00165896,0.0579724,1.84972,0.179589,48442,0.154291,193.03,1.56216
4273,0.134165,0.501946,0.00520432,0.00520432,0.183454,0.127698,0.825894,0.533073,0.0528533,0.0174051,0.0505541,0.215955,0.0519996,0,0.82763,0.0452405,1.96523,0.183578,0,0.0754482,0.573056,4.38937,0.623749,0.347069,0.689883,2.68894,0.141861,0.214561,0,0.607449,0.00934544,0,-0.00045598,0.261871,0.967295,0.20923,0.0499846,0.0534463,0.00435965,0.00364886,0.448962,0.0486659,3.71907,0.396926,10.3394,0.649064,0.606282,-6.27872,-0.333333,-0.059668,0.676742,3.25,12.875,0,0,7.08333,6.66667,0,-8.62455,0.0001,-0.00187178,0.0585176,1.73973,0.127656,52642,0.154282,191.82,1.46598
4274,0.135928,0.509345,0.00518905,0.00518905,0.190295,0.129544,0.826653,0.533886,0.0530524,0.0176739,0.0506765,0.216083,0.0488419,0,0.828311,0.0446759,1.9549,0.17844,0,0.0738322,0.581914,4.40002,0.625419,0.348963,0.690449,2.67811,0.142409,0.214304,0,0.599336,0.00951621,0,-0.00049375,0.2525,0.967307,0.209917,0.0500298,0.0536,0.00450739,0.00379317,0.452463,0.0486938,3.85066,0.43388,10.4141,0.646561,0.605004,-6.31896,-0.333333,-0.0618848,0.6866,3.875,13.3333,0,0,6.79167,5.75,0,-8.62492,0.0001,-0.00208689,0.0569159,1.66885,0.126384,54758,0.154242,194.03,1.87584
4275,0.136462,0.510423,0.00516979,0.00516979,0.187381,0.129588,0.825465,0.543053,0.052332,0.0180087,0.0500554,0.216275,0.0522139,0,0.833328,0.0464062,1.96579,0.187093,0,0.0753438,0.580286,4.42277,0.628366,0.351376,0.683671,2.66138,0.145113,0.214844,0,0.597671,0.0224576,0,-0.000611201,0.255745,0.967264,0.213841,0.0495181,0.0528664,0.00391339,0.0031779,0.448163,0.0481472,3.64771,0.114818,10.3001,0.650506,0.607055,-6.20256,-0.333333,-0.0611184,0.688264,3,13.375,0,0,6.875,5.70833,0,-8.62547,0.0001,-0.002405,0.0558255,1.6998,0.122766,53937,0.154282,193.97,1.55876
4276,0.138554,0.518861,0.00521181,0.00521181,0.19079,0.131818,0.82742,0.542076,0.0521069,0.0185293,0.0499573,0.216541,0.0513457,0,0.830715,0.0466438,1.94693,0.185609,0,0.0739108,0.579377,4.40416,0.625822,0.346586,0.68771,2.67053,0.144592,0.21529,0,0.65607,0.0121341,0,-0.000608049,0.256629,0.966562,0.21208,0.0494976,0.0527868,0.0040864,0.00341421,0.44886,0.0481209,3.74525,-0.393346,10.0414,0.658839,0.600752,-5.83981,-0.333333,-0.0621254,0.700993,2.95833,13.2083,0,0,5.25,5.16667,0,-8.62322,0.0001,-0.00243438,0.0637555,1.6697,0.123922,54807,0.1543,192.81,1.6912
4277,0.133597,0.497593,0.00524149,0.00524149,0.18544,0.126331,0.828253,0.52209,0.0521578,0.0182333,0.0500568,0.216845,0.051225,0,0.828187,0.0451235,1.9409,0.187147,0,0.0741275,0.574069,4.39755,0.623899,0.342753,0.690239,2.68923,0.139903,0.215605,0,0.590243,0.0167238,0,-0.000535054,0.260524,0.966057,0.209961,0.049683,0.0528724,0.00396367,0.00328774,0.449709,0.0482852,3.92155,-0.389686,9.92939,0.662997,0.599116,-5.75767,-0.333333,-0.0603747,0.672005,3.75,14.75,0,0,4.66667,5.375,0,-8.62262,0.0001,-0.00240158,0.0598919,1.69829,0.124524,53929,0.154299,190.86,1.54382
4278,0.143813,0.541478,0.00517797,0.00517797,0.194702,0.137214,0.826758,0.563837,0.0516507,0.0192064,0.0496225,0.217614,0.0488076,0,0.839553,0.049424,1.92727,0.178156,0,0.0717703,0.583945,4.41404,0.627424,0.35027,0.688617,2.65746,0.149629,0.216537,0,0.669983,0.0326689,0,-0.000708825,0.255021,0.966467,0.217499,0.0491045,0.0523107,0.00472467,0.00401228,0.453114,0.047712,3.76292,-0.66809,9.95248,0.660808,0.596825,-5.74216,-0.333333,-0.063607,0.730976,3.58333,14.2083,0,0,4.625,4.95833,0,-8.61986,0.0001,-0.00225766,0.0536589,1.97181,0.131466,46738,0.154324,194.23,2.10237
4279,0.134996,0.508702,0.00521225,0.00521225,0.185554,0.129212,0.827518,0.533659,0.0519039,0.0188832,0.0497953,0.216828,0.0529689,0,0.830658,0.0461213,1.93908,0.189415,0,0.0741721,0.578247,4.40226,0.624822,0.346293,0.68906,2.67477,0.141145,0.215505,0,0.616849,0.0185349,0,-0.000577971,0.261221,0.965916,0.213494,0.04938,0.052635,0.00443421,0.0036648,0.450328,0.0479814,3.95375,-0.559315,9.96029,0.662135,0.603313,-5.70098,-0.333333,-0.0604583,0.687087,3.95833,14.7917,0,0,4.95833,5.25,0,-8.61638,0.0001,-0.00209496,0.0580523,1.72196,0.130432,53068,0.154346,191.61,1.77569
4280,0.137875,0.51879,0.00521825,0.00521825,0.189246,0.131894,0.827379,0.545216,0.0518755,0.0189694,0.0498099,0.215644,0.0504778,0,0.826009,0.046795,1.90853,0.184884,0,0.073233,0.585261,4.40661,0.625863,0.345412,0.690904,2.67393,0.14444,0.214464,0,0.625194,0.00974502,0,-0.000634582,0.255575,0.96561,0.211923,0.0494186,0.0526183,0.00425407,0.00356317,0.451107,0.0480075,3.84792,-0.690767,9.94752,0.662998,0.597225,-5.62187,-0.333333,-0.061591,0.699849,3.375,14.2083,0,0,4.58333,4.25,0,-8.61514,0.0001,-0.00216476,0.0591288,1.68286,0.126547,54329,0.154327,193.23,1.92251
4281,0.137472,0.513328,0.00520191,0.00520191,0.188087,0.130342,0.826596,0.536827,0.0522087,0.0185579,0.0500481,0.216113,0.0485409,0,0.830761,0.0463867,1.94206,0.181153,0,0.0730516,0.577752,4.39915,0.625146,0.347499,0.68852,2.67362,0.143182,0.215186,0,0.622411,0.0181923,0,-0.000580542,0.257896,0.965794,0.212758,0.0495863,0.0529138,0.00432082,0.0036731,0.451319,0.0481681,3.87542,-0.34025,10.1464,0.656884,0.604604,-5.81041,-0.333333,-0.0612773,0.692245,3.375,14.2917,0,0,4.70833,4.70833,0,-8.61581,0.0001,-0.00210694,0.0648047,1.66347,0.122714,55035,0.154281,194.71,2.0156
4282,0.135309,0.50332,0.00522736,0.00522736,0.185627,0.128044,0.827357,0.530204,0.0524029,0.0187224,0.0502343,0.216989,0.0488016,0,0.8287,0.0451495,1.93966,0.181835,0,0.0731875,0.574711,4.38647,0.623152,0.344383,0.69216,2.68596,0.141912,0.215519,0,0.600122,0.0121041,0,-0.000536413,0.25582,0.965978,0.20872,0.0498115,0.0531419,0.00396106,0.00322596,0.448439,0.0483652,3.84703,-0.377078,10.084,0.659174,0.605171,-5.7497,-0.333333,-0.0603437,0.678489,3.70833,15.0833,0,0,5.08333,5.33333,0,-8.61761,0.0001,-0.00238941,0.0534348,1.66306,0.130027,54823,0.154235,193.25,1.71527
4283,0.140293,0.52551,0.00518617,0.00518617,0.191579,0.133351,0.827484,0.554237,0.0521448,0.0191564,0.0500077,0.216731,0.0477352,0,0.833618,0.0476326,1.92971,0.178482,0,0.0722508,0.581463,4.40323,0.626084,0.349295,0.688465,2.66671,0.147691,0.215341,0,0.643362,0.0198308,0,-0.000622649,0.251153,0.966075,0.213083,0.0495514,0.0528598,0.0043927,0.00369453,0.449246,0.0481298,3.78661,-0.531376,10.1059,0.657656,0.601731,-5.80383,-0.333333,-0.0624504,0.710068,4.08333,14.7917,0,0,5.33333,5.08333,0,-8.62195,0.0001,-0.0023308,0.0582087,1.97001,0.132404,46757,0.154186,192.87,1.90496
4284,0.137531,0.515179,0.0052168,0.0052168,0.185631,0.130877,0.827627,0.545017,0.0520266,0.0188307,0.0499431,0.215549,0.0534867,0,0.825977,0.0472728,1.94483,0.186838,0,0.0742653,0.578912,4.39593,0.624597,0.345728,0.689035,2.67833,0.144662,0.21419,0,0.625512,0.0134137,0,-0.000601083,0.261558,0.965814,0.210586,0.0495267,0.0527795,0.00463757,0.00393023,0.447398,0.0481401,3.79488,-0.516626,10.0317,0.661615,0.606836,-5.71159,-0.333333,-0.0604675,0.695119,3.79167,13.75,0,0,4.70833,4.91667,0,-8.62587,0.0001,-0.00302463,0.058491,1.7029,0.127836,53696,0.154163,194.06,1.88529
4285,0.135603,0.510223,0.00522808,0.00522808,0.186946,0.12981,0.827283,0.532664,0.0520323,0.018702,0.0499734,0.216816,0.0518931,0,0.83085,0.0456732,1.93786,0.186582,0,0.0742444,0.573958,4.389,0.623568,0.344219,0.691382,2.69105,0.14155,0.215817,0,0.636969,0.00538302,0,-0.000536115,0.259562,0.965851,0.209618,0.0496831,0.0528258,0.00437736,0.00370928,0.446097,0.0482698,3.80644,-0.483637,10.0043,0.661976,0.603956,-5.69419,-0.333333,-0.0607982,0.688056,3.25,15.125,0,0,5.08333,4.875,0,-8.62738,0.0001,-0.0020718,0.0553339,1.67314,0.124204,54693,0.154156,192,1.6733
4286,0.134706,0.50754,0.0052367,0.0052367,0.185937,0.129371,0.827453,0.53117,0.0525168,0.0184497,0.0503745,0.215543,0.0491652,0,0.823623,0.0451943,1.93704,0.184061,0,0.0735154,0.57437,4.37965,0.621895,0.343179,0.693288,2.70021,0.140641,0.214419,0,0.579007,0.0121302,0,-0.000519969,0.257337,0.965452,0.20572,0.0499851,0.0532477,0.00400405,0.00333384,0.446074,0.0485315,3.7536,-0.300457,10.1367,0.658313,0.609193,-5.75561,-0.333333,-0.0603314,0.683884,4.625,15.625,0,0,5.625,4.5,0,-8.63,0.0001,1.03477e-05,0.0536993,1.7006,0.124997,53847,0.15415,193.18,2.00307
4287,0.138919,0.520628,0.00521106,0.00521106,0.190381,0.132611,0.827756,0.546965,0.0522164,0.0187453,0.050076,0.216254,0.0494385,0,0.828291,0.0466491,1.93218,0.183493,0,0.0734151,0.583787,4.40413,0.624919,0.346412,0.690596,2.68432,0.145604,0.214956,0,0.609041,0.00884442,0,-0.00061904,0.253627,0.965984,0.210633,0.0496277,0.0528996,0.00427218,0.00358546,0.447589,0.0482026,3.88417,-0.45037,10.1392,0.657355,0.605991,-5.75936,-0.333333,-0.061844,0.703164,3.58333,13.7917,0,0,5.45833,4.58333,0,-8.62944,0.0001,-0.0020039,0.0546546,1.86503,0.169434,48319,0.15417,192.8,1.8391
4288,0.138246,0.521095,0.00520083,0.00520083,0.188004,0.132382,0.826669,0.544723,0.0522154,0.0188904,0.0500945,0.21761,0.0486252,0,0.834456,0.0468656,1.92457,0.182261,0,0.0729782,0.582344,4.39962,0.625254,0.347532,0.689872,2.6782,0.14426,0.216094,0,0.638386,0.0125592,0,-0.000554839,0.25544,0.965759,0.210899,0.0497205,0.0529704,0.00424461,0.00348892,0.448665,0.0482875,3.8567,-0.412122,10.1365,0.657935,0.60596,-5.7942,-0.333333,-0.0612569,0.702538,3.5,14,0,0,4.91667,5.08333,0,-8.62837,0.0001,-0.00196966,0.0565604,1.73155,0.126161,52916,0.154149,194.46,1.71865
4289,0.137048,0.512442,0.00522049,0.00522049,0.186667,0.130589,0.827453,0.533751,0.0524383,0.0183975,0.0503025,0.216804,0.0506193,0,0.830261,0.0454397,1.93907,0.177142,0,0.0737804,0.574279,4.38883,0.623496,0.345128,0.691005,2.68952,0.142859,0.215573,0,0.637679,0.0102183,0,-0.000581998,0.260963,0.966219,0.209904,0.0497781,0.0531513,0.00482147,0.00416915,0.450761,0.0484143,3.82189,-0.232693,10.1299,0.656531,0.602411,-5.83444,-0.333333,-0.0606648,0.690183,2.79167,13,0,0,4.70833,5.125,0,-8.62792,0.0001,-0.00254795,0.0589015,1.73658,0.132226,52602,0.154155,192.16,1.87205
4290,0.132284,0.492599,0.0052148,0.0052148,0.186599,0.125698,0.827558,0.510547,0.0527888,0.0179032,0.0505178,0.216149,0.0500915,0,0.82663,0.0426276,1.95585,0.185725,0,0.0749194,0.576725,4.38174,0.622751,0.345669,0.693593,2.70486,0.137337,0.214687,0,0.557153,0.0131645,0,-0.000461753,0.255371,0.966055,0.205704,0.0500566,0.053501,0.00365984,0.00296878,0.443942,0.0486207,3.72341,0.0478245,10.35,0.650927,0.610623,-5.99693,-0.333333,-0.0604961,0.664924,3.45833,13.625,0,0,5.95833,5.83333,0,-8.62629,0.0001,-0.00278714,0.0540459,1.66851,0.124335,54831,0.154177,192.34,1.56418
4291,0.14298,0.533621,0.00517485,0.00517485,0.191809,0.135112,0.826433,0.554474,0.052263,0.0185189,0.0500825,0.216395,0.0480385,0,0.835063,0.0481054,1.94307,0.178285,0,0.0730718,0.584933,4.40271,0.62553,0.350927,0.68707,2.67403,0.14844,0.215015,0,0.662701,0.0171258,0,-0.000604082,0.255853,0.966242,0.212955,0.0495442,0.0528805,0.00432605,0.0036412,0.447409,0.0481457,3.67148,-0.117075,10.2547,0.65317,0.605011,-6.03659,-0.333333,-0.0627391,0.720455,2.91667,14,0,0,5.79167,5.875,0,-8.62527,0.0001,-0.00172569,0.0603724,1.65839,0.12335,55173,0.154166,194.18,1.94391
4292,0.139878,0.524024,0.00520531,0.00520531,0.186992,0.133479,0.826582,0.547624,0.052123,0.0193405,0.0500016,0.217543,0.0515074,0,0.833352,0.0468924,1.95207,0.181507,0,0.0741918,0.578421,4.39774,0.625237,0.347144,0.686762,2.67373,0.145823,0.216056,0,0.63444,0.00670687,0,-0.000570516,0.261979,0.965017,0.211077,0.0496278,0.0529832,0.00471067,0.00394819,0.448843,0.0481697,3.77254,-0.608933,10.1447,0.660417,0.616989,-5.60373,-0.333333,-0.0608492,0.707527,3.33333,14.4583,0,0,5,4.08333,0,-8.62489,0.0001,-0.001869,0.0587012,1.93352,0.131976,47593,0.154177,191.56,1.86455
4293,0.13799,0.512086,0.00521031,0.00521031,0.187133,0.130601,0.826535,0.534108,0.0524794,0.0186767,0.0503016,0.217503,0.0491527,0,0.833253,0.044841,1.93539,0.184943,0,0.0737938,0.576966,4.38153,0.622225,0.346314,0.691138,2.70213,0.143604,0.216225,0,0.60316,0.00921637,0,-0.000586221,0.255304,0.965607,0.208677,0.0497943,0.0532031,0.00384849,0.0031579,0.444424,0.0483216,3.72601,-0.250582,10.2605,0.65448,0.606917,-5.82146,-0.333333,-0.060723,0.689048,3.45833,14.5,0,0,6.04167,5.04167,0,-8.62306,0.0001,-0.00271052,0.0619982,1.71406,0.130249,53301,0.15418,194.42,1.85046
4294,0.134899,0.502626,0.00522231,0.00522231,0.184829,0.127791,0.82794,0.521705,0.0524545,0.018861,0.0503379,0.216943,0.0502886,0,0.829964,0.0441969,1.94557,0.183138,0,0.0739847,0.576702,4.37809,0.622241,0.344997,0.692932,2.70357,0.139939,0.215539,0,0.579455,0.0149101,0,-0.000525828,0.26159,0.96527,0.207281,0.0499622,0.0532664,0.0043679,0.00370339,0.446845,0.0485206,3.761,-0.336118,10.1915,0.657886,0.60514,-5.75516,-0.333333,-0.0601489,0.678226,3.58333,15.5833,0,0,5.25,5.5,0,-8.62176,0.0001,-0.00181346,0.0559047,1.74069,0.126425,52650,0.154213,192.88,1.53124
4295,0.138116,0.514678,0.00521099,0.00521099,0.187875,0.131462,0.827713,0.533736,0.0519646,0.019396,0.0498733,0.218071,0.0534545,0,0.834783,0.0450031,1.93935,0.187253,0,0.0749255,0.573741,4.38554,0.622761,0.346218,0.689995,2.68984,0.143339,0.21662,0,0.613003,0.0121854,0,-0.000637045,0.261896,0.965096,0.210354,0.0494832,0.0527927,0.00495988,0.0042842,0.449214,0.0480414,3.95528,-0.710417,10.0875,0.661069,0.613047,-5.55256,-0.333333,-0.0609512,0.693934,4.45833,16.0833,0,0,4.79167,4.58333,0,-8.62282,0.0001,-0.00154159,0.0534238,1.69094,0.122251,54216,0.154224,192.04,1.92697
4296,0.138982,0.521728,0.00520153,0.00520153,0.188742,0.132634,0.826761,0.544612,0.052184,0.0196303,0.0500664,0.216512,0.0496266,0,0.828824,0.046798,1.94065,0.182124,0,0.0733789,0.57906,4.39469,0.625093,0.34739,0.688546,2.68232,0.145179,0.2148,0,0.626705,0.0170023,0,-0.000606387,0.256647,0.965052,0.209404,0.0497543,0.0529982,0.00405649,0.00336225,0.447123,0.0482343,3.79556,-0.713798,10.1107,0.660797,0.61203,-5.57953,-0.333333,-0.0614035,0.703474,3.79167,14,0,0,3.70833,4.75,0,-8.62352,0.0001,-0.00269285,0.0571212,1.68631,0.128933,54154,0.154286,192.32,1.76213
4297,0.132104,0.489903,0.005234,0.005234,0.184696,0.124828,0.827667,0.512012,0.0522455,0.018862,0.0501467,0.217874,0.0498636,0,0.830495,0.0432395,1.93358,0.185539,0,0.0736569,0.575657,4.38097,0.623828,0.343369,0.690529,2.68445,0.137693,0.216415,0,0.554215,0.0146127,0,-0.000566945,0.258062,0.965541,0.208629,0.0498195,0.053059,0.00407874,0.00339738,0.450235,0.0483606,4.01702,-0.559532,10.0533,0.661423,0.608419,-5.59034,-0.333333,-0.0599033,0.660707,3.58333,13.875,0,0,4.33333,4.75,0,-8.62074,0.0001,-0.0017157,0.0546385,1.9959,0.13804,46066,0.154349,191.7,1.5958
4298,0.1415,0.531739,0.00516743,0.00516743,0.18876,0.134472,0.82529,0.555241,0.0518112,0.0192049,0.0497377,0.216237,0.0511227,0,0.834839,0.0485167,1.94585,0.185156,0,0.0733154,0.582788,4.4098,0.626847,0.351691,0.685403,2.66894,0.147625,0.214909,0,0.657154,0.0149298,0,-0.000540216,0.259477,0.965923,0.215192,0.0494832,0.0526804,0.00413469,0.00341485,0.448844,0.0480324,3.76078,-0.553915,10.1209,0.657891,0.603835,-5.78529,-0.333333,-0.0617906,0.715468,3.29167,14.375,0,0,4.54167,5.20833,0,-8.61558,0.0001,-0.000902804,0.0556642,1.72072,0.145949,52662,0.1544,193.45,1.95579
4299,0.139294,0.521139,0.00519379,0.00519379,0.191315,0.132352,0.827434,0.545857,0.0521108,0.0192388,0.0499915,0.216991,0.0489522,0,0.833552,0.0468449,1.93387,0.182208,0,0.0731571,0.583463,4.41117,0.626578,0.348456,0.68788,2.66246,0.145566,0.215529,0,0.625209,0.015758,0,-0.000683372,0.256095,0.965359,0.212509,0.0495094,0.0527971,0.0040737,0.00342522,0.450083,0.0480359,3.7976,-0.529922,10.1508,0.658429,0.603848,-5.72452,-0.333333,-0.0623425,0.703941,4.125,14.7917,0,0,4.66667,5.45833,0,-8.61022,0.0001,-0.002949,0.059874,1.69665,0.13037,53805,0.154442,190.7,1.49578
4300,0.137852,0.515657,0.00523507,0.00523507,0.186266,0.131058,0.827938,0.535034,0.0522957,0.018532,0.0502178,0.218498,0.0503131,0,0.834212,0.0460893,1.95113,0.179702,0,0.0731875,0.575169,4.38114,0.622119,0.343426,0.692948,2.70313,0.142911,0.217128,0,0.618316,0.00953321,0,-0.000720172,0.260973,0.965029,0.208129,0.0496933,0.0529412,0.00426967,0.00354753,0.449085,0.0482131,3.87662,-0.39829,10.0962,0.660944,0.603448,-5.68989,-0.333333,-0.0605947,0.694454,4,15.7917,0,0,5.45833,5.04167,0,-8.60803,0.0001,-0.00190391,0.0574899,1.76629,0.129895,51842,0.154397,190.26,1.61985
4301,0.138056,0.513932,0.00522622,0.00522622,0.187796,0.130899,0.827909,0.531307,0.0528634,0.0180846,0.0506439,0.219135,0.0500744,0,0.837626,0.0446995,1.94797,0.178735,0,0.0739952,0.573754,4.37994,0.622104,0.34462,0.693099,2.69692,0.142797,0.217652,0,0.632188,0.00869263,0,-0.000522033,0.257499,0.965807,0.205388,0.0501508,0.0535484,0.00442824,0.00372279,0.446106,0.0487321,3.81869,0.0356242,10.3288,0.652918,0.605954,-5.93946,-0.333333,-0.0610101,0.691711,3.70833,13.4167,0,0,4.91667,5.91667,0,-8.60902,0.0001,-0.00073618,0.0508976,1.7002,0.130272,53704,0.154384,192.62,1.98765
4302,0.140673,0.531418,0.00519038,0.00519038,0.189648,0.135149,0.825966,0.555899,0.0525048,0.0186072,0.0502993,0.217886,0.051096,0,0.83682,0.04765,1.95368,0.179591,0,0.073718,0.57901,4.3968,0.623817,0.348829,0.690543,2.69129,0.147061,0.216329,0,0.674014,0.00699758,0,-0.000629451,0.258938,0.965807,0.209153,0.0497639,0.053142,0.00482924,0.00412811,0.447217,0.0483508,3.843,-0.063371,10.3541,0.652425,0.60796,-5.98198,-0.333333,-0.061783,0.714496,3.25,14.4583,0,0,5.625,5.75,0,-8.60788,0.0001,-0.00203661,0.0515089,1.7352,0.12617,52812,0.154375,193.89,2.13075
4303,0.140761,0.530528,0.00518605,0.00518605,0.19046,0.134792,0.826133,0.553224,0.0524917,0.0183809,0.0502589,0.219691,0.0504533,0,0.843233,0.0474936,1.94457,0.179846,0,0.0740556,0.582145,4.39929,0.624907,0.349368,0.689215,2.6772,0.146591,0.217967,0,0.655657,0.0199829,0,-0.000678703,0.256889,0.966053,0.210159,0.0496799,0.0530591,0.00493221,0.00416083,0.450901,0.0482633,4.05062,0.040251,10.4069,0.650549,0.610187,-6.04946,-0.333333,-0.0620942,0.714526,3.08333,13.3333,0,0,5.08333,5.625,0,-8.60791,0.0001,-0.00175723,0.0560412,1.90619,0.176718,47195,0.154388,193.88,1.75424
4304,0.137935,0.521323,0.00521578,0.00521578,0.186861,0.132025,0.825907,0.54097,0.0526361,0.0180449,0.0504146,0.216757,0.0513394,0,0.830497,0.0465354,1.95145,0.185512,0,0.0741824,0.576919,4.38418,0.623148,0.345872,0.689983,2.68648,0.143196,0.215196,0,0.629499,0.0117967,0,-0.000545229,0.258751,0.965536,0.206586,0.0499382,0.0532574,0.0041921,0.00349394,0.449541,0.0485074,3.99806,0.103542,10.3563,0.652705,0.605872,-6.03585,-0.333333,-0.06101,0.699399,3.91667,15.1667,0,0,5.70833,6.08333,0,-8.60491,0.0001,-0.0029427,0.0563949,1.77959,0.130316,51470,0.154437,193.88,2.00568
4305,0.133944,0.502626,0.00521218,0.00521218,0.187902,0.128296,0.827862,0.525967,0.0527178,0.0182068,0.0504325,0.217071,0.0514333,0,0.828784,0.0443975,1.94393,0.184704,0,0.0745776,0.579996,4.38365,0.623015,0.346122,0.694252,2.68374,0.139876,0.215363,0,0.594265,0.0156513,0,-0.000618114,0.257017,0.965893,0.205434,0.0498905,0.0533343,0.00488028,0.00416252,0.452041,0.048475,4.1338,0.0569936,10.4495,0.649188,0.610799,-5.98908,-0.333333,-0.0608854,0.677238,3.20833,12.375,0,0,4.625,5.25,0,-8.60127,0.0001,-0.00177023,0.0575898,1.73008,0.128423,52894,0.154459,192.05,1.76174
4306,0.139142,0.526062,0.00517446,0.00517446,0.188035,0.132875,0.825396,0.548743,0.0530002,0.0174945,0.0506588,0.216008,0.0487699,0,0.83227,0.0476879,1.97204,0.180417,0,0.0743769,0.579899,4.40274,0.625233,0.350814,0.689476,2.67462,0.144863,0.214408,0,0.622987,0.015873,0,-0.000533618,0.256797,0.967116,0.20908,0.0499858,0.0534946,0.00438632,0.00368135,0.449461,0.0486259,3.88276,0.613827,10.5979,0.64309,0.608677,-6.41386,-0.333333,-0.0614624,0.707289,3.375,11.9167,0,0,5.41667,7.25,0,-8.60028,0.0001,-0.001467,0.0621822,1.71824,0.12698,53274,0.154437,194.59,1.93228
4307,0.139434,0.524513,0.00520962,0.00520962,0.187657,0.133054,0.826461,0.543486,0.0525387,0.0181941,0.0503262,0.218092,0.0501324,0,0.83517,0.0464822,1.94965,0.181521,0,0.0741346,0.57655,4.40064,0.624363,0.346756,0.689687,2.67866,0.144802,0.216413,0,0.636514,0.0102954,0,-0.000595051,0.2592,0.96606,0.209639,0.0498351,0.0531705,0.00467463,0.00393345,0.453262,0.0484208,4.03377,0.0517972,10.3215,0.653319,0.605439,-5.98664,-0.333333,-0.0612324,0.704865,3.58333,14.5417,0,0,5.75,6.29167,0,-8.60089,0.0001,-0.00140948,0.0590599,1.70239,0.130623,53629,0.15445,194.82,2.04199
4308,0.140573,0.52774,0.00520974,0.00520974,0.190559,0.134753,0.826619,0.544384,0.0528234,0.0183447,0.0505398,0.218979,0.0493104,0,0.835984,0.0458228,1.92721,0.179061,0,0.0736194,0.578164,4.38999,0.624303,0.346381,0.689991,2.68355,0.144814,0.217049,0,0.667526,0.00432099,0,-0.000599407,0.254703,0.965911,0.206152,0.0500513,0.0534555,0.00455716,0.00373532,0.453058,0.0485682,4.11209,0.0703182,10.4353,0.651005,0.614744,-5.96484,-0.333333,-0.0618518,0.708377,4.04167,14.2917,0,0,5.5,6.08333,0,-8.59974,0.0001,-0.0027008,0.0657566,1.96271,0.123771,47114,0.154454,192.57,1.78331
4309,0.137841,0.518488,0.00519293,0.00519293,0.188154,0.131283,0.82631,0.540516,0.0523899,0.0184348,0.0502168,0.217369,0.0505248,0,0.835043,0.0473206,1.95693,0.181595,0,0.0739568,0.579952,4.40849,0.626616,0.348533,0.687369,2.66882,0.143386,0.215776,0,0.624882,0.0198184,0,-0.000636552,0.259247,0.965757,0.211039,0.0497203,0.0530687,0.00434443,0.00363434,0.449292,0.0482598,3.85153,-0.194379,10.259,0.655276,0.608755,-5.846,-0.333333,-0.0615039,0.698638,4.16667,14.5,0,0,5,5.375,0,-8.59642,0.0001,-0.00171407,0.0575545,1.75958,0.129466,52039,0.154454,190.55,1.62958
4310,0.136302,0.506506,0.00519419,0.00519419,0.189992,0.128861,0.827078,0.526453,0.0522576,0.0191057,0.050093,0.217453,0.0505142,0,0.832704,0.0448091,1.93615,0.18479,0,0.0743301,0.576625,4.40155,0.626235,0.348333,0.68665,2.66719,0.141688,0.215554,0,0.602483,0.0163624,0,-0.00062633,0.255134,0.965602,0.211627,0.0495502,0.0529479,0.00406939,0.00337844,0.452241,0.0480804,3.99612,-0.310559,10.2867,0.654901,0.612302,-5.79498,-0.333333,-0.0618346,0.682519,4.79167,14.9167,0,0,4.875,5.79167,0,-8.59471,0.0001,-0.00208998,0.060581,1.6912,0.127433,54053,0.154482,194.51,1.96352
4311,0.141259,0.534358,0.00521899,0.00521899,0.190085,0.135421,0.827626,0.557451,0.0523299,0.0191575,0.0502288,0.218517,0.0484774,0,0.83462,0.0488949,1.92849,0.178065,0,0.0729408,0.57868,4.38688,0.62285,0.345402,0.692167,2.68648,0.14708,0.216507,0,0.627513,0.0379705,0,-0.000610056,0.255787,0.965114,0.20873,0.0497817,0.0530514,0.00444636,0.00366565,0.454832,0.0482767,4.16872,-0.360613,10.1996,0.658637,0.607062,-5.71631,-0.333333,-0.062005,0.719902,4.95833,15.7083,0,0,4.25,5.625,0,-8.5932,0.0001,-0.00154609,0.0583278,1.70094,0.126735,53786,0.15445,193.3,1.83154
4312,0.141122,0.526368,0.00519997,0.00519997,0.190153,0.133908,0.827078,0.54767,0.0524097,0.0194397,0.0502559,0.219554,0.0481473,0,0.840567,0.0470921,1.93171,0.177363,0,0.0731677,0.579813,4.39616,0.624968,0.347655,0.689911,2.67261,0.146742,0.217677,0,0.64167,0.0226558,0,-0.000614754,0.255174,0.965547,0.208901,0.0497548,0.0531215,0.00425062,0.00351302,0.450712,0.0482535,3.95039,-0.35944,10.2702,0.656167,0.610679,-5.7598,-0.333333,-0.0618839,0.710297,4.125,14.2917,0,0,4,5.375,0,-8.5927,0.0001,-0.00144921,0.057104,1.70646,0.131432,53487,0.154443,194.3,1.94232
4313,0.13512,0.511463,0.00519514,0.00519514,0.179909,0.129288,0.826452,0.536446,0.0523281,0.0181173,0.0501525,0.216285,0.0529156,0,0.829133,0.047147,1.94005,0.188949,0,0.0751494,0.5739,4.39712,0.624385,0.348307,0.688257,2.68257,0.141413,0.214354,0,0.639842,0.0143755,0,-0.000528581,0.269148,0.96631,0.210082,0.0497084,0.0529946,0.00468132,0.00387571,0.452278,0.0483122,4.03096,0.0840649,10.3303,0.651213,0.603196,-6.05886,-0.333333,-0.0588615,0.688326,4.08333,12.3333,0,0,4.58333,6.16667,0,-8.58978,0.0001,-0.00230093,0.0600636,2.06638,0.14213,44511,0.154466,193.78,1.59741
4314,0.137902,0.517735,0.0052139,0.0052139,0.187124,0.131406,0.827126,0.535549,0.052741,0.0183133,0.0504845,0.219181,0.0511396,0,0.837016,0.04601,1.92637,0.182405,0,0.0746288,0.573243,4.38261,0.623076,0.345977,0.690364,2.68942,0.142371,0.217111,0,0.631447,0.0142949,0,-0.00048343,0.261132,0.966061,0.206365,0.0500721,0.0534632,0.00414582,0.00337383,0.447503,0.0486299,3.9065,0.110849,10.3644,0.652449,0.61277,-5.98699,-0.333333,-0.060974,0.697055,4.33333,13.75,0,0,4.95833,5.625,0,-8.58731,0.0001,-0.00213929,0.0581342,1.72635,0.122212,53178,0.154481,191.67,1.75612
4315,0.139069,0.517795,0.00518757,0.00518757,0.189319,0.131294,0.826303,0.540945,0.0524766,0.0187886,0.0502456,0.21923,0.0514944,0,0.841331,0.0467575,1.93496,0.181408,0,0.0742293,0.576892,4.38633,0.623839,0.349115,0.688267,2.67994,0.144886,0.217333,0,0.623552,0.0267417,0,-0.000555179,0.258628,0.965452,0.209415,0.0498422,0.053227,0.00463487,0.00388533,0.449486,0.0483896,3.95516,-0.0899017,10.3826,0.653736,0.615125,-5.93906,-0.333333,-0.0618227,0.698469,4.41667,14.25,0,0,4.75,5.70833,0,-8.58658,0.0001,-0.00235849,0.0576118,1.70097,0.12963,53700,0.154491,193.91,1.86435
4316,0.140638,0.527975,0.00517961,0.00517961,0.188201,0.133742,0.826311,0.551104,0.0523745,0.0190415,0.0501693,0.216705,0.0493765,0,0.83285,0.0478389,1.93388,0.179052,0,0.0736073,0.579864,4.4053,0.625776,0.350305,0.688199,2.68095,0.14677,0.214802,0,0.65233,0.00989899,0,-0.00058904,0.260464,0.965612,0.210702,0.0496798,0.0530741,0.00434489,0.00360596,0.448693,0.0482163,3.8142,-0.163141,10.3641,0.652347,0.612696,-5.93186,-0.333333,-0.0615277,0.711582,4.70833,15.875,0,0,5.41667,6.125,0,-8.58568,0.0001,-0.00154442,0.0603036,1.69745,0.132609,53716,0.154515,192.53,1.84484
4317,0.142334,0.530275,0.00516711,0.00516711,0.191114,0.134654,0.826121,0.549849,0.0527082,0.0184602,0.0504033,0.218906,0.0483416,0,0.842173,0.0467203,1.94604,0.175114,0,0.0735143,0.577425,4.40493,0.626219,0.351621,0.686961,2.67246,0.148012,0.217102,0,0.642337,0.0165342,0,-0.000609375,0.253761,0.96667,0.211332,0.0497549,0.0532726,0.00423309,0.00350523,0.446364,0.0483264,3.75941,0.253712,10.5342,0.646329,0.613754,-6.19733,-0.333333,-0.0623402,0.714601,4.04167,12.75,0,0,5.125,6.75,0,-8.58166,0.0001,-0.00275115,0.0569044,1.69165,0.169802,52810,0.154594,194.18,1.72243
4318,0.140687,0.529364,0.00517427,0.00517427,0.188123,0.134228,0.826103,0.556043,0.0526736,0.0185415,0.0503988,0.217212,0.0485454,0,0.834576,0.0479673,1.94367,0.178137,0,0.0739395,0.577609,4.39119,0.624909,0.350851,0.686995,2.68006,0.147854,0.215331,0,0.649759,0.00979947,0,-0.000548181,0.254371,0.966304,0.210237,0.0498821,0.0533192,0.00440495,0.0036245,0.449858,0.0484297,3.89875,0.210105,10.5052,0.647255,0.611885,-6.13965,-0.333333,-0.0614433,0.71315,3.83333,13.9583,0,0,5.33333,6.41667,0,-8.57509,0.0001,-0.00281479,0.0600077,1.89136,0.124376,48768,0.154639,194.27,1.8071
4319,0.141603,0.532806,0.00516349,0.00516349,0.18747,0.13501,0.825299,0.556077,0.0525534,0.0184332,0.0502591,0.216795,0.0513013,0,0.834846,0.047893,1.93698,0.184436,0,0.0749923,0.578647,4.39328,0.624264,0.352177,0.68737,2.67729,0.14744,0.21482,0,0.64804,0.0251401,0,-0.000493022,0.259902,0.966175,0.209874,0.0497692,0.0532314,0.00435209,0.00359318,0.445941,0.0483615,3.72728,0.25688,10.5635,0.645109,0.610387,-6.21434,-0.333333,-0.0613135,0.716867,4.08333,13.5,0,0,5.54167,7.04167,0,-8.57191,0.0001,-0.00224054,0.0536294,1.75451,0.124467,52317,0.154656,194.9,1.69665
4320,0.139037,0.517337,0.00518438,0.00518438,0.187521,0.131383,0.826686,0.536903,0.0527533,0.0187382,0.0504902,0.218287,0.0502629,0,0.837724,0.0457543,1.94621,0.179706,0,0.0742705,0.574314,4.37577,0.62227,0.34953,0.690292,2.69548,0.144215,0.216382,0,0.624789,0.0136894,0,-0.000572551,0.259487,0.965737,0.207207,0.0499827,0.0534124,0.00498492,0.0042264,0.446113,0.0485417,3.88951,0.0965332,10.491,0.649382,0.612511,-6.03769,-0.333333,-0.0611193,0.697859,3.79167,14,0,0,5.58333,5.95833,0,-8.56896,0.0001,-0.00274791,0.053099,1.70625,0.12729,53614,0.154713,193.97,1.89685
4321,0.136929,0.514637,0.0051967,0.0051967,0.187557,0.130682,0.826577,0.539306,0.0526057,0.0193064,0.0504009,0.21908,0.0499554,0,0.83695,0.0462925,1.92089,0.181047,0,0.0740449,0.578738,4.37617,0.62222,0.34802,0.692111,2.7001,0.14308,0.216711,0,0.630867,0.0112524,0,-0.000560953,0.256406,0.965564,0.206279,0.0500076,0.0533414,0.00483644,0.00398951,0.452117,0.0485085,4.07017,-0.141605,10.3569,0.654186,0.61167,-5.84412,-0.333333,-0.0611144,0.693095,3.70833,13.75,0,0,4.29167,5.125,0,-8.5661,0.0001,-0.00139556,0.0565068,1.66829,0.126718,54765,0.154752,193.85,1.80348
4322,0.137049,0.52208,0.00519142,0.00519142,0.185274,0.132212,0.826677,0.544661,0.052787,0.0189123,0.0505064,0.215007,0.0509665,0,0.824714,0.0466373,1.92813,0.184758,0,0.0754588,0.574865,4.3791,0.62276,0.348799,0.690386,2.68963,0.143274,0.212913,0,0.643247,0.0137592,0,-0.000479797,0.259317,0.965368,0.205849,0.0500787,0.0535412,0.00446034,0.00374795,0.44426,0.0486287,3.76717,0.105486,10.4954,0.650111,0.616938,-6.00759,-0.333333,-0.0604946,0.704569,4.25,13.1667,0,0,5.16667,5.04167,0,-8.56446,0.0001,-0.000856877,0.0574773,1.87109,0.186808,47769,0.154781,194.24,1.91301
4323,0.137845,0.518654,0.00518502,0.00518502,0.186829,0.131596,0.826805,0.54435,0.0526147,0.0192014,0.0503874,0.216878,0.0496874,0,0.831501,0.0463485,1.92638,0.181752,0,0.0740729,0.581165,4.38638,0.622929,0.349497,0.688421,2.68852,0.144706,0.214764,0,0.626491,0.0154401,0,-0.000572536,0.255219,0.96571,0.208685,0.049899,0.0532854,0.00447252,0.00373856,0.449601,0.0484341,3.86516,-0.0727089,10.372,0.652885,0.611245,-5.94217,-0.333333,-0.0610044,0.699305,5.125,15.4167,0,0,5.16667,6,0,-8.56275,0.0001,-0.00209347,0.0546898,1.77821,0.13481,51386,0.154782,195.03,2.18246
4324,0.137891,0.519408,0.00519862,0.00519862,0.185122,0.131606,0.82656,0.548877,0.052629,0.018907,0.0504161,0.216777,0.0508617,0,0.830646,0.0477018,1.93057,0.183642,0,0.0747431,0.573575,4.37883,0.623473,0.347965,0.688664,2.6909,0.145321,0.214781,0,0.644106,0.0178087,0,-0.000520717,0.258749,0.965777,0.208144,0.0499536,0.0533346,0.00417186,0.00340604,0.446774,0.0484866,3.84317,-0.052745,10.3223,0.654084,0.610553,-5.95556,-0.333333,-0.060439,0.700397,3.79167,14.125,0,0,5,5.83333,0,-8.56133,0.0001,-0.00205421,0.0559527,1.75824,0.131321,52024,0.154816,196.17,2.08881
4325,0.140964,0.53063,0.00516982,0.00516982,0.187582,0.134351,0.826124,0.558409,0.0526172,0.0188815,0.0503751,0.215511,0.0512387,0,0.829332,0.0484306,1.93333,0.181055,0,0.0745188,0.577584,4.39118,0.624405,0.351334,0.687326,2.67608,0.147857,0.213546,0,0.641651,0.0190787,0,-0.000517457,0.258156,0.966161,0.210185,0.0499077,0.0533449,0.00476835,0.00402232,0.445675,0.0484881,3.73764,0.0848466,10.4609,0.649416,0.612157,-6.06968,-0.333333,-0.0613389,0.716225,4.625,14.2083,0,0,5.45833,5.41667,0,-8.56076,0.0001,-0.00216862,0.0583941,1.7135,0.126591,53423,0.154817,194.88,1.98229
4326,0.141404,0.528779,0.0051652,0.0051652,0.188039,0.133998,0.825323,0.554473,0.0524404,0.0188163,0.0501764,0.216441,0.0506511,0,0.833201,0.0478896,1.9488,0.182722,0,0.0745652,0.576054,4.39799,0.624747,0.351987,0.685206,2.67573,0.148255,0.214483,0,0.627024,0.0108724,0,-0.000507032,0.258084,0.966067,0.211235,0.0497471,0.0531658,0.00423547,0.00349507,0.442983,0.0483101,3.75535,0.0577744,10.4562,0.648753,0.614933,-6.06936,-0.333333,-0.0614734,0.712327,3.41667,13.7917,0,0,5.04167,6.45833,0,-8.56171,0.0001,-0.00149469,0.0577551,1.70704,0.132943,53426,0.154797,195.54,1.76012
4327,0.141914,0.535202,0.00518309,0.00518309,0.187453,0.135739,0.826314,0.560242,0.052316,0.0192602,0.0501402,0.217313,0.0527167,0,0.83427,0.0485443,1.93726,0.184671,0,0.0742185,0.576906,4.39517,0.624069,0.349868,0.688014,2.68863,0.148414,0.215426,0,0.674103,0.0202461,0,-0.000576831,0.259868,0.965613,0.210089,0.0497353,0.0530457,0.00434302,0.00352222,0.448367,0.0482283,3.84209,-0.166762,10.3349,0.654294,0.611611,-5.8782,-0.333333,-0.0612154,0.721403,4.25,14.5833,0,0,5.70833,5.5,0,-8.56073,0.0001,-0.00114867,0.053435,1.95929,0.128479,47085,0.154808,193.68,1.93182
4328,0.141187,0.529702,0.00516638,0.00516638,0.186512,0.134336,0.825583,0.558394,0.0524402,0.0190353,0.0501742,0.216031,0.0509607,0,0.830815,0.048312,1.9382,0.181439,0,0.0742813,0.575994,4.39319,0.625376,0.351859,0.685215,2.67284,0.148619,0.214011,0,0.65137,0.011253,0,-0.000516998,0.263197,0.966092,0.212577,0.0497009,0.0531947,0.00519572,0.00444452,0.449655,0.0483075,3.90907,-0.0396306,10.4107,0.6507,0.611968,-6.00639,-0.333333,-0.0609613,0.713845,4.83333,14.1667,0,0,5.625,6.33333,0,-8.55863,0.0001,-0.00188417,0.0540337,1.80415,0.134667,50702,0.15483,193.46,1.75667
4329,0.138369,0.522328,0.00517014,0.00517014,0.186321,0.132056,0.826033,0.553313,0.052859,0.0181292,0.0505563,0.215816,0.0489129,0,0.8299,0.0481164,1.94743,0.179164,0,0.0739703,0.57809,4.38965,0.624147,0.35132,0.686294,2.68194,0.146322,0.213876,0,0.646672,0.00637009,0,-0.000590196,0.258249,0.965931,0.210169,0.0499118,0.0534192,0.00449276,0.00376418,0.448375,0.0484917,3.80469,0.304483,10.54,0.646394,0.614885,-6.23184,-0.333333,-0.0609702,0.705236,3.45833,12.8333,0,0,5.70833,5.58333,0,-8.55752,0.0001,-0.00272947,0.0567012,1.73048,0.132234,52774,0.154825,194.9,1.88316
4330,0.136267,0.513401,0.00519606,0.00519606,0.184237,0.130174,0.826882,0.541988,0.0525166,0.0188288,0.0502976,0.215537,0.0504787,0,0.826686,0.0465764,1.93186,0.185201,0,0.0748624,0.575507,4.38917,0.623827,0.348268,0.6891,2.68918,0.143654,0.213653,0,0.63613,0.0100116,0,-0.000550695,0.261833,0.965803,0.209016,0.0497929,0.0532163,0.00439539,0.00365696,0.447331,0.0483558,3.7724,-0.037718,10.3425,0.65384,0.609983,-5.93121,-0.333333,-0.0601248,0.692647,4.25,13.125,0,0,5.08333,5.83333,0,-8.55753,0.0001,-0.00173633,0.0588994,1.73315,0.125918,52877,0.154844,193.99,1.82028
4331,0.135359,0.508161,0.00518697,0.00518697,0.183828,0.129004,0.826102,0.536095,0.0526798,0.0188391,0.0504212,0.214316,0.0507339,0,0.821819,0.0458675,1.9268,0.184532,0,0.0747498,0.578727,4.37963,0.623013,0.349124,0.691281,2.69427,0.143163,0.212348,0,0.616504,0.01693,0,-0.000544108,0.260318,0.965516,0.20828,0.0499449,0.0534102,0.00469991,0.00397004,0.447844,0.0485012,3.77181,0.0622531,10.5031,0.649578,0.616691,-5.96344,-0.333333,-0.0599105,0.683916,4.25,15.2917,0,0,5.79167,5,0,-8.55478,0.0001,-0.000872681,0.0582578,1.72178,0.14423,52681,0.154875,193.28,1.74645
4332,0.140375,0.528924,0.00515568,0.00515568,0.189058,0.134128,0.825057,0.555919,0.0522865,0.0192321,0.0500828,0.216462,0.0508409,0,0.834686,0.0482901,1.95381,0.180874,0,0.0735884,0.580369,4.40611,0.625762,0.353043,0.68645,2.67951,0.147673,0.214659,0,0.649326,0.0222228,0,-0.000595953,0.258017,0.966144,0.212166,0.0496528,0.0530264,0.00479532,0.00405458,0.447774,0.0482136,3.68239,-0.199677,10.3814,0.651622,0.612998,-5.9434,-0.333333,-0.0617665,0.712454,4.16667,14.25,0,0,5.16667,5.66667,0,-8.5521,0.0001,-0.00221028,0.0594721,2.0335,0.129038,45457,0.154912,193.52,1.81807
4333,0.139398,0.529428,0.0051946,0.0051946,0.187995,0.134134,0.826419,0.554607,0.0526587,0.0187573,0.0504116,0.216772,0.0476074,0,0.831107,0.0481474,1.94088,0.181239,0,0.073797,0.57506,4.38625,0.623413,0.348343,0.687894,2.69478,0.146113,0.214871,0,0.648111,0.0128206,0,-0.000494742,0.256487,0.965428,0.209721,0.0499522,0.0534313,0.00413052,0.00341666,0.448331,0.0484759,3.84281,-0.0585128,10.3761,0.65319,0.615367,-5.91907,-0.333333,-0.0613501,0.714134,4.16667,14.7083,0,0,5.75,5.25,0,-8.54765,0.0001,-0.00192852,0.0607368,1.79273,0.128329,51171,0.154986,193.92,1.72303
4334,0.134405,0.501365,0.00518201,0.00518201,0.184942,0.126963,0.825984,0.529496,0.0525881,0.0188024,0.050319,0.217798,0.0498677,0,0.835242,0.0456538,1.94989,0.182057,0,0.0744367,0.572874,4.38341,0.623758,0.349785,0.688652,2.68634,0.14172,0.21576,0,0.606575,0.017643,0,-0.0005342,0.259694,0.965468,0.208399,0.0499038,0.0533496,0.00515692,0.00436039,0.449503,0.0484685,3.87519,-0.0524622,10.4637,0.650922,0.617774,-5.93127,-0.333333,-0.0603455,0.675615,4.375,14.375,0,0,5.04167,5.875,0,-8.54271,0.0001,-0.00212057,0.0588926,1.67207,0.133047,54458,0.155004,191.63,1.48415
4335,0.139728,0.524072,0.00516681,0.00516681,0.189631,0.132596,0.825572,0.551815,0.0525323,0.0188956,0.0502842,0.216309,0.050291,0,0.833062,0.0479075,1.9239,0.182655,0,0.0737523,0.581345,4.3953,0.623656,0.351776,0.688002,2.69012,0.146615,0.214347,0,0.665964,0.0152397,0,-0.000620016,0.256773,0.965807,0.210319,0.0498134,0.0531978,0.00445514,0.00372747,0.4477,0.0483544,3.72718,-0.121377,10.381,0.651442,0.610545,-5.98605,-0.333333,-0.0620706,0.706059,4,14.1667,0,0,5.29167,5.625,0,-8.54326,0.0001,-0.0021739,0.0547841,1.69852,0.127921,53822,0.154981,195.65,2.07554
4336,0.137999,0.520579,0.00518692,0.00518692,0.187006,0.132134,0.826283,0.549488,0.0525812,0.0184845,0.0503124,0.217344,0.0504237,0,0.833161,0.0470712,1.94746,0.183873,0,0.0741842,0.576283,4.38403,0.623965,0.349363,0.688186,2.67966,0.145776,0.215318,0,0.633149,0.00774854,0,-0.000546171,0.259021,0.965876,0.208326,0.0498154,0.053256,0.004689,0.00392925,0.448552,0.0483632,3.96883,0.0923216,10.4734,0.648701,0.61202,-6.02479,-0.333333,-0.06095,0.700916,4,14.0417,0,0,4.70833,6.04167,0,-8.54488,0.0001,-0.00201771,0.0521012,1.71339,0.161266,52438,0.154994,191.42,1.76251
4337,0.138509,0.527072,0.00518737,0.00518737,0.185064,0.133,0.825816,0.557307,0.0523662,0.0192187,0.0502004,0.215813,0.050898,0,0.828842,0.048875,1.93158,0.182294,0,0.0737541,0.57646,4.3934,0.624737,0.349407,0.68804,2.68313,0.146438,0.213846,0,0.653215,0.01614,0,-0.000606354,0.261527,0.965422,0.210673,0.0497694,0.0530623,0.00452876,0.00375456,0.450925,0.0482817,3.83424,-0.298106,10.2483,0.65702,0.612282,-5.83795,-0.333333,-0.0606564,0.710837,4.5,14.8333,0,0,4.79167,5.33333,0,-8.54325,0.0001,0.000353171,0.0580332,1.73701,0.121751,52886,0.15503,191.89,1.58484
4338,0.132102,0.491373,0.00523434,0.00523434,0.17826,0.124753,0.826844,0.515385,0.0530362,0.0182795,0.0507911,0.215071,0.0501201,0,0.81968,0.0437664,1.93553,0.184614,0,0.075052,0.570191,4.34341,0.617715,0.343387,0.693287,2.72668,0.138462,0.213077,0,0.606192,0.00869208,0,-0.000462199,0.266732,0.965029,0.201479,0.0504069,0.0538117,0.004642,0.00388065,0.444578,0.048952,3.73127,0.116603,10.4312,0.653102,0.617455,-5.889,-0.333333,-0.0580561,0.661047,4.70833,13.9583,0,0,5,4.75,0,-8.54381,0.0001,0.00160552,0.0564715,1.74625,0.124303,52553,0.155023,193.18,1.61478
4339,0.1385,0.517906,0.00518415,0.00518415,0.187518,0.131723,0.826363,0.541416,0.0526355,0.0191428,0.0504204,0.215348,0.0485248,0,0.825983,0.0463537,1.91186,0.181952,0,0.0732439,0.579606,4.38057,0.623421,0.349483,0.69181,2.69704,0.14435,0.213425,0,0.634451,0.01485,0,-0.000580969,0.259749,0.965529,0.205815,0.0499932,0.0533883,0.00430105,0.00359462,0.444812,0.0484997,3.64555,-0.168396,10.4171,0.651552,0.61249,-5.86703,-0.333333,-0.0610901,0.697856,4.54167,14.9167,0,0,5.41667,5.20833,0,-8.5456,0.0001,-0.00243486,0.0583754,1.71994,0.146283,52675,0.155028,193.93,1.77508
4340,0.138308,0.521451,0.0051578,0.0051578,0.18545,0.1317,0.82512,0.554668,0.052413,0.0189116,0.0501703,0.215615,0.0513894,0,0.832476,0.048083,1.93676,0.188007,0,0.0751207,0.581859,4.39342,0.624413,0.352904,0.687249,2.67592,0.1471,0.213922,0,0.630327,0.021358,0,-0.00061721,0.259938,0.965536,0.211134,0.0496353,0.0530286,0.00437662,0.00365618,0.449124,0.0481549,3.75226,-0.0369351,10.4594,0.649759,0.61212,-6.0356,-0.333333,-0.0607684,0.701932,4.16667,13.4583,0,0,5.54167,5.58333,0,-8.54371,0.0001,-0.00254111,0.0592668,1.69804,0.121859,54016,0.155056,194.78,1.75523
4341,0.135402,0.510521,0.00519128,0.00519128,0.184766,0.129329,0.825703,0.538641,0.0531184,0.018298,0.0507731,0.217052,0.0494034,0,0.831316,0.0463985,1.95489,0.179776,0,0.0746454,0.571151,4.37517,0.622514,0.348857,0.688164,2.69728,0.142614,0.214955,0,0.611622,0.0210118,0,-0.000455876,0.25684,0.965471,0.204911,0.0503223,0.0538396,0.00383632,0.00306122,0.441962,0.0487909,3.75171,0.291588,10.5987,0.648205,0.623494,-6.09698,-0.333333,-0.0603734,0.686509,3.58333,14.25,0,0,5.54167,6,0,-8.54287,0.0001,-0.0011619,0.0560356,1.86292,0.149669,48844,0.15504,192.52,1.64293
4342,0.143829,0.542846,0.00517199,0.00517199,0.188602,0.1373,0.824868,0.568646,0.0526031,0.0190224,0.0503773,0.218292,0.0493941,0,0.839991,0.0493979,1.94732,0.1786,0,0.0739508,0.57849,4.38872,0.623998,0.351098,0.686288,2.6855,0.150623,0.216251,0,0.672315,0.0185855,0,-0.000615276,0.257416,0.965532,0.209217,0.0498969,0.053266,0.00467429,0.00392545,0.449126,0.0484128,3.79354,-0.0158992,10.457,0.651764,0.615722,-5.9643,-0.333333,-0.0617827,0.730719,4.375,14.375,0,0,4.79167,5.95833,0,-8.5451,0.0001,-0.00269384,0.0566701,1.77181,0.131824,51640,0.154985,192.3,1.68054
4343,0.141953,0.52964,0.00518398,0.00518398,0.188494,0.134396,0.82666,0.551313,0.0526054,0.0193478,0.0503848,0.217731,0.0494263,0,0.83527,0.0472059,1.91637,0.180489,0,0.0733838,0.578748,4.3811,0.622781,0.349682,0.691105,2.69036,0.147579,0.21565,0,0.666811,0.00926556,0,-0.000521534,0.257491,0.965528,0.20732,0.0500018,0.0534227,0.0046985,0.00396574,0.447552,0.0485278,3.77824,-0.228089,10.3921,0.652911,0.614643,-5.82263,-0.333333,-0.061517,0.715763,4.83333,14.5,0,0,5.08333,5.875,0,-8.54624,0.0001,-0.00113398,0.0539193,1.71271,0.122562,53563,0.154974,196.3,2.23761
4344,0.141766,0.536086,0.00519117,0.00519117,0.188112,0.135644,0.8262,0.566809,0.0521315,0.0196885,0.0500337,0.21674,0.0483221,0,0.831948,0.0495809,1.91849,0.179653,0,0.0730946,0.577439,4.3955,0.624531,0.348816,0.687006,2.68241,0.14945,0.214854,0,0.66586,0.0244078,0,-0.000564438,0.255315,0.964929,0.210486,0.0497521,0.0529682,0.00457175,0.00380366,0.450874,0.0482307,3.96934,-0.579748,10.2031,0.659738,0.61379,-5.60679,-0.333333,-0.0615688,0.723501,5.08333,15.4167,0,0,4.54167,4.45833,0,-8.54237,0.0001,-0.00210932,0.0580746,1.6739,0.12527,54638,0.154989,193.36,1.84361
4345,0.138773,0.522232,0.00522357,0.00522357,0.188656,0.132511,0.828001,0.549261,0.0525914,0.0190867,0.0504498,0.21654,0.0465381,0,0.827659,0.0475966,1.91337,0.178165,0,0.0721775,0.577395,4.37996,0.622985,0.344979,0.69213,2.69125,0.145558,0.21468,0,0.642093,0.0130305,0,-0.000592611,0.255061,0.96509,0.205927,0.0500325,0.0533269,0.0040927,0.00341032,0.447988,0.0485062,3.83606,-0.291753,10.2472,0.657823,0.609521,-5.70806,-0.333333,-0.0614917,0.705614,4.95833,15.2083,0,0,4.79167,4.95833,0,-8.53905,0.0001,-0.00100706,0.0570963,1.69637,0.128583,53866,0.155076,192.58,1.89059
4346,0.139738,0.526311,0.00517607,0.00517607,0.186692,0.132965,0.825734,0.557187,0.0523226,0.0191113,0.0501364,0.217071,0.0503411,0,0.83456,0.0488505,1.92776,0.182079,0,0.0740103,0.578951,4.38921,0.624257,0.350617,0.686477,2.67988,0.147528,0.215092,0,0.661088,0.021527,0,-0.000591115,0.258631,0.965415,0.211317,0.0497036,0.0530369,0.00468464,0.00390804,0.448147,0.0482211,3.90063,-0.213916,10.3413,0.654582,0.611157,-5.86153,-0.333333,-0.0611512,0.709943,3.83333,13.6667,0,0,4.54167,5.5,0,-8.53412,0.0001,-0.0017866,0.0549009,1.94754,0.134555,47213,0.155124,193.62,1.99451
4347,0.141723,0.536188,0.00516644,0.00516644,0.189046,0.135932,0.82542,0.563933,0.0522517,0.0194158,0.0501003,0.216139,0.0477697,0,0.832338,0.0488916,1.92102,0.178519,0,0.0725039,0.583484,4.3938,0.625225,0.351759,0.68781,2.67353,0.149005,0.2143,0,0.685805,0.0154509,0,-0.000653504,0.256803,0.965004,0.210346,0.0496879,0.0530048,0.00434917,0.00365981,0.447163,0.0481552,3.72141,-0.508304,10.3081,0.655584,0.614801,-5.70678,-0.333333,-0.0617971,0.722824,5.83333,15.5833,0,0,4.70833,5.125,0,-8.53308,0.0001,-0.00198604,0.053293,1.75121,0.133345,52162,0.155127,194.79,2.03063
4348,0.140938,0.528825,0.0051851,0.0051851,0.187472,0.134631,0.826351,0.555701,0.052154,0.0201267,0.0500364,0.216435,0.0499274,0,0.829416,0.0475962,1.89725,0.18361,0,0.0728156,0.582232,4.398,0.624764,0.349425,0.688225,2.67874,0.147737,0.214462,0,0.672912,0.020103,0,-0.000683304,0.256365,0.964958,0.209018,0.0496702,0.052946,0.00409261,0.00332965,0.446328,0.0480652,3.9249,-0.672952,10.2574,0.65874,0.616411,-5.54698,-0.333333,-0.0610386,0.713694,5,14.4583,0,0,3.66667,4.41667,0,-8.53336,0.0001,-0.00208187,0.0586516,1.69479,0.135873,53698,0.155129,192.92,2.016
4349,0.139118,0.520362,0.00519397,0.00519397,0.185065,0.132452,0.826835,0.544783,0.0520295,0.0194115,0.049929,0.218945,0.0522023,0,0.838919,0.047223,1.92994,0.183176,0,0.0738383,0.577163,4.39174,0.624394,0.348311,0.688321,2.67743,0.145382,0.217161,0,0.659999,0.0167315,0,-0.000642457,0.264852,0.96494,0.209682,0.049594,0.0528879,0.00474981,0.00406291,0.445917,0.048088,3.88449,-0.63802,10.2188,0.658664,0.619206,-5.53543,-0.333333,-0.0602472,0.702571,5.08333,15.625,0,0,4.58333,4.45833,0,-8.53293,0.0001,-0.00254772,0.0570338,1.68644,0.128293,54169,0.155091,191.18,1.66886
4350,0.144339,0.540377,0.00515694,0.00515694,0.189979,0.136417,0.825061,0.566102,0.0520025,0.0193888,0.0498803,0.217214,0.0512646,0,0.836926,0.0500059,1.92488,0.177339,0,0.0727065,0.579405,4.41315,0.626983,0.352902,0.686227,2.66295,0.150939,0.215154,0,0.650376,0.0290164,0,-0.000639075,0.258763,0.965228,0.213862,0.0495213,0.0527991,0.00472109,0.00397007,0.448141,0.0480137,3.88668,-0.524114,10.2877,0.65603,0.615346,-5.72228,-0.333333,-0.0622549,0.728124,4.95833,14.875,0,0,4.66667,4.625,0,-8.53471,0.0001,-0.00198132,0.0545048,1.71632,0.127269,53322,0.155063,195.54,2.08816
4351,0.141537,0.538384,0.00516859,0.00516859,0.19172,0.136108,0.826315,0.565353,0.0522965,0.0182097,0.0501119,0.216705,0.0483288,0,0.83491,0.0496993,1.92682,0.177111,0,0.072413,0.582092,4.40336,0.626965,0.351484,0.6875,2.66471,0.14851,0.214979,0,0.659744,0.0185281,0,-0.000649279,0.254013,0.966251,0.211516,0.0496083,0.0529181,0.00448246,0.00375874,0.447203,0.0481477,3.8621,-0.119772,10.3453,0.651447,0.607067,-5.95172,-0.333333,-0.062729,0.726654,4.5,13.8333,0,0,5.41667,5.75,0,-8.53501,0.0001,-0.00118634,0.0572993,1.94943,0.126877,47345,0.155061,194.9,2.00731
4352,0.143704,0.539903,0.00514858,0.00514858,0.192238,0.136599,0.82492,0.567059,0.0520995,0.019173,0.0499197,0.219607,0.0488033,0,0.848172,0.0494302,1.95186,0.175647,0,0.0726448,0.578777,4.41826,0.628367,0.35389,0.684499,2.65679,0.150604,0.21781,0,0.684257,0.0155045,0,-0.000651674,0.256682,0.965588,0.214402,0.0494562,0.0527911,0.00475868,0.00402755,0.447795,0.0479751,3.8158,-0.378071,10.3423,0.653771,0.615237,-5.81878,-0.333333,-0.0629283,0.727263,4.45833,14.5417,0,0,5.08333,5.04167,0,-8.53273,0.0001,-0.000729038,0.0621938,1.72035,0.131343,53088,0.155081,193.92,1.68549
4353,0.144007,0.538869,0.00516079,0.00516079,0.190541,0.13573,0.825231,0.565314,0.0522886,0.0191778,0.0501565,0.218311,0.0483878,0,0.843339,0.0501595,1.94283,0.175637,0,0.0729667,0.577583,4.40075,0.624891,0.35247,0.686119,2.67594,0.150607,0.216498,0,0.661107,0.0315328,0,-0.00060406,0.257092,0.965076,0.212483,0.0497075,0.0530362,0.0046661,0.00398527,0.45065,0.0482307,3.89565,-0.282835,10.3283,0.654816,0.613666,-5.85053,-0.333333,-0.0625982,0.725831,5.41667,15.5417,0,0,5.625,5.16667,0,-8.52971,0.0001,-0.00137348,0.0597045,1.75582,0.122453,52337,0.155139,194.83,2.05793
4354,0.141365,0.535108,0.00515414,0.00515414,0.18784,0.135567,0.824842,0.563551,0.0524307,0.0190454,0.0502093,0.217198,0.0505364,0,0.837129,0.0491467,1.95176,0.181239,0,0.0735455,0.574757,4.39977,0.625901,0.353206,0.685332,2.67189,0.149347,0.215428,0,0.666929,0.0216942,0,-0.000569033,0.2563,0.965607,0.209521,0.0497766,0.0531869,0.00414863,0.00341667,0.445528,0.0482448,3.75744,-0.203372,10.4963,0.649949,0.620488,-5.89913,-0.333333,-0.0613974,0.720834,4.125,12.9167,0,0,4.875,5.25,0,-8.52598,0.0001,-0.00227727,0.0615697,1.72907,0.123829,53054,0.155179,194.95,1.92063
4355,0.136535,0.516132,0.00519204,0.00519204,0.184636,0.130479,0.826614,0.542307,0.0528199,0.0181581,0.0505778,0.215876,0.0498336,0,0.82933,0.0471607,1.93295,0.182559,0,0.0742769,0.578417,4.38095,0.622779,0.34863,0.692732,2.6991,0.143347,0.214159,0,0.60557,0.0338845,0,-0.000547017,0.262323,0.96585,0.206985,0.0500121,0.0534633,0.00439394,0.00375221,0.446162,0.0485816,3.78341,0.149162,10.4694,0.650194,0.615634,-6.02964,-0.333333,-0.0603333,0.697248,4.79167,13.7083,0,0,5.79167,5.45833,0,-8.52197,0.0001,-0.00116424,0.0617047,1.7535,0.213848,49967,0.155227,190.06,1.56044
4356,0.137602,0.519726,0.00517183,0.00517183,0.185012,0.131202,0.825559,0.544271,0.0523132,0.0191979,0.050149,0.217681,0.0511102,0,0.838002,0.0478448,1.9409,0.182348,0,0.0737354,0.575961,4.39309,0.624212,0.351051,0.687804,2.67821,0.144303,0.215756,0,0.618665,0.0207035,0,-0.000590174,0.263431,0.965111,0.210132,0.049714,0.0530753,0.00461206,0.00389578,0.447244,0.0482333,3.96767,-0.2402,10.3863,0.65368,0.614556,-5.87494,-0.333333,-0.060632,0.700283,4.16667,13.6667,0,0,4.29167,5.625,0,-8.51493,0.0001,-0.000899663,0.0629853,1.97152,0.125288,46882,0.15529,193.03,1.8465
4357,0.141504,0.525423,0.00518147,0.00518147,0.189059,0.133362,0.82556,0.552923,0.0525051,0.0191713,0.0503293,0.219509,0.0486235,0,0.842745,0.0476057,1.94393,0.175641,0,0.0729157,0.574778,4.3888,0.623773,0.349845,0.688397,2.68049,0.148605,0.217551,0,0.628352,0.0301098,0,-0.000570768,0.256883,0.965315,0.208961,0.0498398,0.0532655,0.00475851,0.00406706,0.449237,0.0483481,3.89613,-0.238396,10.3966,0.652609,0.618876,-5.8079,-0.333333,-0.0617018,0.707079,5.70833,14.4167,0,0,4.83333,5.45833,0,-8.5082,0.0001,-0.00148294,0.0576744,1.77934,0.12939,51502,0.155347,193.51,1.76109
4358,0.139796,0.531156,0.00520759,0.00520759,0.186359,0.134413,0.826897,0.556263,0.052373,0.0192836,0.050245,0.217937,0.0513706,0,0.834597,0.0487168,1.91841,0.18636,0,0.0742934,0.577063,4.37395,0.621688,0.346869,0.69105,2.69214,0.146106,0.215911,0,0.665155,0.0220611,0,-0.000564407,0.260045,0.964863,0.207286,0.049905,0.0531749,0.00412845,0.00346047,0.448573,0.0483669,4.0093,-0.441237,10.2424,0.658994,0.613993,-5.65646,-0.333333,-0.0608906,0.716082,4.58333,15.375,0,0,3.79167,5.25,0,-8.50375,0.0001,-0.00198288,0.0562445,1.72483,0.12982,53004,0.155367,193.1,1.71067
4359,0.14423,0.540787,0.00515189,0.00515189,0.189685,0.136839,0.825243,0.564286,0.0526095,0.0193723,0.0503619,0.218236,0.0492264,0,0.841921,0.0488628,1.92997,0.177412,0,0.0734078,0.579092,4.39256,0.624008,0.353474,0.688313,2.67857,0.150474,0.216234,0,0.683934,0.0146257,0,-0.000623893,0.2583,0.96503,0.210471,0.0498163,0.0532946,0.00460484,0.00390232,0.447132,0.0483155,3.75957,-0.0604817,10.5031,0.650309,0.617585,-5.97032,-0.333333,-0.0621686,0.728999,4.875,15.0833,0,0,5.375,5.41667,0,-8.49967,0.0001,-0.00226889,0.0539067,1.72615,0.12905,52988,0.155405,194.89,1.91941
4360,0.140476,0.534503,0.00518349,0.00518349,0.186763,0.135145,0.826363,0.563282,0.0524611,0.0188684,0.0502318,0.217459,0.0501344,0,0.834832,0.0492579,1.94232,0.180369,0,0.0736467,0.57763,4.40298,0.625949,0.349793,0.686601,2.67356,0.147698,0.215454,0,0.677818,0.0137758,0,-0.000596402,0.258994,0.965118,0.209422,0.0498288,0.0531801,0.00470095,0.00394176,0.451577,0.0483271,4.04956,-0.0977801,10.4224,0.653593,0.61836,-5.87677,-0.333333,-0.061134,0.722238,4.83333,14.2917,0,0,4.83333,5.20833,0,-8.49578,0.0001,-0.00227319,0.0571936,1.90075,0.122774,48580,0.155462,193.55,1.87127
4361,0.143602,0.545752,0.00518123,0.00518123,0.188845,0.138273,0.825305,0.564631,0.052633,0.0187391,0.0503865,0.217463,0.0504568,0,0.8355,0.0489274,1.92701,0.178463,0,0.0736242,0.577155,4.39756,0.626132,0.350139,0.687801,2.66786,0.148792,0.215429,0,0.671285,0.0156034,0,-0.000598336,0.263241,0.965328,0.209621,0.0499093,0.0533537,0.00484816,0.00408883,0.446219,0.0484296,3.82093,-0.0901043,10.4296,0.652539,0.615671,-5.9168,-0.333333,-0.0617516,0.733056,4.33333,15.0833,0,0,5.70833,5.66667,0,-8.49276,0.0001,-0.00181183,0.0618672,1.71685,0.128654,53266,0.15551,193.39,2.08467
4362,0.137953,0.523772,0.00516071,0.00516071,0.18578,0.131758,0.824775,0.552803,0.0528144,0.0175494,0.0504712,0.216291,0.0508287,0,0.834625,0.0487741,1.94956,0.182413,0,0.0742747,0.581459,4.40178,0.625663,0.3526,0.687488,2.67313,0.146066,0.214446,0,0.638657,0.0341041,0,-0.000544458,0.260076,0.966472,0.210428,0.0498941,0.0533525,0.00453658,0.0037994,0.44977,0.0484757,3.90666,0.565915,10.6367,0.643616,0.613293,-6.33004,-0.333333,-0.0610864,0.706312,3.41667,12.375,0,0,5.95833,6.41667,0,-8.49054,0.0001,-0.00187508,0.0553385,1.72895,0.139042,52625,0.155523,193,1.77457
4363,0.143885,0.547347,0.00515116,0.00515116,0.189302,0.138347,0.82503,0.583792,0.052276,0.0192353,0.050092,0.21584,0.0484773,0,0.833283,0.0516049,1.93386,0.177909,0,0.0725899,0.582145,4.40603,0.626585,0.353705,0.686515,2.66068,0.152794,0.213956,0,0.690311,0.0266797,0,-0.000677345,0.255763,0.965568,0.21372,0.0495979,0.0529198,0.00423678,0.00349056,0.448762,0.0480972,3.71757,-0.190018,10.3875,0.653209,0.613384,-5.92977,-0.333333,-0.0620868,0.738133,4.91667,14.5833,0,0,5.04167,5.875,0,-8.48942,0.0001,-0.0028365,0.0571242,1.71786,0.122723,53409,0.155506,194.77,2.16689
4364,0.143959,0.547268,0.00515827,0.00515827,0.189861,0.138442,0.825133,0.574907,0.0527107,0.0186874,0.0504263,0.217708,0.0473814,0,0.838385,0.0501223,1.94566,0.173689,0,0.0727332,0.581387,4.40369,0.625743,0.352813,0.685896,2.67526,0.151121,0.215594,0,0.684011,0.0137968,0,-0.000527785,0.2539,0.965798,0.210376,0.0499857,0.0534534,0.00440891,0.00365187,0.449648,0.0484927,3.86032,0.106862,10.5492,0.648197,0.617474,-6.0572,-0.333333,-0.0622185,0.738279,4,13.0417,0,0,5.08333,5.25,0,-8.48733,0.0001,-0.00169514,0.0579366,1.69196,0.123402,54151,0.155564,193.64,1.73626
4365,0.140539,0.530548,0.00517233,0.00517233,0.186198,0.134134,0.825364,0.559245,0.0522256,0.0188753,0.0500444,0.216054,0.0509481,0,0.831774,0.0490821,1.94376,0.181752,0,0.0735348,0.573303,4.40426,0.62659,0.351019,0.685937,2.66214,0.147767,0.214028,0,0.676128,0.026518,0,-0.00062571,0.261659,0.965589,0.212165,0.0496382,0.0529244,0.00468637,0.00399714,0.44969,0.0481842,3.92319,-0.288469,10.3026,0.654271,0.612875,-5.85677,-0.333333,-0.0609929,0.714872,4.95833,13.9583,0,0,4.04167,5.625,0,-8.48331,0.0001,-0.00170731,0.057064,1.9826,0.131578,46497,0.155606,193.95,1.81256
4366,0.142489,0.53929,0.00516277,0.00516277,0.18944,0.136086,0.824824,0.568778,0.0526132,0.0185716,0.0503283,0.217639,0.0490379,0,0.838479,0.0501911,1.95266,0.180792,0,0.073831,0.580825,4.39462,0.625791,0.352368,0.685054,2.66506,0.149963,0.215542,0,0.664352,0.0224412,0,-0.000578528,0.256436,0.965505,0.210958,0.0497898,0.053214,0.00407035,0.00331856,0.450482,0.0482714,3.95369,0.184837,10.5243,0.648567,0.616785,-6.13424,-0.333333,-0.0621567,0.725902,4.29167,13.9583,0,0,5.75,6.25,0,-8.48373,0.0001,-0.00243901,0.0596183,1.68064,0.123046,54501,0.155607,194.66,1.96726
4367,0.140386,0.529883,0.00513827,0.00513827,0.186256,0.133523,0.823766,0.560817,0.0524335,0.0183455,0.0501525,0.216411,0.0519477,0,0.836276,0.0491472,1.97467,0.183527,0,0.0747166,0.579091,4.41652,0.62754,0.355249,0.683826,2.66008,0.148042,0.214244,0,0.680925,0.0234536,0,-0.000555808,0.262671,0.96628,0.214075,0.0496452,0.0530527,0.00475273,0.00397337,0.449347,0.0482284,3.85827,0.311099,10.5473,0.645008,0.611969,-6.22871,-0.333333,-0.0612268,0.712307,4.58333,14.2917,0,0,5.95833,6.08333,0,-8.48535,0.0001,-0.00316954,0.0586652,1.7138,0.135501,53157,0.155559,197.24,1.92963
4368,0.139252,0.525886,0.00516685,0.00516685,0.188812,0.132699,0.824676,0.550613,0.0528002,0.0180688,0.0504656,0.217991,0.0491608,0,0.840111,0.0476508,1.98054,0.177982,0,0.0741698,0.578316,4.40449,0.625507,0.351738,0.686526,2.67215,0.145452,0.216102,0,0.628932,0.0276596,0,-0.000560778,0.258893,0.966175,0.210608,0.0499035,0.0533968,0.00483945,0.00413679,0.449355,0.0484873,3.78756,0.430526,10.609,0.645165,0.616138,-6.22204,-0.333333,-0.0618892,0.708306,4.33333,14.0833,0,0,6,5.875,0,-8.48561,0.0001,-0.00215221,0.057844,1.69087,0.130219,53980,0.155598,192.89,1.87942
4369,0.142737,0.537349,0.00516384,0.00516384,0.189425,0.135975,0.824858,0.562475,0.0528633,0.0184628,0.0505569,0.218778,0.0475692,0,0.842623,0.0486923,1.95534,0.173046,0,0.0728166,0.578297,4.39152,0.624189,0.351989,0.688887,2.68131,0.149056,0.21684,0,0.673174,0.022667,0,-0.000553532,0.257223,0.965765,0.209375,0.0500228,0.0534703,0.00456833,0.00383646,0.449262,0.0485666,3.82282,0.294774,10.5895,0.646648,0.613332,-6.1629,-0.333333,-0.0620187,0.723166,4,14.3333,0,0,5.83333,6.08333,0,-8.4825,0.0001,-0.00240669,0.0583482,1.74116,0.156624,51799,0.155627,194.28,1.87741
4370,0.142645,0.543471,0.00515562,0.00515562,0.188687,0.136916,0.824293,0.572913,0.0527551,0.0181511,0.0504326,0.218928,0.0499409,0,0.844016,0.0507139,1.9633,0.178471,0,0.0745311,0.57363,4.39487,0.626009,0.353161,0.683573,2.66784,0.149881,0.216816,0,0.661779,0.0311015,0,-0.000580559,0.258829,0.965595,0.210373,0.0499249,0.0533303,0.00489538,0.00402609,0.452056,0.0484446,3.89135,0.418913,10.6602,0.645694,0.616921,-6.22143,-0.333333,-0.0620152,0.73109,3.70833,13.4167,0,0,5.375,6.33333,0,-8.48079,0.0001,-0.00165111,0.0576404,1.85403,0.125799,49652,0.155653,194.97,1.97219
4371,0.139976,0.530111,0.00515765,0.00515765,0.189186,0.13365,0.825162,0.556026,0.052879,0.0183541,0.0505425,0.217533,0.0488042,0,0.838933,0.0486083,1.94643,0.17709,0,0.0736178,0.580431,4.39781,0.625194,0.3529,0.687902,2.66947,0.146368,0.215504,0,0.635871,0.0192674,0,-0.000626314,0.255851,0.965479,0.210005,0.0499492,0.0534462,0.00435061,0.00358997,0.450882,0.0484706,3.76174,0.283737,10.6542,0.645263,0.618045,-6.16216,-0.333333,-0.0620659,0.713309,4.54167,14.0417,0,0,5.54167,5.91667,0,-8.48151,0.0001,-0.00176537,0.0595121,1.75813,0.137403,51860,0.155607,194.31,1.81062
4372,0.14142,0.540469,0.00514621,0.00514621,0.188129,0.135724,0.824184,0.581933,0.0521471,0.0185014,0.0499548,0.21505,0.0501541,0,0.831662,0.052424,1.95949,0.181216,0,0.0733312,0.581426,4.41846,0.627876,0.354318,0.683592,2.65975,0.151727,0.213159,0,0.675707,0.0425954,0,-0.000571265,0.257769,0.966497,0.215507,0.0494919,0.0527717,0.00430661,0.003531,0.453804,0.0480477,3.86488,0.128158,10.4285,0.648842,0.607475,-6.17354,-0.333333,-0.062004,0.727615,3.91667,13.125,0,0,5.04167,6.33333,0,-8.48371,0.0001,-0.00192668,0.0601937,1.68117,0.129364,54295,0.155588,194.35,1.92297
4373,0.145099,0.544767,0.00514135,0.00514135,0.191235,0.13712,0.823998,0.575849,0.0523384,0.0188568,0.0501297,0.217777,0.0487688,0,0.842048,0.0514334,1.96657,0.175584,0,0.0728954,0.578302,4.41552,0.627146,0.354792,0.684947,2.65424,0.152593,0.215764,0,0.650198,0.0304273,0,-0.000652328,0.256117,0.965859,0.214723,0.0495606,0.0529165,0.00514796,0.004402,0.45634,0.0481405,4.05353,0.0335433,10.4421,0.649128,0.612186,-6.09433,-0.333333,-0.0629178,0.732493,4.375,13.8333,0,0,4.75,6.25,0,-8.48213,0.0001,-0.00181872,0.0617796,1.73058,0.131468,52793,0.155613,195.42,1.89809
4374,0.140778,0.534478,0.0051465,0.0051465,0.188771,0.134721,0.823549,0.56925,0.052612,0.0186401,0.0503063,0.21686,0.0475707,0,0.839158,0.0500128,1.95323,0.17758,0,0.0735441,0.581827,4.40998,0.627235,0.354278,0.683635,2.66486,0.149682,0.215196,0,0.68906,0.0303714,0,-0.000645449,0.254158,0.965648,0.212278,0.0496927,0.0531698,0.00416299,0.0034675,0.451397,0.048216,3.7795,0.233755,10.6056,0.645657,0.613528,-6.16748,-0.333333,-0.0619593,0.719349,4.375,13.75,0,0,5.79167,5.66667,0,-8.47983,0.0001,-0.00227466,0.0619451,1.85226,0.163231,48774,0.155657,195.04,2.02402
4375,0.139581,0.526684,0.00517005,0.00517005,0.186334,0.133051,0.824512,0.552966,0.0526095,0.0185699,0.0503194,0.217396,0.052058,0,0.836585,0.0484076,1.95014,0.182776,0,0.074807,0.577564,4.39292,0.624466,0.351367,0.686473,2.67696,0.146323,0.215419,0,0.636616,0.0183878,0,-0.000627945,0.263034,0.965473,0.210832,0.0497507,0.0532187,0.00455221,0.00382567,0.452847,0.0482874,3.90774,0.194182,10.5519,0.648258,0.618552,-6.08442,-0.333333,-0.0610296,0.708382,3.875,14.0417,0,0,6.20833,5.375,0,-8.47838,0.0001,-0.00254835,0.0564785,1.79952,0.130003,50947,0.155651,195.48,1.92521
4376,0.146259,0.557269,0.0051313,0.0051313,0.190139,0.140071,0.823887,0.587978,0.052312,0.0187487,0.0500934,0.216196,0.0482992,0,0.839285,0.052635,1.97077,0.176363,0,0.0733713,0.580329,4.42175,0.628509,0.356159,0.681579,2.66112,0.154117,0.214479,0,0.703985,0.0202765,0,-0.000666711,0.255976,0.965742,0.216626,0.0494933,0.0528494,0.00388754,0.00316335,0.455009,0.0480051,3.77413,0.179314,10.5199,0.64731,0.61554,-6.21893,-0.333333,-0.0626716,0.751671,4.41667,13.75,0,0,5.20833,6.75,0,-8.47685,0.0001,-0.00183073,0.0545004,1.73555,0.123958,52865,0.155668,195.41,2.03049
4377,0.14681,0.556842,0.00512515,0.00512515,0.191638,0.140172,0.824219,0.590018,0.0525709,0.0185412,0.0502897,0.216361,0.0467293,0,0.839183,0.0525839,1.95032,0.169281,0,0.0724953,0.578436,4.40895,0.6267,0.356874,0.683887,2.65878,0.155595,0.214405,0,0.684171,0.0213463,0,-0.000611503,0.256451,0.966164,0.215378,0.0496595,0.0531489,0.00481767,0.00409335,0.453909,0.0482463,3.88611,0.23634,10.5671,0.644931,0.611952,-6.26189,-0.333333,-0.0630752,0.752181,4.83333,12.7917,0,0,5.83333,6,0,-8.4748,0.0001,-0.00254731,0.0606228,1.6915,0.128931,54000,0.155667,196.73,2.26679
4378,0.141286,0.526304,0.00516342,0.00516342,0.185628,0.132777,0.824939,0.554456,0.0525091,0.018795,0.0502894,0.217427,0.0493854,0,0.838017,0.0486184,1.96517,0.176797,0,0.074036,0.573714,4.39224,0.624672,0.352151,0.685358,2.6735,0.149013,0.21547,0,0.652866,0.0249212,0,-0.000636507,0.259941,0.965568,0.212233,0.0497446,0.0531142,0.00436454,0.00363672,0.450204,0.0482907,3.78509,0.0765044,10.4503,0.650095,0.613035,-6.05094,-0.333333,-0.0608919,0.709813,4.95833,14.0833,0,0,4.66667,6,0,-8.47332,0.0001,-0.00198915,0.0515781,1.69243,0.125478,54075,0.155698,194.05,1.89836
4379,0.144315,0.546711,0.00513918,0.00513918,0.189065,0.137745,0.823843,0.578906,0.0527071,0.0184754,0.0504358,0.217107,0.0488631,0,0.840241,0.0516707,1.9697,0.176139,0,0.0735357,0.578683,4.3998,0.625472,0.355229,0.685501,2.66792,0.152503,0.215196,0,0.685465,0.032697,0,-0.000570839,0.257065,0.966104,0.212519,0.0498501,0.0532753,0.00422744,0.00344987,0.453339,0.0483907,3.71333,0.391029,10.6117,0.644522,0.616025,-6.31313,-0.333333,-0.0622246,0.734985,4,13.5,0,0,4.95833,6.04167,0,-8.46999,0.0001,-0.00199216,0.0554446,1.91587,0.126975,48121,0.155734,195.26,2.00829
4380,0.142538,0.539829,0.00515248,0.00515248,0.185626,0.136809,0.824092,0.56599,0.0526043,0.0190984,0.050319,0.217076,0.0498259,0,0.835062,0.0489885,1.94081,0.180336,0,0.074329,0.580198,4.39634,0.625133,0.353421,0.684712,2.66463,0.149091,0.214621,0,0.682836,0.0201402,0,-0.000673412,0.262533,0.965788,0.211833,0.0497282,0.0531753,0.00459204,0.00379065,0.452293,0.0482626,3.84155,0.130201,10.5447,0.647815,0.615579,-6.10802,-0.333333,-0.0607241,0.727622,4.58333,12.4583,0,0,4.54167,6.08333,0,-8.46851,0.0001,-0.00227882,0.0556422,1.74581,0.125117,52542,0.155739,194.15,2.01076
4381,0.144885,0.551525,0.00514424,0.00514424,0.187067,0.139136,0.823919,0.580094,0.0525117,0.0187277,0.0502543,0.217223,0.0499154,0,0.839715,0.0512894,1.96113,0.17798,0,0.0743974,0.577174,4.40967,0.626806,0.354548,0.683091,2.66011,0.151953,0.215102,0,0.693867,0.0307253,0,-0.00062101,0.2643,0.96586,0.214275,0.0496091,0.0531174,0.00484564,0.00410203,0.45402,0.0482081,3.79568,0.232738,10.5277,0.647083,0.613587,-6.18496,-0.333333,-0.0614778,0.74231,4.54167,13.6667,0,0,5.66667,5.66667,0,-8.46618,0.0001,-0.00259325,0.0511119,1.68783,0.123137,54282,0.15576,193.33,1.94763
4382,0.145006,0.553421,0.00513875,0.00513875,0.190065,0.139386,0.824129,0.585182,0.0525233,0.0189902,0.0502412,0.21758,0.0483059,0,0.84166,0.0519872,1.94583,0.175502,0,0.0736789,0.579446,4.40936,0.627954,0.355349,0.681049,2.65045,0.152836,0.215482,0,0.716115,0.0291231,0,-0.000610637,0.259462,0.965649,0.214956,0.0496572,0.0531257,0.00489829,0.00409548,0.453031,0.0482193,3.9,0.194379,10.617,0.646579,0.618091,-6.16542,-0.333333,-0.0625898,0.747745,4.625,14.7917,0,0,5.33333,5.91667,0,-8.45976,0.0001,0.00154261,0.0546602,1.71077,0.120084,53692,0.155818,191.9,1.89236
4383,0.146384,0.551469,0.00511955,0.00511955,0.19033,0.139162,0.823566,0.582642,0.0522857,0.0192297,0.0500332,0.217721,0.048183,0,0.844818,0.051458,1.96003,0.171097,0,0.0723628,0.582894,4.42816,0.629017,0.357543,0.683987,2.65355,0.154093,0.215861,0,0.714895,0.0239739,0,-0.000749791,0.261071,0.966035,0.217012,0.0493848,0.0528044,0.0052565,0.00449534,0.456706,0.0479948,3.66063,0.0634383,10.5596,0.646459,0.61438,-6.16422,-0.333333,-0.062562,0.743557,4.16667,13.8333,0,0,5.70833,6.04167,0,-8.45617,0.0001,-0.00221928,0.0533268,1.72541,0.124601,53136,0.155824,195.46,2.1149
4384,0.144357,0.544392,0.00517986,0.00517986,0.18777,0.137932,0.82615,0.569814,0.0526874,0.0188933,0.0504271,0.216935,0.0493585,0,0.834318,0.0497526,1.93332,0.177498,0,0.0737135,0.576052,4.39152,0.625052,0.350401,0.686814,2.67443,0.150638,0.214901,0,0.688805,0.0139679,0,-0.000591731,0.259057,0.965543,0.209258,0.0499452,0.0533481,0.00433053,0.00360607,0.452865,0.0484472,3.82284,0.121551,10.5085,0.649384,0.61722,-5.99953,-0.333333,-0.0614301,0.735668,4.125,14.1667,0,0,5.33333,6.16667,0,-8.45429,0.0001,-0.00232294,0.0562046,1.96151,0.127579,47055,0.155874,194.8,2.16212
4385,0.145013,0.550471,0.00513317,0.00513317,0.1911,0.138793,0.824616,0.580009,0.0523342,0.0191806,0.0500923,0.218082,0.0485058,0,0.842866,0.0514269,1.94557,0.17366,0,0.0730044,0.586658,4.41632,0.628257,0.355945,0.682501,2.64607,0.152192,0.215832,0,0.701149,0.0182979,0,-0.000719871,0.256995,0.96583,0.215647,0.0494602,0.0528668,0.00478018,0.00397402,0.457895,0.0479783,3.97702,0.0980331,10.5315,0.647497,0.61365,-6.11755,-0.333333,-0.0628398,0.744522,4.79167,13.9583,0,0,4.875,6.58333,0,-8.44957,0.0001,-0.00291202,0.0535713,1.70555,0.134319,53429,0.155916,194.22,1.9583
4386,0.146229,0.555286,0.00512935,0.00512935,0.189801,0.140281,0.824136,0.586184,0.0522177,0.0189984,0.0499933,0.217852,0.0508285,0,0.843811,0.0517867,1.94864,0.178638,0,0.0737354,0.58528,4.42137,0.627376,0.356326,0.6837,2.65764,0.154024,0.215971,0,0.69701,0.0278167,0,-0.000622678,0.257509,0.966018,0.214641,0.0495211,0.0528355,0.00503347,0.00427649,0.454934,0.0480814,3.79282,0.0637595,10.5744,0.646187,0.612909,-6.12341,-0.333333,-0.0623348,0.749325,4.16667,13.2083,0,0,5.08333,5.45833,0,-8.4455,0.0001,-0.00212827,0.0561826,1.73074,0.1267,52924,0.155946,194.51,2.14824
4387,0.142471,0.538297,0.00516745,0.00516745,0.187372,0.136027,0.825231,0.562859,0.0529718,0.0184013,0.0506676,0.218338,0.0485074,0,0.840759,0.0490485,1.94745,0.17376,0,0.0736963,0.576435,4.39954,0.624824,0.351794,0.687157,2.67946,0.148947,0.216369,0,0.664479,0.0174222,0,-0.000632304,0.259807,0.966121,0.209063,0.0500679,0.0535065,0.00471646,0.00395277,0.450616,0.0486051,3.80855,0.424584,10.6238,0.645444,0.616549,-6.19553,-0.333333,-0.0613637,0.725626,4.79167,13.4167,0,0,5.125,6.29167,0,-8.44111,0.0001,-0.00247884,0.0539019,1.73733,0.129598,52655,0.15595,192.55,1.91702
4388,0.142949,0.544302,0.00516007,0.00516007,0.188518,0.136991,0.82479,0.572716,0.0530613,0.0180635,0.0507002,0.217608,0.0475002,0,0.839032,0.0506439,1.95907,0.173584,0,0.0737959,0.579972,4.40665,0.625511,0.35275,0.686918,2.68361,0.150706,0.215543,0,0.660291,0.0329528,0,-0.000529154,0.258061,0.966067,0.209343,0.0501169,0.0536165,0.00421926,0.00344433,0.450054,0.0486492,3.80649,0.556294,10.7415,0.642933,0.618168,-6.32309,-0.333333,-0.0619778,0.734354,4.66667,13.3333,0,0,6.75,5.95833,0,-8.44332,0.0001,-0.00164824,0.0560584,1.69589,0.188351,52171,0.155893,193.14,1.8677
4389,0.144053,0.550204,0.00514999,0.00514999,0.188632,0.138983,0.824797,0.583436,0.0526693,0.0185823,0.0503824,0.217692,0.0489415,0,0.839891,0.051646,1.94574,0.175398,0,0.0742417,0.579771,4.40235,0.625592,0.353824,0.685152,2.67253,0.152015,0.21576,0,0.714438,0.0255869,0,-0.000622373,0.259884,0.966077,0.211402,0.0498195,0.0532305,0.00501611,0.00428267,0.453309,0.0483874,3.90549,0.354688,10.6426,0.644433,0.61739,-6.21634,-0.333333,-0.0618717,0.743383,3.875,13.7917,0,0,6.04167,6.04167,0,-8.44472,0.0001,-0.00227959,0.0515761,1.98147,0.135871,46428,0.155932,194.03,1.87913
4390,0.144098,0.544993,0.00516224,0.00516224,0.190184,0.137555,0.825127,0.565679,0.0521757,0.0199116,0.0500132,0.216955,0.0508783,0,0.836292,0.049762,1.93834,0.180503,0,0.0736718,0.57999,4.40102,0.626093,0.352422,0.683525,2.66366,0.149698,0.214862,0,0.690364,0.0217288,0,-0.000636791,0.256793,0.965038,0.212716,0.0496305,0.0528798,0.00489262,0.00414337,0.456298,0.0481143,4.03527,-0.309438,10.3817,0.654662,0.618549,-5.80989,-0.333333,-0.0623831,0.735893,4.875,14.0417,0,0,4,5.33333,0,-8.44124,0.0001,-0.00220876,0.0523143,1.79375,0.130997,51073,0.155958,196.47,2.10239
4391,0.146611,0.549707,0.00516162,0.00516162,0.192224,0.139252,0.825115,0.577869,0.0521411,0.0201163,0.0500308,0.216755,0.0500844,0,0.83499,0.0509989,1.92638,0.178198,0,0.0726788,0.581885,4.39735,0.62534,0.352311,0.686812,2.67115,0.153932,0.214834,0,0.695581,0.0287256,0,-0.000645957,0.253608,0.965127,0.211821,0.0496754,0.0528978,0.00483629,0.00410346,0.454666,0.0481351,3.99057,-0.421554,10.33,0.654813,0.617766,-5.74264,-0.333333,-0.0628809,0.74287,4.83333,15.2917,0,0,4.16667,4.58333,0,-8.43829,0.0001,-0.00239836,0.0526873,1.72051,0.125736,53245,0.15599,194.32,2.03396
4392,0.14872,0.558313,0.00513128,0.00513128,0.193503,0.141027,0.824447,0.584526,0.052433,0.0195993,0.0501902,0.218234,0.0482217,0,0.844622,0.0514341,1.93917,0.176552,0,0.0730447,0.582416,4.40337,0.625998,0.356076,0.683476,2.66865,0.155541,0.216307,0,0.715036,0.0164145,0,-0.000587609,0.254348,0.965667,0.21315,0.0496992,0.0531043,0.0046636,0.00393206,0.453859,0.0481872,3.80267,0.0274764,10.5772,0.646993,0.620062,-6.0577,-0.333333,-0.0635194,0.755075,4.41667,14.2917,0,0,5.58333,5.5,0,-8.43395,0.0001,-0.00200542,0.0550853,1.72899,0.124712,53031,0.156025,194.9,1.9586
4393,0.142645,0.536399,0.0051739,0.0051739,0.188983,0.135435,0.825821,0.55979,0.0523794,0.019482,0.050244,0.218033,0.0484717,0,0.838762,0.0492019,1.92261,0.179459,0,0.0732783,0.575905,4.38559,0.623072,0.350792,0.688864,2.68584,0.148601,0.216075,0,0.658912,0.0244177,0,-0.000556737,0.25693,0.965114,0.208383,0.0499335,0.0531454,0.00476749,0.00405644,0.451723,0.0484436,3.91172,-0.146545,10.4207,0.652825,0.614898,-5.86168,-0.333333,-0.0618848,0.725737,4.20833,14.875,0,0,4.25,5.25,0,-8.43298,0.0001,-0.00192994,0.0556765,1.8885,0.134748,48587,0.156025,196.3,2.11991
4394,0.146314,0.556166,0.00516122,0.00516122,0.191738,0.140801,0.824695,0.581469,0.0524721,0.0197594,0.0502906,0.218396,0.0466222,0,0.841792,0.0514657,1.93482,0.172113,0,0.0725771,0.581327,4.3996,0.625188,0.352434,0.686858,2.67384,0.153063,0.216548,0,0.68403,0.0224749,0,-0.000632545,0.255823,0.964837,0.210662,0.0498362,0.05318,0.00458541,0.00388367,0.454485,0.0482832,3.94429,-0.220985,10.4842,0.651552,0.617522,-5.82235,-0.333333,-0.0627672,0.749905,4.79167,14.7917,0,0,4.41667,4.91667,0,-8.43332,0.0001,-0.00293827,0.0588779,1.75423,0.125472,52297,0.156031,194.73,2.04129
4395,0.142574,0.529926,0.00517375,0.00517375,0.188608,0.134379,0.825294,0.553674,0.0524733,0.019631,0.0502977,0.217556,0.0503161,0,0.835993,0.0477114,1.95189,0.179523,0,0.0742125,0.575582,4.3862,0.623945,0.350856,0.688813,2.6846,0.148545,0.215512,0,0.647731,0.0150777,0,-0.000635189,0.257086,0.964989,0.208308,0.0498563,0.0532107,0.00453321,0.00379032,0.447188,0.0483138,3.70307,-0.22411,10.4903,0.652213,0.623351,-5.79168,-0.333333,-0.0616021,0.714086,4.95833,15.1667,0,0,4.33333,5.54167,0,-8.43331,0.0001,-0.00221656,0.0567837,1.73755,0.124511,52793,0.156047,192.58,1.8022
4396,0.148223,0.558905,0.00515024,0.00515024,0.192848,0.141401,0.824974,0.586573,0.0521642,0.0198685,0.0500478,0.216803,0.0486453,0,0.837316,0.0518837,1.93206,0.174394,0,0.0724954,0.578484,4.4055,0.626625,0.353839,0.686689,2.6636,0.155777,0.214999,0,0.691134,0.0249714,0,-0.000665932,0.255032,0.965217,0.212381,0.0495835,0.0528711,0.00472826,0.00404939,0.455577,0.0480611,3.88365,-0.280745,10.4424,0.651407,0.61514,-5.82829,-0.333333,-0.0632036,0.754332,4.41667,13.625,0,0,4.125,4.625,0,-8.43382,0.0001,-0.00166388,0.0546374,1.70563,0.12764,53622,0.156032,195.97,2.21239
4397,0.144722,0.53941,0.00517076,0.00517076,0.188286,0.136842,0.825745,0.563871,0.0526498,0.0197383,0.0504523,0.218728,0.0503134,0,0.840317,0.0491308,1.92486,0.181526,0,0.0739854,0.576967,4.38156,0.623703,0.3512,0.689256,2.68646,0.150944,0.216551,0,0.660092,0.0220169,0,-0.000560543,0.259855,0.964847,0.206972,0.0500419,0.0534046,0.00460441,0.00386413,0.44829,0.048475,3.87571,-0.112512,10.5318,0.650811,0.619961,-5.85207,-0.333333,-0.0615016,0.728134,5.5,15.125,0,0,4.04167,5.5,0,-8.43387,0.0001,-0.00143136,0.0565639,1.6834,0.125171,54354,0.156037,194.66,1.92108
4398,0.143255,0.543503,0.00517784,0.00517784,0.18771,0.137426,0.824582,0.573816,0.0529094,0.0188105,0.0506578,0.21737,0.0497346,0,0.835668,0.0504209,1.94584,0.177527,0,0.0737654,0.571566,4.37899,0.622907,0.350446,0.6882,2.68701,0.151092,0.215338,0,0.650486,0.0282619,0,-0.000517683,0.258606,0.965366,0.207434,0.0501672,0.0535912,0.00431447,0.0036181,0.449465,0.0486681,3.82926,0.273791,10.5738,0.647974,0.618755,-6.0899,-0.333333,-0.0614525,0.730807,4.58333,14.3333,0,0,5.29167,6,0,-8.43138,0.0001,-0.0014124,0.0526836,2.01951,0.123298,45876,0.156042,191.83,1.66794
4399,0.143043,0.542448,0.00517554,0.00517554,0.187812,0.1372,0.824849,0.568936,0.0523793,0.0194357,0.0501959,0.217756,0.0499907,0,0.837929,0.0499054,1.93087,0.181971,0,0.0743139,0.578433,4.3947,0.624189,0.350643,0.686814,2.68542,0.150275,0.215824,0,0.657471,0.0356852,0,-0.000622119,0.259088,0.964689,0.208688,0.0497985,0.0530723,0.0045977,0.00387734,0.450011,0.0482929,3.86338,-0.0898207,10.4913,0.651333,0.615543,-5.89258,-0.333333,-0.0614441,0.729479,4.79167,15.2917,0,0,4.41667,6.04167,0,-8.4301,0.0001,-0.00260512,0.0560092,1.69133,0.126464,54078,0.156011,194.46,2.10517
4400,0.143205,0.542404,0.0051653,0.0051653,0.188868,0.137017,0.824563,0.567223,0.0527313,0.0193622,0.0504542,0.218535,0.0491371,0,0.840292,0.0492527,1.93548,0.17691,0,0.0740816,0.57674,4.38283,0.623878,0.352093,0.686923,2.67757,0.149611,0.216235,0,0.658606,0.0258444,0,-0.000556833,0.260125,0.965287,0.209214,0.0499541,0.0534058,0.00488592,0.00410998,0.450148,0.0484578,4.00396,0.254606,10.6511,0.646434,0.620212,-6.07731,-0.333333,-0.06192,0.730166,4.45833,14.1667,0,0,4.20833,5.91667,0,-8.43155,0.0001,-0.0027049,0.0565482,1.93563,0.129075,47611,0.156012,196.72,2.23292
4401,0.14838,0.560537,0.00513931,0.00513931,0.194031,0.140782,0.823183,0.588144,0.0527788,0.0188113,0.0504936,0.219508,0.0457416,0,0.849932,0.0523694,1.96015,0.170001,0,0.0730045,0.577534,4.39963,0.625018,0.355285,0.683,2.67697,0.155551,0.217528,0,0.704704,0.0218302,0,-0.000508163,0.250945,0.96595,0.212299,0.0499836,0.0533985,0.00434716,0.00360037,0.449935,0.0484975,3.92773,0.441108,10.6775,0.643763,0.616149,-6.2931,-0.333333,-0.063933,0.754007,3.83333,13.2083,0,0,4.625,6.04167,0,-8.43063,0.0001,-0.00226764,0.0554892,1.71278,0.135778,53178,0.156012,194.13,2.10565
4402,0.143287,0.540668,0.00512822,0.00512822,0.189412,0.136423,0.823582,0.567693,0.0530491,0.0186049,0.0506339,0.2177,0.0492586,0,0.841317,0.0491562,1.97001,0.180579,0,0.0747726,0.579497,4.39896,0.625698,0.356473,0.683327,2.6659,0.150743,0.215239,0,0.678827,0.0154381,0,-0.000552463,0.254232,0.965875,0.210221,0.0500071,0.0535923,0.00423392,0.00342642,0.449693,0.0485023,3.96003,0.730159,10.9295,0.636854,0.623383,-6.45592,-0.333333,-0.0622465,0.728306,4.125,14.0417,0,0,5.20833,7.33333,0,-8.4294,0.0001,-0.00212117,0.0611432,1.74098,0.12982,52546,0.155981,193.19,1.66375
4403,0.138304,0.526741,0.00514671,0.00514671,0.184543,0.132901,0.82367,0.554628,0.0531133,0.0183147,0.0507161,0.215489,0.0510437,0,0.831306,0.0482775,1.95538,0.184003,0,0.0754326,0.578415,4.39633,0.623847,0.354243,0.687465,2.68825,0.145505,0.213255,0,0.655633,0.0157399,0,-0.000537787,0.261814,0.966118,0.208864,0.0500881,0.0536715,0.00449617,0.00377391,0.450548,0.0486345,3.86794,0.740574,10.8326,0.639396,0.619463,-6.41855,-0.333333,-0.0605769,0.708465,3.79167,13.8333,0,0,5.70833,7.04167,0,-8.42863,0.0001,-0.00240247,0.0535229,1.71589,0.127563,53326,0.15598,194.84,1.84707
4404,0.141242,0.533154,0.00512647,0.00512647,0.189796,0.134289,0.822374,0.559158,0.0529128,0.0181269,0.0505171,0.218158,0.0502369,0,0.8443,0.0485824,1.98284,0.182603,0,0.0755488,0.576846,4.40357,0.626219,0.356697,0.681817,2.67167,0.148471,0.216071,0,0.631427,0.0223784,0,-0.000530758,0.254805,0.966832,0.212207,0.0498344,0.0533982,0.00407441,0.00332956,0.449029,0.0483897,3.87311,0.796818,10.8637,0.637351,0.619907,-6.53603,-0.333333,-0.062408,0.716716,3.16667,12.7917,0,0,5.25,7.04167,0,-8.42669,0.0001,-0.000930057,0.0584758,1.75856,0.132381,51986,0.156006,196.11,2.0583
4405,0.144143,0.541857,0.00516263,0.00516263,0.189379,0.136961,0.823726,0.56099,0.0531116,0.0184202,0.0507472,0.217524,0.0488207,0,0.837636,0.0483921,1.96595,0.1756,0,0.0742489,0.573843,4.37605,0.623015,0.352247,0.686886,2.68225,0.149171,0.215493,0,0.667851,0.0222479,0,-0.000516714,0.256816,0.965801,0.208119,0.050201,0.0537357,0.00441413,0.00374478,0.451209,0.0487207,3.88134,0.643106,10.8135,0.640282,0.617968,-6.30254,-0.333333,-0.0619946,0.72701,3.79167,13.7083,0,0,5.125,6.20833,0,-8.42216,0.0001,-0.00147447,0.0574989,2.02014,0.125618,45813,0.156072,195.85,2.13259
4406,0.143738,0.546609,0.00513789,0.00513789,0.188889,0.137585,0.823644,0.572165,0.0530304,0.0182735,0.0506399,0.218144,0.0487962,0,0.841842,0.0503927,1.97215,0.1777,0,0.0745316,0.577792,4.39921,0.625383,0.355305,0.68285,2.66945,0.150367,0.21566,0,0.666591,0.0299417,0,-0.000554751,0.254465,0.966028,0.210781,0.0500496,0.0535417,0.00447626,0.0036699,0.455922,0.0485758,4.11673,0.763742,10.8428,0.638738,0.617596,-6.46271,-0.333333,-0.0621516,0.736295,4.08333,12.7917,0,0,5.125,7.04167,0,-8.41811,0.0001,-0.00221324,0.0559133,1.7529,0.130922,52183,0.156108,194.74,1.94321
4407,0.148328,0.562443,0.00513057,0.00513057,0.192713,0.141802,0.823963,0.592822,0.0525956,0.0189155,0.050303,0.217649,0.0465352,0,0.841847,0.0524794,1.96391,0.170967,0,0.0730146,0.583369,4.4119,0.626401,0.356258,0.682481,2.65884,0.156447,0.215372,0,0.706326,0.0248968,0,-0.000620274,0.254225,0.965908,0.214004,0.0497446,0.0531574,0.00484722,0.0040915,0.454917,0.048286,3.99899,0.366384,10.68,0.643422,0.619469,-6.25936,-0.333333,-0.0633547,0.758182,4.20833,15.125,0,0,4.83333,7.33333,0,-8.41566,0.0001,-0.00267514,0.053035,1.68376,0.131285,54160,0.156133,193.28,2.04865
4408,0.144434,0.550529,0.00515797,0.00515797,0.189726,0.139309,0.825188,0.577474,0.052261,0.0196851,0.050121,0.218206,0.0492468,0,0.840476,0.0507818,1.92709,0.177669,0,0.0729695,0.579607,4.39059,0.623961,0.352805,0.687109,2.67539,0.151459,0.21605,0,0.685414,0.0253751,0,-0.00063905,0.256893,0.965139,0.212144,0.0497064,0.0529695,0.00495091,0.00424014,0.453165,0.0482484,3.88022,-0.181168,10.431,0.651685,0.612622,-5.88974,-0.333333,-0.0621194,0.741841,5.25,14.4167,0,0,4.33333,5,0,-8.41391,0.0001,-0.00225133,0.0580372,1.72015,0.12731,53210,0.156177,194.71,2.01107
4409,0.139165,0.525801,0.00516452,0.00516452,0.184809,0.133047,0.824824,0.550242,0.0524257,0.0198523,0.050238,0.216955,0.0511306,0,0.833942,0.0479594,1.9517,0.1849,0,0.0752568,0.575395,4.38642,0.623251,0.351933,0.686078,2.68573,0.145652,0.214528,0,0.661134,0.0157334,0,-0.000618791,0.261035,0.964537,0.210061,0.0498614,0.0531594,0.00437306,0.00363035,0.45316,0.0483341,3.96562,-0.113441,10.5142,0.650656,0.625285,-5.88912,-0.333333,-0.0604867,0.706902,5.125,15.625,0,0,3.95833,5.58333,0,-8.41201,0.0001,-0.00159343,0.0528702,1.92017,0.130189,47944,0.156203,193.39,1.79477
4410,0.14077,0.53621,0.00518921,0.00518921,0.187939,0.136135,0.826213,0.562039,0.0524902,0.0196766,0.0503461,0.217889,0.0482469,0,0.834294,0.0490905,1.91989,0.178399,0,0.073245,0.578512,4.37607,0.621518,0.348927,0.690673,2.6989,0.147347,0.215638,0,0.656479,0.0329518,0,-0.00059535,0.25651,0.964497,0.206429,0.0500273,0.053289,0.00463192,0.00392086,0.452354,0.0484909,4.05527,-0.305815,10.4088,0.654203,0.621203,-5.69304,-0.333333,-0.061282,0.723118,5.95833,16.0417,0,0,3.83333,4.875,0,-8.41019,0.0001,-0.00280822,0.0525329,1.76276,0.142743,51589,0.156245,194.72,1.79366
4411,0.143005,0.536835,0.00517653,0.00517653,0.189263,0.136463,0.824935,0.560361,0.0527407,0.0195669,0.0505103,0.219192,0.0480648,0,0.839611,0.0485482,1.92909,0.175223,0,0.0732305,0.574984,4.37906,0.623289,0.350466,0.687862,2.68238,0.149023,0.216856,0,0.659639,0.00443511,0,-0.000554524,0.256473,0.964623,0.206416,0.0501419,0.0535235,0.0045628,0.00376558,0.449312,0.0485966,3.94784,-0.0667084,10.5769,0.649818,0.624482,-5.86086,-0.333333,-0.0616552,0.722405,5.16667,15.4583,0,0,4.375,5.16667,0,-8.40842,0.0001,-0.00258512,0.055947,1.70937,0.129112,53470,0.156217,194.49,1.91342
4412,0.147502,0.55252,0.00517728,0.00517728,0.189319,0.140456,0.825384,0.570963,0.0525675,0.0202674,0.0504439,0.219068,0.0471855,0,0.841643,0.0496239,1.92032,0.172821,0,0.0723769,0.578394,4.37434,0.622435,0.350367,0.689438,2.69669,0.153194,0.217073,0,0.677815,0.010981,0,-0.000634096,0.25717,0.964214,0.207345,0.0500897,0.0533992,0.00460256,0.00392304,0.447622,0.048519,3.78491,-0.408522,10.4235,0.655956,0.621972,-5.63302,-0.333333,-0.0617719,0.744815,5.125,14.7917,0,0,3.625,3.79167,0,-8.40912,0.0001,-0.00059128,0.0511225,1.68993,0.122509,54238,0.156226,193.45,2.01994
4413,0.147776,0.555066,0.00516042,0.00516042,0.190062,0.140413,0.824271,0.581111,0.0522919,0.0201726,0.0501489,0.219697,0.0496861,0,0.844369,0.0509223,1.93574,0.173905,0,0.073091,0.574785,4.38668,0.624543,0.352489,0.685619,2.66688,0.154406,0.217286,0,0.705764,0.0191235,0,-0.000616123,0.261167,0.964508,0.209947,0.0498105,0.0530777,0.00560137,0.00475,0.451006,0.0482979,3.95641,-0.241774,10.4864,0.653055,0.625111,-5.80463,-0.333333,-0.0622489,0.746529,5.70833,14.875,0,0,3.83333,5.875,0,-8.40924,0.0001,-0.00184305,0.0561864,1.64615,0.123676,55544,0.156214,196.7,2.20613
4414,0.143704,0.541978,0.0051702,0.0051702,0.190433,0.137485,0.82493,0.564288,0.052371,0.0200344,0.0501837,0.21908,0.0490119,0,0.840462,0.0491402,1.92084,0.182464,0,0.0740921,0.581129,4.38031,0.623213,0.351332,0.686164,2.67936,0.149841,0.216619,0,0.662888,0.0132694,0,-0.000582419,0.256137,0.964266,0.20858,0.0498579,0.0531596,0.0048091,0.00402548,0.454178,0.048271,4.2514,-0.255452,10.5031,0.652409,0.625479,-5.74038,-0.333333,-0.0621967,0.73115,5.75,14.5,0,0,3.58333,5.04167,0,-8.4096,0.0001,-0.0036424,0.0540532,1.98194,0.136816,46396,0.156181,195.08,2.21312
4415,0.142656,0.534368,0.00518772,0.00518772,0.188435,0.135764,0.825891,0.555001,0.0522207,0.0200309,0.050106,0.217328,0.0499569,0,0.833723,0.047873,1.92691,0.183921,0,0.0741609,0.57539,4.38156,0.62343,0.349166,0.688132,2.68707,0.148243,0.215316,0,0.672468,0.00976852,0,-0.000617037,0.255979,0.964244,0.208055,0.0498451,0.0530541,0.00415244,0.00346062,0.447169,0.0482562,3.91888,-0.494026,10.3571,0.656926,0.623577,-5.57034,-0.333333,-0.061422,0.721066,6.66667,17.2083,0,0,4,5.25,0,-8.40984,0.0001,-0.00224564,0.0547117,1.72282,0.142127,52711,0.156174,194.44,1.91461
4416,0.145645,0.547691,0.00518657,0.00518657,0.19023,0.13933,0.825912,0.57403,0.0521733,0.0205344,0.0500996,0.217436,0.0495145,0,0.832604,0.0498503,1.90985,0.17907,0,0.0732031,0.577635,4.38149,0.623634,0.349243,0.687934,2.68259,0.152536,0.215109,0,0.695992,0.017366,0,-0.000683113,0.257005,0.964073,0.208613,0.0497052,0.052958,0.00488093,0.00414487,0.453709,0.0481195,4.17446,-0.578128,10.3043,0.659175,0.622033,-5.51098,-0.333333,-0.0619627,0.739377,5.625,15.5,0,0,3.25,4.125,0,-8.40838,0.0001,-0.00236501,0.0569543,1.68867,0.123623,54242,0.156223,193.93,1.97437
4417,0.14285,0.538243,0.00515548,0.00515548,0.187997,0.13632,0.824298,0.563941,0.0521699,0.0202422,0.0500316,0.21832,0.0513287,0,0.840522,0.0494005,1.92675,0.182628,0,0.0743472,0.579158,4.39081,0.624877,0.353075,0.685595,2.6731,0.149202,0.216117,0,0.660726,0.0350674,0,-0.000606556,0.258155,0.964712,0.209793,0.0497846,0.0529763,0.00492489,0.00415559,0.448302,0.0482357,3.94189,-0.351667,10.441,0.654331,0.622958,-5.72873,-0.333333,-0.0615302,0.724646,5.45833,15.3333,0,0,4.25,5.625,0,-8.40512,0.0001,-0.00191534,0.055064,1.66647,0.125116,54869,0.156256,196.73,2.10937
4418,0.145308,0.548324,0.00515696,0.00515696,0.191259,0.138715,0.825152,0.574772,0.0525468,0.0197188,0.0503505,0.218161,0.0499517,0,0.840321,0.0503857,1.94067,0.179857,0,0.0739529,0.581099,4.39563,0.625369,0.352868,0.685063,2.67669,0.152538,0.216116,0,0.669523,0.0328601,0,-0.000556448,0.255126,0.964995,0.209056,0.0499806,0.0532985,0.00496445,0.00421686,0.448534,0.0484684,3.93261,-0.0603055,10.5381,0.650794,0.62089,-5.9329,-0.333333,-0.0625976,0.740349,4.66667,14.0833,0,0,3.91667,5.83333,0,-8.40321,0.0001,-0.00295583,0.057433,1.63939,0.121917,55813,0.156283,194.92,2.07309
4419,0.143522,0.541141,0.00516558,0.00516558,0.189473,0.136663,0.8242,0.567064,0.0525443,0.019498,0.0503267,0.218476,0.0496958,0,0.840918,0.049753,1.94155,0.179426,0,0.0742809,0.579638,4.39126,0.623975,0.352025,0.686806,2.68364,0.15023,0.216335,0,0.672996,0.0235158,0,-0.000546972,0.256349,0.964831,0.209667,0.0499655,0.0533123,0.00477499,0.00404448,0.446772,0.0484566,4.00643,-0.0587777,10.5534,0.65048,0.626223,-5.89324,-0.333333,-0.0620678,0.728781,5.58333,15,0,0,4.41667,5.45833,0,-8.4036,0.0001,-0.00181206,0.0521415,1.86187,0.131985,49303,0.156283,194.24,1.90204
4420,0.146183,0.550408,0.00514021,0.00514021,0.192299,0.138852,0.823973,0.577882,0.0524932,0.0196795,0.050299,0.218751,0.0469284,0,0.845006,0.050712,1.94421,0.176077,0,0.0736348,0.581189,4.39708,0.625244,0.35506,0.684885,2.67002,0.15322,0.216553,0,0.670893,0.030393,0,-0.000607612,0.249688,0.965169,0.210087,0.0498745,0.0531936,0.00419472,0.00345115,0.446898,0.0483191,3.85146,-0.026108,10.6031,0.648739,0.620978,-5.97166,-0.333333,-0.0630751,0.741615,4.95833,13.3333,0,0,3.45833,5.95833,0,-8.40339,0.0001,-0.00121303,0.0534257,1.76555,0.129227,51881,0.156307,193.02,1.9019
4421,0.145794,0.549087,0.00515378,0.00515378,0.190415,0.138913,0.824241,0.580938,0.0524697,0.0197358,0.0502756,0.217444,0.0496225,0,0.837677,0.0509094,1.92965,0.177856,0,0.0736642,0.581464,4.39469,0.624789,0.353391,0.687014,2.68039,0.153882,0.215281,0,0.675285,0.0157895,0,-0.000580336,0.253539,0.964993,0.208907,0.0499068,0.0532449,0.00466981,0.00394014,0.444803,0.048353,3.95162,-0.141201,10.5582,0.6508,0.626544,-5.86004,-0.333333,-0.0623893,0.739138,4.875,14.7917,0,0,4,5.41667,0,-8.4013,0.0001,-0.00230495,0.05535,1.66705,0.128579,54746,0.156369,196.09,2.22767
4422,0.143213,0.542053,0.00515317,0.00515317,0.190744,0.137142,0.824212,0.572156,0.0527259,0.0192608,0.050468,0.218394,0.0478827,0,0.841083,0.0500927,1.93162,0.177175,0,0.0735783,0.582769,4.38997,0.6239,0.353332,0.687467,2.67898,0.150757,0.21619,0,0.64976,0.0303787,0,-0.000544775,0.251242,0.964953,0.207884,0.0500267,0.0534209,0.00453105,0.00375844,0.447259,0.0484788,4.06042,0.158913,10.6948,0.6463,0.623762,-6.049,-0.333333,-0.0624281,0.730609,5,13.5417,0,0,4.625,5.125,0,-8.39933,0.0001,-0.00208389,0.0516387,1.6521,0.130512,55146,0.156381,194.63,1.87982
4423,0.143643,0.545354,0.00514605,0.00514605,0.1878,0.137942,0.82338,0.573818,0.0524662,0.0197471,0.0502208,0.216675,0.0501729,0,0.835542,0.0499325,1.93059,0.182533,0,0.0747453,0.574197,4.38877,0.624476,0.35438,0.684721,2.68278,0.151399,0.21454,0,0.692125,0.0269806,0,-0.000496365,0.256519,0.96449,0.209344,0.049882,0.0532759,0.00422244,0.0034677,0.4437,0.048318,3.94445,-0.0183709,10.6499,0.648393,0.627145,-5.93763,-0.333333,-0.0615265,0.733204,5.5,15,0,0,4.91667,5.75,0,-8.40055,0.0001,-0.00255333,0.0553303,1.65615,0.149562,54440,0.156366,195.84,2.29172
4424,0.142922,0.54162,0.00514787,0.00514787,0.186698,0.136592,0.823671,0.57799,0.0523229,0.0194716,0.0501179,0.217394,0.0511458,0,0.83932,0.0510762,1.93948,0.18352,0,0.0748511,0.577429,4.38728,0.624298,0.354143,0.685125,2.67466,0.152182,0.21537,0,0.672938,0.0253903,0,-0.000586662,0.25857,0.965148,0.209932,0.0497283,0.0530242,0.00469109,0.00391908,0.444997,0.0482197,3.99363,0.0573295,10.5972,0.649217,0.623321,-5.99631,-0.333333,-0.0613179,0.728823,4.875,14.5833,0,0,5.41667,5.375,0,-8.40162,0.0001,-0.00244901,0.0561727,1.90812,0.125912,48329,0.156365,194.97,1.97271
4425,0.144249,0.542613,0.00514517,0.00514517,0.189073,0.137036,0.823129,0.569802,0.0521419,0.0200265,0.0499804,0.215284,0.0526999,0,0.832507,0.0500798,1.94422,0.186772,0,0.0750507,0.577015,4.40182,0.626195,0.354425,0.68354,2.66974,0.151255,0.213457,0,0.679914,0.0255545,0,-0.000596803,0.25781,0.964844,0.211493,0.0496241,0.0528936,0.00481405,0.00409593,0.447192,0.0480934,3.97137,-0.158055,10.5223,0.651897,0.622932,-5.88369,-0.333333,-0.0620553,0.728586,4.25,13.9167,0,0,4.08333,5.70833,0,-8.40036,0.0001,-0.00210645,0.0580343,1.79368,0.138127,50887,0.156377,193.81,1.95894
4426,0.147052,0.557953,0.00514736,0.00514736,0.18878,0.140763,0.823204,0.589517,0.0527556,0.0188807,0.0504751,0.217548,0.0477973,0,0.841023,0.0523806,1.96827,0.173126,0,0.074017,0.57425,4.40386,0.625558,0.354309,0.684759,2.68091,0.15493,0.215767,0,0.696006,0.0314883,0,-0.000451361,0.256505,0.965495,0.207957,0.0501399,0.0535645,0.00476314,0.0040131,0.443169,0.0486512,3.9092,0.296042,10.7243,0.645854,0.627938,-6.11941,-0.333333,-0.0619497,0.75035,4.16667,13.6667,0,0,4.79167,6.375,0,-8.39932,0.0001,-0.00139159,0.0532828,1.64432,0.127698,55475,0.156368,197.04,2.16103
4427,0.148037,0.558174,0.00513651,0.00513651,0.1927,0.140618,0.823009,0.586124,0.0527498,0.0185799,0.0504123,0.217223,0.0505766,0,0.841295,0.0521154,1.95473,0.178859,0,0.0743149,0.582143,4.39716,0.62479,0.355647,0.684464,2.67905,0.154918,0.215258,0,0.698216,0.0370864,0,-0.000500961,0.254164,0.965742,0.209487,0.0499859,0.0533984,0.00488022,0.00412817,0.445921,0.0485047,4.03034,0.542723,10.7951,0.642376,0.623893,-6.32478,-0.333333,-0.0634075,0.75015,3.75,12.7917,0,0,5.20833,6.41667,0,-8.3991,0.0001,-0.00257848,0.0560648,1.64529,0.127874,55439,0.156353,196.58,2.34373
4428,0.142983,0.543491,0.00512562,0.00512562,0.190023,0.136696,0.822324,0.578946,0.0525157,0.0187417,0.050231,0.215656,0.0513687,0,0.836855,0.0514,1.95478,0.178267,0,0.0745478,0.580052,4.41123,0.62705,0.356887,0.681499,2.66855,0.152218,0.21387,0,0.68075,0.0284432,0,-0.000537596,0.256673,0.965885,0.212485,0.0497587,0.0531304,0.00506337,0.0043272,0.448191,0.0483133,3.93242,0.445916,10.7319,0.64361,0.621432,-6.30777,-0.333333,-0.062609,0.730237,3.08333,11.6667,0,0,5.08333,6.58333,0,-8.39924,0.0001,-0.00239597,0.0568583,1.77138,0.156252,50997,0.156293,196.47,2.1177
4429,0.144517,0.545642,0.00513535,0.00513535,0.190409,0.137533,0.822639,0.580915,0.0526549,0.0185427,0.0503722,0.217241,0.048979,0,0.84121,0.0514137,1.97695,0.176509,0,0.074582,0.577782,4.39679,0.624933,0.355667,0.683454,2.67848,0.153415,0.215455,0,0.673382,0.0309205,0,-0.000574516,0.254393,0.965619,0.209652,0.0498584,0.0532531,0.00438498,0.00366088,0.441832,0.0483528,3.8379,0.425657,10.8166,0.642084,0.627707,-6.26695,-0.333333,-0.0625766,0.733002,4.33333,13.4167,0,0,5.25,6.04167,0,-8.40075,0.0001,-0.00202038,0.0545189,1.72928,0.130572,52855,0.156283,196.92,2.24484
4430,0.147618,0.562929,0.00510836,0.00510836,0.190304,0.141643,0.822013,0.59074,0.0525583,0.0189411,0.0502571,0.217631,0.0527447,0,0.8459,0.0527252,1.95515,0.182153,0,0.0752991,0.58336,4.4104,0.626743,0.358994,0.682981,2.65963,0.154995,0.215712,0,0.699047,0.0277191,0,-0.000575104,0.260726,0.965529,0.212365,0.0497734,0.0531927,0.00543569,0.00467965,0.447995,0.0483147,3.90062,0.423836,10.8617,0.640912,0.627528,-6.30265,-0.333333,-0.0627217,0.7568,4.125,13,0,0,5.08333,6,0,-8.39768,0.0001,-0.00243903,0.0645101,1.71427,0.128224,53353,0.156318,196.23,2.39403
4431,0.145983,0.547805,0.00515437,0.00515437,0.188236,0.138515,0.823203,0.57201,0.0526193,0.0190984,0.0503989,0.218915,0.0507899,0,0.845265,0.0498759,1.96071,0.181432,0,0.0748764,0.571611,4.37968,0.622774,0.353216,0.68589,2.69249,0.152092,0.217134,0,0.68492,0.0203321,0,-0.000539098,0.256752,0.964785,0.20759,0.0500401,0.053347,0.00441557,0.00367634,0.441372,0.0484954,3.91396,0.194615,10.6878,0.64693,0.624712,-6.07152,-0.333333,-0.0616648,0.735177,4.45833,13.9167,0,0,5.04167,6.04167,0,-8.39253,0.0001,-0.0021762,0.0575791,1.68261,0.124706,54392,0.156332,192.34,1.66959
4432,0.143776,0.545165,0.00514006,0.00514006,0.187514,0.137436,0.8235,0.574915,0.0525215,0.0189263,0.0502802,0.21578,0.0512611,0,0.83612,0.050889,1.96101,0.183307,0,0.0752898,0.573995,4.37728,0.622741,0.355108,0.685261,2.69605,0.151657,0.214092,0,0.681388,0.0225051,0,-0.000571319,0.261444,0.965432,0.210203,0.049787,0.0531485,0.00481614,0.00415639,0.444318,0.0483179,3.85026,0.345511,10.7095,0.64559,0.626458,-6.18242,-0.333333,-0.0616128,0.733031,3.83333,14.1667,0,0,5.20833,6.91667,0,-8.39049,0.0001,-0.00148787,0.0579996,1.68974,0.128591,54062,0.156319,196.31,2.07391
4433,0.1467,0.554243,0.00513254,0.00513254,0.190085,0.139546,0.822919,0.588958,0.0522684,0.0198956,0.0501019,0.217949,0.0500119,0,0.844127,0.0528305,1.94269,0.177913,0,0.0739794,0.575179,4.40314,0.625751,0.356137,0.681918,2.68161,0.155325,0.215995,0,0.693558,0.0288646,0,-0.000574638,0.254959,0.965075,0.210763,0.0498454,0.0530328,0.00448378,0.00372897,0.442331,0.0482925,3.80624,-0.0968644,10.5517,0.65168,0.62536,-5.97865,-0.333333,-0.0625311,0.745661,3.91667,13.9167,0,0,4.54167,6.20833,0,-8.38774,0.0001,-0.00328742,0.0554172,1.84948,0.160188,48915,0.156343,195.85,2.16737
4434,0.144383,0.543697,0.00514698,0.00514698,0.191739,0.137193,0.823909,0.57683,0.0525322,0.0190747,0.0502878,0.219071,0.0509175,0,0.845863,0.0511812,1.95726,0.177045,0,0.0739989,0.575877,4.38406,0.624034,0.354088,0.685409,2.68356,0.152911,0.217187,0,0.675581,0.0337576,0,-0.000473968,0.254922,0.965032,0.207774,0.0499894,0.0532809,0.00499638,0.00421662,0.448293,0.0484528,4.15413,0.183384,10.7051,0.645995,0.628039,-6.05641,-0.333333,-0.0628972,0.73151,5.04167,14.9583,0,0,5.75,6.29167,0,-8.38804,0.0001,-0.00174827,0.0574606,1.7541,0.126366,52276,0.15631,196.33,2.31339
4435,0.141507,0.531778,0.00515095,0.00515095,0.188579,0.13412,0.823613,0.561749,0.0526033,0.0186442,0.0503674,0.216838,0.0508379,0,0.838661,0.0498612,1.96776,0.181827,0,0.0750395,0.57197,4.37147,0.621869,0.353658,0.686557,2.69602,0.149506,0.215206,0,0.65352,0.024489,0,-0.000491889,0.257076,0.965196,0.208442,0.0500169,0.0533251,0.00447539,0.00382399,0.442218,0.048539,3.94453,0.25202,10.6863,0.646228,0.629246,-6.11004,-0.333333,-0.0618746,0.715913,3.625,12.7917,0,0,4.41667,5.625,0,-8.39261,0.0001,-0.00187302,0.0541806,1.69736,0.127794,53860,0.156274,195.47,2.06928
4436,0.149868,0.569354,0.00510704,0.00510704,0.191041,0.142943,0.822106,0.60257,0.0519958,0.0197558,0.0498358,0.216728,0.0490641,0,0.8437,0.0546528,1.96347,0.176527,0,0.0738889,0.575329,4.40546,0.626004,0.359083,0.680267,2.6705,0.158352,0.21498,0,0.694155,0.0387323,0,-0.000501682,0.25739,0.965043,0.214729,0.0495873,0.0528168,0.00473891,0.0039992,0.444123,0.0480907,3.85074,-0.138454,10.5937,0.649169,0.627674,-6.03008,-0.333333,-0.0630395,0.76422,4.625,13.6667,0,0,4.33333,5.75,0,-8.39319,0.0001,-0.00187195,0.0531523,1.64022,0.121527,55799,0.1563,196.09,2.20804
4437,0.148706,0.557662,0.00514063,0.00514063,0.191485,0.14102,0.823616,0.588924,0.0523966,0.0198572,0.0502176,0.217284,0.0494137,0,0.839823,0.0520447,1.95999,0.174825,0,0.0730821,0.577594,4.38592,0.624508,0.355016,0.685649,2.68006,0.156694,0.215341,0,0.691479,0.0282641,0,-0.000527702,0.256147,0.964769,0.208594,0.0499904,0.0532754,0.00454819,0.00384325,0.440266,0.0484144,3.80749,-0.213134,10.6359,0.649694,0.632705,-5.82634,-0.333333,-0.0627885,0.749505,4.54167,14.2083,0,0,3.91667,5.5,0,-8.39198,0.0001,-0.00228545,0.0559945,1.66786,0.129694,54687,0.156338,195.79,2.24798
4438,0.146828,0.55315,0.00511997,0.00511997,0.19296,0.139314,0.823142,0.583528,0.0523572,0.0199238,0.0501396,0.216845,0.0499375,0,0.8413,0.0520782,1.95266,0.175879,0,0.0734139,0.582546,4.3922,0.624963,0.357508,0.684932,2.68165,0.154364,0.214828,0,0.70768,0.0350952,0,-0.000580782,0.256326,0.964692,0.210843,0.0497575,0.0531189,0.00520713,0.00449197,0.446861,0.0482226,3.96086,-0.00577423,10.7012,0.646651,0.626742,-6.00848,-0.333333,-0.0634752,0.744421,5.08333,14.5417,0,0,4.125,5.66667,0,-8.38922,0.0001,-0.00302287,0.0554042,1.94404,0.125485,47500,0.15639,196.88,2.07037
4439,0.142392,0.538263,0.0051431,0.0051431,0.188662,0.135724,0.823433,0.573866,0.0526289,0.0192166,0.0503834,0.216124,0.0500682,0,0.834959,0.0506716,1.96493,0.180086,0,0.0749607,0.572119,4.38119,0.62391,0.354742,0.684896,2.68549,0.151281,0.214113,0,0.66229,0.0247193,0,-0.000522204,0.255514,0.965226,0.208077,0.0500389,0.0533561,0.00440201,0.00369235,0.441332,0.048498,3.91075,0.173327,10.7022,0.645456,0.629681,-6.07917,-0.333333,-0.0619167,0.724728,4.25,13.375,0,0,4.29167,5.91667,0,-8.38922,0.0001,-0.0028051,0.0554245,1.72365,0.132517,52960,0.156364,193.95,1.94715
4440,0.145659,0.55288,0.00511683,0.00511683,0.18866,0.138729,0.822604,0.585726,0.0523939,0.0190669,0.0500992,0.216433,0.051632,0,0.840127,0.0522675,1.97464,0.181507,0,0.0747007,0.576372,4.3946,0.625088,0.358072,0.682162,2.67324,0.154615,0.214241,0,0.701299,0.0398095,0,-0.000492222,0.259159,0.965079,0.210023,0.0497759,0.0530751,0.00473947,0.00393765,0.442882,0.0482646,3.923,0.35998,10.7827,0.643407,0.625003,-6.26056,-0.333333,-0.0623207,0.742815,4.54167,14.9167,0,0,5.70833,7.16667,0,-8.39035,0.0001,-0.00186711,0.0555561,1.66578,0.125461,54880,0.156369,196.58,1.84968
4441,0.146038,0.556246,0.00512735,0.00512735,0.19316,0.140152,0.823262,0.583904,0.0527083,0.0192327,0.0503878,0.218394,0.0473933,0,0.845142,0.0516941,1.96806,0.176243,0,0.0744065,0.575092,4.38347,0.624256,0.35655,0.685807,2.68869,0.152779,0.21635,0,0.683035,0.0353524,0,-0.000508503,0.248772,0.964823,0.208013,0.0499883,0.0534038,0.00427091,0.00353443,0.444056,0.0484282,4.04233,0.319227,10.8987,0.64115,0.634565,-6.17298,-0.333333,-0.0634669,0.74833,4.33333,14.2917,0,0,5.04167,5.04167,0,-8.38935,0.0001,-0.00283013,0.0516567,1.71235,0.127848,53420,0.156391,194.75,2.09069
4442,0.147201,0.558023,0.00509473,0.00509473,0.190664,0.14,0.821709,0.595894,0.0526299,0.0190399,0.0503022,0.21685,0.0502912,0,0.844928,0.053162,1.96783,0.177494,0,0.0742466,0.580941,4.40662,0.626189,0.360682,0.681104,2.66994,0.156903,0.214912,0,0.706015,0.0524266,0,-0.000478605,0.25577,0.965596,0.212335,0.0498468,0.0532817,0.0045582,0.00383187,0.442106,0.0483456,3.86315,0.501703,10.8611,0.640238,0.624515,-6.38382,-0.333333,-0.06297,0.749504,4.58333,13.625,0,0,5.5,7.08333,0,-8.38785,0.0001,-0.00234727,0.0542027,1.66144,0.124921,55030,0.15641,198.03,2.10502
4443,0.143381,0.544051,0.00513435,0.00513435,0.188324,0.137041,0.823557,0.577965,0.0529727,0.0184041,0.0506061,0.215963,0.050747,0,0.835597,0.050856,1.97004,0.182055,0,0.0752859,0.574339,4.37453,0.622423,0.35582,0.684968,2.69192,0.151632,0.21385,0,0.691343,0.0280533,0,-0.000453873,0.257269,0.965717,0.206542,0.0502128,0.0536265,0.0042848,0.00354698,0.444533,0.0487179,3.9915,0.710778,10.9361,0.638373,0.624959,-6.42194,-0.333333,-0.0619294,0.73186,3.75,12.5833,0,0,4.83333,7.25,0,-8.38667,0.0001,-0.00174525,0.0545016,2.14888,0.130758,43122,0.156418,196.79,2.15094
4444,0.147212,0.553194,0.00510117,0.00510117,0.188073,0.1388,0.821854,0.585485,0.0527366,0.0186297,0.0503671,0.216938,0.0507304,0,0.843659,0.0520162,1.99789,0.180077,0,0.0754421,0.574827,4.40525,0.624906,0.359898,0.679913,2.67448,0.155364,0.214854,0,0.675723,0.0292231,0,-0.00051684,0.256219,0.965922,0.211014,0.0498982,0.0533446,0.00400963,0.00325986,0.442989,0.0484027,3.72535,0.670624,10.9822,0.636443,0.629964,-6.49553,-0.333333,-0.0620255,0.742366,4,12.4583,0,0,5.54167,6.66667,0,-8.38578,0.0001,-0.00207669,0.0518459,1.73002,0.125288,52985,0.156427,195.95,2.02275
4445,0.147231,0.560623,0.00512471,0.00512471,0.191198,0.140667,0.822564,0.591499,0.0528078,0.0188827,0.0504883,0.217911,0.0484459,0,0.845135,0.0529778,1.98421,0.174915,0,0.0743179,0.574437,4.38303,0.623556,0.357104,0.683386,2.67708,0.155065,0.215889,0,0.704278,0.044576,0,-0.000498297,0.255137,0.965295,0.209865,0.050028,0.0534311,0.00419349,0.0034491,0.446908,0.0485047,3.89267,0.585703,10.8832,0.64018,0.625902,-6.36909,-0.333333,-0.063072,0.752602,3.625,13,0,0,4.70833,6.45833,0,-8.38445,0.0001,-0.00267295,0.0580339,1.67371,0.121538,54758,0.156447,194.89,2.02721
4446,0.145166,0.553114,0.00513406,0.00513406,0.191897,0.138896,0.823327,0.584347,0.0526486,0.0191736,0.050385,0.216779,0.0479051,0,0.838966,0.0522111,1.95813,0.174856,0,0.0736696,0.578269,4.38764,0.622996,0.355867,0.684108,2.68874,0.153517,0.21462,0,0.684454,0.0371892,0,-0.00049086,0.252918,0.965252,0.208831,0.0500553,0.0533419,0.00444319,0.00365228,0.443996,0.048516,3.90103,0.419072,10.7983,0.643664,0.6233,-6.26552,-0.333333,-0.0632627,0.744217,3.875,14.5,0,0,5,6.08333,0,-8.38131,0.0001,-0.00277245,0.0576417,1.76716,0.128679,51852,0.15647,195.77,1.98019
4447,0.142501,0.537826,0.00512983,0.00512983,0.189889,0.135403,0.822933,0.567033,0.0530917,0.0187393,0.0506889,0.217774,0.0492145,0,0.843282,0.0495165,1.97684,0.17731,0,0.0752622,0.572319,4.37435,0.622776,0.356456,0.683741,2.68826,0.150132,0.215719,0,0.66298,0.0337617,0,-0.000461046,0.253274,0.965206,0.207294,0.0502795,0.053729,0.00447281,0.00374948,0.442885,0.0487585,3.93302,0.746608,10.9977,0.638123,0.632944,-6.39114,-0.333333,-0.0624593,0.72391,4.08333,13.4583,0,0,5.33333,5.625,0,-8.37598,0.0001,-0.00249311,0.0588156,1.69695,0.132275,53740,0.156535,195.31,1.79505
4448,0.14452,0.545759,0.00513815,0.00513815,0.189156,0.137328,0.823255,0.574843,0.0531861,0.0184139,0.0507967,0.217322,0.0495645,0,0.839754,0.0506669,1.96925,0.179163,0,0.0749433,0.571586,4.37083,0.621745,0.355344,0.68633,2.69916,0.151836,0.214996,0,0.681723,0.0235486,0,-0.000447399,0.256148,0.966217,0.205138,0.0503557,0.0537626,0.00449737,0.00374277,0.441236,0.0488881,3.84031,0.94017,10.9965,0.635728,0.625328,-6.53626,-0.333333,-0.0622351,0.734179,4.41667,12.9167,0,0,5.45833,7.875,0,-8.36977,0.0001,0.00161707,0.0591846,1.96848,0.12596,46935,0.156612,197.5,2.30567
4449,0.144784,0.545706,0.00512007,0.00512007,0.191489,0.137717,0.822413,0.57256,0.0532528,0.0187711,0.0508182,0.219255,0.0472342,0,0.847662,0.0492177,1.95938,0.173622,0,0.0745735,0.578338,4.38087,0.623179,0.357468,0.686643,2.68931,0.151843,0.216801,0,0.668659,0.0231831,0,-0.000512657,0.254505,0.965549,0.205933,0.0502811,0.0538335,0.00485223,0.00410191,0.44382,0.0488003,3.90399,0.828892,11.1248,0.633566,0.633264,-6.46796,-0.333333,-0.0628492,0.732618,5,13.125,0,0,6.25,6.45833,0,-8.36569,0.0001,-0.00160238,0.0545361,1.76156,0.132751,51894,0.15664,195,1.92339
4450,0.146851,0.554792,0.0051236,0.0051236,0.191604,0.139617,0.823563,0.583519,0.053015,0.0188344,0.0506298,0.218059,0.0495447,0,0.845044,0.0513902,1.9575,0.177492,0,0.0746333,0.580822,4.38469,0.624037,0.357136,0.684478,2.6849,0.154431,0.215857,0,0.69613,0.0425086,0,-0.000497247,0.257601,0.965207,0.207165,0.0501144,0.0536051,0.00512896,0.00440007,0.452065,0.0486203,4.01813,0.783105,11.0274,0.636667,0.62929,-6.43688,-0.333333,-0.0630662,0.747508,5.33333,13.2083,0,0,5.04167,6.04167,0,-8.36371,0.0001,-0.0024854,0.0510621,1.70033,0.128164,53762,0.156683,196.07,2.29045
4451,0.149652,0.56539,0.00509212,0.00509212,0.192679,0.14169,0.821671,0.596214,0.0526073,0.0193403,0.0503086,0.218066,0.051039,0,0.850059,0.0530686,1.95227,0.177345,0,0.074693,0.580524,4.40364,0.626587,0.36101,0.680817,2.67167,0.158065,0.215926,0,0.705949,0.0331775,0,-0.000519599,0.254566,0.965453,0.211089,0.0499279,0.0532236,0.00474882,0.0040116,0.447005,0.0484316,3.78579,0.518527,10.9011,0.639338,0.623576,-6.40948,-0.333333,-0.0637345,0.759445,5.25,12.375,0,0,5.375,6.08333,0,-8.36183,0.0001,-0.00262931,0.0566985,1.66044,0.123007,55120,0.156687,197.8,2.22124
4452,0.147017,0.557683,0.00513432,0.00513432,0.189571,0.140497,0.823295,0.590089,0.0522501,0.0204949,0.0501213,0.218837,0.0507725,0,0.845404,0.0530325,1.95906,0.176694,0,0.0736271,0.57331,4.39035,0.624481,0.355878,0.685515,2.67783,0.155118,0.21647,0,0.706577,0.0214765,0,-0.00051161,0.259477,0.964397,0.209412,0.0499676,0.0531643,0.00526377,0.00445224,0.443685,0.0483967,3.95142,-0.25973,10.5952,0.6515,0.633654,-5.80478,-0.333333,-0.0623833,0.751407,5.75,15.2917,0,0,3.70833,4.625,0,-8.36165,0.0001,-0.00208032,0.0585198,1.70162,0.165944,52637,0.156701,193.79,1.66741
4453,0.144043,0.537656,0.00514327,0.00514327,0.189478,0.135778,0.82323,0.572446,0.0523314,0.0202737,0.0501993,0.216731,0.0478209,0,0.836744,0.0505012,1.95769,0.178196,0,0.0734869,0.575734,4.37909,0.623711,0.354605,0.68453,2.68,0.152826,0.214561,0,0.651916,0.027928,0,-0.000547886,0.251311,0.96453,0.207517,0.0499842,0.0531347,0.00408767,0.00338611,0.447443,0.0483751,3.8836,-0.127708,10.647,0.649084,0.627323,-5.8726,-0.333333,-0.0621755,0.724275,6.04167,13.9167,0,0,3.75,5.79167,0,-8.36057,0.0001,-0.00134167,0.0549367,1.86451,0.131262,49256,0.156703,195.16,1.8187
4454,0.149087,0.566813,0.00511502,0.00511502,0.194667,0.142526,0.822549,0.596386,0.0520457,0.0206254,0.0499089,0.217652,0.0483627,0,0.8444,0.053305,1.94018,0.176266,0,0.0729416,0.582726,4.39981,0.626065,0.358118,0.68287,2.66949,0.156391,0.215365,0,0.705178,0.0252042,0,-0.000539307,0.253289,0.964749,0.212598,0.0497065,0.052872,0.00501522,0.0043215,0.447899,0.0481769,3.94518,-0.265212,10.5785,0.650684,0.628334,-5.90335,-0.333333,-0.064127,0.762659,6.625,14.375,0,0,3.66667,5.58333,0,-8.35931,0.0001,-0.001409,0.0579774,1.78462,0.128344,51388,0.156748,196.83,2.22158
4455,0.144972,0.545612,0.00515204,0.00515204,0.190678,0.137887,0.823418,0.570719,0.0524571,0.0203644,0.0502976,0.219277,0.0491507,0,0.845148,0.0498286,1.96009,0.17911,0,0.0737392,0.573503,4.37585,0.62258,0.353453,0.688588,2.69842,0.15142,0.2171,0,0.667675,0.0318829,0,-0.000504639,0.256626,0.964474,0.20772,0.0500418,0.0532894,0.00488792,0.0041869,0.448035,0.0484841,3.94533,-0.126736,10.6203,0.649914,0.629087,-5.84828,-0.333333,-0.0624631,0.733346,6,15.0833,0,0,3.83333,4.95833,0,-8.3557,0.0001,-0.00216435,0.0574891,1.68551,0.126527,54250,0.156836,192.9,2.09825
4456,0.14429,0.541626,0.00513395,0.00513395,0.188093,0.136241,0.822796,0.572152,0.0525434,0.0196726,0.0503333,0.217862,0.0483143,0,0.842557,0.0504676,1.95883,0.179189,0,0.0742982,0.573084,4.38226,0.622535,0.355803,0.685824,2.68773,0.152343,0.215525,0,0.644072,0.0322943,0,-0.00050895,0.256879,0.964992,0.208448,0.0500111,0.0532519,0.00445406,0.00370842,0.44565,0.048444,3.892,0.246885,10.7137,0.64549,0.626372,-6.11389,-0.333333,-0.0618892,0.728096,6.125,14.4167,0,0,5,6.41667,0,-8.35133,0.0001,-0.00256588,0.0564091,1.66228,0.125919,54973,0.156891,195.17,2.04247
4457,0.144147,0.541607,0.00514801,0.00514801,0.188162,0.136539,0.823361,0.569062,0.0528181,0.0196394,0.0505686,0.218811,0.0479388,0,0.843056,0.0496318,1.95382,0.178177,0,0.0741339,0.572844,4.36749,0.621426,0.354062,0.68838,2.69752,0.151369,0.216428,0,0.65136,0.0355803,0,-0.000426422,0.254772,0.964734,0.204787,0.0502629,0.0535639,0.00421781,0.00349678,0.445509,0.0486842,3.97132,0.28059,10.8091,0.643279,0.630532,-6.09218,-0.333333,-0.0617616,0.727562,6.375,14.0417,0,0,4.125,6.29167,0,-8.34647,0.0001,-0.00227829,0.0519839,1.90061,0.156024,47798,0.156889,195.89,2.09654
4458,0.147776,0.55536,0.00510444,0.00510444,0.190426,0.139364,0.821381,0.58997,0.0526408,0.0195353,0.0503505,0.218347,0.0482892,0,0.847995,0.0526711,1.96453,0.174086,0,0.0736065,0.577287,4.39732,0.624846,0.359467,0.68247,2.67705,0.157052,0.216063,0,0.706847,0.0417401,0,-0.000555727,0.255505,0.965584,0.210853,0.0498635,0.0532295,0.00472001,0.00394463,0.446399,0.0483464,3.91718,0.492269,10.8694,0.639743,0.627084,-6.36915,-0.333333,-0.0629404,0.745118,4.375,12.2083,0,0,4.75,6.95833,0,-8.34671,0.0001,-0.00290259,0.0533555,1.70774,0.141238,53166,0.156855,196.41,2.17684
4459,0.142901,0.538278,0.0051358,0.0051358,0.190293,0.135779,0.822322,0.56675,0.0527038,0.0196772,0.0504597,0.218068,0.0485861,0,0.841707,0.0494444,1.94226,0.179926,0,0.0738826,0.578967,4.3845,0.62309,0.355563,0.684254,2.68746,0.15026,0.215678,0,0.663873,0.0230898,0,-0.00050738,0.252139,0.96496,0.2059,0.050131,0.0534125,0.00421271,0.00345363,0.447235,0.0485553,3.92281,0.307408,10.8115,0.64327,0.628331,-6.15828,-0.333333,-0.062473,0.722654,5.29167,13.25,0,0,4.29167,6.5,0,-8.34886,0.0001,-0.0026805,0.0553898,1.77466,0.125438,51736,0.156832,194.93,1.87361
4460,0.142245,0.530733,0.00513557,0.00513557,0.18703,0.134198,0.822954,0.556037,0.0527278,0.0201108,0.0504864,0.218576,0.0510597,0,0.843523,0.0475433,1.96536,0.181011,0,0.0750931,0.57049,4.38329,0.623706,0.355546,0.686663,2.69256,0.148982,0.21622,0,0.636331,0.0203314,0,-0.000503178,0.25968,0.964972,0.207383,0.0501497,0.0535152,0.00504722,0.00429402,0.445607,0.0486194,3.87956,0.173979,10.7725,0.644969,0.631376,-6.04703,-0.333333,-0.0613155,0.712496,5.70833,13.3333,0,0,4.70833,5.625,0,-8.34965,0.0001,-0.00337402,0.0557214,1.65724,0.130187,54997,0.156795,194.9,1.7575
4461,0.141933,0.539607,0.00512705,0.00512705,0.187894,0.13544,0.821768,0.569782,0.0529919,0.0190229,0.0506465,0.215846,0.0506376,0,0.837293,0.0502308,1.97914,0.182756,0,0.0757286,0.56864,4.37425,0.621985,0.356731,0.684352,2.69556,0.149482,0.213774,0,0.67255,0.0420912,0,-0.000374953,0.259822,0.9649,0.207142,0.0502376,0.0537406,0.00457235,0.00393302,0.441075,0.0487511,3.80097,0.653452,10.9492,0.639301,0.630779,-6.37128,-0.333333,-0.0619876,0.723963,5.58333,13.625,0,0,4.95833,6.5,0,-8.34779,0.0001,-0.00184032,0.0549341,1.71433,0.132549,53227,0.156778,195.82,1.97427
4462,0.144306,0.546944,0.00514604,0.00514604,0.19055,0.13788,0.82255,0.571547,0.0528258,0.0196374,0.0505578,0.217486,0.0473997,0,0.839789,0.0497302,1.95528,0.17822,0,0.0742438,0.574237,4.37226,0.622166,0.354307,0.686782,2.69894,0.150951,0.215315,0,0.672758,0.0258186,0,-0.000432385,0.251591,0.96448,0.205152,0.0502987,0.0536064,0.00422571,0.00355708,0.445451,0.0487219,3.82029,0.280515,10.8091,0.644639,0.62964,-6.11581,-0.333333,-0.0625514,0.733921,5.79167,13.4583,0,0,4.58333,6.20833,0,-8.34717,0.0001,-0.00275031,0.0554717,1.89257,0.130868,48582,0.156782,195.69,2.12161
4463,0.144458,0.547772,0.00513186,0.00513186,0.188835,0.137813,0.822087,0.574284,0.0527275,0.0197155,0.050456,0.217177,0.04885,0,0.839658,0.0505688,1.96,0.180789,0,0.0748224,0.570528,4.3789,0.622904,0.356063,0.684039,2.68953,0.151613,0.214854,0,0.674015,0.0270451,0,-0.000446205,0.256916,0.964666,0.207367,0.0501037,0.0534754,0.00499442,0.00425774,0.447082,0.0485794,3.95722,0.321038,10.8458,0.642602,0.63014,-6.17915,-0.333333,-0.0621286,0.734842,6.04167,14.125,0,0,4.91667,5.91667,0,-8.34499,0.0001,-0.00131532,0.0556704,1.73958,0.130597,52564,0.156802,195.86,1.93614
4464,0.142042,0.54259,0.00512082,0.00512082,0.185361,0.136016,0.821798,0.574572,0.0527664,0.0196487,0.0504991,0.215818,0.0510673,0,0.83715,0.0510649,1.97032,0.187256,0,0.075784,0.574495,4.37937,0.622177,0.357425,0.684952,2.69604,0.150144,0.213568,0,0.682189,0.0405083,0,-0.00052779,0.261754,0.964944,0.207665,0.0501397,0.0534648,0.0044461,0.00376615,0.439699,0.0486083,3.58195,0.388522,10.8228,0.643439,0.63382,-6.22022,-0.333333,-0.0612174,0.728148,6.83333,14.2917,0,0,4.91667,5.375,0,-8.34353,0.0001,-0.00260465,0.0552147,1.73973,0.132001,52520,0.156789,196.56,1.93661
4465,0.148442,0.565628,0.00509096,0.00509096,0.190408,0.141514,0.82067,0.597909,0.0521713,0.020084,0.0499601,0.217901,0.0512044,0,0.849231,0.0540272,1.96009,0.183286,0,0.0748895,0.579342,4.4058,0.626337,0.361208,0.681226,2.6684,0.157071,0.215651,0,0.682212,0.035723,0,-0.00049785,0.259513,0.965385,0.213032,0.0496958,0.052941,0.00514284,0.00441937,0.444436,0.0482242,3.79884,0.175063,10.7882,0.64255,0.626945,-6.22775,-0.333333,-0.0630406,0.758561,5.5,13,0,0,4.625,6.25,0,-8.34481,0.0001,-0.00221542,0.0593592,1.65208,0.124086,55346,0.156764,196.67,2.00228
4466,0.14415,0.545081,0.00513405,0.00513405,0.189851,0.136933,0.823007,0.577173,0.0526359,0.0196014,0.0503976,0.217253,0.0487735,0,0.841069,0.0510404,1.94453,0.179809,0,0.0738563,0.577185,4.37676,0.622193,0.355839,0.687192,2.68907,0.152291,0.215008,0,0.674112,0.0272219,0,-0.000474509,0.255454,0.964667,0.207283,0.0501568,0.0533948,0.00448614,0.00381304,0.444134,0.0486185,3.88302,0.2524,10.7869,0.643803,0.624453,-6.1356,-0.333333,-0.0625616,0.732447,6.16667,14.125,0,0,4.125,6.41667,0,-8.34778,0.0001,-0.0025721,0.0552527,1.64275,0.126785,55553,0.156743,197.13,2.11234
4467,0.143211,0.549778,0.00512178,0.00512178,0.18727,0.137543,0.822566,0.58136,0.052651,0.0190404,0.0503832,0.214926,0.0500781,0,0.835428,0.0517973,1.96317,0.182733,0,0.0748273,0.576653,4.38693,0.622274,0.357413,0.68556,2.69526,0.151527,0.212939,0,0.673486,0.0514884,0,-0.000452463,0.25859,0.96446,0.208105,0.050031,0.0533246,0.00389389,0.00321246,0.442228,0.0484857,3.74531,0.581266,10.8873,0.639897,0.622752,-6.36561,-0.333333,-0.0619355,0.73894,5.625,13.0833,0,0,4.95833,5.625,0,-8.34891,0.0001,-0.00262052,0.0541711,1.86158,0.126218,49453,0.156747,197.66,2.18395
4468,0.149687,0.570901,0.00510299,0.00510299,0.191051,0.143231,0.821584,0.600162,0.0524856,0.0200433,0.0502718,0.218866,0.0486644,0,0.851245,0.0538873,1.97679,0.175399,0,0.0735876,0.574869,4.38934,0.623675,0.359614,0.682419,2.68535,0.157236,0.216661,0,0.681363,0.043111,0,-0.000491404,0.255148,0.96497,0.210352,0.0500023,0.0532736,0.00461521,0.00391249,0.44101,0.0484709,3.75453,0.157653,10.7909,0.643351,0.629925,-6.17937,-0.333333,-0.0631242,0.766197,5.875,14.4583,0,0,4.54167,5.95833,0,-8.34961,0.0001,-0.00113742,0.0551543,1.70415,0.126355,53703,0.156757,196.11,2.20042
4469,0.146409,0.557989,0.00512967,0.00512967,0.187883,0.140416,0.823344,0.586775,0.0526847,0.019741,0.0504424,0.217426,0.0490278,0,0.840887,0.0517167,1.95371,0.177855,0,0.0740616,0.57458,4.37471,0.622302,0.356338,0.685528,2.68843,0.153858,0.215132,0,0.694093,0.035679,0,-0.000430954,0.259268,0.964858,0.206906,0.0501744,0.0535299,0.00524762,0.00457438,0.44262,0.0486849,3.88889,0.226749,10.8356,0.642367,0.631594,-6.08917,-0.333333,-0.0617833,0.750936,6.125,14.25,0,0,4.375,5.70833,0,-8.35007,0.0001,-0.00215047,0.0509349,1.74221,0.125864,52623,0.15678,196.23,2.20664
4470,0.145491,0.550527,0.00513333,0.00513333,0.189205,0.138541,0.822269,0.578623,0.0528825,0.0193971,0.0506037,0.217187,0.0480277,0,0.839923,0.0511931,1.96402,0.177725,0,0.0738461,0.573272,4.37274,0.622304,0.356001,0.685538,2.68893,0.152777,0.214903,0,0.690058,0.0342561,0,-0.000439584,0.256916,0.964661,0.205222,0.0503211,0.0536801,0.00409896,0.0034063,0.442062,0.0487275,3.79349,0.40546,10.8644,0.641753,0.628634,-6.18609,-0.333333,-0.0622665,0.739222,6.33333,14.4583,0,0,4.91667,6.5,0,-8.34818,0.0001,-0.00117488,0.0555983,1.65208,0.121596,55423,0.156804,195.45,1.98121
4471,0.147202,0.553764,0.00512729,0.00512729,0.190579,0.139912,0.822662,0.584619,0.0526061,0.0201702,0.0503877,0.218843,0.0467899,0,0.845525,0.0514736,1.95929,0.173721,0,0.0729414,0.575766,4.39523,0.624596,0.356578,0.68453,2.67938,0.154873,0.216562,0,0.689681,0.0293438,0,-0.000517672,0.251364,0.964606,0.206274,0.0501967,0.0534376,0.00413452,0.00345328,0.442799,0.0485819,3.83333,0.0222398,10.7922,0.644327,0.630961,-5.9837,-0.333333,-0.0624667,0.744453,5.875,13.625,0,0,3.91667,5.79167,0,-8.34632,0.0001,-0.00192057,0.0590551,1.71386,0.154509,52614,0.156783,195.05,2.03924
4472,0.142442,0.538293,0.0051379,0.0051379,0.188408,0.13546,0.822998,0.574465,0.0526026,0.0193753,0.0503508,0.216604,0.0515752,0,0.836056,0.0510873,1.97111,0.183165,0,0.0745574,0.572431,4.39249,0.624952,0.355373,0.682903,2.67944,0.151211,0.214232,0,0.638342,0.0487127,0,-0.000442056,0.257841,0.965179,0.207211,0.0501309,0.0534038,0.00468722,0.00396543,0.442795,0.0485933,3.91464,0.302369,10.7865,0.643685,0.633378,-6.10875,-0.333333,-0.0619198,0.724971,6.20833,14.0417,0,0,4.75,5.79167,0,-8.34911,0.0001,-0.00259416,0.0607729,1.88201,0.131633,48819,0.156735,195.82,2.04453
4473,0.147741,0.563563,0.00510514,0.00510514,0.188586,0.141199,0.821484,0.590878,0.0521817,0.020026,0.0499928,0.217871,0.0523343,0,0.847235,0.0535033,1.9661,0.183086,0,0.0741417,0.572712,4.39509,0.624916,0.359381,0.680462,2.66702,0.155239,0.215592,0,0.717836,0.0352512,0,-0.000529648,0.261911,0.965101,0.210811,0.049807,0.0529718,0.00499732,0.0042955,0.444831,0.0482857,3.87978,0.0987476,10.6982,0.645411,0.623721,-6.12038,-0.333333,-0.0623998,0.755629,6.45833,14.0417,0,0,4.20833,5.95833,0,-8.34916,0.0001,-0.00222812,0.0552036,1.72815,0.128536,52945,0.156749,196.98,2.22843
4474,0.143384,0.541522,0.00514269,0.00514269,0.186147,0.136549,0.823845,0.569825,0.0527526,0.0200479,0.0505165,0.21836,0.0511507,0,0.841226,0.0498623,1.95191,0.178933,0,0.0741514,0.579322,4.3855,0.623634,0.354691,0.687369,2.68121,0.150907,0.215678,0,0.664613,0.028839,0,-0.000568117,0.261696,0.96472,0.206479,0.0501418,0.0534706,0.0050186,0.00431152,0.447672,0.0485916,4.03365,0.200157,10.7525,0.644782,0.626412,-6.05527,-0.333333,-0.0611181,0.728018,7.16667,14.4167,0,0,3.375,6.91667,0,-8.34649,0.0001,-0.00277598,0.0534814,1.69299,0.126304,54034,0.156765,196.26,2.20286
4475,0.146008,0.552308,0.00512406,0.00512406,0.187346,0.138913,0.821795,0.585828,0.0526791,0.0194484,0.0503962,0.217932,0.0501566,0,0.843996,0.0520167,1.95974,0.180284,0,0.0747861,0.577508,4.39145,0.624639,0.357099,0.683518,2.68137,0.154379,0.215641,0,0.699285,0.0320601,0,-0.000515,0.259744,0.964829,0.208478,0.050038,0.0533862,0.00473462,0.00406604,0.447866,0.0485121,3.88403,0.39458,10.8526,0.641823,0.628688,-6.20845,-0.333333,-0.061754,0.741988,6.375,13.9167,0,0,5,6.41667,0,-8.34554,0.0001,-0.00241297,0.0552013,1.65576,0.121215,55320,0.156799,195.59,1.88002
4476,0.147628,0.557535,0.00511521,0.00511521,0.191858,0.140066,0.82226,0.587235,0.0525493,0.0199338,0.0503101,0.218513,0.0488528,0,0.848069,0.0519664,1.95878,0.177918,0,0.0736099,0.575998,4.40413,0.625753,0.358174,0.682772,2.67237,0.155195,0.216299,0,0.715144,0.0400057,0,-0.000512847,0.256552,0.96511,0.210013,0.0500129,0.0533059,0.00482832,0.00415842,0.442591,0.0484835,3.7836,0.204798,10.791,0.644102,0.626758,-6.13147,-0.333333,-0.0633324,0.749,5,14,0,0,4.04167,5.75,0,-8.34255,0.0001,-0.00132374,0.0560892,1.79672,0.176969,49807,0.156856,197.27,2.30159
4477,0.145398,0.547559,0.0051399,0.0051399,0.187947,0.138185,0.822713,0.569503,0.0524246,0.020136,0.0502297,0.2196,0.0508217,0,0.846939,0.0496597,1.9627,0.183667,0,0.0746143,0.574944,4.39068,0.625237,0.355031,0.683546,2.6778,0.150914,0.217074,0,0.679167,0.0234874,0,-0.000558606,0.260419,0.964582,0.206864,0.0499822,0.0532033,0.00514652,0.00437586,0.448832,0.048448,3.99272,-0.0028631,10.6973,0.647178,0.627395,-5.95667,-0.333333,-0.0617164,0.735633,6.45833,14.625,0,0,3.58333,6.625,0,-8.34006,0.0001,-0.00151338,0.0567366,1.73186,0.126382,52901,0.156855,194.32,2.06645
4478,0.151325,0.572985,0.00510534,0.00510534,0.189515,0.144175,0.822568,0.602273,0.0520594,0.0207729,0.0499409,0.218699,0.0501219,0,0.849406,0.0540091,1.96634,0.178382,0,0.073548,0.581289,4.41032,0.627073,0.359318,0.680569,2.65763,0.158607,0.216492,0,0.702309,0.0400981,0,-0.000664618,0.260085,0.964829,0.211478,0.0497035,0.0528476,0.00526362,0.00454001,0.450915,0.0481635,3.82985,-0.215951,10.6266,0.648882,0.625795,-5.9333,-0.333333,-0.0624461,0.769956,6.33333,14.0833,0,0,3.95833,6,0,-8.33766,0.0001,-0.00189963,0.0573117,1.69959,0.124638,53888,0.15688,198.19,2.45712
4479,0.141801,0.530516,0.00516086,0.00516086,0.183793,0.134069,0.823798,0.560836,0.0520939,0.0210532,0.0500263,0.217481,0.0512498,0,0.8363,0.0491935,1.94436,0.18502,0,0.0737836,0.573875,4.3859,0.623345,0.35253,0.687331,2.68086,0.149725,0.215121,0,0.640567,0.0392847,0,-0.00063955,0.261796,0.964357,0.206854,0.0498325,0.0529316,0.00466855,0.00399379,0.445143,0.0482475,3.8911,-0.532255,10.4413,0.655203,0.627482,-5.62431,-0.333333,-0.0601886,0.713646,7.08333,15.0833,0,0,2.91667,5.41667,0,-8.33215,0.0001,-0.001393,0.0560759,1.7112,0.124629,53547,0.15692,194.31,1.88877
4480,0.142019,0.530072,0.00517973,0.00517973,0.186288,0.134016,0.823991,0.557814,0.0523208,0.0204227,0.0502337,0.218506,0.0516787,0,0.839297,0.0492366,1.96129,0.182607,0,0.074485,0.572767,4.37441,0.621639,0.350161,0.687967,2.70399,0.149313,0.216383,0,0.647829,0.0407737,0,-0.00051725,0.26117,0.963509,0.203176,0.0501267,0.0532385,0.00445622,0.00379572,0.444818,0.0484863,3.93251,-0.356214,10.5471,0.653816,0.633419,-5.62199,-0.333333,-0.0610017,0.712459,7.375,14.5,0,0,3.41667,4.66667,0,-8.32822,0.0001,-0.00211877,0.0550444,1.69714,0.130186,53796,0.156979,196.13,2.28295
4481,0.147126,0.559189,0.00513388,0.00513388,0.190272,0.140859,0.823388,0.590011,0.0522543,0.0205602,0.0501427,0.217555,0.0469517,0,0.841969,0.0524463,1.93798,0.1775,0,0.0728778,0.582239,4.39624,0.624758,0.355778,0.685879,2.67771,0.154831,0.215382,0,0.69176,0.0440935,0,-0.000576958,0.255456,0.964506,0.207533,0.0499496,0.0530843,0.00451934,0.00386342,0.444588,0.0483675,3.81441,-0.287869,10.6041,0.650217,0.627097,-5.8202,-0.333333,-0.0625708,0.754124,6.91667,14.25,0,0,3.58333,5.33333,0,-8.32381,0.0001,-0.00221603,0.0532994,1.84655,0.123843,49890,0.157007,195.54,2.20782
4482,0.144072,0.546324,0.00515099,0.00515099,0.187268,0.137618,0.823563,0.57825,0.0521829,0.0206621,0.0500999,0.217358,0.0493467,0,0.838323,0.0513474,1.93363,0.181313,0,0.0735031,0.577307,4.38328,0.623864,0.35377,0.684964,2.67822,0.152234,0.215068,0,0.683701,0.0412723,0,-0.000576713,0.257766,0.964031,0.207041,0.0499587,0.0530517,0.00455178,0.00386243,0.444127,0.0483569,3.96362,-0.334801,10.5368,0.652484,0.624045,-5.74244,-0.333333,-0.0615428,0.735801,7.875,15.125,0,0,3.91667,4.95833,0,-8.32215,0.0001,-0.00249093,0.0528422,1.78273,0.126629,51485,0.15701,193.03,1.9477
4483,0.144152,0.547871,0.0051518,0.0051518,0.185607,0.137769,0.823234,0.577126,0.0524002,0.0202464,0.0502337,0.216666,0.0499078,0,0.835935,0.0512832,1.94445,0.186951,0,0.0747699,0.56706,4.37171,0.621155,0.353677,0.686218,2.69756,0.151728,0.214387,0,0.680461,0.0389401,0,-0.000419057,0.260839,0.964123,0.206708,0.050095,0.0533073,0.0039688,0.00326156,0.440777,0.0484578,4.0524,-0.0374417,10.6133,0.649619,0.62675,-5.8896,-0.333333,-0.0611352,0.736495,6.875,14,0,0,3.70833,6.45833,0,-8.32313,0.0001,-0.00248438,0.0540939,1.72185,0.130527,53069,0.157005,194.88,2.19788
4484,0.145339,0.554111,0.00512773,0.00512773,0.189353,0.139452,0.823194,0.579882,0.0526558,0.0201276,0.0504239,0.218888,0.0496426,0,0.84701,0.0515551,1.96281,0.17984,0,0.0739892,0.576344,4.38247,0.623638,0.356581,0.684818,2.67085,0.152334,0.216494,0,0.674988,0.027226,0,-0.000477912,0.259231,0.964635,0.206101,0.0502403,0.0534913,0.00512168,0.00444575,0.443636,0.0486983,3.93653,0.0886178,10.726,0.646493,0.631417,-6.03243,-0.333333,-0.0623506,0.746013,6.04167,12.9583,0,0,3.625,5.70833,0,-8.3239,0.0001,-0.00239272,0.0580749,1.72407,0.134644,52888,0.157017,195.87,2.06657
4485,0.146906,0.558533,0.00513674,0.00513674,0.190507,0.140338,0.822958,0.588368,0.0523023,0.0202326,0.0501234,0.216998,0.049491,0,0.840378,0.0526764,1.96059,0.180338,0,0.0735164,0.574533,4.39413,0.624787,0.355576,0.682548,2.6752,0.155038,0.214901,0,0.693719,0.0425063,0,-0.000509384,0.253713,0.964424,0.208357,0.0499931,0.0531236,0.00397788,0.00328924,0.445324,0.0483642,3.96763,-0.0568566,10.6393,0.649211,0.627814,-5.9736,-0.333333,-0.0627978,0.751216,7.16667,15.8333,0,0,4.75,5.625,0,-8.32508,0.0001,-0.00220545,0.0581665,1.67713,0.126394,54506,0.157008,197.24,2.37006
4486,0.143723,0.541327,0.00512799,0.00512799,0.191074,0.135952,0.822649,0.575479,0.0525724,0.0194286,0.050316,0.218484,0.049078,0,0.845083,0.0508434,1.95982,0.179821,0,0.0734718,0.577843,4.39505,0.625145,0.356507,0.683663,2.66887,0.152661,0.216123,0,0.671393,0.0249483,0,-0.000552939,0.251997,0.96554,0.20869,0.0499787,0.0531767,0.00467975,0.00395054,0.447871,0.0484547,3.97426,0.445266,10.7854,0.6423,0.621889,-6.27976,-0.333333,-0.0629703,0.727898,6.375,12.6667,0,0,4.33333,7.41667,0,-8.32677,0.0001,-0.00253652,0.0588628,1.87584,0.128636,49042,0.157015,195.83,2.11103
4487,0.145828,0.544882,0.00511556,0.00511556,0.188104,0.13684,0.821585,0.576725,0.0528747,0.0194961,0.0505408,0.217229,0.0495357,0,0.842237,0.051107,1.97437,0.178175,0,0.0744409,0.573004,4.39129,0.62519,0.358097,0.683487,2.68185,0.153749,0.214922,0,0.669111,0.0477592,0,-0.000471495,0.258183,0.965484,0.208532,0.0502293,0.0535981,0.0052087,0.00451593,0.445261,0.0487458,3.87316,0.558379,10.9142,0.639677,0.631066,-6.34781,-0.333333,-0.0620173,0.731437,5.91667,14.25,0,0,5.29167,7.25,0,-8.32623,0.0001,-0.00209998,0.0535532,1.72625,0.13502,52815,0.157054,195.67,1.81677
4488,0.141694,0.539923,0.0051162,0.0051162,0.187671,0.135771,0.821756,0.573244,0.0530355,0.0189114,0.0506279,0.216362,0.0503575,0,0.837671,0.0504836,1.99024,0.182725,0,0.0759616,0.572084,4.39352,0.624296,0.357995,0.683573,2.68357,0.150709,0.213972,0,0.683745,0.0260179,0,-0.000414524,0.256892,0.965688,0.206319,0.0502897,0.0536811,0.0046765,0.00392636,0.444459,0.0488017,3.90846,0.913108,11.075,0.634516,0.631862,-6.54634,-0.333333,-0.0618134,0.726086,4.875,11.625,0,0,4.95833,7.08333,0,-8.32391,0.0001,-0.00206555,0.0565272,1.71466,0.125636,53417,0.157097,194.62,1.95614
4489,0.145517,0.552189,0.00514611,0.00514611,0.189515,0.138866,0.821813,0.575747,0.0531092,0.0189093,0.0507637,0.218879,0.0479179,0,0.844711,0.050447,1.98585,0.180797,0,0.0754522,0.566988,4.37385,0.621785,0.354441,0.684757,2.70101,0.151514,0.216606,0,0.670598,0.0286223,0,-0.00032974,0.254622,0.965217,0.204617,0.0505174,0.0538507,0.00417158,0.00344469,0.4422,0.0489703,3.98472,0.760583,10.9206,0.639686,0.630785,-6.36899,-0.333333,-0.0623645,0.739358,5.33333,13.0833,0,0,5.45833,6.83333,0,-8.32055,0.0001,-0.00265493,0.0573611,1.69291,0.124117,54101,0.157116,194.74,2.0033
4490,0.146149,0.551525,0.00512554,0.00512554,0.189083,0.138566,0.822513,0.583393,0.0526816,0.0197276,0.0504252,0.216791,0.0494871,0,0.840385,0.0521266,1.95914,0.180701,0,0.0746124,0.578843,4.39322,0.624201,0.356946,0.68455,2.68636,0.154316,0.214557,0,0.692638,0.0379592,0,-0.000444113,0.256893,0.964905,0.206963,0.0501949,0.0534441,0.00436386,0.0036814,0.447171,0.0486358,3.8556,0.401007,10.861,0.642024,0.627976,-6.24005,-0.333333,-0.0623313,0.740554,6.08333,13.4583,0,0,5.25,6.625,0,-8.31761,0.0001,-0.00226589,0.0543492,1.67089,0.121324,54850,0.15711,195.83,2.08476
4491,0.144407,0.545137,0.00511399,0.00511399,0.189665,0.136733,0.82148,0.576544,0.0523965,0.0196697,0.0501476,0.215192,0.0515091,0,0.836197,0.0512803,1.97662,0.185194,0,0.0749968,0.57731,4.3938,0.624735,0.358291,0.682102,2.67443,0.153266,0.213014,0,0.670908,0.0301005,0,-0.000528782,0.259557,0.964908,0.209833,0.0498847,0.053075,0.00485162,0.00415102,0.446957,0.04835,4.02031,0.378455,10.8406,0.643001,0.627792,-6.24561,-0.333333,-0.062677,0.731895,6.33333,13.5833,0,0,4.91667,6.25,0,-8.31706,0.0001,-0.00233618,0.0580144,1.8898,0.141951,48383,0.157118,197.35,2.07683
4492,0.148014,0.558188,0.00511606,0.00511606,0.190283,0.140283,0.821798,0.587742,0.052584,0.0192662,0.050296,0.218598,0.0499875,0,0.848254,0.052123,1.97622,0.180913,0,0.0744558,0.576174,4.40011,0.626101,0.357973,0.681498,2.66817,0.155956,0.216395,0,0.68913,0.0307665,0,-0.000555302,0.257862,0.964928,0.207097,0.0500061,0.0531915,0.00463211,0.00394384,0.44842,0.0484648,3.98537,0.534806,10.9205,0.639438,0.629185,-6.37054,-0.333333,-0.0627629,0.748226,5.75,12.25,0,0,4.66667,6.5,0,-8.31587,0.0001,-0.00237979,0.0570425,1.71241,0.129812,53361,0.157138,196.54,2.03034
4493,0.144669,0.546707,0.00514894,0.00514894,0.188034,0.137794,0.822495,0.570662,0.0529225,0.0195692,0.0506551,0.218482,0.0503585,0,0.843582,0.0500477,1.96808,0.180578,0,0.0749811,0.570384,4.37421,0.621365,0.353924,0.686686,2.69629,0.151132,0.216335,0,0.681536,0.0268897,0,-0.000492576,0.259217,0.964699,0.204392,0.0503325,0.0536271,0.00496983,0.00430753,0.443066,0.0488054,3.98569,0.407113,10.8253,0.643886,0.63186,-6.1833,-0.333333,-0.0617876,0.73392,6.75,14.3333,0,0,4.29167,7.33333,0,-8.31658,0.0001,-0.00202278,0.0594702,1.68788,0.122275,54306,0.157143,196.57,2.39031
4494,0.147684,0.561848,0.00512338,0.00512338,0.1906,0.141145,0.821634,0.5877,0.0527606,0.019772,0.0504952,0.218776,0.0487854,0,0.847491,0.0521494,1.96393,0.177283,0,0.0747285,0.569795,4.37213,0.622331,0.357089,0.683978,2.6891,0.154589,0.216405,0,0.690001,0.0321327,0,-0.000451995,0.258318,0.964558,0.205814,0.050278,0.0535014,0.0049352,0.00423233,0.44648,0.0487357,3.92008,0.454992,10.947,0.641311,0.635225,-6.25866,-0.333333,-0.0628281,0.752933,6.875,13.8333,0,0,4.625,7.375,0,-8.31754,0.0001,-0.00306523,0.0535448,1.64604,0.122196,55594,0.157149,195.27,2.02839
4495,0.142657,0.541857,0.00514033,0.00514033,0.184634,0.136458,0.82136,0.56746,0.0525973,0.0198424,0.0504137,0.216708,0.0530492,0,0.836858,0.0500817,1.95953,0.185108,0,0.0755546,0.569118,4.37334,0.621571,0.354976,0.686866,2.69352,0.149893,0.214338,0,0.660296,0.0303432,0,-0.000428161,0.264995,0.964223,0.205663,0.0502675,0.0534381,0.00469583,0.00398877,0.444582,0.0487017,3.87053,0.289341,10.8065,0.645393,0.629212,-6.12589,-0.333333,-0.0607188,0.725245,6.875,14.125,0,0,4.04167,6.625,0,-8.31596,0.0001,-0.0023605,0.0544118,1.65906,0.170779,53722,0.157148,195.49,2.05864
4496,0.144564,0.546966,0.00512429,0.00512429,0.188019,0.137241,0.821753,0.575635,0.0531669,0.0187548,0.0508395,0.217271,0.0488057,0,0.844316,0.0511224,1.98822,0.177031,0,0.0751936,0.565612,4.36706,0.621201,0.356999,0.68525,2.69919,0.151821,0.215437,0,0.661804,0.0355858,0,-0.000439005,0.260533,0.965044,0.206143,0.0503999,0.0538175,0.00427935,0.00370543,0.440946,0.0488931,3.66309,0.793941,10.9769,0.63827,0.626787,-6.47093,-0.333333,-0.062036,0.733133,5.20833,13.2917,0,0,5.58333,6.75,0,-8.31535,0.0001,-0.00264706,0.0560725,1.91931,0.149848,47509,0.157135,197.04,1.89056
4497,0.142813,0.537015,0.0051354,0.0051354,0.186172,0.135541,0.821779,0.56775,0.0531354,0.0188213,0.0507646,0.217272,0.0499047,0,0.839892,0.0495479,1.99407,0.182976,0,0.0757733,0.570246,4.37234,0.621012,0.355598,0.683834,2.70188,0.150639,0.215091,0,0.672698,0.0237356,0,-0.000425377,0.258084,0.965232,0.204421,0.0504512,0.0538118,0.00428406,0.00363092,0.444989,0.0489136,3.84239,0.794965,11.0106,0.637767,0.635907,-6.41462,-0.333333,-0.0611574,0.720867,5.45833,12.0417,0,0,4.79167,6.5,0,-8.31231,0.0001,-0.00224798,0.0558926,1.67633,0.123932,54605,0.157179,195.92,2.02982
4498,0.143514,0.546259,0.00512629,0.00512629,0.186264,0.137257,0.821565,0.573702,0.052914,0.0190429,0.0505992,0.217515,0.0511159,0,0.842503,0.0507682,1.97714,0.184597,0,0.0758958,0.574565,4.38291,0.622381,0.356728,0.684801,2.69587,0.150409,0.215344,0,0.679736,0.0330932,0,-0.000481876,0.261268,0.965245,0.206033,0.0502617,0.0535391,0.00456898,0.00392982,0.44759,0.0487471,3.9295,0.726586,10.9471,0.639357,0.628522,-6.43479,-0.333333,-0.0613627,0.731799,6.08333,12.25,0,0,5.16667,6.83333,0,-8.30632,0.0001,-0.00256885,0.0556602,1.71101,0.128689,53434,0.157228,197.2,2.18786
4499,0.147328,0.554196,0.00512608,0.00512608,0.188144,0.139664,0.821793,0.579088,0.0526249,0.0203533,0.0504077,0.218695,0.0498954,0,0.846557,0.0511187,1.96722,0.180888,0,0.0750229,0.572277,4.38385,0.622692,0.35679,0.684819,2.69241,0.153779,0.216433,0,0.693126,0.0346211,0,-0.000522615,0.261769,0.964165,0.207272,0.0501538,0.053437,0.0049289,0.0042403,0.447346,0.0485822,3.88284,0.125403,10.7945,0.646308,0.632934,-6.05251,-0.333333,-0.0618603,0.742525,7.04167,14.3333,0,0,4.75,6.375,0,-8.30389,0.0001,-0.0021287,0.0530663,1.70669,0.123532,53711,0.157229,197.61,2.25189
4500,0.148159,0.561548,0.00511725,0.00511725,0.189493,0.141281,0.821322,0.589357,0.0525645,0.0199562,0.0503282,0.218305,0.0487959,0,0.846845,0.0523391,1.96531,0.178491,0,0.0743121,0.576235,4.39451,0.62539,0.357841,0.683034,2.67496,0.155237,0.216158,0,0.703094,0.0283973,0,-0.000525344,0.256595,0.964491,0.208016,0.0500904,0.0533344,0.00469999,0.00400917,0.450538,0.0485072,3.91706,0.253808,10.8372,0.64386,0.629041,-6.13879,-0.333333,-0.06239,0.752969,6.33333,13.4167,0,0,4.66667,5.95833,0,-8.3025,0.0001,-0.00209102,0.0522701,1.69196,0.127664,54024,0.157212,194.96,1.92782
4501,0.14957,0.56441,0.00513402,0.00513402,0.194059,0.142226,0.822535,0.590408,0.0526721,0.0196057,0.0504236,0.219236,0.0471653,0,0.848687,0.0527054,1.97871,0.17471,0,0.0730978,0.575708,4.38831,0.623651,0.355776,0.683894,2.679,0.156468,0.217208,0,0.685517,0.0344649,0,-0.000563353,0.253514,0.965206,0.206712,0.0501347,0.0533788,0.0049342,0.00428585,0.445688,0.0486097,3.99464,0.234674,10.7982,0.643586,0.631221,-6.1121,-0.333333,-0.0638245,0.75689,6.58333,13.7083,0,0,3.83333,6.375,0,-8.30203,0.0001,-0.00139221,0.056697,1.69965,0.127588,53799,0.157169,195.72,2.0846
4502,0.151407,0.571032,0.00512074,0.00512074,0.19123,0.143829,0.821194,0.594034,0.0524237,0.0200814,0.0502139,0.218895,0.0491478,0,0.848757,0.0527801,1.97195,0.178414,0,0.0743746,0.575822,4.39369,0.624991,0.357425,0.681943,2.67842,0.157284,0.216733,0,0.72521,0.0209327,0,-0.000561487,0.258327,0.964319,0.208235,0.0500014,0.0531848,0.00449686,0.00383105,0.447053,0.0483917,3.88521,0.0348664,10.7844,0.64601,0.632351,-6.0117,-0.333333,-0.0629356,0.764913,7.54167,14.4583,0,0,4.5,6.25,0,-8.30748,0.0001,-0.00173586,0.0543074,2.10684,0.134136,43866,0.157086,196.98,2.22285
4503,0.148219,0.557776,0.00513392,0.00513392,0.191885,0.140215,0.821781,0.585177,0.0525643,0.0197421,0.0503508,0.21973,0.0480174,0,0.850592,0.0524682,1.95518,0.175066,0,0.0731632,0.574647,4.38561,0.622709,0.355822,0.684694,2.68524,0.155178,0.217639,0,0.700412,0.0474681,0,-0.000523999,0.257021,0.964323,0.20652,0.0501698,0.0533647,0.00459852,0.00392308,0.445007,0.0485664,3.8726,0.0939551,10.7271,0.647248,0.626735,-6.02767,-0.333333,-0.0632328,0.747866,7.41667,14.6667,0,0,4.125,6,0,-8.31315,0.0001,-0.00255115,0.0515419,1.76403,0.125014,52038,0.157023,196.69,2.22229
4504,0.152842,0.574385,0.00511136,0.00511136,0.197612,0.144983,0.82153,0.602924,0.0524735,0.0202148,0.0502614,0.220797,0.0451457,0,0.856803,0.0535191,1.96147,0.170882,0,0.0721681,0.579563,4.40083,0.625869,0.358524,0.682199,2.67153,0.160127,0.218704,0,0.734331,0.0313938,0,-0.000544209,0.24709,0.964454,0.206516,0.0500609,0.0532476,0.00451573,0.00380505,0.448575,0.0484484,3.90777,0.0279031,10.8173,0.64371,0.630322,-6.03675,-0.333333,-0.0649636,0.771044,7,13.8333,0,0,4.66667,5.33333,0,-8.31762,0.0001,-0.00102337,0.0563145,1.70294,0.125649,53759,0.156978,195.09,1.98762
4505,0.148722,0.55841,0.00514627,0.00514627,0.190262,0.140822,0.822164,0.584357,0.0523199,0.0201556,0.0502087,0.217958,0.0480595,0,0.843696,0.0521357,1.96325,0.179668,0,0.0734469,0.569587,4.37351,0.621994,0.35423,0.684879,2.68979,0.155577,0.216088,0,0.704551,0.028104,0,-0.000519025,0.258401,0.964027,0.206619,0.0500536,0.0531904,0.00443598,0.00381763,0.442001,0.048449,3.74343,-0.191674,10.6078,0.650923,0.626163,-5.83591,-0.333333,-0.0625043,0.749458,7.70833,13.2083,0,0,3.45833,5.70833,0,-8.32168,0.0001,-0.00272988,0.0532518,1.66452,0.119061,55116,0.156928,194.27,2.06292
4506,0.145541,0.550506,0.00513709,0.00513709,0.194172,0.138749,0.822666,0.574963,0.0525863,0.0195596,0.0503485,0.21875,0.0479167,0,0.845717,0.0508556,1.96827,0.177501,0,0.0733249,0.578219,4.39009,0.623545,0.355436,0.68553,2.68159,0.152372,0.216697,0,0.680035,0.0368286,0,-0.00050161,0.252545,0.964624,0.206755,0.0501239,0.0533619,0.00450811,0.00381144,0.442815,0.0485327,3.90579,0.178185,10.7706,0.645775,0.628486,-6.06767,-0.333333,-0.0637984,0.740105,6.625,13.875,0,0,4.54167,6.25,0,-8.32734,0.0001,-0.00256993,0.0497343,1.67105,0.209308,52279,0.156873,195.87,2.30545
4507,0.149783,0.567743,0.00513592,0.00513592,0.194851,0.143173,0.822824,0.59034,0.0523547,0.020026,0.0501951,0.220262,0.0484705,0,0.85154,0.0526641,1.95574,0.176894,0,0.0728558,0.576817,4.39025,0.623676,0.355484,0.686593,2.6838,0.156202,0.218153,0,0.718483,0.0273389,0,-0.000510214,0.253943,0.964242,0.206228,0.0500724,0.0532186,0.005306,0.0045828,0.448794,0.0484993,4.10375,-0.0895951,10.6944,0.647958,0.630103,-5.89404,-0.333333,-0.064019,0.763081,7.16667,15.5833,0,0,4.625,5.91667,0,-8.32856,0.0001,-0.0022902,0.0517323,1.83476,0.133469,49945,0.156901,196.48,2.20694
4508,0.147551,0.559032,0.00514468,0.00514468,0.19162,0.141148,0.823466,0.587477,0.0525626,0.0196724,0.0503791,0.21978,0.0479016,0,0.848644,0.0522195,1.95894,0.17477,0,0.0728441,0.578287,4.38202,0.622852,0.354445,0.687877,2.68664,0.154822,0.217546,0,0.701677,0.0389055,0,-0.000571139,0.257571,0.964513,0.20492,0.050101,0.053312,0.00530529,0.00460411,0.446026,0.0485559,4.00599,0.167711,10.7438,0.645792,0.625971,-6.01086,-0.333333,-0.0629073,0.751195,7,13.5417,0,0,3.91667,5.41667,0,-8.32531,0.0001,-0.00152762,0.0541628,1.7323,0.126221,52893,0.156922,195.43,2.20261
4509,0.148831,0.56031,0.00513809,0.00513809,0.192421,0.141514,0.822993,0.58621,0.0524276,0.0199384,0.0502539,0.2203,0.0477113,0,0.851174,0.0522905,1.96911,0.18025,0,0.0733437,0.576259,4.39654,0.624895,0.355257,0.685088,2.67595,0.155785,0.218204,0,0.718585,0.0438105,0,-0.000514026,0.255045,0.964579,0.206945,0.0500903,0.0532616,0.00456438,0.00387104,0.445492,0.0485159,4.00034,-0.0651739,10.6804,0.647135,0.626429,-5.94063,-0.333333,-0.0631588,0.754121,7.08333,14.0833,0,0,3.75,5.66667,0,-8.32531,0.0001,-0.00220514,0.0521371,1.75533,0.132413,52074,0.156881,194.43,2.11394
4510,0.150178,0.567321,0.00512565,0.00512565,0.193632,0.143082,0.822074,0.590433,0.0522586,0.019694,0.0500661,0.220299,0.0495198,0,0.852822,0.0523526,1.97807,0.179642,0,0.0740986,0.577404,4.40333,0.625756,0.356744,0.683891,2.6767,0.156301,0.218162,0,0.712827,0.0322955,0,-0.000547778,0.256274,0.964677,0.207577,0.0498927,0.0530265,0.00483135,0.00409873,0.447194,0.0483278,3.97763,0.0487086,10.796,0.64443,0.631538,-6.02945,-0.333333,-0.0636362,0.763085,6.45833,13.125,0,0,4.625,5.75,0,-8.32701,0.0001,-0.00155468,0.0603167,1.62558,0.132137,55927,0.156847,196.68,2.20418
4511,0.147306,0.555941,0.00512924,0.00512924,0.190989,0.139834,0.822246,0.58523,0.0523084,0.0195674,0.050144,0.217336,0.0481942,0,0.843615,0.0523302,1.96742,0.182523,0,0.074003,0.57485,4.38597,0.623852,0.3563,0.684222,2.67878,0.154871,0.215675,0,0.690752,0.037687,0,-0.000523901,0.256025,0.96431,0.206984,0.0499698,0.0530284,0.00397613,0.00334334,0.447286,0.0483819,3.82568,0.111373,10.7343,0.645568,0.623221,-6.06528,-0.333333,-0.0628772,0.745404,7,13.9167,0,0,4.875,5.66667,0,-8.32643,0.0001,-0.00267507,0.0549029,1.82842,0.132808,50123,0.156831,195.28,1.92172
4512,0.149349,0.56511,0.00513437,0.00513437,0.192399,0.142252,0.822974,0.595615,0.0524452,0.01908,0.0502246,0.219648,0.0484168,0,0.849776,0.0538128,1.9733,0.178871,0,0.0738355,0.580311,4.39779,0.624762,0.355767,0.684524,2.67788,0.156953,0.217568,0,0.699046,0.0465214,0,-0.000507191,0.255642,0.965439,0.206814,0.0500251,0.0531453,0.00466539,0.00393188,0.446519,0.0485279,4.00274,0.350623,10.785,0.642431,0.627226,-6.22518,-0.333333,-0.0633175,0.759816,5.95833,12.7917,0,0,5.125,5.625,0,-8.32524,0.0001,-0.000658239,0.0540699,1.72571,0.131268,52937,0.15683,198.04,2.38792
4513,0.154033,0.579106,0.00510386,0.00510386,0.195404,0.145354,0.821205,0.611013,0.0521487,0.0200811,0.0499928,0.218553,0.0464268,0,0.850221,0.0558275,1.98976,0.172408,0,0.0723991,0.579386,4.41638,0.62676,0.359482,0.680869,2.67359,0.162028,0.216441,0,0.727957,0.0484409,0,-0.000597626,0.252283,0.964788,0.211144,0.0497905,0.0528765,0.00462616,0.00388024,0.447913,0.0482236,3.83427,-0.0331819,10.7009,0.647218,0.626853,-6.04934,-0.333333,-0.0645351,0.775964,6.375,13.5417,0,0,4.66667,6.41667,0,-8.32384,0.0001,-0.00198841,0.0602152,1.68928,0.124716,54191,0.156835,196.15,2.19667
4514,0.149586,0.565502,0.0051217,0.0051217,0.191878,0.142673,0.82195,0.590466,0.0523206,0.0203612,0.0501268,0.219706,0.0503213,0,0.851773,0.0524986,1.97215,0.183131,0,0.0741375,0.579998,4.39167,0.625312,0.357278,0.682809,2.67351,0.155668,0.217647,0,0.733325,0.0362284,0,-0.000578142,0.255498,0.964336,0.207521,0.0500016,0.0531091,0.00472429,0.00399253,0.447598,0.048399,3.91885,0.0242227,10.7395,0.647754,0.629349,-6.01227,-0.333333,-0.0630911,0.758312,6.375,13.9167,0,0,4.75,5.20833,0,-8.32199,0.0001,-0.00212959,0.0538747,1.66385,0.122532,55029,0.15686,196.91,1.919
4515,0.150811,0.564797,0.00511878,0.00511878,0.193867,0.142262,0.821505,0.590846,0.052146,0.0198411,0.0499431,0.220499,0.0506875,0,0.855733,0.0525128,1.97965,0.183111,0,0.0742779,0.58141,4.42333,0.627983,0.357696,0.680505,2.65747,0.157248,0.218509,0,0.704883,0.0340215,0,-0.000554136,0.255117,0.964957,0.210314,0.0497457,0.052845,0.00463995,0.00393916,0.453066,0.0481969,4.07158,0.167014,10.739,0.645045,0.625641,-6.14796,-0.333333,-0.0637826,0.756407,6.95833,13.625,0,0,4.66667,6,0,-8.31942,0.0001,-0.00117293,0.0547286,1.66382,0.125956,54925,0.156874,197.64,2.43296
4516,0.153575,0.578741,0.00510976,0.00510976,0.195195,0.145483,0.822199,0.611396,0.0523068,0.0197876,0.0500712,0.219874,0.0489845,0,0.85523,0.0552543,1.96604,0.175229,0,0.0730228,0.584845,4.41509,0.627523,0.358832,0.682941,2.66291,0.161945,0.217827,0,0.717497,0.0437289,0,-0.000641509,0.256415,0.965362,0.211496,0.0496963,0.0528892,0.00503306,0.00434115,0.446594,0.0482052,3.84765,0.232621,10.7393,0.644124,0.621645,-6.2362,-0.333333,-0.064445,0.776628,6.45833,12.625,0,0,4.54167,6.20833,0,-8.31852,0.0001,-0.0030812,0.0552105,1.8932,0.139938,48350,0.156921,195.43,2.27065
4517,0.148801,0.56463,0.00510021,0.00510021,0.194122,0.141613,0.821106,0.601838,0.05253,0.0192731,0.0502094,0.218826,0.0489159,0,0.852118,0.0545899,2.00437,0.174622,0,0.0744463,0.579602,4.41731,0.628052,0.360008,0.678833,2.65726,0.157957,0.216911,0,0.701558,0.0450504,0,-0.000580348,0.251823,0.965723,0.212529,0.0498207,0.0530855,0.00475468,0.00401544,0.454094,0.0483219,4.04684,0.581429,10.9096,0.639505,0.628312,-6.4488,-0.333333,-0.0641571,0.757398,5.04167,13.0833,0,0,4.83333,7.29167,0,-8.31442,0.0001,-0.00175385,0.0547268,1.71206,0.124988,53512,0.156966,197.31,1.89291
4518,0.14966,0.562338,0.00511568,0.00511568,0.194559,0.141411,0.822109,0.592916,0.0524065,0.0196576,0.0501317,0.219783,0.0472129,0,0.853647,0.0527236,1.98339,0.175929,0,0.0735893,0.578381,4.41334,0.626931,0.358081,0.681395,2.66554,0.157726,0.217827,0,0.701375,0.0431839,0,-0.000576042,0.253899,0.96533,0.210258,0.0498337,0.0530309,0.00487197,0.00414132,0.448949,0.0483366,3.98217,0.340864,10.8322,0.642045,0.627032,-6.25402,-0.333333,-0.064091,0.75491,6.29167,13.875,0,0,5.16667,6.83333,0,-8.30856,0.0001,-0.00263888,0.0477636,1.73913,0.125798,52712,0.157025,196.69,2.19161
4519,0.14869,0.559391,0.00512295,0.00512295,0.191175,0.141003,0.822339,0.590835,0.0525172,0.0194472,0.0502674,0.219816,0.0478596,0,0.851809,0.0521694,1.9661,0.17692,0,0.0739188,0.579382,4.40724,0.626165,0.35713,0.683549,2.67093,0.156884,0.217699,0,0.68886,0.0381377,0,-0.000689075,0.256175,0.965309,0.208512,0.0498541,0.0530362,0.00499831,0.00426003,0.45199,0.0483555,3.97503,0.396781,10.8365,0.64213,0.629485,-6.2422,-0.333333,-0.0628965,0.750986,6.16667,12,0,0,5.125,6.20833,0,-8.3025,0.0001,-0.00186275,0.0565217,1.75781,0.132599,52001,0.157084,195.96,2.27198
4520,0.14915,0.560872,0.00512539,0.00512539,0.190876,0.141018,0.821788,0.587029,0.0525554,0.0196531,0.0502968,0.217762,0.0486193,0,0.844557,0.0524389,1.98349,0.180213,0,0.0748238,0.574351,4.38878,0.62333,0.356953,0.682884,2.67883,0.15567,0.215659,0,0.693762,0.0350752,0,-0.000489216,0.255698,0.965037,0.208194,0.0499996,0.0532355,0.00413772,0.00343871,0.448438,0.0484544,3.93466,0.412857,10.8204,0.643006,0.629019,-6.29278,-0.333333,-0.0629154,0.751668,6.875,13.375,0,0,4.79167,6.625,0,-8.29759,0.0001,-0.00138076,0.0516754,1.69297,0.13075,53903,0.15713,196.37,2.12108
4521,0.148984,0.55468,0.00513406,0.00513406,0.192542,0.140223,0.822293,0.577039,0.0525719,0.0199893,0.0503371,0.222324,0.0477741,0,0.858901,0.0504875,1.9808,0.174991,0,0.0737804,0.573328,4.38757,0.624373,0.355705,0.684555,2.67791,0.154682,0.220162,0,0.66894,0.0245588,0,-0.000593251,0.255481,0.96449,0.206366,0.0500475,0.0532696,0.00479517,0.00408641,0.452266,0.0484672,3.97583,0.197431,10.8385,0.643546,0.63873,-6.06301,-0.333333,-0.0631442,0.74334,7.45833,13.9583,0,0,4.16667,6.04167,0,-8.29459,0.0001,-0.0019239,0.0543478,1.93202,0.132731,47610,0.157133,197.24,2.28422
4522,0.148912,0.565461,0.00512144,0.00512144,0.191213,0.142231,0.822268,0.596279,0.052305,0.0204385,0.0501458,0.217474,0.0475118,0,0.844313,0.0535341,1.96355,0.178922,0,0.0737153,0.581878,4.40775,0.626212,0.357397,0.683394,2.66918,0.156707,0.215481,0,0.686501,0.0475911,0,-0.000643678,0.257679,0.964356,0.208887,0.0498185,0.052961,0.00441861,0.00375767,0.451525,0.0482544,3.78862,0.042821,10.7193,0.647527,0.626782,-6.04088,-0.333333,-0.0629579,0.758898,7.41667,12.875,0,0,3.91667,5.625,0,-8.29398,0.0001,-0.00248235,0.0528346,1.74159,0.132575,52452,0.157155,197.04,2.26023
4523,0.150028,0.562629,0.00512104,0.00512104,0.192598,0.14178,0.821993,0.590433,0.0524606,0.0195486,0.0502317,0.219778,0.0499066,0,0.852566,0.0525699,1.96245,0.180832,0,0.0746423,0.58004,4.39488,0.625304,0.357339,0.684181,2.67076,0.156991,0.217792,0,0.706733,0.0454365,0,-0.000552581,0.258948,0.964645,0.207117,0.0500005,0.0531674,0.00482324,0.00410592,0.448844,0.0484485,3.7962,0.25822,10.8231,0.64387,0.631323,-6.13517,-0.333333,-0.0633529,0.754724,6.70833,13.2917,0,0,5.25,4.91667,0,-8.29078,0.0001,-0.00247064,0.0530565,1.69507,0.131058,53831,0.157143,197.36,2.28016
4524,0.152449,0.576299,0.00510886,0.00510886,0.193031,0.144974,0.822387,0.599233,0.0524413,0.0199887,0.0502169,0.220007,0.0483351,0,0.855407,0.054044,1.96681,0.177893,0,0.0733684,0.580494,4.40001,0.625829,0.358895,0.683238,2.6681,0.157991,0.218092,0,0.717947,0.036306,0,-0.00061898,0.256056,0.964788,0.20957,0.0498975,0.0531138,0.00491294,0.00420382,0.447425,0.0483589,3.89444,0.268158,10.8456,0.643405,0.63074,-6.17704,-0.333333,-0.0636018,0.77378,6.04167,13.125,0,0,4.5,5.58333,0,-8.29009,0.0001,-0.00213617,0.0556682,1.71867,0.119351,53483,0.157155,195.99,1.98022
4525,0.1505,0.565629,0.0051175,0.0051175,0.192413,0.142457,0.821615,0.587312,0.0525194,0.0192575,0.0502765,0.220902,0.0494317,0,0.857385,0.0521255,1.99292,0.174631,0,0.0738145,0.576186,4.40244,0.625318,0.357772,0.68364,2.67849,0.156164,0.218844,0,0.691821,0.0454426,0,-0.000570645,0.259618,0.965094,0.208013,0.0499624,0.0531774,0.00513418,0.00440901,0.44847,0.0484696,3.90776,0.461581,10.8726,0.640673,0.628242,-6.26688,-0.333333,-0.0633417,0.756979,6.54167,13.0833,0,0,4.79167,6.375,0,-8.28677,0.0001,-0.002789,0.0590534,1.66375,0.123135,55014,0.157228,197.12,2.25613
4526,0.14928,0.559514,0.00512205,0.00512205,0.191738,0.140536,0.821709,0.585507,0.052243,0.019644,0.0500926,0.220083,0.0493551,0,0.855133,0.0528448,1.98013,0.182104,0,0.0743945,0.574655,4.40234,0.624477,0.357211,0.684284,2.68199,0.155989,0.218266,0,0.682556,0.046275,0,-0.000576577,0.258794,0.964576,0.209663,0.0497969,0.0529336,0.00481205,0.00411583,0.452496,0.0482768,3.91091,0.171056,10.7128,0.645997,0.62572,-6.13957,-0.333333,-0.0632607,0.75083,7.08333,12.5,0,0,4.41667,6.20833,0,-8.28273,0.0001,-0.00187569,0.0580218,1.89741,0.128163,48531,0.157311,197.72,2.19491
4527,0.145836,0.551944,0.00513065,0.00513065,0.18651,0.138863,0.82218,0.575556,0.0525616,0.0195429,0.0503487,0.218173,0.0495931,0,0.846331,0.0510843,1.98471,0.180697,0,0.074625,0.573218,4.38821,0.62325,0.356146,0.685064,2.6902,0.152165,0.2163,0,0.708636,0.0249525,0,-0.000496754,0.260813,0.964585,0.205433,0.0501688,0.0533001,0.00402734,0.0033496,0.44477,0.0486447,3.57016,0.287222,10.7693,0.644666,0.626025,-6.22705,-0.333333,-0.0614571,0.739769,6.5,12.4583,0,0,4.79167,6.16667,0,-8.27997,0.0001,-0.00120898,0.0543035,1.72579,0.126263,53078,0.157333,194.06,1.78129
4528,0.148668,0.557832,0.00511696,0.00511696,0.189709,0.140208,0.820734,0.582081,0.0523914,0.0196089,0.0501535,0.219297,0.0509143,0,0.852205,0.0517427,1.98505,0.181943,0,0.0753144,0.573372,4.3981,0.625728,0.357936,0.682014,2.67436,0.154721,0.217301,0,0.68974,0.0428992,0,-0.000469648,0.263049,0.964702,0.209647,0.0498997,0.0531605,0.00472292,0.00401474,0.448141,0.0484063,3.73574,0.355543,10.8313,0.643443,0.630376,-6.26423,-0.333333,-0.0625247,0.745236,6.625,12.5,0,0,4.95833,6.45833,0,-8.27783,0.0001,-0.00283687,0.0497099,1.69414,0.129022,53919,0.157356,196.4,2.28111
4529,0.150692,0.571568,0.00509746,0.00509746,0.189526,0.143536,0.820453,0.600687,0.0524816,0.0195941,0.0502027,0.217768,0.0499515,0,0.849005,0.0539611,2.00618,0.181251,0,0.0755909,0.573003,4.40583,0.626883,0.360325,0.679058,2.6645,0.158087,0.215895,0,0.721496,0.0243742,0,-0.000550395,0.259746,0.965184,0.212305,0.0497955,0.0531002,0.00451388,0.00380644,0.446367,0.0482992,3.64887,0.543064,10.9075,0.640742,0.630217,-6.42169,-0.333333,-0.0625627,0.764865,5.875,12.7917,0,0,5.25,6.41667,0,-8.27507,0.0001,-0.00177816,0.0561529,1.675,0.125598,54595,0.15736,196.53,2.2621
4530,0.148207,0.559356,0.00511741,0.00511741,0.189546,0.140696,0.820749,0.589011,0.0527968,0.0192693,0.0505072,0.219413,0.0462633,0,0.851107,0.0524572,1.98501,0.170817,0,0.0733057,0.578594,4.40536,0.625884,0.357792,0.683635,2.67381,0.155604,0.217261,0,0.683212,0.0474932,0,-0.000528757,0.259305,0.965091,0.207808,0.050122,0.0534251,0.00482698,0.0041006,0.448664,0.0486415,3.73828,0.643952,10.9582,0.639073,0.631486,-6.39718,-0.333333,-0.0624619,0.747975,6,12.875,0,0,4.75,6.875,0,-8.27279,0.0001,-0.0029344,0.0574694,1.65,0.12212,55472,0.157395,195.81,1.93162
4531,0.148651,0.563163,0.00511208,0.00511208,0.188381,0.141003,0.821014,0.591377,0.0525264,0.019521,0.050276,0.217551,0.0489919,0,0.847026,0.0534016,1.98452,0.177866,0,0.0743522,0.574059,4.39897,0.62497,0.358523,0.681327,2.67664,0.156117,0.215683,0,0.686169,0.0380673,0,-0.000503804,0.263586,0.964764,0.210073,0.0499949,0.0532307,0.00425921,0.0036063,0.444272,0.0485113,3.57422,0.410115,10.8177,0.643313,0.628097,-6.31445,-0.333333,-0.0623157,0.753091,6,12.9167,0,0,5.29167,6.41667,0,-8.26656,0.0001,-0.00257442,0.053621,2.06207,0.123611,44976,0.157458,197.68,2.1515
4532,0.146181,0.550714,0.0051321,0.0051321,0.188068,0.138395,0.821821,0.586037,0.0529827,0.0184831,0.050668,0.218969,0.0475102,0,0.847443,0.0524796,1.99022,0.174254,0,0.0737604,0.569198,4.37576,0.622363,0.355976,0.685457,2.69222,0.155197,0.216836,0,0.690674,0.0352169,0,-0.000507853,0.258617,0.965181,0.205275,0.0502155,0.0535093,0.00425343,0.00347899,0.447875,0.0486776,3.85611,0.964276,11.036,0.636181,0.628083,-6.55703,-0.333333,-0.0619986,0.737176,4.875,11.125,0,0,5.29167,7,0,-8.26114,0.0001,-0.0022306,0.0559599,1.67271,0.134063,54408,0.157474,195.87,2.0197
4533,0.15047,0.567053,0.00509136,0.00509136,0.190539,0.141953,0.819264,0.598163,0.0523859,0.0192431,0.0501172,0.218613,0.0478945,0,0.852906,0.0543138,2.0011,0.174874,0,0.07425,0.57796,4.41661,0.626758,0.361116,0.679134,2.66355,0.158457,0.216557,0,0.708397,0.0490546,0,-0.00057659,0.258764,0.965184,0.212361,0.0497734,0.0529591,0.00457987,0.00383293,0.452482,0.0482858,3.71626,0.576203,10.9094,0.639308,0.630495,-6.45187,-0.333333,-0.0631396,0.758227,5.66667,12.0833,0,0,5.25,7,0,-8.25952,0.0001,0.000900919,0.0573524,1.6877,0.130943,54053,0.157506,197.4,2.21133
4534,0.151294,0.57018,0.00512789,0.00512789,0.193173,0.143689,0.821582,0.595558,0.0523385,0.0196756,0.0501406,0.220331,0.0478165,0,0.853286,0.0532475,1.97521,0.177899,0,0.0731857,0.580182,4.41047,0.626749,0.356534,0.683534,2.66723,0.157682,0.218168,0,0.691845,0.0302953,0,-0.000626788,0.25715,0.9648,0.209008,0.049845,0.0529928,0.00453546,0.00378297,0.449567,0.0483218,3.76271,0.231958,10.7818,0.644278,0.625377,-6.14729,-0.333333,-0.063548,0.764196,7.20833,12.875,0,0,4.875,6.875,0,-8.25593,0.0001,-0.00268299,0.0560942,1.71284,0.127187,53425,0.157572,194.24,1.98609
4535,0.150328,0.566185,0.00510906,0.00510906,0.19187,0.142626,0.821418,0.590386,0.0521568,0.0202944,0.0499765,0.218732,0.049634,0,0.849363,0.0526151,1.96868,0.180208,0,0.0737295,0.585046,4.42009,0.627684,0.358813,0.685204,2.66564,0.156813,0.216626,0,0.695998,0.0376509,0,-0.000575866,0.257493,0.964915,0.210899,0.0497534,0.0529119,0.00507683,0.00437425,0.452272,0.048252,3.82404,0.0100702,10.7358,0.645315,0.633416,-6.05261,-0.333333,-0.063125,0.75874,8.125,14.0417,0,0,4.625,5.625,0,-8.25119,0.0001,-0.00216008,0.0583468,1.65241,0.125901,55279,0.157664,196.37,2.34664
4536,0.142772,0.535872,0.0051537,0.0051537,0.184121,0.135889,0.821952,0.557794,0.0520301,0.0204297,0.0499652,0.220928,0.051695,0,0.850691,0.0486464,1.96256,0.183578,0,0.0743623,0.573303,4.38584,0.622903,0.353229,0.686559,2.68621,0.148449,0.218682,0,0.66446,0.026391,0,-0.000604995,0.267067,0.964105,0.206402,0.0497776,0.0528302,0.00525014,0.00452128,0.448969,0.0482342,3.90855,-0.207592,10.5947,0.650901,0.632848,-5.76996,-0.333333,-0.0602138,0.717261,8.20833,13.9167,0,0,4.375,5.08333,0,-8.24491,0.0001,-0.00245544,0.0536346,1.96376,0.123806,47090,0.157737,193.24,1.6418
4537,0.146413,0.550886,0.00513257,0.00513257,0.187412,0.138755,0.820762,0.575278,0.0520259,0.0205453,0.0499341,0.218329,0.0511499,0,0.845853,0.0516091,1.9675,0.185246,0,0.075147,0.574572,4.39636,0.625955,0.355868,0.682513,2.66601,0.152644,0.216294,0,0.682923,0.0451422,0,-0.00054643,0.264587,0.964191,0.209481,0.0497618,0.0528606,0.00448921,0.00386972,0.447376,0.0482182,3.73811,-0.235994,10.5815,0.651311,0.630841,-5.8896,-0.333333,-0.0616426,0.735214,8.5,13.9167,0,0,4.08333,5.16667,0,-8.23977,0.0001,-0.00203147,0.0515088,1.79523,0.139662,50805,0.157806,194.89,1.9037
4538,0.147792,0.55792,0.00513448,0.00513448,0.191554,0.140989,0.821987,0.583793,0.0522532,0.0206642,0.0501232,0.218548,0.0482251,0,0.844622,0.0514313,1.95709,0.180975,0,0.0737055,0.580377,4.39508,0.624701,0.355633,0.68666,2.67751,0.154475,0.216219,0,0.697583,0.023561,0,-0.00056747,0.25665,0.964057,0.206377,0.0499868,0.0530738,0.004511,0.00383925,0.448128,0.0483919,3.86351,-0.240479,10.6585,0.64933,0.631662,-5.83495,-0.333333,-0.0628108,0.747466,8.79167,14.2083,0,0,3.95833,5,0,-8.23519,0.0001,-0.00200314,0.0507404,1.69654,0.127768,53885,0.157847,196.66,2.27702
4539,0.150148,0.567116,0.00513079,0.00513079,0.189598,0.143205,0.821954,0.594269,0.0521273,0.0205205,0.0500164,0.21976,0.0494283,0,0.849726,0.0531753,1.95305,0.179426,0,0.0733734,0.578762,4.40264,0.626838,0.356144,0.683489,2.66555,0.156961,0.217495,0,0.704025,0.042017,0,-0.000552766,0.260864,0.964185,0.208103,0.0498938,0.0529576,0.00468228,0.00392893,0.44597,0.0483156,3.81598,-0.186045,10.6413,0.649045,0.630892,-5.88184,-0.333333,-0.0623375,0.760231,7.58333,12.75,0,0,4.04167,4.375,0,-8.23405,0.0001,-0.00273829,0.0531561,1.64568,0.124685,55527,0.157856,196.5,2.41575
4540,0.151407,0.576138,0.00510828,0.00510828,0.190525,0.144691,0.82049,0.6038,0.0521007,0.0202333,0.049943,0.218678,0.0490007,0,0.850462,0.0545221,1.96024,0.178723,0,0.0736666,0.581358,4.40308,0.626222,0.358964,0.680966,2.66439,0.158505,0.216605,0,0.727888,0.0385618,0,-0.000552178,0.260032,0.964667,0.210724,0.049738,0.05284,0.00458618,0.00388271,0.449384,0.048211,3.79948,0.134966,10.7404,0.645467,0.626187,-6.14076,-0.333333,-0.0628559,0.771209,6.33333,12.5417,0,0,4.83333,5.58333,0,-8.23286,0.0001,-0.00203173,0.0535087,1.80581,0.222817,48458,0.157853,197.19,2.47547
4541,0.146687,0.549931,0.00512828,0.00512828,0.188286,0.138693,0.821329,0.577771,0.0525932,0.0199065,0.0503539,0.218593,0.0487536,0,0.845102,0.0509006,1.97674,0.178427,0,0.0748683,0.57719,4.39473,0.624383,0.356419,0.684247,2.67987,0.154061,0.216234,0,0.683356,0.0431808,0,-0.00058724,0.259152,0.964485,0.205529,0.0500764,0.0532733,0.00443415,0.00368435,0.447822,0.0484739,3.91349,0.312334,10.9095,0.641876,0.635739,-6.1639,-0.333333,-0.0619048,0.735866,6.625,13.25,0,0,4.29167,6.41667,0,-8.23196,0.0001,-0.00300352,0.0573204,1.7131,0.132374,53267,0.157854,196.12,2.11774
4542,0.147009,0.557081,0.00513705,0.00513705,0.188738,0.140443,0.821448,0.587267,0.0524828,0.0199833,0.0502432,0.218661,0.0488042,0,0.844995,0.0522139,1.97979,0.1803,0,0.0746008,0.577322,4.39828,0.625447,0.355464,0.68429,2.67918,0.154725,0.216361,0,0.68771,0.0381822,0,-0.000524364,0.258225,0.964492,0.207358,0.0500009,0.0532093,0.00437901,0.003643,0.447009,0.0484166,3.90538,0.324991,10.8401,0.6445,0.633427,-6.15972,-0.333333,-0.0620115,0.746363,6.04167,14.2917,0,0,4.25,6.5,0,-8.23147,0.0001,-0.00283676,0.0597969,1.67737,0.122796,54608,0.157825,195.8,2.2534
4543,0.1471,0.552818,0.00512616,0.00512616,0.18967,0.139483,0.820797,0.579005,0.052461,0.0198065,0.0502452,0.218964,0.0490964,0,0.848023,0.0512322,1.97401,0.177611,0,0.0741616,0.579186,4.40186,0.6252,0.356688,0.685926,2.68221,0.153916,0.21678,0,0.686286,0.033348,0,-0.000596443,0.260189,0.96477,0.207071,0.0499664,0.0531506,0.00469473,0.00396867,0.44792,0.0484367,3.83038,0.284278,10.8641,0.642866,0.632978,-6.14449,-0.333333,-0.0623725,0.738116,7.75,14.8333,0,0,4.66667,6.29167,0,-8.23216,0.0001,-0.00249735,0.0545552,1.64777,0.119416,55627,0.157806,196.55,2.16755
4544,0.14523,0.546751,0.00514466,0.00514466,0.187815,0.137686,0.820871,0.57368,0.0525116,0.019374,0.0502519,0.219149,0.051153,0,0.847037,0.0514014,1.98834,0.182255,0,0.0755172,0.570766,4.39235,0.624452,0.354451,0.684162,2.67555,0.152,0.217093,0,0.668093,0.0315527,0,-0.000557801,0.262278,0.964795,0.207919,0.0499465,0.0531561,0.00506264,0.00430934,0.450251,0.0484406,4.05201,0.386632,10.8014,0.644772,0.635531,-6.17355,-0.333333,-0.0617109,0.730394,6.58333,13.75,0,0,5.08333,6.16667,0,-8.22933,0.0001,-0.0021849,0.0506631,1.64887,0.121819,55517,0.157851,194.43,1.84088
4545,0.155215,0.586229,0.00510072,0.00510072,0.196504,0.147577,0.819519,0.61021,0.0523594,0.020412,0.0501155,0.221836,0.0461638,0,0.862603,0.0547762,1.97278,0.171675,0,0.0734038,0.579689,4.42233,0.629112,0.35989,0.6784,2.65182,0.161442,0.219585,0,0.717633,0.0620017,0,-0.000607612,0.253556,0.964997,0.211101,0.0497736,0.0529924,0.00456537,0.00383907,0.453361,0.0482146,3.93084,0.226025,10.8552,0.642872,0.632802,-6.20409,-0.333333,-0.0647835,0.782746,6.875,13.25,0,0,4.79167,5.91667,0,-8.22466,0.0001,-0.00213569,0.0528826,1.98335,0.135561,46393,0.157929,196.75,2.44004
4546,0.150965,0.571292,0.00510337,0.00510337,0.192313,0.143232,0.81945,0.604545,0.0520144,0.0205124,0.0498535,0.219593,0.047567,0,0.854409,0.0550203,1.96786,0.17446,0,0.0733503,0.579787,4.42149,0.628251,0.359584,0.679894,2.65104,0.159879,0.217516,0,0.704802,0.0606084,0,-0.000609583,0.257778,0.964628,0.21293,0.0496453,0.0527428,0.0047921,0.0040801,0.451527,0.0480988,3.95965,-0.0186329,10.7018,0.647263,0.629718,-6.04811,-0.333333,-0.0635444,0.761998,6.5,14.2917,0,0,3.91667,5.625,0,-8.222,0.0001,-0.00236864,0.0496484,1.71148,0.130425,53370,0.157952,196.15,2.09362
4547,0.149957,0.574341,0.00509299,0.00509299,0.190855,0.144236,0.819352,0.605511,0.0521665,0.0202946,0.0499238,0.21936,0.0482185,0,0.853618,0.0547591,1.97069,0.176179,0,0.0742768,0.578967,4.41805,0.628027,0.360831,0.679058,2.65832,0.157889,0.217103,0,0.712139,0.0454004,0,-0.000625765,0.25708,0.964669,0.212024,0.0496424,0.0528088,0.00454522,0.00379031,0.452044,0.0480918,3.90756,0.260099,10.8853,0.64232,0.63289,-6.21983,-0.333333,-0.0630459,0.767069,6.33333,12.625,0,0,4.16667,5.83333,0,-8.22123,0.0001,-0.00199476,0.0578826,1.69513,0.124745,54017,0.157948,197.71,2.16369
4548,0.148523,0.562009,0.00513521,0.00513521,0.190938,0.141241,0.82073,0.591361,0.0524947,0.0197133,0.0502833,0.219059,0.0464689,0,0.848026,0.0535336,1.97073,0.172845,0,0.073106,0.5746,4.39756,0.624424,0.355603,0.685907,2.68429,0.155877,0.216908,0,0.709273,0.0580853,0,-0.000541514,0.256877,0.964609,0.206819,0.0500593,0.0532018,0.00459471,0.00386903,0.448679,0.0485138,3.9753,0.278005,10.8282,0.643843,0.631986,-6.13451,-0.333333,-0.0629255,0.751182,6.41667,13.25,0,0,4.125,5.91667,0,-8.22099,0.0001,-0.0022479,0.0571335,1.69281,0.120915,54200,0.157949,196.32,2.31868
4549,0.152758,0.580291,0.00510158,0.00510158,0.193093,0.145635,0.819686,0.610995,0.0522771,0.0199484,0.0500503,0.219236,0.0477374,0,0.854081,0.0553389,1.98785,0.175271,0,0.0732579,0.581301,4.41393,0.626957,0.359838,0.68083,2.66569,0.160646,0.217391,0,0.731671,0.0497625,0,-0.000553258,0.25977,0.964991,0.212187,0.0497261,0.0529275,0.00464163,0.00394275,0.451813,0.0482025,3.85114,0.33029,10.8312,0.642983,0.628561,-6.27505,-0.333333,-0.0638082,0.774881,5.83333,13.7083,0,0,4.66667,5.66667,0,-8.22118,0.0001,-0.00209899,0.0577972,1.67786,0.125781,54503,0.157947,194.46,1.8037
4550,0.149426,0.560575,0.00510808,0.00510808,0.191691,0.140705,0.819092,0.58794,0.0524925,0.0196352,0.0502175,0.220385,0.0488157,0,0.85607,0.0526249,2.00983,0.174065,0,0.0738994,0.575651,4.41173,0.627226,0.358992,0.680455,2.65646,0.157029,0.218189,0,0.673528,0.0442837,0,-0.000553488,0.258298,0.965142,0.209358,0.0499382,0.053142,0.00485346,0.0041172,0.451712,0.0484358,3.88026,0.487648,10.8999,0.640606,0.632322,-6.34833,-0.333333,-0.0632797,0.747187,5.83333,13.3333,0,0,4.75,7.04167,0,-8.22003,0.0001,-0.00251402,0.0556357,1.94905,0.14029,47050,0.157934,195.8,1.98897
4551,0.15083,0.572363,0.0051356,0.0051356,0.192862,0.144079,0.821218,0.599941,0.0523984,0.0199897,0.0502146,0.218888,0.0465658,0,0.848333,0.054476,1.97377,0.171585,0,0.0727896,0.580052,4.41041,0.626341,0.355601,0.685551,2.67086,0.157597,0.216906,0,0.702194,0.0487063,0,-0.000592194,0.256575,0.964326,0.207844,0.0499601,0.0531157,0.00439007,0.00375329,0.450143,0.0484259,3.8609,0.108662,10.7848,0.645493,0.628703,-6.04907,-0.333333,-0.0634705,0.765102,7.66667,15,0,0,4.5,6.20833,0,-8.21771,0.0001,-0.00223239,0.0557803,1.70834,0.141447,53143,0.157955,195.19,2.3136
4552,0.148008,0.563562,0.00510318,0.00510318,0.187749,0.141455,0.819536,0.596588,0.0521807,0.0200479,0.0500001,0.217634,0.0481569,0,0.847634,0.0545004,2.00647,0.176964,0,0.0744681,0.574664,4.41331,0.626468,0.359663,0.680866,2.65981,0.156898,0.215735,0,0.694909,0.0483112,0,-0.000629751,0.261839,0.964386,0.21116,0.0497339,0.0528688,0.00435216,0.00367573,0.449404,0.0481924,3.70087,0.173503,10.8191,0.643416,0.625397,-6.17615,-0.333333,-0.061943,0.752087,6.375,13.0833,0,0,4.04167,6.54167,0,-8.21335,0.0001,-0.00152492,0.0534142,1.65886,0.126636,55056,0.157987,195.87,1.92839
4553,0.152231,0.579832,0.00510714,0.00510714,0.19236,0.145488,0.819224,0.610398,0.0522383,0.0202919,0.0500376,0.220109,0.0488183,0,0.857076,0.0556006,1.99114,0.176478,0,0.0746455,0.576046,4.40967,0.62706,0.359152,0.678813,2.66085,0.1598,0.218164,0,0.722463,0.0579147,0,-0.000610213,0.260139,0.964339,0.211664,0.0497715,0.052942,0.0047276,0.00404959,0.451091,0.048213,3.90889,0.134114,10.8328,0.644758,0.630721,-6.11214,-0.333333,-0.0634995,0.772779,6.45833,12.9583,0,0,4.25,5.54167,0,-8.21212,0.0001,-0.00295262,0.0512701,1.69764,0.125018,53934,0.157951,195.93,2.09569
4554,0.149068,0.565818,0.00512132,0.00512132,0.189595,0.141997,0.819516,0.598688,0.0523295,0.0196535,0.0501331,0.217122,0.0504,0,0.844193,0.0544916,1.99305,0.181481,0,0.0748319,0.577326,4.40006,0.625257,0.357431,0.682094,2.66973,0.157482,0.215208,0,0.722358,0.0540053,0,-0.000579885,0.26128,0.96444,0.208409,0.0498807,0.0530105,0.00438665,0.00373785,0.449755,0.0483468,3.77951,0.288327,10.8414,0.643023,0.624438,-6.18451,-0.333333,-0.0625905,0.75396,6.66667,12.75,0,0,4.5,5.875,0,-8.21437,0.0001,-0.00266834,0.0502542,1.68419,0.124384,54354,0.15792,195.86,2.12768
4555,0.152968,0.581945,0.00511254,0.00511254,0.190765,0.146223,0.819304,0.612536,0.0522739,0.0204063,0.0501163,0.218594,0.048642,0,0.848978,0.0560003,1.96921,0.173105,0,0.073026,0.573702,4.39539,0.625093,0.358419,0.682847,2.67291,0.160608,0.216453,0,0.760224,0.0397182,0,-0.000594131,0.258931,0.964299,0.208152,0.0499007,0.0530015,0.00441151,0.00367617,0.446161,0.0482747,3.78881,0.140203,10.7892,0.644751,0.628498,-6.08652,-0.333333,-0.0629699,0.775396,6.79167,12.5417,0,0,3.83333,5.5,0,-8.2134,0.0001,-0.00313895,0.0554115,1.91742,0.143045,47709,0.157926,195.33,2.18967
4556,0.150206,0.57456,0.0051237,0.0051237,0.189259,0.144232,0.820539,0.605854,0.0521921,0.0205327,0.0500753,0.217685,0.0499115,0,0.844953,0.0551362,1.97236,0.177748,0,0.0741391,0.579618,4.39025,0.623889,0.357057,0.683494,2.67619,0.158067,0.215622,0,0.717636,0.0562919,0,-0.000653131,0.260465,0.96368,0.207215,0.0498669,0.0529193,0.00464027,0.0039967,0.449832,0.0482759,3.8569,-0.0550801,10.7459,0.64758,0.633337,-5.94751,-0.333333,-0.0624341,0.767023,8.29167,13.9583,0,0,3.95833,5.5,0,-8.21319,0.0001,-0.00236848,0.0553261,1.71568,0.132158,53199,0.157918,197.15,2.63382
4557,0.147288,0.554599,0.00513377,0.00513377,0.186885,0.139617,0.82079,0.5918,0.0519741,0.0213196,0.0499484,0.217409,0.0482571,0,0.842061,0.0532498,1.96005,0.179251,0,0.0735205,0.580693,4.39051,0.623788,0.355832,0.684642,2.67911,0.156792,0.215371,0,0.692157,0.0587032,0,-0.000597752,0.257299,0.963066,0.20647,0.0499203,0.0528524,0.00403572,0.00341906,0.44904,0.048249,3.81265,-0.47197,10.5941,0.653904,0.632597,-5.69104,-0.333333,-0.0615018,0.7403,9.16667,14.6667,0,0,3.33333,4.41667,0,-8.21332,0.0001,-0.00195825,0.0549652,1.692,0.125345,54091,0.15793,197.53,2.35387
4558,0.151838,0.576065,0.00511359,0.00511359,0.192037,0.145362,0.820318,0.608894,0.0522097,0.0213158,0.0501099,0.219353,0.0451336,0,0.850895,0.0546673,1.95958,0.171543,0,0.0724357,0.580762,4.4002,0.625354,0.358246,0.684075,2.67575,0.160234,0.217188,0,0.714213,0.040349,0,-0.000628554,0.254262,0.963353,0.206251,0.0499639,0.0530148,0.00459407,0.00391701,0.451566,0.0482898,3.84559,-0.190105,10.8063,0.647434,0.637083,-5.83417,-0.333333,-0.063145,0.769342,8.5,15.0417,0,0,4.125,4.66667,0,-8.21086,0.0001,-0.00199937,0.0551819,1.65533,0.121319,55331,0.157924,195.33,2.18652
4559,0.150982,0.564292,0.00510893,0.00510893,0.190276,0.142055,0.819727,0.598105,0.0522027,0.0208317,0.0500829,0.218804,0.0487723,0,0.850477,0.0536848,1.982,0.176003,0,0.0733785,0.57419,4.39703,0.624873,0.358884,0.682047,2.67222,0.159847,0.216791,0,0.715165,0.0445006,0,-0.000575666,0.258176,0.96351,0.206409,0.0499956,0.0530403,0.0042941,0.00362903,0.446163,0.0483606,3.61924,-0.0948245,10.8449,0.646047,0.637434,-5.94122,-0.333333,-0.0627096,0.753833,8.29167,14.875,0,0,4.41667,4.75,0,-8.20927,0.0001,-0.00201422,0.054398,1.69999,0.129261,53739,0.157921,195.02,2.10162
4560,0.15354,0.583613,0.0050771,0.0050771,0.191044,0.145983,0.819119,0.623881,0.0520721,0.0208028,0.0499401,0.217196,0.0483128,0,0.850059,0.0575891,1.99209,0.174068,0,0.073391,0.578152,4.42132,0.627947,0.362825,0.679504,2.65787,0.163778,0.215285,0,0.73241,0.0654536,0,-0.000668766,0.257027,0.963639,0.210508,0.0496952,0.0527537,0.0043045,0.00361005,0.446241,0.0480927,3.55238,0.0292872,10.8846,0.643973,0.633751,-6.14855,-0.333333,-0.0633349,0.778559,7.16667,14.375,0,0,5.08333,5.04167,0,-8.20769,0.0001,-0.00315046,0.0541629,1.85441,0.13461,49423,0.157953,194.99,2.10661
4561,0.145246,0.549449,0.00509666,0.00509666,0.188699,0.137611,0.818392,0.580956,0.0522833,0.0198592,0.0500704,0.218372,0.0506138,0,0.851312,0.0524656,2.00377,0.177614,0,0.0748579,0.575101,4.40537,0.626345,0.360496,0.68007,2.65737,0.15355,0.216508,0,0.683581,0.0491292,0,-0.000560035,0.26038,0.964301,0.209567,0.0498486,0.0529429,0.00441763,0.00370781,0.446978,0.0483047,3.71197,0.365256,10.9074,0.641496,0.63195,-6.31612,-0.333333,-0.0624789,0.731835,6.58333,13.4167,0,0,4.70833,6.16667,0,-8.20684,0.0001,-0.00233958,0.0539842,1.7264,0.129633,52964,0.157903,196.61,2.05791
4562,0.149246,0.565779,0.00511367,0.00511367,0.191584,0.141912,0.819924,0.594092,0.0526776,0.019826,0.0504221,0.219168,0.0474514,0,0.852626,0.0535175,2.00314,0.173862,0,0.0741164,0.574185,4.39419,0.624072,0.358283,0.684423,2.68151,0.156357,0.217248,0,0.725865,0.0502778,0,-0.000609037,0.256984,0.963866,0.206528,0.0501174,0.0533239,0.00449045,0.00382674,0.447459,0.0485362,3.75209,0.418548,10.9764,0.64166,0.632366,-6.22835,-0.333333,-0.0632692,0.754499,6.70833,12.8333,0,0,4.58333,5.375,0,-8.20996,0.0001,-0.00259222,0.0551323,1.71281,0.126757,53438,0.15786,196.65,2.07015
4563,0.149877,0.574605,0.00510355,0.00510355,0.190574,0.143821,0.81983,0.606733,0.0522674,0.0200427,0.0500877,0.218826,0.0467184,0,0.851835,0.0554483,1.99278,0.17144,0,0.072701,0.581252,4.41543,0.627477,0.359606,0.680981,2.65938,0.158781,0.216745,0,0.728395,0.0472489,0,-0.000654401,0.258466,0.964352,0.20867,0.0498394,0.0529016,0.00473681,0.0039602,0.450851,0.0482689,3.74862,0.293273,10.9062,0.642516,0.630202,-6.19228,-0.333333,-0.0631034,0.767004,7.04167,13.625,0,0,4.5,5.79167,0,-8.21067,0.0001,-0.00171697,0.057789,1.67793,0.124222,54548,0.157854,195.94,2.25111
4564,0.147806,0.561311,0.00512623,0.00512623,0.185865,0.140664,0.820033,0.594146,0.0519576,0.0206622,0.0499022,0.218366,0.0509112,0,0.846904,0.0543442,1.98766,0.177378,0,0.0740638,0.578114,4.41027,0.62601,0.356824,0.685109,2.67095,0.156105,0.216201,0,0.693022,0.0619744,0,-0.000612623,0.26792,0.96345,0.20764,0.0498227,0.0527984,0.00552964,0.00482119,0.452806,0.0482904,3.88869,-0.127735,10.687,0.650631,0.63028,-5.91232,-0.333333,-0.0613429,0.748308,7.29167,14.0833,0,0,3.45833,4.45833,0,-8.21144,0.0001,-0.00180903,0.0568128,1.72177,0.182569,51621,0.15784,195.41,2.23172
4565,0.152475,0.583201,0.00509347,0.00509347,0.192851,0.146233,0.819136,0.612975,0.0519753,0.0207554,0.0498778,0.218582,0.0468452,0,0.852055,0.0561296,1.98646,0.171603,0,0.0725518,0.580361,4.41344,0.627046,0.360828,0.682073,2.66336,0.160034,0.216464,0,0.735845,0.0514884,0,-0.000659868,0.256846,0.964046,0.209608,0.0497294,0.0527347,0.00459565,0.00391023,0.450717,0.0481338,3.68021,-0.135883,10.7653,0.646402,0.626839,-6.00699,-0.333333,-0.063729,0.778454,7.45833,13.625,0,0,4.375,5.79167,0,-8.21489,0.0001,-0.00223365,0.0567539,1.77026,0.124808,51873,0.157789,197.46,2.61497
4566,0.149972,0.568084,0.00512062,0.00512062,0.191264,0.14273,0.820501,0.597874,0.0523482,0.0200033,0.0501799,0.218644,0.0483872,0,0.849281,0.05385,1.97648,0.17619,0,0.0740404,0.579454,4.39514,0.624759,0.357403,0.68426,2.67919,0.15726,0.216634,0,0.696373,0.0435393,0,-0.000635555,0.256887,0.963725,0.206803,0.0499638,0.0530258,0.00441327,0.00374995,0.451129,0.0483669,3.72729,0.165163,10.9129,0.643398,0.630481,-6.09059,-0.333333,-0.0630341,0.759572,7.375,13,0,0,4.70833,5.625,0,-8.2157,0.0001,-0.00305981,0.0601527,1.71353,0.125114,53465,0.157805,196.44,2.33196
4567,0.150968,0.572288,0.00511052,0.00511052,0.189613,0.143654,0.820134,0.603989,0.0521821,0.0203197,0.0500647,0.218377,0.0472631,0,0.848651,0.054693,1.98386,0.173761,0,0.072807,0.580569,4.39813,0.625053,0.358658,0.683664,2.67433,0.158958,0.216345,0,0.716522,0.0593177,0,-0.000640651,0.256535,0.963718,0.206955,0.0498814,0.0529007,0.00436824,0.0036818,0.447223,0.0482901,3.65209,-0.0624239,10.8274,0.645254,0.631668,-5.98898,-0.333333,-0.0625424,0.763687,8.58333,14.7917,0,0,4.625,5.91667,0,-8.21112,0.0001,-0.00262868,0.0559113,1.69836,0.123987,53943,0.157856,196.11,2.255
4568,0.146642,0.553117,0.00513936,0.00513936,0.189317,0.139444,0.820612,0.578985,0.0526397,0.0197019,0.0504479,0.219198,0.048978,0,0.847135,0.0512568,1.97914,0.177488,0,0.0746558,0.575886,4.38659,0.6245,0.355126,0.685396,2.67837,0.153373,0.217042,0,0.674332,0.0424887,0,-0.000591853,0.260286,0.963921,0.203541,0.0501745,0.0533039,0.00450898,0.00377663,0.448739,0.0485973,3.78364,0.248242,10.9065,0.643535,0.633029,-6.08436,-0.333333,-0.0622264,0.73742,6.83333,12.6667,0,0,4.25,5.70833,0,-8.20682,0.0001,-0.00271356,0.0540083,1.64801,0.127146,55377,0.157873,194.25,1.86956
4569,0.152028,0.572148,0.00510967,0.00510967,0.192347,0.143453,0.819388,0.600313,0.0520722,0.0203074,0.0499918,0.219691,0.0476637,0,0.856386,0.0547991,2.0068,0.173703,0,0.0731935,0.574137,4.41188,0.627,0.358802,0.680357,2.66199,0.1593,0.217967,0,0.714788,0.0468542,0,-0.000572633,0.25684,0.964022,0.208581,0.0499165,0.0528378,0.0041825,0.00352414,0.451257,0.0483249,3.76923,-0.0717073,10.7222,0.647695,0.627099,-6.02099,-0.333333,-0.0635853,0.762009,7.25,13.2917,0,0,4.16667,6.29167,0,-8.20594,0.0001,-0.00094856,0.0548773,1.84705,0.130596,49707,0.157889,195.57,2.12754
4570,0.148709,0.564186,0.00510096,0.00510096,0.186403,0.141222,0.819321,0.601651,0.052214,0.0199509,0.0500583,0.216886,0.0493735,0,0.846816,0.0548621,1.99855,0.178578,0,0.0748321,0.578018,4.41761,0.627754,0.359945,0.679419,2.65295,0.158114,0.215188,0,0.72072,0.0460924,0,-0.000655409,0.263473,0.964125,0.208979,0.0497677,0.0528065,0.00423315,0.00357714,0.448989,0.0482344,3.50968,0.315921,10.8801,0.643062,0.625554,-6.26962,-0.333333,-0.0617195,0.75316,6,11.6667,0,0,4.375,5.625,0,-8.2071,0.0001,-0.00233915,0.0542122,1.77957,0.146886,51028,0.15788,195.4,2.13459
4571,0.152831,0.577978,0.00507859,0.00507859,0.191697,0.144816,0.818399,0.607729,0.0523934,0.0197577,0.0501352,0.217676,0.0486199,0,0.851529,0.0551441,2.00793,0.17528,0,0.0742899,0.580046,4.42552,0.627984,0.362646,0.678815,2.65595,0.160433,0.215886,0,0.715881,0.0436326,0,-0.000645631,0.259258,0.964696,0.210263,0.0497769,0.0529148,0.00441912,0.00372393,0.45239,0.0482339,3.63824,0.597355,11.0748,0.636687,0.63169,-6.45961,-0.333333,-0.0634653,0.769755,6.66667,13.0417,0,0,5.16667,7.16667,0,-8.20644,0.0001,-0.00330085,0.0570275,1.69194,0.123065,54161,0.157911,196.59,2.10687
4572,0.148769,0.564265,0.00508945,0.00508945,0.18979,0.14129,0.81878,0.590694,0.0524016,0.0194489,0.0501261,0.218384,0.0494092,0,0.851922,0.0529666,2.00085,0.175067,0,0.0749028,0.582507,4.41796,0.626589,0.36131,0.679935,2.66356,0.15562,0.216418,0,0.683039,0.0441055,0,-0.000704579,0.262151,0.964866,0.210604,0.0496694,0.0528455,0.00532282,0.00458421,0.455767,0.0481872,3.88457,0.723008,11.0831,0.635864,0.629879,-6.4927,-0.333333,-0.0627777,0.7522,5.625,12.25,0,0,5.08333,6.95833,0,-8.2028,0.0001,-0.00317421,0.055221,1.65796,0.126512,55088,0.157989,195.44,1.88364
4573,0.149721,0.567387,0.00510071,0.00510071,0.191164,0.142417,0.818905,0.598957,0.0524162,0.0198471,0.0501772,0.218689,0.0484821,0,0.851733,0.0537882,2.00537,0.175317,0,0.0738885,0.582254,4.42072,0.627879,0.359922,0.680491,2.65663,0.157767,0.21676,0,0.730314,0.0384101,0,-0.000680253,0.257535,0.964594,0.20915,0.0498324,0.0529399,0.00459232,0.00386883,0.451782,0.0482908,3.8536,0.492066,10.9918,0.63979,0.627104,-6.36853,-0.333333,-0.0631258,0.754851,6.29167,13,0,0,4.75,6.79167,0,-8.19669,0.0001,-0.00236051,0.0549427,1.68142,0.128294,54320,0.15803,197.95,2.18662
4574,0.150201,0.566095,0.00510476,0.00510476,0.190992,0.142132,0.819223,0.596668,0.0526722,0.0191487,0.050391,0.219313,0.0460113,0,0.854133,0.0533481,2.01779,0.171301,0,0.0736981,0.577088,4.40108,0.625525,0.359414,0.68182,2.66811,0.158514,0.217454,0,0.695933,0.0393422,0,-0.000608417,0.257715,0.964897,0.207256,0.0499757,0.0531872,0.00470509,0.004016,0.451306,0.0484725,3.71638,0.80399,11.0905,0.63562,0.629017,-6.49669,-0.333333,-0.0631188,0.755047,5.75,11.375,0,0,4.66667,7.375,0,-8.1949,0.0001,-0.00257795,0.0567751,1.83947,0.141062,49635,0.158062,198.48,2.20739
4575,0.150774,0.56622,0.00507926,0.00507926,0.187859,0.141532,0.818174,0.596695,0.0523356,0.0193639,0.0500879,0.218272,0.0486775,0,0.855482,0.0536337,2.02017,0.176087,0,0.0747047,0.578206,4.42554,0.628148,0.362591,0.677659,2.65074,0.15878,0.216784,0,0.716333,0.0326838,0,-0.000622342,0.264495,0.964786,0.21142,0.0497178,0.0528827,0.0045665,0.00392829,0.451282,0.0482434,3.58575,0.589658,11.0259,0.637181,0.629672,-6.46773,-0.333333,-0.0622511,0.75382,6.125,12.7917,0,0,5.375,7,0,-8.19261,0.0001,-0.00234558,0.0530858,1.72205,0.13729,52870,0.158101,196.21,1.96501
4576,0.153851,0.582513,0.00508348,0.00508348,0.191655,0.146077,0.818563,0.6103,0.0526458,0.0194886,0.0503565,0.219422,0.0475385,0,0.856967,0.0553484,2.02165,0.172457,0,0.0740016,0.579383,4.41919,0.628024,0.362027,0.679538,2.65224,0.161061,0.217585,0,0.733132,0.0429958,0,-0.00060113,0.256377,0.965029,0.209156,0.0499829,0.053177,0.00442511,0.00370085,0.451173,0.0484446,3.74043,0.720029,11.1306,0.634993,0.632085,-6.51854,-0.333333,-0.0634477,0.775822,5.54167,12,0,0,5.54167,7.58333,0,-8.18857,0.0001,-0.00245284,0.0515478,1.64627,0.12447,55515,0.158118,197.53,2.47648
4577,0.149659,0.564064,0.00510177,0.00510177,0.189953,0.141468,0.818509,0.591926,0.0527303,0.0191442,0.0504231,0.220081,0.0492683,0,0.858522,0.0533173,2.03392,0.17654,0,0.0751462,0.574931,4.41936,0.6268,0.359774,0.680504,2.66655,0.156765,0.218476,0,0.674646,0.0432817,0,-0.000526608,0.259553,0.964955,0.209217,0.05005,0.0532798,0.00463371,0.0039882,0.451448,0.0485913,3.7751,0.785686,11.0896,0.635704,0.634686,-6.53352,-0.333333,-0.06277,0.750444,5.75,12,0,0,5.04167,7.20833,0,-8.18386,0.0001,-0.00243061,0.0559571,1.69167,0.127221,54046,0.158164,196.3,2.17132
4578,0.147884,0.558831,0.00512331,0.00512331,0.184629,0.140303,0.819334,0.587531,0.0529432,0.0186486,0.0505788,0.218087,0.0495806,0,0.847985,0.0523201,2.0271,0.179957,0,0.0759261,0.568394,4.40209,0.624552,0.357131,0.680958,2.67706,0.155554,0.216483,0,0.715043,0.0291203,0,-0.000532875,0.265508,0.964934,0.20711,0.0501271,0.053449,0.00439876,0.00376646,0.452707,0.0486575,3.8253,1.0227,11.1193,0.635428,0.633078,-6.59742,-0.333333,-0.0608838,0.744713,4.79167,11.1667,0,0,5.45833,7,0,-8.17946,0.0001,-0.00301768,0.0554143,1.6653,0.136189,54568,0.158215,195.88,2.10056
4579,0.149604,0.568094,0.00510245,0.00510245,0.190362,0.142534,0.818846,0.603409,0.0529864,0.0190748,0.0506242,0.21857,0.0466883,0,0.851282,0.054292,2.00411,0.172967,0,0.0743868,0.580744,4.40181,0.62547,0.359737,0.681672,2.67103,0.158375,0.216707,0,0.692655,0.051851,0,-0.000567008,0.257078,0.965171,0.207328,0.0501659,0.0534362,0.00423753,0.00356727,0.451221,0.0486431,3.82073,1.05729,11.2091,0.632273,0.630383,-6.66698,-0.333333,-0.0628857,0.756315,5.75,12.5833,0,0,5.16667,7.41667,0,-8.17548,0.0001,-0.00313161,0.0617016,1.92389,0.134625,47754,0.158302,196.9,2.06533
4580,0.148434,0.562424,0.00510964,0.00510964,0.186848,0.141025,0.818499,0.592399,0.0529197,0.0187971,0.0505594,0.218532,0.0474848,0,0.85123,0.0536586,2.03274,0.17348,0,0.0746897,0.573162,4.40253,0.625774,0.358857,0.679834,2.66815,0.156127,0.216744,0,0.679753,0.0520301,0,-0.000586929,0.264253,0.9647,0.207115,0.050141,0.0534597,0.00420612,0.00357929,0.445648,0.0486542,3.55122,0.884923,11.1481,0.634579,0.633237,-6.53665,-0.333333,-0.0617297,0.748004,5.16667,12.2083,0,0,4.70833,7.375,0,-8.16963,0.0001,-0.00193091,0.0530159,1.70843,0.146196,53004,0.158359,196.12,2.26093
4581,0.147053,0.555547,0.00511018,0.00511018,0.185635,0.139084,0.819888,0.58447,0.052904,0.0184754,0.0505225,0.218004,0.0482552,0,0.848291,0.0526788,2.01551,0.174646,0,0.0744455,0.576158,4.40469,0.625128,0.358799,0.683453,2.67077,0.154383,0.215994,0,0.670863,0.0467256,0,-0.000573419,0.262553,0.965133,0.206964,0.0501123,0.0533708,0.00445885,0.0037409,0.452593,0.0486331,3.8675,1.15908,11.1792,0.631541,0.625728,-6.73766,-0.333333,-0.0613849,0.741606,4.95833,11.75,0,0,4.66667,7.75,0,-8.16876,0.0001,-0.00153277,0.0542734,1.66147,0.123179,55083,0.158355,198.36,2.12944
4582,0.155581,0.588089,0.00508644,0.00508644,0.191143,0.146961,0.818635,0.619673,0.0520982,0.0199635,0.0499055,0.218728,0.046832,0,0.85571,0.0572372,2.01984,0.169582,0,0.0729662,0.579834,4.43222,0.628961,0.361733,0.677263,2.64764,0.163328,0.217015,0,0.733892,0.0649887,0,-0.000649933,0.259288,0.964485,0.213201,0.049606,0.0527009,0.00480593,0.00414572,0.455528,0.0481015,3.74617,0.365313,10.9279,0.640505,0.625725,-6.32214,-0.333333,-0.063386,0.783823,6.125,12.1667,0,0,4.29167,6.66667,0,-8.169,0.0001,-0.00239388,0.0560865,1.7063,0.12771,53600,0.15835,198.81,2.44272
4583,0.152067,0.570354,0.00510046,0.00510046,0.18878,0.143099,0.819495,0.597125,0.0520992,0.0202174,0.0499663,0.218811,0.0490644,0,0.85375,0.0536159,2.00862,0.17641,0,0.0737044,0.577631,4.4078,0.625717,0.359964,0.681558,2.66893,0.159165,0.217159,0,0.737578,0.0582635,0,-0.000671188,0.263058,0.963835,0.210312,0.0497202,0.0527717,0.00443657,0.00380005,0.448072,0.0481546,3.62134,0.109263,10.8422,0.644658,0.628282,-6.0999,-0.333333,-0.0624231,0.760704,7.125,13.9583,0,0,4.25,6.04167,0,-8.17073,0.0001,-0.00165323,0.0503936,1.69035,0.151813,53363,0.158357,199.2,2.6192
4584,0.154125,0.583868,0.00507866,0.00507866,0.18889,0.146311,0.818157,0.615806,0.0518189,0.0201128,0.0496745,0.218123,0.0485562,0,0.853793,0.0558898,2.01864,0.177769,0,0.0735112,0.583601,4.43942,0.630002,0.362675,0.678278,2.64808,0.162525,0.216361,0,0.742404,0.0485899,0,-0.000728285,0.263047,0.964529,0.213345,0.049385,0.0524301,0.004361,0.00370998,0.453041,0.0478608,3.66339,0.0743592,10.8003,0.643478,0.626062,-6.192,-0.333333,-0.0625423,0.77761,6.625,12.5833,0,0,3.875,6.75,0,-8.1691,0.0001,0.000726264,0.0503689,1.91137,0.145987,47781,0.158379,197.37,2.35294
4585,0.153278,0.575701,0.00509426,0.00509426,0.190951,0.1444,0.818856,0.613978,0.0519592,0.0201829,0.0498333,0.2205,0.0476586,0,0.860155,0.0564149,1.99928,0.172331,0,0.0729654,0.580828,4.42811,0.6289,0.360691,0.678444,2.65013,0.162726,0.218678,0,0.740818,0.0631648,0,-0.000642259,0.258831,0.963919,0.211293,0.0496744,0.052663,0.00446024,0.00377529,0.452803,0.0481058,3.83462,0.0256257,10.8275,0.643358,0.627252,-6.07756,-0.333333,-0.063105,0.767242,7.5,13.4167,0,0,4.58333,6.04167,0,-8.16691,0.0001,-0.00188713,0.0542327,1.71557,0.124136,53434,0.158404,196.87,2.05633
4586,0.154345,0.588893,0.00507441,0.00507441,0.189226,0.146928,0.817248,0.625186,0.0518252,0.0201016,0.0496715,0.218178,0.050354,0,0.855173,0.0580838,2.01777,0.176474,0,0.0740671,0.579284,4.44014,0.629727,0.363183,0.674647,2.63858,0.163526,0.216369,0,0.714732,0.0574315,0,-0.000702773,0.263042,0.964448,0.214376,0.0494486,0.0524573,0.00496323,0.00428146,0.452219,0.0479417,3.84707,0.0929769,10.7967,0.644088,0.630292,-6.213,-0.333333,-0.0628339,0.782872,6.29167,12.2917,0,0,4.33333,5.83333,0,-8.16402,0.0001,-0.00139716,0.0520071,1.65899,0.13363,54838,0.158463,198.71,2.51932
4587,0.152096,0.572722,0.00510451,0.00510451,0.194169,0.144076,0.81903,0.596272,0.0528089,0.0192134,0.050476,0.220692,0.0457366,0,0.858398,0.0526413,2.00402,0.169495,0,0.0733496,0.578531,4.41254,0.627262,0.359488,0.679997,2.6571,0.158566,0.218592,0,0.724587,0.0330375,0,-0.000578552,0.252381,0.964764,0.205998,0.0502071,0.0533793,0.00389176,0.00321826,0.450008,0.04863,3.79885,0.71725,11.1197,0.635158,0.632399,-6.43853,-0.333333,-0.0640766,0.762812,6.16667,12.125,0,0,4.79167,7.04167,0,-8.1594,0.0001,-0.00200632,0.0552916,1.67114,0.123381,54780,0.158504,197.91,2.2193
4588,0.153205,0.584421,0.00508065,0.00508065,0.190591,0.145635,0.81844,0.626358,0.052117,0.0195385,0.0499007,0.218895,0.0475693,0,0.857684,0.0582679,2.01341,0.174095,0,0.0738254,0.580702,4.43545,0.62943,0.362483,0.676411,2.65572,0.163545,0.217294,0,0.735857,0.070603,0,-0.000629199,0.257118,0.964535,0.213674,0.0495839,0.0526785,0.00396813,0.00333106,0.451077,0.0480591,3.67971,0.462463,10.9196,0.640274,0.623786,-6.39336,-0.333333,-0.0633569,0.779835,6.79167,12.8333,0,0,5.58333,7,0,-8.15827,0.0001,-0.00227559,0.053111,1.89979,0.225639,46251,0.158492,196.39,2.17003
4589,0.154635,0.590158,0.00509419,0.00509419,0.192181,0.147701,0.818462,0.618312,0.0524328,0.0194848,0.0501925,0.219998,0.0464707,0,0.857768,0.0571414,2.00065,0.170767,0,0.0732469,0.58074,4.41884,0.627661,0.360761,0.680218,2.65153,0.16175,0.21792,0,0.733386,0.05463,0,-0.000645083,0.258479,0.964489,0.209754,0.0498326,0.0530257,0.00451429,0.00385207,0.454163,0.048319,3.84924,0.505926,10.9847,0.638921,0.632861,-6.35908,-0.333333,-0.0636082,0.785579,7.29167,12.9167,0,0,4.5,6.375,0,-8.16019,0.0001,-0.00195365,0.0563817,1.70602,0.122096,53773,0.158499,197.97,2.35354
4590,0.15333,0.577963,0.00510704,0.00510704,0.189276,0.144728,0.818103,0.609851,0.052126,0.0199167,0.0499461,0.219953,0.049252,0,0.856338,0.0559942,2.0109,0.177892,0,0.0743979,0.57768,4.41708,0.628005,0.359174,0.678051,2.65464,0.161748,0.217906,0,0.699349,0.0599536,0,-0.000627642,0.260508,0.964545,0.208856,0.0497803,0.0528221,0.00448486,0.0037929,0.452544,0.0482225,3.87833,0.221339,10.8418,0.643938,0.630371,-6.16397,-0.333333,-0.0626164,0.768707,7.75,12.0833,0,0,4.54167,5.625,0,-8.16052,0.0001,-0.00270167,0.0582646,1.74424,0.121157,52698,0.158506,196.01,2.03473
4591,0.155538,0.590869,0.00509076,0.00509076,0.192698,0.148001,0.81866,0.618489,0.0522265,0.0200201,0.0500288,0.219333,0.0464732,0,0.856733,0.0566394,2.0017,0.172952,0,0.0734539,0.581471,4.41993,0.628206,0.361138,0.680181,2.65977,0.162573,0.21752,0,0.753162,0.0607637,0,-0.000660417,0.256328,0.963809,0.208769,0.0498222,0.052875,0.00372806,0.0030794,0.449825,0.0481892,3.69204,0.23031,10.9356,0.642028,0.630613,-6.17488,-0.333333,-0.0637483,0.788589,7.25,13.5833,0,0,4.875,6.33333,0,-8.15761,0.0001,-0.00230957,0.0557487,1.69657,0.128389,53866,0.158543,198.47,2.43998
4592,0.15163,0.571709,0.00511798,0.00511798,0.190147,0.143471,0.81942,0.604093,0.052444,0.0199525,0.0502854,0.218099,0.0454085,0,0.848752,0.0549391,2.01147,0.17252,0,0.073042,0.578649,4.40581,0.625424,0.357836,0.682868,2.67059,0.159561,0.216336,0,0.703695,0.0514618,0,-0.000563441,0.256187,0.964124,0.206831,0.050101,0.0531452,0.00401531,0.00339879,0.447311,0.048534,3.70578,0.284664,10.8908,0.643406,0.628943,-6.1807,-0.333333,-0.062831,0.762765,7.125,13.5417,0,0,4.41667,5.95833,0,-8.15306,0.0001,-0.00248227,0.0544639,1.71289,0.13275,53262,0.158564,196.71,2.33981
4593,0.149674,0.572585,0.00509648,0.00509648,0.18802,0.143153,0.81812,0.603952,0.0525048,0.019524,0.0502155,0.217343,0.0512924,0,0.848493,0.0554344,2.02521,0.180921,0,0.075764,0.577383,4.41886,0.628081,0.360472,0.678651,2.65647,0.157717,0.215545,0,0.721164,0.0373218,0,-0.000592047,0.264841,0.964144,0.209822,0.0499267,0.0531487,0.004535,0.00390839,0.450984,0.0483977,3.76046,0.587688,11.0517,0.638872,0.632912,-6.365,-0.333333,-0.0622586,0.762291,6.91667,14.3333,0,0,5.70833,6.58333,0,-8.15059,0.0001,-0.00205462,0.051056,1.99309,0.150577,45857,0.158546,196.49,2.14925
4594,0.151243,0.577172,0.005109,0.005109,0.188571,0.144987,0.818283,0.607993,0.0525588,0.0193613,0.0502975,0.219663,0.0486012,0,0.855429,0.0554086,2.0084,0.177621,0,0.0746646,0.575676,4.41961,0.626579,0.358902,0.680887,2.6591,0.158937,0.217863,0,0.737759,0.0454661,0,-0.000581754,0.262658,0.964402,0.207655,0.0500024,0.0531617,0.00433658,0.00368829,0.450474,0.0484617,3.74397,0.576276,10.9923,0.639132,0.62911,-6.35414,-0.333333,-0.0622663,0.767844,5.95833,11.3333,0,0,4.20833,6.125,0,-8.15044,0.0001,-0.00228408,0.0542749,1.75382,0.128085,52236,0.158461,194.94,2.37521
4595,0.151955,0.572394,0.00511572,0.00511572,0.190741,0.143937,0.819272,0.599562,0.0526994,0.0194788,0.0504208,0.220642,0.0469168,0,0.856631,0.0538317,2.01181,0.173506,0,0.0741907,0.575591,4.3988,0.62545,0.358068,0.681787,2.66608,0.158792,0.218506,0,0.702074,0.0376223,0,-0.000538828,0.25952,0.96424,0.206583,0.0501571,0.0533494,0.00452508,0.00387171,0.450406,0.0486077,3.80154,0.571939,11.0509,0.638126,0.63196,-6.32656,-0.333333,-0.0628955,0.762334,6.79167,12.75,0,0,4,6.41667,0,-8.15415,0.0001,-0.0016611,0.0537252,1.74159,0.133584,52423,0.158401,194.93,2.0552
4596,0.151463,0.571111,0.00509809,0.00509809,0.189854,0.143489,0.818331,0.601546,0.0526746,0.0194156,0.0503358,0.22023,0.0475016,0,0.858042,0.0541265,2.02307,0.175944,0,0.07515,0.574914,4.41104,0.626634,0.360243,0.681076,2.66246,0.158951,0.218232,0,0.721383,0.0446515,0,-0.000607164,0.260662,0.964736,0.209367,0.0499087,0.0532358,0.00489103,0.00427327,0.451006,0.0484355,3.75387,0.724644,11.1037,0.635769,0.635573,-6.42401,-0.333333,-0.0626898,0.760538,7.29167,12.7917,0,0,4.75,7.04167,0,-8.15613,0.0001,-0.00274348,0.0537733,1.70173,0.125573,53797,0.158424,194.7,2.22934
4597,0.15042,0.56813,0.00509906,0.00509906,0.18722,0.142372,0.817844,0.600986,0.0520234,0.0200947,0.0498954,0.217539,0.046899,0,0.848366,0.0547719,2.0071,0.175148,0,0.073213,0.583166,4.42326,0.627164,0.360104,0.681189,2.66058,0.158978,0.215777,0,0.707714,0.0470082,0,-0.000610459,0.263136,0.964036,0.211782,0.0496899,0.0527433,0.00441351,0.00380148,0.451992,0.0481604,3.7033,0.106767,10.8068,0.644687,0.626402,-6.14513,-0.333333,-0.0618763,0.755817,7.16667,12.875,0,0,3.83333,6.375,0,-8.15464,0.0001,-0.00251499,0.0573925,1.66156,0.123461,55071,0.158455,196.04,2.01229
4598,0.1501,0.572685,0.00513149,0.00513149,0.189146,0.143895,0.819296,0.600257,0.0522691,0.0200811,0.0500955,0.219909,0.0484656,0,0.852654,0.0542485,1.98734,0.178677,0,0.0742326,0.577177,4.40261,0.62537,0.356095,0.682167,2.66945,0.157013,0.217862,0,0.708225,0.0415169,0,-0.000605434,0.25843,0.963578,0.207451,0.0499477,0.0529996,0.00417641,0.0035165,0.44854,0.0483464,3.82133,0.1363,10.815,0.645913,0.62858,-6.05436,-0.333333,-0.0623327,0.762166,6.79167,13.5833,0,0,3.625,5.875,0,-8.15593,0.0001,-0.00236343,0.0525708,1.86127,0.130492,49355,0.158463,196.96,2.25557
4599,0.152727,0.583694,0.00511426,0.00511426,0.187239,0.146118,0.818889,0.615015,0.0519194,0.0203764,0.0498764,0.218455,0.0485652,0,0.850658,0.0570461,1.99825,0.175362,0,0.0732887,0.574748,4.40588,0.625558,0.358319,0.681771,2.67491,0.160737,0.2165,0,0.739164,0.0641602,0,-0.000653767,0.265357,0.963452,0.209309,0.0497772,0.0527223,0.0045944,0.00393617,0.449494,0.0482093,3.62563,-0.140418,10.6835,0.649624,0.625406,-5.93066,-0.333333,-0.0619358,0.77693,8.5,13.7083,0,0,3.66667,5.95833,0,-8.15348,0.0001,-0.00218606,0.0543403,1.70098,0.128582,53730,0.158546,196.7,2.26189
4600,0.154702,0.58625,0.00508746,0.00508746,0.190004,0.146731,0.81775,0.613332,0.0519902,0.0204663,0.0498335,0.218877,0.0482932,0,0.854644,0.0561973,2.02122,0.176482,0,0.0734943,0.580043,4.42165,0.628069,0.361594,0.677858,2.64989,0.161922,0.216841,0,0.733891,0.0486778,0,-0.000696542,0.263552,0.96369,0.211696,0.0495652,0.0526727,0.00484447,0.00418227,0.450908,0.048012,3.69091,0.0805121,10.8581,0.644604,0.630783,-6.09604,-0.333333,-0.0629476,0.779724,8.08333,13.625,0,0,4,6.20833,0,-8.14949,0.0001,-0.00242998,0.0563279,1.8692,0.128231,49215,0.158629,196.04,2.09926
4601,0.151794,0.577881,0.00509901,0.00509901,0.186623,0.144927,0.818503,0.610531,0.0519494,0.0203655,0.0498212,0.217206,0.0505126,0,0.847389,0.0558264,1.993,0.182791,0,0.0745128,0.58062,4.41086,0.626488,0.360147,0.678988,2.65661,0.160293,0.215356,0,0.739851,0.0468379,0,-0.000656553,0.264973,0.963578,0.210839,0.0496175,0.0526637,0.00419367,0.00355004,0.446728,0.0479948,3.72452,0.0891491,10.8412,0.64469,0.629022,-6.0613,-0.333333,-0.0616934,0.770385,7.875,13.875,0,0,4.29167,6.375,0,-8.14642,0.0001,-0.00273696,0.058336,1.75427,0.141551,51852,0.158701,197.69,2.35217
4602,0.152387,0.570962,0.0051318,0.0051318,0.187942,0.142999,0.820118,0.598762,0.0519623,0.0203445,0.0498826,0.218372,0.0490932,0,0.847979,0.0547359,1.98194,0.178586,0,0.0741133,0.575068,4.39963,0.625296,0.356241,0.681503,2.66847,0.160049,0.216374,0,0.715337,0.0344326,0,-0.000510659,0.263832,0.963053,0.207264,0.0499147,0.0528496,0.00423877,0.0035979,0.447895,0.0482916,3.79087,-0.119903,10.7645,0.649401,0.632151,-5.87903,-0.333333,-0.0621525,0.762112,8.5,13.2083,0,0,4.125,4.66667,0,-8.14334,0.0001,-0.0015634,0.0562631,1.7177,0.127539,53274,0.158707,194.68,2.08474
4603,0.147255,0.552955,0.00513414,0.00513414,0.186919,0.139191,0.819073,0.579239,0.0522399,0.0204522,0.0501215,0.21997,0.0490329,0,0.851165,0.0519628,1.99607,0.177965,0,0.0740401,0.571359,4.39037,0.623852,0.35574,0.683701,2.6773,0.154042,0.217775,0,0.69905,0.0415029,0,-0.000569179,0.264552,0.96302,0.205473,0.050019,0.0530821,0.00441145,0.00376363,0.448939,0.0483976,3.88247,-0.00521246,10.8269,0.646997,0.638338,-5.90354,-0.333333,-0.0615036,0.734554,8.95833,14.2917,0,0,3.625,5.5,0,-8.14431,0.0001,-0.00212717,0.0569089,1.70229,0.127225,53732,0.158681,194.55,1.83975
4604,0.151095,0.567444,0.00511179,0.00511179,0.188604,0.142412,0.818218,0.592785,0.0522681,0.0203679,0.0500847,0.219735,0.0489577,0,0.853968,0.0531051,2.00956,0.176372,0,0.0741963,0.575836,4.40286,0.62556,0.358585,0.680809,2.6652,0.157644,0.217566,0,0.690197,0.0404633,0,-0.000654716,0.261118,0.963443,0.207726,0.049875,0.0529512,0.00456533,0.0038696,0.450622,0.0482937,3.78155,0.196439,10.9202,0.644402,0.635676,-6.09116,-0.333333,-0.0622986,0.754634,8.25,12.25,0,0,4.25,5.5,0,-8.14546,0.0001,-0.00254547,0.0582996,1.70951,0.148438,52910,0.158688,195.97,2.14207
4605,0.154149,0.579166,0.00510175,0.00510175,0.191985,0.145296,0.81864,0.60676,0.0519728,0.0208729,0.0498805,0.21955,0.0486318,0,0.855721,0.0550265,1.99774,0.175183,0,0.0735145,0.580533,4.41297,0.626955,0.359777,0.680801,2.66241,0.16153,0.217521,0,0.694901,0.0528541,0,-0.000658252,0.2573,0.963088,0.209324,0.0497234,0.0527063,0.00429982,0.00360707,0.449562,0.0480847,3.76925,-0.0465663,10.8366,0.646395,0.632549,-5.99152,-0.333333,-0.0634887,0.771497,7.83333,13.5417,0,0,3.95833,5.33333,0,-8.14405,0.0001,-0.00139045,0.0581338,1.83148,0.132556,50052,0.158725,196.93,2.1746
4606,0.150017,0.56473,0.00513199,0.00513199,0.18477,0.142011,0.819047,0.590633,0.052607,0.0199609,0.0503803,0.219003,0.0506991,0,0.848233,0.0526291,1.99327,0.180595,0,0.0753971,0.571874,4.38399,0.623601,0.356083,0.683642,2.67792,0.15673,0.216793,0,0.692154,0.0361198,0,-0.000602538,0.266618,0.963566,0.203973,0.0501657,0.0533022,0.00476308,0.00412144,0.447574,0.0486014,3.73035,0.397416,10.9816,0.642983,0.639017,-6.12658,-0.333333,-0.0608664,0.750894,7.91667,13.25,0,0,4.08333,6.125,0,-8.14146,0.0001,-0.00223408,0.0591849,1.68689,0.129532,54119,0.158752,197.23,2.5742
4607,0.151195,0.573226,0.00511816,0.00511816,0.185948,0.14379,0.818334,0.600241,0.0522957,0.0207105,0.0501467,0.218423,0.0490966,0,0.84883,0.0544885,2.00377,0.17932,0,0.0746253,0.57457,4.38819,0.624784,0.35779,0.681603,2.67643,0.1575,0.216349,0,0.717844,0.0445348,0,-0.000625499,0.264444,0.963003,0.205574,0.0500151,0.0530567,0.00479184,0.00413505,0.446074,0.0484109,3.76365,0.0666727,10.8959,0.647175,0.640948,-5.98984,-0.333333,-0.0613851,0.761208,8.41667,13.7083,0,0,4.5,5.45833,0,-8.14187,0.0001,-0.00237435,0.055373,1.63602,0.124057,55851,0.158764,195.72,2.15762
4608,0.154451,0.58722,0.00508469,0.00508469,0.190869,0.146825,0.817849,0.62097,0.052238,0.0205722,0.0500569,0.218546,0.0466035,0,0.853426,0.0569757,2.00332,0.171383,0,0.0737083,0.57834,4.40799,0.626891,0.36195,0.677738,2.65345,0.162795,0.216304,0,0.768865,0.0385168,0,-0.000654574,0.259426,0.963773,0.21021,0.0497905,0.0528986,0.0048158,0.0041393,0.450112,0.0482112,3.74172,0.243277,10.945,0.643524,0.630494,-6.19012,-0.333333,-0.063313,0.78166,8,13.5833,0,0,3.79167,6.33333,0,-8.14238,0.0001,-0.00228331,0.0601457,1.69416,0.127546,53962,0.158775,196.87,2.14009
4609,0.14836,0.564954,0.00510774,0.00510774,0.184882,0.141335,0.818213,0.600009,0.0526543,0.0197933,0.0503961,0.215063,0.0509146,0,0.83794,0.0544282,2.0127,0.182804,0,0.0758232,0.571758,4.39397,0.624347,0.359103,0.681591,2.67733,0.157298,0.213024,0,0.711584,0.0598328,0,-0.000543748,0.262127,0.963305,0.206313,0.050212,0.053337,0.00411683,0.00347308,0.449466,0.0486006,3.79026,0.472929,11.0436,0.641175,0.634614,-6.24081,-0.333333,-0.0612518,0.750814,7.625,13.2083,0,0,4,6.83333,0,-8.14061,0.0001,-0.00266861,0.0558423,1.83688,0.182175,48688,0.158845,198.18,2.14672
4610,0.152467,0.576396,0.00508837,0.00508837,0.187677,0.143476,0.816006,0.614739,0.0523781,0.0199491,0.0501762,0.218249,0.0486181,0,0.852877,0.0572726,2.02964,0.173004,0,0.0744171,0.568591,4.40115,0.624903,0.361483,0.679027,2.67671,0.161928,0.216127,0,0.716567,0.056126,0,-0.000545461,0.263571,0.963503,0.20897,0.0500085,0.0530821,0.00476508,0.00405512,0.44844,0.0484559,3.67806,0.452782,10.9912,0.64209,0.633674,-6.32435,-0.333333,-0.0624465,0.763406,7.54167,13.5,0,0,4.66667,6.75,0,-8.13367,0.0001,-0.00257623,0.0559588,1.72856,0.130435,52880,0.158914,198,2.33487
4611,0.147148,0.560464,0.00511368,0.00511368,0.185513,0.140726,0.818486,0.591898,0.0527798,0.0198016,0.0504856,0.218471,0.0502626,0,0.847684,0.0534928,1.99522,0.180804,0,0.0760447,0.576374,4.39196,0.624301,0.358385,0.682879,2.67508,0.155053,0.216123,0,0.69278,0.0513589,0,-0.000519518,0.264914,0.963702,0.204335,0.0502851,0.0534705,0.00521939,0.00447558,0.45331,0.0487469,3.95088,0.630236,11.1436,0.638217,0.641008,-6.32067,-0.333333,-0.061253,0.746463,8,14.0833,0,0,4.125,6.33333,0,-8.12828,0.0001,-0.0020629,0.0529421,1.68903,0.125281,54182,0.158956,196.34,2.1286
4612,0.145362,0.547504,0.00511684,0.00511684,0.185534,0.137326,0.81751,0.583122,0.0526506,0.019871,0.0503789,0.217714,0.0492671,0,0.845324,0.052085,2.02784,0.179267,0,0.0751661,0.571319,4.39668,0.625082,0.358078,0.679951,2.66823,0.154434,0.215615,0,0.668455,0.0421847,0,-0.000542923,0.261514,0.963939,0.205647,0.0501611,0.0533155,0.00427612,0.00360957,0.452229,0.0485855,3.84594,0.547011,11.0153,0.641032,0.637257,-6.32233,-0.333333,-0.0613056,0.727647,6.70833,12.0833,0,0,3.70833,6.04167,0,-8.12511,0.0001,-0.0028397,0.0547997,1.65626,0.128582,55077,0.158971,196.36,2.12434
4613,0.15276,0.575754,0.00509777,0.00509777,0.189208,0.144349,0.817572,0.604726,0.0526919,0.0200206,0.0504244,0.219149,0.0470397,0,0.853919,0.0546994,2.01354,0.173762,0,0.074359,0.573971,4.39771,0.624898,0.360323,0.680991,2.67337,0.159909,0.217014,0,0.723015,0.0365251,0,-0.000592205,0.258868,0.963464,0.205359,0.050209,0.0533492,0.00433124,0.00364762,0.450109,0.0485824,3.75509,0.498098,11.101,0.640155,0.639488,-6.29756,-0.333333,-0.0625664,0.765185,7.625,13.2917,0,0,4.66667,6.29167,0,-8.12374,0.0001,-0.00208497,0.0503414,1.70604,0.126664,53638,0.158983,195.97,2.17099
4614,0.150667,0.576883,0.00509263,0.00509263,0.188175,0.144558,0.817324,0.610673,0.0524941,0.0200806,0.0502433,0.218884,0.048121,0,0.852932,0.0552135,1.99063,0.176225,0,0.0743976,0.578448,4.41054,0.626422,0.360901,0.681235,2.66317,0.159148,0.216619,0,0.739348,0.0442771,0,-0.000661987,0.260846,0.963932,0.20733,0.0499621,0.0530732,0.00451486,0.00382368,0.451899,0.0483657,3.86572,0.525848,11.0702,0.639396,0.637422,-6.31225,-0.333333,-0.0622156,0.766695,7.41667,12.7083,0,0,4,7.29167,0,-8.12277,0.0001,-0.00188181,0.0492458,1.91728,0.152013,47505,0.159025,198.41,2.26152
4615,0.151277,0.575039,0.00509824,0.00509824,0.188733,0.144442,0.817398,0.608541,0.0522359,0.0205205,0.050071,0.21799,0.0474414,0,0.848924,0.0544351,1.99978,0.175149,0,0.0735606,0.579682,4.40433,0.62665,0.360193,0.680654,2.65846,0.159846,0.215918,0,0.706259,0.0461359,0,-0.000693749,0.256815,0.963328,0.205734,0.0499535,0.0528843,0.00443432,0.00373729,0.452228,0.048322,3.77359,0.138921,10.9609,0.643707,0.640468,-6.07167,-0.333333,-0.0623837,0.763925,8.04167,13.4167,0,0,4,5.58333,0,-8.12197,0.0001,-0.00142593,0.0561748,1.69918,0.141069,53418,0.159055,195.42,1.96595
4616,0.151388,0.573227,0.00510832,0.00510832,0.189079,0.14385,0.817334,0.60626,0.0522428,0.0205641,0.0500597,0.218021,0.047847,0,0.847722,0.0549936,1.99879,0.174049,0,0.0742208,0.578188,4.41271,0.627019,0.359051,0.680234,2.6597,0.160184,0.215925,0,0.718736,0.0267389,0,-0.000657771,0.261865,0.963377,0.208892,0.0498302,0.0529024,0.00479522,0.00410091,0.455404,0.0482133,3.97762,0.152951,10.8928,0.645438,0.635345,-6.05067,-0.333333,-0.0625013,0.76116,8.5,13.4583,0,0,3.625,5.66667,0,-8.12169,0.0001,-0.00277976,0.0551037,1.69195,0.124567,54116,0.159064,197.4,2.30168
4617,0.152594,0.581992,0.00511073,0.00511073,0.188506,0.145648,0.817164,0.612668,0.0523348,0.0203685,0.0501623,0.219421,0.0477676,0,0.852432,0.0560234,2.01012,0.171313,0,0.0736788,0.574897,4.41074,0.626562,0.358779,0.680964,2.6637,0.160629,0.217162,0,0.705719,0.0600783,0,-0.000639719,0.260319,0.963565,0.207626,0.050002,0.0530058,0.00480339,0.00404891,0.455609,0.0484066,3.94819,0.257671,10.9013,0.644865,0.632696,-6.14561,-0.333333,-0.0624165,0.771649,7.54167,13.4583,0,0,3.91667,6.375,0,-8.12263,0.0001,-0.00137854,0.0568631,1.69266,0.130831,53909,0.159054,194.66,2.15971
4618,0.14597,0.555357,0.00512217,0.00512217,0.185533,0.139624,0.81764,0.585224,0.0527559,0.0196556,0.0504813,0.217645,0.0503646,0,0.843924,0.0524062,2.01386,0.179535,0,0.0752527,0.56779,4.39403,0.624674,0.357236,0.681317,2.67427,0.153932,0.215549,0,0.704362,0.0370325,0,-0.0005817,0.264087,0.963263,0.203872,0.05022,0.0534056,0.00416695,0.0035122,0.450447,0.0485874,3.82531,0.523251,11.0559,0.640513,0.643536,-6.23861,-0.333333,-0.0611398,0.737243,8.54167,14.125,0,0,4.375,7.625,0,-8.12362,0.0001,-0.00198292,0.0563381,1.67295,0.126175,54639,0.159028,194.72,1.7522
4619,0.150488,0.571695,0.00508771,0.00508771,0.188135,0.143039,0.816591,0.604535,0.0523218,0.0202968,0.0500916,0.217906,0.0484206,0,0.849921,0.0554981,2.01068,0.175606,0,0.0741707,0.581851,4.41992,0.628181,0.361543,0.679038,2.64506,0.158876,0.21574,0,0.70823,0.0460391,0,-0.000671698,0.262437,0.96411,0.208915,0.0498606,0.0529268,0.00519957,0.00449537,0.457651,0.0483162,3.92219,0.382754,11.0259,0.640286,0.63492,-6.27678,-0.333333,-0.0623179,0.758203,7.33333,12.7917,0,0,3.75,6.625,0,-8.12329,0.0001,-0.00298852,0.0538631,1.85508,0.13007,49519,0.159011,196.9,2.17751
4620,0.153079,0.576259,0.00508618,0.00508618,0.18973,0.14392,0.81564,0.609239,0.0521953,0.020296,0.0500005,0.21829,0.0482423,0,0.853103,0.0558611,2.00158,0.176382,0,0.0742564,0.576081,4.42102,0.628211,0.361807,0.677401,2.64777,0.16144,0.216265,0,0.712638,0.0449007,0,-0.000651374,0.258526,0.964116,0.210445,0.0497716,0.052805,0.00450424,0.00382183,0.456868,0.0482018,3.94012,0.393111,10.9515,0.642084,0.630568,-6.31576,-0.333333,-0.0629698,0.761978,6.45833,11.9167,0,0,3.33333,6.5,0,-8.12177,0.0001,-0.00163956,0.0559074,1.68569,0.129863,54145,0.159023,196.91,1.92687
4621,0.150184,0.562424,0.00511357,0.00511357,0.187486,0.14137,0.817881,0.586426,0.0526612,0.0199995,0.0503688,0.220434,0.0497963,0,0.855458,0.0524165,2.0072,0.177833,0,0.0755146,0.573965,4.40411,0.624748,0.358262,0.683229,2.66982,0.156476,0.218272,0,0.688335,0.0297398,0,-0.000625483,0.264801,0.964402,0.205931,0.0500305,0.0532213,0.00507629,0.00438609,0.456244,0.0484754,4.09071,0.600668,11.0463,0.639355,0.638877,-6.31667,-0.333333,-0.0617819,0.746143,7.08333,12.7083,0,0,4.08333,6.95833,0,-8.12058,0.0001,-0.00139123,0.0582051,1.67854,0.124068,54534,0.159035,197.83,2.31276
4622,0.155463,0.582662,0.00507707,0.00507707,0.193262,0.145841,0.816836,0.610476,0.0525842,0.0199331,0.0502619,0.220985,0.0469006,0,0.862998,0.0550654,1.99526,0.174135,0,0.0743797,0.582561,4.42265,0.627699,0.362883,0.679539,2.64681,0.16274,0.218776,0,0.717379,0.0446896,0,-0.000677066,0.254438,0.964371,0.207989,0.0499596,0.0530804,0.00460657,0.00388007,0.457314,0.0483744,4.00104,0.644443,11.1498,0.636176,0.634729,-6.44797,-0.333333,-0.0640267,0.774601,7.25,11.7917,0,0,4.45833,6.54167,0,-8.12189,0.0001,-0.00207413,0.0521617,1.69714,0.128519,53845,0.158996,198.43,2.31157
4623,0.152538,0.572191,0.0050959,0.0050959,0.187315,0.143117,0.81638,0.599707,0.0522665,0.0196611,0.0500203,0.219984,0.0509318,0,0.857204,0.0541003,2.01203,0.181904,0,0.0754751,0.575709,4.42364,0.627692,0.360616,0.679125,2.65198,0.159561,0.217731,0,0.703138,0.0471676,0,-0.000645084,0.265443,0.964389,0.210079,0.0497656,0.052816,0.00478388,0.00402989,0.458192,0.048226,3.93633,0.509264,10.9654,0.640772,0.630218,-6.346,-0.333333,-0.0621051,0.759901,7.58333,13.125,0,0,4,8.125,0,-8.12212,0.0001,-0.00216536,0.0549469,1.69485,0.120738,54144,0.159038,198.38,2.35612
4624,0.149283,0.565775,0.00509044,0.00509044,0.186597,0.141441,0.816192,0.599885,0.0525195,0.0193576,0.0502273,0.217845,0.0512784,0,0.85052,0.0545325,2.01884,0.182317,0,0.0760214,0.576312,4.41821,0.627395,0.36118,0.679551,2.66102,0.158078,0.215922,0,0.698256,0.0507001,0,-0.000559498,0.264881,0.96444,0.208916,0.0499964,0.0531449,0.00482016,0.00415764,0.455386,0.0484724,3.89503,0.616229,11.0411,0.638591,0.631986,-6.39075,-0.333333,-0.0618314,0.750021,7.04167,12.625,0,0,5,7.04167,0,-8.12016,0.0001,-0.00269097,0.0572461,1.90851,0.133973,48129,0.159036,197.54,2.18231
4625,0.149366,0.561846,0.00511234,0.00511234,0.188382,0.141301,0.817249,0.59052,0.0525551,0.0194031,0.0502588,0.219617,0.0502795,0,0.852943,0.0530364,2.01379,0.179902,0,0.0747637,0.579622,4.41292,0.627271,0.358463,0.680962,2.65355,0.156484,0.217597,0,0.706753,0.048485,0,-0.000637345,0.259208,0.9642,0.204847,0.0500461,0.0531379,0.00438944,0.00366718,0.455922,0.048458,4.01761,0.573289,11.037,0.639261,0.633732,-6.32397,-0.333333,-0.0620539,0.745171,7.75,12.8333,0,0,4.33333,6.66667,0,-8.11936,0.0001,-0.00276414,0.0549074,1.73286,0.12966,52779,0.159056,194.76,2.06619
4626,0.150482,0.570198,0.0051089,0.0051089,0.187267,0.143151,0.816949,0.597837,0.0530464,0.0187107,0.0506497,0.220058,0.0486043,0,0.855575,0.0540096,2.03482,0.175471,0,0.0754951,0.573197,4.41468,0.626754,0.35894,0.680214,2.65946,0.157396,0.217994,0,0.710652,0.0514206,0,-0.000578016,0.262505,0.964531,0.204618,0.0502958,0.0535452,0.00414921,0.00344117,0.449434,0.048734,3.81107,0.990316,11.1962,0.634958,0.637847,-6.5517,-0.333333,-0.0618624,0.753985,6.58333,13.7083,0,0,5.125,8.16667,0,-8.11604,0.0001,-0.00257543,0.0528325,1.7139,0.132038,53254,0.159129,197.34,2.29367
4627,0.151074,0.568627,0.00510083,0.00510083,0.188438,0.142533,0.817076,0.594588,0.0529865,0.0190722,0.050626,0.221194,0.0466141,0,0.860133,0.0533851,2.01206,0.169087,0,0.0737409,0.577172,4.40929,0.626228,0.359914,0.681726,2.66258,0.15801,0.21896,0,0.685097,0.0385203,0,-0.000618776,0.260692,0.964676,0.204603,0.0503077,0.0534878,0.00529131,0.00453152,0.455238,0.0488035,3.9765,0.977857,11.2193,0.634228,0.637246,-6.55249,-0.333333,-0.0622582,0.75398,6.95833,12.75,0,0,4.95833,6.79167,0,-8.11113,0.0001,-0.00163318,0.0551437,1.65083,0.12387,55391,0.159221,196.67,2.1252
4628,0.153894,0.577721,0.00509049,0.00509049,0.189473,0.144343,0.815972,0.609172,0.05264,0.0192188,0.0503162,0.22089,0.0481334,0,0.861191,0.0560791,2.02359,0.172207,0,0.0745189,0.574783,4.41742,0.627117,0.361227,0.678249,2.65578,0.161725,0.218774,0,0.696497,0.0725359,0,-0.000631824,0.261266,0.964471,0.205813,0.0500402,0.0531498,0.00468029,0.00389083,0.454286,0.0484786,3.89411,0.774856,11.1674,0.636265,0.640284,-6.50783,-0.333333,-0.0628017,0.76363,6.625,11.875,0,0,4.75,7.54167,0,-8.10672,0.0001,-0.0027951,0.0551592,1.70837,0.159442,52630,0.159268,196.47,2.12657
4629,0.14945,0.564127,0.00510555,0.00510555,0.18595,0.141524,0.817077,0.590337,0.0531909,0.0189505,0.0507755,0.219649,0.0496442,0,0.853974,0.0526943,2.01623,0.176976,0,0.0758064,0.570395,4.38796,0.623875,0.359315,0.682372,2.67471,0.15619,0.217476,0,0.717486,0.0423433,0,-0.000410531,0.263118,0.964304,0.203153,0.0506032,0.0539208,0.00477517,0.00404263,0.446673,0.0490696,3.76475,1.00313,11.289,0.633694,0.64216,-6.52681,-0.333333,-0.0614165,0.746926,6.5,12.2917,0,0,4.41667,6.83333,0,-8.10368,0.0001,-0.00211628,0.0582685,1.81681,0.125079,50622,0.159302,198.28,2.28899
4630,0.149174,0.565939,0.00511771,0.00511771,0.188159,0.142146,0.817806,0.594724,0.0532539,0.0185055,0.0508324,0.220121,0.0465883,0,0.854082,0.0533124,2.0157,0.171364,0,0.0746867,0.574659,4.39838,0.624075,0.357808,0.68334,2.68167,0.156543,0.218076,0,0.685689,0.0367459,0,-0.000517976,0.257687,0.964467,0.202138,0.0505087,0.0537912,0.0044352,0.00368622,0.451914,0.0489446,3.95809,1.11999,11.3302,0.632071,0.63926,-6.58462,-0.333333,-0.0621007,0.751356,5.58333,10.7083,0,0,4.625,7.58333,0,-8.09862,0.0001,-0.00249533,0.0588287,1.76871,0.126771,51862,0.159311,194.12,2.03486
4631,0.148501,0.561639,0.00513037,0.00513037,0.18637,0.141178,0.818381,0.591025,0.0529859,0.0187501,0.0506407,0.219949,0.0483018,0,0.853272,0.0533001,2.0079,0.175901,0,0.0752008,0.573104,4.39188,0.623595,0.356388,0.683642,2.68059,0.155811,0.218047,0,0.701432,0.0540469,0,-0.000522349,0.26408,0.964253,0.202676,0.0504277,0.0535957,0.00476434,0.00407976,0.452531,0.0488865,3.8925,0.847305,11.1491,0.637165,0.63711,-6.42968,-0.333333,-0.0614095,0.745679,7.375,13.5417,0,0,5.04167,7.75,0,-8.09654,0.0001,-0.00219539,0.0585458,1.69833,0.122858,53978,0.159323,196.52,2.29019
4632,0.152655,0.576407,0.00510724,0.00510724,0.18846,0.144599,0.817126,0.605429,0.0526232,0.0193874,0.0503568,0.2202,0.0461436,0,0.857455,0.0548664,2.02038,0.172759,0,0.0741221,0.572305,4.39931,0.625023,0.359067,0.680682,2.66988,0.159683,0.218358,0,0.723069,0.034707,0,-0.000577014,0.259341,0.964399,0.206348,0.0501198,0.0532437,0.00446427,0.0037831,0.449658,0.0485926,3.78827,0.565613,11.045,0.638775,0.632744,-6.33599,-0.333333,-0.062229,0.764151,6.41667,11.5417,0,0,4,7,0,-8.09321,0.0001,-0.00174374,0.0582304,1.69936,0.121562,53985,0.159358,196.57,2.16534
4633,0.15418,0.585109,0.00509014,0.00509014,0.191754,0.146475,0.816427,0.615337,0.0526561,0.0195848,0.0503234,0.220559,0.0482452,0,0.860562,0.0564209,2.011,0.175719,0,0.0744728,0.582042,4.41302,0.627557,0.361289,0.679478,2.65486,0.161543,0.21841,0,0.75116,0.0522095,0,-0.000672923,0.258611,0.964115,0.206884,0.0499805,0.0531473,0.00468885,0.00394482,0.453869,0.0484328,3.94853,0.724316,11.166,0.636705,0.634528,-6.45893,-0.333333,-0.0635286,0.776703,7.625,12.75,0,0,4.5,6.83333,0,-8.08856,0.0001,-0.00267687,0.0571298,1.71414,0.236385,50398,0.159421,194.57,1.97184
4634,0.150535,0.569286,0.00509952,0.00509952,0.187788,0.142688,0.816228,0.606358,0.0526989,0.0191057,0.0503881,0.218721,0.0469187,0,0.85298,0.0554582,2.03703,0.17216,0,0.074403,0.574652,4.41134,0.62601,0.360139,0.679175,2.66225,0.159778,0.216925,0,0.72224,0.0542696,0,-0.000538939,0.262904,0.964091,0.206889,0.0501503,0.0533268,0.00459165,0.00389813,0.453273,0.0486142,3.89778,0.788944,11.1513,0.636315,0.636635,-6.46866,-0.333333,-0.0621176,0.755133,7.375,13.5,0,0,5.20833,8,0,-8.08233,0.0001,-0.00251423,0.0564714,1.74959,0.125024,52439,0.159514,196.1,2.1341
4635,0.150368,0.573794,0.00510917,0.00510917,0.186441,0.143923,0.816474,0.606378,0.0522508,0.0203585,0.0500814,0.218658,0.0506544,0,0.85136,0.0554711,2.01587,0.182905,0,0.0749201,0.576758,4.4109,0.626038,0.359025,0.680629,2.66923,0.158485,0.216728,0,0.726785,0.0546071,0,-0.00059601,0.264028,0.963133,0.206209,0.049979,0.0530025,0.00441229,0.0037222,0.452051,0.0483586,3.83027,0.151477,10.9429,0.644671,0.635262,-6.07846,-0.333333,-0.0616367,0.759603,8.66667,13.4583,0,0,4.58333,6.79167,0,-8.0745,0.0001,-0.00255606,0.0524152,1.74994,0.124619,52441,0.159625,195.28,2.06362
4636,0.147359,0.55561,0.00514395,0.00514395,0.181777,0.140058,0.817831,0.590323,0.0525322,0.0202588,0.0503601,0.218229,0.050659,0,0.843532,0.0535429,2.00273,0.178798,0,0.0746927,0.571655,4.38236,0.622345,0.35456,0.686478,2.68609,0.15642,0.216147,0,0.699997,0.0435481,0,-0.000624185,0.267073,0.962921,0.200249,0.0502687,0.053287,0.00475862,0.00403882,0.450521,0.0486328,3.85392,0.135451,10.9144,0.64629,0.63709,-5.96162,-0.333333,-0.0597756,0.736112,8.20833,13.5833,0,0,3.5,5.91667,0,-8.06664,0.0001,-0.00211844,0.0542724,1.65914,0.125268,55090,0.1597,194.33,1.75735
4637,0.155577,0.588295,0.00508318,0.00508318,0.188322,0.147111,0.816484,0.621955,0.0521428,0.0203322,0.0499928,0.218859,0.0465948,0,0.855303,0.0569875,1.99868,0.172104,0,0.0726847,0.578602,4.41856,0.627069,0.362061,0.681001,2.66058,0.164119,0.21691,0,0.732513,0.0538802,0,-0.000587483,0.259278,0.963772,0.207346,0.0499178,0.0528638,0.00449345,0.00377235,0.453702,0.0483185,3.71318,0.146091,10.9344,0.642718,0.630186,-6.14972,-0.333333,-0.0624544,0.78039,7.29167,11.5417,0,0,3.29167,6.29167,0,-8.06261,0.0001,-0.0019446,0.0589992,1.70034,0.122371,53932,0.159729,198.81,2.41981
4638,0.152275,0.576595,0.0050888,0.0050888,0.187808,0.144485,0.816301,0.611275,0.0521544,0.0205284,0.0499927,0.218692,0.047059,0,0.853668,0.0559502,1.99821,0.173038,0,0.0731979,0.582024,4.42817,0.628268,0.361363,0.678549,2.65229,0.161056,0.216738,0,0.718541,0.0590372,0,-0.000714094,0.261889,0.962938,0.207499,0.0498567,0.052849,0.00494558,0.00425038,0.453207,0.0482574,3.79917,0.0214466,10.9666,0.643944,0.63701,-6.06822,-0.333333,-0.0621487,0.765586,8.25,13.5417,0,0,4.16667,6,0,-8.0609,0.0001,-0.00207005,0.0532844,2.00797,0.143291,45695,0.159742,196.39,2.05598
4639,0.150178,0.568414,0.00513492,0.00513492,0.1866,0.143369,0.817716,0.597445,0.0522858,0.0205898,0.050149,0.219463,0.0478644,0,0.849849,0.0540316,1.9831,0.17902,0,0.0737363,0.576735,4.39097,0.625482,0.3556,0.684326,2.66941,0.157545,0.217473,0,0.701977,0.0486305,0,-0.000644667,0.260417,0.962733,0.200781,0.0501519,0.0530748,0.0041706,0.00350873,0.449541,0.0484726,3.8491,-0.0810868,10.8879,0.647194,0.637498,-5.84899,-0.333333,-0.0613542,0.753358,9.04167,14.2083,0,0,3.04167,5.75,0,-8.0597,0.0001,-0.00270718,0.0516384,1.69296,0.14297,53544,0.159761,196.11,2.19525
4640,0.154389,0.584454,0.00509453,0.00509453,0.188326,0.146358,0.816328,0.619271,0.0520994,0.0204809,0.0499608,0.218378,0.0476681,0,0.852118,0.0569936,1.98756,0.174262,0,0.073373,0.580731,4.40801,0.62559,0.360649,0.682113,2.66656,0.163296,0.216473,0,0.732984,0.0418783,0,-0.000650921,0.261166,0.963193,0.206981,0.0498448,0.0528074,0.00425174,0.00356164,0.448305,0.0482009,3.64358,0.0633772,10.9103,0.645251,0.634856,-6.05997,-0.333333,-0.0623474,0.774773,8.04167,13.0833,0,0,3.75,5.75,0,-8.05971,0.0001,-0.00224677,0.0554838,1.7356,0.125786,52812,0.159773,198.27,2.54339
4641,0.152885,0.574297,0.00511209,0.00511209,0.189227,0.144124,0.817072,0.607861,0.0523696,0.0201937,0.0502053,0.220378,0.0462774,0,0.85796,0.05551,1.99205,0.169883,0,0.0729592,0.577307,4.39725,0.624588,0.358581,0.6832,2.6654,0.161501,0.218512,0,0.713624,0.0609567,0,-0.000593643,0.258835,0.963291,0.203839,0.0501551,0.0531297,0.00431735,0.00362727,0.448903,0.0485203,3.77612,0.173239,10.9182,0.644885,0.632546,-6.08957,-0.333333,-0.0625242,0.760845,8.16667,12.5833,0,0,4.04167,6.54167,0,-8.06008,0.0001,-0.00197246,0.0575495,1.66079,0.119985,55203,0.159796,194.79,2.15449
4642,0.152686,0.573852,0.00509743,0.00509743,0.188881,0.143943,0.816032,0.606353,0.052413,0.0204134,0.050193,0.218554,0.0475102,0,0.851678,0.0552407,2.00342,0.173979,0,0.0739185,0.575021,4.40832,0.627141,0.360337,0.679461,2.65925,0.161104,0.216507,0,0.714616,0.0540906,0,-0.000598417,0.258644,0.962845,0.204706,0.0500712,0.0531535,0.00442824,0.00371545,0.447264,0.0484053,3.77996,0.230949,11.0608,0.641843,0.641716,-6.10524,-0.333333,-0.0624729,0.759915,8.91667,14.3333,0,0,4.54167,6,0,-8.05901,0.0001,-0.00295978,0.0566949,1.67581,0.129545,54451,0.159796,197.33,2.25991
4643,0.153377,0.582347,0.0050913,0.0050913,0.190453,0.145967,0.81555,0.620835,0.0523551,0.0200986,0.0501356,0.218909,0.0473781,0,0.854427,0.056924,1.9995,0.173197,0,0.073392,0.584919,4.42101,0.627869,0.361074,0.680758,2.65408,0.16301,0.217055,0,0.74187,0.0507456,0,-0.000646195,0.256665,0.96298,0.205704,0.0500089,0.0530274,0.00431019,0.00357406,0.447125,0.0483638,3.77274,0.304689,11.0813,0.640371,0.637949,-6.18887,-0.333333,-0.0629961,0.76951,8.83333,14.2083,0,0,4.95833,6.875,0,-8.05777,0.0001,-0.00235929,0.052287,1.99186,0.126543,46404,0.159809,197.36,2.36824
4644,0.152241,0.575158,0.0051108,0.0051108,0.189177,0.144536,0.815823,0.607379,0.052314,0.0208592,0.050153,0.219691,0.0472224,0,0.85357,0.055067,2.0057,0.174572,0,0.0735687,0.577488,4.40516,0.62576,0.358723,0.682404,2.66646,0.159989,0.217556,0,0.703613,0.0492773,0,-0.000649727,0.258466,0.962704,0.204497,0.0500803,0.0530769,0.00486553,0.00414991,0.448537,0.0484439,3.86246,-0.0468953,10.9582,0.645697,0.640792,-5.93341,-0.333333,-0.0624123,0.759268,9.33333,13.4583,0,0,3.41667,6.08333,0,-8.0526,0.0001,-0.00231267,0.0507933,1.72349,0.128761,53072,0.159856,197.66,2.2532
4645,0.152677,0.583363,0.00508158,0.00508158,0.188659,0.145721,0.815038,0.622897,0.0526739,0.0189653,0.0503543,0.219,0.0471871,0,0.85697,0.0571675,2.03424,0.170621,0,0.0744572,0.572503,4.4153,0.626215,0.362316,0.67952,2.667,0.162706,0.217248,0,0.714902,0.0639502,0,-0.000570807,0.259953,0.964474,0.207925,0.0500039,0.0531806,0.00485184,0.00413374,0.446696,0.0484769,3.74777,0.963989,11.1933,0.63512,0.63563,-6.62784,-0.333333,-0.0626288,0.771271,5.29167,10.25,0,0,4.375,6.70833,0,-8.04842,0.0001,-0.00260544,0.0506536,1.63973,0.125464,55690,0.159879,197.15,2.22407
4646,0.147783,0.56173,0.00513355,0.00513355,0.187174,0.141556,0.81604,0.586334,0.0530708,0.0191808,0.0507221,0.219746,0.0487357,0,0.850854,0.0519155,2.00443,0.177074,0,0.0745834,0.570645,4.38496,0.62305,0.35581,0.684981,2.68258,0.153864,0.217785,0,0.674614,0.0401678,0,-0.000479355,0.261761,0.963773,0.199586,0.050572,0.0537694,0.00497637,0.00428333,0.449411,0.049018,3.99749,0.81009,11.1987,0.636688,0.641138,-6.37458,-0.333333,-0.0615293,0.741854,6.66667,12,0,0,4.16667,7.33333,0,-8.04474,0.0001,-0.00266979,0.0525526,1.63209,0.125413,55933,0.159922,196.25,2.24829
4647,0.149533,0.573679,0.005087,0.005087,0.186155,0.143659,0.814341,0.607278,0.052547,0.0197116,0.0502066,0.21797,0.0502521,0,0.850549,0.0551992,2.01185,0.183231,0,0.0755406,0.577182,4.40999,0.627468,0.361648,0.677898,2.65355,0.157979,0.215922,0,0.728341,0.0601822,0,-0.000560266,0.261307,0.963966,0.205903,0.0500084,0.0531451,0.00462167,0.00384163,0.448699,0.0484272,3.92871,0.742764,11.1649,0.637228,0.641836,-6.45728,-0.333333,-0.0616428,0.756623,8.29167,13.4167,0,0,4.58333,7.125,0,-8.04049,0.0001,-0.00151355,0.050289,1.66108,0.125302,55029,0.159973,194.82,1.87362
4648,0.153249,0.583302,0.00509687,0.00509687,0.190702,0.146174,0.815693,0.612587,0.0526512,0.019216,0.0503044,0.218566,0.0472916,0,0.85218,0.0556305,2.0264,0.175776,0,0.0743834,0.578984,4.41762,0.626887,0.360434,0.679982,2.66578,0.160637,0.216706,0,0.718442,0.0532156,0,-0.000550604,0.257069,0.964249,0.204865,0.050127,0.0532077,0.00411756,0.00334445,0.44764,0.0485221,3.8772,0.819989,11.222,0.634901,0.639665,-6.50414,-0.333333,-0.0631047,0.771824,5.875,10.75,0,0,4.375,7.125,0,-8.03806,0.0001,-0.00229308,0.0590181,2.00808,0.127147,46039,0.160011,194.75,2.24988
4649,0.15082,0.571544,0.00510596,0.00510596,0.188819,0.143167,0.815555,0.599895,0.0525093,0.0197029,0.05022,0.219228,0.0490591,0,0.853523,0.0541697,2.01201,0.180051,0,0.0749198,0.579923,4.40962,0.626674,0.359272,0.68224,2.66527,0.158413,0.217354,0,0.714385,0.0488729,0,-0.000603013,0.2583,0.964094,0.20454,0.0500484,0.0531377,0.00477497,0.00411188,0.447923,0.0485004,3.9352,0.525525,11.1059,0.63857,0.637177,-6.27585,-0.333333,-0.0624042,0.753837,8.04167,12.625,0,0,3.91667,7.41667,0,-8.03455,0.0001,-0.00258204,0.0561228,1.72211,0.138098,52845,0.160059,196.43,2.05219
4650,0.154166,0.587296,0.00507827,0.00507827,0.187462,0.146965,0.813936,0.61928,0.0524196,0.020294,0.0501612,0.219693,0.0511872,0,0.859115,0.0567548,2.02453,0.17799,0,0.0748391,0.575126,4.41955,0.62771,0.362676,0.676319,2.65366,0.162258,0.217801,0,0.735356,0.0450241,0,-0.000570913,0.262505,0.963338,0.207527,0.0499882,0.0531222,0.00471969,0.00398535,0.45136,0.0483737,3.88611,0.493333,11.1484,0.638743,0.6421,-6.28439,-0.333333,-0.0621273,0.773783,7.70833,12.5833,0,0,4.08333,7.375,0,-8.0302,0.0001,-0.00277517,0.0584796,1.66294,0.130756,54805,0.160092,195.6,2.02821
4651,0.14968,0.555511,0.00510811,0.00510811,0.186497,0.139772,0.814506,0.585747,0.0526135,0.0200926,0.0503549,0.219186,0.0495122,0,0.852583,0.0519854,1.99844,0.177426,0,0.0750566,0.572219,4.39601,0.62509,0.358933,0.680616,2.67294,0.158052,0.217439,0,0.677365,0.0295002,0,-0.000537869,0.262114,0.963109,0.203053,0.0502734,0.0533822,0.00476996,0.00409564,0.448591,0.048661,3.89426,0.341122,11.1055,0.641066,0.648079,-6.13028,-0.333333,-0.0614115,0.731471,8.625,12.8333,0,0,4.29167,7.16667,0,-8.02767,0.0001,-0.0015521,0.0492399,1.65589,0.128676,55085,0.160109,195.87,2.04171
4652,0.153629,0.58452,0.0050793,0.0050793,0.187897,0.146086,0.81398,0.622552,0.0517209,0.0214932,0.0496442,0.218027,0.0509521,0,0.853931,0.0578796,2.00615,0.177917,0,0.0741136,0.579005,4.42153,0.627118,0.36259,0.678883,2.66033,0.164097,0.216323,0,0.738458,0.0544622,0,-0.000722895,0.264834,0.962713,0.210523,0.0495679,0.0525025,0.00520602,0.00455296,0.453353,0.0479288,3.83714,-0.231269,10.8331,0.649847,0.641818,-5.88379,-0.333333,-0.0623048,0.769645,9.75,13.375,0,0,3.45833,4.95833,0,-8.02452,0.0001,-0.00245869,0.0536432,1.67705,0.187254,52729,0.160111,197.71,2.15531
4653,0.152222,0.574386,0.00508875,0.00508875,0.189627,0.143901,0.813527,0.610813,0.0523054,0.020974,0.0501276,0.21857,0.0473263,0,0.853109,0.0556386,1.99719,0.172206,0,0.0736587,0.57367,4.41097,0.62639,0.361374,0.679438,2.6727,0.161556,0.216551,0,0.70509,0.0510515,0,-0.000651002,0.257986,0.962695,0.205384,0.0500552,0.0530405,0.00460055,0.00392115,0.447767,0.0483713,3.78336,0.123381,11.0865,0.64288,0.648289,-6.02555,-0.333333,-0.0627337,0.755911,9.20833,12.7083,0,0,3.70833,5.58333,0,-8.0222,0.0001,-0.00254433,0.0549427,1.83986,0.12058,50143,0.160108,195.8,2.09844
4654,0.150333,0.568681,0.00510938,0.00510938,0.189097,0.142843,0.81499,0.605163,0.0524828,0.0210433,0.0502844,0.220183,0.0468473,0,0.854362,0.054988,1.98899,0.170815,0,0.0733208,0.576098,4.39699,0.626435,0.358792,0.680199,2.65987,0.160321,0.217927,0,0.71172,0.0494912,0,-0.000591365,0.254054,0.962425,0.202429,0.0502678,0.0532555,0.00468223,0.00392748,0.452475,0.0485616,4.17168,0.169528,11.0582,0.644188,0.647011,-6.01897,-0.333333,-0.0623309,0.749302,9.83333,12.2917,0,0,3,6.375,0,-8.02143,0.0001,-0.00275267,0.0515802,1.73039,0.129667,52849,0.160121,197.09,2.11407
4655,0.149487,0.566484,0.00512738,0.00512738,0.185625,0.142469,0.815305,0.598161,0.0525701,0.0203545,0.0503369,0.219485,0.0482053,0,0.851472,0.0542863,2.00651,0.176793,0,0.0745195,0.572363,4.38284,0.623004,0.356677,0.683012,2.68786,0.157229,0.217634,0,0.705466,0.0551081,0,-0.000556527,0.26125,0.962971,0.201863,0.0502807,0.053337,0.00452521,0.00389042,0.44475,0.048645,3.85009,0.359206,11.0796,0.643122,0.647106,-6.0736,-0.333333,-0.0611495,0.745474,8.375,13.125,0,0,3.70833,5.375,0,-8.02038,0.0001,-0.00216235,0.0488082,1.63934,0.122783,55787,0.160126,195.4,2.08683
4656,0.1533,0.587367,0.00506572,0.00506572,0.18961,0.146574,0.812938,0.629058,0.0520229,0.0211726,0.0498438,0.216159,0.0484056,0,0.847189,0.0579701,2.00547,0.177621,0,0.0735012,0.579895,4.41882,0.62859,0.364271,0.677197,2.65118,0.164602,0.214247,0,0.746866,0.0628809,0,-0.00065089,0.256032,0.963167,0.210171,0.0497628,0.0527406,0.00454894,0.00387124,0.450314,0.0481134,3.86491,0.1098,11.02,0.643453,0.641287,-6.13255,-0.333333,-0.0629893,0.77274,8.70833,12.8333,0,0,3.66667,6.16667,0,-8.02219,0.0001,-0.00241468,0.0517599,1.68709,0.123569,54291,0.160146,199.93,2.37821
4657,0.15333,0.576042,0.00510168,0.00510168,0.191544,0.144544,0.814511,0.601318,0.0524061,0.0209215,0.0502011,0.221041,0.0461995,0,0.860794,0.0542761,1.9991,0.174396,0,0.0739188,0.576351,4.40053,0.625175,0.359758,0.680727,2.66403,0.160252,0.219032,0,0.705214,0.0394522,0,-0.000664704,0.255272,0.962803,0.204491,0.0500635,0.0531026,0.00450878,0.0038151,0.447895,0.0483887,3.97518,0.229573,11.0651,0.643208,0.643799,-6.04863,-0.333333,-0.0632727,0.757895,8.91667,13.7917,0,0,2.91667,5.625,0,-8.02272,0.0001,-0.00163992,0.0520115,1.89115,0.143341,48318,0.160147,197.32,2.22559
4658,0.152391,0.577475,0.00508658,0.00508658,0.191171,0.144972,0.813609,0.616863,0.0523665,0.0210665,0.0501342,0.219248,0.0477393,0,0.855368,0.0560552,1.99819,0.175488,0,0.0738995,0.578463,4.41979,0.628314,0.361634,0.677655,2.65376,0.16192,0.217252,0,0.743603,0.0635316,0,-0.000505458,0.254541,0.962974,0.207003,0.0501213,0.0532058,0.00436549,0.00368001,0.451285,0.0484621,4.03835,0.247237,11.1088,0.641491,0.648986,-6.1201,-0.333333,-0.0632367,0.759145,9.08333,14.2083,0,0,4.125,6.125,0,-8.02244,0.0001,-0.00270814,0.0527892,1.72467,0.123008,53204,0.160151,196.77,2.14424
4659,0.149746,0.569855,0.00509655,0.00509655,0.18666,0.143014,0.813818,0.607138,0.0521589,0.0207777,0.0499521,0.218656,0.0499452,0,0.852128,0.0555886,2.00521,0.183657,0,0.0753967,0.575715,4.42188,0.62871,0.360427,0.676743,2.64593,0.159478,0.216717,0,0.696698,0.0515445,0,-0.000605672,0.261021,0.963347,0.206464,0.0499189,0.0529077,0.00432384,0.00362422,0.449293,0.0482678,4.00928,0.196073,11.0302,0.642803,0.643366,-6.07511,-0.333333,-0.0616388,0.749981,9.5,14.2917,0,0,3.625,6.625,0,-8.01788,0.0001,-0.00128194,0.0523617,1.67448,0.121235,54743,0.160193,194.74,2.03471
4660,0.153217,0.58125,0.00508082,0.00508082,0.188493,0.145055,0.813496,0.619892,0.0522466,0.0209005,0.0500092,0.219227,0.0487127,0,0.857407,0.0575184,2.008,0.175068,0,0.0743842,0.577855,4.42484,0.628804,0.362411,0.67587,2.64628,0.163494,0.217313,0,0.722219,0.0515208,0,-0.00060614,0.261692,0.962963,0.208325,0.049973,0.053019,0.00493864,0.00420814,0.448766,0.0483299,3.94855,0.204049,11.0772,0.643229,0.649088,-6.11073,-0.333333,-0.0625388,0.765791,9,14.7917,0,0,4.20833,5.16667,0,-8.01135,0.0001,-0.00251919,0.053075,1.64467,0.127051,55485,0.160258,194.66,2.07473
4661,0.150757,0.570625,0.0051116,0.0051116,0.18741,0.143444,0.814121,0.603,0.0525395,0.0206506,0.0502943,0.220318,0.04837,0,0.855606,0.0543586,2.01086,0.176881,0,0.0747131,0.575227,4.39848,0.625536,0.3586,0.679531,2.66246,0.159016,0.21824,0,0.702006,0.0473013,0,-0.000599712,0.258942,0.962856,0.202733,0.0502394,0.0532649,0.00454794,0.00382189,0.448622,0.048538,4.12857,0.348136,11.1166,0.641863,0.645991,-6.09549,-0.333333,-0.0618041,0.748613,8.5,12.9167,0,0,3.45833,6.58333,0,-8.00422,0.0001,-0.00174003,0.0545791,1.69315,0.123161,54123,0.160364,195.06,2.15312
4662,0.152122,0.574511,0.00507756,0.00507756,0.191307,0.143629,0.813487,0.606522,0.0523368,0.0209155,0.050077,0.220455,0.0474758,0,0.861662,0.0552441,2.00816,0.173588,0,0.0743384,0.574411,4.42376,0.628504,0.362792,0.676407,2.64686,0.160721,0.218416,0,0.721616,0.0593325,0,-0.000531503,0.254859,0.963623,0.207519,0.0500562,0.0530775,0.00482072,0.00407554,0.452259,0.0484304,4.04161,0.384344,11.1185,0.639993,0.643565,-6.24729,-0.333333,-0.0634327,0.755389,7.70833,12.5,0,0,2.95833,6.66667,0,-7.99767,0.0001,-0.00218143,0.0525443,1.93964,0.123122,47656,0.160474,196.73,2.09313
4663,0.151011,0.569043,0.00510175,0.00510175,0.188609,0.142966,0.814381,0.597688,0.0527684,0.0202942,0.0504495,0.220355,0.048409,0,0.857584,0.0535274,2.01051,0.173985,0,0.074662,0.573965,4.39445,0.625001,0.359753,0.680643,2.66296,0.158286,0.218331,0,0.728099,0.0467755,0,-0.000523399,0.259888,0.963278,0.202382,0.0503849,0.0535079,0.00467649,0.00397963,0.447169,0.0487685,3.87573,0.645431,11.2443,0.637551,0.649599,-6.28701,-0.333333,-0.0622788,0.748231,7.70833,11.6667,0,0,3.875,6.83333,0,-7.98911,0.0001,-0.00230007,0.0539429,1.73987,0.125594,52696,0.160588,195.18,2.0656
4664,0.147944,0.556361,0.00511083,0.00511083,0.186879,0.139399,0.814618,0.588282,0.0525373,0.0204001,0.0503063,0.219113,0.0477243,0,0.851959,0.0531071,2.00375,0.176417,0,0.0744993,0.57291,4.39829,0.624191,0.358688,0.68269,2.67792,0.156316,0.217041,0,0.703249,0.0550523,0,-0.000602224,0.260113,0.963121,0.202781,0.0502427,0.0532138,0.00470307,0.00394295,0.446837,0.048604,3.9912,0.429205,11.1067,0.641823,0.644098,-6.16977,-0.333333,-0.0618773,0.732825,8.04167,13.7917,0,0,3.875,6.45833,0,-7.9821,0.0001,-0.00273398,0.0554324,1.60816,0.125533,56701,0.160653,196.69,2.05768
4665,0.15106,0.577267,0.00508072,0.00508072,0.187198,0.144694,0.813161,0.612307,0.0524697,0.020686,0.0501648,0.219216,0.0494545,0,0.854914,0.0555841,2.01043,0.177334,0,0.0751866,0.578261,4.42116,0.627356,0.362381,0.679359,2.65561,0.159777,0.216979,0,0.743581,0.0403759,0,-0.000552352,0.260742,0.963468,0.204846,0.0501469,0.0531796,0.00500367,0.00419903,0.449455,0.0485244,4.04534,0.547903,11.2271,0.637343,0.643719,-6.30729,-0.333333,-0.0619342,0.758265,7.58333,12.1667,0,0,3.79167,6.45833,0,-7.97789,0.0001,-0.00200102,0.0507479,1.6321,0.133144,55688,0.160692,197.66,2.25757
4666,0.152963,0.572937,0.00509981,0.00509981,0.189503,0.144153,0.813417,0.59764,0.0527528,0.0207619,0.0504204,0.221601,0.0467894,0,0.860794,0.0526041,1.99979,0.174202,0,0.0742434,0.575654,4.3971,0.625013,0.360037,0.680904,2.66433,0.159453,0.21921,0,0.730766,0.0226338,0,-0.00055024,0.2566,0.963375,0.200938,0.050417,0.053447,0.0046741,0.00390495,0.453096,0.0487446,4.23049,0.63459,11.2723,0.63691,0.65009,-6.27019,-0.333333,-0.062511,0.751073,8.375,12.2917,0,0,3.20833,7.125,0,-7.97696,0.0001,-0.00174281,0.0544154,1.66158,0.127707,54940,0.160667,197.35,2.31251
4667,0.153904,0.584213,0.00507539,0.00507539,0.188379,0.146153,0.812215,0.613144,0.0525054,0.0204917,0.0502308,0.219481,0.0488973,0,0.85829,0.05557,2.01933,0.175793,0,0.0750957,0.57251,4.41319,0.626837,0.363064,0.677953,2.65571,0.161972,0.217396,0,0.728042,0.0498594,0,-0.000554003,0.259925,0.963584,0.206654,0.0501517,0.0532058,0.00475485,0.00404677,0.450513,0.0485474,4.00754,0.581858,11.1981,0.637406,0.645205,-6.34663,-0.333333,-0.0624321,0.766121,8.95833,14.2917,0,0,4,7.45833,0,-7.97978,0.0001,-0.00286289,0.0538981,1.90115,0.132791,48331,0.160629,195.81,2.1499
4668,0.147721,0.554843,0.00511802,0.00511802,0.18556,0.139414,0.814476,0.588818,0.0525039,0.0211278,0.0503322,0.218429,0.0481506,0,0.848162,0.0531792,2.0059,0.178664,0,0.0744393,0.573398,4.39787,0.624444,0.357784,0.68202,2.67891,0.156145,0.216341,0,0.688596,0.0433059,0,-0.000566887,0.260621,0.962219,0.200603,0.0503943,0.0533266,0.00445486,0.00372364,0.448414,0.0486795,3.96119,0.172768,11.082,0.645091,0.64708,-5.9581,-0.333333,-0.0612064,0.729371,10.0417,14.6667,0,0,3.29167,6.83333,0,-7.98053,0.0001,-0.00225468,0.0498617,1.72155,0.127466,53165,0.160649,198.38,2.13724
4669,0.150897,0.571428,0.00510623,0.00510623,0.186511,0.143454,0.813756,0.599842,0.052474,0.0207663,0.0502396,0.218944,0.0494811,0,0.850992,0.0540408,2.00402,0.17905,0,0.0748785,0.57447,4.39579,0.624292,0.359218,0.681012,2.66879,0.158938,0.216857,0,0.716571,0.0498712,0,-0.00055321,0.260579,0.96308,0.202342,0.0502741,0.0532067,0.00471015,0.00395643,0.451539,0.0485817,4.17842,0.35027,11.0958,0.641968,0.645019,-6.10986,-0.333333,-0.0615861,0.749555,8.41667,12.4583,0,0,3.125,6.08333,0,-7.97602,0.0001,-0.00259488,0.0516619,1.69732,0.127067,53883,0.160681,197.39,2.3627
4670,0.15575,0.592495,0.00508804,0.00508804,0.188292,0.148026,0.812771,0.622401,0.0525838,0.0204713,0.050311,0.219258,0.049319,0,0.856738,0.057224,2.01811,0.173464,0,0.074988,0.56912,4.40754,0.625994,0.361589,0.678784,2.66015,0.16324,0.217271,0,0.740534,0.052682,0,-0.000497826,0.26225,0.96309,0.204451,0.0503279,0.0533711,0.00517759,0.00439302,0.449832,0.0487162,4.03244,0.547451,11.2242,0.638903,0.648993,-6.28999,-0.333333,-0.0624984,0.776305,7.625,12.5417,0,0,4.25,6.375,0,-7.97231,0.0001,-0.00238148,0.0493142,1.69948,0.129087,53760,0.160757,198.35,2.36279
4671,0.14826,0.561571,0.00511514,0.00511514,0.185493,0.140875,0.813042,0.592795,0.0530482,0.0197299,0.0507117,0.219407,0.0489569,0,0.85202,0.053471,2.01128,0.176593,0,0.0758784,0.569407,4.3917,0.623475,0.358107,0.682553,2.68102,0.156096,0.217316,0,0.678221,0.0520689,0,-0.000496969,0.261499,0.963278,0.199419,0.050571,0.0536884,0.00463018,0.00388645,0.448407,0.0489327,4.09583,0.931736,11.3282,0.636214,0.652058,-6.42793,-0.333333,-0.0612971,0.735604,7.45833,11.2083,0,0,4.125,7.375,0,-7.9677,0.0001,-0.00320177,0.0526404,1.6838,0.206097,52015,0.160807,197.82,2.23467
4672,0.153907,0.58476,0.0050877,0.0050877,0.189408,0.14648,0.811806,0.611577,0.0528089,0.0202084,0.0504523,0.219206,0.0485053,0,0.854194,0.0552347,2.03913,0.174337,0,0.0749306,0.572492,4.41129,0.626869,0.36154,0.677672,2.65587,0.161929,0.216959,0,0.726846,0.0490725,0,-0.000515303,0.256576,0.964012,0.20272,0.0504201,0.0534797,0.00467025,0.00387011,0.448332,0.0487918,4.07786,0.804229,11.3074,0.635221,0.648143,-6.44355,-0.333333,-0.0626721,0.76395,7.70833,12.2083,0,0,3.70833,7.45833,0,-7.96563,0.0001,-0.00202745,0.0552935,1.81604,0.120149,50771,0.160802,197.07,2.05333
4673,0.149714,0.569291,0.00511037,0.00511037,0.184754,0.14243,0.813477,0.609765,0.0528088,0.019765,0.0505095,0.217764,0.0483685,0,0.847778,0.0564276,2.00458,0.173018,0,0.0747251,0.572782,4.40335,0.625748,0.358727,0.68151,2.67027,0.159663,0.215754,0,0.714849,0.0786857,0,-0.000518974,0.265005,0.963094,0.20165,0.0504606,0.0534513,0.00482247,0.00408796,0.449054,0.0488703,4.01729,0.7819,11.2553,0.637736,0.644173,-6.39129,-0.333333,-0.0611812,0.745729,7.16667,11.9583,0,0,4.25,6.95833,0,-7.9662,0.0001,-0.00234108,0.0598356,1.69844,0.126369,53870,0.160803,196.75,1.97887
4674,0.149091,0.561666,0.00513285,0.00513285,0.187091,0.141005,0.813912,0.591411,0.0532401,0.0196478,0.050872,0.220992,0.046662,0,0.856348,0.0533097,2.00423,0.171971,0,0.0751235,0.568231,4.38861,0.623358,0.356025,0.682087,2.67893,0.156509,0.218842,0,0.687181,0.0476885,0,-0.000480022,0.261234,0.963531,0.199364,0.0507492,0.0538537,0.00485697,0.00410428,0.44969,0.0491368,4.18641,1.00697,11.3045,0.636691,0.650239,-6.43134,-0.333333,-0.0617597,0.737644,7.75,13.2083,0,0,3.70833,7.375,0,-7.96446,0.0001,-0.00246053,0.0591119,1.67311,0.125668,54650,0.16082,193.42,1.80877
4675,0.149944,0.566375,0.00511185,0.00511185,0.188193,0.142047,0.81393,0.595497,0.0531217,0.0201018,0.0507672,0.221341,0.046977,0,0.858803,0.0537536,2.00317,0.172155,0,0.0746583,0.572393,4.3919,0.623975,0.358532,0.682269,2.67295,0.157655,0.218979,0,0.702121,0.0497362,0,-0.000537395,0.257248,0.96331,0.199735,0.0506838,0.0537634,0.00484724,0.00405223,0.449368,0.0490491,4.15912,0.832186,11.3179,0.636368,0.65036,-6.38004,-0.333333,-0.0621751,0.744631,8.83333,13.9583,0,0,3.33333,7.91667,0,-7.9619,0.0001,-0.00294558,0.0519147,1.63095,0.125109,55979,0.160861,197.76,2.09884
4676,0.151042,0.575034,0.00510952,0.00510952,0.186213,0.144282,0.813017,0.606671,0.0527606,0.0202705,0.0504602,0.219685,0.0486913,0,0.854586,0.0553647,2.01636,0.174075,0,0.0744981,0.572882,4.41672,0.627082,0.358874,0.680015,2.65861,0.159268,0.217727,0,0.720881,0.0604449,0,-0.000590126,0.264195,0.963511,0.201843,0.0503585,0.053428,0.00498576,0.00426939,0.451424,0.048753,4.0476,0.623205,11.1864,0.639214,0.646129,-6.2847,-0.333333,-0.0614579,0.75314,8.16667,14.4583,0,0,3.91667,7.45833,0,-7.95734,0.0001,-0.00278749,0.0499988,1.7673,0.168953,50770,0.160918,198.79,2.19023
4677,0.152494,0.576082,0.00511183,0.00511183,0.188998,0.144344,0.813459,0.606608,0.0529375,0.0195855,0.050607,0.219783,0.0473404,0,0.85429,0.0547704,2.02164,0.173497,0,0.0750754,0.569857,4.40195,0.625008,0.358583,0.67959,2.66229,0.160505,0.217608,0,0.71714,0.0521425,0,-0.000497179,0.259568,0.963738,0.202765,0.0504798,0.053602,0.00493805,0.0041666,0.453369,0.0488868,4.24029,0.894818,11.2659,0.63562,0.644515,-6.43083,-0.333333,-0.0624704,0.75483,7,11.0833,0,0,3.75,7.20833,0,-7.95391,0.0001,-0.00167747,0.0505207,1.73333,0.125614,52881,0.160917,196.3,1.97579
4678,0.151968,0.576904,0.0050793,0.0050793,0.186087,0.144223,0.811931,0.608366,0.0526297,0.020369,0.0503049,0.219112,0.047619,0,0.856054,0.0550301,2.01385,0.177085,0,0.075268,0.57444,4.4164,0.628578,0.362591,0.674958,2.65177,0.160845,0.217102,0,0.699389,0.0490443,0,-0.000545368,0.259376,0.963121,0.203933,0.0502988,0.0533402,0.00462111,0.00385808,0.451841,0.0486659,4.10181,0.648219,11.2725,0.636937,0.649471,-6.36553,-0.333333,-0.061652,0.755515,8.375,12.2917,0,0,4.83333,5.95833,0,-7.95408,0.0001,-0.0024531,0.0507379,1.71763,0.123627,53389,0.160913,195.99,1.91621
4679,0.148903,0.562898,0.00511123,0.00511123,0.184763,0.141414,0.812983,0.599696,0.0525341,0.0206912,0.0503023,0.21927,0.0480044,0,0.851707,0.0545338,2.00771,0.177608,0,0.0749493,0.57477,4.40842,0.625853,0.358589,0.679883,2.66525,0.158251,0.217217,0,0.683519,0.0568623,0,-0.000577244,0.262417,0.962889,0.201839,0.0503027,0.0533149,0.0048278,0.00405931,0.448508,0.0486656,3.97339,0.337614,11.0855,0.643857,0.647852,-6.09049,-0.333333,-0.0609738,0.737453,8.83333,13.4583,0,0,3.54167,5.83333,0,-7.95269,0.0001,-0.0021127,0.0521975,1.65321,0.120864,55411,0.160925,196.11,2.00941
4680,0.152642,0.579646,0.00509455,0.00509455,0.188362,0.144899,0.812762,0.613204,0.0525087,0.0209304,0.0502592,0.219133,0.0483065,0,0.855097,0.0567191,2.00081,0.17819,0,0.0748953,0.576398,4.4181,0.627594,0.360736,0.677835,2.65089,0.161368,0.217204,0,0.720277,0.0504059,0,-0.000551144,0.26018,0.963474,0.205562,0.0501694,0.0532337,0.00471016,0.00396852,0.453045,0.0485445,4.04886,0.490018,11.0975,0.641078,0.639835,-6.23184,-0.333333,-0.0623903,0.759774,7.79167,12.5417,0,0,3.04167,6.5,0,-7.95148,0.0001,-0.000587165,0.056971,1.65012,0.126979,55317,0.160952,197.56,2.26508
4681,0.152608,0.575807,0.00510485,0.00510485,0.189404,0.144528,0.813991,0.607061,0.0526051,0.0209529,0.0503575,0.219415,0.0470083,0,0.8534,0.0550463,1.99463,0.176884,0,0.0741554,0.580943,4.41141,0.627271,0.359444,0.679285,2.65308,0.160892,0.217339,0,0.719658,0.0425255,0,-0.000603832,0.255415,0.962911,0.202124,0.0502982,0.0533201,0.00436385,0.00363431,0.451896,0.0486056,4.13663,0.389296,11.1561,0.64114,0.641767,-6.1493,-0.333333,-0.0625419,0.756898,8.41667,13.2917,0,0,3.125,6.79167,0,-7.94972,0.0001,-0.00222311,0.0583812,1.87777,0.12456,49094,0.160973,196.55,2.10409
4682,0.152267,0.572095,0.00514062,0.00514062,0.187749,0.143799,0.814623,0.603436,0.0525501,0.0209742,0.0503744,0.221123,0.0468096,0,0.855123,0.0551776,1.99296,0.171438,0,0.0735363,0.572721,4.39295,0.625019,0.355168,0.681112,2.66346,0.160019,0.218864,0,0.709445,0.0495468,0,-0.000581164,0.260288,0.962289,0.199863,0.05049,0.0533956,0.00471715,0.00393721,0.44864,0.048766,4.08045,0.0512807,10.9542,0.648049,0.647443,-5.87022,-0.333333,-0.0619343,0.749993,10.0833,15.2083,0,0,3.29167,6,0,-7.94861,0.0001,-0.00267746,0.0583063,1.69462,0.126237,53987,0.160982,195.46,2.05825
4683,0.155545,0.588199,0.00509117,0.00509117,0.188039,0.147719,0.813096,0.623799,0.0524325,0.0213395,0.050245,0.220882,0.0469794,0,0.859937,0.0571218,1.99591,0.170812,0,0.0728398,0.579482,4.42253,0.628432,0.361058,0.678192,2.64649,0.164558,0.218707,0,0.754174,0.0535581,0,-0.000642329,0.262005,0.962867,0.20359,0.0502232,0.0532369,0.00518997,0.00445639,0.451431,0.048565,3.97996,0.122065,11.057,0.643427,0.643382,-5.99959,-0.333333,-0.0620726,0.772669,9.16667,13.25,0,0,3,6.41667,0,-7.94801,0.0001,-0.00283852,0.0501304,1.68897,0.121727,54290,0.160997,197.9,2.2614
4684,0.153196,0.578244,0.00511924,0.00511924,0.184715,0.145315,0.813545,0.6139,0.0523077,0.021295,0.0501944,0.219081,0.0489097,0,0.850426,0.0564824,1.99494,0.174772,0,0.0736543,0.57527,4.41086,0.626431,0.357721,0.680997,2.65868,0.162549,0.216986,0,0.729429,0.0500897,0,-0.000660171,0.266363,0.962919,0.202725,0.0501685,0.0531279,0.00524203,0.00447754,0.450775,0.0485005,4.00361,0.0117208,10.8948,0.648676,0.641291,-5.85092,-0.333333,-0.0609527,0.758601,10.4583,13.7917,0,0,3.45833,6.75,0,-7.94759,0.0001,-0.00266602,0.0536251,1.64064,0.121387,55790,0.161028,198.28,2.36596
4685,0.153759,0.579388,0.00511602,0.00511602,0.187964,0.145752,0.81313,0.612215,0.0522837,0.0213051,0.0501307,0.220584,0.0495147,0,0.856602,0.0561391,1.99458,0.17827,0,0.0739427,0.576569,4.41723,0.626638,0.358011,0.680721,2.66402,0.161953,0.218554,0,0.738964,0.0511515,0,-0.000580998,0.258844,0.962219,0.20113,0.0502854,0.0531466,0.0046628,0.00391394,0.451131,0.0485838,4.0791,0.000441281,10.9701,0.647686,0.649969,-5.87461,-0.333333,-0.0619815,0.759218,10,13.625,0,0,3.83333,5.625,0,-7.94443,0.0001,-0.0023573,0.0500053,1.65671,0.122949,55237,0.161084,193.83,1.90144
4686,0.150071,0.564372,0.00511413,0.00511413,0.185878,0.142104,0.812505,0.595228,0.0523924,0.0212671,0.0501976,0.220956,0.0498026,0,0.856492,0.0536371,2.01186,0.175908,0,0.0741533,0.571519,4.41419,0.627098,0.358302,0.678631,2.64881,0.15816,0.218732,0,0.720812,0.0380931,0,-0.000627201,0.263139,0.962937,0.203379,0.0502125,0.0532052,0.00515448,0.00434508,0.451137,0.0485461,4.18244,0.0953612,10.9569,0.646674,0.647709,-5.9631,-0.333333,-0.061141,0.738725,9,12.1667,0,0,2.625,6.875,0,-7.94075,0.0001,-0.00247647,0.0486706,1.89075,0.141284,48377,0.16113,197.03,2.0474
4687,0.159675,0.605349,0.00508089,0.00508089,0.195629,0.151482,0.81284,0.6381,0.0521441,0.0212703,0.0499648,0.219278,0.0455632,0,0.858297,0.0595173,2.00608,0.168412,0,0.0721818,0.581671,4.43385,0.630606,0.362427,0.675937,2.63009,0.168354,0.217483,0,0.765948,0.0677717,0,-0.000642814,0.254511,0.963104,0.207088,0.0500207,0.0529131,0.00514077,0.00437202,0.451544,0.0483684,4.04189,0.114963,10.9907,0.645543,0.641574,-6.05453,-0.333333,-0.0648445,0.79406,8.33333,12.2917,0,0,3.5,5.5,0,-7.93767,0.0001,-0.00241004,0.0535649,1.71923,0.126724,53253,0.161184,197.71,2.36334
4688,0.153206,0.58105,0.00510003,0.00510003,0.188891,0.145712,0.811717,0.613953,0.0528452,0.0200515,0.0505007,0.220106,0.0498575,0,0.856583,0.055692,2.02802,0.176062,0,0.075274,0.573842,4.4178,0.627255,0.360007,0.679246,2.6526,0.161429,0.217932,0,0.731933,0.0472615,0,-0.000504852,0.257557,0.96358,0.203397,0.0504029,0.0535577,0.00447394,0.00370841,0.448732,0.0487834,4.13061,0.75049,11.2317,0.636927,0.643417,-6.39531,-0.333333,-0.0624322,0.758506,6.83333,11.625,0,0,3.375,7.08333,0,-7.93352,0.0001,-0.00184012,0.053513,1.6426,0.127623,55532,0.161224,197.05,2.28977
4689,0.149749,0.567955,0.00510923,0.00510923,0.188551,0.142407,0.813482,0.603895,0.0528053,0.0197383,0.0505041,0.218412,0.0480184,0,0.849482,0.055201,2.01488,0.175267,0,0.0750276,0.57669,4.41425,0.626874,0.358831,0.680766,2.66037,0.158935,0.216446,0,0.685608,0.059164,0,-0.000496614,0.258918,0.963499,0.201548,0.0504637,0.0535022,0.00456591,0.00382149,0.448829,0.0488512,4.14936,0.786615,11.222,0.63713,0.64256,-6.38386,-0.333333,-0.0622741,0.746017,8.125,12.875,0,0,4.16667,6.83333,0,-7.92861,0.0001,-0.0024309,0.0545758,1.65194,0.123218,55377,0.161265,195.66,2.04431
4690,0.154423,0.587226,0.00507726,0.00507726,0.1907,0.146779,0.811637,0.620289,0.0523714,0.02049,0.0501073,0.22031,0.0492291,0,0.861209,0.0574478,2.00877,0.176086,0,0.0745499,0.578815,4.4343,0.629951,0.362928,0.675377,2.63502,0.163007,0.218324,0,0.729259,0.0669353,0,-0.000653328,0.260828,0.963524,0.205824,0.050015,0.0530058,0.00485454,0.00406147,0.451074,0.0484022,4.03621,0.539353,11.1774,0.638811,0.641028,-6.32526,-0.333333,-0.0632596,0.768415,7.91667,12,0,0,3.83333,7.16667,0,-7.92491,0.0001,-0.0021895,0.0546421,1.65154,0.141145,54836,0.16126,197.35,2.22464
4691,0.152567,0.580795,0.00508889,0.00508889,0.188258,0.145725,0.811676,0.613645,0.0529424,0.0199631,0.0505654,0.219176,0.0481982,0,0.854712,0.0560075,2.03799,0.172813,0,0.0753901,0.573935,4.42506,0.628287,0.36145,0.677762,2.65383,0.160842,0.217185,0,0.751137,0.0563371,0,-0.00054445,0.261179,0.963529,0.203165,0.0503714,0.0536033,0.00491741,0.00416973,0.450001,0.0487726,4.09547,0.898026,11.3475,0.634351,0.648545,-6.46138,-0.333333,-0.0622327,0.758187,8.54167,13.5,0,0,4.79167,8.20833,0,-7.92389,0.0001,-0.00236404,0.0529629,1.83425,0.122483,50238,0.161256,195.66,2.04839
4692,0.148763,0.562812,0.00510449,0.00510449,0.186095,0.141477,0.812167,0.592972,0.0527505,0.0200455,0.0504374,0.21956,0.0497799,0,0.853075,0.0533901,2.01208,0.179639,0,0.0755443,0.574691,4.4132,0.627243,0.359437,0.680926,2.65273,0.157277,0.217418,0,0.717362,0.0566989,0,-0.000588128,0.26385,0.963469,0.202086,0.0502949,0.0534344,0.00495568,0.00419951,0.450951,0.0487101,4.1105,0.682956,11.2425,0.637448,0.64334,-6.30832,-0.333333,-0.061364,0.736067,9.33333,12.7917,0,0,3.83333,7.70833,0,-7.92206,0.0001,-0.00224961,0.0477666,1.62102,0.129696,56150,0.161293,197.61,2.35078
4693,0.150966,0.57248,0.0051083,0.0051083,0.186855,0.143944,0.812521,0.604553,0.0528842,0.0201809,0.0505902,0.219743,0.0475323,0,0.853957,0.0548548,2.02113,0.172887,0,0.0747844,0.573017,4.42038,0.627704,0.358957,0.678517,2.65212,0.159001,0.21762,0,0.722629,0.0567435,0,-0.000587546,0.260942,0.963317,0.20154,0.0504182,0.0535312,0.00469076,0.00398306,0.4483,0.0487906,4.02362,0.660751,11.2254,0.638428,0.646007,-6.2826,-0.333333,-0.061599,0.748853,8.54167,13,0,0,4.41667,7.54167,0,-7.91954,0.0001,-0.00173614,0.0505583,1.58586,0.121274,57584,0.161325,196.65,2.16775
4694,0.149595,0.567398,0.00509654,0.00509654,0.186279,0.142314,0.81179,0.599773,0.0528037,0.0197613,0.0504705,0.219253,0.047332,0,0.854269,0.0542052,2.02377,0.175293,0,0.075001,0.573977,4.42022,0.628195,0.360422,0.678356,2.64877,0.158553,0.217394,0,0.684657,0.0422184,0,-0.000529731,0.260214,0.96345,0.202767,0.0503513,0.0534678,0.00475222,0.00406361,0.453402,0.048756,4.11911,0.834896,11.3008,0.635243,0.644206,-6.4187,-0.333333,-0.0615006,0.742381,7.04167,11.375,0,0,3.70833,6.25,0,-7.91777,0.0001,-0.00246235,0.0505172,1.60903,0.123256,56748,0.161333,196.85,2.03744
4695,0.149933,0.569536,0.00509683,0.00509683,0.184201,0.142823,0.811999,0.602084,0.0527456,0.019987,0.0504356,0.218131,0.0500639,0,0.848674,0.0547758,2.01689,0.175037,0,0.075047,0.574801,4.4146,0.626596,0.360376,0.680542,2.6542,0.158292,0.215853,0,0.722892,0.0420213,0,-0.000622931,0.266954,0.963784,0.201717,0.0502803,0.0533561,0.00518435,0.00440338,0.450358,0.0487013,3.90961,0.781038,11.25,0.636546,0.643858,-6.40127,-0.333333,-0.0609355,0.74484,8.04167,11.2917,0,0,3.45833,7.08333,0,-7.91724,0.0001,-0.000721102,0.0511367,1.70588,0.159395,52702,0.161324,198.97,2.30621
4696,0.149246,0.569364,0.00510082,0.00510082,0.18397,0.142312,0.811498,0.604563,0.0527451,0.0197216,0.0504663,0.217156,0.049778,0,0.846619,0.0550844,2.02587,0.178161,0,0.0753009,0.571073,4.40603,0.626961,0.359987,0.676657,2.65139,0.158925,0.215212,0,0.713571,0.0494899,0,-0.000472283,0.264794,0.96351,0.20254,0.0504221,0.0534555,0.00436638,0.00362519,0.450228,0.048806,3.9412,0.829047,11.1663,0.639747,0.639099,-6.39195,-0.333333,-0.0609981,0.743035,7,10.875,0,0,3.625,6.875,0,-7.9158,0.0001,-0.0025098,0.0526823,1.66577,0.141587,54390,0.161325,199.28,2.30385
4697,0.150688,0.571587,0.0051059,0.0051059,0.185249,0.143455,0.812705,0.603273,0.0522348,0.0210052,0.0500846,0.218736,0.0490492,0,0.851263,0.0550192,2.01649,0.178915,0,0.0750343,0.579198,4.42632,0.628966,0.359287,0.676327,2.64524,0.159082,0.216728,0,0.724944,0.048614,0,-0.00065762,0.264092,0.962731,0.203981,0.0500621,0.0530091,0.00478649,0.00405492,0.452758,0.0484192,4.02773,0.209271,11.014,0.645556,0.64117,-6.03121,-0.333333,-0.0611566,0.748781,10,12.7083,0,0,3.25,6.58333,0,-7.91518,0.0001,-0.00221766,0.0523003,1.66678,0.120195,55011,0.161317,195.09,1.97985
4698,0.148849,0.565567,0.00511393,0.00511393,0.183726,0.142118,0.812503,0.59972,0.0526729,0.0203118,0.0504174,0.217209,0.0489264,0,0.843257,0.0541026,2.00646,0.179644,0,0.0750112,0.579835,4.41187,0.627362,0.358304,0.67962,2.65071,0.15813,0.215118,0,0.712614,0.0362585,0,-0.000584766,0.262229,0.96281,0.20044,0.0503608,0.0533989,0.0042105,0.00348055,0.451969,0.0486754,4.0053,0.501082,11.16,0.641356,0.646698,-6.13501,-0.333333,-0.0606158,0.740129,9.375,12.7917,0,0,3.5,5.91667,0,-7.91694,0.0001,-0.00269242,0.0583479,1.62773,0.126284,56045,0.161274,194.46,2.16286
4699,0.150355,0.574694,0.00511222,0.00511222,0.184523,0.144202,0.812174,0.609536,0.0526307,0.020398,0.0504008,0.21832,0.0485412,0,0.848961,0.0559628,2.01428,0.175275,0,0.0745968,0.576403,4.41859,0.627111,0.358561,0.67959,2.65762,0.159408,0.216245,0,0.722719,0.0509576,0,-0.000610592,0.266751,0.963117,0.202248,0.0502524,0.0533619,0.00533074,0.00461464,0.452691,0.0486561,4.07541,0.492124,11.0934,0.642055,0.640053,-6.16388,-0.333333,-0.0609505,0.750646,9.54167,13.125,0,0,3.66667,6.83333,0,-7.91888,0.0001,-0.00213802,0.0537407,1.67041,0.124345,54772,0.161308,198.57,2.45683
4700,0.151766,0.575488,0.00510456,0.00510456,0.18596,0.144693,0.812353,0.610128,0.0527779,0.0205493,0.0505119,0.219569,0.0474691,0,0.853719,0.0555871,2.00373,0.174747,0,0.0746996,0.578891,4.4137,0.627638,0.359459,0.680026,2.6497,0.160209,0.217427,0,0.740331,0.055288,0,-0.000563817,0.261328,0.962733,0.199957,0.0505312,0.0535628,0.00453883,0.00378973,0.450335,0.0488651,4.03291,0.424754,11.1878,0.640873,0.645855,-6.14177,-0.333333,-0.0613655,0.75342,9.54167,13.25,0,0,3.95833,5.70833,0,-7.91689,0.0001,-0.0024352,0.0456661,1.62777,0.126893,56024,0.161316,196.09,2.21817
4701,0.154307,0.58894,0.00508748,0.00508748,0.188101,0.147666,0.811509,0.623162,0.0526217,0.0200774,0.0503343,0.219244,0.0491652,0,0.855246,0.0571269,2.0064,0.175984,0,0.0748719,0.580727,4.43236,0.629292,0.361557,0.675664,2.64389,0.163032,0.217262,0,0.745026,0.0489703,0,-0.000603725,0.259514,0.963565,0.203232,0.0502303,0.0532755,0.00448688,0.00371942,0.44867,0.0485975,3.9322,0.657371,11.2201,0.638154,0.643542,-6.34772,-0.333333,-0.0622232,0.769645,8.20833,12.0833,0,0,3.95833,7.08333,0,-7.91558,0.0001,-0.00265662,0.0508095,1.58063,0.125925,57603,0.161309,197.86,2.26177
4702,0.154352,0.590638,0.00509479,0.00509479,0.189695,0.147936,0.812065,0.624735,0.05279,0.0197939,0.050495,0.218633,0.0466899,0,0.852271,0.0571146,2.00917,0.169799,0,0.0743071,0.57902,4.42356,0.627641,0.360669,0.679362,2.64448,0.163006,0.216579,0,0.739867,0.0586224,0,-0.000558218,0.258113,0.963529,0.203544,0.0503427,0.0534273,0.00490118,0.00414082,0.451135,0.048736,4.13056,0.837237,11.2717,0.636296,0.644284,-6.41937,-0.333333,-0.0627955,0.772588,7.41667,10.7083,0,0,3.375,7.58333,0,-7.91395,0.0001,-0.00244726,0.0477273,1.874,0.130589,49039,0.161316,196.61,2.20508
4703,0.149063,0.564115,0.00511375,0.00511375,0.18197,0.141713,0.812519,0.596046,0.0528155,0.0197349,0.0505619,0.219249,0.049148,0,0.851174,0.0541082,2.01862,0.175717,0,0.075438,0.570837,4.39845,0.624952,0.358285,0.680859,2.66864,0.157438,0.217132,0,0.728867,0.0397829,0,-0.000594304,0.266081,0.962801,0.198696,0.0505125,0.0535284,0.00451097,0.00372765,0.446107,0.0488821,3.86432,0.652122,11.2236,0.639347,0.646599,-6.26492,-0.333333,-0.0600719,0.737552,8.95833,11.5833,0,0,4.08333,7.20833,0,-7.91292,0.0001,-0.00224115,0.0494054,1.62527,0.125234,56157,0.161346,197.63,2.19553
4704,0.150062,0.568981,0.00511386,0.00511386,0.184004,0.14329,0.812374,0.596726,0.0531625,0.0199647,0.0508456,0.21962,0.0475348,0,0.851741,0.0534309,2.00931,0.174541,0,0.0750139,0.572549,4.39014,0.624016,0.358213,0.681451,2.67418,0.157032,0.217378,0,0.71027,0.0359604,0,-0.000460424,0.261436,0.963138,0.19599,0.0508424,0.0539261,0.00467656,0.00391008,0.44772,0.0491934,4.02628,0.846344,11.3405,0.636597,0.651251,-6.33601,-0.333333,-0.0605418,0.743596,7.79167,10.5417,0,0,3.41667,6.25,0,-7.90986,0.0001,-0.00164234,0.0534435,1.58205,0.121673,57699,0.161387,195.21,2.18176
4705,0.148955,0.56338,0.00512203,0.00512203,0.184717,0.141846,0.812237,0.595703,0.0528674,0.0205213,0.0506327,0.218226,0.0495777,0,0.845343,0.0536988,2.01331,0.176826,0,0.0755885,0.573399,4.39454,0.623827,0.35721,0.683125,2.68164,0.156914,0.216079,0,0.710012,0.0438312,0,-0.000516118,0.26371,0.962729,0.197423,0.050681,0.0536884,0.00493321,0.00418739,0.446754,0.0490263,3.97514,0.46997,11.2147,0.641623,0.651055,-6.10821,-0.333333,-0.0607532,0.734202,9.54167,12.4167,0,0,3.83333,6.95833,0,-7.9068,0.0001,-0.00259143,0.0534805,1.58059,0.11969,57816,0.161384,194.16,1.86058
4706,0.151656,0.575822,0.00510969,0.00510969,0.184842,0.144679,0.812077,0.607573,0.0528483,0.0204357,0.0505927,0.218218,0.049646,0,0.847954,0.0546874,2.00698,0.177061,0,0.0754375,0.575922,4.40438,0.625395,0.358809,0.68185,2.66526,0.159941,0.216065,0,0.748807,0.0442097,0,-0.000615869,0.263106,0.962796,0.199645,0.0504911,0.0535173,0.0050761,0.00433734,0.446115,0.048863,3.98161,0.644053,11.2454,0.640486,0.647265,-6.23409,-0.333333,-0.0610082,0.751125,9.04167,12.3333,0,0,3.79167,5.95833,0,-7.90629,0.0001,-0.00255209,0.0479383,1.59663,0.117271,57356,0.161355,196.32,2.25497
4707,0.150624,0.568514,0.00511006,0.00511006,0.185728,0.143196,0.812637,0.600552,0.052961,0.0203459,0.0506796,0.219322,0.0492482,0,0.850825,0.0536599,2.01787,0.176896,0,0.0755352,0.571309,4.39418,0.624479,0.358688,0.679565,2.67103,0.159003,0.217073,0,0.722159,0.0377881,0,-0.000572218,0.258858,0.962644,0.196971,0.0506742,0.0536505,0.00463008,0.0038297,0.448117,0.0489579,4.12385,0.726585,11.3297,0.638434,0.650453,-6.26281,-0.333333,-0.0611727,0.743564,9.20833,12.4167,0,0,3.45833,8,0,-7.90412,0.0001,-0.00203142,0.0507948,1.84636,0.131954,49690,0.161372,197.08,2.21854
4708,0.152943,0.586389,0.0050773,0.0050773,0.188473,0.146603,0.811097,0.620275,0.0524884,0.0206848,0.0502691,0.217325,0.0490895,0,0.849789,0.0567612,2.00144,0.175941,0,0.0750622,0.578955,4.41391,0.6269,0.362815,0.678102,2.65778,0.162486,0.215302,0,0.737122,0.0360985,0,-0.000626522,0.256197,0.96241,0.202378,0.050289,0.0532009,0.00433207,0.00361877,0.447428,0.0486005,3.90117,0.468027,11.2743,0.639544,0.645221,-6.22021,-0.333333,-0.0625166,0.765552,9.75,11.75,0,0,4.20833,6.95833,0,-7.90208,0.0001,-0.00270569,0.0516274,1.61316,0.117566,56799,0.161334,197.87,2.18957
4709,0.147742,0.558712,0.00510597,0.00510597,0.184147,0.140171,0.812345,0.592964,0.0527768,0.0204149,0.0505164,0.218599,0.0489729,0,0.84909,0.0531809,2.00374,0.17831,0,0.075755,0.569857,4.39255,0.624439,0.359242,0.681172,2.66506,0.156695,0.216457,0,0.702854,0.0486457,0,-0.000519897,0.262528,0.962926,0.199609,0.0505095,0.0535039,0.00505043,0.00430166,0.448532,0.0488639,4.1348,0.62902,11.25,0.639533,0.650343,-6.19838,-0.333333,-0.0608224,0.72986,9.33333,12.1667,0,0,3.66667,7.04167,0,-7.90352,0.0001,-0.00270424,0.0520082,1.52534,0.114875,59933,0.161334,196.88,2.1799
4710,0.15069,0.573022,0.00510762,0.00510762,0.183397,0.144096,0.811677,0.601404,0.0525086,0.0209339,0.0503165,0.2188,0.0523067,0,0.848667,0.0542148,2.00476,0.181637,0,0.0760994,0.575667,4.40479,0.625878,0.359074,0.680141,2.66254,0.158755,0.216298,0,0.726707,0.0473749,0,-0.000601975,0.266978,0.962079,0.199083,0.0503948,0.0533132,0.00517278,0.00438406,0.449073,0.0487164,4.05146,0.331268,11.2026,0.642735,0.653474,-6.0404,-0.333333,-0.0604858,0.747194,9.95833,12.7083,0,0,3.33333,6.08333,0,-7.90199,0.0001,-0.00272073,0.0507387,1.52516,0.115697,59910,0.161389,195.92,2.08004
4711,0.149478,0.568576,0.00510191,0.00510191,0.182555,0.142876,0.811232,0.602881,0.0524996,0.0212728,0.0503391,0.217393,0.0503195,0,0.844808,0.0547713,2.0095,0.179476,0,0.0754991,0.572143,4.39085,0.625,0.359756,0.679089,2.65666,0.157995,0.215063,0,0.726706,0.0363769,0,-0.000593896,0.266184,0.961934,0.198275,0.050506,0.0533906,0.00518683,0.00441979,0.445257,0.0488092,3.98029,0.162297,11.1461,0.645608,0.653842,-5.95432,-0.333333,-0.0602607,0.740382,10.2083,12.5417,0,0,3.54167,5.25,0,-7.90087,0.0001,-0.00254733,0.0486557,1.62469,0.17828,54523,0.161403,197.01,2.21067
4712,0.149138,0.562664,0.00515925,0.00515925,0.181151,0.141929,0.812891,0.58735,0.0530504,0.019743,0.0508185,0.218213,0.0488723,0,0.840467,0.052491,2.00881,0.178368,0,0.0757637,0.566529,4.37606,0.622237,0.352804,0.683887,2.68221,0.155566,0.215746,0,0.695296,0.0349465,0,-0.000500948,0.265645,0.96246,0.192214,0.0509261,0.0538479,0.00449835,0.00373126,0.442327,0.0492406,4.05161,0.644373,11.2265,0.642128,0.650766,-6.09583,-0.333333,-0.0594933,0.73147,7.875,10.9583,0,0,2.625,6.20833,0,-7.8996,0.0001,-0.00212727,0.052485,1.70871,0.127317,53541,0.16146,195.48,1.94305
4713,0.152957,0.577566,0.00511012,0.00511012,0.18786,0.145468,0.811459,0.605519,0.052748,0.0208321,0.0505554,0.218764,0.0459571,0,0.849141,0.0542897,2.01979,0.17181,0,0.0741008,0.572672,4.39249,0.623595,0.358709,0.681748,2.67479,0.159925,0.216577,0,0.726407,0.0498006,0,-0.000579851,0.258168,0.962504,0.197862,0.0506078,0.0535445,0.004715,0.00393746,0.448365,0.0488949,4.08175,0.467705,11.2503,0.641345,0.652619,-6.0902,-0.333333,-0.0618119,0.750233,9.125,11,0,0,2.83333,6.45833,0,-7.89569,0.0001,-0.00192626,0.0533829,1.60972,0.12387,56705,0.161518,196.2,2.13484
4714,0.151235,0.575217,0.00510306,0.00510306,0.186989,0.144324,0.812017,0.608419,0.052797,0.0205551,0.0505637,0.217843,0.0473218,0,0.846634,0.0549223,1.99599,0.175289,0,0.0746622,0.578616,4.39775,0.625353,0.359606,0.680313,2.66401,0.159914,0.215416,0,0.725585,0.049888,0,-0.000593629,0.254801,0.962348,0.197348,0.0506097,0.0535217,0.00445629,0.00368302,0.449436,0.0488996,4.13901,0.531336,11.2882,0.640558,0.648019,-6.17462,-0.333333,-0.0617784,0.74938,10.6667,13.25,0,0,3.58333,7.33333,0,-7.89133,0.0001,-0.00252902,0.0498487,1.5528,0.119251,58792,0.161589,197.04,1.97674
4715,0.146915,0.558879,0.0051228,0.0051228,0.184643,0.140554,0.811691,0.592304,0.053335,0.019149,0.0509683,0.217669,0.0486846,0,0.842553,0.0526948,2.0293,0.177836,0,0.0758711,0.572973,4.39584,0.623531,0.357311,0.681933,2.67394,0.155638,0.215291,0,0.704781,0.0314856,0,-0.000548196,0.258461,0.963405,0.195377,0.0508433,0.0539049,0.00439783,0.00358945,0.447392,0.0491984,4.22038,1.21176,11.4551,0.633615,0.651893,-6.53437,-0.333333,-0.060858,0.72726,7.95833,11.5,0,0,4.25,8.16667,0,-7.88908,0.0001,-0.00207953,0.0520889,1.56998,0.123684,58042,0.161617,196.13,2.00504
4716,0.151587,0.574834,0.00508699,0.00508699,0.18435,0.144013,0.811594,0.608562,0.0526295,0.0207135,0.0503819,0.218106,0.0496419,0,0.849499,0.0546956,2.01722,0.178419,0,0.07557,0.576113,4.41296,0.627064,0.361641,0.677642,2.65817,0.160462,0.215772,0,0.722221,0.0268268,0,-0.000655774,0.261938,0.962629,0.202224,0.0503022,0.0532943,0.00475894,0.00395873,0.453225,0.0486279,4.16292,0.546424,11.2785,0.639905,0.649033,-6.24405,-0.333333,-0.060959,0.75012,9.25,12.9583,0,0,3.83333,7.41667,0,-7.88907,0.0001,-0.00207525,0.0518299,1.78713,0.1259,51386,0.16161,197.13,2.06466
4717,0.151779,0.574655,0.00507921,0.00507921,0.187347,0.143557,0.81047,0.609669,0.0528088,0.0199939,0.0505108,0.217305,0.0474243,0,0.849181,0.0555191,2.02093,0.17241,0,0.0748886,0.57634,4.41255,0.626786,0.362642,0.676902,2.65734,0.160952,0.215214,0,0.711164,0.0286301,0,-0.000575583,0.258961,0.962972,0.202353,0.0503892,0.0534633,0.00475962,0.00400607,0.449304,0.0487714,4.06105,0.878667,11.3862,0.635654,0.649752,-6.46263,-0.333333,-0.0621623,0.748806,8.41667,11.2917,0,0,4.33333,7.75,0,-7.88914,0.0001,-0.00316276,0.0510244,1.63138,0.123288,56024,0.161564,196.05,1.79388
4718,0.151304,0.578232,0.00510357,0.00510357,0.187106,0.144532,0.811115,0.610231,0.053065,0.0193787,0.0507496,0.216865,0.0475243,0,0.845164,0.0555396,2.02953,0.173593,0,0.0749324,0.572714,4.40101,0.623547,0.359663,0.682016,2.68678,0.159865,0.214774,0,0.730437,0.0470148,0,-0.000484937,0.260159,0.963364,0.19907,0.0506584,0.0536819,0.0045498,0.00380349,0.448833,0.0490379,4.11692,1.13798,11.4171,0.633992,0.645452,-6.55132,-0.333333,-0.0620039,0.751547,7.08333,10.5417,0,0,3.83333,8.375,0,-7.89001,0.0001,-0.00246382,0.0483825,1.6112,0.122394,56705,0.161582,197.46,2.13597
4719,0.14707,0.562119,0.00509882,0.00509882,0.184337,0.141211,0.811131,0.594203,0.0531191,0.0193159,0.0507601,0.218966,0.0484312,0,0.850372,0.0527439,2.03986,0.177701,0,0.0759078,0.569801,4.40122,0.625726,0.360176,0.679052,2.66325,0.155807,0.216623,0,0.703484,0.0509804,0,-0.00054287,0.257665,0.964169,0.197679,0.0506579,0.0536566,0.00485235,0.00402468,0.44948,0.049086,4.18056,1.23598,11.4738,0.631322,0.647725,-6.65223,-0.333333,-0.0607718,0.731131,7.29167,9.83333,0,0,4.08333,8.91667,0,-7.88535,0.0001,-0.00147395,0.0487847,1.55687,0.122482,58536,0.161648,197.86,2.14998
4720,0.151286,0.576878,0.00509683,0.00509683,0.187101,0.14443,0.811044,0.61349,0.0531853,0.0192187,0.0508156,0.217599,0.0461285,0,0.847592,0.0553756,2.02472,0.173009,0,0.0752967,0.573412,4.40376,0.625465,0.360497,0.677137,2.66651,0.161009,0.21544,0,0.722943,0.0415409,0,-0.000434591,0.254238,0.963398,0.197505,0.0507939,0.0538451,0.00408292,0.00331767,0.441747,0.0491548,3.96292,1.18577,11.5049,0.632346,0.650017,-6.59603,-0.333333,-0.0619698,0.751251,7.375,10.625,0,0,4.29167,7.66667,0,-7.87996,0.0001,-0.00048307,0.0506416,1.6155,0.12259,56558,0.161711,196.14,1.93357
4721,0.150136,0.56903,0.00511177,0.00511177,0.185273,0.14296,0.811606,0.605435,0.0528374,0.0198357,0.0506021,0.218516,0.0484261,0,0.848587,0.0544736,2.0045,0.175716,0,0.0750056,0.575694,4.3905,0.62423,0.358482,0.68142,2.6743,0.159391,0.216407,0,0.696545,0.0340202,0,-0.000566852,0.257302,0.96272,0.196743,0.0506276,0.0535373,0.00478827,0.00405229,0.447334,0.0489818,4.17018,0.681912,11.3137,0.637926,0.646948,-6.26428,-0.333333,-0.061079,0.741206,7.875,10.0417,0,0,3.625,7.29167,0,-7.87494,0.0001,-0.00182124,0.0515271,1.79295,0.126784,51207,0.161748,195.32,2.07276
4722,0.152217,0.578789,0.0051115,0.0051115,0.186091,0.14567,0.812046,0.605293,0.0527224,0.0202566,0.0505111,0.220142,0.0485112,0,0.85341,0.0545306,2.01648,0.176959,0,0.0749164,0.577841,4.40492,0.624829,0.358682,0.682806,2.67328,0.158841,0.217715,0,0.714535,0.042431,0,-0.00049151,0.260681,0.962869,0.196644,0.0506888,0.0535852,0.00459709,0.00378202,0.44527,0.0490154,3.97938,0.525316,11.2554,0.639973,0.644756,-6.17547,-0.333333,-0.0613066,0.752915,9.20833,11.5,0,0,3.125,7.95833,0,-7.87337,0.0001,-0.00231496,0.0513404,1.6452,0.126231,55494,0.161778,196.06,2.1
4723,0.147354,0.558138,0.00512949,0.00512949,0.183081,0.140455,0.812183,0.589439,0.0529744,0.019582,0.0507175,0.219049,0.0492654,0,0.847839,0.0522527,2.0198,0.180528,0,0.075818,0.572909,4.38777,0.624387,0.356454,0.68114,2.66817,0.155478,0.216778,0,0.710314,0.0263026,0,-0.000538549,0.260736,0.962917,0.195179,0.0507455,0.0536566,0.0046132,0.00384762,0.444071,0.0490997,4.14034,0.795652,11.3001,0.638166,0.645739,-6.28594,-0.333333,-0.0602545,0.726364,9.08333,11.3333,0,0,3.625,7.54167,0,-7.87136,0.0001,-0.00270417,0.05151,1.5578,0.122398,58507,0.161827,195.68,1.98053
4724,0.151994,0.575732,0.00510086,0.00510086,0.189378,0.144664,0.811122,0.609447,0.0525998,0.0208871,0.0504369,0.219527,0.0464572,0,0.852108,0.0548995,2.017,0.169536,0,0.073414,0.577563,4.40695,0.625412,0.359883,0.680423,2.66792,0.160606,0.217058,0,0.703117,0.0437685,0,-0.000507899,0.253751,0.962545,0.199358,0.0505413,0.0534472,0.00481286,0.00401436,0.448065,0.0488638,4.16753,0.333191,11.168,0.641832,0.64604,-6.12424,-0.333333,-0.0624888,0.749041,9.45833,11.7917,0,0,2.91667,6.79167,0,-7.86594,0.0001,-0.00221713,0.0525874,1.60395,0.124998,56857,0.161877,197.53,1.90611
4725,0.148434,0.558428,0.0051216,0.0051216,0.183298,0.140747,0.812476,0.586661,0.0527199,0.0204922,0.0505307,0.218747,0.0497999,0,0.846898,0.0520492,2.0223,0.180477,0,0.0756207,0.575818,4.39509,0.624703,0.357283,0.681592,2.6628,0.155683,0.216386,0,0.712731,0.0332773,0,-0.000555769,0.264136,0.96217,0.197175,0.0506022,0.0535715,0.00513146,0.00441978,0.446882,0.0489564,4.1097,0.383922,11.1903,0.64257,0.646408,-6.03969,-0.333333,-0.0603306,0.729089,10.5833,12.7083,0,0,2.83333,7.25,0,-7.86147,0.0001,-0.00251632,0.0487316,1.8161,0.140996,50229,0.16192,195.32,1.78041
4726,0.149754,0.563376,0.00510633,0.00510633,0.184192,0.141528,0.811432,0.596358,0.0528208,0.0202979,0.0505957,0.219257,0.0487371,0,0.850238,0.0535363,2.02008,0.174933,0,0.0749816,0.580426,4.40778,0.624477,0.359299,0.680646,2.6614,0.158599,0.216582,0,0.706121,0.0428259,0,-0.000503562,0.259985,0.962296,0.197229,0.0507376,0.0536315,0.00488541,0.00400507,0.449682,0.0490592,4.27631,0.615364,11.2848,0.639754,0.646532,-6.23589,-0.333333,-0.0607963,0.734791,9.66667,11.0833,0,0,3.25,6.66667,0,-7.85816,0.0001,-0.00300825,0.0509139,1.60706,0.126695,56700,0.161944,196.78,2.14694
4727,0.149456,0.565909,0.0051036,0.0051036,0.187543,0.142076,0.811499,0.595829,0.0528881,0.0201709,0.0506242,0.218755,0.0473251,0,0.849863,0.0533181,2.02746,0.172584,0,0.0746825,0.572704,4.40588,0.624953,0.359539,0.680098,2.6679,0.157581,0.216386,0,0.715079,0.0422846,0,-0.00049999,0.256876,0.962367,0.198071,0.0506792,0.0536694,0.00445252,0.00367104,0.446715,0.0489931,4.07696,0.652597,11.3141,0.638641,0.649132,-6.27106,-0.333333,-0.0618883,0.737409,8.45833,10.5417,0,0,3.125,7.91667,0,-7.85621,0.0001,-0.00249482,0.0491059,1.65268,0.123223,55354,0.161968,195.59,2.00249
4728,0.154085,0.582959,0.00509064,0.00509064,0.184961,0.14598,0.811151,0.611245,0.0525879,0.0208602,0.050412,0.218851,0.0458291,0,0.851991,0.0559977,2.0262,0.168251,0,0.0742415,0.574934,4.4057,0.626663,0.36117,0.676315,2.64717,0.161511,0.216455,0,0.721218,0.0539539,0,-0.000638906,0.262193,0.962058,0.200906,0.050344,0.0533633,0.00482766,0.00405298,0.444431,0.0486635,3.8816,0.441824,11.2547,0.641604,0.650926,-6.13573,-0.333333,-0.0612615,0.759045,9.04167,11.5417,0,0,2.83333,6.125,0,-7.85546,0.0001,-0.0021744,0.0542893,1.56012,0.121921,58443,0.16201,196.55,2.06593
4729,0.150935,0.570829,0.00511139,0.00511139,0.183073,0.143241,0.811823,0.601339,0.052516,0.0207573,0.0503671,0.21836,0.0489567,0,0.84694,0.0548018,2.01934,0.174563,0,0.0748293,0.576483,4.41322,0.626268,0.358665,0.680357,2.6582,0.158537,0.215859,0,0.711447,0.0482693,0,-0.000548488,0.265599,0.962156,0.199656,0.0504666,0.0534043,0.0051671,0.00436778,0.446692,0.0488213,4.08294,0.272276,11.1532,0.644689,0.647362,-6.022,-0.333333,-0.0605084,0.743489,9.83333,11.3333,0,0,3.20833,6.70833,0,-7.85174,0.0001,-0.0029285,0.0504206,1.60945,0.12612,56640,0.162095,194.52,1.93494
4730,0.147476,0.555295,0.0051271,0.0051271,0.185219,0.140089,0.811668,0.585375,0.052811,0.0208145,0.0506246,0.21928,0.0479863,0,0.847966,0.0518559,2.00879,0.176413,0,0.0748534,0.578889,4.38673,0.623957,0.356591,0.681405,2.67787,0.155165,0.216922,0,0.696805,0.0334769,0,-0.000528566,0.255868,0.961873,0.195063,0.0507865,0.0536835,0.0043805,0.00362471,0.446753,0.049049,4.16777,0.37077,11.2109,0.64341,0.650401,-5.98282,-0.333333,-0.0608426,0.722794,10.75,12.4167,0,0,3.33333,6.08333,0,-7.84839,0.0001,-0.00265519,0.0491858,1.81468,0.123156,50728,0.1621,197.39,2.25144
4731,0.152649,0.584844,0.00509672,0.00509672,0.188541,0.146368,0.810116,0.61632,0.0525516,0.0204737,0.0503567,0.219044,0.0481808,0,0.853095,0.0563312,2.04112,0.173636,0,0.0746665,0.5733,4.41826,0.62697,0.36047,0.676407,2.65626,0.160795,0.216761,0,0.726229,0.0497623,0,-0.000545861,0.257652,0.962784,0.202687,0.0503486,0.0532946,0.0043553,0.00357981,0.44912,0.0486854,4.18386,0.557872,11.1984,0.641088,0.642709,-6.26232,-0.333333,-0.0624704,0.75766,8.5,10.75,0,0,3.08333,8.29167,0,-7.84805,0.0001,-0.00208591,0.0485931,1.61164,0.135396,56269,0.162101,196.98,2.0421
4732,0.152561,0.581588,0.00509642,0.00509642,0.18647,0.14561,0.8108,0.618414,0.0530566,0.0197224,0.0507583,0.217941,0.0470969,0,0.847978,0.0558818,2.0294,0.170342,0,0.074474,0.576042,4.39916,0.625296,0.360533,0.678874,2.66059,0.161752,0.215532,0,0.73687,0.0532487,0,-0.000562328,0.257476,0.962881,0.199122,0.0506418,0.053641,0.00468676,0.00386807,0.447871,0.0490069,4.12171,1.0225,11.4125,0.634966,0.645789,-6.5207,-0.333333,-0.061784,0.755642,7.91667,11.375,0,0,3.70833,8.91667,0,-7.84803,0.0001,-0.00259266,0.0518988,1.60183,0.123058,56991,0.162078,197.44,2.22598
4733,0.151017,0.571503,0.00510186,0.00510186,0.186253,0.143742,0.811172,0.603258,0.0527891,0.0208843,0.0505716,0.218214,0.046257,0,0.8467,0.0537592,2.01328,0.169976,0,0.0743109,0.577839,4.39914,0.625268,0.359774,0.679523,2.66218,0.15972,0.215697,0,0.713829,0.0280854,0,-0.000535779,0.257596,0.961694,0.19768,0.0506524,0.0536048,0.00445247,0.00364919,0.447336,0.0489098,4.11296,0.503162,11.3256,0.640118,0.648257,-6.15447,-0.333333,-0.0614149,0.743615,9.95833,12.5,0,0,3.5,7.41667,0,-7.84782,0.0001,-0.00262336,0.0510163,1.58065,0.121081,57767,0.162124,196.88,2.1963
4734,0.149317,0.566995,0.00509562,0.00509562,0.184647,0.141865,0.809849,0.606732,0.0527586,0.0201838,0.0505369,0.217663,0.0490283,0,0.847104,0.0553219,2.02182,0.172638,0,0.0750496,0.578984,4.41139,0.626159,0.360511,0.679595,2.6668,0.159757,0.21531,0,0.715697,0.0573518,0,-0.000527485,0.260909,0.962312,0.199643,0.050557,0.0534855,0.00513906,0.00434821,0.450339,0.0489182,4.15622,0.777363,11.3302,0.639072,0.647042,-6.33044,-0.333333,-0.0611667,0.736458,8.54167,11.9583,0,0,3.95833,7.125,0,-7.84448,0.0001,-0.0022393,0.0485379,1.57893,0.135496,57339,0.162119,198.22,2.02398
4735,0.148661,0.567512,0.00510963,0.00510963,0.182458,0.142836,0.811072,0.599727,0.0528865,0.0202357,0.0506339,0.21864,0.0490411,0,0.847098,0.0538381,2.01542,0.175107,0,0.0754324,0.573809,4.39952,0.625306,0.358772,0.680367,2.6662,0.157027,0.216053,0,0.736866,0.0260934,0,-0.000517106,0.263805,0.962712,0.19697,0.0506623,0.0536131,0.00484289,0.00401322,0.445973,0.0490045,4.08075,0.722532,11.3295,0.638575,0.649991,-6.28684,-0.333333,-0.0601157,0.73827,8.875,10.9583,0,0,3.125,7.375,0,-7.84488,0.0001,-0.00238282,0.0499264,1.70551,0.126971,53645,0.162119,197.98,2.1384
4736,0.150877,0.581672,0.00511698,0.00511698,0.184414,0.145699,0.810219,0.613785,0.0530261,0.0199748,0.0507842,0.218144,0.0486259,0,0.846291,0.0561759,2.03765,0.17396,0,0.0760381,0.570671,4.38754,0.62342,0.357926,0.68123,2.67478,0.158939,0.215687,0,0.740314,0.0492761,0,-0.000538684,0.261565,0.962684,0.197692,0.0507045,0.053718,0.00491798,0.00415488,0.448544,0.0490516,4.08489,0.866748,11.3338,0.639049,0.648271,-6.34797,-0.333333,-0.0609498,0.753772,8.125,9.66667,0,0,3.375,7.16667,0,-7.84224,0.0001,-0.00312523,0.0506045,1.65493,0.130107,55071,0.162089,195.55,2.03075
4737,0.148855,0.564839,0.00509095,0.00509095,0.181744,0.141422,0.809224,0.60078,0.0530408,0.0201026,0.0507597,0.217341,0.0496079,0,0.845462,0.0543668,2.03956,0.17498,0,0.0765759,0.57171,4.3903,0.624366,0.361099,0.679008,2.67016,0.158456,0.214738,0,0.718278,0.0605573,0,-0.000521249,0.262457,0.962194,0.198662,0.0506955,0.0537535,0.00451819,0.00373056,0.445246,0.0490062,3.97048,0.913492,11.4639,0.636136,0.655224,-6.39053,-0.333333,-0.0601407,0.731841,9.625,12.125,0,0,4,7.375,0,-7.84415,0.0001,-0.00308605,0.0523148,1.59233,0.121079,57373,0.1621,197.59,2.10671
4738,0.15192,0.576042,0.00510414,0.00510414,0.188368,0.144432,0.810765,0.609006,0.0530699,0.0204034,0.0508331,0.217308,0.0449614,0,0.844234,0.0548102,2.01541,0.166826,0,0.0741997,0.573956,4.39137,0.623915,0.359547,0.68141,2.67115,0.160379,0.214747,0,0.724118,0.0523473,0,-0.000532304,0.255333,0.961941,0.196862,0.0508481,0.053796,0.00462496,0.00385729,0.4486,0.0491401,4.04083,0.798449,11.4188,0.637954,0.648348,-6.31018,-0.333333,-0.0622927,0.747987,9.25,12,0,0,2.95833,7.54167,0,-7.84381,0.0001,-0.00251989,0.0533154,1.57,0.125058,57994,0.16215,197.71,2.13112
4739,0.147375,0.554846,0.00510055,0.00510055,0.183752,0.139004,0.809795,0.586761,0.0530389,0.0201219,0.05075,0.219177,0.0492977,0,0.851118,0.052413,2.03287,0.175395,0,0.0761587,0.572794,4.40292,0.625194,0.35992,0.679436,2.67368,0.155618,0.216578,0,0.681105,0.035421,0,-0.000524001,0.261172,0.962345,0.197864,0.0507036,0.0537238,0.00486391,0.00407778,0.44963,0.0490489,4.18812,0.92633,11.43,0.635748,0.650916,-6.39487,-0.333333,-0.0607381,0.720108,8.75,12.5,0,0,3.54167,7.125,0,-7.84118,0.0001,-0.0028224,0.0531193,1.87199,0.143778,48767,0.162179,195.59,1.91798
4740,0.150567,0.574798,0.00511308,0.00511308,0.185077,0.144145,0.810205,0.600361,0.0533271,0.0198398,0.0509946,0.219841,0.0466426,0,0.851971,0.0536877,2.03702,0.169491,0,0.0756319,0.572213,4.38329,0.622307,0.358386,0.680938,2.67412,0.156917,0.217059,0,0.724801,0.0501447,0,-0.000494974,0.260429,0.962467,0.195989,0.0509415,0.0539773,0.005036,0.00422433,0.448805,0.0492996,4.2593,1.12218,11.51,0.634101,0.654952,-6.47703,-0.333333,-0.0611626,0.745441,7.95833,12.0417,0,0,2.79167,8.16667,0,-7.83995,0.0001,-0.00174583,0.0566418,1.59752,0.135794,56714,0.16219,194.43,1.89575
4741,0.147609,0.569035,0.005106,0.005106,0.18554,0.142128,0.810249,0.60041,0.053135,0.0198788,0.050844,0.217401,0.0474001,0,0.845466,0.0545445,2.02944,0.172961,0,0.0755955,0.573447,4.39243,0.624387,0.359391,0.679076,2.66332,0.156303,0.214765,0,0.719201,0.0542036,0,-0.000436484,0.25917,0.962202,0.198411,0.0508684,0.0538622,0.00474689,0.00398903,0.448869,0.0492395,4.23416,1.02918,11.4151,0.636627,0.649738,-6.46397,-0.333333,-0.0615299,0.740058,9,12.875,0,0,3.58333,7.33333,0,-7.83817,0.0001,-0.00280848,0.0536838,1.65236,0.122491,55387,0.162158,197.19,2.18721
4742,0.153745,0.585997,0.00507504,0.00507504,0.186242,0.146445,0.809929,0.622975,0.0527115,0.0208418,0.0504732,0.218507,0.0473803,0,0.852987,0.0572205,2.02913,0.172495,0,0.0752842,0.582348,4.42081,0.627478,0.363118,0.677354,2.65566,0.162946,0.21598,0,0.737326,0.0404568,0,-0.000557492,0.261085,0.96211,0.201952,0.0505068,0.0534322,0.00467484,0.00389088,0.454591,0.0488094,4.13956,0.708675,11.3724,0.638053,0.642607,-6.36986,-0.333333,-0.061803,0.761311,9.125,12.6667,0,0,3,8.16667,0,-7.83881,0.0001,-0.00227685,0.051705,1.57969,0.122234,57760,0.162162,197.48,2.21484
4743,0.148771,0.564809,0.0050943,0.0050943,0.184819,0.141488,0.809907,0.595909,0.0530219,0.0201317,0.0507374,0.219725,0.0472183,0,0.854838,0.0540346,2.03849,0.171382,0,0.07553,0.56987,4.4002,0.624435,0.360761,0.678041,2.66924,0.157239,0.217176,0,0.715151,0.054983,0,-0.000489251,0.26134,0.962117,0.198346,0.0507613,0.0537628,0.00452887,0.00377076,0.446834,0.0490892,4.00857,0.89843,11.4606,0.63572,0.655025,-6.38834,-0.333333,-0.0611559,0.733335,8.91667,12.4583,0,0,3.625,7.04167,0,-7.8347,0.0001,-0.00277456,0.0511077,1.59248,0.122189,57331,0.162232,195.79,1.96598
4744,0.146761,0.554652,0.00511709,0.00511709,0.181858,0.139008,0.811145,0.588521,0.0528661,0.0205471,0.0506545,0.218047,0.0513013,0,0.844868,0.0530892,2.01882,0.179836,0,0.0763445,0.571204,4.38094,0.622582,0.357899,0.680535,2.67663,0.155334,0.215477,0,0.667674,0.0412438,0,-0.000510782,0.262025,0.961834,0.195143,0.0507595,0.053651,0.00448372,0.00371054,0.445481,0.0490478,4.00716,0.606014,11.3398,0.64031,0.651423,-6.17508,-0.333333,-0.0600575,0.721437,8.95833,11.625,0,0,2.83333,6.375,0,-7.83098,0.0001,-0.0016124,0.0525942,1.7664,0.12706,51917,0.16223,196.25,1.98551
4745,0.149227,0.56536,0.00510029,0.00510029,0.184641,0.141605,0.809772,0.601968,0.0528441,0.0208727,0.0506276,0.218816,0.049196,0,0.849975,0.0550468,2.02645,0.1724,0,0.0756865,0.570441,4.39898,0.625527,0.360049,0.677079,2.66304,0.158334,0.216204,0,0.719468,0.0422615,0,-0.000496477,0.263559,0.961959,0.198846,0.0507383,0.0536881,0.0048613,0.00403708,0.450274,0.0490098,4.06545,0.621449,11.309,0.640806,0.652419,-6.19859,-0.333333,-0.0610924,0.733343,8.75,11.4167,0,0,2.91667,6.08333,0,-7.83117,0.0001,-0.00190585,0.0527907,1.59114,0.125737,57257,0.162236,198.71,2.33064
4746,0.150645,0.57368,0.0051222,0.0051222,0.185382,0.144309,0.810696,0.601606,0.0529794,0.0202715,0.0507345,0.218663,0.0491535,0,0.84579,0.0542824,2.01916,0.174537,0,0.0753304,0.572483,4.39258,0.624605,0.357377,0.679988,2.66323,0.158271,0.216051,0,0.724615,0.0443772,0,-0.000604003,0.262405,0.962152,0.195653,0.0507357,0.053692,0.00504092,0.00426488,0.451723,0.0490537,4.24872,0.66186,11.329,0.639851,0.65075,-6.16474,-0.333333,-0.0610547,0.74484,9.16667,12.2083,0,0,2.70833,7.25,0,-7.8311,0.0001,-0.00276324,0.0498919,1.57386,0.120876,58005,0.162224,196.72,2.1236
4747,0.151781,0.573776,0.00510963,0.00510963,0.186803,0.144214,0.810788,0.600486,0.0531695,0.0204443,0.0508788,0.220394,0.0457479,0,0.853792,0.0538796,2.02256,0.168989,0,0.0750873,0.570212,4.39673,0.624398,0.358746,0.681119,2.66761,0.158746,0.217633,0,0.707445,0.0470782,0,-0.000511111,0.25759,0.962127,0.195572,0.0509063,0.0539121,0.00483018,0.00405504,0.452489,0.049198,4.26937,0.830303,11.4706,0.636012,0.650832,-6.29129,-0.333333,-0.061626,0.743637,9.25,12.375,0,0,3.08333,7.20833,0,-7.83062,0.0001,-0.00177389,0.0504889,1.56534,0.12054,58310,0.162242,195.21,2.11439
4748,0.15309,0.583843,0.00509783,0.00509783,0.184549,0.146093,0.810419,0.620907,0.0526883,0.0205433,0.0504947,0.217657,0.0494862,0,0.845585,0.0570323,2.01656,0.174824,0,0.0754167,0.57444,4.40621,0.625663,0.360311,0.677314,2.65438,0.161923,0.214949,0,0.749076,0.0609835,0,-0.00056797,0.262218,0.961832,0.199977,0.0505302,0.0534678,0.00470102,0.00389369,0.4509,0.0488269,4.16802,0.560793,11.3067,0.640276,0.646966,-6.20511,-0.333333,-0.0610893,0.758352,10,12.0417,0,0,3.5,6.95833,0,-7.82823,0.0001,-0.00246755,0.05518,1.72229,0.18801,51460,0.16229,197.3,2.23297
4749,0.151651,0.575865,0.00511232,0.00511232,0.185558,0.144292,0.810347,0.607296,0.0526488,0.0209154,0.0505189,0.218346,0.0487433,0,0.847369,0.0555527,2.01183,0.174297,0,0.0751396,0.57177,4.40392,0.625437,0.358561,0.679276,2.66558,0.159493,0.21578,0,0.735076,0.0504622,0,-0.000545596,0.263821,0.961889,0.197961,0.0506776,0.0534792,0.00536905,0.00459034,0.452191,0.0489883,4.22485,0.438919,11.1942,0.644361,0.648627,-6.09034,-0.333333,-0.0613504,0.748619,9.91667,11.5833,0,0,3.125,6.83333,0,-7.82551,0.0001,-0.0011928,0.0539893,1.68915,0.126443,54144,0.162316,196.43,1.92185
4750,0.155385,0.591241,0.00508558,0.00508558,0.188044,0.147808,0.809198,0.623338,0.0526906,0.0210136,0.0504887,0.218994,0.047227,0,0.853101,0.0567323,2.0033,0.170549,0,0.0746996,0.578976,4.40579,0.625785,0.361827,0.677308,2.65837,0.163856,0.21628,0,0.770099,0.0531748,0,-0.000645232,0.256271,0.961647,0.199808,0.0504923,0.0533912,0.00438852,0.00361735,0.450705,0.0487393,4.10345,0.585702,11.3559,0.640173,0.651191,-6.20759,-0.333333,-0.0623923,0.765571,10.8333,12.9583,0,0,3.20833,7.08333,0,-7.82467,0.0001,-0.00252778,0.0458444,1.65874,0.121268,55226,0.162346,196.58,2.10645
4751,0.153883,0.577699,0.00509892,0.00509892,0.185595,0.144782,0.809518,0.606436,0.0527147,0.0209026,0.0505321,0.218809,0.0487735,0,0.84947,0.0544993,2.01384,0.17297,0,0.0752974,0.575605,4.40566,0.625509,0.360259,0.677094,2.65283,0.161927,0.21596,0,0.732966,0.0430907,0,-0.00057496,0.262036,0.961982,0.199841,0.0505349,0.0534467,0.00468815,0.00389739,0.449311,0.048817,4.1607,0.671256,11.2982,0.64092,0.647621,-6.23573,-0.333333,-0.0614356,0.747575,10.1667,12.5417,0,0,2.79167,7.45833,0,-7.82007,0.0001,-0.00260435,0.0448221,1.5935,0.119635,57382,0.162424,197.17,2.19043
4752,0.153602,0.587413,0.00508556,0.00508556,0.186963,0.147078,0.808923,0.61846,0.052875,0.0205924,0.0506111,0.218367,0.0480855,0,0.850366,0.0561807,2.02324,0.175051,0,0.0758921,0.573773,4.40117,0.625203,0.361803,0.678397,2.66434,0.161667,0.21575,0,0.718597,0.0515103,0,-0.000515054,0.257957,0.962269,0.198765,0.0506539,0.0536094,0.00462064,0.00391356,0.447759,0.0489662,4.09778,0.793384,11.4541,0.636255,0.655341,-6.35089,-0.333333,-0.0619067,0.760085,8.95833,11.0417,0,0,2.70833,6.79167,0,-7.81448,0.0001,-0.00255173,0.0506452,1.61399,0.121082,56657,0.162502,199.9,2.5071
4753,0.151838,0.575652,0.0050861,0.0050861,0.183509,0.143953,0.809467,0.616074,0.052719,0.0208082,0.0504951,0.216999,0.0497513,0,0.845559,0.0564101,2.02297,0.177894,0,0.0764163,0.574181,4.40684,0.625379,0.361791,0.677784,2.66,0.161647,0.214286,0,0.728498,0.0664981,0,-0.000531726,0.262493,0.962243,0.201219,0.0505272,0.0534472,0.00439126,0.00364291,0.447976,0.0488413,4.00517,0.719447,11.3646,0.638778,0.646457,-6.33956,-0.333333,-0.060889,0.746651,8.25,10.5417,0,0,2.29167,7.45833,0,-7.81014,0.0001,-0.00279338,0.049763,1.76914,0.124383,51915,0.162548,197.6,2.2274
4754,0.15008,0.568079,0.0051113,0.0051113,0.184282,0.142354,0.810772,0.604038,0.052945,0.0205769,0.0507062,0.217764,0.0472467,0,0.844891,0.0546521,2.01579,0.172116,0,0.0754206,0.570977,4.39114,0.624244,0.358674,0.680614,2.66457,0.159832,0.215192,0,0.7193,0.0484538,0,-0.000554311,0.258513,0.961467,0.19682,0.0507613,0.053686,0.00415785,0.00344682,0.444872,0.0490062,4.12396,0.739687,11.3857,0.640186,0.653247,-6.21238,-0.333333,-0.0609505,0.737995,11.0833,13.2083,0,0,3.20833,7.16667,0,-7.80792,0.0001,-0.00182264,0.0494389,1.60885,0.123653,56740,0.162586,195.71,1.89129
4755,0.156144,0.594793,0.00505915,0.00505915,0.188361,0.148551,0.807907,0.632825,0.0523174,0.02139,0.050128,0.217636,0.0471268,0,0.852371,0.058362,2.0174,0.171207,0,0.0752649,0.579482,4.43309,0.628812,0.365124,0.673282,2.63686,0.166462,0.215232,0,0.750996,0.0480589,0,-0.000578823,0.259202,0.961686,0.204864,0.0502215,0.0530843,0.00477195,0.00400608,0.454111,0.0484882,4.14819,0.449466,11.335,0.640421,0.65214,-6.23156,-0.333333,-0.0625655,0.769951,9.04167,12.25,0,0,2.54167,6.20833,0,-7.80589,0.0001,-0.00254162,0.0488655,1.6093,0.122286,56771,0.162607,198.45,2.26172
4756,0.14834,0.556733,0.00513832,0.00513832,0.181367,0.14039,0.810816,0.588158,0.0527322,0.0210981,0.0505808,0.217308,0.0492911,0,0.838367,0.0524433,2.00944,0.178943,0,0.0758227,0.571967,4.38453,0.621983,0.355265,0.683541,2.68484,0.156728,0.214634,0,0.682217,0.0364914,0,-0.000518971,0.2628,0.961241,0.194356,0.0507785,0.053615,0.004465,0.00374831,0.446664,0.049009,4.19247,0.372726,11.2184,0.645024,0.654109,-5.94859,-0.333333,-0.0596196,0.721942,11.2917,13.2083,0,0,2.66667,7.20833,0,-7.80424,0.0001,-0.00210961,0.0468705,1.56845,0.117847,58295,0.162646,195.32,2.01107
4757,0.15111,0.57103,0.00510184,0.00510184,0.185648,0.143579,0.809819,0.603902,0.0530032,0.020987,0.050759,0.217687,0.0482081,0,0.843859,0.0540323,2.01715,0.174312,0,0.0752272,0.576544,4.39654,0.624611,0.359749,0.6784,2.66153,0.159314,0.214816,0,0.725661,0.0441451,0,-0.00059259,0.259207,0.961801,0.196205,0.0508061,0.053752,0.00497409,0.00420847,0.450445,0.049095,4.20298,0.690723,11.4297,0.638455,0.655166,-6.2164,-0.333333,-0.0612267,0.738854,10.2917,12.375,0,0,2.625,6.95833,0,-7.80036,0.0001,-0.00290404,0.0513736,1.50611,0.120335,60441,0.16272,197.05,2.26965
4758,0.153507,0.582516,0.00511811,0.00511811,0.185943,0.146891,0.810048,0.609121,0.0529709,0.0211155,0.050752,0.218709,0.0455342,0,0.845117,0.0541161,1.99848,0.168781,0,0.0743998,0.574886,4.39095,0.6236,0.357756,0.681115,2.66758,0.160801,0.215841,0,0.742348,0.0269231,0,-0.000540651,0.258599,0.961536,0.195631,0.0508095,0.0537776,0.00475357,0.00399647,0.450586,0.0490544,4.26903,0.529747,11.3416,0.640606,0.654418,-6.08904,-0.333333,-0.0612007,0.754673,10,12.4583,0,0,2.16667,6.41667,0,-7.79511,0.0001,-0.00242293,0.0477047,1.8028,0.132864,50785,0.162755,194.93,2.13022
4759,0.154264,0.589086,0.0050782,0.0050782,0.18679,0.147319,0.808834,0.618311,0.0527414,0.0209706,0.0504961,0.219107,0.0483046,0,0.853756,0.0562332,2.0165,0.171838,0,0.0756372,0.576787,4.41299,0.627216,0.362787,0.6736,2.64064,0.16216,0.216181,0,0.756975,0.042462,0,-0.000613242,0.260689,0.962237,0.201489,0.0504556,0.0533746,0.00501497,0.00420729,0.453118,0.0487654,4.27904,0.809474,11.395,0.637757,0.648286,-6.38657,-0.333333,-0.0619865,0.764182,9.91667,13.125,0,0,2.875,8.25,0,-7.79236,0.0001,-0.00297991,0.0463943,1.57269,0.125521,57886,0.162816,197.51,2.25638
4760,0.154415,0.587454,0.00509676,0.00509676,0.187472,0.146784,0.809623,0.618401,0.0528612,0.0211428,0.0506499,0.217357,0.0477986,0,0.845567,0.0562721,2.01238,0.172939,0,0.0755043,0.57227,4.4043,0.624208,0.360533,0.67981,2.6788,0.162637,0.214574,0,0.745912,0.0562015,0,-0.000572638,0.258611,0.962006,0.199226,0.0506468,0.0535339,0.00473629,0.00398809,0.447837,0.0489367,4.08563,0.710735,11.3566,0.640483,0.652411,-6.26249,-0.333333,-0.0622076,0.761467,9.125,12,0,0,2.54167,7.04167,0,-7.78717,0.0001,-0.00218597,0.0521715,1.54631,0.122428,58909,0.16289,195.47,1.98791
4761,0.149125,0.562544,0.00508294,0.00508294,0.181632,0.140738,0.808699,0.596951,0.0526,0.0212175,0.0503945,0.215919,0.0493297,0,0.840992,0.0542199,2.00731,0.176515,0,0.0762769,0.570435,4.39961,0.625031,0.362144,0.676487,2.65389,0.157944,0.213124,0,0.70418,0.0378127,0,-0.000565476,0.266844,0.961709,0.200508,0.0504636,0.0533762,0.00505296,0.00427342,0.45068,0.0487651,4.11905,0.554828,11.3591,0.640336,0.654331,-6.2073,-0.333333,-0.060231,0.729914,9.83333,12.0833,0,0,2.25,6.45833,0,-7.78262,0.0001,-0.00191375,0.0524367,1.57204,0.123468,57979,0.162966,198.05,1.88192
4762,0.149824,0.569679,0.00510359,0.00510359,0.182748,0.143081,0.808749,0.5967,0.0529645,0.0206591,0.0507419,0.218219,0.0488155,0,0.845172,0.0536033,2.0041,0.175588,0,0.0762728,0.56685,4.39152,0.624185,0.359515,0.678308,2.66894,0.156718,0.215304,0,0.711027,0.0359967,0,-0.000501338,0.264895,0.962322,0.197326,0.0507625,0.0537021,0.00497155,0.00419516,0.449224,0.0490746,4.28145,0.899352,11.3984,0.637925,0.652577,-6.31743,-0.333333,-0.0603262,0.73719,9.33333,11.7917,0,0,2.875,7.70833,0,-7.77777,0.0001,-0.00244556,0.052937,1.66368,0.180536,53304,0.163019,199.3,2.3941
4763,0.148734,0.571175,0.00511466,0.00511466,0.180813,0.142764,0.809437,0.601335,0.0529138,0.0207646,0.0506995,0.218358,0.047874,0,0.846642,0.0546871,2.01426,0.173115,0,0.0762034,0.568198,4.3896,0.623582,0.358366,0.678958,2.6608,0.1569,0.215559,0,0.716043,0.051814,0,-0.000504512,0.265775,0.961473,0.198491,0.0507556,0.0536803,0.0049411,0.00418375,0.4479,0.0490737,4.23235,0.74255,11.388,0.64074,0.652688,-6.24428,-0.333333,-0.0599268,0.739006,9.54167,12.625,0,0,2.29167,7.125,0,-7.77619,0.0001,-0.00269547,0.049588,1.673,0.124625,54685,0.162985,197.14,2.25112
4764,0.147903,0.56762,0.00508333,0.00508333,0.182949,0.141838,0.808445,0.599416,0.052943,0.0208813,0.050678,0.217046,0.0498318,0,0.845185,0.0541557,2.01579,0.177439,0,0.0771019,0.572018,4.40332,0.624884,0.36207,0.676566,2.65825,0.156558,0.214341,0,0.724482,0.0497867,0,-0.0005,0.262278,0.961256,0.199982,0.0506741,0.0536909,0.00505815,0.00428758,0.452332,0.048977,4.32261,0.850856,11.4949,0.637013,0.657304,-6.33019,-0.333333,-0.0606922,0.735933,11.3333,14.2917,0,0,3,7,0,-7.77534,0.0001,-0.00180339,0.047439,1.63613,0.124616,55830,0.162986,196.42,1.89979
4765,0.150585,0.567462,0.00511502,0.00511502,0.183758,0.142924,0.809551,0.598369,0.0529365,0.021214,0.0507377,0.219981,0.0466184,0,0.849898,0.0531212,2.00714,0.17206,0,0.0752451,0.570215,4.38701,0.62264,0.358118,0.680431,2.67135,0.158583,0.216976,0,0.68386,0.0367672,0,-0.000540882,0.258436,0.961074,0.19444,0.0508526,0.0537331,0.00461627,0.00380746,0.450166,0.0490633,4.40752,0.630323,11.4123,0.639827,0.656442,-6.09248,-0.333333,-0.0605403,0.734574,11,12.625,0,0,2,7.08333,0,-7.7734,0.0001,-0.00247782,0.0494805,1.59196,0.12491,57257,0.163005,195.9,2.00064
4766,0.153159,0.581762,0.00508309,0.00508309,0.185772,0.145961,0.809212,0.616913,0.0524575,0.0218299,0.0503206,0.216724,0.0485914,0,0.843793,0.055655,1.98597,0.177689,0,0.0755275,0.580548,4.41431,0.626246,0.362126,0.678174,2.65097,0.162174,0.214023,0,0.752795,0.0520277,0,-0.000636142,0.261299,0.96109,0.201085,0.0503335,0.0531952,0.00466163,0.00391775,0.449798,0.0485873,4.16694,0.392999,11.3369,0.641683,0.65132,-6.09978,-0.333333,-0.0614423,0.754122,9.45833,11.2917,0,0,2.16667,5.79167,0,-7.77217,0.0001,-0.0025761,0.049326,1.59685,0.123243,57150,0.163035,196.77,2.10766
4767,0.149596,0.570132,0.00510846,0.00510846,0.183693,0.142938,0.80962,0.600965,0.0527786,0.0210227,0.0505791,0.218586,0.0485187,0,0.847275,0.0543054,2.01259,0.175003,0,0.0767763,0.571595,4.39586,0.624231,0.358936,0.679638,2.66316,0.157113,0.215745,0,0.71592,0.0368011,0,-0.000492075,0.261084,0.96121,0.197305,0.0507067,0.0536122,0.00449536,0.00375658,0.451264,0.0489609,4.32574,0.612244,11.3767,0.640547,0.651426,-6.16381,-0.333333,-0.0606885,0.737991,11.25,14.0833,0,0,2.16667,6.70833,0,-7.77034,0.0001,-0.00289735,0.0502721,1.77779,0.127962,51582,0.162998,198.33,2.35231
4768,0.154055,0.587083,0.00508567,0.00508567,0.185392,0.146765,0.808289,0.624074,0.0526501,0.0217798,0.0504715,0.218853,0.0475447,0,0.851834,0.0571735,2.00792,0.171727,0,0.0759251,0.572384,4.40366,0.625417,0.361814,0.677472,2.65885,0.163172,0.216082,0,0.761541,0.0506622,0,-0.000576338,0.257342,0.961213,0.20011,0.050527,0.0534429,0.00428718,0.00354124,0.448431,0.0487523,4.19561,0.492745,11.3445,0.641359,0.65374,-6.13994,-0.333333,-0.0615137,0.759879,10.2917,13.25,0,0,1.95833,7.16667,0,-7.7706,0.0001,-0.00240272,0.05,1.61042,0.125174,56639,0.162988,197.63,2.1843
4769,0.146794,0.554649,0.00509336,0.00509336,0.182748,0.139142,0.80798,0.592053,0.0528155,0.021206,0.0506045,0.216945,0.0476406,0,0.842785,0.0537208,2.01886,0.176813,0,0.0762801,0.571442,4.39397,0.624265,0.360807,0.679855,2.66313,0.156124,0.214204,0,0.7263,0.0565489,0,-0.000525682,0.261238,0.961405,0.197307,0.0507244,0.0536443,0.00429201,0.0035769,0.447964,0.0489689,4.11259,0.593544,11.4307,0.639074,0.65394,-6.17532,-0.333333,-0.0603953,0.717616,9.375,11.8333,0,0,2.125,5.66667,0,-7.77133,0.0001,-0.00275775,0.047551,1.58462,0.123624,57546,0.16298,196.98,1.95389
4770,0.153186,0.581041,0.00509495,0.00509495,0.18663,0.145876,0.809024,0.615395,0.0522935,0.0225196,0.050227,0.217205,0.0475832,0,0.844741,0.0558435,2.00103,0.170079,0,0.0751222,0.575797,4.40824,0.626931,0.360623,0.677624,2.65439,0.162237,0.214643,0,0.76448,0.0470139,0,-0.000668403,0.263022,0.960471,0.200706,0.050248,0.0531631,0.00512006,0.00446021,0.450156,0.0484853,4.09791,-0.0749227,11.1883,0.647966,0.655002,-5.76549,-0.333333,-0.0616809,0.751757,11.2917,13.4583,0,0,1.95833,5.08333,0,-7.77462,0.0001,-0.00306457,0.0532418,1.60074,0.119601,57142,0.162923,197.45,2.25432
4771,0.15249,0.578046,0.00509501,0.00509501,0.183134,0.144898,0.808915,0.609088,0.0522435,0.0224058,0.0501618,0.217609,0.0489643,0,0.8455,0.0549211,2.00848,0.173793,0,0.0747738,0.574955,4.40683,0.625788,0.360645,0.678438,2.65639,0.160821,0.21491,0,0.748584,0.0483479,0,-0.000600487,0.265663,0.960743,0.200315,0.050362,0.0531849,0.00533461,0.00455562,0.448706,0.048609,4.14973,-0.0124379,11.179,0.64799,0.654873,-5.81512,-0.333333,-0.0606201,0.748554,11.375,12.75,0,0,2.20833,5.625,0,-7.7778,0.0001,-0.00279427,0.0542112,1.5877,0.123109,57460,0.162898,195.55,1.95901
4772,0.148936,0.560057,0.00510102,0.00510102,0.18418,0.140426,0.809745,0.591637,0.0528639,0.0211451,0.0506392,0.218216,0.0483666,0,0.847911,0.0528518,2.00705,0.171786,0,0.075965,0.57078,4.38786,0.623355,0.359856,0.679954,2.66117,0.157225,0.215657,0,0.697397,0.0356755,0,-0.000505981,0.261983,0.960843,0.197016,0.0506924,0.0536773,0.00472145,0.00404223,0.447051,0.048945,4.20969,0.590495,11.4216,0.639947,0.655924,-6.13132,-0.333333,-0.0608869,0.726293,11.4167,14.9167,0,0,2.79167,6.91667,0,-7.77771,0.0001,-0.00250646,0.0456883,1.76834,0.132693,51710,0.162909,195.27,1.7174
4773,0.150916,0.575518,0.00509437,0.00509437,0.183799,0.144122,0.809174,0.612986,0.0526859,0.0213776,0.0504873,0.216564,0.0458319,0,0.842715,0.0555475,2.00944,0.170301,0,0.0753001,0.572186,4.40364,0.625632,0.360749,0.677316,2.65709,0.160378,0.214031,0,0.729791,0.0535312,0,-0.000555084,0.259363,0.961031,0.200007,0.0505191,0.0534523,0.0041505,0.00343275,0.451112,0.0487392,4.23172,0.528833,11.38,0.640462,0.648661,-6.11955,-0.333333,-0.0608463,0.74656,10.2083,12.9583,0,0,2.5,6.70833,0,-7.77724,0.0001,-0.00250321,0.0516031,1.58547,0.134592,57151,0.162886,199.73,2.31964
4774,0.14824,0.566804,0.00507784,0.00507784,0.183505,0.141461,0.808659,0.599589,0.0529633,0.0206845,0.050658,0.217385,0.0475458,0,0.846395,0.05365,2.0126,0.175081,0,0.0765076,0.573943,4.39771,0.624588,0.362769,0.679997,2.6608,0.157042,0.21456,0,0.714438,0.0410451,0,-0.000576348,0.259513,0.961864,0.199718,0.0505985,0.0535988,0.00479725,0.00400003,0.451871,0.0488717,4.44029,0.996561,11.5756,0.633809,0.653866,-6.44957,-0.333333,-0.0608695,0.735407,8.75,12.0417,0,0,2.08333,7.04167,0,-7.77897,0.0001,-0.00284106,0.0510053,1.59502,0.126306,57109,0.162892,197.49,1.99973
4775,0.145463,0.550497,0.00510166,0.00510166,0.181233,0.1383,0.809495,0.581496,0.0535959,0.0194728,0.0511672,0.216783,0.0491216,0,0.840002,0.0512666,2.02543,0.177749,0,0.0779999,0.56963,4.38844,0.622636,0.359768,0.68104,2.66824,0.15357,0.213909,0,0.663811,0.0407836,0,-0.00047198,0.264683,0.962448,0.194056,0.0510356,0.0542056,0.00486979,0.00411925,0.448155,0.049379,4.32028,1.43624,11.7571,0.628081,0.656831,-6.63052,-0.333333,-0.0597547,0.714077,9.08333,12.0417,0,0,3.04167,8.54167,0,-7.77693,0.0001,-0.00219584,0.0458813,1.6043,0.122633,56924,0.162908,196.81,1.97096
4776,0.148669,0.56058,0.00507273,0.00507273,0.182605,0.13991,0.808083,0.591514,0.0530019,0.0203689,0.0506326,0.217109,0.0499315,0,0.847507,0.0527372,2.0508,0.177102,0,0.0779546,0.571052,4.41392,0.626102,0.363482,0.676126,2.65452,0.156897,0.214494,0,0.70372,0.0425064,0,-0.000493243,0.265041,0.96234,0.201715,0.0505097,0.0536039,0.00502107,0.0042749,0.448554,0.0488796,4.22865,1.25903,11.6547,0.63084,0.654693,-6.63787,-0.333333,-0.0606166,0.726519,6.70833,12,0,0,2.66667,8.08333,0,-7.7754,0.0001,-0.00227438,0.0498208,1.77862,0.175484,50306,0.162897,196.38,1.59451
4777,0.147491,0.568269,0.00505617,0.00505617,0.181627,0.141271,0.808076,0.607822,0.0532957,0.0194511,0.0508537,0.215427,0.0472993,0,0.842795,0.0546138,2.02838,0.173155,0,0.0774565,0.569833,4.40621,0.625378,0.365538,0.674773,2.65069,0.158391,0.212616,0,0.739286,0.0435131,0,-0.000475751,0.262095,0.962413,0.200963,0.0507001,0.0538284,0.00445957,0.00369251,0.44804,0.0490583,4.19463,1.5913,11.8191,0.625044,0.655482,-6.84624,-0.333333,-0.0605579,0.738832,7.54167,12.125,0,0,3.5,8.70833,0,-7.77472,0.0001,-0.00241978,0.0529302,1.5862,0.122803,57521,0.162924,197.07,1.82917
4778,0.147452,0.564927,0.00507845,0.00507845,0.179218,0.140685,0.80857,0.59883,0.0529743,0.0203787,0.0506724,0.215591,0.0512716,0,0.841057,0.0535174,2.0173,0.179758,0,0.0783528,0.567638,4.39407,0.624505,0.3627,0.677335,2.66918,0.156549,0.21293,0,0.713338,0.0418231,0,-0.000467768,0.270612,0.961487,0.200999,0.0506346,0.0536737,0.00492589,0.00413689,0.447792,0.0489613,4.16473,1.07237,11.5857,0.634413,0.652042,-6.4798,-0.333333,-0.0595566,0.733715,8.20833,12.4583,0,0,2.5,6.625,0,-7.77173,0.0001,-0.00167975,0.0556448,1.61712,0.122183,56519,0.16296,199,2.19096
4779,0.148217,0.562158,0.00509006,0.00509006,0.182239,0.140452,0.809054,0.594685,0.0529451,0.020151,0.0506715,0.21644,0.0481937,0,0.842247,0.0531357,2.02523,0.17625,0,0.0769074,0.567908,4.40253,0.625533,0.361322,0.676804,2.6553,0.156806,0.213795,0,0.706579,0.0480511,0,-0.000508802,0.261216,0.961672,0.198491,0.050693,0.0536132,0.00417913,0.00339877,0.448779,0.0489558,4.20995,0.947354,11.5494,0.634309,0.650586,-6.42169,-0.333333,-0.0604548,0.729812,9,12.875,0,0,3,8,0,-7.76992,0.0001,-0.00289368,0.0513416,1.61419,0.119098,56715,0.162926,193.76,1.63794
4780,0.152404,0.578999,0.00507919,0.00507919,0.186935,0.144465,0.808992,0.61038,0.0528719,0.0207902,0.0506149,0.219684,0.0465619,0,0.857171,0.0549006,2.01923,0.172034,0,0.0759111,0.568242,4.40738,0.62648,0.362624,0.676263,2.64668,0.160624,0.217027,0,0.740422,0.0419274,0,-0.000475892,0.255717,0.961545,0.199696,0.0507136,0.0536355,0.00464993,0.00387794,0.450022,0.048967,4.36719,0.785768,11.4767,0.636601,0.648349,-6.33797,-0.333333,-0.0621195,0.751601,9.5,14.125,0,0,2.54167,7.16667,0,-7.77092,0.0001,-0.00264526,0.0489322,1.60202,0.12249,57003,0.16288,198.27,2.20246
4781,0.151007,0.576687,0.00508074,0.00508074,0.185709,0.143884,0.80948,0.609811,0.0526158,0.0208992,0.050422,0.216561,0.0462775,0,0.844997,0.0553305,2.02544,0.17281,0,0.0758489,0.571348,4.40586,0.62524,0.362448,0.677347,2.64903,0.159575,0.214008,0,0.724475,0.0516744,0,-0.000516664,0.259994,0.961427,0.200938,0.0504714,0.0533782,0.00437947,0.00363749,0.448652,0.0487353,4.22563,0.612827,11.4022,0.63818,0.646273,-6.25108,-0.333333,-0.0616754,0.748654,9.95833,13.0833,0,0,2.16667,8.29167,0,-7.77055,0.0001,-0.00167722,0.0498158,1.76959,0.130854,51726,0.162868,196.84,2.12701
4782,0.15397,0.586664,0.00505517,0.00505517,0.18778,0.145884,0.808365,0.632013,0.0522746,0.0215012,0.0501494,0.216932,0.0451274,0,0.849589,0.0587497,2.01795,0.169602,0,0.0746569,0.578548,4.42267,0.627536,0.365619,0.67666,2.64132,0.164838,0.2143,0,0.735962,0.0677699,0,-0.000575025,0.256748,0.961221,0.203434,0.0502705,0.0530411,0.00437734,0.0035854,0.451238,0.0485109,4.13923,0.466021,11.3987,0.638142,0.644443,-6.26235,-0.333333,-0.062572,0.762651,8.625,11.4583,0,0,1.625,6.95833,0,-7.77172,0.0001,-0.00234319,0.0503783,1.63172,0.121546,56069,0.162818,199.03,2.16422
4783,0.152195,0.583949,0.00508027,0.00508027,0.183162,0.146007,0.809618,0.617363,0.0526186,0.0214837,0.0504251,0.217232,0.0488093,0,0.847004,0.0559953,2.00224,0.173395,0,0.0760797,0.572652,4.40824,0.626185,0.362492,0.678817,2.6575,0.160703,0.214705,0,0.75594,0.0390153,0,-0.000520124,0.263677,0.960644,0.199209,0.0505525,0.0534548,0.00496644,0.00420809,0.450262,0.0487927,4.17665,0.558888,11.4773,0.638792,0.653999,-6.18786,-0.333333,-0.0607209,0.759541,10.75,13.5,0,0,2.75,6.45833,0,-7.7736,0.0001,-0.00217002,0.0487616,1.6022,0.120657,57058,0.162826,197.52,2.20743
4784,0.148741,0.567996,0.00510427,0.00510427,0.183343,0.142573,0.810651,0.59808,0.0528597,0.0210847,0.0506455,0.216796,0.0474216,0,0.841373,0.0530654,2.00881,0.173929,0,0.0763603,0.570938,4.39724,0.624352,0.359516,0.681727,2.67132,0.156988,0.214232,0,0.734864,0.034346,0,-0.000537114,0.26236,0.961034,0.196538,0.0506909,0.0536477,0.00485224,0.00413654,0.445641,0.0489554,4.16235,0.583385,11.4229,0.63901,0.654958,-6.12128,-0.333333,-0.0605198,0.739316,9.91667,12.875,0,0,2.04167,6.54167,0,-7.7679,0.0001,-0.00180811,0.0507025,1.57463,0.124788,57845,0.162874,197.33,2.1574
4785,0.149273,0.564426,0.00508912,0.00508912,0.179939,0.141196,0.808983,0.596035,0.0525398,0.0214097,0.0503744,0.217485,0.0514483,0,0.847027,0.0538529,2.01986,0.180427,0,0.0772156,0.567002,4.39881,0.624812,0.361384,0.678622,2.65854,0.157303,0.214851,0,0.708869,0.0278638,0,-0.000472036,0.269361,0.961318,0.198464,0.0505997,0.0534522,0.00526212,0.00450225,0.446694,0.0488904,4.07098,0.49274,11.3943,0.640383,0.653825,-6.12981,-0.333333,-0.0596077,0.732654,9.5,12.5417,0,0,1.75,6.70833,0,-7.76054,0.0001,-0.00272363,0.0538183,1.65579,0.18228,53482,0.162959,197.73,1.91169
4786,0.14908,0.565023,0.00509347,0.00509347,0.181711,0.141258,0.80891,0.599495,0.0527791,0.0211473,0.0505812,0.216146,0.0484011,0,0.841087,0.0541652,2.00723,0.176284,0,0.0762025,0.567146,4.386,0.624257,0.36082,0.678373,2.66509,0.157888,0.213577,0,0.701257,0.038208,0,-0.000427142,0.261314,0.96099,0.196511,0.0508215,0.0536596,0.00451519,0.00373876,0.445981,0.0490581,4.08935,0.64179,11.4783,0.638518,0.654758,-6.19887,-0.333333,-0.0602409,0.731808,8.75,11.5,0,0,2.375,5.70833,0,-7.75473,0.0001,-0.00232506,0.0570506,1.69723,0.127815,53864,0.163025,196.22,1.97066
4787,0.14794,0.557115,0.00510467,0.00510467,0.182087,0.139804,0.809427,0.587865,0.0529588,0.0208691,0.0507466,0.217567,0.0483452,0,0.84496,0.0523197,2.01739,0.175757,0,0.0763405,0.565473,4.38113,0.622326,0.359411,0.680678,2.68765,0.156248,0.215134,0,0.708855,0.0381453,0,-0.000422093,0.261512,0.96054,0.193741,0.0510051,0.0538438,0.00436429,0.00359984,0.44235,0.049221,3.9833,0.605061,11.5107,0.638405,0.657234,-6.13502,-0.333333,-0.0601484,0.722073,10.1667,13.0833,0,0,3.125,6.29167,0,-7.75135,0.0001,-0.00303511,0.0563565,1.54566,0.123509,58893,0.163066,197.31,1.99496
4788,0.148257,0.564346,0.00508997,0.00508997,0.182234,0.141137,0.809167,0.594311,0.0530561,0.0206695,0.0508066,0.21779,0.0478905,0,0.847836,0.0531702,2.00138,0.176732,0,0.076651,0.56674,4.37956,0.622098,0.361338,0.680995,2.68448,0.156568,0.215236,0,0.712405,0.0406164,0,-0.000403423,0.260907,0.961127,0.195917,0.0509792,0.053887,0.00482499,0.00403665,0.445956,0.0492293,4.21244,0.905709,11.5804,0.634537,0.654576,-6.33468,-0.333333,-0.0603788,0.732697,10.25,13.7083,0,0,2.70833,7.70833,0,-7.74891,0.0001,-0.00289934,0.05067,1.58873,0.123644,57408,0.163092,196.96,1.92003
4789,0.148934,0.565232,0.00510467,0.00510467,0.181727,0.141782,0.809451,0.591102,0.0529067,0.020694,0.0507024,0.219666,0.0496116,0,0.852579,0.05241,2.01916,0.176228,0,0.0765913,0.565292,4.38208,0.621032,0.359414,0.681322,2.68891,0.156456,0.217045,0,0.731561,0.0263137,0,-0.000414921,0.262142,0.961107,0.19493,0.0509264,0.0537794,0.00453263,0.00374131,0.445314,0.0491639,4.11991,0.793025,11.5257,0.636327,0.654051,-6.25445,-0.333333,-0.0600938,0.732315,9.95833,13,0,0,2.08333,7.79167,0,-7.74594,0.0001,-0.00278971,0.0457867,1.56359,0.120838,58360,0.16311,198.89,2.24257
4790,0.148131,0.564378,0.00509968,0.00509968,0.179985,0.141662,0.808762,0.595522,0.0532515,0.020456,0.0509624,0.215729,0.0502377,0,0.838139,0.0524228,2.00173,0.18039,0,0.077611,0.568805,4.3695,0.620459,0.360014,0.68351,2.6866,0.15661,0.213208,0,0.713514,0.0295692,0,-0.00040974,0.264721,0.961482,0.193608,0.051059,0.0540155,0.00498683,0.00428847,0.447307,0.049357,4.22219,1.0824,11.6298,0.633093,0.65783,-6.40942,-0.333333,-0.0594567,0.730082,8.45833,11.25,0,0,2.54167,7.66667,0,-7.74345,0.0001,-0.00304519,0.0504753,1.78426,0.122114,51565,0.163116,196.01,1.98987
4791,0.146447,0.562557,0.00508483,0.00508483,0.1833,0.140834,0.808085,0.597725,0.0534274,0.0202219,0.0510601,0.216761,0.0473954,0,0.843372,0.0528315,2.00934,0.174807,0,0.0772441,0.569595,4.38024,0.62192,0.36195,0.681785,2.68223,0.15547,0.213949,0,0.703553,0.0515022,0,-0.000453376,0.258591,0.961233,0.194979,0.0510339,0.0540765,0.00473426,0.00398968,0.446372,0.0493084,4.23307,1.35345,11.7992,0.629033,0.660641,-6.59465,-0.333333,-0.0607556,0.727683,9.29167,12.125,0,0,2.45833,7.875,0,-7.73956,0.0001,-0.00301707,0.0491391,1.65449,0.132975,54996,0.163157,198.08,1.94525
4792,0.147477,0.561462,0.00510131,0.00510131,0.17962,0.140508,0.808476,0.586828,0.053331,0.0201741,0.0510191,0.216683,0.0495969,0,0.842332,0.0519653,2.01696,0.176923,0,0.0776493,0.562543,4.37997,0.620484,0.359987,0.682783,2.69544,0.154136,0.213941,0,0.704723,0.0251451,0,-0.000403303,0.26794,0.96145,0.194626,0.0510632,0.0541019,0.00487199,0.00414847,0.443219,0.0493795,4.06121,1.26954,11.7043,0.631285,0.658094,-6.51257,-0.333333,-0.0594948,0.724557,9.33333,12.25,0,0,3.08333,8.16667,0,-7.73463,0.0001,-0.00326669,0.0466809,1.60563,0.119577,56981,0.163136,197.22,2.0182
4793,0.149646,0.57474,0.00507259,0.00507259,0.182469,0.143463,0.807985,0.605928,0.053325,0.0194821,0.0509479,0.217814,0.0491547,0,0.850752,0.0544693,2.02787,0.175201,0,0.0779402,0.564864,4.38184,0.622568,0.36349,0.677875,2.67786,0.157457,0.215205,0,0.725245,0.0438203,0,-0.000413561,0.263228,0.961386,0.195063,0.0510514,0.0540298,0.00471078,0.00390684,0.444966,0.0493355,4.08113,1.50837,11.8765,0.625915,0.657346,-6.69916,-0.333333,-0.0606185,0.743373,8.20833,10.875,0,0,3.125,7.29167,0,-7.73472,0.0001,-0.00176103,0.0514099,1.58515,0.120069,57648,0.163105,197.04,2.22018
4794,0.148842,0.559802,0.00508743,0.00508743,0.184531,0.139986,0.80874,0.590391,0.0529032,0.0207168,0.0506554,0.217268,0.0443655,0,0.846449,0.0525637,2.00321,0.169376,0,0.0756864,0.570221,4.38664,0.62271,0.361638,0.680665,2.67546,0.15731,0.214884,0,0.706885,0.03309,0,-0.000501633,0.257212,0.960843,0.196538,0.0507914,0.0536327,0.0044586,0.0037043,0.44593,0.0490102,4.13128,0.889519,11.6424,0.63358,0.656335,-6.32654,-0.333333,-0.0611197,0.72511,9.08333,10.7083,0,0,2.45833,6.625,0,-7.73545,0.0001,-0.00190109,0.0548801,1.57062,0.120525,58128,0.163107,196.39,1.9705
4795,0.148272,0.559096,0.00509043,0.00509043,0.179317,0.139979,0.809088,0.586241,0.0530756,0.0207698,0.0508085,0.215729,0.0498109,0,0.840318,0.0520119,2.02484,0.176653,0,0.0771852,0.565174,4.37938,0.623466,0.361206,0.678507,2.67206,0.15555,0.213224,0,0.697518,0.0396986,0,-0.000417055,0.266069,0.960456,0.194488,0.0509718,0.0539256,0.00438113,0.0036654,0.443688,0.0492161,3.93369,0.905469,11.6524,0.634359,0.659565,-6.29688,-0.333333,-0.059397,0.724507,10.5833,12.7917,0,0,2.41667,7.04167,0,-7.73331,0.0001,-0.00278939,0.0575967,1.78231,0.119465,51690,0.163153,196.43,1.85311
4796,0.149662,0.565626,0.00509996,0.00509996,0.17953,0.142329,0.808569,0.591313,0.0528644,0.0211899,0.0507165,0.219434,0.0484745,0,0.852726,0.0523964,2.01746,0.173222,0,0.0759516,0.561947,4.3777,0.621983,0.359968,0.681978,2.68681,0.156243,0.217011,0,0.703274,0.0359257,0,-0.000489639,0.265978,0.960295,0.192991,0.0509562,0.053761,0.0048884,0.0041641,0.444082,0.0491762,4.04797,0.559675,11.5006,0.638443,0.654092,-6.06081,-0.333333,-0.0592327,0.730354,10.625,12.2083,0,0,2.16667,6.29167,0,-7.7281,0.0001,-0.00233621,0.0485283,1.61682,0.126034,56403,0.163157,197.84,1.99779
4797,0.145287,0.546871,0.0050882,0.0050882,0.179239,0.136725,0.808306,0.581588,0.0524486,0.0214017,0.0503275,0.21802,0.0505842,0,0.849979,0.0521221,2.02373,0.183746,0,0.0773869,0.566397,4.38746,0.622768,0.361459,0.680831,2.68492,0.154523,0.215724,0,0.671751,0.0503282,0,-0.000457353,0.264359,0.960081,0.196001,0.0507177,0.0533925,0.00460242,0.00387834,0.445181,0.0489313,4.00006,0.38468,11.4367,0.641051,0.655212,-6.02253,-0.333333,-0.0594286,0.707211,11.9583,14.0417,0,0,2.70833,6.5,0,-7.72892,0.0001,-0.0024363,0.0474655,1.6088,0.123357,56752,0.16312,198.07,2.16858
4798,0.154627,0.592765,0.00505887,0.00505887,0.187876,0.147643,0.807731,0.625173,0.0527391,0.0210802,0.0505073,0.217885,0.0469693,0,0.853471,0.05668,2.00245,0.171924,0,0.0756077,0.573576,4.40434,0.625333,0.3652,0.677524,2.66094,0.163413,0.215326,0,0.770796,0.0514202,0,-0.000458978,0.255215,0.961003,0.199625,0.0507091,0.053511,0.0044923,0.00373201,0.44557,0.0489415,4.13972,0.920957,11.5983,0.634269,0.649922,-6.40326,-0.333333,-0.0625682,0.766857,10.0417,11.7083,0,0,2.875,7.79167,0,-7.72797,0.0001,-0.00169701,0.049645,1.58296,0.121422,57677,0.163151,195.3,1.95064
4799,0.146492,0.554197,0.00509571,0.00509571,0.181775,0.139176,0.809466,0.583905,0.0531351,0.0208979,0.0508569,0.217032,0.0489718,0,0.843196,0.0512624,1.99947,0.177671,0,0.0771851,0.572544,4.3754,0.622239,0.360516,0.681488,2.67959,0.154616,0.214483,0,0.707355,0.0318228,0,-0.000464851,0.26318,0.960176,0.193622,0.0510268,0.0539338,0.00470179,0.00395226,0.445244,0.0492342,4.16506,0.929969,11.6994,0.634284,0.659393,-6.26086,-0.333333,-0.0600549,0.719089,10.5417,12.2083,0,0,3.125,6.33333,0,-7.72448,0.0001,-0.00228629,0.0483466,1.56315,0.180603,56375,0.163217,197.22,1.79711
4800,0.14668,0.555499,0.00510831,0.00510831,0.180666,0.139707,0.809256,0.578811,0.0532865,0.0208626,0.0510243,0.218284,0.0469202,0,0.845527,0.0507459,2.00183,0.173923,0,0.0767303,0.568071,4.37556,0.621195,0.358952,0.685323,2.69669,0.152598,0.21547,0,0.662766,0.0324614,0,-0.000473376,0.262789,0.960547,0.191573,0.0511645,0.0540988,0.00485556,0.0040592,0.442488,0.0493785,4.18238,0.977387,11.6844,0.634335,0.65619,-6.27465,-0.333333,-0.0595606,0.717838,10.3333,12.9167,0,0,2.83333,7.58333,0,-7.72005,0.0001,-0.00247556,0.047683,1.57272,0.118487,58126,0.163259,196.7,1.82423
4801,0.148997,0.566319,0.00508165,0.00508165,0.183509,0.141562,0.808817,0.596747,0.0531296,0.0211372,0.050809,0.217161,0.0465435,0,0.845528,0.0533823,2.01243,0.172751,0,0.0766652,0.569403,4.38372,0.623108,0.362395,0.678952,2.66844,0.156823,0.214461,0,0.718036,0.0452824,0,-0.000457128,0.260392,0.960698,0.196741,0.0508417,0.0539108,0.00455107,0.0038347,0.447312,0.049058,4.18248,1.00021,11.713,0.632805,0.663675,-6.35557,-0.333333,-0.0608341,0.734072,9.83333,10.4583,0,0,2.41667,6.5,0,-7.71491,0.0001,-0.0027845,0.0514575,1.77853,0.119192,51801,0.1633,198.26,2.03816
4802,0.14712,0.558467,0.00510243,0.00510243,0.179425,0.140015,0.809117,0.585657,0.0532111,0.0206768,0.0509444,0.217373,0.0486428,0,0.84383,0.0518085,2.01595,0.175507,0,0.0767332,0.56487,4.37637,0.622596,0.359704,0.681359,2.68149,0.15468,0.214794,0,0.690237,0.0298373,0,-0.000366019,0.264641,0.960426,0.192702,0.0511361,0.0540909,0.00463618,0.00386399,0.444468,0.0493694,4.03093,0.95237,11.6929,0.633824,0.658941,-6.27783,-0.333333,-0.0593172,0.722355,9.625,11.5417,0,0,2.375,7,0,-7.7134,0.0001,-0.0019848,0.0497447,1.59012,0.136643,56929,0.163305,197.13,1.99089
4803,0.148824,0.563899,0.00510669,0.00510669,0.17854,0.141339,0.808717,0.591305,0.0529836,0.0210698,0.0507841,0.216909,0.0489901,0,0.843282,0.0526832,2.00876,0.177462,0,0.0770723,0.562392,4.37219,0.621355,0.359193,0.681948,2.68755,0.156153,0.214543,0,0.717545,0.0382431,0,-0.000406152,0.267037,0.960343,0.193609,0.0510238,0.0538736,0.00451301,0.00381442,0.443052,0.0492595,3.90588,0.779267,11.555,0.638306,0.659105,-6.18894,-0.333333,-0.0590948,0.727894,9.95833,12.2917,0,0,2.58333,6.66667,0,-7.71353,0.0001,-0.00227549,0.0540683,1.59684,0.119089,57289,0.163297,198.3,1.9237
4804,0.150019,0.56706,0.00509499,0.00509499,0.180291,0.142375,0.808518,0.592534,0.0531136,0.0213074,0.0508784,0.218404,0.0467755,0,0.848191,0.0527371,2.00502,0.172638,0,0.0767642,0.564947,4.37705,0.622005,0.360581,0.679878,2.68119,0.156553,0.215715,0,0.715827,0.0453969,0,-0.000473663,0.264417,0.9601,0.193403,0.0510398,0.0540173,0.00449233,0.00375095,0.444741,0.0492232,4.06469,0.789884,11.6754,0.634465,0.661923,-6.15614,-0.333333,-0.0595414,0.732302,11.2083,12.6667,0,0,2.29167,6.29167,0,-7.71287,0.0001,-0.00237436,0.054782,1.61091,0.118292,56849,0.163319,196.36,2.00676
4805,0.152483,0.583272,0.00507454,0.00507454,0.182246,0.145609,0.807944,0.619654,0.053072,0.021511,0.0508354,0.217151,0.0473873,0,0.847108,0.0562929,2.02477,0.171816,0,0.0757233,0.568926,4.3963,0.623932,0.363163,0.678018,2.66642,0.161538,0.214518,0,0.744602,0.0411642,0,-0.000519779,0.261003,0.95994,0.195748,0.050974,0.0538671,0.00464623,0.00388233,0.448484,0.0491583,4.1392,0.827921,11.654,0.635576,0.657251,-6.27047,-0.333333,-0.0605082,0.75358,11.2917,13.6667,0,0,2.5,7.25,0,-7.71104,0.0001,-0.00207883,0.0476994,1.59035,0.122071,57406,0.163297,197.43,2.05342
4806,0.152738,0.586865,0.00506161,0.00506161,0.182363,0.146135,0.807759,0.624212,0.0526439,0.0213564,0.0504566,0.217559,0.047445,0,0.851045,0.0569657,1.99926,0.170852,0,0.076262,0.573157,4.41329,0.626473,0.364833,0.674097,2.65521,0.1628,0.214937,0,0.746851,0.0385371,0,-0.000530168,0.262979,0.959934,0.200209,0.0505912,0.0534194,0.00475738,0.00397125,0.451174,0.0488019,4.10042,0.741948,11.5762,0.636938,0.650935,-6.26247,-0.333333,-0.0607261,0.760848,11.125,12.5,0,0,2.79167,7.41667,0,-7.71128,0.0001,-0.00160617,0.0538899,1.78465,0.134557,51221,0.163322,200.25,2.2601
4807,0.148436,0.568004,0.00508846,0.00508846,0.180103,0.141996,0.807725,0.600745,0.0528654,0.0215696,0.0506731,0.216589,0.0478088,0,0.842265,0.0539222,2.00307,0.175824,0,0.0766161,0.569476,4.38783,0.62309,0.361421,0.679608,2.6713,0.15718,0.2138,0,0.744249,0.0367367,0,-0.000504621,0.263373,0.959808,0.195829,0.0508849,0.053756,0.00471822,0.00396097,0.449399,0.0490929,4.21356,0.645137,11.5544,0.638121,0.656959,-6.11938,-0.333333,-0.0596985,0.732751,11.7083,11.9583,0,0,2.54167,6.58333,0,-7.70791,0.0001,-0.000658356,0.0552181,1.63032,0.127842,55913,0.16338,197.47,2.09437
4808,0.146075,0.553084,0.00512621,0.00512621,0.178493,0.138867,0.809431,0.585385,0.0529179,0.0212921,0.0507799,0.216011,0.0478816,0,0.836137,0.052516,2.00321,0.174685,0,0.075836,0.564975,4.3726,0.62057,0.356806,0.683703,2.69869,0.15469,0.21348,0,0.6723,0.0456194,0,-0.000403774,0.266556,0.959423,0.191117,0.051153,0.0539536,0.00479199,0.00411226,0.445198,0.0493644,4.12046,0.429045,11.4686,0.642307,0.655252,-5.88913,-0.333333,-0.0588814,0.715378,11.4167,12.3333,0,0,2.375,6.41667,0,-7.70337,0.0001,-0.00213179,0.0528736,1.56612,0.123901,58167,0.163415,195.38,2.0327
4809,0.14859,0.563338,0.00507348,0.00507348,0.180048,0.140593,0.807732,0.602549,0.0525557,0.0223204,0.0504542,0.215052,0.0469261,0,0.839984,0.054926,2.00697,0.176059,0,0.0757768,0.571009,4.38892,0.624007,0.363318,0.676509,2.67401,0.158766,0.212557,0,0.710374,0.0546673,0,-0.00050885,0.260636,0.959747,0.197838,0.0507982,0.0535198,0.00461713,0.00390535,0.445587,0.0489635,3.95257,0.299172,11.4197,0.643524,0.655099,-5.97711,-0.333333,-0.0597514,0.72799,10.4167,11.7917,0,0,1.75,6.16667,0,-7.69808,0.0001,-0.00276539,0.0553551,1.577,0.123852,57797,0.16348,197.7,2.02593
4810,0.14731,0.556747,0.00510056,0.00510056,0.177565,0.139636,0.80892,0.590155,0.0527369,0.0217418,0.0506055,0.216019,0.0489117,0,0.839467,0.0526513,2.00873,0.177807,0,0.0762144,0.564112,4.38771,0.623691,0.359942,0.678419,2.66937,0.156109,0.213471,0,0.710312,0.0405693,0,-0.000457929,0.267161,0.959647,0.194517,0.0509228,0.0537088,0.00489906,0.00417515,0.446209,0.0491468,4.12452,0.447242,11.4713,0.641617,0.658839,-6.00536,-0.333333,-0.0587378,0.719494,10.5833,11.4583,0,0,1.91667,6.125,0,-7.69375,0.0001,-0.00249682,0.0521504,1.65242,0.205524,52910,0.163527,197.83,2.29014
4811,0.153496,0.584639,0.00504037,0.00504037,0.184937,0.145172,0.806621,0.626153,0.052798,0.0217065,0.0505579,0.216078,0.0458717,0,0.84883,0.0576515,2.0214,0.166917,0,0.0764735,0.571448,4.3995,0.625063,0.367442,0.673598,2.65715,0.16439,0.213553,0,0.745958,0.050391,0,-0.00047224,0.260461,0.959678,0.202036,0.0506788,0.0536502,0.00484852,0.00413563,0.446757,0.0488953,4.09663,0.812691,11.7176,0.634413,0.660406,-6.3375,-0.333333,-0.0617706,0.75604,9.75,12.4583,0,0,2.41667,6.25,0,-7.69278,0.0001,-0.00236815,0.0548032,1.72971,0.133127,52771,0.163544,198.07,2.15798
4812,0.149475,0.562439,0.00507063,0.00507063,0.180051,0.140494,0.807086,0.60217,0.0530504,0.0212924,0.0508353,0.215481,0.0456221,0,0.841504,0.0540368,2.03361,0.168149,0,0.0759659,0.560922,4.38684,0.624073,0.363692,0.675601,2.66941,0.159781,0.212911,0,0.709525,0.042491,0,-0.00041946,0.260479,0.960068,0.196359,0.0511,0.0539384,0.00430194,0.00358447,0.444041,0.0492902,3.98927,0.793467,11.6226,0.636392,0.660391,-6.28119,-0.333333,-0.0597276,0.726786,10.75,12.0417,0,0,2.08333,7.16667,0,-7.69429,0.0001,-0.0028848,0.055365,1.63156,0.125319,55953,0.163541,197.41,1.94867
4813,0.152384,0.577841,0.00507956,0.00507956,0.182834,0.144461,0.807853,0.608273,0.0528769,0.0215772,0.0507268,0.21699,0.0461243,0,0.846595,0.0548039,2.02386,0.169724,0,0.0758403,0.566026,4.38815,0.62293,0.362568,0.677447,2.67531,0.160824,0.214457,0,0.735697,0.0362247,0,-0.000412918,0.260337,0.960147,0.196664,0.0509883,0.0537748,0.00450801,0.00377288,0.446249,0.0491833,4.20075,0.7416,11.583,0.637166,0.649876,-6.23786,-0.333333,-0.0606806,0.747293,10,13.0417,0,0,2.125,7.79167,0,-7.6957,0.0001,-0.00236812,0.0518431,1.57203,0.120083,58095,0.163574,196.74,2.04509
4814,0.150093,0.569149,0.00508399,0.00508399,0.183383,0.142064,0.808505,0.604459,0.0533542,0.0208615,0.0510223,0.217782,0.0464511,0,0.848665,0.0547001,2.01966,0.17348,0,0.0772701,0.564449,4.3733,0.621768,0.362131,0.678234,2.67755,0.158911,0.215035,0,0.700378,0.0529577,0,-0.000381235,0.257053,0.960068,0.194078,0.0512166,0.0541354,0.00428746,0.00354944,0.446053,0.0493954,4.31345,1.2207,11.8027,0.632336,0.663524,-6.46377,-0.333333,-0.0609071,0.736766,10.0833,13.2917,0,0,2.70833,8.25,0,-7.69556,0.0001,-0.00239016,0.051824,1.61217,0.121166,56713,0.16359,197.98,2.2193
4815,0.151083,0.577329,0.0050886,0.0050886,0.182825,0.144232,0.808136,0.608909,0.0533834,0.0207697,0.0510595,0.216633,0.0460034,0,0.842764,0.0543454,2.00604,0.173151,0,0.0770209,0.566537,4.37176,0.621305,0.361516,0.680028,2.68036,0.159468,0.213642,0,0.721661,0.0464852,0,-0.000390724,0.260514,0.960787,0.195032,0.0511777,0.054165,0.00524099,0.00451351,0.44838,0.0494746,4.41094,1.26427,11.7753,0.631239,0.657856,-6.49666,-0.333333,-0.0606785,0.745794,9.29167,10.9583,0,0,2.25,8.08333,0,-7.69492,0.0001,-0.00230389,0.0493041,1.82517,0.119173,50558,0.163619,197.35,2.04788
4816,0.146068,0.556789,0.00509957,0.00509957,0.17785,0.139342,0.808766,0.599119,0.0534681,0.0203572,0.0511717,0.215867,0.0480167,0,0.838577,0.0535717,2.01391,0.175734,0,0.0773782,0.563204,4.37592,0.62099,0.360134,0.681338,2.6887,0.157111,0.213093,0,0.689558,0.0562628,0,-0.000365233,0.261132,0.96063,0.192681,0.0513799,0.0542656,0.00474244,0.00402264,0.445087,0.0496468,4.26761,1.22533,11.718,0.63275,0.656916,-6.44914,-0.333333,-0.0588753,0.721328,10.2083,12.4583,0,0,2.54167,8.16667,0,-7.69335,0.0001,-0.00322147,0.0513883,1.66091,0.122014,55136,0.163644,195.86,1.89949
4817,0.152335,0.578558,0.00506347,0.00506347,0.183466,0.14386,0.807447,0.613579,0.0526766,0.0213814,0.0504894,0.217321,0.0481393,0,0.850675,0.0560461,2.0245,0.175007,0,0.0766641,0.567814,4.39979,0.624136,0.36462,0.675352,2.66597,0.161295,0.214809,0,0.729719,0.0551654,0,-0.000513548,0.26059,0.96024,0.199824,0.0506943,0.0534776,0.0048335,0.00410892,0.446893,0.0489379,4.11683,0.766867,11.5676,0.637793,0.654598,-6.30728,-0.333333,-0.0611234,0.748783,9.625,12.5833,0,0,2.41667,6.875,0,-7.69205,0.0001,-0.00233369,0.0502012,1.56686,0.127105,58031,0.1637,199.22,2.11722
4818,0.14493,0.550307,0.00511847,0.00511847,0.177747,0.138176,0.809941,0.580145,0.0534998,0.0207018,0.0512079,0.216638,0.0483083,0,0.837893,0.0513526,2.00654,0.175741,0,0.0773309,0.56302,4.36063,0.619453,0.357704,0.683394,2.69754,0.152495,0.213861,0,0.686835,0.0398969,0,-0.000417532,0.264607,0.960082,0.189601,0.05137,0.054302,0.00491235,0.00419758,0.44206,0.0496003,4.24011,1.10194,11.7087,0.634992,0.663172,-6.30441,-0.333333,-0.0586141,0.713841,9.875,11.5833,0,0,2.08333,7.125,0,-7.68958,0.0001,-0.00236131,0.0529956,1.55067,0.122747,58744,0.163761,198.65,2.26445
4819,0.148658,0.562813,0.00506838,0.00506838,0.17842,0.140467,0.808046,0.592228,0.0527804,0.0214595,0.0505604,0.21615,0.0481232,0,0.845216,0.0528539,2.02955,0.175856,0,0.0769517,0.566097,4.40096,0.624891,0.36396,0.676421,2.66243,0.156844,0.213666,0,0.706612,0.03563,0,-0.00045413,0.267399,0.960128,0.197242,0.0507771,0.0536371,0.00495704,0.00421987,0.446104,0.0490322,4.09391,0.853571,11.6613,0.635558,0.658704,-6.35834,-0.333333,-0.0592564,0.728574,8.54167,10.9167,0,0,2.16667,6.70833,0,-7.68775,0.0001,-0.00240988,0.0557687,1.59132,0.187301,55269,0.163785,197.34,1.96236
4820,0.147567,0.561643,0.00508336,0.00508336,0.179881,0.140482,0.808645,0.598939,0.0535302,0.02011,0.0511794,0.217539,0.0476287,0,0.847275,0.0536836,2.02135,0.174185,0,0.077521,0.559938,4.36422,0.62113,0.362057,0.679207,2.68477,0.157359,0.214975,0,0.707807,0.0417919,0,-0.000340233,0.259822,0.960418,0.192127,0.0514282,0.0543179,0.00458267,0.0038264,0.442146,0.0496693,4.22763,1.33176,11.8772,0.628914,0.664084,-6.52555,-0.333333,-0.059622,0.727905,10.2917,13.125,0,0,2.58333,7.29167,0,-7.68484,0.0001,-0.00141153,0.0554454,1.72599,0.131737,52916,0.16382,196.97,1.86503
4821,0.148829,0.564612,0.00509086,0.00509086,0.180872,0.141895,0.808658,0.592125,0.0532968,0.0204737,0.050995,0.217765,0.048975,0,0.845853,0.0519553,2.02804,0.178619,0,0.0778681,0.56567,4.38258,0.622517,0.361121,0.679023,2.67818,0.155656,0.215026,0,0.720039,0.0252705,0,-0.00044528,0.261345,0.960074,0.192243,0.0512028,0.0540763,0.00472807,0.00395516,0.446317,0.0494237,4.26185,1.22139,11.8054,0.630855,0.65855,-6.43595,-0.333333,-0.0596984,0.731218,9.70833,12.5,0,0,2.125,7.75,0,-7.68241,0.0001,-0.0025897,0.0515412,1.6427,0.122052,55704,0.163852,196.66,2.00875
4822,0.14883,0.56982,0.00505722,0.00505722,0.181515,0.14178,0.80758,0.609659,0.0527878,0.0208477,0.0505751,0.215917,0.0508907,0,0.845916,0.0558569,2.02202,0.178202,0,0.0772739,0.56302,4.38624,0.622439,0.365353,0.676767,2.67682,0.159293,0.21342,0,0.729607,0.0509881,0,-0.000418631,0.264092,0.960845,0.19856,0.0508453,0.053598,0.00500102,0.00424564,0.446399,0.0491174,4.0569,1.04437,11.6596,0.633979,0.652126,-6.47324,-0.333333,-0.0605234,0.737723,9.91667,12.5417,0,0,3.20833,7.66667,0,-7.67969,0.0001,-0.0027988,0.045329,1.58873,0.121506,57479,0.163897,198.06,1.90313
4823,0.152507,0.584259,0.00506583,0.00506583,0.185238,0.145747,0.807275,0.615986,0.0534629,0.0203049,0.0510872,0.217509,0.0458045,0,0.849541,0.0551561,2.01261,0.168555,0,0.0767506,0.568886,4.38731,0.62308,0.364284,0.678332,2.67535,0.160981,0.214739,0,0.729968,0.0534848,0,-0.000465601,0.255498,0.960447,0.194435,0.0511947,0.0541342,0.00463799,0.00388241,0.448608,0.04943,4.2596,1.42354,11.912,0.627905,0.660762,-6.62911,-0.333333,-0.0615826,0.755273,9.79167,11.9583,0,0,2.29167,7.75,0,-7.67562,0.0001,-0.00272273,0.0511493,1.57528,0.121163,57947,0.163929,196.66,2.19146
4824,0.147158,0.558857,0.00508775,0.00508775,0.181532,0.139407,0.807627,0.596261,0.0531131,0.020669,0.0508524,0.215991,0.0472192,0,0.84191,0.0531788,2.02758,0.174838,0,0.0769735,0.565967,4.37399,0.621153,0.361624,0.679799,2.6759,0.157434,0.213276,0,0.704542,0.04021,0,-0.000442341,0.26043,0.959964,0.193051,0.0510955,0.0539033,0.00462317,0.00390852,0.443037,0.0493195,4.29499,1.10495,11.7671,0.633443,0.657481,-6.39587,-0.333333,-0.0603433,0.722727,10.375,12.375,0,0,2,7.75,0,-7.67281,0.0001,-0.00261395,0.0533749,1.83147,0.126158,50215,0.163942,197.57,1.76663
4825,0.150749,0.573901,0.00506527,0.00506527,0.18316,0.143296,0.80728,0.608451,0.0530425,0.0217147,0.0507985,0.215773,0.0466185,0,0.843478,0.054997,2.02202,0.173562,0,0.0761788,0.568505,4.38322,0.622642,0.364313,0.679164,2.67489,0.159475,0.213324,0,0.726464,0.0440335,0,-0.000479472,0.257771,0.959541,0.194515,0.0511017,0.0539159,0.00450812,0.00380475,0.443514,0.049263,4.12089,0.725391,11.7374,0.635132,0.661511,-6.209,-0.333333,-0.0608347,0.742438,10.4167,12.5,0,0,2.125,5.91667,0,-7.67232,0.0001,-0.00273561,0.0484305,1.60246,0.130879,56713,0.163951,198.51,1.97909
4826,0.149842,0.567436,0.00508097,0.00508097,0.182699,0.141412,0.80715,0.596895,0.0532394,0.0205786,0.050953,0.21692,0.0473134,0,0.846056,0.0532144,2.04036,0.175482,0,0.0773189,0.56427,4.37911,0.622069,0.362362,0.67881,2.68254,0.158561,0.214255,0,0.696183,0.0467858,0,-0.000445327,0.257859,0.960059,0.194018,0.0511576,0.0540061,0.00449918,0.00378054,0.443638,0.0493676,4.36078,1.10847,11.7747,0.632058,0.659751,-6.415,-0.333333,-0.060723,0.731733,10.0833,11.7917,0,0,2.45833,6.375,0,-7.66942,0.0001,-0.00265232,0.051356,1.61574,0.122387,56557,0.163982,197.94,2.00043
4827,0.146667,0.55789,0.0050858,0.0050858,0.184056,0.139569,0.808373,0.590838,0.0530338,0.0205513,0.0507745,0.217017,0.0458529,0,0.844672,0.0525348,2.01194,0.173968,0,0.0760642,0.568826,4.38182,0.622002,0.361769,0.68184,2.68195,0.155274,0.214341,0,0.689727,0.0529833,0,-0.0004053,0.255335,0.96024,0.193236,0.0510199,0.0538111,0.00472166,0.0039671,0.447141,0.049257,4.55052,1.12192,11.7608,0.631925,0.657676,-6.4102,-0.333333,-0.0610149,0.721655,8.95833,10.8333,0,0,2.25,6.54167,0,-7.66914,0.0001,-0.00231795,0.0509355,1.61213,0.120678,56731,0.163955,196.68,1.92944
4828,0.150355,0.572625,0.00507525,0.00507525,0.182019,0.143136,0.807908,0.603309,0.0531797,0.0205883,0.0508819,0.216259,0.0502676,0,0.844295,0.0540341,2.02615,0.178538,0,0.0773289,0.566933,4.38356,0.622664,0.363074,0.680038,2.6754,0.158334,0.213791,0,0.714651,0.049375,0,-0.000388204,0.262885,0.960312,0.194467,0.0511051,0.0540069,0.00501479,0.0042935,0.446351,0.0493799,4.33257,1.08701,11.7788,0.631688,0.66045,-6.44031,-0.333333,-0.0603744,0.739509,9.375,11.7083,0,0,2.54167,6.75,0,-7.67193,0.0001,-0.00277674,0.0560722,1.60698,0.125394,56745,0.163923,197.67,2.14576
4829,0.14509,0.55068,0.00509231,0.00509231,0.178297,0.138043,0.806624,0.581338,0.0534309,0.0199924,0.0510675,0.216702,0.049845,0,0.842563,0.0510937,2.03832,0.180463,0,0.078728,0.561593,4.36849,0.620517,0.360931,0.680767,2.68362,0.153153,0.214128,0,0.692631,0.0383079,0,-0.000353779,0.264999,0.960317,0.191914,0.0512518,0.0542007,0.00476644,0.00404714,0.447168,0.0495192,4.47888,1.39445,11.8826,0.628768,0.663894,-6.54163,-0.333333,-0.0589329,0.708896,10.2083,12.875,0,0,2.66667,8.375,0,-7.6737,0.0001,-0.0028218,0.0523801,1.87418,0.124346,49188,0.163908,196.48,1.96812
4830,0.149487,0.569965,0.0050826,0.0050826,0.182056,0.142104,0.807497,0.601237,0.0534214,0.020074,0.0510574,0.217103,0.0491565,0,0.846772,0.0539573,2.0149,0.178518,0,0.077962,0.565715,4.37419,0.620523,0.362229,0.680872,2.6859,0.157543,0.214439,0,0.725611,0.0371331,0,-0.000398034,0.261172,0.960321,0.192538,0.0512379,0.0541495,0.00451485,0.00377024,0.441003,0.0494792,4.40674,1.45692,11.938,0.627977,0.659672,-6.58639,-0.333333,-0.0604887,0.736225,9.75,12.8333,0,0,2.75,8.04167,0,-7.67314,0.0001,-0.00185788,0.0486256,1.63578,0.124025,55860,0.163889,197.92,2.21372
4831,0.151179,0.57508,0.00507166,0.00507166,0.185594,0.143778,0.8072,0.61151,0.0530721,0.0210623,0.0507911,0.219506,0.0465068,0,0.857574,0.0545968,2.01434,0.174852,0,0.0770113,0.569464,4.38461,0.623684,0.363523,0.676648,2.66399,0.160639,0.217145,0,0.7277,0.0473848,0,-0.000429721,0.25276,0.959754,0.19467,0.0511131,0.0538793,0.00441713,0.00362938,0.447279,0.0492822,4.49546,0.96202,11.7675,0.633724,0.661848,-6.33512,-0.333333,-0.0615583,0.742836,10.9167,13,0,0,2.45833,6.58333,0,-7.67273,0.0001,-0.00236069,0.0491116,1.59288,0.118022,57457,0.163884,198.18,1.95439
4832,0.150239,0.573364,0.00510979,0.00510979,0.182328,0.14376,0.808321,0.601894,0.0532639,0.0208119,0.0509884,0.219096,0.0467931,0,0.849959,0.0538603,2.02133,0.173548,0,0.0765936,0.565006,4.37765,0.620816,0.358816,0.68266,2.68571,0.157518,0.216575,0,0.716516,0.0301836,0,-0.000383272,0.259914,0.959804,0.189386,0.051347,0.0541492,0.00458423,0.00382997,0.444249,0.0495265,4.37449,0.967395,11.7545,0.635034,0.66568,-6.23988,-0.333333,-0.0602062,0.739716,10.8333,12.8333,0,0,2.54167,7.70833,0,-7.66865,0.0001,-0.00246647,0.0482511,1.58094,0.119208,57820,0.163947,195.19,1.85756
4833,0.150331,0.576621,0.0050835,0.0050835,0.181756,0.1444,0.807391,0.602676,0.0535756,0.0205529,0.0511813,0.217655,0.0488439,0,0.847109,0.0533357,2.02816,0.177411,0,0.0786421,0.561846,4.37365,0.621161,0.362079,0.681645,2.68442,0.157351,0.214891,0,0.74004,0.0326638,0,-0.000401158,0.265577,0.960305,0.192816,0.0512789,0.054343,0.00560392,0.0048253,0.444636,0.04958,4.46901,1.36884,11.9567,0.628207,0.670704,-6.53404,-0.333333,-0.0601762,0.744133,9.79167,12.4583,0,0,2.91667,7.70833,0,-7.66268,0.0001,-0.00190713,0.0462324,1.81576,0.135295,50385,0.16402,197.35,2.20036
4834,0.147734,0.558458,0.00512793,0.00512793,0.179568,0.139989,0.808208,0.588724,0.0531778,0.0207301,0.0509334,0.216332,0.0493464,0,0.8387,0.0524316,2.02908,0.182693,0,0.0771733,0.564313,4.36797,0.620405,0.356784,0.682701,2.68639,0.15533,0.213991,0,0.709889,0.0387723,0,-0.000414386,0.264365,0.959785,0.190048,0.0512292,0.0540538,0.00458297,0.00386447,0.442458,0.0494396,4.35666,0.925891,11.6727,0.637167,0.658363,-6.17234,-0.333333,-0.0593936,0.719898,10.25,11.9167,0,0,2.41667,6.875,0,-7.65916,0.0001,-0.00224237,0.0535179,1.6805,0.120459,54584,0.164059,195.46,1.89131
4835,0.146957,0.558474,0.00509507,0.00509507,0.179249,0.139034,0.807243,0.594002,0.0529197,0.0211342,0.0507116,0.217033,0.0493303,0,0.846591,0.0544183,2.03898,0.180373,0,0.0773056,0.560445,4.38534,0.621808,0.360651,0.68131,2.6914,0.15647,0.214846,0,0.70332,0.0562138,0,-0.000371304,0.265292,0.959491,0.193334,0.0510468,0.0538319,0.00463878,0.00390608,0.446362,0.0492641,4.36773,0.857157,11.6491,0.63681,0.657691,-6.2533,-0.333333,-0.0596273,0.71944,9.54167,10.75,0,0,2.375,5.75,0,-7.65926,0.0001,-0.00183576,0.0496207,1.59708,0.121965,57185,0.164056,196.26,2.14058
4836,0.151219,0.576051,0.0050931,0.0050931,0.18219,0.1446,0.807404,0.605844,0.0530584,0.0212108,0.0508155,0.21789,0.0483407,0,0.848178,0.0540106,2.02492,0.175248,0,0.0768051,0.565861,4.38056,0.622036,0.360872,0.681687,2.68788,0.158606,0.215509,0,0.74238,0.0454101,0,-0.000392275,0.263721,0.959257,0.192498,0.0511024,0.0539891,0.00493521,0.0042005,0.444057,0.0493157,4.27587,0.843839,11.7514,0.634944,0.665628,-6.2105,-0.333333,-0.0602504,0.74321,10.0833,11.9167,0,0,2.625,6,0,-7.66049,0.0001,-0.00240757,0.0507586,1.57987,0.116882,57936,0.16402,197.08,2.02023
4837,0.149279,0.562345,0.00509654,0.00509654,0.180627,0.1413,0.807275,0.587846,0.0532194,0.0212978,0.050977,0.219559,0.0464066,0,0.854324,0.0516757,2.03272,0.174163,0,0.0770186,0.560597,4.36729,0.620016,0.360405,0.682189,2.68402,0.155924,0.217278,0,0.699403,0.0287578,0,-0.000348099,0.265701,0.959384,0.191611,0.0512897,0.054193,0.00561731,0.00489358,0.444196,0.0495381,4.41208,0.899843,11.7541,0.635386,0.664393,-6.21894,-0.333333,-0.0596821,0.724275,10,12.4583,0,0,2,6.66667,0,-7.66178,0.0001,-0.00317828,0.0472237,1.58485,0.125168,57487,0.16399,199.75,2.17652
4838,0.150217,0.569099,0.00510426,0.00510426,0.182226,0.143106,0.807682,0.596173,0.0533946,0.0205211,0.0511205,0.21938,0.0466624,0,0.852377,0.0525935,2.03268,0.172635,0,0.0768113,0.561636,4.37468,0.619843,0.359483,0.683317,2.70012,0.157262,0.217097,0,0.742496,0.036049,0,-0.000336729,0.259846,0.960114,0.189893,0.0514238,0.0542763,0.004397,0.00363208,0.439284,0.0496442,4.2543,1.18202,11.7979,0.632276,0.660951,-6.38357,-0.333333,-0.0601355,0.732182,10.2917,11.625,0,0,2.625,7.25,0,-7.66295,0.0001,-0.00272195,0.052819,1.91936,0.129856,47971,0.163989,197.11,2.0294
4839,0.151128,0.574735,0.00507894,0.00507894,0.183965,0.143797,0.806035,0.610948,0.0533592,0.0206656,0.0510392,0.217451,0.0464353,0,0.850121,0.0547896,2.03228,0.174593,0,0.0771132,0.568936,4.37959,0.62195,0.362675,0.67898,2.68062,0.159911,0.215461,0,0.7453,0.0482839,0,-0.000401882,0.258299,0.959401,0.192861,0.0512421,0.0541499,0.00436209,0.00366097,0.442788,0.0494486,4.20765,1.21516,11.8957,0.63084,0.665785,-6.46292,-0.333333,-0.0609896,0.739834,9.5,12.1667,0,0,3.29167,6.83333,0,-7.65926,0.0001,-0.00258476,0.0494293,1.62768,0.119622,56260,0.164021,198.56,2.12696
4840,0.148916,0.57258,0.00507608,0.00507608,0.180963,0.143256,0.806453,0.608053,0.0535407,0.0200795,0.0511944,0.21814,0.0470727,0,0.852212,0.0543776,2.0285,0.173245,0,0.0770368,0.560624,4.37378,0.620686,0.362991,0.680319,2.69287,0.157721,0.215919,0,0.699808,0.0683256,0,-0.000330583,0.260372,0.960347,0.191632,0.0514011,0.0543428,0.00485564,0.00412852,0.439545,0.0496819,4.1701,1.4526,11.971,0.627097,0.663113,-6.62948,-0.333333,-0.06003,0.736726,8.75,12.1667,0,0,3,7.33333,0,-7.6558,0.0001,-0.00208353,0.0476161,1.59693,0.12404,57121,0.164068,197.03,1.89175
4841,0.15094,0.573394,0.00506968,0.00506968,0.181157,0.143045,0.805238,0.603787,0.0530183,0.0209537,0.0507586,0.218458,0.0481528,0,0.8542,0.0542941,2.04031,0.176829,0,0.07765,0.564358,4.38524,0.622195,0.363799,0.679455,2.68473,0.15869,0.21615,0,0.700434,0.0315721,0,-0.000365956,0.262409,0.959371,0.194452,0.0510662,0.0539078,0.0049392,0.00416697,0.442518,0.0492939,4.33257,1.03543,11.844,0.632165,0.662084,-6.40275,-0.333333,-0.06023,0.735568,10.8333,12.8333,0,0,3.125,7.25,0,-7.65204,0.0001,-0.00243149,0.0487206,1.58927,0.124635,57356,0.164146,196.57,1.92703
4842,0.147538,0.565846,0.00509296,0.00509296,0.178613,0.141469,0.806592,0.599592,0.052983,0.0208929,0.0507707,0.21561,0.0484818,0,0.841052,0.0545371,2.02984,0.181206,0,0.0771334,0.565838,4.37016,0.620752,0.36087,0.682112,2.69363,0.156208,0.213548,0,0.699343,0.0632711,0,-0.000441884,0.265702,0.95902,0.191472,0.0510812,0.0538632,0.00465736,0.00394789,0.437995,0.0492923,4.16458,0.901211,11.785,0.635243,0.666785,-6.21432,-0.333333,-0.0591789,0.727358,9.58333,11.0833,0,0,2.75,5.66667,0,-7.64454,0.0001,-0.00220691,0.0471111,1.66514,0.167407,53643,0.164253,198.66,2.04884
4843,0.150516,0.573721,0.00509453,0.00509453,0.182569,0.143769,0.806158,0.603176,0.0532262,0.020801,0.0509728,0.217817,0.0469653,0,0.84925,0.0534441,2.02598,0.176824,0,0.0763556,0.564488,4.36869,0.620153,0.36074,0.681556,2.69541,0.157731,0.215649,0,0.732734,0.0262285,0,-0.000411106,0.259827,0.959218,0.191919,0.0512282,0.0540926,0.00502538,0.00431208,0.439693,0.0494752,4.26009,1.04596,11.8502,0.633606,0.667846,-6.29556,-0.333333,-0.0604254,0.737228,10,11.5833,0,0,3.5,6.20833,0,-7.63575,0.0001,-0.00219271,0.051674,1.6402,0.119889,55851,0.164346,197.01,2.19242
4844,0.144572,0.547356,0.00511344,0.00511344,0.177001,0.137056,0.807248,0.581026,0.0531937,0.0202676,0.0509425,0.217793,0.0492024,0,0.844626,0.0516082,2.03347,0.181198,0,0.0775802,0.561244,4.3679,0.620263,0.358327,0.683462,2.70007,0.153227,0.215306,0,0.670237,0.043701,0,-0.000329025,0.264391,0.959484,0.187995,0.0513898,0.054107,0.00494658,0.00413649,0.441954,0.0496307,4.39582,1.12363,11.8084,0.633799,0.66593,-6.30233,-0.333333,-0.0585581,0.705105,10.125,11.7917,0,0,2.875,6.33333,0,-7.62948,0.0001,-0.00191946,0.0544631,1.59403,0.124701,57195,0.164425,196.95,1.77994
4845,0.150828,0.570057,0.00509906,0.00509906,0.187235,0.14274,0.807121,0.594184,0.0529349,0.0211481,0.0507262,0.220296,0.0444682,0,0.857447,0.0534103,2.01691,0.175035,0,0.0757152,0.567238,4.38481,0.622856,0.36012,0.681049,2.68111,0.157597,0.218086,0,0.687656,0.0395829,0,-0.000445299,0.253349,0.958986,0.192369,0.0511126,0.0538407,0.00450884,0.00376199,0.443719,0.0492898,4.53318,0.754095,11.7097,0.637111,0.660473,-6.14338,-0.333333,-0.0619432,0.733458,11.0833,12.4167,0,0,3.04167,6.25,0,-7.6258,0.0001,-0.00232404,0.0523093,1.52388,0.114696,59993,0.164481,197.06,2.17272
4846,0.146554,0.557456,0.00512752,0.00512752,0.175352,0.139806,0.807984,0.586353,0.0533312,0.0207125,0.0511062,0.217915,0.048551,0,0.844757,0.0519356,2.0337,0.178285,0,0.0774392,0.556248,4.35771,0.618129,0.356651,0.68507,2.70974,0.153923,0.215651,0,0.683419,0.0265679,0,-0.000372577,0.270262,0.958777,0.188873,0.0513513,0.0542449,0.00492625,0.0042355,0.437583,0.0495797,4.26242,1.01507,11.7597,0.636862,0.663422,-6.2047,-0.333333,-0.0579013,0.716,10.375,12.625,0,0,3.16667,6.41667,0,-7.62407,0.0001,-0.00240511,0.0529982,1.57901,0.120027,57858,0.164521,194.51,1.97496
4847,0.152447,0.580324,0.00507053,0.00507053,0.186733,0.145251,0.805654,0.610131,0.0528656,0.0214459,0.050639,0.219346,0.0448885,0,0.85886,0.0548796,2.02709,0.173307,0,0.0758349,0.570167,4.39664,0.623654,0.363705,0.679256,2.67171,0.160676,0.217396,0,0.738039,0.0296806,0,-0.00042439,0.256847,0.959309,0.195721,0.0509579,0.0537933,0.00446545,0.00378674,0.443978,0.0491527,4.28873,0.735106,11.726,0.635939,0.662441,-6.22569,-0.333333,-0.0618965,0.745262,10.8333,12.2917,0,0,2.875,6.16667,0,-7.62245,0.0001,-0.00181994,0.0526195,1.81144,0.123541,50803,0.164554,197.84,2.11467
4848,0.151726,0.573269,0.00510076,0.00510076,0.1854,0.143792,0.80706,0.601962,0.0530619,0.0209839,0.0508744,0.219951,0.0444425,0,0.856089,0.0538833,2.03214,0.169669,0,0.0754328,0.564026,4.38148,0.621747,0.359902,0.680598,2.6917,0.158878,0.217759,0,0.719974,0.0561833,0,-0.000373123,0.256168,0.95965,0.192122,0.051245,0.0539892,0.00448454,0.00378089,0.441601,0.0494628,4.38419,0.894653,11.6918,0.635734,0.656191,-6.23911,-0.333333,-0.0613536,0.737432,10.75,11.5,0,0,2.58333,7.125,0,-7.62055,0.0001,-0.00201668,0.0498758,1.6959,0.127287,53918,0.164582,196.49,1.85041
4849,0.151037,0.571863,0.0050888,0.0050888,0.181721,0.143658,0.806575,0.596508,0.0529833,0.0209814,0.0507358,0.219528,0.0471513,0,0.854795,0.0529526,2.03651,0.179004,0,0.0770026,0.564772,4.38019,0.621809,0.361375,0.681019,2.68264,0.15764,0.21721,0,0.750696,0.0197506,0,-0.000480257,0.26258,0.959642,0.191594,0.0510746,0.0538511,0.0046193,0.00384962,0.438652,0.0492708,4.26215,0.931473,11.7786,0.63418,0.663166,-6.23415,-0.333333,-0.0600048,0.735147,10.75,11.9167,0,0,2.58333,6.95833,0,-7.61909,0.0001,-0.00291967,0.0449346,1.62457,0.121674,56294,0.164597,198.13,2.083
4850,0.152709,0.587306,0.00507369,0.00507369,0.182856,0.146536,0.805497,0.61781,0.0530451,0.0208221,0.050753,0.218268,0.0476448,0,0.852539,0.0563329,2.03371,0.176811,0,0.0772986,0.566675,4.39144,0.623767,0.363268,0.677191,2.66574,0.160377,0.215765,0,0.727799,0.0572535,0,-0.000364737,0.261956,0.959851,0.194807,0.0510724,0.0539173,0.00480957,0.0040227,0.44214,0.049325,4.37217,1.17359,11.8251,0.632529,0.657847,-6.46787,-0.333333,-0.0608062,0.75416,9.08333,12.0417,0,0,2.875,7.45833,0,-7.62044,0.0001,-0.00307506,0.0478012,1.6052,0.11827,57038,0.164601,196.87,2.00848
4851,0.150287,0.570608,0.00510595,0.00510595,0.17881,0.143027,0.806842,0.597774,0.0531576,0.0205536,0.050884,0.21812,0.0493165,0,0.847481,0.0533008,2.04651,0.182619,0,0.0776185,0.558476,4.36826,0.621116,0.359242,0.680412,2.68169,0.157484,0.215759,0,0.715809,0.0277115,0,-0.000380148,0.264961,0.959572,0.191259,0.051222,0.0540257,0.00442198,0.00364192,0.441362,0.0494267,4.27228,1.10449,11.7551,0.635031,0.659649,-6.31826,-0.333333,-0.0590933,0.733439,9.66667,10.75,0,0,2.75,7.16667,0,-7.62145,0.0001,-0.00254386,0.05198,1.59218,0.119707,57424,0.16458,195.03,1.79764
4852,0.148707,0.562461,0.00510718,0.00510718,0.181184,0.140852,0.807087,0.596866,0.0529376,0.0210924,0.0507135,0.217721,0.0474142,0,0.847212,0.0536113,2.033,0.180074,0,0.0772132,0.562431,4.3788,0.622598,0.359227,0.680103,2.6768,0.157419,0.215536,0,0.715763,0.0477922,0,-0.000327963,0.262585,0.959089,0.191752,0.0511924,0.0539198,0.00442711,0.00369089,0.441486,0.0493737,4.38695,0.837964,11.6883,0.637639,0.661056,-6.16726,-0.333333,-0.0599244,0.722926,9.375,11.1667,0,0,2,5.83333,0,-7.62398,0.0001,-0.00236994,0.048397,1.82851,0.125768,50301,0.164585,196.38,2.0716
4853,0.154186,0.58899,0.00505667,0.00505667,0.184433,0.146959,0.804356,0.619849,0.0529446,0.0208105,0.0506812,0.218978,0.0471999,0,0.857175,0.0560751,2.05717,0.173981,0,0.0766307,0.562562,4.39779,0.62373,0.365387,0.676366,2.66588,0.162661,0.216547,0,0.730562,0.0358673,0,-0.000351712,0.260056,0.959999,0.196057,0.0510081,0.053858,0.00463171,0.00382921,0.441959,0.0492218,4.28783,1.06873,11.8262,0.631661,0.66018,-6.44999,-0.333333,-0.0613233,0.755068,9.79167,11.2083,0,0,3.08333,8.125,0,-7.62252,0.0001,-0.00250294,0.0476181,1.65272,0.126427,55253,0.164621,199.67,2.1457
4854,0.149997,0.575059,0.00507283,0.00507283,0.183032,0.143829,0.805071,0.611249,0.0534032,0.02003,0.0510599,0.218416,0.0467926,0,0.853099,0.0546876,2.05154,0.174191,0,0.0776793,0.557464,4.37462,0.621393,0.363359,0.678411,2.68542,0.159461,0.216124,0,0.734547,0.0360007,0,-0.000355727,0.257789,0.959608,0.192503,0.0513454,0.0542158,0.00436703,0.00361529,0.437174,0.0495661,4.29054,1.43425,12.0174,0.627248,0.663964,-6.55546,-0.333333,-0.0607026,0.739152,9.58333,11.625,0,0,3,7.375,0,-7.619,0.0001,-0.00234881,0.0475738,1.61436,0.117784,56752,0.164658,197.87,2.00957
4855,0.149522,0.563969,0.00510285,0.00510285,0.180778,0.141343,0.806991,0.591825,0.0534,0.0204393,0.0511122,0.218691,0.0482747,0,0.849273,0.0526213,2.03174,0.176223,0,0.0778426,0.560382,4.37255,0.62051,0.359658,0.681505,2.69181,0.156658,0.216257,0,0.710667,0.0393045,0,-0.000294399,0.262414,0.959631,0.189699,0.0514322,0.0543031,0.00455655,0.00381153,0.439452,0.04964,4.34402,1.27465,11.868,0.631856,0.663189,-6.41562,-0.333333,-0.0597463,0.725418,9.66667,11.125,0,0,2.5,7.625,0,-7.61479,0.0001,-0.00240272,0.0512699,1.6064,0.123555,56824,0.1647,196.11,1.96777
4856,0.151521,0.569544,0.0050926,0.0050926,0.182067,0.14286,0.806141,0.598913,0.0531703,0.0206906,0.0509283,0.21904,0.0475621,0,0.852742,0.0530422,2.03439,0.175813,0,0.0769374,0.557828,4.36393,0.6206,0.360895,0.682469,2.69386,0.15904,0.216775,0,0.721061,0.0422993,0,-0.000308921,0.260997,0.959127,0.189815,0.0513959,0.0541551,0.00472199,0.00399145,0.439801,0.0495778,4.27665,1.00667,11.8657,0.633286,0.667017,-6.27372,-0.333333,-0.0602361,0.731664,10,12.2083,0,0,2.41667,7.125,0,-7.61006,0.0001,-0.0023116,0.0531163,1.82749,0.143791,49867,0.164718,196.39,1.99018
4857,0.15,0.569715,0.00508889,0.00508889,0.182606,0.142225,0.80566,0.601438,0.0529602,0.0206936,0.0507421,0.21716,0.0478708,0,0.848358,0.0543532,2.04068,0.180457,0,0.0774464,0.560962,4.37709,0.620838,0.361443,0.681797,2.69414,0.158208,0.214991,0,0.709201,0.0600016,0,-0.000301425,0.26169,0.959098,0.193164,0.0511899,0.0539434,0.00441788,0.00373478,0.43661,0.0494093,4.20188,0.929409,11.75,0.635903,0.660933,-6.26686,-0.333333,-0.0606522,0.732885,10.9583,12.4167,0,0,2.45833,7.08333,0,-7.60956,0.0001,-0.00252545,0.0513521,1.6371,0.118322,56000,0.164676,195.55,1.83565
4858,0.150545,0.572264,0.00505512,0.00505512,0.182711,0.142542,0.80346,0.607406,0.0526381,0.0211534,0.0504471,0.217625,0.047926,0,0.853923,0.0554586,2.04427,0.176998,0,0.076748,0.560659,4.39784,0.623736,0.365582,0.67646,2.67442,0.159902,0.215557,0,0.729355,0.0564233,0,-0.000356541,0.260337,0.95928,0.196392,0.050963,0.053638,0.00425172,0.00352099,0.437619,0.0491405,4.11595,0.756775,11.7266,0.635901,0.65915,-6.26125,-0.333333,-0.060804,0.733729,9.41667,11.0417,0,0,2.5,6.66667,0,-7.61161,0.0001,-0.00252445,0.0484478,1.64655,0.123168,55547,0.16467,197.86,2.07418
4859,0.153226,0.58522,0.00505652,0.00505652,0.182836,0.145667,0.804671,0.621832,0.0526809,0.0213135,0.0504865,0.216832,0.0486727,0,0.851495,0.0571153,2.04478,0.179521,0,0.0775118,0.564927,4.39672,0.623905,0.365411,0.677201,2.67184,0.163073,0.214861,0,0.733902,0.0540121,0,-0.00034908,0.261477,0.959185,0.196498,0.0509917,0.0536809,0.00482027,0.00411905,0.441797,0.0491981,4.21363,0.823812,11.7573,0.635754,0.66095,-6.29103,-0.333333,-0.0608663,0.751514,10.375,11.7917,0,0,2.91667,7.20833,0,-7.61093,0.0001,-0.00290765,0.0509364,1.62059,0.125313,56305,0.164675,198.98,2.11679
4860,0.147881,0.548556,0.00510508,0.00510508,0.178898,0.137597,0.806537,0.57433,0.0529476,0.0208301,0.0507567,0.218416,0.050847,0,0.849966,0.0506493,2.04597,0.185608,0,0.0782207,0.559556,4.36967,0.619595,0.359327,0.682045,2.70092,0.154323,0.216322,0,0.67239,0.038357,0,-0.000299423,0.262886,0.958822,0.189218,0.0513228,0.0539843,0.00425486,0.00354468,0.434637,0.049489,4.29067,0.920021,11.7701,0.635594,0.661155,-6.21521,-0.333333,-0.0591187,0.705695,9.04167,10.5833,0,0,2.29167,6.875,0,-7.61204,0.0001,-0.00247669,0.0504872,1.63394,0.128441,55779,0.164628,197.76,2.00707
4861,0.15235,0.581674,0.00508072,0.00508072,0.185175,0.145701,0.805569,0.618173,0.0531679,0.0208079,0.0509261,0.217632,0.0453855,0,0.849504,0.0558353,2.04863,0.171188,0,0.0759486,0.562647,4.38137,0.622062,0.362399,0.680993,2.69116,0.161382,0.215453,0,0.731661,0.0445552,0,-0.00033163,0.252976,0.959084,0.191163,0.0513834,0.0540963,0.00444194,0.00369075,0.439012,0.0495431,4.35194,1.0476,11.8689,0.632955,0.664137,-6.3291,-0.333333,-0.0613588,0.74748,10.4167,11.5833,0,0,2.70833,6.83333,0,-7.61437,0.0001,-0.00244773,0.0531228,1.75372,0.126691,52278,0.16465,198.06,2.23318
4862,0.149519,0.570309,0.00508514,0.00508514,0.180219,0.142522,0.805967,0.60158,0.052908,0.0212347,0.0507036,0.217352,0.0481189,0,0.84849,0.054291,2.06705,0.177895,0,0.0774214,0.557118,4.37168,0.62092,0.361858,0.679626,2.68445,0.157365,0.215217,0,0.709319,0.0459789,0,-0.000277081,0.26093,0.958709,0.192395,0.0512112,0.0539996,0.00418273,0.00348411,0.436002,0.0493673,4.21374,0.801818,11.7798,0.636142,0.665723,-6.18538,-0.333333,-0.0597598,0.733022,10.8333,12.1667,0,0,2.41667,7,0,-7.61136,0.0001,-0.0024828,0.049233,1.66395,0.127222,54882,0.164685,197.87,2.20299
4863,0.150814,0.573876,0.0050827,0.0050827,0.182769,0.14302,0.805292,0.60887,0.0531292,0.0207383,0.0508584,0.217049,0.0461438,0,0.848323,0.0554249,2.03803,0.175258,0,0.0766191,0.562901,4.37723,0.622154,0.362223,0.679798,2.68393,0.159795,0.214866,0,0.737256,0.0466279,0,-0.00033285,0.258699,0.958919,0.19194,0.0512584,0.0540549,0.00437958,0.00366193,0.436219,0.0494358,4.24499,1.11001,11.8793,0.632949,0.661154,-6.33303,-0.333333,-0.060801,0.737051,10.8333,12.3333,0,0,2.95833,6.95833,0,-7.60962,0.0001,-0.00237215,0.0513847,1.62154,0.122608,56362,0.164716,198.39,2.02906
4864,0.15291,0.580164,0.00508546,0.00508546,0.184913,0.14503,0.806002,0.613955,0.0531425,0.0211479,0.0509183,0.217997,0.0448665,0,0.850094,0.0555112,2.04546,0.171196,0,0.07546,0.565506,4.37644,0.622106,0.361851,0.680863,2.68165,0.161976,0.21571,0,0.739223,0.0624174,0,-0.000338053,0.254986,0.959451,0.190422,0.0514022,0.0541184,0.00469753,0.00395283,0.435795,0.049585,4.26598,0.898324,11.7828,0.635235,0.662574,-6.23953,-0.333333,-0.0613103,0.745664,10.8333,11.3333,0,0,2.625,6.54167,0,-7.60948,0.0001,-0.00271981,0.052224,1.64544,0.122859,55592,0.164731,194.94,1.79494
4865,0.14936,0.568488,0.00508992,0.00508992,0.179327,0.142161,0.80517,0.602965,0.052817,0.0215061,0.0506412,0.215627,0.0489046,0,0.841636,0.0544898,2.05357,0.182818,0,0.0774883,0.560829,4.38579,0.622265,0.36139,0.681382,2.68642,0.158196,0.213658,0,0.723086,0.0437917,0,-0.000368686,0.264153,0.958964,0.191402,0.051143,0.0538137,0.00442841,0.0037469,0.435199,0.0493041,4.14995,0.68235,11.7093,0.637699,0.66268,-6.09799,-0.333333,-0.0594343,0.730004,11.7917,12.5417,0,0,2.125,7.08333,0,-7.61016,0.0001,-0.00142998,0.0484502,1.68434,0.202353,52103,0.164736,196.19,1.92169
4866,0.152598,0.581596,0.00508465,0.00508465,0.182666,0.145579,0.805988,0.61765,0.0527876,0.0216103,0.0505975,0.216786,0.047711,0,0.845722,0.0557622,2.05961,0.176722,0,0.0765382,0.56375,4.39205,0.623091,0.361904,0.680002,2.6822,0.162327,0.214627,0,0.734681,0.0496126,0,-0.000368984,0.260153,0.9588,0.192598,0.0510854,0.0538122,0.00470521,0.00398833,0.437965,0.0492638,4.32897,0.679098,11.7644,0.636651,0.664425,-6.10982,-0.333333,-0.0604539,0.747528,11,11.5417,0,0,2.45833,6.29167,0,-7.61016,0.0001,-0.00196372,0.0513335,1.6571,0.130936,54978,0.164747,196,2.04946
4867,0.150905,0.565822,0.00509788,0.00509788,0.184644,0.141631,0.805489,0.595498,0.0527848,0.0217291,0.0506137,0.21932,0.0480742,0,0.854676,0.0533817,2.0565,0.180701,0,0.0770222,0.560307,4.37837,0.622167,0.360306,0.679927,2.68661,0.158374,0.217329,0,0.688613,0.0410281,0,-0.000369001,0.256903,0.958405,0.191033,0.0511602,0.0538001,0.00437096,0.00362349,0.437353,0.0492794,4.40262,0.646308,11.7256,0.638998,0.663461,-6.03682,-0.333333,-0.0611084,0.725299,11.5,13.5833,0,0,2.125,6.29167,0,-7.61068,0.0001,-0.00164572,0.0479929,1.63523,0.12306,55909,0.16472,197.31,1.9985
4868,0.149146,0.569946,0.00509003,0.00509003,0.18317,0.142769,0.805306,0.60574,0.0532725,0.0208225,0.0509877,0.217955,0.0459662,0,0.848876,0.0542543,2.04313,0.173819,0,0.0767273,0.564268,4.37929,0.621431,0.361251,0.683121,2.68297,0.158545,0.215646,0,0.717382,0.0502158,0,-0.000343627,0.256164,0.959267,0.190656,0.0513175,0.054191,0.00446963,0.00374979,0.437163,0.0495049,4.35432,1.09524,11.9056,0.632069,0.663923,-6.29887,-0.333333,-0.0606611,0.731649,9.875,11.5,0,0,2.375,6.16667,0,-7.6111,0.0001,-0.00269081,0.0471166,1.6156,0.12165,56585,0.164732,197.56,2.1313
4869,0.150712,0.576589,0.0050806,0.0050806,0.180459,0.143942,0.804059,0.611526,0.0529065,0.0212714,0.0506818,0.217095,0.050145,0,0.848314,0.0552263,2.05626,0.180589,0,0.0778233,0.561658,4.38688,0.622559,0.362489,0.679187,2.67998,0.159692,0.214909,0,0.747617,0.0535214,0,-0.000316661,0.26385,0.958785,0.193384,0.0511439,0.0539212,0.00474715,0.00402536,0.437313,0.049333,4.33481,0.882396,11.7986,0.635654,0.666005,-6.24524,-0.333333,-0.059957,0.738461,10.5,12,0,0,2.5,6.45833,0,-7.60631,0.0001,-0.00243344,0.0533716,1.63052,0.12206,56091,0.164784,198.13,2.0266
4870,0.148285,0.558477,0.00511517,0.00511517,0.179241,0.140311,0.806323,0.588666,0.0532393,0.0209359,0.0509987,0.218864,0.0489972,0,0.849389,0.0518765,2.06946,0.182006,0,0.0779616,0.555983,4.37057,0.620753,0.358203,0.682609,2.68389,0.155988,0.216725,0,0.685763,0.0351553,0,-0.000252788,0.260348,0.958987,0.186628,0.0515433,0.0542699,0.00405149,0.00332458,0.435516,0.0496787,4.37824,0.912916,11.814,0.634961,0.665436,-6.14496,-0.333333,-0.0591612,0.716317,10.3333,12.25,0,0,2.04167,5.91667,0,-7.60195,0.0001,-0.00250421,0.0485734,1.80781,0.135806,50577,0.164788,197.19,1.86181
4871,0.15029,0.574022,0.00507404,0.00507404,0.181847,0.14297,0.80434,0.607508,0.0532916,0.0205124,0.0509674,0.216222,0.0478818,0,0.846945,0.054662,2.05444,0.179019,0,0.0784469,0.561851,4.38104,0.621819,0.363364,0.680932,2.68038,0.15851,0.214118,0,0.723729,0.0408599,0,-0.000255934,0.260614,0.959106,0.193608,0.0512965,0.0542095,0.00432701,0.00367837,0.433537,0.0495007,4.24924,1.31906,11.97,0.629826,0.663425,-6.49018,-0.333333,-0.0605011,0.735991,10,12.8333,0,0,3,6.375,0,-7.59854,0.0001,-0.00276,0.050383,1.65959,0.125862,55058,0.16481,197.51,1.96686
4872,0.151471,0.580675,0.00506974,0.00506974,0.181958,0.144764,0.804073,0.610205,0.0529197,0.0209425,0.0506793,0.216893,0.0491832,0,0.848267,0.0550909,2.05757,0.178746,0,0.0777173,0.559166,4.39114,0.623885,0.363785,0.677885,2.67901,0.159415,0.214591,0,0.736864,0.0353716,0,-0.000340056,0.260419,0.95914,0.193145,0.0510678,0.053839,0.00420642,0.00343232,0.43477,0.0492266,4.17729,1.06617,11.8878,0.631684,0.659965,-6.37034,-0.333333,-0.0605016,0.744724,10.2917,11.5833,0,0,2.375,7.45833,0,-7.59468,0.0001,-0.00283475,0.0517657,1.65055,0.124591,55378,0.164838,197.34,2.14377
4873,0.151747,0.573956,0.0050727,0.0050727,0.184052,0.143255,0.805286,0.608679,0.0529669,0.0210937,0.0507439,0.217896,0.0452055,0,0.851692,0.0549401,2.06348,0.169974,0,0.0759591,0.564084,4.39687,0.623485,0.363399,0.678823,2.67243,0.160264,0.215581,0,0.723653,0.0511233,0,-0.000363505,0.256397,0.95918,0.192555,0.0511873,0.0539245,0.00435092,0.00361949,0.437154,0.0493512,4.27511,0.944157,11.8258,0.633026,0.658014,-6.29757,-0.333333,-0.0611125,0.73572,11.2917,12.3333,0,0,2.20833,7.91667,0,-7.59216,0.0001,-0.00231104,0.0490784,1.58375,0.123693,57573,0.164878,198.96,2.17526
4874,0.150534,0.579826,0.00506303,0.00506303,0.182793,0.144701,0.804669,0.614434,0.0534635,0.0205449,0.0511085,0.216548,0.0463947,0,0.847384,0.0550696,2.03686,0.173003,0,0.0773682,0.562624,4.38566,0.621712,0.364622,0.680774,2.69209,0.159228,0.214197,0,0.748991,0.0352977,0,-0.000227814,0.256955,0.959365,0.192804,0.0514652,0.0544205,0.00459177,0.00386162,0.434648,0.0496596,4.32982,1.45169,12.0769,0.626831,0.667678,-6.54823,-0.333333,-0.0607786,0.74446,9.29167,12.2917,0,0,3.125,7.20833,0,-7.58809,0.0001,-0.00254274,0.0512856,1.62499,0.1234,56225,0.164954,197.54,2.14064
4875,0.150647,0.573412,0.00508019,0.00508019,0.183551,0.143643,0.805336,0.602779,0.0534734,0.0205101,0.0511403,0.217125,0.0454533,0,0.846719,0.0534222,2.04641,0.171358,0,0.0766841,0.563241,4.38263,0.621017,0.362479,0.68329,2.68205,0.158317,0.21475,0,0.729278,0.023457,0,-0.000273356,0.25859,0.959493,0.190034,0.0515006,0.0543742,0.00505788,0.00433641,0.437636,0.0497187,4.51834,1.46767,12.0689,0.626912,0.665494,-6.54225,-0.333333,-0.0607497,0.735551,10.0417,12,0,0,2.45833,7.875,0,-7.58213,0.0001,-0.00182016,0.0481012,1.76968,0.141443,51437,0.165022,195.6,2.05583
4876,0.14998,0.569116,0.00505948,0.00505948,0.180382,0.142015,0.80409,0.60615,0.0533095,0.0205956,0.0509767,0.216179,0.0464817,0,0.845667,0.0541104,2.05393,0.176347,0,0.0773172,0.563731,4.38045,0.621454,0.365046,0.679985,2.67893,0.159178,0.213773,0,0.718055,0.0398301,0,-0.000261134,0.259642,0.959817,0.192364,0.0513743,0.0542152,0.0045895,0.00384399,0.43703,0.0495993,4.34262,1.50684,12.0617,0.626166,0.662079,-6.65038,-0.333333,-0.0599077,0.730598,7.83333,9.83333,0,0,2.54167,7.16667,0,-7.57809,0.0001,-0.00234542,0.0483748,1.61461,0.122907,56577,0.165024,198.36,2.01207
4877,0.147939,0.562797,0.00508554,0.00508554,0.179217,0.140593,0.80502,0.594432,0.0533303,0.0202828,0.0510234,0.21745,0.0488415,0,0.847957,0.0530855,2.06075,0.179002,0,0.078066,0.557554,4.3792,0.621316,0.361809,0.681272,2.68782,0.155877,0.215147,0,0.710449,0.0389371,0,-0.000270222,0.263648,0.959553,0.190602,0.0513878,0.0542415,0.00452315,0.00379094,0.436473,0.0495998,4.38323,1.38708,11.9767,0.629074,0.665595,-6.50445,-0.333333,-0.0594048,0.7217,9.58333,11.5,0,0,2.625,7.625,0,-7.57755,0.0001,-0.00272531,0.048553,1.61599,0.12969,56312,0.165056,195.55,1.82314
4878,0.148128,0.562539,0.00508213,0.00508213,0.178871,0.140818,0.804559,0.593327,0.0536806,0.0197755,0.0512323,0.216845,0.0502407,0,0.845257,0.0520865,2.05419,0.18034,0,0.0795304,0.552237,4.37743,0.62128,0.362363,0.679807,2.68436,0.155588,0.214235,0,0.738894,0.035033,0,-0.000210922,0.265636,0.959797,0.190038,0.051546,0.0545172,0.00463987,0.00384557,0.435905,0.0497731,4.44818,1.86035,12.1938,0.622823,0.666353,-6.76359,-0.333333,-0.0592885,0.72106,8.58333,11.8333,0,0,3.20833,7.70833,0,-7.57445,0.0001,-0.00221216,0.0468187,1.64661,0.119993,55645,0.165114,198.01,1.97323
4879,0.146627,0.556661,0.00510447,0.00510447,0.180357,0.139899,0.805642,0.582646,0.0537684,0.0196772,0.0513205,0.219229,0.0477858,0,0.850622,0.0507959,2.05521,0.176324,0,0.079202,0.561135,4.37512,0.62119,0.35951,0.683854,2.68487,0.153412,0.216754,0,0.700088,0.0324377,0,-0.000259293,0.261151,0.959396,0.186717,0.0516266,0.0546036,0.00465811,0.00389853,0.438129,0.0498465,4.53922,1.70798,12.204,0.62389,0.671184,-6.6208,-0.333333,-0.0595372,0.712841,9.25,11.9583,0,0,3.33333,8.08333,0,-7.57176,0.0001,-0.00143224,0.0475316,1.84151,0.141191,49580,0.165163,196.43,1.93845
4880,0.151199,0.578703,0.00508315,0.00508315,0.180102,0.144645,0.804805,0.607787,0.0530531,0.0204515,0.0507681,0.217327,0.0506783,0,0.847425,0.0540232,2.04751,0.182632,0,0.0780425,0.561903,4.38238,0.622729,0.362096,0.68031,2.67402,0.159184,0.214929,0,0.725816,0.0324618,0,-0.000352504,0.263612,0.959742,0.191804,0.0510993,0.0538736,0.00493432,0.00416334,0.442037,0.0493325,4.54715,1.30355,11.9369,0.630077,0.661609,-6.48986,-0.333333,-0.059718,0.740511,9.41667,11.4167,0,0,2.83333,7.625,0,-7.56991,0.0001,-0.00266566,0.044545,1.64274,0.123897,55644,0.165179,196.84,2.04887
4881,0.15126,0.582933,0.00507245,0.00507245,0.184637,0.145389,0.803703,0.614699,0.0532263,0.0204326,0.0509171,0.218853,0.0465461,0,0.855115,0.0553636,2.0502,0.172034,0,0.0772196,0.565756,4.39216,0.624263,0.363482,0.67689,2.66054,0.159516,0.216419,0,0.733328,0.0473947,0,-0.00039038,0.257664,0.95954,0.193365,0.0511888,0.0540143,0.00457837,0.0038031,0.440899,0.0493977,4.46873,1.37124,11.9948,0.629257,0.663006,-6.51016,-0.333333,-0.0613724,0.745378,10.0833,12.2083,0,0,2.875,7.41667,0,-7.5692,0.0001,-0.00192807,0.0458547,1.63506,0.124753,55860,0.165187,199.25,2.25418
4882,0.150831,0.579077,0.00506335,0.00506335,0.180591,0.14436,0.802896,0.614747,0.0530385,0.0203963,0.050717,0.216717,0.0498717,0,0.847649,0.0555399,2.04323,0.177847,0,0.0782645,0.561913,4.41234,0.625229,0.364595,0.678761,2.65718,0.159747,0.214081,0,0.754476,0.0435696,0,-0.000386075,0.264364,0.960196,0.195056,0.0510291,0.05384,0.00501339,0.00418089,0.442104,0.0492873,4.54219,1.46003,11.9845,0.627119,0.657658,-6.60587,-0.333333,-0.0600957,0.739083,9,9.70833,0,0,2.29167,8.33333,0,-7.56634,0.0001,-0.00237959,0.0462552,1.59053,0.122659,57380,0.165199,197.33,1.97004
4883,0.152757,0.584315,0.00506461,0.00506461,0.183758,0.145835,0.803157,0.6221,0.0527951,0.0208059,0.0505416,0.217254,0.0475593,0,0.849532,0.0567612,2.05866,0.177653,0,0.0769807,0.565295,4.40407,0.625464,0.364465,0.67708,2.65897,0.161929,0.214763,0,0.73706,0.0413531,0,-0.000400858,0.259755,0.959977,0.196629,0.0508667,0.0536175,0.00505624,0.00423904,0.445198,0.0491114,4.6476,1.26321,11.8662,0.630909,0.658771,-6.50491,-0.333333,-0.0610382,0.745759,9.83333,10.8333,0,0,3.16667,8.79167,0,-7.56302,0.0001,-0.00184402,0.0500191,1.61955,0.122065,56444,0.165221,197.75,2.11601
4884,0.151181,0.5793,0.00507946,0.00507946,0.182312,0.144967,0.804027,0.610536,0.053078,0.0208224,0.0508157,0.218539,0.0459358,0,0.85203,0.0549107,2.04734,0.173518,0,0.0760838,0.565872,4.39691,0.623718,0.362586,0.680244,2.66663,0.159342,0.215993,0,0.739773,0.0383575,0,-0.000358681,0.259461,0.95998,0.191607,0.0512249,0.0539589,0.00480023,0.00401629,0.441347,0.0494435,4.43693,1.28816,11.9382,0.62963,0.658196,-6.44717,-0.333333,-0.0603984,0.740368,8.79167,9.83333,0,0,2.04167,8.29167,0,-7.56198,0.0001,-0.00266165,0.0440471,1.83992,0.120039,50156,0.165207,198.18,1.90784
4885,0.150793,0.576763,0.0050784,0.0050784,0.179722,0.144402,0.803704,0.608763,0.0532037,0.020421,0.0509101,0.217259,0.0477974,0,0.847273,0.0543885,2.06859,0.174153,0,0.0764968,0.559882,4.37891,0.622373,0.362677,0.679582,2.67342,0.159249,0.21479,0,0.722896,0.0580216,0,-0.000316132,0.261423,0.959644,0.191036,0.0513392,0.0541296,0.00499051,0.00419696,0.43937,0.0495724,4.52972,1.34815,11.9956,0.628746,0.663563,-6.49091,-0.333333,-0.0595486,0.736728,9.125,10.8333,0,0,2.125,7.625,0,-7.56336,0.0001,-0.00262289,0.0500881,1.66455,0.123144,54989,0.165163,197.72,2.09626
4886,0.148705,0.567917,0.00507462,0.00507462,0.181085,0.142138,0.804363,0.600293,0.0530752,0.0209049,0.0507931,0.216963,0.0468154,0,0.846935,0.0535076,2.04724,0.177311,0,0.0772758,0.563549,4.39738,0.624228,0.363166,0.680786,2.66694,0.157658,0.214655,0,0.721325,0.0497727,0,-0.000398618,0.261794,0.959267,0.192085,0.0511454,0.0539293,0.00512468,0.00434381,0.444596,0.0493609,4.54595,1.1993,11.9871,0.629611,0.666577,-6.39817,-0.333333,-0.0599694,0.729132,10.7083,12.25,0,0,2.83333,6.5,0,-7.56379,0.0001,-0.00224582,0.0503873,1.62272,0.124107,56275,0.165178,198.22,1.94238
4887,0.149029,0.567119,0.00511435,0.00511435,0.179847,0.142262,0.805934,0.598497,0.053074,0.0208799,0.0508734,0.217407,0.0492187,0,0.845518,0.053536,2.05854,0.17852,0,0.0774788,0.559263,4.37428,0.62115,0.358352,0.682085,2.69047,0.157135,0.215377,0,0.724338,0.0507751,0,-0.000373394,0.262381,0.958612,0.1892,0.0513097,0.0540183,0.00427324,0.00357438,0.440798,0.0494667,4.35098,0.940327,11.7843,0.636291,0.662977,-6.16096,-0.333333,-0.0594406,0.726456,10.9583,11.25,0,0,2.66667,6.79167,0,-7.56076,0.0001,-0.00202154,0.0492457,1.59523,0.11861,57358,0.165226,196.63,1.93757
4888,0.148433,0.568727,0.0050845,0.0050845,0.179847,0.14238,0.804001,0.605101,0.0527126,0.0214825,0.0505539,0.216754,0.0494591,0,0.846255,0.0549608,2.04546,0.180136,0,0.0771235,0.564626,4.39771,0.623716,0.361909,0.68115,2.67151,0.157379,0.214666,0,0.723449,0.0358129,0,-0.000383899,0.266497,0.958731,0.192765,0.0510075,0.0537174,0.00521441,0.00449713,0.442202,0.0491906,4.42987,0.783124,11.7845,0.636376,0.662256,-6.1092,-0.333333,-0.0595478,0.727393,11.625,12.125,0,0,2.33333,6.91667,0,-7.55805,0.0001,-0.00237104,0.0497942,1.83666,0.132442,49923,0.165245,196.89,2.00503
4889,0.149943,0.572194,0.0050836,0.0050836,0.18103,0.143321,0.804135,0.604183,0.0530487,0.020987,0.0507912,0.216403,0.0484482,0,0.844294,0.053761,2.05326,0.179593,0,0.0772172,0.561697,4.38122,0.623095,0.362075,0.680771,2.66826,0.158108,0.214027,0,0.733126,0.0342349,0,-0.00036985,0.260792,0.958835,0.190428,0.0512615,0.0539783,0.00421563,0.00346424,0.438033,0.049404,4.34526,1.01587,11.9273,0.631895,0.663299,-6.27081,-0.333333,-0.0599949,0.732146,10.4583,11.1667,0,0,2.29167,6.41667,0,-7.55998,0.0001,-0.00230935,0.046221,1.68688,0.125899,54228,0.165218,198.06,2.05437
4890,0.150774,0.57561,0.00507019,0.00507019,0.183588,0.14343,0.803922,0.609665,0.0527334,0.0210344,0.0505263,0.21543,0.0461674,0,0.843906,0.0551782,2.04312,0.174236,0,0.0757191,0.568599,4.40869,0.625546,0.363757,0.67845,2.65939,0.159917,0.213221,0,0.74187,0.0413011,0,-0.000472351,0.259612,0.958938,0.194943,0.0508699,0.0535852,0.00492161,0.00415413,0.444255,0.0490428,4.48429,0.963975,11.8145,0.634743,0.658226,-6.26466,-0.333333,-0.061084,0.736877,11.0417,11.875,0,0,2.75,6.83333,0,-7.56022,0.0001,-0.0022643,0.0477274,1.6238,0.120826,56346,0.165227,197.89,2.15818
4891,0.146323,0.562508,0.00507902,0.00507902,0.179165,0.14079,0.803836,0.597192,0.0531971,0.0206506,0.0509121,0.215463,0.0491263,0,0.838909,0.0531944,2.05294,0.179746,0,0.0769518,0.564837,4.39437,0.623242,0.362599,0.682566,2.66716,0.155568,0.212855,0,0.725435,0.0386617,0,-0.000433851,0.26415,0.959814,0.191707,0.0511908,0.0540065,0.00528143,0.00450359,0.443972,0.0494411,4.51896,1.26399,11.948,0.629305,0.663275,-6.44384,-0.333333,-0.0593176,0.720282,10.375,10.5833,0,0,2.58333,7.41667,0,-7.55854,0.0001,-0.00171722,0.0485294,1.62343,0.126733,56168,0.1652,198.37,1.98936
4892,0.147617,0.569789,0.00506408,0.00506408,0.178504,0.141957,0.803379,0.610274,0.0528743,0.0206688,0.0505785,0.216163,0.0498506,0,0.845215,0.0555804,2.05032,0.180725,0,0.0779058,0.563977,4.39621,0.625455,0.364537,0.675959,2.64681,0.157719,0.213572,0,0.751373,0.0550307,0,-0.000404182,0.265927,0.959946,0.195383,0.0509138,0.0536926,0.0051657,0.00434163,0.443008,0.0491662,4.45908,1.24441,11.9332,0.629495,0.664127,-6.47531,-0.333333,-0.0594572,0.72979,10.6667,11.6667,0,0,2.875,7.54167,0,-7.55845,0.0001,-0.00201172,0.0458939,1.59132,0.122495,57359,0.165192,197.09,1.91886
4893,0.150407,0.576026,0.00509772,0.00509772,0.182511,0.144274,0.804953,0.615379,0.0529532,0.021398,0.0507632,0.216635,0.0450495,0,0.841954,0.0555795,2.03199,0.171437,0,0.0751803,0.566732,4.39865,0.622883,0.360389,0.68308,2.6717,0.159966,0.214091,0,0.739172,0.038863,0,-0.000443231,0.261411,0.95913,0.192155,0.0511553,0.0538578,0.00496357,0.00419072,0.445248,0.0493472,4.55239,0.933604,11.7801,0.635665,0.655257,-6.17345,-0.333333,-0.0603908,0.73795,11.0417,10.7917,0,0,2,7.41667,0,-7.55608,0.0001,-0.00233464,0.0473335,1.80957,0.124932,50816,0.165208,198.31,2.10566
4894,0.149635,0.568518,0.00508613,0.00508613,0.183953,0.142519,0.804137,0.597924,0.0530605,0.0202466,0.0507895,0.219031,0.045667,0,0.853237,0.0529055,2.05305,0.172594,0,0.07679,0.56696,4.40509,0.625259,0.361733,0.679426,2.66231,0.157074,0.216548,0,0.720771,0.0316811,0,-0.000391117,0.256759,0.95963,0.192684,0.0511808,0.0538529,0.00446591,0.00367088,0.44791,0.0493855,4.57901,1.36181,11.9671,0.628781,0.658445,-6.47179,-0.333333,-0.0608714,0.727154,10.0417,10.6667,0,0,2.375,7.875,0,-7.5553,0.0001,-0.00221897,0.0485162,1.62161,0.132608,56038,0.165248,198.51,2.06163
4895,0.152222,0.575729,0.00507149,0.00507149,0.183204,0.143892,0.803866,0.607924,0.0531135,0.0204661,0.0508087,0.21904,0.0462418,0,0.855068,0.0544299,2.0497,0.173189,0,0.0769398,0.565033,4.39903,0.625136,0.363592,0.676281,2.65008,0.16027,0.216481,0,0.732287,0.0426008,0,-0.000369174,0.258724,0.959761,0.191618,0.0511892,0.0539505,0.00459653,0.00379003,0.44588,0.0493682,4.5344,1.33737,12.0026,0.627563,0.658365,-6.50376,-0.333333,-0.0607814,0.735617,9.33333,9.58333,0,0,2.20833,7.5,0,-7.55304,0.0001,-0.00259263,0.0481041,1.6076,0.121786,56843,0.165299,197.27,2.00017
4896,0.150116,0.577631,0.00505385,0.00505385,0.181894,0.143888,0.802329,0.61298,0.0527714,0.0206378,0.0505173,0.216265,0.0478304,0,0.848258,0.0552326,2.04152,0.178892,0,0.0770274,0.569043,4.41046,0.624991,0.365816,0.677294,2.64961,0.15965,0.213919,0,0.74014,0.041945,0,-0.000485229,0.260177,0.959735,0.195379,0.0508628,0.0535127,0.00452549,0.00377692,0.443114,0.0490758,4.43599,1.17612,11.9036,0.629685,0.657742,-6.47495,-0.333333,-0.0605865,0.737276,11.125,10.9167,0,0,2.375,8.20833,0,-7.54776,0.0001,-0.00236766,0.0475465,1.6288,0.124382,56071,0.165353,196.56,2.13822
4897,0.152587,0.586672,0.00504627,0.00504627,0.182932,0.145816,0.803147,0.620089,0.0527657,0.0213411,0.050515,0.21785,0.0475236,0,0.855169,0.0563995,2.06838,0.176102,0,0.0772282,0.565746,4.40036,0.625381,0.366737,0.674814,2.65234,0.161235,0.215465,0,0.745013,0.044272,0,-0.000446312,0.262491,0.95896,0.196361,0.0509393,0.053651,0.00524936,0.0044548,0.444802,0.049151,4.46324,1.03205,11.944,0.632214,0.668835,-6.36632,-0.333333,-0.0610009,0.751644,10.6667,11.0417,0,0,2.58333,5.5,0,-7.54277,0.0001,-0.0018677,0.0502618,1.58622,0.208956,54760,0.165345,197.23,2.07372
4898,0.15071,0.574693,0.00507638,0.00507638,0.181283,0.143519,0.803099,0.609205,0.0527708,0.0208576,0.0505588,0.217225,0.0485049,0,0.848796,0.0551629,2.04897,0.181091,0,0.077093,0.569335,4.41368,0.62613,0.363108,0.678474,2.65924,0.159582,0.214805,0,0.743836,0.0386756,0,-0.000415808,0.263768,0.959394,0.193713,0.0510231,0.0536695,0.00458508,0.0038092,0.445509,0.0492108,4.54621,1.01028,11.8185,0.633547,0.65702,-6.3161,-0.333333,-0.0602141,0.7331,11.2083,11.4167,0,0,2.29167,7.375,0,-7.54292,0.0001,-0.00209852,0.049743,1.7953,0.132576,50990,0.165355,196.84,1.92449
4899,0.146958,0.560039,0.00507854,0.00507854,0.17851,0.139696,0.80392,0.599289,0.0529206,0.0201231,0.0506329,0.215523,0.0484525,0,0.842248,0.0542824,2.04651,0.180547,0,0.0781686,0.562493,4.39926,0.623477,0.362817,0.679825,2.66535,0.156824,0.213131,0,0.718896,0.0568128,0,-0.000365995,0.265847,0.959792,0.194198,0.0509504,0.0537563,0.00480391,0.00408488,0.440313,0.0492228,4.44955,1.34826,11.9418,0.629465,0.659012,-6.48283,-0.333333,-0.059306,0.716648,10.125,10.7083,0,0,2.41667,7.125,0,-7.54146,0.0001,-0.00231095,0.0485512,1.7032,0.124356,53789,0.165412,196.63,1.81461
