step,Episode_Metrics/bridge/balance_debt,Episode_Metrics/bridge/credible,Episode_Metrics/bridge/credible_best_s,Episode_Metrics/bridge/entry_speed,Episode_Metrics/bridge/failed,Episode_Metrics/bridge/handoff,Episode_Metrics/bridge/missed_goal,Episode_Metrics/bridge/potential,Episode_Metrics/bridge/progress_steps,Episode_Metrics/bridge/quality,Episode_Metrics/onefoot/best_dwell,Episode_Metrics/onefoot/capture_error,Episode_Metrics/onefoot/clearance,Episode_Metrics/onefoot/com_offset,Episode_Metrics/onefoot/com_speed,Episode_Metrics/onefoot/cross_track,Episode_Metrics/onefoot/diagnostic_valid,Episode_Metrics/onefoot/distance,Episode_Metrics/onefoot/dwell,Episode_Metrics/onefoot/head_speed,Episode_Metrics/onefoot/heading_error,Episode_Metrics/onefoot/injected_speed,Episode_Metrics/onefoot/lateral,Episode_Metrics/onefoot/left_contact,Episode_Metrics/onefoot/left_force,Episode_Metrics/onefoot/left_load,Episode_Metrics/onefoot/phase,Episode_Metrics/onefoot/right_contact,Episode_Metrics/onefoot/right_force,Episode_Metrics/onefoot/single_support,Episode_Metrics/onefoot/speed,Episode_Metrics/onefoot/success,Episode_Metrics/onefoot/success_050,Episode_Metrics/onefoot/success_100,Episode_Metrics/onefoot/success_200,Episode_Metrics/onefoot/support_cop_y_offset,Episode_Metrics/onefoot/support_yaw,Episode_Metrics/onefoot/upright,Episode_Metrics/onefoot/waist_axis_alignment,Episode_Metrics/onefoot/waist_axis_error,Episode_Metrics/onefoot/waist_capture_error,Episode_Metrics/onefoot/waist_foreaft_capture,Episode_Metrics/onefoot/waist_foreaft_error,Episode_Metrics/onefoot/waist_front_load,Episode_Metrics/onefoot/waist_pelvis_offset,Episode_Metrics/onefoot/waist_pitch_deg,Episode_Metrics/onefoot/waist_roll_deg,Episode_Metrics/onefoot/waist_roll_error_deg,Episode_Metrics/onefoot/waist_roll_match,Episode_Metrics/onefoot/waist_roll_speed,Episode_Metrics/onefoot/waist_target_roll_deg,Episode_Reward/failure,Episode_Reward/handoff,Episode_Reward/shaping,Episode_Reward/task,Episode_Termination/body_ground,Episode_Termination/fell_over,Episode_Termination/nan_state,Episode_Termination/out_of_terrain_bounds,Episode_Termination/replanted_swing,Episode_Termination/stalled_transfer,Episode_Termination/time_out,Loss/entropy,Loss/learning_rate,Loss/surrogate,Loss/value,Perf/collection_time,Perf/learning_time,Perf/total_fps,Policy/mean_std,Train/mean_episode_length,Train/mean_reward
7900,0,0,0,0,0,0,0,0,0,0,0,0,0,0,0,0,0,0,0,0,0,0,0,0,0,0,0,0,0,0,0,0,0,0,0,0,0,0,0,0,0,0,0,0,0,0,0,0,0,0,0,0,0,0,0,0,0,0,0,0,0,0,-5.92649,0.0001,-0.000213294,0.000553758,1.58537,0.192135,55304,0.186275,,
7901,0,0,0,0,0,0,0,0,0,0,0,0,0,0,0,0,0,0,0,0,0,0,0,0,0,0,0,0,0,0,0,0,0,0,0,0,0,0,0,0,0,0,0,0,0,0,0,0,0,0,0,0,0,0,0,0,0,0,0,0,0,0,-5.95724,0.0001,-0.000252611,0.00296222,1.50342,0.15963,59110,0.1857,,
7902,0,0,0,0,0,0,0,0,0,0,0,0,0,0,0,0,0,0,0,0,0,0,0,0,0,0,0,0,0,0,0,0,0,0,0,0,0,0,0,0,0,0,0,0,0,0,0,0,0,0,0,0,0,0,0,0,0,0,0,0,0,0,-5.98534,0.0001,-9.49427e-05,0.0157071,1.51337,0.154671,58933,0.185361,,
7903,0,0,0,0,0,0,0,0,0,0,0,0,0,0,0,0,0,0,0,0,0,0,0,0,0,0,0,0,0,0,0,0,0,0,0,0,0,0,0,0,0,0,0,0,0,0,0,0,0,0,0,0,0,0,0,0,0,0,0,0,0,0,-5.99915,0.0001,-9.09163e-05,0.00818038,1.4389,0.128851,62703,0.185152,,
7904,0,0,0,0,0,0,0,0,0,0,0,0,0,0,0,0,0,0,0,0,0,0,0,0,0,0,0,0,0,0,0,0,0,0,0,0,0,0,0,0,0,0,0,0,0,0,0,0,0,0,0,0,0,0,0,0,0,0,0,0,0,0,-6.0058,0.0001,0.000698023,0.0242088,1.31147,0.138262,67808,0.185102,,
7905,0.590547,0,0,0,0.00660142,0,0.00660142,0.00922061,0,0.588235,0,0.0539338,-0.00107443,0.0529246,0.179405,0.0798123,0,0.463651,0,1.70131,0.332164,0,0.0910669,0.311414,3.15201,0.44769,0.0709093,0.704261,2.9062,0,0.175903,0,0,0,0,0.000253261,0.372143,0.825809,0.0459323,0.0532845,0.0542187,-0.00416711,-0.0060367,0.377785,0.051704,11.1383,1.02551,3.91107,0.750308,0.403765,-1.66109,-0.291667,0,-0.00204554,0,0.833333,0.583333,0,0,0,0,0,-6.00353,0.0001,0.0110789,0.0520838,1.84196,0.151534,49312,0.185119,136.267,-2.01358
7906,0.902393,0.00265986,0.00722222,0.0224186,0.00641682,3.78841e-06,0.00641682,0.0228378,0.00216135,0.626501,0.00722222,0.0587174,0.00243991,0.0577865,0.211664,0.0858248,0,0.646491,0.000249461,2.31928,0.303489,0,0.0946196,0.29892,3.73792,0.520698,0.194993,0.79018,3.3273,0.00265986,0.206882,0,0,0,0,0.00175745,0.398329,0.961115,0.0716808,0.0608038,0.061064,-0.00373042,-0.00343825,0.36481,0.059509,7.32966,1.04009,7.68776,0.752032,0.67091,-3.68956,-0.333333,0.000105444,-0.00606763,0.00553095,1.375,0.625,0,0,0.0416667,0,0,-6.0038,0.0001,0.0026239,0.311022,1.88496,0.153362,48227,0.185107,151.396,-1.98697
7907,1.57959,0.0658362,0.18155,0.318263,0.0055512,0.00048167,0.0055512,0.0990447,0.0491002,0.589198,0.18155,0.0573633,0.0178155,0.0551843,0.253606,0.0700215,0,0.900503,0.0101392,2.39543,0.233415,0,0.0846664,0.43558,4.23826,0.595106,0.303323,0.700275,2.8225,0.0658362,0.249821,0,0.0737559,0,0,0.000580428,0.307876,0.96399,0.113488,0.0581063,0.0593029,0.0038594,0.00275752,0.404231,0.0566189,7.41286,-0.505597,10.1476,0.680909,0.694486,-4.62253,-0.333333,0.0149759,-0.0300975,0.128298,7.83333,3.875,0,0,0.208333,4.125,0,-6.00534,0.0001,0.00234883,0.135535,1.94818,0.154259,46757,0.185107,190.53,-0.396034
7908,2.19503,0.182751,0.557733,0.440474,0.00489559,0.0014088,0.00489559,0.180179,0.135751,0.577384,0.558108,0.0541537,0.0243564,0.0517804,0.266955,0.0469835,0,1.07779,0.0514631,2.28422,0.18393,0,0.0770086,0.517518,4.52933,0.63652,0.385603,0.630742,2.53465,0.182905,0.264002,0,0.583898,0.0393262,0,-0.000218178,0.266976,0.967561,0.201789,0.0533594,0.0553105,0.00714501,0.00629712,0.43341,0.0521595,7.66093,-0.130929,10.6,0.643175,0.626699,-6.62594,-0.333333,0.0480099,-0.0616034,0.394358,22.4167,11.5,0,0,1.91667,12.25,0,-6.0052,0.0001,0.000208236,0.0456819,2.00247,0.160203,45454,0.185116,214.66,0.817544
7909,2.15573,0.242342,0.838048,0.433269,0.00438039,0.00127051,0.00438039,0.221216,0.18312,0.548611,0.846671,0.0487969,0.030625,0.046743,0.250601,0.0475646,0,1.13061,0.102492,2.36002,0.179644,0,0.074008,0.571359,4.80963,0.676284,0.450261,0.565275,2.26835,0.247565,0.247742,0,0.847861,0.386551,0,-0.000813398,0.259431,0.968303,0.274926,0.0484696,0.0496847,0.00657345,0.00584764,0.446537,0.0472459,7.72052,-1.19127,10.2188,0.643229,0.574848,-7.46411,-0.333333,0.0483242,-0.084339,0.58522,14.375,7.125,0,0,1,8.29167,0,-6.00302,0.0001,0.000356948,0.00511385,1.96607,0.154681,46353,0.185146,237.89,1.39695
7910,2.20255,0.233054,0.926562,0.440024,0.00396338,0.00116173,0.00396338,0.225999,0.183438,0.526965,0.93651,0.0449165,0.0362119,0.0430306,0.228095,0.0457123,0,1.13846,0.10868,2.416,0.172753,0,0.0688896,0.61368,5.03771,0.707636,0.502596,0.509531,2.05116,0.242776,0.225666,0,0.910283,0.509424,0,-0.001393,0.242614,0.968323,0.333822,0.0445673,0.0453847,0.00563453,0.00499149,0.455135,0.0431991,7.89189,-1.93309,9.97983,0.643919,0.534232,-8.23858,-0.333333,0.048874,-0.0950412,0.647852,9.54167,4.70833,0,0,0.958333,5.29167,0,-6.00018,0.0001,-0.000484887,0.00223155,2.01244,0.149987,45460,0.185161,260.22,1.84496
7911,2.40652,0.21716,0.984615,0.441266,0.00361891,0.00107792,0.00361891,0.208674,0.178119,0.50718,0.991391,0.0423113,0.0342937,0.0403405,0.209289,0.0426433,0,1.14285,0.106264,2.41883,0.164347,0,0.0662802,0.647402,5.21566,0.73003,0.545827,0.467262,1.88705,0.221248,0.206867,0,0.946497,0.572118,0,-0.00161111,0.233894,0.969848,0.390605,0.0412181,0.0423122,0.00492418,0.00435492,0.453878,0.040016,7.98046,-1.49481,10.209,0.625125,0.506052,-9.48772,-0.333333,0.0497187,-0.0961712,0.691777,5.125,4.91667,0,0,1.45833,5.58333,0,-5.99922,0.0001,-0.00226023,0.00587131,2.00893,0.156232,45402,0.185162,283.48,1.96119
7912,1.5613,0.202039,0.999089,0.441199,0.00336469,0.00101547,0.00336469,0.201782,0.168042,0.489246,1.00753,0.0366811,0.0370214,0.0360781,0.193573,0.0394206,0.00409637,1.12997,0.100709,2.43486,0.151091,0,0.0497655,0.685086,5.4416,0.756399,0.577731,0.432156,1.73864,0.205104,0.190173,0,0.943679,0.607934,0,-0.00210436,0.213356,0.974128,0.453147,0.0370964,0.0361998,0.00379545,0.00347817,0.459628,0.0357724,8.23948,-2.7726,8.55291,0.65889,0.372653,-9.77058,-0.333333,0.050312,-0.0999941,0.691817,4.41667,3.45833,0,0,0.541667,3.875,931.125,-5.99703,0.0001,-0.0017091,0.0121144,1.82446,0.156977,49612,0.185217,300,1.93551
7913,1.44907,0.14915,0.674458,0.402947,0.00418459,0.000585624,0.00418459,0.171831,0.120922,0.475941,0.679161,0.0437278,0.031409,0.0431679,0.206137,0.0523601,0.00441148,1.00121,0.0621881,2.34361,0.205853,0,0.0603028,0.585375,4.98089,0.695551,0.474834,0.534647,2.13014,0.150207,0.202879,0,0.557883,0.360045,0,-0.00133412,0.220826,0.96972,0.333901,0.0449843,0.0440622,-0.000349068,-0.000633564,0.446394,0.0434701,8.15246,-3.09848,8.78829,0.674262,0.434487,-7.43345,-0.333333,0.0292812,-0.0755816,0.462126,3.33333,1.75,0,0,0,1.75,1002.75,-5.99064,0.0001,1.97183e-05,0.0306856,1.63699,0.154709,54866,0.185289,298.86,1.88733
7914,1.58401,0.121384,0.357083,0.333063,0.00545914,0.00074198,0.00545914,0.120413,0.0884449,0.568055,0.357083,0.0566054,0.0172542,0.0548929,0.232549,0.062786,0,0.872086,0.0297272,2.30109,0.238422,0,0.0803617,0.436154,4.21739,0.591945,0.315851,0.697744,2.84329,0.121384,0.230117,0,0.461806,0.0138889,0,0.00053099,0.30755,0.966461,0.149503,0.0575339,0.0584231,-0.000256242,-0.000206769,0.39572,0.0561706,6.17952,-0.763439,9.27786,0.689461,0.598989,-4.9631,-0.333333,0.0252428,-0.0397432,0.256862,0.916667,0.541667,0,0,0.166667,0.375,0,-5.98631,0.0001,0.000260384,0.101289,1.79116,0.148804,50673,0.185312,273.28,1.30677
7915,1.93729,0.144041,0.442675,0.387774,0.00516101,0.000766312,0.00516101,0.16372,0.108063,0.597343,0.443389,0.056441,0.020437,0.0539963,0.253306,0.042397,0,0.980874,0.0409219,2.31732,0.179566,0,0.0749432,0.482338,4.40432,0.617872,0.352672,0.659526,2.66949,0.144682,0.250519,0,0.388343,0.0580357,0,0.000147343,0.268127,0.967022,0.167637,0.056004,0.0578186,0.00581534,0.00506542,0.420975,0.0546464,7.58344,0.0108941,10.2508,0.663526,0.620804,-5.9737,-0.333333,0.0256263,-0.055144,0.326564,1.79167,1.83333,0,0,0.25,1.70833,0,-5.9865,0.0001,-0.000925399,0.0906406,1.93974,0.155016,46928,0.185325,190.63,-0.535462
7916,2.28153,0.149864,0.455548,0.427538,0.0050705,0.00114677,0.0050705,0.159787,0.112282,0.582793,0.456602,0.0563498,0.0193054,0.0537074,0.262798,0.0528318,0,1.02835,0.0396859,2.2559,0.195362,0,0.081493,0.497692,4.42528,0.621938,0.363713,0.651885,2.63384,0.150222,0.259898,0,0.414711,0.0504386,0,0.000101587,0.276785,0.966985,0.176617,0.0551548,0.0575254,0.00753044,0.0067278,0.425986,0.0540281,7.8662,0.793883,10.8964,0.641623,0.640797,-6.66901,-0.333333,0.0383418,-0.0534536,0.319709,6.375,5.20833,0,0,1.29167,5.375,0,-5.98666,0.0001,-0.00171891,0.068239,2.02466,0.156674,45066,0.185315,202.49,0.115255
7917,2.2056,0.187938,0.609594,0.433336,0.00479019,0.00116737,0.00479019,0.186982,0.141391,0.569565,0.614727,0.053029,0.0244952,0.0506941,0.258475,0.0507579,0,1.07064,0.0641538,2.30695,0.188138,0,0.0774295,0.52864,4.58584,0.644838,0.398831,0.615699,2.47941,0.190653,0.25589,0,0.569135,0.189152,0,-0.000398763,0.267769,0.967179,0.215408,0.0523931,0.0541241,0.0072051,0.00639027,0.436277,0.0511776,7.83748,-0.449313,10.457,0.649018,0.614272,-6.71193,-0.333333,0.0411604,-0.066449,0.432666,8.25,5.20833,0,0,0.916667,5.16667,0.0416667,-5.98768,0.0001,-0.000967052,0.0508873,1.96988,0.15705,46218,0.185298,214.06,0.638834
7918,2.18343,0.198099,0.713598,0.424469,0.00463446,0.00119802,0.00463446,0.199771,0.157983,0.561688,0.721697,0.0514303,0.0255791,0.0492523,0.251692,0.046568,0,1.08484,0.0792,2.2734,0.17811,0,0.0732609,0.549523,4.67843,0.657237,0.418432,0.593448,2.39394,0.201619,0.249054,0,0.697885,0.270618,0,-0.000601756,0.252037,0.96746,0.244637,0.0506795,0.0521603,0.00574169,0.00502953,0.435469,0.0494485,7.93224,-0.640504,10.184,0.651293,0.582431,-7.14558,-0.333333,0.0438889,-0.0745402,0.501256,6.54167,4.16667,0,0,1.29167,4.58333,0.291667,-5.98859,0.0001,0.000909135,0.129765,2.07003,0.152776,44225,0.1853,226.66,0.924583
7919,2.27357,0.192484,0.718987,0.427914,0.00440361,0.00104158,0.00440361,0.193235,0.149253,0.542076,0.723634,0.0495453,0.0267552,0.0473445,0.23898,0.0487179,0,1.07928,0.0751764,2.34327,0.181018,0,0.0732746,0.565407,4.80049,0.675574,0.447347,0.56196,2.2733,0.195922,0.236162,0,0.710877,0.284964,0,-0.000710929,0.252578,0.967866,0.276758,0.0486753,0.050214,0.00619696,0.00542731,0.442534,0.0475095,8.32576,-0.589921,10.2857,0.643947,0.573213,-7.85618,-0.333333,0.0404474,-0.076351,0.496309,4.45833,4.41667,0,0,1.29167,3.70833,0.541667,-5.98905,0.0001,0.00281159,0.0829831,1.99764,0.158152,45600,0.185298,235.09,0.741424
7920,1.9928,0.178206,0.704438,0.440984,0.00434704,0.00112666,0.00434704,0.184119,0.140513,0.547154,0.709275,0.0482652,0.0249743,0.0464432,0.236259,0.0444833,0.00541719,1.07635,0.0685576,2.32419,0.165921,0,0.0667765,0.577416,4.85719,0.679054,0.454446,0.55716,2.24698,0.179999,0.232751,0,0.633857,0.30993,0,-0.00080646,0.245178,0.97051,0.297354,0.0474518,0.0485732,0.00623949,0.00554971,0.44536,0.0463422,8.42553,-0.273273,10.0013,0.642221,0.524526,-8.2683,-0.333333,0.0440786,-0.0751659,0.495949,9.125,10.1667,0,0,3.20833,9.45833,8.375,-5.98972,0.0001,0.000577002,0.0336813,1.71254,0.122544,53569,0.185309,248.81,0.956502
7921,1.95963,0.211902,0.851205,0.432916,0.00403778,0.00115311,0.00403778,0.209583,0.16739,0.526185,0.857289,0.0443117,0.0291055,0.0429421,0.228373,0.0455584,0.00198413,1.11358,0.0899962,2.34527,0.168764,0,0.0630987,0.614245,5.04245,0.704461,0.493258,0.516655,2.08255,0.214063,0.225145,0,0.863787,0.366911,0,-0.00133895,0.234065,0.970645,0.346132,0.0440295,0.0444277,0.00515276,0.00454368,0.453672,0.0428618,8.52328,-1.5785,9.3817,0.653334,0.480254,-8.44041,-0.333333,0.0476566,-0.0884385,0.593094,8.58333,6.04167,0,0,1.75,5.66667,8.08333,-5.98999,0.0001,-0.00232358,0.0152797,1.70207,0.128732,53694,0.185306,258.72,1.57328
7922,1.87878,0.223001,0.976474,0.437005,0.00382201,0.00106384,0.00382201,0.221524,0.183966,0.516654,0.988461,0.0421147,0.031814,0.0408979,0.217273,0.0430413,0,1.12159,0.109046,2.35785,0.160815,0,0.0592302,0.637024,5.15761,0.720398,0.520361,0.488037,1.96798,0.228817,0.213954,0,0.933767,0.544616,0,-0.00157192,0.22493,0.970584,0.378202,0.0420049,0.0420178,0.00490887,0.00437057,0.458192,0.0408067,8.69963,-2.00579,9.19583,0.654682,0.456333,-8.84401,-0.333333,0.0470366,-0.0976024,0.681216,6.375,4.5,0,0,0.958333,4.41667,6.08333,-5.98867,0.0001,-0.00294269,0.0281898,1.93959,0.155272,46926,0.185345,267.48,1.77007
7923,2.03077,0.203372,0.925398,0.436334,0.00378908,0.00100666,0.00378908,0.209008,0.168072,0.51631,0.930859,0.0424706,0.0280651,0.0410136,0.213051,0.0442708,0,1.11182,0.0984336,2.33235,0.161997,0,0.0609421,0.640805,5.17542,0.721661,0.52447,0.484861,1.95425,0.205883,0.2095,0,0.841379,0.547891,0,-0.00153547,0.222018,0.970255,0.386755,0.0415495,0.0421045,0.00519744,0.00463646,0.459995,0.0404577,9.20604,-1.0994,9.60222,0.639344,0.464644,-9.47685,-0.333333,0.0459784,-0.095182,0.648239,3.41667,5,0,0,1.25,4.375,4.625,-5.98423,0.0001,-0.00154193,0.0361747,2.08296,0.161339,43801,0.185395,257.04,1.24601
7924,2.19986,0.1914,0.886835,0.439209,0.00383692,0.00105043,0.00383692,0.199691,0.159241,0.514261,0.892424,0.0436886,0.0262026,0.0420443,0.213623,0.0420687,0,1.10383,0.0894352,2.32134,0.160824,0,0.0613461,0.63533,5.1313,0.715821,0.518466,0.492402,1.99256,0.192813,0.210032,0,0.803585,0.509642,0,-0.00139429,0.220961,0.970716,0.37877,0.0423848,0.0432884,0.00503431,0.0044499,0.454179,0.0412875,9.01615,-0.509301,9.97565,0.628911,0.477054,-9.61341,-0.333333,0.0470512,-0.0914022,0.621796,4.29167,7.16667,0,0,2.20833,5.83333,31.1667,-5.98185,0.0001,-0.00170903,0.0398976,2.02609,0.162593,44914,0.185433,300,1.974
7925,2.29492,0.152769,0.467851,0.402531,0.00501856,0.00106158,0.00501856,0.164924,0.112849,0.577594,0.469408,0.0560793,0.0190359,0.0533538,0.257507,0.0527653,0,1.01968,0.0440029,2.26525,0.197322,0,0.0829147,0.502278,4.42724,0.624018,0.370383,0.643337,2.59217,0.153914,0.254382,0,0.379536,0.0724747,0,0.000107779,0.272633,0.967309,0.188342,0.0545523,0.0571268,0.00652845,0.00575312,0.429954,0.0534252,7.8833,1.22004,11.1419,0.633521,0.640463,-7.02262,-0.333333,0.0360164,-0.0562796,0.327409,2.83333,3,0,0,0.583333,2.45833,0,-5.97915,0.0001,-0.00257026,0.0416996,2.05476,0.155879,44468,0.185472,201.55,-0.118533
7926,2.28951,0.192538,0.661132,0.427256,0.00470833,0.00113158,0.00470833,0.194749,0.149621,0.568003,0.666012,0.0531662,0.0203249,0.0506214,0.255261,0.0483692,0,1.07712,0.0706882,2.28341,0.184101,0,0.0776788,0.531206,4.62536,0.649086,0.409104,0.605073,2.45491,0.194773,0.252444,0,0.634855,0.25114,0,-0.000315247,0.259431,0.968764,0.236171,0.0514936,0.0538825,0.00701801,0.00628196,0.434794,0.050458,7.89537,0.890936,11.029,0.623535,0.609742,-7.6495,-0.333333,0.0406892,-0.0710198,0.468457,3.08333,3,0,0,1,3.5,0.0833333,-5.97726,0.0001,-0.000804664,0.0522257,2.08622,0.155468,43852,0.185497,216.92,0.694016
7927,2.28759,0.177759,0.612191,0.41082,0.00464196,0.00101824,0.00464196,0.187665,0.133304,0.559137,0.616829,0.0518355,0.0222581,0.049502,0.247063,0.0487328,0,1.06165,0.063513,2.2728,0.18223,0,0.075434,0.543988,4.65378,0.653009,0.417539,0.596157,2.41015,0.180315,0.244282,0,0.551273,0.206118,0,-0.000539326,0.25805,0.968242,0.245498,0.0505369,0.0524016,0.00640657,0.00570927,0.439387,0.0494148,7.9199,0.251831,10.6586,0.636329,0.595275,-7.56183,-0.333333,0.0378393,-0.0706445,0.429419,3.41667,3.66667,0,0,1.16667,2.29167,0.458333,-5.97669,0.0001,-0.00101251,0.0711201,2.06052,0.152625,44418,0.185475,223.09,0.371938
7928,2.12278,0.176745,0.666246,0.411967,0.00446642,0.000972108,0.00446642,0.181182,0.136736,0.545091,0.67076,0.0495679,0.0234042,0.0475703,0.236781,0.0498108,0,1.05703,0.066612,2.32731,0.183487,0,0.0725296,0.559189,4.76657,0.667967,0.439504,0.574872,2.31913,0.178413,0.233905,0,0.659477,0.261307,0,-0.000762884,0.255835,0.969423,0.276422,0.0485786,0.0500259,0.00606249,0.00543374,0.436866,0.0474633,7.92695,-0.0852859,10.3572,0.637974,0.55766,-7.90075,-0.333333,0.0375024,-0.0718235,0.462409,4.95833,4.375,0,0,1.5,4,1.95833,-5.97745,0.0001,0.000246932,0.0583121,2.06407,0.156988,44259,0.185457,228.66,0.480321
7929,2.07364,0.191311,0.736079,0.434967,0.00430105,0.00112786,0.00430105,0.197407,0.149212,0.537349,0.740574,0.047626,0.0252616,0.0458908,0.236446,0.0447154,0,1.08847,0.073124,2.30558,0.169741,0,0.0665476,0.583049,4.87362,0.682318,0.460254,0.551609,2.22657,0.193009,0.233305,0,0.715506,0.291586,0,-0.000921086,0.238352,0.970241,0.306887,0.0468336,0.0478905,0.00646755,0.00583087,0.449995,0.0457342,8.42709,-0.454924,10.0384,0.638488,0.521698,-8.20062,-0.333333,0.0443594,-0.0801477,0.510936,5.20833,5.45833,0,0,1.95833,4.75,4.33333,-5.97694,0.0001,0.00442724,0.0461107,2.07077,0.15492,44167,0.185492,240.42,0.828352
7930,2.06184,0.203361,0.787451,0.432231,0.00422608,0.00109426,0.00422608,0.199901,0.158855,0.536856,0.793113,0.0468132,0.0263877,0.0451331,0.233582,0.0461705,0,1.09397,0.0818508,2.30334,0.173092,0,0.0667057,0.59668,4.92082,0.68756,0.46967,0.544024,2.19548,0.205563,0.230348,0,0.779016,0.321775,0,-0.00105224,0.243577,0.970577,0.315103,0.0461916,0.0470605,0.00629379,0.00566153,0.447105,0.045097,8.25695,-0.724871,9.8975,0.641086,0.515247,-8.28476,-0.333333,0.0435867,-0.0819698,0.54655,5.41667,4.79167,0,0,1.58333,4.54167,3.91667,-5.97601,0.0001,-0.00124417,0.0477587,2.10565,0.155418,43476,0.185509,249.67,1.20925
7931,2.00163,0.203199,0.830919,0.43233,0.00411404,0.00103974,0.00411404,0.202002,0.162824,0.533726,0.838497,0.0456259,0.0283129,0.0440239,0.226686,0.0459247,0,1.0922,0.0872865,2.3607,0.165251,0,0.0641964,0.600874,4.98063,0.696632,0.483688,0.530514,2.14024,0.206073,0.223665,0,0.788542,0.413702,0,-0.00119275,0.237008,0.970214,0.33094,0.0451478,0.0458086,0.00661305,0.00598813,0.450702,0.0439949,8.2773,-1.16158,9.77177,0.6455,0.505113,-8.36296,-0.333333,0.0426976,-0.0852419,0.58086,4.95833,4.70833,0,0,1.95833,4.45833,3.5,-5.97566,0.0001,-0.00161208,0.0761578,2.07094,0.166192,43941,0.185522,247.29,0.976682
7932,1.78183,0.192571,0.814901,0.428847,0.0040713,0.00101607,0.0040713,0.195556,0.155481,0.525399,0.820979,0.0444638,0.0276217,0.0431663,0.222341,0.0445528,0,1.08478,0.0830099,2.34439,0.167528,0,0.0610907,0.609948,5.02228,0.700815,0.489083,0.523222,2.11049,0.194857,0.219067,0,0.770505,0.400735,0,-0.00123792,0.235067,0.97148,0.345506,0.0442168,0.0446066,0.0059349,0.005391,0.4505,0.0430905,8.25124,-1.35187,9.4558,0.648201,0.473515,-8.39172,-0.333333,0.0429853,-0.0845708,0.564454,5.625,4.70833,0,0,1.41667,5.20833,7.16667,-5.97616,0.0001,-0.00263608,0.0420617,2.0558,0.154273,44479,0.185475,258.86,0.884984
7933,1.61476,0.195401,0.83183,0.430886,0.00399563,0.000968602,0.00399563,0.194862,0.157798,0.525471,0.83675,0.0432422,0.0293477,0.0421853,0.21925,0.0447807,0.00219298,1.08386,0.0825435,2.36755,0.168313,0,0.0590976,0.619709,5.08204,0.707316,0.498558,0.514047,2.07634,0.197152,0.215844,0,0.823459,0.388143,0,-0.0013653,0.232251,0.972137,0.359121,0.0433485,0.0432932,0.00523439,0.00472417,0.454445,0.0421636,8.3555,-1.61611,9.13987,0.655709,0.447752,-8.52885,-0.333333,0.0410139,-0.0849163,0.580653,8.08333,5.08333,0,0,1.91667,5.58333,12.625,-5.97969,0.0001,-0.00124654,0.0292426,2.05376,0.157307,44460,0.185463,263.86,1.41582
7934,1.64719,0.209239,0.903423,0.429049,0.0038968,0.00105042,0.0038968,0.207138,0.169932,0.51661,0.912797,0.0423216,0.0302309,0.0413124,0.218238,0.0436423,0,1.10897,0.0973899,2.36985,0.166252,0,0.0580898,0.632011,5.13773,0.71521,0.511116,0.498801,2.02156,0.212228,0.214738,0,0.866713,0.495187,0,-0.00148741,0.227126,0.971903,0.376474,0.042313,0.042237,0.00527783,0.0048009,0.453904,0.0411221,8.46726,-1.74604,9.07035,0.655427,0.434542,-8.77648,-0.333333,0.04568,-0.0917491,0.626271,5.33333,4.20833,0,0,1.04167,4.08333,8.66667,-5.97749,0.0001,-0.00163342,0.0307841,2.08563,0.157406,43826,0.185531,270.05,1.45678
7935,1.90027,0.208393,0.919282,0.429691,0.00386791,0.000980454,0.00386791,0.206667,0.171809,0.524066,0.926205,0.0428621,0.0295986,0.0415572,0.215506,0.0429275,0,1.10167,0.0978121,2.38566,0.166604,0,0.0608013,0.633619,5.12915,0.715143,0.514578,0.49862,2.01523,0.211609,0.212256,0,0.878576,0.518553,0,-0.00151438,0.230618,0.971797,0.374853,0.0423122,0.0427245,0.00568775,0.00516767,0.454816,0.0412163,8.34867,-1.46345,9.45041,0.64407,0.459504,-8.99074,-0.333333,0.042893,-0.0916652,0.647066,4.20833,4.08333,0,0,1.08333,3.83333,5.45833,-5.97499,0.0001,-0.000544345,0.0407696,2.05832,0.159899,44316,0.18554,262.13,1.496
7936,1.92179,0.188496,0.813038,0.425754,0.003969,0.000936269,0.003969,0.192686,0.151275,0.519913,0.819946,0.0436073,0.0282658,0.042301,0.217008,0.046438,0,1.08563,0.0809077,2.36974,0.174958,0,0.0622668,0.625011,5.08112,0.708213,0.501891,0.511209,2.06341,0.191014,0.213713,0,0.780503,0.41018,0,-0.00128732,0.233136,0.971063,0.36025,0.0432985,0.0436845,0.00538706,0.004849,0.453613,0.0421891,8.54187,-1.33076,9.46381,0.646077,0.467426,-8.73727,-0.333333,0.0404994,-0.0851949,0.566158,3.875,3.91667,0,0,1.33333,3.75,5.25,-5.97607,0.0001,-0.00269816,0.0438357,2.0642,0.161931,44159,0.185507,262.26,1.018
7937,1.88596,0.192575,0.766774,0.423447,0.00424665,0.000958956,0.00424665,0.190673,0.151195,0.541015,0.772475,0.0461134,0.028707,0.0446508,0.228743,0.0452155,0.000142207,1.07872,0.0791276,2.35337,0.170051,0,0.0638281,0.590773,4.91881,0.687057,0.468067,0.545382,2.19381,0.194988,0.225733,0,0.730654,0.332722,0,-0.00116166,0.247171,0.969925,0.314291,0.0460037,0.0464522,0.00645914,0.00586618,0.446381,0.0448304,7.90253,-1.40341,9.54816,0.652319,0.502461,-7.89753,-0.333333,0.0395529,-0.0794575,0.535304,4,3.20833,0,0,0.5,2.58333,15.0417,-5.97445,0.0001,-0.000879554,0.042022,2.04422,0.137118,45065,0.185524,229.93,0.797595
7938,1.88693,0.192396,0.742208,0.427997,0.00430846,0.00103722,0.00430846,0.190117,0.149717,0.545302,0.74874,0.0474065,0.0275572,0.0457589,0.23298,0.0466517,0,1.0748,0.0761689,2.34908,0.174012,0,0.0668073,0.585503,4.88514,0.683776,0.459291,0.555224,2.228,0.194847,0.229763,0,0.733688,0.306355,0,-0.000892871,0.247628,0.970831,0.300419,0.0471413,0.0479186,0.00599106,0.00536734,0.442753,0.0459918,7.81623,-1.00863,9.80423,0.647236,0.521101,-7.89547,-0.333333,0.0410072,-0.0775776,0.525823,3.54167,2.33333,0,0,0.5,2.66667,2.29167,-5.97184,0.0001,-0.00169308,0.0469262,1.98427,0.162328,45795,0.185557,239.19,0.984742
7939,1.8009,0.19792,0.758255,0.425389,0.00427996,0.00111059,0.00427996,0.199049,0.153131,0.545133,0.764371,0.0468645,0.0283612,0.0453139,0.235856,0.0435116,0,1.09576,0.0785416,2.37709,0.166241,0,0.0644218,0.582507,4.87519,0.68269,0.462872,0.553019,2.22039,0.199924,0.232713,0,0.739767,0.343539,0,-0.00101741,0.242315,0.970066,0.306724,0.0466809,0.0473509,0.00680267,0.00614495,0.442856,0.0454786,7.97514,-1.28212,9.67828,0.651007,0.512546,-7.79985,-0.333333,0.0441108,-0.0813369,0.539402,4.41667,2.79167,0,0,0.625,3.20833,2.66667,-5.97097,0.0001,-0.00162167,0.0611828,2.07329,0.155087,44114,0.185556,241.55,0.875358
7940,1.84123,0.195571,0.761236,0.425243,0.00429209,0.00103019,0.00429209,0.192619,0.154151,0.543164,0.768275,0.0467003,0.0298284,0.0451832,0.231907,0.046245,0,1.07809,0.0778838,2.38079,0.17951,0,0.0669499,0.585659,4.89168,0.683767,0.461353,0.554455,2.23495,0.198621,0.229048,0,0.76943,0.297624,0,-0.00105815,0.247221,0.96944,0.303458,0.0467467,0.0472534,0.00518644,0.00458472,0.443869,0.0454379,7.88016,-1.65723,9.4972,0.661579,0.51382,-7.58819,-0.333333,0.0407252,-0.0784667,0.537818,5.20833,3.25,0,0,0.875,3.54167,3.16667,-5.97207,0.0001,-0.000193487,0.0594957,2.07505,0.157913,44023,0.185572,245.59,1.07336
7941,1.77311,0.188586,0.77402,0.421471,0.00414299,0.000970845,0.00414299,0.189721,0.149803,0.530802,0.779636,0.04494,0.0318349,0.0436534,0.225355,0.0482863,0,1.07981,0.0784776,2.38393,0.176559,0,0.0635857,0.600778,4.97643,0.695221,0.480055,0.534039,2.15063,0.191483,0.222224,0,0.733243,0.375137,0,-0.00117815,0.244397,0.970354,0.328177,0.0451738,0.0453078,0.00593111,0.00536782,0.447845,0.0438787,8.13801,-1.75152,9.34053,0.659491,0.487844,-7.99019,-0.333333,0.0401175,-0.0807971,0.538366,7.41667,4.08333,0,0,1.04167,4.54167,6.16667,-5.97128,0.0001,-0.0016402,0.0513678,2.05524,0.156503,44446,0.185561,257.82,1.34068
7942,1.72537,0.200907,0.810894,0.422487,0.00406902,0.00104125,0.00406902,0.197934,0.157573,0.529114,0.817774,0.0442407,0.032681,0.0430162,0.22483,0.0464528,0,1.09355,0.084613,2.40168,0.172803,0,0.0626442,0.609977,5.02225,0.700913,0.489337,0.525485,2.11211,0.20347,0.221768,0,0.782016,0.377943,0,-0.00122851,0.244195,0.970512,0.337263,0.0446088,0.0446449,0.00597865,0.0054468,0.450324,0.0433131,8.10908,-1.99413,9.26373,0.65983,0.476434,-8.07941,-0.333333,0.0431231,-0.0840262,0.564452,6.83333,3.58333,0,0,0.958333,4.25,6.16667,-5.97194,0.0001,-0.0018741,0.0433762,2.08184,0.156446,43919,0.18552,252.18,1.15563
7943,1.68752,0.197361,0.799678,0.423276,0.00406832,0.000957648,0.00406832,0.196443,0.15628,0.534504,0.806113,0.0442851,0.0336925,0.0430699,0.223796,0.0457474,0,1.08875,0.0812569,2.38649,0.170118,0,0.06169,0.609603,5.01488,0.700147,0.489425,0.525785,2.11909,0.200921,0.220777,0,0.81797,0.361335,0,-0.0012507,0.243589,0.970298,0.334965,0.0447984,0.0446857,0.00561018,0.00506185,0.447272,0.0434486,8.02014,-2.14101,9.19164,0.664488,0.476726,-7.99885,-0.333333,0.0397313,-0.0833928,0.565064,7.04167,3.54167,0,0,0.916667,3.75,5.375,-5.97318,0.0001,-0.000593818,0.0534971,2.05298,0.164871,44323,0.185545,250.93,0.996563
7944,1.61681,0.201064,0.834325,0.423444,0.00404651,0.00101497,0.00404651,0.198731,0.161189,0.52799,0.841441,0.0438419,0.0341834,0.0427045,0.222829,0.0439883,0,1.09222,0.0878977,2.38462,0.16184,0,0.0602504,0.611149,5.02943,0.702231,0.492177,0.521716,2.1004,0.204208,0.219731,0,0.79425,0.429785,0,-0.00131726,0.239101,0.970589,0.338442,0.044518,0.0442492,0.00592097,0.00541819,0.449997,0.0431046,7.9887,-2.26067,9.05451,0.666886,0.469587,-7.95263,-0.333333,0.0425327,-0.085082,0.580836,6.54167,3.29167,0,0,0.5,4.16667,5.625,-5.9715,0.0001,-0.00142559,0.0480943,2.06316,0.162929,44159,0.185571,256.64,1.18062
7945,1.44777,0.200088,0.873781,0.436127,0.00390956,0.00102008,0.00390956,0.196892,0.162304,0.519991,0.881777,0.0417593,0.0338898,0.0409985,0.216362,0.0430693,0.00320988,1.09653,0.0893172,2.41341,0.159172,0,0.055382,0.630884,5.1318,0.71416,0.50938,0.504127,2.02874,0.202842,0.212908,0,0.844639,0.458007,0,-0.00155228,0.229427,0.971804,0.368258,0.0425768,0.0418335,0.00539075,0.00492713,0.450605,0.0412018,8.30891,-2.50241,8.62339,0.672694,0.424747,-8.35433,-0.333333,0.0443928,-0.0879914,0.610106,7.375,3.20833,0,0,0.833333,4.5,11.9583,-5.97019,0.0001,0.00403973,0.0357382,2.07019,0.162753,44024,0.185624,265.7,1.42601
7946,1.53341,0.202458,0.869781,0.433374,0.00390041,0.000985151,0.00390041,0.198402,0.163072,0.519014,0.877161,0.0420346,0.0350809,0.0411421,0.216478,0.0444597,0,1.09681,0.0898687,2.42016,0.167021,0,0.0580923,0.632054,5.13616,0.714591,0.510499,0.503242,2.02716,0.205226,0.213228,0,0.84258,0.442299,0,-0.00159116,0.233511,0.971501,0.367345,0.0426239,0.0420893,0.00478862,0.00433419,0.451989,0.041243,8.18608,-2.39628,8.77947,0.669471,0.435112,-8.41274,-0.333333,0.0427645,-0.0875705,0.610231,6.04167,3,0,0,0.958333,3.29167,9.125,-5.96603,0.0001,-0.00287694,0.0332878,2.06291,0.161956,44184,0.185695,255.58,1.32397
7947,1.72142,0.20491,0.896717,0.430304,0.00391639,0.000996046,0.00391639,0.202895,0.169359,0.523718,0.902744,0.0429101,0.0330896,0.0418081,0.217785,0.0397808,0,1.09938,0.0943308,2.39406,0.157494,0,0.05793,0.630317,5.09679,0.710598,0.508528,0.505981,2.0413,0.207865,0.214394,0,0.846403,0.501302,0,-0.00145435,0.228353,0.971539,0.363341,0.0431067,0.0429468,0.00498542,0.00449778,0.449835,0.0417874,8.34976,-1.84249,9.11343,0.658063,0.447767,-8.67447,-0.333333,0.0429263,-0.08915,0.627709,4.66667,3.41667,0,0,0.833333,3.41667,6.33333,-5.96263,0.0001,-0.00223859,0.047173,2.07262,0.162119,43988,0.185724,264.06,1.5191
7948,1.89471,0.190351,0.823691,0.421828,0.00401597,0.000957877,0.00401597,0.191665,0.154383,0.525308,0.830468,0.0444025,0.0297684,0.0429924,0.218131,0.0459572,0.00277778,1.08187,0.0847962,2.3786,0.173893,0,0.0634492,0.612068,5.03356,0.703001,0.496073,0.517846,2.08898,0.192801,0.214839,0,0.770187,0.424589,0,-0.00124932,0.237972,0.971492,0.349596,0.044023,0.0444606,0.0052572,0.00473605,0.449539,0.0428499,8.267,-1.06158,9.56463,0.645833,0.478228,-8.77218,-0.333333,0.0410411,-0.0839736,0.577029,3.70833,3.75,0,0,1.125,4.20833,4.58333,-5.96288,0.0001,-0.00234498,0.0495585,2.07958,0.154119,44009,0.185691,243.08,0.72886
7949,1.92776,0.19324,0.825424,0.429746,0.00397995,0.000980629,0.00397995,0.193937,0.154119,0.527843,0.831397,0.0439595,0.0290521,0.0426138,0.220015,0.0439478,0.000310945,1.09611,0.0842873,2.38561,0.165214,0,0.061545,0.616535,5.05858,0.705393,0.500519,0.51488,2.07549,0.1951,0.216833,0,0.76632,0.436763,0,-0.00129354,0.235434,0.971711,0.356827,0.0435519,0.0440046,0.00558849,0.00509362,0.454496,0.0423748,8.24802,-1.06332,9.56875,0.64411,0.468974,-8.86754,-0.333333,0.041988,-0.0852054,0.579317,3.70833,3.91667,0,0,1.5,3.29167,10.375,-5.96513,0.0001,-0.00255316,0.0489928,2.05315,0.149304,44633,0.185662,296.07,1.74723
7950,2.00817,0.190057,0.738632,0.422915,0.00433054,0.00101621,0.00433054,0.192386,0.150684,0.544253,0.744263,0.0481252,0.0275204,0.0463508,0.233721,0.043348,0,1.07427,0.0760233,2.36015,0.17476,0,0.068152,0.584043,4.85449,0.67902,0.456624,0.559179,2.25428,0.192859,0.230939,0,0.724589,0.297975,0,-0.000922075,0.240847,0.970056,0.296098,0.0475199,0.0485132,0.00480288,0.00417101,0.442725,0.0462314,7.96561,-0.793405,9.94902,0.645859,0.529889,-7.96538,-0.333333,0.0398414,-0.0778324,0.518826,4.29167,3.45833,0,0,1.20833,3.5,2.41667,-5.96842,0.0001,-0.00196152,0.0431983,2.06184,0.162201,44200,0.185637,244.05,0.941357
7951,1.9702,0.201929,0.797137,0.428394,0.00416925,0.00103377,0.00416925,0.196294,0.158123,0.535375,0.804881,0.0460829,0.0285235,0.0445194,0.228757,0.0452744,0,1.08917,0.0840602,2.35612,0.17217,0,0.0661133,0.598954,4.94739,0.691794,0.476784,0.538431,2.17187,0.205381,0.225907,0,0.770036,0.376745,0,-0.00108366,0.245156,0.970561,0.32302,0.045679,0.0464332,0.00575745,0.00521294,0.44689,0.0445168,8.00469,-1.06158,9.75128,0.646273,0.504414,-8.27318,-0.333333,0.0418213,-0.0816233,0.55935,4.79167,3.95833,0,0,1.41667,3.79167,3.54167,-5.96968,0.0001,-0.00131196,0.04842,2.04564,0.156691,44636,0.185648,251.31,1.11421
7952,1.91001,0.192772,0.798494,0.420247,0.00410447,0.00104025,0.00410447,0.194043,0.154677,0.532553,0.803355,0.0451238,0.0281551,0.0437172,0.225195,0.0466274,0,1.09025,0.082258,2.39707,0.175025,0,0.0641587,0.605839,4.99398,0.697731,0.484893,0.528201,2.13402,0.19516,0.222022,0,0.76915,0.383086,0,-0.00117236,0.24127,0.970607,0.335071,0.044894,0.0453605,0.00568324,0.00507229,0.450806,0.0437383,8.19184,-1.2018,9.59962,0.648658,0.490902,-8.42125,-0.333333,0.0432537,-0.0827967,0.564604,4.83333,4.04167,0,0,1.29167,2.79167,4.25,-5.96837,0.0001,-0.00126728,0.0559603,2.06747,0.152387,44284,0.185672,254.84,1.22811
7953,1.98939,0.197978,0.815025,0.432709,0.0040515,0.00102167,0.0040515,0.197456,0.157439,0.528083,0.822461,0.0449275,0.0291824,0.0434854,0.223954,0.0432327,0,1.09361,0.0832628,2.40172,0.16391,0,0.0624333,0.613332,5.02124,0.700354,0.491536,0.523422,2.10512,0.201192,0.220972,0,0.793716,0.386588,0,-0.00117716,0.235708,0.971223,0.34135,0.0446213,0.0451627,0.00579489,0.0052244,0.451691,0.0434197,8.09308,-1.21056,9.63395,0.646122,0.485446,-8.54185,-0.333333,0.0425689,-0.0845854,0.565471,5.91667,5.16667,0,0,1.95833,4.125,5.70833,-5.96684,0.0001,-0.00121908,0.0496857,2.06249,0.166544,44101,0.185697,253.78,0.923816
7954,1.91382,0.198479,0.818196,0.428914,0.00398448,0.00102263,0.00398448,0.196922,0.155128,0.527786,0.825413,0.0440819,0.0291672,0.0427244,0.220058,0.0439624,0.00219298,1.09376,0.0840178,2.38384,0.167362,0,0.0619239,0.615026,5.06271,0.706221,0.499994,0.514997,2.07336,0.201013,0.217134,0,0.790051,0.413991,0,-0.00130227,0.235853,0.972064,0.355034,0.0436972,0.0441556,0.00511495,0.00460445,0.448832,0.0425337,7.95941,-1.19584,9.58872,0.643687,0.471998,-8.72918,-0.333333,0.0434156,-0.0854965,0.575831,5.16667,5.41667,0,0,1.66667,4.45833,7.625,-5.9662,0.0001,-0.00242069,0.0415157,1.9456,0.146089,46997,0.185699,252.73,1.20326
7955,1.788,0.202512,0.831289,0.431836,0.00398754,0.00100757,0.00398754,0.201693,0.15826,0.520638,0.838002,0.0437498,0.0295163,0.0424914,0.221255,0.043072,0.00347222,1.09881,0.0859,2.42553,0.167182,0,0.0610011,0.618776,5.05819,0.706358,0.499571,0.513259,2.07159,0.205755,0.218004,0,0.821745,0.393308,0,-0.00133863,0.232146,0.971644,0.357202,0.0435129,0.043838,0.00521315,0.00467155,0.452,0.042299,8.22341,-1.34352,9.43656,0.648264,0.467812,-8.66162,-0.333333,0.0431582,-0.0875408,0.574858,4.79167,4.20833,0,0,1.41667,4.41667,6.5,-5.96535,0.0001,-0.00125752,0.0437668,2.07953,0.159214,43910,0.185718,262.46,1.18389
7956,1.78391,0.208341,0.866758,0.439589,0.00391112,0.00104885,0.00391112,0.203383,0.163305,0.52197,0.873428,0.0427422,0.0310087,0.0416054,0.219975,0.0411005,0.00347222,1.11052,0.089919,2.40225,0.162815,0,0.0593665,0.630074,5.11646,0.713409,0.509154,0.505,2.02488,0.211697,0.216707,0,0.826449,0.433903,0,-0.00140307,0.230885,0.971369,0.366521,0.0428618,0.0428338,0.00541624,0.00488699,0.456517,0.0416242,8.45566,-1.70666,9.20406,0.654887,0.450195,-8.72114,-0.333333,0.04528,-0.0892269,0.606527,4.75,4.125,0,0,1.20833,3.33333,6.875,-5.9635,0.0001,-0.00188875,0.045051,2.08094,0.151691,44030,0.18573,254.57,1.14172
7957,1.63717,0.1983,0.866714,0.432438,0.00390538,0.000944835,0.00390538,0.195917,0.161668,0.522524,0.873251,0.0424218,0.0308655,0.0414235,0.215559,0.0423892,0,1.09353,0.0883739,2.41695,0.162445,0,0.0574879,0.629391,5.12239,0.713114,0.509874,0.505373,2.03403,0.201287,0.212306,0,0.844595,0.428356,0,-0.00144665,0.231215,0.971852,0.369524,0.0426943,0.042531,0.00532984,0.00485675,0.454191,0.0414175,8.27993,-1.98474,9.03983,0.659152,0.440692,-8.56413,-0.333333,0.0413826,-0.0870959,0.608211,5.95833,3.25,0,0,0.875,3.45833,8.875,-5.96367,0.0001,-0.00133037,0.0395903,2.00606,0.147456,45648,0.185708,264.17,1.26662
7958,1.46799,0.197379,0.850862,0.431915,0.00389492,0.000978393,0.00389492,0.194492,0.157616,0.517953,0.857367,0.0414831,0.0325721,0.040746,0.215707,0.0441927,0.00245098,1.09596,0.0856318,2.42599,0.157828,0,0.0554239,0.630899,5.14078,0.714865,0.511187,0.502639,2.01977,0.200269,0.212318,0,0.840867,0.443505,0,-0.00159234,0.234221,0.972276,0.371601,0.0422637,0.0415249,0.00572391,0.00528651,0.454018,0.0409563,8.23135,-2.36696,8.6525,0.670966,0.419826,-8.45018,-0.333333,0.0428375,-0.0868803,0.588472,5.41667,2.33333,0,0,0.833333,2.83333,9.79167,-5.96407,0.0001,-0.00190909,0.0385472,1.97884,0.150594,46164,0.18575,259.81,1.3898
7959,1.5605,0.200664,0.885242,0.431929,0.00386162,0.000999707,0.00386162,0.196964,0.163684,0.522498,0.890758,0.0414907,0.0326183,0.0406572,0.213575,0.0442647,0.00476191,1.09444,0.0903343,2.40826,0.16933,0,0.0568572,0.639493,5.15625,0.717212,0.515372,0.499709,2.00461,0.203318,0.210147,0,0.8442,0.445688,0,-0.00160172,0.233049,0.971987,0.375655,0.0420011,0.0414555,0.00496687,0.00448854,0.45501,0.0407231,8.46087,-2.2306,8.76353,0.666673,0.424308,-8.65216,-0.333333,0.0437966,-0.0883216,0.623356,4.375,2.25,0,0,0.75,3.04167,7.54167,-5.96369,0.0001,-0.00311941,0.0406518,2.01103,0.155402,45375,0.185759,265,1.58376
7960,1.67063,0.202627,0.840651,0.433398,0.00404173,0.00105987,0.00404173,0.202243,0.160794,0.534285,0.846756,0.0438233,0.0307802,0.0426614,0.223536,0.040494,0,1.09999,0.0874165,2.43327,0.160945,0,0.0592535,0.613991,5.02617,0.701797,0.493046,0.521464,2.09656,0.205967,0.220337,0,0.843787,0.391198,0,-0.00128262,0.230699,0.970606,0.348636,0.0440005,0.0440612,0.00548168,0.0049242,0.452377,0.0426892,8.3877,-1.78026,9.14882,0.661184,0.460555,-8.33132,-0.333333,0.0450281,-0.0875539,0.594054,4.125,2.625,0,0,0.708333,3.04167,5.25,-5.96379,0.0001,-0.00272465,0.0523278,2.00472,0.154265,45532,0.185792,261.65,1.49443
7961,1.71842,0.19329,0.812276,0.428449,0.00403108,0.00101731,0.00403108,0.191696,0.15331,0.529556,0.819607,0.0435481,0.0312821,0.0424755,0.22149,0.0462737,0,1.09198,0.0831791,2.41908,0.168187,0,0.0601311,0.613627,5.04651,0.703087,0.494117,0.521204,2.08944,0.19593,0.218362,0,0.748953,0.426163,0,-0.00128803,0.243588,0.971374,0.347839,0.0439507,0.0437838,0.0063221,0.0058069,0.451413,0.0427151,8.26057,-1.77711,9.1117,0.660236,0.459104,-8.33019,-0.333333,0.0433753,-0.0836027,0.566326,5.33333,3.08333,0,0,1.08333,2.66667,6.25,-5.96211,0.0001,-0.000596041,0.0507208,2.01606,0.151513,45352,0.185809,252.42,1.09706
7962,1.81455,0.191536,0.787687,0.420115,0.00410244,0.000939334,0.00410244,0.194137,0.152327,0.52901,0.793893,0.045018,0.0297858,0.0436904,0.222823,0.0457811,0,1.07651,0.0803221,2.39284,0.166076,0,0.0617727,0.606687,4.99503,0.697451,0.485143,0.529785,2.13778,0.193933,0.21974,0,0.740687,0.391295,0,-0.00117636,0.238452,0.970981,0.334611,0.044976,0.0452616,0.00587044,0.00532882,0.451018,0.043701,8.2332,-1.38122,9.4181,0.655003,0.481431,-8.29728,-0.333333,0.039129,-0.082856,0.547542,4.625,3.5,0,0,1.125,3.41667,6.95833,-5.96088,0.0001,-0.00211043,0.0510845,1.99505,0.151443,45797,0.185822,249.77,1.09903
7963,1.84516,0.199765,0.813631,0.427429,0.00411167,0.00100175,0.00411167,0.197716,0.159431,0.527974,0.81955,0.0452082,0.0311365,0.0437951,0.227174,0.0434728,0,1.09549,0.0836383,2.42354,0.171017,0,0.0635196,0.603156,4.9868,0.697118,0.483985,0.530491,2.14218,0.203552,0.224533,0,0.785277,0.375286,0,-0.00120426,0.238586,0.970757,0.32992,0.045179,0.0455578,0.0054587,0.00488947,0.44509,0.0438675,7.85699,-1.67097,9.46642,0.656433,0.49076,-8.06023,-0.333333,0.0411585,-0.0832998,0.562526,5.16667,3.20833,0,0,1.45833,3.83333,4.25,-5.9589,0.0001,-0.00189798,0.0492865,2.02897,0.156928,44971,0.1858,257.72,1.21824
7964,1.81804,0.201201,0.83339,0.428736,0.00406404,0.00105567,0.00406404,0.199849,0.160442,0.53423,0.839667,0.0444365,0.0311662,0.0431129,0.225272,0.0430257,0,1.10019,0.0860878,2.42296,0.16818,0,0.0618104,0.613229,5.01569,0.700026,0.49,0.525573,2.11326,0.204475,0.222384,0,0.837979,0.394645,0,-0.00126879,0.236489,0.97055,0.339666,0.0444224,0.0446656,0.00565758,0.00506704,0.450816,0.0431339,8.37001,-1.65398,9.34472,0.656574,0.475895,-8.30932,-0.333333,0.0440155,-0.0856258,0.591668,5.125,3.20833,0,0,1.20833,3.08333,5.20833,-5.96102,0.0001,-0.00161075,0.0504012,2.0075,0.154826,45462,0.185749,251.09,1.3581
7965,1.75507,0.199276,0.844911,0.432873,0.00397227,0.000990613,0.00397227,0.19672,0.160279,0.523563,0.851719,0.0432128,0.0318319,0.0421015,0.219247,0.0456431,0.00219298,1.09392,0.0867436,2.42884,0.168957,0,0.060794,0.623884,5.07434,0.707645,0.50148,0.514115,2.07276,0.201962,0.216262,0,0.814959,0.406921,0,-0.00136488,0.237179,0.971286,0.356636,0.0433948,0.0433751,0.00541587,0.00494681,0.452416,0.0421456,8.25315,-1.88556,9.14623,0.660137,0.456725,-8.4636,-0.333333,0.0424879,-0.085826,0.591113,5.20833,3.5,0,0,1.41667,3.08333,6.79167,-5.96453,0.0001,-0.00149304,0.0464871,1.99763,0.153151,45706,0.185694,256.4,1.16643
7966,1.73747,0.2018,0.830912,0.430273,0.00401718,0.00102996,0.00401718,0.198723,0.159048,0.524782,0.839328,0.0436138,0.0316144,0.042503,0.221706,0.0438859,0,1.09389,0.0862941,2.42262,0.165994,0,0.0597072,0.618895,5.05717,0.704681,0.495905,0.519749,2.09187,0.204994,0.218727,0,0.830186,0.401106,0,-0.00136937,0.237323,0.971319,0.349813,0.043849,0.0437984,0.00552856,0.00501778,0.452967,0.0425447,8.26368,-1.82581,9.12533,0.66104,0.459351,-8.3354,-0.333333,0.0435943,-0.0859232,0.579142,5.875,3.08333,0,0,1.58333,3.58333,7.875,-5.96635,0.0001,-0.00102718,0.0431204,2.01093,0.148741,45517,0.18568,261.81,1.20745
7967,1.73705,0.200389,0.834879,0.434448,0.00399052,0.00102386,0.00399052,0.199625,0.158551,0.526037,0.84191,0.0435168,0.0310171,0.0423768,0.221574,0.0439826,0.00406746,1.09822,0.0849289,2.41297,0.162132,0,0.0600758,0.621298,5.06615,0.706328,0.499189,0.517178,2.07524,0.203463,0.218403,0,0.807763,0.394396,0,-0.00127674,0.235895,0.971158,0.35351,0.0436887,0.0437125,0.0058535,0.00533641,0.456624,0.0424553,8.44328,-1.67784,9.22367,0.656338,0.461456,-8.52697,-0.333333,0.0437888,-0.0866205,0.5897,5.91667,4,0,0,1.45833,3.41667,8.08333,-5.96633,0.0001,-0.0019823,0.0382155,1.99582,0.151653,45776,0.18566,255.51,1.18808
7968,1.75243,0.199639,0.865707,0.427167,0.00391628,0.00095972,0.00391628,0.193496,0.162231,0.523875,0.872321,0.0430291,0.0310274,0.0418354,0.215519,0.044772,0.00462963,1.08974,0.088818,2.44461,0.167295,0,0.0611923,0.62689,5.10586,0.710295,0.508507,0.508361,2.04738,0.202537,0.212488,0,0.831374,0.449302,0,-0.0013176,0.24076,0.972038,0.365526,0.0429326,0.0431581,0.00555394,0.00511174,0.452025,0.0417747,8.19605,-1.4352,9.40213,0.647849,0.459169,-8.83855,-0.333333,0.0413743,-0.0853951,0.60544,4.16667,3.875,0,0,1.29167,3.625,6.66667,-5.96674,0.0001,-0.000872522,0.0418999,1.99933,0.127422,46222,0.185678,263.17,1.40397
7969,1.80484,0.20478,0.891365,0.430827,0.00391355,0.0010168,0.00391355,0.200068,0.167638,0.517885,0.897527,0.0428228,0.0312887,0.0416826,0.21838,0.0442009,0.00219298,1.10654,0.0935743,2.44647,0.166411,0,0.0604972,0.629202,5.11299,0.712264,0.50885,0.50623,2.03958,0.207551,0.215209,0,0.869976,0.475856,0,-0.00141633,0.23436,0.971561,0.366366,0.0428575,0.0429246,0.00509961,0.00462326,0.452612,0.0416442,8.28396,-1.74203,9.2462,0.653419,0.456994,-8.7066,-0.333333,0.0439222,-0.0886112,0.614313,5.04167,3.58333,0,0,1,3.91667,6.625,-5.96475,0.0001,-0.00125406,0.048027,1.93699,0.152282,47051,0.18572,263.9,1.43213
7970,1.55584,0.197521,0.867882,0.426813,0.00385249,0.000983344,0.00385249,0.195456,0.159996,0.515745,0.874057,0.0415992,0.0323076,0.0407161,0.213698,0.0445311,0.00231481,1.09602,0.0884933,2.4419,0.163394,0,0.0576987,0.633416,5.15766,0.717266,0.516512,0.498598,2.00814,0.200121,0.21047,0,0.824133,0.469894,0,-0.0015117,0.236899,0.972747,0.37926,0.0419922,0.0416559,0.00514399,0.00474725,0.452775,0.0407668,8.15938,-1.99615,8.94143,0.659161,0.430608,-8.70368,-0.333333,0.0431083,-0.0875708,0.603347,4.66667,2.95833,0,0,0.791667,3.125,8.5,-5.96254,0.0001,-0.00169696,0.0428213,2.0079,0.156288,45423,0.18575,260.92,1.32157
7971,1.58721,0.195109,0.81184,0.425598,0.00401148,0.00104033,0.00401148,0.191054,0.152572,0.525245,0.817136,0.0431045,0.031468,0.0420856,0.219979,0.0452539,0,1.09021,0.0818012,2.43753,0.170899,0,0.0602734,0.613831,5.06601,0.705083,0.496584,0.516664,2.08907,0.197386,0.216791,0,0.776689,0.391842,0,-0.00137314,0.240313,0.971834,0.354978,0.0434386,0.0432969,0.00514612,0.00463238,0.45127,0.0421437,8.14927,-2.02289,8.95311,0.66432,0.454342,-8.24618,-0.333333,0.0445391,-0.0839297,0.562975,5.45833,2.79167,0,0,0.625,3.41667,7.33333,-5.96159,0.0001,-0.00203561,0.04364,2.00793,0.156677,45414,0.18576,260.5,1.25415
7972,1.63277,0.20168,0.839259,0.428482,0.00406645,0.00104183,0.00406645,0.195886,0.162099,0.530019,0.846469,0.0438096,0.0321831,0.0426744,0.223094,0.0444696,0.00505952,1.09207,0.0877326,2.41431,0.165723,0,0.0602765,0.61195,5.02772,0.702352,0.490029,0.523521,2.10133,0.205272,0.220258,0,0.815134,0.410622,0,-0.00128266,0.241853,0.970556,0.341871,0.0442711,0.044208,0.00577312,0.00522006,0.452144,0.0429314,8.19826,-2.15319,9.07356,0.664111,0.470121,-7.97283,-0.333333,0.0436484,-0.0843587,0.585696,6.66667,2.79167,0,0,1,3.29167,5.95833,-5.95988,0.0001,-0.00147835,0.0504847,1.97074,0.148763,46380,0.185767,253.2,1.29647
7973,1.66202,0.200469,0.872972,0.43273,0.00402475,0.00104506,0.00402475,0.196222,0.164909,0.521544,0.879408,0.043324,0.0324757,0.0422864,0.220323,0.0423642,0.00245098,1.09146,0.0915848,2.426,0.159589,0,0.0584168,0.617449,5.05495,0.705342,0.494962,0.519456,2.07885,0.203565,0.217303,0,0.828184,0.478845,0,-0.00132069,0.23748,0.971293,0.347696,0.0439459,0.0436471,0.00557077,0.00506563,0.448235,0.0426035,8.11939,-2.23703,8.88986,0.668863,0.456421,-8.07361,-0.333333,0.0443994,-0.0857099,0.600092,4.95833,2.58333,0,0,0.708333,2.875,5.91667,-5.95989,0.0001,-0.00211945,0.0471576,2.02495,0.153581,45124,0.185741,261.64,1.39757
7974,1.6825,0.198374,0.815046,0.427074,0.00408849,0.00103625,0.00408849,0.192728,0.157695,0.525034,0.823193,0.0439259,0.0323544,0.0427854,0.223859,0.0466987,0.00219298,1.08758,0.0835688,2.4113,0.173363,0,0.061493,0.605988,5.02202,0.700045,0.4869,0.526019,2.12186,0.201319,0.220991,0,0.805504,0.383237,0,-0.00132912,0.245852,0.970685,0.33733,0.0443749,0.0442694,0.00594291,0.00541569,0.450659,0.0430953,8.19526,-2.07036,9.08517,0.665695,0.47343,-7.96867,-0.333333,0.0430009,-0.0823692,0.564417,6.125,2.70833,0,0,1.16667,3.66667,6.5,-5.96234,0.0001,-0.00271171,0.0489993,2.02837,0.157599,44970,0.185734,258.66,1.07585
7975,1.64606,0.192811,0.820907,0.418474,0.00410862,0.000996529,0.00410862,0.194078,0.159119,0.526899,0.826772,0.0439845,0.0344751,0.0429097,0.223896,0.0445639,0,1.08423,0.0848943,2.40059,0.16903,0,0.0604877,0.609323,5.00929,0.69933,0.484422,0.528263,2.127,0.195618,0.221022,0,0.790067,0.403307,0,-0.00139906,0.238968,0.9705,0.333073,0.0446225,0.0442969,0.00525259,0.00473598,0.447744,0.0431915,8.07527,-2.44348,8.88789,0.674904,0.471956,-7.74634,-0.333333,0.041345,-0.0829005,0.570002,7.375,2.625,0,0,1,2.66667,5.91667,-5.96175,0.0001,-0.00221088,0.0465112,2.04387,0.151798,44771,0.185741,252.37,1.40091
7976,1.63096,0.206193,0.854811,0.432565,0.00410441,0.00101241,0.00410441,0.200547,0.166641,0.53266,0.861177,0.0443011,0.0321864,0.0431053,0.226302,0.0428445,0.00198413,1.09522,0.0913014,2.40751,0.167638,0,0.0612019,0.61319,5.01379,0.698777,0.484955,0.531012,2.12921,0.209592,0.223199,0,0.814574,0.411313,0,-0.00127511,0.239532,0.970609,0.336302,0.044567,0.0446238,0.00542475,0.00486667,0.452969,0.0432797,8.37333,-2.02124,9.10475,0.663944,0.477323,-7.99603,-0.333333,0.0422665,-0.0851371,0.600791,5.66667,3,0,0,0.833333,4.29167,5.08333,-5.96148,0.0001,-0.00225311,0.0446109,1.99645,0.158877,45609,0.185719,255.4,1.50213
7977,1.61677,0.195034,0.822303,0.417946,0.004079,0.00101258,0.004079,0.195616,0.158616,0.530655,0.828028,0.043872,0.0341331,0.0427636,0.22323,0.0453804,0,1.08829,0.0857828,2.38095,0.169412,0,0.05992,0.615175,5.0294,0.700309,0.488199,0.526647,2.11431,0.198137,0.220344,0,0.803331,0.411483,0,-0.0013592,0.243448,0.97044,0.336644,0.0444283,0.0441697,0.00600093,0.00545068,0.450972,0.043106,8.31919,-2.21149,8.93411,0.671529,0.468184,-7.97414,-0.333333,0.0425705,-0.0840089,0.577807,6.29167,2.54167,0,0,0.791667,3.16667,5.41667,-5.96266,0.0001,-0.00194253,0.0446694,2.00532,0.153457,45536,0.185713,251.42,1.17304
7978,1.63825,0.202183,0.883708,0.432801,0.0039242,0.000997418,0.0039242,0.199317,0.166234,0.519966,0.892434,0.0425618,0.0325622,0.0415649,0.217848,0.0423825,0,1.09699,0.0920608,2.42834,0.160881,0,0.057417,0.626937,5.12009,0.713612,0.507513,0.503975,2.02755,0.205123,0.214652,0,0.847776,0.461431,0,-0.00150045,0.229635,0.971948,0.367256,0.042815,0.042615,0.0050684,0.00459334,0.455916,0.0415248,8.44445,-1.9607,8.97999,0.661113,0.440804,-8.54127,-0.333333,0.0432358,-0.0877308,0.617088,4.625,2.95833,0,0,1.08333,3.20833,7.33333,-5.96446,0.0001,-0.00152833,0.0434591,2.00595,0.157683,45434,0.185727,261.01,1.45415
7979,1.67017,0.200652,0.872715,0.431116,0.00393067,0.00100123,0.00393067,0.198005,0.164443,0.523733,0.882174,0.0424847,0.0327844,0.0414909,0.21639,0.0428272,0,1.09102,0.0899689,2.38818,0.163106,0,0.0573888,0.629026,5.1222,0.712814,0.506747,0.505855,2.03857,0.203735,0.213252,0,0.8477,0.458094,0,-0.00145428,0.233686,0.971309,0.364534,0.0428549,0.0425767,0.00517743,0.00471915,0.455273,0.0416004,8.58679,-2.06663,8.89963,0.664813,0.438255,-8.52291,-0.333333,0.0429972,-0.087177,0.609562,5.33333,2.70833,0,0,1.29167,3.16667,7.75,-5.96432,0.0001,-0.00144604,0.0478387,1.99215,0.150019,45889,0.185755,260.44,1.44838
7980,1.62868,0.204076,0.855766,0.43706,0.00395987,0.00104234,0.00395987,0.202866,0.161809,0.529098,0.861828,0.0429864,0.0317033,0.0419104,0.222231,0.0423196,0,1.11069,0.0875327,2.41293,0.161532,0,0.0576301,0.625301,5.09347,0.707987,0.503042,0.511853,2.06739,0.206664,0.219138,0,0.841949,0.409951,0,-0.00146847,0.230552,0.9716,0.361832,0.0430465,0.0429889,0.00528753,0.00476737,0.453097,0.0418294,8.42862,-1.88938,9.06425,0.659228,0.450348,-8.48679,-0.333333,0.0447004,-0.0887645,0.605587,4.79167,3.16667,0,0,1.58333,3.20833,7.125,-5.9637,0.0001,-0.00222166,0.0425894,2.02905,0.148746,45139,0.185776,263.79,1.39318
7981,1.79464,0.201889,0.864144,0.429084,0.00400125,0.0010002,0.00400125,0.197854,0.164107,0.523738,0.871127,0.0436338,0.0301628,0.0424592,0.220239,0.0428629,0.00277778,1.09271,0.0889003,2.38801,0.165791,0,0.0596814,0.619199,5.06429,0.706712,0.497844,0.515643,2.07353,0.205208,0.21731,0,0.826043,0.429379,0,-0.0013265,0.237502,0.971824,0.353406,0.0436845,0.0437718,0.00536018,0.00483705,0.453459,0.0425129,8.31213,-1.56452,9.32406,0.65011,0.460715,-8.51321,-0.333333,0.0423702,-0.086,0.601912,4.83333,3.45833,0,0,1.75,2.875,6.08333,-5.96064,0.0001,-0.00141036,0.0456764,1.98823,0.146084,46058,0.185843,254.69,1.31361
7982,1.64851,0.200204,0.870388,0.436081,0.00393768,0.000987913,0.00393768,0.199237,0.162809,0.529806,0.877919,0.0430039,0.0295982,0.0419074,0.218048,0.0423973,0,1.09622,0.0896278,2.41483,0.164361,0,0.0587768,0.62358,5.09124,0.709795,0.505821,0.510262,2.05672,0.203328,0.214825,0,0.820378,0.472236,0,-0.00135159,0.233501,0.972481,0.367282,0.0429039,0.0429938,0.00505668,0.00456913,0.450697,0.0417576,8.30904,-1.52208,9.18963,0.652855,0.448674,-8.77083,-0.333333,0.0428859,-0.0878658,0.617214,4.04167,3.5,0,0,1.75,3.70833,7.54167,-5.9579,0.0001,-0.00163129,0.0439624,1.98559,0.152127,45985,0.18586,262.34,1.36239
7983,1.65829,0.196566,0.853557,0.427044,0.00386204,0.000966618,0.00386204,0.195835,0.157702,0.520051,0.86135,0.042071,0.0306227,0.0410437,0.213509,0.045958,0,1.09316,0.0860706,2.40827,0.169222,0,0.0585334,0.63278,5.1425,0.715871,0.515424,0.49804,2.00801,0.19915,0.210194,0,0.834954,0.446669,0,-0.00150607,0.234033,0.972636,0.378668,0.0420461,0.0419857,0.00483246,0.00437143,0.452047,0.0408968,8.46718,-1.55439,9.0952,0.653309,0.434373,-8.94374,-0.333333,0.0422348,-0.0877563,0.605135,3.58333,3.20833,0,0,1.25,3.75,8.04167,-5.95823,0.0001,-0.0027269,0.0433554,1.93592,0.131405,47551,0.18587,264.29,1.33868
7984,1.84855,0.192072,0.796334,0.413447,0.00402263,0.000933375,0.00402263,0.190728,0.152175,0.522309,0.801286,0.0439763,0.0289916,0.042688,0.218734,0.0472644,0.00260417,1.08095,0.0810445,2.39039,0.178424,0,0.0628497,0.61385,5.0373,0.70353,0.495248,0.518031,2.08282,0.194367,0.215919,0,0.774679,0.359458,0,-0.00131685,0.245835,0.971763,0.350886,0.0437534,0.0441484,0.00514544,0.00458588,0.451231,0.0426616,8.21307,-1.36638,9.51505,0.643625,0.474119,-8.48554,-0.333333,0.0396084,-0.0825355,0.552577,4.79167,3.125,0,0,1.5,3.41667,5.20833,-5.9565,0.0001,-0.0021375,0.0415756,1.94338,0.152832,46895,0.185911,253.72,0.963075
7985,1.80399,0.199132,0.859413,0.428846,0.00396652,0.000995305,0.00396652,0.199613,0.162389,0.521272,0.868132,0.0434391,0.0296171,0.0422761,0.219357,0.0423586,0.00260417,1.09678,0.0896663,2.41724,0.16404,0,0.0590128,0.624244,5.0824,0.708623,0.502254,0.510468,2.05988,0.202461,0.216339,0,0.844246,0.441722,0,-0.00137358,0.230182,0.972069,0.361206,0.0432965,0.0434834,0.00470294,0.00419978,0.450928,0.0421271,8.30254,-1.5317,9.29183,0.650602,0.454492,-8.62524,-0.333333,0.0427506,-0.0874461,0.59757,5.29167,4.29167,0,0,2.08333,3.79167,7.20833,-5.9534,0.0001,-0.00144419,0.0453454,2.02425,0.152816,45154,0.185965,263.36,1.60915
7986,1.87619,0.203483,0.854244,0.42645,0.00395889,0.00102076,0.00395889,0.200437,0.16252,0.523792,0.862493,0.043642,0.0294557,0.0423464,0.219195,0.0435506,0,1.09677,0.0901219,2.40679,0.164403,0,0.0600756,0.625638,5.08315,0.709136,0.50316,0.51241,2.0637,0.206974,0.21625,0,0.825605,0.433429,0,-0.00132272,0.237777,0.971671,0.359903,0.0433862,0.0437468,0.00542492,0.00489856,0.453583,0.0422364,8.35442,-1.37304,9.44755,0.646574,0.467813,-8.72116,-0.333333,0.0435319,-0.0872351,0.599606,4.75,4.41667,0,0,2.45833,3.83333,6.04167,-5.95064,0.0001,-0.00129819,0.0421002,2.00844,0.155194,45434,0.185976,259.32,1.49167
7987,1.8018,0.199326,0.870035,0.43388,0.00392734,0.00101479,0.00392734,0.199565,0.163256,0.526453,0.875612,0.0432177,0.0299745,0.0420093,0.218325,0.0431401,0,1.09885,0.0888248,2.41784,0.163497,0,0.0596821,0.628393,5.09868,0.710955,0.507119,0.50765,2.04481,0.201655,0.215239,0,0.840477,0.435689,0,-0.00135975,0.232071,0.971823,0.366479,0.0430139,0.043269,0.00523758,0.00472471,0.457036,0.0418555,8.5087,-1.45031,9.35214,0.647704,0.455095,-8.78424,-0.333333,0.0434788,-0.0876517,0.615118,4.625,4.29167,0,0,2,3.41667,7.04167,-5.95029,0.0001,-0.00165227,0.0462472,2.00987,0.151235,45487,0.185982,261.08,1.32623
7988,1.69312,0.194645,0.812312,0.428943,0.00403043,0.000992913,0.00403043,0.195463,0.154608,0.527553,0.818335,0.0435974,0.0299041,0.0424314,0.218426,0.0456645,0.00277778,1.07694,0.0812107,2.40647,0.168473,0,0.0598354,0.615031,5.05161,0.704217,0.494234,0.51969,2.09029,0.197523,0.215526,0,0.826139,0.388956,0,-0.00132036,0.238048,0.971661,0.351303,0.0437147,0.0437954,0.00559049,0.00507213,0.451372,0.0425121,8.37009,-1.78238,9.18251,0.656931,0.462658,-8.29855,-0.333333,0.0418958,-0.0847161,0.573142,4.58333,2.75,0,0,1.54167,2.875,5.54167,-5.94955,0.0001,-0.001919,0.0414753,2.01976,0.150762,45290,0.18602,252.88,1.34741
7989,1.64393,0.200165,0.838048,0.42858,0.00403016,0.00106171,0.00403016,0.196349,0.160586,0.533401,0.844562,0.0435894,0.0313503,0.0424517,0.22117,0.0442196,0.00520833,1.08854,0.085479,2.4216,0.162428,0,0.0598586,0.616906,5.06354,0.705194,0.494297,0.520064,2.0877,0.203203,0.218076,0,0.831212,0.401855,0,-0.00131438,0.241183,0.971581,0.349904,0.0438536,0.0438823,0.00574178,0.00522196,0.455039,0.0426466,8.39177,-1.80969,9.157,0.655978,0.461846,-8.26587,-0.333333,0.0445763,-0.0845259,0.593651,5.20833,3,0,0,1.20833,2.95833,5.95833,-5.94693,0.0001,-0.00102185,0.048783,1.98327,0.154734,45979,0.186046,252.54,1.24844
7990,1.56447,0.200509,0.855354,0.437417,0.00392406,0.00105151,0.00392406,0.196432,0.160065,0.520738,0.8622,0.0423056,0.0318861,0.0413699,0.216203,0.0434333,0,1.08977,0.0862428,2.41699,0.15986,0,0.0566978,0.628247,5.12554,0.713388,0.507531,0.506514,2.0317,0.202954,0.212986,0,0.830583,0.403274,0,-0.00147025,0.233483,0.97241,0.368587,0.0426699,0.0424197,0.00524497,0.00477499,0.454045,0.0414511,8.37168,-2.07277,8.92073,0.660551,0.438461,-8.4751,-0.333333,0.0448725,-0.0867395,0.598163,4.16667,2.45833,0,0,0.916667,3.625,7.5,-5.94509,0.0001,-0.00193402,0.0461779,1.9924,0.14999,45885,0.186081,259.01,1.24875
7991,1.67177,0.196525,0.828497,0.431148,0.00399541,0.00102221,0.00399541,0.19467,0.157362,0.526674,0.834987,0.0433023,0.0299794,0.0422094,0.219512,0.0441552,0,1.08768,0.0846194,2.41461,0.16509,0,0.059426,0.618861,5.07299,0.707309,0.498636,0.514903,2.07261,0.199037,0.216388,0,0.796278,0.427376,0,-0.001314,0.238355,0.971885,0.35799,0.0433868,0.043483,0.00530666,0.00481121,0.452396,0.0422128,8.45862,-1.61613,9.19243,0.65364,0.45456,-8.46838,-0.333333,0.0431299,-0.0846693,0.58733,5.70833,3.375,0,0,1.45833,3.70833,7.95833,-5.94201,0.0001,-0.00233681,0.0467157,1.99236,0.148809,45911,0.18615,257.06,1.08874
7992,1.63759,0.199648,0.857997,0.427219,0.00397409,0.0010372,0.00397409,0.200573,0.161851,0.523888,0.862877,0.0429315,0.0314569,0.0418798,0.219142,0.0431981,0,1.09472,0.0887617,2.40165,0.163864,0,0.0584558,0.620726,5.08667,0.70846,0.501267,0.511772,2.05971,0.202258,0.215935,0,0.812832,0.44401,0,-0.00140933,0.231897,0.971675,0.360992,0.043161,0.0430342,0.00502677,0.00451499,0.451968,0.0419084,8.46595,-1.95658,9.00149,0.660506,0.453835,-8.41928,-0.333333,0.0445807,-0.0881301,0.604487,4.95833,2.875,0,0,1.29167,3.79167,7.54167,-5.93728,0.0001,-0.00231394,0.0529669,2.06586,0.142785,44508,0.18622,260.18,1.27789
7993,1.58895,0.193499,0.836012,0.4306,0.00399823,0.00104191,0.00399823,0.197721,0.157198,0.530079,0.843549,0.0430957,0.0306349,0.0420826,0.219384,0.0433692,0.00260417,1.09095,0.0846008,2.42248,0.166926,0,0.0577288,0.620424,5.07511,0.706455,0.498382,0.515004,2.06831,0.196259,0.216096,0,0.794863,0.421144,0,-0.00133072,0.231135,0.971735,0.360358,0.0432916,0.0432238,0.00476523,0.00426911,0.448781,0.0421053,8.42704,-1.93276,8.97336,0.661186,0.447182,-8.36113,-0.333333,0.0445274,-0.0870164,0.590996,4.75,2.58333,0,0,1.25,3.25,7.16667,-5.93348,0.0001,-0.0031371,0.0451532,2.00547,0.150635,45593,0.186289,262.29,1.49553
7994,1.77893,0.195397,0.821952,0.427168,0.00404526,0.00104415,0.00404526,0.195253,0.157203,0.529166,0.827491,0.0442986,0.0294371,0.043015,0.221925,0.0446331,0.00189394,1.08679,0.0850926,2.41102,0.166917,0,0.0618577,0.612446,5.03141,0.701801,0.492321,0.521672,2.10343,0.197852,0.218821,0,0.774746,0.405681,0,-0.00121594,0.238529,0.971693,0.348918,0.0441241,0.0445412,0.00530751,0.00482612,0.4499,0.0429685,8.43507,-1.41101,9.32918,0.652929,0.471886,-8.47157,-0.333333,0.0437053,-0.0839315,0.58155,5.29167,3.70833,0,0,1.79167,4.16667,6.25,-5.93086,0.0001,-0.00273954,0.0428574,2.00687,0.158512,45398,0.186305,261.76,1.44722
7995,1.68032,0.203757,0.864202,0.434508,0.00395128,0.00108802,0.00395128,0.203709,0.1624,0.525042,0.871347,0.0428891,0.0305506,0.0418268,0.220249,0.0442108,0,1.10472,0.0904475,2.42413,0.163138,0,0.0586878,0.621992,5.09843,0.709834,0.504147,0.50924,2.05334,0.206882,0.217031,0,0.826235,0.4465,0,-0.00137393,0.232601,0.971835,0.366508,0.0429473,0.0429269,0.00518421,0.00469246,0.454288,0.0417342,8.68336,-1.69244,9.04622,0.658005,0.447033,-8.62589,-0.333333,0.0469313,-0.0894355,0.607955,4.58333,3.20833,0,0,1.70833,3.5,7.79167,-5.93089,0.0001,-0.00148082,0.0427499,2.11344,0.165623,43133,0.186318,257.29,1.42384
7996,1.70794,0.204032,0.859712,0.441868,0.00395814,0.0010797,0.00395814,0.202551,0.162896,0.52379,0.866798,0.0431055,0.0311079,0.0419982,0.220976,0.0415578,0.00297619,1.10443,0.0880561,2.43354,0.163929,0,0.0580547,0.627198,5.09764,0.710167,0.503253,0.509217,2.05783,0.207148,0.217895,0,0.839539,0.389651,0,-0.00142495,0.228201,0.971529,0.361797,0.0431508,0.0431874,0.00466156,0.00414733,0.453798,0.0418922,8.50231,-1.90402,9.05723,0.661025,0.450772,-8.47831,-0.333333,0.046173,-0.088477,0.603326,5.41667,2.91667,0,0,1.625,3.08333,7.29167,-5.9317,0.0001,-0.00219385,0.0406724,2.09345,0.161143,43601,0.186331,252.99,1.34449
7997,1.74813,0.201572,0.869017,0.436473,0.00398751,0.00107947,0.00398751,0.19957,0.163217,0.526543,0.875894,0.0435886,0.0292568,0.0424465,0.219313,0.0413097,0,1.08975,0.0899175,2.43459,0.156876,0,0.0578044,0.621805,5.06499,0.706502,0.499604,0.513727,2.07123,0.204126,0.215837,0,0.811576,0.460178,0,-0.0012957,0.230443,0.971684,0.359157,0.043505,0.0436427,0.00544692,0.00494351,0.451799,0.0423258,8.58683,-1.41091,9.21342,0.653922,0.457396,-8.68121,-0.333333,0.0459578,-0.0874295,0.610336,4.41667,4,0,0,1.33333,3.41667,6.29167,-5.93064,0.0001,-0.00209915,0.0484369,2.13466,0.165385,42740,0.186384,260.87,1.40801
7998,1.76185,0.202966,0.885452,0.431686,0.00389458,0.000997957,0.00389458,0.201293,0.165066,0.520132,0.894694,0.0424283,0.0311542,0.041404,0.217199,0.0428032,0,1.10068,0.0929076,2.42023,0.16026,0,0.057835,0.633493,5.1321,0.714166,0.51123,0.502255,2.01734,0.205763,0.213637,0,0.840295,0.456111,0,-0.00144797,0.229985,0.972169,0.372146,0.0425325,0.0423945,0.00525993,0.00475796,0.454852,0.0413375,8.62272,-1.77134,9.01248,0.659118,0.441972,-8.83204,-0.333333,0.0434354,-0.0893279,0.615153,4.41667,3.08333,0,0,1.29167,2.875,6.66667,-5.92902,0.0001,-0.00261347,0.0525239,2.06956,0.137271,44545,0.18639,258.17,1.37052
7999,1.75354,0.189051,0.801425,0.423319,0.00403962,0.000976523,0.00403962,0.189582,0.152606,0.524707,0.807713,0.0438759,0.0302154,0.0426746,0.219082,0.0458101,0,1.0767,0.0800758,2.42272,0.172263,0,0.061754,0.61568,5.04334,0.702986,0.493107,0.520622,2.09736,0.191657,0.215842,0,0.779026,0.393198,0,-0.00124078,0.242344,0.971399,0.349333,0.0439327,0.0440904,0.00497275,0.00448989,0.449346,0.0427916,8.52352,-1.60707,9.20868,0.656703,0.462335,-8.45685,-0.333333,0.0411791,-0.0819185,0.560018,5.29167,3.20833,0,0,1.41667,3.45833,6.66667,-5.92937,0.0001,-0.00130498,0.0499492,2.03703,0.159189,44760,0.18644,259.38,1.03101
8000,1.79463,0.200687,0.828714,0.433332,0.0040626,0.00105528,0.0040626,0.198462,0.158778,0.528341,0.834873,0.0443636,0.0311014,0.0430627,0.224395,0.0443789,0,1.09806,0.0865912,2.45846,0.166566,0,0.0618112,0.608041,5.01885,0.700934,0.490236,0.521699,2.1,0.203574,0.221298,0,0.791592,0.420989,0,-0.00121863,0.238152,0.971192,0.342325,0.0444436,0.0446535,0.00537954,0.00484454,0.450487,0.0431608,8.26731,-1.69807,9.24293,0.660323,0.475244,-8.31362,-0.333333,0.0447221,-0.0856099,0.584899,5.5,3.25,0,0,0.791667,4.375,5.83333,-5.9262,0.0001,-0.000988554,0.0420607,2.10877,0.160814,43313,0.186497,253.05,1.08009
8001,1.65878,0.201316,0.858331,0.436859,0.0039771,0.000984245,0.0039771,0.199119,0.162786,0.530193,0.864479,0.0434066,0.0313384,0.0422709,0.220332,0.0428129,0,1.09527,0.0873246,2.41312,0.161192,0,0.0589984,0.622448,5.083,0.707907,0.500874,0.514348,2.06971,0.203868,0.217175,0,0.831044,0.419305,0,-0.00139555,0.230818,0.971704,0.356647,0.0435094,0.0435227,0.00508879,0.00458279,0.452482,0.0422406,8.38086,-1.86517,9.1324,0.658865,0.457837,-8.46066,-0.333333,0.0419581,-0.0866764,0.606947,5.16667,2.83333,0,0,1.125,3.20833,6.79167,-5.92306,0.0001,-0.0020816,0.0454695,2.0767,0.168025,43793,0.186521,263.22,1.43478
8002,1.76048,0.199591,0.860408,0.427346,0.0039066,0.000967008,0.0039066,0.199762,0.16158,0.517623,0.868422,0.0425357,0.0318078,0.0414981,0.2161,0.0437268,0,1.09602,0.0879772,2.45989,0.164235,0,0.0585301,0.63056,5.11968,0.712493,0.509737,0.505058,2.03369,0.202816,0.212854,0,0.855134,0.444903,0,-0.00148203,0.230025,0.971624,0.368912,0.0427149,0.0425698,0.00495336,0.00449431,0.454483,0.0414208,8.54014,-1.93485,9.00865,0.661617,0.442304,-8.64184,-0.333333,0.0421368,-0.0885355,0.596349,5.29167,3,0,0,1.29167,2.20833,6.58333,-5.92087,0.0001,-0.00227695,0.0473781,2.06406,0.158935,44221,0.186541,267.53,1.48678
8003,1.76662,0.196418,0.840057,0.429131,0.00400511,0.00100941,0.00400511,0.195179,0.159466,0.522039,0.846697,0.0436788,0.0303284,0.0424854,0.219738,0.0444046,0.00260417,1.08851,0.0861404,2.43004,0.167332,0,0.0607491,0.616747,5.06373,0.704685,0.497378,0.517112,2.08459,0.198724,0.216438,0,0.803535,0.42598,0,-0.00129393,0.237135,0.971428,0.354416,0.0436696,0.0437709,0.00508574,0.00458132,0.450694,0.0424447,8.47792,-1.53034,9.23388,0.656152,0.462916,-8.572,-0.333333,0.0428437,-0.0852954,0.583927,5.95833,3.91667,0,0,1.33333,3.79167,7,-5.91954,0.0001,0.000398158,0.0449343,2.11894,0.154094,43247,0.186538,263.82,1.15143
8004,1.73538,0.196171,0.831071,0.423284,0.00399235,0.001006,0.00399235,0.19423,0.157245,0.525201,0.837556,0.0434541,0.0303164,0.0423089,0.22071,0.0457585,0.00208333,1.09398,0.0858452,2.40509,0.172892,0,0.0612597,0.620841,5.07052,0.706435,0.499002,0.516318,2.07593,0.198707,0.217438,0,0.792417,0.409796,0,-0.00136437,0.239823,0.971937,0.355646,0.0434783,0.0435635,0.00525298,0.00475131,0.453286,0.0423321,8.4173,-1.50026,9.24024,0.654514,0.459282,-8.59421,-0.333333,0.0424913,-0.084512,0.584859,5.79167,3.875,0,0,1.58333,3.70833,7.375,-5.92134,0.0001,-0.00195229,0.0427527,2.1049,0.155052,43498,0.186498,264.93,1.44617
8005,1.77151,0.202688,0.876166,0.433416,0.0039234,0.00104154,0.0039234,0.201208,0.164604,0.523551,0.882592,0.0430905,0.0307232,0.0419291,0.217605,0.0424803,0,1.10037,0.091403,2.40734,0.162484,0,0.0592779,0.62642,5.10238,0.71086,0.507663,0.508225,2.04685,0.20492,0.21431,0,0.84882,0.45897,0,-0.00138337,0.233183,0.972503,0.367883,0.0429556,0.0431098,0.00482694,0.00437291,0.448912,0.0417631,8.19849,-1.57192,9.24417,0.652911,0.454181,-8.77133,-0.333333,0.045487,-0.0889228,0.615134,5.16667,4.41667,0,0,1.41667,3.83333,7.08333,-5.92265,0.0001,-0.00137705,0.0451406,2.11297,0.160244,43244,0.186493,255.39,1.22617
8006,1.6961,0.201208,0.875589,0.42786,0.00396512,0.0010295,0.00396512,0.19667,0.164551,0.530097,0.879684,0.0431507,0.0304569,0.0420562,0.219443,0.0442617,0,1.09515,0.0909741,2.42636,0.163577,0,0.0589251,0.623294,5.08604,0.708527,0.502449,0.510823,2.0572,0.202884,0.216145,0,0.833274,0.468583,0,-0.00133613,0.236939,0.972226,0.359364,0.0433576,0.0433409,0.00552793,0.00500338,0.452564,0.0421735,8.26147,-1.71859,9.15203,0.656707,0.455196,-8.54682,-0.333333,0.0439617,-0.0861673,0.620863,5.20833,3.5,0,0,1.25,2.70833,6.66667,-5.9231,0.0001,-0.00145102,0.047333,2.1168,0.161368,43150,0.186457,260.9,1.36689
8007,1.64739,0.200123,0.844764,0.437381,0.00401558,0.00107207,0.00401558,0.194243,0.160456,0.529463,0.851178,0.0436147,0.0312608,0.042483,0.221966,0.0446233,0,1.09642,0.0872024,2.40814,0.165771,0,0.0610022,0.618064,5.05553,0.704472,0.496073,0.518986,2.08963,0.202975,0.218659,0,0.799044,0.425889,0,-0.00134359,0.239785,0.971929,0.352925,0.0437103,0.0437731,0.00548386,0.004978,0.453633,0.0424722,8.34249,-1.73725,9.14174,0.657202,0.459418,-8.3799,-0.333333,0.0454002,-0.0845841,0.594187,6.04167,3,0,0,1.125,3.625,7,-5.92464,0.0001,-0.00135993,0.0462604,2.10992,0.159191,43322,0.186434,262.43,1.46135
8008,1.60462,0.199532,0.858357,0.431241,0.00398137,0.00107089,0.00398137,0.198343,0.161227,0.526354,0.865858,0.0429562,0.0317232,0.0419835,0.219659,0.0416453,0,1.09494,0.0892293,2.41381,0.163242,0,0.0572603,0.622103,5.08666,0.708018,0.500354,0.513332,2.06818,0.202195,0.216379,0,0.818591,0.462201,0,-0.00137527,0.231586,0.972471,0.360906,0.0432246,0.0430748,0.00490138,0.00444697,0.451731,0.0419528,8.34715,-1.95872,8.92472,0.662808,0.442122,-8.42503,-0.333333,0.0458578,-0.0871114,0.601755,5.20833,2.33333,0,0,1.08333,2.91667,7.125,-5.92552,0.0001,-0.00131932,0.0455929,2.10632,0.159505,43385,0.186459,262.63,1.26233
8009,1.54827,0.207136,0.890234,0.444232,0.00402798,0.00112972,0.00402798,0.201708,0.169685,0.533188,0.896592,0.0434438,0.0314048,0.0424262,0.224205,0.0413852,0,1.10849,0.0938285,2.40119,0.156456,0,0.0571481,0.616375,5.05546,0.70379,0.494595,0.520092,2.08621,0.209741,0.220952,0,0.840022,0.476635,0,-0.00138288,0.231494,0.971609,0.351832,0.0438047,0.0435958,0.0050671,0.00453575,0.448074,0.04248,8.33374,-2.07461,8.916,0.667032,0.451494,-8.21842,-0.333333,0.0479755,-0.0880632,0.630751,5.45833,2.625,0,0,0.958333,2.91667,6.79167,-5.92276,0.0001,-0.00129012,0.0483799,2.11957,0.157405,43173,0.18651,262.08,1.81718
8010,1.8034,0.199654,0.857514,0.428303,0.00403558,0.00102258,0.00403558,0.197041,0.162708,0.52436,0.863456,0.0437924,0.031485,0.0426007,0.221439,0.0444131,0.00245098,1.08915,0.0899092,2.42914,0.166561,0,0.0607707,0.613746,5.04843,0.703494,0.493568,0.521274,2.09603,0.20332,0.21827,0,0.813763,0.467447,0,-0.00133838,0.239538,0.971322,0.347069,0.0439245,0.0439946,0.00606034,0.00549779,0.453393,0.0426742,8.35096,-1.81192,9.17351,0.66024,0.471271,-8.2941,-0.333333,0.0432266,-0.0852152,0.596866,5.41667,3.25,0,0,0.833333,2.875,5.75,-5.91891,0.0001,-0.00142224,0.0485157,2.08741,0.158844,43763,0.186534,252.09,1.32965
8011,1.82353,0.197596,0.840928,0.432477,0.00403036,0.00107178,0.00403036,0.194788,0.159606,0.527991,0.847443,0.0441034,0.0309264,0.0428469,0.223297,0.0432884,0,1.10048,0.0872504,2.40896,0.167371,0,0.0618793,0.614121,5.04685,0.703857,0.494249,0.51991,2.09061,0.200461,0.220258,0,0.787279,0.42013,0,-0.00136617,0.240352,0.971538,0.348692,0.0439247,0.04422,0.0053743,0.00481908,0.45166,0.0426809,8.3537,-1.53338,9.33288,0.653577,0.466778,-8.44888,-0.333333,0.0455305,-0.0845004,0.590734,5.66667,3.45833,0,0,1.25,3.08333,5.95833,-5.91908,0.0001,-0.00289549,0.0496858,1.9752,0.163153,45971,0.186516,257.74,1.1969
8012,1.59716,0.202591,0.874403,0.440191,0.00393661,0.00110743,0.00393661,0.203585,0.163914,0.523992,0.880141,0.0426201,0.0310784,0.0416418,0.221485,0.0402707,0,1.11174,0.0905256,2.41821,0.157568,0,0.0560492,0.62651,5.11382,0.711802,0.505955,0.507094,2.03572,0.204506,0.217965,0,0.849179,0.444074,0,-0.00139867,0.225442,0.97216,0.36772,0.0428194,0.0426335,0.00530948,0.00479447,0.454994,0.0415672,8.5232,-1.90357,8.96837,0.661077,0.445298,-8.5977,-0.333333,0.047412,-0.0901268,0.61643,4.875,3.125,0,0,0.75,3.25,7.41667,-5.9209,0.0001,-0.0025,0.0494394,2.12199,0.160059,43077,0.186473,267.87,1.60198
8013,1.72726,0.19672,0.81491,0.432181,0.00401433,0.00106231,0.00401433,0.193402,0.154155,0.52921,0.821051,0.0437225,0.029688,0.0425391,0.223066,0.0449585,0,1.10115,0.0832779,2.42753,0.169631,0,0.0613706,0.6125,5.06571,0.704657,0.496301,0.517581,2.08714,0.199103,0.219645,0,0.787831,0.405665,0,-0.00126316,0.240954,0.97189,0.354571,0.0436541,0.0438409,0.00536046,0.00483415,0.451008,0.0424802,8.42428,-1.39583,9.26412,0.653805,0.463616,-8.61659,-0.333333,0.0450787,-0.084376,0.577897,5,3.70833,0,0,1.125,3.83333,6.83333,-5.92074,0.0001,-0.00178987,0.0519612,2.09688,0.157071,43614,0.18647,256.76,1.40639
8014,1.80694,0.206126,0.895828,0.445373,0.00396487,0.00111173,0.00396487,0.201783,0.168682,0.524227,0.902734,0.0435524,0.0310299,0.0423584,0.223185,0.0416754,0,1.11473,0.0937005,2.39122,0.160035,0,0.0590911,0.621156,5.0775,0.708276,0.502409,0.51166,2.05903,0.209032,0.219689,0,0.856197,0.463199,0,-0.00137746,0.2296,0.972163,0.360252,0.0433534,0.0434898,0.00519444,0.00467286,0.450236,0.0421498,8.44089,-1.46468,9.24661,0.653851,0.457544,-8.75954,-0.333333,0.0478121,-0.0888689,0.626431,4.875,3.70833,0,0,1.29167,3.375,6.5,-5.91695,0.0001,-0.00111444,0.0485856,2.08959,0.166047,43581,0.186528,255.47,1.39563
8015,1.82596,0.200249,0.863198,0.438768,0.00400281,0.00109023,0.00400281,0.195961,0.162853,0.528616,0.868697,0.0441818,0.0290425,0.042881,0.22158,0.0431714,0,1.09639,0.0897293,2.394,0.161941,0,0.0610459,0.613739,5.05162,0.703927,0.49768,0.517712,2.08709,0.202883,0.218122,0,0.810589,0.465528,0,-0.00128564,0.236551,0.972216,0.353728,0.0438458,0.0442365,0.00534069,0.00481686,0.449164,0.0426476,8.32041,-1.2153,9.41053,0.650031,0.467052,-8.73611,-0.333333,0.046347,-0.0856099,0.609582,5.33333,4.58333,0,0,1.16667,3.875,6.625,-5.91255,0.0001,-0.00247657,0.0474903,2.15046,0.166835,42421,0.186544,265.3,1.65903
8016,1.83719,0.203926,0.888811,0.441464,0.00391791,0.00110611,0.00391791,0.201149,0.165854,0.520349,0.894079,0.0430561,0.0296445,0.0418737,0.219699,0.0419589,0,1.11095,0.092481,2.39573,0.163439,0,0.059781,0.624499,5.11674,0.711699,0.508302,0.505354,2.03905,0.206042,0.216408,0,0.84889,0.457967,0,-0.00140502,0.229692,0.972357,0.370758,0.0427394,0.0429761,0.00494538,0.00444285,0.450326,0.0415728,8.41217,-1.46553,9.29942,0.649282,0.456415,-8.83723,-0.333333,0.048009,-0.0894171,0.622129,5.375,4.70833,0,0,1.41667,3.625,7.70833,-5.91011,0.0001,-0.000614124,0.0444061,2.14174,0.165715,42602,0.186558,266.49,1.46428
8017,1.84321,0.20316,0.889323,0.434041,0.00398242,0.0010541,0.00398242,0.199713,0.167194,0.519341,0.894566,0.0435846,0.0286473,0.0423722,0.219843,0.044256,0,1.09723,0.0938059,2.37872,0.168665,0,0.0602146,0.618454,5.072,0.706698,0.500252,0.51293,2.06811,0.206084,0.216608,0,0.831402,0.4806,0,-0.00131337,0.232834,0.971873,0.36089,0.0433617,0.0436342,0.00469598,0.00417385,0.448404,0.0421966,8.39624,-1.48725,9.28689,0.652197,0.463046,-8.63226,-0.333333,0.0454395,-0.0877593,0.614275,5.29167,3.91667,0,0,1.5,3.875,7.16667,-5.90832,0.0001,-0.0019736,0.0426142,2.13834,0.156949,42828,0.186601,264.02,1.48283
8018,1.75821,0.203283,0.858297,0.436227,0.00400888,0.00106656,0.00400888,0.194836,0.163059,0.524718,0.866181,0.0434205,0.0307609,0.0422597,0.220971,0.0462057,0.00245098,1.09577,0.089468,2.37994,0.171833,0,0.0612544,0.616613,5.06358,0.70469,0.496943,0.517675,2.08468,0.20635,0.217933,0,0.825431,0.438012,0,-0.00139252,0.241139,0.971568,0.353174,0.0434938,0.043589,0.00555404,0.00499767,0.450111,0.0423189,8.3289,-1.90616,9.12353,0.659663,0.463412,-8.31705,-0.333333,0.0455695,-0.0850389,0.600727,6.20833,3.08333,0,0,1.04167,3.45833,6.66667,-5.90381,0.0001,-0.00180087,0.0430861,2.13577,0.163146,42761,0.186667,254.61,1.49383
8019,1.68829,0.201866,0.858012,0.432504,0.00394094,0.00110088,0.00394094,0.197655,0.163173,0.523483,0.865594,0.0427339,0.0316532,0.0416483,0.218547,0.0453317,0.00245098,1.09472,0.0887312,2.38353,0.165901,0,0.0597146,0.625904,5.09996,0.709982,0.505421,0.508348,2.04434,0.204782,0.215338,0,0.848233,0.412204,0,-0.00145474,0.237471,0.971791,0.361845,0.0429268,0.0428324,0.00534703,0.00482872,0.453383,0.0417282,8.42467,-1.90594,9.10734,0.65775,0.453802,-8.50479,-0.333333,0.0465608,-0.0863497,0.59831,5.41667,3.08333,0,0,1,3.20833,6.70833,-5.89885,0.0001,-0.000730761,0.045985,2.10246,0.165586,43343,0.186689,262.23,1.47863
8020,1.65306,0.200991,0.822799,0.438347,0.00399591,0.00111162,0.00399591,0.195847,0.155527,0.52845,0.827504,0.0431921,0.0316814,0.0421177,0.222906,0.0452048,0,1.10442,0.0842591,2.40952,0.166293,0,0.0594684,0.616506,5.07125,0.706663,0.498557,0.515868,2.07078,0.203261,0.219584,0,0.79002,0.401816,0,-0.0014106,0.238929,0.971566,0.354784,0.043427,0.0433459,0.00529462,0.00472397,0.45206,0.0421746,8.38503,-1.93681,9.07719,0.660151,0.456757,-8.33003,-0.333333,0.0473251,-0.0854784,0.580438,5.41667,3,0,0,0.666667,2.91667,6.04167,-5.89698,0.0001,-0.00275193,0.0503526,2.13455,0.159056,42859,0.186678,260.16,1.38354
8021,1.63658,0.204902,0.863609,0.44268,0.00399528,0.00115085,0.00399528,0.201336,0.163707,0.527611,0.86998,0.0431588,0.0310791,0.0421269,0.223324,0.0418164,0,1.10781,0.0901989,2.41016,0.1594,0,0.0580137,0.619126,5.07719,0.706467,0.498646,0.515127,2.07052,0.207526,0.219982,0,0.805075,0.453416,0,-0.00145887,0.234431,0.971753,0.356323,0.0433852,0.0432466,0.00552879,0.00502852,0.452646,0.0421264,8.40007,-1.98001,8.99452,0.662374,0.453666,-8.31642,-0.333333,0.0487161,-0.0877551,0.605587,5.625,2.79167,0,0,0.875,3.29167,7.20833,-5.89579,0.0001,-0.00280784,0.0495479,2.13909,0.164842,42667,0.186701,259.3,1.4963
8022,1.78652,0.198383,0.845326,0.429168,0.00410359,0.00112138,0.00410359,0.197038,0.16331,0.531385,0.852518,0.0446531,0.0305031,0.0433675,0.226556,0.0454868,0,1.09774,0.0884247,2.38037,0.167026,0,0.0613174,0.604282,4.99431,0.697097,0.485249,0.528658,2.13158,0.201296,0.223484,0,0.793995,0.433785,0,-0.00123117,0.238239,0.970687,0.335841,0.0447038,0.044945,0.00572269,0.00509439,0.450208,0.0434494,8.45811,-1.73481,9.23024,0.660384,0.476128,-8.16236,-0.333333,0.0463457,-0.0840585,0.593922,5.95833,2.95833,0,0,0.958333,3.25,5.91667,-5.89442,0.0001,-0.00131469,0.0505589,2.15232,0.161818,42479,0.186741,251.54,1.42014
8023,1.73647,0.200622,0.854384,0.435389,0.00403435,0.00110269,0.00403435,0.199154,0.163065,0.529064,0.860574,0.0439286,0.0316704,0.0427347,0.22273,0.0438398,0,1.09509,0.0886884,2.3885,0.167503,0,0.0604379,0.614457,5.04281,0.701488,0.493696,0.520613,2.09176,0.203058,0.219451,0,0.807132,0.404907,0,-0.00134026,0.234335,0.9709,0.349362,0.0439063,0.0440446,0.00523288,0.0047244,0.450996,0.0426641,8.58599,-1.76495,9.10363,0.661816,0.465902,-8.40365,-0.333333,0.0462492,-0.0862951,0.603019,5.95833,3.79167,0,0,0.75,3.33333,6.45833,-5.89455,0.0001,-0.00132169,0.0507619,2.11718,0.165055,43073,0.18675,254.39,1.00508
8024,1.74675,0.203222,0.840224,0.445268,0.00403653,0.00112536,0.00403653,0.203163,0.160187,0.53061,0.847804,0.0443428,0.0297039,0.0430722,0.225187,0.0408762,0.00320513,1.10741,0.0875172,2.40058,0.161029,0,0.0595195,0.611433,5.04911,0.703573,0.493415,0.520175,2.09432,0.206125,0.222038,0,0.792533,0.434227,0,-0.00130828,0.227156,0.971465,0.35,0.0441009,0.0444181,0.00500062,0.00444368,0.45109,0.0428722,8.46583,-1.56752,9.32504,0.651123,0.466355,-8.42596,-0.333333,0.0474991,-0.087964,0.593963,5.625,3.45833,0,0,0.916667,4.125,6.25,-5.89524,0.0001,-0.00274888,0.0497278,2.10919,0.159844,43324,0.186753,263.87,1.42867
8025,1.86106,0.199663,0.842026,0.438675,0.00408119,0.00109053,0.00408119,0.198,0.160881,0.524547,0.846838,0.0447874,0.029197,0.0434521,0.224411,0.0435394,0,1.09286,0.0868204,2.40206,0.165437,0,0.0621176,0.604412,5.00211,0.697653,0.487862,0.526377,2.12011,0.201461,0.221178,0,0.789411,0.424801,0,-0.00119355,0.23537,0.970753,0.342446,0.0445303,0.0449536,0.00515143,0.00460742,0.451597,0.0433133,8.65488,-1.46086,9.33045,0.654835,0.47876,-8.43435,-0.333333,0.045678,-0.0850534,0.584098,5.66667,3.95833,0,0,1.125,4.25,5.95833,-5.89581,0.0001,-0.00168573,0.0486758,1.9723,0.14876,46346,0.186721,254.85,1.21936
8026,1.96788,0.199475,0.861692,0.433641,0.00399878,0.00101539,0.00399878,0.198744,0.163465,0.52374,0.867259,0.0443631,0.0295255,0.0429671,0.221679,0.0449948,0,1.0975,0.0896647,2.40228,0.171449,0,0.0630816,0.616892,5.05172,0.703221,0.498156,0.517579,2.08448,0.202251,0.218401,0,0.813707,0.456035,0,-0.00131475,0.234049,0.97025,0.352514,0.0438375,0.0443779,0.00527359,0.00473958,0.455009,0.0426418,8.86362,-1.30308,9.46547,0.649956,0.475862,-8.7372,-0.333333,0.0430383,-0.0864201,0.600352,6.125,4.41667,0,0,1.16667,3.875,6.25,-5.89592,0.0001,-0.00183298,0.0465833,1.96829,0.146208,46490,0.186705,259.49,1.22691
8027,2.0277,0.201669,0.862432,0.43973,0.00396313,0.00111682,0.00396313,0.198765,0.163597,0.531962,0.869745,0.0442231,0.0284466,0.042763,0.220502,0.0441917,0,1.10042,0.08903,2.38717,0.162321,0,0.0625814,0.619429,5.07004,0.707307,0.502757,0.511552,2.06385,0.204086,0.217131,0,0.818786,0.445648,0,-0.00129082,0.236008,0.971528,0.359868,0.0434669,0.0442046,0.00532962,0.00478987,0.454106,0.0423984,8.66897,-0.940392,9.66988,0.638215,0.474986,-8.98813,-0.333333,0.0474771,-0.0866975,0.615489,4.70833,4.875,0,0,1.375,3.875,5.45833,-5.89373,0.0001,-0.00213843,0.0511044,1.82853,0.146772,49766,0.18675,258.4,1.3959
8028,2.03103,0.202504,0.876957,0.439902,0.00395483,0.00111465,0.00395483,0.201776,0.16426,0.523653,0.883035,0.0441302,0.0279307,0.0426792,0.219916,0.0430889,0,1.10152,0.0913171,2.38852,0.159767,0,0.0615483,0.620317,5.08415,0.708477,0.503683,0.510341,2.04811,0.204925,0.216548,0,0.819693,0.478307,0,-0.00127091,0.231051,0.971874,0.36181,0.0433968,0.0440522,0.00552196,0.00499432,0.455403,0.0423208,8.60242,-0.871939,9.67876,0.63776,0.472794,-9.03508,-0.333333,0.0477358,-0.089029,0.615628,5.45833,5.79167,0,0,1.79167,4.33333,6.08333,-5.88987,0.0001,-0.000460062,0.0464242,1.97649,0.144369,46350,0.186799,254,1.36054
8029,2.08625,0.201598,0.85159,0.43064,0.00402149,0.00103301,0.00402149,0.199954,0.163205,0.529746,0.858698,0.0452178,0.0269634,0.0435787,0.22216,0.0448775,0,1.09481,0.0913398,2.37837,0.167175,0,0.0651537,0.609917,5.02196,0.700758,0.495303,0.520016,2.0912,0.203987,0.218795,0,0.789416,0.455427,0,-0.00116684,0.237079,0.971525,0.350322,0.0441559,0.0452275,0.00526707,0.00476524,0.454599,0.0431138,8.53426,-0.540856,9.95801,0.630902,0.493691,-9.00101,-0.333333,0.0438041,-0.0862716,0.599412,6.16667,7.08333,0,0,1.54167,5.25,5.875,-5.88663,0.0001,0.000112053,0.0435191,1.98733,0.1435,46134,0.186832,257.31,1.20457
8030,2.05344,0.19799,0.850508,0.421894,0.00400462,0.00103484,0.00400462,0.195165,0.162148,0.526435,0.857542,0.044475,0.0273379,0.0429896,0.218798,0.046063,0,1.08243,0.0882282,2.3984,0.166047,0,0.0638675,0.612741,5.04563,0.703123,0.497467,0.516884,2.0794,0.200419,0.215355,0,0.818843,0.433498,0,-0.00124487,0.241029,0.971482,0.354403,0.0436879,0.0444431,0.00573109,0.00512684,0.456423,0.0426686,8.67867,-0.739983,9.77616,0.634076,0.482771,-8.9823,-0.333333,0.0438429,-0.0848618,0.594482,5,5.08333,0,0,1.25,4.04167,5.33333,-5.88428,0.0001,-0.00138211,0.0477756,1.97534,0.150254,46247,0.186839,261.09,1.31505
8031,1.98926,0.19962,0.838209,0.434345,0.00405354,0.00113111,0.00405354,0.197857,0.160818,0.530429,0.843985,0.0449753,0.028061,0.0434837,0.224833,0.0438484,0,1.09864,0.0870917,2.40208,0.16509,0,0.0636245,0.609808,5.02544,0.700066,0.49128,0.52254,2.10721,0.20222,0.221449,0,0.805987,0.437767,0,-0.0012362,0.237148,0.97143,0.346025,0.0443439,0.0450735,0.00571609,0.00514106,0.455701,0.0432596,8.52486,-1.03799,9.6242,0.642154,0.484137,-8.61315,-0.333333,0.0475087,-0.0851439,0.590566,5.625,4.33333,0,0,0.916667,3.91667,4.95833,-5.88302,0.0001,-0.0016929,0.0476958,1.97359,0.148842,46316,0.186877,253.86,1.36464
8032,2.14298,0.199399,0.836124,0.425633,0.00407479,0.00103937,0.00407479,0.194568,0.160033,0.524416,0.844659,0.0454315,0.0271621,0.043823,0.223303,0.0452315,0,1.09092,0.0887402,2.38556,0.171691,0,0.0660721,0.604159,5.00071,0.698353,0.488759,0.52323,2.11669,0.202345,0.220147,0,0.785735,0.449104,0,-0.00121507,0.240798,0.970576,0.343704,0.0444889,0.0454604,0.00498829,0.00440144,0.452469,0.0433594,8.60955,-0.768523,9.75895,0.642099,0.496248,-8.75451,-0.333333,0.0441311,-0.0838691,0.581317,5.25,5.83333,0,0,1.375,4.5,5.125,-5.87832,0.0001,-0.00197691,0.0525724,1.96295,0.15491,46416,0.186935,256.79,1.21757
8033,2.06074,0.19942,0.794009,0.429733,0.00410473,0.00108195,0.00410473,0.197961,0.15456,0.533252,0.799973,0.0459681,0.0270087,0.0442828,0.22574,0.0445846,0,1.09197,0.0821179,2.40376,0.166219,0,0.0660928,0.601539,4.98202,0.695668,0.484856,0.530831,2.13537,0.202181,0.222481,0,0.791335,0.351938,0,-0.00107823,0.239981,0.970968,0.336363,0.0450555,0.0461151,0.00567242,0.00509309,0.452404,0.0439774,8.43635,-0.632911,9.94834,0.634729,0.504828,-8.6979,-0.333333,0.0450137,-0.0841115,0.558657,5.75,6.04167,0,0,1.66667,4.41667,4.70833,-5.87493,0.0001,-0.00209693,0.0470411,1.97852,0.151371,46154,0.186891,247.87,0.931847
8034,2.00024,0.199149,0.821165,0.437227,0.00403799,0.00111935,0.00403799,0.198548,0.156192,0.528472,0.827394,0.0449919,0.0275999,0.0435054,0.223784,0.0425671,0,1.09936,0.0855699,2.40179,0.16346,0,0.0629959,0.609677,5.02327,0.700437,0.493257,0.520722,2.10122,0.201418,0.220534,0,0.771349,0.40199,0,-0.00114838,0.231126,0.97128,0.349478,0.0443459,0.0451212,0.00531418,0.00477284,0.455332,0.0431899,8.60748,-0.984998,9.59944,0.64375,0.481573,-8.72989,-0.333333,0.0472341,-0.0860561,0.576088,5.75,5.16667,0,0,1.25,4.375,6.04167,-5.87812,0.0001,-0.00232109,0.0460192,1.99198,0.147874,45939,0.186877,257.8,1.3019
8035,1.86376,0.20157,0.846536,0.438105,0.00399132,0.00110712,0.00399132,0.201886,0.16045,0.523111,0.852339,0.0439578,0.0288742,0.0426609,0.222399,0.0420384,0,1.10493,0.0877283,2.43205,0.161591,0,0.0601513,0.61653,5.06531,0.70657,0.49915,0.512296,2.05749,0.20376,0.219006,0,0.829947,0.411328,0,-0.00131415,0.230944,0.97152,0.358494,0.043547,0.0439688,0.00559137,0.00505872,0.457307,0.0424197,8.66698,-1.32194,9.36416,0.648922,0.467186,-8.72072,-0.333333,0.0471143,-0.0882086,0.589141,5.375,4.16667,0,0,1.125,4.125,6.5,-5.87894,0.0001,-0.00140417,0.0494656,2.01454,0.148477,45447,0.186914,261.7,1.43637
8036,1.74255,0.201553,0.864375,0.439947,0.00401878,0.00113047,0.00401878,0.197912,0.16377,0.531374,0.870411,0.0440139,0.0293865,0.0427438,0.222624,0.0443699,0,1.09875,0.089936,2.4224,0.162883,0,0.0611316,0.614654,5.0497,0.704118,0.495665,0.517267,2.07755,0.204378,0.21937,0,0.807971,0.442166,0,-0.00134624,0.237788,0.971788,0.353974,0.0436879,0.0441044,0.00552614,0.0049943,0.456826,0.0425425,8.48394,-1.46299,9.27432,0.652727,0.467331,-8.52653,-0.333333,0.0479139,-0.0861262,0.613613,5.66667,3.83333,0,0,0.958333,3.58333,6.5,-5.87581,0.0001,-4.20883e-05,0.0471413,2.00277,0.161077,45430,0.186954,258.16,1.5216
8037,1.80454,0.205501,0.864263,0.445115,0.004004,0.00114276,0.004004,0.201194,0.164129,0.527782,0.869565,0.0439646,0.0283958,0.0426895,0.222958,0.0421047,0,1.10324,0.0906951,2.40517,0.156094,0,0.0597533,0.614854,5.06493,0.704824,0.497517,0.515722,2.07377,0.207772,0.219446,0,0.817414,0.429935,0,-0.00125315,0.23508,0.972369,0.357088,0.0436515,0.0440515,0.00580293,0.00527656,0.457264,0.0425236,8.53169,-1.24831,9.33451,0.648484,0.463624,-8.72282,-0.333333,0.0487693,-0.087689,0.606166,5,4.29167,0,0,0.875,3.75,7,-5.87451,0.0001,-0.00247525,0.0438348,1.96491,0.151942,46438,0.186936,257.75,1.48886
8038,1.93602,0.20381,0.83578,0.436867,0.00404693,0.00116272,0.00404693,0.201474,0.160513,0.522291,0.841803,0.0445489,0.0303471,0.0431208,0.225505,0.0438803,0,1.10581,0.0880764,2.41028,0.164329,0,0.0632943,0.610864,5.03174,0.701405,0.49211,0.519177,2.09339,0.206907,0.222419,0,0.796197,0.40289,0,-0.00129565,0.238044,0.970873,0.345228,0.0441481,0.0447316,0.00559178,0.00503422,0.453924,0.0429686,8.44783,-1.54966,9.39511,0.652558,0.484466,-8.38397,-0.333333,0.0486768,-0.0866019,0.580296,6.625,4.66667,0,0,1.125,4.625,5.45833,-5.87576,0.0001,-0.00139549,0.0462475,1.96922,0.147341,46445,0.186944,256.59,1.08596
8039,1.95307,0.205261,0.863467,0.441922,0.00400736,0.00111077,0.00400736,0.201019,0.165156,0.521541,0.869623,0.0442634,0.0297184,0.0428745,0.22295,0.0431323,0,1.10078,0.0904727,2.44768,0.163767,0,0.062481,0.615668,5.05881,0.704997,0.497076,0.514655,2.07703,0.208211,0.21974,0,0.822593,0.42718,0,-0.00128057,0.234333,0.971701,0.353641,0.0437914,0.0443733,0.00506533,0.00453211,0.454708,0.0426515,8.44545,-1.3055,9.46471,0.646508,0.477495,-8.61634,-0.333333,0.0469446,-0.0867527,0.595702,5.33333,4.20833,0,0,0.916667,4.20833,5.58333,-5.87519,0.0001,-0.00144053,0.0457963,1.96085,0.154521,46471,0.186961,258.06,1.24095
8040,1.72462,0.202107,0.860719,0.442904,0.00398399,0.00110042,0.00398399,0.195657,0.162947,0.527755,0.867403,0.0435525,0.0304016,0.0423503,0.219882,0.0429806,0.00397727,1.09453,0.088712,2.412,0.162127,0,0.0609035,0.618312,5.07461,0.707006,0.500055,0.511843,2.06198,0.205215,0.216644,0,0.829671,0.419242,0,-0.00137356,0.237734,0.972275,0.358666,0.0434078,0.0436714,0.00561878,0.00510842,0.457498,0.0422514,8.42779,-1.5726,9.20163,0.653397,0.459979,-8.55874,-0.333333,0.0471852,-0.085619,0.607457,5.91667,3.79167,0,0,1,3.79167,6.875,-5.87214,0.0001,-0.00225335,0.0461107,1.85201,0.142972,49275,0.187013,263.2,1.49869
8041,1.8488,0.202483,0.888869,0.440966,0.00394378,0.00107218,0.00394378,0.199853,0.166062,0.521393,0.896856,0.0432734,0.0310425,0.0421013,0.218081,0.0421506,0.00497076,1.09421,0.0924592,2.41226,0.160419,0,0.0595571,0.620768,5.0949,0.708782,0.505059,0.507089,2.04592,0.205937,0.214661,0,0.836889,0.494422,0,-0.00140544,0.231709,0.972123,0.365079,0.043107,0.0432413,0.00525299,0.00473851,0.454988,0.0418645,8.51502,-1.5494,9.15356,0.656565,0.455559,-8.74878,-0.333333,0.0463198,-0.0881674,0.61542,5.79167,4.45833,0,0,1,3,7.54167,-5.86647,0.0001,-0.00223785,0.0447698,1.98084,0.148075,46175,0.187086,263.39,1.55734
8042,1.72034,0.197568,0.856513,0.433301,0.0040219,0.00106563,0.0040219,0.195474,0.162123,0.527592,0.861825,0.0437434,0.0291213,0.0425604,0.219524,0.0422876,0.00181159,1.08618,0.0882899,2.37707,0.160956,0,0.0596595,0.617592,5.04523,0.703832,0.495331,0.516242,2.0776,0.200153,0.216186,0,0.816637,0.416446,0,-0.00131322,0.234959,0.972188,0.356455,0.0435294,0.0438295,0.00548841,0.00497577,0.454933,0.0423463,8.46822,-1.50299,9.1422,0.655823,0.457825,-8.51964,-0.333333,0.0456112,-0.0854917,0.600314,5.20833,3.375,0,0,0.875,3.625,7.04167,-5.86334,0.0001,-0.00200186,0.0426747,1.96812,0.151733,46373,0.187106,259.72,1.48791
8043,1.73998,0.201344,0.860192,0.434684,0.0040076,0.00108109,0.0040076,0.196261,0.162914,0.524734,0.866873,0.0433356,0.0312639,0.0421913,0.220056,0.0460134,0.00181159,1.09082,0.0901495,2.42003,0.166337,0,0.0606393,0.616274,5.06932,0.706609,0.497139,0.513116,2.06685,0.204428,0.21676,0,0.812075,0.437354,0,-0.00137143,0.242432,0.971947,0.355092,0.0434129,0.0434671,0.00508551,0.00456317,0.455279,0.0421559,8.38911,-1.80416,9.02662,0.662124,0.459504,-8.40193,-0.333333,0.0461287,-0.0855201,0.597651,5,3.45833,0,0,0.666667,3,5.95833,-5.86449,0.0001,-0.00310672,0.0457769,1.98246,0.150103,46096,0.187068,258.52,1.39507
8044,1.68509,0.203891,0.826124,0.441297,0.00404262,0.00118087,0.00404262,0.199801,0.157701,0.525618,0.832942,0.043604,0.0319412,0.0424903,0.223451,0.0432405,0.00231481,1.0998,0.0855532,2.45116,0.163467,0,0.0598657,0.613738,5.04789,0.702744,0.492651,0.519628,2.08507,0.206552,0.220302,0,0.835206,0.384638,0,-0.00136307,0.236604,0.971353,0.349281,0.0438078,0.0438517,0.00566898,0.00516789,0.454901,0.0425648,8.34941,-2.11635,8.92069,0.667998,0.46407,-8.1449,-0.333333,0.0498935,-0.0868338,0.572435,6.20833,2.625,0,0,0.5,3.29167,5.66667,-5.8658,0.0001,-0.00164645,0.0452619,1.98374,0.15322,46001,0.187091,248.27,1.08196
8045,1.65326,0.203211,0.84509,0.440175,0.00403294,0.00115754,0.00403294,0.198179,0.161552,0.528307,0.854869,0.0437056,0.0316602,0.0425728,0.224834,0.0422663,0.00426257,1.10403,0.0892036,2.4125,0.1628,0,0.0600175,0.614625,5.06387,0.704787,0.493871,0.51887,2.09602,0.206494,0.221683,0,0.801179,0.459294,0,-0.00136223,0.236342,0.971577,0.349429,0.0439108,0.0439325,0.00544125,0.00488234,0.456659,0.0426116,8.48735,-1.972,9.01401,0.663124,0.463916,-8.2218,-0.333333,0.0482582,-0.0857521,0.588587,6.125,2.91667,0,0,0.916667,3.33333,6.5,-5.86154,0.0001,-0.00257658,0.0473802,1.98431,0.1435,46199,0.187158,254.49,1.34433
8046,1.64897,0.199613,0.844914,0.437633,0.00396778,0.00114884,0.00396778,0.194084,0.159895,0.524445,0.851504,0.0428647,0.0320933,0.0418242,0.218761,0.0444695,0.00575397,1.09224,0.0866948,2.42254,0.165087,0,0.0592791,0.619847,5.09562,0.70886,0.502093,0.510908,2.05143,0.202367,0.215416,0,0.825793,0.422592,0,-0.00138153,0.238621,0.972076,0.361615,0.043107,0.0430389,0.00530806,0.00479595,0.454806,0.0418483,8.45177,-1.97074,8.87521,0.66731,0.450479,-8.46788,-0.333333,0.0487248,-0.0853755,0.589862,5.66667,2.75,0,0,0.875,3.33333,7.04167,-5.85813,0.0001,-0.00215775,0.0510261,2.00935,0.145203,45626,0.187183,256.47,1.105
8047,1.64329,0.206195,0.873257,0.445595,0.00398034,0.00117554,0.00398034,0.200542,0.164408,0.523159,0.881399,0.0430498,0.0308601,0.0420017,0.221645,0.0411042,0.00166667,1.10429,0.0915467,2.41091,0.15773,0,0.0583816,0.61908,5.08059,0.706775,0.500478,0.51185,2.06427,0.208884,0.218057,0,0.824571,0.477063,0,-0.00134734,0.233387,0.972021,0.362314,0.0431412,0.0431499,0.00544631,0.00494331,0.45918,0.0419429,8.70133,-1.76416,8.94609,0.660844,0.447012,-8.55552,-0.333333,0.0502462,-0.0881114,0.602883,5.41667,3.20833,0,0,0.5,4.08333,7.79167,-5.8563,0.0001,-0.00191791,0.047341,1.99131,0.147684,45958,0.187211,264.33,1.5602
8048,1.80843,0.199751,0.838935,0.43728,0.00402236,0.00116995,0.00402236,0.197721,0.159164,0.526227,0.844922,0.0439816,0.0314156,0.0427254,0.221913,0.0429685,0.00320513,1.09543,0.0867336,2.41068,0.1607,0,0.0609295,0.610978,5.04997,0.704166,0.495209,0.516565,2.07891,0.202424,0.218668,0,0.81754,0.40968,0,-0.00132038,0.239957,0.972085,0.351854,0.0438359,0.0441115,0.00556992,0.00508157,0.45307,0.0426064,8.30891,-1.58603,9.21081,0.656884,0.471233,-8.46432,-0.333333,0.0496959,-0.0858597,0.588383,5.625,3.75,0,0,0.583333,3.70833,6.16667,-5.85399,0.0001,-0.00207541,0.0481915,1.96664,0.153089,46375,0.187208,260.93,1.47338
8049,1.75794,0.202712,0.857832,0.443243,0.00406679,0.00118061,0.00406679,0.197148,0.164532,0.531913,0.86214,0.0441512,0.0312595,0.0429416,0.225265,0.0411561,0.00580929,1.09799,0.0899854,2.38288,0.1604,0,0.060227,0.611105,5.03058,0.700656,0.48968,0.524015,2.10686,0.204972,0.221994,0,0.798888,0.448811,0,-0.00124956,0.237719,0.971648,0.345183,0.0442437,0.0444355,0.00564728,0.00510448,0.455684,0.0430122,8.47625,-1.78681,9.07218,0.662781,0.467469,-8.26794,-0.333333,0.0493679,-0.0849878,0.605042,6.33333,3.75,0,0,0.833333,3.04167,6.5,-5.85439,0.0001,-0.00154315,0.0457728,1.96493,0.149038,46502,0.187164,256.3,1.47256
8050,1.73407,0.198744,0.831586,0.428742,0.00403257,0.0011369,0.00403257,0.191184,0.159567,0.525377,0.838045,0.0437708,0.031604,0.0425665,0.222663,0.0461515,0,1.0947,0.0877712,2.40776,0.168344,0,0.0625997,0.611782,5.05437,0.703222,0.493933,0.518097,2.0911,0.20177,0.219571,0,0.795188,0.420825,0,-0.00133388,0.250697,0.971575,0.345875,0.0439607,0.0440883,0.0060644,0.00554892,0.457147,0.0427652,8.35537,-1.81656,9.12549,0.660124,0.469385,-8.27253,-0.333333,0.0480808,-0.0825252,0.583373,6.91667,2.91667,0,0,0.708333,3.5,6.45833,-5.85601,0.0001,-0.00302139,0.0470857,1.97562,0.15122,46220,0.187182,254.38,1.4581
8051,1.53672,0.198658,0.849605,0.437851,0.00400786,0.00106304,0.00400786,0.195321,0.159601,0.529308,0.855639,0.0430953,0.0314841,0.0420834,0.219653,0.0422408,0.00603767,1.08889,0.0875193,2.42078,0.158956,0,0.0580917,0.619869,5.08468,0.706093,0.4971,0.516422,2.07851,0.201287,0.216287,0,0.800181,0.427207,0,-0.00139544,0.233878,0.971811,0.357047,0.0433574,0.0432538,0.00504316,0.00452728,0.45642,0.0420843,8.58718,-2.07152,8.86942,0.664989,0.450125,-8.29794,-0.333333,0.0460181,-0.085757,0.595353,5.58333,2.45833,0,0,0.541667,3.375,7.5,-5.85378,0.0001,-0.00131559,0.0488422,2.00107,0.144016,45827,0.187224,258.75,1.32513
8052,1.70877,0.199323,0.842879,0.432441,0.00399448,0.00106493,0.00399448,0.195067,0.158143,0.521945,0.849928,0.0431517,0.0320055,0.0420691,0.219061,0.0447776,0,1.09019,0.0875809,2.40845,0.169375,0,0.0602563,0.616076,5.07923,0.706612,0.498701,0.512382,2.07084,0.20248,0.215886,0,0.787311,0.430138,0,-0.00135011,0.238408,0.971837,0.356392,0.0434045,0.0433145,0.00475348,0.00423881,0.454932,0.0421375,8.54366,-1.90483,8.91633,0.664985,0.453574,-8.40334,-0.333333,0.0463427,-0.0857908,0.588652,5.625,2.95833,0,0,0.666667,2.95833,6.83333,-5.85083,0.0001,-0.0027543,0.0504657,2.01321,0.14789,45487,0.187279,260.07,1.28995
8053,1.67073,0.199487,0.852577,0.434599,0.00404642,0.00113881,0.00404642,0.198193,0.16292,0.525274,0.858503,0.0436086,0.032572,0.0424777,0.222712,0.0426148,0,1.09415,0.089004,2.43646,0.167295,0,0.060089,0.613957,5.05469,0.703474,0.492175,0.519502,2.09379,0.202253,0.219583,0,0.81172,0.440662,0,-0.00135384,0.238332,0.971795,0.348011,0.0438385,0.043849,0.00492302,0.00438266,0.45387,0.0425246,8.34163,-2.09019,8.89811,0.669111,0.462074,-8.14779,-0.333333,0.0482325,-0.0858312,0.584501,6.5,2.70833,0,0,0.583333,3.25,6.41667,-5.84783,0.0001,-0.00272117,0.0441316,1.83927,0.151024,49391,0.187278,257.14,1.11975
8054,1.58284,0.209658,0.878149,0.446056,0.00398513,0.001206,0.00398513,0.202174,0.16775,0.524725,0.886233,0.0429612,0.0335706,0.0419256,0.222199,0.0411943,0,1.10402,0.0942896,2.41694,0.157648,0,0.0583282,0.623328,5.09125,0.707529,0.499869,0.513454,2.06274,0.21305,0.218971,0,0.840829,0.458624,0,-0.00147307,0.237409,0.972312,0.355894,0.0433358,0.0431194,0.00557735,0.0050865,0.455749,0.0420685,8.38361,-2.20685,8.83462,0.666952,0.449021,-8.26459,-0.333333,0.0510955,-0.0877835,0.606246,6.41667,2.41667,0,0,0.375,3.5,6.875,-5.85005,0.0001,-0.00184721,0.0517456,1.97436,0.154349,46180,0.187277,262.55,1.52349
8055,1.57265,0.206851,0.867076,0.444372,0.004026,0.00116164,0.004026,0.200863,0.166733,0.522911,0.872468,0.0433001,0.0333234,0.0422443,0.22427,0.0420678,0.00198413,1.10413,0.0911075,2.41576,0.157916,0,0.0585941,0.614765,5.06716,0.704993,0.494736,0.516187,2.08225,0.209986,0.221155,0,0.836308,0.434411,0,-0.00137614,0.236118,0.971562,0.34964,0.0437919,0.0436096,0.00555573,0.00503464,0.454279,0.0424686,8.47346,-2.31558,8.75351,0.672613,0.455256,-8.09198,-0.333333,0.0490862,-0.0866006,0.601786,6.20833,2.29167,0,0,0.583333,3.58333,6.54167,-5.84738,0.0001,-0.00182525,0.0555667,1.99637,0.148803,45825,0.187327,247.68,1.21774
8056,1.63981,0.203453,0.833079,0.437089,0.00414061,0.00116306,0.00414061,0.197107,0.163156,0.527801,0.83898,0.0445667,0.0339306,0.0433835,0.227297,0.0438163,0.00173611,1.09298,0.0891025,2.38967,0.166628,0,0.0609924,0.602105,4.99507,0.696558,0.480402,0.53065,2.13722,0.20644,0.224309,0,0.791178,0.431697,0,-0.0012394,0.243006,0.970734,0.327265,0.0451919,0.0450399,0.00569936,0.00516076,0.451833,0.0438037,8.41648,-2.2157,8.91177,0.674173,0.475084,-7.78664,-0.333333,0.0481262,-0.0834275,0.575412,7.83333,2.75,0,0,0.75,3.70833,6.25,-5.84184,0.0001,-0.00134511,0.0478668,1.99072,0.147202,45981,0.187378,249.22,1.14771
8057,1.6033,0.204379,0.836061,0.438598,0.00412385,0.00120425,0.00412385,0.200002,0.164185,0.531048,0.841445,0.0442263,0.0338564,0.0430875,0.229713,0.0434867,0.00438596,1.10497,0.0882512,2.40542,0.163355,0,0.0601055,0.605075,5.01001,0.697484,0.482468,0.528501,2.13094,0.2072,0.226815,0,0.800588,0.411839,0,-0.00131141,0.240953,0.970705,0.328999,0.0449472,0.0447005,0.00576892,0.00522158,0.451921,0.0435832,8.42771,-2.50482,8.7265,0.680135,0.472205,-7.69,-0.333333,0.0489747,-0.0843522,0.579684,7.625,2.04167,0,0,0.541667,3.45833,5.83333,-5.83646,0.0001,-0.00111082,0.0469101,2.00778,0.143877,45687,0.187437,250.92,1.31306
8058,1.52892,0.2047,0.870944,0.440858,0.0041452,0.00120769,0.0041452,0.197874,0.170496,0.53143,0.877253,0.0444301,0.0341318,0.0433277,0.227894,0.0439447,0,1.09231,0.0938917,2.35657,0.165132,0,0.0603121,0.605844,5.00135,0.696417,0.479808,0.533564,2.13981,0.20747,0.22501,0,0.80127,0.451374,0,-0.00131382,0.241273,0.970513,0.328013,0.0451141,0.0448426,0.00535829,0.0047832,0.450978,0.0436915,8.48045,-2.50396,8.70402,0.680863,0.469514,-7.67199,-0.333333,0.0491748,-0.0835488,0.60224,7.95833,2.29167,0,0,0.333333,3.625,6.58333,-5.83295,0.0001,3.21581e-05,0.0452999,2.01843,0.148896,45357,0.187479,254.12,1.38718
8059,1.55795,0.200895,0.8689,0.438435,0.00402723,0.00115003,0.00402723,0.195965,0.164675,0.528938,0.876579,0.0434111,0.0343439,0.0423703,0.222048,0.0437675,0,1.09577,0.0914632,2.38564,0.161138,0,0.0587835,0.612423,5.05063,0.702782,0.494588,0.518556,2.08815,0.203785,0.218779,0,0.803037,0.443222,0,-0.00131532,0.23785,0.971229,0.347591,0.0440185,0.0436825,0.00549449,0.00500865,0.452584,0.0426617,8.61766,-2.18901,8.75281,0.673895,0.450891,-8.19867,-0.333333,0.0490757,-0.0855961,0.609685,5.58333,2.5,0,0,0.541667,3.16667,6.54167,-5.83027,0.0001,-0.00180949,0.0477259,2.01781,0.153549,45273,0.187508,256.2,1.32478
8060,1.59843,0.200122,0.831153,0.430814,0.00408242,0.00112195,0.00408242,0.195891,0.160499,0.524037,0.836994,0.0439037,0.0332467,0.0427682,0.223578,0.0452477,0,1.08955,0.0871799,2.39429,0.171806,0,0.0612183,0.608358,5.03152,0.700779,0.487665,0.522734,2.11035,0.203103,0.220644,0,0.779866,0.389947,0,-0.00131431,0.239086,0.970641,0.34002,0.0443459,0.0442482,0.00484168,0.00433253,0.449881,0.0429779,8.51884,-2.31896,8.8157,0.674957,0.465181,-7.96216,-0.333333,0.046897,-0.0839133,0.571462,6.33333,2.5,0,0,0.583333,4,6.16667,-5.82787,0.0001,-0.00274499,0.0505986,2.00146,0.157131,45540,0.187544,251.85,1.16586
8061,1.54943,0.208656,0.8814,0.443147,0.00403712,0.00111351,0.00403712,0.201036,0.169678,0.528145,0.888855,0.0435246,0.0341849,0.0424467,0.223165,0.0448027,0.00509259,1.09611,0.0944743,2.43947,0.164214,0,0.0594506,0.616559,5.05827,0.703364,0.493346,0.51923,2.08826,0.212567,0.220206,0,0.837605,0.482384,0,-0.00136987,0.236411,0.970444,0.343642,0.0441994,0.0439102,0.00524638,0.00473745,0.451746,0.0427695,8.60705,-2.55514,8.69262,0.678666,0.46107,-7.9148,-0.333333,0.0469377,-0.0863604,0.619104,6.33333,1.83333,0,0,0.25,3.625,5.70833,-5.82574,0.0001,-0.000626563,0.0474656,1.99944,0.151435,45704,0.187601,251.72,1.49789
8062,1.55197,0.20164,0.844929,0.431524,0.0040681,0.00112965,0.0040681,0.196487,0.163379,0.530361,0.851334,0.0436045,0.035309,0.0425331,0.224323,0.0449007,0.00231481,1.09684,0.0894646,2.4271,0.167109,0,0.0603918,0.61211,5.04427,0.70123,0.48947,0.523505,2.10227,0.205321,0.221414,0,0.804454,0.42099,0,-0.00134885,0.241958,0.970409,0.338838,0.0443464,0.0440267,0.00547877,0.00497679,0.455217,0.0429106,8.45515,-2.60192,8.67179,0.680191,0.464941,-7.81854,-0.333333,0.0472878,-0.0845875,0.587078,8.08333,2.375,0,0,0.125,3.375,6.25,-5.82359,0.0001,-0.00316923,0.0490413,1.98353,0.152223,46027,0.18764,261.81,1.50097
8063,1.62851,0.204239,0.857751,0.439494,0.00413004,0.00117149,0.00413004,0.197989,0.166509,0.529647,0.864918,0.0443834,0.0341239,0.0432345,0.225961,0.042679,0.00231481,1.08841,0.0916588,2.38946,0.16418,0,0.0609669,0.60297,4.99684,0.6959,0.481696,0.530461,2.13345,0.207038,0.223022,0,0.801114,0.448437,0,-0.00129679,0.240328,0.970286,0.33024,0.0449623,0.0447556,0.00563961,0.00508051,0.450232,0.0435751,8.58444,-2.388,8.72301,0.679865,0.472739,-7.79435,-0.333333,0.0484714,-0.0840908,0.596932,7.41667,2.45833,0,0,0.333333,3.70833,6,-5.82171,0.0001,-0.00133745,0.0469842,2.0124,0.142151,45626,0.187654,247.49,1.39279
8064,1.62819,0.203279,0.844283,0.438598,0.00409121,0.00114165,0.00409121,0.197949,0.16357,0.528036,0.851589,0.0439797,0.03418,0.0428822,0.224567,0.0443603,0.00277778,1.09223,0.0887993,2.42226,0.162492,0,0.0602128,0.606767,5.02415,0.698567,0.486749,0.524829,2.11901,0.206882,0.221612,0,0.807107,0.423064,0,-0.00133985,0.238663,0.970023,0.337077,0.0446013,0.0443756,0.00567149,0.00512119,0.454171,0.0432056,8.69836,-2.36276,8.79912,0.676405,0.4694,-7.87046,-0.333333,0.0475807,-0.0847799,0.583743,7.29167,2.70833,0,0,0.458333,2.875,6,-5.82298,0.0001,-0.00154512,0.0451906,2.02091,0.145167,45383,0.187646,252.59,1.22026
8065,1.5282,0.2017,0.831808,0.436111,0.00405902,0.00112443,0.00405902,0.194697,0.159779,0.524059,0.837918,0.0434117,0.0351909,0.0423895,0.222303,0.0440948,0,1.08626,0.0858775,2.42023,0.162318,0,0.0591077,0.611445,5.05058,0.702727,0.490677,0.520834,2.1,0.204933,0.219232,0,0.808593,0.421265,0,-0.00137205,0.242248,0.970659,0.340636,0.0442498,0.0438112,0.00594214,0.00538762,0.453994,0.0428801,8.52781,-2.57081,8.67179,0.677859,0.459714,-7.85708,-0.333333,0.047144,-0.0836319,0.577125,7.04167,2,0,0,0.291667,3.625,6.16667,-5.82384,0.0001,-0.00168755,0.0486521,2.00812,0.149615,45558,0.187663,261.9,1.43992
8066,1.54782,0.20333,0.840424,0.435808,0.00409599,0.00116151,0.00409599,0.195685,0.162786,0.527301,0.847786,0.0438106,0.034868,0.0427599,0.226113,0.0422346,0,1.09745,0.0884861,2.4286,0.162713,0,0.05973,0.610339,5.03091,0.699891,0.486035,0.523978,2.1123,0.206105,0.223099,0,0.814988,0.415074,0,-0.00136329,0.237109,0.970378,0.336178,0.0445429,0.0441999,0.00522121,0.00465933,0.453859,0.0431381,8.63106,-2.49084,8.67702,0.679122,0.46709,-7.80464,-0.333333,0.0483531,-0.0838897,0.581265,7.08333,2,0,0,0.416667,3.20833,6.33333,-5.82287,0.0001,-0.00226814,0.0465564,1.80271,0.147238,50413,0.1877,252.01,1.24537
8067,1.62145,0.195512,0.812307,0.430974,0.004126,0.00106573,0.004126,0.195016,0.157792,0.530006,0.818324,0.0443771,0.0336088,0.043277,0.22513,0.0427519,0.00598291,1.08588,0.0841979,2.39247,0.164491,0,0.0595078,0.604651,5.00272,0.696289,0.48224,0.52947,2.13785,0.198557,0.222234,0,0.775509,0.412548,0,-0.00123604,0.234989,0.970187,0.333682,0.0449498,0.0447812,0.00519258,0.00463141,0.453889,0.0435639,8.7429,-2.23478,8.80419,0.67387,0.464606,-7.84549,-0.333333,0.0445796,-0.0832445,0.564369,7.29167,2.33333,0,0,0.708333,2.875,6,-5.82147,0.0001,-0.001673,0.0483622,1.98323,0.150039,46081,0.187725,253.26,1.10475
8068,1.5812,0.195113,0.822098,0.428421,0.00403023,0.00108758,0.00403023,0.189977,0.156931,0.520088,0.829429,0.0432187,0.034467,0.0422232,0.221056,0.0468926,0.00189394,1.08712,0.0841818,2.42524,0.167688,0,0.0599292,0.614641,5.05748,0.703591,0.494273,0.516413,2.08732,0.198337,0.217733,0,0.810101,0.416981,0,-0.00133117,0.245023,0.970851,0.345051,0.0440018,0.0435914,0.00562647,0.00507215,0.454427,0.0426573,8.74195,-2.30738,8.70827,0.675169,0.453238,-8.11417,-0.333333,0.0459497,-0.0824594,0.564594,7.29167,2.66667,0,0,0.625,3.54167,7.29167,-5.81979,0.0001,-0.0021894,0.0469943,1.99549,0.14201,45990,0.187749,255.25,1.18794
8069,1.48802,0.195816,0.84423,0.430701,0.00402301,0.00107753,0.00402301,0.189637,0.160336,0.521803,0.850335,0.0429944,0.0346663,0.0420872,0.219469,0.043076,0,1.08219,0.0872127,2.42385,0.164497,0,0.0584844,0.617236,5.07847,0.705411,0.495212,0.516372,2.08254,0.198727,0.21608,0,0.791719,0.459263,0,-0.00142818,0.242268,0.971429,0.34812,0.043843,0.0432667,0.00539477,0.00488331,0.450753,0.0425105,8.61826,-2.44936,8.50622,0.680861,0.443261,-8.11553,-0.333333,0.0455008,-0.0828796,0.581542,6.20833,2.04167,0,0,0.583333,3.04167,7.04167,-5.82002,0.0001,-0.00178763,0.0502911,2.05545,0.149532,44582,0.187735,260.15,1.34512
8070,1.50754,0.201453,0.862391,0.440142,0.0039807,0.00112194,0.0039807,0.192186,0.163186,0.522641,0.868153,0.0426413,0.0344185,0.041695,0.22003,0.0442058,0.00474834,1.09362,0.0895049,2.43,0.16166,0,0.0591056,0.619356,5.09905,0.708034,0.50045,0.511505,2.06239,0.204753,0.216819,0,0.812739,0.454526,0,-0.00138672,0.2435,0.971598,0.352513,0.0434851,0.0429719,0.00578883,0.00528053,0.454618,0.042204,8.5402,-2.43154,8.66468,0.673748,0.449679,-8.16379,-0.333333,0.0476309,-0.0839202,0.596977,6.375,2.33333,0,0,0.458333,3.41667,7.45833,-5.82057,0.0001,-0.00137781,0.0478322,2.0099,0.150905,45494,0.18772,261.3,1.42019
8071,1.51418,0.198031,0.839361,0.434025,0.00409467,0.00108985,0.00409467,0.195998,0.161807,0.53138,0.845614,0.0436831,0.0342201,0.0426956,0.224946,0.0424166,0,1.09117,0.0871642,2.41174,0.162651,0,0.058432,0.612817,5.04514,0.701453,0.486119,0.525381,2.11882,0.200603,0.221726,0,0.826154,0.420113,0,-0.00134919,0.23533,0.97032,0.33683,0.0445027,0.0440362,0.00540486,0.00484535,0.454508,0.0431332,8.74348,-2.51885,8.62058,0.678763,0.460237,-7.8092,-0.333333,0.0456429,-0.0842658,0.583773,7.58333,2.16667,0,0,0.416667,3.125,7.33333,-5.81983,0.0001,-0.00165604,0.0468672,2.01734,0.151617,45323,0.187744,255.27,1.25496
8072,1.59836,0.204116,0.855787,0.442281,0.00403726,0.00111223,0.00403726,0.200721,0.16437,0.52192,0.86216,0.0436031,0.032888,0.0425103,0.222639,0.0422442,0,1.09293,0.0889412,2.41172,0.160029,0,0.0584485,0.61633,5.05503,0.702949,0.493382,0.517576,2.08771,0.207511,0.219315,0,0.825347,0.424214,0,-0.00139499,0.234103,0.971208,0.346648,0.0440274,0.0438162,0.00544505,0.00492423,0.455224,0.0427055,8.803,-2.12757,8.8274,0.669523,0.45858,-8.17879,-0.333333,0.046891,-0.08662,0.594023,5.54167,1.875,0,0,0.208333,3.29167,5.66667,-5.82035,0.0001,-0.00207135,0.0432832,1.96844,0.154651,46302,0.187749,258.97,1.17022
8073,1.57977,0.198204,0.84725,0.434923,0.00401188,0.00106149,0.00401188,0.197657,0.160578,0.522482,0.854727,0.0431451,0.0334239,0.042153,0.220781,0.0410015,0,1.08957,0.0875749,2.39346,0.157064,0,0.0577699,0.621662,5.0778,0.705391,0.496509,0.516741,2.07818,0.201186,0.217211,0,0.819926,0.442996,0,-0.00140224,0.231641,0.971211,0.352539,0.0436318,0.0432623,0.00527066,0.00473983,0.458758,0.042325,8.93427,-2.0886,8.7542,0.670335,0.448507,-8.31228,-0.333333,0.0453607,-0.0860616,0.582965,5.91667,2.875,0,0,0.583333,2.875,6.91667,-5.82181,0.0001,-0.00214144,0.0474342,2.03633,0.152524,44911,0.187742,256.9,1.11888
8074,1.57547,0.202686,0.897818,0.436843,0.00395497,0.00107047,0.00395497,0.196039,0.170139,0.520793,0.903353,0.0427351,0.0333992,0.041746,0.216282,0.0433959,0.00378788,1.08026,0.0929321,2.40742,0.159002,0,0.0578891,0.625558,5.10515,0.708906,0.503651,0.50927,2.04779,0.205094,0.212813,0,0.857515,0.497445,0,-0.00151117,0.236312,0.971924,0.359359,0.0431427,0.0427702,0.00521965,0.00474643,0.45261,0.04187,8.67001,-2.12489,8.73295,0.669515,0.444795,-8.45955,-0.333333,0.0455998,-0.0857885,0.626497,5.54167,2.54167,0,0,0.708333,2.75,6.95833,-5.82204,0.0001,-0.00287849,0.0498958,2.04528,0.14844,44811,0.187754,254.95,1.2443
8075,1.50234,0.197897,0.870256,0.434598,0.00399161,0.00107049,0.00399161,0.191383,0.163663,0.524316,0.877461,0.042825,0.032893,0.0418536,0.218712,0.0450584,0,1.08692,0.0900507,2.41752,0.164898,0,0.0589889,0.618504,5.0828,0.705538,0.499095,0.513648,2.06988,0.200955,0.2152,0,0.83954,0.459817,0,-0.00144506,0.241286,0.971538,0.355105,0.0433542,0.0429779,0.00550431,0.00500636,0.457633,0.0420653,8.80848,-2.12181,8.73469,0.669504,0.446619,-8.33547,-0.333333,0.045792,-0.0841458,0.612986,6.125,2.125,0,0,0.583333,3.66667,7.66667,-5.82216,0.0001,-0.00259524,0.0448656,2.00046,0.144256,45835,0.187792,258.23,1.34397
8076,1.65903,0.199847,0.857862,0.435491,0.00394611,0.00108724,0.00394611,0.19631,0.160848,0.520084,0.864455,0.0428125,0.0330583,0.0417299,0.218774,0.0439742,0.00260417,1.09627,0.0882283,2.43458,0.159458,0,0.05966,0.622721,5.10255,0.709327,0.504763,0.50751,2.05047,0.202417,0.215387,0,0.830243,0.431779,0,-0.00144629,0.23726,0.971688,0.360208,0.0430973,0.0429122,0.00545435,0.00499506,0.455965,0.0418346,8.71755,-1.92415,8.94222,0.663376,0.45212,-8.55118,-0.333333,0.0468478,-0.0864289,0.595467,5.04167,3.08333,0,0,0.625,3.45833,6.66667,-5.82324,0.0001,-0.00233503,0.0494788,1.99281,0.147927,45920,0.187752,266.75,1.5454
8077,1.61465,0.196869,0.854369,0.421179,0.0039147,0.00105484,0.0039147,0.194776,0.159037,0.514611,0.860337,0.0422884,0.0317224,0.0413317,0.215521,0.0424458,0.00231481,1.09111,0.0877024,2.44675,0.162213,0,0.0579946,0.626893,5.1261,0.712731,0.508753,0.502555,2.03368,0.199349,0.212033,0,0.828294,0.432202,0,-0.00149734,0.235469,0.972157,0.368997,0.0426099,0.0423262,0.00474713,0.00424497,0.454978,0.0413713,8.62863,-2.02381,8.82409,0.664207,0.439075,-8.59673,-0.333333,0.04599,-0.0867111,0.587828,4.625,2.58333,0,0,0.791667,2.79167,6.91667,-5.82528,0.0001,-0.00096677,0.0489207,2.00156,0.156805,45545,0.187706,268.43,1.15899
8078,1.69731,0.194186,0.840902,0.428415,0.00399877,0.00102158,0.00399877,0.191987,0.159175,0.52451,0.847238,0.0433634,0.0308833,0.0422568,0.219452,0.0434891,0,1.08372,0.0866521,2.41967,0.164533,0,0.0598928,0.621911,5.07221,0.705904,0.498154,0.515796,2.07309,0.196746,0.215998,0,0.791014,0.445373,0,-0.00135285,0.239863,0.971597,0.35257,0.0436252,0.0435819,0.00551411,0.00495409,0.456043,0.0424516,8.72679,-1.83008,9.02799,0.660094,0.456716,-8.43587,-0.333333,0.0436012,-0.083562,0.58358,5.58333,3.125,0,0,0.625,3.5,6.79167,-5.82502,0.0001,-0.00115115,0.0434401,1.99813,0.157621,45600,0.18774,254.34,1.25764
8079,1.67592,0.200172,0.854036,0.43304,0.00395835,0.00108118,0.00395835,0.19836,0.160659,0.524781,0.860819,0.043096,0.0318486,0.0419931,0.219388,0.0426698,0.00260417,1.0971,0.0882224,2.43435,0.159942,0,0.0601933,0.618058,5.08946,0.708461,0.503237,0.509808,2.05513,0.203207,0.215957,0,0.809216,0.456807,0,-0.0013991,0.236153,0.971598,0.359919,0.0432612,0.043231,0.00528776,0.00478568,0.455647,0.0420057,8.71542,-1.84536,9.01721,0.660268,0.451672,-8.54351,-0.333333,0.046737,-0.0870107,0.59781,6.125,3.625,0,0,1,3.83333,7.29167,-5.82194,0.0001,-0.00114978,0.0468497,1.81441,0.149882,50045,0.18781,251.17,0.946508
8080,1.72626,0.201614,0.868408,0.434321,0.00391628,0.00106509,0.00391628,0.195783,0.162306,0.518148,0.874092,0.0426559,0.0309201,0.0415593,0.216614,0.0442205,0.00219298,1.09156,0.0887974,2.43841,0.16501,0,0.0599373,0.625294,5.12679,0.712176,0.508519,0.503276,2.02752,0.203963,0.213038,0,0.84223,0.446444,0,-0.00145108,0.237354,0.971854,0.368538,0.0426942,0.0426646,0.00517679,0.00462675,0.456987,0.0415067,8.80667,-1.66138,9.08418,0.655641,0.450433,-8.80267,-0.333333,0.0458005,-0.0865759,0.602715,4.95833,3.375,0,0,0.833333,3.625,7.25,-5.81645,0.0001,-0.00119287,0.0440596,1.98911,0.138513,46203,0.187875,268.32,1.46589
8081,1.6478,0.198273,0.863436,0.433551,0.00394349,0.00105829,0.00394349,0.192287,0.160979,0.525146,0.869534,0.0432261,0.0298293,0.0420517,0.214794,0.0435735,0,1.07844,0.0892794,2.43393,0.160936,0,0.0602493,0.625642,5.09843,0.709073,0.505094,0.509677,2.04599,0.20045,0.211084,0,0.813054,0.478608,0,-0.00140352,0.239191,0.972957,0.363956,0.0430796,0.0432723,0.00461645,0.0041638,0.451574,0.0419268,8.50748,-1.46358,9.17797,0.649842,0.450035,-8.7798,-0.333333,0.0457673,-0.0849928,0.606953,4.75,3.75,0,0,0.541667,4.54167,7.58333,-5.81389,0.0001,-0.0017461,0.0433719,2.00919,0.141691,45704,0.187891,267.4,1.66841
8082,1.72622,0.205124,0.871716,0.443084,0.00391473,0.00109604,0.00391473,0.203174,0.163465,0.519796,0.877815,0.0428666,0.0311524,0.0417207,0.219544,0.0398125,0.00231481,1.10695,0.0905254,2.43678,0.157213,0,0.0583424,0.623875,5.12065,0.712545,0.508701,0.50194,2.02863,0.207884,0.216004,0,0.831061,0.469917,0,-0.00147928,0.228216,0.972307,0.368285,0.0427467,0.0428588,0.00500759,0.00449604,0.455814,0.0415576,8.6779,-1.70638,9.10929,0.653649,0.450771,-8.7519,-0.333333,0.0475588,-0.0895987,0.605052,4.79167,3.33333,0,0,0.5,4,7.16667,-5.81481,0.0001,-0.00154617,0.0444181,2.00491,0.152152,45573,0.187877,265.5,1.35705
8083,1.71045,0.198957,0.863545,0.432264,0.00391517,0.00104519,0.00391517,0.197948,0.161161,0.518502,0.870414,0.0426285,0.0305765,0.0415664,0.217396,0.0412219,0.00181159,1.09729,0.0887085,2.44628,0.159077,0,0.0585259,0.628502,5.12257,0.712178,0.508658,0.503378,2.02209,0.201441,0.213804,0,0.817801,0.434646,0,-0.00147445,0.234113,0.972042,0.370184,0.0426101,0.0426465,0.00497377,0.00449135,0.458938,0.041428,8.86864,-1.71619,9.08454,0.652201,0.444246,-8.72527,-0.333333,0.0454454,-0.0874268,0.597969,5.41667,3.58333,0,0,0.75,3.83333,7.54167,-5.81396,0.0001,-0.00270774,0.0422234,1.98597,0.150062,46021,0.187904,260.8,1.27197
8084,1.62312,0.199241,0.851692,0.424024,0.00400762,0.00101562,0.00400762,0.194663,0.162329,0.527946,0.857822,0.0433636,0.0302957,0.0422494,0.218681,0.0439692,0.00219298,1.07922,0.0885135,2.41719,0.166304,0,0.0604174,0.618137,5.06295,0.704819,0.49705,0.516168,2.07817,0.20167,0.21521,0,0.829103,0.447969,0,-0.00135667,0.241637,0.971404,0.353463,0.0435498,0.0436091,0.00528121,0.00476276,0.456148,0.0423909,8.82917,-1.8822,9.01917,0.658756,0.45412,-8.34762,-0.333333,0.0432903,-0.0841835,0.593457,6.25,3.04167,0,0,0.458333,3.75,6.45833,-5.81025,0.0001,-0.00139051,0.0428643,1.98664,0.145741,46100,0.187957,256.76,1.35856
8085,1.69573,0.192592,0.81387,0.421447,0.00396216,0.00098288,0.00396216,0.190954,0.152886,0.520224,0.820732,0.0429407,0.0301478,0.0418143,0.215946,0.0454945,0.00297619,1.07712,0.0818571,2.47188,0.169383,0,0.0604989,0.622699,5.09648,0.709295,0.502751,0.509447,2.04159,0.195339,0.212339,0,0.818589,0.38085,0,-0.00137968,0.241286,0.971837,0.36201,0.0429908,0.0431036,0.00495694,0.00444316,0.459712,0.0418224,8.72813,-1.65888,9.13549,0.653241,0.452953,-8.57986,-0.333333,0.0422493,-0.0835986,0.561513,4.5,2.70833,0,0,0.25,3.54167,6.45833,-5.8094,0.0001,-0.00218109,0.0452498,1.96859,0.147956,46445,0.188003,256.45,1.11498
8086,1.61151,0.197586,0.842586,0.429471,0.00401043,0.00108107,0.00401043,0.194924,0.159327,0.52309,0.849603,0.0433009,0.0309089,0.0422178,0.222205,0.0437443,0,1.09682,0.0869687,2.43311,0.164845,0,0.0594761,0.619574,5.06874,0.705713,0.496703,0.514668,2.07119,0.200374,0.218639,0,0.798416,0.450049,0,-0.0013814,0.238721,0.97129,0.353317,0.043514,0.0434612,0.005167,0.00460599,0.458921,0.0422865,8.9496,-1.78911,8.96043,0.660591,0.446912,-8.43528,-0.333333,0.0457493,-0.0849549,0.585393,5,2.70833,0,0,0.5,3.58333,6.33333,-5.80874,0.0001,-0.000786007,0.044457,1.978,0.141257,46385,0.188033,257.94,1.29841
8087,1.6866,0.198251,0.860937,0.434122,0.00393531,0.00101508,0.00393531,0.198618,0.161008,0.517931,0.865464,0.0427231,0.0317256,0.0417194,0.215302,0.0398057,0,1.0804,0.0866394,2.45883,0.152777,0,0.0562712,0.629466,5.12478,0.71113,0.506118,0.506705,2.03798,0.201072,0.211887,0,0.828296,0.446232,0,-0.0014721,0.227012,0.972252,0.365861,0.0429423,0.0427887,0.00471322,0.00422199,0.454994,0.0416423,8.69161,-2.03038,8.85315,0.663086,0.438935,-8.50764,-0.333333,0.0435738,-0.0874711,0.590268,4.79167,2.875,0,0,0.5,2.5,7.16667,-5.80923,0.0001,-0.00102895,0.0469387,2.01625,0.141449,45559,0.188064,267.89,1.49189
8088,1.68364,0.198711,0.840507,0.425188,0.00394921,0.00102722,0.00394921,0.192836,0.159079,0.519257,0.845294,0.0426787,0.0317015,0.0416099,0.216706,0.0446555,0.00297619,1.08477,0.0873723,2.44933,0.165606,0,0.0595776,0.623034,5.11203,0.711132,0.504374,0.505715,2.03302,0.201535,0.213391,0,0.800987,0.432042,0,-0.00146683,0.243811,0.972018,0.361833,0.0429148,0.0428556,0.00541407,0.00492678,0.45838,0.0417052,8.64996,-1.96869,8.91539,0.660775,0.445485,-8.4664,-0.333333,0.0440999,-0.0844893,0.583618,5.91667,2.95833,0,0,0.541667,3.58333,7.25,-5.80553,0.0001,-0.00227454,0.046843,1.9873,0.151454,45963,0.188132,259.58,1.30724
8089,1.56904,0.192027,0.824816,0.424211,0.00399751,0.000956442,0.00399751,0.190794,0.156087,0.524142,0.831402,0.0429769,0.0318599,0.0419981,0.215884,0.0434355,0.00320513,1.0696,0.0830603,2.43623,0.164794,0,0.0583439,0.621063,5.09199,0.707694,0.498369,0.51382,2.06562,0.194383,0.21252,0,0.813676,0.394619,0,-0.00144127,0.237228,0.971755,0.357659,0.0432903,0.04312,0.00476968,0.00427027,0.455874,0.0420153,8.74602,-2.01873,8.82073,0.664559,0.442109,-8.33686,-0.333333,0.0408247,-0.0833623,0.573969,5.625,2,0,0,0.625,3.04167,7.41667,-5.80068,0.0001,-0.00282429,0.0478557,1.9605,0.150318,46571,0.188188,260.56,1.31761
8090,1.47008,0.198457,0.865299,0.435801,0.00390519,0.00105499,0.00390519,0.194652,0.161634,0.519669,0.870973,0.0417928,0.0328015,0.0409616,0.215014,0.0431813,0,1.08687,0.0886924,2.43784,0.16026,0,0.0563593,0.632562,5.14901,0.714725,0.509898,0.503146,2.0155,0.200601,0.211518,0,0.803775,0.47295,0,-0.00157336,0.235465,0.972557,0.371319,0.0422766,0.0418388,0.00483191,0.00438364,0.45595,0.0410364,8.68146,-2.24952,8.63826,0.667485,0.426346,-8.50019,-0.333333,0.0452914,-0.086151,0.604014,4.75,2.29167,0,0,0.416667,3.08333,7.58333,-5.79875,0.0001,-0.00259973,0.0463507,1.96881,0.14557,46493,0.188241,262.49,1.42774
8091,1.54447,0.195463,0.85709,0.43491,0.0039428,0.00104294,0.0039428,0.193577,0.160847,0.524076,0.862966,0.0426855,0.0322799,0.0416672,0.21653,0.0422352,0,1.08484,0.0867833,2.44109,0.158752,0,0.0578984,0.624582,5.11101,0.711383,0.505178,0.507063,2.03901,0.19765,0.213112,0,0.819871,0.431484,0,-0.00148641,0.23542,0.971939,0.364527,0.0428568,0.0427602,0.00514737,0.00467042,0.457617,0.0416199,8.86411,-1.95218,8.82103,0.663931,0.438272,-8.54392,-0.333333,0.0442961,-0.0854184,0.606461,5.375,3.08333,0,0,0.541667,3.83333,8.125,-5.79686,0.0001,-0.00163776,0.0400896,1.98085,0.148241,46171,0.188343,264.66,1.39976
8092,1.66911,0.2023,0.854716,0.444658,0.003926,0.00111276,0.003926,0.199901,0.159982,0.518697,0.862874,0.0427377,0.031218,0.0416479,0.218652,0.0399565,0.00245098,1.09876,0.0866881,2.43789,0.158528,0,0.0577195,0.629802,5.1301,0.712927,0.507287,0.502662,2.02147,0.205078,0.215212,0,0.838778,0.436445,0,-0.00142583,0.229865,0.972012,0.369132,0.0426783,0.0427508,0.00469864,0.00419552,0.455305,0.0415159,8.90943,-1.78126,8.98459,0.655136,0.442684,-8.69708,-0.333333,0.0473699,-0.0880275,0.592491,5.20833,3.54167,0,0,0.791667,3.625,7.29167,-5.79403,0.0001,-0.00219143,0.0445333,1.97156,0.118619,47031,0.188383,262.19,1.18754
8093,1.68643,0.198212,0.881333,0.434798,0.00389995,0.00104115,0.00389995,0.195426,0.163712,0.524435,0.888927,0.0424989,0.030725,0.0414445,0.212621,0.0428959,0,1.07735,0.0899165,2.44324,0.155862,0,0.0575535,0.630805,5.13723,0.713718,0.510594,0.502384,2.02101,0.200754,0.209006,0,0.842071,0.477182,0,-0.0014252,0.233692,0.972849,0.372065,0.042504,0.0425322,0.00512648,0.00466506,0.457564,0.0413611,8.74377,-1.70606,9.03787,0.651358,0.437963,-8.78285,-0.333333,0.0448071,-0.0867983,0.626956,5.25,3.66667,0,0,0.791667,3.70833,8.25,-5.79237,0.0001,-0.00134907,0.0406286,1.89131,0.147321,48220,0.188409,265.08,1.56835
8094,1.67573,0.19519,0.855239,0.438839,0.00398804,0.00107014,0.00398804,0.19213,0.16089,0.524759,0.86218,0.0433863,0.0295231,0.0422511,0.217026,0.0415749,0,1.07855,0.0867595,2.38808,0.155571,0,0.0589682,0.619587,5.08428,0.70735,0.499567,0.512149,2.05184,0.197081,0.213602,0,0.807745,0.438436,0,-0.0013851,0.235619,0.972765,0.36055,0.0432152,0.0434091,0.00539957,0.00495232,0.456761,0.0420729,8.72075,-1.51736,9.08364,0.651966,0.443216,-8.62331,-0.333333,0.0455567,-0.0845629,0.600412,5.375,3.375,0,0,0.458333,4.25,7.5,-5.79049,0.0001,-0.000857375,0.045377,1.98491,0.152843,45984,0.18846,267.7,1.67994
8095,1.7413,0.198322,0.858974,0.437706,0.00393203,0.00103322,0.00393203,0.193421,0.15964,0.517969,0.866136,0.0427094,0.0307447,0.0416522,0.216152,0.0432235,0,1.08901,0.0871772,2.404,0.157684,0,0.0584838,0.627119,5.12221,0.711688,0.50653,0.504924,2.02825,0.201093,0.21268,0,0.821046,0.46282,0,-0.00141759,0.237894,0.972353,0.366152,0.0428086,0.0427643,0.00528781,0.00482307,0.457243,0.0416727,8.75423,-1.74555,9.03353,0.653079,0.444302,-8.65441,-0.333333,0.0449556,-0.0859162,0.597039,4.875,3.33333,0,0,0.5,2.95833,7.125,-5.78696,0.0001,-0.00154375,0.0445212,1.9987,0.147642,45800,0.188539,259.71,1.24971
8096,1.69464,0.198244,0.872892,0.433142,0.00394453,0.00105411,0.00394453,0.193446,0.163588,0.520318,0.88023,0.0427865,0.0313041,0.0417275,0.215244,0.0443074,0,1.0807,0.0898215,2.39729,0.162115,0,0.059031,0.627015,5.11056,0.710787,0.504967,0.507498,2.03751,0.201141,0.21202,0,0.838102,0.45096,0,-0.00145321,0.237923,0.971902,0.36406,0.0428952,0.0428874,0.00504982,0.00457711,0.457884,0.0416969,8.7563,-1.90584,8.98151,0.655742,0.442595,-8.49076,-0.333333,0.0450286,-0.0854236,0.60738,5.58333,3.25,0,0,0.75,3.25,6.75,-5.78359,0.0001,-0.00153516,0.0404404,1.99709,0.151391,45755,0.188575,264.91,1.52376
8097,1.543,0.192909,0.833204,0.422102,0.00393398,0.00101767,0.00393398,0.188225,0.155736,0.521767,0.838584,0.042194,0.030464,0.0412546,0.214382,0.0463937,0.00467172,1.07998,0.0849268,2.40089,0.167812,0,0.0591848,0.626205,5.1185,0.712086,0.50634,0.505054,2.03014,0.19525,0.210882,0,0.800874,0.426385,0,-0.00146316,0.246141,0.972193,0.36752,0.0425004,0.0423096,0.00527109,0.00481372,0.456437,0.0413659,8.7682,-1.9388,8.88055,0.656973,0.43727,-8.54212,-0.333333,0.0439378,-0.0834829,0.583944,4.375,2.58333,0,0,0.291667,3.66667,7.54167,-5.78225,0.0001,-0.00178673,0.0400198,1.96296,0.146517,46601,0.188658,263.76,1.33465
8098,1.7004,0.199013,0.835533,0.434099,0.00402545,0.00102127,0.00402545,0.196758,0.159256,0.523702,0.843024,0.0438671,0.0312294,0.0426974,0.220976,0.0431606,0.00277778,1.08655,0.0857061,2.41443,0.160958,0,0.060042,0.615391,5.07065,0.705447,0.494806,0.51594,2.07704,0.201851,0.217755,0,0.792467,0.446504,0,-0.00136315,0.235001,0.971718,0.350079,0.0438684,0.0440034,0.00520062,0.0047352,0.453968,0.0426148,8.6375,-1.7971,9.04108,0.659274,0.461414,-8.33976,-0.333333,0.0430061,-0.0849147,0.581011,5.33333,2.91667,0,0,0.291667,3.125,5.625,-5.77768,0.0001,-0.0011673,0.0432958,2.00185,0.140546,45885,0.188743,259.11,1.35983
8099,1.68792,0.197884,0.848677,0.433213,0.00401206,0.00102729,0.00401206,0.192694,0.161313,0.524738,0.85564,0.0434825,0.0307162,0.0423834,0.218533,0.0435564,0,1.07924,0.0870779,2.38938,0.162713,0,0.0595183,0.618476,5.07248,0.705786,0.496562,0.515848,2.06998,0.20056,0.215195,0,0.808703,0.436145,0,-0.00137862,0.238575,0.972117,0.353682,0.0435834,0.0436357,0.00509264,0.00460269,0.452007,0.0424003,8.65537,-1.85969,8.9746,0.658991,0.451518,-8.37222,-0.333333,0.0435262,-0.0839009,0.590121,5.29167,2.875,0,0,0.541667,3.29167,6.875,-5.77511,0.0001,-0.00178223,0.0508462,1.99222,0.145321,45989,0.18877,257.95,1.34723
8100,1.62069,0.199883,0.872434,0.435507,0.00397193,0.00104345,0.00397193,0.194643,0.164893,0.521443,0.878158,0.0429747,0.0301378,0.0419245,0.217451,0.0426302,0,1.08464,0.0897377,2.38943,0.160882,0,0.0580564,0.626107,5.10329,0.708996,0.501554,0.51023,2.04841,0.202225,0.214004,0,0.833948,0.451699,0,-0.00143019,0.233849,0.971843,0.361656,0.0430455,0.0430311,0.00513563,0.0046546,0.458221,0.0418972,8.91767,-1.76464,9.02576,0.65394,0.444832,-8.52688,-0.333333,0.0444383,-0.0852786,0.6073,5.16667,2.75,0,0,0.666667,3.5,7.04167,-5.77381,0.0001,-0.00221686,0.0519463,1.99581,0.145794,45902,0.188825,261.53,1.51807
8101,1.80334,0.19665,0.849441,0.43429,0.00402322,0.00106014,0.00402322,0.196947,0.161501,0.519677,0.856651,0.0438821,0.0296355,0.0426826,0.220126,0.0405438,0,1.08417,0.0873902,2.39965,0.159832,0,0.0588387,0.619404,5.06328,0.705253,0.495107,0.515759,2.07399,0.199068,0.216651,0,0.804753,0.458392,0,-0.00135328,0.230926,0.971773,0.352804,0.0437041,0.0439075,0.00471551,0.00422059,0.453423,0.0425173,8.77448,-1.53754,9.1421,0.654371,0.456053,-8.55738,-0.333333,0.044672,-0.0856077,0.585636,5.83333,3.91667,0,0,0.458333,3.75,7.125,-5.77081,0.0001,-0.000762376,0.0447232,1.97748,0.149573,46215,0.188878,258.69,1.16174
8102,1.74637,0.198379,0.862127,0.431575,0.00402778,0.00101426,0.00402778,0.191627,0.164228,0.518034,0.869799,0.0438397,0.0297839,0.0426577,0.21852,0.0425864,0,1.07618,0.0893042,2.39492,0.163054,0,0.0600634,0.617366,5.06483,0.705028,0.494582,0.516066,2.07977,0.200838,0.215126,0,0.80715,0.470783,0,-0.00133613,0.237893,0.97229,0.351527,0.0437828,0.0439274,0.00445984,0.0039868,0.451344,0.0426159,8.57975,-1.6048,9.15086,0.651887,0.461147,-8.49175,-0.333333,0.0424735,-0.0829997,0.594129,4.95833,3.125,0,0,0.833333,3.875,6.375,-5.76954,0.0001,-0.00192967,0.0467026,1.86502,0.119267,49541,0.188903,259.45,1.43604
8103,1.69223,0.197455,0.856196,0.423945,0.00395241,0.00100328,0.00395241,0.193753,0.1602,0.520455,0.863747,0.0428378,0.0306342,0.0417722,0.214839,0.0422525,0.00814536,1.07748,0.0884175,2.4121,0.161287,0,0.0584965,0.626207,5.1048,0.710088,0.503989,0.508552,2.04009,0.200317,0.211416,0,0.817644,0.452501,0,-0.00141994,0.236956,0.971791,0.363967,0.0429126,0.04295,0.00532011,0.00484856,0.457297,0.0417521,8.86181,-1.78977,9.00917,0.654578,0.445393,-8.5604,-0.333333,0.0431905,-0.0855509,0.59586,5.66667,3.04167,0,0,0.458333,4,7.125,-5.7663,0.0001,-0.00225953,0.0452183,2.01679,0.148802,45393,0.188965,263.9,1.47909
8104,1.76903,0.196361,0.84431,0.428681,0.00393935,0.00101339,0.00393935,0.190168,0.157639,0.518872,0.850178,0.0428475,0.0299655,0.041753,0.216134,0.0453831,0,1.08551,0.0864973,2.41103,0.163822,0,0.0600744,0.625252,5.10981,0.711428,0.505622,0.505805,2.02856,0.198373,0.212515,0,0.810368,0.429061,0,-0.00141386,0.244043,0.972337,0.365501,0.0428239,0.0429265,0.00542674,0.00497746,0.458401,0.041714,8.7932,-1.57481,9.12851,0.650231,0.445558,-8.72679,-0.333333,0.0435894,-0.0838086,0.587778,5.33333,3.70833,0,0,0.583333,3.04167,7.45833,-5.7627,0.0001,-0.00224132,0.0393965,1.98291,0.150557,46077,0.188984,266.22,1.42679
8105,1.74266,0.196813,0.858302,0.427799,0.00394922,0.000987204,0.00394922,0.194671,0.160339,0.516233,0.866404,0.0427212,0.0299663,0.0416554,0.215003,0.0424882,0,1.08117,0.0886556,2.43166,0.159647,0,0.0583832,0.626109,5.11489,0.711713,0.504584,0.505565,2.02672,0.199834,0.211537,0,0.828464,0.447942,0,-0.00139319,0.23375,0.972132,0.367029,0.0426992,0.0427773,0.00483105,0.00432658,0.45576,0.0415456,8.81124,-1.66179,9.05745,0.651601,0.443068,-8.64962,-0.333333,0.0427679,-0.0861812,0.591185,5.625,3.83333,0,0,0.541667,3.20833,7.79167,-5.7623,0.0001,-0.00248492,0.0451234,1.98289,0.15164,46054,0.189003,260.99,1.18472
8106,1.7652,0.199014,0.879327,0.429778,0.00387515,0.00101075,0.00387515,0.194435,0.16316,0.51333,0.886565,0.0422517,0.0307196,0.0411998,0.213191,0.0410626,0,1.08661,0.0905637,2.41316,0.156171,0,0.0578172,0.632983,5.14652,0.715943,0.513697,0.496729,2.00137,0.201451,0.209606,0,0.840341,0.462113,0,-0.00153708,0.232898,0.972766,0.374924,0.0422241,0.0422225,0.00483956,0.00435603,0.455571,0.0410593,8.67386,-1.72038,9.03546,0.650433,0.436764,-8.82624,-0.333333,0.0440941,-0.0867883,0.608789,4.95833,3.33333,0,0,0.875,3.625,7.54167,-5.76412,0.0001,-0.00176741,0.045178,1.99119,0.146572,45984,0.188999,261.07,1.2076
8107,1.8012,0.199406,0.87545,0.428798,0.00391458,0.00102667,0.00391458,0.195394,0.163288,0.516709,0.883548,0.0429226,0.0306345,0.0417256,0.217358,0.042874,0,1.09688,0.0914352,2.45042,0.158513,0,0.0600897,0.626601,5.11935,0.712637,0.508738,0.503762,2.02387,0.202286,0.213905,0,0.819893,0.485693,0,-0.00141893,0.238173,0.972678,0.367191,0.0427558,0.0429825,0.00534177,0.00484792,0.456968,0.0416373,8.69968,-1.46499,9.24948,0.645297,0.452711,-8.83588,-0.333333,0.0440755,-0.0862875,0.60751,4.70833,3.20833,0,0,0.458333,4.5,6.45833,-5.76529,0.0001,-0.00198818,0.0441689,1.98691,0.144923,46112,0.189002,260.65,1.50656
8108,1.83872,0.205191,0.904889,0.432596,0.00394522,0.000996422,0.00394522,0.201223,0.170223,0.517475,0.911974,0.0434197,0.0297301,0.0421948,0.217648,0.0408895,0.00245098,1.09121,0.0951962,2.42603,0.156178,0,0.0597755,0.626251,5.09394,0.709751,0.504928,0.506467,2.0333,0.20773,0.214044,0,0.83626,0.507259,0,-0.00135802,0.231692,0.972063,0.365413,0.0430466,0.0433847,0.00512417,0.00462627,0.455977,0.0418948,8.86592,-1.35135,9.26072,0.647346,0.452436,-8.87126,-0.333333,0.042979,-0.0882122,0.622796,4.58333,3.58333,0,0,0.791667,4.125,6.41667,-5.76342,0.0001,-0.00131356,0.0438716,2.0027,0.143143,45811,0.189037,263.87,1.32274
8109,1.8428,0.197607,0.845214,0.430771,0.00399561,0.00101981,0.00399561,0.195332,0.158703,0.522718,0.853557,0.0437545,0.028763,0.0425154,0.218233,0.0424945,0,1.084,0.0872031,2.41779,0.158756,0,0.0598081,0.618657,5.08123,0.706497,0.498685,0.513891,2.06638,0.19967,0.214969,0,0.793676,0.451154,0,-0.00132249,0.236199,0.972093,0.357932,0.0434559,0.04382,0.00498494,0.00449136,0.45347,0.0423232,8.7066,-1.29742,9.34025,0.644925,0.46024,-8.68016,-0.333333,0.0437955,-0.0853899,0.589219,5.375,4.20833,0,0,0.916667,3.54167,7.125,-5.76094,0.0001,-0.000475973,0.0436296,2.00294,0.147449,45714,0.189108,257.46,1.44559
8110,1.94603,0.198412,0.826651,0.425608,0.00401881,0.00103768,0.00401881,0.191521,0.158806,0.520708,0.833738,0.0442431,0.0292136,0.0428376,0.220515,0.0468683,0,1.08783,0.0856347,2.40354,0.167861,0,0.0633755,0.614206,5.06043,0.705543,0.495649,0.516433,2.07371,0.200916,0.217349,0,0.82504,0.376151,0,-0.00133293,0.25005,0.971883,0.348596,0.0438378,0.0443879,0.0059447,0.00544475,0.453744,0.0427746,8.51032,-1.24974,9.48531,0.645236,0.479099,-8.60013,-0.333333,0.0436565,-0.0826863,0.566774,5.83333,4.125,0,0,0.833333,4.5,5.20833,-5.75657,0.0001,-0.0025142,0.0441427,1.98593,0.151121,45999,0.189201,255.74,1.07267
8111,1.73239,0.197185,0.842367,0.424931,0.00397796,0.000940084,0.00397796,0.192723,0.159885,0.522065,0.847875,0.0434116,0.0298166,0.0422256,0.215766,0.0426092,0,1.07448,0.085827,2.43452,0.16312,0,0.0599629,0.618578,5.09284,0.708364,0.5008,0.511663,2.05388,0.199858,0.212438,0,0.825963,0.395711,0,-0.00133906,0.239318,0.971853,0.358459,0.0433484,0.043558,0.00510629,0.00460708,0.456471,0.0422069,8.71943,-1.61779,9.16817,0.652296,0.457311,-8.56277,-0.333333,0.0405074,-0.0842012,0.584688,5.375,3.125,0,0,0.958333,3.625,5.54167,-5.75349,0.0001,-0.00265066,0.0439655,1.99019,0.148376,45967,0.189257,260.1,1.37507
8112,1.75937,0.198368,0.868927,0.433363,0.00395424,0.00100351,0.00395424,0.197941,0.16326,0.519897,0.874635,0.0432725,0.0298553,0.0420598,0.217997,0.0407385,0,1.08974,0.0889855,2.44066,0.153601,0,0.0588525,0.624682,5.098,0.708894,0.503769,0.509002,2.05095,0.201081,0.214603,0,0.826443,0.459862,0,-0.00137001,0.231452,0.971755,0.362202,0.0431025,0.0433273,0.00525666,0.00473248,0.456293,0.0419217,8.95814,-1.52246,9.20666,0.649878,0.456059,-8.71906,-0.333333,0.0432714,-0.0868803,0.599571,5.16667,3.70833,0,0,1.08333,4.70833,7.125,-5.75519,0.0001,-0.000788155,0.0430329,1.99474,0.150483,45824,0.18921,264.36,1.45495
8113,1.65765,0.200151,0.873641,0.430622,0.00397342,0.000972826,0.00397342,0.193559,0.165548,0.521012,0.879687,0.0431264,0.0306905,0.0420198,0.217709,0.0437447,0.00260417,1.08394,0.0909761,2.41627,0.160867,0,0.0586355,0.621286,5.08763,0.70866,0.501361,0.510287,2.04852,0.202596,0.214329,0,0.827802,0.468883,0,-0.00134268,0.239865,0.972412,0.356916,0.0433159,0.0432891,0.00547882,0.00498523,0.454621,0.0421444,8.69912,-1.69897,9.10691,0.652701,0.450927,-8.54504,-0.333333,0.0419233,-0.0845964,0.605773,5,2.66667,0,0,0.5,3.58333,6.70833,-5.75448,0.0001,-0.00261005,0.0437588,1.9802,0.14976,46152,0.189296,260.05,1.29387
8114,1.80048,0.194234,0.842948,0.423349,0.0039695,0.000915005,0.0039695,0.193014,0.159324,0.51668,0.850985,0.0431114,0.0304043,0.0420016,0.215,0.044143,0.00320513,1.07175,0.0852907,2.44659,0.167536,0,0.0591535,0.621144,5.09189,0.708082,0.501877,0.509831,2.05031,0.197267,0.211665,0,0.818632,0.430817,0,-0.00134681,0.236846,0.971737,0.361041,0.0431798,0.0432943,0.0046307,0.00411875,0.453281,0.0420169,8.78911,-1.64263,9.15751,0.652987,0.452446,-8.55097,-0.333333,0.0390662,-0.0844176,0.576434,6.54167,3.54167,0,0,0.791667,2.95833,7.29167,-5.75029,0.0001,-0.00125766,0.0428931,1.99826,0.144504,45877,0.189316,257.51,1.30012
8115,1.78443,0.200026,0.885585,0.432552,0.00387531,0.000951561,0.00387531,0.19719,0.164366,0.513023,0.894105,0.0423025,0.0309945,0.0412258,0.212293,0.0413321,0,1.08161,0.0902399,2.45502,0.155923,0,0.057242,0.634924,5.15043,0.716561,0.513708,0.4976,1.99151,0.202741,0.208665,0,0.85767,0.465061,0,-0.00143207,0.229153,0.971981,0.376818,0.0422473,0.0422863,0.00494896,0.00448284,0.458759,0.0410677,9.00174,-1.53156,9.16155,0.648259,0.439486,-8.92492,-0.333333,0.0412809,-0.0878618,0.608079,5.08333,4.04167,0,0,0.583333,3.875,7.66667,-5.74868,0.0001,-0.00194311,0.0376737,1.86441,0.127598,49349,0.189343,269.42,1.52795
8116,1.9074,0.198237,0.879983,0.427554,0.00395118,0.000952966,0.00395118,0.194131,0.164326,0.513675,0.886294,0.0434314,0.0302735,0.0421547,0.217082,0.0442739,0,1.08913,0.0911325,2.45023,0.159431,0,0.0608006,0.62415,5.0957,0.709552,0.504186,0.508099,2.03821,0.200478,0.213677,0,0.824756,0.487103,0,-0.00137139,0.237414,0.971265,0.361119,0.0431625,0.0434653,0.0055168,0.00500483,0.456967,0.0419592,9.02286,-1.29153,9.32553,0.64815,0.459447,-8.82988,-0.333333,0.041407,-0.0856529,0.59834,5.08333,3.79167,0,0,0.666667,4.20833,6.41667,-5.74686,0.0001,-0.00052746,0.0427653,1.97368,0.153278,46218,0.189335,264.99,1.4387
8117,1.80528,0.199958,0.86939,0.433013,0.00395328,0.00101961,0.00395328,0.19859,0.163645,0.514179,0.879056,0.0432885,0.0300142,0.0420682,0.217138,0.0416306,0.00231481,1.08765,0.0892171,2.43251,0.159307,0,0.0585367,0.625117,5.10785,0.710892,0.503895,0.507334,2.03552,0.202811,0.213604,0,0.841165,0.457656,0,-0.0013746,0.229483,0.971375,0.361667,0.0431525,0.0433006,0.00480319,0.00426604,0.455558,0.0419467,8.95657,-1.47964,9.2218,0.650822,0.455369,-8.73579,-0.333333,0.0434179,-0.0874918,0.590291,4.75,3.91667,0,0,0.708333,4.45833,6.5,-5.74837,0.0001,-0.00167416,0.0395991,1.99336,0.14835,45899,0.189278,264.14,1.45008
8118,1.6793,0.199936,0.871577,0.431895,0.00390662,0.000981702,0.00390662,0.196524,0.163012,0.51371,0.878292,0.0423899,0.0308512,0.0413522,0.214445,0.0437599,0.00297619,1.08397,0.0891036,2.42429,0.159226,0,0.0576099,0.630183,5.13494,0.714927,0.509719,0.50221,2.01548,0.202296,0.210981,0,0.833594,0.460776,0,-0.00148087,0.235737,0.972584,0.369275,0.042535,0.0424345,0.00519132,0.00469924,0.458185,0.0413608,8.81238,-1.71186,9.08754,0.649864,0.440403,-8.66541,-0.333333,0.0427966,-0.086897,0.595133,4.79167,2.75,0,0,0.625,3.5,7.375,-5.751,0.0001,-0.0017724,0.0447901,1.98068,0.150395,46128,0.189266,271.94,1.50551
8119,1.59357,0.201117,0.881457,0.433802,0.00391222,0.00102991,0.00391222,0.195479,0.163604,0.519192,0.887124,0.0422573,0.0314303,0.0412839,0.213986,0.0419328,0,1.08397,0.0895083,2.43593,0.155215,0,0.0565515,0.630722,5.13606,0.714166,0.509133,0.503578,2.02282,0.203481,0.210522,0,0.838352,0.470544,0,-0.0015523,0.232931,0.972068,0.369629,0.0424201,0.0421944,0.00491082,0.00445201,0.453836,0.0411759,8.75713,-1.90743,8.8963,0.659756,0.434336,-8.62501,-0.333333,0.0447121,-0.0870076,0.613578,4.79167,2.58333,0,0,0.75,3.29167,7.66667,-5.75038,0.0001,-0.00221715,0.040418,2.0148,0.140117,45618,0.189287,262.54,1.30681
8120,1.57546,0.197991,0.873213,0.42966,0.00393848,0.000995328,0.00393848,0.195909,0.162979,0.522323,0.880625,0.0427279,0.031656,0.0416903,0.216349,0.043308,0,1.08625,0.0913148,2.42607,0.155825,0,0.057364,0.628165,5.11687,0.711326,0.505731,0.508182,2.03548,0.20108,0.212865,0,0.809119,0.4926,0,-0.00142744,0.235496,0.972146,0.361516,0.043031,0.0428112,0.00507036,0.00460343,0.454116,0.0417689,8.72591,-1.79099,8.99776,0.658155,0.439641,-8.58404,-0.333333,0.0430997,-0.086465,0.607952,4.91667,2.625,0,0,0.583333,4.08333,7.375,-5.74767,0.0001,-0.00228592,0.0401571,2.00382,0.142743,45795,0.189341,261.63,1.5202
8121,1.67593,0.203271,0.88096,0.432712,0.00396376,0.00102861,0.00396376,0.199273,0.165466,0.517582,0.887507,0.042938,0.0313387,0.0418699,0.217432,0.0419974,0,1.08743,0.0918046,2.42951,0.161225,0,0.0582646,0.621148,5.0979,0.709099,0.502556,0.508957,2.04858,0.205753,0.214087,0,0.837598,0.457079,0,-0.00132964,0.232224,0.971406,0.361338,0.0431498,0.0430816,0.00437968,0.00393641,0.452849,0.0418542,8.87828,-1.82551,9.02386,0.659512,0.447648,-8.53165,-0.333333,0.044246,-0.0874902,0.604227,4.95833,3.125,0,0,0.583333,3.29167,7.29167,-5.74664,0.0001,-0.00192597,0.0437984,1.97787,0.147462,46253,0.189371,268.96,1.52592
8122,1.59957,0.198203,0.883668,0.430707,0.00386297,0.000975329,0.00386297,0.193868,0.163094,0.513745,0.889338,0.0416552,0.0314081,0.0407595,0.211398,0.0439887,0.00219298,1.08245,0.0900106,2.42851,0.160307,0,0.0568376,0.632339,5.15551,0.716828,0.515257,0.496467,1.99916,0.200661,0.20782,0,0.852863,0.441317,0,-0.001541,0.236405,0.97221,0.377716,0.0419712,0.0415804,0.00505401,0.00459148,0.454954,0.0407573,8.86458,-1.93613,8.8106,0.662113,0.430118,-8.80617,-0.333333,0.0425903,-0.0871645,0.607424,4.45833,3.29167,0,0,0.791667,3.29167,7.70833,-5.74712,0.0001,-0.00195653,0.0430782,1.95487,0.147161,46766,0.189377,259.11,1.18593
8123,1.77253,0.19491,0.843328,0.42868,0.00400647,0.000944485,0.00400647,0.193167,0.159286,0.521829,0.850313,0.0438498,0.0303911,0.0426221,0.217616,0.0428869,0.00245098,1.07404,0.0857183,2.41822,0.162812,0,0.0606186,0.617058,5.06496,0.705737,0.497188,0.515338,2.0739,0.197421,0.214395,0,0.791838,0.426356,0,-0.00136508,0.234973,0.971075,0.351022,0.043784,0.0439327,0.00472754,0.0042283,0.451953,0.0424923,8.79787,-1.62754,9.19549,0.657528,0.464486,-8.50019,-0.333333,0.039953,-0.0837096,0.583297,4.91667,3.29167,0,0,1,3.375,6.33333,-5.74775,0.0001,-0.00230905,0.0455934,1.96717,0.143374,46577,0.189369,262.89,1.20768
8124,1.64128,0.195451,0.835228,0.424312,0.00397471,0.00101293,0.00397471,0.190809,0.157783,0.518247,0.842567,0.042797,0.0317353,0.0417278,0.216267,0.0467133,0.00166667,1.07737,0.0863668,2.44964,0.166239,0,0.0593082,0.621559,5.09036,0.708616,0.501213,0.511094,2.05391,0.198871,0.213069,0,0.790872,0.42337,0,-0.00139297,0.244574,0.97179,0.354846,0.0432208,0.043039,0.00543747,0.00494714,0.454876,0.0420141,8.69552,-1.93781,8.98033,0.660361,0.45169,-8.37216,-0.333333,0.0429818,-0.0833512,0.57095,5.95833,3.08333,0,0,0.833333,4.45833,7.66667,-5.74891,0.0001,-0.00208813,0.0434912,1.97672,0.148981,46245,0.18936,255.36,1.11409
8125,1.66805,0.199183,0.869745,0.434155,0.00395826,0.000994016,0.00395826,0.193156,0.164365,0.509856,0.879478,0.0428169,0.0319391,0.0417841,0.217342,0.0449123,0,1.08564,0.0903432,2.41662,0.164478,0,0.0589669,0.626658,5.10348,0.71042,0.50328,0.508815,2.04439,0.202199,0.213986,0,0.826889,0.46415,0,-0.00139471,0.238235,0.971265,0.35876,0.0431719,0.0429824,0.00501208,0.00449697,0.456554,0.0419278,8.9195,-1.91152,8.94761,0.66241,0.445412,-8.4932,-0.333333,0.0425723,-0.0845477,0.587587,5.29167,2.625,0,0,0.541667,3.5,7.25,-5.74705,0.0001,-0.00169129,0.0433007,2.01927,0.152224,45270,0.189399,268.61,1.52241
8126,1.60834,0.194852,0.848349,0.428463,0.00392272,0.000997014,0.00392272,0.193343,0.15728,0.517688,0.854043,0.0424497,0.0313238,0.0414487,0.213763,0.0413207,0.00297619,1.08002,0.0856086,2.44077,0.156524,0,0.056812,0.626705,5.11714,0.712912,0.50775,0.504447,2.01984,0.197316,0.21031,0,0.816176,0.431942,0,-0.00149783,0.234228,0.972107,0.368591,0.0425398,0.0424368,0.00480342,0.00436392,0.455095,0.041333,8.74707,-1.79146,9.00636,0.65656,0.436886,-8.65293,-0.333333,0.0434267,-0.0862833,0.585075,4.83333,2.875,0,0,0.708333,3.25,7.25,-5.74308,0.0001,-0.00151221,0.0466579,1.99535,0.147095,45883,0.189443,265.81,1.34155
8127,1.73722,0.198835,0.874426,0.429952,0.0039016,0.000977563,0.0039016,0.195224,0.162805,0.519941,0.882487,0.0426902,0.0311336,0.0415783,0.212817,0.0426765,0,1.07714,0.089063,2.43959,0.162097,0,0.0585413,0.628637,5.12087,0.712499,0.510349,0.503938,2.0273,0.201537,0.209307,0,0.847875,0.456288,0,-0.00143035,0.230693,0.971732,0.369916,0.0426521,0.0426676,0.0045054,0.00403151,0.455472,0.0414313,8.95579,-1.53824,9.17603,0.650661,0.446354,-8.85741,-0.333333,0.0421808,-0.0866871,0.605802,5.16667,4.08333,0,0,1.16667,3.91667,7.75,-5.74047,0.0001,-0.00207948,0.0410965,2.01295,0.151812,45410,0.18944,261.52,1.46874
8128,1.77524,0.197365,0.855028,0.430817,0.00394067,0.00101278,0.00394067,0.193644,0.160115,0.520763,0.86364,0.0431812,0.0311929,0.0419977,0.215071,0.0428116,0,1.0808,0.0875078,2.44466,0.160549,0,0.0591423,0.622838,5.10191,0.70971,0.505448,0.509618,2.04717,0.200735,0.211932,0,0.829773,0.439745,0,-0.00138696,0.236879,0.972163,0.361393,0.0431303,0.0432776,0.00492696,0.00446658,0.451037,0.0419239,8.55588,-1.55823,9.29059,0.649126,0.456022,-8.67329,-0.333333,0.0436416,-0.0853856,0.592352,4.91667,3.875,0,0,0.875,3.41667,6.75,-5.741,0.0001,-0.00336753,0.0399984,1.98588,0.148568,46055,0.189416,262.35,1.20451
8129,1.86292,0.198233,0.864683,0.427529,0.00395215,0.00101394,0.00395215,0.195647,0.163565,0.51754,0.872455,0.0435155,0.0303828,0.0422654,0.216204,0.0429856,0,1.08317,0.0894856,2.44052,0.162066,0,0.0606015,0.623723,5.08608,0.708214,0.504103,0.510581,2.04893,0.200864,0.213003,0,0.844301,0.460826,0,-0.00134121,0.237805,0.972175,0.360096,0.04324,0.0435788,0.00488779,0.00442969,0.45227,0.0420847,8.59688,-1.34751,9.36747,0.6456,0.458742,-8.7883,-0.333333,0.0434842,-0.085725,0.595912,4.79167,3.70833,0,0,0.75,3.5,6.41667,-5.74126,0.0001,-0.00212745,0.0414818,1.78829,0.147246,50788,0.189403,260.83,1.22082
8130,1.9024,0.197127,0.844791,0.428368,0.00392798,0.0010107,0.00392798,0.193222,0.158202,0.513344,0.851538,0.043431,0.029161,0.0421389,0.215378,0.0424891,0,1.08595,0.0860957,2.41327,0.159915,0,0.0607035,0.62354,5.10737,0.711031,0.507099,0.506631,2.03407,0.199418,0.212085,0,0.828673,0.417828,0,-0.00124231,0.23781,0.972711,0.36492,0.0430914,0.043512,0.00455282,0.00409963,0.45322,0.0419836,8.58207,-1.04234,9.57277,0.636239,0.45767,-8.99208,-0.333333,0.043828,-0.085127,0.58116,4.875,4.41667,0,0,1.04167,4.29167,7.25,-5.74225,0.0001,-0.00210257,0.0420475,1.95915,0.144145,46738,0.189405,262.42,1.22843
8131,1.93396,0.202641,0.867342,0.436782,0.0039518,0.00104113,0.0039518,0.196882,0.164009,0.517431,0.874296,0.0437208,0.0291394,0.0424083,0.217066,0.0407177,0,1.08861,0.089519,2.41968,0.162183,0,0.0602728,0.624704,5.08681,0.70868,0.504049,0.510366,2.04709,0.205228,0.213954,0,0.843241,0.439463,0,-0.00127931,0.232505,0.972413,0.360186,0.0433566,0.043811,0.00454,0.00403768,0.452439,0.0422411,8.55409,-1.21538,9.53039,0.639884,0.46362,-8.81948,-0.333333,0.0449623,-0.0864108,0.596985,5.5,4.29167,0,0,1.33333,3.58333,6.41667,-5.74458,0.0001,-0.000799707,0.0453371,1.97952,0.145637,46257,0.18943,257.85,1.22091
8132,1.78551,0.197635,0.823224,0.434616,0.00400687,0.0010564,0.00400687,0.195146,0.157728,0.52453,0.829479,0.0439218,0.0300441,0.042663,0.21925,0.0424623,0.00189394,1.08184,0.0839467,2.43958,0.160663,0,0.0602512,0.616021,5.04738,0.703501,0.497137,0.518485,2.08128,0.20028,0.216236,0,0.806345,0.412024,0,-0.00127039,0.239596,0.971962,0.348257,0.0439511,0.0441752,0.00488423,0.0043718,0.448021,0.0427627,8.45452,-1.55884,9.37642,0.647672,0.471153,-8.45506,-0.333333,0.0443135,-0.0840874,0.575155,5.66667,3.29167,0,0,1.08333,3.95833,5.66667,-5.74375,0.0001,-0.00183131,0.0414157,2.01441,0.142853,45568,0.189434,249.46,1.24159
8133,1.81272,0.197376,0.846385,0.428859,0.00398163,0.00105239,0.00398163,0.1943,0.158952,0.515878,0.854653,0.0434527,0.0294682,0.0422504,0.217849,0.0440652,0,1.08627,0.0880291,2.4483,0.1636,0,0.0604816,0.621468,5.08101,0.706729,0.500345,0.514962,2.06773,0.200036,0.214656,0,0.799719,0.455663,0,-0.0012817,0.240894,0.972189,0.356061,0.0434322,0.0435997,0.00545526,0.00499896,0.452624,0.0423013,8.48291,-1.40867,9.36045,0.646097,0.46172,-8.625,-0.333333,0.0450728,-0.0849974,0.575631,5.16667,3.83333,0,0,1.54167,3.625,6.70833,-5.74243,0.0001,-0.00124054,0.0450154,1.93073,0.148936,47269,0.189474,257.78,1.02354
8134,1.65597,0.202713,0.879099,0.435337,0.003962,0.0010786,0.003962,0.196234,0.166186,0.521403,0.885552,0.0431267,0.0306514,0.0420332,0.217089,0.0426914,0,1.086,0.0911761,2.44623,0.155529,0,0.0576327,0.623818,5.10903,0.708921,0.502866,0.511365,2.05483,0.205313,0.213897,0,0.845344,0.467878,0,-0.00135064,0.238616,0.972378,0.357681,0.04334,0.0432858,0.00515579,0.00467533,0.452993,0.0421597,8.57207,-1.69995,9.14813,0.65214,0.44702,-8.57422,-0.333333,0.0459634,-0.0859185,0.60809,4.70833,3.04167,0,0,0.916667,3.625,6.5,-5.7389,0.0001,-0.00152674,0.0463149,1.95793,0.142627,46799,0.189528,258.79,1.40591
8135,1.59611,0.190809,0.835109,0.423659,0.00397034,0.000977759,0.00397034,0.188645,0.156639,0.521911,0.840214,0.0428032,0.0314071,0.0418011,0.213877,0.0447265,0.00853175,1.06781,0.084286,2.44932,0.163343,0,0.0587372,0.624253,5.08941,0.708278,0.501809,0.512559,2.05673,0.192948,0.210397,0,0.791147,0.408671,0,-0.0013305,0.242669,0.972714,0.357306,0.0432445,0.0429983,0.00515073,0.0046918,0.451138,0.0420115,8.42781,-1.76341,9.03412,0.656917,0.443441,-8.49112,-0.333333,0.0419913,-0.0829137,0.575567,5.04167,2.95833,0,0,0.583333,2.95833,6.95833,-5.73685,0.0001,-0.000735712,0.0417052,1.95643,0.141924,46848,0.189557,258.39,1.21477
8136,1.74016,0.19843,0.881027,0.431245,0.00395092,0.00107356,0.00395092,0.195176,0.16547,0.515161,0.887438,0.0429165,0.0319373,0.0418382,0.216228,0.0444086,0,1.08516,0.0908174,2.44354,0.163488,0,0.0588688,0.62478,5.09286,0.70972,0.504161,0.510537,2.04826,0.201647,0.213073,0,0.824501,0.496477,0,-0.00141093,0.239542,0.97196,0.358552,0.0431916,0.0430733,0.00484575,0.0043881,0.453417,0.0419362,8.52756,-1.8423,9.13399,0.654523,0.450498,-8.4744,-0.333333,0.0458953,-0.0857626,0.60333,5.66667,3.20833,0,0,0.875,3.20833,6.95833,-5.73558,0.0001,-0.00121816,0.0442987,1.97005,0.149354,46382,0.189581,263.39,1.42616
8137,1.58242,0.199774,0.871745,0.431349,0.00390727,0.00102919,0.00390727,0.195786,0.162041,0.517512,0.878474,0.0421486,0.0321051,0.0412717,0.212969,0.0426184,0,1.07987,0.0896431,2.46125,0.156589,0,0.055965,0.627922,5.1285,0.712384,0.509665,0.505179,2.02908,0.202764,0.209597,0,0.826747,0.459293,0,-0.00140446,0.234631,0.973224,0.368888,0.0426822,0.04224,0.00464357,0.00420933,0.453075,0.041418,8.44465,-1.88062,8.90179,0.65774,0.432329,-8.62088,-0.333333,0.0449518,-0.0872367,0.608287,4.66667,2.70833,0,0,0.666667,2.45833,7.91667,-5.73545,0.0001,-0.00256467,0.0422611,1.97235,0.149391,46331,0.189551,265.42,1.33632
8138,1.58274,0.200705,0.875976,0.439159,0.00391968,0.0010405,0.00391968,0.197983,0.163795,0.511593,0.882958,0.0423333,0.0321344,0.0414472,0.216125,0.0401757,0,1.09101,0.0902779,2.47867,0.153614,0,0.0556419,0.630028,5.11736,0.712527,0.50808,0.505229,2.0259,0.203161,0.212766,0,0.83484,0.452679,0,-0.00142396,0.230003,0.972876,0.368438,0.0427695,0.0424312,0.00441304,0.00399087,0.454091,0.0414673,8.5593,-1.96126,8.86751,0.660518,0.428798,-8.54778,-0.333333,0.0450494,-0.0878463,0.593586,4.29167,2.20833,0,0,0.625,3.29167,8.04167,-5.7373,0.0001,-0.00273287,0.0403594,1.97096,0.150862,46329,0.189495,266.33,1.36225
8139,1.81028,0.204195,0.894116,0.441138,0.00386569,0.00105815,0.00386569,0.201664,0.165163,0.516126,0.902105,0.0424365,0.03094,0.0413166,0.215005,0.0396413,0,1.10034,0.0924218,2.47208,0.152475,0,0.0566922,0.63342,5.14794,0.715749,0.514922,0.500549,2.00908,0.207025,0.211756,0,0.846843,0.472322,0,-0.00145165,0.226261,0.972697,0.376989,0.0422344,0.0423847,0.00434506,0.00388526,0.452873,0.0410228,8.63776,-1.52223,9.26439,0.645267,0.441247,-8.91757,-0.333333,0.0463216,-0.0901492,0.619014,4.41667,3.41667,0,0,1.375,3.41667,7.20833,-5.73761,0.0001,-0.00204563,0.0430137,1.95291,0.145498,46847,0.189505,266.06,1.37325
8140,1.69644,0.200564,0.856533,0.434572,0.00394209,0.00106479,0.00394209,0.197108,0.161222,0.520437,0.862073,0.0427674,0.0315646,0.0417037,0.218251,0.041603,0,1.09401,0.0882232,2.48075,0.160928,0,0.0578633,0.625563,5.1065,0.710585,0.505267,0.509189,2.03855,0.203324,0.21503,0,0.808316,0.475531,0,-0.00139417,0.234294,0.97242,0.361954,0.0430363,0.042956,0.00448926,0.00400694,0.452829,0.0417552,8.52632,-1.81843,9.10363,0.655113,0.446201,-8.5144,-0.333333,0.0456168,-0.0865977,0.59066,4.91667,2.66667,0,0,0.708333,3.16667,7.16667,-5.73639,0.0001,-0.00170549,0.0418316,1.9507,0.148681,46825,0.189483,260.37,1.3005
8141,1.63302,0.199222,0.874712,0.433478,0.00396433,0.00103412,0.00396433,0.195146,0.16483,0.519626,0.881484,0.0426517,0.0327598,0.0416487,0.216274,0.0442365,0.00260417,1.08315,0.0903799,2.50378,0.168284,0,0.0587863,0.624966,5.09331,0.708069,0.502547,0.512593,2.05616,0.202144,0.213307,0,0.82207,0.470728,0,-0.00133526,0.238881,0.971952,0.35898,0.0431468,0.042964,0.0047935,0.00432293,0.451539,0.041881,8.4125,-2.07004,8.98215,0.660653,0.448037,-8.3272,-0.333333,0.0441535,-0.0856803,0.605948,6,3,0,0,0.916667,3,7.75,-5.73662,0.0001,-0.00140092,0.0420949,1.96548,0.146987,46535,0.189495,258.7,1.4952
8142,1.63969,0.197613,0.875662,0.424288,0.00388385,0.00098988,0.00388385,0.194191,0.161114,0.512402,0.882129,0.0420872,0.0317236,0.041125,0.212652,0.042578,0,1.08687,0.0901147,2.49494,0.160509,0,0.0578585,0.627878,5.13107,0.713603,0.512648,0.501545,2.01979,0.201091,0.20962,0,0.817168,0.496285,0,-0.00149105,0.2366,0.97307,0.372649,0.0423597,0.0421438,0.00454062,0.00410356,0.448789,0.0411374,8.31908,-1.89978,8.98791,0.656009,0.434526,-8.68033,-0.333333,0.0436205,-0.0873246,0.600628,4.83333,3.33333,0,0,1.08333,3.04167,7.83333,-5.73402,0.0001,-0.00329658,0.0405581,1.80965,0.144109,50315,0.189525,270.65,1.47767
8143,1.60866,0.195263,0.879066,0.429889,0.00387366,0.0010052,0.00387366,0.193472,0.161746,0.518348,0.888216,0.0419795,0.0309203,0.0410458,0.211955,0.0408499,0.00245098,1.08403,0.090238,2.46578,0.15403,0,0.0554166,0.636002,5.14252,0.714822,0.513892,0.50247,2.01916,0.197966,0.208707,0,0.812609,0.503247,0,-0.00138823,0.232727,0.972864,0.375215,0.0423132,0.0420952,0.00497258,0.00451466,0.455437,0.0411202,8.62925,-1.68848,9.02758,0.652262,0.429224,-8.79138,-0.333333,0.0439879,-0.0867532,0.611986,4.125,2.91667,0,0,1.08333,2.95833,7.45833,-5.73339,0.0001,-0.00277956,0.0439757,1.97923,0.145718,46261,0.189533,261.43,1.30867
8144,1.73567,0.203647,0.871771,0.439572,0.00397324,0.00107915,0.00397324,0.199842,0.164966,0.515914,0.878803,0.0433901,0.032164,0.0422306,0.218685,0.0423398,0,1.09289,0.0908874,2.46531,0.163321,0,0.0593483,0.620836,5.0772,0.70688,0.501415,0.51328,2.06486,0.206521,0.215794,0,0.839069,0.457044,0,-0.00132013,0.233067,0.971962,0.354616,0.0436039,0.0435956,0.00436847,0.00388507,0.450049,0.0423135,8.43807,-1.8583,9.11228,0.658502,0.455036,-8.44378,-0.333333,0.0463185,-0.0873833,0.595444,5.54167,2.91667,0,0,0.916667,3.41667,6.41667,-5.73311,0.0001,-0.00184521,0.0423921,1.93825,0.142523,47243,0.18952,257.39,1.28002
8145,1.5514,0.194925,0.865554,0.431703,0.00393002,0.00102804,0.00393002,0.191282,0.160447,0.518546,0.871659,0.0421456,0.0319747,0.0412911,0.214884,0.0441363,0.00245098,1.08325,0.088136,2.44805,0.159615,0,0.0567505,0.630786,5.12427,0.711632,0.506783,0.508913,2.03289,0.197167,0.211629,0,0.823495,0.44852,0,-0.0014316,0.238652,0.972486,0.363911,0.0428055,0.0423284,0.00491462,0.00448107,0.452968,0.0415421,8.56083,-2.10063,8.79587,0.664247,0.428479,-8.46245,-0.333333,0.0447319,-0.0851226,0.5982,5.25,2.58333,0,0,0.75,2.75,8.25,-5.73558,0.0001,-0.00187665,0.043125,1.93642,0.150817,47097,0.189478,270.35,1.31496
8146,1.55506,0.200031,0.882077,0.440225,0.00387624,0.0010168,0.00387624,0.196376,0.162622,0.512964,0.889979,0.0418965,0.0321469,0.0410541,0.213419,0.0416511,0.00189394,1.08934,0.0912557,2.48615,0.157719,0,0.0558527,0.634453,5.14281,0.714642,0.513532,0.502336,2.01798,0.203091,0.210136,0,0.827545,0.484379,0,-0.00147452,0.230292,0.973009,0.374227,0.0423747,0.0419617,0.004381,0.00398578,0.450288,0.041072,8.48468,-2.07815,8.80559,0.662789,0.424607,-8.63627,-0.333333,0.0445969,-0.0881077,0.602483,4.54167,2.875,0,0,0.75,2.375,8.33333,-5.73795,0.0001,-0.0013382,0.0399521,1.92763,0.139248,47561,0.189505,266.37,1.34914
8147,1.61256,0.2028,0.894763,0.437876,0.00390521,0.00104348,0.00390521,0.196029,0.165858,0.51271,0.903288,0.0420867,0.0325685,0.041212,0.215493,0.0398818,0,1.09693,0.0927076,2.4519,0.154471,0,0.0558617,0.630597,5.13921,0.713647,0.509948,0.505011,2.0241,0.205928,0.212462,0,0.849712,0.48896,0,-0.00146707,0.234153,0.973106,0.368802,0.0426032,0.0421853,0.00458815,0.00417436,0.452332,0.041313,8.40706,-2.11122,8.80817,0.662574,0.425327,-8.55527,-0.333333,0.0454585,-0.0874315,0.606339,4.66667,2.29167,0,0,0.875,2.79167,8.16667,-5.73502,0.0001,-0.00148367,0.0448292,1.93999,0.141073,47237,0.189544,263.14,1.52899
8148,1.67164,0.194155,0.841012,0.422185,0.0039502,0.000991647,0.0039502,0.194723,0.157254,0.511761,0.847447,0.0427934,0.0316941,0.0417788,0.216928,0.0435038,0.00277778,1.08803,0.0864565,2.4587,0.164103,0,0.0580015,0.62375,5.10095,0.709314,0.50425,0.510105,2.05061,0.196617,0.213783,0,0.797194,0.448147,0,-0.00130854,0.23618,0.972159,0.358925,0.0432338,0.0430294,0.0045563,0.00407922,0.450244,0.0419567,8.52914,-1.89074,9.02339,0.660002,0.445237,-8.53054,-0.333333,0.0427796,-0.0859348,0.573976,5.375,3.16667,0,0,1.08333,2.95833,7.375,-5.73182,0.0001,-0.00163485,0.0410396,1.93861,0.141731,47253,0.189535,259.69,1.10682
8149,1.53965,0.196689,0.855782,0.434998,0.00395814,0.00102532,0.00395814,0.191431,0.160812,0.520767,0.862859,0.042549,0.0329381,0.0416206,0.218059,0.0452391,0.0109465,1.09107,0.0885819,2.47066,0.161048,0,0.0579985,0.623919,5.10173,0.709073,0.503259,0.512758,2.06213,0.19928,0.214962,0,0.801926,0.45665,0,-0.00138096,0.242311,0.972003,0.355368,0.043266,0.0428281,0.00551272,0.00504798,0.454094,0.0419828,8.47691,-2.19206,8.85971,0.665867,0.439437,-8.30589,-0.333333,0.0441747,-0.0843617,0.593216,5.625,2.79167,0,0,0.708333,3.29167,8.625,-5.73137,0.0001,-0.00142557,0.046258,1.93198,0.146708,47291,0.189536,257.1,1.51724
8150,1.48385,0.195673,0.844271,0.421165,0.00395029,0.000959781,0.00395029,0.192857,0.158398,0.517255,0.850413,0.0422999,0.0328997,0.0414777,0.214811,0.0449145,0.00320513,1.07769,0.0856577,2.4779,0.166907,0,0.056878,0.627745,5.1081,0.709661,0.504282,0.512821,2.05952,0.198225,0.211617,0,0.836891,0.4269,0,-0.00142954,0.23865,0.972047,0.357503,0.04317,0.042534,0.00458623,0.0041177,0.45416,0.0418667,8.60334,-2.27551,8.75423,0.667491,0.430243,-8.30236,-0.333333,0.0413652,-0.0850051,0.584367,5.41667,2.25,0,0,1,2.45833,7.375,-5.72906,0.0001,-0.00214635,0.044007,1.95931,0.142162,46778,0.189554,258.57,0.943397
8151,1.56403,0.196606,0.86217,0.43051,0.00393856,0.000994577,0.00393856,0.193304,0.160828,0.515572,0.867435,0.0424616,0.032962,0.0415475,0.215815,0.0430945,0.00486111,1.08571,0.0889802,2.45133,0.162415,0,0.0575469,0.62593,5.11027,0.710265,0.50571,0.510217,2.04606,0.19974,0.212828,0,0.820499,0.457855,0,-0.00144348,0.237397,0.972104,0.359012,0.0431156,0.0426506,0.00458023,0.00412058,0.452473,0.0417954,8.50243,-2.19053,8.87057,0.663296,0.433341,-8.36863,-0.333333,0.0430301,-0.0851794,0.590076,5.41667,2.20833,0,0,0.708333,3.29167,7.66667,-5.72835,0.0001,-0.00123474,0.0448403,1.96009,0.141679,46772,0.189559,256.53,1.27541
8152,1.54095,0.198497,0.869186,0.428074,0.00396391,0.00106426,0.00396391,0.19368,0.163478,0.520682,0.876484,0.0425723,0.0335434,0.0416547,0.218461,0.0453739,0.00678257,1.09336,0.0901549,2.44513,0.165378,0,0.0581813,0.623001,5.08564,0.707324,0.502556,0.512199,2.06018,0.202337,0.215508,0,0.831057,0.449335,0,-0.001391,0.241282,0.971611,0.353142,0.0434059,0.0428658,0.00490169,0.00444528,0.451636,0.0420685,8.55941,-2.28326,8.82109,0.667317,0.437466,-8.21333,-0.333333,0.0453141,-0.0849444,0.600858,6.20833,2.45833,0,0,1.04167,2.75,7.29167,-5.73006,0.0001,-0.00198406,0.0436191,1.95668,0.141933,46842,0.189569,254.02,1.44159
8153,1.55505,0.205268,0.86357,0.445987,0.00399624,0.00114105,0.00399624,0.201018,0.163782,0.519701,0.870511,0.0429671,0.0339155,0.0420196,0.221555,0.0410269,0.00260417,1.09966,0.088304,2.43255,0.157477,0,0.0562283,0.622803,5.08602,0.70669,0.49848,0.51733,2.07258,0.208618,0.218558,0,0.853417,0.437885,0,-0.00145532,0.230438,0.971355,0.348519,0.0437139,0.0431404,0.00485083,0.00438456,0.450391,0.0423225,8.59416,-2.38217,8.74381,0.672536,0.437427,-8.1383,-0.333333,0.0480983,-0.087782,0.588208,5.83333,2,0,0,0.666667,3.125,7.33333,-5.7301,0.0001,-0.00113574,0.0462351,1.94357,0.143357,47104,0.189602,255.26,1.08259
8154,1.48281,0.196318,0.879384,0.424246,0.00387913,0.000953709,0.00387913,0.194682,0.162608,0.511168,0.8892,0.0417893,0.0346028,0.0409648,0.214649,0.0445502,0.00818603,1.09504,0.0914363,2.48284,0.163994,0,0.0569541,0.632509,5.14419,0.714367,0.513181,0.502503,2.02755,0.199621,0.211459,0,0.833223,0.466103,0,-0.00154906,0.23715,0.97221,0.367603,0.04256,0.0418978,0.00476651,0.00433073,0.456048,0.0412014,8.67791,-2.28811,8.69733,0.669396,0.422387,-8.5271,-0.333333,0.0421836,-0.0870333,0.601298,4.875,1.83333,0,0,0.791667,2.58333,7.625,-5.72921,0.0001,-0.00249137,0.0421874,1.90263,0.148133,47935,0.189594,263.47,1.3969
8155,1.48073,0.200373,0.843279,0.433216,0.00399956,0.00106881,0.00399956,0.195277,0.160699,0.521184,0.851724,0.0428042,0.034013,0.0418797,0.219848,0.0455909,0.00378788,1.08941,0.0873079,2.42602,0.165097,0,0.0579055,0.620084,5.07799,0.705946,0.498196,0.516546,2.07504,0.203609,0.216758,0,0.819129,0.405314,0,-0.00142561,0.243943,0.971605,0.346599,0.0436951,0.0430798,0.00526398,0.00478443,0.45219,0.0423743,8.59377,-2.34229,8.76694,0.670838,0.442949,-8.121,-0.333333,0.0451948,-0.0848611,0.582595,5.95833,2.41667,0,0,0.291667,3.33333,8.04167,-5.72809,0.0001,-0.000570767,0.0470958,1.81945,0.123029,50607,0.189621,253.68,1.13142
8156,1.54007,0.197134,0.863882,0.430474,0.00400791,0.00106752,0.00400791,0.197298,0.16327,0.520543,0.870549,0.0430795,0.034411,0.0421171,0.219683,0.043064,0.00219298,1.08974,0.089734,2.40165,0.161899,0,0.0578013,0.620392,5.07596,0.706056,0.497009,0.517679,2.07328,0.200177,0.216809,0,0.812426,0.463964,0,-0.00137949,0.235504,0.971291,0.346029,0.0438176,0.0433181,0.00492883,0.00448467,0.450033,0.042444,8.57597,-2.36201,8.79783,0.670848,0.443798,-8.10561,-0.333333,0.0453957,-0.0863343,0.593128,5.91667,2.04167,0,0,0.666667,3.45833,7.04167,-5.72742,0.0001,-0.00123676,0.0394571,1.90931,0.140171,47965,0.189633,259.39,1.2367
8157,1.53546,0.200606,0.872849,0.431462,0.00400676,0.00106346,0.00400676,0.198673,0.16693,0.522286,0.881904,0.0431195,0.0347757,0.0421571,0.220724,0.0429316,0.00320513,1.09171,0.091743,2.4132,0.163254,0,0.0572908,0.622409,5.07657,0.706139,0.497152,0.51869,2.08214,0.204092,0.217784,0,0.810886,0.489938,0,-0.00145948,0.23767,0.971227,0.345281,0.0438866,0.0433767,0.0053449,0.0048307,0.455208,0.042551,8.68289,-2.37979,8.835,0.668449,0.446635,-8.05702,-0.333333,0.0449339,-0.0858049,0.597316,5.91667,1.625,0,0,0.583333,3.125,6.75,-5.72836,0.0001,-0.00197227,0.043676,1.93383,0.140533,47390,0.189633,261.89,1.34878
8158,1.469,0.200594,0.880791,0.434237,0.00393469,0.00100792,0.00393469,0.195001,0.165915,0.519625,0.888539,0.0423618,0.0341505,0.0414636,0.216474,0.0454677,0,1.08695,0.0916434,2.44511,0.168406,0,0.0582464,0.62291,5.10679,0.711658,0.506197,0.506808,2.02899,0.203843,0.21324,0,0.838855,0.485909,0,-0.00149417,0.237789,0.971246,0.360187,0.0429856,0.0424716,0.00495425,0.00449131,0.457514,0.0416876,8.90292,-2.24094,8.78419,0.667632,0.431512,-8.38903,-0.333333,0.0432879,-0.085814,0.610901,5,1.875,0,0,0.416667,2.91667,7.04167,-5.72729,0.0001,-0.00211519,0.0439322,1.94003,0.143467,47182,0.189665,260.83,1.35814
8159,1.61856,0.202722,0.875124,0.434457,0.00390701,0.001019,0.00390701,0.198924,0.163565,0.510723,0.880158,0.0422984,0.0345435,0.0413592,0.216581,0.043478,0.00320513,1.09523,0.0899985,2.42581,0.159108,0,0.0573867,0.630012,5.13027,0.712955,0.50967,0.505481,2.02962,0.20547,0.213476,0,0.821941,0.433413,0,-0.00151577,0.23634,0.972093,0.362035,0.0429376,0.0424091,0.00502485,0.00459251,0.455971,0.0416204,8.6587,-2.21153,8.81579,0.666913,0.431024,-8.48814,-0.333333,0.0441384,-0.0875636,0.594013,4.375,1.83333,0,0,0.5,2.70833,6.83333,-5.72423,0.0001,-0.00157581,0.0442259,1.93754,0.147031,47157,0.189722,266.98,1.56567
8160,1.50096,0.194874,0.854391,0.432589,0.00387894,0.00102391,0.00387894,0.191361,0.157612,0.519704,0.86162,0.0417825,0.0327623,0.0409181,0.212638,0.0455361,0.00491898,1.08305,0.0861494,2.43067,0.161179,0,0.0572987,0.631989,5.15102,0.71385,0.513193,0.504926,2.02307,0.197492,0.209288,0,0.806558,0.453072,0,-0.00145586,0.24368,0.972481,0.370853,0.0423164,0.0418842,0.00554272,0.00511248,0.45652,0.0411187,8.86427,-1.98126,8.88146,0.658129,0.423356,-8.6727,-0.333333,0.0448226,-0.0856144,0.595055,4.04167,2.29167,0,0,0.583333,3.33333,7.75,-5.72006,0.0001,-0.00165001,0.0426475,1.95347,0.144513,46856,0.189771,260.49,1.54168
8161,1.66235,0.198007,0.874398,0.433539,0.00395397,0.00104927,0.00395397,0.198939,0.163355,0.511209,0.881808,0.0428331,0.0329687,0.0418588,0.218666,0.0423465,0.00464396,1.09807,0.0900645,2.45512,0.161399,0,0.0576003,0.621079,5.10238,0.709551,0.503803,0.509311,2.0514,0.200929,0.215616,0,0.836006,0.472052,0,-0.00145927,0.230078,0.971177,0.359427,0.0432309,0.0429042,0.00490375,0.00444442,0.454496,0.0418932,8.94293,-2.02052,8.87606,0.666083,0.439059,-8.46801,-0.333333,0.045501,-0.0880833,0.595864,5.20833,2.625,0,0,1.08333,3,7.70833,-5.71843,0.0001,-0.00159583,0.0462137,2.00731,0.147502,45620,0.189771,258.32,1.11506
8162,1.50847,0.198866,0.910743,0.425832,0.00386134,0.000963318,0.00386134,0.198305,0.167705,0.509533,0.917413,0.0414621,0.0336609,0.0406358,0.212921,0.0437367,0.00181159,1.0913,0.0941304,2.42924,0.163463,0,0.0565085,0.637002,5.16484,0.718218,0.515432,0.498124,2.00018,0.201927,0.209714,0,0.862794,0.525762,0,-0.00161615,0.230748,0.971072,0.374842,0.0420326,0.0414299,0.00479868,0.0043456,0.461457,0.0407388,9.08651,-2.30252,8.74483,0.665208,0.420943,-8.54512,-0.333333,0.0426661,-0.088739,0.623927,4.79167,2.41667,0,0,0.583333,3.20833,8,-5.71774,0.0001,-0.00199558,0.0446638,1.98437,0.1434,46200,0.189789,266.8,1.38745
8163,1.58063,0.19365,0.822534,0.427608,0.00392845,0.00103579,0.00392845,0.194801,0.153474,0.519636,0.828239,0.0422575,0.0335035,0.0413452,0.216851,0.0463227,0,1.09348,0.0831724,2.46507,0.16329,0,0.0583613,0.624564,5.11539,0.710882,0.50698,0.507913,2.04206,0.196407,0.213786,0,0.807885,0.402042,0,-0.00145927,0.23911,0.971765,0.360927,0.042919,0.042421,0.00538327,0.00492157,0.454626,0.0416339,8.74926,-2.21466,8.81185,0.665768,0.432301,-8.41391,-0.333333,0.0449303,-0.0862457,0.567618,5.375,2.125,0,0,0.708333,3,8.45833,-5.71465,0.0001,-0.00137267,0.0425456,1.97073,0.144388,46476,0.189828,259.09,0.994362
8164,1.57163,0.195187,0.846463,0.429487,0.0039215,0.0010372,0.0039215,0.196558,0.157847,0.518757,0.854829,0.0423667,0.0324353,0.0414148,0.215518,0.0449136,0,1.08811,0.0868673,2.46857,0.164517,0,0.0585343,0.628501,5.12297,0.711263,0.507851,0.506795,2.04368,0.19823,0.212343,0,0.816094,0.43524,0,-0.00147741,0.234546,0.971158,0.363731,0.0427761,0.0424296,0.0049164,0.00447609,0.458636,0.041509,9.03299,-2.03545,8.87148,0.664725,0.432548,-8.5569,-0.333333,0.0449019,-0.0868469,0.588482,4.79167,2.875,0,0,1,3.70833,8.625,-5.70969,0.0001,-0.00151981,0.0431498,1.95225,0.144672,46880,0.189889,267.04,1.56037
8165,1.65882,0.199173,0.864303,0.428854,0.0039682,0.00103795,0.0039682,0.197606,0.163034,0.514442,0.871071,0.0428481,0.0331251,0.0418585,0.217703,0.044617,0.00245098,1.08729,0.0902278,2.44115,0.162184,0,0.0586394,0.623724,5.09967,0.70893,0.501991,0.513215,2.06097,0.202337,0.214592,0,0.813848,0.465791,0,-0.00141162,0.23866,0.971288,0.355008,0.0433647,0.043032,0.00563261,0.00520061,0.457058,0.0420773,8.78885,-2.09426,8.9057,0.665115,0.443539,-8.3506,-0.333333,0.0444205,-0.08659,0.58477,5.66667,2.20833,0,0,0.583333,2.75,7.20833,-5.7051,0.0001,-0.0014808,0.0392471,1.92749,0.143202,47474,0.189903,255.69,1.25246
8166,1.5555,0.203217,0.909658,0.436019,0.00392792,0.00102182,0.00392792,0.200774,0.170466,0.518018,0.917986,0.0423138,0.0344751,0.0414129,0.217121,0.0426908,0.00208333,1.09606,0.096061,2.43747,0.160623,0,0.0561822,0.629577,5.12029,0.711434,0.507065,0.507924,2.04161,0.206967,0.214194,0,0.857816,0.501887,0,-0.00159091,0.233089,0.970855,0.359461,0.042981,0.0424273,0.00519911,0.00473549,0.457418,0.0416356,8.88344,-2.52506,8.68975,0.672743,0.43122,-8.25383,-0.333333,0.0443259,-0.0886143,0.622307,6.04167,1.95833,0,0,0.916667,2.70833,7.875,-5.70452,0.0001,-0.000855179,0.0380115,1.94917,0.143212,46981,0.189906,268.48,1.60201
8167,1.62125,0.200989,0.840798,0.436759,0.00394161,0.00107908,0.00394161,0.201824,0.157472,0.518246,0.84767,0.0426263,0.0340958,0.0416576,0.217549,0.042039,0,1.09371,0.0857822,2.44997,0.158715,0,0.0566225,0.625668,5.10568,0.710733,0.505333,0.508434,2.04268,0.204209,0.214563,0,0.814219,0.37681,0,-0.00154652,0.23106,0.97083,0.359896,0.0430566,0.0426814,0.00524195,0.00478863,0.460132,0.04169,8.95274,-2.28889,8.79506,0.669078,0.434719,-8.34909,-0.333333,0.046284,-0.0889058,0.578922,6,2.29167,0,0,0.875,2.95833,7.58333,-5.70411,0.0001,-0.00223656,0.0426305,1.93822,0.141713,47262,0.189886,264.68,1.37406
8168,1.47995,0.198939,0.87129,0.438759,0.00390444,0.00101406,0.00390444,0.196863,0.161141,0.518511,0.878823,0.0420404,0.034541,0.0411931,0.214101,0.0428474,0.00198413,1.08565,0.0880425,2.42912,0.155155,0,0.0555341,0.632094,5.1341,0.712597,0.510001,0.506783,2.03972,0.202119,0.210941,0,0.825551,0.446319,0,-0.00163267,0.229743,0.971432,0.365873,0.0426207,0.0419448,0.00514264,0.00466797,0.458357,0.0412428,8.90712,-2.31544,8.67152,0.671403,0.424164,-8.46294,-0.333333,0.0442917,-0.0879702,0.604226,4.79167,1.75,0,0,0.75,2.625,7.375,-5.70286,0.0001,-0.00267794,0.0450987,1.99276,0.143642,46013,0.189885,259.76,1.33616
8169,1.62253,0.198455,0.854681,0.438795,0.00393405,0.00102139,0.00393405,0.195105,0.158978,0.521406,0.861127,0.0426794,0.0332739,0.0416983,0.216134,0.0444199,0,1.08913,0.0862074,2.43537,0.159236,0,0.057382,0.627563,5.11043,0.709977,0.506306,0.51095,2.0549,0.200951,0.213031,0,0.835117,0.445183,0,-0.0014746,0.234331,0.971017,0.360655,0.0431034,0.0427071,0.00515136,0.00468467,0.458139,0.04179,8.98401,-2.04246,8.88274,0.667103,0.43417,-8.53102,-0.333333,0.0442635,-0.0867746,0.594478,4.75,2.375,0,0,0.958333,2.29167,6.41667,-5.70224,0.0001,-0.0024021,0.046272,1.81846,0.150882,49917,0.189866,259.89,1.33737
8170,1.5206,0.193701,0.84524,0.427193,0.00395585,0.000968618,0.00395585,0.195312,0.157207,0.510933,0.8517,0.0423976,0.0339576,0.0415313,0.215012,0.0455925,0.00198413,1.07826,0.0863131,2.41343,0.166861,0,0.0571584,0.623108,5.1179,0.71137,0.503553,0.510097,2.0524,0.197092,0.211888,0,0.791657,0.442457,0,-0.00153837,0.233529,0.970688,0.358641,0.0430779,0.0424208,0.00458454,0.00413892,0.457154,0.0416682,8.97939,-2.35528,8.6556,0.674988,0.432728,-8.2641,-0.333333,0.0418936,-0.0864261,0.572606,4.83333,2,0,0,0.875,2.75,7.625,-5.70371,0.0001,-0.00138774,0.0462581,2.00517,0.149194,45630,0.189879,258.09,1.28665
8171,1.56578,0.197986,0.840918,0.428753,0.00403765,0.00103277,0.00403765,0.190693,0.160603,0.523474,0.847629,0.0431901,0.0339749,0.04216,0.219193,0.0479908,0,1.08098,0.0868969,2.42514,0.170837,0,0.0607794,0.613321,5.05316,0.703437,0.493345,0.520554,2.09718,0.20131,0.216479,0,0.816988,0.434256,0,-0.00132099,0.25077,0.970499,0.342809,0.0439257,0.0435359,0.00598087,0.00550207,0.457657,0.0426619,8.85848,-2.27821,8.84163,0.670238,0.450152,-8.04544,-0.333333,0.0434804,-0.0826156,0.578799,5.91667,2.08333,0,0,0.791667,3.25,6.79167,-5.70486,0.0001,-0.000624058,0.0454275,1.99849,0.149525,45765,0.189875,263.66,1.27323
8172,1.56251,0.200289,0.870863,0.437981,0.00397387,0.00110156,0.00397387,0.196607,0.16381,0.516497,0.875888,0.04283,0.0338772,0.0418882,0.219569,0.0430788,0.00208333,1.09498,0.0890674,2.40152,0.158795,0,0.0575877,0.623402,5.09556,0.708652,0.501304,0.5133,2.06329,0.203137,0.216594,0,0.831122,0.44806,0,-0.00143746,0.235688,0.971459,0.353976,0.0434485,0.0429879,0.00523074,0.0047573,0.457725,0.0421549,8.81683,-2.20329,8.85526,0.666382,0.439775,-8.26581,-0.333333,0.0469318,-0.0861105,0.596172,6.20833,2.25,0,0,0.875,2.91667,8.04167,-5.70488,0.0001,-0.00132369,0.0441232,1.98385,0.144861,46180,0.189879,256.26,1.1488
8173,1.55185,0.202176,0.913741,0.441499,0.00389917,0.00105086,0.00389917,0.19958,0.170009,0.515817,0.921147,0.0420086,0.0336431,0.041155,0.215185,0.0437137,0.00667735,1.09075,0.0947517,2.41497,0.154928,0,0.0555449,0.631527,5.14016,0.713915,0.510653,0.504204,2.025,0.204868,0.211942,0,0.856301,0.528939,0,-0.00153019,0.232109,0.97199,0.367633,0.0425904,0.0420218,0.00512866,0.004676,0.45806,0.0412907,8.92128,-2.11667,8.83174,0.663765,0.425838,-8.5358,-0.333333,0.0454416,-0.0884897,0.632094,5.08333,2.125,0,0,1.08333,2.58333,7.95833,-5.70486,0.0001,-2.71097e-05,0.0395808,1.99459,0.151184,45812,0.189917,267.64,1.42074
8174,1.56964,0.192128,0.846778,0.42543,0.00393639,0.00101979,0.00393639,0.192872,0.158491,0.517505,0.852982,0.0424652,0.0334139,0.041523,0.215389,0.0474074,0.00378788,1.08259,0.0861794,2.39257,0.169493,0,0.0585907,0.625532,5.11255,0.710711,0.505991,0.508964,2.04574,0.194405,0.212227,0,0.79739,0.440526,0,-0.00147231,0.240003,0.971199,0.359834,0.0429479,0.0425138,0.00493746,0.00445354,0.458838,0.0416519,9.02314,-1.88194,8.94004,0.662889,0.437177,-8.54075,-0.333333,0.0438352,-0.0851544,0.586129,4.66667,2.5,0,0,0.958333,2.41667,7.625,-5.70264,0.0001,-0.00188759,0.0415461,1.96741,0.14539,46527,0.189913,262.77,1.33299
8175,1.55336,0.202603,0.881185,0.434222,0.00394878,0.00104471,0.00394878,0.203761,0.165284,0.518264,0.887533,0.042716,0.0324577,0.0417451,0.218349,0.0423568,0,1.09693,0.0926853,2.42421,0.160307,0,0.0569082,0.624235,5.10458,0.710377,0.504462,0.509041,2.0441,0.205192,0.215205,0,0.822487,0.471198,0,-0.00151335,0.228897,0.970975,0.362204,0.0429851,0.0426992,0.00510689,0.00460512,0.459557,0.0417073,9.03747,-2.01037,8.96053,0.660551,0.441339,-8.44374,-0.333333,0.0452556,-0.0899106,0.607742,5.16667,2.625,0,0,1.16667,3.58333,7.58333,-5.70106,0.0001,-0.00116485,0.0377717,1.98589,0.151884,45984,0.189898,262.9,1.58681
8176,1.51208,0.198439,0.883398,0.430558,0.00388678,0.00101247,0.00388678,0.192767,0.164225,0.518605,0.891179,0.0416412,0.0327043,0.0408474,0.213101,0.0447024,0,1.08385,0.0907158,2.39695,0.163642,0,0.0565339,0.634615,5.1457,0.714299,0.512208,0.503473,2.01294,0.201698,0.209825,0,0.838024,0.493431,0,-0.00159027,0.239261,0.97179,0.372198,0.0421396,0.0416368,0.00545086,0.00499912,0.460959,0.0409226,9.02326,-2.15116,8.82597,0.660839,0.420823,-8.51881,-0.333333,0.0440467,-0.0859687,0.612509,4.83333,1.875,0,0,0.458333,2.29167,8.54167,-5.69934,0.0001,-0.00186076,0.0368381,1.99863,0.147452,45806,0.189939,262.8,1.44606
8177,1.58633,0.200481,0.912226,0.432601,0.00388432,0.00103832,0.00388432,0.199076,0.16937,0.518268,0.916994,0.0420637,0.0331788,0.0411347,0.214195,0.043602,0.00974026,1.09154,0.0945345,2.38617,0.160163,0,0.0570106,0.633328,5.15152,0.715232,0.512518,0.503481,2.01666,0.203155,0.211009,0,0.860765,0.513901,0,-0.00157407,0.234115,0.971522,0.371344,0.0423386,0.0419963,0.00521995,0.0047777,0.458466,0.0410946,9.00459,-1.98569,8.95865,0.658092,0.431302,-8.60447,-0.333333,0.0452772,-0.0886438,0.630661,4.91667,2.5,0,0,1.04167,2.91667,8.25,-5.69905,0.0001,-0.00191254,0.0425741,1.96306,0.147738,46571,0.189948,262.61,1.42406
8178,1.63978,0.198326,0.883853,0.44208,0.00387617,0.00105492,0.00387617,0.196081,0.163052,0.514959,0.892395,0.0421266,0.032378,0.0411858,0.214041,0.0435173,0,1.09398,0.090478,2.36315,0.157908,0,0.0567552,0.632665,5.13729,0.714066,0.513541,0.501952,2.0176,0.201387,0.210947,0,0.840999,0.474502,0,-0.00148151,0.232232,0.971864,0.374081,0.0423519,0.0420897,0.00503228,0.00459554,0.459791,0.0411417,9.0012,-1.73867,9.0971,0.651328,0.428474,-8.7235,-0.333333,0.0463436,-0.0878583,0.611227,4.875,2.91667,0,0,1.25,2.66667,8.54167,-5.70079,0.0001,-0.00258168,0.0434435,1.96344,0.147926,46559,0.18991,258.53,1.33583
8179,1.69274,0.198997,0.879682,0.44144,0.00388215,0.00105444,0.00388215,0.198652,0.16287,0.507253,0.886078,0.042197,0.0317902,0.0412339,0.21523,0.041347,0.00277778,1.09586,0.0895895,2.41139,0.159492,0,0.0561975,0.63457,5.15038,0.716063,0.512837,0.500061,2.01203,0.201803,0.212224,0,0.832724,0.499391,0,-0.00151407,0.226813,0.972306,0.373245,0.0423089,0.0421274,0.00445421,0.00398142,0.455881,0.0411289,8.83315,-1.75491,9.10089,0.651598,0.431474,-8.74774,-0.333333,0.0456609,-0.088686,0.594495,4,2.58333,0,0,1.33333,2.54167,7.70833,-5.70283,0.0001,-0.00106588,0.048339,1.96271,0.151175,46504,0.189882,271.52,1.36125
8180,1.59472,0.195049,0.872329,0.433022,0.00388628,0.00105919,0.00388628,0.194961,0.159625,0.511675,0.880123,0.0418542,0.031322,0.0409976,0.213552,0.0426781,0,1.08949,0.0891087,2.41786,0.162009,0,0.0561694,0.63065,5.15083,0.715769,0.512305,0.500923,2.0162,0.197662,0.210291,0,0.807176,0.503779,0,-0.00154426,0.233425,0.972372,0.375146,0.0421504,0.0417868,0.00515609,0.00473585,0.454908,0.0409825,8.87658,-1.81613,8.95998,0.65479,0.425518,-8.71858,-0.333333,0.0461637,-0.0877008,0.599362,3.83333,2.66667,0,0,1.125,2.375,8.20833,-5.70285,0.0001,-0.00224796,0.0483671,1.97695,0.145554,46315,0.18991,268.14,1.4951
8181,1.66935,0.193113,0.804692,0.430167,0.00404423,0.00108045,0.00404423,0.194126,0.153696,0.523869,0.814025,0.043919,0.0309693,0.0427976,0.220793,0.0436334,0,1.08218,0.0820635,2.40574,0.166316,0,0.0594764,0.610755,5.04287,0.702266,0.492448,0.521878,2.09546,0.196033,0.21795,0,0.774962,0.379212,0,-0.00130917,0.240416,0.971448,0.345549,0.0440751,0.044137,0.00485767,0.00436103,0.449033,0.0428337,8.7102,-1.69495,9.23916,0.652093,0.459377,-8.22281,-0.333333,0.0454276,-0.0836827,0.557214,4.95833,2.66667,0,0,0.791667,3.45833,6.20833,-5.70167,0.0001,-0.00155489,0.0455936,1.75086,0.121195,52511,0.189978,252.8,0.900527
8182,1.61579,0.197341,0.858196,0.427456,0.00398315,0.00103982,0.00398315,0.198053,0.162707,0.521601,0.864249,0.043019,0.0323762,0.0419621,0.218475,0.0448604,0.00565611,1.08618,0.0897792,2.39836,0.168605,0,0.0587676,0.622003,5.0844,0.707248,0.500114,0.514967,2.06767,0.200645,0.215561,0,0.788224,0.451351,0,-0.00143191,0.2382,0.971126,0.353612,0.0433263,0.0431391,0.00469415,0.00420589,0.454629,0.0420821,8.80988,-1.9116,9.16169,0.654493,0.450408,-8.32226,-0.333333,0.0444982,-0.086152,0.597151,5.20833,3,0,0,1.125,3.66667,6.875,-5.69794,0.0001,-0.00133905,0.0438275,1.66765,0.125883,54810,0.19,259.37,1.42712
8183,1.52482,0.200045,0.869757,0.438183,0.00392175,0.00106788,0.00392175,0.197579,0.161632,0.517988,0.874922,0.0424037,0.0326483,0.0414772,0.214606,0.0407208,0,1.08464,0.0873564,2.39153,0.157023,0,0.0558402,0.624878,5.11373,0.71253,0.507828,0.506335,2.03119,0.202166,0.211429,0,0.841258,0.442073,0,-0.0014661,0.230892,0.972099,0.367094,0.0427313,0.0424043,0.00461166,0.00418739,0.454077,0.0414342,8.79558,-1.92166,8.96813,0.658315,0.432529,-8.55318,-0.333333,0.0461952,-0.0877283,0.600501,4.16667,2.29167,0,0,0.541667,2.95833,7.83333,-5.69672,0.0001,-0.00127902,0.0448748,1.65515,0.12528,55213,0.189996,263.84,1.31747
8184,1.51983,0.197718,0.871114,0.431088,0.00387485,0.00106491,0.00387485,0.196158,0.160965,0.514467,0.87764,0.0415603,0.0332104,0.0407415,0.215135,0.0423074,0,1.09937,0.0900103,2.40567,0.160589,0,0.0562546,0.635165,5.15147,0.716492,0.513706,0.500247,2.0141,0.200471,0.212036,0,0.826248,0.479336,0,-0.00153909,0.236343,0.972334,0.372545,0.0421534,0.0416465,0.00509899,0.00468258,0.457221,0.0409197,8.73589,-2.13155,8.89282,0.657974,0.422829,-8.52169,-0.333333,0.0466765,-0.0875994,0.599295,5,2.125,0,0,0.541667,2.66667,8.83333,-5.69701,0.0001,-0.00073706,0.0444429,1.6665,0.123642,54914,0.189992,264.03,1.4512
8185,1.54587,0.198322,0.855575,0.432168,0.00395429,0.00107552,0.00395429,0.200202,0.161465,0.5148,0.862349,0.0424358,0.0338051,0.0415414,0.21963,0.0416686,0,1.09864,0.0881517,2.42536,0.159796,0,0.0560688,0.626622,5.11565,0.71147,0.503737,0.508273,2.04496,0.201115,0.216614,0,0.827845,0.427139,0,-0.00153729,0.231802,0.971815,0.360397,0.0429322,0.0425422,0.00496442,0.00450209,0.455918,0.0416265,8.72319,-2.24872,8.93181,0.66004,0.436645,-8.21388,-0.333333,0.0462239,-0.0878094,0.585183,4.91667,2.08333,0,0,0.666667,2.625,7.54167,-5.69929,0.0001,-0.00125128,0.046214,1.63046,0.122357,56083,0.189973,254.58,1.12597
8186,1.4821,0.203891,0.865595,0.444264,0.00398026,0.00118063,0.00398026,0.200989,0.16393,0.51892,0.872677,0.0425,0.0340023,0.0416116,0.220646,0.0414812,0,1.10076,0.0911895,2.4518,0.159995,0,0.055857,0.621609,5.10933,0.71013,0.500482,0.513421,2.05828,0.206761,0.217656,0,0.824101,0.420611,0,-0.00154682,0.23575,0.971446,0.356368,0.0430998,0.0426334,0.00503911,0.00457195,0.456072,0.0417736,8.74343,-2.40311,8.84877,0.664087,0.439413,-8.05955,-0.333333,0.050315,-0.0879444,0.597357,5.91667,2,0,0,0.583333,2.95833,7.625,-5.70284,0.0001,-0.00079928,0.0408342,1.66146,0.121882,55123,0.189938,261.19,1.27653
8187,1.57418,0.202209,0.850411,0.436457,0.00398131,0.00106382,0.00398131,0.198785,0.16195,0.519459,0.856787,0.0426457,0.0341465,0.041704,0.219545,0.042897,0,1.09259,0.0872061,2.41636,0.16344,0,0.0574951,0.62091,5.09983,0.709787,0.500352,0.513192,2.05611,0.205437,0.216735,0,0.819331,0.423796,0,-0.00148227,0.238711,0.971167,0.354037,0.0432418,0.0428486,0.0055722,0.00510159,0.457357,0.0419023,8.82116,-2.25374,8.94605,0.662698,0.443876,-8.11123,-0.333333,0.0452878,-0.0864152,0.588431,5.54167,1.83333,0,0,0.5,3,7.33333,-5.70575,0.0001,-0.00266964,0.0408443,1.64924,0.118593,55606,0.189955,258.17,1.35958
8188,1.518,0.198288,0.85471,0.429796,0.00395854,0.00104166,0.00395854,0.195795,0.160697,0.520452,0.86258,0.0423646,0.0339381,0.0414652,0.216641,0.044215,0.00166667,1.08583,0.0894037,2.40268,0.160996,0,0.0569699,0.625592,5.10859,0.710623,0.50326,0.50962,2.04968,0.200826,0.21341,0,0.809057,0.445183,0,-0.00153521,0.238513,0.971729,0.359654,0.0428991,0.0424386,0.00500275,0.00456272,0.455602,0.0416055,8.77549,-2.15029,8.88953,0.661362,0.437267,-8.29868,-0.333333,0.0452528,-0.086104,0.589051,5.75,2.54167,0,0,0.583333,2.83333,8.58333,-5.70574,0.0001,-0.000766603,0.0460303,1.63519,0.12122,55968,0.189962,257.2,1.16981
8189,1.4291,0.200352,0.895795,0.438573,0.00382629,0.00106464,0.00382629,0.199064,0.164294,0.510254,0.903118,0.0408241,0.0350982,0.0401293,0.211794,0.0414979,0.00347222,1.09317,0.0915794,2.45153,0.157846,0,0.0539887,0.640903,5.18479,0.720148,0.5198,0.494172,1.98089,0.202692,0.208449,0,0.856419,0.48904,0,-0.00166318,0.230798,0.972581,0.382746,0.0414941,0.0407874,0.0044823,0.00409192,0.453888,0.0401494,8.79125,-2.37434,8.64733,0.665437,0.409462,-8.58881,-0.333333,0.0473196,-0.0897727,0.618724,3.83333,1.5,0,0,0.458333,2.25,8.08333,-5.70668,0.0001,-0.00264605,0.041088,1.62503,0.121503,56285,0.189953,268.03,1.49864
8190,1.49749,0.20068,0.884766,0.441307,0.00391283,0.00113258,0.00391283,0.194576,0.164778,0.517965,0.891156,0.0418263,0.0337777,0.0410075,0.216246,0.0431853,0,1.0923,0.0915379,2.40875,0.155947,0,0.0563858,0.630437,5.14963,0.714558,0.508939,0.505779,2.02611,0.203452,0.212988,0,0.849111,0.469355,0,-0.00156828,0.243288,0.9724,0.366899,0.0424212,0.0419009,0.00583686,0.00540841,0.458354,0.0411865,8.83293,-2.13113,8.87671,0.65927,0.428942,-8.40279,-0.333333,0.0493307,-0.0861084,0.608467,4.875,2.20833,0,0,0.458333,2.58333,7.91667,-5.70751,0.0001,-0.0017966,0.0406352,1.65032,0.120133,55524,0.18995,266.47,1.57334
8191,1.58847,0.202792,0.886442,0.439415,0.00391854,0.00107108,0.00391854,0.198784,0.165495,0.520219,0.895018,0.042135,0.0333986,0.0412016,0.2172,0.0438853,0.00231481,1.09711,0.0926568,2.41555,0.162689,0,0.0572637,0.630189,5.12752,0.713223,0.508304,0.504376,2.01906,0.206261,0.214105,0,0.846953,0.466007,0,-0.00149706,0.236682,0.97176,0.365768,0.0425602,0.0422415,0.00519753,0.00473147,0.4575,0.0412843,8.86156,-2.02533,9.00116,0.657188,0.432906,-8.45322,-0.333333,0.0464879,-0.0880422,0.611669,5.45833,2.375,0,0,0.583333,2.66667,7.70833,-5.70659,0.0001,-0.00224981,0.0469735,1.63039,0.122599,56078,0.18994,264.53,1.40837
8192,1.55031,0.201251,0.889011,0.43886,0.00385977,0.00110257,0.00385977,0.197114,0.163457,0.512369,0.896974,0.0416408,0.032606,0.0407898,0.214101,0.0409969,0,1.09646,0.0915226,2.42351,0.154175,0,0.05513,0.631438,5.15729,0.716337,0.515599,0.498942,2.0101,0.203959,0.210768,0,0.843922,0.475551,0,-0.00161743,0.229067,0.973093,0.379076,0.0418319,0.0414378,0.00458718,0.00416383,0.45382,0.0405831,8.78514,-1.71484,9.01543,0.651787,0.423865,-8.80611,-0.333333,0.0479244,-0.0885638,0.612049,3.58333,2.25,0,0,0.875,2.20833,7.25,-5.70551,0.0001,-0.00129057,0.042515,1.63648,0.120454,55952,0.189982,268.15,1.35015
8193,1.56923,0.19523,0.86237,0.427556,0.00388296,0.00099417,0.00388296,0.193376,0.159186,0.519122,0.869508,0.0417413,0.0309604,0.040823,0.211757,0.0448161,0.00705409,1.08061,0.0879643,2.42476,0.163582,0,0.0565361,0.633175,5.16107,0.716415,0.512822,0.500214,2.00356,0.198087,0.208658,0,0.811803,0.467631,0,-0.00158083,0.2383,0.972439,0.376893,0.0417672,0.0416482,0.00512061,0.00467648,0.459403,0.0406277,8.94637,-1.68732,9.12266,0.647712,0.428963,-8.73652,-0.333333,0.0434376,-0.0863321,0.604802,4.125,2.66667,0,0,0.5,3.16667,8.125,-5.7031,0.0001,-0.00148269,0.0424192,1.63139,0.120764,56104,0.190042,267.04,1.58838
8194,1.60217,0.200626,0.872885,0.434218,0.00391457,0.00111909,0.00391457,0.196855,0.16199,0.520494,0.880373,0.0423671,0.0306971,0.0413642,0.216017,0.0449559,0,1.09371,0.0901021,2.41799,0.162418,0,0.0584214,0.624183,5.12569,0.71274,0.508729,0.504637,2.02692,0.203495,0.212744,0,0.834184,0.476843,0,-0.00152238,0.240522,0.97234,0.369615,0.042368,0.0423103,0.00551164,0.00501391,0.457398,0.0412451,8.93592,-1.55131,9.21728,0.64597,0.438444,-8.70087,-0.333333,0.048649,-0.0872508,0.603577,4.29167,3,0,0,0.833333,3.5,7.54167,-5.69941,0.0001,-0.000808888,0.0462665,1.64606,0.120827,55636,0.190066,259.46,1.41546
8195,1.59264,0.199003,0.894501,0.435618,0.0038106,0.00100528,0.0038106,0.19548,0.163289,0.516649,0.900223,0.0413095,0.0310686,0.0404047,0.210703,0.0426278,0.00434492,1.09026,0.0905528,2.42571,0.161894,0,0.0562273,0.638488,5.18084,0.721279,0.521769,0.491471,1.96847,0.201758,0.207425,0,0.840646,0.484965,0,-0.00160298,0.232902,0.972807,0.387621,0.041285,0.0411434,0.00469672,0.00423893,0.460048,0.040162,8.99527,-1.60492,9.17612,0.642633,0.420676,-8.96504,-0.333333,0.0445124,-0.0883524,0.628304,3.70833,2.375,0,0,1.04167,2.95833,8.41667,-5.69791,0.0001,-0.00268894,0.0406136,1.62857,0.120066,56217,0.190098,273.21,1.36395
8196,1.63868,0.198321,0.857706,0.432599,0.00388666,0.00112167,0.00388666,0.199716,0.158487,0.516409,0.864024,0.041995,0.0306402,0.0410461,0.21558,0.0426611,0.00520833,1.09792,0.0882,2.41468,0.158884,0,0.0565715,0.632446,5.15121,0.715901,0.512275,0.501377,2.00785,0.200952,0.212513,0,0.80732,0.460248,0,-0.00159733,0.231294,0.972329,0.375614,0.0419408,0.0418408,0.00511523,0.004646,0.459119,0.0408323,9.0368,-1.66806,9.1471,0.645465,0.430847,-8.72907,-0.333333,0.0485662,-0.0890159,0.592869,4.66667,2.79167,0,0,1,3.33333,8.29167,-5.69667,0.0001,-0.00268014,0.0432771,1.64504,0.11896,55727,0.190102,263.62,1.34617
8197,1.53246,0.200295,0.880084,0.439864,0.00380192,0.00102969,0.00380192,0.199946,0.16018,0.509724,0.888566,0.0410157,0.0304035,0.0402484,0.2098,0.0413874,0,1.08836,0.0888925,2.40877,0.15328,0,0.0535854,0.640722,5.19563,0.721724,0.522869,0.490985,1.97118,0.20305,0.206355,0,0.830419,0.466937,0,-0.00168627,0.226898,0.972783,0.391334,0.041102,0.0407241,0.00482059,0.00438295,0.458588,0.0399365,9.16635,-1.73402,8.99086,0.647993,0.410117,-8.96839,-0.333333,0.0455069,-0.0906228,0.608244,3.16667,2.83333,0,0,0.958333,2.95833,8.625,-5.69529,0.0001,-0.0015673,0.0450355,1.63289,0.119722,56089,0.19011,273.36,1.13013
8198,1.63974,0.196667,0.86166,0.435144,0.003879,0.00104628,0.003879,0.19533,0.15902,0.51669,0.867749,0.0421427,0.0298362,0.0411977,0.212061,0.0431665,0,1.08108,0.0872879,2.41108,0.160753,0,0.0571277,0.628803,5.14424,0.714435,0.513188,0.501065,2.01159,0.199395,0.208681,0,0.820749,0.481116,0,-0.00159541,0.233121,0.97189,0.376744,0.0420221,0.0419168,0.00478506,0.00432464,0.455853,0.0408902,9.17431,-1.47449,9.22067,0.64428,0.432484,-8.86779,-0.333333,0.0457673,-0.0875336,0.600852,4.25,3.5,0,0,0.833333,2.91667,7.91667,-5.6925,0.0001,-0.00151701,0.0419202,1.63548,0.119787,56005,0.190189,267.68,1.51498
8199,1.68674,0.19942,0.865555,0.437066,0.00391208,0.00102123,0.00391208,0.197445,0.161688,0.515492,0.871973,0.0426896,0.0299404,0.0415976,0.214205,0.0434022,0.00320513,1.08632,0.087483,2.40985,0.15793,0,0.057766,0.623853,5.12553,0.713444,0.50913,0.50433,2.0213,0.202085,0.211282,0,0.855899,0.424743,0,-0.0015192,0.235007,0.971835,0.36952,0.0424757,0.0425832,0.00539662,0.00492598,0.45943,0.0413445,8.99831,-1.40067,9.37245,0.641803,0.440649,-8.74759,-0.333333,0.0443753,-0.0875481,0.598137,4.5,3.41667,0,0,1.20833,3.83333,8.29167,-5.68913,0.0001,-0.00163457,0.0367805,1.64555,0.120893,55650,0.190263,261.84,1.30804
8200,1.54125,0.203156,0.909459,0.440002,0.00381393,0.00100723,0.00381393,0.204209,0.166905,0.513724,0.916806,0.0412397,0.0307696,0.0404163,0.210397,0.0420065,0,1.08936,0.093612,2.4003,0.156608,0,0.054166,0.641444,5.18622,0.720436,0.521352,0.493635,1.97576,0.205603,0.206996,0,0.867118,0.527509,0,-0.00162732,0.222562,0.971787,0.387544,0.0413451,0.0409992,0.00443645,0.00398615,0.458534,0.040177,9.28639,-1.83208,9.02608,0.649608,0.415358,-8.88787,-0.333333,0.044763,-0.0920648,0.631311,4.04167,2.79167,0,0,1.125,3.41667,9.08333,-5.68777,0.0001,-0.00154892,0.040847,1.65024,0.125129,55371,0.190269,269.84,1.49488
8201,1.46844,0.200787,0.901146,0.440544,0.00382696,0.00106056,0.00382696,0.201603,0.164208,0.514864,0.908897,0.0411645,0.0310683,0.0403796,0.212267,0.0408739,0.0114723,1.09773,0.092787,2.43416,0.154594,0,0.0541219,0.636259,5.18392,0.720149,0.519744,0.49468,1.98267,0.203424,0.208857,0,0.828783,0.502566,0,-0.00163839,0.22479,0.972094,0.387485,0.0412979,0.0409355,0.00467256,0.00427021,0.458687,0.0400931,9.22488,-1.87521,8.92261,0.652642,0.414182,-8.86276,-0.333333,0.047221,-0.0913778,0.630232,3.125,2.45833,0,0,0.833333,2.95833,8.375,-5.69153,0.0001,-0.00178632,0.043006,1.64918,0.119894,55567,0.190178,270.61,1.56507
8202,1.6834,0.200969,0.865485,0.439977,0.00390187,0.00107454,0.00390187,0.200883,0.161578,0.518378,0.873933,0.0426212,0.029438,0.0415656,0.215974,0.042416,0.00260417,1.09422,0.0893343,2.42517,0.157528,0,0.0576963,0.625512,5.12907,0.713454,0.510315,0.504934,2.02693,0.204639,0.212997,0,0.825297,0.450719,0,-0.00151825,0.231372,0.971855,0.370921,0.0424208,0.0425529,0.00513512,0.00468055,0.455973,0.0412896,9.01298,-1.59041,9.28346,0.644379,0.439727,-8.69746,-0.333333,0.0465104,-0.0889587,0.594546,4.29167,2.79167,0,0,1.04167,3.70833,6.66667,-5.69678,0.0001,-0.00115063,0.0435483,1.60513,0.118879,57020,0.190125,265.73,1.39165
8203,1.46578,0.194069,0.839578,0.430281,0.00396439,0.00108592,0.00396439,0.192345,0.156648,0.5237,0.847046,0.0424285,0.0309397,0.0415206,0.216971,0.0461482,0,1.08755,0.0855779,2.39943,0.163549,0,0.0577509,0.6221,5.10242,0.709323,0.502544,0.51175,2.05426,0.19707,0.213763,0,0.802308,0.405086,0,-0.00149328,0.241207,0.971267,0.364982,0.0426194,0.0424115,0.00563399,0.00517823,0.457428,0.0414573,9.16545,-1.78232,9.0195,0.654239,0.433431,-8.43746,-0.333333,0.0467703,-0.0852001,0.587278,4.75,2.58333,0,0,0.75,3.125,7.91667,-5.6955,0.0001,-0.00146335,0.0457422,1.6177,0.118015,56636,0.190171,264.62,1.36246
8204,1.5372,0.190273,0.841996,0.42892,0.00394905,0.00104754,0.00394905,0.193096,0.157923,0.522214,0.84927,0.0424998,0.0324,0.0415639,0.215851,0.045135,0,1.0827,0.0852066,2.41015,0.164241,0,0.057082,0.625351,5.11048,0.709882,0.504394,0.512686,2.05675,0.193415,0.212929,0,0.802743,0.455816,0,-0.00150637,0.239454,0.97156,0.359659,0.0429137,0.0425937,0.00537197,0.00491656,0.455813,0.0416951,8.90858,-2.12153,9.00616,0.657176,0.435417,-8.30993,-0.333333,0.044682,-0.0852161,0.582381,4.58333,2,0,0,0.916667,3.08333,7.33333,-5.69117,0.0001,0.00326572,0.0433337,1.65432,0.12025,55396,0.190235,255.12,1.15601
8205,1.61062,0.200357,0.866005,0.441028,0.00394907,0.00108131,0.00394907,0.197944,0.162281,0.518445,0.873682,0.042637,0.0331411,0.0416343,0.215969,0.0460788,0.00219298,1.08565,0.0883905,2.41179,0.16456,0,0.0587308,0.621222,5.09778,0.710217,0.504489,0.509716,2.04908,0.204157,0.213223,0,0.837376,0.44805,0,-0.00150427,0.238079,0.970476,0.359506,0.0429156,0.0427311,0.00534266,0.0048939,0.458056,0.0416416,9.12811,-2.06589,9.03525,0.658907,0.441932,-8.33205,-0.333333,0.0462467,-0.086965,0.605357,5.04167,2.125,0,0,0.666667,3.08333,7.125,-5.68765,0.0001,-0.00164831,0.0446139,1.61148,0.119516,56790,0.190299,261.16,1.56374
8206,1.60146,0.200813,0.883455,0.436198,0.00393339,0.00105195,0.00393339,0.197493,0.165224,0.514502,0.889693,0.0424317,0.0321008,0.0415135,0.215502,0.0449305,0.00189394,1.08774,0.0915477,2.43229,0.158536,0,0.057318,0.623309,5.11715,0.710947,0.506365,0.509021,2.046,0.203544,0.212551,0,0.838965,0.45959,0,-0.00153492,0.237192,0.970812,0.364034,0.0427582,0.0424433,0.00554683,0.00512633,0.45709,0.0415496,9.16517,-2.01165,8.97115,0.657999,0.432091,-8.44667,-0.333333,0.0454872,-0.0873061,0.605034,4.58333,2.375,0,0,1.08333,3.29167,8,-5.68343,0.0001,-0.00234217,0.0495349,1.621,0.117933,56531,0.190387,257.5,1.23042
8207,1.61721,0.195519,0.881072,0.433241,0.00396727,0.00106383,0.00396727,0.198163,0.164418,0.520104,0.88853,0.0431537,0.0319457,0.0421399,0.217068,0.042674,0,1.08685,0.0916886,2.4058,0.15768,0,0.0574683,0.621609,5.1036,0.709661,0.502125,0.511465,2.05529,0.19829,0.213994,0,0.808512,0.489857,0,-0.00148979,0.231475,0.970788,0.359283,0.0431999,0.0430043,0.00500026,0.00454143,0.455505,0.0419409,9.24153,-1.65401,9.06724,0.65766,0.440119,-8.61125,-0.333333,0.0461101,-0.087419,0.606062,4.66667,3.5,0,0,1.25,3.79167,8.04167,-5.67949,0.0001,-0.00136718,0.0438521,1.61175,0.118053,56829,0.190425,259.72,1.34402
8208,1.66542,0.200089,0.879316,0.442482,0.00394056,0.00107246,0.00394056,0.200458,0.164234,0.518338,0.884696,0.0429452,0.0318395,0.0418836,0.216494,0.0422923,0,1.08993,0.0899457,2.41312,0.154087,0,0.0568713,0.622723,5.10361,0.710651,0.505467,0.508456,2.04601,0.202418,0.213641,0,0.820085,0.474698,0,-0.00151121,0.229024,0.970689,0.362377,0.042962,0.0428683,0.00529962,0.00483055,0.455969,0.0417367,9.30883,-1.83098,9.12498,0.653729,0.443947,-8.5546,-0.333333,0.0464409,-0.0886163,0.607095,4.58333,2.875,0,0,1.54167,3.33333,7.83333,-5.67932,0.0001,-0.000163914,0.040329,1.61138,0.122188,56706,0.190407,263.48,1.41616
8209,1.68106,0.200095,0.865531,0.438039,0.00396815,0.00106643,0.00396815,0.196297,0.163151,0.515733,0.87298,0.0431078,0.0315984,0.0420644,0.21637,0.0448692,0,1.0843,0.0885463,2.41487,0.164008,0,0.0586957,0.621531,5.09585,0.709168,0.502087,0.511022,2.06187,0.203648,0.213558,0,0.845958,0.433228,0,-0.00150157,0.234186,0.970361,0.358644,0.043153,0.0430813,0.00464941,0.0041559,0.455046,0.0418893,9.20637,-1.88717,9.08249,0.656676,0.446356,-8.43109,-0.333333,0.0459749,-0.0863333,0.596958,5.45833,3.20833,0,0,1.41667,3.66667,7.75,-5.67907,0.0001,-0.00134418,0.0390233,1.61739,0.119546,56596,0.190423,255.45,1.11649
8210,1.69079,0.198889,0.906302,0.437874,0.00389798,0.00107109,0.00389798,0.202265,0.167931,0.515798,0.913724,0.0426073,0.0314811,0.0415608,0.213563,0.041073,0,1.08655,0.0934792,2.42665,0.157632,0,0.0565211,0.631108,5.13552,0.713743,0.511008,0.503938,2.02582,0.202149,0.210674,0,0.854369,0.520894,0,-0.00152836,0.226275,0.970225,0.370944,0.0425151,0.0424563,0.00462811,0.00415393,0.458494,0.0412206,9.46982,-1.69569,9.18456,0.650501,0.437243,-8.73538,-0.333333,0.0464847,-0.0901893,0.631181,4.58333,3.375,0,0,1.29167,2.83333,7.25,-5.677,0.0001,-0.00193955,0.0395834,1.67939,0.122898,54544,0.190462,264.91,1.27327
8211,1.6159,0.200951,0.898293,0.436621,0.00382805,0.0010769,0.00382805,0.200964,0.165194,0.513762,0.906312,0.0417159,0.0318209,0.0407992,0.21116,0.0435344,0.00277778,1.09026,0.0927936,2.40128,0.152039,0,0.0563393,0.636866,5.16868,0.718012,0.51958,0.495783,1.99294,0.204435,0.208038,0,0.851386,0.503355,0,-0.00162321,0.231475,0.971678,0.382895,0.0416677,0.0415325,0.0053697,0.00493684,0.457567,0.0405315,9.35505,-1.72521,9.08841,0.646922,0.422697,-8.90964,-0.333333,0.047185,-0.0902386,0.620074,3.875,2.54167,0,0,1.08333,3.29167,8,-5.67478,0.0001,-0.00260321,0.0431683,1.70364,0.137618,53389,0.190495,264.44,1.33161
8212,1.70615,0.196596,0.85605,0.433446,0.00395793,0.00105319,0.00395793,0.194386,0.160121,0.519273,0.863222,0.0430297,0.0310597,0.0419437,0.215741,0.0464582,0,1.0857,0.0870314,2.44745,0.159955,0,0.0595308,0.619074,5.094,0.70845,0.503344,0.512348,2.05804,0.199532,0.212903,0,0.825454,0.441344,0,-0.00141259,0.239357,0.970676,0.359975,0.0430308,0.0430926,0.00537032,0.00494275,0.455272,0.0418764,9.18918,-1.67754,9.21678,0.649818,0.450221,-8.55181,-0.333333,0.0455837,-0.085872,0.597904,4.625,3.375,0,0,1.125,3,7.25,-5.67515,0.0001,-0.00226525,0.0449076,1.70865,0.135274,53312,0.190541,261.1,1.32305
8213,1.78173,0.198635,0.891133,0.438316,0.00393298,0.00108695,0.00393298,0.199663,0.166113,0.51146,0.900064,0.0429687,0.0305383,0.0418824,0.216521,0.0436434,0.00497076,1.09401,0.091665,2.43705,0.159267,0,0.0581587,0.628853,5.10853,0.711285,0.506442,0.507388,2.0367,0.202165,0.213558,0,0.848044,0.495123,0,-0.00138972,0.232245,0.970685,0.364977,0.0429141,0.0429814,0.00486259,0.00438503,0.455726,0.0417312,9.29502,-1.56095,9.29077,0.645798,0.441974,-8.67704,-0.333333,0.0472066,-0.0883834,0.599308,4.04167,3.5,0,0,1.625,3.58333,7.79167,-5.67377,0.0001,-0.00192839,0.0446688,1.7071,0.127205,53591,0.190548,259.1,1.1983
8214,1.7405,0.197891,0.867253,0.438724,0.00393495,0.00106519,0.00393495,0.196312,0.161438,0.514597,0.875729,0.0431923,0.0289026,0.0420539,0.215452,0.0435124,0,1.08638,0.0887227,2.43047,0.16018,0,0.059419,0.619913,5.10096,0.709877,0.506176,0.508411,2.04163,0.200734,0.212521,0,0.831303,0.448636,0,-0.00139216,0.234271,0.971065,0.366279,0.0428901,0.0431289,0.00493512,0.00446502,0.452353,0.0417692,9.3082,-1.26123,9.3875,0.642025,0.44788,-8.84642,-0.333333,0.0462489,-0.0869131,0.598523,3.83333,3.625,0,0,1.54167,3.41667,6.625,-5.6721,0.0001,-0.00227161,0.0468579,1.71123,0.131653,53342,0.19061,258.99,1.23632
8215,1.62674,0.197385,0.8621,0.441958,0.00392496,0.00105223,0.00392496,0.198395,0.160017,0.515564,0.869527,0.0425758,0.0303916,0.0416205,0.215504,0.0436648,0,1.08835,0.0875405,2.44547,0.154544,0,0.0571203,0.622842,5.11994,0.711801,0.507425,0.50617,2.03921,0.200223,0.212404,0,0.828049,0.457154,0,-0.00143003,0.23021,0.971373,0.368978,0.0426747,0.0425722,0.00482467,0.00439346,0.454168,0.0414944,9.15279,-1.75526,9.08668,0.651056,0.436201,-8.61914,-0.333333,0.0458459,-0.0880718,0.591905,3.66667,3.125,0,0,0.916667,2.875,7.79167,-5.66924,0.0001,-0.00243899,0.0448718,1.68598,0.126362,54241,0.190624,259.43,1.14872
8216,1.73604,0.200312,0.866314,0.445284,0.0039221,0.00112189,0.0039221,0.19896,0.162242,0.510098,0.87241,0.0426536,0.0311203,0.0416324,0.215463,0.0451293,0,1.08972,0.0875632,2.43514,0.160548,0,0.0577212,0.62824,5.12012,0.71241,0.507776,0.506988,2.03521,0.203014,0.212626,0,0.838938,0.418166,0,-0.00144879,0.23388,0.970786,0.365061,0.042785,0.0426761,0.00506338,0.00463586,0.454099,0.0415787,9.17243,-1.86486,9.14798,0.651558,0.435857,-8.56331,-0.333333,0.0484073,-0.0879956,0.589237,4.79167,3.20833,0,0,1.33333,2.79167,7.875,-5.67052,0.0001,-0.00317594,0.0429202,1.66824,0.125768,54795,0.190567,262.89,1.52517
8217,1.55421,0.20036,0.867942,0.440765,0.00396752,0.00109543,0.00396752,0.201122,0.163993,0.519217,0.875506,0.0429159,0.0318869,0.0419437,0.216783,0.0426493,0.00277778,1.08554,0.0879864,2.41337,0.155538,0,0.0572393,0.62528,5.09742,0.709394,0.5021,0.513403,2.05598,0.203501,0.213925,0,0.846156,0.437325,0,-0.00150718,0.232314,0.970793,0.357535,0.0432285,0.0429725,0.00479715,0.00437083,0.452152,0.0419395,9.01251,-2.11506,8.98939,0.659014,0.440194,-8.28219,-0.333333,0.0471052,-0.0879299,0.596759,4.66667,2.79167,0,0,0.958333,3.5,7.58333,-5.67006,0.0001,-0.00162134,0.0431935,1.69757,0.126076,53905,0.19061,258.7,1.2739
8218,1.6043,0.203151,0.888951,0.438912,0.00391489,0.00108481,0.00391489,0.200995,0.16671,0.514481,0.897692,0.0424305,0.0332079,0.0414554,0.214682,0.0445535,0,1.08728,0.0927009,2.44475,0.160017,0,0.0569066,0.62875,5.12958,0.712645,0.508682,0.506509,2.03216,0.207226,0.21188,0,0.838609,0.464151,0,-0.0015084,0.235539,0.970283,0.363553,0.0428283,0.0425046,0.00464209,0.0041935,0.453983,0.0415345,9.27027,-2.19445,8.94762,0.659495,0.434697,-8.40761,-0.333333,0.0470124,-0.0887432,0.614398,5.875,2.875,0,0,0.958333,3.125,8.875,-5.6657,0.0001,-0.00260307,0.0398261,1.66294,0.13165,54778,0.190664,262.18,1.38716
8219,1.6126,0.197945,0.85397,0.434851,0.00394297,0.00106487,0.00394297,0.201708,0.159369,0.515574,0.862022,0.0425759,0.032554,0.0416261,0.214624,0.0446143,0.00260417,1.08216,0.0879007,2.43801,0.163443,0,0.05698,0.625073,5.1062,0.710173,0.505235,0.507662,2.04827,0.201753,0.211705,0,0.814779,0.425188,0,-0.00145718,0.230455,0.969972,0.361406,0.0429813,0.0426026,0.004524,0.00404059,0.453104,0.0416731,9.27602,-2.1691,8.9066,0.663338,0.435026,-8.4036,-0.333333,0.0461303,-0.0891406,0.588755,5.33333,2.79167,0,0,1.25,3.08333,8.04167,-5.66406,0.0001,-0.0026223,0.0458642,1.68268,0.131321,54191,0.190637,257.28,1.11953
8220,1.67489,0.196953,0.885124,0.436555,0.00390447,0.00104811,0.00390447,0.197962,0.163866,0.514751,0.891562,0.0424765,0.0321225,0.0414766,0.213597,0.0448003,0.00231481,1.08479,0.0916365,2.42692,0.160718,0,0.0584911,0.628318,5.12274,0.712606,0.509989,0.504271,2.02869,0.200084,0.210603,0,0.817154,0.510348,0,-0.00154401,0.233996,0.970872,0.368275,0.0425258,0.0423183,0.00453428,0.00411038,0.453526,0.0413073,9.28618,-1.75863,9.06969,0.654202,0.436231,-8.74818,-0.333333,0.0460628,-0.0881668,0.608903,4.29167,3,0,0,1.375,3.29167,8,-5.66552,0.0001,-0.00244735,0.0418267,1.69203,0.121239,54213,0.190684,257.72,1.33348
8221,1.77879,0.198948,0.84351,0.434072,0.00399481,0.00110711,0.00399481,0.200728,0.159,0.517838,0.849175,0.0435177,0.0318527,0.0423542,0.217996,0.0449348,0.00320513,1.08747,0.0863636,2.43485,0.160824,0,0.060052,0.618101,5.06148,0.70552,0.498699,0.514848,2.07041,0.202288,0.215383,0,0.792875,0.428604,0,-0.00138989,0.234461,0.969785,0.351762,0.0435951,0.0436193,0.00479984,0.00435414,0.452885,0.042357,9.2882,-1.85351,9.13646,0.655889,0.453275,-8.40468,-0.333333,0.0472481,-0.0879816,0.576305,4.95833,3.125,0,0,1.375,3.75,6.54167,-5.66323,0.0001,-0.000972872,0.0395859,1.67283,0.126544,54632,0.190761,258.21,1.12029
8222,1.57636,0.198321,0.892107,0.434816,0.00388438,0.00104067,0.00388438,0.201376,0.164487,0.51601,0.900194,0.0422097,0.0317419,0.0412899,0.213118,0.0418321,0,1.08839,0.0918491,2.4016,0.155129,0,0.0558513,0.631078,5.14161,0.714232,0.512541,0.502737,2.01842,0.201373,0.21,0,0.828133,0.511262,0,-0.00150571,0.227716,0.970779,0.37453,0.0423534,0.0420616,0.00475184,0.0043465,0.455577,0.0411338,9.43055,-1.76307,9.00757,0.653281,0.425838,-8.81216,-0.333333,0.045696,-0.0903178,0.615386,3.375,2.45833,0,0,0.833333,3.20833,7.5,-5.66001,0.0001,-0.00128677,0.0432802,1.68378,0.121019,54467,0.190778,261.62,1.24441
8223,1.74932,0.195317,0.87439,0.432536,0.00385352,0.00103437,0.00385352,0.195774,0.161797,0.51291,0.881742,0.0422133,0.0319539,0.0411648,0.213085,0.0453495,0.00260417,1.09089,0.0886766,2.43626,0.161206,0,0.0584156,0.629866,5.14208,0.715374,0.516383,0.497098,2.00639,0.198241,0.210168,0,0.818715,0.474785,0,-0.00157239,0.237063,0.97083,0.374686,0.0421846,0.0420974,0.00528137,0.00482716,0.454125,0.041025,9.30706,-1.7418,9.1197,0.65174,0.436654,-8.85048,-0.333333,0.0449626,-0.0874638,0.604837,3.875,3.20833,0,0,1.58333,3,6.70833,-5.6592,0.0001,-0.00224325,0.0467631,1.72535,0.126776,53076,0.19077,271.01,1.41201
8224,1.85696,0.198271,0.866714,0.437185,0.00393584,0.00108556,0.00393584,0.201442,0.160016,0.511033,0.873012,0.043102,0.0293756,0.0419664,0.214528,0.0421942,0.00277778,1.08726,0.0891293,2.42503,0.156576,0,0.0588206,0.627768,5.11806,0.710547,0.50615,0.506795,2.04427,0.200774,0.211766,0,0.825089,0.467599,0,-0.00145493,0.229106,0.970386,0.368071,0.0427363,0.042923,0.00449418,0.00403524,0.454222,0.0415517,9.47529,-1.37118,9.31904,0.643063,0.445053,-8.8266,-0.333333,0.0475273,-0.0897722,0.593011,4.41667,3.375,0,0,1.54167,3.16667,6.91667,-5.65659,0.0001,-0.0023904,0.0470195,1.72825,0.13506,52757,0.190846,266.32,1.36362
8225,1.78963,0.200225,0.877041,0.442168,0.00393586,0.00109133,0.00393586,0.198936,0.164803,0.516101,0.885772,0.0434122,0.0300866,0.0421987,0.216415,0.044706,0,1.08956,0.0912269,2.41307,0.161822,0,0.059738,0.626749,5.10774,0.709612,0.506063,0.508059,2.04693,0.203116,0.213506,0,0.823166,0.470899,0,-0.00148079,0.233484,0.970641,0.364742,0.042917,0.0432009,0.00503495,0.0045451,0.454122,0.041835,9.43775,-1.26268,9.41198,0.642322,0.453873,-8.90751,-0.333333,0.0467005,-0.0875788,0.606643,4.41667,3.875,0,0,2.125,4.70833,7.33333,-5.65505,0.0001,-0.00191333,0.0469131,1.70787,0.12794,53548,0.19089,262.53,1.46334
8226,1.849,0.19777,0.854031,0.43912,0.00394448,0.00110335,0.00394448,0.19728,0.160534,0.515128,0.86164,0.0432822,0.0289316,0.0420782,0.216745,0.0459197,0.00439815,1.08944,0.0873549,2.39891,0.165472,0,0.0608571,0.622926,5.10019,0.709716,0.504967,0.509353,2.05157,0.200689,0.214009,0,0.83134,0.441814,0,-0.00135531,0.239117,0.970913,0.363046,0.0430114,0.0432759,0.00562027,0.00515127,0.453575,0.0419967,9.23264,-1.36472,9.45498,0.640253,0.457848,-8.73634,-0.333333,0.0472686,-0.0869442,0.583104,4.45833,4.41667,0,0,1.91667,3.25,7.04167,-5.65489,0.0001,-0.00296802,0.0450807,1.71259,0.128457,53395,0.190931,258.62,1.08908
8227,1.78516,0.196832,0.836515,0.436589,0.00404247,0.00111333,0.00404247,0.194898,0.159931,0.524188,0.843459,0.0444898,0.0290923,0.0431748,0.220152,0.0438464,0.00231481,1.08089,0.0862852,2.4128,0.162066,0,0.0607275,0.61162,5.03374,0.700807,0.492724,0.523353,2.10894,0.199849,0.217493,0,0.81517,0.398044,0,-0.0012799,0.239183,0.970454,0.344966,0.0442467,0.0446084,0.00539239,0.00482491,0.451888,0.0431265,9.02568,-1.37348,9.54295,0.641633,0.473921,-8.43738,-0.333333,0.0467253,-0.0840893,0.577883,4.75,3.66667,0,0,1.875,4.125,5.91667,-5.6525,0.0001,-0.00115609,0.0434463,1.72746,0.12658,53021,0.190954,261.26,1.41211
8228,1.61543,0.199058,0.875149,0.439157,0.00398429,0.00113635,0.00398429,0.195433,0.165438,0.519849,0.882018,0.0431989,0.0302866,0.0421573,0.217907,0.0440326,0,1.08417,0.0902767,2.38129,0.159302,0,0.0575546,0.622963,5.08554,0.70819,0.500027,0.513575,2.06233,0.201378,0.215209,0,0.828533,0.449293,0,-0.00140282,0.235967,0.970112,0.357662,0.0432646,0.0432767,0.0050265,0.00456147,0.456353,0.0421077,9.34835,-1.90404,9.13266,0.651707,0.441324,-8.36302,-0.333333,0.047603,-0.0853516,0.608367,4.625,2.41667,0,0,1,3.33333,7.45833,-5.65076,0.0001,-0.00136452,0.0401072,1.69034,0.126429,54109,0.190959,259.77,1.5282
8229,1.59939,0.200247,0.890798,0.439964,0.00391845,0.0010872,0.00391845,0.199844,0.166283,0.514978,0.898456,0.0423924,0.0319582,0.0414562,0.21542,0.0445607,0,1.08831,0.0908162,2.42109,0.157809,0,0.0567867,0.627478,5.12264,0.712513,0.508241,0.505303,2.03327,0.203531,0.212594,0,0.849576,0.474868,0,-0.00154982,0.231391,0.970642,0.366722,0.0425922,0.0423434,0.00493802,0.0044684,0.453941,0.041355,9.21184,-2.01303,9.03503,0.654512,0.434127,-8.49041,-0.333333,0.0468748,-0.088406,0.614248,5.125,2.83333,0,0,0.833333,3,8.25,-5.64874,0.0001,-0.00268314,0.0401452,1.70848,0.134671,53334,0.190969,266.82,1.45774
8230,1.62901,0.19523,0.860224,0.424367,0.0039476,0.00101552,0.0039476,0.196281,0.160361,0.510702,0.868077,0.0424358,0.0326302,0.0415205,0.214051,0.0457348,0.00189394,1.07814,0.0893685,2.40095,0.16253,0,0.0579564,0.625758,5.11408,0.711053,0.504651,0.50631,2.04253,0.198354,0.211109,0,0.81816,0.461337,0,-0.00144671,0.238875,0.970627,0.363807,0.0427988,0.0424995,0.00525434,0.00479827,0.453921,0.041565,9.21366,-2.08186,8.90177,0.660464,0.433564,-8.40205,-0.333333,0.0441823,-0.0868733,0.582612,5.29167,2.70833,0,0,1.08333,3.25,8.33333,-5.64605,0.0001,0.00198562,0.0386224,1.7273,0.125857,53046,0.190993,255.44,1.23507
8231,1.50302,0.203392,0.912635,0.440198,0.00383357,0.00105442,0.00383357,0.200332,0.168066,0.513648,0.921448,0.041342,0.0334216,0.0405529,0.210547,0.0441763,0.00661765,1.08745,0.095318,2.40342,0.156712,0,0.0547157,0.636649,5.17592,0.718683,0.518887,0.494861,1.98792,0.206837,0.207371,0,0.882654,0.510814,0,-0.00163364,0.231082,0.971275,0.381344,0.0417404,0.0412729,0.00492059,0.00450159,0.454731,0.0405124,9.27099,-2.27325,8.72545,0.662245,0.414542,-8.6475,-0.333333,0.0470293,-0.0903089,0.633736,3.79167,2.08333,0,0,0.916667,2.91667,8.95833,-5.64456,0.0001,-0.00112666,0.0436051,1.74304,0.128305,52531,0.190961,268.67,1.41751
8232,1.58302,0.199051,0.87034,0.439049,0.00394596,0.00106911,0.00394596,0.199566,0.163149,0.516432,0.877155,0.0426673,0.0330137,0.0417025,0.216624,0.0427899,0,1.08833,0.0889877,2.39968,0.159135,0,0.0566238,0.626411,5.10523,0.71031,0.504826,0.508484,2.04413,0.201377,0.21384,0,0.849391,0.45426,0,-0.00151705,0.232133,0.970278,0.362676,0.042924,0.0427071,0.0052045,0.0047631,0.456005,0.0416538,9.26655,-2.18856,8.93046,0.660973,0.43835,-8.35001,-0.333333,0.0460566,-0.0878076,0.592701,4.625,2.75,0,0,1.08333,3.04167,7.29167,-5.64636,0.0001,0.000961798,0.0427625,1.74282,0.127684,52554,0.190911,261.31,1.33945
8233,1.58565,0.198028,0.842828,0.444483,0.00395933,0.00111916,0.00395933,0.198053,0.158556,0.521187,0.849881,0.0428737,0.0337062,0.0418716,0.218048,0.0417774,0.00231481,1.09145,0.0842255,2.42758,0.155983,0,0.0568076,0.624324,5.09669,0.710297,0.503104,0.510685,2.04687,0.201205,0.215265,0,0.832435,0.397512,0,-0.00148787,0.232519,0.969976,0.359036,0.0431936,0.0429877,0.00535716,0.00487873,0.455713,0.0418991,9.32236,-2.2174,8.96395,0.659683,0.442562,-8.24941,-0.333333,0.0476813,-0.0870131,0.581763,5.375,2.70833,0,0,0.791667,3.33333,7.20833,-5.64697,0.0001,-0.000673476,0.0427299,1.74141,0.133098,52442,0.190908,267.15,1.54617
8234,1.54412,0.199933,0.896002,0.438447,0.00389179,0.00113616,0.00389179,0.199936,0.166961,0.517479,0.902595,0.0418744,0.0325489,0.0410045,0.215218,0.0440689,0.00320513,1.09225,0.0920884,2.42476,0.15545,0,0.0561622,0.631797,5.14525,0.714633,0.51158,0.501974,2.01352,0.20259,0.212051,0,0.837259,0.515051,0,-0.00158658,0.236935,0.971042,0.372201,0.0421582,0.0418066,0.00562901,0.0051767,0.459545,0.0409537,9.29667,-2.07097,8.9167,0.65674,0.430767,-8.55446,-0.333333,0.0490096,-0.0888942,0.615326,4.125,2.66667,0,0,0.75,2,7.33333,-5.64527,0.0001,-0.00197634,0.0406907,1.76419,0.134639,51770,0.190902,262.23,1.46451
8235,1.52848,0.197664,0.836922,0.432765,0.00401501,0.00103336,0.00401501,0.193859,0.157966,0.521235,0.844303,0.0428933,0.0333133,0.0419415,0.217463,0.0464232,0.00434492,1.07846,0.0859141,2.43391,0.165883,0,0.0584596,0.618537,5.08821,0.707659,0.496242,0.516007,2.0714,0.201301,0.214707,0,0.805321,0.417725,0,-0.00149275,0.242386,0.969764,0.350264,0.0434105,0.0430811,0.00561061,0.00512413,0.457821,0.0421294,9.26595,-2.33431,8.8587,0.665155,0.448719,-8.00604,-0.333333,0.0443686,-0.084832,0.576643,5.29167,2.5,0,0,0.625,3.08333,7.125,-5.64497,0.0001,-0.000419046,0.041783,1.73796,0.130067,52624,0.190893,252.31,1.32268
8236,1.52279,0.195745,0.862527,0.424663,0.00391232,0.00100086,0.00391232,0.195613,0.160204,0.514258,0.869723,0.0420452,0.0326359,0.0411488,0.21172,0.0459439,0,1.07447,0.0884397,2.46018,0.162247,0,0.0567507,0.625425,5.1397,0.715075,0.509166,0.50327,2.01812,0.198718,0.208866,0,0.828598,0.452286,0,-0.00157476,0.237375,0.971322,0.369667,0.0423444,0.0420287,0.00513833,0.00471326,0.453915,0.0411895,9.03811,-2.02155,8.93554,0.656096,0.433096,-8.50038,-0.333333,0.0433797,-0.0866985,0.594615,4.29167,2.16667,0,0,1,2.625,7.16667,-5.64369,0.0001,-0.0034193,0.0406465,1.75118,0.130023,52255,0.190913,258.49,1.16845
8237,1.60628,0.195451,0.878124,0.42264,0.00382473,0.00101627,0.00382473,0.196799,0.160077,0.510632,0.886415,0.0411974,0.0338444,0.040311,0.209635,0.0481188,0.00219298,1.08533,0.0908541,2.45844,0.168513,0,0.057605,0.633933,5.1762,0.719958,0.519996,0.493151,1.98372,0.198949,0.206537,0,0.835846,0.505887,0,-0.00170378,0.239404,0.970818,0.382158,0.0414037,0.0410191,0.00464341,0.00423915,0.456284,0.0401637,9.38634,-1.99734,8.92128,0.656643,0.42429,-8.78785,-0.333333,0.0452228,-0.0890002,0.601135,4.08333,3.04167,0,0,0.958333,2.83333,8.375,-5.64287,0.0001,3.129e-05,0.0457877,1.77501,0.128466,51644,0.190916,267.52,1.19105
8238,1.67616,0.202247,0.886892,0.435984,0.00388337,0.00103508,0.00388337,0.19952,0.164832,0.511806,0.895232,0.0421064,0.0322664,0.0411162,0.212535,0.0429502,0.00198413,1.08432,0.0921566,2.46734,0.156576,0,0.0565055,0.633538,5.15326,0.716521,0.512672,0.499273,2.00839,0.205517,0.209663,0,0.845078,0.473711,0,-0.00157824,0.233881,0.970838,0.374312,0.0421587,0.0420475,0.00517775,0.00474785,0.45708,0.0409564,9.25672,-1.87004,9.10294,0.651227,0.438325,-8.65177,-0.333333,0.0452531,-0.0887327,0.606684,4.5,3.375,0,0,1.33333,2.75,7.79167,-5.64592,0.0001,-0.00164336,0.0418172,1.78239,0.130013,51403,0.190895,259.4,1.28545
8239,1.63513,0.20312,0.893839,0.442161,0.0039197,0.00107548,0.0039197,0.200748,0.166619,0.5171,0.90281,0.042491,0.0323732,0.0414797,0.217064,0.0425259,0,1.09713,0.0938823,2.43518,0.154833,0,0.057344,0.625905,5.1193,0.712296,0.508077,0.506096,2.03283,0.206995,0.214402,0,0.839424,0.499753,0,-0.00156203,0.233291,0.971196,0.365965,0.0426424,0.0425042,0.00517031,0.00472997,0.453943,0.041417,9.03842,-1.9591,9.11857,0.652403,0.442031,-8.45908,-0.333333,0.0465638,-0.0884848,0.618815,5.16667,3.20833,0,0,1.625,2.875,7.54167,-5.64862,0.0001,-0.000733371,0.0376545,1.75175,0.134212,52124,0.190882,262.97,1.39487
8240,1.43526,0.199976,0.888408,0.435731,0.00384525,0.00101552,0.00384525,0.196665,0.162664,0.514574,0.895749,0.0410824,0.0317203,0.0403488,0.211066,0.0431888,0,1.08726,0.0898259,2.42096,0.153496,0,0.054148,0.636589,5.17177,0.719511,0.517422,0.495833,1.98604,0.202741,0.207851,0,0.843801,0.473206,0,-0.00163695,0.234502,0.971914,0.383284,0.0414743,0.04097,0.00546064,0.00506483,0.458911,0.0403247,9.25578,-2.07404,8.83659,0.654652,0.411321,-8.67575,-0.333333,0.044986,-0.0885022,0.612298,3.91667,2.16667,0,0,0.875,2.66667,8.5,-5.65062,0.0001,-0.00127657,0.0394221,1.72629,0.124901,53103,0.190895,268.86,1.31807
8241,1.53105,0.194701,0.85748,0.428557,0.00391681,0.00102956,0.00391681,0.195966,0.158719,0.519575,0.863503,0.0418441,0.0326691,0.040968,0.211346,0.0445752,0.00208333,1.07481,0.0872806,2.43712,0.162043,0,0.0559843,0.634613,5.1414,0.714501,0.508582,0.505317,2.02457,0.197537,0.208502,0,0.815527,0.456112,0,-0.00156861,0.234009,0.97077,0.371502,0.0421532,0.0418426,0.00500403,0.00456116,0.459884,0.0409305,9.28261,-2.11859,8.94774,0.656231,0.431451,-8.44588,-0.333333,0.0449608,-0.0873661,0.590336,5.125,2.83333,0,0,1.33333,2.79167,7.66667,-5.65163,0.0001,-0.00254079,0.0403718,1.71632,0.130124,53239,0.190893,264.27,1.4817
8242,1.63788,0.202181,0.889282,0.438638,0.00385791,0.00105765,0.00385791,0.201123,0.164436,0.508637,0.89795,0.0419344,0.0319027,0.0409906,0.211893,0.0415218,0.00208333,1.08681,0.0913188,2.43302,0.151394,0,0.0554419,0.632179,5.16666,0.718325,0.51589,0.496442,2.00057,0.205619,0.208815,0,0.856777,0.45551,0,-0.00162129,0.228113,0.971811,0.38074,0.0418379,0.0416605,0.00500202,0.00455868,0.456309,0.0406314,9.28351,-1.54346,9.13379,0.646917,0.429795,-8.936,-0.333333,0.0464566,-0.0899362,0.604902,3.54167,3.91667,0,0,1.625,3.70833,8.95833,-5.65069,0.0001,-0.00263648,0.0390467,1.75687,0.138126,51875,0.190952,263.2,1.21105
8243,1.69383,0.195684,0.880007,0.426814,0.00384511,0.000976215,0.00384511,0.197431,0.161569,0.513097,0.889149,0.0419308,0.0304806,0.0409274,0.209825,0.0424718,0,1.08147,0.0894698,2.40491,0.159527,0,0.056755,0.633636,5.1727,0.719407,0.517442,0.495289,1.99381,0.199366,0.207066,0,0.841156,0.482925,0,-0.00155842,0.229234,0.971345,0.383229,0.041705,0.0417148,0.00439196,0.00399643,0.456679,0.0405623,9.28205,-1.45339,9.23234,0.643766,0.431515,-9.01195,-0.333333,0.042973,-0.0888463,0.61312,3.79167,4,0,0,2.04167,2.45833,8.29167,-5.64623,0.0001,-0.002624,0.0376192,1.71907,0.141268,52841,0.191019,259.33,1.29202
8244,1.73224,0.205769,0.894448,0.442846,0.00382591,0.0010402,0.00382591,0.20497,0.164982,0.503625,0.901646,0.0417784,0.0308627,0.0407911,0.212049,0.042231,0.0114101,1.09932,0.0912381,2.4565,0.158207,0,0.0564853,0.633842,5.17755,0.720183,0.519866,0.493662,1.98968,0.209126,0.20942,0,0.85879,0.46612,0,-0.00156818,0.223112,0.971342,0.385267,0.0416313,0.0416438,0.00404596,0.00362532,0.454022,0.040439,9.1628,-1.75963,9.17854,0.646489,0.436575,-8.88147,-0.333333,0.0460055,-0.0920401,0.607788,3.54167,3.125,0,0,1.625,2.625,6.91667,-5.64235,0.0001,-0.00152014,0.0399675,1.71452,0.135867,53126,0.191063,270.98,1.5633
8245,1.69934,0.200965,0.896727,0.430997,0.00380897,0.000998792,0.00380897,0.199952,0.164327,0.51042,0.903681,0.0415436,0.0292558,0.0405534,0.211124,0.044348,0.00208333,1.09625,0.0916144,2.43708,0.158572,0,0.0574776,0.637272,5.18697,0.720936,0.521974,0.49191,1.9799,0.204134,0.208319,0,0.857768,0.516637,0,-0.00155627,0.2315,0.972273,0.389132,0.0412347,0.041273,0.00489943,0.00447465,0.456988,0.0401742,9.28655,-1.21884,9.39271,0.633739,0.432213,-9.17974,-0.333333,0.0443959,-0.090133,0.619785,2.83333,3.16667,0,0,1.66667,3.04167,7.33333,-5.64189,0.0001,-0.00141223,0.0447458,1.72478,0.135719,52837,0.191,271.91,1.55304
8246,1.76223,0.202665,0.884992,0.442713,0.00388781,0.0010207,0.00388781,0.20164,0.163561,0.511095,0.894728,0.0425008,0.0297395,0.0414305,0.214115,0.0424575,0.00245098,1.09222,0.0920061,2.44062,0.159571,0,0.0571171,0.630321,5.14129,0.715738,0.512197,0.501482,2.01947,0.206673,0.211395,0,0.831537,0.490616,0,-0.00150068,0.227948,0.97162,0.374387,0.0422595,0.0423265,0.00475611,0.00432899,0.454484,0.0411392,9.13597,-1.38914,9.37813,0.640033,0.44209,-8.88515,-0.333333,0.0450102,-0.0899069,0.601353,3.5,3.33333,0,0,1.33333,2.75,6.58333,-5.64446,0.0001,-0.00253016,0.046069,1.72355,0.125951,53151,0.190927,265.61,1.29927
8247,1.7996,0.197421,0.858452,0.430317,0.00392879,0.00105828,0.00392879,0.195429,0.16008,0.515991,0.865427,0.042897,0.0301125,0.0417192,0.214947,0.0469876,0,1.08906,0.0884415,2.42879,0.166692,0,0.0606135,0.626687,5.12152,0.712867,0.506956,0.506909,2.03361,0.200946,0.212669,0,0.807546,0.449054,0,-0.00148446,0.240244,0.971345,0.364508,0.0426955,0.0428927,0.00569859,0.00524643,0.456193,0.0415867,8.99746,-1.49416,9.46095,0.639425,0.455056,-8.64725,-0.333333,0.0456686,-0.0864806,0.592185,4.33333,3,0,0,1.33333,2.91667,6.16667,-5.6437,0.0001,-0.00243642,0.0459218,1.69865,0.125458,53891,0.190914,268.94,1.24523
8248,1.59097,0.200836,0.892888,0.436882,0.00387583,0.00104345,0.00387583,0.202503,0.164096,0.5171,0.902582,0.0421095,0.0293176,0.0411728,0.212949,0.0418032,0.00580929,1.09184,0.0925939,2.44478,0.153123,0,0.0551918,0.632862,5.14076,0.715134,0.513637,0.501225,2.0083,0.204536,0.210079,0,0.833539,0.509283,0,-0.00149855,0.225916,0.972245,0.379255,0.0420585,0.0419401,0.00514535,0.0047144,0.455767,0.040968,9.13096,-1.5206,9.16218,0.643557,0.426862,-8.91874,-0.333333,0.0459525,-0.0907738,0.622678,3.54167,3.125,0,0,1.70833,2.83333,8.08333,-5.64243,0.0001,-0.00190032,0.0474519,1.76208,0.131853,51904,0.190925,268.94,1.63199
8249,1.68949,0.202873,0.89702,0.44583,0.00384005,0.00108371,0.00384005,0.201269,0.164452,0.516047,0.905218,0.0420201,0.0297262,0.0409746,0.213874,0.0426739,0.00875864,1.10106,0.0927286,2.45878,0.155987,0,0.0569029,0.634306,5.15891,0.718681,0.518074,0.49714,1.99505,0.206248,0.211264,0,0.83223,0.515466,0,-0.00153938,0.231722,0.972452,0.381073,0.0417945,0.041867,0.00523855,0.00478332,0.454919,0.0407376,9.10703,-1.36486,9.42145,0.633987,0.43554,-9.01838,-0.333333,0.0474599,-0.0902461,0.625814,3.20833,3.375,0,0,2.04167,3.375,7.625,-5.6397,0.0001,-0.00122102,0.0476473,1.75687,0.127077,52179,0.190967,269.24,1.65129
8250,1.6715,0.197,0.88893,0.436439,0.00388888,0.0010034,0.00388888,0.194555,0.16384,0.517214,0.897327,0.0423238,0.0299669,0.041295,0.21176,0.0456078,0.00198413,1.08136,0.0915047,2.43962,0.164566,0,0.0588697,0.625588,5.13038,0.714014,0.511987,0.50294,2.02467,0.20047,0.209149,0,0.833241,0.486215,0,-0.00144467,0.236194,0.972059,0.374518,0.0422213,0.0422413,0.0050029,0.00458434,0.45365,0.0411156,9.03858,-1.38459,9.30495,0.642627,0.440301,-8.9269,-0.333333,0.0439412,-0.086966,0.620377,4.16667,4.04167,0,0,2.08333,3.79167,9.08333,-5.63627,0.0001,-0.002654,0.0423853,1.75341,0.130184,52189,0.190973,267.2,1.58783
8251,1.74591,0.201838,0.898052,0.440741,0.00384328,0.00102578,0.00384328,0.202313,0.165418,0.510763,0.903936,0.0421119,0.0299135,0.0411001,0.212954,0.0426425,0,1.09674,0.0925532,2.43767,0.155039,0,0.056387,0.63422,5.15623,0.717958,0.517698,0.496121,1.99634,0.204628,0.21026,0,0.849127,0.487626,0,-0.00151184,0.228117,0.972399,0.380421,0.0419888,0.0419778,0.0050111,0.00459508,0.45547,0.0408657,9.0342,-1.38558,9.27422,0.641732,0.432618,-9.02709,-0.333333,0.0451841,-0.0905352,0.620242,3.75,3.91667,0,0,2.16667,2.625,7.83333,-5.63319,0.0001,-0.00206124,0.0449074,1.73057,0.12854,52876,0.190966,263.1,1.6181
8252,1.83026,0.199132,0.857204,0.430435,0.00390388,0.00102193,0.00390388,0.199572,0.160038,0.514445,0.863472,0.0430307,0.0290765,0.0418242,0.213962,0.0433422,0,1.08848,0.0879349,2.45472,0.159876,0,0.0588168,0.623266,5.12545,0.714302,0.510138,0.504277,2.02836,0.202267,0.211445,0,0.839224,0.436067,0,-0.00140277,0.232765,0.97142,0.370152,0.0426564,0.0429836,0.00500867,0.00452531,0.456874,0.041576,9.18185,-1.18863,9.51546,0.63704,0.454117,-8.94391,-0.333333,0.0449849,-0.0883209,0.589243,3.5,3.91667,0,0,2.29167,3.54167,7.08333,-5.62892,0.0001,-0.00209139,0.0412537,1.77558,0.131267,51553,0.191016,263.85,1.40247
8253,1.66245,0.197369,0.875788,0.430586,0.00387218,0.00101029,0.00387218,0.197635,0.1608,0.512768,0.886857,0.041932,0.030145,0.0409514,0.211726,0.0454392,0.00625,1.08808,0.0904889,2.43605,0.162251,0,0.0575745,0.632756,5.16003,0.718768,0.514228,0.497414,1.99687,0.201698,0.208985,0,0.827376,0.485644,0,-0.00153483,0.235495,0.971396,0.378923,0.0418638,0.0418062,0.0049376,0.00445448,0.459011,0.0407017,9.26432,-1.50082,9.19824,0.64532,0.432867,-8.88603,-0.333333,0.0447371,-0.0889827,0.608591,3.45833,3.20833,0,0,1.875,3.33333,7.70833,-5.62396,0.0001,-0.00245303,0.0405118,1.74165,0.130808,52500,0.19108,270.28,1.29305
8254,1.53783,0.194462,0.870656,0.428591,0.00382703,0.0010163,0.00382703,0.193549,0.157879,0.510883,0.876976,0.0410615,0.0309033,0.0402479,0.207886,0.0481939,0,1.07884,0.0877429,2.46263,0.162675,0,0.0562426,0.636117,5.19493,0.721315,0.519707,0.494974,1.98843,0.196864,0.20495,0,0.837725,0.455237,0,-0.00158655,0.237718,0.972208,0.386205,0.0412999,0.0409583,0.00521766,0.00482196,0.457187,0.0401768,9.15471,-1.72552,9.02946,0.647537,0.424262,-8.86557,-0.333333,0.0452444,-0.0879823,0.59997,3.16667,2.91667,0,0,1.75,2.95833,7.875,-5.61879,0.0001,-0.00177521,0.0403137,1.71222,0.124295,53527,0.19122,271.76,1.65719
8255,1.54762,0.202532,0.879177,0.442615,0.00386651,0.00104026,0.00386651,0.197215,0.16224,0.515322,0.887398,0.0416056,0.0305163,0.0407572,0.214305,0.04434,0,1.09744,0.0907362,2.46007,0.159546,0,0.0563665,0.632887,5.15667,0.717839,0.514834,0.498955,1.99769,0.205633,0.211448,0,0.850432,0.440791,0,-0.00154523,0.233464,0.971466,0.380443,0.0417717,0.0415681,0.00510613,0.00468483,0.457445,0.0406204,9.24048,-1.89189,8.9933,0.651689,0.425481,-8.71137,-0.333333,0.0457853,-0.0883694,0.611104,4,2.5,0,0,1.45833,2.625,8.70833,-5.61066,0.0001,-0.00164793,0.0390044,1.6982,0.124974,53919,0.191352,265.42,1.45502
8256,1.65099,0.201369,0.904586,0.443812,0.00382566,0.0010831,0.00382566,0.199381,0.165804,0.51003,0.912174,0.0416646,0.0313917,0.0407351,0.211452,0.0419757,0,1.09264,0.0926947,2.43885,0.150964,0,0.0553854,0.635443,5.18134,0.720355,0.519879,0.493248,1.98342,0.204334,0.208606,0,0.853761,0.501704,0,-0.00154631,0.228062,0.971901,0.384176,0.0417203,0.0415146,0.0051087,0.00470878,0.455515,0.0405366,9.1854,-1.73116,9.07783,0.649298,0.429482,-8.93115,-0.333333,0.0473856,-0.0900877,0.620379,3.79167,3.125,0,0,1.41667,2.625,7.875,-5.60473,0.0001,0.000723666,0.0445363,1.70777,0.134155,53370,0.191427,267,1.56784
8257,1.59906,0.199609,0.892185,0.436782,0.0038363,0.00104834,0.0038363,0.200853,0.162542,0.509234,0.904024,0.041471,0.0315112,0.0405881,0.212436,0.0434019,0.0046875,1.09837,0.0929909,2.45914,0.157811,0,0.0554133,0.63455,5.17739,0.719372,0.518544,0.495607,1.99734,0.20294,0.209464,0,0.840669,0.496888,0,-0.00154902,0.228824,0.97137,0.385355,0.0415101,0.041325,0.00505939,0.00465593,0.456322,0.0403374,9.33547,-1.84151,9.00039,0.652315,0.42468,-8.88717,-0.333333,0.0468157,-0.0911974,0.613918,2.91667,2.5,0,0,1.08333,2.33333,7.875,-5.60225,0.0001,-0.00207497,0.0453913,1.71647,0.124092,53409,0.191455,271.84,1.4588
8258,1.66417,0.198715,0.864631,0.442547,0.00394885,0.0010738,0.00394885,0.197509,0.160785,0.520543,0.871173,0.0428996,0.0305097,0.0418487,0.21637,0.0435654,0.00787037,1.08832,0.0878573,2.43536,0.161777,0,0.0582521,0.620612,5.10005,0.709964,0.504419,0.509513,2.04145,0.201194,0.213652,0,0.802863,0.457044,0,-0.00143484,0.234137,0.971259,0.366759,0.0427635,0.0428729,0.00511614,0.00469385,0.455953,0.0415949,9.15743,-1.55414,9.26974,0.645781,0.448217,-8.61893,-0.333333,0.0463207,-0.0873009,0.603705,3.75,3.45833,0,0,1.54167,2.91667,7.16667,-5.60231,0.0001,-0.00215303,0.0463744,1.73581,0.131431,52646,0.191503,262.78,1.38055
8259,1.72505,0.198262,0.876336,0.43371,0.00388749,0.00100393,0.00388749,0.202453,0.162518,0.512802,0.884779,0.0423198,0.031709,0.0413134,0.213943,0.0425534,0.00347222,1.09085,0.0903669,2.44917,0.160941,0,0.0571171,0.633512,5.15422,0.716541,0.512132,0.500037,2.01213,0.201536,0.21136,0,0.83632,0.487355,0,-0.00147997,0.224994,0.970728,0.37563,0.0422611,0.0422259,0.00443325,0.00400458,0.45716,0.0410046,9.39355,-1.74506,9.12311,0.651285,0.438287,-8.76647,-0.333333,0.0441522,-0.0900426,0.599016,4.29167,2.83333,0,0,1.625,2.875,7.70833,-5.60193,0.0001,-0.00188771,0.0426209,1.72061,0.129343,53138,0.191524,262.96,1.28044
8260,1.72844,0.197807,0.87712,0.428306,0.00390646,0.00101239,0.00390646,0.195346,0.161591,0.516917,0.885127,0.0424907,0.0308684,0.0414278,0.211113,0.0445398,0.00320513,1.07835,0.0907187,2.45004,0.164676,0,0.0591585,0.62807,5.1332,0.714927,0.509978,0.501982,2.02453,0.201502,0.208632,0,0.824885,0.465198,0,-0.00143885,0.234244,0.970925,0.374662,0.0423189,0.0424436,0.00461075,0.0042206,0.455884,0.0411667,9.30979,-1.52456,9.16052,0.649627,0.440724,-8.82062,-0.333333,0.044045,-0.0875634,0.612509,4.45833,3.33333,0,0,2.16667,2.95833,8.16667,-5.60028,0.0001,-0.0020282,0.0415997,1.75227,0.125452,52352,0.19151,261.45,1.49457
8261,1.64582,0.20437,0.876306,0.443676,0.00390379,0.00110302,0.00390379,0.202132,0.162853,0.514698,0.881535,0.0424523,0.03126,0.0414089,0.216412,0.0419444,0.00610269,1.10273,0.0901704,2.45487,0.156826,0,0.0580872,0.627296,5.1276,0.715045,0.510161,0.50212,2.01273,0.207419,0.213988,0,0.83634,0.455834,0,-0.00150826,0.232793,0.970989,0.372448,0.0424192,0.0424277,0.00490117,0.00448883,0.456267,0.0412139,9.19861,-1.73173,9.15929,0.650448,0.443999,-8.67064,-0.333333,0.0480302,-0.0895948,0.602215,4.33333,2.70833,0,0,1.58333,3.5,7.20833,-5.59768,0.0001,-0.00149573,0.0406477,1.70702,0.134505,53381,0.191565,265.62,1.37516
8262,1.4975,0.205241,0.922436,0.442404,0.00383783,0.00106184,0.00383783,0.202463,0.169422,0.514114,0.930162,0.0415143,0.0321093,0.0406557,0.211216,0.0420436,0.00231481,1.09045,0.0949472,2.4434,0.154319,0,0.0550497,0.639675,5.17981,0.720242,0.518352,0.496749,1.99236,0.208625,0.208357,0,0.873872,0.499943,0,-0.00155343,0.227084,0.971436,0.383453,0.0417208,0.0414405,0.00466685,0.00427576,0.458412,0.0404743,9.26808,-2.03431,8.94264,0.654176,0.423406,-8.72443,-0.333333,0.0470115,-0.0910772,0.642986,4.41667,2.70833,0,0,1.54167,3,9.08333,-5.59337,0.0001,0.00132429,0.0420035,1.69024,0.138551,53753,0.191601,274.83,1.71628
8263,1.59455,0.201251,0.898858,0.438134,0.00387362,0.00102733,0.00387362,0.197599,0.16546,0.51937,0.907534,0.0418316,0.0309153,0.0409092,0.212196,0.0439938,0.00625,1.0883,0.0932205,2.46121,0.158795,0,0.0572929,0.630496,5.15086,0.716668,0.51395,0.499884,2.00795,0.204693,0.209488,0,0.848763,0.512294,0,-0.00154754,0.234614,0.971645,0.37893,0.0419113,0.0417835,0.00533721,0.00488847,0.457041,0.0407487,9.23433,-1.76848,9.02178,0.651684,0.430741,-8.75934,-0.333333,0.0455596,-0.0886597,0.626262,4.04167,2.75,0,0,1.33333,2.58333,7.83333,-5.59364,0.0001,-0.00154127,0.0391808,1.70155,0.130318,53663,0.191576,264.93,1.40347
8264,1.63232,0.20208,0.887697,0.435934,0.00387842,0.00101428,0.00387842,0.200797,0.164265,0.516579,0.894634,0.0419822,0.0310493,0.0410125,0.212048,0.0433921,0.0170018,1.08499,0.0913699,2.43546,0.156101,0,0.0564797,0.633846,5.15436,0.717235,0.51333,0.500641,2.00453,0.205341,0.209403,0,0.858541,0.472776,0,-0.00152243,0.231126,0.97142,0.376165,0.0420518,0.0419188,0.00483757,0.00441783,0.457852,0.0408679,9.22038,-1.86486,9.04697,0.65298,0.430434,-8.73194,-0.333333,0.0445028,-0.0895472,0.62077,3.70833,2.54167,0,0,1.08333,2.58333,7.58333,-5.59267,0.0001,0.00054181,0.0415781,1.7354,0.129398,52715,0.191562,269.67,1.54403
8265,1.62751,0.200991,0.900569,0.43797,0.00388011,0.00104673,0.00388011,0.200231,0.166048,0.517903,0.90832,0.0420222,0.0313207,0.0410651,0.212075,0.0435699,0.00260417,1.08569,0.0921831,2.44224,0.158234,0,0.0569572,0.633098,5.15419,0.716997,0.513051,0.49926,1.99605,0.204306,0.209387,0,0.87324,0.48661,0,-0.00157316,0.231454,0.971224,0.377308,0.041973,0.0418553,0.00489731,0.0044885,0.455047,0.0407823,9.26447,-1.78014,9.04042,0.65381,0.433923,-8.77926,-0.333333,0.0459084,-0.0896545,0.628299,4.20833,3.29167,0,0,1.25,2.79167,8.33333,-5.58942,0.0001,-0.00245716,0.0437852,1.74649,0.13308,52301,0.19163,260.49,1.31146
8266,1.64001,0.195945,0.864414,0.434476,0.0038657,0.00101218,0.0038657,0.193973,0.15846,0.511039,0.873145,0.0418555,0.0304548,0.0409197,0.211154,0.0452885,0.00320513,1.08297,0.0882453,2.45236,0.158098,0,0.0573822,0.629206,5.15427,0.71625,0.514915,0.500058,2.01594,0.199574,0.208266,0,0.833679,0.452359,0,-0.00148311,0.234745,0.971685,0.378138,0.0419956,0.0418288,0.00503131,0.00462434,0.456591,0.0408429,9.2671,-1.69283,9.07882,0.649396,0.431671,-8.83106,-0.333333,0.0447363,-0.0872594,0.598242,3.54167,3.25,0,0,1.625,2.5,7.70833,-5.58417,0.0001,-0.00147225,0.0415552,1.71697,0.127991,53282,0.191694,259.94,1.04145
8267,1.71221,0.203809,0.905834,0.440179,0.00379275,0.00104226,0.00379275,0.202667,0.165252,0.507774,0.913138,0.0412732,0.0315175,0.0403658,0.209636,0.0416621,0.00977078,1.09445,0.0926775,2.44477,0.151389,0,0.0550422,0.641191,5.20279,0.72344,0.524013,0.489485,1.95942,0.207625,0.206803,0,0.870468,0.476469,0,-0.00158599,0.224352,0.971784,0.390872,0.0413005,0.0410774,0.0050807,0.00470816,0.459388,0.0400984,9.29937,-1.67047,9.10703,0.646545,0.426116,-9.04185,-0.333333,0.0465831,-0.0919755,0.622264,3.83333,3.41667,0,0,1.54167,2.54167,8.29167,-5.58161,0.0001,-0.00086548,0.0485592,1.72825,0.128162,52953,0.191663,272.26,1.49853
8268,1.65893,0.192966,0.84017,0.430639,0.00391315,0.000977471,0.00391315,0.192567,0.154798,0.514044,0.84815,0.0422436,0.0305455,0.0412455,0.211511,0.0463021,0.00638007,1.07551,0.085006,2.45584,0.163476,0,0.057937,0.629146,5.14732,0.715859,0.508918,0.50287,2.00932,0.196043,0.20886,0,0.812417,0.426834,0,-0.0014586,0.240663,0.971657,0.369581,0.0423337,0.0422358,0.00527006,0.00486721,0.457766,0.0411917,9.20785,-1.65333,9.11804,0.650772,0.44047,-8.71789,-0.333333,0.0432565,-0.0860003,0.571342,3.75,2.95833,0,0,0.833333,3.41667,7.70833,-5.5814,0.0001,-0.0005202,0.0395489,1.73652,0.12959,52678,0.191704,266.54,1.20207
8269,1.79458,0.200755,0.864744,0.437494,0.00396427,0.00106105,0.00396427,0.19866,0.162521,0.511801,0.875082,0.0434674,0.0299473,0.0422696,0.21828,0.0444813,0.00208333,1.09511,0.0905263,2.4778,0.163798,0,0.0602824,0.616701,5.09275,0.709429,0.502484,0.509687,2.05759,0.204673,0.215948,0,0.815977,0.460347,0,-0.00136006,0.235223,0.97106,0.360324,0.043231,0.043499,0.00482834,0.00438406,0.452071,0.0420764,8.99754,-1.35016,9.45774,0.643556,0.467039,-8.6856,-0.333333,0.0455219,-0.0872106,0.586362,4.75,4,0,0,2.25,3.41667,6.58333,-5.57995,0.0001,-0.0016862,0.0450216,1.73472,0.138991,52465,0.191691,261.44,1.37717
8270,1.73217,0.199563,0.864213,0.435477,0.00390841,0.00105445,0.00390841,0.198492,0.161141,0.51172,0.872774,0.042585,0.029534,0.04154,0.214042,0.0435551,0,1.08578,0.0888597,2.45486,0.158498,0,0.0580649,0.627012,5.12234,0.713207,0.509495,0.50291,2.02214,0.20289,0.211226,0,0.820414,0.444856,0,-0.00143811,0.23248,0.971784,0.371944,0.0424971,0.0425649,0.00476012,0.00434047,0.453176,0.0413746,9.14403,-1.46357,9.2943,0.641661,0.442967,-8.75735,-0.333333,0.0458836,-0.0878642,0.590708,3.75,3.29167,0,0,1.33333,3.375,7.16667,-5.58085,0.0001,-0.00200775,0.040945,1.71113,0.134026,53276,0.191682,261.49,0.999259
8271,1.74457,0.199933,0.881641,0.436529,0.00389296,0.00103222,0.00389296,0.200248,0.163539,0.512379,0.88931,0.0425658,0.0295103,0.0414558,0.214018,0.0434145,0.00198413,1.08997,0.0917852,2.45104,0.160084,0,0.0588356,0.630433,5.13927,0.715859,0.511433,0.501361,2.01057,0.203805,0.211571,0,0.815132,0.491609,0,-0.00140785,0.233038,0.971386,0.373772,0.0423705,0.0425768,0.00518603,0.00476881,0.458052,0.0412808,9.23489,-1.48976,9.34377,0.641942,0.442565,-8.82757,-0.333333,0.0453045,-0.088906,0.605361,4.04167,3.29167,0,0,1.625,3.33333,7.08333,-5.58068,0.0001,-0.00102307,0.0399754,1.74864,0.129967,52328,0.191698,257.11,1.08999
8272,1.63451,0.200318,0.888946,0.435142,0.00385048,0.00103348,0.00385048,0.195591,0.163773,0.51269,0.894987,0.04178,0.0301941,0.0408105,0.210349,0.0434385,0,1.08128,0.091039,2.43983,0.158955,0,0.0568429,0.638301,5.17468,0.719052,0.516773,0.496682,1.99261,0.203961,0.207582,0,0.851232,0.483847,0,-0.00150987,0.234458,0.971832,0.381807,0.041762,0.0417292,0.00486295,0.00446451,0.457109,0.040674,9.23037,-1.68864,9.15879,0.645487,0.430441,-8.85835,-0.333333,0.0450653,-0.0875723,0.612506,4.08333,3.16667,0,0,1.25,3.70833,8.125,-5.57782,0.0001,-0.00114255,0.0423645,1.70304,0.132655,53551,0.191778,270.35,1.62181
8273,1.61673,0.198422,0.887741,0.430294,0.00386131,0.0010248,0.00386131,0.198277,0.162913,0.505901,0.894327,0.0415706,0.0309497,0.0406572,0.211406,0.0432355,0.00245098,1.08714,0.0908979,2.43843,0.158806,0,0.0561958,0.635167,5.17043,0.719204,0.515436,0.495061,1.98747,0.201337,0.208543,0,0.863285,0.48718,0,-0.00161017,0.229136,0.971701,0.380557,0.0416146,0.0414109,0.00453875,0.00412122,0.456771,0.0404463,9.24145,-1.84047,9.03194,0.650403,0.428846,-8.7592,-0.333333,0.0449617,-0.0892832,0.602152,4.16667,2.95833,0,0,0.875,2.875,7.79167,-5.57278,0.0001,-0.00110454,0.0401544,1.69689,0.131033,53779,0.191846,267.43,1.33182
8274,1.69859,0.196067,0.86958,0.425973,0.00387007,0.000979849,0.00387007,0.194593,0.160611,0.509473,0.875603,0.0420341,0.0304939,0.0410211,0.210394,0.0453471,0,1.07856,0.0884869,2.44794,0.162184,0,0.0577559,0.632891,5.14289,0.716376,0.514347,0.498813,2.00423,0.198438,0.207734,0,0.835645,0.447609,0,-0.00141487,0.236228,0.971666,0.378652,0.0420076,0.0420789,0.00505034,0.00467193,0.456174,0.0409274,9.20618,-1.59743,9.25177,0.64189,0.435942,-8.81261,-0.333333,0.0428148,-0.0871546,0.599908,3.58333,3.25,0,0,1.16667,2.91667,7.41667,-5.57094,0.0001,-0.00116362,0.0386545,1.7634,0.128005,51974,0.191896,268.68,1.43575
8275,1.62319,0.196752,0.857646,0.43786,0.0039382,0.00104638,0.0039382,0.19435,0.159583,0.516614,0.862945,0.0425585,0.0303482,0.0415594,0.214673,0.0422251,0.00464396,1.08214,0.0876023,2.44256,0.159201,0,0.0581507,0.62757,5.12088,0.711787,0.505779,0.506341,2.03436,0.199294,0.211921,0,0.801364,0.447459,0,-0.00147717,0.233951,0.972091,0.368552,0.0425287,0.0425346,0.00467634,0.00425945,0.451196,0.0413889,8.98471,-1.63207,9.16951,0.647108,0.440617,-8.61344,-0.333333,0.0453287,-0.0861188,0.589356,4.75,3.29167,0,0,1.29167,3.25,8.20833,-5.5677,0.0001,-0.00234274,0.0381553,1.72459,0.133427,52908,0.191979,258.46,1.52407
8276,1.6558,0.19862,0.891044,0.431466,0.00381539,0.0010166,0.00381539,0.193049,0.16294,0.505758,0.897315,0.0412044,0.0316939,0.0403312,0.207612,0.0442896,0,1.07656,0.0906923,2.41097,0.160347,0,0.0566026,0.639612,5.19487,0.721843,0.521184,0.49047,1.96254,0.201565,0.204614,0,0.856115,0.471961,0,-0.00153377,0.236783,0.972278,0.388436,0.0413418,0.0411398,0.00479662,0.00440108,0.455619,0.0402128,9.23298,-1.69219,9.08354,0.644625,0.419564,-8.92497,-0.333333,0.0451413,-0.08753,0.606095,3.66667,2.79167,0,0,0.833333,2.79167,8.16667,-5.56346,0.0001,-0.00199631,0.0407429,1.71764,0.133141,53114,0.192053,273.57,1.60771
8277,1.57455,0.199578,0.863693,0.43497,0.00388776,0.00103347,0.00388776,0.198639,0.159951,0.517885,0.871777,0.0419865,0.03191,0.0410439,0.212267,0.0436749,0.00198413,1.08227,0.0872489,2.44023,0.162657,0,0.0569227,0.631457,5.14243,0.715038,0.512116,0.501537,2.02056,0.20247,0.209517,0,0.834214,0.458188,0,-0.0014723,0.23207,0.971321,0.375884,0.0421413,0.0420267,0.00450153,0.00409407,0.456023,0.0409418,9.19733,-1.92307,9.04065,0.6515,0.428873,-8.61883,-0.333333,0.0446132,-0.0883445,0.59863,4.45833,2.66667,0,0,0.708333,2.58333,7.58333,-5.56102,0.0001,-0.00170055,0.0428561,1.74154,0.130675,52506,0.192081,263.36,1.37618
8278,1.53794,0.199807,0.88419,0.436326,0.00391158,0.00103812,0.00391158,0.19545,0.163936,0.513811,0.889924,0.0422057,0.0318265,0.0412793,0.214274,0.044345,0.00277778,1.0871,0.0910233,2.44804,0.155562,0,0.0570409,0.625906,5.13044,0.713504,0.509175,0.503251,2.02493,0.203345,0.211358,0,0.834216,0.478633,0,-0.00158917,0.236871,0.971484,0.369125,0.0424122,0.0421603,0.00525984,0.0048333,0.456036,0.0412008,9.19588,-1.83577,9.00825,0.652475,0.431653,-8.56349,-0.333333,0.0451747,-0.086826,0.602189,4.625,2.66667,0,0,0.916667,3.41667,8.125,-5.55601,0.0001,-0.00207972,0.04632,1.73636,0.128211,52721,0.192122,256.29,1.08196
8279,1.60557,0.199879,0.895333,0.43512,0.00388605,0.00107377,0.00388605,0.199713,0.166255,0.507345,0.902913,0.0418952,0.0323163,0.0409657,0.21401,0.045088,0.00277778,1.09083,0.0933668,2.45304,0.16164,0,0.0580469,0.63315,5.15986,0.717632,0.5123,0.499653,2.00447,0.202908,0.211011,0,0.845826,0.479254,0,-0.00154778,0.236034,0.971517,0.375288,0.0420563,0.0418675,0.00486965,0.00447927,0.459093,0.0408824,9.27836,-1.81116,9.07958,0.648549,0.428922,-8.647,-0.333333,0.0469453,-0.0887626,0.602686,4.125,2.95833,0,0,1.125,3.20833,8.33333,-5.5469,0.0001,-0.00170644,0.0418871,1.70063,0.136261,53516,0.192218,255.77,1.18667
8280,1.6508,0.201232,0.873241,0.441532,0.00390914,0.00106543,0.00390914,0.200873,0.16304,0.51806,0.880973,0.0424993,0.0332719,0.0414896,0.215212,0.0415362,0,1.08899,0.0892331,2.43874,0.153451,0,0.0567046,0.627987,5.13198,0.713559,0.509408,0.505441,2.02713,0.204696,0.212438,0,0.854506,0.424162,0,-0.00148994,0.229361,0.970891,0.369554,0.0426304,0.0425098,0.00506848,0.00463776,0.45731,0.041374,9.2616,-1.91828,9.04502,0.655408,0.437074,-8.56681,-0.333333,0.045828,-0.088731,0.605402,4.875,3.125,0,0,1.04167,2.875,7.20833,-5.54046,0.0001,-0.00191457,0.042309,1.72868,0.131786,52838,0.19223,259.54,1.13031
8281,1.56181,0.194163,0.846127,0.428084,0.00397981,0.000956866,0.00397981,0.19276,0.159489,0.523949,0.854627,0.0430713,0.0324161,0.0420532,0.21339,0.046378,0.00208333,1.06328,0.0862435,2.43719,0.163206,0,0.0589212,0.620588,5.09448,0.708176,0.500535,0.515207,2.06118,0.198116,0.210557,0,0.820545,0.433387,0,-0.00133154,0.238543,0.971018,0.357218,0.0433965,0.0432404,0.00497037,0.0045688,0.454807,0.0421718,9.17666,-1.90721,8.99817,0.657675,0.442557,-8.37823,-0.333333,0.0410675,-0.0843066,0.590257,4.875,2.79167,0,0,0.666667,3.5,7.29167,-5.53738,0.0001,-0.00246208,0.0446302,1.72039,0.129154,53150,0.192275,258.63,1.2788
8282,1.49617,0.1984,0.87407,0.438472,0.00383533,0.000997777,0.00383533,0.199569,0.15959,0.514327,0.880734,0.0412905,0.0332141,0.0404814,0.210603,0.0443386,0.00783476,1.0867,0.0881978,2.47292,0.155393,0,0.0555836,0.631075,5.17901,0.720064,0.518675,0.493688,1.98389,0.201903,0.207539,0,0.823112,0.445266,0,-0.0015956,0.230431,0.97179,0.382629,0.0416916,0.0412134,0.00481685,0.00443466,0.45583,0.0404466,9.3041,-2.14747,8.79265,0.658675,0.414834,-8.71155,-0.333333,0.0443529,-0.090111,0.605751,4.29167,2.54167,0,0,0.833333,2.54167,8.91667,-5.53488,0.0001,-0.0017537,0.0405908,1.72153,0.128743,53129,0.19223,272.16,1.28952
8283,1.69499,0.199059,0.890566,0.434909,0.00392677,0.000977614,0.00392677,0.201577,0.16593,0.513714,0.901227,0.0426986,0.0330463,0.0416565,0.213626,0.0434466,0.0078125,1.08028,0.0925116,2.4411,0.162203,0,0.0580537,0.62537,5.11863,0.712492,0.507193,0.505278,2.03031,0.203641,0.211038,0,0.838966,0.498281,0,-0.00154246,0.228408,0.970799,0.366164,0.0427337,0.0426508,0.00447631,0.00406625,0.454123,0.0414187,9.127,-1.94669,9.03848,0.658048,0.445199,-8.49155,-0.333333,0.0425862,-0.0891275,0.607573,5.375,3.375,0,0,0.75,2.54167,7.91667,-5.53707,0.0001,-0.0016418,0.0434784,1.71413,0.129162,53330,0.192205,267.38,1.42988
8284,1.53565,0.194918,0.860199,0.424615,0.00392615,0.000970125,0.00392615,0.194259,0.159435,0.513705,0.868832,0.0420218,0.0325683,0.0411648,0.213272,0.0459713,0.00491898,1.07836,0.0879916,2.44599,0.164876,0,0.0570653,0.628011,5.12379,0.711743,0.507302,0.506974,2.02718,0.198628,0.2101,0,0.833211,0.463783,0,-0.00152254,0.23743,0.970405,0.368296,0.0423979,0.0420212,0.00507108,0.00459798,0.457089,0.0411986,9.47642,-2.03511,8.8615,0.659169,0.429048,-8.48681,-0.333333,0.042471,-0.0867408,0.590821,4.16667,2.54167,0,0,0.541667,2.79167,7.29167,-5.53566,0.0001,-0.00136083,0.0446563,1.68652,0.128502,54161,0.192245,263.32,1.28696
8285,1.68399,0.199105,0.863954,0.434503,0.00392971,0.00100918,0.00392971,0.196924,0.160685,0.517301,0.870989,0.0427557,0.0329011,0.041701,0.213856,0.0449214,0.00610269,1.08171,0.088288,2.43978,0.161687,0,0.0591732,0.623815,5.11756,0.712808,0.506861,0.505111,2.03148,0.2031,0.211206,0,0.825284,0.477038,0,-0.00154518,0.237274,0.970291,0.365363,0.0427611,0.0427105,0.00511873,0.0047441,0.454699,0.0415086,9.35522,-1.84474,9.09543,0.654887,0.444402,-8.56862,-0.333333,0.0436378,-0.0870441,0.594804,5.29167,3.33333,0,0,1.375,3.04167,7.83333,-5.53345,0.0001,-0.0013209,0.043917,1.67233,0.119472,54863,0.192235,261.51,1.17217
8286,1.62308,0.19959,0.863056,0.439395,0.00393829,0.00103465,0.00393829,0.19643,0.160969,0.517548,0.871136,0.0426565,0.0317966,0.0416549,0.216147,0.0439332,0.00245098,1.08474,0.0883542,2.4548,0.157737,0,0.0574556,0.621934,5.10653,0.710896,0.505746,0.507338,2.04194,0.202751,0.213165,0,0.821821,0.462362,0,-0.00144945,0.235078,0.971142,0.365779,0.0428179,0.0426547,0.00563578,0.00516228,0.456335,0.0416331,9.29655,-1.77666,9.06302,0.653695,0.441388,-8.59052,-0.333333,0.0444388,-0.0866284,0.598836,3.95833,2.95833,0,0,1.04167,2.70833,7.95833,-5.53252,0.0001,-0.00152517,0.0458959,1.66084,0.122268,55130,0.192278,261.83,1.43067
8287,1.55773,0.199474,0.858958,0.439415,0.00391196,0.00107611,0.00391196,0.197977,0.158896,0.516381,0.866554,0.0421476,0.0320396,0.0412232,0.215982,0.042541,0,1.09323,0.088085,2.43087,0.157102,0,0.0565395,0.625989,5.13528,0.714876,0.509053,0.502622,2.01765,0.202396,0.212971,0,0.810239,0.441135,0,-0.00157181,0.234054,0.971399,0.371758,0.04227,0.0420379,0.0052351,0.00479792,0.455448,0.0411031,9.29943,-1.8499,8.92868,0.656023,0.430048,-8.63044,-0.333333,0.0464365,-0.0880449,0.587465,4.33333,2.95833,0,0,1,2.95833,7.58333,-5.53016,0.0001,-0.00206923,0.046241,1.71009,0.131373,53383,0.192311,262.84,1.2773
8288,1.60304,0.195379,0.866221,0.432271,0.00393197,0.00101553,0.00393197,0.197081,0.161663,0.51343,0.873049,0.0424867,0.0313804,0.0415081,0.214503,0.0416673,0.00231481,1.08035,0.0885373,2.41279,0.15631,0,0.0565374,0.628922,5.1229,0.713681,0.506567,0.506132,2.02736,0.198292,0.211496,0,0.814753,0.458614,0,-0.00150033,0.230491,0.971115,0.368113,0.0426162,0.0424427,0.00474359,0.00431913,0.454172,0.0414459,9.35329,-1.75885,9.03372,0.653202,0.435699,-8.62572,-0.333333,0.0435884,-0.0871615,0.590868,4.70833,3.125,0,0,1.125,3.16667,8.41667,-5.52888,0.0001,-0.00238511,0.0471213,1.69966,0.12271,53943,0.192381,259.64,1.27256
8289,1.64016,0.195304,0.864942,0.431361,0.00400425,0.0010351,0.00400425,0.19771,0.161883,0.523498,0.872451,0.0433655,0.0307078,0.0422817,0.218139,0.04445,0.00231481,1.08319,0.0895447,2.43171,0.164014,0,0.0595764,0.615065,5.07661,0.705822,0.497498,0.514842,2.07677,0.1985,0.215253,0,0.789501,0.479837,0,-0.00144133,0.23535,0.970929,0.358879,0.0432064,0.0433203,0.00526296,0.00481176,0.453266,0.0420161,9.27182,-1.5408,9.1569,0.652207,0.449557,-8.50117,-0.333333,0.0444062,-0.087044,0.593846,4.45833,2.70833,0,0,1.125,3.33333,7.375,-5.52496,0.0001,-0.000546461,0.0445413,1.71548,0.13134,53228,0.192449,256.49,1.39765
8290,1.54493,0.196635,0.858876,0.428337,0.00387253,0.000973519,0.00387253,0.194897,0.15802,0.508908,0.866634,0.0415121,0.0319819,0.0406671,0.209481,0.0455157,0.00231481,1.07385,0.0865993,2.43095,0.159546,0,0.0570795,0.628015,5.1576,0.717018,0.514033,0.495864,2.00607,0.200074,0.206548,0,0.822557,0.471529,0,-0.00155058,0.236482,0.972023,0.378129,0.0418443,0.0414754,0.00514529,0.00476246,0.455797,0.0406474,9.1616,-1.92291,8.86572,0.656626,0.423986,-8.66149,-0.333333,0.0432685,-0.0874144,0.585983,4.16667,2.25,0,0,1.04167,3.16667,8.5,-5.52286,0.0001,-0.00159012,0.0421269,1.71992,0.131945,53083,0.192484,267.32,1.27635
8291,1.58021,0.201632,0.889312,0.434006,0.00391074,0.00109052,0.00391074,0.19986,0.166137,0.509582,0.894977,0.0419532,0.0334585,0.0410746,0.21597,0.0442646,0.00260417,1.09417,0.0928348,2.40163,0.158706,0,0.0566038,0.630874,5.14221,0.715682,0.509202,0.502005,2.00973,0.204707,0.213179,0,0.844712,0.495412,0,-0.00155645,0.232817,0.970395,0.367533,0.0424604,0.0420444,0.00509478,0.00465747,0.457148,0.0412278,9.29844,-2.32194,8.87672,0.659539,0.431863,-8.30857,-0.333333,0.0470115,-0.088439,0.606065,5.04167,2.41667,0,0,0.666667,2.625,7.54167,-5.52186,0.0001,-0.00277184,0.0394606,1.70677,0.13182,53467,0.192529,266.75,1.60941
8292,1.47045,0.199751,0.869094,0.434803,0.0039498,0.00106229,0.0039498,0.198832,0.162609,0.516297,0.876273,0.042151,0.033401,0.0412976,0.215767,0.043179,0,1.08555,0.0890051,2.43273,0.15743,0,0.0560085,0.623632,5.12126,0.712772,0.504613,0.505627,2.03442,0.203118,0.212886,0,0.851459,0.443062,0,-0.00154741,0.231899,0.970622,0.365022,0.0426419,0.0421888,0.00460707,0.00416356,0.454931,0.0413231,9.26607,-2.25255,8.80515,0.662843,0.433376,-8.26338,-0.333333,0.0457274,-0.0879409,0.598952,4.83333,2.125,0,0,0.5,2.70833,7.91667,-5.51909,0.0001,-0.00257371,0.0445546,1.75242,0.124714,52369,0.192626,260.76,1.31895
8293,1.50561,0.195978,0.859664,0.435094,0.00395963,0.00104843,0.00395963,0.195366,0.16121,0.51983,0.867911,0.0423717,0.0332885,0.0414391,0.214632,0.0438657,0,1.07511,0.0875842,2.44747,0.160866,0,0.0569454,0.62357,5.11554,0.711066,0.503079,0.510134,2.04788,0.200101,0.21192,0,0.817879,0.472197,0,-0.00150373,0.236429,0.970251,0.359415,0.0428602,0.0425105,0.00516581,0.00469879,0.452749,0.0415981,9.12672,-2.45732,8.85115,0.66443,0.443013,-8.13913,-0.333333,0.0447229,-0.0858279,0.598082,4.75,1.95833,0,0,0.583333,2.5,6.875,-5.51494,0.0001,-0.0011039,0.041864,1.73611,0.136895,52484,0.192647,257.45,1.40954
8294,1.52483,0.199776,0.887229,0.431747,0.00390588,0.00105477,0.00390588,0.195135,0.165099,0.51327,0.895404,0.0417948,0.0343139,0.0409111,0.21337,0.0464001,0.00434028,1.08274,0.0916935,2.42267,0.166976,0,0.0583735,0.627122,5.13607,0.71449,0.509835,0.501523,2.01513,0.20362,0.21045,0,0.844629,0.476607,0,-0.00155177,0.239826,0.970308,0.366427,0.0423568,0.0418744,0.00499047,0.00456631,0.453934,0.0410675,9.36611,-2.33516,8.80157,0.663099,0.432365,-8.3659,-0.333333,0.0456705,-0.0865432,0.605962,5.29167,2.08333,0,0,0.458333,3.58333,8.33333,-5.5144,0.0001,-0.00257874,0.0459294,1.6935,0.132483,53836,0.192638,263.78,1.46569
8295,1.50261,0.19959,0.862378,0.432257,0.0039616,0.00104781,0.0039616,0.196725,0.162831,0.517872,0.87032,0.0422975,0.036043,0.0414019,0.215773,0.0454918,0.00917279,1.08157,0.0899745,2.43857,0.163412,0,0.0569498,0.62345,5.10187,0.710241,0.502855,0.510478,2.04401,0.203924,0.213098,0,0.822141,0.435976,0,-0.00149491,0.238552,0.969574,0.355916,0.0430709,0.0425341,0.00507524,0.00465092,0.456671,0.0416964,9.25925,-2.72343,8.6478,0.673566,0.435296,-8.03088,-0.333333,0.0450641,-0.0863638,0.589396,6.04167,1.54167,0,0,0.291667,2.66667,8.08333,-5.51447,0.0001,-0.00197945,0.0420307,1.74437,0.133777,52341,0.19262,261.54,1.30322
8296,1.52962,0.202615,0.886221,0.438157,0.00392418,0.00106867,0.00392418,0.202756,0.165995,0.514522,0.893774,0.042093,0.0364328,0.0411913,0.216124,0.0440526,0.00208333,1.09178,0.0920156,2.43589,0.159468,0,0.0565189,0.626382,5.12301,0.713793,0.507516,0.505323,2.02218,0.207495,0.213488,0,0.864593,0.454602,0,-0.00160633,0.233694,0.969633,0.360497,0.0427679,0.0421875,0.00514321,0.00471961,0.455183,0.0413576,9.31053,-2.65088,8.70887,0.671209,0.436125,-8.13696,-0.333333,0.0463063,-0.0895328,0.611999,5.58333,1.83333,0,0,0.416667,2.54167,7.70833,-5.51478,0.0001,-0.00174821,0.0446125,1.7513,0.127224,52330,0.192595,255.78,1.45712
8297,1.54507,0.200102,0.877844,0.431336,0.00398711,0.00100803,0.00398711,0.195818,0.166502,0.517885,0.886621,0.0429313,0.0355201,0.0419376,0.216311,0.0438441,0,1.07657,0.0919437,2.43556,0.159283,0,0.0578452,0.617923,5.09116,0.708702,0.499678,0.513538,2.06369,0.204389,0.213471,0,0.843705,0.452789,0,-0.00152112,0.236847,0.969771,0.351195,0.0434565,0.0430394,0.00519046,0.00472292,0.455185,0.0420829,9.27852,-2.32302,8.82966,0.668098,0.446618,-8.17507,-0.333333,0.0429502,-0.085604,0.60178,5.79167,2.66667,0,0,0.666667,3.29167,7.33333,-5.51354,0.0001,-0.00317758,0.0446674,1.70465,0.131565,53536,0.192658,256.5,1.37758
8298,1.59186,0.205867,0.885238,0.441447,0.00401597,0.00107275,0.00401597,0.202953,0.169483,0.518569,0.893877,0.0434124,0.0359888,0.0423568,0.220238,0.0429906,0,1.08972,0.0928641,2.4073,0.160598,0,0.0582083,0.615874,5.06039,0.705021,0.495995,0.518282,2.07849,0.21003,0.217779,0,0.854206,0.454283,0,-0.00147055,0.229985,0.968563,0.344128,0.0439492,0.0435805,0.00502219,0.00457336,0.455937,0.0425185,9.39885,-2.54908,8.80444,0.673336,0.451411,-7.98293,-0.333333,0.0454895,-0.0877398,0.606333,6.70833,2.45833,0,0,0.375,3.25,6.91667,-5.51151,0.0001,-0.00222397,0.0419942,1.701,0.133272,53592,0.192734,256.71,1.39804
8299,1.54327,0.198467,0.852207,0.432579,0.00399005,0.00100853,0.00399005,0.198655,0.161741,0.517361,0.862482,0.0428931,0.0352785,0.0419437,0.217366,0.0456584,0,1.08031,0.0896927,2.42748,0.161921,0,0.0574537,0.620164,5.08625,0.708664,0.499252,0.51338,2.06229,0.202381,0.214742,0,0.811467,0.444988,0,-0.00150189,0.235806,0.970089,0.350234,0.0435333,0.0430069,0.00518811,0.00474779,0.452605,0.0421771,9.16737,-2.36342,8.77956,0.671703,0.4465,-8.15787,-0.333333,0.0430996,-0.0866323,0.579947,4.41667,2.125,0,0,0.666667,3.20833,6.79167,-5.50988,0.0001,-0.00133543,0.0418929,1.81344,0.141245,50291,0.192799,256.51,1.42722
8300,1.53098,0.203509,0.914197,0.438683,0.00391255,0.00102048,0.00391255,0.202094,0.17022,0.513233,0.922388,0.0421347,0.0358134,0.0412243,0.214843,0.041383,0.00198413,1.08776,0.0956278,2.43698,0.153038,0,0.0556588,0.629658,5.1267,0.713149,0.508975,0.505728,2.02936,0.207837,0.21196,0,0.84855,0.513105,0,-0.00163595,0.22805,0.969627,0.36319,0.0426981,0.0421177,0.0047465,0.00429426,0.456995,0.0412865,9.44767,-2.53681,8.68932,0.670475,0.43415,-8.3086,-0.333333,0.0443444,-0.0896296,0.624188,5.625,2.33333,0,0,0.458333,3.29167,8.04167,-5.50821,0.0001,-0.00138317,0.0430067,1.80674,0.134987,50627,0.19283,263.55,1.49497
8301,1.55457,0.19091,0.848215,0.429559,0.00400757,0.00100266,0.00400757,0.192747,0.159811,0.518477,0.853409,0.0432059,0.0330173,0.0422093,0.216915,0.0452736,0.00173611,1.07466,0.085601,2.41713,0.167339,0,0.0581116,0.614375,5.06904,0.705735,0.497151,0.515574,2.07852,0.194346,0.214019,0,0.799515,0.43271,0,-0.00142218,0.235649,0.969735,0.349487,0.0436454,0.0432887,0.00439608,0.00395867,0.453574,0.0422924,9.3873,-2.02118,8.92149,0.665113,0.443263,-8.31901,-0.333333,0.0424458,-0.0842235,0.586246,5.16667,2.16667,0,0,0.958333,2.83333,7.45833,-5.5057,0.0001,-0.00168258,0.0414872,1.81585,0.136794,50344,0.192885,255.47,1.15287
8302,1.52097,0.19424,0.857957,0.428231,0.00387349,0.000973466,0.00387349,0.19486,0.158167,0.50827,0.867308,0.0416817,0.0342582,0.0408137,0.210753,0.0461127,0,1.07946,0.0874973,2.47117,0.160914,0,0.0575878,0.626465,5.1475,0.717141,0.513894,0.496931,1.99925,0.198367,0.207831,0,0.820643,0.460357,0,-0.00159392,0.235642,0.970366,0.370844,0.0422451,0.0416711,0.00502096,0.0046361,0.456534,0.040923,9.4117,-2.24943,8.76924,0.665206,0.428303,-8.53735,-0.333333,0.0429097,-0.0872778,0.588564,4.5,2.375,0,0,0.583333,2.41667,7.875,-5.50324,0.0001,-0.00133591,0.0414638,1.83693,0.142231,49669,0.192905,265.87,1.15044
8303,1.69728,0.196907,0.874946,0.433077,0.00393055,0.00103395,0.00393055,0.197557,0.163646,0.511952,0.883407,0.0428681,0.0331782,0.0418257,0.214404,0.0426179,0,1.07993,0.0903635,2.43225,0.159583,0,0.0576937,0.624356,5.11481,0.712477,0.506823,0.505551,2.03556,0.200281,0.211403,0,0.822643,0.463621,0,-0.00149892,0.231243,0.970222,0.36184,0.043056,0.0427935,0.00481386,0.00438397,0.45643,0.0417612,9.4412,-1.83647,9.00933,0.659507,0.441636,-8.63578,-0.333333,0.0444111,-0.0873434,0.591434,4.20833,2.83333,0,0,1.08333,2.79167,6.95833,-5.504,0.0001,-0.0022596,0.0431284,1.80684,0.138325,50537,0.192867,264.44,1.39113
8304,1.59798,0.196079,0.856599,0.432066,0.00392861,0.000997499,0.00392861,0.196296,0.159329,0.515253,0.862975,0.0424864,0.032397,0.0415221,0.212682,0.0450855,0.00347222,1.07348,0.086215,2.45824,0.163701,0,0.0579768,0.627084,5.12491,0.712151,0.507095,0.5065,2.03607,0.198985,0.209421,0,0.839367,0.431485,0,-0.00156823,0.233146,0.970503,0.365692,0.0426706,0.0423836,0.00478755,0.0043462,0.452771,0.0414351,9.46164,-1.96043,8.87642,0.661933,0.435543,-8.63072,-0.333333,0.0434544,-0.0871838,0.587966,3.79167,2.66667,0,0,0.5,2.91667,7.25,-5.50556,0.0001,-0.0027717,0.0421483,1.81908,0.140487,50166,0.192861,259.16,1.05377
8305,1.60181,0.199439,0.877994,0.430955,0.0039192,0.00096434,0.0039192,0.199054,0.164062,0.524899,0.884266,0.0426579,0.0325576,0.0415939,0.213316,0.0458181,0.00219298,1.07958,0.0899662,2.43822,0.158404,0,0.0587867,0.622555,5.1158,0.711874,0.50814,0.50601,2.03525,0.203024,0.210458,0,0.837006,0.497669,0,-0.00152908,0.236352,0.970431,0.362279,0.0428387,0.0426755,0.00535822,0.0049346,0.455376,0.0415891,9.279,-1.99243,9.03431,0.657017,0.44421,-8.53746,-0.333333,0.0422866,-0.087921,0.614027,4.95833,3,0,0,0.666667,3.25,7.29167,-5.50556,0.0001,-0.00171198,0.0400083,1.8426,0.141818,49537,0.192827,266.08,1.62725
8306,1.68562,0.196494,0.871377,0.430567,0.00387776,0.000935007,0.00387776,0.194798,0.161197,0.513606,0.877451,0.0423885,0.0308734,0.0413294,0.209514,0.0450735,0.00538194,1.06732,0.0889005,2.41857,0.164977,0,0.058787,0.626859,5.14043,0.714613,0.513341,0.501098,2.01249,0.199599,0.206328,0,0.837216,0.459607,0,-0.00146728,0.233907,0.97109,0.371736,0.0424026,0.0422972,0.00495882,0.00455099,0.45429,0.0412743,9.35377,-1.57833,9.23747,0.645872,0.439602,-8.87418,-0.333333,0.0410649,-0.0867976,0.599491,4.08333,3.33333,0,0,0.875,3.125,7.875,-5.50537,0.0001,-0.00168973,0.0422556,1.8371,0.142929,49647,0.192784,266.64,1.40854
8307,1.71209,0.200465,0.882849,0.43287,0.00384434,0.00099245,0.00384434,0.197182,0.16239,0.51031,0.892014,0.0420262,0.0297485,0.0409725,0.209711,0.0442513,0,1.07999,0.0907552,2.43613,0.159305,0,0.0583253,0.633095,5.16281,0.717991,0.517707,0.495697,1.99896,0.204051,0.206452,0,0.870727,0.456806,0,-0.00151948,0.233006,0.971208,0.379809,0.0419254,0.0418392,0.00484148,0.00440399,0.455942,0.0407913,9.47594,-1.38278,9.28781,0.641264,0.433001,-9.07877,-0.333333,0.0441399,-0.0886072,0.60601,3.58333,4.41667,0,0,1.41667,3.54167,8.375,-5.50318,0.0001,-0.000812714,0.0385642,1.83098,0.141296,49843,0.192801,263.81,1.12328
8308,1.72213,0.198189,0.874548,0.430953,0.00385066,0.000967993,0.00385066,0.198607,0.161376,0.506583,0.883336,0.0422135,0.0289215,0.0411619,0.210838,0.0438479,0,1.08265,0.0896662,2.41798,0.162463,0,0.0584805,0.634347,5.15832,0.718805,0.516781,0.495677,1.98944,0.201704,0.207683,0,0.842022,0.45752,0,-0.00146369,0.229233,0.971474,0.381478,0.0419668,0.042057,0.00448381,0.00406895,0.457636,0.0408923,9.47426,-1.28776,9.35735,0.637519,0.435287,-9.06948,-0.333333,0.0429007,-0.0888099,0.595708,4,3.79167,0,0,1.58333,4.08333,8.45833,-5.50077,0.0001,-0.00135352,0.0415418,1.8073,0.141474,50444,0.192838,269.45,1.20031
8309,1.73997,0.201472,0.896582,0.436895,0.00390331,0.00103697,0.00390331,0.198736,0.166546,0.51768,0.905932,0.042558,0.0296525,0.0414827,0.212203,0.043539,0,1.07853,0.0925352,2.38441,0.155507,0,0.0584254,0.630555,5.13374,0.713357,0.510276,0.504142,2.02077,0.204044,0.209193,0,0.861751,0.47862,0,-0.00145665,0.236774,0.971147,0.37339,0.042349,0.0424471,0.00530192,0.004949,0.45776,0.0412437,9.39514,-1.39859,9.28994,0.641583,0.440636,-8.8521,-0.333333,0.0454363,-0.0883363,0.616365,3.79167,3.5,0,0,0.916667,2.5,7.125,-5.49717,0.0001,-0.00173984,0.0389012,1.81165,0.137234,50441,0.192854,264.24,1.52708
8310,1.67217,0.198092,0.876645,0.433774,0.00389018,0.00100529,0.00389018,0.197931,0.161916,0.50732,0.886346,0.042205,0.0304358,0.0412085,0.212526,0.0439711,0.00208333,1.08345,0.0896733,2.43008,0.159442,0,0.0579397,0.626287,5.15149,0.716953,0.511855,0.497619,2.0022,0.201828,0.209582,0,0.831244,0.470898,0,-0.00156498,0.232248,0.970879,0.37484,0.0421653,0.0421123,0.00493047,0.00453214,0.456656,0.0409874,9.36337,-1.74266,9.12072,0.648374,0.434331,-8.69694,-0.333333,0.0442633,-0.0883988,0.597356,4.08333,2.95833,0,0,0.666667,3,7.91667,-5.49594,0.0001,-0.00164783,0.0347911,1.80031,0.126889,51008,0.192869,267.03,1.42775
8311,1.58016,0.196846,0.8944,0.428889,0.00382223,0.000940238,0.00382223,0.19621,0.163901,0.50687,0.902705,0.0413491,0.0303189,0.0405078,0.207746,0.0436848,0,1.07348,0.0906806,2.43113,0.156266,0,0.0557896,0.635647,5.18374,0.720747,0.52031,0.492146,1.9779,0.2003,0.204544,0,0.861127,0.483944,0,-0.00155298,0.233608,0.971736,0.385486,0.0415604,0.0412751,0.00497769,0.00460783,0.459226,0.0404073,9.36084,-1.81456,8.99992,0.648807,0.419852,-8.87048,-0.333333,0.0415881,-0.0882571,0.606878,3.54167,2.58333,0,0,1,2.54167,8.41667,-5.49386,0.0001,-0.00165583,0.0405255,1.71066,0.126288,53514,0.192939,265.82,1.2703
8312,1.70498,0.194641,0.836713,0.426777,0.00392442,0.00097198,0.00392442,0.196257,0.156403,0.508518,0.84523,0.0425629,0.0308164,0.0414996,0.212804,0.0452712,0.00378788,1.07433,0.0850873,2.43109,0.164822,0,0.0585897,0.627824,5.12331,0.713276,0.507527,0.504269,2.02982,0.198479,0.20993,0,0.819302,0.43725,0,-0.0014965,0.235526,0.97059,0.364925,0.0426556,0.0425842,0.00487771,0.00445822,0.456107,0.0414829,9.3339,-1.77646,9.14327,0.651208,0.442156,-8.60479,-0.333333,0.0419386,-0.0864231,0.56924,3.70833,2.75,0,0,0.791667,3,7.125,-5.48934,0.0001,-0.00192219,0.0409893,1.74842,0.134755,52201,0.19298,269.64,1.31085
8313,1.42223,0.193525,0.847884,0.431604,0.00383881,0.000942582,0.00383881,0.190065,0.154549,0.511813,0.855415,0.0410352,0.0319092,0.0402906,0.208275,0.0446548,0.00260417,1.072,0.0833825,2.44791,0.160003,0,0.055312,0.636931,5.18297,0.719957,0.518229,0.495804,1.9849,0.196344,0.204985,0,0.816641,0.433521,0,-0.0015879,0.237818,0.971546,0.383197,0.0415483,0.0410156,0.00502565,0.00463729,0.458501,0.0403971,9.4084,-2.13251,8.80797,0.654069,0.410377,-8.68321,-0.333333,0.0417871,-0.0859427,0.58274,3.25,2.125,0,0,0.666667,2.20833,8.20833,-5.48432,0.0001,-0.00332138,0.0479621,1.76916,0.129588,51772,0.193036,264.81,1.39071
8314,1.51374,0.196018,0.884973,0.428374,0.00386135,0.000950572,0.00386135,0.196006,0.161021,0.50634,0.89329,0.0413496,0.0323488,0.0405322,0.209539,0.0447069,0.00231481,1.07702,0.0905484,2.46467,0.162464,0,0.0564459,0.632232,5.17975,0.719033,0.515551,0.49644,1.99647,0.199637,0.206376,0,0.836566,0.483622,0,-0.00162606,0.230571,0.971119,0.380765,0.0416907,0.0412004,0.00447515,0.00406015,0.454762,0.0404292,9.41118,-2.11397,8.73676,0.66153,0.418113,-8.70356,-0.333333,0.0422895,-0.0885318,0.596287,3.70833,2.25,0,0,0.708333,2.79167,8.08333,-5.47903,0.0001,-0.00204926,0.0462828,1.7622,0.134887,51818,0.193102,257.98,1.12931
8315,1.57745,0.197593,0.87411,0.433083,0.00394401,0.000958543,0.00394401,0.198179,0.162212,0.513623,0.882151,0.0425608,0.0311408,0.0416048,0.213101,0.0436787,0.00824457,1.07395,0.0887937,2.45056,0.159958,0,0.057166,0.623961,5.12284,0.712924,0.505185,0.50551,2.03136,0.200991,0.210009,0,0.832388,0.479212,0,-0.00152181,0.228915,0.970725,0.367368,0.0426763,0.0424771,0.00463913,0.00423265,0.45517,0.0414329,9.33701,-1.9239,8.86538,0.660296,0.434272,-8.57142,-0.333333,0.041424,-0.0878438,0.596654,4.58333,3.125,0,0,1.04167,3.41667,8.41667,-5.4781,0.0001,-0.00296986,0.0436876,1.71104,0.127627,53464,0.193126,262.16,1.09871
8316,1.70108,0.196534,0.858576,0.428274,0.00393032,0.000948653,0.00393032,0.19593,0.159382,0.508073,0.864199,0.0426269,0.0308957,0.0416155,0.211848,0.0444783,0.00520833,1.07224,0.0859225,2.43919,0.163536,0,0.0590943,0.625695,5.12048,0.712902,0.50686,0.504281,2.02839,0.198915,0.208628,0,0.813409,0.442306,0,-0.0014014,0.232806,0.970169,0.369677,0.042639,0.0425618,0.00513036,0.0046743,0.461562,0.0414703,9.67717,-1.5627,9.03888,0.65327,0.439247,-8.80938,-0.333333,0.0413751,-0.0872923,0.582151,3.66667,3.16667,0,0,1.33333,2.66667,7.33333,-5.47679,0.0001,-0.00157601,0.0401204,1.71702,0.124523,53381,0.193131,264.9,1.01555
8317,1.61027,0.195998,0.879282,0.428913,0.00383156,0.000950968,0.00383156,0.19409,0.161636,0.510275,0.887985,0.0416056,0.0310958,0.0406358,0.207702,0.0472641,0.00449811,1.07043,0.0897124,2.45768,0.167051,0,0.0590103,0.6317,5.17876,0.720306,0.519138,0.492276,1.97267,0.199405,0.204381,0,0.837818,0.453227,0,-0.00156087,0.237204,0.971471,0.382974,0.0416008,0.0414184,0.00478276,0.00437276,0.45878,0.0405062,9.48027,-1.61656,9.02182,0.651584,0.42839,-9.05534,-0.333333,0.041507,-0.0873311,0.612065,4.54167,4.20833,0,0,1.58333,3.54167,9,-5.47659,0.0001,-0.000582687,0.0394111,1.75102,0.129066,52287,0.193116,273.44,1.55754
8318,1.66411,0.203091,0.876689,0.437146,0.0038707,0.00100274,0.0038707,0.200551,0.162129,0.512796,0.883121,0.0420641,0.0305027,0.0410541,0.211842,0.0434414,0,1.083,0.0890524,2.45713,0.154681,0,0.0570821,0.629076,5.16455,0.717285,0.514241,0.498112,1.99962,0.205944,0.208795,0,0.867131,0.440829,0,-0.00156002,0.232452,0.971705,0.378076,0.0419488,0.041911,0.00514003,0.00475416,0.458138,0.040838,9.25848,-1.64313,9.13951,0.646303,0.435562,-8.85068,-0.333333,0.0439454,-0.0893681,0.606789,4.125,3.16667,0,0,1.125,3.16667,7.54167,-5.47618,0.0001,-0.0024126,0.0405326,1.75719,0.129636,52100,0.193134,270.98,1.66998
8319,1.75019,0.199984,0.881627,0.428274,0.00387019,0.000931318,0.00387019,0.199432,0.163595,0.516842,0.888894,0.0424047,0.0302114,0.0412392,0.21119,0.0446388,0,1.07842,0.0898855,2.44803,0.159465,0,0.0592106,0.629441,5.14386,0.715936,0.514334,0.497952,2.00344,0.20269,0.208138,0,0.855512,0.485396,0,-0.00149753,0.233217,0.970907,0.375951,0.0420784,0.0422692,0.00555095,0.00513378,0.45895,0.0409839,9.47415,-1.47286,9.28793,0.644528,0.446736,-8.99725,-0.333333,0.0407584,-0.0885955,0.610593,3.875,4.04167,0,0,1.08333,3.75,7.58333,-5.47681,0.0001,-0.00122168,0.037568,1.74885,0.133117,52234,0.193153,274.89,1.45004
8320,1.56341,0.198575,0.898579,0.431792,0.00391134,0.000924883,0.00391134,0.198262,0.167069,0.50899,0.905602,0.0419719,0.0308176,0.0410771,0.211574,0.0439395,0.00219298,1.07324,0.0920613,2.42449,0.160867,0,0.0566902,0.628393,5.13616,0.714919,0.509361,0.501617,2.01279,0.201054,0.208505,0,0.838846,0.501002,0,-0.00163517,0.231092,0.970338,0.37206,0.0421999,0.0418799,0.00494989,0.0045523,0.45664,0.0409486,9.39169,-2.24611,8.78263,0.662651,0.42914,-8.46263,-0.333333,0.0404276,-0.0880251,0.61442,5.375,2.625,0,0,0.875,3.25,8.70833,-5.47664,0.0001,-0.00219547,0.0405533,1.7288,0.127729,52950,0.193147,264.67,1.47669
8321,1.5208,0.200061,0.886845,0.435813,0.00386221,0.000963925,0.00386221,0.20031,0.163059,0.512793,0.894331,0.0417042,0.0312681,0.0408064,0.209979,0.0424805,0,1.07625,0.0901516,2.45807,0.153609,0,0.0564866,0.63306,5.16298,0.717653,0.515327,0.497379,1.99724,0.203841,0.206802,0,0.845089,0.439129,0,-0.00155956,0.228358,0.971738,0.381399,0.0417969,0.0415908,0.00443324,0.00407085,0.46001,0.0405887,9.29961,-1.92249,8.91731,0.65325,0.423103,-8.74338,-0.333333,0.0424814,-0.0894839,0.611626,3.875,2.33333,0,0,0.458333,2.25,8.04167,-5.47513,0.0001,-0.00224766,0.0398044,1.75659,0.133436,52011,0.193207,267.3,1.32577
8322,1.50433,0.191717,0.871059,0.417385,0.00390309,0.000824513,0.00390309,0.193825,0.160956,0.517008,0.880291,0.0417206,0.0332343,0.0408381,0.206501,0.0459963,0,1.05107,0.0884021,2.44133,0.16737,0,0.057314,0.629534,5.15037,0.716722,0.510266,0.500503,2.00939,0.195461,0.203502,0,0.840963,0.463909,0,-0.00163644,0.232871,0.971042,0.372818,0.0420364,0.0416211,0.00403531,0.0036548,0.454852,0.0407536,9.21948,-2.31849,8.67492,0.666729,0.42763,-8.49451,-0.333333,0.0363916,-0.0864589,0.609419,4.20833,2.20833,0,0,0.666667,2.66667,7.66667,-5.47123,0.0001,-0.00187134,0.0411062,1.76321,0.1292,51946,0.193286,273.28,1.42285
8323,1.52144,0.20092,0.898862,0.433828,0.00390175,0.000981022,0.00390175,0.198448,0.167205,0.517319,0.9088,0.0418051,0.0338301,0.0408953,0.212315,0.0450808,0.00623886,1.07755,0.0935493,2.44055,0.161427,0,0.0574025,0.62947,5.16068,0.716401,0.510398,0.501687,2.01164,0.204814,0.209423,0,0.852493,0.508075,0,-0.00166079,0.233685,0.970439,0.371143,0.0421016,0.0417269,0.00532478,0.00494993,0.46221,0.0408121,9.4262,-2.24896,8.75665,0.664549,0.430229,-8.48324,-0.333333,0.0426043,-0.0881211,0.628632,4.45833,2.20833,0,0,0.541667,2.29167,8.20833,-5.46894,0.0001,-0.00248865,0.0427773,1.69313,0.129474,53936,0.193297,263.56,1.41641
8324,1.5838,0.198289,0.852895,0.428031,0.00396922,0.00101529,0.00396922,0.201466,0.160598,0.521587,0.859259,0.0428464,0.0331145,0.0418176,0.215723,0.0440049,0.00826028,1.07941,0.0874776,2.45086,0.155721,0,0.0571612,0.622097,5.11407,0.710837,0.501974,0.511138,2.05176,0.201543,0.213049,0,0.812365,0.415325,0,-0.0016293,0.230538,0.97003,0.359031,0.0429445,0.0427814,0.00499881,0.0046102,0.459735,0.0416421,9.31157,-2.2083,8.85356,0.665718,0.443357,-8.31103,-0.333333,0.0434287,-0.0881183,0.594494,5.375,2.45833,0,0,1,3.08333,6.91667,-5.46922,0.0001,-0.00256116,0.0457692,1.70899,0.131183,53420,0.193327,258.64,1.26222
8325,1.48659,0.194434,0.883958,0.423042,0.00387012,0.000894841,0.00387012,0.195625,0.162202,0.510573,0.892003,0.0412598,0.0330855,0.0404542,0.208298,0.0449756,0.00416667,1.06928,0.0904163,2.46024,0.164423,0,0.0562673,0.637515,5.16809,0.718671,0.514347,0.498193,1.99134,0.197655,0.205002,0,0.833308,0.499626,0,-0.00171261,0.231752,0.970598,0.379496,0.0415681,0.0411198,0.00484125,0.00443556,0.460151,0.040334,9.38249,-2.34123,8.69392,0.665565,0.423068,-8.56663,-0.333333,0.0397695,-0.0883295,0.607173,4.16667,2.375,0,0,0.583333,2.66667,7.54167,-5.46676,0.0001,-0.00163662,0.0451569,1.79095,0.130539,51160,0.193398,264.72,1.33176
8326,1.69707,0.191445,0.860811,0.414007,0.00391322,0.000920138,0.00391322,0.194613,0.15899,0.510135,0.869213,0.0424745,0.0319198,0.0413912,0.210017,0.0455272,0,1.06749,0.0884929,2.461,0.165023,0,0.059869,0.623647,5.12857,0.713642,0.508954,0.50131,2.00813,0.19448,0.206957,0,0.828347,0.479976,0,-0.00154908,0.236964,0.970956,0.371344,0.0423306,0.0423308,0.00511282,0.0047011,0.453472,0.0411156,9.21802,-1.67187,9.0797,0.654888,0.448945,-8.77031,-0.333333,0.0402993,-0.0870415,0.584619,4.125,3.5,0,0,0.875,3.70833,7.08333,-5.4641,0.0001,-0.000816108,0.0404921,1.72641,0.132529,52881,0.193432,262.59,1.2487
8327,1.69741,0.203311,0.89458,0.439763,0.00386239,0.00100485,0.00386239,0.20242,0.165388,0.507266,0.901164,0.0419743,0.032412,0.040956,0.211759,0.0422216,0,1.08448,0.0916259,2.4516,0.153577,0,0.0569237,0.63133,5.16862,0.719848,0.515277,0.494569,1.9784,0.206368,0.208638,0,0.844224,0.470897,0,-0.00165442,0.226739,0.971365,0.379126,0.041839,0.0417198,0.00509749,0.00468544,0.458808,0.0405939,9.27389,-1.80664,9.06302,0.652199,0.439804,-8.829,-0.333333,0.0438163,-0.090605,0.609793,4,3.04167,0,0,0.958333,2.875,7.29167,-5.46341,0.0001,-0.00121749,0.0399309,1.74025,0.131016,52533,0.193408,266.75,1.32931
8328,1.52537,0.199391,0.885707,0.436032,0.00387244,0.000947911,0.00387244,0.200158,0.16275,0.512881,0.893331,0.0417642,0.0317998,0.0408428,0.211591,0.0432787,0.00378788,1.07967,0.0899395,2.44894,0.156661,0,0.0567747,0.632551,5.16931,0.719093,0.51403,0.496853,1.99416,0.202501,0.20838,0,0.839786,0.504044,0,-0.00165166,0.228954,0.972098,0.380071,0.0417085,0.0415336,0.00486488,0.00448434,0.457906,0.0405119,9.14651,-1.94724,8.88424,0.655931,0.426879,-8.74991,-0.333333,0.0414617,-0.089724,0.612131,4,2.58333,0,0,0.875,3.54167,8.16667,-5.46497,0.0001,-0.000643479,0.041161,1.75547,0.129684,52146,0.193391,270.38,1.34501
8329,1.49058,0.205291,0.909796,0.437016,0.00386397,0.00100456,0.00386397,0.204632,0.167885,0.508635,0.915445,0.0413394,0.0321977,0.0405134,0.210598,0.0428644,0,1.07917,0.0932717,2.47647,0.154998,0,0.0544003,0.636717,5.17509,0.71984,0.515078,0.496122,1.97666,0.2085,0.207301,0,0.871291,0.492498,0,-0.00168529,0.226633,0.97157,0.3822,0.0415005,0.0411716,0.00502871,0.00464179,0.462093,0.0402456,9.2719,-2.23808,8.76422,0.658511,0.422109,-8.56311,-0.333333,0.0439916,-0.0915979,0.620103,4.70833,2.33333,0,0,0.541667,3.375,8.54167,-5.4645,0.0001,-0.000931454,0.0404628,1.73057,0.133776,52728,0.19343,267.57,1.19991
8330,1.44935,0.203146,0.906337,0.434856,0.00388161,0.000996497,0.00388161,0.199024,0.168434,0.515044,0.911617,0.0414742,0.0318163,0.0406674,0.21147,0.0435418,0,1.08017,0.0935234,2.45482,0.156449,0,0.0558237,0.633349,5.16396,0.716833,0.512914,0.499565,2.00553,0.205945,0.208133,0,0.869304,0.501349,0,-0.00162256,0.231909,0.972483,0.379315,0.0417497,0.0413981,0.00484884,0.00447336,0.460627,0.0405502,9.03018,-2.15318,8.711,0.660306,0.420156,-8.59074,-0.333333,0.0437604,-0.0890675,0.626176,4.66667,2.45833,0,0,0.625,2.95833,9.375,-5.46066,0.0001,-0.00130981,0.0397907,1.7257,0.128231,53024,0.193519,268.6,1.52146
8331,1.6406,0.195004,0.852397,0.426016,0.00389237,0.000976101,0.00389237,0.19685,0.157308,0.509569,0.85972,0.0421516,0.0315448,0.041141,0.211605,0.0434064,0,1.07676,0.0867662,2.48278,0.15671,0,0.0571459,0.627672,5.14829,0.716645,0.511535,0.499119,2.00239,0.198068,0.208264,0,0.830651,0.442507,0,-0.00148938,0.230951,0.971688,0.375609,0.0421331,0.0420771,0.00452469,0.00413739,0.458111,0.0409461,9.15209,-1.67722,9.07036,0.650712,0.440218,-8.81286,-0.333333,0.0427678,-0.0879366,0.58548,3.70833,3,0,0,1.125,3.33333,7.375,-5.45503,0.0001,-0.00309499,0.0384433,1.6977,0.131507,53741,0.193578,264.26,0.999955
8332,1.51498,0.202289,0.902827,0.43491,0.00386002,0.000982251,0.00386002,0.202462,0.165748,0.508506,0.908971,0.0412278,0.0333182,0.0404082,0.211617,0.0437467,0,1.08644,0.092621,2.47136,0.157829,0,0.0555822,0.62928,5.18123,0.720706,0.515567,0.49337,1.98291,0.205058,0.208442,0,0.870303,0.460279,0,-0.00169883,0.228411,0.971404,0.380737,0.0415426,0.0410847,0.0047108,0.00431951,0.460195,0.0402669,9.19693,-2.3605,8.66289,0.665419,0.42689,-8.54205,-0.333333,0.0436366,-0.0910554,0.619354,4.75,2.54167,0,0,0.708333,2.5,8.41667,-5.45367,0.0001,-0.00201183,0.0373176,1.70515,0.127825,53630,0.19355,259.99,1.39042
8333,1.57201,0.199187,0.886491,0.431394,0.00390017,0.000973741,0.00390017,0.196084,0.164468,0.509346,0.892593,0.0417028,0.0320523,0.0408244,0.211227,0.0433656,0.00277778,1.07132,0.0911193,2.4395,0.156469,0,0.0559505,0.634072,5.15972,0.717001,0.510555,0.500125,2.00173,0.202139,0.207929,0,0.831763,0.486406,0,-0.00158659,0.236075,0.971369,0.372932,0.0420521,0.0416811,0.00547454,0.00504188,0.459927,0.0408152,9.22893,-2.18077,8.82742,0.659906,0.428321,-8.52247,-0.333333,0.042393,-0.087389,0.602645,4.58333,2.29167,0,0,0.75,2.625,8.29167,-5.45223,0.0001,-0.00201207,0.0395661,1.69215,0.129961,53950,0.193543,264.34,1.21188
8334,1.57069,0.196746,0.875773,0.434187,0.00385523,0.00101114,0.00385523,0.194459,0.161701,0.51041,0.881872,0.0415757,0.0307473,0.0406683,0.209384,0.0434388,0,1.0693,0.0880445,2.44232,0.151951,0,0.0563448,0.634699,5.16834,0.71844,0.516169,0.496254,1.98765,0.199326,0.205827,0,0.84282,0.460666,0,-0.0015974,0.237253,0.973142,0.380769,0.0416739,0.0414611,0.00522253,0.00483955,0.456727,0.0405331,8.95909,-1.78963,8.96728,0.650247,0.422851,-8.84305,-0.333333,0.0439885,-0.0868745,0.600019,2.95833,2.5,0,0,0.666667,2.91667,6.91667,-5.44803,0.0001,-0.00293987,0.0434681,1.69446,0.130196,53875,0.193547,269.49,1.54927
8335,1.68116,0.196175,0.870569,0.424549,0.00389794,0.000980016,0.00389794,0.196963,0.160546,0.513478,0.878522,0.0423316,0.0305643,0.0412323,0.212807,0.0434836,0.00198413,1.08138,0.0899004,2.45919,0.157033,0,0.0582109,0.626515,5.14188,0.715317,0.510871,0.498581,2.00461,0.199245,0.209554,0,0.832416,0.460523,0,-0.00155468,0.235127,0.972136,0.373553,0.042115,0.0422191,0.00499381,0.00456461,0.456446,0.0410222,9.2132,-1.50424,9.17343,0.645242,0.441733,-8.87351,-0.333333,0.0429276,-0.0877177,0.602071,4.04167,3.33333,0,0,0.958333,3.75,8.08333,-5.44485,0.0001,-0.00217516,0.0445447,1.72969,0.141008,52549,0.193611,263.99,1.51112
8336,1.76698,0.19841,0.881568,0.43011,0.00391269,0.000996964,0.00391269,0.19751,0.162425,0.5144,0.887772,0.0428313,0.02862,0.0416491,0.211228,0.0441177,0.00198413,1.07399,0.0911862,2.43552,0.15825,0,0.0596133,0.623582,5.11944,0.711818,0.508994,0.503009,2.01881,0.200989,0.208057,0,0.815596,0.493748,0,-0.00141896,0.235164,0.972134,0.373045,0.0423972,0.0427138,0.00482924,0.004441,0.45525,0.0413112,9.07598,-1.16039,9.37991,0.639377,0.449196,-8.97929,-0.333333,0.0440062,-0.0880164,0.608204,3.95833,4.875,0,0,1.375,3.83333,7.58333,-5.44174,0.0001,-0.00326632,0.0447664,1.75429,0.128573,52209,0.193615,260.33,1.35908
8337,1.85794,0.198362,0.880729,0.428834,0.0039277,0.000948716,0.0039277,0.198263,0.16406,0.514313,0.886812,0.0432005,0.0282783,0.0419144,0.213164,0.0424384,0.00277778,1.07517,0.0904569,2.42496,0.158146,0,0.0601456,0.623724,5.11905,0.711987,0.507091,0.504531,2.02728,0.200509,0.210066,0,0.842056,0.461182,0,-0.00144571,0.231077,0.971886,0.370235,0.04254,0.0430197,0.00488666,0.00445691,0.456952,0.041456,9.2503,-1.06025,9.46344,0.637317,0.45947,-9.02254,-0.333333,0.0412693,-0.0876574,0.605979,3.54167,4.5,0,0,1.25,3.75,6.79167,-5.44537,0.0001,-0.00123714,0.0454768,1.71181,0.128343,53421,0.193613,262.87,1.4318
8338,1.77238,0.195167,0.859811,0.42679,0.00395245,0.000921189,0.00395245,0.197333,0.160277,0.516805,0.867253,0.0432498,0.0274151,0.0420198,0.211493,0.0444976,0.00208333,1.06327,0.0872348,2.44327,0.160819,0,0.0603402,0.621035,5.11333,0.712028,0.504145,0.505581,2.02927,0.19823,0.208526,0,0.831109,0.436497,0,-0.00139109,0.231218,0.971792,0.369553,0.0426173,0.0431247,0.00466591,0.00423756,0.456608,0.0415672,9.19482,-1.20022,9.37861,0.63989,0.454861,-8.88808,-0.333333,0.0398278,-0.0870441,0.598352,3.91667,3.875,0,0,1.16667,3.75,6.58333,-5.44658,0.0001,-0.00234482,0.0458466,1.69974,0.130333,53715,0.193569,269.37,1.4376
8339,1.68386,0.199018,0.861322,0.43696,0.00396528,0.000982384,0.00396528,0.199136,0.16195,0.517701,0.868061,0.0430802,0.0277652,0.0419238,0.214885,0.0443975,0.00219298,1.07222,0.0877983,2.44309,0.161875,0,0.0593866,0.621544,5.11062,0.711377,0.502373,0.50925,2.04181,0.20166,0.211735,0,0.817205,0.440753,0,-0.00142905,0.23316,0.972458,0.365749,0.0426989,0.0430428,0.00471195,0.00426977,0.452853,0.0416238,8.86075,-1.50872,9.25062,0.64533,0.45508,-8.66528,-0.333333,0.0420534,-0.0873829,0.598774,4.45833,3.91667,0,0,1.375,3.58333,7.29167,-5.44798,0.0001,-0.00164472,0.0449628,1.69431,0.127422,53961,0.193566,266.28,1.62057
8340,1.71097,0.199567,0.867793,0.433899,0.00396913,0.00102823,0.00396913,0.200029,0.163198,0.51414,0.876317,0.0431128,0.0281053,0.0419531,0.215606,0.0427858,0.00652778,1.07907,0.0896915,2.48782,0.158367,0,0.0592767,0.614808,5.10002,0.709849,0.501874,0.507341,2.0463,0.202808,0.21254,0,0.827852,0.457062,0,-0.00145473,0.233433,0.971905,0.36537,0.0427383,0.0431134,0.00494092,0.00454238,0.455042,0.0416247,8.93191,-1.64735,9.18291,0.647217,0.454424,-8.52946,-0.333333,0.044203,-0.0878935,0.595942,4.58333,3.66667,0,0,1,3.79167,7.125,-5.44561,0.0001,-0.00228909,0.0422937,1.74788,0.133571,52249,0.193608,264.53,1.35132
8341,1.51235,0.199368,0.88414,0.430663,0.00385815,0.00102639,0.00385815,0.197935,0.16301,0.513302,0.888854,0.0413505,0.0298219,0.0404859,0.211991,0.0438067,0.00231481,1.08599,0.089064,2.51245,0.156456,0,0.0563219,0.631569,5.17486,0.719422,0.515802,0.494928,1.98862,0.201625,0.208471,0,0.869544,0.457663,0,-0.00157764,0.232433,0.97196,0.384232,0.0414334,0.0412649,0.00507354,0.00463279,0.462282,0.0403095,9.34014,-1.86009,8.9185,0.651829,0.427424,-8.79552,-0.333333,0.0449727,-0.0889413,0.613762,3.66667,2.83333,0,0,0.916667,3,7.83333,-5.4439,0.0001,-0.00205333,0.0438867,1.68906,0.126997,54130,0.193628,265.01,1.60096
8342,1.50826,0.19665,0.867115,0.430628,0.00388693,0.000980898,0.00388693,0.194748,0.159827,0.514749,0.871699,0.0414639,0.0314723,0.0405939,0.211401,0.0453458,0.00606061,1.07459,0.0879363,2.45397,0.1616,0,0.0569656,0.63115,5.17022,0.717633,0.512196,0.499135,2.0019,0.199224,0.208089,0,0.820044,0.445427,0,-0.00158934,0.238051,0.971844,0.377504,0.0417417,0.0414492,0.00499471,0.00458736,0.460555,0.0406041,9.21377,-2.12197,8.79878,0.656659,0.425946,-8.56014,-0.333333,0.042797,-0.0870077,0.600923,4.375,2.5,0,0,0.416667,3.20833,9,-5.44297,0.0001,-0.0019693,0.0438771,1.72294,0.128654,53091,0.193683,269.62,1.49919
8343,1.5938,0.199453,0.880365,0.434984,0.00394555,0.000964599,0.00394555,0.20017,0.163961,0.512983,0.886331,0.0423315,0.032303,0.0413367,0.214601,0.0426708,0.00505952,1.08093,0.090372,2.47981,0.15945,0,0.0569234,0.626465,5.13269,0.713613,0.504923,0.503566,2.01659,0.2027,0.211386,0,0.833712,0.464013,0,-0.00153794,0.230281,0.971224,0.367348,0.0424435,0.0423048,0.00492576,0.00451987,0.458094,0.0411915,9.24876,-2.09416,8.86822,0.657875,0.439039,-8.46575,-0.333333,0.0421361,-0.0888821,0.600145,4.04167,2.25,0,0,0.416667,3.04167,7.29167,-5.43776,0.0001,-0.00147937,0.0468633,1.75716,0.129771,52097,0.193785,262.3,1.15395
8344,1.62253,0.200085,0.891931,0.433556,0.00390236,0.000995544,0.00390236,0.199224,0.165176,0.511867,0.89822,0.0421878,0.0312674,0.0411624,0.211024,0.0430028,0,1.07134,0.0907196,2.47539,0.154328,0,0.0574503,0.625695,5.14705,0.716352,0.510305,0.498569,2.00713,0.202789,0.207665,0,0.852338,0.480407,0,-0.00149186,0.231194,0.971847,0.374952,0.0421267,0.042112,0.00459735,0.0041874,0.459323,0.0409368,9.17649,-1.66934,9.04644,0.650543,0.438945,-8.77798,-0.333333,0.0433838,-0.0886716,0.61406,4.08333,3.125,0,0,0.75,4.08333,8.20833,-5.43153,0.0001,-0.00156532,0.0402184,2.35485,0.167957,38966,0.193867,267.04,1.51502
8345,1.60278,0.2008,0.846276,0.440581,0.00394522,0.00106349,0.00394522,0.199702,0.158834,0.512247,0.852471,0.0425253,0.0317571,0.0415232,0.21637,0.043457,0,1.08438,0.0867025,2.4697,0.158588,0,0.0577376,0.624956,5.11933,0.712454,0.504874,0.506191,2.03083,0.204129,0.213206,0,0.805411,0.445598,0,-0.00153467,0.233426,0.971162,0.366518,0.0426009,0.042551,0.00507577,0.00465457,0.456917,0.041391,9.22931,-2.018,8.97855,0.653951,0.441229,-8.4378,-0.333333,0.0456224,-0.087861,0.57848,4.41667,2.33333,0,0,0.458333,3.125,6.95833,-5.42703,0.0001,-0.00162643,0.0426005,2.77114,0.16958,33428,0.193894,263.04,1.19107
8346,1.56351,0.191439,0.851386,0.421552,0.00390332,0.000925499,0.00390332,0.195746,0.156961,0.512581,0.858481,0.0419273,0.0318665,0.0409882,0.211423,0.0448891,0.00496032,1.07499,0.0869009,2.45683,0.16003,0,0.0577025,0.627213,5.14093,0.715583,0.510223,0.498678,2.00351,0.194741,0.20828,0,0.811374,0.444693,0,-0.0015993,0.232858,0.971474,0.373799,0.0420818,0.0418701,0.00467514,0.00428842,0.456324,0.0408464,9.234,-2.0014,8.82513,0.659592,0.429535,-8.59755,-0.333333,0.0407015,-0.0877429,0.586335,3.875,2.45833,0,0,0.5,2.70833,7.125,-5.42484,0.0001,-0.00230399,0.0402326,2.67471,0.132828,35014,0.193931,259.16,1.49341
8347,1.47376,0.201033,0.893925,0.436484,0.0038996,0.000978609,0.0038996,0.196316,0.165918,0.514277,0.898145,0.0418691,0.0330403,0.0409951,0.212287,0.0444923,0.00160256,1.07822,0.0907239,2.43504,0.156831,0,0.0562976,0.626997,5.14582,0.716419,0.510625,0.500304,2.00422,0.20425,0.209104,0,0.847176,0.464698,0,-0.00154075,0.237104,0.971866,0.369595,0.0423685,0.0419318,0.00516684,0.00476719,0.45527,0.0411327,9.02149,-2.2548,8.77919,0.659715,0.428516,-8.43215,-0.333333,0.0429436,-0.0875141,0.616166,4.375,2.16667,0,0,0.75,2.75,7.45833,-5.42324,0.0001,-0.00210767,0.0405089,2.69458,0.192741,34046,0.193947,258.53,1.33124
8348,1.52356,0.201753,0.903574,0.433965,0.00389536,0.00103098,0.00389536,0.202146,0.167911,0.511511,0.909883,0.0418039,0.0328915,0.0409251,0.214325,0.0438153,0.00208333,1.0896,0.0944383,2.46884,0.160293,0,0.0566434,0.628156,5.14459,0.715611,0.511132,0.498272,2.0106,0.205125,0.211205,0,0.831576,0.514566,0,-0.00165906,0.230342,0.970662,0.372292,0.0421341,0.0417535,0.00495595,0.00456115,0.459176,0.0408395,9.35689,-2.32223,8.73462,0.663523,0.428704,-8.43991,-0.333333,0.0450851,-0.0900381,0.623403,5.125,2.79167,0,0,0.791667,2.875,8.54167,-5.4229,0.0001,-0.00130549,0.0419537,3.15565,0.174603,29518,0.193944,262.05,1.50193
8349,1.47652,0.204857,0.914412,0.432199,0.00384224,0.000956404,0.00384224,0.202348,0.168863,0.51121,0.923374,0.0411434,0.0344781,0.0403661,0.20969,0.0425017,0.00260417,1.08259,0.0952362,2.45567,0.154237,0,0.0545637,0.636029,5.18661,0.720654,0.5179,0.493617,1.98511,0.209507,0.206646,0,0.888967,0.479868,0,-0.00167629,0.22947,0.97118,0.376817,0.0418903,0.0411503,0.00455778,0.00420984,0.456716,0.0405521,9.23459,-2.56806,8.58195,0.667047,0.412911,-8.45234,-0.333333,0.0425826,-0.0907713,0.631034,5.25,1.58333,0,0,0.416667,2.75,8.95833,-5.42385,0.0001,-0.00276602,0.0438983,2.69149,0.16799,34378,0.19395,270.57,1.40682
8350,1.51962,0.197036,0.843849,0.426487,0.00398141,0.000986441,0.00398141,0.198036,0.158235,0.514463,0.852633,0.0425239,0.0344955,0.0416024,0.215909,0.0453749,0.00490196,1.07598,0.0872203,2.448,0.162366,0,0.0581166,0.618695,5.09719,0.709574,0.50042,0.510051,2.05012,0.201675,0.212931,0,0.804058,0.473857,0,-0.00156841,0.237813,0.969527,0.353969,0.0431702,0.0426342,0.00503226,0.00462223,0.457414,0.0418068,9.33569,-2.57899,8.64441,0.672868,0.440352,-8.06763,-0.333333,0.0425752,-0.086742,0.578643,6.375,2.375,0,0,0.791667,3.04167,8,-5.42023,0.0001,-0.00107866,0.0426112,2.71174,0.171879,34090,0.193984,254.66,1.139
8351,1.54013,0.205757,0.879791,0.439451,0.00395379,0.00100782,0.00395379,0.202178,0.166403,0.518217,0.886688,0.0426746,0.0351155,0.0416496,0.216389,0.0452123,0.00416667,1.08417,0.0913772,2.45347,0.161891,0,0.0587025,0.622093,5.11086,0.710533,0.503799,0.507521,2.03875,0.210822,0.213555,0,0.850743,0.459669,0,-0.00155183,0.234883,0.969874,0.355839,0.0431542,0.0427802,0.00488155,0.00449235,0.457369,0.0417834,9.32857,-2.46222,8.75262,0.669396,0.441656,-8.18431,-0.333333,0.0432702,-0.0883004,0.608518,5.95833,2.25,0,0,0.458333,3.41667,7.125,-5.41935,0.0001,-0.000638506,0.043902,3.05494,0.173501,30449,0.193927,258.17,1.32054
8352,1.55933,0.199572,0.855582,0.428843,0.0040067,0.0010113,0.0040067,0.198567,0.162547,0.517758,0.862714,0.0430141,0.0351701,0.0419762,0.218045,0.0457666,0.00549749,1.07968,0.0878801,2.50386,0.161722,0,0.0592533,0.615755,5.07878,0.707831,0.497158,0.513781,2.06149,0.203544,0.215077,0,0.828999,0.448945,0,-0.00151866,0.238793,0.96911,0.344534,0.0437507,0.0432587,0.00557094,0.00511759,0.459993,0.0423416,9.29391,-2.67432,8.68403,0.676692,0.455005,-7.96159,-0.333333,0.0429861,-0.0861181,0.586747,6,2.58333,0,0,0.458333,3.08333,7.45833,-5.42189,0.0001,-0.00211415,0.0375965,2.03477,0.138474,45233,0.193886,253.03,0.96876
8353,1.58477,0.205972,0.889171,0.438816,0.00394846,0.000987518,0.00394846,0.203701,0.168522,0.518088,0.898582,0.0426434,0.0354106,0.0416112,0.217075,0.043765,0.00750613,1.08871,0.0927633,2.45906,0.160275,0,0.0581352,0.62256,5.11144,0.711863,0.504528,0.507591,2.03564,0.210699,0.214381,0,0.852893,0.485764,0,-0.00160933,0.231897,0.968941,0.353221,0.0432099,0.0427516,0.00507119,0.00464034,0.457807,0.0418219,9.40081,-2.69649,8.66988,0.675183,0.443618,-8.13686,-0.333333,0.0422376,-0.0888854,0.611032,6,2.25,0,0,0.625,3.125,7.08333,-5.42058,0.0001,-0.00174096,0.0372412,1.73554,0.127306,52770,0.193934,260.24,1.58692
8354,1.54781,0.20451,0.891898,0.434286,0.00391332,0.000989332,0.00391332,0.205276,0.168013,0.512766,0.899253,0.0422229,0.037444,0.0412885,0.214916,0.0437335,0,1.08578,0.091833,2.45661,0.154175,0,0.0561374,0.626801,5.12551,0.713718,0.508879,0.50404,2.02562,0.2091,0.212029,0,0.858631,0.458223,0,-0.00167721,0.22829,0.96885,0.356737,0.043022,0.0422563,0.00521604,0.00480334,0.458821,0.041547,9.44351,-2.90489,8.48504,0.681622,0.432595,-8.15639,-0.333333,0.0424035,-0.0902413,0.613428,5.91667,2.125,0,0,0.458333,2.91667,7.33333,-5.41731,0.0001,-0.00259798,0.0400897,1.73824,0.132336,52552,0.193956,259.89,1.32333
8355,1.51854,0.20196,0.88783,0.43253,0.00401441,0.000948282,0.00401441,0.202613,0.169336,0.519254,0.895638,0.0430918,0.0369533,0.0420755,0.217838,0.0463891,0.0046875,1.07849,0.0930907,2.44,0.164552,0,0.0587126,0.621711,5.08363,0.708068,0.496259,0.516655,2.06344,0.206829,0.21518,0,0.841109,0.483545,0,-0.00160985,0.234366,0.968313,0.341471,0.0438611,0.0432386,0.00483205,0.0043908,0.458894,0.0423694,9.34962,-2.9599,8.61412,0.679801,0.447383,-7.78761,-0.333333,0.0405706,-0.087692,0.612258,6.83333,2,0,0,0.208333,2.875,7,-5.41844,0.0001,-0.0021553,0.0440501,1.81077,0.135627,50505,0.193912,249.56,1.15199
8356,1.53586,0.198407,0.856705,0.42154,0.00401932,0.000980359,0.00401932,0.200807,0.163502,0.521692,0.864876,0.0430861,0.0360599,0.0420489,0.217373,0.0457549,0.00740741,1.07472,0.0897483,2.46656,0.163462,0,0.0590467,0.61435,5.08142,0.706807,0.495609,0.515944,2.0804,0.202348,0.214557,0,0.827758,0.439331,0,-0.00154794,0.237509,0.968412,0.342229,0.0438359,0.0432754,0.00527135,0.00482649,0.45708,0.0424076,9.31247,-2.8422,8.61027,0.679014,0.456218,-7.82137,-0.333333,0.0416939,-0.086915,0.591357,6.20833,2.08333,0,0,0.5,2.91667,6.33333,-5.42015,0.0001,-0.00184699,0.0435979,1.79949,0.140363,50676,0.193871,254.15,1.2953
8357,1.54189,0.201522,0.877335,0.434563,0.00400374,0.00103121,0.00400374,0.20297,0.166832,0.521996,0.884818,0.0432623,0.0353421,0.0422182,0.218235,0.0468352,0.00297619,1.08218,0.0913237,2.47205,0.156722,0,0.0577497,0.613988,5.07836,0.707475,0.497543,0.514307,2.06857,0.204997,0.215444,0,0.819794,0.465259,0,-0.00153021,0.231458,0.968288,0.343969,0.0439484,0.0433631,0.00498133,0.00455589,0.455588,0.0424819,9.40111,-2.67157,8.64534,0.679974,0.448915,-8.04078,-0.333333,0.0437413,-0.0880658,0.613743,5.16667,2.625,0,0,0.791667,3.08333,6.58333,-5.41916,0.0001,0.000283607,0.0446903,1.76746,0.140057,51535,0.193895,260.47,1.3755
8358,1.69854,0.194857,0.825857,0.421272,0.00409125,0.000955194,0.00409125,0.198535,0.158473,0.517826,0.833108,0.0442377,0.0341451,0.0430222,0.219238,0.0483863,0.00245098,1.06808,0.0856971,2.47372,0.167291,0,0.0616259,0.604071,5.03339,0.701399,0.486652,0.523154,2.10217,0.198969,0.216675,0,0.790791,0.402094,0,-0.00140708,0.236175,0.967851,0.330826,0.0447532,0.044502,0.00511404,0.00464882,0.458928,0.0433054,9.40422,-2.41417,8.82545,0.677578,0.4674,-7.85574,-0.333333,0.0401949,-0.0850849,0.566315,5.45833,2.08333,0,0,0.5,2.91667,5.58333,-5.41582,0.0001,-0.000545385,0.0430155,1.73144,0.134192,52692,0.193942,251.67,1.13758
8359,1.6496,0.197605,0.858094,0.428352,0.00403496,0.000960363,0.00403496,0.195799,0.163394,0.522129,0.864778,0.0435516,0.0346906,0.0424487,0.217148,0.0476218,0.00462963,1.06901,0.0878242,2.46428,0.164747,0,0.0599174,0.610387,5.04869,0.703989,0.493767,0.517061,2.08156,0.201331,0.214068,0,0.828835,0.424352,0,-0.00139642,0.240788,0.968696,0.340101,0.0442119,0.0437512,0.00549149,0.00501823,0.458474,0.042848,9.38533,-2.37673,8.70411,0.677049,0.451232,-8.12529,-0.333333,0.0405687,-0.0849267,0.592974,5.29167,2.45833,0,0,0.625,3.125,6.08333,-5.41381,0.0001,-0.000641943,0.0454164,1.72951,0.132238,52801,0.193931,257.44,1.32361
8360,1.60167,0.199567,0.88267,0.429752,0.00394621,0.000926454,0.00394621,0.19949,0.166789,0.517916,0.89448,0.0426503,0.0361562,0.0416178,0.212729,0.0460677,0,1.06809,0.0921863,2.47167,0.162295,0,0.058794,0.620896,5.10037,0.711183,0.504808,0.506804,2.03039,0.204477,0.210034,0,0.834665,0.482911,0,-0.0016023,0.236319,0.968822,0.353347,0.0432663,0.0427305,0.00513142,0.00474013,0.458655,0.0418551,9.3985,-2.66086,8.67326,0.675743,0.446427,-8.18587,-0.333333,0.0400236,-0.0872216,0.610727,5.79167,2.625,0,0,0.75,3.08333,7.54167,-5.41634,0.0001,-0.00158447,0.0412841,1.74771,0.13358,52253,0.193904,260.3,1.29097
8361,1.61058,0.200592,0.874325,0.436484,0.00394192,0.000968455,0.00394192,0.203454,0.163124,0.514013,0.87973,0.0426271,0.0340373,0.0416761,0.215426,0.0423829,0.00615651,1.08354,0.0890498,2.47552,0.155454,0,0.0558535,0.624543,5.11113,0.710425,0.505289,0.506923,2.04217,0.203941,0.212383,0,0.830251,0.464759,0,-0.00162352,0.224008,0.969185,0.358676,0.0431034,0.0425365,0.00448351,0.00405725,0.456984,0.0416465,9.593,-2.41081,8.6315,0.674244,0.434638,-8.37528,-0.333333,0.0421728,-0.0898751,0.597168,5.83333,2.58333,0,0,1.04167,2.91667,8.58333,-5.41727,0.0001,-0.00202492,0.0421627,1.77815,0.135083,51381,0.193954,266.73,1.24479
8362,1.57733,0.201283,0.877558,0.43448,0.00388728,0.000985562,0.00388728,0.201272,0.163207,0.517532,0.884695,0.0422331,0.0348971,0.0412542,0.212651,0.0462712,0,1.08001,0.0893438,2.47921,0.159089,0,0.0575102,0.626336,5.12572,0.714589,0.512146,0.502229,2.01282,0.204987,0.209685,0,0.849224,0.454823,0,-0.00162576,0.231361,0.969214,0.364721,0.0427272,0.0422012,0.00520703,0.00479025,0.462395,0.0413523,9.55278,-2.41238,8.73711,0.669855,0.43594,-8.4784,-0.333333,0.0425956,-0.0889995,0.61023,5.25,2.41667,0,0,0.625,2.66667,7.79167,-5.41529,0.0001,-0.00290809,0.0411733,1.78363,0.134728,51243,0.193987,268.52,1.3322
8363,1.55328,0.19333,0.836435,0.426807,0.0039321,0.000905114,0.0039321,0.193019,0.155183,0.518408,0.844228,0.0424304,0.0336413,0.0414772,0.212158,0.0453493,0.00417711,1.06914,0.0843959,2.48615,0.163412,0,0.0581078,0.625235,5.12407,0.712051,0.506621,0.507365,2.03751,0.197308,0.208933,0,0.792402,0.441775,0,-0.0015019,0.23646,0.969208,0.360062,0.0429887,0.0424824,0.00514911,0.00473122,0.459843,0.0416704,9.55929,-2.19955,8.71316,0.670671,0.435205,-8.48098,-0.333333,0.0390905,-0.0855731,0.578621,4.41667,2.625,0,0,0.75,2.83333,7.375,-5.41669,0.0001,-0.00108097,0.0379046,1.78295,0.135692,51236,0.193956,257.58,1.04329
8364,1.4938,0.192801,0.877001,0.419154,0.00382323,0.000876101,0.00382323,0.197009,0.160531,0.513784,0.883131,0.0411188,0.0344979,0.0403322,0.207728,0.0463265,0.00198413,1.07191,0.0876792,2.52489,0.158215,0,0.0556226,0.634595,5.18954,0.720552,0.520184,0.492637,1.98456,0.195889,0.204513,0,0.850547,0.476918,0,-0.00168122,0.227319,0.970147,0.377608,0.0418179,0.0410142,0.00444274,0.00407138,0.460414,0.0404542,9.55829,-2.48679,8.54714,0.67156,0.416152,-8.66068,-0.333333,0.0381635,-0.0887406,0.612914,4.04167,1.79167,0,0,0.541667,2.58333,8.45833,-5.41813,0.0001,-0.00131234,0.039693,1.75792,0.13286,51991,0.193964,264.59,1.14192
8365,1.52235,0.195909,0.863913,0.423414,0.00388208,0.000905521,0.00388208,0.200002,0.160457,0.512899,0.87304,0.0418459,0.0338076,0.0409754,0.20822,0.0447475,0.00260417,1.06406,0.087257,2.47801,0.159587,0,0.0563293,0.627453,5.1512,0.716557,0.51285,0.500674,2.0039,0.199771,0.205127,0,0.850362,0.434793,0,-0.00164995,0.22982,0.969826,0.371783,0.0422972,0.0417314,0.00498421,0.00458871,0.461728,0.0409681,9.52103,-2.33615,8.64668,0.670379,0.423434,-8.55017,-0.333333,0.0394126,-0.0892532,0.598725,4.58333,2.04167,0,0,0.541667,2.70833,7.95833,-5.41761,0.0001,0.000139202,0.0359006,1.81834,0.135826,50304,0.193995,262.82,1.3935
8366,1.55228,0.195683,0.881329,0.42358,0.0038671,0.000884614,0.0038671,0.19554,0.162286,0.510516,0.887512,0.0417194,0.0331149,0.0408043,0.208076,0.0481145,0,1.06651,0.0893952,2.48134,0.168155,0,0.0579712,0.626761,5.14234,0.716852,0.514746,0.497407,1.99964,0.198948,0.204822,0,0.861989,0.46397,0,-0.00160786,0.23617,0.969828,0.37053,0.0422173,0.0416338,0.00439788,0.00399653,0.460553,0.0408922,9.5138,-2.15127,8.82307,0.663721,0.430264,-8.67195,-0.333333,0.039146,-0.0876249,0.606529,4.66667,2.875,0,0,0.958333,3.41667,7.91667,-5.41611,0.0001,-0.00298905,0.0370921,1.79914,0.1352,50820,0.193994,266.37,1.21974
8367,1.49223,0.194659,0.887002,0.418755,0.0037977,0.000899437,0.0037977,0.195973,0.16059,0.506039,0.896779,0.0408274,0.0335531,0.0400806,0.204688,0.0433636,0.00765931,1.07085,0.0910178,2.47704,0.159058,0,0.054702,0.640318,5.20037,0.722004,0.523536,0.488997,1.96997,0.198007,0.201408,0,0.84691,0.499229,0,-0.0017932,0.230329,0.970624,0.386726,0.0412938,0.0405706,0.00430282,0.00399718,0.458219,0.0399565,9.44963,-2.31306,8.5658,0.667837,0.407787,-8.81805,-0.333333,0.040192,-0.0895364,0.609908,3.75,2.16667,0,0,0.791667,2.41667,8.25,-5.41584,0.0001,-0.00253755,0.0409632,1.81202,0.140714,50341,0.194052,272.03,1.34603
8368,1.60423,0.19154,0.871713,0.422768,0.003838,0.000887283,0.003838,0.193453,0.1588,0.509606,0.878294,0.0414625,0.0321014,0.0405628,0.208199,0.0457456,0,1.07534,0.0875891,2.48356,0.163194,0,0.0570791,0.631136,5.17871,0.719955,0.518425,0.493634,1.98442,0.194618,0.20497,0,0.84325,0.473788,0,-0.00164625,0.235302,0.971013,0.378433,0.0417645,0.0413108,0.00493509,0.00455098,0.460155,0.040566,9.36828,-1.93967,8.92097,0.655432,0.427069,-8.85312,-0.333333,0.0397338,-0.0875162,0.596859,3.83333,3,0,0,1.04167,3.04167,8.79167,-5.41179,0.0001,-0.00295408,0.0423462,1.89548,0.157162,47891,0.194095,271.1,1.18615
8369,1.62231,0.196758,0.848307,0.431315,0.00392517,0.00101575,0.00392517,0.19741,0.157743,0.512095,0.857705,0.0425486,0.0316039,0.0415359,0.213357,0.0428534,0.00219298,1.07787,0.0869029,2.4625,0.159214,0,0.0582919,0.624464,5.11872,0.712528,0.507425,0.504542,2.03067,0.200512,0.210354,0,0.795489,0.425674,0,-0.00151776,0.234442,0.970631,0.365624,0.0427163,0.0425586,0.00493474,0.00453249,0.460155,0.0415017,9.35444,-1.82123,9.03059,0.655041,0.44066,-8.59987,-0.333333,0.0439744,-0.0872248,0.579458,4.625,2.91667,0,0,1,3.16667,7.79167,-5.41023,0.0001,-0.00167977,0.0439631,2.84037,0.1747,32604,0.194122,268.15,1.25312
8370,1.58656,0.194233,0.877914,0.423548,0.00391298,0.000932193,0.00391298,0.194835,0.163776,0.512362,0.884418,0.042323,0.0302841,0.0413411,0.212065,0.0438473,0,1.07307,0.0893021,2.47101,0.165634,0,0.0579431,0.626093,5.13662,0.714757,0.509017,0.501498,2.01281,0.197565,0.20884,0,0.847914,0.441999,0,-0.00153853,0.233122,0.970303,0.369112,0.0424664,0.0422481,0.00436525,0.00393302,0.459434,0.0412769,9.56389,-1.81429,9.0144,0.653551,0.437431,-8.67502,-0.333333,0.0402434,-0.0864318,0.602049,3.83333,2.83333,0,0,1,2.66667,7.375,-5.40753,0.0001,-0.0023736,0.0419363,2.70854,0.194558,33861,0.194171,265.65,1.333
8371,1.65577,0.195543,0.858037,0.432074,0.00392681,0.000986056,0.00392681,0.196346,0.159665,0.511905,0.867888,0.0424562,0.0315715,0.0414723,0.211751,0.0440265,0,1.07103,0.0873892,2.47106,0.160141,0,0.0578905,0.626551,5.13114,0.713543,0.507258,0.50502,2.02654,0.198666,0.208706,0,0.832421,0.428115,0,-0.00155345,0.232808,0.970436,0.366719,0.0426176,0.0423643,0.00480271,0.00442776,0.460402,0.0413828,9.42854,-1.79976,8.99393,0.654963,0.438701,-8.58557,-0.333333,0.042716,-0.0872268,0.583725,4.45833,3.16667,0,0,0.916667,3.08333,7.83333,-5.40261,0.0001,-0.00279204,0.0407101,2.49581,0.154702,37088,0.194247,264.12,1.34447
8372,1.47757,0.197006,0.883459,0.428522,0.00386725,0.000947297,0.00386725,0.200105,0.163635,0.513465,0.890418,0.0417149,0.0316937,0.0408771,0.210174,0.0445357,0,1.07486,0.0894507,2.45852,0.160309,0,0.0555528,0.631647,5.15923,0.717874,0.514667,0.497203,1.98968,0.20007,0.206953,0,0.855757,0.481715,0,-0.00169108,0.228213,0.970827,0.377249,0.0419469,0.041509,0.00477824,0.00438057,0.460416,0.0406959,9.439,-2.10638,8.82193,0.658529,0.425232,-8.63804,-0.333333,0.0414135,-0.089676,0.614938,3.875,2.375,0,0,0.791667,2.375,8.45833,-5.39747,0.0001,-0.00260151,0.0389025,2.50874,0.155777,36893,0.194299,268.95,1.41896
8373,1.59768,0.19558,0.883762,0.424836,0.0038768,0.000939805,0.0038768,0.198235,0.162151,0.515262,0.891554,0.0419403,0.0296793,0.0409846,0.209765,0.0436061,0.00198413,1.07293,0.0899778,2.45456,0.159827,0,0.0563061,0.631973,5.15588,0.715424,0.513489,0.500499,2.01111,0.198675,0.206536,0,0.833946,0.495334,0,-0.00160031,0.231946,0.970843,0.376383,0.041976,0.0417428,0.00515892,0.00477099,0.461161,0.0408173,9.54238,-1.62503,9.04166,0.650181,0.430667,-8.86663,-0.333333,0.0412729,-0.0890137,0.615346,4.58333,3.66667,0,0,1.16667,3.25,8.83333,-5.39569,0.0001,-0.0025381,0.0391739,2.76878,0.133347,33873,0.194341,267.1,1.6153
8374,1.4505,0.191027,0.859804,0.416112,0.00376359,0.000868113,0.00376359,0.194457,0.154486,0.503131,0.868894,0.040435,0.0308926,0.0397211,0.202111,0.0455375,0.00595238,1.06212,0.0854743,2.48042,0.160023,0,0.0545723,0.63805,5.22186,0.725738,0.527701,0.484231,1.93985,0.194226,0.198591,0,0.837877,0.469425,0,-0.00170321,0.232901,0.971889,0.395856,0.0407829,0.0401402,0.00450146,0.00418186,0.462717,0.0395811,9.49845,-1.86616,8.79229,0.654336,0.402086,-9.08749,-0.333333,0.0393617,-0.0891648,0.590153,2.58333,2.29167,0,0,0.541667,2.79167,8.91667,-5.39433,0.0001,-0.00207447,0.042152,1.72807,0.127634,52973,0.194352,276.47,1.2817
8375,1.69634,0.200511,0.914388,0.432144,0.00390633,0.000978043,0.00390633,0.202448,0.169853,0.516078,0.922022,0.0425602,0.0300767,0.0415363,0.213087,0.0428386,0.00260417,1.07978,0.0958343,2.43497,0.152079,0,0.0568486,0.627059,5.14194,0.715285,0.509838,0.502709,2.0195,0.20308,0.20999,0,0.843256,0.50155,0,-0.00152601,0.230319,0.970456,0.370425,0.0425706,0.0423937,0.005139,0.00473935,0.462096,0.0413713,9.47713,-1.60059,9.13096,0.649498,0.437611,-8.76292,-0.333333,0.0426133,-0.089762,0.631904,4.20833,3.66667,0,0,1.625,2.54167,7.75,-5.39386,0.0001,-0.00171568,0.0422606,1.70005,0.12686,53808,0.194338,264.67,1.48877
8376,1.69767,0.195876,0.880034,0.426907,0.00391554,0.000923139,0.00391554,0.193946,0.163594,0.509198,0.887593,0.0424135,0.0294805,0.0413846,0.211322,0.0459494,0,1.06817,0.0887464,2.44746,0.162517,0,0.0582087,0.627763,5.13801,0.715213,0.508622,0.502985,2.01764,0.1992,0.208247,0,0.851379,0.491945,0,-0.00157145,0.237348,0.970125,0.368533,0.042404,0.0422849,0.00545394,0.00504655,0.461148,0.0413285,9.69228,-1.65499,9.11491,0.650055,0.441671,-8.73781,-0.333333,0.0396734,-0.0858887,0.599749,3.54167,2.875,0,0,0.958333,3.125,6.875,-5.3953,0.0001,-0.00288565,0.039384,1.7355,0.128056,52750,0.194302,270.58,1.4284
8377,1.57389,0.194593,0.879904,0.41973,0.00386769,0.000932819,0.00386769,0.195809,0.162139,0.513501,0.886211,0.0416814,0.0296865,0.0407997,0.207976,0.0440229,0,1.06773,0.0886207,2.435,0.162618,0,0.0570709,0.630806,5.16511,0.717851,0.514653,0.497258,1.99103,0.19783,0.2048,0,0.854309,0.489539,0,-0.0015515,0.235512,0.970905,0.381408,0.0417625,0.0415402,0.00471465,0.00436807,0.461871,0.0406368,9.47893,-1.73866,8.94017,0.652529,0.419473,-8.82087,-0.333333,0.040876,-0.0878861,0.608489,4.08333,2.83333,0,0,1.08333,2.66667,8.45833,-5.39498,0.0001,-0.00238604,0.0403481,1.70602,0.129573,53554,0.194327,266.08,1.40009
8378,1.58889,0.193168,0.883845,0.420612,0.00383322,0.000885716,0.00383322,0.194802,0.161148,0.507192,0.890413,0.0413348,0.0291667,0.0404939,0.206513,0.044968,0,1.06722,0.088793,2.44134,0.160108,0,0.056753,0.632532,5.18452,0.720721,0.518981,0.491884,1.97247,0.195946,0.203208,0,0.840163,0.470898,0,-0.00161804,0.233444,0.971131,0.386751,0.0414015,0.0411086,0.00511428,0.00477168,0.461271,0.040288,9.63398,-1.69914,8.90607,0.652025,0.416406,-8.99019,-0.333333,0.0395425,-0.0883066,0.60729,3.375,3.16667,0,0,1.125,2.79167,9.5,-5.39564,0.0001,-0.00167051,0.0430395,1.69527,0.13197,53799,0.194278,265.55,1.21078
8379,1.66792,0.19458,0.879996,0.42659,0.00389106,0.00093075,0.00389106,0.196917,0.162338,0.507558,0.888887,0.0424478,0.0281958,0.0413787,0.210649,0.0429634,0.00208333,1.07124,0.0901178,2.42646,0.153667,0,0.0572344,0.630637,5.14693,0.715517,0.511705,0.500249,2.00473,0.197355,0.207347,0,0.831573,0.485441,0,-0.00149516,0.228501,0.971329,0.376054,0.0421929,0.0422516,0.00452411,0.00415187,0.456882,0.0410957,9.50276,-1.30518,9.302,0.639064,0.436681,-8.96255,-0.333333,0.0408052,-0.08777,0.603697,3.125,3.45833,0,0,1.16667,3.375,7.5,-5.39758,0.0001,-0.00143009,0.0417974,1.74269,0.128887,52524,0.194305,258.26,1.11506
8380,1.68445,0.194828,0.880741,0.426555,0.00386752,0.000908263,0.00386752,0.1947,0.162556,0.517676,0.88712,0.0422201,0.0287294,0.0411229,0.207616,0.045627,0,1.06474,0.0885919,2.43083,0.163456,0,0.0589159,0.62586,5.15511,0.716472,0.514686,0.499515,2.00144,0.19703,0.204518,0,0.854479,0.470359,0,-0.00151006,0.23556,0.97076,0.379453,0.0419352,0.0420438,0.00449677,0.00411656,0.459552,0.0408682,9.50323,-1.35385,9.32021,0.639845,0.440603,-8.96244,-0.333333,0.0399056,-0.0873411,0.619785,3.41667,4.04167,0,0,1.08333,3.08333,7.58333,-5.39374,0.0001,0.00115808,0.0439789,1.73667,0.137205,52460,0.194343,269.52,1.37995
8381,1.81714,0.194524,0.873737,0.424284,0.00389076,0.00090488,0.00389076,0.194371,0.16219,0.509131,0.883323,0.042713,0.0271907,0.0415136,0.209384,0.0453108,0,1.0659,0.0895829,2.43198,0.161636,0,0.0604322,0.627187,5.14895,0.71611,0.511759,0.501818,2.01114,0.197238,0.206257,0,0.8249,0.44859,0,-0.00138469,0.239333,0.971229,0.374506,0.0422779,0.0425738,0.0052438,0.00484893,0.4595,0.0413182,9.60009,-1.01528,9.52254,0.632118,0.451617,-9.15627,-0.333333,0.0393265,-0.0862173,0.603514,3.5,4.54167,0,0,1.91667,4.41667,8.58333,-5.39019,0.0001,-0.00164581,0.0439206,1.73829,0.131898,52563,0.19445,262.54,1.41715
8382,1.79079,0.198744,0.871331,0.427861,0.00389627,0.000919926,0.00389627,0.200204,0.162103,0.51389,0.879807,0.0427669,0.0271831,0.0416023,0.211178,0.0425595,0.00219298,1.07456,0.0898062,2.42346,0.158165,0,0.0585987,0.628465,5.13127,0.713999,0.511069,0.502776,2.02274,0.201619,0.207979,0,0.834511,0.454164,0,-0.00143944,0.22899,0.970443,0.375084,0.0422821,0.0425827,0.00485661,0.00444529,0.460278,0.0412697,9.66313,-1.14066,9.47576,0.634702,0.448371,-9.03769,-0.333333,0.0402591,-0.0890927,0.603727,3.95833,4.58333,0,0,1.83333,3.54167,7.45833,-5.38307,0.0001,-0.00268182,0.0382003,1.7019,0.134847,53520,0.194524,259.12,1.08039
8383,1.81902,0.195529,0.843813,0.419609,0.00396886,0.000960628,0.00396886,0.194201,0.159536,0.517988,0.85228,0.0434399,0.0270617,0.0421466,0.214834,0.0488214,0.00277778,1.07277,0.0877253,2.46185,0.169055,0,0.0632285,0.617367,5.09005,0.708334,0.501921,0.510865,2.05398,0.198232,0.211911,0,0.818927,0.461311,0,-0.00128918,0.244992,0.970718,0.361697,0.0429999,0.0435147,0.00548059,0.00506991,0.45947,0.0420766,9.41848,-0.995964,9.62807,0.63196,0.466257,-8.83229,-0.333333,0.0411174,-0.0849505,0.585483,3.83333,4.41667,0,0,1.70833,3.5,6.70833,-5.38175,0.0001,-0.00239529,0.0389504,1.76313,0.12902,51953,0.194522,266.56,1.27123
8384,1.74827,0.198484,0.896625,0.427698,0.00386536,0.000912373,0.00386536,0.197853,0.165407,0.51179,0.903208,0.042237,0.0278687,0.0411417,0.20981,0.0444298,0.00694444,1.07549,0.0915531,2.42415,0.16364,0,0.058837,0.627737,5.15882,0.717383,0.514898,0.498806,2.01023,0.20123,0.206662,0,0.852717,0.472399,0,-0.00147804,0.229595,0.971295,0.38023,0.0418756,0.0420802,0.00454129,0.00414588,0.456713,0.0408619,9.34782,-1.33507,9.39924,0.634861,0.443192,-8.9766,-0.333333,0.0401893,-0.0888291,0.616964,3.04167,3.41667,0,0,1.33333,3,6.79167,-5.38048,0.0001,-0.00216523,0.0387606,1.79859,0.128869,51001,0.194581,265.61,1.39901
8385,1.76477,0.19904,0.876929,0.429011,0.00388786,0.000911988,0.00388786,0.201132,0.163033,0.511028,0.886784,0.0427612,0.0271159,0.0416155,0.212181,0.042364,0,1.07964,0.0903809,2.4274,0.156023,0,0.0580644,0.630628,5.13548,0.715656,0.512073,0.500457,2.00797,0.201596,0.208993,0,0.848033,0.463142,0,-0.00147972,0.226488,0.970981,0.375256,0.0423514,0.0425866,0.00442393,0.00398958,0.456208,0.0412904,9.4831,-1.21378,9.481,0.63416,0.445836,-8.97005,-0.333333,0.0399356,-0.0891783,0.605531,3.54167,4.33333,0,0,1.58333,3.54167,7.83333,-5.37761,0.0001,-0.00123173,0.0391042,1.75755,0.138359,51850,0.194602,262.24,1.53341
8386,1.73431,0.19726,0.873346,0.430489,0.00389584,0.000968486,0.00389584,0.196175,0.161562,0.51158,0.880584,0.0424484,0.0283962,0.0413611,0.211576,0.0434015,0.00245098,1.07701,0.0885324,2.45514,0.15666,0,0.0589405,0.627638,5.14113,0.714749,0.51115,0.502855,2.0204,0.200375,0.208473,0,0.8205,0.486409,0,-0.00142847,0.238419,0.971461,0.374851,0.0422614,0.0424148,0.00529094,0.00492758,0.458144,0.0412242,9.3679,-1.37867,9.29473,0.639557,0.440195,-8.88424,-0.333333,0.0422924,-0.0874088,0.603557,3.58333,3.125,0,0,1.20833,3.20833,7.70833,-5.37616,0.0001,-0.00234344,0.0407264,1.7902,0.144053,50822,0.194638,260.62,1.25235
8387,1.76458,0.19553,0.881056,0.42566,0.00386596,0.000950176,0.00386596,0.196416,0.161877,0.510646,0.888123,0.0422316,0.0284615,0.0411269,0.209358,0.0433199,0,1.07556,0.0892003,2.45404,0.161346,0,0.0589522,0.631338,5.15009,0.716924,0.514841,0.499119,2.00317,0.199213,0.206367,0,0.843954,0.466534,0,-0.0014728,0.234148,0.971512,0.37808,0.0419958,0.0421584,0.00479165,0.00445419,0.456217,0.0409652,9.23436,-1.39798,9.40415,0.637059,0.442915,-8.94291,-0.333333,0.041928,-0.0880172,0.608558,3.54167,3.83333,0,0,1.45833,2.79167,6.91667,-5.3761,0.0001,-0.00129253,0.0432507,2.46408,0.164666,37395,0.194665,267.29,1.46923
8388,1.614,0.193972,0.866304,0.426722,0.0038805,0.000889082,0.0038805,0.192455,0.158934,0.511908,0.871663,0.0420132,0.0290522,0.041033,0.208488,0.0444685,0,1.06671,0.0865924,2.44767,0.160304,0,0.0581268,0.631334,5.14922,0.716771,0.513063,0.499192,1.99995,0.19636,0.205335,0,0.818213,0.46271,0,-0.00154208,0.234043,0.971284,0.378177,0.0419289,0.0418968,0.00441088,0.00403423,0.456537,0.0408132,9.44477,-1.57469,9.18494,0.642303,0.430475,-8.81996,-0.333333,0.0391955,-0.0865065,0.600389,3.125,3.16667,0,0,0.958333,2.83333,7.58333,-5.3748,0.0001,-0.00256316,0.0445146,2.75228,0.137674,34015,0.194689,267.84,1.14345
8389,1.69211,0.196958,0.869555,0.430142,0.00390974,0.000923675,0.00390974,0.197466,0.161922,0.51134,0.876305,0.0425369,0.0305938,0.0414516,0.212257,0.0445506,0.00625,1.07415,0.0877719,2.43186,0.160545,0,0.058566,0.627515,5.13383,0.715181,0.509327,0.502907,2.01404,0.20039,0.209291,0,0.850097,0.460072,0,-0.00151046,0.233425,0.97074,0.368124,0.0425176,0.0425392,0.00494571,0.00458257,0.45681,0.0413685,9.33535,-1.83953,9.20213,0.647902,0.446329,-8.59804,-0.333333,0.040154,-0.0874011,0.596708,4.375,2.70833,0,0,0.833333,3.25,6.79167,-5.3739,0.0001,-0.00176474,0.0449265,3.00248,0.129142,31390,0.1947,265.72,1.31619
8390,1.67615,0.191786,0.848782,0.418515,0.00388584,0.000861515,0.00388584,0.192225,0.156839,0.506103,0.857645,0.0421356,0.0298469,0.0411454,0.208964,0.0466758,0,1.06422,0.085962,2.44693,0.166019,0,0.0582217,0.627665,5.15922,0.716765,0.512358,0.499729,2.0108,0.195182,0.205842,0,0.829396,0.442262,0,-0.0015228,0.235482,0.971402,0.373254,0.042183,0.042061,0.00446247,0.00405583,0.453591,0.0410615,9.35036,-1.6372,9.13635,0.647126,0.438059,-8.77995,-0.333333,0.037651,-0.0859033,0.575975,4.45833,3.54167,0,0,1.79167,3.625,8.75,-5.37292,0.0001,-0.00131296,0.0404207,2.31486,0.151274,39861,0.19471,267.2,1.33429
8391,1.58115,0.200204,0.920585,0.429487,0.00381734,0.000933679,0.00381734,0.199758,0.16848,0.505545,0.927889,0.0412213,0.0296832,0.0403756,0.208239,0.0421856,0,1.07728,0.0936845,2.46375,0.159416,0,0.0551382,0.641023,5.19031,0.721579,0.520933,0.490805,1.97514,0.203006,0.20483,0,0.891373,0.506291,0,-0.00157303,0.224997,0.971725,0.388053,0.0413343,0.0410488,0.00393281,0.00360603,0.455243,0.0402029,9.44301,-1.74656,9.01106,0.646506,0.418966,-8.95401,-0.333333,0.04116,-0.0901928,0.626307,3.625,2.91667,0,0,0.916667,2.41667,8.58333,-5.37099,0.0001,-0.0014836,0.0417353,2.84833,0.1504,32781,0.194707,263.38,1.42728
8392,1.57163,0.199329,0.895911,0.427412,0.00386562,0.000974716,0.00386562,0.1996,0.166192,0.510734,0.902265,0.0418349,0.0309854,0.0408882,0.211459,0.0419862,0.00427083,1.08027,0.0924013,2.45472,0.157771,0,0.0569094,0.631354,5.16503,0.718722,0.514865,0.4968,1.98829,0.201998,0.208212,0,0.851901,0.498551,0,-0.00152921,0.232049,0.971375,0.375781,0.0420297,0.0418092,0.00465153,0.00427987,0.458836,0.0408621,9.41559,-1.83153,9.07382,0.647425,0.430461,-8.72801,-0.333333,0.0427039,-0.0890494,0.61897,3.83333,2.70833,0,0,0.666667,3.625,7.66667,-5.36904,0.0001,-0.000768745,0.0420729,2.29933,0.13011,40463,0.194698,264.13,1.57232
8393,1.58605,0.19347,0.872669,0.425231,0.00389013,0.00090053,0.00389013,0.194382,0.160749,0.511613,0.879925,0.041972,0.0307381,0.0410314,0.209682,0.0446067,0,1.06843,0.0888208,2.4579,0.160145,0,0.0573742,0.629983,5.15429,0.717107,0.511891,0.500585,2.00485,0.197074,0.206529,0,0.830009,0.49249,0,-0.00153509,0.236748,0.970945,0.373103,0.0421493,0.0419301,0.00504297,0.00465155,0.455114,0.0409646,9.40802,-1.95487,8.97571,0.653645,0.431023,-8.65435,-0.333333,0.0397684,-0.0871115,0.597277,4.25,3.04167,0,0,0.708333,3.41667,8.70833,-5.36629,0.0001,-0.00147539,0.0381523,1.7266,0.131922,52893,0.194725,267.63,1.45
8394,1.4835,0.196183,0.898884,0.428677,0.00381321,0.000940085,0.00381321,0.194521,0.163995,0.506341,0.906323,0.0407106,0.0315136,0.0399914,0.206873,0.0443671,0,1.07151,0.091564,2.47005,0.15879,0,0.0548892,0.642228,5.21608,0.723033,0.521506,0.491757,1.97017,0.199189,0.203483,0,0.860143,0.509625,0,-0.00166589,0.233298,0.97156,0.388287,0.0411255,0.0405973,0.00467203,0.00431579,0.459004,0.0399677,9.53352,-2.05278,8.77758,0.65462,0.409617,-8.80114,-0.333333,0.0412964,-0.0880997,0.614453,4.16667,2.41667,0,0,0.791667,2.58333,9.625,-5.36398,0.0001,0.000308539,0.0377232,1.75138,0.133613,52150,0.194784,273.94,1.50652
8395,1.51512,0.191139,0.865634,0.419101,0.00386856,0.00089155,0.00386856,0.192475,0.158352,0.509527,0.869857,0.041608,0.0308993,0.0407551,0.208704,0.0440695,0,1.06874,0.0866662,2.43841,0.160351,0,0.0567221,0.628847,5.16106,0.717933,0.514636,0.497735,1.99387,0.193339,0.20541,0,0.828947,0.470977,0,-0.00155668,0.234341,0.971476,0.379102,0.0418788,0.0415138,0.00441452,0.00405322,0.45536,0.0406539,9.37767,-1.82932,8.93995,0.652921,0.423487,-8.74448,-0.333333,0.0394327,-0.0866793,0.591593,3.33333,2.83333,0,0,0.791667,2.29167,7.625,-5.36049,0.0001,-0.0030199,0.0365034,1.77565,0.13097,51559,0.194868,265.26,1.21311
8396,1.57871,0.197924,0.867442,0.430195,0.00389522,0.000936394,0.00389522,0.198366,0.160693,0.508811,0.874906,0.0421504,0.0327182,0.0411977,0.210878,0.0434304,0.00347222,1.07129,0.0879605,2.46589,0.158096,0,0.0568051,0.628974,5.14073,0.715681,0.511153,0.502207,2.01799,0.200782,0.207888,0,0.829814,0.432628,0,-0.00162337,0.230947,0.970865,0.368518,0.042395,0.0420434,0.00457839,0.00421494,0.454607,0.0410815,9.24908,-2.09264,8.9245,0.658028,0.43279,-8.55235,-0.333333,0.0407566,-0.0880502,0.59615,3.79167,2.29167,0,0,0.708333,3.5,7.75,-5.35598,0.0001,-2.94487e-06,0.0439852,1.77135,0.131887,51650,0.194928,262.67,1.35837
8397,1.48458,0.199031,0.899421,0.425304,0.00380286,0.000923799,0.00380286,0.199266,0.164104,0.507625,0.906362,0.0408901,0.0333469,0.040081,0.207858,0.0428402,0,1.0798,0.0918862,2.47919,0.157749,0,0.0550389,0.639558,5.19733,0.72246,0.522741,0.489355,1.9655,0.20222,0.204726,0,0.854057,0.494805,0,-0.00164521,0.229104,0.971437,0.384099,0.0413929,0.0408206,0.00437519,0.00403844,0.456851,0.0401527,9.31633,-2.25948,8.82209,0.655934,0.415278,-8.69513,-0.333333,0.04115,-0.0900647,0.618683,3.625,1.66667,0,0,0.375,2.58333,8.125,-5.35416,0.0001,-0.00204004,0.0417923,1.75377,0.138269,51956,0.194926,274.56,1.28877
8398,1.53458,0.193456,0.867176,0.426355,0.00393022,0.000932975,0.00393022,0.196372,0.160923,0.512774,0.874994,0.0423924,0.0323426,0.0414462,0.212426,0.0446211,0.00219298,1.07007,0.0887301,2.44337,0.16088,0,0.0570522,0.62641,5.13539,0.713894,0.506757,0.506633,2.03127,0.19617,0.209309,0,0.793208,0.468429,0,-0.00150815,0.231275,0.9706,0.365473,0.0426743,0.0423974,0.0040445,0.00365196,0.457207,0.0413801,9.43035,-1.97021,8.98365,0.656566,0.434343,-8.49654,-0.333333,0.0405309,-0.087044,0.593642,4.25,2.375,0,0,0.625,3.33333,8.04167,-5.35216,0.0001,-0.00188031,0.0396661,1.7393,0.133934,52478,0.194918,263.93,1.34024
8399,1.53149,0.194721,0.850698,0.419385,0.00389352,0.000915628,0.00389352,0.18961,0.157965,0.50901,0.856684,0.0417437,0.0329705,0.0408692,0.209808,0.0453802,0,1.06633,0.0865344,2.47697,0.164528,0,0.0579645,0.629135,5.15552,0.717261,0.511366,0.501437,2.0058,0.197438,0.206753,0,0.801744,0.423628,0,-0.00153384,0.241649,0.970754,0.368547,0.0423481,0.0418583,0.00496935,0.00461209,0.456837,0.0411371,9.34223,-2.23442,8.81646,0.66203,0.4306,-8.48375,-0.333333,0.0397987,-0.084582,0.579194,4.5,2.70833,0,0,0.916667,2.5,8.125,-5.35007,0.0001,-0.00232621,0.0433834,1.76039,0.13526,51857,0.194912,259.61,1.19977
8400,1.50254,0.194771,0.882993,0.423864,0.00387627,0.000933367,0.00387627,0.193027,0.162931,0.509747,0.889525,0.0414654,0.0326893,0.040625,0.209631,0.0452385,0.00578704,1.07035,0.0906081,2.45506,0.1623,0,0.0570919,0.63274,5.16376,0.718289,0.513532,0.499437,1.99731,0.197267,0.206439,0,0.81115,0.508599,0,-0.00157625,0.241293,0.970472,0.372279,0.0420386,0.0415286,0.00506398,0.00467988,0.45938,0.0408063,9.38056,-2.2595,8.82578,0.660445,0.428393,-8.47952,-0.333333,0.0408186,-0.0863735,0.600904,4.66667,2.875,0,0,1,2.875,8.08333,-5.3506,0.0001,-7.2848e-05,0.0432285,1.76532,0.132613,51795,0.194876,268.88,1.18511
8401,1.46245,0.199505,0.868191,0.432591,0.00391718,0.00100038,0.00391718,0.196105,0.162138,0.512709,0.874289,0.0418873,0.033275,0.0410042,0.213024,0.0428414,0.00416667,1.0778,0.08833,2.44328,0.157762,0,0.0565879,0.628357,5.12884,0.714316,0.508465,0.504007,2.0126,0.202674,0.210109,0,0.842166,0.445172,0,-0.0016256,0.239127,0.970796,0.364851,0.0423992,0.0419291,0.00479473,0.00444779,0.455507,0.0411048,9.20018,-2.29505,8.81448,0.6617,0.430195,-8.30687,-0.333333,0.0431085,-0.0865618,0.596928,5.29167,2.41667,0,0,0.458333,2.75,7.75,-5.35226,0.0001,-0.00155044,0.0401491,1.7802,0.128743,51496,0.194919,260.98,1.13385
8402,1.4268,0.19511,0.857473,0.422411,0.0038916,0.000929731,0.0038916,0.194838,0.159983,0.508581,0.866019,0.0414678,0.0345481,0.0406594,0.210198,0.044352,0.00478779,1.06855,0.0869201,2.45006,0.164843,0,0.056225,0.630927,5.15093,0.7168,0.511604,0.501553,2.00573,0.199304,0.207299,0,0.838207,0.439278,0,-0.00164522,0.237319,0.970738,0.368913,0.0422001,0.0415716,0.00433553,0.00399567,0.455233,0.0408577,9.22999,-2.67062,8.63935,0.668281,0.422702,-8.22784,-0.333333,0.0403043,-0.0862908,0.58601,5.08333,1.66667,0,0,0.583333,2.91667,8.625,-5.34895,0.0001,-0.000743241,0.0396263,1.72702,0.140354,52642,0.194934,263.16,0.961467
8403,1.34957,0.20017,0.895961,0.429708,0.00388568,0.000982789,0.00388568,0.199424,0.166149,0.510539,0.904349,0.0411964,0.0356418,0.0405141,0.210316,0.0406311,0.00656566,1.07177,0.0924128,2.45552,0.15208,0,0.053234,0.634479,5.16828,0.717585,0.512348,0.500282,1.99985,0.204313,0.207206,0,0.8517,0.492204,0,-0.0016537,0.230448,0.970849,0.369781,0.0421735,0.0412596,0.00464577,0.00427858,0.455208,0.040777,9.22379,-2.80251,8.4349,0.674024,0.413168,-8.20972,-0.333333,0.0427329,-0.08885,0.614079,4.875,1.29167,0,0,0.291667,2.75,8.79167,-5.3472,0.0001,-0.00232754,0.0398125,1.75074,0.129594,52280,0.194955,269.07,1.4828
8404,1.50987,0.197486,0.879215,0.426804,0.00394344,0.000948001,0.00394344,0.196072,0.163131,0.514907,0.887906,0.0422318,0.0344588,0.0413234,0.21264,0.0437681,0.00189394,1.0725,0.0906893,2.46444,0.159648,0,0.0569793,0.624717,5.1209,0.712627,0.505221,0.507829,2.03086,0.201421,0.209732,0,0.81194,0.508956,0,-0.00158544,0.232843,0.970005,0.362504,0.0427239,0.0422647,0.00399203,0.00364712,0.455155,0.0413125,9.32705,-2.45249,8.63526,0.673171,0.434197,-8.29096,-0.333333,0.0409603,-0.0868094,0.605943,4.95833,2.04167,0,0,0.625,2.54167,7.54167,-5.34381,0.0001,-0.00224423,0.0408933,1.7388,0.128036,52658,0.195001,261.87,1.40095
8405,1.45304,0.19932,0.89244,0.42976,0.00389651,0.000946847,0.00389651,0.194716,0.165839,0.51593,0.900177,0.0416907,0.0357427,0.0408323,0.21059,0.0447482,0.00231481,1.06971,0.0916796,2.43343,0.156971,0,0.0563237,0.629288,5.14559,0.715194,0.51107,0.502479,2.01631,0.203093,0.207549,0,0.842333,0.46899,0,-0.00160786,0.237662,0.970621,0.365611,0.0424243,0.0417986,0.00483853,0.00445838,0.455852,0.0410386,9.19573,-2.56022,8.65312,0.669695,0.429251,-8.28234,-0.333333,0.0409872,-0.0865242,0.622094,5.5,2.08333,0,0,0.708333,2.83333,8.54167,-5.34307,0.0001,-0.0017835,0.0436054,1.74461,0.133417,52344,0.195019,263.9,1.5228
8406,1.50706,0.198844,0.900768,0.426485,0.00386111,0.000970938,0.00386111,0.199609,0.166311,0.50823,0.909028,0.0412143,0.0352762,0.0404136,0.210543,0.0426699,0.00464396,1.0781,0.0931564,2.45463,0.159327,0,0.0558731,0.636103,5.17807,0.719736,0.515442,0.496279,1.9855,0.201646,0.207461,0,0.844129,0.495003,0,-0.0016412,0.229461,0.970524,0.376375,0.0417813,0.0411501,0.00385371,0.00350904,0.45593,0.0404006,9.47729,-2.42077,8.61153,0.669241,0.417184,-8.53145,-0.333333,0.0424192,-0.0891245,0.615432,4.45833,1.83333,0,0,0.541667,2.70833,8.5,-5.3425,0.0001,-0.0025774,0.0390281,1.73216,0.13391,52679,0.195049,268.31,1.46173
8407,1.53879,0.191301,0.855074,0.415015,0.00390726,0.000928843,0.00390726,0.188921,0.158469,0.511343,0.862134,0.0414761,0.0343512,0.0406186,0.211436,0.0475324,0.00198413,1.07138,0.0871466,2.45501,0.17174,0,0.0591067,0.628084,5.14264,0.715767,0.50964,0.501824,2.01642,0.19426,0.208337,0,0.803451,0.477333,0,-0.00163324,0.24641,0.970314,0.367246,0.0420785,0.0415815,0.0050868,0.00469899,0.460136,0.0408012,9.40796,-2.38912,8.70853,0.666168,0.430383,-8.33545,-0.333333,0.0403124,-0.084135,0.587267,4.625,1.83333,0,0,0.5,2.29167,7.375,-5.33978,0.0001,-0.00258341,0.0429097,1.73881,0.139614,52333,0.195093,261.38,1.14232
8408,1.41571,0.198021,0.880616,0.433254,0.00387096,0.000914388,0.00387096,0.198482,0.162279,0.508449,0.886611,0.0413046,0.0339714,0.0405386,0.208847,0.0424952,0,1.06716,0.0890412,2.47562,0.155786,0,0.0548171,0.631962,5.17332,0.719594,0.514194,0.495967,1.98794,0.200931,0.205487,0,0.82756,0.465856,0,-0.00159639,0.227263,0.971169,0.377119,0.0418933,0.0412898,0.00427648,0.00392659,0.456482,0.0405773,9.4538,-2.36503,8.60294,0.666818,0.416466,-8.51262,-0.333333,0.0401478,-0.0889119,0.600893,4.54167,1.79167,0,0,0.583333,2.625,8.08333,-5.33943,0.0001,-0.000330797,0.0421086,1.75344,0.132538,52123,0.195071,269.08,1.36482
8409,1.53089,0.197344,0.863097,0.423183,0.00399466,0.000929659,0.00399466,0.194444,0.163598,0.514984,0.869966,0.0425743,0.0345342,0.0415996,0.213113,0.0451592,0.00462963,1.05819,0.0885867,2.44129,0.166597,0,0.0584361,0.617389,5.09246,0.710222,0.498681,0.512236,2.04961,0.201298,0.210109,0,0.838758,0.419356,0,-0.00148935,0.238925,0.96928,0.352486,0.0432031,0.0427956,0.00514817,0.00472692,0.459491,0.0419103,9.54502,-2.37708,8.77524,0.669264,0.445339,-8.07695,-0.333333,0.0393153,-0.0846889,0.591608,5.375,1.83333,0,0,0.583333,3.375,7.04167,-5.33976,0.0001,-0.00129157,0.0414571,1.75812,0.132973,51982,0.195106,262.6,1.37421
8410,1.58114,0.202492,0.875075,0.429214,0.00392623,0.000965548,0.00392623,0.202089,0.164857,0.513478,0.881425,0.0421076,0.0343417,0.0411338,0.21427,0.044725,0.00320513,1.08102,0.0914241,2.46388,0.161462,0,0.0579865,0.623403,5.1366,0.714882,0.507373,0.504865,2.01744,0.206361,0.211323,0,0.841539,0.452632,0,-0.0015758,0.236096,0.969784,0.362436,0.0426229,0.0421802,0.00503439,0.00466695,0.456332,0.0412889,9.35948,-2.37873,8.79871,0.66821,0.438158,-8.31881,-0.333333,0.0417603,-0.0888143,0.600097,5.95833,2.625,0,0,0.541667,2.625,8,-5.33788,0.0001,-0.00252647,0.0373233,1.79171,0.124339,51305,0.195131,260.93,1.27939
8411,1.45147,0.199099,0.897576,0.428048,0.00384568,0.000964085,0.00384568,0.202897,0.166227,0.511748,0.905058,0.0409365,0.0348689,0.040154,0.20874,0.0416597,0,1.07414,0.0922256,2.45137,0.154895,0,0.0548727,0.639654,5.19234,0.721536,0.517417,0.492309,1.97138,0.202233,0.205573,0,0.867991,0.477324,0,-0.00165178,0.22553,0.970497,0.379921,0.0415972,0.0408813,0.0042063,0.00390874,0.458281,0.0402259,9.58438,-2.53023,8.57758,0.668203,0.413345,-8.50782,-0.333333,0.0423896,-0.0908872,0.621408,4.75,1.58333,0,0,0.458333,2.08333,8.29167,-5.33649,0.0001,-0.00299726,0.0427958,1.69766,0.125638,53915,0.195148,266.41,1.44295
8412,1.54883,0.197797,0.864096,0.425411,0.00389248,0.000970818,0.00389248,0.197482,0.160696,0.510788,0.871866,0.0417158,0.0337717,0.0407658,0.210843,0.0441218,0.00595238,1.07412,0.0890802,2.45597,0.160197,0,0.0574297,0.62732,5.15129,0.717522,0.511603,0.497655,1.99783,0.201363,0.207748,0,0.841131,0.453119,0,-0.00156504,0.234904,0.970457,0.371445,0.0420707,0.041731,0.00443959,0.00407317,0.45536,0.0408017,9.55699,-2.02679,8.84962,0.660316,0.43256,-8.57256,-0.333333,0.0424571,-0.0878081,0.591911,4.45833,2.375,0,0,0.708333,3.08333,7.66667,-5.33572,0.0001,0.000210893,0.0409696,1.74304,0.131461,52442,0.195169,267.97,1.43867
8413,1.64361,0.195796,0.869933,0.427166,0.00394002,0.000943915,0.00394002,0.194332,0.162413,0.51216,0.877886,0.0424169,0.0319676,0.0414122,0.212492,0.0424826,0,1.07036,0.0891782,2.43553,0.160866,0,0.0584331,0.624273,5.12627,0.713304,0.50567,0.504149,2.0255,0.198895,0.209428,0,0.841301,0.44623,0,-0.00150547,0.235207,0.970842,0.366968,0.0425286,0.0423775,0.00440862,0.00403627,0.454594,0.0412873,9.41301,-1.81707,8.98138,0.656839,0.440398,-8.55294,-0.333333,0.0411066,-0.0859001,0.595938,5.41667,3.45833,0,0,1.33333,2.58333,7.70833,-5.33622,0.0001,-0.000792946,0.0390727,1.79511,0.140012,50799,0.195151,263.94,1.25297
8414,1.47765,0.193331,0.874865,0.425082,0.00386583,0.000912998,0.00386583,0.194359,0.160307,0.512148,0.879595,0.0412964,0.0325054,0.04045,0.208837,0.0434874,0.00558036,1.06851,0.0879689,2.45116,0.160289,0,0.0557276,0.633045,5.17027,0.719476,0.514869,0.495558,1.98395,0.196208,0.205605,0,0.840292,0.477547,0,-0.00160934,0.232532,0.970593,0.378056,0.0417077,0.0412597,0.00460716,0.00423993,0.456544,0.0404561,9.54786,-2.17601,8.78032,0.660392,0.421676,-8.56381,-0.333333,0.0401891,-0.0874525,0.602506,4.45833,2.58333,0,0,0.791667,2.625,7.83333,-5.33618,0.0001,-0.00258605,0.0394919,1.6916,0.133121,53873,0.195152,272.2,1.3852
8415,1.54393,0.196881,0.903199,0.425558,0.00383153,0.000901311,0.00383153,0.19771,0.163276,0.507444,0.90931,0.0409976,0.0313496,0.0402011,0.206333,0.0429686,0,1.0695,0.091996,2.43419,0.15714,0,0.0546126,0.638671,5.20384,0.722756,0.519256,0.491415,1.96689,0.19957,0.20297,0,0.840867,0.527237,0,-0.00169035,0.228366,0.970993,0.389337,0.0411163,0.0407259,0.00407206,0.00370375,0.459001,0.039876,9.69259,-1.84979,8.83969,0.653348,0.411118,-8.82758,-0.333333,0.0407825,-0.0898504,0.619155,4.16667,2.83333,0,0,0.958333,2.66667,9.16667,-5.33617,0.0001,-0.00273163,0.0387283,1.71272,0.129179,53370,0.195161,263.75,1.3937
8416,1.58996,0.196924,0.896392,0.426786,0.00383295,0.000887414,0.00383295,0.198402,0.163512,0.509178,0.905189,0.0411558,0.031115,0.0403002,0.207805,0.0434996,0,1.07317,0.0927623,2.47702,0.158788,0,0.0557235,0.633737,5.18965,0.720707,0.518974,0.492011,1.97988,0.200254,0.204543,0,0.834855,0.509109,0,-0.00154004,0.228022,0.971324,0.387424,0.0412994,0.0410343,0.00462707,0.00427615,0.458991,0.0401457,9.60002,-1.77121,8.98345,0.648563,0.422891,-8.88036,-0.333333,0.0394562,-0.089774,0.619895,3.54167,2.66667,0,0,1.16667,2.08333,8.125,-5.33705,0.0001,-0.00073891,0.0395082,1.70206,0.128139,53712,0.195144,266.76,1.43579
8417,1.67401,0.202303,0.920821,0.434746,0.00381362,0.000935807,0.00381362,0.201315,0.167775,0.506857,0.929085,0.0412941,0.0311892,0.0403527,0.207377,0.0428841,0.00623886,1.07818,0.0950187,2.48375,0.157484,0,0.0562974,0.636379,5.19806,0.723166,0.52139,0.488803,1.96103,0.205732,0.204163,0,0.862175,0.50255,0,-0.00161277,0.224079,0.971053,0.389771,0.0411865,0.0410292,0.0039158,0.0035541,0.457713,0.0399774,9.63036,-1.53167,9.13041,0.645481,0.428388,-9.04482,-0.333333,0.0421512,-0.0914323,0.632217,3.33333,3.41667,0,0,1.25,2.75,8.45833,-5.34001,0.0001,-0.00162131,0.0402433,1.69793,0.124226,53949,0.195148,267.61,1.30364
8418,1.60205,0.195566,0.873556,0.426169,0.00388871,0.00094693,0.00388871,0.194084,0.160861,0.513324,0.880529,0.0418595,0.0308629,0.0409048,0.209233,0.0439205,0,1.06584,0.0877269,2.47357,0.160371,0,0.0576322,0.631432,5.15446,0.717102,0.511993,0.499233,1.99956,0.198425,0.206016,0,0.832991,0.496242,0,-0.00152249,0.234185,0.971171,0.377971,0.0419125,0.0417597,0.00450831,0.00413509,0.45457,0.0407171,9.53349,-1.66776,9.03518,0.649655,0.430179,-8.77888,-0.333333,0.0415359,-0.0869332,0.599515,4.04167,3.08333,0,0,1,2.75,8.04167,-5.33985,0.0001,-0.0021605,0.03966,1.72184,0.127636,53152,0.1952,263.29,1.38132
8419,1.45109,0.197949,0.894781,0.432594,0.0038264,0.000965019,0.0038264,0.198846,0.161982,0.510544,0.902155,0.0407695,0.031436,0.0399978,0.20792,0.0423119,0,1.07796,0.0910191,2.47676,0.159207,0,0.0548698,0.639684,5.20686,0.722474,0.519808,0.49118,1.96824,0.20082,0.204576,0,0.836673,0.512319,0,-0.00164744,0.228056,0.971585,0.391389,0.0409712,0.0405959,0.0040473,0.00371717,0.459013,0.0397547,9.63161,-1.97593,8.7801,0.653291,0.40856,-8.78282,-0.333333,0.0432786,-0.0904445,0.616953,3,2.20833,0,0,0.541667,2.375,8.375,-5.33852,0.0001,-0.00129804,0.0392902,1.73043,0.133247,52747,0.195187,271.36,1.40809
8420,1.48876,0.195048,0.870855,0.423884,0.00381428,0.000921478,0.00381428,0.192872,0.158726,0.505766,0.87907,0.0406291,0.0310211,0.039868,0.20517,0.0458751,0,1.06434,0.0877157,2.46036,0.159664,0,0.0561948,0.636338,5.20575,0.722142,0.52135,0.489049,1.9636,0.198472,0.201921,0,0.850925,0.468237,0,-0.00159304,0.238637,0.972291,0.391015,0.0409669,0.0405842,0.00522222,0.00490855,0.457193,0.0398744,9.43446,-1.85646,8.88124,0.649013,0.413841,-8.82969,-0.333333,0.0412875,-0.0873128,0.596757,3.54167,2.29167,0,0,0.875,2.625,7.875,-5.33759,0.0001,0.0021865,0.0411157,1.74558,0.130793,52390,0.195207,273.75,1.50737
8421,1.55837,0.201287,0.922852,0.432655,0.00377219,0.000962207,0.00377219,0.198432,0.166857,0.507333,0.930136,0.0404061,0.030719,0.0396141,0.206582,0.0424851,0,1.08324,0.0951565,2.46836,0.15771,0,0.0549527,0.644017,5.22988,0.726064,0.526594,0.4843,1.94148,0.20438,0.203173,0,0.862691,0.542641,0,-0.00170395,0.232816,0.971401,0.397486,0.040533,0.0402067,0.00495451,0.00460251,0.46022,0.039456,9.7497,-1.79454,8.99511,0.643384,0.409369,-8.99214,-0.333333,0.0435346,-0.0906408,0.632267,3.875,2.83333,0,0,0.958333,2.625,9.20833,-5.33398,0.0001,-0.00224194,0.0425506,1.73002,0.126909,52938,0.195242,274.53,1.57432
8422,1.73778,0.195929,0.851181,0.429658,0.00392745,0.000951828,0.00392745,0.197366,0.15746,0.513488,0.856531,0.0426648,0.0298369,0.0415282,0.210698,0.0434121,0,1.06744,0.08523,2.44177,0.162021,0,0.0592333,0.623018,5.137,0.714349,0.507149,0.504313,2.02145,0.198653,0.207727,0,0.83113,0.438674,0,-0.00143568,0.230988,0.970545,0.3737,0.0422903,0.0425482,0.00444836,0.00411684,0.45586,0.0411558,9.57269,-1.34628,9.30499,0.642313,0.444285,-8.81754,-0.333333,0.0417175,-0.0876997,0.578059,3.79167,3.08333,0,0,1,3.16667,7.58333,-5.33041,0.0001,-0.00191349,0.0418168,1.74838,0.125631,52456,0.195271,263,1.30221
8423,1.76062,0.19512,0.854139,0.423224,0.00385022,0.000935031,0.00385022,0.193499,0.156615,0.509088,0.862511,0.0418232,0.0286515,0.0407322,0.209435,0.0457241,0,1.07427,0.0877463,2.43995,0.167427,0,0.0605036,0.63134,5.1726,0.719737,0.516832,0.491953,1.9761,0.198425,0.206042,0,0.811837,0.451136,0,-0.0014896,0.24123,0.971169,0.384133,0.0414815,0.0416648,0.0050096,0.0046277,0.459699,0.0405281,9.74143,-1.04362,9.46583,0.631361,0.442207,-9.17283,-0.333333,0.0412279,-0.0867372,0.590013,3.375,4.45833,0,0,1.29167,2.875,7.95833,-5.32622,0.0001,0.00195948,0.0417941,1.72522,0.127803,53050,0.1953,268.99,1.41228
8424,1.75261,0.199434,0.883754,0.437925,0.00386706,0.000969125,0.00386706,0.198823,0.16217,0.509625,0.89157,0.0421454,0.028381,0.0410568,0.21114,0.0413991,0.00219298,1.08145,0.0904763,2.42902,0.160298,0,0.0579337,0.634257,5.16396,0.718398,0.514684,0.494711,1.99034,0.202023,0.208078,0,0.836973,0.464875,0,-0.00153049,0.226966,0.971369,0.383181,0.0416748,0.041905,0.00451499,0.00415384,0.458008,0.040636,9.58702,-1.23747,9.34169,0.637245,0.437535,-9.03487,-0.333333,0.0427274,-0.0894636,0.602063,3.45833,4,0,0,1.08333,3.83333,8.25,-5.3259,0.0001,-0.000556031,0.0395976,1.70647,0.128231,53580,0.195317,264.82,1.33851
8425,1.70011,0.196488,0.85495,0.42669,0.00384263,0.000926324,0.00384263,0.197287,0.15681,0.502397,0.863134,0.041485,0.028393,0.0405125,0.207767,0.0440307,0,1.06903,0.0861531,2.48387,0.164976,0,0.0575304,0.63198,5.18753,0.72166,0.51775,0.492123,1.9703,0.199763,0.204521,0,0.838446,0.45331,0,-0.00150336,0.229053,0.971032,0.387755,0.0413165,0.0414286,0.00452383,0.00414866,0.460006,0.0403306,9.66051,-1.60221,9.21063,0.63966,0.430403,-8.87834,-0.333333,0.0409321,-0.0888297,0.581819,3.75,3.375,0,0,1.04167,2.29167,8.375,-5.32474,0.0001,-0.00233217,0.041504,1.70757,0.127449,53571,0.195286,266.43,1.04692
8426,1.54024,0.194162,0.888633,0.427018,0.00381054,0.000916843,0.00381054,0.191733,0.160725,0.508229,0.895656,0.0407863,0.0292944,0.0399652,0.204516,0.045536,0,1.06103,0.0889266,2.42926,0.16291,0,0.0561089,0.644002,5.21447,0.723543,0.522013,0.48884,1.9543,0.196492,0.201034,0,0.851374,0.493406,0,-0.00160106,0.234221,0.971287,0.394219,0.0408265,0.0405639,0.00489869,0.00453072,0.463668,0.0397577,9.81212,-1.5798,9.00751,0.64453,0.409836,-9.05105,-0.333333,0.0411968,-0.0875464,0.611641,2.83333,2.79167,0,0,0.916667,2.54167,8.5,-5.32594,0.0001,-0.00235713,0.0407389,1.73324,0.129428,52775,0.195231,264.95,1.19175
8427,1.57477,0.200943,0.888069,0.431701,0.00386577,0.000978683,0.00386577,0.201383,0.16463,0.511957,0.895455,0.0415419,0.0295683,0.0406229,0.210864,0.0443487,0.00378788,1.08012,0.0904614,2.44644,0.156813,0,0.0560608,0.632561,5.1706,0.718311,0.514867,0.496488,1.98826,0.203859,0.20774,0,0.862777,0.4508,0,-0.00159184,0.231918,0.971391,0.381993,0.0415914,0.0414954,0.00512279,0.00474501,0.459957,0.0405144,9.48821,-1.80311,9.09627,0.643332,0.426365,-8.67043,-0.333333,0.0430663,-0.0898898,0.610992,4.58333,2.75,0,0,1.04167,3,8.45833,-5.32683,0.0001,-0.00218879,0.0414848,1.72688,0.128734,52976,0.195235,276.37,1.50293
8428,1.55206,0.198869,0.892049,0.426332,0.00387637,0.000884809,0.00387637,0.19961,0.16382,0.505543,0.899458,0.0412543,0.0302112,0.0404425,0.208071,0.0436002,0.00347222,1.06783,0.0912545,2.47149,0.164509,0,0.0558184,0.630332,5.17395,0.719438,0.51355,0.494462,1.98998,0.202195,0.205017,0,0.868194,0.476336,0,-0.00160255,0.226867,0.970842,0.384702,0.0413947,0.0411761,0.00408421,0.00376464,0.453773,0.0402316,9.52353,-2.12533,8.80912,0.654492,0.420919,-8.54721,-0.333333,0.0394506,-0.0898022,0.605873,4.625,2.54167,0,0,1.16667,2.45833,8.375,-5.32568,0.0001,-0.000935541,0.0444956,1.7277,0.131475,52875,0.195232,265.71,1.30729
8429,1.54962,0.190598,0.858383,0.420462,0.00381045,0.000876248,0.00381045,0.191283,0.155038,0.509036,0.864659,0.0407288,0.0300712,0.0398987,0.204941,0.045621,0,1.06574,0.0855683,2.47523,0.162871,0,0.056636,0.636917,5.20859,0.723908,0.522082,0.486357,1.95184,0.193572,0.201554,0,0.827356,0.459626,0,-0.00159796,0.234204,0.971314,0.393887,0.0408255,0.0405921,0.00481371,0.00445748,0.459825,0.0397207,9.7056,-1.68303,8.94283,0.648602,0.41693,-8.98012,-0.333333,0.0390257,-0.0871858,0.594215,4.04167,3.45833,0,0,1.25,2,8.70833,-5.32707,0.0001,-0.00116553,0.0410868,1.73466,0.130281,52711,0.195227,262.73,0.91679
8430,1.65036,0.19647,0.880285,0.428227,0.00384694,0.000893392,0.00384694,0.196041,0.160674,0.506213,0.887261,0.0414493,0.029463,0.0404903,0.207677,0.0454601,0,1.06793,0.0891979,2.49406,0.1623,0,0.0572033,0.631659,5.18311,0.72118,0.51722,0.492244,1.97377,0.199508,0.204628,0,0.825701,0.488128,0,-0.00154807,0.231815,0.97124,0.385422,0.0414381,0.0413514,0.00481897,0.00445027,0.462096,0.0403403,9.62318,-1.57911,9.13709,0.643515,0.428353,-8.89068,-0.333333,0.0397365,-0.0883419,0.596161,3.54167,3.66667,0,0,1.04167,2.875,8.45833,-5.32773,0.0001,-0.00203399,0.040805,1.74104,0.129006,52567,0.195243,267.28,1.18631
8431,1.6453,0.196924,0.883289,0.424919,0.00382014,0.000907107,0.00382014,0.196827,0.161008,0.505957,0.889301,0.0412419,0.0296422,0.0403197,0.206809,0.043358,0,1.07178,0.0893001,2.47219,0.157049,0,0.0564615,0.636074,5.19073,0.722878,0.520729,0.487379,1.95868,0.199967,0.203549,0,0.832192,0.481056,0,-0.00156468,0.231848,0.971546,0.391294,0.0411493,0.0410447,0.00475638,0.00439272,0.45991,0.0400675,9.58486,-1.44765,9.13088,0.641711,0.419645,-9.06028,-0.333333,0.0402363,-0.0891291,0.605288,3,2.83333,0,0,1.08333,2.5,7.375,-5.32898,0.0001,-0.00322993,0.0409688,1.74852,0.13207,52273,0.195249,263.06,1.30786
8432,1.6922,0.198481,0.884007,0.42399,0.00383011,0.000892068,0.00383011,0.199273,0.16191,0.5075,0.893892,0.0415475,0.0293449,0.0405495,0.207198,0.0438421,0.00260417,1.07074,0.0910404,2.47599,0.164782,0,0.0574932,0.632033,5.17952,0.721376,0.519377,0.489245,1.96344,0.20164,0.204123,0,0.861102,0.46839,0,-0.00155391,0.230539,0.971135,0.38891,0.0413243,0.041373,0.00442399,0.0040781,0.456262,0.0402584,9.58316,-1.43606,9.1923,0.64226,0.429914,-9.04271,-0.333333,0.0396966,-0.0897273,0.610169,3.33333,3.5,0,0,1.41667,2.91667,7.54167,-5.32871,0.0001,-0.00287975,0.0408397,1.76523,0.13474,51739,0.195263,268.38,1.42108
8433,1.77049,0.196737,0.880655,0.4241,0.00389383,0.000864985,0.00389383,0.198357,0.16266,0.504707,0.886405,0.0422322,0.0284794,0.0411077,0.20893,0.0459153,0.00245098,1.0656,0.0904967,2.47632,0.164423,0,0.0591654,0.627943,5.15543,0.717808,0.511516,0.496012,1.99694,0.199586,0.206188,0,0.819551,0.462706,0,-0.00148561,0.231965,0.971046,0.378203,0.0419406,0.0421636,0.00506801,0.004684,0.459612,0.0408894,9.52621,-1.35964,9.32881,0.638554,0.443681,-8.84286,-0.333333,0.0382161,-0.0882162,0.598834,3.875,3.95833,0,0,1.91667,3.5,7.20833,-5.32978,0.0001,-0.0025181,0.0369737,1.79298,0.132228,51061,0.195273,266.03,1.20316
8434,1.6269,0.192287,0.868268,0.421707,0.00384404,0.00089064,0.00384404,0.195908,0.159585,0.508981,0.876562,0.0415355,0.0291177,0.0405614,0.207463,0.0445639,0,1.06727,0.0878547,2.46359,0.167651,0,0.0581126,0.636338,5.18059,0.720063,0.517573,0.492399,1.97805,0.19534,0.204384,0,0.832572,0.513083,0,-0.00157943,0.231971,0.971188,0.386415,0.0413493,0.0413784,0.00480397,0.00444883,0.461169,0.0402792,9.58737,-1.55232,9.1614,0.643416,0.42935,-8.93677,-0.333333,0.0390798,-0.0880004,0.597253,3.95833,3.125,0,0,1.04167,2.70833,7.70833,-5.32954,0.0001,-0.00230017,0.0403084,1.79425,0.134282,50973,0.195363,268.22,1.25643
8435,1.67271,0.200801,0.919679,0.430777,0.00376571,0.000919434,0.00376571,0.201452,0.166157,0.503437,0.927448,0.0407391,0.0287867,0.0398416,0.20543,0.0419483,0.00231481,1.07899,0.0935044,2.4818,0.156299,0,0.0545433,0.644394,5.23428,0.727324,0.527713,0.480832,1.9321,0.20354,0.202304,0,0.869463,0.506476,0,-0.00165256,0.225617,0.971399,0.401478,0.0405139,0.04049,0.00460883,0.00425321,0.464349,0.0394582,9.77703,-1.51484,9.13564,0.638662,0.414806,-9.15409,-0.333333,0.0415966,-0.0920164,0.628694,3.91667,3.83333,0,0,1.25,3,9.54167,-5.32821,0.0001,-0.00191267,0.0428706,1.74656,0.135144,52241,0.195371,273.04,1.33626
8436,1.49574,0.203067,0.900499,0.435875,0.00380755,0.000949321,0.00380755,0.202019,0.164682,0.511433,0.906788,0.0407732,0.0304348,0.0399558,0.207659,0.0414776,0.00347222,1.07583,0.0908423,2.47248,0.156576,0,0.0545442,0.641486,5.20854,0.723421,0.522153,0.489047,1.95717,0.205765,0.204578,0,0.860056,0.479068,0,-0.00164895,0.226204,0.971842,0.394407,0.0408657,0.0405913,0.00445222,0.00413817,0.457883,0.0397649,9.56992,-1.82331,8.92458,0.646749,0.409343,-8.90593,-0.333333,0.0416867,-0.0909923,0.627273,3.08333,2.33333,0,0,1.125,2.625,8.04167,-5.32757,0.0001,-0.00195409,0.0417109,1.72998,0.132944,52768,0.19537,266.9,1.26348
8437,1.49921,0.193041,0.847537,0.418466,0.00390757,0.000841296,0.00390757,0.193836,0.155819,0.510988,0.854598,0.0414824,0.030182,0.0406415,0.207044,0.0449249,0,1.05353,0.0854626,2.47025,0.163588,0,0.0558093,0.634593,5.17097,0.718338,0.50966,0.499035,1.99732,0.196442,0.203958,0,0.817148,0.430944,0,-0.00160827,0.232347,0.971093,0.37765,0.0417241,0.0414029,0.00451594,0.00411535,0.460589,0.040557,9.61678,-1.90543,8.9018,0.651922,0.422371,-8.55766,-0.333333,0.0372656,-0.0867745,0.584272,3.875,2.04167,0,0,0.666667,2.75,7.625,-5.32612,0.0001,-0.00249997,0.0375903,1.73762,0.134062,52521,0.195389,262.96,1.08676
8438,1.5113,0.192363,0.847633,0.418661,0.0038727,0.000844871,0.0038727,0.197261,0.156172,0.507673,0.854511,0.0414219,0.0308758,0.0405794,0.208355,0.0425474,0.00297619,1.06339,0.0854578,2.48375,0.160292,0,0.0551886,0.6323,5.16729,0.718796,0.513976,0.495484,1.99052,0.195223,0.20518,0,0.814343,0.448813,0,-0.00159535,0.227559,0.971065,0.381044,0.0417018,0.0413935,0.00455565,0.00419885,0.45995,0.0405005,9.63681,-1.97083,8.89397,0.652364,0.422644,-8.62823,-0.333333,0.0373752,-0.0883349,0.577556,4.58333,2.375,0,0,0.75,2.91667,9,-5.32401,0.0001,-0.00227843,0.0388619,1.72963,0.130775,52839,0.195463,265.58,1.20045
8439,1.57698,0.197212,0.893329,0.424706,0.00379067,0.000885431,0.00379067,0.19919,0.162373,0.498416,0.901253,0.0404871,0.0335911,0.0397282,0.205431,0.040545,0.00939543,1.07125,0.0908438,2.49448,0.155097,0,0.0537666,0.642762,5.22686,0.725699,0.524281,0.482677,1.94601,0.200241,0.202334,0,0.856306,0.479053,0,-0.00169677,0.224198,0.970572,0.392387,0.0409389,0.0403931,0.00460366,0.00428804,0.461091,0.0396969,9.76315,-2.23792,8.71297,0.657577,0.410315,-8.73131,-0.333333,0.0396971,-0.0906941,0.605165,4.08333,2.20833,0,0,0.916667,1.75,8.20833,-5.32053,0.0001,-0.0021365,0.0423819,1.71683,0.127924,53288,0.195522,271.56,1.1886
8440,1.46986,0.19507,0.86781,0.426569,0.00382353,0.000873339,0.00382353,0.196065,0.158555,0.507074,0.873149,0.0407818,0.031764,0.0400297,0.206496,0.043329,0,1.06862,0.0872819,2.45521,0.157831,0,0.054462,0.638164,5.20821,0.72324,0.520197,0.4891,1.95928,0.197546,0.203198,0,0.831768,0.463855,0,-0.00171715,0.229091,0.971705,0.390139,0.0410699,0.0405957,0.00449163,0.00417076,0.45775,0.0398808,9.55058,-1.91057,8.82517,0.651689,0.408732,-8.77557,-0.333333,0.0390563,-0.0886968,0.59768,4.08333,2.70833,0,0,0.666667,2.66667,9.95833,-5.31979,0.0001,-0.00244886,0.038881,1.79526,0.131517,51019,0.195532,265.51,1.42508
8441,1.54604,0.19038,0.848547,0.420072,0.00387261,0.000861978,0.00387261,0.191417,0.155888,0.502453,0.855307,0.0411343,0.0326301,0.0403146,0.207231,0.0452884,0.00416667,1.05964,0.0845853,2.50021,0.164147,0,0.0559268,0.632297,5.19318,0.720932,0.514011,0.49396,1.97911,0.193158,0.203907,0,0.832426,0.43016,0,-0.00165695,0.235616,0.971479,0.380653,0.0415213,0.0410704,0.00450007,0.00416188,0.457488,0.0403521,9.4228,-2.08536,8.78082,0.657942,0.421415,-8.60764,-0.333333,0.0377591,-0.0859671,0.576589,4.25,2.33333,0,0,0.75,2.83333,8.29167,-5.32209,0.0001,-0.00200312,0.0408629,1.73472,0.12917,52741,0.195433,268.8,1.31632
8442,1.4682,0.196864,0.903215,0.425521,0.00381288,0.000871251,0.00381288,0.198835,0.165143,0.503002,0.910664,0.0404363,0.0319986,0.0397315,0.204953,0.0438155,0,1.06296,0.0913183,2.4544,0.157661,0,0.0537826,0.640198,5.21536,0.724745,0.521483,0.486077,1.953,0.199622,0.201615,0,0.859966,0.493148,0,-0.00170266,0.225428,0.971275,0.392216,0.0408529,0.0402743,0.00441217,0.00409158,0.461247,0.0396248,9.80219,-2.08869,8.69831,0.655633,0.402791,-8.73652,-0.333333,0.0388924,-0.0900893,0.617192,3.83333,1.91667,0,0,0.833333,2.45833,9.45833,-5.32687,0.0001,-0.00148884,0.0389351,1.74776,0.133595,52251,0.195377,270.36,1.41206
8443,1.42043,0.192478,0.86587,0.417718,0.0038766,0.000841128,0.0038766,0.192207,0.157814,0.510507,0.872237,0.0408431,0.0324333,0.0401201,0.206122,0.0426984,0,1.05808,0.0869899,2.44834,0.162568,0,0.05448,0.634956,5.18348,0.720675,0.513846,0.492824,1.97472,0.19551,0.202737,0,0.82021,0.468811,0,-0.00164625,0.231861,0.970298,0.383535,0.0413971,0.0408488,0.00423201,0.00389049,0.461965,0.0401744,9.77708,-2.31056,8.63773,0.66006,0.411964,-8.44579,-0.333333,0.037438,-0.0870159,0.595608,4.20833,1.83333,0,0,0.5,1.70833,7.91667,-5.32861,0.0001,-0.00220122,0.0391501,1.78636,0.134294,51182,0.195403,265.5,1.24039
8444,1.37859,0.202617,0.891341,0.430964,0.00390141,0.000949645,0.00390141,0.198025,0.165659,0.517467,0.896929,0.0412791,0.0332394,0.040515,0.211259,0.0425473,0.00462963,1.07532,0.0907982,2.44229,0.156965,0,0.0547784,0.629008,5.16433,0.717803,0.510443,0.498738,1.99935,0.205665,0.208115,0,0.875212,0.480269,0,-0.00168309,0.232577,0.970922,0.375028,0.0418609,0.041302,0.00433609,0.00400195,0.456432,0.0406036,9.4388,-2.44777,8.63601,0.661411,0.418077,-8.26238,-0.333333,0.0414419,-0.0882695,0.619736,4.83333,1.54167,0,0,0.375,2.41667,7.5,-5.32942,0.0001,-0.00168252,0.0399886,1.75459,0.129033,52188,0.195387,272.68,1.53791
8445,1.44463,0.197181,0.885167,0.421085,0.00385081,0.000910047,0.00385081,0.198542,0.163381,0.510104,0.891218,0.0409329,0.0336544,0.040158,0.207412,0.0441772,0,1.0657,0.0909966,2.44643,0.160279,0,0.0547429,0.633025,5.1811,0.721247,0.516723,0.491543,1.96541,0.200449,0.204253,0,0.841731,0.492221,0,-0.00167146,0.23213,0.970127,0.381484,0.0415127,0.0409239,0.00468153,0.00432632,0.458671,0.0402753,9.82476,-2.30539,8.73256,0.658142,0.415061,-8.48557,-0.333333,0.0398469,-0.0889785,0.61248,5.29167,1.91667,0,0,0.666667,2.45833,8.66667,-5.32894,0.0001,-0.00280769,0.039,1.73626,0.129757,52681,0.195376,272.45,1.53612
8446,1.4664,0.194577,0.846601,0.421317,0.00390823,0.000869939,0.00390823,0.196593,0.15699,0.515755,0.856223,0.0416655,0.0328363,0.0408181,0.210271,0.0422473,0.00277778,1.06696,0.0860582,2.45792,0.157043,0,0.0558135,0.629047,5.16669,0.718368,0.509536,0.499331,1.99834,0.198193,0.207092,0,0.819345,0.457846,0,-0.00155295,0.232579,0.969872,0.374298,0.0420592,0.0416803,0.00480424,0.00443911,0.459942,0.0408227,9.79695,-2.14931,8.80616,0.658071,0.423005,-8.45167,-0.333333,0.0380387,-0.0873686,0.586483,4.91667,2.54167,0,0,0.708333,2.75,8.16667,-5.32713,0.0001,-0.00240572,0.0402179,1.75257,0.131228,52183,0.195371,261.95,1.26097
8447,1.49872,0.201052,0.912456,0.428014,0.00378572,0.000885881,0.00378572,0.2015,0.166226,0.496962,0.920906,0.0402552,0.0336671,0.0395411,0.206149,0.042969,0.00277778,1.07535,0.0935924,2.48337,0.157684,0,0.0537135,0.642071,5.23181,0.72635,0.524891,0.482271,1.93848,0.20444,0.202803,0,0.870944,0.498679,0,-0.00178104,0.226919,0.970501,0.394756,0.0406648,0.0400609,0.00481391,0.00447512,0.462299,0.0394391,9.95359,-2.17925,8.70508,0.655948,0.405652,-8.76886,-0.333333,0.0397996,-0.091467,0.617577,4.04167,1.95833,0,0,0.583333,2.375,8.66667,-5.32681,0.0001,-0.00246539,0.0413439,1.74376,0.128919,52493,0.195396,272.79,1.50331
8448,1.5462,0.196664,0.875332,0.42389,0.00389869,0.000863185,0.00389869,0.198505,0.161467,0.508804,0.881801,0.0416174,0.0319582,0.0407533,0.209748,0.0422718,0.00699301,1.06486,0.0880967,2.43744,0.158986,0,0.05507,0.631739,5.1653,0.71732,0.510735,0.498983,2.00218,0.200226,0.206524,0,0.839168,0.463508,0,-0.00160786,0.226702,0.970061,0.375983,0.0419169,0.041477,0.00465433,0.00428312,0.458706,0.040727,9.90815,-1.89233,8.91316,0.652442,0.421696,-8.62776,-0.333333,0.037902,-0.0885247,0.603017,4.08333,2.04167,0,0,1.20833,2.5,8.25,-5.32394,0.0001,-0.00122107,0.0446027,1.77849,0.130723,51489,0.195367,260.71,1.22196
8449,1.58542,0.19217,0.856661,0.416488,0.00381106,0.000875209,0.00381106,0.192659,0.156427,0.507915,0.865795,0.0409538,0.0316254,0.0400723,0.205361,0.044154,0,1.06612,0.0872774,2.44385,0.162695,0,0.0564376,0.638629,5.21908,0.724903,0.521716,0.488585,1.9535,0.195443,0.202282,0,0.816035,0.451355,0,-0.00159856,0.238484,0.971023,0.388451,0.0411559,0.0408483,0.00495674,0.00462698,0.461917,0.040082,9.78127,-1.67515,9.06358,0.644233,0.420196,-8.93777,-0.333333,0.0390462,-0.0871919,0.592204,3.5,2.70833,0,0,1.16667,2.58333,8.20833,-5.3227,0.0001,-0.000383293,0.0474729,1.71729,0.12665,53312,0.195356,267.82,1.09192
8450,1.67232,0.192835,0.865455,0.411852,0.00391527,0.00082595,0.00391527,0.192692,0.159428,0.506648,0.873747,0.0419949,0.0299965,0.0410293,0.206844,0.044327,0,1.05085,0.088986,2.41933,0.164199,0,0.0576459,0.628149,5.14623,0.716062,0.508826,0.499263,2.00307,0.195485,0.203706,0,0.817013,0.474922,0,-0.00149903,0.235584,0.970523,0.375978,0.0420239,0.0418672,0.00493197,0.00452077,0.45789,0.0409496,9.81047,-1.3276,9.16545,0.643682,0.4308,-8.85672,-0.333333,0.0362009,-0.0859745,0.590402,3.79167,3.25,0,0,1.41667,3.08333,7.58333,-5.31868,0.0001,-0.00286089,0.0411953,1.7285,0.134012,52780,0.195441,260.78,1.17051
8451,1.51092,0.195572,0.876221,0.425237,0.00385264,0.00088016,0.00385264,0.198604,0.160575,0.509606,0.884001,0.0412231,0.0309872,0.0403912,0.207933,0.0424103,0.00783476,1.06842,0.0891921,2.43111,0.164144,0,0.0555835,0.637951,5.1793,0.720034,0.516585,0.493774,1.97931,0.199054,0.204702,0,0.828774,0.485004,0,-0.00157972,0.225445,0.970237,0.387269,0.041314,0.0411003,0.00434733,0.00397725,0.462919,0.0402144,10.0273,-1.7028,8.9951,0.645641,0.414849,-8.82416,-0.333333,0.0389621,-0.089498,0.60419,3.66667,2.45833,0,0,1.125,2.625,8.875,-5.31435,0.0001,-0.00285399,0.041611,1.7539,0.132921,52100,0.19548,267.48,1.19583
8452,1.51402,0.193761,0.879894,0.417936,0.00380545,0.00085987,0.00380545,0.194329,0.158873,0.505699,0.887955,0.0406919,0.031163,0.0399164,0.204925,0.0440049,0,1.06566,0.0897695,2.44534,0.159552,0,0.0553785,0.639536,5.21493,0.724424,0.522416,0.487088,1.96039,0.197207,0.201594,0,0.804164,0.509287,0,-0.00162565,0.235979,0.971252,0.391419,0.040991,0.0405786,0.00468459,0.00438193,0.461338,0.0399017,9.80923,-1.81022,8.85781,0.648305,0.408091,-8.91764,-0.333333,0.0385914,-0.0882044,0.600241,3.125,2.29167,0,0,1.04167,2.54167,8.5,-5.31149,0.0001,-0.00184271,0.0430505,1.7632,0.127636,51989,0.195548,273.3,1.59057
8453,1.38102,0.195873,0.894737,0.425457,0.0037829,0.000877966,0.0037829,0.196152,0.161153,0.507279,0.902988,0.0401117,0.0313338,0.0394346,0.204073,0.0457577,0,1.06889,0.0899843,2.46221,0.162509,0,0.0542674,0.638997,5.23146,0.726142,0.525291,0.483452,1.94414,0.19924,0.200682,0,0.854241,0.503835,0,-0.00169386,0.230709,0.971181,0.398659,0.0404345,0.0399386,0.00512644,0.00480444,0.459537,0.0393746,9.88932,-1.93641,8.75074,0.650761,0.400708,-8.91457,-0.333333,0.0398423,-0.0897606,0.615101,3.70833,2.33333,0,0,1.16667,2.875,10.5,-5.3085,0.0001,-0.002914,0.0414772,1.74518,0.131178,52390,0.195631,268.86,1.31414
8454,1.56407,0.195344,0.858251,0.421689,0.00387337,0.000901529,0.00387337,0.195037,0.157644,0.507874,0.867605,0.0414504,0.0302042,0.0405699,0.208471,0.044556,0.00189394,1.0677,0.0874078,2.45882,0.165387,0,0.0570228,0.632025,5.16586,0.718672,0.513992,0.494849,1.99004,0.198774,0.205294,0,0.835996,0.427117,0,-0.00158923,0.23226,0.971154,0.382552,0.0415374,0.0413351,0.00426409,0.00389815,0.458992,0.040461,9.79123,-1.63745,9.03289,0.6448,0.421742,-8.80447,-0.333333,0.0396231,-0.0874503,0.588421,3.58333,2.45833,0,0,0.875,3.16667,8.08333,-5.30575,0.0001,-0.00188453,0.0391775,1.71812,0.131764,53140,0.195654,274.31,1.47982
8455,1.46236,0.194226,0.872326,0.419363,0.00389255,0.000908178,0.00389255,0.19377,0.161084,0.516883,0.881682,0.0414735,0.0311985,0.0405882,0.209853,0.0462674,0.0086323,1.06799,0.0904536,2.45712,0.169766,0,0.0578687,0.627048,5.16978,0.717877,0.511485,0.498666,1.99586,0.19773,0.206934,0,0.812966,0.468016,0,-0.00150145,0.237322,0.970348,0.377423,0.0417827,0.0415177,0.00487757,0.004497,0.4597,0.0407035,9.84717,-1.88714,8.99347,0.648819,0.42844,-8.58962,-0.333333,0.0397164,-0.0863458,0.609765,3.95833,2.375,0,0,1.33333,2.91667,7.95833,-5.30508,0.0001,-0.00111494,0.0376377,1.765,0.129725,51883,0.195664,259.72,1.25304
8456,1.46231,0.189672,0.857248,0.413938,0.0038771,0.000836161,0.0038771,0.194026,0.157346,0.508518,0.862635,0.0410728,0.0316061,0.0402628,0.207486,0.0459546,0,1.06248,0.086914,2.44841,0.165953,0,0.0562054,0.633958,5.18655,0.720641,0.513548,0.494777,1.98758,0.192654,0.204511,0,0.817948,0.458505,0,-0.00164382,0.233153,0.969682,0.382318,0.041418,0.0409992,0.0046575,0.00427696,0.461148,0.0402753,10.063,-2.07274,8.75464,0.656384,0.414045,-8.55458,-0.333333,0.0370082,-0.087237,0.58638,4.20833,2.125,0,0,1.125,2.58333,8.16667,-5.30434,0.0001,-0.000904986,0.0329599,1.71947,0.134181,53032,0.195666,269.51,1.18881
8457,1.44053,0.193751,0.858197,0.424416,0.00382484,0.000894615,0.00382484,0.194179,0.156329,0.505135,0.865347,0.0406981,0.0315708,0.039923,0.205919,0.0429161,0.00208333,1.06432,0.0851141,2.48619,0.157553,0,0.0545379,0.636398,5.21222,0.722918,0.519982,0.489199,1.96775,0.196784,0.20278,0,0.829701,0.442773,0,-0.00160803,0.23114,0.970743,0.389342,0.041058,0.040657,0.00505147,0.00470398,0.459157,0.0399581,9.86584,-2.10231,8.72824,0.6561,0.410503,-8.73442,-0.333333,0.0394573,-0.0879639,0.586259,3.95833,1.66667,0,0,0.708333,2.83333,8.83333,-5.30399,0.0001,-0.00244031,0.0426695,1.76151,0.137676,51761,0.195692,272.17,1.38101
8458,1.42363,0.196784,0.906736,0.423814,0.003752,0.000851972,0.003752,0.199053,0.16327,0.498818,0.916214,0.0399232,0.031874,0.0392823,0.203196,0.0422958,0.0046875,1.06932,0.0921182,2.44954,0.157348,0,0.0534232,0.646161,5.24251,0.728026,0.529124,0.479969,1.92899,0.200351,0.199952,0,0.859205,0.509921,0,-0.0016968,0.226502,0.970568,0.402663,0.0403394,0.0397167,0.00432697,0.0040496,0.461591,0.0391551,10.1332,-2.06862,8.69753,0.652742,0.394466,-8.9711,-0.333333,0.0384106,-0.0912097,0.615569,3.375,1.875,0,0,1,2.66667,8.91667,-5.30177,0.0001,-0.00181435,0.0426775,1.69924,0.127916,53801,0.195755,269.69,1.45059
8459,1.69779,0.193098,0.869412,0.425705,0.0039054,0.000835544,0.0039054,0.197736,0.160904,0.508851,0.87612,0.042089,0.0301833,0.0410518,0.20988,0.0438871,0.00189394,1.0648,0.0882437,2.47406,0.166162,0,0.0578184,0.63013,5.15402,0.716778,0.509872,0.498657,2.00684,0.196309,0.207057,0,0.814076,0.494867,0,-0.00157824,0.230143,0.969668,0.374637,0.0419468,0.0418985,0.00447566,0.00408574,0.457701,0.04084,9.99235,-1.50353,9.17308,0.647319,0.439255,-8.82874,-0.333333,0.0368095,-0.0877056,0.590276,4.04167,3.25,0,0,2,2.95833,7.95833,-5.29686,0.0001,-0.00213569,0.043084,1.70552,0.125511,53687,0.195797,266.73,1.2768
8460,1.51696,0.191214,0.848669,0.423666,0.00388102,0.000851393,0.00388102,0.193942,0.155662,0.509726,0.855097,0.0416089,0.0306705,0.0407637,0.206396,0.043418,0,1.05393,0.0832998,2.47292,0.162549,0,0.0556056,0.630613,5.18145,0.718787,0.512932,0.4981,2.00949,0.193982,0.203447,0,0.83139,0.429875,0,-0.00155307,0.228241,0.970615,0.380575,0.0418123,0.0414878,0.00420865,0.00389194,0.457268,0.0406617,9.79988,-1.79703,8.87597,0.654325,0.421956,-8.74247,-0.333333,0.0371324,-0.0868833,0.5784,3.66667,2.375,0,0,1.54167,2.70833,8.58333,-5.29444,0.0001,-0.00252877,0.0411558,1.73664,0.131588,52618,0.195866,267.2,1.21433
8461,1.5083,0.195327,0.878776,0.429625,0.00384407,0.000870423,0.00384407,0.195892,0.160761,0.508109,0.884517,0.0410217,0.0305341,0.0402212,0.207543,0.0427251,0,1.0673,0.0876539,2.47988,0.160352,0,0.0556964,0.638225,5.19552,0.722301,0.517569,0.49265,1.97442,0.197751,0.204374,0,0.829062,0.486298,0,-0.00166198,0.229264,0.970022,0.386236,0.0412385,0.0408802,0.00452801,0.00418239,0.460723,0.0401068,9.99566,-1.96508,8.8909,0.652272,0.418812,-8.74812,-0.333333,0.0386588,-0.0880314,0.604518,4,2.45833,0,0,1.75,2.5,8.58333,-5.29232,0.0001,-0.000792515,0.0406253,1.76769,0.133175,51715,0.195849,269.51,1.37033
8462,1.54868,0.195256,0.884825,0.418545,0.00383843,0.000836051,0.00383843,0.195151,0.161996,0.509941,0.891374,0.0410335,0.0300251,0.0402012,0.205864,0.0455098,0,1.06061,0.0894419,2.47574,0.164005,0,0.0563429,0.636856,5.20051,0.722266,0.518291,0.492095,1.97946,0.198697,0.202737,0,0.851286,0.481525,0,-0.00161823,0.234559,0.970999,0.387603,0.041205,0.0408638,0.00466595,0.00430598,0.459856,0.0401221,9.83398,-1.64456,9.02016,0.64503,0.418753,-8.90078,-0.333333,0.0372203,-0.0874182,0.607369,2.70833,2.25,0,0,1.45833,2.66667,7.375,-5.29348,0.0001,-0.000538994,0.0406385,1.72009,0.125642,53260,0.195844,270.71,1.37157
8463,1.45008,0.196284,0.887573,0.423223,0.00382561,0.000843617,0.00382561,0.195841,0.161808,0.50787,0.896802,0.0408307,0.030919,0.0400848,0.205375,0.0441378,0.00297619,1.06506,0.0893901,2.49345,0.162787,0,0.0553484,0.639385,5.20147,0.722973,0.519954,0.489479,1.96251,0.199722,0.202235,0,0.862868,0.464728,0,-0.00162639,0.227135,0.970509,0.392359,0.0410528,0.0406454,0.00421833,0.00388146,0.461629,0.0399233,9.97644,-1.80176,8.84395,0.652109,0.410252,-8.90534,-0.333333,0.037953,-0.0887813,0.611475,3.75,2.45833,0,0,1.29167,3.125,9.33333,-5.29236,0.0001,-0.000956501,0.0383281,1.72038,0.125384,53259,0.195883,269.51,1.51969
8464,1.43734,0.18961,0.855664,0.420287,0.0038291,0.000863935,0.0038291,0.194029,0.155657,0.509205,0.862897,0.0408321,0.0300922,0.04008,0.204798,0.0450505,0.00595238,1.05921,0.0851901,2.48211,0.163171,0,0.0553658,0.639558,5.20566,0.722607,0.519465,0.491245,1.97607,0.192545,0.201606,0,0.824489,0.450603,0,-0.00164437,0.229646,0.971227,0.390938,0.0409964,0.0406194,0.00402949,0.00368991,0.457879,0.039871,9.79991,-1.7681,8.91294,0.648742,0.408661,-8.88514,-0.333333,0.0386194,-0.088027,0.587639,2.91667,2.16667,0,0,1.375,2.58333,8.25,-5.29083,0.0001,-0.0023342,0.0373166,1.7652,0.136901,51681,0.195939,267.9,1.02602
8465,1.50339,0.197704,0.892501,0.423759,0.00384385,0.000880553,0.00384385,0.199327,0.163197,0.508227,0.901271,0.0412172,0.0295301,0.0403782,0.205526,0.0442371,0.00729167,1.06165,0.0913656,2.48342,0.161314,0,0.0558993,0.632053,5.18182,0.720711,0.517637,0.491837,1.97786,0.201049,0.20247,0,0.859419,0.508012,0,-0.0014963,0.227083,0.971115,0.388443,0.0413611,0.0410912,0.00424357,0.00394218,0.45557,0.0402537,9.71801,-1.5358,9.01535,0.646783,0.420029,-8.99284,-0.333333,0.0391654,-0.0898291,0.612835,3.29167,2.875,0,0,1.66667,2.75,8.25,-5.28912,0.0001,-0.0012289,0.0360001,1.83287,0.128733,50114,0.195962,270.91,1.39681
8466,1.66508,0.190563,0.862323,0.41606,0.0038096,0.000837232,0.0038096,0.192479,0.156897,0.503435,0.869448,0.0409704,0.0288808,0.0400592,0.205236,0.0461871,0,1.06762,0.0871026,2.51482,0.166284,0,0.0572671,0.635734,5.21194,0.725223,0.521929,0.486592,1.95708,0.193511,0.202342,0,0.812331,0.49231,0,-0.0016376,0.234437,0.971019,0.391953,0.0408715,0.0407353,0.00509256,0.00475447,0.458707,0.0399023,9.76399,-1.44786,9.15838,0.641814,0.426361,-9.10497,-0.333333,0.0374053,-0.0871899,0.585464,3.375,3.04167,0,0,1.95833,2.70833,8.875,-5.28923,0.0001,-0.00136621,0.0385229,1.73291,0.130181,52763,0.195989,266.67,1.27113
8467,1.53176,0.195925,0.885854,0.427998,0.00376576,0.00088353,0.00376576,0.197486,0.160991,0.499823,0.893345,0.0402262,0.0289064,0.0394798,0.204582,0.0434762,0,1.07119,0.0880287,2.48161,0.166171,0,0.0551063,0.64562,5.22852,0.727439,0.527411,0.481352,1.94081,0.199017,0.201425,0,0.855299,0.456822,0,-0.00165411,0.226412,0.970517,0.402636,0.040324,0.0400106,0.00459246,0.00427336,0.466017,0.039311,10.0843,-1.80565,8.9314,0.645548,0.406296,-9.06097,-0.333333,0.0393855,-0.0899448,0.603144,2.79167,2.54167,0,0,1.79167,2.29167,9.08333,-5.28887,0.0001,-0.00213139,0.0360208,1.72244,0.130222,53060,0.19601,271.78,1.3121
8468,1.39848,0.200702,0.916397,0.430313,0.00378526,0.000862616,0.00378526,0.203173,0.166773,0.507766,0.922743,0.0405907,0.030691,0.039824,0.205245,0.0425499,0,1.07008,0.0935058,2.46686,0.159965,0,0.0534322,0.644455,5.2169,0.726076,0.52495,0.484939,1.93927,0.203984,0.202113,0,0.864786,0.517925,0,-0.00167173,0.220849,0.970051,0.395971,0.0408006,0.0403911,0.00444441,0.00410519,0.461459,0.0396481,10.0705,-2.04525,8.86133,0.650358,0.405487,-8.86159,-0.333333,0.039002,-0.0921076,0.636682,2.79167,1.75,0,0,0.875,2.875,8.33333,-5.28972,0.0001,-0.000901119,0.0354851,1.73558,0.129568,52705,0.196036,277.75,1.56941
8469,1.63972,0.195678,0.870419,0.424224,0.00384738,0.000830255,0.00384738,0.201971,0.159302,0.513513,0.876017,0.041532,0.029375,0.0405857,0.207348,0.0416283,0.00181159,1.06798,0.0871462,2.4947,0.16213,0,0.0556307,0.634786,5.18268,0.720885,0.517203,0.49208,1.97286,0.198288,0.204424,0,0.851919,0.432043,0,-0.0016299,0.223141,0.969741,0.386618,0.0413629,0.0412615,0.00418894,0.00379553,0.460227,0.0402009,10.0898,-1.57767,9.1369,0.645176,0.425478,-8.95678,-0.333333,0.0369747,-0.0907357,0.603393,3.75,2.75,0,0,1.66667,2.58333,7.95833,-5.28825,0.0001,-0.00131336,0.0404586,1.72888,0.13336,52788,0.19607,262.36,1.09759
8470,1.4956,0.202099,0.909758,0.427563,0.00381905,0.000864681,0.00381905,0.201753,0.167208,0.509767,0.918348,0.0409068,0.0300098,0.0400898,0.204653,0.0462084,0,1.06357,0.0932876,2.47825,0.16342,0,0.0554891,0.639874,5.20029,0.722012,0.520833,0.490905,1.97095,0.205502,0.201667,0,0.881772,0.496898,0,-0.00161158,0.227617,0.97034,0.391647,0.04104,0.0407312,0.00461875,0.00430614,0.459411,0.039917,9.81747,-1.913,8.87891,0.652063,0.413018,-8.88094,-0.333333,0.0386813,-0.0909941,0.628847,3.83333,2.5,0,0,1.5,2.70833,8.5,-5.28495,0.0001,-0.00144674,0.0391847,1.69252,0.136311,53752,0.196141,274.02,1.54773
8471,1.55574,0.197824,0.881346,0.433456,0.00380893,0.000876204,0.00380893,0.200372,0.160163,0.507725,0.889647,0.0410552,0.0305737,0.0402177,0.206176,0.04178,0.00378788,1.06961,0.0874208,2.51106,0.154315,0,0.053971,0.640029,5.20836,0.72276,0.522086,0.489197,1.96977,0.201647,0.203186,0,0.841191,0.468529,0,-0.00169535,0.220576,0.970161,0.391601,0.04108,0.0408101,0.0047173,0.00436962,0.459135,0.0399468,9.93518,-1.92141,8.83576,0.654471,0.412035,-8.89236,-0.333333,0.0390374,-0.0907334,0.606017,3.70833,2.45833,0,0,1.79167,2.41667,8.33333,-5.28107,0.0001,-0.00168856,0.0414182,1.75898,0.137039,51847,0.196197,272.8,1.30807
8472,1.52068,0.201451,0.912021,0.432844,0.00378885,0.000906392,0.00378885,0.204108,0.165832,0.50752,0.918544,0.0407089,0.0311655,0.0399268,0.206788,0.0408563,0.00479715,1.07822,0.0926829,2.50084,0.15346,0,0.0537542,0.644292,5.2201,0.724243,0.52459,0.485929,1.95221,0.204168,0.203518,0,0.86395,0.503186,0,-0.00166772,0.221932,0.970277,0.396701,0.0408263,0.0404827,0.00479714,0.00446296,0.459444,0.0396785,9.9798,-1.90894,8.83483,0.652096,0.409947,-8.95448,-0.333333,0.0404996,-0.0925146,0.629342,3.66667,2.70833,0,0,1.54167,1.91667,9,-5.28046,0.0001,-0.00187116,0.0366726,1.76349,0.131091,51886,0.196193,272.76,1.63378
8473,1.5564,0.194679,0.852294,0.425819,0.00388395,0.000835959,0.00388395,0.195396,0.156602,0.511523,0.85871,0.0417736,0.0302709,0.0408315,0.209112,0.045259,0,1.06625,0.0856317,2.49359,0.162946,0,0.0574733,0.631075,5.15923,0.717605,0.512577,0.495475,1.99484,0.197566,0.206138,0,0.810094,0.456483,0,-0.00149145,0.231921,0.969985,0.378491,0.0419077,0.041788,0.0048674,0.00452808,0.460506,0.0407624,9.86055,-1.83116,8.9681,0.652261,0.425702,-8.68082,-0.333333,0.0368268,-0.0873709,0.584869,3.95833,2.66667,0,0,1.08333,2.95833,7.875,-5.28055,0.0001,-0.00216916,0.0405676,1.76476,0.136644,51700,0.196185,260.37,1.09184
8474,1.53139,0.197637,0.898484,0.420831,0.00375644,0.000835888,0.00375644,0.202456,0.162589,0.50057,0.906535,0.040238,0.0320447,0.039505,0.203792,0.0418609,0,1.07005,0.091203,2.54185,0.160662,0,0.05345,0.64556,5.24739,0.728795,0.528584,0.479821,1.92216,0.200728,0.20057,0,0.869574,0.509326,0,-0.00172214,0.219401,0.970413,0.402767,0.0403979,0.0399905,0.00422213,0.00389879,0.461669,0.0392034,9.93511,-2.0762,8.7296,0.656033,0.401332,-8.97603,-0.333333,0.0375047,-0.0925279,0.610971,3.375,2.33333,0,0,1.45833,2.45833,8.70833,-5.27961,0.0001,-0.00197607,0.0408646,1.76818,0.12864,51825,0.196193,269.76,1.21299
8475,1.59553,0.200312,0.861462,0.434465,0.00384915,0.000916124,0.00384915,0.200424,0.158476,0.510332,0.86924,0.0415938,0.0312903,0.040651,0.209483,0.0426406,0.00555556,1.07553,0.0864533,2.53837,0.158679,0,0.0558568,0.635566,5.17527,0.719612,0.516946,0.494266,1.98233,0.204092,0.206375,0,0.838276,0.427499,0,-0.00160848,0.225384,0.969631,0.383445,0.0416408,0.0415236,0.0047163,0.00431861,0.461315,0.0404872,9.9739,-1.89646,9.01368,0.648941,0.427812,-8.73742,-0.333333,0.0400198,-0.0895288,0.590508,3.91667,2.95833,0,0,0.875,3.125,7.75,-5.27872,0.0001,-0.00165886,0.0357358,1.77306,0.132973,51575,0.196213,264.7,1.24137
8476,1.48376,0.197397,0.914469,0.427983,0.00375406,0.000811305,0.00375406,0.198207,0.164162,0.503052,0.920288,0.0400169,0.0323229,0.0393505,0.20275,0.0441983,0.0149832,1.06558,0.0918556,2.52489,0.159825,0,0.0537932,0.64857,5.24517,0.727677,0.52894,0.481093,1.93514,0.200135,0.199394,0,0.876873,0.503692,0,-0.00172531,0.224988,0.97045,0.400216,0.040415,0.0397796,0.00457055,0.00421025,0.462009,0.0392323,9.9829,-2.18793,8.69646,0.656813,0.400273,-8.9631,-0.333333,0.0369432,-0.0906985,0.627842,3.58333,2.29167,0,0,0.875,2.79167,9.20833,-5.27973,0.0001,3.33975e-05,0.0373865,1.74365,0.13187,52414,0.19621,270.43,1.5006
8477,1.57759,0.199453,0.902605,0.425557,0.00377092,0.00081539,0.00377092,0.198296,0.163108,0.498414,0.908294,0.0405513,0.0317395,0.0397723,0.202315,0.0446424,0.00347222,1.06064,0.090537,2.49056,0.157821,0,0.0547048,0.6455,5.224,0.726161,0.526752,0.483988,1.94144,0.202493,0.199159,0,0.880826,0.501206,0,-0.0017653,0.225794,0.970914,0.395825,0.040755,0.0402181,0.00450051,0.00416765,0.460067,0.0395677,9.78401,-1.88756,8.85193,0.652976,0.406683,-9.05678,-0.333333,0.0368273,-0.0905135,0.614488,2.75,1.91667,0,0,1.08333,2.29167,7.25,-5.28034,0.0001,-0.00288513,0.0424351,1.73514,0.12977,52712,0.196199,266.59,1.29353
8478,1.57002,0.197464,0.868424,0.425885,0.00380978,0.000852054,0.00380978,0.198841,0.1582,0.50593,0.875354,0.0410535,0.0309478,0.0401696,0.205839,0.0451028,0.00717593,1.07083,0.0875248,2.556,0.161078,0,0.0559872,0.639107,5.21151,0.723347,0.521972,0.487687,1.95942,0.200984,0.202887,0,0.833406,0.441753,0,-0.00170202,0.225577,0.969683,0.390784,0.0411029,0.0408312,0.00458772,0.00422987,0.461617,0.0399443,10.0154,-1.8795,8.91981,0.653255,0.420606,-8.92181,-0.333333,0.0381597,-0.0900217,0.597413,4.08333,2.95833,0,0,1.58333,3.08333,9.5,-5.27834,0.0001,-0.00148851,0.0381334,1.76539,0.127532,51932,0.196231,270.39,1.32735
8479,1.76185,0.196787,0.886852,0.420798,0.00383571,0.0008514,0.00383571,0.196349,0.162586,0.505792,0.89523,0.0415889,0.0296331,0.0405548,0.206213,0.0456689,0,1.06728,0.0910068,2.53553,0.16668,0,0.0586184,0.635931,5.1794,0.721201,0.518701,0.490118,1.97291,0.200308,0.203368,0,0.850722,0.47414,0,-0.00158505,0.233824,0.970613,0.386053,0.0413711,0.0414001,0.00482924,0.0044729,0.459917,0.0403226,9.8222,-1.40806,9.22483,0.642378,0.436235,-9.09432,-0.333333,0.038117,-0.0883728,0.606547,3.70833,3.75,0,0,2.29167,2.91667,8.25,-5.27396,0.0001,-0.000982039,0.0399644,1.77095,0.135817,51555,0.196281,270.38,1.35112
8480,1.73379,0.196719,0.892438,0.424062,0.00386713,0.000873634,0.00386713,0.198838,0.164074,0.504421,0.902009,0.0421813,0.0292309,0.0411184,0.208461,0.0432131,0.00277778,1.06867,0.0916892,2.49257,0.156013,0,0.0570527,0.631545,5.16492,0.718437,0.514729,0.496481,1.99483,0.200621,0.205599,0,0.84438,0.489096,0,-0.00155166,0.22921,0.970691,0.380282,0.0419141,0.0420168,0.00480221,0.00442153,0.458384,0.0408247,9.64684,-1.4534,9.24758,0.642733,0.438182,-8.92278,-0.333333,0.038544,-0.0887818,0.607005,3.29167,3.125,0,0,1.79167,3.45833,7.375,-5.27084,0.0001,-0.00232523,0.0424106,1.78384,0.129501,51378,0.196336,262.52,1.29012
8481,1.59367,0.191971,0.862188,0.417368,0.00386395,0.000809494,0.00386395,0.196964,0.157307,0.506796,0.869419,0.0416367,0.0296123,0.0406905,0.206339,0.0436263,0.00245098,1.06076,0.0876306,2.49982,0.163232,0,0.0566195,0.635737,5.17852,0.719882,0.515078,0.496091,1.98914,0.195097,0.203463,0,0.811019,0.464893,0,-0.00160532,0.226834,0.969942,0.383921,0.0415069,0.0414562,0.00455588,0.00418418,0.463129,0.0403711,9.87052,-1.77028,9.04302,0.648115,0.430745,-8.80548,-0.333333,0.036174,-0.0886709,0.587693,3.58333,2.75,0,0,1.58333,2.95833,7.625,-5.26741,0.0001,-0.002942,0.0397443,1.74278,0.132048,52433,0.19639,267.3,1.29733
8482,1.58933,0.195197,0.885697,0.420716,0.00381864,0.000788431,0.00381864,0.19716,0.16138,0.510841,0.892395,0.0412178,0.0293518,0.0403134,0.204647,0.0444169,0.00536616,1.06014,0.0890318,2.49258,0.164248,0,0.0567103,0.638427,5.20355,0.723068,0.520764,0.491169,1.96604,0.197822,0.201762,0,0.837148,0.491945,0,-0.0016519,0.224823,0.970119,0.391775,0.0410659,0.0409556,0.00440426,0.00405341,0.464904,0.0399356,9.97799,-1.64083,9.05278,0.646895,0.420971,-9.00176,-0.333333,0.0351519,-0.0888962,0.616919,3.625,2.95833,0,0,1.66667,2.83333,8.45833,-5.26374,0.0001,-0.00198252,0.0431137,1.72356,0.124743,53186,0.196425,270.34,1.3106
8483,1.53692,0.189611,0.856467,0.418697,0.00381555,0.000830894,0.00381555,0.191703,0.155157,0.509995,0.864267,0.0409196,0.0290658,0.0401008,0.202846,0.0472359,0.00219298,1.05065,0.0850831,2.50902,0.161983,0,0.0558058,0.638306,5.20405,0.722505,0.521176,0.488539,1.97051,0.192324,0.19973,0,0.841746,0.439885,0,-0.00161671,0.232753,0.970769,0.391595,0.0410493,0.0407687,0.00481786,0.00448404,0.462172,0.0399859,9.80361,-1.78316,8.90721,0.650221,0.416144,-8.92305,-0.333333,0.0367218,-0.086911,0.597716,2.75,2.54167,0,0,1.20833,2.45833,8.125,-5.26005,0.0001,-0.00150172,0.0382535,1.68303,0.127624,54292,0.196461,269.41,1.1837
8484,1.48117,0.194847,0.858103,0.421988,0.00384888,0.000878003,0.00384888,0.195429,0.155994,0.507728,0.863315,0.0410226,0.0298394,0.0402226,0.207768,0.0439278,0,1.07269,0.0867273,2.51248,0.164269,0,0.0556684,0.635237,5.19427,0.720808,0.51705,0.493125,1.97495,0.19679,0.204648,0,0.824491,0.469842,0,-0.00160279,0.232169,0.970532,0.388258,0.0411924,0.0409239,0.00482888,0.00446617,0.4612,0.0401323,9.8279,-1.93495,8.80303,0.654016,0.414923,-8.79119,-0.333333,0.0391485,-0.0884879,0.589607,3.79167,2.29167,0,0,1.04167,3.33333,8.33333,-5.25696,0.0001,-0.00278235,0.0384705,1.72629,0.130048,52955,0.196496,271.02,1.37443
8485,1.47603,0.195824,0.881298,0.420388,0.00383465,0.000863221,0.00383465,0.195294,0.16029,0.506166,0.89142,0.0409101,0.0298434,0.0401594,0.206205,0.0467651,0.00260417,1.06769,0.0900801,2.48265,0.165773,0,0.0564736,0.638094,5.19482,0.721806,0.518811,0.491309,1.9739,0.198906,0.202989,0,0.839679,0.492573,0,-0.00162193,0.234625,0.970417,0.389368,0.0411318,0.0407709,0.00501391,0.00470836,0.463723,0.0400496,9.99052,-1.86305,8.80137,0.654596,0.410345,-8.87948,-0.333333,0.0388865,-0.0885772,0.605335,3.625,2.625,0,0,1.625,2.58333,9,-5.25844,0.0001,-0.00229769,0.0420076,1.75663,0.137747,51892,0.19647,270.15,1.3969
8486,1.62699,0.200299,0.898809,0.428922,0.00381684,0.000847396,0.00381684,0.202459,0.164521,0.505292,0.908367,0.0412998,0.0309498,0.0403942,0.206304,0.0421755,0,1.07104,0.0919606,2.5208,0.159806,0,0.0557374,0.639378,5.20056,0.722546,0.521011,0.489383,1.96338,0.204819,0.203447,0,0.865146,0.496281,0,-0.00167251,0.223666,0.96999,0.38999,0.041236,0.0410906,0.00438074,0.00406442,0.462425,0.0400592,9.93315,-1.8628,8.93111,0.653273,0.42174,-8.90734,-0.333333,0.0380782,-0.0914153,0.61908,3.875,2.91667,0,0,1.54167,2.70833,8.29167,-5.26134,0.0001,-0.00237643,0.0390738,1.766,0.138291,51622,0.196424,269.25,1.43963
8487,1.55856,0.194814,0.854332,0.420268,0.00390417,0.000822691,0.00390417,0.196008,0.157973,0.513485,0.863403,0.0420895,0.0300192,0.0411108,0.208636,0.0433509,0,1.0616,0.0867106,2.53625,0.165655,0,0.0576618,0.626119,5.15168,0.715829,0.510059,0.49985,2.00535,0.198145,0.205898,0,0.808733,0.454487,0,-0.0014931,0.230311,0.969966,0.378072,0.0420141,0.0420398,0.00443137,0.00411256,0.459407,0.0409025,9.7935,-1.75604,8.99979,0.654025,0.436283,-8.7363,-0.333333,0.03619,-0.0872481,0.590207,3.75,3.08333,0,0,1.58333,3.41667,8,-5.26336,0.0001,-0.000245466,0.038829,1.72825,0.137382,52692,0.1964,265.55,1.31348
8488,1.57405,0.19431,0.864658,0.416061,0.00382826,0.000847866,0.00382826,0.194486,0.158416,0.508103,0.875195,0.0411649,0.0308078,0.0402678,0.204278,0.0441946,0.00260417,1.0569,0.088149,2.50207,0.162792,0,0.0561642,0.638426,5.1955,0.721599,0.519582,0.490803,1.97221,0.198547,0.201459,0,0.850807,0.440466,0,-0.00163509,0.231889,0.969782,0.38783,0.0412483,0.04103,0.00489863,0.00454701,0.463795,0.0401192,10.0224,-1.88176,8.92253,0.65275,0.42173,-8.86687,-0.333333,0.0374719,-0.0877373,0.594953,3.91667,2.58333,0,0,1.29167,3.08333,7.625,-5.26288,0.0001,-0.00163815,0.0387222,2.06926,0.167183,43955,0.196373,267.05,1.15613
8489,1.55886,0.191692,0.857669,0.418941,0.00386477,0.00088221,0.00386477,0.19495,0.157154,0.510828,0.863148,0.0413385,0.0301477,0.0404903,0.207646,0.0443391,0.00320513,1.06427,0.0863561,2.46656,0.157231,0,0.0558785,0.631746,5.17944,0.719655,0.515056,0.493139,1.98738,0.193915,0.204607,0,0.801185,0.47591,0,-0.00161333,0.232242,0.970193,0.38353,0.0414518,0.0412234,0.00501257,0.00466847,0.46199,0.0403662,9.86833,-1.79197,8.98645,0.649363,0.422252,-8.76373,-0.333333,0.0389844,-0.0875621,0.592884,3,2.41667,0,0,1.08333,2.45833,7.04167,-5.26314,0.0001,-0.00226987,0.0402978,2.89416,0.171071,32070,0.196397,262.55,1.3164
8490,1.50565,0.200304,0.893606,0.427617,0.00382805,0.000883841,0.00382805,0.199006,0.163677,0.50708,0.900651,0.0410346,0.0320695,0.0401798,0.208317,0.0447834,0,1.07973,0.0915699,2.51212,0.164148,0,0.0568076,0.636464,5.1948,0.722356,0.519585,0.490136,1.97071,0.203594,0.205471,0,0.852804,0.482121,0,-0.00159171,0.232375,0.970104,0.386673,0.0412971,0.041,0.00439901,0.00411285,0.464502,0.040105,9.89188,-1.99994,8.87207,0.654472,0.419769,-8.77929,-0.333333,0.0396635,-0.0896884,0.617607,3.66667,2,0,0,1.125,3.25,8.16667,-5.26259,0.0001,-0.00213036,0.0365934,2.63744,0.134548,35463,0.196407,268.31,1.19336
8491,1.52081,0.196446,0.881247,0.419341,0.0038225,0.000801159,0.0038225,0.194697,0.161924,0.503773,0.887277,0.0408872,0.0327607,0.0400737,0.203111,0.0452773,0.00189394,1.05459,0.0880337,2.49774,0.165419,0,0.0561437,0.637213,5.20301,0.722741,0.520316,0.490241,1.97321,0.199223,0.200288,0,0.874044,0.453408,0,-0.00169977,0.233638,0.969811,0.386517,0.0412409,0.0408297,0.004629,0.00433502,0.463097,0.0400178,9.83004,-2.28641,8.75193,0.659969,0.419549,-8.61567,-0.333333,0.0358853,-0.0878131,0.60311,5,2.16667,0,0,1.125,2.375,9.41667,-5.26355,0.0001,-0.00227511,0.038086,1.79359,0.131376,51068,0.196361,273.19,1.42425
8492,1.37865,0.196827,0.890163,0.419769,0.00378405,0.000817778,0.00378405,0.19564,0.160621,0.504061,0.898099,0.0399509,0.0328317,0.0393318,0.203561,0.0443995,0.0056652,1.06519,0.0898891,2.50753,0.157748,0,0.0535847,0.64245,5.23225,0.727553,0.525206,0.482298,1.93113,0.200346,0.200296,0,0.855514,0.478369,0,-0.00175658,0.229583,0.970441,0.397149,0.0405405,0.0397653,0.00456777,0.00426045,0.464608,0.0392892,9.97459,-2.33457,8.56666,0.66153,0.402081,-8.773,-0.333333,0.0367378,-0.0895248,0.611011,3.45833,1.54167,0,0,0.75,2.33333,8.58333,-5.26499,0.0001,-0.00160943,0.038228,1.73595,0.132115,52623,0.196384,270.18,1.27922
8493,1.43742,0.199281,0.907522,0.428537,0.00379249,0.000837267,0.00379249,0.20079,0.165022,0.505255,0.91461,0.0404132,0.0333459,0.0397196,0.205453,0.0422013,0,1.07222,0.0914304,2.46369,0.153391,0,0.0529621,0.642999,5.22295,0.726168,0.524159,0.485588,1.94265,0.202488,0.202235,0,0.872184,0.501697,0,-0.00177107,0.224445,0.969854,0.393262,0.040833,0.0401946,0.00469117,0.00435784,0.465121,0.0395547,10.0977,-2.2334,8.70279,0.657683,0.404187,-8.75056,-0.333333,0.0378957,-0.0911526,0.623858,4.125,1.875,0,0,0.791667,2.25,8.79167,-5.26514,0.0001,-0.00123815,0.0376673,1.72752,0.13413,52804,0.196358,272.11,1.38862
8494,1.46467,0.198777,0.895102,0.424531,0.00383497,0.000880497,0.00383497,0.193731,0.16568,0.506848,0.902834,0.0408886,0.0343172,0.0401247,0.207122,0.0453439,0.00245098,1.06636,0.091505,2.48027,0.160267,0,0.0560316,0.637661,5.19925,0.722729,0.51871,0.491016,1.97179,0.202557,0.204305,0,0.860746,0.467527,0,-0.00169106,0.235044,0.969665,0.381071,0.0415332,0.0408552,0.00474053,0.00443135,0.465935,0.0403039,9.90556,-2.34581,8.66755,0.663489,0.412753,-8.55568,-0.333333,0.038341,-0.0863518,0.62211,4.20833,1.83333,0,0,1,2.33333,8.41667,-5.26679,0.0001,-0.00246407,0.0377706,1.73801,0.136651,52438,0.196325,273.66,1.78479
8495,1.34557,0.202491,0.93947,0.432262,0.00374307,0.000870111,0.00374307,0.201522,0.169511,0.504212,0.947236,0.0398019,0.033569,0.0392247,0.203609,0.0408467,0.00595238,1.07322,0.0949621,2.48594,0.153212,0,0.0518051,0.646248,5.25853,0.72842,0.530245,0.480117,1.93192,0.205779,0.200281,0,0.890387,0.5077,0,-0.00179383,0.219472,0.969548,0.400843,0.0404143,0.0395391,0.0045473,0.00423501,0.463418,0.0390979,10.206,-2.43063,8.45086,0.667833,0.394185,-8.86367,-0.333333,0.0391249,-0.0925343,0.650186,3.70833,1.5,0,0,0.833333,1.875,8.75,-5.26675,0.0001,-0.00137519,0.0375845,1.76243,0.133896,51839,0.196359,279.25,1.6364
8496,1.47735,0.19434,0.865881,0.41591,0.00385628,0.000783864,0.00385628,0.193253,0.158738,0.510846,0.874026,0.0413016,0.0330497,0.0404622,0.206993,0.0467656,0.00396825,1.06231,0.0879927,2.48694,0.168688,0,0.0570001,0.629531,5.17627,0.718488,0.516048,0.495499,1.99249,0.197676,0.204076,0,0.82527,0.463222,0,-0.00157935,0.236552,0.969228,0.377806,0.0417801,0.0412797,0.00466934,0.00432043,0.461869,0.0405839,10.07,-2.04301,8.79803,0.659839,0.420688,-8.70895,-0.333333,0.034659,-0.0865676,0.59723,4.04167,2.33333,0,0,1.125,3,8.875,-5.26698,0.0001,-0.00154051,0.0315422,1.75325,0.138348,51968,0.196353,270.91,1.29063
8497,1.4395,0.193527,0.882956,0.417314,0.00382832,0.000866311,0.00382832,0.193377,0.161483,0.508773,0.890217,0.0407917,0.0326815,0.0400236,0.205895,0.0471351,0,1.06356,0.0897879,2.46868,0.163542,0,0.055896,0.634394,5.19875,0.721638,0.519545,0.490888,1.97323,0.196671,0.202759,0,0.840147,0.47168,0,-0.00166128,0.239456,0.970187,0.38371,0.0412708,0.0406809,0.0055888,0.0052438,0.462456,0.0401568,9.94951,-2.14665,8.72923,0.659158,0.414572,-8.74098,-0.333333,0.0379973,-0.0872005,0.61111,3.625,1.75,0,0,0.958333,2.33333,8.16667,-5.26902,0.0001,-0.00205354,0.0389026,1.74465,0.136974,52244,0.1964,268.57,1.47346
8498,1.40408,0.199724,0.908526,0.421654,0.00376231,0.000820536,0.00376231,0.199916,0.164614,0.502706,0.91561,0.0401071,0.0315502,0.0394404,0.202901,0.0425714,0.00803134,1.06797,0.0925038,2.46039,0.15622,0,0.0529684,0.64329,5.2304,0.726987,0.527906,0.482893,1.9295,0.20312,0.199713,0,0.864803,0.487354,0,-0.00175543,0.227513,0.970265,0.399374,0.0404744,0.0398535,0.00460311,0.00428567,0.462534,0.0393192,10.0306,-2.12956,8.70161,0.654537,0.395157,-8.89307,-0.333333,0.0372732,-0.0914284,0.625327,3.33333,1.54167,0,0,1.125,2.875,9.25,-5.26864,0.0001,-0.00190514,0.0417893,1.72578,0.130487,52957,0.19638,273.4,1.42949
8499,1.43861,0.19004,0.873008,0.42168,0.00376687,0.000791466,0.00376687,0.192818,0.156901,0.503888,0.881177,0.040329,0.0317811,0.0396069,0.200699,0.0448375,0,1.05268,0.0854085,2.46355,0.162095,0,0.0542221,0.641905,5.23362,0.726658,0.527258,0.483041,1.94255,0.192936,0.19773,0,0.843988,0.47031,0,-0.0017176,0.228956,0.970445,0.395454,0.0407004,0.0400501,0.00444684,0.00417028,0.462291,0.0395468,9.99881,-1.9877,8.73357,0.656498,0.405532,-9.01705,-0.333333,0.0355803,-0.0882734,0.602875,3.04167,2.16667,0,0,1.29167,2.83333,9.16667,-5.27187,0.0001,-0.00156655,0.0371081,1.76246,0.134113,51832,0.196306,274.72,1.38282
8500,1.48031,0.198701,0.910813,0.427479,0.00376848,0.000842596,0.00376848,0.198823,0.164615,0.507386,0.91779,0.0405087,0.0300044,0.0397212,0.20424,0.0444412,0,1.07013,0.0917663,2.4853,0.160094,0,0.0542828,0.642979,5.23174,0.725762,0.527056,0.485481,1.94858,0.201493,0.201063,0,0.867371,0.502275,0,-0.00165296,0.227434,0.969702,0.397858,0.0406543,0.0402932,0.00498738,0.00465187,0.466981,0.0395602,10.2284,-1.91606,8.86626,0.650793,0.408722,-9.00386,-0.333333,0.0380706,-0.0906473,0.634903,3.04167,2.375,0,0,1.04167,3,8.54167,-5.27604,0.0001,-0.00136454,0.0363633,1.72462,0.126333,53109,0.196297,278.53,1.61437
8501,1.65305,0.199731,0.890622,0.421388,0.00387655,0.000853962,0.00387655,0.198796,0.164844,0.503821,0.899299,0.0418171,0.0308782,0.0408371,0.207986,0.0435722,0.00245098,1.0661,0.0914961,2.46209,0.167933,0,0.0573998,0.63495,5.16313,0.718185,0.513686,0.496389,2.00394,0.203588,0.20531,0,0.839329,0.496104,0,-0.00159402,0.229288,0.969186,0.377771,0.0418434,0.0416848,0.00409323,0.00372729,0.462311,0.0406611,9.99387,-1.82713,9.01852,0.653031,0.43069,-8.72884,-0.333333,0.0372766,-0.0884007,0.608748,4.29167,2.91667,0,0,1.70833,2.33333,7.5,-5.27589,0.0001,-0.000650272,0.0361146,1.73474,0.127477,52788,0.196333,259.32,1.36736
8502,1.57715,0.198612,0.885579,0.42716,0.0038273,0.000852568,0.0038273,0.201416,0.16242,0.501545,0.891839,0.041341,0.0310656,0.0404311,0.205981,0.0422623,0,1.06426,0.0894053,2.45392,0.163806,0,0.0557528,0.640607,5.19801,0.722386,0.519673,0.491532,1.96809,0.201088,0.20306,0,0.860793,0.472297,0,-0.00162847,0.224461,0.969555,0.386587,0.0413479,0.0411216,0.00403497,0.00368125,0.462116,0.0401986,10.0372,-1.85645,9.06549,0.647819,0.426957,-8.85223,-0.333333,0.037884,-0.0905554,0.610064,3.625,2.75,0,0,1.5,3.04167,7.5,-5.27417,0.0001,-0.00243417,0.0357656,1.71131,0.128419,53433,0.196335,269.61,1.08473
8503,1.46038,0.195534,0.885433,0.423544,0.00374933,0.000854122,0.00374933,0.198384,0.159323,0.501956,0.894112,0.0400025,0.0316292,0.0393181,0.203425,0.0433867,0.00758547,1.07081,0.0892874,2.50379,0.15828,0,0.0538005,0.645301,5.24185,0.728245,0.529516,0.479372,1.92618,0.198641,0.200215,0,0.844557,0.488946,0,-0.00173386,0.227066,0.970588,0.402496,0.0402614,0.0397338,0.00479355,0.00448241,0.465499,0.0391153,10.0891,-1.98414,8.76039,0.65315,0.399684,-9.02891,-0.333333,0.0387682,-0.0909192,0.606938,2.83333,2.25,0,0,0.75,2.91667,9.625,-5.27365,0.0001,-0.00222057,0.037766,1.72042,0.128276,53174,0.196285,272.55,1.39321
8504,1.44655,0.195181,0.880247,0.42605,0.00383239,0.000848173,0.00383239,0.19579,0.160805,0.512652,0.887262,0.0411156,0.0295964,0.0402576,0.205281,0.0441949,0.00231481,1.0622,0.0876652,2.43265,0.160382,0,0.0554622,0.635053,5.18361,0.720496,0.519048,0.492942,1.97821,0.198602,0.202417,0,0.860912,0.454913,0,-0.00165802,0.234288,0.970412,0.385666,0.0412329,0.0409333,0.00506128,0.00470764,0.462895,0.0401929,9.89605,-1.90511,8.94425,0.650155,0.418783,-8.81774,-0.333333,0.0377873,-0.0882592,0.61243,3.91667,2.625,0,0,1.20833,3,8.79167,-5.27431,0.0001,-0.00198812,0.0387459,1.70346,0.13542,53458,0.196259,264.29,1.29337
8505,1.56819,0.19968,0.870436,0.424584,0.00385252,0.000857908,0.00385252,0.198738,0.16059,0.509315,0.876996,0.0414743,0.0300235,0.0405397,0.207839,0.0443465,0,1.06781,0.0870444,2.455,0.160594,0,0.0563252,0.633871,5.18256,0.720014,0.516568,0.494745,1.98645,0.203104,0.205037,0,0.856837,0.41751,0,-0.00160632,0.23035,0.970082,0.382784,0.0414993,0.0413046,0.00468282,0.00432884,0.463061,0.0403537,9.88854,-1.82895,8.97716,0.652947,0.42569,-8.81676,-0.333333,0.0374407,-0.0888211,0.594913,3.25,2.08333,0,0,1.04167,3.45833,7.75,-5.27358,0.0001,-0.0022213,0.0393452,1.70769,0.126027,53609,0.196263,268.53,1.28383
8506,1.59025,0.197703,0.882808,0.427907,0.00382985,0.000887007,0.00382985,0.197093,0.161224,0.50247,0.88996,0.0411412,0.0292464,0.0403395,0.207158,0.0426236,0,1.06916,0.0886431,2.44879,0.156492,0,0.0551489,0.641086,5.19975,0.722425,0.519353,0.490694,1.96715,0.200444,0.203941,0,0.85693,0.466819,0,-0.00160834,0.230046,0.9707,0.390254,0.0411828,0.0409038,0.00499092,0.00464576,0.461976,0.0401267,10.0539,-1.55096,8.99298,0.646531,0.415018,-9.00428,-0.333333,0.0393772,-0.0887889,0.600732,3.08333,2.875,0,0,1.41667,2.33333,8.5,-5.26947,0.0001,0.00160405,0.0372123,1.69104,0.128557,54025,0.196311,269.43,1.45082
8507,1.44327,0.197969,0.926713,0.428632,0.00374096,0.000865316,0.00374096,0.197436,0.165226,0.502468,0.935088,0.0400549,0.0300797,0.0393587,0.202359,0.0432108,0,1.07025,0.093646,2.45247,0.15989,0,0.0539773,0.648416,5.25139,0.728609,0.530594,0.480321,1.9264,0.20084,0.199121,0,0.868172,0.523895,0,-0.00176272,0.227348,0.970462,0.4041,0.0401532,0.0396671,0.00427508,0.00393075,0.465239,0.0390779,10.1622,-1.83545,8.84746,0.6482,0.397758,-9.1271,-0.333333,0.0393222,-0.0910952,0.639858,2.54167,2.45833,0,0,1.04167,2.5,8.58333,-5.2677,0.0001,-0.0025491,0.0360062,1.70564,0.123997,53728,0.196331,274.71,1.77525
8508,1.62191,0.196965,0.895977,0.42364,0.00378392,0.000806689,0.00378392,0.198341,0.163051,0.504206,0.904956,0.0408865,0.0299062,0.0400136,0.203791,0.0422518,0.00539811,1.06432,0.0907574,2.48219,0.155882,0,0.0546022,0.640406,5.21923,0.725523,0.525164,0.484461,1.93946,0.200081,0.200877,0,0.863152,0.497037,0,-0.00171222,0.225464,0.970378,0.39521,0.0407974,0.0406032,0.00470188,0.00434734,0.462576,0.0396771,10.0106,-1.77245,8.98618,0.648796,0.414896,-9.03733,-0.333333,0.0360545,-0.0898648,0.616397,2.95833,2.25,0,0,1.20833,3.20833,8,-5.26739,0.0001,-0.00307909,0.0413561,1.72771,0.128794,52951,0.196334,267.12,1.32879
8509,1.50491,0.195036,0.878302,0.421287,0.00379039,0.000790127,0.00379039,0.197041,0.159265,0.504946,0.885532,0.0406792,0.0309477,0.039887,0.203766,0.0440047,0,1.06176,0.0880502,2.48184,0.158215,0,0.0544012,0.641,5.2184,0.724984,0.524305,0.487503,1.94866,0.198127,0.200785,0,0.851898,0.472646,0,-0.00169618,0.228126,0.970491,0.391787,0.04091,0.0404682,0.00448767,0.00414337,0.462544,0.0397921,10.0017,-1.90792,8.90118,0.650717,0.410414,-8.92595,-0.333333,0.0353571,-0.0892563,0.606559,2.70833,2.04167,0,0,1.16667,2.54167,8.45833,-5.26726,0.0001,-0.00163812,0.0414209,1.68948,0.125469,54163,0.196328,270.49,1.32619
8510,1.60323,0.196295,0.90169,0.421209,0.00378044,0.000838115,0.00378044,0.1938,0.163127,0.507956,0.911889,0.0408637,0.0293308,0.0399949,0.204486,0.0444972,0,1.06929,0.092588,2.47052,0.159681,0,0.0566582,0.642475,5.21991,0.725584,0.525563,0.486497,1.94152,0.199366,0.201372,0,0.856531,0.499855,0,-0.00160832,0.235472,0.970602,0.39387,0.0408744,0.040616,0.00497955,0.00463596,0.466298,0.0398897,10.1276,-1.37353,9.19381,0.639028,0.416868,-9.23526,-0.333333,0.0376571,-0.0882578,0.627716,3.16667,3.04167,0,0,1.5,2.70833,8.5,-5.26745,0.0001,-0.00022461,0.0413496,1.70161,0.132549,53596,0.196377,274.8,1.71212
8511,1.63507,0.189949,0.856538,0.412055,0.00386056,0.000798837,0.00386056,0.192731,0.156432,0.503857,0.866332,0.0415032,0.0291466,0.0405701,0.205253,0.0471813,0.0056652,1.05454,0.08648,2.48096,0.17184,0,0.0587374,0.630628,5.16804,0.719231,0.51554,0.493901,1.98504,0.193417,0.202374,0,0.803369,0.462615,0,-0.00158688,0.234046,0.969131,0.383794,0.0414017,0.0413038,0.00458734,0.00421574,0.464889,0.0402945,10.1963,-1.58548,9.11546,0.648079,0.432162,-8.92555,-0.333333,0.0352288,-0.0867004,0.582962,4.125,3.25,0,0,1.83333,3.625,8.45833,-5.2638,0.0001,-0.000448371,0.0381942,1.74033,0.125789,52678,0.196425,267.76,1.31316
8512,1.48973,0.196481,0.874404,0.426594,0.00380192,0.000827473,0.00380192,0.196602,0.159317,0.506528,0.882269,0.0406912,0.0313502,0.039915,0.204827,0.0435305,0.00800228,1.06459,0.0868488,2.47644,0.157652,0,0.0547212,0.641602,5.21028,0.723907,0.522859,0.488895,1.95749,0.199385,0.201889,0,0.857968,0.460601,0,-0.00176668,0.229403,0.969933,0.390761,0.0408633,0.0404259,0.00476085,0.00444518,0.465219,0.039721,10.1004,-2.0365,8.88027,0.651709,0.410802,-8.80981,-0.333333,0.0367702,-0.0888927,0.606037,3.70833,2.08333,0,0,0.791667,2.5,8.91667,-5.26154,0.0001,-0.00217502,0.0390213,1.73375,0.132378,52678,0.196464,266.49,1.46288
8513,1.4176,0.198886,0.891097,0.427967,0.00380075,0.000855309,0.00380075,0.200861,0.162016,0.50802,0.897367,0.0406609,0.030453,0.0399269,0.20634,0.040611,0,1.07294,0.0894099,2.46524,0.154498,0,0.0537505,0.644145,5.22213,0.724583,0.523009,0.489594,1.95476,0.20173,0.203136,0,0.857356,0.475099,0,-0.00172944,0.224813,0.969554,0.393873,0.0408329,0.0403809,0.00455543,0.00420663,0.466673,0.039628,10.2531,-1.98838,8.80583,0.654996,0.408378,-8.86891,-0.333333,0.0385082,-0.0912035,0.612575,3.41667,2.08333,0,0,0.916667,3.04167,8.375,-5.25997,0.0001,-0.00127085,0.0379216,1.7526,0.125011,52356,0.196456,266.81,1.10991
8514,1.57652,0.198568,0.889339,0.424155,0.00383066,0.000828444,0.00383066,0.201477,0.163797,0.505336,0.899749,0.0413236,0.0306343,0.0404588,0.207204,0.0421242,0,1.06964,0.091607,2.48382,0.159963,0,0.055768,0.635957,5.19043,0.721934,0.519319,0.49154,1.97202,0.20257,0.204288,0,0.858948,0.467285,0,-0.00165273,0.226376,0.969175,0.38646,0.0413434,0.0411038,0.00421027,0.00383359,0.464579,0.0401643,10.1193,-1.87412,8.99595,0.651973,0.419752,-8.84297,-0.333333,0.03679,-0.0903476,0.610096,4.125,2.625,0,0,1.54167,2.58333,8.20833,-5.25828,0.0001,-0.000320708,0.0358247,1.77151,0.131947,51645,0.196508,266.28,1.33541
8515,1.52182,0.197538,0.893105,0.420928,0.00376754,0.000863316,0.00376754,0.199284,0.161362,0.506183,0.901562,0.0403145,0.0310854,0.0395513,0.204619,0.0449201,0,1.07344,0.0901507,2.52402,0.161659,0,0.0549727,0.640775,5.22698,0.727703,0.527232,0.483494,1.9371,0.20144,0.20136,0,0.876396,0.492161,0,-0.00168304,0.231423,0.969073,0.396373,0.0405972,0.0401054,0.00525129,0.00489227,0.469248,0.0394947,10.3603,-2.00778,8.81057,0.65481,0.407042,-8.96541,-0.333333,0.0389384,-0.0907487,0.612373,3.20833,2.33333,0,0,1.08333,3.33333,8.75,-5.25478,0.0001,-0.00120052,0.0358465,1.73319,0.132878,52679,0.196557,272.18,1.46833
8516,1.56926,0.19791,0.891151,0.421957,0.00383579,0.000799657,0.00383579,0.197184,0.163955,0.513452,0.900292,0.0413795,0.030461,0.040447,0.206101,0.0468136,0.00198413,1.06395,0.0907739,2.47579,0.163404,0,0.0568967,0.634712,5.18171,0.721237,0.518653,0.492507,1.97352,0.201018,0.203167,0,0.859742,0.485425,0,-0.00162077,0.232642,0.969075,0.382634,0.0414784,0.0411944,0.00512182,0.00477396,0.46672,0.0403621,10.2859,-1.77561,9.0486,0.649783,0.426877,-8.88733,-0.333333,0.035653,-0.0885229,0.622967,3.66667,2.83333,0,0,1.29167,2.79167,8.08333,-5.25292,0.0001,-0.00295687,0.0423304,1.70323,0.125607,53752,0.196608,260.24,1.36968
8517,1.57017,0.198774,0.914016,0.426832,0.00373368,0.000847572,0.00373368,0.199576,0.164719,0.504273,0.922389,0.0405249,0.0303251,0.0396936,0.202869,0.0425779,0.00899621,1.07144,0.0920474,2.50408,0.151025,0,0.0538966,0.644323,5.2465,0.728441,0.531423,0.479615,1.92524,0.201937,0.199716,0,0.876833,0.504332,0,-0.00170831,0.223516,0.970273,0.401522,0.0405003,0.0401299,0.00485412,0.00450168,0.464405,0.0393981,10.1896,-1.59185,9.0204,0.645559,0.409942,-9.29791,-0.333333,0.0384689,-0.0915288,0.632834,2.33333,2.625,0,0,1.25,2.70833,8.33333,-5.25088,0.0001,-0.00252652,0.03699,1.70853,0.135955,53296,0.19665,266.96,1.26096
8518,1.62247,0.192323,0.887299,0.412802,0.00389023,0.000806354,0.00389023,0.1924,0.162402,0.508883,0.894543,0.0419356,0.0299389,0.0409708,0.207968,0.044671,0,1.06014,0.0913858,2.43978,0.167471,0,0.058533,0.630604,5.16298,0.717158,0.511932,0.499749,2.00543,0.195134,0.204856,0,0.826492,0.517638,0,-0.00160108,0.234601,0.969178,0.376877,0.0418585,0.0417241,0.00460606,0.00421325,0.463645,0.0407351,10.1474,-1.67315,9.05156,0.65161,0.43268,-8.81771,-0.333333,0.0356385,-0.0861567,0.608644,3.54167,2.95833,0,0,0.833333,3.08333,7.66667,-5.24911,0.0001,-0.00100789,0.04288,1.75654,0.131739,52060,0.196676,271.74,1.5512
8519,1.58571,0.190638,0.882192,0.415862,0.00386626,0.000852455,0.00386626,0.192332,0.160963,0.50983,0.888939,0.0416234,0.0289273,0.0407181,0.205092,0.0444675,0.00245098,1.0555,0.0892887,2.4324,0.164341,0,0.0568731,0.62933,5.17224,0.718123,0.515021,0.496627,2.00212,0.193914,0.202067,0,0.826002,0.480392,0,-0.00158739,0.233894,0.969724,0.382249,0.0415548,0.0413778,0.00466158,0.00429571,0.462634,0.0404953,10.0977,-1.54648,9.08693,0.646905,0.423741,-8.93022,-0.333333,0.0378348,-0.0869439,0.608009,2.95833,2.70833,0,0,0.958333,2.83333,8,-5.24817,0.0001,-0.00241082,0.0400009,1.71939,0.130116,53151,0.196701,269.14,1.55758
8520,1.5587,0.193091,0.869921,0.424648,0.00383457,0.000891881,0.00383457,0.193502,0.158341,0.510442,0.878304,0.0410888,0.0298895,0.0402524,0.206857,0.0433297,0.00231481,1.06777,0.0872688,2.45912,0.160639,0,0.055799,0.638065,5.19759,0.722555,0.518784,0.492462,1.96736,0.195716,0.203783,0,0.828043,0.477245,0,-0.00163378,0.233791,0.969658,0.385069,0.0412701,0.0409301,0.00491827,0.00454626,0.464755,0.0402073,10.1112,-1.99084,8.94456,0.651179,0.417688,-8.79244,-0.333333,0.0394524,-0.0874926,0.59762,3.66667,2.66667,0,0,0.875,2.79167,8.41667,-5.2472,0.0001,-0.000900556,0.0417426,1.7681,0.137691,51581,0.196752,269.34,1.36122
8521,1.5369,0.194662,0.875943,0.425986,0.0038314,0.000851737,0.0038314,0.195055,0.159984,0.504988,0.881859,0.0412688,0.030258,0.04041,0.206774,0.0437213,0.00320513,1.06611,0.0875315,2.42613,0.161803,0,0.0560474,0.63898,5.19022,0.721213,0.51916,0.492937,1.97784,0.19763,0.203684,0,0.829401,0.471868,0,-0.00169387,0.229625,0.969562,0.384655,0.0413381,0.0410084,0.00478401,0.00443502,0.465696,0.0402138,10.1406,-1.88728,8.9884,0.650001,0.420251,-8.85103,-0.333333,0.0373762,-0.0877854,0.598588,3.54167,2.25,0,0,0.625,3,8.5,-5.24521,0.0001,-0.00133117,0.0418256,1.76278,0.134619,51809,0.196801,271.63,1.34185
8522,1.47448,0.186259,0.828703,0.417599,0.00394291,0.00086496,0.00394291,0.189609,0.153501,0.513949,0.835198,0.0421447,0.030743,0.0412196,0.208614,0.0452342,0.00245098,1.0536,0.0816462,2.46984,0.16673,0,0.0570842,0.624807,5.12704,0.712953,0.505277,0.506673,2.03065,0.18958,0.205752,0,0.821932,0.424005,0,-0.0015341,0.234494,0.969091,0.36711,0.0423842,0.0421451,0.00454661,0.00419115,0.461426,0.041182,9.85015,-2.11442,8.89181,0.659908,0.433577,-8.40251,-0.333333,0.0374668,-0.0846255,0.575962,3.95833,2.33333,0,0,0.666667,3.41667,7.66667,-5.24247,0.0001,-0.00148699,0.0388963,1.71861,0.125541,53305,0.196847,259.28,0.998907
8523,1.5019,0.201035,0.905965,0.430226,0.00379557,0.000905758,0.00379557,0.200763,0.164382,0.504817,0.912802,0.0405668,0.0318724,0.0398275,0.206789,0.0408165,0.00297619,1.07747,0.0921909,2.45279,0.157646,0,0.0538394,0.642864,5.22015,0.725612,0.523678,0.48807,1.95286,0.204402,0.203673,0,0.866604,0.499571,0,-0.00177831,0.227083,0.969152,0.391155,0.0408322,0.0403231,0.00453726,0.00420051,0.465529,0.0396188,10.1313,-2.31655,8.75358,0.658097,0.408199,-8.71304,-0.333333,0.0401772,-0.0912552,0.621124,4.625,2.375,0,0,0.875,2.75,9.33333,-5.24032,0.0001,-0.00122432,0.038607,1.74124,0.139171,52277,0.19691,274.33,1.81356
8524,1.44144,0.195151,0.893348,0.423648,0.0038332,0.000846806,0.0038332,0.190109,0.162835,0.507948,0.899158,0.0406009,0.0334735,0.0398834,0.204917,0.0476523,0,1.05976,0.0898773,2.46646,0.166435,0,0.0562862,0.635384,5.20216,0.722412,0.519068,0.492115,1.9685,0.198125,0.201742,0,0.850267,0.470942,0,-0.0017043,0.242199,0.969414,0.381682,0.0413111,0.0405579,0.00509749,0.00477699,0.465789,0.0401222,9.98537,-2.42042,8.62975,0.664912,0.411629,-8.54146,-0.333333,0.0378431,-0.0859558,0.619228,4.375,2.08333,0,0,0.583333,2.625,9.75,-5.2362,0.0001,-0.000392135,0.037024,1.76274,0.129611,51948,0.196979,261.06,1.23327
8525,1.50013,0.193457,0.860886,0.418591,0.00390314,0.000833854,0.00390314,0.192898,0.159771,0.509831,0.867363,0.0417026,0.0333196,0.040829,0.208787,0.0437487,0.00245098,1.06096,0.0871137,2.47769,0.161909,0,0.0571845,0.627975,5.16441,0.718269,0.51019,0.500237,2.00331,0.196908,0.205901,0,0.814198,0.470907,0,-0.00158921,0.237393,0.969092,0.36888,0.0422326,0.0417322,0.00459383,0.00424766,0.460335,0.0410043,9.80443,-2.31964,8.84273,0.660525,0.434763,-8.35615,-0.333333,0.036525,-0.0854912,0.589302,4.70833,2,0,0,0.666667,3.16667,7.41667,-5.23306,0.0001,-0.00262704,0.0411229,1.76521,0.133613,51771,0.197079,265.04,1.16748
8526,1.45548,0.195669,0.890271,0.422954,0.00385478,0.000857357,0.00385478,0.195776,0.163983,0.509193,0.895466,0.0411577,0.0335084,0.0404133,0.207297,0.0432574,0.00189394,1.06353,0.0906834,2.41837,0.159929,0,0.0550102,0.632401,5.17813,0.719661,0.516279,0.495937,1.98685,0.198538,0.204082,0,0.846839,0.472594,0,-0.00166666,0.232384,0.969236,0.377877,0.0417529,0.041042,0.00468,0.00431686,0.461648,0.040458,10.049,-2.27065,8.72756,0.662846,0.414327,-8.55193,-0.333333,0.0375634,-0.0880054,0.615849,4.375,1.70833,0,0,0.416667,2.04167,8.125,-5.23192,0.0001,-0.00102548,0.0366319,1.75393,0.139499,51918,0.1971,272.98,1.37509
8527,1.50496,0.190797,0.860286,0.414086,0.00384209,0.000815758,0.00384209,0.190957,0.157165,0.511212,0.866087,0.0411571,0.0329361,0.0403213,0.204347,0.0453276,0,1.05302,0.0861605,2.43092,0.164359,0,0.0574775,0.631425,5.17702,0.720354,0.517871,0.493785,1.97541,0.193723,0.201271,0,0.819109,0.45671,0,-0.00171666,0.236409,0.969518,0.379785,0.0414748,0.0409935,0.00432383,0.00399306,0.460082,0.0402369,9.91874,-2.104,8.86304,0.657551,0.421457,-8.66578,-0.333333,0.0360545,-0.0859446,0.600932,3.75,2.625,0,0,0.416667,2.75,8.20833,-5.23156,0.0001,-0.00206801,0.0392845,1.81953,0.140035,50166,0.197122,268.25,1.28431
8528,1.46344,0.197066,0.904104,0.428165,0.00382918,0.000879769,0.00382918,0.197989,0.165276,0.510715,0.911316,0.0408127,0.0318608,0.0400404,0.207086,0.0430896,0,1.06892,0.0921289,2.45655,0.16295,0,0.0554637,0.638885,5.20462,0.723585,0.519502,0.491289,1.96011,0.199734,0.203692,0,0.869128,0.492168,0,-0.00165142,0.23066,0.969165,0.387989,0.0410641,0.0405953,0.00438319,0.0040176,0.462541,0.0399017,10.2392,-2.10726,8.83963,0.655474,0.416243,-8.75657,-0.333333,0.0388964,-0.0894371,0.624651,3.54167,2.54167,0,0,0.583333,2.79167,8.54167,-5.22926,0.0001,-0.00260662,0.0406243,1.79693,0.135568,50869,0.197199,263.99,1.45675
8529,1.5318,0.195868,0.887241,0.424324,0.00384102,0.000867649,0.00384102,0.196142,0.161755,0.505954,0.896886,0.0410504,0.0321361,0.0402217,0.208818,0.0432084,0,1.07788,0.0913506,2.47005,0.16193,0,0.0558025,0.634298,5.19546,0.722614,0.517976,0.490598,1.96619,0.19913,0.205623,0,0.841472,0.465673,0,-0.00166112,0.232431,0.969148,0.382144,0.0414123,0.0408828,0.00473058,0.00433993,0.46418,0.0402668,10.2282,-1.96831,8.93263,0.652524,0.422523,-8.74655,-0.333333,0.03895,-0.0885907,0.610443,3.54167,1.83333,0,0,0.833333,2.5,6.91667,-5.22619,0.0001,-0.001244,0.0386428,1.8074,0.137015,50556,0.19724,263.93,1.31315
8530,1.41176,0.194783,0.874284,0.419405,0.00381435,0.000833668,0.00381435,0.195318,0.159517,0.511552,0.880599,0.0407603,0.0327753,0.0399885,0.204624,0.0446354,0.00462963,1.0606,0.087049,2.45295,0.162033,0,0.0552081,0.637257,5.19994,0.722383,0.521358,0.490631,1.9665,0.198044,0.201351,0,0.846857,0.462482,0,-0.00170352,0.233784,0.968917,0.385803,0.0411972,0.0406154,0.00488206,0.00451622,0.4656,0.0399534,10.2622,-2.14586,8.77648,0.659662,0.413032,-8.74531,-0.333333,0.0371466,-0.088394,0.6077,4.16667,2.25,0,0,0.541667,2.75,8.75,-5.22653,0.0001,-0.00333548,0.0373263,1.82617,0.129093,50276,0.197243,265.72,1.42637
8531,1.45747,0.194144,0.893416,0.422081,0.0038797,0.000888832,0.0038797,0.193339,0.162314,0.511209,0.897777,0.0411722,0.0299513,0.0403703,0.205015,0.0427792,0.00160256,1.0542,0.0903454,2.44097,0.161561,0,0.056289,0.632025,5.17676,0.71933,0.513407,0.496417,1.98961,0.196256,0.201523,0,0.844106,0.488021,0,-0.001616,0.235966,0.969417,0.385327,0.041303,0.0409833,0.00505801,0.00472384,0.4645,0.0402107,10.2455,-1.7808,8.82916,0.653636,0.413587,-8.76104,-0.333333,0.0398294,-0.0875616,0.617838,3.33333,2.375,0,0,0.291667,2.75,8.375,-5.22715,0.0001,-0.00260255,0.0383188,1.81277,0.141895,50292,0.197264,266.77,1.45888
8532,1.6261,0.201312,0.897227,0.428276,0.00382737,0.000903531,0.00382737,0.197647,0.165491,0.504737,0.905137,0.0412509,0.0311328,0.04035,0.208149,0.0442123,0.00277778,1.07415,0.0919357,2.42667,0.158734,0,0.0568162,0.63503,5.19653,0.721672,0.519671,0.490588,1.97031,0.204402,0.205021,0,0.874876,0.460998,0,-0.00164908,0.234126,0.969252,0.386994,0.0412202,0.0409925,0.00499395,0.00465493,0.463013,0.0401212,10.2515,-1.68463,9.07428,0.647398,0.424204,-8.92517,-0.333333,0.0398842,-0.0889338,0.616833,3.45833,3.29167,0,0,1,2.79167,8.41667,-5.22653,0.0001,-0.00180603,0.0370261,1.81833,0.139257,50216,0.197281,272.84,1.54509
8533,1.64912,0.198812,0.879929,0.42797,0.00385274,0.000868291,0.00385274,0.198911,0.162467,0.508965,0.885468,0.0416916,0.030508,0.0407084,0.208255,0.0442401,0,1.06782,0.0879113,2.44206,0.15753,0,0.0569892,0.629449,5.17297,0.720095,0.516481,0.493492,1.98544,0.201932,0.205205,0,0.84731,0.459535,0,-0.00164044,0.230284,0.969169,0.38077,0.0416006,0.0414822,0.00484827,0.00448016,0.46318,0.0404424,10.1852,-1.72159,9.12617,0.648283,0.43337,-8.8182,-0.333333,0.0381631,-0.0890203,0.608924,4.25,3.41667,0,0,0.916667,3.08333,8.54167,-5.22616,0.0001,-0.0021638,0.0382002,1.82759,0.140408,49951,0.19729,257.38,1.18417
8534,1.56907,0.193448,0.879123,0.421131,0.0038284,0.000829833,0.0038284,0.195158,0.160452,0.505405,0.885735,0.0410643,0.030408,0.0402059,0.205135,0.0447991,0.00260417,1.05941,0.0881543,2.44488,0.159945,0,0.0563254,0.636172,5.18859,0.721841,0.519567,0.490396,1.96068,0.196792,0.20189,0,0.859733,0.431972,0,-0.00170063,0.23157,0.969213,0.387744,0.0410854,0.0407243,0.00485333,0.00449915,0.463933,0.0400066,10.3292,-1.73968,8.92041,0.65304,0.421011,-8.97802,-0.333333,0.0367946,-0.0881863,0.604343,3.45833,2.70833,0,0,1.29167,2.875,8.66667,-5.22561,0.0001,-0.00252289,0.0387012,1.87309,0.140703,48815,0.197297,265.67,1.3105
8535,1.4916,0.194763,0.907112,0.418976,0.00378756,0.000817705,0.00378756,0.197532,0.163801,0.503332,0.913937,0.0404567,0.0305896,0.0397322,0.203045,0.0434122,0,1.06036,0.0924242,2.42089,0.161223,0,0.0545204,0.641706,5.23008,0.726474,0.52469,0.485842,1.94439,0.197534,0.199535,0,0.856548,0.517667,0,-0.00175861,0.227952,0.969358,0.395499,0.0405865,0.0400464,0.00450985,0.00416064,0.464939,0.0394726,10.4096,-1.89997,8.74074,0.65662,0.404693,-9.04673,-0.333333,0.0367821,-0.09029,0.623425,3.20833,2.29167,0,0,0.916667,2.66667,9,-5.22328,0.0001,-0.00141216,0.0346985,1.83771,0.142045,49654,0.197334,270.25,1.37377
8536,1.52724,0.192906,0.917485,0.418704,0.00375919,0.000783757,0.00375919,0.1973,0.165197,0.50658,0.925778,0.0404213,0.0301919,0.0396727,0.201118,0.0420345,0,1.05625,0.0932046,2.42686,0.15403,0,0.0534682,0.643899,5.22639,0.726467,0.528238,0.483716,1.93382,0.195665,0.197781,0,0.864143,0.549843,0,-0.00181751,0.225114,0.969432,0.39999,0.0404399,0.0399601,0.00443122,0.00411327,0.465299,0.0393018,10.4018,-1.77124,8.88429,0.65109,0.404065,-9.15221,-0.333333,0.0357368,-0.090425,0.634689,3.54167,3.25,0,0,0.791667,2.83333,10.2083,-5.2194,0.0001,-0.00251803,0.0365431,1.85966,0.138505,49197,0.197309,281.79,1.37308
8537,1.48747,0.195057,0.882266,0.421574,0.00382564,0.000817196,0.00382564,0.196005,0.160672,0.504942,0.888763,0.0407405,0.0305462,0.0400009,0.205,0.0423517,0.00656566,1.06292,0.0882043,2.43416,0.158164,0,0.0539829,0.636964,5.20966,0.72433,0.520114,0.487737,1.95199,0.198448,0.201795,0,0.863679,0.444125,0,-0.00172127,0.228408,0.968913,0.390633,0.0409729,0.0405118,0.00452447,0.00416416,0.467647,0.0398516,10.3541,-2.09177,8.76578,0.65653,0.410178,-8.76154,-0.333333,0.0365125,-0.0890426,0.604892,4,2.33333,0,0,0.708333,2.16667,8.45833,-5.21767,0.0001,-0.00053178,0.0384132,1.8267,0.140237,49978,0.197354,274.87,1.23581
8538,1.63836,0.191804,0.866786,0.413557,0.00383385,0.000782542,0.00383385,0.194586,0.159039,0.505449,0.875764,0.0411781,0.0308755,0.0402925,0.20421,0.0441882,0.00565611,1.0528,0.0867764,2.4558,0.16095,0,0.0559098,0.635293,5.20162,0.723488,0.518852,0.491886,1.96451,0.195086,0.200914,0,0.844796,0.441172,0,-0.00164203,0.231286,0.967844,0.386499,0.0412636,0.0409532,0.00463155,0.00421146,0.470107,0.0401381,10.6413,-1.88111,8.94628,0.652408,0.420891,-8.85994,-0.333333,0.034785,-0.0878203,0.595841,3.70833,2.83333,0,0,0.625,2.625,8.25,-5.21424,0.0001,0.00047591,0.0388375,1.8224,0.142219,50037,0.197405,269.05,1.37042
8539,1.70579,0.191054,0.85356,0.416538,0.00390831,0.000783664,0.00390831,0.188628,0.158028,0.506318,0.861,0.04215,0.0297023,0.0411183,0.20751,0.0445376,0,1.04977,0.0855772,2.46409,0.163532,0,0.0591267,0.627608,5.14871,0.716378,0.509507,0.500474,2.00759,0.194634,0.204379,0,0.817006,0.468017,0,-0.00151161,0.239613,0.968369,0.373127,0.0421338,0.0421009,0.00492694,0.00453364,0.466882,0.0410515,10.3431,-1.68912,9.13183,0.649731,0.441591,-8.70167,-0.333333,0.0340734,-0.0835678,0.578659,4.25,2.875,0,0,0.833333,2.95833,7.70833,-5.21186,0.0001,-0.00164769,0.0396783,1.83582,0.140966,49729,0.197413,264.32,1.09817
8540,1.52201,0.192787,0.884367,0.417236,0.00377642,0.000819929,0.00377642,0.195551,0.159655,0.496257,0.891012,0.0403855,0.0316506,0.0396476,0.202523,0.0450631,0,1.06005,0.0881933,2.48245,0.15826,0,0.0549432,0.639727,5.22138,0.726096,0.526059,0.483512,1.93969,0.196136,0.199144,0,0.850684,0.481973,0,-0.00175693,0.229325,0.969056,0.395387,0.0406472,0.040099,0.00434171,0.00401393,0.465423,0.0394688,10.3569,-2.04194,8.77574,0.657234,0.410058,-8.9445,-0.333333,0.0369286,-0.0892779,0.602961,3.58333,2.75,0,0,0.75,2.375,8.95833,-5.21112,0.0001,-0.00209005,0.0408533,1.85732,0.142077,49166,0.197412,271.98,1.43431
8541,1.66748,0.192589,0.886706,0.420457,0.00384052,0.000850471,0.00384052,0.19424,0.161224,0.503341,0.894339,0.0413665,0.0300764,0.0404372,0.20546,0.0437793,0,1.0576,0.0901483,2.47442,0.160899,0,0.0574186,0.632574,5.19016,0.721464,0.518067,0.492068,1.97457,0.195422,0.202006,0,0.832308,0.490598,0,-0.00155345,0.233966,0.968669,0.386616,0.0413253,0.0411545,0.00503822,0.00464822,0.467633,0.040186,10.4649,-1.57741,9.01419,0.651484,0.42561,-9.01329,-0.333333,0.0376754,-0.0877183,0.600553,3.54167,3.25,0,0,0.833333,2.83333,7.91667,-5.21174,0.0001,-0.00120304,0.0389029,1.84128,0.14328,49534,0.197364,264.72,1.22217
8542,1.61952,0.192099,0.871276,0.421331,0.00390464,0.000780883,0.00390464,0.195337,0.161118,0.50793,0.879105,0.0420141,0.0309542,0.0410863,0.206125,0.0431769,0.00198413,1.04572,0.0874048,2.49309,0.159516,0,0.0562716,0.629835,5.15912,0.718421,0.51001,0.500372,1.99632,0.195017,0.203008,0,0.830521,0.471944,0,-0.00164437,0.228808,0.968265,0.374112,0.0420561,0.0418241,0.00427561,0.00390844,0.462764,0.0408436,10.3373,-1.9719,8.92253,0.657409,0.433224,-8.62638,-0.333333,0.0340944,-0.0869789,0.593612,4.41667,2.95833,0,0,0.833333,2.625,7.70833,-5.21356,0.0001,-0.0022564,0.0418973,1.84606,0.147991,49298,0.197346,267.88,1.38016
8543,1.54441,0.197169,0.876353,0.426167,0.00384923,0.000827669,0.00384923,0.194334,0.161719,0.511734,0.88187,0.0414104,0.0323136,0.0405209,0.204281,0.0447173,0.00378788,1.0495,0.0879138,2.4694,0.158861,0,0.0561901,0.633226,5.18716,0.721005,0.516929,0.494851,1.97281,0.201013,0.201147,0,0.850453,0.459473,0,-0.00165434,0.237132,0.968856,0.380031,0.0416338,0.0412843,0.00503525,0.00467075,0.464921,0.0404715,10.2479,-2.0601,8.84144,0.657289,0.421562,-8.6965,-0.333333,0.036626,-0.08692,0.605253,3.54167,2.16667,0,0,0.708333,2.70833,7.95833,-5.21247,0.0001,-0.00181516,0.0366895,1.82259,0.136842,50169,0.197377,266.86,1.41823
8544,1.56049,0.198216,0.917632,0.422047,0.00384707,0.000842255,0.00384707,0.197481,0.168682,0.506059,0.925574,0.0414167,0.0314008,0.0405206,0.206503,0.0423126,0.00231481,1.06141,0.0941284,2.47975,0.156411,0,0.056158,0.633518,5.18779,0.721996,0.517242,0.490768,1.96794,0.201517,0.203231,0,0.882111,0.541514,0,-0.0016547,0.23083,0.968506,0.383372,0.0414866,0.0412394,0.00461661,0.00424983,0.46631,0.0403064,10.4391,-1.95712,8.93711,0.652632,0.424066,-8.74864,-0.333333,0.0373034,-0.0885971,0.625779,4.625,2.625,0,0,0.625,2.91667,8.75,-5.21185,0.0001,-0.00187775,0.035888,1.87283,0.144567,48728,0.197389,269.26,1.74494
8545,1.46904,0.191929,0.891761,0.416104,0.00376298,0.000811428,0.00376298,0.19182,0.160366,0.498033,0.900324,0.0400725,0.0327102,0.0394144,0.200299,0.0457775,0.00208333,1.05306,0.0890586,2.4756,0.161491,0,0.054442,0.644912,5.2471,0.728702,0.527829,0.48128,1.9306,0.195005,0.196826,0,0.863278,0.502679,0,-0.00172356,0.233741,0.96926,0.397108,0.0406129,0.0398649,0.00444041,0.00413567,0.467105,0.0394093,10.4199,-2.1932,8.53353,0.663305,0.399634,-8.93482,-0.333333,0.0368564,-0.0879872,0.602063,3.5,1.875,0,0,0.333333,2.29167,9.33333,-5.21097,0.0001,-0.00131318,0.0366815,1.8504,0.146987,49216,0.197451,272.35,1.40867
8546,1.49637,0.195571,0.924864,0.418597,0.00376418,0.000815407,0.00376418,0.194906,0.168053,0.503532,0.933808,0.0401368,0.0328225,0.0393963,0.201739,0.0452544,0.00347222,1.05837,0.0951502,2.46515,0.160765,0,0.0546718,0.645027,5.24041,0.727462,0.527597,0.482928,1.93082,0.199031,0.198346,0,0.888191,0.527063,0,-0.00178323,0.234546,0.968799,0.397449,0.0404229,0.0398273,0.0049736,0.00462624,0.466429,0.03929,10.465,-2.14345,8.66408,0.659547,0.406165,-8.96679,-0.333333,0.0367429,-0.0891538,0.63343,3.16667,2.45833,0,0,0.833333,2.79167,8.875,-5.20906,0.0001,-0.00151285,0.0374109,1.85297,0.134329,49466,0.197425,272.96,1.41359
8547,1.69611,0.194144,0.880705,0.419303,0.00381577,0.000803951,0.00381577,0.195085,0.161024,0.502176,0.888238,0.0414223,0.0312333,0.0404201,0.204066,0.0416029,0.00189394,1.05754,0.0882397,2.48006,0.163486,0,0.0570329,0.639105,5.1984,0.723355,0.521144,0.488799,1.96406,0.197566,0.200915,0,0.867019,0.476108,0,-0.00165074,0.228965,0.968434,0.389012,0.0412152,0.0411253,0.00392339,0.00354911,0.463899,0.0401006,10.4127,-1.69464,9.01969,0.652276,0.429597,-9.06929,-0.333333,0.0356127,-0.0881724,0.602961,3.70833,3.66667,0,0,1.25,3.33333,8.66667,-5.21185,0.0001,-0.00253724,0.0372291,1.81243,0.139406,50364,0.197404,268.71,1.27709
8548,1.55153,0.195628,0.874094,0.426469,0.00382468,0.000821056,0.00382468,0.196219,0.15902,0.503153,0.882426,0.0410963,0.030403,0.040263,0.204192,0.04276,0.00378788,1.05613,0.0868715,2.46406,0.15687,0,0.0554288,0.635958,5.20648,0.723141,0.520105,0.488984,1.95946,0.198531,0.200781,0,0.851476,0.459146,0,-0.00164253,0.229657,0.969072,0.390654,0.0411554,0.0408361,0.00468833,0.00434576,0.465862,0.0400302,10.4005,-1.84141,8.83255,0.655786,0.417679,-8.94356,-0.333333,0.0365541,-0.0888169,0.592956,3.54167,2.95833,0,0,0.75,2.83333,8.95833,-5.21277,0.0001,-0.00180103,0.0360744,1.81038,0.131212,50630,0.197435,277.94,1.16143
8549,1.57188,0.198115,0.905386,0.426812,0.00382458,0.000795801,0.00382458,0.196965,0.163012,0.500606,0.912689,0.0404181,0.0309922,0.0396255,0.202009,0.0420159,0,1.06119,0.0900609,2.46428,0.155961,0,0.0544003,0.645191,5.24071,0.728275,0.528314,0.480495,1.9235,0.20075,0.198419,0,0.879953,0.489803,0,-0.00176422,0.225288,0.968552,0.401223,0.0404588,0.0400595,0.00467214,0.00428071,0.469973,0.0392976,10.5518,-1.83965,8.7852,0.654767,0.406683,-9.12918,-0.333333,0.0361062,-0.0904564,0.617998,3.125,2.95833,0,0,0.75,2.45833,8.79167,-5.21173,0.0001,-0.00226811,0.0387352,1.78249,0.13938,51150,0.197469,276.53,1.51624
8550,1.54587,0.197618,0.916428,0.428231,0.00379934,0.000832397,0.00379934,0.200971,0.167045,0.499464,0.923789,0.0408803,0.0313017,0.0400596,0.204745,0.0412698,0,1.06229,0.09303,2.46367,0.154797,0,0.054193,0.640616,5.21082,0.723995,0.523183,0.485913,1.94836,0.20029,0.201133,0,0.85507,0.515395,0,-0.00170981,0.222236,0.968788,0.394217,0.0408915,0.0405732,0.0046184,0.00425013,0.466438,0.0397203,10.539,-1.99847,8.75639,0.658654,0.412204,-8.9541,-0.333333,0.037346,-0.0911854,0.62405,3.25,3.16667,0,0,0.5,2.66667,8.625,-5.20994,0.0001,-0.0014555,0.0393082,1.7862,0.138923,51063,0.197525,269.51,1.16682
8551,1.55411,0.193128,0.891713,0.418873,0.00375237,0.000812264,0.00375237,0.19106,0.160733,0.5035,0.899741,0.0404002,0.0304249,0.0395629,0.202093,0.0453327,0.00699301,1.06047,0.0887399,2.45727,0.162163,0,0.0559757,0.644445,5.24486,0.727608,0.529077,0.48082,1.93089,0.19589,0.198563,0,0.849801,0.474826,0,-0.00172222,0.236573,0.969177,0.398608,0.0405319,0.040151,0.00514145,0.00476484,0.468583,0.0394867,10.4916,-1.73882,8.95374,0.648071,0.41152,-9.13941,-0.333333,0.03657,-0.0874936,0.612246,3.5,3.29167,0,0,0.458333,2.41667,8.33333,-5.20473,0.0001,-0.00185859,0.0390165,1.83609,0.141307,49713,0.197547,271.25,1.38233
8552,1.44514,0.195069,0.891219,0.424732,0.00378522,0.000846184,0.00378522,0.194875,0.161195,0.502818,0.896785,0.0403306,0.0320209,0.0395948,0.202755,0.0433017,0,1.05662,0.0882292,2.47563,0.155084,0,0.0546662,0.639728,5.2251,0.7256,0.524981,0.48387,1.93394,0.197064,0.199225,0,0.88439,0.474752,0,-0.00171687,0.231909,0.969391,0.397353,0.0406308,0.0400754,0.0049332,0.00460872,0.465256,0.0394471,10.3536,-2.00616,8.71754,0.657569,0.406141,-8.9292,-0.333333,0.0376532,-0.0889388,0.612345,3.04167,2.20833,0,0,0.375,2.58333,9.125,-5.20312,0.0001,-0.00250072,0.0400417,1.82935,0.142694,49848,0.197532,271.84,1.38837
8553,1.52304,0.188094,0.832048,0.40913,0.00387553,0.000765551,0.00387553,0.190561,0.152788,0.506958,0.837318,0.0414085,0.0310457,0.0405565,0.203713,0.0446241,0.00277778,1.03942,0.0815784,2.4561,0.159624,0,0.0562231,0.626875,5.17035,0.719381,0.513666,0.494725,1.9847,0.190569,0.200472,0,0.80625,0.402632,0,-0.00165258,0.23664,0.968857,0.379082,0.0416979,0.0412717,0.00471098,0.00435125,0.463752,0.0405077,10.1675,-1.94108,8.87587,0.656896,0.426027,-8.67501,-0.333333,0.0335648,-0.0852464,0.571945,3.70833,3.25,0,0,0.833333,2.79167,8.54167,-5.19991,0.0001,-0.00165404,0.0373175,1.90507,0.139674,48076,0.197608,269.68,1.33876
8554,1.49617,0.189124,0.863371,0.411012,0.00379714,0.000804438,0.00379714,0.192137,0.155587,0.503821,0.870315,0.0403857,0.0325539,0.0396222,0.202596,0.044458,0.00752315,1.05664,0.0865359,2.50458,0.160814,0,0.055567,0.638109,5.22394,0.725051,0.523485,0.485306,1.9467,0.192424,0.1993,0,0.802581,0.478214,0,-0.00173892,0.234339,0.968257,0.392212,0.0407897,0.0402609,0.0046373,0.00428884,0.46839,0.0395797,10.5144,-2.23377,8.72215,0.659165,0.413346,-8.71863,-0.333333,0.0362895,-0.0876311,0.594521,3.875,2.25,0,0,0.375,2.58333,8.41667,-5.19576,0.0001,-0.00125824,0.034415,1.84842,0.1377,49495,0.197622,271.98,1.13043
8555,1.4823,0.194548,0.871682,0.416209,0.00377257,0.000782632,0.00377257,0.195237,0.158622,0.504645,0.878781,0.0403338,0.0340363,0.0395921,0.201652,0.043038,0,1.05321,0.0865972,2.46816,0.155337,0,0.0544102,0.64276,5.23256,0.726392,0.526542,0.483213,1.94371,0.198331,0.198226,0,0.861873,0.436683,0,-0.00180636,0.228441,0.968467,0.392518,0.0407949,0.0400906,0.0044336,0.00408629,0.466114,0.0395266,10.4783,-2.31123,8.60384,0.664054,0.408416,-8.80358,-0.333333,0.0351979,-0.0887704,0.597647,4,2.58333,0,0,0.583333,2.08333,8.83333,-5.19386,0.0001,-0.00169763,0.03654,1.8275,0.147237,49780,0.197682,270.12,1.36074
8556,1.45984,0.194463,0.892753,0.420572,0.00379423,0.000785047,0.00379423,0.19444,0.162912,0.504115,0.8993,0.0402507,0.0345788,0.0395298,0.202036,0.0459353,0.0045078,1.05123,0.0896729,2.46477,0.159671,0,0.0541829,0.646104,5.22126,0.725439,0.523866,0.487644,1.947,0.197121,0.198616,0,0.8552,0.489927,0,-0.00178357,0.235472,0.968119,0.387977,0.040912,0.0401276,0.00528908,0.00495742,0.466862,0.0396858,10.4178,-2.54659,8.52521,0.668021,0.407983,-8.63512,-0.333333,0.0350302,-0.0882246,0.609425,4.125,2.08333,0,0,0.291667,2.25,9.125,-5.18889,0.0001,-0.000767919,0.0345564,1.8517,0.139646,49365,0.197738,270.8,1.32729
8557,1.46953,0.193706,0.903253,0.416588,0.00379922,0.00077631,0.00379922,0.194681,0.16411,0.499325,0.909455,0.0405417,0.03468,0.0397976,0.201485,0.0434629,0.00320513,1.04841,0.0909178,2.44376,0.161214,0,0.0544719,0.642887,5.21387,0.724508,0.523211,0.486032,1.94419,0.196505,0.198012,0,0.862969,0.526561,0,-0.00178003,0.231295,0.968422,0.389488,0.0410168,0.0402933,0.00479232,0.00444605,0.464432,0.0397404,10.4178,-2.3802,8.56146,0.667031,0.409587,-8.74744,-0.333333,0.0349483,-0.0885914,0.613454,3.83333,2.54167,0,0,0.416667,2.58333,8.58333,-5.18367,0.0001,-0.00254047,0.0379413,1.86,0.138838,49180,0.197834,258.79,1.10005
8558,1.42753,0.197421,0.902559,0.421222,0.00381469,0.000798104,0.00381469,0.195881,0.165342,0.50458,0.910895,0.0405515,0.0337882,0.0398312,0.20372,0.0432721,0,1.05375,0.0906163,2.4383,0.154473,0,0.0538292,0.642433,5.21516,0.723846,0.521283,0.487411,1.95358,0.20072,0.20026,0,0.883547,0.480613,0,-0.00174784,0.230547,0.968809,0.387304,0.0411031,0.040362,0.00487616,0.00453785,0.466935,0.0398976,10.3518,-2.43346,8.55803,0.665933,0.409838,-8.65352,-0.333333,0.035214,-0.0884434,0.616958,4.08333,2.29167,0,0,0.125,2.625,9.08333,-5.17778,0.0001,-0.00229613,0.0369531,1.83983,0.136731,49734,0.197939,263.3,1.34797
8559,1.49691,0.194723,0.90134,0.419182,0.00376853,0.000750109,0.00376853,0.193902,0.162787,0.497137,0.907761,0.0401962,0.0348998,0.0394438,0.201151,0.044625,0.00721289,1.05353,0.0902092,2.46438,0.158731,0,0.0549123,0.644769,5.2287,0.727307,0.527049,0.481106,1.92704,0.197732,0.197838,0,0.856254,0.49361,0,-0.00177454,0.232489,0.968899,0.392355,0.0407514,0.0400028,0.00441389,0.00410171,0.464308,0.0394973,10.2841,-2.33192,8.61745,0.664406,0.409614,-8.80097,-0.333333,0.0340874,-0.0884362,0.613135,4.20833,2.875,0,0,0.416667,2.33333,10,-5.17548,0.0001,-0.00181994,0.0353292,1.85229,0.14169,49300,0.197973,274.39,1.33427
8560,1.44361,0.195964,0.879558,0.426999,0.00379244,0.000834733,0.00379244,0.195881,0.158719,0.504992,0.888109,0.040263,0.0346379,0.0395854,0.202518,0.0417837,0,1.05669,0.0868097,2.48226,0.151402,0,0.0524793,0.645284,5.24127,0.72688,0.524087,0.485318,1.94305,0.199603,0.199113,0,0.849916,0.477281,0,-0.00178319,0.227747,0.969036,0.393184,0.0407586,0.0400328,0.00470205,0.00437635,0.466491,0.0395354,10.3333,-2.45585,8.51669,0.665276,0.403503,-8.71411,-0.333333,0.0371375,-0.0895859,0.602697,3.54167,2.29167,0,0,0.291667,2.41667,8.58333,-5.1761,0.0001,-0.00162701,0.0346538,1.83873,0.14124,49649,0.198034,277.59,1.26244
8561,1.48608,0.194444,0.891512,0.418534,0.00377262,0.000787945,0.00377262,0.195046,0.161239,0.495893,0.900076,0.0403228,0.033446,0.0396101,0.201767,0.0416387,0.00245098,1.05533,0.0883565,2.49952,0.154907,0,0.0536684,0.641832,5.23129,0.725741,0.526536,0.48329,1.93818,0.198278,0.198235,0,0.858579,0.485566,0,-0.00175932,0.226782,0.9691,0.396501,0.0407067,0.0401273,0.00423966,0.00389781,0.463756,0.0394741,10.3913,-2.32925,8.57522,0.663221,0.406416,-8.82002,-0.333333,0.0352128,-0.0891447,0.600909,3.625,2.29167,0,0,0.291667,2.16667,9.04167,-5.17373,0.0001,-0.00182286,0.0382505,1.85788,0.142986,49130,0.198075,269.82,1.27745
8562,1.5505,0.192229,0.882694,0.414046,0.00380843,0.00075066,0.00380843,0.18894,0.16002,0.506299,0.89134,0.040742,0.0324694,0.0399037,0.201782,0.0446301,0,1.05113,0.0886033,2.48374,0.161752,0,0.0571084,0.63598,5.20534,0.723958,0.522092,0.48568,1.95092,0.195708,0.198572,0,0.845095,0.471803,0,-0.00162681,0.236096,0.969242,0.390181,0.0409907,0.0406516,0.00424645,0.00397121,0.465741,0.0398566,10.2297,-1.98485,8.84493,0.654844,0.418325,-8.83113,-0.333333,0.0340375,-0.0862119,0.605014,3.70833,2.95833,0,0,0.583333,2.5,8.25,-5.17379,0.0001,-0.00179178,0.0388995,1.85023,0.148506,49183,0.198036,268.37,1.51634
8563,1.51793,0.190842,0.882833,0.412045,0.00381365,0.000760098,0.00381365,0.192373,0.159337,0.500335,0.891661,0.0406815,0.033116,0.0398862,0.202525,0.0426677,0.00245098,1.05144,0.0889518,2.48594,0.161893,0,0.0553975,0.639429,5.21298,0.724292,0.521459,0.485801,1.94588,0.193768,0.199013,0,0.825057,0.518957,0,-0.00170694,0.231339,0.96942,0.390323,0.0409793,0.0404721,0.00429234,0.00395467,0.463604,0.0397992,10.2441,-2.03857,8.76142,0.656487,0.414083,-8.83096,-0.333333,0.0348045,-0.0878202,0.595238,3.41667,2.5,0,0,0.416667,2.45833,8.04167,-5.17638,0.0001,-0.00156332,0.0369053,1.87595,0.138962,48788,0.198042,266.75,1.18167
8564,1.47561,0.19107,0.85387,0.410447,0.00382738,0.000730185,0.00382738,0.191934,0.154926,0.503854,0.860605,0.0409486,0.031725,0.0401191,0.202488,0.0424055,0.00378788,1.04808,0.0852023,2.50507,0.158952,0,0.0556855,0.635345,5.20681,0.722839,0.519673,0.489986,1.96285,0.193949,0.199034,0,0.831952,0.445807,0,-0.00163502,0.233168,0.969911,0.389067,0.0411844,0.0408255,0.00456847,0.00425196,0.462965,0.0400367,10.0238,-1.95453,8.78483,0.656413,0.414947,-8.79682,-0.333333,0.032913,-0.0868676,0.584097,3.08333,2.54167,0,0,0.5,3.08333,8.41667,-5.17603,0.0001,-0.00139881,0.0352329,1.87214,0.146817,48690,0.198104,268.18,0.914965
8565,1.43161,0.191893,0.875615,0.417263,0.00385021,0.000763367,0.00385021,0.190258,0.160426,0.501529,0.881572,0.0406852,0.033283,0.0399756,0.201981,0.0449594,0.00260417,1.0402,0.0868461,2.47837,0.163134,0,0.0551318,0.636732,5.19562,0.720985,0.516939,0.492063,1.97495,0.19418,0.198528,0,0.834492,0.475601,0,-0.00166755,0.235291,0.969278,0.384536,0.0413146,0.0406618,0.00434349,0.00403024,0.46276,0.0400867,10.0916,-2.50113,8.48448,0.669876,0.411488,-8.51915,-0.333333,0.0336655,-0.0857074,0.592543,4.58333,2.41667,0,0,0.333333,2.45833,9.79167,-5.17615,0.0001,-0.00261672,0.0379159,1.83839,0.133074,49863,0.198111,270.47,1.33108
8566,1.36367,0.200797,0.926807,0.425102,0.00376806,0.000774722,0.00376806,0.201224,0.168464,0.499574,0.93372,0.0399188,0.0344104,0.0392793,0.203629,0.0425817,0.00245098,1.06608,0.0936504,2.48823,0.152677,0,0.0531442,0.644941,5.23415,0.72649,0.527108,0.482876,1.93395,0.204032,0.200243,0,0.890958,0.536004,0,-0.00174963,0.226515,0.969178,0.396546,0.0405896,0.0398449,0.00468445,0.00436609,0.46575,0.0393031,10.2349,-2.75725,8.39773,0.6695,0.39998,-8.59078,-0.333333,0.0350292,-0.0916015,0.62582,3.79167,2.04167,0,0,0.291667,2.625,9.54167,-5.17655,0.0001,-0.00235785,0.0366956,1.79046,0.139977,50923,0.198132,270.07,1.46146
8567,1.52529,0.192048,0.875321,0.414946,0.0038076,0.000792028,0.0038076,0.194234,0.160155,0.501387,0.883144,0.0406634,0.0347279,0.0398919,0.202859,0.0436615,0,1.05355,0.0872266,2.50183,0.158638,0,0.0547723,0.643076,5.21296,0.724527,0.522156,0.48726,1.94936,0.195382,0.199537,0,0.856339,0.444165,0,-0.00171228,0.231266,0.968862,0.386941,0.0412491,0.0405678,0.00461905,0.00430724,0.466133,0.0399607,10.2137,-2.43398,8.5524,0.669869,0.411985,-8.6626,-0.333333,0.035329,-0.0880931,0.589339,4.125,2.58333,0,0,0.208333,1.95833,8.75,-5.1749,0.0001,-0.00169011,0.034596,1.7763,0.132233,51507,0.198151,263.46,1.04499
8568,1.51519,0.197261,0.9081,0.418218,0.00378567,0.000722326,0.00378567,0.197421,0.165107,0.502672,0.916498,0.0406006,0.0344487,0.0397927,0.202285,0.041318,0,1.0548,0.0914537,2.4967,0.157879,0,0.0541229,0.643706,5.22593,0.725497,0.524907,0.486079,1.94133,0.200583,0.199005,0,0.883048,0.496444,0,-0.00174878,0.225597,0.968619,0.391955,0.04098,0.0404529,0.0039161,0.0036112,0.46273,0.0396912,10.2853,-2.42823,8.59071,0.668318,0.409414,-8.75128,-0.333333,0.0327288,-0.0895181,0.615112,3.625,2.33333,0,0,0.416667,2.20833,8.70833,-5.17327,0.0001,0.0038507,0.0390526,1.75918,0.136645,51852,0.198169,270.01,1.29949
8569,1.45025,0.195055,0.904608,0.414093,0.00377849,0.000737447,0.00377849,0.198842,0.164566,0.50077,0.911869,0.0400191,0.0345355,0.0393367,0.200063,0.0428749,0.00545635,1.04716,0.0914247,2.47172,0.162734,0,0.0530942,0.646565,5.23912,0.727412,0.525915,0.48231,1.93565,0.19804,0.196661,0,0.874493,0.494976,0,-0.00174849,0.226697,0.968199,0.396729,0.0405437,0.0398226,0.00383666,0.00353254,0.466572,0.0392845,10.5694,-2.44944,8.44853,0.670956,0.40129,-8.76842,-0.333333,0.0332989,-0.0904741,0.61679,3.75,2.20833,0,0,0.541667,2.16667,8.45833,-5.1708,0.0001,-0.00253589,0.0369953,1.78144,0.131306,51394,0.198245,275.22,1.46293
8570,1.5092,0.190054,0.869258,0.417746,0.0038532,0.000753727,0.0038532,0.18993,0.157583,0.507251,0.876094,0.0412093,0.0329757,0.0403342,0.204478,0.0456423,0.00297619,1.05113,0.0868577,2.46662,0.163398,0,0.0559968,0.631717,5.18594,0.720663,0.516477,0.492945,1.97328,0.192977,0.201204,0,0.806218,0.477421,0,-0.00162041,0.235895,0.968858,0.381179,0.0415408,0.0410707,0.00474689,0.00438707,0.466121,0.0403768,10.3391,-2.01517,8.78111,0.661103,0.421654,-8.76691,-0.333333,0.0336568,-0.085795,0.595541,3.91667,2.58333,0,0,0.75,3.25,8.95833,-5.1659,0.0001,-0.00139636,0.0358222,1.7903,0.13431,51077,0.198285,267.63,1.26443
8571,1.51396,0.195771,0.898631,0.421343,0.00378907,0.000803722,0.00378907,0.196713,0.162764,0.500154,0.907547,0.0405827,0.0329276,0.0397919,0.202017,0.0431674,0.00219298,1.05504,0.0910167,2.46669,0.156032,0,0.0541756,0.64029,5.22482,0.725074,0.524471,0.485404,1.9505,0.198865,0.198532,0,0.847197,0.519582,0,-0.0017182,0.229718,0.969702,0.391978,0.0409398,0.0403519,0.00435576,0.00406339,0.464364,0.0397372,10.3145,-1.97075,8.75303,0.657599,0.409832,-8.94079,-0.333333,0.0365132,-0.0895784,0.608373,3.5,2.54167,0,0,0.5,2.79167,9.45833,-5.16422,0.0001,-0.00171418,0.0320686,1.7845,0.130778,51326,0.198304,275.39,1.32277
8572,1.52247,0.193038,0.892317,0.418354,0.00378846,0.000775791,0.00378846,0.197002,0.161173,0.498393,0.899122,0.0405829,0.0317939,0.0397753,0.203194,0.0418278,0,1.05841,0.0889216,2.44378,0.156629,0,0.0538999,0.644757,5.22841,0.726162,0.524548,0.483874,1.93599,0.195692,0.199708,0,0.849318,0.500297,0,-0.00173716,0.224824,0.96964,0.394948,0.0407806,0.0402888,0.00433543,0.00397819,0.462757,0.0396135,10.2736,-2.03261,8.75147,0.657958,0.410759,-8.91917,-0.333333,0.0350909,-0.0898998,0.602716,3.20833,2.5,0,0,0.666667,1.95833,8.625,-5.16484,0.0001,-0.00122949,0.0338058,1.74775,0.132434,52284,0.198266,271.12,1.27583
8573,1.50085,0.193039,0.899373,0.416734,0.00373138,0.000822292,0.00373138,0.194877,0.162092,0.495232,0.906149,0.0396193,0.0322971,0.038937,0.201546,0.0435069,0,1.06381,0.090111,2.45718,0.15821,0,0.0533303,0.64894,5.26457,0.730766,0.531712,0.476538,1.90498,0.195896,0.198029,0,0.876924,0.465246,0,-0.00179964,0.230541,0.969274,0.403844,0.0400428,0.039408,0.00429619,0.00394936,0.468129,0.0388705,10.4796,-2.29398,8.61078,0.658449,0.399221,-8.90725,-0.333333,0.037397,-0.0896183,0.607241,3.54167,2.16667,0,0,0.416667,2.41667,9.41667,-5.1675,0.0001,-0.00323765,0.0370473,1.77853,0.129779,51513,0.198235,276.4,1.38571
8574,1.47241,0.195102,0.897702,0.41588,0.00384857,0.000770927,0.00384857,0.196555,0.165086,0.500191,0.905062,0.0408262,0.0333935,0.0400843,0.202306,0.0423112,0.00277778,1.04122,0.0911231,2.47556,0.161673,0,0.0542165,0.636651,5.19561,0.722551,0.517011,0.490539,1.96432,0.198435,0.199082,0,0.83971,0.501546,0,-0.0017234,0.228543,0.968634,0.385184,0.0412737,0.0407038,0.00416591,0.00383672,0.464995,0.0399989,10.3253,-2.45448,8.57175,0.667227,0.412698,-8.49489,-0.333333,0.0341341,-0.0883867,0.603704,4.16667,2.04167,0,0,0.583333,2.33333,8.54167,-5.16799,0.0001,-0.00349189,0.0405759,1.77902,0.137738,51286,0.198258,263.98,1.06038
8575,1.44162,0.189411,0.869913,0.415537,0.00377323,0.000725596,0.00377323,0.19161,0.156422,0.501939,0.876986,0.0400247,0.0330523,0.03936,0.199991,0.0447272,0,1.04578,0.0845582,2.48572,0.16031,0,0.0528501,0.643188,5.23547,0.727495,0.526581,0.481761,1.93221,0.192395,0.196516,0,0.844356,0.466778,0,-0.00179706,0.226038,0.968743,0.397,0.0405097,0.0397503,0.0038703,0.00351248,0.465781,0.0392212,10.5065,-2.31103,8.52162,0.666345,0.399595,-8.85018,-0.333333,0.0326014,-0.0878129,0.593792,2.875,1.875,0,0,0.25,1.83333,8.29167,-5.1681,0.0001,-0.0030582,0.0315629,1.78384,0.13668,51186,0.198276,277.69,1.28306
8576,1.57697,0.194657,0.890036,0.418931,0.00382975,0.000747291,0.00382975,0.192691,0.16432,0.505102,0.899506,0.0410525,0.0329615,0.0401677,0.202596,0.0442435,0.00245098,1.04298,0.0904232,2.45203,0.160274,0,0.0557948,0.637811,5.19756,0.723219,0.519366,0.489358,1.95587,0.198299,0.199321,0,0.860578,0.46349,0,-0.00167223,0.234004,0.96873,0.38374,0.0413814,0.0409618,0.00467193,0.00433907,0.4666,0.0401784,10.3256,-2.23195,8.74072,0.662328,0.421279,-8.67169,-0.333333,0.0330577,-0.0864995,0.605663,4.58333,2.91667,0,0,0.5,2.41667,9,-5.17039,0.0001,-0.00311971,0.0325099,1.78148,0.128234,51475,0.19827,269.97,1.40403
8577,1.43115,0.195366,0.903211,0.422856,0.00372719,0.000782214,0.00372719,0.193618,0.16266,0.5015,0.910739,0.0396417,0.033007,0.0389932,0.198146,0.0444888,0.00320513,1.04833,0.0899545,2.48734,0.156047,0,0.0529437,0.649758,5.26284,0.730623,0.532237,0.4785,1.91266,0.198353,0.19442,0,0.884729,0.469069,0,-0.00182713,0.229547,0.969959,0.403301,0.0401069,0.0393592,0.00454281,0.00423761,0.466534,0.0389615,10.2893,-2.18111,8.63452,0.65777,0.398401,-9.00897,-0.333333,0.0357001,-0.0889994,0.617973,3.625,2.83333,0,0,0.666667,2.125,9.41667,-5.17068,0.0001,-0.00128124,0.0352043,1.80444,0.135981,50661,0.198255,277.9,1.27123
8578,1.57532,0.194463,0.916278,0.420933,0.00377724,0.000761575,0.00377724,0.193041,0.165693,0.494997,0.922625,0.0401832,0.0325952,0.0394411,0.201034,0.0449632,0.00231481,1.0503,0.091864,2.48194,0.158647,0,0.0539865,0.643548,5.23572,0.727673,0.525956,0.481128,1.92445,0.197205,0.197518,0,0.858456,0.521105,0,-0.00172916,0.230486,0.969548,0.394966,0.0405909,0.0399456,0.00464063,0.00430681,0.467606,0.0393855,10.3337,-2.11592,8.70969,0.658815,0.408463,-8.89342,-0.333333,0.034043,-0.0881409,0.608836,4,2.79167,0,0,0.916667,2.5,9.66667,-5.17075,0.0001,-0.00148053,0.0362819,1.7599,0.135559,51862,0.198226,270.75,1.17396
8579,1.56449,0.193948,0.900292,0.417833,0.00377365,0.000756859,0.00377365,0.195279,0.162978,0.500677,0.907038,0.0403987,0.0311424,0.0396188,0.200869,0.0455872,0,1.04999,0.0899637,2.47816,0.158274,0,0.0545977,0.646751,5.24734,0.727858,0.526453,0.482358,1.93422,0.196561,0.197271,0,0.869044,0.485061,0,-0.00177299,0.2269,0.96976,0.395569,0.0406456,0.0400683,0.00412988,0.00382598,0.463495,0.0394302,10.2948,-1.9575,8.75316,0.657299,0.408878,-9.01351,-0.333333,0.0340752,-0.0890605,0.613265,3.70833,3.08333,0,0,0.625,2.125,8.5,-5.16965,0.0001,-0.00103931,0.0378437,1.76916,0.139387,51507,0.19824,274.26,1.33036
8580,1.56206,0.195193,0.892711,0.417582,0.00381473,0.000757644,0.00381473,0.194898,0.164181,0.497319,0.901305,0.0407295,0.0320896,0.0399137,0.203241,0.0464594,0.00297619,1.05059,0.0886615,2.50418,0.164905,0,0.0555505,0.63922,5.22028,0.725234,0.521298,0.486466,1.94847,0.198271,0.199922,0,0.884034,0.48548,0,-0.00168761,0.23064,0.968962,0.388694,0.0410112,0.0405764,0.00415992,0.00383683,0.465551,0.0398226,10.3535,-2.1886,8.73917,0.660846,0.417083,-8.7596,-0.333333,0.0333598,-0.0876931,0.599634,3.75,2.625,0,0,0.416667,2.66667,8.66667,-5.16754,0.0001,-0.000950636,0.0336373,1.75066,0.126991,52354,0.198249,273.67,1.45163
8581,1.55408,0.19769,0.898449,0.425352,0.00378494,0.000816363,0.00378494,0.199016,0.163091,0.502267,0.905836,0.0405212,0.0331387,0.0396972,0.205366,0.0432567,0,1.0689,0.0909513,2.50176,0.155731,0,0.0540489,0.644988,5.23033,0.726771,0.525043,0.483895,1.93152,0.20104,0.201842,0,0.853489,0.507543,0,-0.00180327,0.228156,0.968948,0.39165,0.0407571,0.0402344,0.00472001,0.00431926,0.465181,0.0395488,10.4293,-2.10937,8.7214,0.661037,0.411085,-8.91254,-0.333333,0.0368239,-0.0905339,0.613814,3.66667,3,0,0,0.541667,2.41667,8.58333,-5.16586,0.0001,-0.00195056,0.033204,1.77577,0.132289,51520,0.198306,272.08,1.23403
8582,1.57897,0.192802,0.875536,0.410788,0.00380571,0.000743459,0.00380571,0.194286,0.158739,0.501671,0.884738,0.0405865,0.0322531,0.0397575,0.202307,0.0452536,0.00297619,1.05309,0.0880301,2.45749,0.158435,0,0.0544779,0.641106,5.22447,0.726026,0.522438,0.485594,1.94442,0.195894,0.198869,0,0.841296,0.437483,0,-0.00164247,0.231698,0.968544,0.389465,0.0409652,0.0403678,0.0046675,0.00429502,0.464266,0.0397664,10.429,-2.04375,8.73307,0.661074,0.413791,-8.89886,-0.333333,0.0334357,-0.088447,0.594732,3.25,2.875,0,0,0.916667,2.45833,8.29167,-5.16218,0.0001,-0.00114294,0.0321027,1.76097,0.131997,51931,0.198372,272.51,1.18109
8583,1.43757,0.197596,0.934794,0.419895,0.0037191,0.000727137,0.0037191,0.195729,0.168369,0.496653,0.940756,0.0394592,0.0338176,0.0388358,0.198513,0.0440839,0.00378788,1.05224,0.0931408,2.48708,0.152827,0,0.0519779,0.649479,5.27566,0.733392,0.533253,0.475484,1.89308,0.200609,0.194979,0,0.905196,0.509894,0,-0.00181628,0.225641,0.969883,0.401154,0.0401629,0.0391987,0.00419144,0.00388903,0.465927,0.0388825,10.2429,-2.35663,8.51295,0.66454,0.395364,-8.94822,-0.333333,0.0331138,-0.0901081,0.634305,3.58333,2.33333,0,0,0.5,2.29167,9.66667,-5.16024,0.0001,-0.00275564,0.0336154,1.75967,0.134883,51887,0.198364,272.26,1.50112
8584,1.44796,0.194171,0.900389,0.413867,0.00377013,0.000749404,0.00377013,0.191442,0.162439,0.502745,0.907045,0.0399678,0.0329208,0.0392892,0.202395,0.0458158,0.00260417,1.05909,0.0906169,2.47338,0.159383,0,0.0548102,0.642632,5.23476,0.727541,0.526848,0.482342,1.92042,0.197098,0.198821,0,0.858598,0.496918,0,-0.00180028,0.236897,0.969754,0.39393,0.0404909,0.0397708,0.00457313,0.00426199,0.463249,0.0393093,10.2933,-2.24083,8.632,0.660676,0.40337,-8.83243,-0.333333,0.033872,-0.0876167,0.614796,3.83333,2.375,0,0,0.291667,2,9.16667,-5.16337,0.0001,-0.00156242,0.0370133,1.75007,0.136388,52110,0.198371,272.75,1.29835
8585,1.55719,0.193623,0.893632,0.419673,0.00383508,0.000781718,0.00383508,0.194696,0.162617,0.499819,0.900033,0.0408562,0.0319401,0.0400254,0.204915,0.0424792,0.00189394,1.05724,0.0896294,2.48065,0.158337,0,0.0537417,0.638734,5.20101,0.723591,0.518795,0.488641,1.95436,0.196453,0.201434,0,0.861152,0.511835,0,-0.00167242,0.227159,0.968386,0.387034,0.0410779,0.0406292,0.00443911,0.0040289,0.465591,0.0398276,10.5436,-2.09099,8.76495,0.660379,0.419847,-8.79161,-0.333333,0.0347471,-0.0883549,0.606141,3.54167,2.75,0,0,0.666667,2.66667,8.91667,-5.16329,0.0001,-0.00124359,0.0371329,1.78003,0.14194,51147,0.19839,276.32,1.18048
8586,1.60125,0.192878,0.907751,0.409397,0.0038157,0.000732222,0.0038157,0.192671,0.165459,0.499984,0.915198,0.0406096,0.0334005,0.0397902,0.201831,0.0462093,0,1.04755,0.0922068,2.45798,0.160972,0,0.0554695,0.636224,5.21517,0.724339,0.521314,0.486884,1.94885,0.196365,0.198417,0,0.865816,0.517638,0,-0.00171196,0.235311,0.968867,0.386171,0.0410434,0.0403772,0.00431159,0.00392826,0.463235,0.0397845,10.3313,-2.06176,8.74339,0.661616,0.420901,-8.80498,-0.333333,0.0328077,-0.0875152,0.615867,4.33333,3.16667,0,0,0.666667,2.375,8.5,-5.16368,0.0001,-0.00129142,0.0358301,1.75542,0.136604,51957,0.198395,273.07,1.42629
8587,1.55887,0.197345,0.901571,0.413404,0.00383712,0.000743952,0.00383712,0.196365,0.166825,0.502972,0.906513,0.040977,0.0331193,0.0401271,0.204643,0.0413618,0.00208333,1.05473,0.0908428,2.46937,0.156955,0,0.0548925,0.638934,5.20383,0.723959,0.518511,0.489632,1.95788,0.200043,0.201409,0,0.886117,0.49454,0,-0.00170693,0.228457,0.969127,0.384288,0.0412684,0.0407928,0.00398688,0.00363922,0.463665,0.0400221,10.2137,-2.17031,8.78063,0.660262,0.423979,-8.70266,-0.333333,0.0329287,-0.0881643,0.611924,3.83333,3.04167,0,0,0.416667,2.5,8.375,-5.16517,0.0001,-0.00173107,0.0359481,1.73491,0.140918,52405,0.198369,269.1,1.34358
8588,1.53883,0.196694,0.906046,0.421931,0.00382651,0.000771826,0.00382651,0.196102,0.166182,0.504832,0.913547,0.0408453,0.0327288,0.0400134,0.205472,0.0434275,0.00505952,1.05961,0.091472,2.43683,0.157747,0,0.0549502,0.637103,5.19759,0.724153,0.519778,0.489086,1.95092,0.199832,0.202192,0,0.862589,0.493965,0,-0.00168785,0.230606,0.969367,0.384775,0.0412017,0.0406882,0.00450441,0.00415954,0.462759,0.0399748,10.1122,-2.20215,8.82505,0.657104,0.423679,-8.64579,-0.333333,0.0344563,-0.0884691,0.614974,4.125,2.91667,0,0,0.708333,3.29167,8.66667,-5.16826,0.0001,-0.00141219,0.0324151,1.77096,0.131024,51685,0.198328,272.48,1.3237
8589,1.55603,0.192869,0.87723,0.413605,0.00383553,0.000764642,0.00383553,0.191595,0.162378,0.503366,0.886567,0.0409166,0.0329673,0.0400515,0.203943,0.042669,0,1.04905,0.0883287,2.47272,0.153486,0,0.0552534,0.638461,5.20387,0.723342,0.518641,0.491774,1.95937,0.196167,0.200776,0,0.864686,0.454431,0,-0.00168196,0.23499,0.970057,0.382779,0.0412414,0.0408214,0.0044978,0.00419455,0.463488,0.04002,9.93314,-2.10721,8.9146,0.652689,0.422662,-8.63238,-0.333333,0.033655,-0.0857257,0.596209,4.75,2.875,0,0,0.416667,2.95833,8.79167,-5.16851,0.0001,-0.00121854,0.0385236,1.76295,0.135537,51780,0.198349,273.59,1.46353
8590,1.34986,0.189575,0.896873,0.411693,0.00373662,0.000739428,0.00373662,0.186501,0.160565,0.495445,0.904976,0.03928,0.0336535,0.0387511,0.197423,0.0449306,0,1.04195,0.0890355,2.47422,0.156438,0,0.0525538,0.650147,5.27135,0.732062,0.531054,0.478361,1.90107,0.192115,0.193779,0,0.87027,0.481122,0,-0.00181879,0.238538,0.970516,0.400104,0.0401001,0.0390897,0.00475331,0.00445874,0.46316,0.0389219,10.1935,-2.36659,8.47797,0.662021,0.391022,-8.83774,-0.333333,0.0337519,-0.0861615,0.604215,3.16667,1.83333,0,0,0.333333,2.33333,9.54167,-5.16694,0.0001,-0.00208127,0.0372774,1.73905,0.132993,52511,0.198361,272.58,1.42371
8591,1.47303,0.194236,0.898226,0.416005,0.00381634,0.000819156,0.00381634,0.192847,0.163428,0.506026,0.905844,0.0406526,0.0327164,0.039887,0.204299,0.0445877,0.00231481,1.0582,0.0910268,2.46188,0.160146,0,0.0558128,0.641456,5.21749,0.724969,0.521101,0.488522,1.95379,0.197574,0.201004,0,0.853257,0.508162,0,-0.0016624,0.234382,0.969737,0.386969,0.0411141,0.0405209,0.00453629,0.00420211,0.462986,0.0399177,10.157,-2.11018,8.77328,0.657376,0.41297,-8.75267,-0.333333,0.0362952,-0.087533,0.613533,3.95833,2.66667,0,0,0.666667,2.08333,8.875,-5.16649,0.0001,-0.00258982,0.0379043,1.76742,0.137482,51605,0.198394,270.07,1.45853
8592,1.57574,0.196295,0.88454,0.417077,0.00383991,0.000794357,0.00383991,0.194676,0.162564,0.498451,0.891768,0.0407955,0.0323442,0.0400331,0.204848,0.0443117,0.00347222,1.05657,0.0893006,2.44381,0.155686,0,0.0543545,0.640177,5.21153,0.723707,0.518195,0.490519,1.9619,0.199602,0.201466,0,0.865504,0.465857,0,-0.00167443,0.233332,0.969954,0.384679,0.0412158,0.0406283,0.00409719,0.00377016,0.461997,0.0400294,10.1122,-2.05945,8.7779,0.655704,0.415649,-8.69617,-0.333333,0.0352447,-0.0876463,0.59692,4.125,2.45833,0,0,0.458333,2.04167,8.45833,-5.16645,0.0001,-0.001781,0.035462,1.75951,0.124311,52183,0.198388,269.55,1.26635
8593,1.59,0.193071,0.87939,0.419155,0.00383619,0.000795692,0.00383619,0.19606,0.160768,0.505141,0.885918,0.0412421,0.031544,0.040329,0.206286,0.0419471,0.00320513,1.06258,0.0877197,2.46903,0.157158,0,0.0561573,0.638207,5.18943,0.72189,0.518558,0.49198,1.96461,0.195907,0.203049,0,0.838623,0.483865,0,-0.00165668,0.228313,0.969323,0.384546,0.0413354,0.0410421,0.00448713,0.00412444,0.463538,0.0401371,10.2789,-1.79985,9.00726,0.650381,0.42538,-8.86157,-0.333333,0.0351905,-0.0881945,0.596201,3.29167,3.125,0,0,0.583333,2.54167,7.91667,-5.16746,0.0001,0.000509229,0.0368699,1.7514,0.131562,52207,0.198386,271.2,1.36149
8594,1.58808,0.194393,0.897463,0.415632,0.0038058,0.0007505,0.0038058,0.190471,0.163515,0.50088,0.904421,0.0407853,0.0312584,0.039928,0.202138,0.0463129,0.00260417,1.0503,0.0908951,2.43644,0.158345,0,0.05602,0.639516,5.21062,0.724511,0.52245,0.488574,1.94736,0.196892,0.19876,0,0.865597,0.516663,0,-0.00166285,0.239759,0.970196,0.388108,0.0410183,0.040584,0.00515481,0.004803,0.46329,0.0399335,10.1263,-1.74771,8.98156,0.647699,0.415978,-8.94796,-0.333333,0.0337809,-0.0863428,0.609062,4.08333,3.20833,0,0,0.75,2.625,9.375,-5.16676,0.0001,-0.00135047,0.0335807,1.73589,0.136516,52501,0.198355,269.54,1.39057
8595,1.60081,0.194381,0.891889,0.416598,0.0038031,0.000826985,0.0038031,0.194146,0.162767,0.50018,0.898257,0.040955,0.0299514,0.0400705,0.205104,0.0439862,0.00219298,1.06419,0.0904995,2.48402,0.161815,0,0.0560987,0.639193,5.20636,0.72452,0.522719,0.487554,1.94571,0.197331,0.201654,0,0.837014,0.490447,0,-0.00163794,0.232011,0.970378,0.391538,0.0409425,0.040724,0.00417586,0.00380088,0.462545,0.0398481,10.1407,-1.47831,9.11949,0.642458,0.418592,-9.08058,-0.333333,0.0365975,-0.0879055,0.605554,3.79167,3.375,0,0,1.125,3.125,8.08333,-5.16869,0.0001,-0.00174984,0.0358728,1.75983,0.131506,51975,0.198357,268.25,1.54718
8596,1.67907,0.19854,0.911143,0.419812,0.00380403,0.000807745,0.00380403,0.19515,0.166884,0.502233,0.918794,0.0411604,0.0298096,0.0402244,0.204465,0.0422215,0,1.06094,0.0922045,2.45975,0.154864,0,0.0546052,0.641819,5.20575,0.724217,0.52263,0.489237,1.95351,0.200894,0.201283,0,0.879902,0.501437,0,-0.00164622,0.229331,0.970641,0.388817,0.0411504,0.0409413,0.004344,0.00397385,0.462103,0.0400811,10.1131,-1.4771,9.20163,0.639167,0.422608,-9.05088,-0.333333,0.0358281,-0.0880645,0.618908,3.41667,2.79167,0,0,1.29167,2.70833,8.20833,-5.16792,0.0001,-0.00252968,0.0357731,1.78984,0.132349,51141,0.198374,262.06,1.20046
8597,1.72208,0.195939,0.869114,0.423246,0.00385453,0.000802786,0.00385453,0.193202,0.159915,0.502439,0.874254,0.0416225,0.02811,0.0406165,0.206468,0.0425087,0.00260417,1.06024,0.08641,2.47848,0.157717,0,0.0565158,0.633444,5.17705,0.720686,0.516288,0.494209,1.9741,0.198425,0.203179,0,0.843335,0.465558,0,-0.00152914,0.234076,0.969842,0.38552,0.0413946,0.0414609,0.00510989,0.00468427,0.465296,0.0403875,10.3289,-1.21108,9.38042,0.63348,0.434526,-9.02012,-0.333333,0.0356459,-0.0865699,0.589229,3.41667,3.54167,0,0,0.916667,3.16667,7.45833,-5.16503,0.0001,-0.0020735,0.0316041,1.76777,0.136294,51628,0.198422,262.45,1.0443
8598,1.64321,0.196189,0.885249,0.420393,0.00376195,0.000788232,0.00376195,0.193069,0.160635,0.499963,0.894895,0.0404992,0.0292837,0.0396126,0.202178,0.0442705,0.00855655,1.0593,0.0890101,2.49117,0.156504,0,0.056107,0.645263,5.23934,0.72773,0.527875,0.48336,1.92623,0.199726,0.198813,0,0.860856,0.47711,0,-0.00168171,0.236584,0.97064,0.398961,0.0404144,0.0402682,0.00500544,0.00468202,0.465015,0.0393787,10.106,-1.57995,9.15959,0.638514,0.417433,-9.10885,-0.333333,0.0355658,-0.0877554,0.599023,3.54167,3.375,0,0,0.833333,2.70833,8.83333,-5.16076,0.0001,-0.00247733,0.0329256,1.76346,0.141048,51616,0.198451,275.58,1.31401
8599,1.62122,0.194952,0.900125,0.413295,0.00375678,0.000779411,0.00375678,0.190857,0.163399,0.493074,0.908425,0.0400971,0.0314421,0.0393072,0.200471,0.0475061,0.00189394,1.05203,0.0911776,2.49548,0.162683,0,0.0552173,0.645991,5.24718,0.729723,0.528525,0.480426,1.91632,0.198339,0.19725,0,0.878169,0.518078,0,-0.00174369,0.237668,0.96993,0.398823,0.0403084,0.0399457,0.00491561,0.00458136,0.465639,0.039253,10.2137,-2.01585,8.8905,0.649134,0.409257,-8.91879,-0.333333,0.0345358,-0.0869297,0.598617,3.91667,2.83333,0,0,0.75,2.5,8.95833,-5.15953,0.0001,-0.00235162,0.032678,1.74289,0.131868,52435,0.198472,271.47,1.3254
