step,Episode_Metrics/onefoot/best_dwell,Episode_Metrics/onefoot/capture_error,Episode_Metrics/onefoot/clearance,Episode_Metrics/onefoot/com_offset,Episode_Metrics/onefoot/com_speed,Episode_Metrics/onefoot/cross_track,Episode_Metrics/onefoot/diagnostic_valid,Episode_Metrics/onefoot/distance,Episode_Metrics/onefoot/dwell,Episode_Metrics/onefoot/head_speed,Episode_Metrics/onefoot/heading_error,Episode_Metrics/onefoot/injected_speed,Episode_Metrics/onefoot/lateral,Episode_Metrics/onefoot/left_contact,Episode_Metrics/onefoot/left_force,Episode_Metrics/onefoot/left_load,Episode_Metrics/onefoot/phase,Episode_Metrics/onefoot/right_contact,Episode_Metrics/onefoot/right_force,Episode_Metrics/onefoot/single_support,Episode_Metrics/onefoot/speed,Episode_Metrics/onefoot/success,Episode_Metrics/onefoot/success_050,Episode_Metrics/onefoot/success_100,Episode_Metrics/onefoot/success_200,Episode_Metrics/onefoot/support_cop_y_offset,Episode_Metrics/onefoot/support_yaw,Episode_Metrics/onefoot/upright,Episode_Metrics/onefoot/waist_axis_alignment,Episode_Metrics/onefoot/waist_axis_error,Episode_Metrics/onefoot/waist_capture_error,Episode_Metrics/onefoot/waist_foreaft_capture,Episode_Metrics/onefoot/waist_foreaft_error,Episode_Metrics/onefoot/waist_front_load,Episode_Metrics/onefoot/waist_pelvis_offset,Episode_Metrics/onefoot/waist_pitch_deg,Episode_Metrics/onefoot/waist_roll_deg,Episode_Metrics/onefoot/waist_roll_error_deg,Episode_Metrics/onefoot/waist_roll_match,Episode_Metrics/onefoot/waist_roll_speed,Episode_Metrics/onefoot/waist_target_roll_deg,Episode_Reward/action_over_limit,Episode_Reward/curriculum_accelerate,Episode_Reward/curriculum_alignment,Episode_Reward/curriculum_continuous,Episode_Reward/curriculum_hold,Episode_Reward/curriculum_steering,Episode_Reward/curriculum_transfer,Episode_Reward/dynamic_action_rate,Episode_Reward/failure,Episode_Reward/foreaft_balance,Episode_Reward/joint_torques_l2,Episode_Reward/self_collisions,Episode_Reward/waist_support,Episode_Termination/body_ground,Episode_Termination/fell_over,Episode_Termination/nan_state,Episode_Termination/out_of_terrain_bounds,Episode_Termination/replanted_swing,Episode_Termination/stalled_transfer,Episode_Termination/time_out,Loss/entropy,Loss/learning_rate,Loss/surrogate,Loss/value,Perf/collection_time,Perf/learning_time,Perf/total_fps,Policy/mean_std,Train/mean_episode_length,Train/mean_reward
0,0,0,0,0,0,0,0,0,0,0,0,0,0,0,0,0,0,0,0,0,0,0,0,0,0,0,0,0,0,0,0,0,0,0,0,0,0,0,0,0,0,0,0,0,0,0,0,0,0,0,0,0,0,0,0,0,0,0,0,0,0,-15.3989,0.01,0.000263668,0.0791156,1.1935,0.156761,72803,0.0804486,,
1,0,0,0,0,0,0,0,0,0,0,0,0,0,0,0,0,0,0,0,0,0,0,0,0,0,0,0,0,0,0,0,0,0,0,0,0,0,0,0,0,0,0,0,0,0,0,0,0,0,0,0,0,0,0,0,0,0,0,0,0,0,-15.3737,0.01,4.91063e-06,0.0387733,1.14175,0.124176,77653,0.0810547,,
2,0,0,0,0,0,0,0,0,0,0,0,0,0,0,0,0,0,0,0,0,0,0,0,0,0,0,0,0,0,0,0,0,0,0,0,0,0,0,0,0,0,0,0,0,0,0,0,0,0,0,0,0,0,0,0,0,0,0,0,0,0,-15.1945,0.01,-5.93358e-05,0.123414,1.14726,0.124433,77301,0.0818071,,
3,0,0,0,0,0,0,0,0,0,0,0,0,0,0,0,0,0,0,0,0,0,0,0,0,0,0,0,0,0,0,0,0,0,0,0,0,0,0,0,0,0,0,0,0,0,0,0,0,0,0,0,0,0,0,0,0,0,0,0,0,0,-15.1073,0.01,-0.000255463,0.0544345,1.14937,0.12527,77122,0.0819839,,
4,0,0,0,0,0,0,0,0,0,0,0,0,0,0,0,0,0,0,0,0,0,0,0,0,0,0,0,0,0,0,0,0,0,0,0,0,0,0,0,0,0,0,0,0,0,0,0,0,0,0,0,0,0,0,0,0,0,0,0,0,0,-15.1004,1e-05,0.102444,0.0141912,1.14018,0.123913,77766,0.0823734,,
5,0,0.0388379,-0.00048708,0.0385329,0.147351,0.0306186,0,0.41062,0,0.590329,0.116125,0,0.0446497,0.256532,2.19179,0.297637,0.0612252,0.538396,2.16732,0,0.150032,0,0,0,0,0.00118991,0.236094,0.607882,0.0152873,0.0397585,0.0400052,0.00330018,0.00302464,0.245205,0.0402003,4.72808,-0.697831,1.75753,0.564902,0.240227,-1.48542,-0.0345839,0.318402,-0.00541013,0,0,0.00317596,0.00682694,-0.000158543,-0.208333,-0.0499158,-0.000134583,-0.0294939,0.000222114,100.833,24.4583,0,0,0,0,0,-15.0876,1e-05,0.0514872,3.06408,1.44781,0.125124,62497,0.0823796,144,0.0412617
6,0.00144444,0.0607389,0.000801616,0.0595083,0.240855,0.0416135,0,0.739831,2.03529e-05,1.31742,0.177226,0,0.0638917,0.419475,3.80809,0.522919,0.196708,0.819568,3.27529,0.000486856,0.237155,0,0,0,0,0.00130383,0.305178,0.959177,0.0485118,0.0614804,0.0622116,0.000753881,-0.00149058,0.422826,0.0612257,6.61647,-1.00578,5.92346,0.807694,0.569178,-4.33236,-0.0269093,0.559746,-0.0226469,0.000181753,8.37317e-05,0.0125747,0.0253177,-0.000433389,-0.333333,-0.273816,-0.00025469,-0.0529246,0.00190238,35.7083,21.5833,0,0,0.0416667,0,0,-15.0839,0.000113906,0.00708587,0.83842,1.566,0.122115,58233,0.0824343,164.31,-1.03372
7,0.05375,0.0550766,0.0116683,0.05347,0.204354,0.047827,0,0.737879,0.00183191,1.66327,0.211815,0,0.0720529,0.458325,4.19316,0.586639,0.302326,0.717955,2.86359,0.0187371,0.205387,0,0,0,0,0.000336313,0.285522,0.943109,0.148131,0.0540627,0.0561819,-0.00428472,-0.00524658,0.452726,0.0537112,5.37672,-4.31989,7.99097,0.751638,0.650689,-5.07513,-0.0339149,0.543399,-0.0319632,0.00389261,0.00268388,0.0156928,0.0520869,-0.00127248,-0.333333,-0.226342,-0.000325997,-0.0713727,0.00845807,1.25,1.79167,0,0,0.0416667,0,0,-14.9406,0.01,0.00042359,0.0762144,1.39825,0.124888,64540,0.0833238,170.28,-0.793617
8,0.08,0.0476147,0.0197787,0.0466242,0.190328,0.0595124,0,0.767687,0.00125,2.044,0.211592,0,0.0731948,0.484375,4.63575,0.642532,0.346354,0.604167,2.39111,0.03125,0.199448,0,0,0,0,-0.000870903,0.23303,0.955349,0.235281,0.047272,0.0483259,-0.00721305,-0.00755621,0.473759,0.0468308,5.62532,-6.61943,6.32135,0.801246,0.559171,-4.22688,-0.0351113,0.530501,-0.00360935,0.000370803,0.00359443,0.0166924,0.0840131,-0.00165746,-0.333333,-0.0485285,-0.000416222,-0.0833333,0.0178376,1,1,0,0,0,0,0,-15.0008,0.01,-8.02757e-05,0.0608611,1.15752,0.12201,76828,0.0837179,170.28,-0.793617
9,0.08,0.0476147,0.0197787,0.0466242,0.190328,0.0595124,0,0.767687,0.00125,2.044,0.211592,0,0.0731948,0.484375,4.63575,0.642532,0.346354,0.604167,2.39111,0.03125,0.199448,0,0,0,0,-0.000870903,0.23303,0.955349,0.235281,0.047272,0.0483259,-0.00721305,-0.00755621,0.473759,0.0468308,5.62532,-6.61943,6.32135,0.801246,0.559171,-4.22688,-0.0351113,0.530501,-0.00360935,0.000370803,0.00359443,0.0166924,0.0840131,-0.00165746,-0.333333,-0.0485285,-0.000416222,-0.0833333,0.0178376,1,1,0,0,0,0,0,-14.7967,1e-05,-0.00969354,0.0472466,1.15191,0.125273,76969,0.0841905,170.28,-0.793617
10,0.0266667,0.0578346,0.00625988,0.0557374,0.221723,0.0480939,0,0.630043,0.000416667,1.45441,0.198042,0,0.0735493,0.420458,3.89573,0.524325,0.140388,0.769652,3.17459,0.0104167,0.22106,0,0,0,0,0.000656331,0.306567,0.959927,0.11516,0.0570244,0.0590695,0.00447536,0.00278636,0.413548,0.0572348,8.78631,-3.68583,4.22253,0.87715,0.527218,-1.66638,-0.182018,0.524124,-0.00279691,0.000123601,0.00119814,0.0066013,0.0314722,-0.00294626,-0.333333,-0.0246406,-0.000308453,-0.036451,0.00617577,22.75,74.7917,0,0,0,0,0,-14.7832,1e-05,0.0358548,4.88198,1.37775,0.12577,65382,0.0841949,123.58,0.369408
11,0,0.0603274,-0.000674962,0.0589546,0.228166,0.0377641,0,0.56689,0,1.31791,0.169979,0,0.0776887,0.414182,3.60228,0.481136,0.0660845,0.846772,3.52973,0,0.220183,0,0,0,0,0.00136816,0.324106,0.95972,0.0618964,0.0609269,0.0616896,0.00799313,0.00534772,0.425627,0.0616601,10.5514,-3.14683,3.39866,0.895962,0.566195,-1.05862,-0.102715,0.549329,-0.00725504,0,0,0.0044391,0.0121026,-0.000652012,-0.333333,-0.032563,-0.000280522,-0.00979357,0.000828078,40.0833,53.4583,0,0,0,0,0,-14.7827,1e-05,0.0991088,0.924594,1.53496,0.120049,59397,0.0841974,131.87,0.666253
12,0,0.057976,-0.000144833,0.0568454,0.218959,0.0435957,0,0.579192,0,1.41994,0.17997,0,0.0803708,0.413116,3.74392,0.503817,0.104483,0.819372,3.3876,0,0.211339,0,0,0,0,0.00104959,0.333584,0.954094,0.0924941,0.0586092,0.0593018,0.00287004,0.00077879,0.428505,0.0592089,9.58137,-4.59211,4.38112,0.861803,0.649314,-1.63343,-0.088653,0.524863,-0.016652,0,2.00583e-09,0.00565184,0.020065,-0.000606034,-0.333333,-0.0676474,-0.000313277,-0.0315333,0.00199392,7.125,7.29167,0,0,0,0,0,-14.7822,5.0625e-05,0.0113972,0.122977,1.57688,0.127252,57685,0.0842035,138.22,0.0869007
13,0,0.0514172,0.00104425,0.0506053,0.205958,0.0732464,0,0.619651,0,1.73568,0.192856,0,0.084817,0.424503,4.21666,0.567216,0.197231,0.758968,3.04161,0,0.199543,0,0,0,0,-0.000468676,0.376291,0.938836,0.183395,0.0514007,0.0520655,-0.00849734,-0.00958814,0.470082,0.0508574,9.57405,-6.64508,5.6021,0.817347,0.707114,-3.16096,-0.0929184,0.458072,-0.0577461,0,5.40123e-07,0.00511725,0.0380574,-0.000749889,-0.333333,-0.153609,-0.000412112,-0.0911111,0.00648997,0.541667,1.29167,0,0,0,0,0,-14.7777,1e-05,-0.000125551,0.0654639,1.3329,0.121688,67582,0.0842395,141.01,-0.148682
14,0,0.045084,-0.000447266,0.0448544,0.178209,0.119914,0,0.610189,0,1.87699,0.253936,0,0.0883192,0.415097,4.22178,0.592368,0.289509,0.754118,2.75725,0,0.17348,0,0,0,0,-0.00147547,0.509228,0.919216,0.258788,0.0455732,0.0451743,-0.0167789,-0.0163709,0.488745,0.0436369,9.08378,-8.07486,5.82591,0.800354,0.625889,-4.44092,-0.0971344,0.324338,-0.127593,0,3.24074e-06,0.00243689,0.044874,-0.000701346,-0.333333,-0.360909,-0.000469729,-0.171667,0.010236,0,2,0,0,0,0,0,-14.7451,0.000256289,-4.72354e-05,0.103042,1.15448,0.124375,76868,0.0848158,141.01,-0.148682
15,0,0.0557975,-3.90008e-05,0.0539983,0.216275,0.072595,0,0.580328,0,1.47149,0.219034,0,0.0815103,0.385014,3.8128,0.517294,0.131452,0.810825,3.24431,0,0.210505,0,0,0,0,0.000502307,0.403418,0.943474,0.133582,0.0555052,0.0569246,0.000979563,-0.000488424,0.430315,0.0551349,10.2203,-4.70113,4.40087,0.867067,0.612889,-1.87931,-0.098671,0.439207,-0.0493665,0,1.21528e-06,0.0014781,0.0192534,-0.000599888,-0.333333,-0.143448,-0.000332414,-0.0717346,0.00398102,11.5417,47.7083,0,0,0,0,0,-14.6749,1e-05,0.117432,2.4192,1.37943,0.121503,65495,0.0848532,125.3,0.492315
16,0,0.0605372,-0.000425793,0.0589275,0.229721,0.0380207,0,0.562107,0,1.34907,0.171813,0,0.0776913,0.406647,3.55783,0.473583,0.0585205,0.846731,3.553,0,0.221608,0,0,0,0,0.00133365,0.325842,0.959236,0.064355,0.0608409,0.0618911,0.00769382,0.00516914,0.414276,0.0615719,10.8367,-2.90513,3.31355,0.900232,0.552486,-0.910141,-0.119642,0.54708,-0.00583262,0,0,0.00375945,0.0111014,-0.000636767,-0.333333,-0.0240801,-0.000269282,-0.00567832,0.000777184,33.875,69.7083,0,0,0,0,0,-14.6739,1e-05,0.0726747,1.79956,1.53559,0.124744,59207,0.0848558,128.89,0.391413
17,0,0.0596043,-0.000584547,0.0583838,0.221766,0.0363568,0,0.562866,0,1.38998,0.165415,0,0.0772768,0.422375,3.6316,0.485848,0.0784667,0.840431,3.50596,0,0.213701,0,0,0,0,0.00103614,0.32616,0.959084,0.0735206,0.0600654,0.0607955,0.00481424,0.0024995,0.423704,0.0608526,10.1505,-3.60951,3.61673,0.884762,0.57634,-1.30978,-0.110301,0.552866,-0.0101622,0,1.89841e-07,0.00514818,0.0164913,-0.000623661,-0.333333,-0.0423193,-0.000281947,-0.00848584,0.00133924,17.0417,22.9167,0,0,0,0,0,-14.6736,1.5e-05,0.0143503,0.357555,1.53152,0.124663,59355,0.0848577,135.18,0.253733
18,0.000333333,0.0576098,0.000338628,0.0562674,0.213624,0.0374957,0,0.574947,3.01205e-06,1.58813,0.151567,0,0.0812173,0.423016,3.80273,0.505337,0.119104,0.815723,3.43168,0.000100402,0.205671,0,0,0,0,0.000655777,0.327652,0.952418,0.0990414,0.0579628,0.0588451,0.00144614,-0.000643505,0.422363,0.0584871,9.09724,-5.18535,4.65043,0.856008,0.665426,-1.71497,-0.10984,0.567755,-0.0188683,3.78333e-05,5.03868e-05,0.00605261,0.0216313,-0.000730315,-0.333333,-0.0790271,-0.000333408,-0.0311556,0.00235289,1.33333,2.5,0,0,0,0,0,-14.6727,7.59375e-05,0.0069396,0.0955163,1.52881,0.126385,59391,0.0848752,138.04,0.144119
19,0.0183333,0.0548162,5.24817e-05,0.0540078,0.223409,0.0572091,0,0.625593,0.000607735,1.78419,0.191723,0,0.0868724,0.417159,3.91406,0.512773,0.138821,0.792926,3.24424,0.00506446,0.216588,0,0,0,0,-0.000287558,0.353082,0.951962,0.141048,0.0552204,0.0555762,0.000660936,-0.0011181,0.422626,0.0555762,8.24468,-5.77987,5.21969,0.831699,0.723688,-2.14923,-0.149284,0.524886,-0.0308516,0.00256175,0.00112855,0.00766248,0.0313563,-0.000917003,-0.333333,-0.0562721,-0.000380313,-0.031875,0.00488167,0.916667,1.41667,0,0,0.0833333,0,0,-14.6554,1.5e-05,0.001053,0.07864,1.21915,0.123831,73198,0.0850237,139.88,0.0424826
20,0,0.060819,-2.82545e-06,0.0586428,0.241662,0.0470523,0,0.582386,0,1.30624,0.190494,0,0.0792142,0.381594,3.62512,0.472695,0.0483983,0.836741,3.4792,0,0.234934,0,0,0,0,0.00124506,0.351698,0.957355,0.0761228,0.0603993,0.0621978,0.0114487,0.00910373,0.390736,0.0611219,9.96788,-3.43837,3.94193,0.89021,0.642962,-0.54226,-0.125336,0.520268,-0.00416078,0,0,0.00291665,0.010121,-0.000696533,-0.333333,-0.013435,-0.000270867,-0.00935887,0.00109211,5.625,22,0,0,0,0,0,-14.6455,1e-05,0.0276442,1.87908,1.41431,0.120006,64070,0.0850288,123.08,0.289032
21,0,0.0605116,-0.000417845,0.0589535,0.232367,0.037584,0,0.563161,0,1.34272,0.168049,0,0.076226,0.395903,3.55042,0.472782,0.0543078,0.845945,3.56098,0,0.223958,0,0,0,0,0.00138509,0.323271,0.959672,0.0625459,0.060828,0.0619298,0.0078757,0.00535766,0.409281,0.0616029,10.8189,-2.82306,3.22622,0.903567,0.554932,-0.859627,-0.125365,0.550092,-0.00487498,0,0,0.00324557,0.011076,-0.000630841,-0.333333,-0.0197705,-0.000268052,-0.00545726,0.000785083,33.4583,68.0833,0,0,0,0,0,-14.645,1e-05,0.053123,1.78897,1.5431,0.122241,59029,0.0850312,127.83,0.452999
22,0,0.0600588,-0.000776422,0.0588563,0.222703,0.0362475,0,0.553727,0,1.34825,0.169568,0,0.0768278,0.421925,3.56279,0.477491,0.0674129,0.851714,3.55477,0,0.214385,0,0,0,0,0.00124233,0.327996,0.960459,0.0649299,0.0607235,0.0613315,0.00705519,0.00448615,0.422447,0.0616106,10.6569,-3.05233,3.23227,0.89842,0.545487,-1.13894,-0.116945,0.550466,-0.00820694,0,0,0.00495086,0.0139882,-0.000612733,-0.333333,-0.0308976,-0.000267102,-0.00477762,0.00103036,27.1667,36.2917,0,0,0,0,0,-14.6447,1e-05,0.00915733,0.515423,1.53086,0.121517,59492,0.0850325,131.89,0.498319
23,0,0.0587417,-0.000334563,0.057693,0.218243,0.0390624,0,0.55861,0,1.4245,0.160875,0,0.078867,0.423281,3.71517,0.495096,0.0870344,0.833984,3.46568,0,0.209677,0,0,0,0,0.00097484,0.329177,0.95854,0.0819424,0.0594182,0.0600004,0.00230765,0.00014916,0.418505,0.0601505,9.60714,-4.00803,3.80715,0.877315,0.598228,-1.4698,-0.115058,0.54698,-0.0130392,0,2.62601e-06,0.00523698,0.0186539,-0.000621426,-0.333333,-0.0476807,-0.00028771,-0.00865068,0.00176316,5.58333,5.66667,0,0,0,0.0416667,0,-14.6443,7.59375e-05,0.00627788,0.115334,1.51721,0.119432,60064,0.0850387,134.46,0.278416
24,0,0.0583241,-9.62598e-05,0.0568322,0.22382,0.0445768,0,0.579152,0,1.45957,0.182951,0,0.0840054,0.418808,3.7,0.492288,0.0942098,0.827626,3.45394,0,0.215479,0,0,0,0,0.00114504,0.34202,0.955429,0.0957385,0.0584302,0.0593964,0.00351682,0.00130037,0.431923,0.0590078,10.2792,-3.92897,4.0681,0.87407,0.570092,-1.48279,-0.122737,0.529436,-0.0158973,0,0.000114131,0.0049063,0.0177243,-0.000634505,-0.333333,-0.0624594,-0.000301403,-0.017537,0.00208875,0.791667,1.45833,0,0,0,0,0,-14.6339,0.000170859,0.00238133,0.0756859,1.36897,0.118824,66073,0.0852087,137.1,0.00774351
25,0,0.0576924,0.00155676,0.0552447,0.224417,0.0583329,0,0.579883,0,1.44709,0.204337,0,0.0798244,0.378473,3.85857,0.508612,0.105959,0.812396,3.34974,0,0.217656,0,0,0,0,0.00106639,0.38596,0.944263,0.121499,0.0571878,0.0592651,0.00431383,0.00290354,0.426844,0.0572213,10.8912,-4.95252,4.50189,0.883318,0.615662,-1.37266,-0.126561,0.482038,-0.0356131,0,0,0.000860044,0.0233696,-0.000912774,-0.333333,-0.0187756,-0.000309284,-0.0354753,0.00518807,2.29167,12.8333,0,0,0,0,0,-14.6111,1e-05,0.0028203,1.33286,1.34562,0.119036,67117,0.0852412,122.2,0.0394423
26,0,0.0608089,-0.000263775,0.0590047,0.236245,0.0399852,0,0.568549,0,1.33671,0.175556,0,0.0759224,0.383047,3.55229,0.472414,0.050346,0.841794,3.55168,0,0.228087,0,0,0,0,0.00142413,0.324508,0.959185,0.0605362,0.0608985,0.0622725,0.00817048,0.00563403,0.40449,0.0615723,10.8027,-2.82189,3.30352,0.904152,0.568092,-0.749732,-0.133624,0.54067,-0.00415414,0,0,0.00238334,0.00927084,-0.000653366,-0.333333,-0.0175648,-0.000267999,-0.00669856,0.000609713,21.4167,59.2083,0,0,0,0,0,-14.6099,1e-05,0.027577,1.64552,1.49028,0.118925,61088,0.0852448,128.26,0.558077
27,0,0.0602753,-0.000672551,0.0589093,0.223874,0.0373505,0,0.553951,0,1.35446,0.169357,0,0.0769792,0.416336,3.57005,0.476468,0.0647693,0.850832,3.55803,0,0.215507,0,0,0,0,0.00135115,0.329673,0.960023,0.0644825,0.0608352,0.0616264,0.008115,0.00556117,0.420195,0.0617518,10.6777,-3.05784,3.34603,0.896292,0.5509,-1.07094,-0.119742,0.549686,-0.00754338,0,0,0.00456911,0.0134391,-0.00060553,-0.333333,-0.0294842,-0.000267443,-0.00507399,0.000944735,28.375,42.375,0,0,0,0,0,-14.6095,1e-05,0.00928199,0.721658,1.48874,0.119408,61128,0.0852464,130.05,0.3197
28,0,0.0593376,-0.000710537,0.0582024,0.216993,0.0365873,0,0.551382,0,1.39881,0.167751,0,0.0765732,0.424824,3.63502,0.486799,0.0809053,0.844955,3.50472,0,0.208546,0,0,0,0,0.00100772,0.333065,0.95932,0.073687,0.0598716,0.0604779,0.00466899,0.00217939,0.424313,0.0607155,10.0224,-3.7505,3.57093,0.88447,0.578007,-1.35419,-0.113063,0.548326,-0.0132094,0,6.16576e-07,0.00512558,0.0169864,-0.000594939,-0.333333,-0.0450412,-0.000279638,-0.00733445,0.00129346,12.375,15.1667,0,0,0,0,0,-14.6093,5.0625e-05,0.0074589,0.153463,1.47888,0.118659,61534,0.0852489,134.75,0.175452
29,0,0.0581557,-0.000293722,0.0573472,0.215543,0.0395424,0,0.558351,0,1.45462,0.164946,0,0.077818,0.411807,3.70647,0.495165,0.0919602,0.822441,3.39835,0,0.207735,0,0,0,0,0.000606985,0.334703,0.957038,0.0893913,0.0587485,0.0592311,0.00152387,-0.000616898,0.410028,0.0594533,9.69069,-4.1731,4.053,0.866019,0.635015,-1.54822,-0.121755,0.548177,-0.0150802,0,1.54788e-05,0.00535868,0.0206593,-0.000627281,-0.333333,-0.0578204,-0.000300106,-0.00949884,0.00203876,1.91667,2,0,0,0,0,0,-14.6083,1e-05,0.00540477,0.0850283,1.48099,0.119264,61430,0.0852563,135.83,0.146985
30,0,0.0606733,0.000497235,0.0582056,0.236959,0.0523409,0,0.575962,0,1.2977,0.210795,0,0.0860405,0.382461,3.7143,0.489488,0.0562378,0.822143,3.45368,0,0.230383,0,0,0,0,0.00146744,0.342277,0.955293,0.0721541,0.0603178,0.0628007,0.00786922,0.00603553,0.418365,0.0610143,10.618,-3.7727,4.07524,0.88701,0.656701,-0.709026,-0.125709,0.488109,-0.00433881,0,0,0.00173704,0.00860006,-0.000714708,-0.333333,-0.0325006,-0.000259967,-0.0157123,0.000654312,1.54167,8.25,0,0,0,0,0,-14.6074,1.5e-05,0.00494866,0.965383,1.38309,0.119465,65424,0.0852611,121.54,-0.158575
31,0,0.0611863,-0.00010766,0.0591258,0.240093,0.0404644,0,0.573969,0,1.31857,0.179063,0,0.0755808,0.37253,3.55858,0.472446,0.0469648,0.839586,3.54233,0,0.23193,0,0,0,0,0.00145247,0.325121,0.958695,0.0586324,0.0610284,0.0627173,0.00783129,0.00530423,0.400442,0.0615678,10.8176,-2.77304,3.36933,0.905205,0.580931,-0.658381,-0.130314,0.538684,-0.00342455,0,0,0.00171903,0.00763286,-0.000650266,-0.333333,-0.015299,-0.000267464,-0.007998,0.000495575,15.25,47.8333,0,0,0,0,0,-14.6069,1e-05,0.0120071,1.49591,1.49138,0.124086,60851,0.0852627,126.63,0.294721
32,0,0.0602712,-0.000618611,0.0588972,0.226685,0.0366332,0,0.558443,0,1.35043,0.166311,0,0.0756982,0.407103,3.57422,0.476793,0.0625407,0.849379,3.56044,0,0.218369,0,0,0,0,0.00135364,0.32844,0.96026,0.0623499,0.0608226,0.0616439,0.00799876,0.00545756,0.418352,0.0617079,10.6697,-3.01438,3.26179,0.899626,0.549138,-1.0339,-0.115706,0.55522,-0.00728743,0,2.10014e-13,0.00426504,0.0132695,-0.000586757,-0.333333,-0.0279246,-0.000269455,-0.00514641,0.000927831,26,39.2917,0,0,0,0,0,-14.6066,1e-05,0.00762746,0.99139,1.47919,0.12086,61438,0.0852642,130.27,0.507262
33,0,0.0597152,-0.000765707,0.0585481,0.219599,0.0366509,0,0.552201,0,1.37121,0.168953,0,0.0770543,0.422511,3.6091,0.482616,0.0740484,0.849021,3.53138,0,0.211024,0,0,0,0,0.00115908,0.3313,0.960186,0.0677374,0.0603979,0.0609598,0.00666032,0.00417152,0.422632,0.0613692,10.2769,-3.53899,3.49025,0.889306,0.565884,-1.22944,-0.110601,0.552159,-0.0103452,0,0,0.0052212,0.0154642,-0.000574062,-0.333333,-0.0380003,-0.000272105,-0.00540968,0.00107954,20.5417,24.75,0,0,0,0,0,-14.6063,3.375e-05,0.00747623,0.288001,1.52511,0.122422,59667,0.0852666,131.5,0.444683
34,0,0.0582634,-0.000527594,0.0572433,0.215913,0.0401067,0,0.565055,0,1.45874,0.169649,0,0.0773689,0.418657,3.71308,0.499028,0.0988964,0.83097,3.42953,0,0.208067,0,0,0,0,0.000699708,0.338912,0.957066,0.0883188,0.0585768,0.0592365,0.00245052,0.000161472,0.421032,0.0593533,9.47598,-4.25379,3.93756,0.870971,0.603517,-1.70624,-0.106267,0.54574,-0.0178459,0,2.6005e-06,0.00537431,0.0208199,-0.000610764,-0.333333,-0.0686909,-0.000299116,-0.0144442,0.00198874,4.875,5.58333,0,0,0,0.0833333,0,-14.6057,5.0625e-05,0.0054186,0.124804,1.50343,0.12152,60496,0.0852714,137.19,0.165443
35,0,0.0597216,-0.00010832,0.0580715,0.226679,0.0435015,0,0.564325,0,1.35764,0.185068,0,0.0780198,0.388197,3.71367,0.491412,0.0694736,0.826565,3.41638,0,0.219909,0,0,0,0,0.000894937,0.349576,0.95813,0.0819573,0.0592335,0.0611012,0.00333956,0.00161428,0.400963,0.0598741,9.69052,-3.76443,3.69841,0.886233,0.635414,-1.10205,-0.111121,0.517146,-0.00934485,0,1.19591e-07,0.00318283,0.0163576,-0.000647546,-0.333333,-0.0406166,-0.000286317,-0.0122964,0.0015444,2.04167,5.95833,0,0,0,0,0,-14.6043,1e-05,0.00294768,0.583546,1.46726,0.118617,61987,0.0852799,121.46,0.0898274
36,6.66667e-05,0.0617911,5.51887e-05,0.0594483,0.241441,0.0402232,0,0.574574,1.31086e-06,1.30549,0.181764,0,0.0751924,0.363017,3.55805,0.472299,0.0443684,0.838014,3.53111,3.27715e-05,0.233597,0,0,0,0,0.00149724,0.325304,0.958483,0.0557017,0.0613986,0.0634479,0.00780953,0.00530218,0.394399,0.0618156,10.6981,-2.7682,3.46635,0.90633,0.589003,-0.557782,-0.139792,0.537567,-0.0030829,4.56043e-06,7.85243e-07,0.00123443,0.00601672,-0.000696673,-0.333333,-0.0129347,-0.000265729,-0.00955812,0.000352595,11.0833,39.25,0,0,0,0.0416667,0,-14.6036,1e-05,0.00672378,1.24942,1.48611,0.120053,61204,0.0852832,125.07,0.406181
37,0,0.0601628,-0.000569134,0.0587267,0.231335,0.0403602,0,0.565971,0,1.34759,0.173324,0,0.0769347,0.395914,3.57021,0.476096,0.0586334,0.846477,3.56018,0,0.223044,0,0,0,0,0.00142407,0.327822,0.959703,0.0628762,0.0606189,0.061566,0.00816168,0.00562061,0.414744,0.0614632,10.8026,-2.95424,3.2752,0.900816,0.556023,-0.973832,-0.114909,0.539196,-0.00573618,0,0,0.00364709,0.0131142,-0.000593546,-0.333333,-0.0230931,-0.0002717,-0.00531369,0.000927306,21.5833,35.8333,0,0,0,0,0,-14.6031,3.375e-05,0.0029609,1.03937,1.51192,0.12263,60141,0.0852865,129.08,0.541189
38,0,0.0598764,-0.000718854,0.0586347,0.220741,0.0379895,0,0.55153,0,1.35503,0.171397,0,0.0768953,0.419758,3.58137,0.479782,0.070442,0.85002,3.54474,0,0.212291,0,0,0,0,0.00130318,0.33237,0.959774,0.0660731,0.06059,0.0612168,0.00777679,0.00528799,0.419922,0.0615612,10.4989,-3.27874,3.40402,0.8938,0.555775,-1.17363,-0.10946,0.545774,-0.00922994,0,2.86225e-06,0.00496296,0.0144745,-0.000572725,-0.333333,-0.0331221,-0.000269601,-0.00588373,0.0010367,23.1667,30.7083,0,0,0,0,0,-14.6023,5.0625e-05,0.00400991,0.403229,1.52669,0.125152,59511,0.0852931,132.06,0.372752
39,7.57576e-05,0.0591973,-0.000652321,0.0581134,0.217815,0.0366958,0,0.556125,9.01876e-07,1.40055,0.163551,0,0.0763923,0.422384,3.64436,0.489338,0.082734,0.842621,3.48367,2.25469e-05,0.209571,0,0,0,0,0.000967102,0.330045,0.959561,0.0766763,0.0596394,0.0602835,0.00459541,0.00226984,0.419935,0.0605345,9.84717,-3.78261,3.68418,0.880955,0.580653,-1.43738,-0.107141,0.550922,-0.0116392,8.93939e-06,1.79821e-05,0.00562547,0.0185951,-0.000579486,-0.333333,-0.0465023,-0.000282522,-0.0073276,0.00159762,11.0833,12.4167,0,0,0,0,0,-14.5997,3.375e-05,0.00780255,0.153304,1.52629,0.11886,59753,0.0853185,134.53,0.477861
40,0,0.0606929,-0.000197373,0.058708,0.226112,0.0378595,0,0.562019,0,1.35699,0.178181,0,0.0751192,0.395012,3.62463,0.484471,0.0692727,0.83872,3.50066,0,0.218765,0,0,0,0,0.00121442,0.335253,0.958593,0.068704,0.0605726,0.0621034,0.0055417,0.00327703,0.403876,0.0612594,9.96736,-3.63666,3.8266,0.88633,0.603946,-0.988361,-0.12407,0.54611,-0.00895927,0,0,0.00374007,0.0126615,-0.000669316,-0.333333,-0.0462167,-0.000272288,-0.0113575,0.00106076,2.625,6.125,0,0,0,0,0,-14.5962,1e-05,0.00363719,0.422901,1.47197,0.119838,61756,0.0853308,123.88,0.118592
41,0,0.0622261,0.000217558,0.0596026,0.242955,0.0388103,0,0.578173,0,1.29924,0.180843,0,0.074563,0.363779,3.5754,0.472497,0.0433622,0.835221,3.5182,0,0.235692,0,0,0,0,0.00144995,0.329112,0.958136,0.0563713,0.061516,0.0638582,0.00763684,0.00526027,0.390913,0.0618606,10.6324,-2.81246,3.59039,0.904784,0.605987,-0.486104,-0.154923,0.546615,-0.00323302,0,0,0.00106396,0.00505045,-0.000785942,-0.333333,-0.0122224,-0.000265003,-0.010863,0.000332174,7.75,31.7083,0,0,0,0,0,-14.5953,1e-05,0.0039023,0.848381,1.47832,0.119655,61517,0.0853339,125.56,0.384117
42,0,0.0602958,-0.000426899,0.0587986,0.234307,0.0390767,0,0.568995,0,1.3445,0.168467,0,0.0756118,0.386647,3.57295,0.475454,0.0551858,0.841429,3.54648,0,0.225856,0,0,0,0,0.00141318,0.322566,0.959611,0.0620744,0.0606581,0.061786,0.00750121,0.00500375,0.410797,0.0613961,10.7824,-2.92568,3.27954,0.901875,0.560121,-0.907501,-0.119595,0.545905,-0.00476128,0,0,0.00289526,0.0119554,-0.000611065,-0.333333,-0.0206916,-0.000273013,-0.00551016,0.000851937,16.875,32.4167,0,0,0,0,0,-14.5947,7.59375e-05,0.00221443,0.807936,1.49046,0.120792,61010,0.0853407,128.39,0.707603
43,0,0.0599378,-0.000689836,0.0587173,0.22476,0.0371351,0,0.557286,0,1.35173,0.166706,0,0.07631,0.414611,3.57835,0.478775,0.0665642,0.849603,3.54427,0,0.216128,0,0,0,0,0.0013414,0.330444,0.959919,0.0646757,0.0606783,0.0613397,0.0084139,0.00586193,0.422133,0.0616344,10.6793,-3.15295,3.33963,0.896382,0.551029,-1.11106,-0.109959,0.553662,-0.00802292,0,0,0.0048108,0.0144247,-0.000573425,-0.333333,-0.0324051,-0.000268065,-0.00502379,0.000987434,21.7917,31.25,0,0,0,0,0,-14.5932,5.0625e-05,0.00379539,0.453361,1.49613,0.118649,60877,0.0853488,130.71,0.384388
44,0,0.0596674,-0.000725226,0.0585604,0.218101,0.0355994,0,0.551479,0,1.38929,0.164665,0,0.0757737,0.421933,3.62364,0.485388,0.0770444,0.844462,3.50537,0,0.209622,0,0,0,0,0.00102128,0.331573,0.959732,0.0700505,0.0602712,0.0608599,0.00596706,0.00352694,0.419601,0.0611896,10.0925,-3.60785,3.59589,0.884766,0.578437,-1.29473,-0.111083,0.554682,-0.0106569,0,0,0.00552005,0.017288,-0.000575038,-0.333333,-0.0398812,-0.000276708,-0.00573953,0.00132841,17.0833,20.7083,0,0,0,0,0,-14.5916,7.59375e-05,0.0038785,0.16612,1.49939,0.120034,60703,0.0853631,133.15,0.42169
45,0,0.0600573,-0.000214884,0.0583978,0.222807,0.0398457,0,0.562202,0,1.39043,0.17569,0,0.0778949,0.407314,3.64518,0.488416,0.0774758,0.836146,3.46517,0,0.215137,0,0,0,0,0.00096085,0.33809,0.958447,0.0719097,0.0601427,0.0613261,0.00446157,0.00231614,0.412649,0.0607773,9.86545,-3.65064,3.78892,0.885406,0.604965,-1.20361,-0.1304,0.544254,-0.0125564,0,2.47921e-06,0.00410057,0.014572,-0.000686572,-0.333333,-0.0378782,-0.000279764,-0.0125916,0.00135931,5.66667,8.625,0,0,0,0.0416667,0,-14.5894,1e-05,0.00233538,0.284478,1.4975,0.120296,60764,0.0853711,129.47,0.0540775
46,0,0.0620877,0.000276091,0.0594768,0.242279,0.0415554,0,0.578064,0,1.31104,0.184655,0,0.0754017,0.35942,3.57254,0.473172,0.0459272,0.83277,3.5049,0,0.234782,0,0,0,0,0.00141936,0.32963,0.957666,0.0584725,0.0614428,0.0637682,0.00749161,0.00512052,0.387131,0.0617984,10.5651,-2.95224,3.67973,0.901841,0.615079,-0.529723,-0.155315,0.536884,-0.00349156,0,1.05546e-06,0.00115537,0.00567304,-0.000804518,-0.333333,-0.015147,-0.000266617,-0.0123733,0.000449201,6.16667,26.625,0,0,0,0.0416667,0,-14.5886,1e-05,0.0038203,0.556971,1.50475,0.11981,60511,0.0853749,124.63,-0.0049604
47,0,0.0604653,-0.000314699,0.0588258,0.236674,0.0408986,0,0.572105,0,1.34774,0.173373,0,0.0763477,0.374833,3.55863,0.474469,0.0526286,0.837896,3.54205,0,0.228333,0,0,0,0,0.00138374,0.323006,0.959579,0.0611073,0.0606619,0.0619197,0.00677217,0.00427957,0.406628,0.0612724,10.7252,-2.85314,3.28973,0.903505,0.566014,-0.834593,-0.123389,0.535025,-0.00439204,0,0,0.0023712,0.0105938,-0.000646071,-0.333333,-0.0173952,-0.000272814,-0.00621733,0.00075312,14.0417,30.4583,0,0,0,0,0,-14.5879,1e-05,0.00142252,0.459526,1.49747,0.122352,60688,0.0853796,127.88,0.491898
48,0,0.0598561,-0.000674051,0.0586162,0.227442,0.0396427,0,0.560541,0,1.35039,0.169337,0,0.076158,0.407898,3.58921,0.479637,0.0631874,0.847527,3.54402,0,0.218864,0,0,0,0,0.00137619,0.326193,0.959489,0.0643317,0.0605391,0.0612425,0.00828799,0.00571033,0.422318,0.0614502,10.8629,-3.07942,3.29384,0.898496,0.549881,-1.06582,-0.107966,0.543205,-0.00668539,0,4.87632e-08,0.00427062,0.0145242,-0.000569568,-0.333333,-0.0275358,-0.000269539,-0.00498131,0.00102873,18.2917,27.5833,0,0,0,0,0,-14.5863,7.59375e-05,0.00169901,0.393751,1.49701,0.120041,60792,0.0853981,129.48,0.53406
49,0,0.0597016,-0.000734429,0.0584707,0.220073,0.0374542,0,0.551077,0,1.35959,0.168831,0,0.0766736,0.418932,3.59486,0.481902,0.071797,0.848931,3.53842,0,0.211555,0,0,0,0,0.00122004,0.333841,0.959724,0.0685602,0.0603774,0.0609914,0.00738028,0.00488709,0.422119,0.0613406,10.3817,-3.43467,3.47444,0.89128,0.55985,-1.1752,-0.108676,0.547556,-0.00980389,0,0,0.00511761,0.015828,-0.000561873,-0.333333,-0.0345475,-0.000268905,-0.00577536,0.00128663,18.0417,26.125,0,0,0,0,0,-14.5827,7.59375e-05,0.00281596,0.193139,1.49496,0.122161,60789,0.0854179,132.86,0.430965
50,0,0.0596701,-0.000485321,0.0583181,0.219102,0.0385774,0,0.55432,0,1.38376,0.173743,0,0.0773921,0.415982,3.65921,0.489394,0.078785,0.839155,3.47415,0,0.210848,0,0,0,0,0.000930062,0.335958,0.959179,0.0735647,0.0599519,0.0608462,0.00498315,0.00270572,0.416917,0.0607295,9.93736,-3.80513,3.75335,0.883349,0.589315,-1.25857,-0.117766,0.542401,-0.0120672,0,2.28999e-06,0.00498312,0.016468,-0.000639232,-0.333333,-0.0508273,-0.000277663,-0.0102466,0.00142449,10.75,13.5,0,0,0,0.0416667,0,-14.5801,1e-05,0.00152101,0.206822,1.49362,0.119184,60952,0.0854294,130.05,0.0183431
51,0,0.0619026,0.00029093,0.0593089,0.238715,0.0402389,0,0.575122,0,1.32271,0.184847,0,0.0754363,0.368658,3.6092,0.477783,0.0517371,0.829997,3.47454,0,0.231246,0,0,0,0,0.00127673,0.330055,0.958102,0.0624429,0.0610674,0.0634816,0.00641221,0.00420554,0.389582,0.0614188,10.3276,-3.14089,3.76478,0.897311,0.621219,-0.643634,-0.150378,0.537828,-0.00502894,0,1.80023e-06,0.0016606,0.00798076,-0.000769256,-0.333333,-0.0209314,-0.000271268,-0.0130512,0.0007631,7.08333,22.75,0,0,0,0,0,-14.5785,1e-05,0.00402304,0.349326,1.49901,0.120016,60717,0.0854391,124.17,0.283549
52,0,0.0607442,-0.000225287,0.0588744,0.238062,0.0405481,0,0.573721,0,1.33411,0.174821,0,0.0759054,0.372776,3.56246,0.473962,0.0515636,0.839711,3.54387,0,0.229762,0,0,0,0,0.0013915,0.322894,0.958725,0.0615804,0.0606976,0.0622119,0.0075131,0.0049735,0.402754,0.0612678,10.6814,-2.94061,3.40579,0.902001,0.579614,-0.766124,-0.123424,0.539876,-0.00438784,0,9.87801e-08,0.00197018,0.00892011,-0.000651611,-0.333333,-0.0185287,-0.00027323,-0.00765914,0.00063082,11.6667,29.4167,0,0,0,0,0,-14.5773,1.5e-05,0.0031935,0.266376,1.49653,0.118832,60855,0.0854448,126.36,0.375148
53,0,0.0599569,-0.00058393,0.058651,0.231785,0.0385735,0,0.568308,0,1.33999,0.165043,0,0.0754599,0.397484,3.57924,0.47819,0.0599653,0.845042,3.55108,0,0.223417,0,0,0,0,0.00134374,0.321618,0.959628,0.063191,0.060483,0.061321,0.00781721,0.00532031,0.420507,0.0613114,10.848,-3.0098,3.23794,0.90114,0.548971,-1.00607,-0.105826,0.549645,-0.00589213,0,0,0.00381053,0.0140349,-0.000573758,-0.333333,-0.0266516,-0.000271535,-0.0052555,0.000958984,16.5833,23.5833,0,0,0,0,0,-14.5754,3.375e-05,0.00260035,0.235358,1.52212,0.121455,59811,0.0854635,128.11,0.394999
54,0,0.0600247,-0.000791871,0.0587972,0.223641,0.0367628,0,0.555952,0,1.34807,0.165644,0,0.0758367,0.416934,3.57328,0.479345,0.0676509,0.850946,3.54487,0,0.215039,0,0,0,0,0.00135845,0.331549,0.960302,0.0636484,0.0608067,0.0613813,0.00842655,0.00587869,0.423316,0.0618002,10.6484,-3.18725,3.32282,0.896133,0.550369,-1.13714,-0.108998,0.556274,-0.00855295,0,3.43789e-07,0.00502818,0.0144726,-0.000574591,-0.333333,-0.0328394,-0.000266554,-0.00520258,0.00106037,18.5833,26.2083,0,0,0,0,0,-14.5733,1e-05,0.00734232,0.165577,1.49878,0.118509,60783,0.0854691,129.94,0.406004
55,0,0.0597769,-0.000701513,0.0585424,0.22027,0.037031,0,0.55372,0,1.36036,0.168134,0,0.0766571,0.418074,3.60805,0.483156,0.0741008,0.848276,3.52288,0,0.211915,0,0,0,0,0.00107772,0.331551,0.960108,0.0676928,0.0603205,0.0610154,0.0060776,0.00364958,0.419682,0.0612409,10.161,-3.53276,3.51424,0.88952,0.574438,-1.2498,-0.109531,0.550813,-0.01001,0,5.99541e-08,0.00515737,0.0159108,-0.000575643,-0.333333,-0.0366022,-0.000271988,-0.00637372,0.00118835,14.5,18.75,0,0,0,0,0,-14.5716,0.000113906,0.00225331,0.155098,1.50521,0.119884,60491,0.0854912,130.52,0.386734
56,0,0.0613885,-3.40148e-06,0.0591188,0.232992,0.0388263,0,0.566989,0,1.34364,0.180764,0,0.0754481,0.379431,3.61687,0.481236,0.0578626,0.8314,3.47021,0,0.225206,0,0,0,0,0.00121998,0.330774,0.958434,0.0632388,0.0609914,0.0629125,0.00560375,0.00330872,0.394829,0.0614165,10.1653,-3.35749,3.7657,0.893621,0.614479,-0.760916,-0.146023,0.540871,-0.00679063,0,6.16601e-08,0.00254549,0.00951545,-0.000739192,-0.333333,-0.0234351,-0.000274513,-0.0115631,0.000735448,8.33333,22.5,0,0,0,0,0,-14.5678,1e-05,0.00864776,0.210046,1.47641,0.11861,61631,0.0855033,123.9,0.135467
57,2.87356e-05,0.0610533,-8.57272e-05,0.0590298,0.237996,0.040938,0,0.573579,1.63271e-07,1.33562,0.178629,0,0.0759082,0.369527,3.56611,0.474727,0.0512047,0.835476,3.52825,8.16353e-06,0.229973,0,0,0,0,0.00135944,0.324035,0.958333,0.0602152,0.0608346,0.0625711,0.00766121,0.00507329,0.400722,0.0613654,10.6262,-3.00563,3.49599,0.902245,0.586077,-0.727139,-0.132459,0.535584,-0.0040206,1.97631e-06,2.44572e-06,0.00172438,0.00816044,-0.000684813,-0.333333,-0.0187309,-0.000273063,-0.008487,0.000606153,9.25,28.75,0,0,0,0,0,-14.5667,5.0625e-05,0.00460695,0.159813,1.47704,0.118082,61627,0.085512,126.14,0.465051
58,0,0.0600393,-0.000471828,0.0586772,0.234409,0.0390328,0,0.572541,0,1.3527,0.164568,0,0.0759509,0.384962,3.56761,0.476262,0.0584922,0.841386,3.5464,0,0.225929,0,0,0,0,0.00138109,0.323881,0.959112,0.0631415,0.0604975,0.0615061,0.00781768,0.00523652,0.416348,0.0612688,10.7702,-3.09225,3.30603,0.900147,0.558831,-0.958458,-0.11181,0.548702,-0.00569894,0,0,0.00321322,0.01343,-0.000590448,-0.333333,-0.0238778,-0.000277288,-0.00567843,0.000987296,11.625,22.3333,0,0,0,0,0,-14.5652,2.25e-05,0.00501111,0.130683,1.48481,0.119797,61263,0.0855184,128.28,0.403977
59,0,0.0599741,-0.000717968,0.0587634,0.224801,0.0382176,0,0.557571,0,1.34559,0.168194,0,0.0759291,0.412593,3.58384,0.480467,0.066618,0.849957,3.54449,0,0.216282,0,0,0,0,0.00141139,0.32896,0.959715,0.0627304,0.0607657,0.0614152,0.00851876,0.00589894,0.426242,0.0617049,10.7627,-3.13748,3.31284,0.897388,0.549313,-1.13604,-0.104139,0.548561,-0.00793193,0,0,0.00460174,0.0145526,-0.000559627,-0.333333,-0.0332088,-0.000269227,-0.00536617,0.00105677,17.8333,24.0417,0,0,0,0,0,-14.562,3.375e-05,0.00441028,0.111666,1.51356,0.122685,60079,0.0855524,130.17,0.404805
60,0,0.0598343,-0.000697172,0.0586079,0.220459,0.0373275,0,0.552571,0,1.35441,0.168329,0,0.0765435,0.421179,3.6258,0.485815,0.0724423,0.84779,3.51757,0,0.211982,0,0,0,0,0.00113654,0.331987,0.96023,0.0673478,0.0604604,0.0610786,0.00626294,0.00384697,0.423545,0.0613433,10.2216,-3.4735,3.53165,0.8896,0.571024,-1.19404,-0.111308,0.549309,-0.0100822,0,3.61667e-07,0.00510439,0.0158865,-0.000583426,-0.333333,-0.0349023,-0.000270303,-0.00653046,0.00129056,16.7083,21.3333,0,0,0,0,0,-14.5577,2.25e-05,0.00329686,0.116869,1.49901,0.123401,60591,0.0855679,131.92,0.397588
61,0,0.0611716,-0.000142384,0.0591342,0.229237,0.0392134,0,0.561458,0,1.34296,0.18056,0,0.0759697,0.387332,3.61125,0.479636,0.060819,0.839561,3.49263,0,0.221379,0,0,0,0,0.00115233,0.334983,0.958416,0.0642741,0.0609614,0.0625942,0.00686416,0.00450618,0.400067,0.0615439,10.1575,-3.37386,3.75052,0.892838,0.607406,-0.830729,-0.126525,0.541908,-0.00785363,0,6.44673e-08,0.00329858,0.0101255,-0.000654755,-0.333333,-0.0281428,-0.000270386,-0.0112217,0.000806258,9.91667,25.75,0,0,0,0.0416667,0,-14.5552,1e-05,0.00641064,0.122765,1.4886,0.122374,61021,0.085583,126.01,0.22135
62,0,0.0610106,-9.6105e-05,0.058964,0.236914,0.0407542,0,0.571953,0,1.33531,0.180369,0,0.0762988,0.373598,3.58256,0.476235,0.0525694,0.836057,3.51868,0,0.22882,0,0,0,0,0.0013872,0.325589,0.958308,0.0622752,0.0608227,0.062544,0.00712908,0.00461753,0.399867,0.0613145,10.52,-3.05158,3.54097,0.899828,0.590789,-0.74805,-0.12895,0.533474,-0.00452515,0,2.42684e-08,0.00196253,0.00858038,-0.000674426,-0.333333,-0.018517,-0.000272081,-0.00919063,0.000646165,9.45833,28,0,0,0,0,0,-14.5539,1e-05,0.00535248,0.116621,1.46374,0.125208,61867,0.0855875,125.99,0.369816
63,0,0.0602748,-0.000415344,0.0587407,0.234426,0.0401848,0,0.569299,0,1.34067,0.170191,0,0.0768452,0.376864,3.5611,0.475267,0.0553675,0.840573,3.54988,0,0.225979,0,0,0,0,0.00142176,0.324919,0.959717,0.0615827,0.0605414,0.0617101,0.00799966,0.00541398,0.410301,0.0612905,10.6244,-3.01187,3.3267,0.901518,0.561441,-0.894282,-0.115117,0.539322,-0.004747,0,0,0.00259709,0.0114484,-0.000613631,-0.333333,-0.0196552,-0.00027422,-0.00600651,0.000795184,9.91667,20.4167,0,0,0,0,0,-14.5528,3.375e-05,0.00405488,0.0878475,1.50318,0.122572,60466,0.0855972,127.6,0.453453
64,0,0.0598606,-0.000620217,0.0585808,0.228868,0.0400568,0,0.564306,0,1.34256,0.170287,0,0.0767176,0.401781,3.58249,0.479112,0.0633473,0.846099,3.54368,0,0.220294,0,0,0,0,0.00142718,0.32918,0.959172,0.0658728,0.0604355,0.0612779,0.00877029,0.00624908,0.423176,0.0613777,10.8147,-3.18596,3.36156,0.89665,0.557456,-1.06306,-0.105934,0.544205,-0.00653239,0,0,0.00417105,0.0146586,-0.000568492,-0.333333,-0.0281021,-0.000271809,-0.00549708,0.00116965,14.2917,21.8333,0,0,0,0,0,-14.5487,7.59375e-05,0.00376056,0.0828158,1.4676,0.11971,61931,0.0856381,129.41,0.612543
65,0,0.0600861,-0.000761632,0.0588377,0.222712,0.038271,0,0.554284,0,1.34321,0.169151,0,0.0769576,0.417627,3.56825,0.478125,0.0682892,0.851317,3.5426,0,0.21413,0,0,0,0,0.00137773,0.33289,0.960153,0.0628815,0.0608096,0.0614941,0.00849038,0.00591377,0.421766,0.0617747,10.5627,-3.25497,3.37102,0.895888,0.550229,-1.14531,-0.107607,0.547016,-0.00836193,0,0,0.00493803,0.0140605,-0.000567854,-0.333333,-0.0314977,-0.00026673,-0.00570678,0.000963671,16.25,24.0833,0,0,0,0,0,-14.544,2.25e-05,0.00586615,0.0827798,1.47294,0.119014,61750,0.0856488,130.4,0.53722
66,0,0.0608481,-0.000279818,0.0589743,0.226707,0.0389374,0,0.55754,0,1.3383,0.178158,0,0.0767244,0.396838,3.60238,0.480988,0.0629975,0.841416,3.4963,0,0.218614,0,0,0,0,0.00124979,0.335543,0.959175,0.0647544,0.060848,0.0622879,0.00674442,0.00442076,0.408607,0.0615186,10.2417,-3.38134,3.66316,0.89338,0.592783,-0.925004,-0.132447,0.541037,-0.00808085,0,3.37485e-08,0.00370311,0.0114865,-0.000683187,-0.333333,-0.0294185,-0.000267984,-0.00868568,0.000841902,13.3333,26.5,0,0,0,0,0,-14.5429,2.25e-05,0.00651462,0.11129,1.46705,0.121044,61900,0.0856544,127.55,0.322045
67,0,0.0610332,-0.000117795,0.0590759,0.235334,0.0390565,0,0.571938,0,1.33568,0.17735,0,0.0753879,0.379952,3.6041,0.4783,0.0564155,0.837201,3.51305,0,0.227317,0,0,0,0,0.00127119,0.324827,0.958488,0.0621231,0.060854,0.0624724,0.00587814,0.00342041,0.402493,0.061304,10.3986,-3.14696,3.56168,0.897545,0.596359,-0.829801,-0.127781,0.540536,-0.00549823,0,3.58047e-08,0.00240854,0.00924743,-0.000679426,-0.333333,-0.0233615,-0.000273943,-0.00926346,0.000686133,11.75,27.7083,0,0,0,0,0,-14.5417,3.375e-05,0.00663736,0.0769379,1.4735,0.118883,61734,0.085665,127.23,0.318322
68,0,0.0604476,-0.000413461,0.0588879,0.235744,0.0395054,0,0.572717,0,1.33739,0.168301,0,0.0761605,0.381105,3.57442,0.476179,0.0556215,0.842102,3.54736,0,0.227467,0,0,0,0,0.00131341,0.322948,0.959436,0.0602886,0.0606505,0.0619032,0.00761318,0.00501773,0.408882,0.0613184,10.6085,-3.00371,3.35404,0.901372,0.570768,-0.899602,-0.111188,0.544248,-0.00512107,0,0,0.002683,0.0111071,-0.000594189,-0.333333,-0.0204339,-0.000273366,-0.00642825,0.000778162,9.16667,21.9167,0,0,0,0,0,-14.5392,7.59375e-05,0.00373295,0.0628633,1.46489,0.119095,62061,0.0856875,127.01,0.479499
69,0,0.0599401,-0.000617181,0.058653,0.231482,0.0392177,0,0.567738,0,1.34726,0.166377,0,0.0764619,0.395228,3.56623,0.4773,0.0607692,0.845414,3.55146,0,0.222855,0,0,0,0,0.00146525,0.32378,0.960019,0.0623533,0.0606048,0.061397,0.00827926,0.00569825,0.422413,0.0614757,10.7901,-3.05311,3.26605,0.900009,0.553708,-1.02378,-0.108494,0.546742,-0.00603265,0,0,0.0038065,0.0136022,-0.000579646,-0.333333,-0.0266756,-0.000273477,-0.00495567,0.000952857,11.9167,19,0,0,0,0,0,-14.535,5.0625e-05,0.00319194,0.0673172,1.45616,0.119178,62401,0.0857122,129.33,0.353693
70,0,0.060079,-0.00078701,0.0588561,0.22455,0.0380367,0,0.556098,0,1.33871,0.168412,0,0.0755639,0.412379,3.56563,0.478493,0.0659673,0.852684,3.55477,0,0.215867,0,0,0,0,0.00146314,0.330245,0.959867,0.0618247,0.0608581,0.0615102,0.00901382,0.00637876,0.426072,0.0618389,10.8029,-3.1381,3.25147,0.8994,0.542671,-1.11991,-0.10548,0.548893,-0.00766483,0,0,0.00478479,0.0147596,-0.000570835,-0.333333,-0.0301603,-0.000265998,-0.00547181,0.00103913,15.7917,22.5,0,0,0,0,0,-14.5305,7.59375e-05,0.00366197,0.0693596,1.46337,0.118335,62150,0.0857407,129.13,0.34303
71,0,0.06072,-0.000430684,0.0590642,0.226726,0.039007,0,0.559953,0,1.33097,0.175785,0,0.075773,0.404453,3.59309,0.480502,0.0641826,0.844516,3.5238,0,0.218757,0,0,0,0,0.00127469,0.331191,0.959722,0.0622661,0.0609082,0.0620892,0.00695141,0.00455743,0.413289,0.0616514,10.3197,-3.28715,3.50434,0.895455,0.572459,-1.00299,-0.12335,0.541682,-0.00741192,0,1.04554e-06,0.0039906,0.0123483,-0.00066018,-0.333333,-0.0300009,-0.000267273,-0.00817391,0.000854784,16.7083,27.0417,0,0,0,0,0,-14.5272,1e-05,0.00430748,0.101206,1.46049,0.118387,62261,0.085752,128.91,0.38922
72,0,0.0610647,-0.000198918,0.0590856,0.23171,0.0391883,0,0.565146,0,1.34316,0.177262,0,0.0759353,0.382457,3.58587,0.478109,0.0585063,0.83988,3.51359,0,0.223618,0,0,0,0,0.00127381,0.32967,0.959097,0.0619096,0.0609532,0.0625363,0.00669964,0.00421774,0.401905,0.0614972,10.2363,-3.22559,3.60375,0.89678,0.597404,-0.822674,-0.128512,0.541811,-0.00679244,0,9.52136e-10,0.00276473,0.00948502,-0.000682692,-0.333333,-0.0237735,-0.000271822,-0.00918258,0.000678342,12.0833,30.4167,0,0,0,0,0,-14.5258,3.375e-05,0.00374489,0.0748411,1.4756,0.127095,61336,0.0857617,127.33,0.247991
73,0.000126263,0.0603681,-0.000348981,0.0588058,0.234674,0.0402095,0,0.574191,2.26819e-06,1.35535,0.171922,0,0.0767718,0.381065,3.5793,0.478503,0.0596479,0.837588,3.52345,3.78032e-05,0.226512,0,0,0,0,0.00124736,0.324053,0.959211,0.0631456,0.0605075,0.0617322,0.00671648,0.00421699,0.408699,0.0611436,10.479,-3.12671,3.46588,0.898833,0.581407,-0.949633,-0.114792,0.542,-0.00580862,1.60354e-05,4.0192e-06,0.00299261,0.0119729,-0.000616231,-0.333333,-0.0237019,-0.000277988,-0.0072054,0.000926332,10.3333,22.5833,0,0,0,0,0,-14.5232,2.25e-05,0.00323935,0.0578188,1.47723,0.11806,61621,0.0857841,128.76,0.455475
74,0,0.0601071,-0.000547553,0.0587771,0.233258,0.0378821,0,0.57057,0,1.34458,0.160676,0,0.074978,0.390193,3.56968,0.476308,0.0594206,0.842848,3.5502,0,0.224583,0,0,0,0,0.00140644,0.322441,0.959833,0.062,0.060606,0.0615555,0.00782255,0.00524348,0.417275,0.0614272,10.7577,-3.06246,3.23158,0.901395,0.551367,-1.00352,-0.108157,0.554181,-0.00579104,0,0,0.00356716,0.0139848,-0.00059632,-0.333333,-0.0231499,-0.000274309,-0.00504342,0.00105055,10.8333,16.2917,0,0,0,0,0,-14.5188,0.000113906,0.00315332,0.054751,1.46903,0.11901,61902,0.0858216,129.05,0.725248
75,0,0.0599455,-0.00073959,0.0587269,0.226963,0.0391518,0,0.561188,0,1.34119,0.169448,0,0.076483,0.406665,3.56404,0.477955,0.0648303,0.850514,3.54969,0,0.218387,0,0,0,0,0.00144634,0.330941,0.959746,0.0619163,0.0607101,0.0613623,0.00962724,0.0070062,0.4238,0.0617084,10.8198,-3.11192,3.32627,0.897806,0.54857,-1.09655,-0.105851,0.546622,-0.00753781,0,5.85314e-08,0.00447666,0.0143805,-0.000574409,-0.333333,-0.0312352,-0.000269735,-0.00566292,0.00106288,13.125,19.75,0,0,0,0,0,-14.5127,1e-05,0.00913199,0.0606216,1.45362,0.120365,62455,0.0858423,129.5,0.536039
76,1.70068e-05,0.0605106,-0.00051948,0.0589465,0.226616,0.0383013,0,0.559555,1.01837e-07,1.33135,0.172978,0,0.0758957,0.404705,3.58701,0.479967,0.0643046,0.846952,3.52762,5.09186e-06,0.218373,0,0,0,0,0.00131163,0.331956,0.959991,0.0624515,0.0608911,0.0619207,0.0078102,0.00534786,0.415688,0.0617132,10.4608,-3.25239,3.45336,0.896027,0.566377,-1.01483,-0.120286,0.548535,-0.00797808,1.85374e-06,3.1727e-06,0.00433361,0.0129423,-0.000641293,-0.333333,-0.0298897,-0.000268027,-0.00750621,0.000909706,17.4167,27.0833,0,0,0,0,0,-14.5112,1e-05,0.0050066,0.0870339,1.48213,0.118646,61410,0.0858511,128.02,0.541522
77,0,0.0610554,-0.000313522,0.0592236,0.23103,0.0381132,0,0.564997,0,1.33045,0.176026,0,0.0756997,0.391441,3.59894,0.480012,0.0599247,0.839826,3.50665,0,0.222821,0,0,0,0,0.00120026,0.327108,0.959404,0.0608235,0.0610088,0.0624332,0.00617461,0.00370279,0.405187,0.0615448,10.331,-3.19033,3.56624,0.896654,0.589418,-0.893171,-0.122813,0.545387,-0.00693635,0,4.49119e-08,0.00328261,0.010844,-0.00066359,-0.333333,-0.0250869,-0.000268376,-0.00876628,0.000830754,15.0833,31.5833,0,0,0,0,0,-14.5102,1e-05,0.00669358,0.0649996,1.47106,0.121781,61716,0.0858552,127.18,0.32417
78,0,0.0603711,-0.000358295,0.0587303,0.233203,0.0391293,0,0.570376,0,1.34924,0.171372,0,0.0757758,0.382214,3.59482,0.479646,0.0601418,0.83874,3.51947,0,0.224872,0,0,0,0,0.00131981,0.326422,0.95883,0.0635164,0.0605772,0.0618481,0.00731249,0.00476119,0.409765,0.0612392,10.3977,-3.21342,3.53568,0.89611,0.585689,-0.919168,-0.109501,0.545442,-0.00684408,0,3.43526e-07,0.00283724,0.0112901,-0.00060026,-0.333333,-0.0277343,-0.000273784,-0.00811607,0.000902295,10.7083,23.7083,0,0,0,0,0,-14.5084,5.0625e-05,0.00232377,0.0510939,1.46553,0.118228,62070,0.0858765,128.06,0.414932
79,0,0.0598136,-0.000508146,0.0585259,0.233183,0.0391314,0,0.573325,0,1.36327,0.163283,0,0.075835,0.386073,3.58753,0.479853,0.0629967,0.838593,3.51743,0,0.22462,0,0,0,0,0.0013034,0.321974,0.959208,0.0656258,0.0602966,0.0612047,0.00721295,0.0047065,0.414944,0.0610672,10.4825,-3.30849,3.47066,0.894945,0.5692,-1.04664,-0.104576,0.550599,-0.00661548,0,1.0025e-07,0.00349676,0.0145186,-0.000586698,-0.333333,-0.027569,-0.000280816,-0.00677253,0.00109093,10.6667,17.2917,0,0,0,0.0416667,0,-14.5012,7.59375e-05,0.00455382,0.0467222,1.48632,0.119172,61229,0.0859383,129.75,0.564791
80,0.000238095,0.0597451,-0.00060618,0.0585625,0.22922,0.0391472,0,0.565315,5.4509e-06,1.35192,0.167049,0,0.0758054,0.402041,3.59019,0.480499,0.0639661,0.84611,3.54158,9.81162e-05,0.220514,0,0,0,0,0.00149959,0.327891,0.959183,0.0636004,0.0605685,0.0612678,0.0089258,0.00635681,0.425582,0.0615374,10.9058,-3.15632,3.35525,0.896516,0.552234,-1.09932,-0.104489,0.549522,-0.00693969,3.79777e-05,1.63904e-05,0.00421275,0.015374,-0.000575169,-0.333333,-0.0297687,-0.000272758,-0.00555128,0.00111003,12.1667,17.5,0,0,0,0.0416667,0,-14.491,3.375e-05,0.00511208,0.0595678,1.47308,0.120389,61691,0.085991,128.87,0.412489
81,0,0.0605532,-0.000546207,0.0589782,0.227259,0.0379646,0,0.558547,0,1.32502,0.172434,0,0.076176,0.405115,3.58591,0.47917,0.0618389,0.848749,3.52921,0,0.218919,0,0,0,0,0.00140537,0.332047,0.959652,0.0610582,0.0610569,0.0620774,0.0086309,0.00608608,0.417986,0.0618893,10.6891,-3.19827,3.49304,0.896733,0.567349,-0.967838,-0.115122,0.547768,-0.0073668,0,3.35945e-08,0.00436263,0.0124205,-0.000612593,-0.333333,-0.0293077,-0.000264136,-0.00703644,0.000842028,15.4583,26.0833,0,0,0,0,0,-14.4862,5.0625e-05,0.00933157,0.0800469,1.45889,0.11889,62305,0.0860069,128.6,0.204092
82,0,0.0609221,-0.000370216,0.059171,0.230127,0.0389042,0,0.564476,0,1.33392,0.176885,0,0.0750567,0.39438,3.59209,0.479434,0.0613135,0.841762,3.51527,0,0.222032,0,0,0,0,0.00127732,0.325811,0.95961,0.0604592,0.0610606,0.0623601,0.00623126,0.00372634,0.405757,0.0616344,10.3907,-3.13609,3.51035,0.896781,0.581811,-0.943597,-0.128666,0.544023,-0.00726026,0,1.70597e-08,0.00338843,0.010832,-0.000664758,-0.333333,-0.0283609,-0.000269203,-0.0086184,0.000768332,16.6667,31.625,0,0,0,0.0416667,0,-14.4845,1.5e-05,0.00720024,0.0701184,1.47289,0.119982,61714,0.0860129,127.71,0.224344
83,0,0.0603878,-0.000499023,0.0588128,0.229473,0.039948,0,0.56132,0,1.3359,0.175328,0,0.0769228,0.39139,3.58711,0.47881,0.0600336,0.843168,3.53656,0,0.221074,0,0,0,0,0.00128859,0.32923,0.959565,0.0624618,0.0606706,0.0618044,0.00736825,0.00479927,0.408479,0.0613985,10.3877,-3.18112,3.47528,0.896684,0.577689,-0.937567,-0.118329,0.537985,-0.00696892,0,0,0.00314736,0.0111494,-0.000622288,-0.333333,-0.0239912,-0.000271028,-0.00729193,0.000745203,12.0833,25.4167,0,0,0,0.0416667,0,-14.4829,7.59375e-05,0.00384309,0.0560008,1.47295,0.120525,61691,0.08603,127.47,0.404644
84,0,0.0598386,-0.00052496,0.0586355,0.231378,0.0399163,0,0.569207,0,1.35679,0.168981,0,0.0767406,0.389443,3.57809,0.479541,0.0633806,0.840697,3.53176,0,0.222865,0,0,0,0,0.0012572,0.324194,0.959459,0.0631779,0.0603838,0.0612189,0.00648581,0.00388284,0.413673,0.0610881,10.5259,-3.15439,3.3575,0.898271,0.561298,-1.08087,-0.107389,0.538713,-0.00677218,0,3.73174e-07,0.00328959,0.0133842,-0.000589657,-0.333333,-0.0281256,-0.000278522,-0.00638083,0.0010568,10.7083,18.7917,0,0,0,0.0416667,0,-14.4795,7.59375e-05,0.00349656,0.0481679,1.46721,0.119252,61964,0.0860526,129.21,0.549877
85,0,0.0596576,-0.000723714,0.0585384,0.230832,0.0404853,0,0.566839,0,1.33503,0.169917,0,0.0758798,0.399998,3.57648,0.47897,0.0617939,0.848272,3.55888,0,0.222167,0,0,0,0,0.00144556,0.327041,0.959611,0.0627334,0.0604466,0.0611236,0.00820552,0.00560633,0.423513,0.0613417,10.9453,-3.01737,3.18039,0.901895,0.541983,-1.08213,-0.0995798,0.540209,-0.00668612,0,2.92784e-08,0.00408027,0.0146226,-0.00055871,-0.333333,-0.0252126,-0.000269758,-0.00516749,0.00109489,11.2917,15.7917,0,0,0,0,0,-14.4735,1e-05,0.0031188,0.0572379,1.47717,0.121503,61491,0.0860875,128.2,0.579664
86,0,0.0604552,-0.000553036,0.0589452,0.229492,0.0399331,0,0.563516,0,1.32691,0.174449,0,0.0761404,0.399109,3.57125,0.477056,0.0610293,0.847479,3.5535,0,0.22126,0,0,0,0,0.00146501,0.331633,0.9594,0.0605047,0.0609526,0.0619867,0.00831465,0.00582125,0.41863,0.0617797,10.8106,-3.10009,3.38456,0.898874,0.561515,-0.994008,-0.118759,0.541785,-0.00648783,0,0,0.00402655,0.0123744,-0.000651461,-0.333333,-0.0274424,-0.000267469,-0.00676956,0.00086615,14.4583,23.1667,0,0,0,0,0,-14.4694,3.375e-05,0.00315439,0.08199,1.4819,0.125175,61169,0.0861173,128.23,0.298421
87,0,0.060888,-0.000366883,0.0591438,0.229717,0.0384066,0,0.562449,0,1.32585,0.177253,0,0.075804,0.394522,3.58893,0.479899,0.0602058,0.844045,3.52237,0,0.22149,0,0,0,0,0.00137123,0.330465,0.959205,0.0598468,0.0611383,0.0623668,0.00749381,0.00497523,0.410343,0.0618223,10.5136,-3.15078,3.52797,0.897164,0.577738,-0.922301,-0.129793,0.544214,-0.00719242,0,1.01706e-07,0.00348908,0.0112322,-0.000679925,-0.333333,-0.0258458,-0.000266302,-0.00812855,0.000793446,17.7083,32.0833,0,0,0,0.0416667,0,-14.4654,1e-05,0.00515783,0.0771041,1.4905,0.121099,60997,0.0861315,128.28,0.237179
88,0,0.0605405,-0.000444346,0.0589838,0.229133,0.0383796,0,0.560959,0,1.33408,0.172891,0,0.0764345,0.394268,3.58245,0.478628,0.0604495,0.84233,3.53324,0,0.220743,0,0,0,0,0.00127968,0.326681,0.960076,0.061131,0.0608545,0.0619507,0.00669444,0.00418874,0.406464,0.0615482,10.3068,-3.14662,3.46385,0.897297,0.583154,-0.953007,-0.113884,0.54129,-0.00672387,0,0,0.00350291,0.0115088,-0.000606805,-0.333333,-0.0253178,-0.000268866,-0.00675581,0.000809926,14.8333,27.25,0,0,0,0,0,-14.4639,3.375e-05,0.00496113,0.0514598,1.45955,0.121414,62179,0.0861438,127.44,0.47074
89,0,0.0599355,-0.000490278,0.0586031,0.230928,0.0391802,0,0.568049,0,1.34645,0.16618,0,0.0760998,0.391208,3.59749,0.480907,0.0628508,0.841898,3.52969,0,0.222418,0,0,0,0,0.00132032,0.325365,0.95933,0.0649185,0.060396,0.0613463,0.00728069,0.00471421,0.41715,0.0611883,10.4644,-3.26423,3.46552,0.894132,0.574495,-1.03629,-0.107547,0.54616,-0.00622641,0,3.60309e-08,0.00353241,0.0134063,-0.000581202,-0.333333,-0.0274555,-0.000274553,-0.00612073,0.00096207,13.0833,20.5833,0,0,0,0,0,-14.4622,3.375e-05,0.0219101,0.0488423,1.47405,0.123838,61521,0.0861509,128.05,0.584746
90,4.16667e-05,0.0597933,-0.000634484,0.0586061,0.231649,0.0390182,0,0.570318,2.34082e-07,1.34296,0.166478,0,0.0745813,0.395673,3.57645,0.478915,0.0631501,0.844544,3.54521,1.17041e-05,0.223255,0,0,0,0,0.00139226,0.324458,0.959274,0.0631347,0.0605191,0.0612685,0.00775363,0.0051433,0.420948,0.0613331,10.7776,-3.12,3.32281,0.897722,0.557091,-1.07984,-0.102354,0.549051,-0.00676145,2.51431e-06,8.87363e-07,0.00386288,0.0139904,-0.000573552,-0.333333,-0.0276246,-0.000272652,-0.00649213,0.00104964,10.0833,15.1667,0,0,0,0,0,-14.4547,0.000113906,0.00332702,0.0521695,1.53542,0.122683,59287,0.0862453,128.23,0.59862
91,0,0.0603541,-0.000491164,0.0588494,0.231269,0.0389816,0,0.567912,0,1.32538,0.170419,0,0.0756563,0.398733,3.60917,0.482028,0.0611846,0.840995,3.51618,0,0.223038,0,0,0,0,0.00140154,0.32547,0.959202,0.0630142,0.0607765,0.0618748,0.00731276,0.00488001,0.41845,0.0615212,10.7819,-3.18121,3.44713,0.896813,0.564805,-0.986246,-0.113882,0.546555,-0.00624387,0,0,0.0038438,0.0138086,-0.000637501,-0.333333,-0.0256118,-0.00026965,-0.0075259,0.00111364,12.75,19.2917,0,0,0,0,0,-14.4416,2.25e-05,0.00556563,0.0765752,1.50549,0.121381,60425,0.0862852,127.69,0.41335
92,0,0.0609277,-0.000364581,0.0591372,0.230069,0.038592,0,0.562994,0,1.31958,0.174711,0,0.0754638,0.396568,3.59049,0.479564,0.0595448,0.844776,3.52145,0,0.221903,0,0,0,0,0.00140634,0.331422,0.959435,0.0604817,0.0611229,0.0624339,0.00835646,0.00586139,0.411018,0.0618732,10.5568,-3.19084,3.49939,0.897814,0.571894,-0.893994,-0.123515,0.546888,-0.00661703,0,1.69189e-08,0.00369665,0.0111803,-0.000675023,-0.333333,-0.025993,-0.000266129,-0.00815233,0.000768397,16.0833,31,0,0,0,0,0,-14.4379,1.5e-05,0.00694308,0.0769687,1.50122,0.12233,60548,0.0863017,127.71,0.456888
93,0,0.0606631,-0.000488641,0.0590413,0.22876,0.0377789,0,0.561238,0,1.33145,0.171358,0,0.0752282,0.395605,3.58903,0.479428,0.0612491,0.843447,3.52931,0,0.220389,0,0,0,0,0.00133801,0.329017,0.959775,0.0612845,0.0609285,0.0621007,0.00719014,0.0046477,0.410214,0.0616321,10.4304,-3.16481,3.47611,0.896978,0.576534,-0.955816,-0.118265,0.544725,-0.00705257,0,0,0.00366827,0.0114397,-0.0006396,-0.333333,-0.0268538,-0.000269035,-0.00734225,0.000790345,15.7917,30.3333,0,0,0,0,0,-14.4362,1.5e-05,0.00412985,0.0601307,1.51734,0.122228,59957,0.0863116,127.99,0.559743
94,0,0.0602052,-0.000498692,0.0587662,0.228298,0.039479,0,0.562152,0,1.34526,0.171445,0,0.0773251,0.396557,3.58794,0.480237,0.0627967,0.842958,3.53325,0,0.220017,0,0,0,0,0.00126975,0.326041,0.959728,0.0629275,0.0605832,0.0616074,0.00711006,0.00463292,0.414803,0.0613795,10.374,-3.27586,3.50732,0.894418,0.577019,-1.01285,-0.112333,0.541132,-0.00677665,0,5.51468e-08,0.00361426,0.0131994,-0.000602999,-0.333333,-0.0270572,-0.000272891,-0.00622423,0.000943247,13.25,21.3333,0,0,0,0,0,-14.4332,1e-05,0.00470852,0.0491188,1.56983,0.126892,57937,0.0863369,129.38,0.335875
95,0,0.0596887,-0.000596724,0.0585063,0.229489,0.0394217,0,0.566382,0,1.34843,0.167172,0,0.0768522,0.394743,3.61102,0.483582,0.0644137,0.841631,3.52371,0,0.221054,0,0,0,0,0.00124802,0.325078,0.959702,0.0648374,0.0602348,0.061023,0.00668878,0.00421396,0.420558,0.061051,10.5609,-3.29972,3.39845,0.894619,0.565308,-1.10013,-0.100859,0.5438,-0.00684536,0,4.20353e-09,0.00375768,0.0144212,-0.00056198,-0.333333,-0.0265262,-0.000275303,-0.00581228,0.00109169,11.375,16.4167,0,0,0,0.0416667,0,-14.4295,7.59375e-05,0.00227484,0.04826,1.52202,0.122003,59794,0.0863722,129.76,0.559099
96,0,0.0603777,-0.000548412,0.0589222,0.231406,0.0405865,0,0.566377,0,1.32023,0.176259,0,0.075661,0.394363,3.58718,0.479995,0.0592608,0.843823,3.52913,0,0.223208,0,0,0,0,0.00140367,0.325972,0.959304,0.0609987,0.0608166,0.0618179,0.00718317,0.00473571,0.419427,0.061568,10.8486,-2.97268,3.33741,0.899674,0.558331,-0.994685,-0.115203,0.5379,-0.00593097,0,1.30382e-07,0.00362487,0.0128044,-0.000647839,-0.333333,-0.0238372,-0.000268111,-0.00631896,0.000938461,12.375,17.2083,0,0,0,0,0,-14.4231,1e-05,0.00465188,0.0775943,1.50726,0.120821,60380,0.0863937,127.39,0.103622
97,0,0.0608462,-0.000408205,0.0591386,0.23073,0.0391679,0,0.563109,0,1.31364,0.177011,0,0.075331,0.395393,3.58544,0.478176,0.0578409,0.845272,3.52354,0,0.222559,0,0,0,0,0.00136256,0.331433,0.959037,0.0589496,0.0611107,0.062295,0.00830866,0.00585247,0.412513,0.0618651,10.7531,-3.04498,3.46663,0.899372,0.566479,-0.893338,-0.117672,0.543433,-0.0062095,0,9.13897e-06,0.00346987,0.0109581,-0.000642444,-0.333333,-0.0246737,-0.000264714,-0.00817767,0.000760366,16.125,27.9167,0,0,0,0.0416667,0,-14.4208,3.375e-05,0.00609187,0.0774683,1.50443,0.122197,60434,0.0864095,127.57,0.289105
98,0,0.0607128,-0.00044124,0.0590787,0.229921,0.0395198,0,0.562984,0,1.30926,0.17595,0,0.0757247,0.394619,3.58575,0.479925,0.0599407,0.844848,3.52366,0,0.221682,0,0,0,0,0.00133297,0.328346,0.959495,0.0599421,0.0609749,0.0621481,0.00746067,0.00496983,0.412117,0.0616786,10.5617,-3.10456,3.45167,0.898299,0.569205,-0.936139,-0.114749,0.540751,-0.00653904,0,1.42188e-07,0.00343347,0.0112993,-0.000641097,-0.333333,-0.0261055,-0.000263838,-0.00737081,0.000784416,17.7917,29,0,0,0,0,0,-14.418,1e-05,0.00828697,0.0576127,1.50431,0.124585,60349,0.0864242,129.31,0.51796
99,0,0.0600277,-0.000598499,0.0587165,0.228595,0.0394791,0,0.563905,0,1.33414,0.172054,0,0.0763695,0.397174,3.58783,0.481896,0.06427,0.842917,3.5207,0,0.220168,0,0,0,0,0.00124943,0.326231,0.95974,0.06285,0.0605502,0.0613975,0.0069154,0.00435704,0.416939,0.0613649,10.4594,-3.28451,3.4376,0.89518,0.572285,-1.06632,-0.107166,0.540071,-0.0073052,0,6.1478e-08,0.00382028,0.0131758,-0.000585223,-0.333333,-0.0293528,-0.000270009,-0.00630166,0.000930136,14.625,22.625,0,0,0,0,0,-14.4165,1.5e-05,0.00544626,0.0501527,1.50994,0.121409,60259,0.0864341,128.92,0.389683
100,0,0.0597645,-0.000665103,0.058562,0.228328,0.0393307,0,0.562982,0,1.34279,0.168194,0,0.0756717,0.393336,3.58971,0.480646,0.064266,0.842757,3.52993,0,0.219788,0,0,0,0,0.00125599,0.326644,0.959778,0.0635143,0.0603542,0.0610985,0.00697957,0.00440737,0.414893,0.0611763,10.4463,-3.25275,3.41309,0.894959,0.565436,-1.07323,-0.0989875,0.5403,-0.00751499,0,1.02003e-06,0.00388898,0.0141387,-0.000559751,-0.333333,-0.0287641,-0.000274436,-0.00631708,0.00104607,11.625,17.8333,0,0,0,0.0416667,0,-14.4125,0.000113906,0.00183474,0.0470138,1.49347,0.123837,60782,0.0864832,128.64,0.569253
101,0,0.0602218,-0.0005308,0.0587811,0.230336,0.0394492,0,0.564917,0,1.32217,0.170494,0,0.075548,0.397891,3.59725,0.481951,0.0612226,0.84302,3.51871,0,0.221798,0,0,0,0,0.00136375,0.327055,0.959195,0.0625183,0.0606897,0.0616374,0.00740666,0.004973,0.418441,0.0614805,10.7052,-3.13383,3.46067,0.896002,0.568562,-0.999506,-0.104896,0.54392,-0.00675196,0,3.17258e-08,0.00366644,0.0136476,-0.00059435,-0.333333,-0.0261246,-0.000268446,-0.00640541,0.00104827,11.4167,17,0,0,0,0,0,-14.4029,3.375e-05,0.00377138,0.0697206,1.4745,0.121869,61579,0.0865204,127.49,0.437013
102,0,0.060906,-0.000404878,0.0592584,0.23164,0.0390609,0,0.563355,0,1.30981,0.175347,0,0.0743582,0.391077,3.58203,0.478039,0.0566296,0.844977,3.53345,0,0.223334,0,0,0,0,0.00142913,0.327644,0.959308,0.0584481,0.0611762,0.0624323,0.00810499,0.00558925,0.412117,0.061889,10.7822,-2.99641,3.39232,0.900575,0.563427,-0.898305,-0.114134,0.542011,-0.00572717,0,0,0.00348765,0.0114102,-0.000636359,-0.333333,-0.0225437,-0.00026598,-0.00725556,0.000772776,13.7917,25.3333,0,0,0,0,0,-14.3986,7.59375e-05,0.00527249,0.0719923,1.46011,0.121537,62152,0.0865571,126.55,0.182735
103,0,0.0606704,-0.000511893,0.0590812,0.229672,0.0393987,0,0.561391,0,1.30653,0.175913,0,0.075111,0.397064,3.5791,0.478808,0.0590023,0.846652,3.53314,0,0.221384,0,0,0,0,0.00142658,0.329069,0.959471,0.0591979,0.0610209,0.0621464,0.00788033,0.00536394,0.413418,0.0617887,10.6863,-3.0555,3.39498,0.90043,0.562915,-0.926801,-0.11609,0.538359,-0.00644999,0,0,0.00346769,0.0114893,-0.000636278,-0.333333,-0.0250574,-0.000263861,-0.00701114,0.000822934,16.9167,29.25,0,0,0,0,0,-14.3923,3.375e-05,0.00474015,0.063045,1.46055,0.123556,62056,0.0865913,128.63,0.490955
104,0,0.0602745,-0.000635761,0.0589905,0.229129,0.0377875,0,0.564308,0,1.32786,0.168059,0,0.0744583,0.401672,3.60368,0.4821,0.0631568,0.845638,3.53117,0,0.220677,0,0,0,0,0.001307,0.323605,0.959881,0.0612534,0.0607734,0.0616354,0.00675509,0.00418392,0.415597,0.0615638,10.5193,-3.15978,3.37559,0.896552,0.564192,-1.06734,-0.103053,0.548846,-0.00703832,0,4.33603e-08,0.0040144,0.0132433,-0.000567831,-0.333333,-0.0290848,-0.000267853,-0.00573433,0.000908596,16.6667,24.3333,0,0,0,0,0,-14.3882,3.375e-05,0.0035376,0.0520029,1.5072,0.12279,60309,0.0866115,128.67,0.562372
105,0,0.0598915,-0.000675073,0.0587005,0.228568,0.0399361,0,0.562702,0,1.3298,0.169574,0,0.0753694,0.398203,3.6095,0.483256,0.0633789,0.843598,3.52732,0,0.219986,0,0,0,0,0.00122007,0.326437,0.959792,0.0627922,0.0604015,0.0611755,0.00640057,0.00388604,0.421138,0.0612118,10.4768,-3.23799,3.38086,0.895405,0.560581,-1.08798,-0.102446,0.542037,-0.00724398,0,5.88326e-08,0.00399238,0.0145254,-0.000571439,-0.333333,-0.0266464,-0.000270993,-0.00553973,0.0010334,14.0833,19.2917,0,0,0,0,0,-14.3846,5.0625e-05,0.0027599,0.0482083,1.51453,0.124864,59963,0.0866364,128.05,0.362223
106,0,0.0601771,-0.000632997,0.0589228,0.229404,0.0389581,0,0.562642,0,1.31923,0.170689,0,0.074696,0.395868,3.58717,0.481243,0.0607852,0.844257,3.54057,0,0.221174,0,0,0,0,0.0012829,0.325498,0.959666,0.0600294,0.0607374,0.0615929,0.00693297,0.00438588,0.416788,0.06151,10.6666,-3.08026,3.32741,0.899225,0.556022,-1.01725,-0.1041,0.54283,-0.00660779,0,1.71785e-08,0.00364452,0.0137884,-0.00058252,-0.333333,-0.0238126,-0.000267333,-0.00577806,0.00100963,11.0417,16.7083,0,0,0,0,0,-14.3784,0.000113906,0.00300809,0.0569698,1.50832,0.122249,60288,0.0866939,126.95,0.425945
107,0,0.0608343,-0.000404988,0.0592247,0.234584,0.0388607,0,0.569041,0,1.30509,0.171311,0,0.0735245,0.389201,3.59473,0.480277,0.0548933,0.843641,3.51764,0,0.226265,0,0,0,0,0.00140334,0.32464,0.959169,0.0582158,0.061118,0.0623451,0.00816235,0.00565521,0.412182,0.0618582,10.8337,-3.02299,3.39469,0.900212,0.565757,-0.871622,-0.11238,0.5499,-0.00521723,0,0,0.00326411,0.0119322,-0.000628158,-0.333333,-0.0217938,-0.000266347,-0.00704495,0.000787743,12.5,22.625,0,0,0,0,0,-14.3707,1e-05,0.00532882,0.071423,1.49232,0.126441,60727,0.0867159,126.08,0.383632
108,0,0.0607448,-0.00054599,0.0591973,0.230127,0.0399273,0,0.561098,0,1.30185,0.176458,0,0.0750211,0.395951,3.5853,0.479452,0.0578995,0.847467,3.54496,0,0.221752,0,0,0,0,0.00143091,0.328212,0.959554,0.0589701,0.0610784,0.0621879,0.00768788,0.00512198,0.416408,0.0618117,10.8151,-2.91436,3.31259,0.902174,0.559171,-0.947058,-0.10973,0.536674,-0.00617075,0,6.29533e-09,0.0035942,0.0113939,-0.000610754,-0.333333,-0.0229494,-0.000262886,-0.00700147,0.000778286,16.9583,28.5417,0,0,0,0,0,-14.369,3.375e-05,0.00198985,0.0586042,1.47838,0.118481,61560,0.0867272,127.37,0.449746
109,0,0.0602343,-0.00069181,0.0589832,0.229672,0.0372713,0,0.56365,0,1.31482,0.165944,0,0.0739337,0.401121,3.59454,0.480891,0.0616992,0.84807,3.54217,0,0.221008,0,0,0,0,0.00136629,0.323443,0.96014,0.0605822,0.0608528,0.0616478,0.00695,0.00437229,0.41822,0.0616687,10.5853,-3.14226,3.34945,0.896712,0.556998,-1.05158,-0.0974185,0.550857,-0.00698673,0,2.1854e-08,0.00403125,0.013199,-0.000550967,-0.333333,-0.027741,-0.000265349,-0.00551808,0.000874046,17.375,23.7083,0,0,0,0,0,-14.3661,3.375e-05,0.003178,0.0481941,1.49728,0.122222,60700,0.0867497,128.08,0.433198
110,0,0.0598585,-0.000734709,0.058631,0.22731,0.0394565,0,0.559327,0,1.31612,0.172993,0,0.0762258,0.400511,3.58475,0.479906,0.0635485,0.848084,3.54512,0,0.218638,0,0,0,0,0.00130082,0.329425,0.959957,0.0632441,0.0604675,0.061206,0.00685247,0.0042704,0.417571,0.0613147,10.5326,-3.22474,3.37274,0.89666,0.554984,-1.06345,-0.0971845,0.536133,-0.00789969,0,7.34424e-09,0.0038725,0.0130303,-0.000553329,-0.333333,-0.0294915,-0.000266383,-0.0056851,0.000935971,14.125,21.9583,0,0,0,0,0,-14.3611,7.59375e-05,0.00327452,0.0442926,1.47705,0.118954,61593,0.0867907,128.89,0.423644
111,0,0.0598661,-0.000653368,0.0586779,0.229148,0.0395384,0,0.563162,0,1.32526,0.168837,0,0.0754264,0.394082,3.59547,0.481656,0.0626232,0.84489,3.53372,0,0.220657,0,0,0,0,0.00136877,0.327173,0.959492,0.0630527,0.0605121,0.0613143,0.00707119,0.00460219,0.419206,0.0613664,10.6512,-3.23281,3.37886,0.895772,0.55383,-1.07041,-0.0999544,0.541089,-0.00716374,0,1.55692e-08,0.0037041,0.0140444,-0.000576353,-0.333333,-0.0279661,-0.00027018,-0.00622867,0.00102651,12.375,16.9583,0,0,0,0.0416667,0,-14.3518,7.59375e-05,0.00424581,0.0551492,1.47881,0.122293,61397,0.0868611,128.37,0.593947
112,0,0.0607288,-0.000378208,0.0591214,0.233669,0.0382328,0,0.567796,0,1.30584,0.17236,0,0.0736642,0.3883,3.59247,0.480286,0.0561165,0.841129,3.507,0,0.225403,0,0,0,0,0.00138658,0.325088,0.958988,0.0607085,0.0610049,0.0622196,0.00750442,0.00502419,0.411984,0.0617055,10.7678,-3.06716,3.4265,0.898374,0.569745,-0.889317,-0.112168,0.544712,-0.00542304,0,4.31904e-07,0.00319809,0.0114121,-0.00064213,-0.333333,-0.0233391,-0.000267426,-0.00739634,0.000789917,13.5,20.625,0,0,0,0,0,-14.3412,1e-05,0.00206776,0.0713242,1.50613,0.120426,60436,0.0869044,126.49,0.291397
113,0,0.0607842,-0.000501979,0.0591904,0.23216,0.0389199,0,0.564453,0,1.29789,0.173511,0,0.074388,0.392075,3.57866,0.47873,0.0563079,0.846328,3.52787,0,0.223783,0,0,0,0,0.00143672,0.328727,0.95917,0.0581568,0.0611458,0.0622819,0.00800635,0.00539763,0.414512,0.0618735,10.8394,-2.98158,3.3889,0.900449,0.561575,-0.894256,-0.112291,0.543194,-0.00605286,0,0,0.00342422,0.0109287,-0.000626291,-0.333333,-0.0241817,-0.000262842,-0.00768102,0.000694048,14.9583,26.2083,0,0,0,0,0,-14.337,1e-05,0.00274862,0.0658769,1.49459,0.121752,60818,0.0869287,128.6,0.367743
114,0,0.0603077,-0.000634914,0.0588984,0.229532,0.0384888,0,0.562214,0,1.30473,0.169797,0,0.0745318,0.399266,3.58672,0.480223,0.0606369,0.848372,3.5422,0,0.220973,0,0,0,0,0.00139661,0.328417,0.959786,0.0605597,0.0607958,0.0617428,0.00788172,0.00525775,0.420922,0.0616118,10.6976,-3.16388,3.35437,0.898739,0.556535,-0.989331,-0.101418,0.544455,-0.00719414,0,0,0.00378137,0.0124564,-0.000575173,-0.333333,-0.0263044,-0.000264098,-0.00610742,0.000857556,15.7917,25.375,0,0,0,0,0,-14.3336,7.59375e-05,0.00172427,0.0532343,1.49828,0.120177,60739,0.0869615,128.51,0.589005
115,0,0.0601107,-0.00067039,0.0588566,0.227495,0.0377934,0,0.558631,0,1.31232,0.166901,0,0.0754222,0.400139,3.58892,0.480959,0.0620149,0.847785,3.53055,0,0.218778,0,0,0,0,0.00134712,0.325423,0.959721,0.0609964,0.0607728,0.0615301,0.00765161,0.00504308,0.417648,0.0616478,10.5163,-3.30469,3.45965,0.89412,0.558085,-1.01651,-0.0966567,0.546484,-0.00728385,0,0,0.00399304,0.0129062,-0.000566858,-0.333333,-0.0298615,-0.000264403,-0.00532246,0.000814859,14.9167,22.0833,0,0,0,0,0,-14.3228,0.000113906,0.0016869,0.0488029,1.52407,0.122128,59715,0.087055,128.27,0.400599
116,0,0.0600084,-0.000680012,0.0588482,0.228656,0.0389122,0,0.561802,0,1.30835,0.166895,0,0.0736158,0.399754,3.60269,0.482396,0.0625807,0.846514,3.5254,0,0.220122,0,0,0,0,0.00130573,0.323769,0.959771,0.0622802,0.06062,0.0613886,0.00672329,0.0042496,0.417416,0.0614495,10.5803,-3.23042,3.36348,0.895941,0.551726,-1.08186,-0.099016,0.545757,-0.00682317,0,0,0.00400362,0.0141771,-0.000562017,-0.333333,-0.0283912,-0.000269067,-0.00618374,0.00100077,14.1667,17.3333,0,0,0,0.0416667,0,-14.3108,2.25e-05,0.00402824,0.0647874,1.50089,0.121027,60609,0.0870939,127.84,0.417152
117,0,0.0606719,-0.000423601,0.0591341,0.232998,0.0380069,0,0.567948,0,1.31207,0.169664,0,0.0734989,0.389246,3.59922,0.480446,0.0579183,0.842318,3.51651,0,0.22469,0,0,0,0,0.00131661,0.326234,0.958878,0.0593605,0.0609762,0.0621432,0.00713131,0.00470917,0.41299,0.0616772,10.7165,-3.12924,3.43002,0.897887,0.56786,-0.930701,-0.118437,0.550913,-0.00597438,0,5.26441e-09,0.00333687,0.0117885,-0.000677683,-0.333333,-0.0239992,-0.000268519,-0.0073753,0.000817583,12.9583,21.2917,0,0,0,0,0,-14.3063,2.25e-05,0.00543011,0.0698723,1.5192,0.120669,59946,0.0871212,126.82,0.507642
118,0,0.0608338,-0.000470652,0.0592781,0.23306,0.0373685,0,0.564843,0,1.30072,0.167949,0,0.0730309,0.386619,3.57652,0.478081,0.0548614,0.845295,3.53544,0,0.224601,0,0,0,0,0.00147907,0.325111,0.959496,0.0570664,0.0612422,0.0623999,0.00811421,0.00555178,0.412344,0.0619652,10.7754,-3.02439,3.35086,0.901274,0.559918,-0.875846,-0.104147,0.549435,-0.00506904,0,0,0.00322906,0.0111092,-0.000600917,-0.333333,-0.0224251,-0.000265124,-0.00662033,0.000689419,14.4583,24.4167,0,0,0,0,0,-14.302,7.59375e-05,0.00386128,0.0612714,1.50611,0.122365,60365,0.0871599,125.96,0.529537
119,0.000107527,0.0605135,-0.000639667,0.0591542,0.230112,0.037923,0,0.560703,1.6292e-06,1.2922,0.169389,0,0.0738547,0.39896,3.58445,0.479664,0.0579725,0.84874,3.53986,3.25839e-05,0.221373,0,0,0,0,0.00139707,0.323635,0.960143,0.0579107,0.0610199,0.0619397,0.0073801,0.00482255,0.418173,0.0618232,10.7557,-3.05309,3.3363,0.899617,0.554311,-0.973577,-0.0987367,0.545615,-0.00600935,1.3172e-05,3.75462e-06,0.00379681,0.0121863,-0.000569908,-0.333333,-0.0234442,-0.00026056,-0.00588442,0.000784078,16.8333,24.4167,0,0,0,0,0,-14.2965,3.375e-05,0.00455698,0.0531643,1.50479,0.1211,60461,0.0871793,127.13,0.46403
120,0,0.0600141,-0.000707611,0.0587726,0.227019,0.0378746,0,0.555888,0,1.30049,0.168314,0,0.0745889,0.40137,3.60099,0.482453,0.0609503,0.847269,3.53194,0,0.218054,0,0,0,0,0.00141523,0.328765,0.959596,0.0607158,0.0607409,0.0614476,0.00809719,0.00547769,0.418029,0.0616688,10.7058,-3.26594,3.40696,0.895527,0.552066,-1.00582,-0.0966938,0.544557,-0.006968,0,0,0.00398508,0.0133887,-0.000564933,-0.333333,-0.0269097,-0.000262953,-0.00492247,0.000821725,15.25,22.1667,0,0,0,0,0,-14.2914,7.59375e-05,0.00249439,0.0484913,1.47261,0.12086,61691,0.0872329,129.48,0.597345
121,0,0.0599834,-0.000693277,0.0587523,0.227636,0.0373189,0,0.560043,0,1.31403,0.166224,0,0.0746276,0.401815,3.60765,0.484265,0.0633676,0.846644,3.53228,0,0.218976,0,0,0,0,0.00130602,0.324913,0.959838,0.0621384,0.0606342,0.0613407,0.00647595,0.00398872,0.421522,0.0614538,10.525,-3.2726,3.4524,0.894456,0.561414,-1.04523,-0.0953064,0.551021,-0.0080163,0,0,0.0041557,0.014022,-0.000554332,-0.333333,-0.0280697,-0.000267703,-0.00579874,0.000970453,14.625,19.875,0,0,0,0.0416667,0,-14.2783,7.59375e-05,0.00344605,0.0487314,1.51168,0.119802,60254,0.0873294,128.32,0.632147
122,0,0.0605131,-0.000425946,0.0590121,0.232709,0.0384614,0,0.566859,0,1.30102,0.17288,0,0.0740274,0.393741,3.59487,0.482313,0.0577911,0.840191,3.50431,0,0.224359,0,0,0,0,0.00127735,0.324923,0.959192,0.0602524,0.060802,0.0619145,0.00659592,0.00414612,0.411682,0.061496,10.5868,-3.17742,3.47827,0.897137,0.575242,-0.92851,-0.102622,0.544249,-0.00588858,0,6.90194e-10,0.00336339,0.012489,-0.00059644,-0.333333,-0.0233571,-0.000266665,-0.00721836,0.00077922,13.3333,20.6667,0,0,0,0,0,-14.2669,3.375e-05,0.00405638,0.0606491,1.49388,0.122178,60829,0.0873714,126.93,0.504001
123,0,0.0606209,-0.00043953,0.0590991,0.232789,0.0397262,0,0.567038,0,1.29559,0.171047,0,0.0736042,0.388642,3.59806,0.479775,0.0576665,0.846002,3.52942,0,0.224566,0,0,0,0,0.00136939,0.326809,0.958622,0.0612464,0.0609033,0.0621044,0.00783934,0.0053435,0.415052,0.0616438,10.8031,-3.1181,3.45367,0.897761,0.569082,-0.937051,-0.105363,0.544438,-0.00601374,0,9.82325e-07,0.00346196,0.0123754,-0.000597423,-0.333333,-0.0255753,-0.000264445,-0.0076279,0.000902053,14,22.9583,0,0,0,0.0833333,0,-14.2623,3.375e-05,0.0029471,0.0594659,1.47987,0.121239,61397,0.0873936,126.43,0.468372
124,0,0.060275,-0.000597971,0.0589611,0.229824,0.039394,0,0.560818,0,1.29799,0.172397,0,0.0745773,0.396329,3.59193,0.480502,0.0584544,0.846009,3.52753,0,0.221247,0,0,0,0,0.00143519,0.328116,0.959253,0.0603296,0.0609448,0.0617884,0.00821043,0.00562173,0.416951,0.0617879,10.8059,-3.10566,3.41011,0.896732,0.556653,-0.96425,-0.101888,0.539543,-0.0061698,0,1.7886e-08,0.00368297,0.0119733,-0.000582546,-0.333333,-0.0253864,-0.000263928,-0.00593466,0.00081287,15.3333,23.0417,0,0,0,0,0,-14.2585,7.59375e-05,0.00273702,0.0582541,1.51146,0.120138,60250,0.0874297,128.38,0.491548
125,0,0.060078,-0.000710792,0.0587813,0.226336,0.0391924,0,0.556253,0,1.29763,0.17002,0,0.0750537,0.400336,3.595,0.482357,0.0626327,0.847552,3.5249,0,0.217721,0,0,0,0,0.00142178,0.329251,0.959493,0.0624021,0.0607314,0.0615195,0.00758304,0.00508782,0.420268,0.0616159,10.6819,-3.21641,3.39818,0.896267,0.555233,-1.03327,-0.0986629,0.539547,-0.00773184,0,7.64094e-07,0.00395503,0.0139949,-0.000568949,-0.333333,-0.0282396,-0.000263349,-0.00647649,0.00101723,16.2083,23.0833,0,0,0,0.0416667,0,-14.2526,5.0625e-05,0.00422865,0.0495544,1.48815,0.119206,61158,0.0874585,128.69,0.54355
126,0,0.0600674,-0.00075742,0.0589313,0.22701,0.0373345,0,0.556819,0,1.29582,0.1656,0,0.0735684,0.404034,3.59989,0.482194,0.0618201,0.849643,3.53701,0,0.218275,0,0,0,0,0.00134833,0.325644,0.960118,0.0613436,0.060773,0.0614413,0.00705796,0.00449529,0.419746,0.0616574,10.6435,-3.17368,3.30072,0.897695,0.547239,-1.071,-0.0929828,0.54722,-0.00710283,0,7.65321e-10,0.00407335,0.0139596,-0.000550441,-0.333333,-0.0252368,-0.000262058,-0.00509193,0.00099256,15.5417,19.3333,0,0,0,0.0833333,0,-14.247,0.000113906,0.00286729,0.0478098,1.50276,0.120876,60545,0.0875046,129.18,0.591882
127,0,0.060478,-0.000438372,0.0589771,0.231845,0.0387589,0,0.565342,0,1.301,0.171234,0,0.0735143,0.392645,3.60979,0.482633,0.0583913,0.842566,3.50658,0,0.223454,0,0,0,0,0.00134672,0.32259,0.959211,0.0599709,0.0608786,0.0619714,0.00699657,0.00459377,0.413446,0.061628,10.6461,-3.2206,3.44875,0.896669,0.566869,-0.940428,-0.106168,0.54451,-0.00580655,0,0,0.00343979,0.0125262,-0.000614035,-0.333333,-0.0220883,-0.000266957,-0.00725359,0.000826776,14.8333,21.5833,0,0,0,0.0416667,0,-14.2403,3.375e-05,0.00198134,0.0602112,1.46892,0.123053,61749,0.0875311,126.18,0.478399
128,0,0.0608116,-0.00041638,0.0591413,0.232106,0.0374327,0,0.56347,0,1.29603,0.170906,0,0.0744345,0.386989,3.59342,0.480304,0.0557496,0.844248,3.51898,0,0.223676,0,0,0,0,0.00141299,0.327969,0.958925,0.0584893,0.0611112,0.0623224,0.00791674,0.00537023,0.411041,0.0618521,10.6789,-3.19438,3.51593,0.896541,0.570283,-0.84302,-0.109193,0.548321,-0.00581897,0,0,0.00322785,0.0111018,-0.0006213,-0.333333,-0.0237538,-0.0002642,-0.00736233,0.000675318,13.125,22.625,0,0,0,0,0,-14.2369,2.25e-05,0.00173564,0.0623527,1.47643,0.121842,61506,0.0875513,126.72,0.516424
129,0,0.0603781,-0.000596708,0.0590084,0.230746,0.0391818,0,0.562493,0,1.29725,0.170046,0,0.0739507,0.39263,3.59665,0.480835,0.0579758,0.847101,3.53059,0,0.222195,0,0,0,0,0.00146874,0.324094,0.959271,0.0596181,0.0609453,0.0618949,0.00777343,0.00520622,0.415952,0.0617398,10.7671,-3.09979,3.39008,0.8976,0.55504,-0.956857,-0.0958917,0.542007,-0.00597731,0,0,0.00357351,0.0122494,-0.000571232,-0.333333,-0.024269,-0.000264951,-0.00622167,0.000769118,14.75,22.875,0,0,0,0,0,-14.2327,7.59375e-05,0.00217057,0.0536308,1.50154,0.121275,60576,0.0875906,127.55,0.628486
130,0,0.0601755,-0.000715802,0.0589091,0.228851,0.037611,0,0.56064,0,1.29396,0.166975,0,0.0737498,0.399509,3.58534,0.481123,0.0608329,0.847476,3.53924,0,0.220044,0,0,0,0,0.00141138,0.325117,0.959161,0.0605198,0.060824,0.0615581,0.00749289,0.00488139,0.42375,0.0616353,10.874,-3.12031,3.36411,0.898145,0.548613,-1.00876,-0.09532,0.54764,-0.00697913,0,0,0.0040161,0.0131186,-0.000567838,-0.333333,-0.0264911,-0.000260925,-0.00555783,0.000887724,16.4167,23,0,0,0,0,0,-14.2246,1e-05,0.00218617,0.0469916,1.47482,0.126976,61371,0.0876335,128.39,0.560983
131,0,0.0599558,-0.000685589,0.0587957,0.228077,0.0385403,0,0.55963,0,1.29556,0.169036,0,0.0740323,0.402225,3.61536,0.484766,0.0615436,0.845526,3.51839,0,0.219374,0,0,0,0,0.0013916,0.324488,0.959752,0.0622374,0.0606919,0.0613691,0.00693866,0.00441858,0.421535,0.0615822,10.6658,-3.25611,3.40144,0.894294,0.550878,-1.04267,-0.0940036,0.543267,-0.00680752,0,0,0.00405659,0.0143516,-0.000550296,-0.333333,-0.0274174,-0.00026202,-0.00546648,0.00098119,15.0417,19,0,0,0,0,0,-14.2204,1.5e-05,0.00158062,0.0525965,1.46329,0.122513,61990,0.0876571,128.93,0.597542
132,0,0.060421,-0.000601164,0.0590744,0.230535,0.0389735,0,0.562483,0,1.29804,0.172137,0,0.0746675,0.393761,3.60206,0.482465,0.058752,0.84375,3.52288,0,0.221958,0,0,0,0,0.0012996,0.324376,0.959669,0.0584774,0.0609156,0.0617759,0.00724768,0.00471634,0.415028,0.0616966,10.6338,-3.14731,3.4226,0.897199,0.559161,-0.977104,-0.105155,0.542981,-0.00640537,0,0,0.00375255,0.0121219,-0.00060317,-0.333333,-0.0263872,-0.000264718,-0.00628331,0.000741217,15.875,23.4583,0,0,0,0,0,-14.2162,5.0625e-05,0.00269057,0.0593851,1.50591,0.119882,60465,0.0876878,127.25,0.409176
133,0,0.0605483,-0.000515676,0.059116,0.232801,0.0387945,0,0.565821,0,1.29937,0.170587,0,0.0730088,0.388395,3.60222,0.482548,0.0568168,0.843557,3.52021,0,0.224344,0,0,0,0,0.00145665,0.325561,0.959091,0.0584848,0.0610534,0.0620771,0.00711426,0.00459111,0.41446,0.0617736,10.8145,-3.07438,3.38448,0.899068,0.560936,-0.930682,-0.100463,0.54295,-0.00607983,0,1.51398e-08,0.00342619,0.0119248,-0.000598323,-0.333333,-0.023967,-0.000263957,-0.0072818,0.000773421,13.25,21.5,0,0,0,0.0833333,0,-14.2105,7.59375e-05,0.00335685,0.0581426,1.4982,0.121245,60702,0.087727,127.02,0.593625
134,0,0.0603116,-0.000608895,0.0590023,0.230625,0.0393895,0,0.562327,0,1.29448,0.173437,0,0.0734222,0.39351,3.59486,0.481731,0.058193,0.844839,3.51949,0,0.221951,0,0,0,0,0.00140493,0.322376,0.958791,0.0595461,0.0608715,0.0617606,0.00730624,0.00470913,0.417095,0.0616407,10.8865,-3.07482,3.35044,0.898771,0.552793,-0.972434,-0.0938279,0.538228,-0.00580807,0,0,0.00358795,0.0120769,-0.00055262,-0.333333,-0.0244094,-0.000263967,-0.00575876,0.000787466,15.4167,22.25,0,0,0,0,0,-14.2043,5.0625e-05,0.00262622,0.0551445,1.48753,0.119777,61160,0.0877581,127.57,0.545873
135,0,0.0600831,-0.000714225,0.0588778,0.229374,0.0403407,0,0.560272,0,1.29179,0.173792,0,0.0745853,0.398498,3.58828,0.482338,0.0598677,0.848195,3.53421,0,0.220493,0,0,0,0,0.00142759,0.325258,0.959526,0.059255,0.0608205,0.0614834,0.00747432,0.00486634,0.422727,0.0616319,10.8738,-3.06357,3.32429,0.899141,0.549197,-1.01415,-0.092998,0.536664,-0.00654981,0,0,0.003826,0.0128336,-0.000556548,-0.333333,-0.0252066,-0.000261541,-0.00581557,0.000814773,15.2917,20.9167,0,0,0,0,0,-14.1946,5.0625e-05,0.0039737,0.0484306,1.48846,0.123076,61000,0.0878422,128.7,0.539588
136,0,0.0601249,-0.000765775,0.0589775,0.227124,0.0370611,0,0.55779,0,1.29847,0.164925,0,0.0731626,0.40417,3.60523,0.483114,0.0622059,0.850137,3.53458,0,0.218333,0,0,0,0,0.00143802,0.326193,0.959918,0.0598965,0.0609187,0.0615968,0.00807983,0.00549875,0.421949,0.0618637,10.7007,-3.18306,3.35283,0.895861,0.549797,-1.07439,-0.0952813,0.547812,-0.00691336,0,0,0.00428361,0.0140621,-0.000562098,-0.333333,-0.0275909,-0.000262639,-0.00503722,0.000925309,16.375,19.7917,0,0,0,0,0,-14.1839,7.59375e-05,0.00253655,0.0492542,1.489,0.12464,60920,0.0879074,128.37,0.622136
137,0,0.0602953,-0.000620226,0.058978,0.229507,0.0376734,0,0.560559,0,1.29652,0.168709,0,0.074053,0.396415,3.6034,0.482542,0.0592813,0.845798,3.53193,0,0.220904,0,0,0,0,0.0013598,0.324605,0.959586,0.0601464,0.0608451,0.0617073,0.00737396,0.00485592,0.415688,0.0616936,10.6728,-3.1925,3.43367,0.895957,0.564108,-0.985621,-0.100178,0.547841,-0.00614221,0,1.07572e-08,0.00376789,0.0128342,-0.000591749,-0.333333,-0.0230666,-0.000263821,-0.00646323,0.000813795,16,23.2917,0,0,0,0,0,-14.1752,2.25e-05,0.00600061,0.0576568,1.48773,0.121786,61076,0.0879386,127.54,0.610301
138,0,0.0603815,-0.00050086,0.0589322,0.229766,0.0394304,0,0.55853,0,1.28681,0.17592,0,0.0741016,0.391516,3.59453,0.481664,0.0569135,0.843933,3.51915,0,0.221189,0,0,0,0,0.00131411,0.328083,0.959121,0.0603565,0.0607946,0.0617858,0.00700759,0.00454887,0.414272,0.061534,10.7142,-3.13859,3.43167,0.897303,0.563426,-0.909931,-0.105093,0.53513,-0.005834,0,0,0.00349159,0.0119492,-0.000628263,-0.333333,-0.0221521,-0.00026202,-0.00645128,0.000798938,14.3333,21.7917,0,0,0,0,0,-14.1714,1e-05,0.00304512,0.0633972,1.45291,0.121646,62433,0.0879632,127.43,0.347826
139,0,0.0602769,-0.000554335,0.0589117,0.231495,0.0397189,0,0.563242,0,1.29124,0.1728,0,0.0742306,0.390832,3.59972,0.482292,0.0569165,0.843503,3.5132,0,0.222937,0,0,0,0,0.00140594,0.325623,0.958942,0.0598397,0.0608316,0.0617415,0.00768786,0.00514731,0.414519,0.0616282,10.7898,-3.09867,3.38737,0.898005,0.555861,-0.944724,-0.0938292,0.536572,-0.0055579,0,0,0.00349315,0.0121588,-0.000566573,-0.333333,-0.0232678,-0.000262875,-0.00635589,0.000765662,14.0417,21.1667,0,0,0,0,0,-14.1673,7.59375e-05,0.00293854,0.053188,1.49509,0.121289,60817,0.0880066,126.92,0.550574
140,0,0.0601661,-0.000710795,0.0589381,0.229536,0.0387268,0,0.560988,0,1.28873,0.168771,0,0.0735042,0.395343,3.59804,0.482158,0.0597047,0.84752,3.53805,0,0.220708,0,0,0,0,0.00140136,0.324709,0.95919,0.0596541,0.0607894,0.0615892,0.00753035,0.0050446,0.421334,0.061677,10.8717,-3.10232,3.34752,0.896682,0.550645,-1.02202,-0.0920532,0.543966,-0.00636049,0,6.9614e-09,0.0039164,0.0135667,-0.000558408,-0.333333,-0.0252579,-0.000261395,-0.00468053,0.000929518,15.9583,20.5417,0,0,0,0,0,-14.1547,7.59375e-05,0.00337413,0.0516729,1.49393,0.120141,60904,0.0881005,127.67,0.513781
141,0,0.0601328,-0.000732895,0.0589612,0.227953,0.0374382,0,0.559152,0,1.29008,0.16488,0,0.072938,0.403216,3.59229,0.482467,0.0619651,0.85003,3.5254,0,0.219097,0,0,0,0,0.00140672,0.32605,0.959132,0.0596719,0.0609479,0.0615857,0.00816306,0.00560705,0.422814,0.0618526,10.8384,-3.18759,3.38674,0.895844,0.544026,-1.04815,-0.0921442,0.549069,-0.00736381,0,0,0.00419931,0.0131315,-0.000559114,-0.333333,-0.0287454,-0.000259884,-0.00592652,0.000830029,15.875,20.6667,0,0,0,0.125,0,-14.1415,5.0625e-05,0.00306207,0.0503361,1.48352,0.123383,61175,0.0881734,128.98,0.611321
142,0,0.0603761,-0.000610546,0.0590178,0.230649,0.038741,0,0.562568,0,1.28702,0.1724,0,0.0741336,0.394863,3.59756,0.481003,0.0585035,0.847876,3.53921,0,0.222042,0,0,0,0,0.00138605,0.325994,0.959348,0.0585955,0.0609207,0.0617988,0.00763237,0.00510269,0.417218,0.0617794,10.7257,-3.15241,3.39318,0.897162,0.555165,-0.968129,-0.100403,0.540885,-0.00607331,0,0,0.00367353,0.0124408,-0.00059471,-0.333333,-0.0250291,-0.000261554,-0.00585008,0.000763763,16.2083,22,0,0,0,0,0,-14.1313,5.0625e-05,0.0031473,0.0567534,1.49248,0.121977,60889,0.0882284,127.92,0.590701
143,0,0.0602984,-0.000523393,0.0589116,0.231128,0.039758,0,0.564306,0,1.29248,0.171563,0,0.0743363,0.390656,3.60943,0.483047,0.0593356,0.843075,3.50426,0,0.22261,0,0,0,0,0.00129989,0.327774,0.95889,0.0612131,0.060793,0.0617505,0.00709847,0.00467234,0.415037,0.0615789,10.6614,-3.22153,3.51047,0.894798,0.56247,-0.95557,-0.104045,0.542373,-0.00678659,0,0,0.00367164,0.0132184,-0.00062006,-0.333333,-0.0267196,-0.000263937,-0.00742318,0.000901358,16.2083,22.125,0,0,0,0.0416667,0,-14.1259,1e-05,0.00242641,0.0565803,1.48548,0.120475,61212,0.0882461,128.07,0.435733
144,0,0.060453,-0.000514357,0.0590105,0.23191,0.0393868,0,0.56332,0,1.29242,0.172995,0,0.0745142,0.390777,3.60384,0.482455,0.0566234,0.843191,3.51525,0,0.223316,0,0,0,0,0.00139745,0.325167,0.958786,0.0593095,0.0609144,0.0619453,0.00751253,0.00502569,0.415452,0.0617127,10.7717,-3.13431,3.4443,0.897139,0.562508,-0.922226,-0.096914,0.540381,-0.00626249,0,0,0.00333874,0.011935,-0.00057601,-0.333333,-0.0241356,-0.000262089,-0.00626327,0.000764792,14.25,21.875,0,0,0,0,0,-14.1204,7.59375e-05,0.00234383,0.0548166,1.49312,0.121473,60884,0.0883125,127.7,0.407477
145,0,0.0602145,-0.000588693,0.0589321,0.229963,0.0385613,0,0.560431,0,1.28365,0.169491,0,0.0734894,0.396022,3.59421,0.482464,0.0579919,0.847658,3.52168,0,0.221229,0,0,0,0,0.00146078,0.327304,0.958922,0.0601293,0.0609115,0.0617153,0.00802193,0.00554773,0.419347,0.0617948,10.9358,-3.13972,3.37771,0.897557,0.54859,-0.964359,-0.0923902,0.544253,-0.00621664,0,0,0.00394817,0.0128059,-0.000540597,-0.333333,-0.0241179,-0.000257931,-0.00522007,0.000797077,15.4167,20.8333,0,0,0,0,0,-14.1104,2.25e-05,0.00251926,0.0528269,1.50248,0.121953,60516,0.0883484,127.64,0.691594
146,0,0.0601162,-0.000704183,0.0589168,0.229001,0.038044,0,0.559816,0,1.28105,0.166336,0,0.0727256,0.399272,3.59064,0.483263,0.0596465,0.850134,3.52767,0,0.220265,0,0,0,0,0.00141597,0.326734,0.958885,0.0605285,0.0608499,0.0615253,0.0079895,0.00542737,0.424131,0.0617515,10.9741,-3.163,3.38549,0.896094,0.546582,-1.00296,-0.0924488,0.547435,-0.00668701,0,8.78759e-09,0.00402337,0.013564,-0.000555511,-0.333333,-0.0258026,-0.000258444,-0.00569082,0.000887218,15.25,20.1667,0,0,0,0,0,-14.1015,0.000113906,0.0036172,0.0468363,1.50294,0.120298,60560,0.0884483,128.15,0.576435
147,0,0.0602484,-0.000617936,0.0589272,0.229725,0.0383429,0,0.558831,0,1.28027,0.16978,0,0.0742018,0.399124,3.60225,0.483387,0.0579342,0.848257,3.52368,0,0.220771,0,0,0,0,0.00144883,0.327556,0.959326,0.0596465,0.0609367,0.0617273,0.00822944,0.00565333,0.418508,0.0618439,10.7155,-3.25662,3.46115,0.894768,0.552816,-0.94216,-0.0927189,0.544313,-0.00645097,0,0,0.00381482,0.0122232,-0.000561525,-0.333333,-0.0255118,-0.000258219,-0.00574655,0.00070404,15.0833,21.875,0,0,0,0,0,-14.088,5.0625e-05,0.00497319,0.0545369,1.48643,0.12021,61186,0.0884945,127.89,0.670344
148,0,0.0602283,-0.000566543,0.058856,0.230753,0.0384905,0,0.562525,0,1.29473,0.17056,0,0.0739751,0.390798,3.60505,0.482677,0.058618,0.844895,3.51654,0,0.221988,0,0,0,0,0.0014037,0.327634,0.958612,0.0620377,0.0608096,0.0617339,0.00775988,0.00525319,0.415593,0.0616443,10.781,-3.24189,3.46049,0.895617,0.556511,-0.951309,-0.0977694,0.542927,-0.0064335,0,1.14385e-06,0.00358375,0.0123499,-0.000596649,-0.333333,-0.0256128,-0.000262573,-0.00646023,0.000819619,16.2917,23.6667,0,0,0,0,0,-14.0819,1.5e-05,0.00237204,0.0497668,1.49926,0.122243,60625,0.0885307,127.24,0.538745
149,0,0.060188,-0.000546814,0.0588547,0.230156,0.0401964,0,0.560431,0,1.29103,0.174164,0,0.074675,0.394281,3.61298,0.484359,0.0582639,0.84411,3.50915,0,0.221415,0,0,0,0,0.00141574,0.324816,0.958762,0.0607182,0.0608207,0.0617037,0.00692971,0.00443925,0.417821,0.0615929,10.7849,-3.20011,3.45838,0.895342,0.561337,-0.953066,-0.0934941,0.532839,-0.0063833,0,0,0.0034521,0.0127415,-0.000562618,-0.333333,-0.0234871,-0.0002621,-0.00632469,0.000894615,15.875,21.25,0,0,0,0,0,-14.0763,3.375e-05,0.00288083,0.0512834,1.50229,0.121805,60528,0.088571,127.32,0.322034
150,0,0.0601561,-0.000580238,0.058942,0.229953,0.0380578,0,0.560852,0,1.28248,0.168921,0,0.0726714,0.395511,3.60819,0.485005,0.0584534,0.843974,3.50987,0,0.221221,0,0,0,0,0.00137659,0.323035,0.958726,0.0599767,0.0608422,0.0615975,0.00687285,0.00439938,0.420617,0.0616469,10.8483,-3.16756,3.41332,0.895299,0.554311,-0.999322,-0.0880012,0.542449,-0.00600558,0,0,0.00387333,0.0138296,-0.000543834,-0.333333,-0.0238693,-0.000260687,-0.00510511,0.000859359,16.0833,18.9167,0,0,0,0,0,-14.0675,3.375e-05,0.00305526,0.0485851,1.49084,0.120083,61023,0.0886356,127.84,0.56042
151,0,0.0598755,-0.000744386,0.0588448,0.228927,0.03769,0,0.558854,0,1.28346,0.164283,0,0.0723148,0.397874,3.60618,0.484698,0.0596928,0.847919,3.52027,0,0.219879,0,0,0,0,0.00146568,0.323853,0.958893,0.0602259,0.0607529,0.0613113,0.00762182,0.00507697,0.425907,0.0616884,10.9996,-3.21425,3.34821,0.895923,0.540279,-1.03678,-0.0871631,0.546423,-0.00620479,0,4.796e-08,0.00395909,0.014373,-0.000541985,-0.333333,-0.0261345,-0.000259229,-0.00506757,0.000942041,16.8333,19.7917,0,0,0,0,0,-14.0575,7.59375e-05,0.00189822,0.0478133,1.49497,0.122328,60782,0.0887086,127.65,0.757847
152,0,0.060186,-0.000605597,0.0588856,0.229463,0.0394455,0,0.559876,0,1.28364,0.171726,0,0.0734391,0.395993,3.61691,0.484972,0.0594127,0.845824,3.50351,0,0.220719,0,0,0,0,0.00142786,0.327594,0.958804,0.0618205,0.0607895,0.0616789,0.00748113,0.00501323,0.419341,0.0616361,10.8046,-3.26672,3.46946,0.894365,0.559771,-0.986661,-0.0862966,0.538403,-0.00675963,0,0,0.00384087,0.0131546,-0.000534571,-0.333333,-0.0264973,-0.000258768,-0.00679421,0.000885183,15.5833,21.5417,0,0,0,0,0,-14.048,1e-05,0.00690879,0.0527596,1.51759,0.124906,59850,0.0887417,126.54,0.566426
153,0,0.0604286,-0.000550416,0.0589891,0.230273,0.0399675,0,0.560158,0,1.28073,0.175011,0,0.0739618,0.39495,3.60876,0.484376,0.0575828,0.845025,3.50637,0,0.22155,0,0,0,0,0.00141141,0.327855,0.959022,0.0604762,0.0609099,0.0618976,0.00735879,0.00485827,0.416209,0.0617327,10.7461,-3.20801,3.45264,0.895963,0.557389,-0.925315,-0.0909964,0.534484,-0.0066056,0,0,0.00361981,0.0119744,-0.000550261,-0.333333,-0.0260644,-0.000258827,-0.00625508,0.000735944,15.9583,23.9167,0,0,0,0,0,-14.0441,3.375e-05,0.00289067,0.0486485,1.5161,0.120151,60078,0.0887762,128.97,0.499251
154,0,0.060292,-0.000587646,0.0589883,0.230358,0.0390458,0,0.559953,0,1.28768,0.171853,0,0.0737044,0.391452,3.59584,0.482706,0.0570666,0.844675,3.52539,0,0.221582,0,0,0,0,0.00138886,0.324516,0.959115,0.0592851,0.0609249,0.0617689,0.00675215,0.00422116,0.416906,0.0616931,10.8092,-3.14496,3.40109,0.897211,0.556007,-0.93959,-0.096429,0.540222,-0.00613148,0,0,0.0035534,0.0125666,-0.000572305,-0.333333,-0.02342,-0.000260391,-0.00584,0.000768849,15.75,21.375,0,0,0,0,0,-14.0385,1e-05,0.00222322,0.0542055,1.50751,0.119356,60425,0.088801,127.53,0.783705
155,0,0.0602108,-0.000614608,0.0589855,0.230756,0.0387401,0,0.560888,0,1.28004,0.169323,0,0.0719864,0.39442,3.61787,0.485927,0.0569676,0.844303,3.51156,0,0.221962,0,0,0,0,0.0013846,0.320077,0.958777,0.0602988,0.0608348,0.0616405,0.00687706,0.00436425,0.419668,0.061641,10.8594,-3.1881,3.385,0.896205,0.552479,-0.96544,-0.082408,0.540812,-0.00552446,0,0,0.0037165,0.01367,-0.00051681,-0.333333,-0.0236164,-0.000259328,-0.00516243,0.000854314,14.875,20.1667,0,0,0,0,0,-14.0337,7.59375e-05,0.00161049,0.0459581,1.48809,0.121306,61081,0.0888554,126.87,0.64507
156,0,0.0600637,-0.000714563,0.0589391,0.22886,0.0399278,0,0.557458,0,1.27579,0.172028,0,0.0738017,0.398546,3.60762,0.483662,0.0581306,0.849048,3.52551,0,0.220075,0,0,0,0,0.00144662,0.324243,0.959194,0.0594462,0.0608726,0.0615347,0.00782173,0.00534261,0.423138,0.0617991,10.95,-3.11706,3.33001,0.897024,0.544926,-1.00722,-0.0887504,0.535678,-0.00604064,0,3.49624e-10,0.00381955,0.0132783,-0.000549138,-0.333333,-0.0242998,-0.000256992,-0.00508419,0.000856673,15.1667,18.9167,0,0,0,0,0,-14.0207,5.0625e-05,0.00216047,0.0509531,1.50695,0.121642,60361,0.088944,127.41,0.689895
157,0,0.0603,-0.000659228,0.0590107,0.229173,0.0403525,0,0.557742,0,1.27402,0.172335,0,0.0734572,0.3973,3.60176,0.483487,0.0582677,0.848812,3.52167,0,0.220276,0,0,0,0,0.00145122,0.328601,0.958737,0.0603572,0.0609137,0.0617877,0.00820262,0.00566992,0.420833,0.0617987,10.9367,-3.15571,3.39236,0.896308,0.546997,-0.973753,-0.0907777,0.537048,-0.00674894,0,0,0.00380871,0.0125337,-0.000550678,-0.333333,-0.0258389,-0.000256574,-0.00627827,0.000798635,15.3333,21.4583,0,0,0,0,0,-14.0091,5.0625e-05,0.00226854,0.0523271,1.5015,0.125107,60434,0.0890059,127.17,0.31727
158,0,0.0601939,-0.00059748,0.0589189,0.230262,0.0379988,0,0.559277,0,1.28022,0.171793,0,0.0734763,0.395993,3.60424,0.483816,0.0567962,0.845862,3.51827,0,0.221446,0,0,0,0,0.00139204,0.326537,0.959117,0.0599013,0.0608673,0.0616725,0.00763041,0.00509733,0.417985,0.0617266,10.751,-3.23728,3.44141,0.895916,0.553016,-0.923576,-0.0907675,0.540722,-0.00625071,0,0,0.00362071,0.0124978,-0.000550578,-0.333333,-0.0244871,-0.000258623,-0.00602263,0.000757141,16.375,23.375,0,0,0,0,0,-14.0016,5.0625e-05,0.00168415,0.0519633,1.48496,0.120203,61242,0.0890439,126.72,0.692398
159,0,0.0601836,-0.000601255,0.0589623,0.230189,0.0387968,0,0.561117,0,1.28294,0.171294,0,0.0725867,0.394982,3.61649,0.485879,0.0586622,0.843561,3.50673,0,0.221499,0,0,0,0,0.00131774,0.321931,0.958655,0.0603692,0.0607731,0.0615554,0.0064879,0.00402107,0.416819,0.0615528,10.7828,-3.19255,3.42296,0.89551,0.559955,-0.991056,-0.0861907,0.540164,-0.00620147,0,0,0.0038975,0.0133584,-0.000538261,-0.333333,-0.025446,-0.000260064,-0.006057,0.00087318,17.25,22.6667,0,0,0,0.0416667,0,-13.9969,1e-05,0.00100981,0.0452724,1.46321,0.120285,62080,0.089064,127.32,0.685078
160,0,0.060279,-0.000659022,0.0590797,0.230212,0.038211,0,0.55943,0,1.27628,0.169544,0,0.0722798,0.394715,3.6005,0.482855,0.0568178,0.848253,3.53307,0,0.221404,0,0,0,0,0.00147351,0.323267,0.959019,0.0582885,0.0609848,0.0617169,0.00746851,0.00486481,0.420998,0.061818,10.9026,-3.10535,3.33721,0.898089,0.547449,-0.970188,-0.0855273,0.540301,-0.00581089,0,0,0.00379374,0.0126867,-0.00053671,-0.333333,-0.0241098,-0.000256736,-0.00535047,0.000712623,14.7083,20.2917,0,0,0,0,0,-13.9914,0.000113906,0.00160769,0.0457927,1.52592,0.121525,59670,0.0891385,126.7,0.572697
161,0,0.060134,-0.000703667,0.0590125,0.230107,0.0375947,0,0.560352,0,1.26999,0.167411,0,0.0719843,0.399514,3.60696,0.484769,0.0578205,0.849511,3.52342,0,0.221281,0,0,0,0,0.0014071,0.323142,0.959051,0.0585666,0.060883,0.0615241,0.00756327,0.00503687,0.425974,0.0617644,10.9608,-3.11699,3.36053,0.896874,0.543022,-1.00123,-0.0843868,0.545697,-0.00611724,0,0,0.00389496,0.01388,-0.000523893,-0.333333,-0.0240957,-0.00025544,-0.00554894,0.000862476,16.0833,18.4167,0,0,0,0,0,-13.9786,1e-05,0.00317062,0.0480562,1.49897,0.120993,60682,0.0891853,127.14,0.732909
162,0,0.0600588,-0.000686287,0.0589082,0.230245,0.038728,0,0.559906,0,1.27662,0.170402,0,0.0725927,0.396103,3.60676,0.484307,0.0574735,0.848001,3.51626,0,0.22134,0,0,0,0,0.00150486,0.327966,0.958837,0.0594701,0.0609154,0.0615843,0.00858845,0.00597015,0.425503,0.0618644,10.9539,-3.18776,3.3835,0.895866,0.548653,-0.978842,-0.0838051,0.54098,-0.00629244,0,1.26072e-08,0.00379058,0.0130494,-0.000526443,-0.333333,-0.0254136,-0.00025721,-0.00571549,0.000769234,14.625,20.0833,0,0,0,0.0416667,0,-13.9706,5.0625e-05,0.00247107,0.0485636,1.48184,0.122099,61289,0.0892792,126.8,0.467224
163,0,0.0602696,-0.000597597,0.0589863,0.229927,0.0392369,0,0.558404,0,1.28001,0.172847,0,0.0736651,0.392536,3.61476,0.484727,0.0566218,0.845187,3.51187,0,0.221112,0,0,0,0,0.00133417,0.327275,0.959023,0.0599227,0.0608717,0.0616816,0.00767493,0.00521949,0.41811,0.0617471,10.7977,-3.17942,3.42542,0.895871,0.555332,-0.939997,-0.0941985,0.538132,-0.00600018,0,0,0.00366869,0.0124211,-0.000570629,-0.333333,-0.0251848,-0.000257353,-0.00586065,0.000719468,17.0417,23.875,0,0,0,0,0,-13.9577,3.375e-05,0.00222207,0.0528138,1.44846,0.118977,62716,0.0893287,127.58,0.518732
164,0,0.0603479,-0.000562035,0.0589642,0.229742,0.0394551,0,0.558258,0,1.27155,0.174017,0,0.0739805,0.394117,3.60993,0.48517,0.0567017,0.843942,3.50285,0,0.221044,0,0,0,0,0.001458,0.326711,0.958513,0.0610514,0.0608766,0.0618531,0.00773254,0.00525418,0.417631,0.0617409,10.8019,-3.21638,3.48605,0.894682,0.556501,-0.928377,-0.087946,0.536699,-0.00594421,0,1.08635e-07,0.00359864,0.0127209,-0.000537834,-0.333333,-0.0248139,-0.000256922,-0.00659154,0.000766457,15.875,22.4167,0,0,0,0,0,-13.9487,5.0625e-05,0.00350598,0.0462933,1.4545,0.119447,62456,0.0893997,128.51,0.676724
165,0,0.0602507,-0.000561543,0.0589982,0.230022,0.038465,0,0.55903,0,1.27176,0.170005,0,0.0724507,0.39391,3.61273,0.48483,0.0571065,0.846449,3.51192,0,0.221183,0,0,0,0,0.00136657,0.325174,0.95833,0.0602406,0.0608672,0.0617167,0.00746547,0.00497417,0.418116,0.0616916,10.8669,-3.1633,3.44364,0.895477,0.555076,-0.953585,-0.0848024,0.541211,-0.00589096,0,0,0.00381247,0.0131185,-0.000530448,-0.333333,-0.0239105,-0.00025607,-0.00598623,0.000820748,15.9167,20.75,0,0,0,0,0,-13.9423,1e-05,0.00323858,0.0461146,1.47951,0.12067,61433,0.0894127,127.63,0.606564
166,0,0.0599817,-0.000658835,0.0588062,0.229468,0.039625,0,0.559029,0,1.27992,0.170815,0,0.0736833,0.394063,3.62266,0.485909,0.0581849,0.846609,3.51151,0,0.220681,0,0,0,0,0.00141888,0.328445,0.958348,0.0607966,0.0607399,0.0614421,0.00817294,0.00564024,0.423043,0.0616649,10.9369,-3.26851,3.45271,0.89437,0.549243,-0.966347,-0.0935722,0.537951,-0.00630916,0,0,0.003815,0.0136136,-0.000554185,-0.333333,-0.0267755,-0.000257956,-0.0058166,0.000888084,14.4167,18.4583,0,0,0,0,0,-13.9376,3.375e-05,0.00186904,0.0483084,1.47488,0.122324,61547,0.0894727,128.89,0.55833
167,0,0.0603247,-0.00065565,0.0590767,0.230649,0.0378548,0,0.561078,0,1.27839,0.168616,0,0.0726455,0.394842,3.60597,0.483616,0.0575365,0.848221,3.52455,0,0.2217,0,0,0,0,0.00145462,0.323866,0.958983,0.0580603,0.0610376,0.0618194,0.00791958,0.00537563,0.420252,0.0619288,10.8892,-3.18112,3.4309,0.89519,0.551853,-0.965332,-0.0867528,0.544505,-0.00602901,0,0,0.00397339,0.0131058,-0.000537562,-0.333333,-0.025733,-0.000258575,-0.0053767,0.000786899,15.2083,21.125,0,0,0,0,0,-13.9261,0.000113906,0.00184538,0.0503927,1.47561,0.120906,61574,0.0895473,126.68,0.519118
168,0,0.0603506,-0.000629831,0.0591004,0.230677,0.0394195,0,0.559113,0,1.26537,0.17304,0,0.0730059,0.395484,3.61196,0.485102,0.0559629,0.848138,3.5147,0,0.221749,0,0,0,0,0.00151256,0.325867,0.958906,0.057457,0.0610974,0.0618696,0.00822807,0.00568696,0.421976,0.0619689,10.9487,-3.11468,3.35827,0.89887,0.542888,-0.938071,-0.0858143,0.535841,-0.00582354,0,0,0.00373626,0.0128335,-0.000539707,-0.333333,-0.0238739,-0.000254199,-0.00629122,0.000755207,17.2917,22.4167,0,0,0,0.0416667,0,-13.9165,2.25e-05,0.00369173,0.0484277,1.49951,0.120965,60663,0.0895823,126.87,0.593951
169,0,0.0604418,-0.000512493,0.0590754,0.230296,0.0376111,0,0.55959,0,1.27732,0.169785,0,0.0720656,0.39561,3.63061,0.486446,0.0572696,0.843362,3.49735,0,0.221519,0,0,0,0,0.00136893,0.321891,0.958774,0.0600905,0.0609358,0.0619004,0.00662863,0.00420892,0.416968,0.0617264,10.7456,-3.25681,3.52359,0.893355,0.564363,-0.945718,-0.0861388,0.544487,-0.0059145,0,2.92395e-07,0.00363327,0.0132507,-0.000536201,-0.333333,-0.024653,-0.000256034,-0.00653614,0.000822149,16,22.7083,0,0,0,0,0,-13.9119,7.59375e-05,0.00265293,0.0439346,1.50779,0.127628,60109,0.0896194,127.97,0.617804
170,0,0.0601724,-0.000686256,0.0590311,0.229368,0.0393124,0,0.558717,0,1.26635,0.172052,0,0.0727922,0.39551,3.61418,0.485852,0.0580903,0.846188,3.51586,0,0.22063,0,0,0,0,0.00138647,0.32336,0.959008,0.0595942,0.0609204,0.0616106,0.00687469,0.00441094,0.41988,0.0617609,10.8523,-3.10923,3.37078,0.896719,0.55025,-0.996181,-0.083027,0.536739,-0.00616119,0,1.22998e-08,0.00391721,0.0138804,-0.000524013,-0.333333,-0.0247201,-0.00025646,-0.00577158,0.00086646,16.4167,20.4583,0,0,0,0,0,-13.9018,7.59375e-05,0.00329003,0.0419781,1.50966,0.128312,60015,0.0897097,127.2,0.563973
171,0,0.0599408,-0.000680194,0.0588338,0.229651,0.0399748,0,0.560348,0,1.27608,0.172305,0,0.072585,0.395932,3.60988,0.485315,0.0594423,0.847016,3.51737,0,0.220816,0,0,0,0,0.0014433,0.324777,0.958597,0.0599607,0.0607707,0.0613944,0.00729335,0.00476155,0.422938,0.0616532,10.9374,-3.17635,3.35405,0.89713,0.544431,-1.02894,-0.0840061,0.535771,-0.0063276,0,5.0297e-07,0.00379916,0.0136715,-0.000533296,-0.333333,-0.0254787,-0.000258029,-0.00611292,0.000914035,16,18.25,0,0,0,0.0416667,0,-13.8906,3.375e-05,0.00402841,0.0454456,1.54772,0.12616,58728,0.0897593,129.38,0.499082
172,0,0.0600496,-0.000685237,0.0589209,0.230325,0.0381378,0,0.560428,0,1.26644,0.168806,0,0.0720057,0.397776,3.61112,0.486347,0.0580555,0.847685,3.51562,0,0.221336,0,0,0,0,0.0014932,0.325098,0.958473,0.0589203,0.0609613,0.0615621,0.00826866,0.00567597,0.424415,0.0619097,11.0548,-3.14729,3.37547,0.895625,0.544659,-1.00267,-0.0808435,0.543888,-0.00624489,0,7.00772e-07,0.0039019,0.0133134,-0.00052009,-0.333333,-0.0249936,-0.000253862,-0.00623427,0.000764606,14.5417,18.7917,0,0,0,0,0,-13.8811,7.59375e-05,0.00285906,0.0494892,1.60196,0.125204,56916,0.0898409,126.42,0.639347
173,0,0.0602202,-0.000628128,0.0590034,0.230939,0.0387691,0,0.560974,0,1.26815,0.173459,0,0.0723767,0.393773,3.60638,0.483988,0.0570667,0.847001,3.52222,0,0.222089,0,0,0,0,0.00144347,0.325861,0.95804,0.05893,0.0610276,0.061714,0.00749765,0.00493116,0.42151,0.0618558,11.0437,-3.11372,3.39569,0.897092,0.550298,-0.95667,-0.0881828,0.537822,-0.00631087,0,0,0.00378378,0.0131568,-0.000541366,-0.333333,-0.0250286,-0.000255149,-0.00666638,0.00085637,15.75,23.2917,0,0,0,0,0,-13.871,1.5e-05,0.00211911,0.0491529,1.57308,0.120728,58037,0.0898759,126.79,0.598058
174,0,0.0600778,-0.000643659,0.0589151,0.229435,0.0398533,0,0.558508,0,1.27303,0.174265,0,0.0724136,0.398406,3.63314,0.487808,0.0580796,0.844057,3.49957,0,0.220656,0,0,0,0,0.00129874,0.324191,0.958957,0.0606594,0.0606951,0.0614047,0.00701453,0.00452604,0.419673,0.0615445,10.8312,-3.14376,3.38605,0.896267,0.550997,-1.00364,-0.0832989,0.533582,-0.0059906,0,3.63563e-07,0.00391891,0.0141026,-0.000526343,-0.333333,-0.0253663,-0.000255781,-0.00639274,0.000915298,17.8333,22.3333,0,0,0,0,0,-13.8634,5.0625e-05,0.00232383,0.0458181,1.51511,0.131338,59706,0.0899519,127.22,0.70402
175,0,0.0601277,-0.000632773,0.0588999,0.230371,0.0387985,0,0.559923,0,1.2648,0.169673,0,0.0724436,0.394595,3.62143,0.486926,0.0571652,0.845047,3.51154,0,0.221457,0,0,0,0,0.00143803,0.32538,0.958796,0.0602085,0.0608533,0.0616135,0.00755107,0.0050822,0.42006,0.0617688,10.8196,-3.23419,3.46158,0.894522,0.553667,-0.954835,-0.0847432,0.542075,-0.00613055,0,0,0.00394688,0.0137619,-0.000525475,-0.333333,-0.0251825,-0.000254143,-0.00564846,0.000825393,16.5833,20.8333,0,0,0,0,0,-13.8501,7.59375e-05,0.00254362,0.0442635,1.56487,0.129475,58018,0.0900405,127.93,0.738626
176,0,0.0600622,-0.000687816,0.0589911,0.22983,0.0377192,0,0.559364,0,1.25665,0.167737,0,0.0710323,0.396923,3.61889,0.485692,0.0577948,0.846344,3.51501,0,0.220972,0,0,0,0,0.0014097,0.319758,0.958813,0.0588112,0.0608897,0.0615375,0.0064129,0.00398019,0.421586,0.0617238,10.8987,-3.1591,3.33757,0.897715,0.545499,-1.00756,-0.0783839,0.543751,-0.00589761,0,0,0.00397725,0.0140656,-0.000513359,-0.333333,-0.0249162,-0.000255122,-0.005819,0.000927109,15.875,18.7917,0,0,0,0,0,-13.8348,5.0625e-05,0.00164782,0.0427651,1.57259,0.130289,57728,0.0901425,127.07,0.632926
177,0,0.0602154,-0.000702274,0.0590877,0.229336,0.0372519,0,0.557678,0,1.25739,0.168039,0,0.0706288,0.399288,3.62147,0.487566,0.0575896,0.848029,3.51037,0,0.220463,0,0,0,0,0.00144621,0.324983,0.958711,0.0587902,0.0610291,0.0616796,0.00731855,0.00481904,0.423302,0.0618862,10.9601,-3.11463,3.36371,0.896587,0.54172,-0.98641,-0.0784044,0.547411,-0.00654299,0,5.64712e-07,0.00417493,0.0138517,-0.000501324,-0.333333,-0.0258979,-0.000250541,-0.00595833,0.000833418,14.2083,17.6667,0,0,0,0,0,-13.8183,0.000113906,0.00284274,0.0443629,1.58284,0.129802,57399,0.0902693,127.41,0.737896
178,0,0.0602046,-0.00063819,0.0590117,0.231143,0.0404226,0,0.560879,0,1.25571,0.174959,0,0.0724526,0.390517,3.6128,0.485462,0.0564473,0.846967,3.5157,0,0.222373,0,0,0,0,0.00146563,0.325924,0.958275,0.0582483,0.0609957,0.0617317,0.00773726,0.00523821,0.424573,0.0618508,11.0669,-3.09246,3.3749,0.898467,0.551254,-0.952298,-0.0850113,0.535175,-0.00612171,0,0,0.00366672,0.0131885,-0.000537144,-0.333333,-0.0239503,-0.00025276,-0.0064912,0.000880952,16.75,20.6667,0,0,0,0,0,-13.8028,1e-05,0.00466097,0.0460069,1.57649,0.124649,57787,0.0903115,126.74,0.670054
179,0,0.0603678,-0.000656401,0.0591639,0.23068,0.0380984,0,0.560212,0,1.26528,0.171362,0,0.0711083,0.394461,3.61307,0.4858,0.0566956,0.845964,3.50608,0,0.221917,0,0,0,0,0.001464,0.321678,0.95875,0.0586741,0.0610858,0.0618104,0.00740522,0.00485765,0.418656,0.0619465,10.9036,-3.06527,3.34408,0.898131,0.545268,-0.982836,-0.0843804,0.540704,-0.00561919,0,0,0.0039311,0.013098,-0.000520663,-0.333333,-0.0239218,-0.000253671,-0.00586729,0.000795481,17.6667,22.8333,0,0,0,0,0,-13.7999,1e-05,0.00046189,0.0453006,1.46351,0.118999,62119,0.0903294,126.43,0.577513
180,0,0.0600895,-0.000668988,0.05903,0.229473,0.0375815,0,0.558143,0,1.26154,0.166637,0,0.0712658,0.396488,3.61349,0.48639,0.0579172,0.845501,3.50854,0,0.220471,0,0,0,0,0.00139636,0.319511,0.958608,0.0589447,0.0609249,0.0615071,0.00702519,0.0045036,0.422831,0.0618071,10.9097,-3.20676,3.40171,0.895416,0.548076,-0.994125,-0.0779137,0.544545,-0.00577288,0,8.16448e-08,0.00379673,0.0136658,-0.000503746,-0.333333,-0.0250901,-0.000253975,-0.00551083,0.000851105,16.9583,21.5833,0,0,0,0,0,-13.7932,7.59375e-05,0.00215672,0.0413621,1.45038,0.122175,62512,0.0904116,127.43,0.586849
181,0,0.0600467,-0.000662302,0.0589248,0.228791,0.0384302,0,0.556489,0,1.26236,0.171297,0,0.0715773,0.392646,3.61078,0.486682,0.0577427,0.847525,3.51245,0,0.219918,0,0,0,0,0.00134494,0.32509,0.958748,0.0602264,0.060791,0.0614664,0.00744152,0.00494882,0.422386,0.0617145,10.8023,-3.19007,3.42422,0.894764,0.545007,-0.979654,-0.0818899,0.539806,-0.00621478,0,0,0.00382115,0.0140333,-0.000525705,-0.333333,-0.0235999,-0.000252349,-0.00622245,0.000930853,16.0833,20.0417,0,0,0,0,0,-13.7821,3.375e-05,0.00417277,0.0443724,1.51292,0.121608,60142,0.0904525,126.89,0.518764
182,0,0.0601286,-0.000738713,0.0590627,0.229622,0.0371039,0,0.558692,0,1.25247,0.16553,0,0.0704165,0.395828,3.61929,0.486303,0.0577212,0.850989,3.52863,0,0.220733,0,0,0,0,0.00143651,0.323377,0.958788,0.0583321,0.0609579,0.0615875,0.0071766,0.00469758,0.425537,0.0618806,11.0333,-3.10462,3.29244,0.89711,0.53606,-1.02604,-0.0792161,0.546069,-0.00576739,0,0,0.00417223,0.0149671,-0.000508292,-0.333333,-0.0233138,-0.000252494,-0.00505649,0.000955148,16.875,16.75,0,0,0,0,0,-13.7756,5.0625e-05,0.00242922,0.0413215,1.49024,0.122525,60953,0.0905102,125.6,0.658206
183,0,0.0600935,-0.000623858,0.0589532,0.230573,0.0402618,0,0.558987,0,1.25419,0.174884,0,0.072174,0.396596,3.62506,0.488325,0.0558858,0.846617,3.51506,0,0.22166,0,0,0,0,0.00144273,0.327739,0.958114,0.0590718,0.0609493,0.0615978,0.00834695,0.00584924,0.42518,0.0618906,11.0325,-3.1842,3.43667,0.895903,0.547276,-0.936594,-0.0841524,0.536558,-0.00587636,0,0,0.0037009,0.0133226,-0.000521894,-0.333333,-0.022903,-0.000250485,-0.0057079,0.000824222,15.7083,20.5833,0,0,0,0,0,-13.7678,1e-05,0.00200029,0.0520567,1.46972,0.12064,61812,0.0905397,127.29,0.722012
184,0,0.0602392,-0.000642035,0.0590331,0.230415,0.0390592,0,0.558289,0,1.2573,0.174907,0,0.0720974,0.392765,3.60941,0.485491,0.0554274,0.848747,3.51723,0,0.221559,0,0,0,0,0.00148438,0.325581,0.958928,0.0582089,0.061013,0.0617307,0.00774025,0.00525554,0.422102,0.061927,10.8753,-3.14806,3.40109,0.896699,0.551444,-0.938668,-0.0796857,0.53467,-0.00579601,0,0,0.00372975,0.0128624,-0.000503818,-0.333333,-0.0234643,-0.00025088,-0.00519371,0.000749062,18.2083,23,0,0,0,0,0,-13.7598,7.59375e-05,0.00250085,0.0470185,1.48428,0.119356,61300,0.0906281,127.24,0.77084
185,0,0.0601542,-0.000704084,0.0591033,0.229592,0.0381161,0,0.556534,0,1.24676,0.16813,0,0.0709555,0.396854,3.60917,0.485446,0.0562675,0.848706,3.5209,0,0.220599,0,0,0,0,0.00146567,0.322505,0.958906,0.0574489,0.061102,0.0616376,0.00717168,0.00467227,0.420784,0.0619848,10.9005,-3.02563,3.33169,0.897776,0.542689,-0.987729,-0.0753991,0.543697,-0.00558758,0,2.31132e-08,0.00379616,0.0135526,-0.000492179,-0.333333,-0.0228156,-0.000249873,-0.00555094,0.000820942,18.0417,20.4583,0,0,0,0,0,-13.7462,2.25e-05,0.00161559,0.0438525,1.47155,0.119502,61785,0.0906935,127.59,0.601265
186,0,0.0599418,-0.000697289,0.058879,0.228058,0.0389982,0,0.555375,0,1.25278,0.172613,0,0.0718626,0.399888,3.61666,0.486117,0.0583543,0.848505,3.5112,0,0.219158,0,0,0,0,0.00144988,0.327819,0.958302,0.0601464,0.0608052,0.0613865,0.00749876,0.00499988,0.423417,0.0617466,10.9428,-3.17154,3.41157,0.895297,0.543318,-1.01351,-0.0806376,0.535965,-0.00647559,0,2.75385e-07,0.00404738,0.0143391,-0.000510429,-0.333333,-0.0250038,-0.000249469,-0.00554049,0.000944337,17,19.5417,0,0,0,0,0,-13.7376,7.59375e-05,0.00119516,0.0408247,1.45284,0.123072,62379,0.0907656,128.56,0.624672
187,0,0.0598534,-0.000757599,0.0588556,0.228992,0.0391358,0,0.55661,0,1.24948,0.170829,0,0.0713634,0.396004,3.61731,0.486826,0.0578965,0.849893,3.52885,0,0.219994,0,0,0,0,0.00145124,0.322891,0.958715,0.0592411,0.0607794,0.0613222,0.00688499,0.00441544,0.426537,0.0616812,10.9774,-3.15414,3.34703,0.896886,0.5415,-1.02314,-0.074094,0.537541,-0.00600678,0,0,0.00405143,0.0145837,-0.000488479,-0.333333,-0.0247046,-0.000251594,-0.0057764,0.000971798,16.6667,17.2917,0,0,0,0,0,-13.7196,7.59375e-05,0.00264826,0.0439763,1.49203,0.123238,60859,0.0908987,126.54,0.73392
188,0,0.0600145,-0.000617146,0.0589079,0.229465,0.0395964,0,0.556933,0,1.25138,0.174034,0,0.0713212,0.397268,3.634,0.488376,0.0567456,0.84655,3.51072,0,0.220601,0,0,0,0,0.00143772,0.325114,0.957834,0.0604474,0.0608166,0.0614463,0.00781469,0.00534508,0.424486,0.061719,11.058,-3.15387,3.42801,0.895704,0.545597,-0.971855,-0.0776136,0.535648,-0.00576279,0,4.23539e-07,0.00391497,0.0142928,-0.000493264,-0.333333,-0.0233103,-0.000248481,-0.00617515,0.000946575,16.1667,20.9583,0,0,0,0,0,-13.704,1.5e-05,0.00244441,0.0473084,1.46763,0.124104,61759,0.0909594,126.84,0.552127
189,0,0.0602795,-0.000627997,0.0590742,0.231143,0.0381105,0,0.559221,0,1.25598,0.171581,0,0.0712943,0.390892,3.62072,0.486916,0.0553063,0.845465,3.50786,0,0.222108,0,0,0,0,0.00141852,0.322339,0.958354,0.0582501,0.0609904,0.061689,0.0076769,0.00515564,0.420259,0.0618927,10.9498,-3.16532,3.43503,0.895456,0.550888,-0.942001,-0.0751413,0.542199,-0.005603,0,0,0.00372005,0.0134214,-0.000488655,-0.333333,-0.0245907,-0.000250279,-0.00572392,0.000834232,17.25,21.2917,0,0,0,0,0,-13.6968,0.000113906,0.00139353,0.0456142,1.46769,0.126787,61652,0.0910311,126.67,0.554919
190,0,0.0602161,-0.000666969,0.0591568,0.229799,0.0382031,0,0.556979,0,1.24563,0.170077,0,0.0710395,0.394658,3.6182,0.486922,0.056068,0.848436,3.51591,0,0.22085,0,0,0,0,0.00136899,0.322927,0.958442,0.0575311,0.0610196,0.0616135,0.00704196,0.00457014,0.423502,0.0618644,10.9628,-3.04961,3.3391,0.89817,0.541486,-0.973231,-0.0771802,0.540525,-0.005922,0,0,0.00382703,0.0132853,-0.00049685,-0.333333,-0.0239361,-0.000247222,-0.00543337,0.000816677,18.3333,21.7083,0,0,0,0,0,-13.6852,5.0625e-05,0.00269409,0.0447108,1.46269,0.122563,62011,0.091093,126.74,0.628825
191,0,0.0601095,-0.000733962,0.059056,0.22864,0.0384312,0,0.555624,0,1.24825,0.171728,0,0.0716694,0.397591,3.61493,0.48774,0.0573221,0.848557,3.51339,0,0.219675,0,0,0,0,0.00150031,0.326222,0.958793,0.0573694,0.0610762,0.061604,0.00706737,0.00457383,0.424961,0.0619777,10.9175,-3.15191,3.39357,0.895739,0.54097,-0.997309,-0.0766882,0.537909,-0.00641219,0,0,0.00381379,0.0133441,-0.000488309,-0.333333,-0.0251726,-0.00024785,-0.00528457,0.000790292,16.2083,18.9583,0,0,0,0,0,-13.6777,0.000170859,0.00188908,0.0425335,1.49965,0.12337,60568,0.0911412,127.56,0.623308
192,0,0.0598654,-0.000705521,0.0588798,0.227855,0.0388699,0,0.553731,0,1.25385,0.171758,0,0.0717102,0.397711,3.63756,0.490046,0.0579744,0.845674,3.49917,0,0.218768,0,0,0,0,0.00137996,0.326755,0.957706,0.0598635,0.0608157,0.0613137,0.00719635,0.00473364,0.427677,0.0617044,10.9843,-3.20953,3.48295,0.893285,0.545239,-0.985475,-0.0716172,0.536677,-0.00703302,0,0,0.00386399,0.0141438,-0.000478173,-0.333333,-0.0269173,-0.000248388,-0.00549939,0.000935531,15.9583,19.2917,0,0,0,0.0416667,0,-13.6623,5.0625e-05,0.00357466,0.0427573,1.53852,0.122023,59199,0.0912551,127.81,0.623888
193,0,0.0600624,-0.000678137,0.0589828,0.230175,0.038995,0,0.557852,0,1.251,0.172431,0,0.0706903,0.39449,3.628,0.488473,0.0559706,0.84614,3.51606,0,0.221328,0,0,0,0,0.00150308,0.32445,0.958101,0.0588917,0.061014,0.0615945,0.00741944,0.00491997,0.425123,0.0619079,11.0871,-3.10831,3.38546,0.896098,0.543982,-0.964401,-0.0744942,0.536938,-0.00568531,0,0,0.00382792,0.0143033,-0.000489055,-0.333333,-0.022556,-0.000248736,-0.0058551,0.000908291,16.25,19.875,0,0,0,0,0,-13.6497,5.0625e-05,0.00310893,0.0440107,1.53394,0.123311,59317,0.0913324,126.14,0.66001
194,0,0.0599876,-0.000617081,0.0588658,0.230059,0.0395992,0,0.557823,0,1.24902,0.174307,0,0.0717409,0.394681,3.63225,0.488225,0.0566079,0.845851,3.4956,0,0.221189,0,0,0,0,0.00144554,0.328114,0.957785,0.0600303,0.0608251,0.0614505,0.00751396,0.00504137,0.42204,0.0617042,10.9974,-3.1869,3.4543,0.894697,0.543623,-0.973892,-0.0734123,0.534019,-0.00664216,0,0,0.00376573,0.0139345,-0.00049008,-0.333333,-0.0262427,-0.00025032,-0.00652385,0.000828274,16.1667,21.2083,0,0,0,0.0416667,0,-13.6376,5.0625e-05,0.00158393,0.0424791,1.51325,0.12181,60122,0.0914059,127.16,0.506786
195,0,0.0601782,-0.000654704,0.0590482,0.229714,0.0390916,0,0.557158,0,1.25516,0.17385,0,0.0718683,0.393389,3.62177,0.487734,0.0564117,0.84743,3.5057,0,0.220819,0,0,0,0,0.00148793,0.327244,0.958304,0.05682,0.0610937,0.0616936,0.00783087,0.00533052,0.42348,0.0620017,10.9541,-3.13479,3.41816,0.896549,0.548184,-0.973976,-0.073647,0.536613,-0.0062607,0,0,0.00381782,0.0131219,-0.000484578,-0.333333,-0.0259755,-0.000248509,-0.00636003,0.000774626,18.4167,22.7917,0,0,0,0,0,-13.6295,7.59375e-05,0.00197958,0.0406129,1.51804,0.124357,59854,0.091451,126.69,0.700467
196,0,0.0598859,-0.000727603,0.0589782,0.227834,0.0395916,0,0.553715,0,1.25296,0.173551,0,0.0713572,0.39653,3.62162,0.486772,0.0573323,0.84818,3.51579,0,0.218906,0,0,0,0,0.00137968,0.325191,0.958316,0.0590603,0.0608525,0.0612984,0.00732323,0.00481233,0.422526,0.0617927,10.8943,-3.15019,3.39234,0.894211,0.541562,-1.02004,-0.0764971,0.53305,-0.0058601,0,0,0.00395072,0.0144896,-0.00049243,-0.333333,-0.024307,-0.000249685,-0.00548084,0.000863249,15.9167,17.875,0,0,0,0,0,-13.6182,0.000113906,0.00160215,0.04138,1.45194,0.123245,62407,0.0915615,127.25,0.779239
197,0,0.0599495,-0.000758871,0.0590172,0.229403,0.03769,0,0.556469,0,1.24861,0.167531,0,0.0699131,0.395433,3.62541,0.488837,0.0567039,0.848164,3.51522,0,0.220305,0,0,0,0,0.00148943,0.321018,0.9583,0.0576157,0.0610324,0.0614496,0.00720831,0.00467775,0.424089,0.0619587,11.0608,-3.1075,3.34099,0.896115,0.539785,-1.00712,-0.0726705,0.543492,-0.00592461,0,0,0.00398757,0.0142636,-0.000478282,-0.333333,-0.0237283,-0.000247904,-0.00462032,0.000859576,17.2083,19.2917,0,0,0,0,0,-13.6018,0.000113906,0.00213682,0.038862,1.46291,0.117751,62191,0.0916474,126.75,0.72437
198,0,0.0601584,-0.00065985,0.0591106,0.229565,0.0390676,0,0.554965,0,1.24429,0.172796,0,0.0715514,0.39426,3.62762,0.48718,0.0548405,0.847672,3.51206,0,0.220552,0,0,0,0,0.00144781,0.324559,0.958123,0.0578775,0.0610696,0.0615768,0.00767971,0.00518505,0.422827,0.0620048,11.0085,-3.13166,3.39694,0.895702,0.542735,-0.945352,-0.0740024,0.537643,-0.00569854,0,0,0.00386414,0.0133418,-0.000487263,-0.333333,-0.0234268,-0.000245902,-0.00493917,0.000772453,16.5833,19.9167,0,0,0,0,0,-13.5904,2.25e-05,0.00389331,0.0437347,1.47509,0.118527,61686,0.0917017,127.09,0.764615
199,0,0.0603558,-0.000683495,0.0592454,0.231393,0.0375801,0,0.558937,0,1.24227,0.169475,0,0.0702442,0.391006,3.61448,0.487926,0.0544818,0.847152,3.50477,0,0.222365,0,0,0,0,0.00147659,0.32297,0.958394,0.0558605,0.0611824,0.0618112,0.00726274,0.00476187,0.424531,0.0620529,11.0524,-3.05606,3.32979,0.899179,0.538119,-0.957617,-0.0734453,0.543686,-0.00564707,0,0,0.00389359,0.0135938,-0.000487212,-0.333333,-0.0223647,-0.000245721,-0.00528782,0.000816179,16.8333,21.0417,0,0,0,0,0,-13.5859,3.375e-05,0.00289179,0.0421967,1.44703,0.123268,62602,0.0917338,126.77,0.729988
200,0,0.0602082,-0.000741981,0.0591849,0.230121,0.037971,0,0.556016,0,1.23652,0.171657,0,0.0704431,0.393368,3.61155,0.487522,0.0548401,0.847613,3.5222,0,0.220961,0,0,0,0,0.00149872,0.322792,0.958291,0.0570592,0.0611458,0.0616769,0.00699738,0.00451258,0.424012,0.0620032,11.1146,-2.94923,3.27974,0.899768,0.536915,-0.961226,-0.0705348,0.537064,-0.00575081,0,0,0.00379474,0.0136381,-0.000475301,-0.333333,-0.0229739,-0.000245542,-0.00493426,0.000851604,17.7917,21.625,0,0,0,0,0,-13.5785,7.59375e-05,0.00197619,0.0400669,1.50682,0.12135,60377,0.0917962,126.17,0.702229
201,0,0.0598464,-0.00073697,0.0589083,0.22797,0.0387278,0,0.553135,0,1.23941,0.171416,0,0.0711742,0.398894,3.6289,0.489717,0.0571686,0.848346,3.5027,0,0.218751,0,0,0,0,0.00140242,0.324473,0.958386,0.0587185,0.060827,0.0612457,0.00743234,0.00494142,0.428058,0.0618007,10.9733,-3.18807,3.3694,0.896444,0.538095,-1.00144,-0.0718078,0.534282,-0.0061894,0,0,0.00394201,0.0140535,-0.000478953,-0.333333,-0.0257984,-0.000245852,-0.00560729,0.000848128,16.8333,18.875,0,0,0,0,0,-13.5667,0.000113906,0.00269798,0.0389403,1.52263,0.123357,59723,0.0918813,126.46,0.579318
202,0,0.0597786,-0.000740155,0.0589141,0.229461,0.0380344,0,0.555739,0,1.23018,0.170493,0,0.0699879,0.39733,3.62476,0.490068,0.0559233,0.84665,3.50884,0,0.220294,0,0,0,0,0.00139046,0.321044,0.957885,0.0585632,0.0608066,0.0611586,0.0069969,0.00449385,0.428517,0.0617575,11.1422,-3.12133,3.31331,0.896999,0.542221,-0.996899,-0.0665557,0.539661,-0.0055055,0,0,0.0040559,0.0152095,-0.00046175,-0.333333,-0.0236994,-0.000244138,-0.00471576,0.000898349,16.9167,19.2917,0,0,0,0,0,-13.5553,0.000113906,0.00212506,0.0393008,1.49529,0.122837,60751,0.0919623,126.57,0.666186
203,0,0.0601518,-0.000727457,0.0591552,0.228579,0.0394413,0,0.553174,0,1.23187,0.175655,0,0.0711226,0.396405,3.6258,0.488813,0.055634,0.847563,3.50807,0,0.219596,0,0,0,0,0.00147322,0.325747,0.958399,0.0574565,0.0611651,0.0616478,0.00685462,0.00439797,0.423452,0.0620503,11.0551,-3.007,3.32281,0.897885,0.539068,-0.973624,-0.0693755,0.530645,-0.00619115,0,0,0.00380414,0.0133239,-0.000469639,-0.333333,-0.0240689,-0.000244494,-0.00546813,0.000799415,16.4167,18.875,0,0,0,0,0,-13.5284,7.59375e-05,0.0035477,0.0421525,1.49843,0.121731,60675,0.0921997,126.78,0.714878
204,0,0.060265,-0.000711849,0.0591898,0.229863,0.0383051,0,0.555257,0,1.23252,0.172106,0,0.0695823,0.393958,3.61964,0.487442,0.0546576,0.849234,3.51667,0,0.220827,0,0,0,0,0.00145321,0.324437,0.958061,0.0568421,0.0611168,0.0616827,0.00731499,0.00481054,0.423574,0.0619993,11.1351,-3.01586,3.3081,0.898733,0.536341,-0.963512,-0.0745464,0.537383,-0.00584386,0,0,0.00383012,0.0136913,-0.000485957,-0.333333,-0.0229259,-0.000243535,-0.00571196,0.000856444,17.2083,21.25,0,0,0,0.0416667,0,-13.5074,2.25e-05,0.00202289,0.0431185,1.4677,0.119482,61936,0.0922462,126.81,0.635915
205,0,0.0602853,-0.000724848,0.059222,0.23052,0.0387891,0,0.556153,0,1.23423,0.172028,0,0.0715002,0.392197,3.59365,0.484098,0.0539804,0.850228,3.53569,0,0.221418,0,0,0,0,0.00151078,0.32694,0.958282,0.0552608,0.0612128,0.0617917,0.00807862,0.0055677,0.421893,0.0621331,11.1038,-2.98004,3.32659,0.899301,0.540067,-0.948606,-0.0765667,0.535189,-0.00577373,0,0,0.00360197,0.0133272,-0.000491723,-0.333333,-0.0225716,-0.000245981,-0.00483979,0.000768241,16.8333,21.375,0,0,0,0,0,-13.5034,1e-05,0.00079684,0.0436799,1.46168,0.119554,62168,0.0922698,126.67,0.586419
206,0,0.060101,-0.000746648,0.0591162,0.227672,0.0382471,0,0.551378,0,1.22724,0.171649,0,0.0697468,0.400517,3.63299,0.489337,0.0562302,0.849585,3.51222,0,0.218528,0,0,0,0,0.00140652,0.325112,0.958274,0.0580528,0.0610226,0.0614898,0.00719004,0.00476198,0.425868,0.0619371,11.0748,-3.03967,3.31199,0.897964,0.535577,-0.992761,-0.0706427,0.536856,-0.00626068,0,5.2087e-09,0.00408536,0.0144482,-0.000477871,-0.333333,-0.0241514,-0.000243183,-0.00552831,0.000966693,17,20.4167,0,0,0,0,0,-13.4955,7.59375e-05,0.00115535,0.0433018,1.47126,0.120265,61767,0.0923625,126.89,0.687849
207,0,0.0599793,-0.000776102,0.0590187,0.229203,0.0396489,0,0.553059,0,1.22555,0.174303,0,0.0708898,0.396791,3.61454,0.487027,0.0537792,0.852543,3.52975,0,0.220191,0,0,0,0,0.00151767,0.32465,0.958612,0.0562772,0.0610769,0.0614891,0.00798638,0.00546909,0.424214,0.0620779,11.0876,-2.99801,3.26887,0.899692,0.531036,-0.953219,-0.0722741,0.530639,-0.00533429,0,0,0.00389524,0.0139248,-0.000480257,-0.333333,-0.0216257,-0.000240132,-0.00492177,0.000764209,17.25,19.625,0,0,0,0,0,-13.4827,7.59375e-05,0.00288509,0.0423321,1.45081,0.119001,62621,0.0924135,125.82,0.790269
208,0,0.0600844,-0.000733452,0.0591161,0.228748,0.0388121,0,0.552688,0,1.23983,0.172119,0,0.0706236,0.393128,3.62442,0.488482,0.0548834,0.848889,3.51621,0,0.219585,0,0,0,0,0.00150332,0.324722,0.957979,0.0570408,0.0611207,0.0615992,0.00771786,0.00519408,0.422414,0.0620853,11.0235,-3.12104,3.38763,0.895419,0.53917,-0.970557,-0.0711977,0.534447,-0.00568922,0,0,0.00381714,0.0135781,-0.00047809,-0.333333,-0.0252321,-0.000244416,-0.00474928,0.000792353,16,20,0,0,0,0,0,-13.4708,0.000113906,0.00312774,0.0417122,1.45368,0.11901,62506,0.0925292,126.92,0.663251
209,0,0.0601545,-0.000680496,0.0591346,0.230257,0.0385265,0,0.555833,0,1.2324,0.17356,0,0.0701096,0.391927,3.63482,0.489554,0.0541554,0.84756,3.51128,0,0.221221,0,0,0,0,0.00142496,0.325049,0.957791,0.0579146,0.0610474,0.061594,0.00695668,0.00449834,0.42243,0.0619289,11.1629,-3.03711,3.35533,0.897984,0.540939,-0.94663,-0.0674999,0.536575,-0.00540868,0,0,0.00382114,0.0140683,-0.000468435,-0.333333,-0.0215053,-0.000243484,-0.00538957,0.000881797,17.375,20.875,0,0,0,0,0,-13.4574,2.25e-05,0.00420775,0.0393959,1.4604,0.118693,62253,0.0925816,126.8,0.906686
210,0,0.0601993,-0.000756224,0.0592868,0.230165,0.0375962,0,0.554201,0,1.22549,0.170534,0,0.069366,0.392813,3.61771,0.488571,0.0528923,0.850256,3.5213,0,0.221014,0,0,0,0,0.00147248,0.319234,0.958523,0.0542718,0.0612355,0.0616723,0.00698549,0.00451419,0.427402,0.0621238,11.1817,-2.94986,3.22383,0.9014,0.531945,-0.956319,-0.0637988,0.537937,-0.00478326,0,0,0.003879,0.0136955,-0.000461608,-0.333333,-0.0205592,-0.000241059,-0.00463873,0.00079643,18.7917,19.5,0,0,0,0,0,-13.4447,0.000113906,0.00190398,0.0376534,1.45308,0.118698,62543,0.0927525,125.71,0.859298
211,0,0.0599329,-0.000764255,0.0590232,0.228526,0.0394511,0,0.552717,0,1.22906,0.174572,0,0.0709312,0.39901,3.62793,0.488661,0.0555646,0.851111,3.51819,0,0.219294,0,0,0,0,0.00146263,0.324822,0.958154,0.0577426,0.0609819,0.0613765,0.00766446,0.00514798,0.424391,0.061965,11.1238,-3.04432,3.31594,0.898469,0.535935,-0.98075,-0.0672209,0.532301,-0.0059055,0,0,0.0040514,0.0141161,-0.000465294,-0.333333,-0.0222722,-0.000242502,-0.00506543,0.000865118,17.7083,20.1667,0,0,0,0.0416667,0,-13.419,0.000113906,0.00300648,0.0370502,1.4673,0.122733,61825,0.0928647,127.46,0.731322
212,0,0.060128,-0.000745012,0.0591496,0.229189,0.0375607,0,0.554061,0,1.2264,0.169799,0,0.0691647,0.397628,3.62456,0.489153,0.0547815,0.849554,3.51436,0,0.220148,0,0,0,0,0.00141973,0.323322,0.958422,0.0560262,0.0610891,0.061565,0.00710406,0.00464492,0.422673,0.062034,11.0067,-3.06545,3.33075,0.89809,0.536339,-0.974981,-0.0677904,0.540178,-0.00567145,0,0,0.00405397,0.0145993,-0.000461406,-0.333333,-0.0212722,-0.000240275,-0.00468569,0.000898707,17.3333,19.0833,0,0,0,0,0,-13.3989,5.0625e-05,0.00235686,0.0373177,1.47968,0.120471,61434,0.0930109,126.66,0.744273
213,0,0.0600135,-0.000761901,0.0591165,0.229572,0.0375125,0,0.554462,0,1.22414,0.168685,0,0.0695088,0.397253,3.62548,0.490672,0.0550246,0.847316,3.49788,0,0.220316,0,0,0,0,0.00143871,0.322475,0.958143,0.0567887,0.0610607,0.0614778,0.0072001,0.00472532,0.426058,0.0620186,11.1244,-3.06503,3.30379,0.898153,0.532671,-0.990162,-0.0640229,0.541066,-0.00564719,0,2.08403e-11,0.00393711,0.0141439,-0.00045525,-0.333333,-0.0230451,-0.000240498,-0.00461059,0.000892605,18.125,19.8333,0,0,0,0,0,-13.3845,0.000113906,0.00232154,0.0385151,1.47277,0.118583,61773,0.0930924,125.84,0.570615
214,0,0.0600914,-0.000679903,0.0591274,0.229878,0.0378877,0,0.553639,0,1.21924,0.171928,0,0.0692083,0.39521,3.62625,0.488977,0.0533089,0.848536,3.51446,0,0.220873,0,0,0,0,0.00152957,0.324707,0.957516,0.0574273,0.0612005,0.0616341,0.00728408,0.00480301,0.423921,0.0621052,11.2371,-3.00991,3.30774,0.898329,0.537318,-0.930574,-0.0656602,0.5375,-0.00581593,0,1.83029e-09,0.00361145,0.0137427,-0.000454034,-0.333333,-0.0229241,-0.000238196,-0.00544519,0.000902138,17.0417,20.4167,0,0,0,0,0,-13.3729,1e-05,0.00628964,0.0387959,1.46655,0.120167,61954,0.0931344,126.19,0.783501
215,0,0.0600555,-0.000722382,0.0590193,0.229293,0.0394656,0,0.553225,0,1.22598,0.175099,0,0.0706814,0.396021,3.62975,0.488691,0.0538633,0.849715,3.50553,0,0.220228,0,0,0,0,0.00148023,0.325714,0.95744,0.0581578,0.0610544,0.0615672,0.00771058,0.00522697,0.424158,0.0620195,11.1563,-3.09682,3.39136,0.896315,0.541327,-0.93428,-0.0682809,0.531464,-0.00553981,0,0,0.00373517,0.0136007,-0.000470644,-0.333333,-0.0228379,-0.000240486,-0.00543644,0.000797372,16.9167,21.25,0,0,0,0,0,-13.3677,0.000113906,0.00139778,0.0393512,1.46755,0.121071,61880,0.0931979,126.62,0.751349
216,0,0.0601537,-0.000727668,0.0591802,0.229798,0.0387451,0,0.552622,0,1.21918,0.173198,0,0.0697865,0.394647,3.62073,0.488578,0.0528818,0.849844,3.51111,0,0.22053,0,0,0,0,0.00153797,0.323851,0.957841,0.0554036,0.0612046,0.0616755,0.00763588,0.00512247,0.426365,0.0621562,11.152,-3.0053,3.32676,0.899165,0.532212,-0.934862,-0.0642475,0.536032,-0.00532331,0,0,0.00372481,0.0136027,-0.000451246,-0.333333,-0.022432,-0.000236908,-0.00508835,0.000818023,17.0833,20.7917,0,0,0,0,0,-13.3562,7.59375e-05,0.00262422,0.0368063,1.47051,0.119292,61833,0.0932684,126.16,0.765882
217,0,0.0599564,-0.00073301,0.0590126,0.228227,0.0382873,0,0.549416,0,1.21651,0.174332,0,0.0699325,0.397435,3.6216,0.488263,0.0533246,0.852493,3.51741,0,0.218977,0,0,0,0,0.00155283,0.32744,0.957712,0.0585566,0.0610677,0.0614854,0.0081175,0.0055604,0.42505,0.0620919,11.1318,-3.10552,3.38404,0.896513,0.538348,-0.926652,-0.0650538,0.534233,-0.00567938,0,0,0.00384825,0.0137165,-0.000457248,-0.333333,-0.0238201,-0.000237594,-0.0045963,0.000777399,16.0417,19.9167,0,0,0,0,0,-13.3404,5.0625e-05,0.00276448,0.0373548,1.46371,0.122361,61979,0.0933872,126.26,0.521438
218,0,0.0600822,-0.000735561,0.0591683,0.228746,0.0385819,0,0.549843,0,1.2093,0.174582,0,0.0689978,0.395281,3.61876,0.488738,0.0524695,0.850941,3.51691,0,0.219595,0,0,0,0,0.00144227,0.323905,0.957801,0.0568808,0.0611108,0.0615468,0.00703164,0.00462571,0.424131,0.0620205,11.2554,-2.92882,3.2601,0.900764,0.527879,-0.940292,-0.0640774,0.532354,-0.00511673,0,0,0.0038144,0.0142791,-0.000447785,-0.333333,-0.0214557,-0.000234909,-0.004825,0.000946421,17.7917,19.6667,0,0,0,0,0,-13.3265,7.59375e-05,0.00220313,0.0362278,1.48296,0.122456,61232,0.093481,125.48,0.721466
219,0,0.0601246,-0.000707591,0.0591906,0.230282,0.0388947,0,0.554914,0,1.22165,0.173872,0,0.0695944,0.395774,3.64402,0.491036,0.0535423,0.848155,3.49513,0,0.221112,0,0,0,0,0.00147205,0.322871,0.957043,0.056915,0.0611923,0.0616082,0.00719371,0.00469321,0.424534,0.0621113,11.2136,-3.03916,3.36928,0.897321,0.535337,-0.945979,-0.0649538,0.535725,-0.00559041,0,0,0.00362864,0.0133646,-0.000455805,-0.333333,-0.0237122,-0.000238013,-0.00503998,0.000850024,16.7917,21.2083,0,0,0,0,0,-13.3143,5.0625e-05,0.00204228,0.0382984,1.48517,0.121234,61194,0.0935423,126.03,0.625574
220,0,0.0601911,-0.000819643,0.0593297,0.22908,0.0397038,0,0.550878,0,1.20217,0.175918,0,0.0695763,0.395919,3.61966,0.48808,0.0522789,0.851814,3.5286,0,0.220051,0,0,0,0,0.00145267,0.321585,0.957792,0.0545397,0.0612898,0.0616294,0.00650624,0.00405404,0.430055,0.0621305,11.3118,-2.7486,3.22423,0.902835,0.525248,-0.949785,-0.0611755,0.529297,-0.00531513,0,0,0.0037035,0.0134174,-0.000442621,-0.333333,-0.0208187,-0.000233723,-0.00493916,0.000942155,17.7083,19.9167,0,0,0,0,0,-13.3038,0.000113906,0.00178466,0.0349941,1.45221,0.121176,62479,0.0936388,125.97,0.662675
221,0,0.0601646,-0.000846328,0.0593517,0.228986,0.0368591,0,0.55112,0,1.21283,0.16832,0,0.0682527,0.392876,3.61999,0.489083,0.0529631,0.850806,3.5169,0,0.219763,0,0,0,0,0.00144094,0.321114,0.957879,0.0542342,0.0613199,0.061628,0.00686074,0.0043772,0.426942,0.062222,11.2479,-2.84463,3.22323,0.901286,0.527587,-0.961765,-0.0627707,0.54233,-0.00541945,0,0,0.00384953,0.0142384,-0.000450028,-0.333333,-0.0205937,-0.00023652,-0.00426623,0.000922541,19.0417,19.8333,0,0,0,0,0,-13.2865,7.59375e-05,0.00308275,0.0366151,1.45024,0.117646,62698,0.0937449,126.32,0.734258
222,0,0.0600399,-0.000724831,0.059142,0.228055,0.0374826,0,0.54971,0,1.20697,0.17171,0,0.0685369,0.398102,3.63735,0.491173,0.0535815,0.850776,3.51919,0,0.218845,0,0,0,0,0.00144748,0.321432,0.957118,0.0574697,0.0611027,0.0614931,0.00732195,0.00488345,0.428848,0.0620831,11.2686,-3.07552,3.35365,0.89863,0.536821,-0.954265,-0.0620366,0.539124,-0.00525513,0,0,0.00418984,0.0149191,-0.000439591,-0.333333,-0.0219981,-0.000233673,-0.00461823,0.000936262,17.4583,18.75,0,0,0,0,0,-13.2718,0.000113906,0.00230511,0.0369614,1.44584,0.118379,62845,0.0938587,126.7,0.904316
223,0,0.0599915,-0.000760726,0.0591256,0.229217,0.0376166,0,0.552271,0,1.21972,0.170054,0,0.0684842,0.398167,3.64474,0.491919,0.0534273,0.848947,3.50837,0,0.220086,0,0,0,0,0.00137627,0.320497,0.957138,0.0580193,0.0610302,0.0613708,0.00683099,0.00439338,0.428698,0.0619169,11.3327,-2.8992,3.27664,0.899933,0.530292,-0.957122,-0.063325,0.539019,-0.00546804,0,1.28325e-09,0.00384829,0.0144895,-0.000448254,-0.333333,-0.0213349,-0.000237148,-0.00466845,0.00105128,18.3333,20.7083,0,0,0,0,0,-13.258,1e-05,0.00276092,0.0388464,1.46544,0.119889,62008,0.0939055,126.21,0.830634
224,0,0.0602282,-0.00069441,0.059242,0.228734,0.0383663,0,0.550424,0,1.21449,0.173212,0,0.069241,0.393277,3.63194,0.490086,0.0531242,0.850763,3.51031,0,0.219631,0,0,0,0,0.0015122,0.326381,0.957358,0.0572821,0.0612456,0.0617477,0.00758214,0.00512328,0.42518,0.0621876,11.1562,-3.05784,3.3957,0.897331,0.53819,-0.925748,-0.0665672,0.536564,-0.00567079,0,0,0.00373679,0.013423,-0.000458541,-0.333333,-0.0211225,-0.000234924,-0.00516867,0.000845253,16.5833,20.75,0,0,0,0,0,-13.2511,7.59375e-05,0.0008083,0.0392231,1.46339,0.120188,62077,0.0939871,126.14,0.69821
225,0,0.0602496,-0.000729756,0.0593533,0.229766,0.0374957,0,0.552782,0,1.21438,0.17275,0,0.0682651,0.39263,3.62621,0.490842,0.0527215,0.849096,3.50412,0,0.22064,0,0,0,0,0.00145095,0.321308,0.957402,0.0560223,0.061293,0.0617119,0.00689378,0.00443251,0.425726,0.0621705,11.2828,-2.89731,3.27634,0.900514,0.531406,-0.936998,-0.0622087,0.538622,-0.00517468,0,0,0.00377127,0.014143,-0.000447908,-0.333333,-0.021925,-0.00023422,-0.00476536,0.000989804,17.875,20.2917,0,0,0,0,0,-13.2343,0.000113906,0.00219477,0.0354713,1.46751,0.121878,61850,0.0941143,125.74,0.771582
226,0,0.0599722,-0.000796126,0.0591711,0.228641,0.0382029,0,0.550083,0,1.20565,0.171947,0,0.0690085,0.392599,3.62433,0.49005,0.0530745,0.850542,3.5067,0,0.21931,0,0,0,0,0.00148293,0.322865,0.957323,0.0566296,0.061182,0.0614611,0.00764933,0.00515569,0.429415,0.0621506,11.2931,-2.94915,3.30188,0.899423,0.530174,-0.9517,-0.0620767,0.53441,-0.00538225,0,0,0.00384552,0.0143362,-0.000447505,-0.333333,-0.0219982,-0.00023386,-0.00447283,0.00097388,18,21.5,0,0,0,0,0,-13.2144,3.375e-05,0.00269092,0.0353352,1.45613,0.11922,62401,0.0942367,125.68,0.724586
227,0,0.0598548,-0.000763,0.0590548,0.228438,0.0381058,0,0.54935,0,1.20582,0.171441,0,0.0688009,0.397309,3.63546,0.491007,0.0529703,0.85159,3.50967,0,0.219057,0,0,0,0,0.00146012,0.323942,0.957772,0.0577858,0.0610634,0.0613055,0.00773134,0.00525684,0.427799,0.0621157,11.131,-3.07127,3.33455,0.897758,0.530931,-0.938302,-0.0622413,0.539755,-0.00566167,0,0,0.00397033,0.0142767,-0.000446006,-0.333333,-0.0217692,-0.000231841,-0.00422147,0.000857995,17.2083,19.5417,0,0,0,0,0,-13.2054,2.25e-05,0.00314776,0.0371444,1.46888,0.119662,61883,0.0942552,126.77,0.834285
228,0,0.0601531,-0.000746093,0.0592957,0.229775,0.0370981,0,0.552664,0,1.20616,0.172075,0,0.0673773,0.395,3.64518,0.492049,0.0528372,0.84949,3.50894,0,0.220616,0,0,0,0,0.00138967,0.318347,0.957233,0.0568722,0.0612004,0.0615335,0.00615417,0.00372485,0.427946,0.0620489,11.2743,-2.90621,3.27229,0.900388,0.529459,-0.954074,-0.0593824,0.541933,-0.00526918,0,0,0.00389259,0.0139789,-0.000433285,-0.333333,-0.0224906,-0.00023214,-0.00475795,0.000893146,17.875,19.7917,0,0,0,0,0,-13.203,5.0625e-05,0.00205964,0.0357853,1.46714,0.120962,61900,0.0942794,125.41,0.906412
229,0,0.0600103,-0.000726119,0.0591499,0.228037,0.0370485,0,0.549295,0,1.2045,0.170889,0,0.0684276,0.398888,3.64541,0.493374,0.0539848,0.848538,3.49233,0,0.218804,0,0,0,0,0.00142995,0.32374,0.95728,0.0591543,0.0611,0.0614669,0.00692655,0.00451282,0.427067,0.0620172,11.1796,-3.01572,3.35892,0.898009,0.532362,-0.946816,-0.0596258,0.537989,-0.00589605,0,2.37594e-08,0.00387246,0.0143851,-0.000438832,-0.333333,-0.0230509,-0.000232445,-0.00535408,0.000960003,17.5,20.375,0,0,0,0,0,-13.1929,0.000170859,0.00206006,0.0353421,1.46062,0.119609,62208,0.0943985,126.14,0.772068
230,0,0.0601485,-0.000731734,0.0593052,0.229614,0.0363692,0,0.551505,0,1.21122,0.167351,0,0.0676761,0.396336,3.63392,0.492023,0.0523411,0.84775,3.49943,0,0.220299,0,0,0,0,0.00139651,0.319339,0.957312,0.0562624,0.0612329,0.0615409,0.00692652,0.00444617,0.425691,0.062146,11.2556,-2.96808,3.28496,0.900095,0.530343,-0.932927,-0.0631286,0.543922,-0.00515766,0,2.2709e-09,0.00396337,0.0143539,-0.000451888,-0.333333,-0.0207293,-0.000234993,-0.00478331,0.000852553,17.4583,20.5,0,0,0,0,0,-13.1786,1e-05,0.00394854,0.036685,1.45716,0.1191,62365,0.0944413,125.05,0.79423
231,0,0.0600268,-0.000791567,0.0591884,0.228691,0.038777,0,0.549321,0,1.20274,0.174066,0,0.0684206,0.397436,3.62542,0.489961,0.0523181,0.852013,3.51063,0,0.219331,0,0,0,0,0.00145708,0.321236,0.957758,0.0557858,0.0611401,0.0614613,0.00758014,0.00506336,0.426039,0.0621272,11.2154,-2.98085,3.28721,0.899008,0.523274,-0.951992,-0.0586156,0.533989,-0.00501973,0,0,0.00393427,0.0137421,-0.000437479,-0.333333,-0.0231412,-0.000232395,-0.00419182,0.000796564,18.25,20.25,0,0,0,0,0,-13.1682,0.000113906,0.000977985,0.0360867,1.45099,0.119989,62575,0.0945816,126.23,0.792653
232,0,0.0600326,-0.000762161,0.0591199,0.227587,0.0387328,0,0.54638,0,1.19853,0.177659,0,0.0693641,0.395764,3.63519,0.490973,0.0517999,0.853688,3.52357,0,0.218327,0,0,0,0,0.00147996,0.328143,0.956996,0.0574996,0.0610915,0.0614546,0.00781918,0.00536654,0.42895,0.0620855,11.3079,-2.96167,3.33995,0.899079,0.525334,-0.906069,-0.062523,0.529619,-0.00575834,0,0,0.00374717,0.0138274,-0.000449517,-0.333333,-0.0221415,-0.000229604,-0.00453668,0.000919447,16.8333,21.1667,0,0,0,0,0,-13.1389,7.59375e-05,0.00254892,0.039314,1.47009,0.121449,61766,0.0947874,125.88,0.8279
233,0,0.0598828,-0.000717331,0.0590669,0.228083,0.0390458,0,0.547701,0,1.20412,0.17528,0,0.0693432,0.398552,3.63692,0.491719,0.0522832,0.849153,3.5059,0,0.218876,0,0,0,0,0.00141866,0.324466,0.956868,0.0590063,0.0609869,0.0613631,0.00786779,0.0054223,0.42772,0.0619546,11.3328,-2.99477,3.31629,0.899697,0.53259,-0.91472,-0.0623107,0.529433,-0.00536156,0,2.0994e-08,0.0035565,0.0137866,-0.000448969,-0.333333,-0.0216464,-0.000232434,-0.00562449,0.000904548,16.7083,19.9583,0,0,0,0,0,-13.116,7.59375e-05,0.00205563,0.0373681,1.52287,0.124249,59682,0.0948977,125.9,0.796825
234,0,0.0600604,-0.000740553,0.0591458,0.227722,0.0389353,0,0.54568,0,1.20602,0.176561,0,0.0696435,0.391722,3.62506,0.489503,0.0512535,0.849409,3.51188,0,0.218401,0,0,0,0,0.00148756,0.325954,0.957794,0.056743,0.0611609,0.0615041,0.00765878,0.00520246,0.423496,0.0621608,11.1882,-2.96621,3.30706,0.90006,0.533498,-0.906295,-0.0613213,0.529777,-0.00513495,0,0,0.00374837,0.0137145,-0.000442879,-0.333333,-0.0213955,-0.000232281,-0.00467612,0.000837068,17.4167,20.5833,0,0,0,0,0,-13.0997,0.000113906,0.0029345,0.0375145,1.4567,0.121146,62302,0.095018,125.11,0.780472
235,0,0.0601353,-0.000748787,0.0593045,0.228063,0.0374362,0,0.54727,0,1.19102,0.172349,0,0.0670466,0.396183,3.62353,0.491019,0.0520287,0.85111,3.50678,0,0.218874,0,0,0,0,0.00143409,0.319175,0.957303,0.055867,0.0612627,0.0615322,0.0067957,0.00433223,0.42585,0.0621639,11.2791,-2.90783,3.27013,0.901828,0.526752,-0.92507,-0.0575123,0.537867,-0.00531303,0,8.54467e-09,0.00383014,0.0136173,-0.00043291,-0.333333,-0.0228821,-0.000230078,-0.00534127,0.000868318,18.4583,21.0833,0,0,0,0,0,-13.0791,3.375e-05,0.00263972,0.0356043,1.44094,0.119125,63012,0.0951594,126.48,0.781426
236,0,0.060025,-0.000824305,0.0592959,0.228794,0.0375755,0,0.548458,0,1.19279,0.173033,0,0.0679585,0.396723,3.63573,0.491432,0.0512018,0.853321,3.52242,0,0.219486,0,0,0,0,0.00142281,0.320653,0.957956,0.0544443,0.0612557,0.0614465,0.00713434,0.00470644,0.429373,0.0622068,11.3276,-2.82793,3.17134,0.902954,0.5186,-0.94328,-0.0586381,0.535714,-0.00470957,0,0,0.00378716,0.0146592,-0.000442721,-0.333333,-0.0198171,-0.000230469,-0.00446243,0.000978501,19.4583,17.9167,0,0,0,0,0,-13.0666,5.0625e-05,0.00196005,0.0358206,1.45399,0.119017,62494,0.0952147,126.23,0.760122
237,0,0.0598768,-0.000755019,0.0591364,0.227779,0.0380591,0,0.546886,0,1.1936,0.173197,0,0.0681161,0.393105,3.63018,0.490988,0.0519803,0.850673,3.50956,0,0.218594,0,0,0,0,0.00146415,0.323871,0.95744,0.0576419,0.0611044,0.0613612,0.00733397,0.00494218,0.427338,0.0620705,11.2511,-2.94215,3.2984,0.899643,0.526148,-0.930681,-0.0587871,0.533585,-0.00502548,0,3.17776e-09,0.00383356,0.0141821,-0.000441945,-0.333333,-0.019585,-0.000230619,-0.0046555,0.000921175,19.375,19.4583,0,0,0,0,0,-13.0531,0.000113906,0.00204133,0.0373939,1.5222,0.123038,59750,0.0953365,126.56,0.747347
238,0,0.0600626,-0.000799166,0.0593103,0.228844,0.0376595,0,0.547795,0,1.18667,0.172675,0,0.0679645,0.396955,3.62884,0.490728,0.0505552,0.852337,3.52017,0,0.219725,0,0,0,0,0.00146341,0.321016,0.958018,0.0544162,0.0613148,0.061529,0.00706805,0.00465545,0.427957,0.0622552,11.358,-2.75718,3.1802,0.903749,0.522174,-0.922841,-0.057408,0.536919,-0.00479201,0,2.2552e-10,0.00379412,0.0140064,-0.000434201,-0.333333,-0.019999,-0.000227572,-0.00461033,0.000958031,18.6667,18.375,0,0,0,0,0,-13.04,7.59375e-05,0.00273394,0.0362601,1.47289,0.120852,61681,0.0953955,125.23,0.927262
239,0,0.0601294,-0.00081077,0.0593086,0.228137,0.0376705,0,0.546701,0,1.19799,0.173197,0,0.0681152,0.394123,3.62363,0.490644,0.0513983,0.851089,3.51072,0,0.218818,0,0,0,0,0.00147724,0.324178,0.957598,0.0557309,0.0613591,0.0615785,0.00753023,0.00504439,0.42566,0.0623372,11.2581,-2.84677,3.24857,0.901598,0.523534,-0.912807,-0.0591695,0.535718,-0.00548359,0,0,0.00359494,0.0133507,-0.00043392,-0.333333,-0.0221675,-0.000228595,-0.00439576,0.000897796,17.75,21.25,0,0,0,0,0,-13.0325,1e-05,0.00271138,0.0399073,1.45634,0.118311,62428,0.0954321,126.45,0.730053
240,0,0.0601405,-0.000766882,0.0593602,0.227635,0.0382264,0,0.544304,0,1.19105,0.17573,0,0.0685651,0.392602,3.62157,0.491035,0.050138,0.850568,3.5129,0,0.218292,0,0,0,0,0.00150713,0.323452,0.957507,0.0545911,0.0614147,0.0616376,0.00727136,0.00482178,0.426373,0.0623545,11.2355,-2.86964,3.3019,0.900815,0.528665,-0.88572,-0.0597881,0.531952,-0.00493434,0,0,0.00359742,0.0134581,-0.000439393,-0.333333,-0.0194947,-0.000228694,-0.0040636,0.000861095,18.5417,21.7083,0,0,0,0,0,-13.025,7.59375e-05,0.00103453,0.0362915,1.4432,0.120353,62872,0.0955392,125.18,0.878846
241,0,0.0599854,-0.000805791,0.05929,0.227984,0.0378854,0,0.545614,0,1.18407,0.173892,0,0.067645,0.394728,3.62674,0.490361,0.0507223,0.851737,3.51458,0,0.218518,0,0,0,0,0.00143965,0.323082,0.957467,0.0556435,0.0612048,0.0613969,0.00705301,0.00466027,0.425442,0.0621931,11.3236,-2.84753,3.22639,0.901886,0.522623,-0.933129,-0.056084,0.532539,-0.00476663,0,0,0.00388286,0.0145267,-0.000432537,-0.333333,-0.0195712,-0.00022601,-0.00369941,0.000965102,19.5,19.2917,0,0,0,0,0,-13.0047,3.375e-05,0.00144107,0.0351389,1.47405,0.120265,61659,0.0956647,125.17,0.765691
242,0,0.0599857,-0.000768962,0.0592201,0.227162,0.0384585,0,0.542803,0,1.18517,0.17542,0,0.0684134,0.395981,3.6359,0.491547,0.0499926,0.851212,3.51014,0,0.217726,0,0,0,0,0.00148707,0.323243,0.957518,0.0553902,0.0612972,0.0614712,0.00746125,0.00505993,0.426711,0.0622717,11.2948,-2.87787,3.26215,0.901489,0.524307,-0.892785,-0.0560348,0.530513,-0.00470951,0,0,0.00387962,0.0140107,-0.00043161,-0.333333,-0.019911,-0.000226332,-0.00412491,0.00083814,18.7917,20.2083,0,0,0,0,0,-12.9824,7.59375e-05,0.00261041,0.0320012,1.45768,0.118416,62372,0.0958414,124.98,0.772181
243,0,0.0598792,-0.000801093,0.0591981,0.228922,0.038275,0,0.547857,0,1.17944,0.17535,0,0.0680702,0.39726,3.6309,0.491628,0.0503993,0.851072,3.5057,0,0.219626,0,0,0,0,0.00146085,0.322314,0.957621,0.055426,0.0611917,0.0613668,0.00728403,0.00491895,0.428834,0.062188,11.3695,-2.81905,3.15505,0.904434,0.516224,-0.919778,-0.0554115,0.531123,-0.00467411,0,0,0.00373314,0.0146974,-0.000425719,-0.333333,-0.0196676,-0.000224758,-0.00392572,0.00108254,18.7083,18.4167,0,0,0,0,0,-12.9567,0.000113906,0.00122649,0.0366651,1.46917,0.117979,61937,0.0960333,125.06,0.753148
244,0,0.0600863,-0.000827487,0.0593765,0.228116,0.0373052,0,0.54479,0,1.1832,0.170735,0,0.0665456,0.395462,3.63723,0.491105,0.0498313,0.853259,3.51938,0,0.218793,0,0,0,0,0.00141384,0.320517,0.95785,0.0546693,0.0613378,0.0615144,0.00688183,0.00449317,0.425373,0.0622509,11.2989,-2.74463,3.20803,0.902505,0.517572,-0.91579,-0.0556924,0.534229,-0.00445432,0,0,0.00376473,0.014487,-0.000428108,-0.333333,-0.0183696,-0.000226775,-0.00400712,0.001066,19.5417,19.375,0,0,0,0,0,-12.9371,2.25e-05,0.00307176,0.0358405,1.4456,0.118643,62844,0.0960864,125.51,0.854663
245,0,0.0600668,-0.000758797,0.0593093,0.227009,0.0370189,0,0.542721,0,1.18523,0.17353,0,0.0672923,0.397931,3.64583,0.492557,0.0506232,0.850544,3.49921,0,0.217691,0,0,0,0,0.00139217,0.321138,0.957234,0.0570095,0.0612302,0.0614713,0.00703508,0.0046433,0.426196,0.0621714,11.2975,-2.8631,3.25052,0.902186,0.525641,-0.895881,-0.055598,0.535829,-0.00498275,0,4.45887e-11,0.00374428,0.0141342,-0.000431691,-0.333333,-0.020604,-0.000225642,-0.00481317,0.00100893,19.2083,20.8333,0,0,0,0,0,-12.9317,7.59375e-05,0.00146136,0.0336431,1.50793,0.125716,60174,0.0961428,125.61,0.918346
246,0,0.0599139,-0.00082302,0.059203,0.226743,0.0384424,0,0.543135,0,1.1888,0.175974,0,0.0677744,0.398879,3.63971,0.491883,0.0512039,0.853116,3.5207,0,0.217412,0,0,0,0,0.00146149,0.320752,0.957276,0.0570391,0.0611562,0.0613338,0.00676303,0.00435962,0.427675,0.0621301,11.2867,-2.92953,3.27173,0.901015,0.524367,-0.918197,-0.0549217,0.530681,-0.00515443,0,0,0.00380048,0.0141714,-0.000427887,-0.333333,-0.0208766,-0.000226269,-0.00456385,0.000982021,18.3333,20.5833,0,0,0,0,0,-12.9203,3.375e-05,0.00264474,0.0341531,1.50742,0.124201,60249,0.0962326,124.77,0.881027
247,0,0.0600248,-0.000814568,0.0594037,0.228561,0.0366636,0,0.544912,0,1.17245,0.170115,0,0.0660429,0.398014,3.63226,0.492109,0.0488621,0.853025,3.50729,0,0.219123,0,0,0,0,0.00138956,0.316745,0.957838,0.0552297,0.0613136,0.061393,0.00678369,0.00436253,0.427868,0.0622489,11.3567,-2.77444,3.14848,0.904474,0.516123,-0.882362,-0.0532535,0.540916,-0.00429424,0,0,0.00391938,0.0146942,-0.000424999,-0.333333,-0.0171681,-0.000222622,-0.00387321,0.00101343,19,19.75,0,0,0,0,0,-12.9069,7.59375e-05,0.00192013,0.03472,1.45964,0.125986,61996,0.096347,124.85,1.01843
248,0,0.0599432,-0.000773922,0.0592601,0.227571,0.0369765,0,0.54409,0,1.18074,0.169243,0,0.066553,0.394385,3.63938,0.492714,0.0504078,0.851114,3.49652,0,0.218119,0,0,0,0,0.00150716,0.320942,0.956773,0.0578195,0.0612931,0.061457,0.0072891,0.00490424,0.431032,0.0622836,11.3381,-2.95029,3.31257,0.899146,0.52462,-0.90157,-0.053041,0.537828,-0.00498895,0,0,0.00392343,0.0149948,-0.000419662,-0.333333,-0.0201713,-0.000223861,-0.00392482,0.0010412,17.875,20.0417,0,0,0,0,0,-12.885,0.000113906,0.00166065,0.0338105,1.45986,0.120952,62185,0.0965104,125.56,0.850276
249,0,0.0599234,-0.000774319,0.0592956,0.228472,0.0373382,0,0.54508,0,1.17823,0.171829,0,0.0662723,0.397471,3.64017,0.493025,0.0491834,0.851568,3.50821,0,0.219088,0,0,0,0,0.00136506,0.317581,0.957365,0.0566841,0.0612356,0.0612988,0.00693603,0.00456744,0.427516,0.0621849,11.3647,-2.82595,3.19521,0.902957,0.520366,-0.892119,-0.0537018,0.536783,-0.00435566,0,0,0.00392024,0.0145114,-0.000420384,-0.333333,-0.0178231,-0.000222574,-0.00382087,0.000966375,18.5833,20.125,0,0,0,0,0,-12.8661,0.000113906,0.00198709,0.0359466,1.49384,0.122608,60814,0.0966115,125.21,0.76124
250,0,0.0600441,-0.000787781,0.0593265,0.227126,0.0374505,0,0.541113,0,1.17727,0.174355,0,0.0668759,0.391628,3.62623,0.491081,0.0490155,0.852991,3.50944,0,0.21764,0,0,0,0,0.00146224,0.322214,0.957254,0.0569391,0.0613252,0.0615257,0.00742466,0.00500503,0.426606,0.0622675,11.3091,-2.85976,3.27328,0.902193,0.523766,-0.853385,-0.053682,0.533727,-0.0047747,0,0,0.00356678,0.0133283,-0.000420699,-0.333333,-0.0188506,-0.000221913,-0.00444916,0.000908884,17.5833,21.8333,0,0,0,0,0,-12.8513,1e-05,0.000600429,0.0357364,1.48254,0.124562,61168,0.0966821,125.37,0.682527
251,0,0.0598362,-0.000807568,0.0591623,0.225994,0.0377925,0,0.539157,0,1.17651,0.176223,0,0.0669635,0.397913,3.6427,0.492815,0.0496347,0.853492,3.51176,0,0.216641,0,0,0,0,0.00146478,0.322576,0.957096,0.0577301,0.0611956,0.061313,0.006586,0.00417615,0.428968,0.0620958,11.3247,-2.83181,3.27691,0.901236,0.518808,-0.863547,-0.0517977,0.526595,-0.00506326,0,0,0.00356805,0.0144597,-0.000416649,-0.333333,-0.0190625,-0.000220953,-0.00419113,0.00106646,18.25,21.625,0,0,0,0,0,-12.8421,0.000113906,0.00136996,0.034563,1.46268,0.119087,62148,0.0967881,124.92,0.820394
252,0,0.0598101,-0.000782482,0.0591044,0.226594,0.0396022,0,0.541013,0,1.18105,0.177594,0,0.0683069,0.393773,3.63648,0.492909,0.0498481,0.851517,3.5079,0,0.217205,0,0,0,0,0.00146161,0.324606,0.956609,0.0574589,0.0610824,0.0612734,0.00717489,0.00476356,0.428713,0.0620327,11.4804,-2.78185,3.24201,0.902498,0.522703,-0.891047,-0.053128,0.523384,-0.00466717,0,0,0.00353958,0.0144921,-0.000418099,-0.333333,-0.0191505,-0.000222106,-0.00461396,0.00102747,18.625,21.2083,0,0,0,0,0,-12.8201,5.0625e-05,0.00244426,0.0354918,1.46667,0.120824,61923,0.0969585,125.53,0.696587
253,0,0.0599679,-0.000833529,0.0593284,0.227473,0.037224,0,0.542939,0,1.17583,0.172372,0,0.0661738,0.395466,3.6381,0.49293,0.0495593,0.852382,3.5048,0,0.218131,0,0,0,0,0.00145214,0.320085,0.957208,0.0570688,0.0612694,0.0613855,0.00756254,0.0051495,0.428259,0.0622946,11.3428,-2.88662,3.24186,0.901538,0.520935,-0.898568,-0.0516144,0.537097,-0.00459249,0,0,0.00378424,0.0146729,-0.000411885,-0.333333,-0.0203135,-0.000220446,-0.00382091,0.00103949,18.375,19,0,0,0,0,0,-12.8059,2.25e-05,0.00289964,0.0347819,1.49286,0.119026,60986,0.0969994,125.89,0.860811
254,0,0.0599712,-0.000787028,0.0593462,0.228834,0.0373788,0,0.544874,0,1.17421,0.172156,0,0.0662215,0.396053,3.63699,0.493526,0.0484817,0.849775,3.5009,0,0.219387,0,0,0,0,0.00143469,0.315886,0.957254,0.0560332,0.061329,0.0614328,0.00640473,0.00405019,0.425172,0.0622213,11.4132,-2.79154,3.17065,0.90444,0.518187,-0.867327,-0.0515212,0.535888,-0.00416944,0,0,0.00355664,0.0140046,-0.000414398,-0.333333,-0.0177286,-0.000221306,-0.0041627,0.000981193,18.9583,19.625,0,0,0,0,0,-12.7977,0.000113906,0.00161991,0.0368741,1.46491,0.120632,62000,0.0970867,124.84,0.961644
255,0,0.059869,-0.000746685,0.0592429,0.227246,0.0371096,0,0.54301,0,1.18417,0.173216,0,0.0661128,0.398678,3.65166,0.494672,0.0505208,0.849427,3.49774,0,0.217904,0,0,0,0,0.00139264,0.319578,0.956593,0.0591729,0.0611997,0.0613085,0.00608345,0.00375064,0.427015,0.0620756,11.3634,-2.81058,3.26232,0.901738,0.522643,-0.895289,-0.0509247,0.536377,-0.00503557,0,0,0.00365375,0.0146814,-0.000414708,-0.333333,-0.0196902,-0.000221665,-0.00492126,0.00113087,17.9167,21.4167,0,0,0,0,0,-12.7792,0.000113906,0.00142467,0.0330234,1.46778,0.124649,61732,0.0972347,125.77,0.767782
256,0,0.0598009,-0.000796399,0.0591989,0.226049,0.0378751,0,0.538987,0,1.16587,0.176449,0,0.0673204,0.396404,3.63628,0.493167,0.0492667,0.853457,3.50876,0,0.216655,0,0,0,0,0.00152038,0.325245,0.957061,0.0579693,0.0612701,0.0613482,0.00701126,0.00469159,0.429992,0.0622668,11.362,-2.83964,3.21722,0.902507,0.515789,-0.8741,-0.0505501,0.527047,-0.00508173,0,0,0.00355285,0.014242,-0.000404958,-0.333333,-0.0193021,-0.000216949,-0.00377921,0.00109766,19.3333,20.5833,0,0,0,0,0,-12.7588,7.59375e-05,0.00212174,0.0356346,1.47454,0.121122,61606,0.097369,125.12,0.826809
257,0,0.059737,-0.000822888,0.059196,0.226809,0.0386003,0,0.541023,0,1.16905,0.17766,0,0.0664007,0.399943,3.65931,0.495504,0.0496519,0.852441,3.49896,0,0.217443,0,0,0,0,0.00137983,0.320154,0.956598,0.0574817,0.061189,0.0611561,0.00620244,0.00390972,0.430916,0.0620648,11.5381,-2.68473,3.17642,0.904262,0.516129,-0.893581,-0.0499513,0.526839,-0.00458794,0,9.82085e-08,0.00368522,0.0144271,-0.000407733,-0.333333,-0.0172847,-0.000216458,-0.00405366,0.00110001,19.7083,21.0833,0,0,0,0.0416667,0,-12.7446,7.59375e-05,0.0023276,0.0332419,1.47598,0.12302,61478,0.0974416,124.72,0.8616
258,0,0.0598162,-0.000820054,0.0592733,0.227667,0.0362962,0,0.542302,0,1.16983,0.170943,0,0.065518,0.395184,3.64497,0.493597,0.0484148,0.85376,3.50722,0,0.21827,0,0,0,0,0.00148612,0.32168,0.957171,0.0558581,0.0613322,0.0612929,0.0075145,0.00515064,0.426785,0.0623678,11.4399,-2.7668,3.16668,0.903515,0.515376,-0.879446,-0.0501959,0.539836,-0.00452911,0,0,0.00395991,0.0148808,-0.000408728,-0.333333,-0.0184716,-0.000216341,-0.00364174,0.00106013,18.375,20.125,0,0,0,0,0,-12.7313,7.59375e-05,0.00189532,0.0335072,1.4696,0.123914,61690,0.097557,124.63,0.863635
259,0,0.0597665,-0.000828187,0.0592277,0.225902,0.0379556,0,0.538409,0,1.17259,0.174587,0,0.0662887,0.396079,3.64131,0.493796,0.0489433,0.851838,3.49969,0,0.216528,0,0,0,0,0.00137435,0.320086,0.956685,0.0572259,0.061177,0.0611857,0.00717233,0.00487039,0.428228,0.0621697,11.573,-2.71675,3.15737,0.903916,0.518717,-0.895102,-0.049671,0.52905,-0.00421578,0,0,0.00372582,0.0144617,-0.000409424,-0.333333,-0.016833,-0.00021977,-0.00387456,0.00108712,19.5417,20.625,0,0,0,0,0,-12.7122,0.000113906,0.00170039,0.0348127,1.47041,0.123004,61693,0.0977094,125.88,0.793168
260,0,0.0601211,-0.000825176,0.0595523,0.22752,0.0374511,0,0.54084,0,1.16366,0.17561,0,0.0656863,0.397555,3.64795,0.494078,0.0476024,0.852668,3.50761,0,0.218219,0,0,0,0,0.00138594,0.315476,0.957479,0.0544788,0.0614771,0.0615591,0.00572397,0.00348646,0.42783,0.0623208,11.4495,-2.54112,3.06578,0.908258,0.513407,-0.880036,-0.0472371,0.531849,-0.00375992,0,0,0.0035707,0.0141832,-0.000398681,-0.333333,-0.0152345,-0.000215715,-0.00399282,0.00106436,19.3333,19.6667,0,0,0,0,0,-12.6949,7.59375e-05,0.00174918,0.0331566,1.46521,0.12276,61905,0.0977863,124.44,0.939127
261,0,0.059761,-0.000837286,0.0592482,0.226619,0.0377228,0,0.53917,0,1.16284,0.176462,0,0.0659227,0.398575,3.64763,0.494037,0.0482544,0.853321,3.49995,0,0.217143,0,0,0,0,0.00143576,0.321666,0.956976,0.0567039,0.0611904,0.0611841,0.00686184,0.00457587,0.428251,0.0621783,11.4734,-2.66335,3.11996,0.905901,0.509214,-0.887238,-0.0474482,0.529846,-0.00438979,0,0,0.00382693,0.0143744,-0.000401624,-0.333333,-0.0179945,-0.000214576,-0.00370544,0.00110312,19.1667,20.2917,0,0,0,0,0,-12.6767,7.59375e-05,0.00161422,0.0358188,1.46836,0.120963,61852,0.0979436,125.04,0.85284
262,0,0.0597439,-0.000797074,0.059219,0.225884,0.0367009,0,0.537872,0,1.16066,0.174803,0,0.0657462,0.398535,3.65324,0.494535,0.0487198,0.852949,3.5027,0,0.21654,0,0,0,0,0.00138957,0.318847,0.956812,0.0568483,0.0612415,0.0611874,0.00607934,0.00384598,0.427844,0.0621351,11.5152,-2.61437,3.10939,0.906528,0.512671,-0.880512,-0.0462213,0.532208,-0.00454084,0,0,0.00369458,0.0144715,-0.000395917,-0.333333,-0.0173333,-0.000214256,-0.00402823,0.00114292,20.1667,21.0417,0,0,0,0,0,-12.6595,0.000170859,0.0022819,0.0331472,1.51012,0.124356,60143,0.0980553,125.11,0.812282
263,0,0.0596805,-0.000827884,0.0591675,0.224665,0.0384809,0,0.535429,0,1.16604,0.179083,0,0.065798,0.399564,3.65237,0.495388,0.0490923,0.852317,3.49525,0,0.215295,0,0,0,0,0.00141567,0.318319,0.956713,0.0575626,0.0611688,0.0611306,0.00654999,0.00431167,0.43041,0.0621559,11.5371,-2.72592,3.13486,0.904895,0.514799,-0.902499,-0.0484017,0.525549,-0.00435602,0,0,0.00375601,0.0144868,-0.000399759,-0.333333,-0.0168303,-0.00021508,-0.00353313,0.00108713,19.9583,19.4167,0,0,0,0,0,-12.6392,0.000113906,0.00197155,0.0328439,1.49426,0.121894,60825,0.0982117,124.86,0.714046
264,0,0.0597593,-0.000779716,0.0592636,0.227193,0.0367298,0,0.540252,0,1.1509,0.173163,0,0.0651795,0.398879,3.66046,0.496003,0.0472629,0.851768,3.50153,0,0.218069,0,0,0,0,0.00140724,0.317091,0.956646,0.057526,0.0612789,0.0612248,0.00620903,0.0039983,0.432322,0.0621868,11.6321,-2.61078,3.05075,0.907905,0.511084,-0.859047,-0.0455689,0.534534,-0.00403316,0,0,0.00363665,0.0146745,-0.000392977,-0.333333,-0.0158543,-0.000212614,-0.00343112,0.00119469,20.5,18.0833,0,0,0,0,0,-12.6247,5.0625e-05,0.00182838,0.0387667,1.49311,0.122776,60836,0.0982581,124.42,0.883431
265,0,0.0597876,-0.000773723,0.0593083,0.22716,0.0368548,0,0.540406,0,1.1573,0.171179,0,0.0647455,0.398428,3.65951,0.494911,0.0482621,0.852529,3.5008,0,0.217744,0,0,0,0,0.0013208,0.31788,0.956789,0.0582483,0.0611808,0.0611606,0.00636121,0.0041273,0.42583,0.062125,11.436,-2.68407,3.10899,0.904923,0.511476,-0.884468,-0.0483892,0.536455,-0.00383196,0,0,0.00375796,0.0150862,-0.000399605,-0.333333,-0.0157973,-0.000214144,-0.00412041,0.00113751,18.9583,18.6667,0,0,0,0,0,-12.614,7.59375e-05,0.00101311,0.0353697,1.50341,0.126537,60311,0.098382,124.98,1.03869
266,0,0.0598381,-0.000827759,0.0592843,0.225165,0.0381529,0,0.53558,0,1.16053,0.178308,0,0.0665307,0.395424,3.64136,0.492924,0.0480033,0.854933,3.51435,0,0.215823,0,0,0,0,0.00143691,0.320658,0.956799,0.055888,0.061287,0.0612826,0.00695553,0.00466987,0.427186,0.0622616,11.4801,-2.65706,3.15491,0.906048,0.51134,-0.869623,-0.0481669,0.52501,-0.00413784,0,0,0.00372695,0.0135199,-0.000406316,-0.333333,-0.017397,-0.000214103,-0.00372095,0.000968567,18.6667,20.7917,0,0,0,0,0,-12.5989,1e-05,0.00357299,0.0344094,1.52089,0.121397,59858,0.0984405,124.72,0.891546
267,0,0.0598677,-0.000791335,0.0593913,0.226352,0.0362584,0,0.537857,0,1.15587,0.17194,0,0.0649002,0.396365,3.6583,0.495159,0.0476138,0.851638,3.49314,0,0.21689,0,0,0,0,0.00141962,0.315534,0.957048,0.0571324,0.061378,0.0613256,0.00636236,0.00407776,0.427901,0.062343,11.4574,-2.70489,3.10219,0.905612,0.508709,-0.87937,-0.0447322,0.536475,-0.00389735,0,4.50158e-08,0.00370145,0.0141816,-0.000394216,-0.333333,-0.0169927,-0.000212655,-0.00371704,0.00100891,20.2083,21,0,0,0,0,0,-12.5902,0.000170859,0.00102214,0.0349736,1.51457,0.124164,59987,0.0985634,124.56,1.02138
268,0,0.0597157,-0.000841353,0.0592466,0.224843,0.0382397,0,0.535061,0,1.1527,0.178447,0,0.0659336,0.399972,3.65045,0.494549,0.0481457,0.855087,3.50291,0,0.215548,0,0,0,0,0.00141019,0.319646,0.956817,0.0573588,0.0612318,0.0611917,0.00676821,0.00452709,0.429537,0.0622265,11.5444,-2.64556,3.06604,0.907406,0.511871,-0.876067,-0.0465212,0.526604,-0.00417012,0,0,0.00364275,0.0140735,-0.000396051,-0.333333,-0.0160474,-0.000211863,-0.00392495,0.00109512,20.25,18.9167,0,0,0,0,0,-12.5615,0.000170859,0.00179097,0.0350658,1.50674,0.121442,60376,0.0987726,123.67,0.722776
269,0,0.0597222,-0.000866972,0.0592945,0.226413,0.0364136,0,0.538057,0,1.14666,0.172716,0,0.0641615,0.397019,3.65315,0.496176,0.0473806,0.851493,3.49192,0,0.217111,0,0,0,0,0.00142956,0.31665,0.956848,0.0564985,0.0613423,0.0612072,0.00673648,0.00450092,0.430056,0.0623322,11.6656,-2.59235,3.00697,0.908416,0.502996,-0.873484,-0.0454376,0.535051,-0.00380782,0,0,0.00376579,0.0145064,-0.000395431,-0.333333,-0.0152233,-0.000211783,-0.00344974,0.00114584,20.375,19.625,0,0,0,0,0,-12.5291,0.000113906,0.00199799,0.0347221,1.49909,0.12341,60587,0.099013,124.48,0.929004
270,0,0.0597987,-0.000826026,0.0593633,0.227065,0.0380604,0,0.539526,0,1.15613,0.177431,0,0.0659582,0.392999,3.65114,0.494205,0.0474084,0.85275,3.50397,0,0.217725,0,0,0,0,0.00139417,0.317925,0.956867,0.0566008,0.061345,0.061244,0.00654202,0.00429277,0.427458,0.0623124,11.5318,-2.57964,3.09045,0.90709,0.512424,-0.873893,-0.0456716,0.528232,-0.00385124,0,0,0.00356757,0.0137889,-0.000395445,-0.333333,-0.0156168,-0.000213601,-0.00401173,0.0010402,18.3333,19.1667,0,0,0,0,0,-12.4999,0.000170859,0.00215598,0.0347542,1.53314,0.123133,59352,0.0992265,124.81,0.819776
271,0,0.0596794,-0.000851995,0.0592235,0.225875,0.0393719,0,0.536056,0,1.1564,0.181052,0,0.0665455,0.394767,3.65469,0.494505,0.0468745,0.854339,3.49827,0,0.216526,0,0,0,0,0.00142898,0.323614,0.956479,0.0581575,0.061202,0.0611545,0.00683327,0.0045945,0.427922,0.062162,11.6439,-2.53043,3.05398,0.908787,0.508225,-0.85383,-0.0458564,0.520063,-0.00388158,0,0,0.00350101,0.0144338,-0.000396355,-0.333333,-0.01555,-0.000211923,-0.00362046,0.00122018,19.4583,20.9167,0,0,0,0,0,-12.4786,2.25e-05,0.00297438,0.0344649,1.51551,0.124824,59929,0.0992888,124.55,0.976056
272,0,0.0598444,-0.000839218,0.0593354,0.22489,0.0377833,0,0.534089,0,1.15171,0.178829,0,0.0653919,0.393345,3.64833,0.494153,0.0473049,0.853471,3.49518,0,0.215619,0,0,0,0,0.00143089,0.321398,0.956738,0.0562787,0.0613456,0.0613031,0.00725287,0.00501346,0.426067,0.0623596,11.5347,-2.62006,3.08781,0.906992,0.512089,-0.861278,-0.0440271,0.524481,-0.00399376,0,0,0.00364217,0.0135388,-0.000390629,-0.333333,-0.0173111,-0.00021057,-0.00409145,0.00104792,19.7917,21.4167,0,0,0,0,0,-12.469,0.000170859,0.00123858,0.0327686,1.51596,0.127187,59826,0.099428,124.77,0.881296
273,0,0.0597831,-0.000883144,0.0592934,0.224904,0.0371864,0,0.53493,0,1.15886,0.175392,0,0.0651754,0.399774,3.65312,0.494612,0.0484282,0.854681,3.50624,0,0.215433,0,0,0,0,0.00144547,0.319125,0.957287,0.0561819,0.0613571,0.0612385,0.00713551,0.0048536,0.426924,0.062415,11.4604,-2.66051,3.08728,0.906132,0.511137,-0.882072,-0.0452995,0.532353,-0.0045803,0,0,0.00359882,0.0141795,-0.00039524,-0.333333,-0.0180847,-0.000211665,-0.00362671,0.00114293,20.0833,19.1667,0,0,0,0,0,-12.4383,7.59375e-05,0.00199612,0.0336092,1.49584,0.123065,60722,0.0996474,125,0.890611
274,0,0.0596378,-0.000868757,0.0592809,0.225576,0.0368131,0,0.535723,0,1.15207,0.173995,0,0.0654462,0.395388,3.64913,0.494212,0.0472472,0.854748,3.50182,0,0.216256,0,0,0,0,0.00139052,0.316701,0.957193,0.056462,0.0612997,0.0610681,0.00659804,0.00438542,0.42751,0.0623074,11.5533,-2.61661,3.04,0.908092,0.507693,-0.86837,-0.0435451,0.531809,-0.00385832,0,0,0.00345646,0.0140131,-0.000395331,-0.333333,-0.0152808,-0.000211313,-0.00346228,0.0011038,21.2083,19.625,0,0,0,0,0,-12.4185,7.59375e-05,0.00218869,0.0329807,1.49636,0.123823,60674,0.0997398,124.06,0.926271
275,0,0.0598014,-0.000808056,0.0592947,0.225811,0.0374874,0,0.535292,0,1.15087,0.1767,0,0.0656799,0.392372,3.64357,0.493039,0.0467456,0.855458,3.50891,0,0.216394,0,0,0,0,0.00138453,0.320278,0.956785,0.0569178,0.0613145,0.0612271,0.0069436,0.00469568,0.426326,0.062286,11.5531,-2.57468,3.09166,0.907058,0.510943,-0.839451,-0.0432853,0.528177,-0.00409401,0,0,0.00335442,0.0133072,-0.000390237,-0.333333,-0.0157681,-0.000209746,-0.00400791,0.00103302,18.875,20.1667,0,0,0,0.0416667,0,-12.4011,0.000113906,0.0017596,0.03218,1.48633,0.12447,61028,0.0998965,124.85,0.774799
276,0,0.0595839,-0.000871767,0.0592241,0.224584,0.0379421,0,0.53318,0,1.14497,0.177945,0,0.0653898,0.396861,3.6561,0.495397,0.0468358,0.852552,3.49555,0,0.21544,0,0,0,0,0.00139756,0.317285,0.956584,0.058417,0.0612061,0.0610258,0.00578386,0.00363888,0.429566,0.0621562,11.6297,-2.52178,3.03166,0.908233,0.503888,-0.861705,-0.0448632,0.525112,-0.00368831,0,0,0.00356632,0.0144162,-0.000393504,-0.333333,-0.0137261,-0.00020893,-0.00386347,0.00119588,20.875,20.5417,0,0,0,0,0,-12.3801,5.0625e-05,0.00160632,0.0368487,1.50452,0.123585,60379,0.100037,124.96,0.741258
277,0,0.0596825,-0.000778256,0.0592275,0.225213,0.0382699,0,0.534428,0,1.14926,0.179522,0,0.0657394,0.395625,3.65546,0.496752,0.0472123,0.852113,3.49635,0,0.21574,0,0,0,0,0.00141526,0.31871,0.95616,0.0584995,0.0612371,0.0611516,0.00652207,0.00435028,0.428071,0.062206,11.5943,-2.65615,3.13512,0.905895,0.511842,-0.847234,-0.0438925,0.523758,-0.0039375,0,0,0.00350869,0.0139361,-0.0003885,-0.333333,-0.0167994,-0.000208712,-0.00344788,0.00110315,19.9583,21.4167,0,0,0,0,0,-12.363,5.0625e-05,0.000590871,0.0354047,1.49129,0.126662,60758,0.100155,124.69,0.96109
278,0,0.0597641,-0.000861079,0.0593916,0.224597,0.0367064,0,0.533915,0,1.14664,0.173718,0,0.0636173,0.396424,3.65686,0.496228,0.0479365,0.852946,3.49501,0,0.215218,0,0,0,0,0.00138555,0.314268,0.956599,0.0572037,0.0613733,0.0611911,0.00598474,0.00385648,0.428148,0.0623446,11.5738,-2.56327,3.02287,0.907776,0.505941,-0.883479,-0.0418279,0.535501,-0.00390575,0,0,0.00388011,0.0145308,-0.000388148,-0.333333,-0.0160022,-0.000207971,-0.00362484,0.00116793,19.75,18.5833,0,0,0,0,0,-12.3429,7.59375e-05,0.00163267,0.0349905,1.49185,0.126449,60745,0.100311,124.67,0.965483
279,0,0.0597233,-0.000848131,0.0593524,0.224866,0.037301,0,0.534222,0,1.15462,0.177848,0,0.0651382,0.395547,3.65179,0.494898,0.0472473,0.854453,3.50017,0,0.215653,0,0,0,0,0.0014241,0.316983,0.956563,0.0563179,0.0613919,0.0611857,0.00672542,0.00454,0.427629,0.0623875,11.6998,-2.52744,3.00825,0.908792,0.508698,-0.871053,-0.0442768,0.529956,-0.00369252,0,0,0.00359221,0.0139652,-0.000396438,-0.333333,-0.0148231,-0.000209958,-0.00375741,0.00114171,21,21.0417,0,0,0,0,0,-12.3239,7.59375e-05,0.00154622,0.0336666,1.47764,0.125541,61318,0.100433,124.9,0.741107
280,0,0.0597006,-0.000799635,0.0592638,0.225675,0.0370719,0,0.536247,0,1.16497,0.175218,0,0.0643784,0.394544,3.65808,0.494779,0.0476136,0.851975,3.49732,0,0.216337,0,0,0,0,0.00140571,0.31629,0.955968,0.0585078,0.0612611,0.0611965,0.00660585,0.00440116,0.425822,0.0622524,11.6875,-2.60776,3.0485,0.907871,0.509767,-0.875079,-0.0433948,0.532228,-0.00379123,0,2.26303e-10,0.00351759,0.0145249,-0.000391725,-0.333333,-0.0164519,-0.000211485,-0.00381225,0.00127953,19.9583,20.0417,0,0,0,0,0,-12.3048,5.0625e-05,0.00177124,0.0338069,1.48949,0.121928,61004,0.100561,124.47,0.924758
281,0,0.0597472,-0.000798713,0.0593071,0.225989,0.0370273,0,0.535867,0,1.14846,0.175025,0,0.0645412,0.393376,3.65365,0.494805,0.0472279,0.853626,3.49689,0,0.216508,0,0,0,0,0.00139995,0.315816,0.956439,0.057058,0.0612757,0.0611873,0.00675737,0.0045656,0.425867,0.0622765,11.5923,-2.58669,3.08678,0.907289,0.511351,-0.866381,-0.0417648,0.531135,-0.00359992,0,2.46762e-10,0.00347764,0.0140521,-0.000389511,-0.333333,-0.0156579,-0.000208205,-0.00369818,0.00110604,20.9167,18.9583,0,0,0,0,0,-12.2891,7.59375e-05,0.00159272,0.0350028,1.51241,0.123575,60088,0.100671,125.05,0.958414
282,0,0.0595563,-0.00084661,0.0592002,0.223998,0.0383208,0,0.531751,0,1.14849,0.179955,0,0.0655918,0.398474,3.66978,0.496321,0.0470951,0.854135,3.4991,0,0.214689,0,0,0,0,0.00135713,0.320498,0.956437,0.0593829,0.0611118,0.0609797,0.00641046,0.00426875,0.428513,0.0620897,11.611,-2.51618,3.06547,0.908035,0.509552,-0.861051,-0.0421274,0.52525,-0.00374156,0,0,0.00382255,0.0146556,-0.000388085,-0.333333,-0.0156979,-0.00020811,-0.00368653,0.00123483,20.1667,20.2917,0,0,0,0,0,-12.2774,0.000170859,0.0019737,0.0343661,1.52138,0.127239,59628,0.100776,124.37,0.89558
283,0,0.0595755,-0.000840736,0.0592051,0.224649,0.0387793,0,0.53256,0,1.15163,0.183149,0,0.0661771,0.395359,3.6589,0.494781,0.0466704,0.853826,3.49704,0,0.215243,0,0,0,0,0.00140391,0.32138,0.956357,0.0579295,0.0612654,0.0610827,0.00652427,0.00438683,0.424941,0.0622494,11.6084,-2.56494,3.11786,0.906008,0.507269,-0.843453,-0.0427675,0.521002,-0.00393292,0,0,0.0034468,0.0136542,-0.00038855,-0.333333,-0.0149824,-0.000206723,-0.00391179,0.00112712,20.1667,21.2083,0,0,0,0,0,-12.2617,7.59375e-05,0.001545,0.0377405,1.50054,0.123525,60529,0.100845,124.49,0.789285
284,0,0.0595243,-0.000781109,0.0591881,0.224411,0.0370811,0,0.532777,0,1.15294,0.178294,0,0.0648286,0.395557,3.66974,0.496643,0.0469867,0.851401,3.48351,0,0.215136,0,0,0,0,0.00135709,0.316268,0.956072,0.0595534,0.0611924,0.0609778,0.00621577,0.00409897,0.427989,0.0621617,11.6829,-2.58288,3.04147,0.908903,0.507149,-0.853223,-0.0429787,0.5283,-0.00360855,0,0,0.00358097,0.0143067,-0.000386154,-0.333333,-0.0146266,-0.000208128,-0.00362121,0.00131689,20.0417,20.875,0,0,0,0,0,-12.2554,1.5e-05,0.00075085,0.0354844,1.47961,0.121148,61410,0.10088,124.49,0.975043
285,0,0.0597382,-0.000828983,0.0593719,0.225348,0.0368622,0,0.533923,0,1.15433,0.178221,0,0.0644095,0.393744,3.65564,0.494246,0.0460896,0.853799,3.50158,0,0.216162,0,0,0,0,0.00141465,0.315883,0.956512,0.0568213,0.0614004,0.0611976,0.0061801,0.00400337,0.425244,0.0623647,11.6286,-2.48593,3.00117,0.909832,0.50561,-0.846545,-0.0415329,0.52959,-0.00357311,0,0,0.0034277,0.0136829,-0.000385801,-0.333333,-0.0141216,-0.000208102,-0.00401186,0.00115769,18.3333,20.4167,0,0,0,0,0,-12.2474,0.000170859,0.000994744,0.0326637,1.52891,0.124864,59442,0.100992,124.2,0.868464
286,0,0.0594458,-0.000891196,0.0592017,0.224554,0.0372073,0,0.531697,0,1.14272,0.177893,0,0.0643946,0.394017,3.67075,0.496763,0.0459042,0.852444,3.48622,0,0.215239,0,0,0,0,0.00139521,0.316694,0.956139,0.0585539,0.0611887,0.0608948,0.00602239,0.00395198,0.429135,0.0621921,11.7616,-2.45215,2.9698,0.910322,0.501679,-0.868267,-0.0408679,0.529348,-0.00333865,0,0,0.00356969,0.0143773,-0.000384187,-0.333333,-0.0139284,-0.000207018,-0.00321614,0.00124086,19.875,19.75,0,0,0,0,0,-12.2314,7.59375e-05,0.00269008,0.03513,1.52774,0.122919,59554,0.101074,123.85,0.92819
287,0,0.0596148,-0.000859514,0.0592459,0.223133,0.0385292,0,0.528485,0,1.14954,0.181148,0,0.0662009,0.397819,3.6556,0.494817,0.0464322,0.854456,3.49812,0,0.213628,0,0,0,0,0.0014281,0.321737,0.956431,0.0582316,0.0612587,0.0611107,0.00670804,0.00452168,0.427724,0.0622517,11.681,-2.54152,3.0578,0.907667,0.504753,-0.838281,-0.0429801,0.519579,-0.00385304,0,0,0.00346175,0.0136371,-0.000389632,-0.333333,-0.0141,-0.00020742,-0.00337882,0.00115564,21.125,21.0417,0,0,0,0,0,-12.2164,0.000113906,0.00132108,0.0352393,1.52144,0.126233,59662,0.101232,124.5,0.891997
288,0,0.0595534,-0.000876738,0.0593015,0.224059,0.03807,0,0.531295,0,1.14221,0.180205,0,0.064915,0.396904,3.66648,0.497222,0.0469751,0.853487,3.4936,0,0.214611,0,0,0,0,0.00139035,0.316981,0.956322,0.0577027,0.0613022,0.0610263,0.00581838,0.00372155,0.429239,0.0622732,11.6644,-2.52189,3.01327,0.909181,0.500381,-0.866965,-0.0410144,0.523538,-0.00384136,0,0,0.00346787,0.014387,-0.00038283,-0.333333,-0.0152531,-0.000205951,-0.00338726,0.00132594,20.5833,21.5833,0,0,0,0,0,-12.1886,0.000170859,0.00134353,0.03401,1.53503,0.122119,59321,0.101458,124.13,1.00144
289,0,0.0596224,-0.000837613,0.0592999,0.224378,0.0371542,0,0.531968,0,1.1467,0.17776,0,0.0649799,0.393881,3.65628,0.494473,0.0465937,0.853627,3.50065,0,0.21501,0,0,0,0,0.00141031,0.317149,0.956501,0.0588857,0.0612602,0.0610804,0.00674374,0.00466073,0.428761,0.0622895,11.6772,-2.52395,3.01028,0.908734,0.505885,-0.86191,-0.0410681,0.527303,-0.0033347,0,0,0.00361696,0.014015,-0.00039093,-0.333333,-0.0146622,-0.000207348,-0.00391665,0.00112794,20.7917,19.75,0,0,0,0,0,-12.1569,7.59375e-05,0.00160866,0.0351288,1.52916,0.122799,59507,0.101655,124.61,0.868447
290,0,0.0595391,-0.000810991,0.0592292,0.224369,0.037346,0,0.531044,0,1.1367,0.178937,0,0.0640735,0.395293,3.66579,0.497644,0.045861,0.853729,3.48513,0,0.214995,0,0,0,0,0.00132883,0.317807,0.956395,0.0574776,0.0612317,0.0609885,0.00642526,0.00429783,0.428956,0.0622214,11.6455,-2.52776,3.00585,0.909826,0.499937,-0.837822,-0.0395306,0.527923,-0.00367962,0,0,0.00356556,0.0140737,-0.000382422,-0.333333,-0.0154321,-0.000203875,-0.00393159,0.00124581,20.9583,20.2917,0,0,0,0,0,-12.1286,0.000170859,0.000932442,0.0341324,1.5266,0.124806,59527,0.101911,124.57,0.931795
291,0,0.0595913,-0.000857641,0.0593027,0.225,0.0371372,0,0.53256,0,1.1407,0.177541,0,0.0648794,0.395661,3.66002,0.494066,0.046019,0.854604,3.50804,0,0.215589,0,0,0,0,0.00144045,0.318994,0.956568,0.0562291,0.0613777,0.061122,0.00650845,0.0044134,0.430241,0.0623806,11.658,-2.50549,3.01252,0.909342,0.503246,-0.854846,-0.0395625,0.525226,-0.00378474,0,0,0.00343601,0.0136501,-0.000381439,-0.333333,-0.0157068,-0.000205285,-0.00314318,0.0011027,20.75,18.9167,0,0,0,0.0416667,0,-12.0967,7.59375e-05,0.00233473,0.0333843,1.50345,0.125571,60345,0.102101,124.07,0.875542
292,0,0.0596004,-0.000813661,0.059317,0.224844,0.0379746,0,0.531683,0,1.13475,0.179285,0,0.0647185,0.396532,3.666,0.496277,0.0450538,0.853479,3.49208,0,0.215487,0,0,0,0,0.00133014,0.317506,0.956244,0.0577637,0.0612504,0.0610372,0.00685118,0.00477193,0.427164,0.0622551,11.7503,-2.43666,2.97505,0.911609,0.506295,-0.826882,-0.0389462,0.524564,-0.00311115,0,0,0.00350975,0.0144064,-0.000380424,-0.333333,-0.0134713,-0.000204171,-0.00338563,0.00126978,21.375,19.9583,0,0,0,0,0,-12.0748,0.000113906,0.00119866,0.0345062,1.53551,0.125694,59176,0.102248,123.87,0.821552
293,0,0.0596433,-0.000845376,0.0594074,0.224435,0.0364865,0,0.530884,0,1.1394,0.175815,0,0.0640487,0.392072,3.66975,0.497501,0.045904,0.853894,3.49028,0,0.214838,0,0,0,0,0.0013826,0.314432,0.956171,0.0575964,0.0613776,0.0611236,0.0062333,0.00415467,0.43012,0.0623898,11.7177,-2.49865,3.00528,0.909677,0.502406,-0.857472,-0.0390315,0.530563,-0.00328328,0,0,0.00339598,0.0145736,-0.000381342,-0.333333,-0.0141091,-0.000204064,-0.00300448,0.00136173,21.5,20.375,0,0,0,0,0,-12.0482,0.000256289,0.00173039,0.0333069,1.53178,0.124152,59364,0.102507,123.42,0.826112
294,0,0.0595676,-0.00085487,0.0593071,0.223825,0.0375957,0,0.529437,0,1.13639,0.178781,0,0.0636678,0.396145,3.65663,0.495593,0.0455111,0.854944,3.49164,0,0.214506,0,0,0,0,0.00142843,0.31452,0.956387,0.0574185,0.0613606,0.0610469,0.00637366,0.00429467,0.429158,0.0623666,11.7658,-2.39914,2.93085,0.911276,0.501685,-0.845587,-0.0385815,0.525965,-0.0031971,0,0,0.00362037,0.014075,-0.000382578,-0.333333,-0.013997,-0.000203062,-0.00365092,0.00123189,21.9167,19.5417,0,0,0,0,0,-12.0156,0.000170859,0.0016601,0.0345347,1.53027,0.123627,59437,0.102694,124.14,0.934289
295,0,0.0595716,-0.000857049,0.0592963,0.223376,0.0390079,0,0.528465,0,1.14262,0.184108,0,0.0655558,0.391289,3.65636,0.494851,0.0457367,0.855093,3.50106,0,0.213983,0,0,0,0,0.001447,0.318447,0.956247,0.0570192,0.0613899,0.0610742,0.00630386,0.00420217,0.426182,0.062369,11.7071,-2.43382,2.99471,0.90972,0.497698,-0.83973,-0.040134,0.516168,-0.00339815,0,0,0.00329063,0.0132491,-0.000387564,-0.333333,-0.0139307,-0.000203451,-0.0035921,0.00115173,21.6667,19.9583,0,0,0,0,0,-11.9937,7.59375e-05,0.00128397,0.0333497,1.50225,0.127724,60310,0.102818,124.17,0.927538
296,0,0.0595101,-0.000830728,0.0592688,0.224457,0.0372735,0,0.530184,0,1.14345,0.180478,0,0.0642288,0.393564,3.67171,0.496798,0.0450108,0.852619,3.48893,0,0.214976,0,0,0,0,0.00137774,0.314461,0.955987,0.0581842,0.0612884,0.060971,0.00633341,0.00427639,0.429338,0.0622952,11.7682,-2.44717,2.98228,0.909796,0.505233,-0.842852,-0.0372875,0.525309,-0.00295323,0,0,0.00339613,0.0136645,-0.000376799,-0.333333,-0.0128826,-0.000201848,-0.00360841,0.00114561,20.4583,20,0,0,0,0,0,-11.9642,0.000170859,0.00113471,0.0354799,1.52321,0.126256,59597,0.103154,123.65,0.90105
297,0,0.0595751,-0.000917381,0.0593681,0.223661,0.0378134,0,0.528178,0,1.13825,0.180559,0,0.0644495,0.395203,3.65893,0.494994,0.0447521,0.856304,3.5031,0,0.214357,0,0,0,0,0.0013965,0.316088,0.956879,0.0567686,0.0613828,0.0610771,0.00597177,0.00391386,0.426978,0.0623556,11.7232,-2.31109,2.86599,0.913443,0.497139,-0.840873,-0.0386261,0.52203,-0.00310182,0,0,0.00359041,0.0138,-0.000384951,-0.333333,-0.01305,-0.000202421,-0.00362513,0.00118439,21.5417,18.7917,0,0,0,0,0,-11.9228,0.000113906,0.00152388,0.0355818,1.52443,0.122781,59679,0.103385,123.59,0.969942
298,0,0.0593745,-0.00085835,0.0591882,0.224066,0.0372856,0,0.530414,0,1.13823,0.176722,0,0.0639231,0.392457,3.66928,0.497068,0.0464372,0.854061,3.49039,0,0.214679,0,0,0,0,0.00143725,0.317213,0.955615,0.0590937,0.0612678,0.0608922,0.00662101,0.00453917,0.426842,0.0623117,11.8391,-2.4518,2.92805,0.911858,0.4946,-0.854532,-0.0382458,0.527954,-0.00402019,0,0,0.0035066,0.0142962,-0.00038394,-0.333333,-0.0150327,-0.0002027,-0.00391351,0.00130085,21.2917,21.0833,0,0,0,0,0,-11.8944,0.000113906,0.00176185,0.0338124,1.52473,0.123955,59625,0.103586,124.32,0.722103
299,0,0.0594986,-0.000826544,0.0592406,0.223268,0.0375681,0,0.527443,0,1.14471,0.181178,0,0.0651425,0.393996,3.6796,0.497591,0.0451524,0.854594,3.48914,0,0.213857,0,0,0,0,0.00142602,0.317138,0.956005,0.058379,0.0613167,0.0610134,0.00650061,0.00446413,0.43018,0.0623499,11.7587,-2.477,2.99652,0.910739,0.505164,-0.831456,-0.0380957,0.5224,-0.00335858,0,0,0.00355836,0.0139795,-0.000384633,-0.333333,-0.0148234,-0.000202392,-0.00374404,0.00119219,20.75,20.4583,0,0,0,0,0,-11.8716,7.59375e-05,0.00171331,0.0352448,1.52938,0.124301,59445,0.103748,123.94,0.902675
