step,Episode_Metrics/bridge/credible,Episode_Metrics/bridge/credible_best_s,Episode_Metrics/bridge/failed,Episode_Metrics/bridge/missed_goal,Episode_Metrics/bridge/potential,Episode_Metrics/bridge/progress_steps,Episode_Metrics/bridge/quality,Episode_Metrics/onefoot/best_dwell,Episode_Metrics/onefoot/capture_error,Episode_Metrics/onefoot/clearance,Episode_Metrics/onefoot/com_offset,Episode_Metrics/onefoot/com_speed,Episode_Metrics/onefoot/cross_track,Episode_Metrics/onefoot/diagnostic_valid,Episode_Metrics/onefoot/distance,Episode_Metrics/onefoot/dwell,Episode_Metrics/onefoot/head_speed,Episode_Metrics/onefoot/heading_error,Episode_Metrics/onefoot/injected_speed,Episode_Metrics/onefoot/lateral,Episode_Metrics/onefoot/left_contact,Episode_Metrics/onefoot/left_force,Episode_Metrics/onefoot/left_load,Episode_Metrics/onefoot/phase,Episode_Metrics/onefoot/right_contact,Episode_Metrics/onefoot/right_force,Episode_Metrics/onefoot/single_support,Episode_Metrics/onefoot/speed,Episode_Metrics/onefoot/success,Episode_Metrics/onefoot/success_050,Episode_Metrics/onefoot/success_100,Episode_Metrics/onefoot/success_200,Episode_Metrics/onefoot/support_cop_y_offset,Episode_Metrics/onefoot/support_yaw,Episode_Metrics/onefoot/upright,Episode_Metrics/onefoot/waist_axis_alignment,Episode_Metrics/onefoot/waist_axis_error,Episode_Metrics/onefoot/waist_capture_error,Episode_Metrics/onefoot/waist_foreaft_capture,Episode_Metrics/onefoot/waist_foreaft_error,Episode_Metrics/onefoot/waist_front_load,Episode_Metrics/onefoot/waist_pelvis_offset,Episode_Metrics/onefoot/waist_pitch_deg,Episode_Metrics/onefoot/waist_roll_deg,Episode_Metrics/onefoot/waist_roll_error_deg,Episode_Metrics/onefoot/waist_roll_match,Episode_Metrics/onefoot/waist_roll_speed,Episode_Metrics/onefoot/waist_target_roll_deg,Episode_Reward/failure,Episode_Reward/shaping,Episode_Reward/task,Episode_Termination/body_ground,Episode_Termination/fell_over,Episode_Termination/nan_state,Episode_Termination/out_of_terrain_bounds,Episode_Termination/replanted_swing,Episode_Termination/stalled_transfer,Episode_Termination/time_out,Loss/entropy,Loss/learning_rate,Loss/surrogate,Loss/value,Perf/collection_time,Perf/learning_time,Perf/total_fps,Policy/mean_std,Train/mean_episode_length,Train/mean_reward
3500,0,0,0.0117021,0.0117021,0.0198766,0,0.223312,0,0.019113,-0.000669351,0.0167541,0.0801564,0.00457059,0,0.0314171,0,0.902155,0.0241628,0.0754278,0.0271463,0.065413,0.791178,0.108486,0.06375,0.173665,0.894416,0,0.0731897,0,0,0,0,0.000158691,0.121652,0.222363,0.00677765,0.0159684,0.0191469,-0.00690598,-0.00436027,0.0913713,0.0145737,2.07571,4.03031,5.62109,0.101829,0.651014,-1.59078,-0.138889,-0.0011823,0,38.75,69.9167,0,0,0,0,0,-10.3299,0.0001,0.086528,0.351683,1.44326,0.177696,60645,0.136957,24,-2.01695
3501,0,0,0.0356451,0.0356451,0.0626724,0,0.859689,0,0.072364,-0.00251373,0.0659851,0.304049,0.0222008,0,0.158399,0,3.61442,0.152994,0.296024,0.112371,0.188059,2.66027,0.360757,0.33327,0.733124,4.04654,0,0.276183,0,0,0,0,0.000887578,0.557348,0.901374,0.0373191,0.0638749,0.0730534,-0.0248831,-0.0181484,0.307508,0.059157,1.10714,14.2908,22.4915,0.352811,1.8806,-8.12663,-0.555556,-0.00491382,0,99.75,132.042,0,0,0,0,0,-10.3254,0.0001,0.0853512,0.0915841,1.76288,0.130781,51912,0.137019,23.91,-2.01691
3502,0,0,0.0388711,0.0388711,0.0673933,0,0.863229,0,0.0758274,-0.00299369,0.0678072,0.323602,0.0209635,0,0.149732,0,3.62855,0.117395,0.298589,0.112771,0.207816,2.81112,0.384625,0.304292,0.732158,3.85631,0,0.290459,0,0,0,0,0.00117377,0.516951,0.896973,0.0307201,0.0656564,0.0768572,-0.0237817,-0.0165617,0.325026,0.0603267,4.66185,15.4658,23.122,0.365246,2.13521,-7.58954,-0.555556,-0.00482888,0,101.667,131.042,0,0,0,0,0,-10.3194,0.0001,0.0658596,0.0357007,1.89002,0.131506,48628,0.137079,24.36,-2.01798
3503,0,0,0.0400218,0.0400218,0.0711877,0,0.865619,0,0.0767604,-0.00307504,0.0685746,0.334284,0.0216823,0,0.153182,0,3.62613,0.106291,0.299814,0.115389,0.221167,2.80004,0.383373,0.294167,0.732481,3.84672,0,0.306829,0,0,0,0,0.000951482,0.500106,0.894125,0.0238648,0.0661904,0.0776014,-0.0250291,-0.0167153,0.3264,0.0606146,5.8256,16.0312,23.4921,0.365645,2.19324,-7.43767,-0.555556,-0.00495997,0,99.875,132.583,0,0,0,0,0,-10.3134,0.0001,0.117051,0.0226552,1.74998,0.132026,52233,0.137124,24.26,-2.01748
3504,0,0,0.0403025,0.0403025,0.0703893,0,0.872402,0,0.0765609,-0.00312629,0.0684781,0.335361,0.0219454,0,0.153823,0,3.62235,0.10593,0.300333,0.115821,0.218193,2.78423,0.378886,0.290849,0.746304,3.89076,0,0.311051,0,0,0,0,0.000787048,0.498046,0.89287,0.0257339,0.0659415,0.0771708,-0.0246277,-0.0162718,0.332757,0.0602863,6.2591,16.3741,23.7243,0.363132,2.21685,-7.34694,-0.555556,-0.00485817,0,86.9583,141.167,0,0,0,0,0,-10.3085,0.0001,0.139381,0.0133512,1.76672,0.143264,51468,0.137169,23.97,-2.01758
3505,0,0,0.0406301,0.0406301,0.0706912,0,0.87803,0,0.0759453,-0.00307561,0.0681995,0.333872,0.0217523,0,0.151818,0,3.56363,0.103534,0.299089,0.113176,0.220283,2.75889,0.377291,0.28825,0.74917,3.84181,0,0.309647,0,0,0,0,0.000567324,0.492947,0.893361,0.0259306,0.0654383,0.0762115,-0.0241956,-0.0156291,0.336793,0.0597722,6.55532,16.3292,23.601,0.364222,2.22393,-7.2667,-0.555556,-0.00484421,0,92.125,138.958,0,0,0,0,0,-10.3017,0.0001,0.0760845,0.010755,1.74244,0.137766,52283,0.13724,23.73,-2.01651
3506,0,0,0.0405317,0.0405317,0.070762,0,0.878682,0,0.0757078,-0.00302316,0.0680455,0.333192,0.0213782,0,0.151789,0,3.52593,0.102129,0.300345,0.110923,0.218611,2.76617,0.378682,0.288879,0.751106,3.82719,0,0.308949,0,0,0,0,0.000475385,0.486887,0.895088,0.0252903,0.0652467,0.0758627,-0.0239353,-0.0153221,0.34239,0.0596461,6.55312,16.0599,23.3725,0.366258,2.20142,-7.29139,-0.555556,-0.00486103,0,102.792,128.208,0,0,0,0,0,-10.2941,0.0001,0.111828,0.0091917,1.71651,0.127149,53320,0.137316,24.18,-2.01749
3507,0,0,0.0404875,0.0404875,0.0697514,0,0.883414,0,0.0764188,-0.0030429,0.0685594,0.330645,0.0213652,0,0.151811,0,3.43727,0.101226,0.29948,0.110722,0.216029,2.70918,0.372264,0.288629,0.762775,3.84681,0,0.309414,0,0,0,0,0.000315492,0.470939,0.894639,0.0240325,0.0656629,0.0764457,-0.022664,-0.0141446,0.346318,0.0600333,6.5715,16.1819,23.4853,0.365749,2.21243,-7.30001,-0.555556,-0.00479012,0,98,126.917,0,0,0,0,0,-10.2868,0.0001,0.0778517,0.0086565,1.88415,0.134135,48706,0.13738,24.38,-2.01681
3508,0,0,0.039955,0.039955,0.0680913,0,0.886175,0,0.0760448,-0.0030166,0.0683758,0.326572,0.0215631,0,0.151958,0,3.43874,0.103736,0.299853,0.110768,0.20967,2.68556,0.370328,0.292256,0.770739,3.8689,0,0.305718,0,0,0,0,0.000267812,0.46822,0.894389,0.0240128,0.0655063,0.0760597,-0.0215831,-0.0134673,0.349319,0.059898,6.27015,16.1793,23.5761,0.364284,2.22011,-7.39176,-0.555556,-0.00474327,0,90.9583,137.75,0,0,0,0,0,-10.2798,0.0001,0.0718868,0.00798764,1.71115,0.126695,53488,0.137448,24.68,-2.01752
3509,0,0,0.0396386,0.0396386,0.0677045,0,0.88901,0,0.0759928,-0.00300822,0.0684574,0.326386,0.0217294,0,0.15332,0,3.39345,0.104332,0.300255,0.110567,0.208594,2.67226,0.365963,0.294126,0.775847,3.90154,0,0.306162,0,0,0,0,0.00024151,0.465587,0.895069,0.0242337,0.06557,0.0759479,-0.0206784,-0.0128155,0.348287,0.0599538,6.09765,16.2651,23.6959,0.361808,2.2222,-7.42523,-0.555556,-0.00475183,0,86.75,135.917,0,0,0,0,0,-10.2734,0.0001,0.0471241,0.00866719,1.80006,0.159572,50164,0.137499,25.42,-2.01678
3510,0,0,0.0391242,0.0391242,0.0675786,0,0.893132,0,0.0760194,-0.00298849,0.0685652,0.322875,0.0220747,0,0.153853,0,3.34601,0.106777,0.299501,0.109929,0.208374,2.62784,0.361551,0.297624,0.781788,3.92635,0,0.302927,0,0,0,0,0.000107181,0.454006,0.895762,0.0241546,0.0656505,0.075853,-0.0193949,-0.0119011,0.351465,0.0600937,5.55032,16.2091,23.7323,0.360944,2.22499,-7.51408,-0.555556,-0.00480382,0,81.125,138.833,0,0,0,0.0416667,0,-10.2682,0.0001,0.0880732,0.0102546,1.73992,0.132831,52491,0.137561,25.75,-2.01764
3511,0,0,0.0387542,0.0387542,0.0665943,0,0.894301,0,0.0762904,-0.00294861,0.0687845,0.320933,0.0223305,0,0.154408,0,3.31179,0.108929,0.299708,0.110258,0.204605,2.61375,0.359516,0.300417,0.784364,3.93422,0,0.301482,0,0,0,0,1.27338e-05,0.443218,0.895844,0.0238942,0.0658417,0.0760233,-0.0182146,-0.0110127,0.354203,0.0603422,5.11447,16.1293,23.7275,0.360357,2.21564,-7.58261,-0.555556,-0.00478241,0,78.4583,139.792,0,0,0,0.0416667,0,-10.2613,0.0001,0.0472253,0.00959468,1.78569,0.126955,51396,0.137635,25.78,-2.01707
3512,0,0,0.0384049,0.0384049,0.0659104,0,0.889743,0,0.0762215,-0.0029681,0.0687622,0.321232,0.0223541,0,0.156002,0,3.30436,0.110932,0.299692,0.110476,0.200741,2.60788,0.35776,0.302806,0.786295,3.95106,0,0.301968,0,0,0,0,-9.12711e-05,0.441912,0.896866,0.0240258,0.0657634,0.0758719,-0.0180799,-0.0108561,0.358695,0.0603009,4.97355,15.9836,23.6602,0.361801,2.18201,-7.65613,-0.555556,-0.0047781,0,89.3333,127.25,0,0,0,0,0,-10.253,0.0001,0.0269969,0.0075263,1.89815,0.125736,48571,0.137729,26.44,-2.01701
3513,0,0,0.037777,0.037777,0.0653887,0,0.888076,0,0.0762976,-0.00290753,0.0688101,0.318462,0.0225309,0,0.157282,0,3.27657,0.113388,0.299668,0.110918,0.197621,2.58286,0.355438,0.30765,0.788208,3.97139,0,0.299246,0,0,0,0,-0.000167538,0.436588,0.897799,0.0236001,0.0658097,0.0759581,-0.0171732,-0.0102967,0.362413,0.0604478,4.49618,15.6996,23.529,0.362676,2.12855,-7.78823,-0.555556,-0.00481911,0,85.75,123.833,0,0,0,0.0416667,0,-10.2435,0.0001,0.0759883,0.0080234,1.76098,0.134014,51875,0.13782,27.09,-2.01768
3514,0,0,0.0370741,0.0370741,0.064242,0,0.881788,0,0.0754464,-0.00292814,0.0684599,0.319208,0.0228058,0,0.160594,0,3.246,0.118508,0.299725,0.110979,0.193682,2.54024,0.347874,0.312983,0.793756,4.02861,0,0.30023,0,0,0,0,-0.000285421,0.446728,0.898341,0.0268172,0.0653297,0.0749431,-0.0164884,-0.00990172,0.361151,0.0599226,4.00399,15.7427,23.6277,0.358759,2.06475,-7.86466,-0.555556,-0.00481905,0,96.7083,93.2083,0,0,0,0,0,-10.2344,0.0001,0.0537852,0.00833418,1.78011,0.166296,50505,0.137901,27.81,-2.01807
3515,0,0,0.036392,0.036392,0.0637144,0,0.880345,0,0.0750212,-0.00283227,0.0682416,0.316086,0.0226312,0,0.162314,0,3.23348,0.122263,0.299323,0.109604,0.190987,2.51599,0.346006,0.319127,0.793022,4.05542,0,0.297364,0,0,0,0,-0.000361324,0.445354,0.898617,0.0281463,0.0650834,0.0744413,-0.0154081,-0.00921228,0.36058,0.0597591,3.45897,15.5954,23.619,0.357041,2.03688,-7.98541,-0.555556,-0.00488623,0,95.5,91.625,0,0,0,0.0416667,0,-10.2255,0.0001,0.0436506,0.00956218,1.93589,0.136009,47446,0.13798,28.62,-2.01774
3516,4.07697e-06,5.95238e-06,0.036015,0.036015,0.0632694,4.07697e-06,0.881428,5.95238e-06,0.0752723,-0.00276155,0.0684068,0.314705,0.0225856,0,0.163719,8.15395e-08,3.19924,0.124954,0.300421,0.108922,0.187344,2.50112,0.344376,0.322165,0.789315,4.07121,4.07697e-06,0.296665,0,0,0,0,-0.00043103,0.431027,0.898516,0.0268602,0.0652972,0.0746352,-0.0141543,-0.00828622,0.361558,0.0600561,2.6522,15.3991,23.5246,0.360866,2.0196,-8.07987,-0.555556,-0.0048939,1.2926e-05,91.1667,90.0417,0,0,0,0,0,-10.2178,0.0001,0.0298872,0.00915854,1.80998,0.133198,50589,0.13806,28.75,-2.01753
3517,0,0,0.0351461,0.0351461,0.0629874,0,0.878169,0,0.0753933,-0.00265247,0.0684855,0.309944,0.0227094,0,0.16552,0,3.19031,0.133567,0.299227,0.107785,0.186152,2.46765,0.341067,0.330564,0.786986,4.12429,0,0.291974,0,0,0,0,-0.000447023,0.420893,0.899031,0.0264959,0.0655102,0.0748373,-0.012514,-0.00724701,0.360038,0.0604099,1.72148,15.0581,23.4314,0.360001,1.93703,-8.30805,-0.555556,-0.00500239,0,87.5,81.125,0,0,0,0.0416667,0,-10.2097,0.0001,0.0422405,0.010005,1.96775,0.131701,46823,0.138147,29.39,-2.01715
3518,5.00801e-06,6.41026e-06,0.0343908,0.0343908,0.062991,5.00801e-06,0.878692,1.23204e-05,0.0755078,-0.0025379,0.0685214,0.304437,0.0225891,0,0.16639,1.89708e-07,3.1878,0.13716,0.299685,0.106894,0.183401,2.46531,0.341174,0.338684,0.783205,4.13926,9.48541e-06,0.286483,0,0,0,0,-0.000490399,0.412326,0.898485,0.0262639,0.0656511,0.0749704,-0.0110919,-0.00643622,0.360246,0.0606889,0.775831,14.6548,23.2689,0.362655,1.88961,-8.52476,-0.555556,-0.00510601,1.1516e-05,84.5417,84.1667,0,0,0,0,0,-10.2006,0.0001,0.035516,0.0108439,1.76233,0.128429,51991,0.138224,29.1,-2.0187
3519,0,0,0.0337038,0.0337038,0.063695,0,0.884506,6.88705e-06,0.0758271,-0.00229958,0.068555,0.29237,0.0225198,0,0.165226,1.04349e-07,3.15227,0.148003,0.299981,0.107324,0.182552,2.45513,0.341259,0.346793,0.777783,4.12891,5.21746e-06,0.277141,0,0,0,0,-0.000546966,0.382098,0.896711,0.0261108,0.0658744,0.0752602,-0.00912495,-0.0050398,0.358287,0.0610828,-1.19798,14.0917,22.9654,0.366136,1.81628,-8.73077,-0.555556,-0.0052576,0,73.8333,88.2917,0,0,0,0.0416667,0,-10.1942,0.0001,0.029646,0.0114165,1.77658,0.147812,51083,0.138276,30.2,-2.01961
3520,4.46681e-05,5.45664e-05,0.0329526,0.0329526,0.0639509,3.8917e-05,0.88336,5.45664e-05,0.0756116,-0.00210137,0.0682529,0.282836,0.0222978,0,0.165114,2.10242e-06,3.16816,0.156232,0.299906,0.106722,0.180087,2.46752,0.343293,0.356546,0.770498,4.12965,5.69664e-05,0.268769,0,0,0,0,-0.000550713,0.373202,0.897003,0.026422,0.0657897,0.0750823,-0.00815939,-0.00442634,0.356822,0.061196,-2.47678,13.4809,22.6075,0.368578,1.73057,-8.99659,-0.555556,-0.00540789,0.000109834,73.25,80.4583,0,0,0,0.125,0,-10.1877,0.0001,0.0122373,0.012229,1.95352,0.132148,47133,0.13834,32.65,-2.02027
3521,1.44042e-05,2.0142e-05,0.0323759,0.0323759,0.0656589,1.44042e-05,0.886578,7.09446e-05,0.0757193,-0.00190321,0.0680594,0.266207,0.0219659,0,0.160844,1.76154e-06,3.14559,0.165452,0.299893,0.105861,0.181023,2.46562,0.345348,0.364712,0.759568,4.12734,6.01628e-05,0.25583,0,0,0,0,-0.000541942,0.352172,0.894594,0.026191,0.0658864,0.0752497,-0.00727151,-0.00378987,0.349733,0.0614918,-4.63836,12.5851,21.9684,0.375333,1.63436,-9.20369,-0.555556,-0.00561577,3.94511e-05,64.875,80.875,0,0,0,0.0833333,0,-10.1796,0.0001,0.0151475,0.0131571,1.77533,0.136906,51407,0.138413,32.74,-2.02011
3522,6.79149e-05,8.54099e-05,0.0317071,0.0317071,0.0683072,6.18648e-05,0.888207,0.000127228,0.075886,-0.00148716,0.0678158,0.252022,0.0216343,0,0.159757,2.946e-06,3.14938,0.176046,0.299787,0.106496,0.18357,2.50529,0.353132,0.375881,0.743057,4.07667,9.719e-05,0.245309,0,0,0,0,-0.000591874,0.326764,0.89247,0.0268563,0.0659227,0.0754566,-0.00510453,-0.00233069,0.348715,0.0617151,-6.38011,11.8787,21.6223,0.380903,1.53215,-9.50354,-0.555556,-0.00593706,0.000182294,60.2917,81.1667,0,0,0,0.291667,0,-10.1715,0.0001,0.0090011,0.0131836,1.9353,0.135361,47474,0.138482,34.17,-2.02096
3523,9.76347e-05,0.00013156,0.0315794,0.0315794,0.0719989,9.76347e-05,0.890135,0.000164511,0.075739,-0.00114575,0.067241,0.234417,0.0208206,0,0.153644,4.8022e-06,3.16529,0.185114,0.300411,0.106797,0.188381,2.57355,0.363728,0.380088,0.7224,3.99357,0.000119968,0.232522,0,0,0,0,-0.000540058,0.30858,0.890799,0.0268832,0.0656767,0.075414,-0.00522854,-0.00254196,0.340947,0.0617616,-8.59275,10.5026,20.4367,0.395269,1.42663,-9.63071,-0.555556,-0.00624236,0.000229883,58.7917,82.625,0,0,0.0416667,0.458333,0,-10.163,0.0001,0.00223932,0.0133956,1.82609,0.125207,50378,0.138554,33.71,-2.02522
3524,0.000154786,0.00018476,0.0316045,0.0316045,0.0753461,0.000132197,0.892126,0.000245068,0.0761589,-0.000968867,0.0671892,0.225917,0.0206101,0,0.150686,9.38407e-06,3.15476,0.189802,0.301038,0.106839,0.193981,2.60182,0.36899,0.381573,0.712545,3.94837,0.000230212,0.226845,0,0,0,0,-0.000535883,0.287528,0.889726,0.0280436,0.0656976,0.0758741,-0.00482094,-0.00222645,0.338607,0.0618795,-9.72489,9.94784,19.9095,0.403156,1.36144,-9.67211,-0.555556,-0.00651323,0.000365054,55.5833,77.1667,0,0,0.0416667,0.583333,0,-10.1554,0.0001,0.00521554,0.0140012,1.82438,0.208855,48348,0.13861,36.12,-2.0191
3525,0.000178522,0.000222408,0.030682,0.030682,0.0757535,0.000161473,0.890706,0.000286657,0.075776,-0.000783046,0.0667469,0.211797,0.0201569,0,0.14919,9.06921e-06,3.16459,0.198397,0.300711,0.105671,0.194551,2.61907,0.372998,0.395158,0.706931,3.93997,0.000220785,0.215464,0,0,0,0,-0.000536297,0.276844,0.888305,0.027251,0.0655283,0.0755282,-0.00363045,-0.00142659,0.333901,0.0618034,-11.0286,9.37532,19.723,0.402249,1.29332,-10.0268,-0.555556,-0.00670966,0.000425799,50.7083,76.9583,0,0,0.0416667,0.916667,0,-10.148,0.0001,0.00278706,0.014347,1.82839,0.133175,50115,0.138707,37.17,-2.0226
3526,0.000164073,0.000158386,0.0303042,0.0303042,0.0758852,0.000107537,0.887989,0.000296658,0.0754363,-0.000605232,0.0663807,0.201056,0.0198425,0,0.145176,1.02834e-05,3.18907,0.206245,0.299242,0.104063,0.192855,2.64206,0.376599,0.401648,0.701813,3.90815,0.000266627,0.206389,0,0,0,0,-0.000598301,0.274791,0.886529,0.0292006,0.0652141,0.0751771,-0.00406251,-0.00161688,0.329914,0.0615357,-11.8042,8.75743,19.387,0.403443,1.24813,-10.1666,-0.555556,-0.00681284,0.000311305,48.75,77.9583,0,0,0.0416667,1.125,0,-10.1387,0.0001,0.00533689,0.0141552,1.82367,0.128197,50364,0.138817,37.43,-2.02563
3527,0.000179247,0.000242036,0.0299475,0.0299475,0.0759203,0.000168941,0.887056,0.000321156,0.0758409,-0.000536096,0.0666524,0.197935,0.0198434,0,0.145492,1.0017e-05,3.18993,0.206867,0.300348,0.104259,0.193029,2.63662,0.375174,0.407207,0.704498,3.9133,0.000247167,0.203477,0,0,0,0,-0.0007053,0.262587,0.886585,0.0283161,0.0654216,0.0754916,-0.0032385,-0.000985328,0.32941,0.0616708,-12.0151,8.8088,19.5725,0.400018,1.23407,-10.3285,-0.555556,-0.00691687,0.000518719,47.875,75.9167,0,0,0,0.791667,0,-10.1304,0.0001,0.00599009,0.0138886,1.95957,0.137516,46876,0.138877,38.86,-2.02406
3528,0.000188494,0.000257281,0.0292164,0.0292164,0.0741894,0.000177153,0.882682,0.000361723,0.0755631,-0.000534573,0.0666268,0.199638,0.0203891,0,0.149607,1.27531e-05,3.18881,0.211361,0.299539,0.104392,0.191123,2.64004,0.375494,0.415981,0.709235,3.96014,0.000280311,0.203559,0,0,0,0,-0.00070019,0.271986,0.886979,0.0285973,0.0654501,0.0752413,-0.00226003,-0.000323488,0.327423,0.0616522,-11.6894,9.01602,20.0288,0.393863,1.24093,-10.5467,-0.555556,-0.00695447,0.000498635,46.75,75.5417,0,0,0.0833333,0.916667,0,-10.1231,0.0001,0.000308197,0.0132173,1.83139,0.131011,50093,0.138965,41.26,-2.02096
3529,0.000312582,0.000394578,0.0282262,0.0282262,0.0691163,0.000274385,0.875454,0.000556691,0.0749085,-0.000563329,0.0665625,0.201447,0.0205782,0,0.153193,2.62311e-05,3.21282,0.213143,0.300627,0.103917,0.181908,2.60591,0.370391,0.426734,0.722593,4.0285,0.000403821,0.202859,0,0,0,0,-0.000715466,0.282788,0.885939,0.0291597,0.0653715,0.0745437,-0.00140359,0.000272739,0.329634,0.061443,-10.9552,9.5374,20.8012,0.380769,1.28359,-10.7906,-0.555556,-0.0068098,0.000792666,42.9167,74.2917,0,0,0.125,1.04167,0,-10.1132,0.0001,0.000354637,0.013015,2.00356,0.158841,45460,0.139055,35.99,-2.02568
3530,0.000345946,0.000487499,0.0272911,0.0272911,0.0652795,0.000324238,0.869439,0.000582154,0.0748043,-0.000514026,0.066799,0.2039,0.0214682,0,0.156435,2.50697e-05,3.20802,0.215074,0.300095,0.104072,0.175789,2.58881,0.367346,0.438534,0.733752,4.07447,0.000469627,0.20304,0,0,0,0,-0.000790712,0.29224,0.886516,0.0291,0.0655114,0.0743593,-0.000331994,0.00119894,0.332824,0.06139,-10.093,10.1797,21.7633,0.366768,1.32118,-11.0961,-0.555556,-0.00673588,0.000996576,39.75,75.5833,0,0,0,1.25,0,-10.1041,0.0001,-0.000973391,0.0126822,1.79166,0.133547,51061,0.139164,43.86,-2.02526
3531,0.000294344,0.000378484,0.0271473,0.0271473,0.0650668,0.000264902,0.870971,0.000508827,0.0749475,-0.000500079,0.0669243,0.203439,0.0216135,0,0.157996,1.77846e-05,3.17734,0.214649,0.300957,0.104328,0.175438,2.57651,0.366222,0.44016,0.735572,4.08864,0.000450227,0.203095,0,0,0,0,-0.000770042,0.285029,0.886296,0.0287138,0.0656766,0.0745171,-6.39664e-05,0.00147368,0.335277,0.0615249,-10.1136,10.2927,21.94,0.362733,1.30801,-11.135,-0.555556,-0.0067619,0.000713879,39.4167,75.125,0,0,0.0416667,1.25,0,-10.0941,0.0001,-0.000520634,0.0129642,1.76796,0.134507,51671,0.139249,41.68,-2.0206
3532,0.0003875,0.000486377,0.0268837,0.0268837,0.0669532,0.00032625,0.871541,0.000680712,0.0751213,-0.00037374,0.0668791,0.195434,0.0215499,0,0.155653,2.46678e-05,3.18584,0.223017,0.3001,0.104136,0.178957,2.60133,0.370949,0.444525,0.729779,4.07058,0.000572636,0.196523,0,0,0,0,-0.000837696,0.277707,0.885706,0.0287205,0.0656994,0.0746824,0.000998128,0.00225076,0.329892,0.0615853,-10.9173,9.93684,21.6944,0.364409,1.27241,-11.2572,-0.555556,-0.00702068,0.000968722,37.6667,76.5417,0,0,0.0416667,1.16667,0,-10.087,0.0001,-0.000373565,0.0128418,1.8957,0.130624,48513,0.139318,41.38,-2.02432
3533,0.000547014,0.000669539,0.0262969,0.0262969,0.0661926,0.000448239,0.867552,0.000919654,0.0748987,-0.000111096,0.0666762,0.189965,0.0218153,0,0.155407,3.43652e-05,3.213,0.229248,0.300066,0.103794,0.179016,2.60583,0.372772,0.453658,0.728021,4.04826,0.000746089,0.191393,0,0,0,0,-0.000789414,0.273868,0.883706,0.0301793,0.0656477,0.0745215,0.00139764,0.00262723,0.32852,0.0614906,-11.1978,9.85002,21.9194,0.360989,1.26175,-11.4376,-0.555556,-0.00715284,0.00139526,34.625,74.125,0,0,0.166667,1.125,0,-10.0812,0.0001,0.00220414,0.0123146,1.79405,0.134723,50967,0.139388,43.14,-2.01469
3534,0.000562349,0.000757739,0.0256884,0.0256884,0.0666654,0.00051955,0.864447,0.000929122,0.0743213,9.08009e-06,0.0661475,0.181897,0.0212384,0,0.154994,3.10735e-05,3.22647,0.235319,0.300339,0.103133,0.177238,2.65382,0.380235,0.462762,0.724511,4.03777,0.000777172,0.185246,0,0,0,0,-0.000822208,0.266524,0.883977,0.0313022,0.065193,0.0739477,0.00150526,0.00267835,0.331172,0.0611313,-12.0292,9.36255,21.6303,0.360426,1.2164,-11.7205,-0.555556,-0.00737361,0.00152935,30.8333,73.625,0,0,0.125,1.58333,0,-10.0747,0.0001,0.00244458,0.0126901,1.86228,0.134106,49240,0.139457,44.14,-2.02403
3535,0.000850361,0.0011282,0.0251767,0.0251767,0.0661942,0.000776516,0.860917,0.00141534,0.0741924,0.000234213,0.0659722,0.180318,0.0219297,0,0.15744,5.23886e-05,3.23461,0.238183,0.300492,0.103676,0.179858,2.67905,0.384294,0.472103,0.723006,4.02053,0.00112608,0.183498,0,0,0,0,-0.000846901,0.264977,0.884573,0.0315362,0.065121,0.0738439,0.00213436,0.00323224,0.332605,0.0609667,-11.9447,9.52515,22.0379,0.354503,1.20534,-11.9253,-0.555556,-0.00755972,0.00223049,31.875,73.4167,0,0,0.166667,1.33333,0,-10.0679,0.0001,0.00526772,0.0124093,1.77603,0.132383,51510,0.139511,44.84,-2.01317
3536,0.000759287,0.000930949,0.0249617,0.0249617,0.0668634,0.000655726,0.860227,0.00113589,0.0741762,0.000105951,0.0659539,0.175542,0.0218311,0,0.155344,4.09418e-05,3.24619,0.247549,0.300606,0.102132,0.180522,2.67587,0.383407,0.47416,0.722852,4.02907,0.000945957,0.179067,0,0,0,0,-0.000835623,0.262337,0.883275,0.0310533,0.0651895,0.0738232,0.00255809,0.00359615,0.328279,0.0610764,-12.3134,9.27946,21.887,0.358064,1.19204,-11.989,-0.555556,-0.00764992,0.00189704,29,69.0417,0,0,0.125,0.958333,0,-10.0635,0.0001,-0.000435538,0.0126939,1.83804,0.129861,49953,0.139559,46.07,-2.01317
3537,0.00112869,0.00153662,0.0239903,0.0239903,0.0654394,0.00104863,0.853726,0.00189954,0.0738769,0.000613906,0.0658256,0.172735,0.0224783,0,0.159253,9.01671e-05,3.25122,0.247182,0.30022,0.103572,0.182851,2.68699,0.387629,0.490321,0.724808,4.0245,0.00149823,0.176141,0,0,0,0,-0.000956798,0.267969,0.883765,0.0338956,0.0649898,0.0734441,0.00267339,0.00383425,0.334257,0.0607531,-12.0762,9.65134,22.6852,0.342518,1.19133,-12.3652,-0.555556,-0.00794192,0.00318544,25.6667,75.375,0,0,0.208333,1.75,0,-10.0582,0.0001,-0.00195392,0.0128506,1.97644,0.137848,46495,0.139644,45.66,-2.01764
3538,0.00127909,0.00172382,0.0237718,0.0237718,0.0655547,0.00116749,0.853365,0.00211132,0.0737798,0.000491838,0.0659292,0.172952,0.0226107,0,0.160002,9.44288e-05,3.26349,0.250615,0.300289,0.102267,0.180584,2.68938,0.388111,0.49256,0.727374,4.05748,0.00167997,0.17564,0,0,0,0,-0.000850008,0.274352,0.883256,0.0326458,0.0652012,0.0734047,0.00267207,0.00381362,0.330567,0.0609852,-12.0482,9.52013,22.57,0.344292,1.18238,-12.4472,-0.555556,-0.00803371,0.00364958,27.375,69.7083,0,0,0.291667,1.66667,0,-10.0482,0.0001,-0.000278395,0.0122959,1.84891,0.132297,49618,0.139739,44.95,-2.01377
3539,0.00148486,0.00180323,0.0228108,0.0228108,0.0649232,0.001226,0.845764,0.00227826,0.0730251,0.000749538,0.0653778,0.171123,0.0227756,0,0.164815,0.000107728,3.29142,0.253808,0.29981,0.101514,0.181621,2.71376,0.39186,0.508012,0.723993,4.04513,0.00184041,0.173981,0,0,0,0,-0.000901952,0.276594,0.884245,0.0339478,0.0647257,0.0726049,0.00266476,0.00385341,0.338936,0.060496,-12.1271,9.54811,23.0188,0.336351,1.17368,-12.8069,-0.555556,-0.00832937,0.00376037,25.1667,69.9583,0,0,0.291667,1.66667,0,-10.0379,0.0001,-0.00395554,0.0124378,1.91422,0.13858,47887,0.139865,47.77,-2.01489
3540,0.00142818,0.00191554,0.0224783,0.0224783,0.065535,0.00131577,0.841627,0.002453,0.0724551,0.00116008,0.064866,0.168908,0.0221293,0,0.166596,9.86049e-05,3.31294,0.263924,0.300489,0.100465,0.183485,2.78637,0.403675,0.514246,0.715225,3.97207,0.00192462,0.171672,0,0,0,0,-0.000883691,0.27451,0.885251,0.0365973,0.0643393,0.0721082,0.00358388,0.00445793,0.338819,0.0602087,-12.3616,9.08455,22.7526,0.337062,1.15942,-12.9475,-0.555556,-0.0086217,0.00378639,25.0833,65.875,0,0,0.291667,2.45833,0,-10.0263,0.0001,-0.00265089,0.0129379,1.74901,0.134898,52180,0.139993,49.08,-2.0133
3541,0.00188311,0.0022947,0.0217805,0.0217805,0.0663911,0.00155851,0.838865,0.0028789,0.0720329,0.00150217,0.0644409,0.166451,0.0224921,0,0.16854,0.000113948,3.32722,0.268541,0.300223,0.101676,0.187396,2.81968,0.410119,0.524865,0.712835,3.95795,0.0024574,0.169385,0,0,0,0,-0.000913817,0.274208,0.885358,0.0377796,0.0639727,0.071631,0.00437521,0.00518171,0.345927,0.0598018,-12.2314,9.21913,23.1564,0.331449,1.14911,-13.2081,-0.555556,-0.0090594,0.00473835,23.5833,70.125,0,0,0.375,1.45833,0,-10.0171,0.0001,0.000469046,0.0125732,1.73578,0.127909,52746,0.140092,51.98,-2.01049
3542,0.00191603,0.00251732,0.0215041,0.0215041,0.0673533,0.00171914,0.834556,0.00314743,0.0714387,0.00145004,0.0639889,0.166713,0.021963,0,0.171157,0.000136089,3.35858,0.26541,0.301205,0.100632,0.19485,2.88237,0.419075,0.529884,0.707679,3.88729,0.00265082,0.16941,0,0,0,0,-0.000912664,0.272127,0.886745,0.038602,0.0634826,0.0710386,0.00348177,0.00435023,0.346606,0.0594254,-12.3657,8.94739,22.9366,0.331934,1.13789,-13.4146,-0.555556,-0.0093941,0.00509167,21.375,63.0833,0,0,0.291667,2.45833,0,-10.008,0.0001,-0.00203588,0.0124854,1.93265,0.130915,47638,0.140198,50.36,-2.02581
3543,0.00239186,0.00306777,0.021066,0.021066,0.0674429,0.00207555,0.833095,0.00351185,0.0711348,0.00160452,0.0638028,0.163551,0.0224711,0,0.17149,0.000152181,3.33806,0.26755,0.299938,0.0994942,0.194106,2.88423,0.419853,0.538035,0.711683,3.90062,0.0027766,0.166403,0,0,0,0,-0.000849055,0.26832,0.887066,0.0385157,0.0634807,0.0708139,0.00400685,0.00497456,0.351597,0.0593779,-12.2724,9.10096,23.3302,0.32636,1.12765,-13.5507,-0.555556,-0.00957529,0.00628084,20.4583,63.9167,0,0,0.458333,2.5,0,-9.99915,0.0001,-0.00304174,0.0127433,1.75563,0.128243,52181,0.140307,54.8,-2.02226
3544,0.00261736,0.00335763,0.0203296,0.0203296,0.0680541,0.00229116,0.826422,0.00394903,0.0707947,0.00197865,0.0635425,0.164455,0.0223911,0,0.17755,0.000156737,3.36102,0.269228,0.301405,0.0999698,0.197632,2.9228,0.42532,0.550143,0.710313,3.8814,0.00319743,0.166828,0,0,0,0,-0.00102112,0.273963,0.888434,0.0418199,0.0630218,0.07028,0.00377028,0.00463146,0.354453,0.0589058,-12.1209,9.19044,23.7093,0.315408,1.1316,-13.8795,-0.555556,-0.0101129,0.00684291,21.0417,66.4167,0,0,0.375,2.5,0,-9.99339,0.0001,-0.00227255,0.011628,1.92385,0.128377,47901,0.14038,54.29,-2.00439
3545,0.00266093,0.00344779,0.0197746,0.0197746,0.0674554,0.0023621,0.822664,0.00425807,0.0701092,0.00205722,0.0630155,0.164407,0.0226579,0,0.180988,0.000196624,3.37584,0.273505,0.300747,0.100587,0.199198,2.9529,0.430446,0.559758,0.707583,3.8573,0.00345136,0.166792,0,0,0,0,-0.00094345,0.276448,0.889172,0.0417673,0.0627592,0.0697382,0.00408024,0.00490107,0.362615,0.0586789,-12.0259,9.11283,23.9341,0.313329,1.12995,-14.0946,-0.555556,-0.0102162,0.00738785,20.5417,63.0417,0,0,0.666667,2.45833,0,-9.98731,0.0001,-0.00215197,0.0120663,1.74859,0.134222,52211,0.140467,54.79,-1.98922
3546,0.00233288,0.00296297,0.0198554,0.0198554,0.0677609,0.00203061,0.825327,0.0038277,0.0694656,0.0021338,0.0624816,0.163587,0.022387,0,0.181289,0.000161186,3.35947,0.277599,0.301868,0.0993528,0.199368,2.95561,0.432287,0.558725,0.707929,3.84842,0.00308513,0.166585,0,0,0,0,-0.000855598,0.275026,0.890346,0.0428284,0.0622938,0.0691389,0.00431133,0.00531771,0.364685,0.0582816,-11.9756,8.97415,23.6957,0.31795,1.09893,-14.0746,-0.555556,-0.0102257,0.00622718,20.875,64.2083,0,0,0.458333,2.70833,0,-9.97885,0.0001,-0.00136378,0.0124953,1.75445,0.157534,51414,0.140556,54.42,-2.01796
3547,0.00363272,0.00475333,0.0195165,0.0195165,0.0715781,0.00322575,0.823574,0.00588806,0.0686873,0.00260869,0.0616829,0.167291,0.0222538,0,0.187148,0.000286134,3.39609,0.280764,0.298663,0.099937,0.212522,3.0149,0.442476,0.565162,0.700686,3.78696,0.0046767,0.16917,0,0,0,0,-0.000809086,0.274598,0.893551,0.0479192,0.061616,0.0683989,0.00557431,0.00614663,0.377425,0.0576779,-11.2614,8.95503,23.823,0.317134,1.11741,-14.1664,-0.555556,-0.011056,0.00990052,20.25,60.625,0,0,1.08333,2.54167,0,-9.97028,0.0001,-0.00170831,0.0122499,1.98026,0.131711,46545,0.140664,58.74,-1.98818
3548,0.00305474,0.00410852,0.0191831,0.0191831,0.0700909,0.00273942,0.819248,0.00553073,0.0687623,0.00255045,0.0618178,0.164356,0.0220974,0,0.185552,0.000285685,3.41414,0.28755,0.299731,0.0992697,0.208927,3.04625,0.446579,0.571387,0.69881,3.75996,0.00431811,0.166157,0,0,0,0,-0.000834306,0.282764,0.893166,0.0464322,0.0617488,0.0684434,0.00547285,0.00605679,0.378236,0.0578801,-11.5214,8.65045,23.6902,0.319859,1.11998,-14.38,-0.555556,-0.0109659,0.00868502,19,59.0417,0,0,0.583333,3,0,-9.96212,0.0001,-0.000502858,0.0127247,1.7626,0.129684,51949,0.140693,57.73,-2.00889
3549,0.00412846,0.00542872,0.0185837,0.0185837,0.0746902,0.00367465,0.817988,0.00656626,0.067811,0.00318105,0.0608608,0.167514,0.0223443,0,0.193691,0.000299023,3.41919,0.287992,0.29982,0.100375,0.221407,3.10529,0.455777,0.582211,0.69625,3.70277,0.00525749,0.169109,0,0,0,0,-0.000849031,0.281698,0.896132,0.0521716,0.0608318,0.0674543,0.00656745,0.00695003,0.390377,0.0569065,-10.9149,9.14507,24.3717,0.30745,1.11475,-14.6152,-0.555556,-0.0122304,0.0117175,19.3333,60.875,0,0,1.125,2.54167,0,-9.95901,0.0001,-0.00187237,0.0130474,1.92816,0.133485,47682,0.140704,56.23,-1.99432
3550,0.00416227,0.0054714,0.0186111,0.0186111,0.0752485,0.00368529,0.820451,0.00697462,0.0668398,0.00352096,0.0599394,0.160699,0.0217589,0,0.188571,0.000323426,3.40696,0.291793,0.298489,0.0990627,0.230929,3.1437,0.461886,0.582509,0.690693,3.65567,0.00565243,0.163112,0,0,0,0,-0.000915971,0.280852,0.896963,0.0559955,0.0598943,0.0664841,0.00537788,0.00613277,0.388872,0.0560805,-11.3078,8.37864,23.736,0.314347,1.09151,-14.5404,-0.555556,-0.0122579,0.0114459,18.1667,59.9167,0,0,1.20833,3.08333,0,-9.95676,0.0001,-0.000417059,0.0134294,1.72942,0.132911,52785,0.140769,58.98,-1.98103
3551,0.00575791,0.00765239,0.0180708,0.0180708,0.0784189,0.00518033,0.817153,0.00934326,0.0661464,0.00396272,0.0594493,0.164756,0.0217122,0,0.196302,0.000482329,3.41541,0.288323,0.300342,0.0999954,0.232911,3.18187,0.467483,0.592103,0.690614,3.63075,0.00729721,0.167215,0,0,0,0,-0.000875992,0.271514,0.89875,0.0591293,0.0593822,0.0657752,0.0057142,0.0064176,0.402479,0.0555894,-10.8806,8.68475,24.2587,0.304172,1.09674,-14.7645,-0.555556,-0.0131607,0.016419,16.4583,59.2083,0,0,1.54167,2.33333,0,-9.9538,0.0001,0.00428538,0.0130708,1.7623,0.205657,49952,0.140817,57.94,-1.98877
3552,0.00507653,0.00669607,0.0179877,0.0179877,0.0774534,0.00447984,0.818244,0.00821959,0.06627,0.00385414,0.0594607,0.161437,0.0215546,0,0.194478,0.000416338,3.39017,0.297555,0.300048,0.0995807,0.235642,3.18444,0.468811,0.594056,0.690136,3.62792,0.00642133,0.163987,0,0,0,0,-0.00091312,0.282555,0.898639,0.0584946,0.05944,0.0658899,0.00635488,0.00702452,0.398899,0.0556534,-11.0295,8.46609,24.0171,0.305988,1.07771,-14.8427,-0.555556,-0.0130278,0.014264,18.3333,60.4167,0,0,1.04167,3.125,0,-9.95154,0.0001,-0.000960234,0.0126114,1.95563,0.130166,47130,0.14083,60.24,-1.98347
3553,0.00531099,0.00696006,0.0176862,0.0176862,0.0797929,0.00470712,0.814432,0.00902233,0.0658407,0.0037808,0.0590981,0.164321,0.0212282,0,0.198709,0.000457364,3.43094,0.297475,0.300409,0.0990116,0.240517,3.22869,0.474799,0.59954,0.685037,3.58838,0.00716706,0.165951,0,0,0,0,-0.000860579,0.282126,0.899069,0.0593967,0.0591068,0.0654678,0.00659475,0.00696991,0.401998,0.0553464,-10.9639,8.65057,24.2733,0.303217,1.09647,-15.0014,-0.555556,-0.0136352,0.0151089,16.9583,58.4583,0,0,1.54167,2.91667,0,-9.94854,0.0001,-0.00305072,0.01286,1.71493,0.126475,53385,0.140879,60.61,-2.0098
3554,0.00512217,0.00675695,0.0178479,0.0178479,0.0801536,0.0045385,0.816421,0.00866328,0.0659471,0.0037994,0.0591502,0.162306,0.0211349,0,0.19561,0.000475122,3.41497,0.304683,0.300162,0.098657,0.238224,3.24006,0.477417,0.596592,0.684393,3.56453,0.00690776,0.164129,0.000534188,0.000534188,0,0,-0.000776736,0.285003,0.899577,0.0601098,0.0592394,0.0656362,0.00744548,0.00776158,0.409139,0.055544,-10.9302,8.31633,23.9102,0.306984,1.09118,-14.9527,-0.555556,-0.0136031,0.0146746,17.6667,59.5417,0,0,1.41667,3.54167,0,-9.94124,0.0001,-0.00140559,0.0128231,1.86917,0.128693,49204,0.14098,61.41,-1.99685
3555,0.0060785,0.00805709,0.017537,0.017537,0.0832247,0.00544258,0.814587,0.0100914,0.065173,0.00446281,0.0583953,0.162077,0.020359,0,0.199273,0.000509724,3.42956,0.29567,0.299336,0.0988193,0.25034,3.33496,0.491292,0.603604,0.675943,3.47629,0.00807676,0.163811,0,0,0,0,-0.00075494,0.276453,0.90263,0.0619265,0.0584796,0.0649371,0.00672653,0.00705527,0.415584,0.0548846,-10.8363,8.01654,23.7604,0.304889,1.07919,-15.1409,-0.555556,-0.0142753,0.0175275,17.2917,57.3333,0,0,1.45833,3.375,0,-9.93132,0.0001,-0.00124339,0.0123806,1.72962,0.130005,52862,0.14105,62.15,-1.99479
3556,0.00569433,0.00744821,0.0176405,0.0176405,0.0812276,0.00497951,0.817734,0.00909775,0.0648522,0.00408078,0.0581879,0.16176,0.0206869,0,0.198052,0.000480664,3.41057,0.308116,0.301003,0.0982285,0.244302,3.29933,0.485274,0.601314,0.680973,3.50989,0.00746369,0.163668,0,0,0,0,-0.000691368,0.288831,0.90139,0.0635162,0.0585363,0.0646273,0.00707607,0.00750613,0.415818,0.0549628,-10.9004,7.90233,23.6221,0.311185,1.07032,-15.036,-0.555556,-0.0138374,0.0162866,17.75,57.5,0,0,1.08333,3.91667,0,-9.92439,0.0001,-0.00243031,0.0129719,1.75146,0.136463,52070,0.141153,60.02,-2.00327
3557,0.00596402,0.0078304,0.0173473,0.0173473,0.0836007,0.0053209,0.815503,0.00940431,0.065202,0.00434231,0.0584494,0.162136,0.0203126,0,0.199835,0.000478529,3.42942,0.293477,0.300904,0.098698,0.257624,3.34728,0.49348,0.606817,0.675731,3.46222,0.00742098,0.163536,0,0,0,0,-0.000905308,0.275635,0.902377,0.0625659,0.0583482,0.064812,0.00652875,0.00693221,0.416579,0.0547333,-10.7749,8.14419,23.9837,0.301182,1.08365,-15.2619,-0.555556,-0.0145038,0.0171602,17.875,56.8333,0,0,1.33333,3.45833,0,-9.91672,0.0001,-0.00270597,0.0134452,1.87081,0.135144,49006,0.141267,61.48,-1.94866
3558,0.00687201,0.00881783,0.0170196,0.0170196,0.0843012,0.00592407,0.812983,0.0108323,0.0643899,0.00465631,0.0577293,0.163613,0.0206718,0,0.203334,0.000559811,3.43125,0.301378,0.298063,0.0992408,0.258894,3.37089,0.497335,0.613039,0.676183,3.4422,0.00897452,0.16442,0,0,0,0,-0.00084357,0.283378,0.903966,0.0692954,0.0577165,0.0640033,0.00761134,0.00772591,0.427508,0.0541383,-10.3365,8.24412,24.2143,0.296527,1.08362,-15.3312,-0.555556,-0.0149615,0.0195565,16.4167,56.0417,0,0,2.04167,3.25,0,-9.90749,0.0001,0.00144901,0.0138617,1.71292,0.130557,53325,0.141327,62.05,-2.01798
3559,0.00708391,0.00921007,0.0168283,0.0168283,0.0850613,0.00609647,0.811001,0.0115928,0.0637445,0.00506596,0.0572289,0.163413,0.0203934,0,0.204567,0.000630698,3.41324,0.300374,0.299647,0.0987961,0.263074,3.39128,0.500392,0.617067,0.673236,3.42027,0.00962387,0.164369,0,0,0,0,-0.000843994,0.284294,0.905305,0.0725546,0.0572809,0.0633886,0.00776723,0.00785863,0.428864,0.0537587,-10.1612,8.0357,24.0892,0.295244,1.07069,-15.4392,-0.555556,-0.0152648,0.0203658,17.4167,55.4167,0,0,1.875,4.29167,0,-9.90061,0.0001,-0.000206032,0.0137233,1.91869,0.132039,47936,0.141378,63.3,-2.00902
3560,0.00757142,0.0100753,0.0167119,0.0167119,0.0852695,0.00672716,0.812327,0.0123698,0.0635651,0.00480955,0.0570504,0.160055,0.0205109,0,0.203471,0.000716483,3.41614,0.299049,0.300542,0.0976722,0.268023,3.39754,0.500679,0.619095,0.678296,3.42976,0.00980308,0.162161,0,0,0,0,-0.000838684,0.279597,0.9049,0.0700175,0.0572155,0.0632777,0.00615855,0.00682397,0.42724,0.0536632,-10.5696,7.98649,24.1627,0.295065,1.06275,-15.4676,-0.555556,-0.0153227,0.0223456,15.6667,56.0833,0,0,2.08333,4,0,-9.89633,0.0001,-0.00148512,0.014181,1.78256,0.133978,51292,0.141405,64.67,-2.01164
3561,0.00904694,0.0119859,0.0165541,0.0165541,0.0904113,0.00798377,0.813703,0.0146001,0.0634476,0.00537534,0.0568573,0.163996,0.0206853,0,0.20889,0.000795323,3.38638,0.298153,0.301061,0.100335,0.269602,3.38759,0.499365,0.622305,0.681769,3.42667,0.0116734,0.165961,0,0,0,0,-0.000635355,0.274982,0.905543,0.0750005,0.0571735,0.0632639,0.00752698,0.00805468,0.444448,0.0535357,-10.1043,8.4492,24.6301,0.287913,1.06316,-15.5305,-0.555556,-0.0164634,0.0266156,15.875,55.875,0,0,2.04167,3.375,0,-9.89273,0.0001,-0.00239465,0.0140195,1.73489,0.175601,51454,0.141441,64.96,-1.98235
3562,0.00860375,0.0113641,0.016631,0.016631,0.0899211,0.00753388,0.813829,0.0140783,0.0633549,0.00506946,0.056741,0.159198,0.0202817,0,0.204015,0.000836904,3.3897,0.30164,0.300967,0.0995703,0.273044,3.42506,0.50393,0.620705,0.674618,3.40643,0.0114028,0.161605,0,0,0,0,-0.000945832,0.275078,0.904303,0.0753335,0.0567193,0.0629105,0.00627216,0.007028,0.429045,0.0531382,-10.7575,8.08786,24.2415,0.294923,1.06525,-15.5251,-0.555556,-0.0162849,0.0254588,15.0417,55.7083,0,0,2.95833,4.25,0,-9.88851,0.0001,0.000311478,0.0147483,1.83958,0.132041,49859,0.141503,63.42,-1.9683
3563,0.00984771,0.0126276,0.016301,0.016301,0.0917811,0.0084326,0.814081,0.015146,0.0624229,0.0057172,0.0558668,0.161236,0.0200083,0,0.207939,0.000842551,3.37632,0.303811,0.299628,0.0976042,0.282473,3.46304,0.511082,0.627658,0.674242,3.36024,0.0125403,0.162811,0,0,0,0,-0.000685174,0.278435,0.907746,0.0795987,0.056135,0.0622264,0.00798333,0.00825875,0.447519,0.0526104,-10.1076,8.00685,24.3859,0.289116,1.05188,-15.6412,-0.555556,-0.0168546,0.0282715,14.5,55.0833,0,0,2.33333,3.79167,0,-9.88056,0.0001,-0.00277231,0.0151416,1.73112,0.126819,52910,0.141583,64.29,-1.95634
3564,0.0104736,0.0137505,0.0161922,0.0161922,0.0967585,0.00911158,0.816093,0.0170369,0.0615728,0.00606743,0.0550754,0.162979,0.0197162,0,0.211452,0.0010034,3.37047,0.298905,0.298987,0.0988164,0.294109,3.54238,0.522002,0.63011,0.666563,3.28971,0.0141355,0.164135,0,0,0,0,-0.00068979,0.268805,0.909886,0.086467,0.0553211,0.061353,0.00852724,0.00859203,0.450597,0.051938,-9.72896,7.87094,24.1403,0.292913,1.05459,-15.6886,-0.555556,-0.0179271,0.0308969,13.7917,52.75,0,0,2.41667,4.95833,0,-9.87366,0.0001,0.00285136,0.0154238,1.95513,0.136891,46990,0.141653,66.88,-1.94454
3565,0.0101904,0.0133871,0.0161653,0.0161653,0.0992955,0.00883557,0.813524,0.0175138,0.0610215,0.00721009,0.0544629,0.161514,0.0194943,0,0.210087,0.000960631,3.4009,0.300295,0.300212,0.10007,0.305544,3.63261,0.53687,0.63095,0.651584,3.19252,0.014015,0.162321,0.000621891,0.000621891,0,0,-0.000850165,0.265426,0.910792,0.0931808,0.054567,0.0607585,0.00791864,0.00789892,0.449182,0.0512698,-9.73188,7.11228,23.6084,0.299914,1.05866,-15.5383,-0.555556,-0.018474,0.0300611,15.3333,55,0,0,2.58333,4.83333,0,-9.86751,0.0001,0.00132854,0.0163638,1.75032,0.12904,52307,0.141721,66.16,-1.92518
3566,0.0119405,0.016232,0.0160171,0.0160171,0.103064,0.010633,0.815172,0.0202686,0.0601279,0.0076738,0.0536011,0.16336,0.0188814,0,0.213236,0.0011993,3.40204,0.303476,0.300985,0.0998539,0.313877,3.67761,0.542313,0.634291,0.646654,3.13488,0.0162068,0.163379,0,0,0,0,-0.000675617,0.270351,0.912797,0.100896,0.0538145,0.0599773,0.0093238,0.00898688,0.462376,0.0506465,-9.10974,6.93056,23.4826,0.302292,1.06927,-15.5617,-0.555556,-0.0193497,0.0367635,15.25,54.2083,0,0,2.75,5.29167,0,-9.8629,0.0001,-0.00301343,0.0171737,1.69274,0.129525,53945,0.141779,65.52,-1.96939
3567,0.0128098,0.0173238,0.0160224,0.0160224,0.10341,0.0114008,0.815415,0.0211553,0.06044,0.00738612,0.0538927,0.165204,0.018713,0,0.21524,0.00133436,3.3589,0.30134,0.301106,0.0990667,0.312029,3.65224,0.539542,0.634187,0.65402,3.1617,0.0166729,0.165476,0,0,0,0,-0.000818353,0.267226,0.913036,0.0979201,0.0539671,0.0601765,0.00900756,0.00873806,0.458848,0.0507269,-9.29222,7.15929,23.7582,0.297709,1.06468,-15.61,-0.555556,-0.0194001,0.0391231,14.125,52.125,0,0,3.5,4.95833,0,-9.85969,0.0001,-0.00210508,0.0187226,1.85601,0.135701,49356,0.141842,66.64,-1.84272
3568,0.0123977,0.0165222,0.015775,0.015775,0.105612,0.0107986,0.814462,0.0229039,0.0597544,0.00796714,0.0532309,0.163163,0.019315,0,0.216047,0.00146155,3.38439,0.295888,0.300362,0.100734,0.3263,3.6912,0.544676,0.63938,0.648471,3.13289,0.0182385,0.164229,0,0,0,0,-0.000878915,0.260421,0.913974,0.106511,0.0532725,0.0594306,0.00772233,0.00790509,0.458053,0.0500224,-9.19427,7.29778,23.9272,0.295687,1.05589,-15.709,-0.555556,-0.0201195,0.0374092,12.8333,51.0833,0,0,3.08333,5.58333,0,-9.85392,0.0001,-0.0016016,0.0193173,1.74344,0.137501,52263,0.14193,67.33,-1.96544
3569,0.0160044,0.0214191,0.0155261,0.0155261,0.110965,0.0138775,0.814937,0.0274823,0.0589273,0.00851028,0.0523834,0.167017,0.0191444,0,0.222654,0.00185226,3.38935,0.299295,0.300733,0.100339,0.335853,3.72298,0.548981,0.644554,0.646244,3.0895,0.0219398,0.166974,0.00135694,0.00135694,0,0,-0.000741293,0.261823,0.916741,0.113351,0.0525687,0.0587259,0.00929107,0.00910662,0.465089,0.0493769,-8.59031,7.28324,24.086,0.292491,1.06634,-15.7408,-0.555556,-0.0214318,0.0487022,14.125,53.2917,0,0,3.91667,6.08333,0,-9.84685,0.0001,0.00608756,0.02007,1.88053,0.168598,47973,0.142001,68.02,-1.90563
3570,0.0150458,0.0202832,0.0155891,0.0155891,0.112222,0.0130342,0.816331,0.02636,0.0587414,0.00907294,0.0521947,0.161632,0.0189752,0,0.216327,0.00166183,3.37783,0.29876,0.300334,0.100936,0.344796,3.78657,0.558109,0.643513,0.638103,3.04056,0.021364,0.161778,0,0,0,0,-0.00101748,0.256593,0.91583,0.119288,0.0520319,0.0583152,0.00791233,0.00788106,0.452985,0.0488946,-9.06336,6.5577,23.4194,0.301023,1.05872,-15.6217,-0.555556,-0.0216681,0.0462379,12.5,49.1667,0,0,3.83333,6.83333,0,-9.84058,0.0001,-0.0020225,0.0216899,1.72078,0.127252,53193,0.142055,67.38,-1.92699
3571,0.0170246,0.0228654,0.0154434,0.0154434,0.116733,0.0149065,0.815925,0.0288176,0.0576435,0.00968409,0.0511927,0.165382,0.0184211,0,0.220549,0.0018763,3.39582,0.298246,0.300264,0.100181,0.356002,3.87607,0.57097,0.646975,0.623521,2.9491,0.0235142,0.164002,0.000672043,0.000672043,0,0,-0.000934643,0.25348,0.919022,0.126171,0.0510686,0.057322,0.00960089,0.00884229,0.46342,0.048127,-8.39223,6.23406,23.134,0.30311,1.06582,-15.6357,-0.555556,-0.0226982,0.052831,13.7917,49.75,0,0,4.70833,6.75,0,-9.83378,0.0001,-0.00205313,0.0216356,1.71321,0.133008,53246,0.14215,66.96,-1.91298
3572,0.0198722,0.0262462,0.0156093,0.0156093,0.122358,0.0170401,0.818143,0.0335802,0.0581007,0.00959853,0.0514074,0.163304,0.0181379,0,0.217556,0.00228627,3.4122,0.295744,0.299661,0.101027,0.363327,3.89277,0.574395,0.643827,0.622236,2.91795,0.0272951,0.162448,0.00115942,0.00115942,0,0,-0.00097303,0.246728,0.918553,0.126022,0.0511563,0.0577109,0.00857754,0.00812411,0.458961,0.0482445,-8.67579,6.1816,22.9364,0.305729,1.06633,-15.6631,-0.555556,-0.0237299,0.0605172,13.8333,52.2083,0,0,5.91667,6.25,0,-9.82431,0.0001,0.000759932,0.0216393,1.90622,0.130736,48260,0.142239,64.83,-1.91654
3573,0.0197451,0.0264697,0.01527,0.01527,0.120955,0.0171287,0.815033,0.0345389,0.0576327,0.0101361,0.0511453,0.160833,0.0184042,0,0.218116,0.00237337,3.3804,0.295321,0.299739,0.100227,0.366466,3.89598,0.573357,0.650576,0.627121,2.93782,0.0275309,0.160282,0.00148857,0.00148857,0,0,-0.00102363,0.250131,0.918626,0.130117,0.050836,0.0571687,0.00807255,0.00784521,0.460785,0.047877,-8.79013,6.13085,23.1087,0.300285,1.05525,-15.7572,-0.555556,-0.0238051,0.0600808,13.1667,47,0,0,4.875,7.33333,0,-9.81694,0.0001,-0.00185747,0.0232827,1.70131,0.124499,53841,0.142334,69.28,-1.83534
3574,0.0187383,0.0253858,0.0152789,0.0152789,0.123005,0.0164221,0.818412,0.0338111,0.0569554,0.0102857,0.0505111,0.16302,0.0184468,0,0.220734,0.00223251,3.3665,0.299046,0.299381,0.101321,0.370842,3.88381,0.571068,0.650313,0.628914,2.94532,0.0273177,0.162314,0.000555556,0.000555556,0,0,-0.000911584,0.251299,0.919745,0.134515,0.0503272,0.0566175,0.00891041,0.00862206,0.465122,0.0473606,-8.48222,6.33425,23.257,0.298357,1.05244,-15.6746,-0.555556,-0.0241708,0.0588241,12.4583,48.25,0,0,5.04167,6.875,0,-9.80977,0.0001,0.000904506,0.0243946,1.77544,0.175577,50385,0.142401,68.37,-1.85884
3575,0.0216192,0.0292981,0.0152352,0.0152352,0.125951,0.0188281,0.821073,0.0375386,0.0570324,0.0102098,0.0504937,0.159685,0.018201,0,0.218619,0.00281794,3.3581,0.298787,0.300307,0.10073,0.372464,3.90097,0.572464,0.65159,0.626798,2.92952,0.0303885,0.159555,0.00234018,0.00234018,0,0,-0.00109828,0.249292,0.918805,0.138846,0.0500679,0.0564848,0.0073663,0.00743871,0.45575,0.0470506,-8.94989,6.18403,23.1196,0.297931,1.03575,-15.7632,-0.555556,-0.0248865,0.0680508,12.875,50.5417,0,0,6.29167,8.70833,0,-9.80442,0.0001,0.0073849,0.0255925,1.74723,0.130423,52354,0.14245,70.01,-1.81636
3576,0.0242339,0.0333923,0.0153813,0.0153813,0.133125,0.0215329,0.822131,0.0436171,0.0563448,0.0111647,0.0497281,0.160484,0.0181489,0,0.218681,0.00313596,3.38473,0.291048,0.299927,0.101238,0.389511,3.97596,0.583568,0.648831,0.615088,2.84776,0.0341171,0.159969,0.000718391,0.000718391,0,0,-0.00119269,0.233688,0.92025,0.148193,0.0491206,0.0557674,0.00741265,0.00731659,0.458369,0.04623,-8.86164,5.78714,22.6559,0.304938,1.04155,-15.5935,-0.555556,-0.026247,0.0778163,11.1667,46.4167,0,0,5.70833,7.83333,0,-9.79852,0.0001,0.000334224,0.026937,1.70661,0.136088,53347,0.142506,65.62,-1.84502
3577,0.024704,0.0336784,0.0150315,0.0150315,0.133343,0.0216125,0.820242,0.0444276,0.0559123,0.0119368,0.0493814,0.156524,0.0182358,0,0.216857,0.00317597,3.38942,0.288637,0.298187,0.10258,0.396688,4.01353,0.588953,0.655818,0.609995,2.80914,0.0349621,0.155848,0.000730994,0.000730994,0,0,-0.00134482,0.231231,0.921258,0.154593,0.0485781,0.0552537,0.00660719,0.0067275,0.455163,0.0456807,-8.82291,5.63082,22.8047,0.298218,1.04396,-15.6948,-0.555556,-0.0266721,0.0788838,11.2083,48.0417,0,0,6.20833,8.41667,0,-9.79206,0.0001,-0.000682154,0.0283699,1.85812,0.13383,49350,0.142603,71.74,-1.75858
3578,0.0268524,0.0365991,0.0148091,0.0148091,0.138206,0.0235857,0.818175,0.0481044,0.0562551,0.0113277,0.0495657,0.163215,0.0176678,0,0.225805,0.00358164,3.41627,0.288279,0.300597,0.101522,0.403229,4.0542,0.595861,0.660665,0.605528,2.77201,0.037316,0.16105,0.00230548,0.00230548,0,0,-0.00125734,0.234126,0.923648,0.153783,0.0487541,0.0556037,0.00864988,0.00802572,0.461463,0.045891,-8.35269,6.13656,23.2042,0.291539,1.06793,-15.9991,-0.555556,-0.0278407,0.0856559,12.5417,47.2917,0,0,8,8.79167,0,-9.7832,0.0001,-0.000393238,0.0281553,1.7425,0.131121,52467,0.142705,70.2,-1.70034
3579,0.0293524,0.0406657,0.0148738,0.0148738,0.141601,0.0259559,0.819968,0.0537292,0.0553955,0.0124514,0.0488105,0.159314,0.0180091,0,0.220695,0.00427656,3.40009,0.285617,0.301558,0.102169,0.40855,4.08262,0.599078,0.659091,0.601369,2.7493,0.0419648,0.158084,0.00641422,0.00641422,0,0,-0.00133817,0.230268,0.923492,0.16269,0.0478786,0.0547104,0.0074425,0.00725704,0.463525,0.045062,-8.46212,5.54254,22.7103,0.298203,1.04158,-15.7338,-0.555556,-0.0286182,0.0962785,12.0417,46.2917,0,0,8.16667,9.41667,0,-9.77713,0.0001,-0.00279629,0.0287519,1.78526,0.177616,50081,0.142756,70.01,-1.75101
3580,0.0286675,0.039931,0.0147301,0.0147301,0.139492,0.0257014,0.820267,0.0533832,0.0552393,0.012207,0.048674,0.161277,0.0172518,0,0.222288,0.00409028,3.39569,0.286376,0.298752,0.100841,0.41227,4.12455,0.606043,0.662165,0.597674,2.70702,0.0407044,0.158578,0.00357452,0.00357452,0,0,-0.00133661,0.23425,0.926111,0.16177,0.0476594,0.0545249,0.00944838,0.0085598,0.470797,0.0449101,-7.88646,5.62811,22.8568,0.293919,1.06109,-15.9073,-0.555556,-0.0281652,0.094931,11.9167,44.125,0,0,7.625,8.5,0,-9.77249,0.0001,0.00134299,0.0309768,1.80603,0.130773,50755,0.142811,70.16,-1.75916
3581,0.0311969,0.0432598,0.0146937,0.0146937,0.146009,0.0277043,0.819751,0.056514,0.0549477,0.0131683,0.0482993,0.161224,0.0172176,0,0.223582,0.00440507,3.44474,0.283532,0.300957,0.101992,0.42016,4.18775,0.614936,0.663215,0.58609,2.6321,0.0438137,0.158158,0.00198857,0.00198857,0,0,-0.00150522,0.227695,0.926381,0.171889,0.0469738,0.0540705,0.00892526,0.00800157,0.468003,0.0443097,-7.8887,5.4404,22.546,0.295478,1.05886,-15.9389,-0.555556,-0.0296595,0.102173,12.2917,44.9167,0,0,7.91667,8.79167,0,-9.76707,0.0001,-4.12668e-05,0.0317874,1.71238,0.128168,53410,0.142868,71.08,-1.75392
3582,0.0311366,0.0439878,0.0147218,0.0147218,0.14569,0.0279249,0.820312,0.0583196,0.0545428,0.0142004,0.0479418,0.156505,0.0177569,0,0.217983,0.00460877,3.41854,0.283468,0.299745,0.102255,0.426543,4.19671,0.617169,0.66298,0.581536,2.61715,0.0445727,0.153952,0.00493646,0.00493646,0,0,-0.00161295,0.222732,0.925673,0.178317,0.046565,0.0536902,0.00763072,0.00707244,0.46132,0.0439163,-8.15413,4.73137,22.118,0.304443,1.04517,-15.6581,-0.555556,-0.0296874,0.104005,12.7917,46.0833,0,0,8.16667,10,0,-9.76073,0.0001,-0.00334419,0.032793,1.9113,0.130239,48151,0.142974,72.37,-1.65577
3583,0.0334856,0.0478628,0.0148647,0.0148647,0.151056,0.0304794,0.823902,0.0639697,0.0541723,0.0142487,0.047575,0.15838,0.0176059,0,0.219083,0.00515123,3.39853,0.28607,0.301208,0.102395,0.43222,4.20473,0.617366,0.659958,0.585066,2.61132,0.0487547,0.15589,0.00143849,0.00143849,0,0,-0.00158521,0.221465,0.926256,0.182243,0.0462924,0.0533273,0.00816642,0.00759713,0.463795,0.0436533,-8.05378,4.74404,22.0139,0.308018,1.04655,-15.5522,-0.555556,-0.0306649,0.114209,12.25,45.25,0,0,9.08333,9.29167,0,-9.75139,0.0001,-0.00192174,0.0346325,1.73414,0.134787,52599,0.143074,70.24,-1.68014
3584,0.0347174,0.0483736,0.0147225,0.0147225,0.153611,0.0308642,0.825253,0.0660223,0.0535414,0.0144525,0.0469449,0.159197,0.0176258,0,0.222069,0.00544623,3.40535,0.284472,0.299786,0.10276,0.440802,4.26319,0.62531,0.662935,0.580358,2.56666,0.0503472,0.156626,0.00471279,0.00471279,0,0,-0.00159151,0.220869,0.928347,0.18955,0.0456031,0.0526912,0.00809626,0.00752687,0.465442,0.0430589,-7.75178,4.67941,21.9267,0.306715,1.0339,-15.6408,-0.555556,-0.0312405,0.115372,10.3333,42.75,0,0,8.66667,10.2083,0,-9.74552,0.0001,-0.000800716,0.0371568,1.80525,0.160788,50001,0.143114,69.99,-1.76147
3585,0.0377577,0.0538173,0.0145385,0.0145385,0.157184,0.0340723,0.823663,0.0741052,0.0531188,0.0156945,0.0465068,0.156306,0.0179196,0,0.219822,0.00622693,3.42852,0.284362,0.29898,0.103749,0.451774,4.28939,0.629328,0.666815,0.57168,2.53036,0.054829,0.153418,0.00587011,0.00587011,0,0,-0.00172803,0.214481,0.928147,0.200713,0.0449205,0.0521523,0.00796563,0.00735816,0.46277,0.0423706,-7.77477,4.3008,21.8099,0.308943,1.04066,-15.4791,-0.555556,-0.0323636,0.128688,10.75,43.7917,0,0,9.41667,10.25,0,-9.74039,0.0001,-0.000375615,0.0390484,1.75258,0.133531,52119,0.143189,72.51,-1.61523
3586,0.044779,0.0660801,0.0143654,0.0143654,0.166024,0.0415451,0.823078,0.0891899,0.051611,0.0178556,0.0451029,0.158747,0.0182196,0,0.223958,0.00794927,3.43705,0.281055,0.30048,0.10418,0.466981,4.39933,0.645611,0.670718,0.556034,2.42016,0.0651237,0.154907,0.00674231,0.00674231,0,0,-0.00170661,0.207685,0.93146,0.216677,0.0435106,0.0508231,0.0088334,0.00791145,0.474805,0.0411584,-7.11903,3.50305,21.2962,0.314553,1.04456,-15.2115,-0.555556,-0.0346184,0.158396,10.5417,42.5,0,0,9.75,11.4583,0,-9.73214,0.0001,0.00649887,0.0396381,1.72683,0.129308,52961,0.143258,72.51,-1.59689
3587,0.0411194,0.0600668,0.0144151,0.0144151,0.159781,0.0376868,0.826737,0.0803392,0.0514328,0.0172913,0.0450108,0.155045,0.0185321,0,0.219726,0.00713372,3.40679,0.287932,0.30006,0.103086,0.459655,4.37093,0.639724,0.669294,0.562615,2.46896,0.0601076,0.151862,0.00767067,0.00767067,0,0,-0.00169138,0.219331,0.930679,0.216293,0.0435799,0.0506085,0.00819961,0.00766463,0.474997,0.0412044,-7.19278,3.43524,21.2263,0.317725,1.02992,-15.1831,-0.555556,-0.0332105,0.143935,10.3333,42.0833,0,0,8.33333,11.5,0,-9.72558,0.0001,0.00590174,0.0410302,1.86242,0.12625,49432,0.143304,72.89,-1.61146
3588,0.0431019,0.0624907,0.014405,0.014405,0.165221,0.0392565,0.826923,0.0869004,0.051238,0.0178422,0.0447486,0.15858,0.0181875,0,0.222967,0.00753487,3.42242,0.279367,0.299359,0.10415,0.472312,4.42524,0.649086,0.670076,0.552474,2.39565,0.0653855,0.154403,0.00600702,0.00600702,0,0,-0.00178686,0.210361,0.932228,0.224828,0.0430042,0.0502941,0.00894404,0.00794338,0.473743,0.0406889,-6.7905,3.60931,21.1976,0.316429,1.03603,-15.2539,-0.555556,-0.0344516,0.150195,11.4167,39.875,0,0,9.58333,12.5,0,-9.7231,0.0001,-0.00143813,0.0476657,1.71605,0.132207,53187,0.143313,73.02,-1.61877
3589,0.0464153,0.0672236,0.0144035,0.0144035,0.169128,0.0419827,0.825209,0.0909672,0.0505046,0.0187261,0.0441301,0.154737,0.018549,0,0.219308,0.00812109,3.41242,0.279233,0.298932,0.10442,0.477324,4.45713,0.653552,0.670167,0.546957,2.37188,0.067933,0.151348,0.00711362,0.00711362,0,0,-0.00191459,0.208459,0.931529,0.234214,0.0423072,0.0495589,0.00782418,0.00711845,0.468675,0.040051,-7.15826,2.87766,20.7125,0.326962,1.03372,-14.9708,-0.555556,-0.0353638,0.161847,10.3333,41.625,0,0,10.125,12.1667,0,-9.72214,0.0001,-0.000944591,0.0464922,1.72321,0.151059,52449,0.143372,72.37,-1.59459
3590,0.0514412,0.0754001,0.0142864,0.0142864,0.176554,0.0471575,0.824538,0.103227,0.050175,0.0192636,0.0436992,0.157012,0.0184822,0,0.22364,0.00973043,3.41032,0.27857,0.301399,0.104888,0.489237,4.50505,0.660594,0.672818,0.542922,2.3263,0.0758942,0.153664,0.0139121,0.0139121,0,0,-0.00197868,0.207106,0.934272,0.241749,0.0418308,0.0492483,0.00800418,0.00731653,0.478506,0.0395961,-6.81643,2.86061,20.7906,0.323929,1.03765,-14.9666,-0.555556,-0.0370915,0.180834,9.125,39.4167,0,0,10.6667,12.25,0,-9.71597,0.0001,0.00259812,0.0488213,1.84156,0.129305,49878,0.143429,70.94,-1.44109
3591,0.0561803,0.0824449,0.0141684,0.0141684,0.182338,0.0513632,0.824971,0.112557,0.0494086,0.0210274,0.0430527,0.15623,0.0186138,0,0.224706,0.0106265,3.42948,0.275698,0.301083,0.104132,0.497814,4.55828,0.667258,0.675354,0.532354,2.26645,0.0817055,0.152371,0.00923737,0.00923737,0,0,-0.00203122,0.19917,0.934136,0.253429,0.0409626,0.0484164,0.00780232,0.00701468,0.474485,0.0388032,-6.78483,2.3186,20.3858,0.332577,1.02628,-14.803,-0.555556,-0.0386284,0.198762,8.58333,38.5,0,0,10,12.8333,0,-9.71205,0.0001,0.00415865,0.0505289,1.77786,0.129678,51534,0.143454,75.84,-1.16876
3592,0.0542061,0.0809781,0.0139231,0.0139231,0.180545,0.0503644,0.825912,0.112839,0.0485803,0.0217805,0.0423633,0.156834,0.019679,0,0.22611,0.0111102,3.38133,0.273741,0.299182,0.1041,0.50541,4.5621,0.669876,0.680488,0.535294,2.27374,0.0803398,0.15327,0.0210223,0.0210223,0,0,-0.00204287,0.199009,0.935082,0.258519,0.0404216,0.0477519,0.00765448,0.00699614,0.483727,0.0382067,-6.42153,2.02845,20.662,0.331368,1.0321,-14.5612,-0.555556,-0.0384022,0.196215,9.79167,42.75,0,0,8.91667,12.5833,0,-9.70816,0.0001,-0.00309989,0.049723,1.87443,0.132675,48977,0.143548,73.2,-1.49418
3593,0.0598053,0.0888736,0.013936,0.013927,0.188316,0.0550824,0.825221,0.12196,0.048841,0.0219701,0.0425686,0.156475,0.0189465,0,0.226843,0.012163,3.37385,0.271097,0.300306,0.103535,0.510729,4.57653,0.671431,0.680282,0.530871,2.25512,0.0868692,0.152962,0.0181513,0.0181513,0,0,-0.00221773,0.193789,0.935479,0.259598,0.0403998,0.0478434,0.00670751,0.00629981,0.481674,0.0382086,-6.66071,2.11723,20.5455,0.33213,1.03551,-14.73,-0.555556,-0.0402308,0.215103,8.5,40.25,0,0,10.2917,13.875,0,-9.70361,0.0001,-0.00158053,0.054256,1.77408,0.128459,51669,0.143621,75.03,-1.41952
3594,0.0593406,0.0885566,0.0139701,0.0139451,0.186921,0.0547892,0.824773,0.123865,0.0488632,0.0217469,0.0425294,0.156073,0.018775,0,0.226246,0.01234,3.37297,0.272495,0.300177,0.102803,0.509079,4.60013,0.673933,0.679705,0.529257,2.22951,0.0877315,0.152104,0.0208871,0.0208871,0,0,-0.00218035,0.197163,0.935296,0.262098,0.0402966,0.0478195,0.00780443,0.00705965,0.482052,0.0381494,-6.57404,2.09732,20.3795,0.333174,1.02609,-14.7792,-0.555556,-0.0399844,0.214139,8.79167,38.2917,0,0,9.54167,12.75,0,-9.69738,0.0001,0.00342857,0.0541864,1.728,0.130008,52908,0.143703,74.43,-1.30643
3595,0.0630235,0.0958354,0.0139245,0.0139245,0.19299,0.0592742,0.827649,0.132937,0.0486792,0.0220806,0.0422929,0.157161,0.0189557,0,0.2284,0.0135373,3.37628,0.268886,0.300595,0.103329,0.51741,4.60666,0.674579,0.68067,0.528048,2.23364,0.0919872,0.153502,0.0258201,0.0258201,0,0,-0.00223791,0.191354,0.936573,0.267315,0.0400207,0.0475843,0.00706132,0.00651628,0.482411,0.0378605,-6.45231,2.34338,20.5265,0.3306,1.02125,-14.885,-0.555556,-0.0412718,0.231754,8.20833,40.0417,0,0,10.4583,13.4583,0,-9.69143,0.0001,-0.000960358,0.0557058,1.87318,0.131773,49030,0.143743,74.57,-1.24153
3596,0.0674609,0.101829,0.0138522,0.0138449,0.199604,0.06302,0.826012,0.139917,0.0484548,0.0224886,0.0420215,0.158801,0.0189957,0,0.23135,0.0144362,3.37975,0.264742,0.30024,0.103832,0.529839,4.64883,0.681134,0.68257,0.516902,2.18467,0.0965497,0.15428,0.0247757,0.0247757,0,0,-0.00224336,0.187898,0.937481,0.273998,0.0396399,0.0473155,0.0079131,0.00700404,0.483638,0.0375088,-6.1195,2.32763,20.5249,0.331106,1.03221,-14.8852,-0.555556,-0.0428777,0.246552,7.66667,37.4167,0,0,11.125,13.25,0,-9.69135,0.0001,-0.00201547,0.0562451,1.69123,0.135093,53826,0.143745,74.99,-1.25246
3597,0.0681064,0.103091,0.0137714,0.0137714,0.200443,0.0637324,0.825627,0.144817,0.0477763,0.0227415,0.0414268,0.158798,0.0189322,0,0.231962,0.0151358,3.38597,0.264418,0.300595,0.102959,0.52981,4.66505,0.682077,0.683851,0.516079,2.17194,0.10073,0.154366,0.0259541,0.0259541,0,0,-0.00227327,0.185416,0.938917,0.279892,0.0389452,0.0465868,0.00772208,0.00691551,0.483635,0.0368718,-6.00565,2.20562,20.373,0.330655,1.02969,-14.9419,-0.555556,-0.0431919,0.250251,7.33333,37.3333,0,0,10.7083,14.2917,0,-9.69054,0.0001,4.71469e-05,0.0584322,1.92762,0.135355,47651,0.143777,74.78,-1.21373
3598,0.0739201,0.112562,0.0136739,0.0136739,0.209399,0.0694999,0.826671,0.157289,0.0475989,0.0235064,0.0412465,0.15971,0.0190027,0,0.233525,0.0167362,3.38604,0.25934,0.300219,0.104037,0.543896,4.71147,0.688546,0.686038,0.508697,2.12618,0.107457,0.154662,0.0367903,0.0367903,0,0,-0.00244085,0.17327,0.939303,0.287881,0.0385075,0.046278,0.00768769,0.00674744,0.478636,0.0364364,-6.05827,2.1746,20.3667,0.328543,1.02815,-14.9381,-0.555556,-0.0452899,0.274284,7.91667,37.5,0,0,12.25,15.2083,0,-9.68945,0.0001,0.0021614,0.0621014,1.70386,0.126261,53714,0.143766,74.52,-1.26116
3599,0.0778492,0.11801,0.0136955,0.0136844,0.212812,0.0733368,0.826936,0.160627,0.0470035,0.0236486,0.0407131,0.162131,0.0192765,0,0.236034,0.0168388,3.37748,0.26069,0.30031,0.104493,0.544319,4.72338,0.690624,0.685498,0.507655,2.109,0.110003,0.156787,0.0283838,0.0283838,0,0,-0.00231926,0.178435,0.939734,0.293309,0.038109,0.0457935,0.00846397,0.007348,0.487366,0.0360826,-5.63984,2.02118,20.2772,0.33018,1.03563,-14.8182,-0.555556,-0.0458614,0.287935,9.125,37.2917,0,0,12.9167,13.2917,0,-9.68881,0.0001,0.0013456,0.0598701,1.73511,0.150574,52131,0.143791,75.7,-1.20035
3600,0.0774147,0.118553,0.013687,0.0136787,0.214151,0.0733025,0.828082,0.165025,0.0469995,0.0233176,0.0406571,0.161512,0.0186621,0,0.234909,0.0177553,3.37653,0.260062,0.300239,0.104065,0.546732,4.75141,0.694517,0.685595,0.502791,2.07887,0.11304,0.156057,0.028886,0.028886,0,0,-0.00238413,0.185313,0.941166,0.297645,0.0378634,0.0456198,0.00869874,0.00749887,0.491777,0.0359333,-5.36045,2.19474,20.1348,0.328705,1.0245,-14.98,-0.555556,-0.0463508,0.290227,8.625,34.5833,0,0,13.5,14.4583,0,-9.68534,0.0001,0.00357699,0.0607253,1.71334,0.170476,52183,0.143839,75.84,-1.03613
3601,0.079056,0.120124,0.0136338,0.0136225,0.219236,0.0746471,0.826765,0.165789,0.0465329,0.0252406,0.0400782,0.159469,0.0188362,0,0.232008,0.0173353,3.43033,0.256844,0.29846,0.105093,0.559501,4.82434,0.706469,0.687027,0.486512,2.00261,0.114245,0.153578,0.0239745,0.0239745,0,0,-0.00236578,0.1766,0.942319,0.309177,0.0372024,0.0452542,0.00881576,0.00746927,0.496715,0.03534,-5.23766,1.69907,19.8209,0.337876,1.02563,-14.7833,-0.555556,-0.0472922,0.292867,8.33333,37,0,0,12.6667,15.9583,0,-9.68357,0.0001,-0.000928922,0.0606001,1.7954,0.134896,50927,0.143835,74.81,-1.18708
3602,0.0795687,0.121596,0.0135662,0.0135662,0.218574,0.0755934,0.826277,0.169435,0.0469969,0.0246348,0.0404607,0.160866,0.0188986,0,0.234155,0.0180769,3.42096,0.257298,0.300353,0.104597,0.559393,4.81723,0.706158,0.688384,0.487162,2.00519,0.113794,0.15495,0.0286828,0.0286828,0,0,-0.00249461,0.181658,0.941463,0.304627,0.0374788,0.0456446,0.00838597,0.00710389,0.495126,0.0355715,-5.24901,1.72398,20.0263,0.337746,1.03662,-14.8653,-0.555556,-0.0471719,0.297242,9.79167,36.3333,0,0,12.7917,13.5,0,-9.68328,0.0001,0.00376584,0.0618384,1.76593,0.139626,51588,0.143835,75.71,-1.04816
3603,0.0836733,0.126848,0.0135786,0.0135689,0.225383,0.0793397,0.827301,0.168946,0.0461764,0.025207,0.0397196,0.165125,0.0187639,0,0.238511,0.0177503,3.43329,0.254052,0.30062,0.105224,0.562625,4.85616,0.711105,0.687963,0.479631,1.95513,0.115076,0.158238,0.0305977,0.0305977,0,0,-0.00242171,0.177954,0.943607,0.313939,0.0367409,0.0447507,0.00944066,0.00787655,0.502973,0.0349466,-4.49365,1.8972,19.8707,0.335762,1.03736,-14.9537,-0.555556,-0.0484592,0.310029,10.5417,36.1667,0,0,13.375,15.2917,0,-9.68128,0.0001,-0.00160569,0.0617824,1.83893,0.1301,49925,0.143836,76.38,-0.955973
3604,0.0856303,0.130633,0.013508,0.013508,0.226684,0.0815796,0.826749,0.176638,0.0464353,0.0249888,0.0399076,0.162666,0.0189676,0,0.237117,0.0189398,3.44878,0.249827,0.300945,0.105682,0.566877,4.86719,0.712821,0.68971,0.477403,1.95526,0.119252,0.156049,0.0311267,0.0311267,0,0,-0.00253844,0.173135,0.942398,0.31415,0.0367708,0.0449535,0.00877505,0.00733565,0.495993,0.0349385,-4.86945,1.71743,19.8566,0.337597,1.04164,-14.9339,-0.555556,-0.0489333,0.319633,9.41667,36.2083,0,0,14.1667,14.6667,0,-9.67863,0.0001,-0.00218498,0.0643251,1.73586,0.134771,52551,0.143861,75.68,-0.952437
3605,0.0876889,0.134114,0.0134597,0.0134597,0.228088,0.0831657,0.827186,0.185324,0.0460447,0.025553,0.0395939,0.164342,0.0191082,0,0.239381,0.0203626,3.4066,0.248168,0.300773,0.104897,0.573257,4.87743,0.713799,0.690776,0.477685,1.94281,0.124295,0.157575,0.0408517,0.0408517,0,0,-0.00253177,0.17156,0.942891,0.319073,0.0364776,0.0445991,0.00905805,0.00750129,0.498467,0.0346582,-4.72482,1.67857,19.842,0.339305,1.02813,-14.8692,-0.555556,-0.0494901,0.327728,9.625,35.875,0,0,12.5417,14.625,0,-9.6769,0.0001,-0.00137303,0.0723361,1.74141,0.129911,52531,0.143856,76.48,-0.957846
3606,0.0903874,0.138483,0.0133528,0.0133528,0.23121,0.0858306,0.826476,0.188611,0.0455704,0.0263908,0.039187,0.161652,0.0195148,0,0.237768,0.0206955,3.41691,0.248929,0.299052,0.105181,0.579625,4.89593,0.716816,0.692862,0.476939,1.92652,0.126528,0.155227,0.0401847,0.0401847,0,0,-0.00263889,0.167692,0.94356,0.322267,0.0360853,0.0441774,0.00805878,0.00682172,0.496446,0.0342745,-4.86116,1.17421,19.7333,0.341185,1.03731,-14.7304,-0.555556,-0.0503083,0.338349,8.91667,37.25,0,0,13.6667,15.5417,0,-9.67681,0.0001,0.00648212,0.0662034,1.88885,0.133766,48602,0.143846,76.53,-1.11938
3607,0.098041,0.150891,0.0132859,0.0132602,0.240943,0.0933841,0.82551,0.20112,0.0454071,0.0270684,0.039048,0.164646,0.019462,0,0.243407,0.0224815,3.40513,0.244788,0.299802,0.104148,0.583046,4.90269,0.716809,0.694322,0.475177,1.9243,0.13382,0.158205,0.0527849,0.0527849,0,0,-0.00268229,0.163614,0.944213,0.3278,0.0357971,0.0439408,0.00840958,0.00713055,0.502729,0.0339324,-4.70449,1.34736,19.8325,0.338176,1.028,-14.771,-0.555556,-0.0526229,0.368149,8.45833,35.375,0,0,13.6667,14.2917,0,-9.67604,0.0001,-0.0012209,0.0645675,1.73036,0.128831,52874,0.143851,76.99,-0.790509
3608,0.102707,0.156985,0.013288,0.0132806,0.245187,0.0974403,0.822793,0.206797,0.0453903,0.0281907,0.0389967,0.166871,0.0197049,0,0.246033,0.0229245,3.4126,0.242196,0.301266,0.105306,0.589148,4.9166,0.719639,0.694421,0.472053,1.90188,0.137803,0.160053,0.042736,0.042736,0,0,-0.00272213,0.155416,0.943584,0.329399,0.0357028,0.0439746,0.00831673,0.00694468,0.501145,0.0337968,-4.7866,1.08363,19.8699,0.339622,1.04801,-14.5285,-0.555556,-0.053472,0.380652,8.875,37.625,0,0,13.6667,14.75,0,-9.67286,0.0001,0.00400546,0.0629144,1.85777,0.128258,49497,0.14392,75.09,-0.921189
3609,0.100888,0.155022,0.0133216,0.0133047,0.245027,0.0959473,0.823556,0.205124,0.045034,0.0272462,0.0388032,0.165835,0.0195337,0,0.245189,0.0231073,3.38861,0.241983,0.29986,0.103905,0.589092,4.89686,0.716172,0.693718,0.47906,1.92543,0.136184,0.159506,0.0501744,0.0501744,0,0,-0.00273497,0.156873,0.943718,0.328559,0.0355342,0.0435785,0.00807412,0.00677748,0.497978,0.0336557,-4.8968,1.14426,19.7413,0.339068,1.0274,-14.6634,-0.555556,-0.0534585,0.375128,9.20833,36.375,0,0,13.7083,15.375,0,-9.66822,0.0001,7.01839e-05,0.0639434,1.72364,0.128713,53069,0.143951,78.09,-0.772466
3610,0.102574,0.157122,0.0132695,0.0132695,0.245519,0.097035,0.822599,0.207434,0.0451301,0.0272145,0.038835,0.166406,0.0196475,0,0.246157,0.0233857,3.39996,0.240712,0.299281,0.104594,0.589142,4.91045,0.717694,0.695054,0.475812,1.91528,0.138002,0.159963,0.0463458,0.0463458,0,0,-0.00276743,0.159248,0.944198,0.328757,0.0355335,0.0436196,0.00801397,0.00671311,0.49836,0.033675,-4.82989,1.32008,19.9017,0.336692,1.04113,-14.7358,-0.555556,-0.0536644,0.380196,8,35.375,0,0,14.0417,15.1667,0,-9.66801,0.0001,-3.24072e-05,0.0666158,1.71157,0.138589,53132,0.143972,77.56,-0.725478
3611,0.114006,0.174075,0.0131208,0.0131036,0.26011,0.107884,0.820077,0.223386,0.0443896,0.0286191,0.0380832,0.169041,0.0197791,0,0.251241,0.0250306,3.44939,0.232743,0.301224,0.105306,0.607222,4.99632,0.729836,0.698101,0.462056,1.82905,0.148342,0.161838,0.0449919,0.0449919,0,0,-0.00292912,0.148521,0.946003,0.34381,0.0345001,0.0427918,0.00786104,0.00640582,0.497413,0.0327298,-4.57262,0.90628,19.6051,0.339836,1.04038,-14.6961,-0.555556,-0.0570708,0.420634,7.04167,31.8333,0,0,14.6667,15.2083,0,-9.66779,0.0001,0.00451331,0.0676308,1.8886,0.131413,48665,0.144018,79.1,-0.641242
3612,0.111274,0.173265,0.0130558,0.0130237,0.260583,0.106454,0.822423,0.229952,0.0438026,0.0293731,0.0376806,0.166886,0.0200271,0,0.249785,0.0267127,3.36844,0.232818,0.298733,0.102952,0.612607,4.9922,0.729107,0.699568,0.464732,1.84454,0.150854,0.160279,0.0666219,0.0666219,0,0,-0.00295367,0.144111,0.945881,0.350398,0.0341381,0.0422018,0.00782729,0.00651432,0.50159,0.0323387,-4.63868,0.770617,19.5787,0.345971,1.03204,-14.5292,-0.555556,-0.0575517,0.421368,8.125,35.4167,0,0,14.25,16.8333,0,-9.66654,0.0001,0.00390873,0.0668371,1.70406,0.133534,53496,0.144029,78.22,-0.634942
3613,0.117869,0.183686,0.0130448,0.0129953,0.267231,0.113023,0.82254,0.241154,0.0432819,0.030369,0.0371435,0.170101,0.0201901,0,0.253873,0.027947,3.36498,0.235201,0.300786,0.103251,0.616697,5.01807,0.732888,0.69972,0.460269,1.82043,0.156844,0.163023,0.0784747,0.0784747,0,0,-0.00291862,0.14714,0.946741,0.358945,0.0336747,0.0417454,0.00856494,0.00710053,0.509679,0.0319231,-4.22432,0.504174,19.4558,0.347197,1.03035,-14.395,-0.555556,-0.0589956,0.446418,7.875,35.75,0,0,14.5833,16.125,0,-9.66549,0.0001,0.000935977,0.0694478,1.84037,0.158628,49176,0.144072,78.21,-0.496335
3614,0.11929,0.185053,0.013092,0.0130579,0.271093,0.113568,0.824266,0.244852,0.0427962,0.0304839,0.036781,0.167166,0.0207919,0,0.251344,0.0288018,3.33898,0.235355,0.299477,0.103106,0.621469,5.01996,0.733485,0.698915,0.460762,1.81715,0.159754,0.161124,0.0695334,0.0695334,0,0,-0.00297298,0.142462,0.945874,0.363336,0.0333469,0.0413288,0.00740039,0.00628887,0.502312,0.0315587,-4.57523,0.0849493,19.2115,0.355393,1.02246,-14.1242,-0.555556,-0.0599352,0.450469,6.95833,32.9583,0,0,12.2083,15.5833,0,-9.66321,0.0001,0.00608528,0.0716077,1.7065,0.131042,53497,0.144099,78.36,-0.439407
3615,0.119011,0.185081,0.013121,0.0130465,0.272941,0.113762,0.826892,0.244679,0.0423059,0.0310046,0.0363646,0.166947,0.0213414,0,0.251263,0.0292296,3.3092,0.238505,0.298793,0.101703,0.620019,5.02766,0.735503,0.698185,0.460874,1.80934,0.159212,0.16125,0.0799912,0.0799912,0,0,-0.00306288,0.144644,0.94523,0.365443,0.0329698,0.0408924,0.00721253,0.00617761,0.50103,0.0311479,-4.56038,-0.464837,19.0426,0.359827,1.03301,-13.8242,-0.555556,-0.0601285,0.451466,6.375,34.7083,0,0,11.7917,15.4583,0,-9.66429,0.0001,-0.00265423,0.06741,1.70922,0.127007,53535,0.144063,77.92,-0.554991
3616,0.124034,0.193322,0.0130034,0.0129124,0.280463,0.11825,0.824836,0.252355,0.0419715,0.0318415,0.0359796,0.170774,0.0212516,0,0.257586,0.0303482,3.32332,0.234525,0.300151,0.101544,0.633379,5.07209,0.741247,0.700834,0.451605,1.76871,0.163551,0.164346,0.0859769,0.0859769,0,0,-0.00311212,0.140371,0.946977,0.37679,0.0324065,0.0404924,0.00791069,0.00659186,0.50407,0.0306184,-4.21525,-0.249486,19.1144,0.35859,1.03349,-13.9261,-0.555556,-0.0621405,0.472663,7.375,35.5417,0,0,12.2083,16.625,0,-9.66904,0.0001,-0.00155542,0.0698996,1.85698,0.133312,49391,0.143978,79.67,-0.544948
3617,0.127316,0.198609,0.0130207,0.0128676,0.283609,0.121321,0.825825,0.256344,0.0424493,0.0306016,0.0364063,0.171316,0.0209203,0,0.259457,0.031008,3.29581,0.23335,0.300885,0.101735,0.630425,5.05179,0.737797,0.700472,0.455412,1.78441,0.165863,0.165042,0.0998221,0.0998221,0,0,-0.0030959,0.137698,0.946068,0.372759,0.0327689,0.0408903,0.0074231,0.00622013,0.494685,0.030959,-4.45602,0.113455,19.2467,0.352716,1.03255,-14.2164,-0.555556,-0.0629749,0.485581,7.625,33.5417,0,0,13.1667,16.8333,0,-9.67278,0.0001,0.000684812,0.0753465,1.71443,0.1336,53193,0.14396,77.68,-0.461639
3618,0.132071,0.205498,0.0129173,0.0128549,0.290156,0.125705,0.823784,0.264784,0.0421443,0.0314808,0.0361532,0.173123,0.020983,0,0.262629,0.032108,3.30909,0.228343,0.299507,0.102089,0.64072,5.06922,0.73961,0.702627,0.452426,1.76597,0.170748,0.166589,0.101005,0.101005,0,0,-0.00312954,0.130735,0.946933,0.377768,0.0323821,0.0405487,0.0072813,0.00608016,0.494805,0.0305725,-4.33221,0.198883,19.352,0.349758,1.0371,-14.2495,-0.555556,-0.0645144,0.501881,6.66667,33.1667,0,0,12.4167,15.7083,0,-9.67379,0.0001,-0.000730335,0.0706186,1.82888,0.231877,47702,0.143945,79.26,-0.397217
3619,0.137657,0.215654,0.0128274,0.0127063,0.299432,0.13189,0.824412,0.274537,0.0414199,0.0322036,0.0354386,0.173586,0.0216125,0,0.265099,0.0335389,3.29041,0.225579,0.299962,0.101564,0.655068,5.1228,0.747722,0.704773,0.44196,1.72086,0.176901,0.16742,0.10126,0.10126,0,0,-0.00323237,0.128957,0.948223,0.3939,0.0315829,0.0397805,0.00708254,0.00590482,0.49691,0.0297821,-4.04117,-0.0273455,19.2481,0.354294,1.03173,-14.0846,-0.555556,-0.066763,0.529077,8,35.375,0,0,15.0417,16.8333,0,-9.67689,0.0001,0.00151764,0.0703781,1.77233,0.12984,51679,0.143919,80.58,-0.0079425
3620,0.137314,0.215997,0.0127896,0.0126458,0.300912,0.132009,0.824489,0.279457,0.0415353,0.0327036,0.0354741,0.174382,0.0214542,0,0.265732,0.0342082,3.28268,0.221812,0.298659,0.101616,0.659617,5.14928,0.752393,0.705454,0.436078,1.68887,0.178404,0.167514,0.106817,0.106817,0,0,-0.00320781,0.128844,0.948268,0.396805,0.0316292,0.039903,0.00797648,0.00650074,0.501842,0.0298334,-3.715,-0.0170986,19.2022,0.356525,1.02996,-14.1364,-0.555556,-0.0671974,0.530548,7.66667,34.1667,0,0,12.7083,16.375,0,-9.678,0.0001,0.00146482,0.0727628,1.72898,0.129441,52896,0.14393,80.3,-0.284457
3621,0.140713,0.22131,0.0127045,0.0125292,0.306532,0.134979,0.823275,0.288168,0.0408271,0.0333031,0.0348405,0.173827,0.0218675,0,0.266898,0.0357952,3.29365,0.218632,0.301154,0.101297,0.667266,5.19065,0.758764,0.707397,0.43024,1.65883,0.184268,0.167325,0.115799,0.115799,0,0,-0.00333509,0.12434,0.949174,0.406263,0.0308954,0.0392259,0.00725724,0.00594393,0.500553,0.029155,-3.83671,-0.572465,18.8945,0.362437,1.03401,-13.968,-0.555556,-0.0686621,0.542386,7.95833,33.8333,0,0,14.0833,16.75,0,-9.67874,0.0001,0.00858949,0.073322,1.87599,0.130825,48985,0.14392,78.85,-0.27427
3622,0.140899,0.222093,0.0127457,0.0125721,0.305953,0.135078,0.821741,0.287397,0.040923,0.0332129,0.0349039,0.173896,0.0217634,0,0.266693,0.0357456,3.29603,0.217768,0.30067,0.10221,0.664428,5.18182,0.75749,0.706638,0.429927,1.6507,0.18339,0.167398,0.114499,0.114499,0,0,-0.00332118,0.124887,0.948871,0.408863,0.0309356,0.0392809,0.0074781,0.00608308,0.502042,0.0291865,-3.71221,-0.385129,18.9441,0.362321,1.03352,-13.9534,-0.555556,-0.0686528,0.542986,6.625,32.2917,0,0,12.8333,16.2917,0,-9.67912,0.0001,-0.00103835,0.0677876,1.74532,0.131045,52390,0.143924,79.75,-0.400318
3623,0.145755,0.230634,0.0126434,0.0124159,0.310812,0.140255,0.820694,0.300815,0.0400867,0.0346158,0.0342464,0.173447,0.0219683,0,0.267306,0.038031,3.27269,0.215602,0.298385,0.100728,0.676069,5.22823,0.764445,0.708831,0.425104,1.61836,0.191007,0.166878,0.128536,0.128536,0,0,-0.00337899,0.120714,0.949766,0.417569,0.0302882,0.0384893,0.0076597,0.00623429,0.509143,0.0285643,-3.54472,-0.890905,18.6866,0.368382,1.02204,-13.7417,-0.555556,-0.069942,0.562586,8.08333,33.625,0,0,13.875,17.4583,0,-9.67839,0.0001,-0.000147968,0.070307,1.74482,0.176729,51158,0.143923,80.15,-0.322459
3624,0.150889,0.240986,0.0125111,0.0122277,0.320459,0.145421,0.818403,0.318933,0.0389152,0.0366987,0.0332428,0.17481,0.0224311,0,0.272219,0.0408244,3.24338,0.212453,0.300258,0.100007,0.690827,5.27572,0.77143,0.711892,0.415597,1.57684,0.199297,0.168471,0.163069,0.163069,0,0,-0.00349079,0.116475,0.949938,0.435628,0.029231,0.0373823,0.00728052,0.00589145,0.508527,0.0275435,-3.5928,-1.67212,18.3038,0.37868,1.01859,-13.33,-0.555556,-0.0726528,0.588137,7.16667,34.4167,0,0,12.2083,16.625,0,-9.68046,0.0001,-0.000630638,0.0687528,1.75677,0.142272,51765,0.143868,80.78,-0.145763
3625,0.150135,0.238841,0.0126189,0.0123605,0.322413,0.145559,0.817518,0.307436,0.039294,0.0364428,0.0335142,0.174782,0.0224968,0,0.270873,0.0387383,3.23481,0.211818,0.298973,0.10109,0.691198,5.25889,0.768779,0.709351,0.419456,1.58666,0.193488,0.168886,0.138321,0.138321,0,0,-0.00353021,0.111011,0.949417,0.43053,0.0294735,0.0378051,0.00682015,0.00560774,0.505118,0.0276691,-3.66264,-1.62137,18.4946,0.37661,1.03096,-13.2349,-0.555556,-0.0724574,0.579331,6,33.9167,0,0,11.8333,15.7917,0,-9.68412,0.0001,-0.000380547,0.0716582,1.76517,0.129619,51881,0.143867,79.51,-0.470886
3626,0.157366,0.251071,0.0125969,0.0123474,0.331547,0.152366,0.81817,0.320668,0.0390438,0.0363261,0.03329,0.179473,0.0224039,0,0.278466,0.0411755,3.22238,0.208672,0.300579,0.10014,0.698379,5.28286,0.771788,0.710043,0.415584,1.56063,0.201118,0.173151,0.154168,0.154168,0,0,-0.0034828,0.109725,0.950487,0.43525,0.0292511,0.0374696,0.00744134,0.0059972,0.506405,0.0275096,-3.35749,-1.45416,18.3863,0.378346,1.02064,-13.4333,-0.555556,-0.0748244,0.610737,7.29167,34.375,0,0,12.25,17.7083,0,-9.68139,0.0001,3.28671e-05,0.0691508,1.92057,0.130211,47934,0.143895,81.87,-0.08726
3627,0.15765,0.252258,0.0125645,0.0122431,0.334323,0.152741,0.817244,0.319564,0.0391273,0.0357366,0.0333454,0.180275,0.0224022,0,0.280191,0.0408997,3.24004,0.207114,0.300591,0.0999767,0.697239,5.27748,0.770837,0.710567,0.413477,1.56815,0.199566,0.17402,0.162265,0.162265,0,0,-0.00347258,0.110297,0.95039,0.437912,0.0292204,0.0374898,0.00709457,0.00568279,0.501836,0.0275073,-3.32714,-1.23235,18.4309,0.376059,1.02039,-13.5876,-0.555556,-0.0755082,0.61168,6.5,32.0417,0,0,12.8333,16.3333,0,-9.6808,0.0001,-0.00172286,0.0652361,1.76866,0.132937,51695,0.143873,79.38,-0.297638
3628,0.160263,0.256744,0.0124951,0.0120696,0.335914,0.15553,0.817049,0.326671,0.0391964,0.0356135,0.03336,0.180205,0.0224104,0,0.280349,0.042009,3.23346,0.207289,0.299488,0.10048,0.704523,5.28961,0.773001,0.712239,0.414638,1.56428,0.204323,0.173734,0.168615,0.168615,0,0,-0.00343778,0.109587,0.950595,0.435457,0.0293108,0.0376452,0.0075639,0.00601155,0.502291,0.0275643,-3.39102,-1.29031,18.5599,0.375924,1.02999,-13.5266,-0.555556,-0.0760583,0.624456,6.58333,33.1667,0,0,13.5417,16.9583,0,-9.68334,0.0001,-0.000235165,0.065473,1.73746,0.215231,50342,0.14384,78.89,0.0705014
3629,0.166518,0.267026,0.0124743,0.0120909,0.342547,0.161855,0.815879,0.332799,0.039203,0.0356731,0.0333692,0.18243,0.0224415,0,0.284202,0.043095,3.25348,0.206128,0.299607,0.100325,0.707971,5.30341,0.774794,0.712681,0.413133,1.54226,0.207601,0.175761,0.172111,0.172111,0,0,-0.00347314,0.105982,0.951198,0.439019,0.0291866,0.0375624,0.00732587,0.00578823,0.500054,0.0274728,-3.37891,-1.10345,18.5848,0.371789,1.02845,-13.7246,-0.555556,-0.0775327,0.647875,6.625,31.8333,0,0,13.5,16.625,0,-9.68525,0.0001,0.00207355,0.064392,1.80902,0.134,50593,0.143816,81.67,0.307813
3630,0.169435,0.272269,0.0123902,0.0120658,0.347011,0.164057,0.814305,0.346286,0.038776,0.0364899,0.0329567,0.181765,0.0223142,0,0.284274,0.0451471,3.23865,0.200715,0.298325,0.100146,0.717869,5.33743,0.78029,0.71464,0.406594,1.50866,0.214411,0.174828,0.177519,0.177519,0,0,-0.00349129,0.101166,0.951895,0.44748,0.0287425,0.0371345,0.00760897,0.00599706,0.507775,0.0270659,-3.09556,-1.29748,18.4634,0.375471,1.02509,-13.6398,-0.555556,-0.0790016,0.660281,7.08333,32.25,0,0,14.0417,17.6667,0,-9.68683,0.0001,-2.80147e-05,0.0691818,1.73457,0.134581,52592,0.143825,80.89,0.0800106
3631,0.171459,0.275718,0.0124443,0.0119755,0.348479,0.166708,0.813204,0.337398,0.039291,0.0354648,0.0333375,0.184025,0.0222502,0,0.286971,0.0435307,3.24594,0.203452,0.29843,0.101116,0.715679,5.31748,0.777603,0.713313,0.410179,1.52289,0.210608,0.177284,0.170442,0.170442,0,0,-0.00345309,0.103546,0.951631,0.441605,0.0291118,0.0376299,0.00760295,0.00599087,0.50423,0.0273965,-3.06289,-0.91246,18.7446,0.368717,1.0333,-13.8007,-0.555556,-0.0789717,0.665081,7.5,33.4583,0,0,14.5417,16.5417,0,-9.68611,0.0001,-0.000907793,0.0688334,2.01239,0.134184,45795,0.143835,81.01,0.189706
3632,0.173536,0.277734,0.0124885,0.0119408,0.353407,0.168429,0.815237,0.339249,0.0383586,0.036948,0.0326509,0.185,0.0223709,0,0.287512,0.0440362,3.23653,0.20329,0.299693,0.0996174,0.719832,5.33375,0.779561,0.712334,0.409277,1.51702,0.212275,0.178167,0.183593,0.183593,0,0,-0.0034773,0.100571,0.951718,0.449387,0.0285336,0.0368365,0.00764344,0.00602898,0.507404,0.026819,-3.04568,-1.60734,18.3402,0.379339,1.02388,-13.3992,-0.555556,-0.0798283,0.672558,6.66667,32.0417,0,0,12.875,16.625,0,-9.68574,0.0001,0.00123993,0.0661407,1.74213,0.139156,52253,0.143822,80.7,-0.0128874
3633,0.176461,0.28412,0.0124168,0.0119063,0.35816,0.171277,0.809651,0.34855,0.0389859,0.03558,0.0329984,0.188166,0.0222099,0,0.293729,0.0453566,3.22509,0.198135,0.299711,0.100315,0.723477,5.35125,0.781384,0.714037,0.404424,1.49092,0.215809,0.18097,0.1943,0.1943,0,0,-0.00344121,0.0996863,0.952817,0.45344,0.0286935,0.037251,0.0079078,0.00620685,0.505025,0.0270157,-2.66733,-0.677116,18.7345,0.367407,1.03179,-13.9421,-0.555556,-0.0814695,0.681932,6.625,32.0417,0,0,15.625,16.8333,0,-9.68568,0.0001,-0.000482431,0.0616677,1.80174,0.169926,49858,0.143811,82.37,0.232235
3634,0.181926,0.294866,0.012312,0.0117701,0.36228,0.177249,0.810444,0.360518,0.0384926,0.0359875,0.0325995,0.187206,0.0220902,0,0.294323,0.0476567,3.21822,0.195126,0.299721,0.0997183,0.73193,5.37755,0.785656,0.716381,0.399437,1.46845,0.222896,0.180091,0.210298,0.210298,0,0,-0.00352015,0.0989033,0.953354,0.462305,0.0281894,0.0367438,0.00755966,0.00588814,0.504048,0.0265336,-2.76154,-0.977058,18.5174,0.373073,1.02169,-13.8434,-0.555556,-0.0828295,0.710269,6.70833,32.3333,0,0,15.4583,17.9167,0,-9.68781,0.0001,0.000717431,0.0673552,1.76829,0.132051,51729,0.14377,81.18,0.26207
3635,0.184487,0.29893,0.0123719,0.011759,0.374453,0.179817,0.810435,0.360655,0.0381412,0.0363856,0.0322603,0.189438,0.0220893,0,0.297364,0.0475563,3.21606,0.194399,0.300021,0.0996655,0.739137,5.39459,0.787679,0.715054,0.396449,1.45277,0.222297,0.182473,0.207547,0.207547,0,0,-0.00352137,0.0926166,0.953294,0.469138,0.0278399,0.0364429,0.00735365,0.00572533,0.504774,0.0261855,-2.8603,-1.20008,18.4104,0.376482,1.02711,-13.681,-0.555556,-0.085317,0.71934,6.875,31.625,0,0,14.5417,18,0,-9.69384,0.0001,0.000930637,0.0650631,1.74294,0.13236,52420,0.143698,81.79,0.362575
3636,0.18496,0.300372,0.0123588,0.0117096,0.371601,0.180665,0.810069,0.365983,0.0372562,0.0378093,0.0316018,0.185861,0.0225906,0,0.293235,0.0485585,3.21946,0.196191,0.29737,0.098719,0.745072,5.41784,0.791128,0.715419,0.395574,1.44278,0.22542,0.179599,0.220983,0.220983,0,0,-0.00361261,0.0934851,0.952387,0.474936,0.0273009,0.0357136,0.00707807,0.00551809,0.502839,0.0256028,-3.05617,-2.09903,18.0236,0.388004,1.01759,-13.1686,-0.555556,-0.084758,0.723553,5.95833,31.0833,0,0,13.25,17.0833,0,-9.69952,0.0001,0.000273652,0.0658049,1.88302,0.134198,48732,0.143676,81.99,0.337946
3637,0.189736,0.308244,0.0123086,0.0114851,0.377465,0.184746,0.808838,0.374528,0.0368828,0.0377839,0.0313572,0.188789,0.0222466,0,0.299371,0.0503033,3.19973,0.193784,0.300246,0.0976038,0.74689,5.42989,0.792584,0.716483,0.395116,1.43122,0.230314,0.182721,0.236872,0.236872,0,0,-0.003624,0.0918224,0.953004,0.478286,0.0270556,0.0352753,0.00691281,0.00534454,0.501179,0.0254254,-3.10584,-2.10295,17.8481,0.390045,1.00714,-13.2261,-0.555556,-0.0864651,0.738704,5.75,29.9167,0,0,12.7917,17.125,0,-9.70003,0.0001,0.00117926,0.0611772,1.74,0.129966,52570,0.143695,82.37,0.349812
3638,0.191581,0.311922,0.0123195,0.011502,0.380993,0.186913,0.804038,0.37705,0.0372058,0.0374425,0.0315864,0.190551,0.0221972,0,0.301774,0.050801,3.22226,0.192364,0.299949,0.0984074,0.747009,5.41938,0.791981,0.716357,0.393649,1.44076,0.2306,0.184223,0.235105,0.235105,0,0,-0.00356187,0.0895088,0.952817,0.475702,0.0272982,0.0356112,0.00712601,0.00550909,0.502086,0.0256308,-2.96391,-1.82381,18.0821,0.38474,1.01719,-13.3595,-0.555556,-0.0873104,0.740852,7.25,33.4167,0,0,14.4583,17.4583,0,-9.7001,0.0001,-0.00182682,0.0564735,1.77229,0.204587,49726,0.143671,82.07,0.369789
3639,0.198226,0.323904,0.0122077,0.0114264,0.386259,0.193809,0.802314,0.384806,0.0374201,0.0370136,0.0317024,0.19193,0.0222535,0,0.306036,0.0518607,3.22249,0.189738,0.300876,0.0989599,0.753284,5.42617,0.792903,0.7188,0.392086,1.42981,0.234811,0.185805,0.240182,0.240182,0,0,-0.00357329,0.088904,0.953429,0.477006,0.0273155,0.0357573,0.00713134,0.00551675,0.503731,0.0256361,-2.91636,-1.54633,18.3104,0.379202,1.02126,-13.5241,-0.555556,-0.0888448,0.769283,6.58333,31.75,0,0,15.3333,16.125,0,-9.70458,0.0001,-0.0017478,0.0584195,1.78991,0.128181,51251,0.143588,83.24,0.455049
3640,0.202358,0.328865,0.0122143,0.0112271,0.389455,0.196627,0.800348,0.386691,0.0377571,0.0365968,0.0319739,0.192286,0.0218568,0,0.306587,0.0521945,3.22544,0.188293,0.299138,0.0988716,0.753314,5.40971,0.789657,0.718636,0.394765,1.45441,0.237261,0.186006,0.246288,0.246288,0,0,-0.00357077,0.0853526,0.953322,0.473481,0.0274706,0.036047,0.00684694,0.00525063,0.498065,0.0257802,-3.14728,-1.40101,18.4211,0.373695,1.02274,-13.6139,-0.555556,-0.0896706,0.778812,6.29167,29.8333,0,0,16.25,15.8333,0,-9.70914,0.0001,-0.000669079,0.0618642,1.75685,0.13475,51968,0.143557,81.43,0.448481
3641,0.199266,0.325082,0.0122512,0.0113732,0.384845,0.194575,0.799127,0.383014,0.037674,0.0368995,0.0319624,0.19212,0.0213783,0,0.305196,0.0516331,3.2258,0.18962,0.298822,0.098052,0.749433,5.4059,0.7888,0.717745,0.396714,1.44941,0.234515,0.185783,0.221903,0.221903,0,0,-0.00357046,0.0896806,0.953387,0.47002,0.0275448,0.0360089,0.00712254,0.005454,0.499228,0.0258522,-3.08952,-1.48868,18.3584,0.37582,1.0205,-13.5609,-0.555556,-0.0883624,0.765739,5.70833,31.625,0,0,15.2917,18.4583,0,-9.71037,0.0001,-0.000144634,0.0577812,1.98548,0.13429,46374,0.143519,84.84,0.741152
3642,0.202991,0.333742,0.0121749,0.0109527,0.39409,0.198948,0.797573,0.393459,0.0370843,0.0368629,0.0314142,0.194206,0.0212053,0,0.309971,0.0536886,3.21952,0.184169,0.300411,0.0979282,0.759256,5.45761,0.796345,0.719532,0.387164,1.40431,0.238464,0.187712,0.264489,0.264489,0,0,-0.00360314,0.0859662,0.954137,0.485743,0.0269342,0.0353448,0.00697707,0.00530712,0.501619,0.0253076,-2.88937,-1.41331,18.235,0.378945,1.01493,-13.6469,-0.555556,-0.0908694,0.786137,6.625,30.0833,0,0,15.625,17.75,0,-9.71215,0.0001,0.00183355,0.0577975,1.80594,0.136062,50619,0.143513,82.48,0.456626
3643,0.20455,0.333782,0.0122606,0.0112751,0.394466,0.199433,0.796447,0.392125,0.0376873,0.0355744,0.0318735,0.195237,0.0213071,0,0.310316,0.0533618,3.2139,0.18445,0.300299,0.098525,0.754655,5.43199,0.793587,0.717759,0.389828,1.43308,0.239389,0.188649,0.254404,0.254404,0,0,-0.00356478,0.0871837,0.954538,0.480316,0.0272708,0.0358814,0.00691087,0.00523199,0.497452,0.0256448,-2.95401,-1.02303,18.3773,0.371874,1.01224,-13.8345,-0.555556,-0.0906652,0.783458,6.125,27.4167,0,0,16.7083,18.125,0,-9.71401,0.0001,0.00343159,0.0617692,1.79781,0.212783,48892,0.143489,82.49,0.503635
3644,0.203496,0.332251,0.0122798,0.0113908,0.394535,0.198746,0.795239,0.389012,0.0377706,0.0361304,0.0319609,0.19532,0.0209147,0,0.310372,0.0526834,3.18828,0.185055,0.300052,0.0982779,0.754173,5.42263,0.792569,0.717225,0.391536,1.43042,0.237389,0.188983,0.242055,0.242055,0,0,-0.0035667,0.0856373,0.953894,0.479116,0.0273741,0.0359924,0.00675818,0.00514743,0.49546,0.0257171,-2.97693,-1.04276,18.4313,0.371957,1.01686,-13.7809,-0.555556,-0.0906312,0.777366,6.08333,29.7083,0,0,16.9583,16.9583,0,-9.71665,0.0001,-0.000932078,0.0573839,1.79619,0.126594,51125,0.143466,80.95,0.377524
3645,0.206537,0.336886,0.0122624,0.0110992,0.398873,0.201192,0.796088,0.388802,0.0378545,0.0354595,0.0319959,0.197403,0.0208018,0,0.314308,0.0528429,3.20839,0.184698,0.300298,0.0980092,0.755555,5.42393,0.792028,0.717568,0.39277,1.43634,0.237113,0.191292,0.25877,0.25877,0,0,-0.00357122,0.0864609,0.953739,0.478417,0.0274063,0.0360527,0.0064683,0.00485179,0.491077,0.0257172,-3.12591,-0.947605,18.5127,0.370502,1.01552,-13.8356,-0.555556,-0.0917099,0.789729,6.45833,29.9583,0,0,17.9583,17.7083,0,-9.71783,0.0001,0.00262489,0.0637561,1.79381,0.134031,50991,0.143456,81.06,0.411268
3646,0.206454,0.339142,0.0121984,0.0111251,0.397334,0.201901,0.792937,0.398442,0.037778,0.0352406,0.0319422,0.195789,0.0207179,0,0.312928,0.0543724,3.20174,0.18179,0.298844,0.0978557,0.759639,5.43712,0.793718,0.71909,0.390998,1.4229,0.241194,0.189396,0.268853,0.268853,0,0,-0.00355098,0.0847987,0.954552,0.482934,0.0273115,0.0358947,0.00672572,0.00507177,0.496812,0.0256993,-2.95143,-0.739443,18.4425,0.370041,1.0072,-14.0151,-0.555556,-0.091832,0.789732,6.29167,28.9167,0,0,16.8333,16.7083,0,-9.71814,0.0001,0.00128032,0.0583663,1.94919,0.129272,47296,0.143457,82.55,0.440567
3647,0.207864,0.34296,0.0121757,0.0109058,0.39674,0.203293,0.792257,0.398327,0.0377207,0.0358736,0.0319475,0.196945,0.0202151,0,0.315228,0.0546042,3.21994,0.179863,0.300742,0.0973389,0.756009,5.43695,0.793961,0.719622,0.389521,1.42909,0.241252,0.190412,0.276702,0.276702,0,0,-0.00355571,0.0862445,0.954772,0.480464,0.0273596,0.0358374,0.00697424,0.00527531,0.50142,0.0257439,-2.83057,-0.688353,18.4528,0.369955,1.00299,-14.0521,-0.555556,-0.0920127,0.798749,7.875,28.0833,0,0,17.6667,18.0833,0,-9.71816,0.0001,0.0030959,0.0590937,1.76678,0.130291,51818,0.14346,82.46,0.491611
3648,0.206001,0.338614,0.0121744,0.0109581,0.398754,0.201694,0.79555,0.399005,0.0374078,0.0356374,0.0316564,0.195572,0.0202265,0,0.312697,0.0548375,3.22003,0.180746,0.300161,0.0972381,0.761363,5.45495,0.797433,0.719556,0.385057,1.4092,0.241856,0.189313,0.278502,0.278502,0,0,-0.00360296,0.0856072,0.954154,0.485767,0.0270522,0.0355761,0.0063969,0.00474527,0.492593,0.025429,-3.17354,-1.10585,18.3124,0.37614,1.00749,-13.853,-0.555556,-0.0920935,0.793055,6.29167,30.125,0,0,17.5417,17.8333,0,-9.71843,0.0001,0.00227567,0.0561096,1.78353,0.248157,48385,0.143428,82.31,0.557393
3649,0.210413,0.345355,0.0121631,0.0107605,0.402189,0.205552,0.794103,0.399043,0.0369881,0.037035,0.0313518,0.195727,0.0202877,0,0.313854,0.0549439,3.21655,0.183312,0.299876,0.0964566,0.763343,5.45525,0.797671,0.719762,0.38639,1.41059,0.242444,0.18979,0.277878,0.277878,0,0,-0.00364709,0.0855316,0.953377,0.488181,0.0267851,0.0352457,0.00617696,0.00459143,0.49347,0.0251428,-3.24926,-1.62504,18.139,0.381942,1.00729,-13.5533,-0.555556,-0.0929307,0.804108,6.20833,31.0833,0,0,16.6667,16.2083,0,-9.72477,0.0001,-0.00131417,0.0573266,1.8517,0.130467,49594,0.143336,82.79,0.55658
3650,0.21504,0.35262,0.0121734,0.0107689,0.407378,0.209743,0.79185,0.406917,0.0369652,0.0358171,0.0313209,0.196522,0.020112,0,0.316613,0.0564897,3.20256,0.179717,0.299408,0.0963932,0.765037,5.45352,0.796879,0.719573,0.388295,1.41528,0.247162,0.191183,0.29523,0.29523,0,0,-0.00362694,0.0834128,0.954228,0.488437,0.0267988,0.035175,0.00619911,0.00466581,0.495454,0.0251662,-3.28858,-1.34252,18.2034,0.376963,1.00622,-13.7044,-0.555556,-0.0942687,0.819662,5.16667,27.125,0,0,15.6667,16.375,0,-9.73117,0.0001,0.00545612,0.0607629,1.75933,0.138909,51787,0.143283,83.94,0.691654
3651,0.214551,0.350554,0.0122365,0.0108811,0.408795,0.209094,0.791121,0.399569,0.0372962,0.0361316,0.0315587,0.198705,0.0200409,0,0.31858,0.0549697,3.19245,0.182859,0.299901,0.0967589,0.764544,5.44282,0.796217,0.718196,0.389989,1.417,0.243532,0.193147,0.274243,0.274243,0,0,-0.00362162,0.0842185,0.953403,0.485154,0.0269815,0.0355437,0.00598133,0.0044571,0.490894,0.0253011,-3.3312,-1.38059,18.2891,0.376403,1.01387,-13.6281,-0.555556,-0.0942462,0.812072,5.875,31.1667,0,0,17.5,16.9583,0,-9.73302,0.0001,0.000475108,0.058351,1.94598,0.132305,47300,0.143292,83.34,0.613525
3652,0.216088,0.354545,0.0121469,0.0105257,0.410291,0.210867,0.791291,0.405758,0.0365037,0.0372746,0.0309224,0.198728,0.0205553,0,0.320195,0.056423,3.21218,0.181632,0.299812,0.0968257,0.768089,5.46839,0.798483,0.720149,0.385648,1.40008,0.246337,0.193401,0.287084,0.287084,0,0,-0.00366323,0.0835022,0.953658,0.492209,0.0264528,0.0348401,0.00600882,0.00449127,0.492516,0.024771,-3.27759,-1.90478,18.0882,0.381722,1.0135,-13.3821,-0.555556,-0.09485,0.823681,6.16667,30.0833,0,0,16.0417,18,0,-9.73403,0.0001,0.00487693,0.0588065,1.80011,0.140419,50658,0.143282,82.74,0.831118
3653,0.220103,0.363916,0.0120701,0.0102013,0.409126,0.214109,0.78753,0.418834,0.036009,0.037474,0.0305776,0.198537,0.0208305,0,0.323189,0.0595015,3.2033,0.179744,0.301447,0.0962589,0.768302,5.48191,0.800407,0.722009,0.383719,1.39173,0.251875,0.193372,0.33627,0.33627,0,0,-0.00369351,0.0849845,0.953618,0.497273,0.0261787,0.0343443,0.00621496,0.00468811,0.49626,0.0245123,-3.22017,-2.14506,17.9009,0.387261,1.00654,-13.3055,-0.555556,-0.0955364,0.838581,5.25,29.5,0,0,13.8333,16.7083,0,-9.73422,0.0001,0.00329238,0.0594926,1.78107,0.21376,49279,0.143292,85.23,0.896094
3654,0.21651,0.359429,0.0121605,0.0105138,0.412664,0.212294,0.787563,0.411992,0.0359975,0.0375212,0.0305159,0.197892,0.0207151,0,0.320264,0.0577317,3.20851,0.179245,0.298903,0.0963011,0.77116,5.48618,0.80118,0.719911,0.381969,1.37596,0.247498,0.192808,0.318084,0.318084,0,0,-0.00370977,0.0819154,0.952952,0.497962,0.0261582,0.0344249,0.00574022,0.00428858,0.492642,0.0244625,-3.37207,-2.35091,17.91,0.3906,1.01605,-13.0876,-0.555556,-0.0956902,0.828215,6.375,32.3333,0,0,14.8333,16.0833,0,-9.73508,0.0001,-0.000244077,0.0585493,1.82716,0.135039,50098,0.143261,81.77,0.484089
3655,0.222714,0.367215,0.0121279,0.0103592,0.417247,0.217559,0.787934,0.413186,0.0357659,0.0378758,0.0303987,0.198265,0.0206922,0,0.321759,0.058041,3.20534,0.182232,0.299801,0.0957627,0.771226,5.48396,0.80111,0.720601,0.384445,1.38396,0.249877,0.193396,0.296461,0.296461,0,0,-0.00373978,0.0817993,0.952456,0.497012,0.0260826,0.0341982,0.00539086,0.00401549,0.487562,0.0243895,-3.59483,-2.63044,17.7404,0.392937,1.00971,-13.0147,-0.555556,-0.0967974,0.845536,6.20833,32.5417,0,0,14.6667,17.5,0,-9.73744,0.0001,0.0090744,0.0589039,1.74592,0.128603,52442,0.143246,83.8,0.611537
3656,0.217583,0.361979,0.0121567,0.0102809,0.411838,0.213692,0.792018,0.412733,0.0358775,0.0372677,0.0305101,0.197132,0.0201152,0,0.320382,0.0584349,3.21517,0.181485,0.299542,0.0950636,0.769577,5.47338,0.799035,0.719979,0.385511,1.40441,0.247578,0.192682,0.312496,0.312496,0,0,-0.00371246,0.0845272,0.952027,0.495552,0.0262154,0.0342837,0.00531408,0.00390921,0.483729,0.0245402,-3.80543,-2.56568,17.6531,0.396971,1.00389,-13.0903,-0.555556,-0.0956586,0.838799,6.25,31.2083,0,0,15.1667,15.7083,0,-9.73806,0.0001,-0.00034643,0.0606841,1.93629,0.129673,47582,0.143251,83.49,0.533832
3657,0.217657,0.359845,0.0121932,0.010527,0.40924,0.212599,0.792888,0.409358,0.0363106,0.0367533,0.0308504,0.196272,0.020458,0,0.318694,0.0579076,3.20304,0.183573,0.298717,0.0960448,0.765279,5.45999,0.798245,0.719135,0.388734,1.41262,0.246377,0.191806,0.300398,0.300398,0,0,-0.00369584,0.0874179,0.951709,0.489295,0.0265481,0.03469,0.00545034,0.00408785,0.48414,0.0248291,-3.74909,-2.42101,17.8014,0.390673,1.00762,-13.1508,-0.555556,-0.0950501,0.834797,5.54167,30.625,0,0,14.5417,15.625,0,-9.73892,0.0001,-0.000828811,0.0587706,1.7695,0.127953,51808,0.143219,81.6,0.508027
3658,0.223338,0.36777,0.0120857,0.0103066,0.419532,0.21759,0.78676,0.417158,0.035292,0.0384017,0.0299949,0.199141,0.0204439,0,0.324476,0.058858,3.20122,0.178813,0.299787,0.0954606,0.777294,5.50529,0.804357,0.721549,0.380722,1.37062,0.252766,0.194799,0.310996,0.310996,0,0,-0.0037422,0.0823309,0.952828,0.502264,0.0257496,0.0337889,0.00560326,0.00418313,0.490915,0.0240289,-3.48464,-2.87134,17.6202,0.396721,1.00577,-12.8501,-0.555556,-0.0973954,0.84631,5,31.875,0,0,13.9167,15.5,0,-9.73879,0.0001,0.00409522,0.0594422,1.72788,0.138155,52680,0.143221,83.89,0.827638
3659,0.226569,0.374356,0.0120989,0.0099712,0.423705,0.220915,0.784223,0.42111,0.0347478,0.0389532,0.0295551,0.200048,0.020723,0,0.326785,0.0601039,3.20916,0.178455,0.300737,0.0949716,0.779839,5.52084,0.806271,0.721293,0.380363,1.35884,0.25413,0.196028,0.339287,0.339287,0,0,-0.00379732,0.0806846,0.95212,0.508157,0.0253913,0.0333318,0.00532923,0.00395611,0.490508,0.0236444,-3.5585,-3.34422,17.4719,0.40251,1.00531,-12.5824,-0.555556,-0.0985096,0.855283,6.375,33.4583,0,0,13.2083,16.25,0,-9.73727,0.0001,0.00152967,0.0650596,1.92804,0.126624,47844,0.14323,83.6,0.688212
3660,0.225293,0.371634,0.0121172,0.00999406,0.42446,0.219751,0.783322,0.422094,0.0344733,0.0393421,0.029311,0.200028,0.0210561,0,0.32663,0.060277,3.22028,0.179113,0.299315,0.0947266,0.780977,5.52427,0.807066,0.720871,0.379829,1.34958,0.254729,0.196331,0.340297,0.340297,0,0,-0.00380559,0.0798493,0.952427,0.511602,0.0251762,0.0330894,0.00537914,0.00404663,0.49382,0.0234204,-3.42421,-3.52748,17.3829,0.40457,1.00645,-12.4289,-0.555556,-0.0984759,0.848799,4.91667,30.625,0,0,11.375,14.9167,0,-9.73607,0.0001,0.00208108,0.0614208,1.81426,0.139153,50324,0.143233,82.88,0.730877
3661,0.229641,0.380449,0.0121322,0.0097844,0.427871,0.224222,0.781678,0.424641,0.0347884,0.038134,0.0295612,0.201391,0.0207386,0,0.329713,0.0610272,3.16977,0.178489,0.300898,0.0941747,0.77848,5.52143,0.806603,0.720603,0.378858,1.35745,0.255909,0.197651,0.338598,0.338598,0,0,-0.00380319,0.0820237,0.952654,0.512698,0.0252912,0.0332739,0.00519653,0.00389568,0.489506,0.0235502,-3.42711,-3.02015,17.4561,0.400307,0.995116,-12.7462,-0.555556,-0.0996025,0.866051,5.08333,31.4583,0,0,13.4167,15.875,0,-9.73481,0.0001,0.000547116,0.0580667,1.90822,0.135876,48091,0.143245,84.82,0.674953
3662,0.224863,0.371529,0.0120744,0.010091,0.42109,0.219054,0.781794,0.420709,0.0353033,0.0374323,0.02997,0.200969,0.0206726,0,0.328287,0.0601573,3.1852,0.178244,0.300555,0.0952132,0.774327,5.50509,0.803562,0.721821,0.381716,1.36842,0.254565,0.196735,0.335094,0.335094,0,0,-0.00374433,0.0823345,0.953248,0.50583,0.0256915,0.0337347,0.00539515,0.00398757,0.485154,0.0239468,-3.36472,-2.5505,17.7368,0.391901,1.004,-13.0297,-0.555556,-0.0981487,0.847021,5.29167,31,0,0,13.875,16.6667,0,-9.73605,0.0001,0.000180765,0.057462,1.75699,0.131781,52046,0.143221,83.88,0.750204
3663,0.230505,0.385562,0.0120058,0.00974146,0.425184,0.226053,0.776079,0.434055,0.0359172,0.0362309,0.0304669,0.202861,0.0201863,0,0.332306,0.0625258,3.1932,0.174703,0.300029,0.0951142,0.777596,5.49257,0.802664,0.723397,0.384407,1.38178,0.258283,0.198277,0.36312,0.36312,0,0,-0.00368108,0.0796212,0.954566,0.50098,0.0260111,0.0342106,0.00544908,0.00398954,0.485762,0.0243176,-3.33923,-1.86552,18.0315,0.38037,1.00072,-13.4459,-0.555556,-0.0996048,0.871591,5.20833,29,0,0,16.25,17.9167,0,-9.73797,0.0001,0.00123497,0.0583526,1.84536,0.135351,49630,0.143219,83.96,0.626893
3664,0.233364,0.388158,0.0119762,0.00956187,0.429528,0.226919,0.774183,0.435601,0.0351612,0.0365714,0.0298744,0.203021,0.020399,0,0.334826,0.0632484,3.18216,0.17322,0.300725,0.0938849,0.78235,5.52395,0.805725,0.724068,0.38019,1.36086,0.260666,0.199061,0.358368,0.358368,0,0,-0.00372534,0.0792187,0.95491,0.510459,0.0254852,0.0334904,0.00532612,0.00391737,0.488502,0.0238127,-3.25379,-2.14757,17.8212,0.386033,0.989062,-13.2693,-0.555556,-0.100894,0.873329,6.16667,28.5417,0,0,15.2083,16.5833,0,-9.73971,0.0001,0.00526398,0.0586062,1.86534,0.150135,48774,0.143196,84.86,0.688022
3665,0.23114,0.385556,0.0120503,0.00968567,0.429583,0.226195,0.773731,0.426784,0.0358454,0.0365302,0.03034,0.203521,0.0202525,0,0.333491,0.0611768,3.1881,0.175459,0.300391,0.0953154,0.777303,5.5107,0.80514,0.72242,0.380551,1.36586,0.255368,0.199221,0.358971,0.358971,0,0,-0.00369873,0.0796583,0.953976,0.506514,0.025893,0.0341831,0.00516695,0.0037549,0.486354,0.0241272,-3.23034,-1.93517,18.0791,0.381526,1.00223,-13.3036,-0.555556,-0.100498,0.863128,6.83333,31.9583,0,0,16.8333,15.0417,0,-9.74122,0.0001,0.000348155,0.0567771,1.79107,0.13781,50964,0.143194,83.69,0.667491
3666,0.230906,0.38377,0.0120932,0.00974069,0.427066,0.225915,0.773059,0.424913,0.0357425,0.0365858,0.0303128,0.203212,0.02002,0,0.332215,0.0609337,3.18138,0.177047,0.3001,0.0942442,0.774611,5.49081,0.802379,0.721401,0.385424,1.38116,0.254894,0.199077,0.344455,0.344455,0,0,-0.00374966,0.0810568,0.95393,0.505106,0.0258695,0.0340827,0.0052349,0.0038392,0.486427,0.0241082,-3.28083,-2.04348,17.987,0.382411,0.996388,-13.2498,-0.555556,-0.0996639,0.856834,5.5,29.1667,0,0,15.4583,16.3333,0,-9.73918,0.0001,0.00014121,0.0574272,1.91122,0.140028,47924,0.143261,84.31,0.760449
3667,0.229708,0.381311,0.0120141,0.00985259,0.423625,0.224178,0.771212,0.428335,0.0361972,0.0358576,0.0306169,0.201743,0.0197903,0,0.329843,0.0613624,3.20115,0.174438,0.298977,0.095461,0.776668,5.50561,0.804076,0.723207,0.379856,1.3681,0.257124,0.19709,0.35545,0.35545,0,0,-0.00368501,0.0804791,0.954852,0.504807,0.0260675,0.0344132,0.0054123,0.00391744,0.485857,0.0243459,-3.1321,-1.44227,18.2503,0.374871,1.00246,-13.6172,-0.555556,-0.0991141,0.851766,6.29167,29.7083,0,0,17.4167,17.25,0,-9.73509,0.0001,-0.000311242,0.0582835,1.76436,0.132662,51820,0.14331,83.7,0.660275
3668,0.227714,0.376387,0.0120912,0.0100117,0.422453,0.221552,0.776223,0.417336,0.0368732,0.0348468,0.0311526,0.204072,0.0197842,0,0.332072,0.0590768,3.18613,0.178672,0.300387,0.0961741,0.770505,5.47312,0.799683,0.721438,0.386058,1.39861,0.251374,0.199371,0.331485,0.331485,0,0,-0.00361393,0.0833897,0.954347,0.495948,0.0265813,0.0350429,0.00531301,0.00383049,0.480303,0.0248721,-3.23937,-1.04107,18.4351,0.370031,1.00241,-13.8414,-0.555556,-0.0984895,0.847066,5.66667,28.625,0,0,18.0417,15.7083,0,-9.73534,0.0001,0.00144188,0.0589786,1.76555,0.1316,51816,0.143292,85.01,0.931942
3669,0.234266,0.387402,0.012068,0.00970667,0.427647,0.227462,0.776173,0.43008,0.0360172,0.0362933,0.0305219,0.203774,0.0200933,0,0.333864,0.062101,3.1735,0.179912,0.299775,0.0946005,0.772059,5.4923,0.802915,0.722072,0.382152,1.38395,0.259341,0.199518,0.349335,0.349335,0,0,-0.0036708,0.0817351,0.954246,0.502514,0.0260699,0.0343028,0.00531453,0.00385157,0.483138,0.0243466,-3.28689,-1.73408,18.0526,0.37917,0.990887,-13.4822,-0.555556,-0.100125,0.871498,5.83333,29.6667,0,0,16.9583,16.9583,0,-9.74103,0.0001,-0.00159994,0.0587114,1.92739,0.137285,47612,0.143212,83.56,0.813988
3670,0.235324,0.392061,0.0119809,0.00948971,0.426603,0.229043,0.779405,0.433917,0.0354897,0.0371079,0.0301081,0.200957,0.0203332,0,0.331445,0.0631928,3.17143,0.179698,0.298938,0.0940009,0.775294,5.50767,0.804353,0.723982,0.380646,1.37166,0.260154,0.196815,0.366222,0.366222,0,0,-0.00374992,0.0825534,0.953299,0.507779,0.0256925,0.0338214,0.00490388,0.00350384,0.479222,0.023956,-3.44961,-2.25637,17.847,0.386798,0.987828,-13.248,-0.555556,-0.100302,0.887157,5.66667,30.7083,0,0,15.9167,16.2917,0,-9.74886,0.0001,-0.000215318,0.0560419,1.73163,0.12863,52844,0.143155,83.65,0.893265
3671,0.235029,0.390028,0.0120049,0.00961973,0.427874,0.228382,0.776087,0.430427,0.0362305,0.0359988,0.0306456,0.203238,0.0197957,0,0.333867,0.0621784,3.17445,0.17989,0.299927,0.0947954,0.774711,5.49695,0.803148,0.723457,0.383611,1.38426,0.258523,0.198754,0.349722,0.349722,0,0,-0.00370538,0.082703,0.954207,0.50343,0.026107,0.0344722,0.00513981,0.00365842,0.479426,0.0243902,-3.34547,-1.58903,18.2006,0.376275,0.99632,-13.5912,-0.555556,-0.100426,0.877806,5.70833,28.6667,0,0,16.75,16.4583,0,-9.75312,0.0001,-0.000700777,0.0603068,1.97244,0.137836,46583,0.143151,83.95,0.948453
3672,0.235157,0.386737,0.0119586,0.00945277,0.432755,0.226581,0.776239,0.434666,0.0345729,0.0380892,0.0293462,0.203196,0.0200308,0,0.335333,0.0630965,3.19675,0.176267,0.300323,0.0933416,0.782735,5.54802,0.809431,0.724502,0.373898,1.33962,0.262807,0.199313,0.370574,0.370574,0,0,-0.00382928,0.0784368,0.953834,0.521313,0.0249773,0.0329877,0.00498795,0.00355618,0.484346,0.0232359,-3.4418,-2.76775,17.6295,0.394018,0.989472,-12.9353,-0.555556,-0.101626,0.873417,5.04167,30.5417,0,0,15.5417,15.125,0,-9.75528,0.0001,0.00477445,0.0534599,1.74881,0.136276,52148,0.14309,84.65,0.910944
3673,0.240514,0.403795,0.0119031,0.00905712,0.437788,0.235089,0.772159,0.448128,0.0344317,0.037783,0.0292202,0.203329,0.020393,0,0.337424,0.0660998,3.16955,0.173067,0.299945,0.093194,0.786563,5.56113,0.811853,0.725802,0.372712,1.32666,0.265985,0.199549,0.406877,0.406877,0,0,-0.00383243,0.0771176,0.954348,0.523399,0.024887,0.0328209,0.00515889,0.00370823,0.488953,0.0231405,-3.29566,-2.64757,17.6677,0.393231,0.986884,-12.9796,-0.555556,-0.103294,0.906196,5.58333,30.4583,0,0,15.2083,15.4583,0,-9.75928,0.0001,-0.00175858,0.0534048,1.87433,0.134727,48930,0.143044,84.68,0.933331
3674,0.238719,0.400475,0.0119077,0.00919045,0.43135,0.233011,0.772565,0.449747,0.0348648,0.0369146,0.0295925,0.201713,0.0204002,0,0.335017,0.0664468,3.17189,0.174755,0.299601,0.0929344,0.783514,5.54134,0.808586,0.72571,0.377645,1.34442,0.26721,0.197972,0.4111,0.4111,0,0,-0.00378145,0.0788563,0.954166,0.517637,0.0252295,0.0332138,0.00501678,0.0035854,0.483259,0.0234557,-3.40917,-2.33091,17.8205,0.386091,0.980551,-13.2092,-0.555556,-0.101978,0.898277,5.875,29.875,0,0,14.7917,15.8333,0,-9.761,0.0001,0.00411749,0.0571992,2.10496,0.138168,43824,0.143027,83.79,0.794052
3675,0.237114,0.39674,0.0119325,0.00939146,0.431354,0.231632,0.772632,0.437324,0.0361757,0.0348625,0.0305795,0.20515,0.0197722,0,0.338301,0.063536,3.1593,0.174376,0.300186,0.0950568,0.777371,5.5137,0.805478,0.725097,0.379371,1.37421,0.26061,0.200846,0.372414,0.372414,0,0,-0.00364823,0.0795913,0.95513,0.505767,0.0260863,0.0343777,0.00518586,0.00369102,0.48041,0.0243547,-3.24398,-1.19159,18.3684,0.370114,0.993938,-13.7821,-0.555556,-0.101633,0.891672,5,28.0833,0,0,17.3333,16.5,0,-9.7622,0.0001,0.00980603,0.0601819,1.83092,0.133828,50033,0.14302,85.02,0.862623
3676,0.240038,0.400025,0.011964,0.00894044,0.428505,0.232724,0.773919,0.436366,0.0365849,0.0344076,0.0309479,0.205882,0.0195477,0,0.340185,0.0639819,3.15295,0.176906,0.301231,0.0949942,0.772403,5.48838,0.802268,0.724466,0.383275,1.3888,0.261337,0.201618,0.381516,0.381516,0,0,-0.00364155,0.0834205,0.954669,0.496989,0.0264373,0.0347386,0.00491779,0.00347246,0.471714,0.0247096,-3.44355,-1.05551,18.4032,0.367882,0.994276,-13.9164,-0.555556,-0.10119,0.896677,5.375,28.25,0,0,18.25,16.5417,0,-9.76393,0.0001,-0.000949722,0.0602194,1.94079,0.155401,46896,0.142994,83.11,0.673804
3677,0.240349,0.4029,0.0119156,0.00894489,0.429778,0.234017,0.774547,0.443825,0.0358329,0.0354444,0.0303989,0.20441,0.0200282,0,0.340057,0.0654828,3.15099,0.177264,0.300521,0.0938793,0.777001,5.50155,0.803455,0.725531,0.383642,1.38889,0.264263,0.20096,0.405692,0.405692,0,0,-0.0037055,0.0822426,0.954126,0.502413,0.0260045,0.0340779,0.00467377,0.00329994,0.4723,0.024239,-3.59694,-1.64249,18.1687,0.374847,0.991389,-13.5856,-0.555556,-0.101713,0.903426,5.04167,28.7917,0,0,17.7917,15.5417,0,-9.76576,0.0001,0.000775293,0.0594454,1.81526,0.132385,50473,0.142982,85.7,1.02735
3678,0.240929,0.40157,0.0119744,0.00937578,0.427551,0.234567,0.771726,0.437951,0.0362509,0.0354787,0.0307193,0.206481,0.0200979,0,0.340426,0.064029,3.16892,0.178447,0.300467,0.0951118,0.77354,5.48066,0.801158,0.724191,0.386833,1.40568,0.262141,0.202333,0.369791,0.369791,0,0,-0.00364524,0.0825673,0.954563,0.495082,0.0263255,0.0345343,0.00504955,0.00358658,0.473802,0.0245355,-3.33183,-1.40126,18.3838,0.367343,1.00061,-13.6678,-0.555556,-0.100689,0.895731,4.5,28.7917,0,0,17.25,15.9167,0,-9.76626,0.0001,-8.69953e-05,0.0605923,1.81617,0.137029,50329,0.143003,84.88,0.964034
3679,0.241647,0.401172,0.0119651,0.00914104,0.428369,0.233521,0.77088,0.439868,0.0358921,0.0351556,0.030447,0.204854,0.0203437,0,0.339766,0.0645647,3.15949,0.177623,0.300665,0.0946025,0.773605,5.49284,0.80218,0.724415,0.384512,1.3979,0.264026,0.201274,0.380832,0.380832,0,0,-0.00367767,0.0836676,0.954799,0.500404,0.0260065,0.0341557,0.00466211,0.00331635,0.472157,0.024211,-3.45977,-1.56134,18.2871,0.369095,1.00032,-13.5975,-0.555556,-0.101067,0.895853,4.25,27.5417,0,0,16.625,15.7917,0,-9.76349,0.0001,0.00308268,0.0575696,1.96483,0.134764,46820,0.14304,84.27,0.90096
3680,0.242599,0.404203,0.0119083,0.00888911,0.431602,0.235696,0.770634,0.443206,0.0354124,0.0359682,0.0300237,0.204174,0.020229,0,0.33855,0.0650951,3.16022,0.175759,0.299207,0.094226,0.779943,5.51735,0.805762,0.72567,0.382077,1.36892,0.26529,0.200416,0.40108,0.40108,0,0,-0.00373727,0.0812796,0.954986,0.508873,0.025611,0.0337181,0.00497429,0.00356133,0.478314,0.0238277,-3.32223,-1.82953,18.1629,0.372834,0.994684,-13.4215,-0.555556,-0.101863,0.901535,4.5,28.125,0,0,15.875,16.25,0,-9.76063,0.0001,-0.000936499,0.0583747,1.83978,0.132439,49844,0.143046,84.95,0.928103
3681,0.241058,0.40484,0.0118836,0.00898801,0.429924,0.234554,0.770054,0.447049,0.0356453,0.0356508,0.0301921,0.203424,0.0199223,0,0.33777,0.0658926,3.14059,0.174907,0.298436,0.0936561,0.781015,5.52177,0.805869,0.726258,0.381168,1.36413,0.265371,0.199154,0.402233,0.402233,0,0,-0.00367665,0.0807409,0.955134,0.508052,0.0257499,0.033901,0.00521875,0.00374704,0.480122,0.02402,-3.28929,-1.57513,18.2182,0.371813,0.989681,-13.6206,-0.555556,-0.101992,0.903409,5.125,28.2083,0,0,17.7083,17.1667,0,-9.76135,0.0001,-0.00148657,0.0552246,2.06568,0.144156,44484,0.143037,86.24,1.04403
3682,0.245315,0.413663,0.0118585,0.00877392,0.434636,0.239407,0.768439,0.455254,0.0349293,0.036904,0.0296376,0.202357,0.0205451,0,0.338121,0.0677376,3.13868,0.175466,0.299349,0.0932144,0.7833,5.53411,0.807814,0.726816,0.379567,1.3541,0.269487,0.198774,0.425582,0.425582,0,0,-0.00371782,0.0792996,0.954569,0.515553,0.0252572,0.0332706,0.00483132,0.00343744,0.479041,0.0234727,-3.4277,-2.16939,17.9457,0.380454,0.983868,-13.2571,-0.555556,-0.103174,0.921047,4.20833,28.1667,0,0,14.7917,16.0833,0,-9.76332,0.0001,-0.00105046,0.059081,1.83966,0.13918,49677,0.143068,85.65,0.974703
3683,0.244721,0.408228,0.01191,0.00890897,0.437296,0.237992,0.768317,0.447548,0.0343721,0.0378475,0.0292038,0.203578,0.0202486,0,0.338553,0.0660195,3.16177,0.175087,0.299527,0.092811,0.783681,5.5445,0.809089,0.725601,0.378793,1.3484,0.267739,0.200156,0.403008,0.403008,0,0,-0.00380016,0.0784859,0.954021,0.520511,0.0248794,0.0328378,0.00481347,0.0034665,0.481404,0.0230709,-3.42236,-2.76873,17.8009,0.386222,0.993948,-12.8729,-0.555556,-0.103216,0.906869,5,31.125,0,0,14.875,14.4583,0,-9.76341,0.0001,0.00117947,0.0562664,1.79031,0.138212,50973,0.143074,85.5,0.850902
3684,0.244839,0.41097,0.0118995,0.00864008,0.438956,0.238853,0.771152,0.451498,0.0338509,0.0387938,0.0287863,0.20427,0.0211241,0,0.340719,0.0674775,3.13828,0.175808,0.300249,0.09277,0.786525,5.5637,0.812323,0.725871,0.375488,1.32843,0.269006,0.201354,0.42783,0.42783,0,0,-0.0038424,0.0779772,0.953328,0.526214,0.0245658,0.0324034,0.0047796,0.00341398,0.481486,0.022695,-3.39114,-3.22503,17.6016,0.394553,0.991846,-12.5889,-0.555556,-0.103663,0.918125,4.79167,31.1667,0,0,13.1667,13.8333,0,-9.76502,0.0001,0.000507363,0.0582504,2.02318,0.133181,45587,0.143057,84.04,0.903465
3685,0.245949,0.410338,0.0118972,0.00871414,0.441443,0.238517,0.7707,0.449602,0.0339939,0.0382441,0.0288929,0.204476,0.0207331,0,0.341575,0.0668888,3.12082,0.175864,0.300024,0.0927956,0.786547,5.55787,0.81177,0.725934,0.376657,1.33602,0.268763,0.201619,0.412823,0.412823,0,0,-0.00385685,0.0779527,0.953746,0.525035,0.0246231,0.0325028,0.00452513,0.00326054,0.48031,0.0227803,-3.48542,-3.08178,17.6296,0.392275,0.988442,-12.6925,-0.555556,-0.104328,0.915609,4.66667,31.2917,0,0,14.5833,14.5417,0,-9.76633,0.0001,0.00121697,0.0555947,1.78227,0.136042,51245,0.143034,84.76,0.946686
3686,0.242637,0.405463,0.0118727,0.00891304,0.432785,0.23552,0.773062,0.445334,0.0343461,0.0381834,0.0292015,0.20202,0.0210292,0,0.33717,0.0659745,3.12318,0.179264,0.298574,0.0934018,0.780832,5.53752,0.808895,0.726452,0.377852,1.34523,0.266462,0.198734,0.40737,0.40737,0,0,-0.00384315,0.084077,0.953117,0.519146,0.0249366,0.0328466,0.00452239,0.00323911,0.476262,0.023082,-3.47954,-3.06896,17.6544,0.390492,0.990954,-12.7205,-0.555556,-0.102393,0.908849,4.625,32,0,0,12.8333,14.7917,0,-9.76883,0.0001,0.00256914,0.0596799,2.01747,0.147022,45416,0.143014,84.69,0.87209
3687,0.247368,0.413622,0.0118674,0.00864968,0.439928,0.239669,0.774114,0.456108,0.0335376,0.038915,0.0285824,0.203794,0.0209236,0,0.340883,0.0682078,3.12495,0.174813,0.299168,0.0920377,0.788398,5.57265,0.813068,0.726582,0.375232,1.3191,0.271872,0.200786,0.442668,0.442668,0,0,-0.00385034,0.0784845,0.953329,0.525715,0.0244993,0.0321192,0.00473775,0.00340578,0.481474,0.0226615,-3.4177,-3.42708,17.3444,0.399754,0.978073,-12.5537,-0.555556,-0.104269,0.930412,4.66667,32.2917,0,0,12.625,15.1667,0,-9.76892,0.0001,-0.000230836,0.0567133,1.83059,0.136844,49965,0.143035,86.26,1.09841
3688,0.249278,0.416925,0.0118628,0.00879672,0.442746,0.242197,0.773891,0.452591,0.0338025,0.0390932,0.0287606,0.206051,0.0211853,0,0.344069,0.0672692,3.12873,0.176184,0.301054,0.0928862,0.786097,5.56672,0.812265,0.726681,0.375918,1.32564,0.270124,0.202873,0.410142,0.410142,0,0,-0.00384569,0.0795216,0.953252,0.524174,0.0246026,0.0323624,0.00473198,0.00337557,0.481444,0.0227477,-3.35366,-3.36764,17.4355,0.399485,0.9874,-12.5872,-0.555556,-0.104756,0.937978,4.91667,31.5,0,0,12.5,14.2083,0,-9.76706,0.0001,0.00467668,0.0610891,1.78183,0.146931,50967,0.14305,84.82,0.951818
3689,0.247497,0.417117,0.0118461,0.00848794,0.440719,0.241455,0.77368,0.454693,0.0340377,0.0379407,0.0289383,0.203644,0.0205605,0,0.340314,0.0679619,3.15226,0.176306,0.2991,0.0929953,0.785574,5.563,0.811962,0.727069,0.376782,1.32682,0.269442,0.200151,0.433456,0.433456,0,0,-0.00383809,0.0782179,0.953854,0.522721,0.024744,0.0325113,0.00455969,0.00321969,0.477145,0.0229658,-3.58868,-3.00587,17.5288,0.39369,0.984169,-12.8351,-0.555556,-0.1046,0.936689,5.25,31,0,0,13.125,16.125,0,-9.76828,0.0001,-0.000767039,0.0605837,1.98282,0.133028,46460,0.14302,83.47,0.821395
3690,0.250465,0.418759,0.0118847,0.00871194,0.444668,0.243227,0.773628,0.453169,0.0333564,0.0395611,0.0284473,0.205919,0.0211892,0,0.344137,0.0676493,3.12686,0.178063,0.300539,0.0922977,0.790008,5.56898,0.813169,0.726178,0.379248,1.32659,0.270704,0.203108,0.409645,0.409645,0,0,-0.0038557,0.0767534,0.953406,0.523049,0.0244234,0.0320166,0.00467994,0.00339216,0.483706,0.0226051,-3.5541,-3.75391,17.25,0.402602,0.984621,-12.3695,-0.555556,-0.10511,0.940811,4.04167,31.5833,0,0,12.125,15.1667,0,-9.77299,0.0001,-2.0498e-05,0.0560358,1.86185,0.138652,49139,0.142984,83.84,0.862347
3691,0.251472,0.422332,0.0118132,0.00839867,0.44268,0.244124,0.77293,0.459781,0.0332054,0.0394054,0.0283309,0.204673,0.0216863,0,0.344208,0.0691737,3.10017,0.178702,0.300397,0.0921994,0.789966,5.57933,0.813617,0.727837,0.377103,1.31813,0.273606,0.201824,0.431386,0.431386,0,0,-0.00385634,0.0789311,0.953607,0.525336,0.0243009,0.0318198,0.00466443,0.00339575,0.48254,0.0224855,-3.53307,-3.77373,17.2046,0.402665,0.981162,-12.43,-0.555556,-0.105268,0.950006,4.5,31.1667,0,0,10.5417,14.2083,0,-9.77633,0.0001,0.00279279,0.0570521,1.92163,0.145476,47556,0.142965,85.9,0.952502
3692,0.247504,0.414744,0.0118456,0.00854216,0.438562,0.240191,0.771472,0.453649,0.0342995,0.0382343,0.0291701,0.205687,0.020819,0,0.344051,0.0675784,3.1028,0.17832,0.299637,0.0934186,0.787598,5.54833,0.810281,0.727085,0.379507,1.33664,0.27016,0.202353,0.43388,0.43388,0,0,-0.00379584,0.077689,0.953378,0.516458,0.0249718,0.0328,0.00481938,0.00344129,0.477166,0.023149,-3.60027,-2.9762,17.6487,0.391713,0.990398,-12.8091,-0.555556,-0.10411,0.930061,5.16667,31.25,0,0,13.2917,14.5,0,-9.77665,0.0001,0.00646552,0.0577154,1.84951,0.132269,49603,0.142968,84.28,0.857819
3693,0.250324,0.419592,0.0118427,0.00836781,0.438767,0.242689,0.771115,0.455507,0.0343722,0.0373733,0.0292913,0.206583,0.0204612,0,0.34597,0.068574,3.11845,0.177434,0.300408,0.0924332,0.78292,5.54259,0.808833,0.727145,0.383576,1.35387,0.27116,0.203315,0.437755,0.437755,0,0,-0.00375573,0.0802205,0.95428,0.51295,0.025086,0.0328118,0.00492752,0.0035399,0.478052,0.0233101,-3.60839,-2.70419,17.6275,0.38734,0.977224,-13.0385,-0.555556,-0.104302,0.937254,4.66667,31.5417,0,0,13.25,16.625,0,-9.77741,0.0001,0.0135406,0.0569386,1.7995,0.141756,50639,0.142965,83.94,0.786432
3694,0.25225,0.426194,0.0117994,0.00814716,0.43743,0.245728,0.767979,0.462739,0.0349238,0.0365093,0.0296995,0.206612,0.0200437,0,0.346763,0.0693849,3.13769,0.175106,0.299929,0.0931917,0.783017,5.52416,0.806998,0.728163,0.382726,1.36166,0.273133,0.203073,0.461032,0.461032,0,0,-0.00371019,0.0799809,0.954823,0.51089,0.0253493,0.0332427,0.00494701,0.00357209,0.479534,0.0236043,-3.55093,-2.13056,17.9068,0.377938,0.982651,-13.3726,-0.555556,-0.104406,0.949201,4.95833,27.5417,0,0,14.25,15.7917,0,-9.77876,0.0001,0.00965711,0.0571073,1.95173,0.137249,47058,0.142948,83.61,0.890138
3695,0.251414,0.422639,0.0118353,0.00829046,0.435638,0.243255,0.767835,0.45595,0.0354508,0.0358293,0.0301511,0.207258,0.0199877,0,0.347383,0.068475,3.09564,0.177496,0.30107,0.0934728,0.777645,5.5034,0.803856,0.727359,0.386811,1.38258,0.270609,0.203376,0.449303,0.449303,0,0,-0.00368522,0.0813418,0.954567,0.505103,0.0257342,0.0336979,0.00510947,0.0036975,0.477131,0.0240077,-3.59474,-1.75452,18.0275,0.373889,0.979957,-13.5851,-0.555556,-0.104054,0.938929,4.83333,28.3333,0,0,16.2083,15.9583,0,-9.77787,0.0001,-0.00111616,0.0570577,1.84754,0.139236,49479,0.142951,85.46,0.954364
3696,0.249229,0.418061,0.0118552,0.00860324,0.43443,0.241328,0.769472,0.451277,0.0355404,0.0364259,0.0301685,0.206637,0.0202902,0,0.345564,0.0670869,3.13381,0.180893,0.300528,0.0945113,0.777425,5.50556,0.804654,0.726916,0.387641,1.38254,0.268543,0.202927,0.405507,0.405507,0,0,-0.00367539,0.0808754,0.954255,0.503178,0.0258029,0.0338865,0.00502724,0.00361315,0.474867,0.0240292,-3.63868,-1.91244,18.0965,0.373644,0.988591,-13.4416,-0.555556,-0.103421,0.932544,5.04167,29.2083,0,0,16,16.625,0,-9.77943,0.0001,-0.00124049,0.0553268,1.96254,0.129777,46983,0.142917,84.36,0.934745
3697,0.250996,0.42223,0.0117917,0.0083206,0.435723,0.243655,0.770808,0.458558,0.0354627,0.0362144,0.0301047,0.206627,0.0207068,0,0.346102,0.0686548,3.10462,0.178926,0.299558,0.0948563,0.782572,5.51102,0.805746,0.728344,0.387144,1.37821,0.271985,0.202931,0.444272,0.444272,0,0,-0.00368862,0.0795644,0.954966,0.504591,0.025732,0.0338001,0.00502647,0.0036111,0.474949,0.0239171,-3.40112,-1.82157,18.1559,0.371614,0.98938,-13.4671,-0.555556,-0.1038,0.946314,5.33333,28.9583,0,0,15.75,16.125,0,-9.78338,0.0001,0.00198324,0.0593213,1.82084,0.13751,50197,0.142875,85.28,1.01286
3698,0.248049,0.415045,0.0118748,0.00878273,0.436554,0.240856,0.768845,0.449806,0.0349782,0.0371298,0.0296783,0.20696,0.0209164,0,0.345347,0.0664883,3.09443,0.180236,0.299613,0.0944771,0.78245,5.52347,0.808003,0.726412,0.385554,1.36455,0.268459,0.203718,0.409573,0.409573,0,0,-0.00373312,0.0806629,0.954328,0.510149,0.0253796,0.0334233,0.00485942,0.00353864,0.476591,0.0235261,-3.35316,-2.38146,17.9769,0.378235,0.993267,-13.0678,-0.555556,-0.103387,0.925516,4.875,28.2917,0,0,14.5,14.125,0,-9.78754,0.0001,0.000231015,0.0552394,1.84019,0.131174,49866,0.142821,84.58,0.875652
3699,0.255198,0.431519,0.0117985,0.00804552,0.441132,0.248516,0.768213,0.464996,0.0344636,0.0373637,0.0293104,0.207445,0.0208882,0,0.348478,0.0703691,3.10049,0.17742,0.300104,0.0934563,0.786191,5.53753,0.808352,0.72817,0.383412,1.35176,0.274229,0.204097,0.458116,0.458116,0,0,-0.00376327,0.0780654,0.954314,0.513439,0.0251097,0.0329332,0.00490735,0.0035407,0.476451,0.0232497,-3.5452,-2.58559,17.8564,0.380927,0.985349,-12.9969,-0.555556,-0.105167,0.963065,4.83333,30.5,0,0,13.8333,15.0833,0,-9.79091,0.0001,-0.000275993,0.05665,1.97112,0.130663,46771,0.142833,84.01,0.942298
3700,0.252459,0.425332,0.011763,0.00855018,0.439967,0.245069,0.766946,0.463682,0.0342565,0.0373354,0.0291291,0.206413,0.0209908,0,0.347063,0.0696046,3.10366,0.17637,0.299426,0.0931889,0.787654,5.55306,0.810941,0.72898,0.379806,1.34382,0.274453,0.203166,0.432048,0.432048,0,0,-0.00379686,0.0779258,0.954798,0.519392,0.0248429,0.0326867,0.00485426,0.00347298,0.478194,0.0230045,-3.48016,-2.60252,17.8182,0.381518,0.979549,-13.0036,-0.555556,-0.105004,0.947547,4.125,29.2083,0,0,14.9167,16.0417,0,-9.79106,0.0001,-0.00205755,0.0541678,1.93612,0.136681,47425,0.14286,86.45,1.00156
3701,0.253451,0.426989,0.0117842,0.00813545,0.440037,0.246063,0.767326,0.464382,0.0343076,0.0371915,0.0292127,0.207806,0.0206374,0,0.349403,0.0702997,3.10566,0.177434,0.301876,0.0931481,0.784181,5.54437,0.809817,0.728496,0.381301,1.34763,0.274912,0.204575,0.470164,0.470164,0,0,-0.00379376,0.0803968,0.954714,0.516516,0.024987,0.0327275,0.00494892,0.00362221,0.480665,0.0231512,-3.45205,-2.5391,17.8095,0.380391,0.983143,-13.0477,-0.555556,-0.105033,0.949889,5.33333,29.5417,0,0,12.75,15.4167,0,-9.78978,0.0001,0.000377882,0.0578592,1.86348,0.137102,49137,0.142876,84.75,0.870505
3702,0.250525,0.422955,0.011822,0.00818727,0.436541,0.243868,0.767996,0.462117,0.0345426,0.0369429,0.0293915,0.205864,0.0204785,0,0.345929,0.0696137,3.09603,0.178468,0.299926,0.0931271,0.781318,5.53224,0.807578,0.727672,0.384283,1.36003,0.273313,0.202675,0.464986,0.464986,0,0,-0.00377186,0.0802734,0.95417,0.514087,0.0251155,0.0329596,0.00477044,0.00346517,0.476268,0.0232689,-3.61533,-2.48485,17.8479,0.379267,0.979731,-13.065,-0.555556,-0.104099,0.941864,5.16667,29.8333,0,0,13.9167,14.9583,0,-9.78651,0.0001,0.00213467,0.0624432,1.89934,0.140329,48196,0.142943,86.12,1.14585
3703,0.254668,0.428256,0.0118328,0.00797609,0.441875,0.24743,0.7698,0.465419,0.033716,0.037918,0.0287523,0.206563,0.0212477,0,0.347936,0.0708774,3.09522,0.179484,0.299613,0.0930747,0.786478,5.54501,0.809696,0.727375,0.382965,1.34964,0.275728,0.204129,0.481876,0.481876,0,0,-0.00384537,0.0804743,0.953198,0.520787,0.0246201,0.0322564,0.00460185,0.00332342,0.475056,0.0227039,-3.71989,-3.27194,17.5598,0.390097,0.984619,-12.621,-0.555556,-0.105116,0.956707,4.875,32.0833,0,0,12.9167,14.7083,0,-9.78198,0.0001,0.00736467,0.0599338,1.85043,0.141707,49345,0.142981,85.7,1.04027
3704,0.255329,0.42861,0.011802,0.00812197,0.441311,0.247047,0.771356,0.463654,0.0336152,0.0380315,0.0286527,0.207341,0.0217115,0,0.349912,0.0701435,3.07479,0.180285,0.300461,0.0930831,0.787929,5.55707,0.811109,0.728117,0.380758,1.33547,0.275994,0.204781,0.459676,0.459676,0,0,-0.00384754,0.0815832,0.953717,0.520528,0.0245938,0.0321626,0.0046126,0.00334783,0.473792,0.0226851,-3.66559,-3.2847,17.5083,0.390565,0.980941,-12.6051,-0.555556,-0.105227,0.962906,4.125,31.6667,0,0,12.5,14.7083,0,-9.77864,0.0001,0.00372751,0.0558856,2.01796,0.194939,44423,0.143012,84.43,1.01497
3705,0.253961,0.426898,0.011812,0.00821782,0.440683,0.246327,0.770811,0.462968,0.0339217,0.037678,0.0289027,0.20743,0.0211718,0,0.349215,0.0701338,3.08065,0.179981,0.300808,0.093101,0.783749,5.54437,0.810043,0.727864,0.381586,1.34383,0.274957,0.204562,0.456156,0.456156,0,0,-0.0038401,0.0820393,0.95385,0.518834,0.0247648,0.0324345,0.00478362,0.00350815,0.476644,0.0228694,-3.53069,-3.05652,17.6096,0.387096,0.985779,-12.7211,-0.555556,-0.105043,0.95682,5.125,29.8333,0,0,11.4583,13.8333,0,-9.77668,0.0001,0.00639357,0.0563344,1.88453,0.134112,48698,0.143019,84.34,1.02161
3706,0.251273,0.425853,0.0117939,0.0084018,0.434292,0.245094,0.769318,0.464241,0.0346417,0.0368327,0.0294795,0.205913,0.0209171,0,0.347152,0.069758,3.07329,0.182424,0.300408,0.093493,0.779534,5.51717,0.807104,0.72828,0.385032,1.3652,0.273123,0.203012,0.439797,0.439797,0,0,-0.00375205,0.082504,0.954206,0.511939,0.0252093,0.0330511,0.00471617,0.00344423,0.472956,0.0233477,-3.69978,-2.38758,17.8906,0.377135,0.982795,-13.12,-0.555556,-0.103726,0.954087,4.70833,30.375,0,0,14.5833,16.125,0,-9.77717,0.0001,0.0113818,0.0540392,1.81527,0.142679,50207,0.143016,86.74,1.16908
3707,0.254761,0.431593,0.0117366,0.00808809,0.44019,0.247696,0.768154,0.472955,0.033896,0.0373581,0.0288726,0.204362,0.0208256,0,0.346166,0.0719257,3.08636,0.1796,0.299526,0.0924915,0.789143,5.5636,0.81179,0.729602,0.37976,1.33214,0.278066,0.201636,0.46416,0.46416,0,0,-0.0038176,0.0787886,0.954549,0.522236,0.0246567,0.0323495,0.00482428,0.00354317,0.47908,0.0228124,-3.68429,-2.79993,17.6857,0.383573,0.977369,-12.8944,-0.555556,-0.105442,0.964247,4.66667,30.3333,0,0,13.75,15.625,0,-9.77653,0.0001,0.00152488,0.059735,1.97273,0.133736,46667,0.143017,87.33,1.21016
3708,0.258458,0.435809,0.0117455,0.00790747,0.447575,0.250647,0.768028,0.472313,0.0330327,0.0391018,0.0281559,0.207001,0.0213978,0,0.350486,0.0719854,3.07268,0.180072,0.30191,0.0921639,0.792929,5.58144,0.81482,0.729427,0.377307,1.31476,0.279645,0.204379,0.482688,0.482688,0,0,-0.00387888,0.0754656,0.953512,0.531407,0.0240831,0.0316564,0.00478557,0.00353929,0.482628,0.0221673,-3.60323,-3.67323,17.3504,0.396111,0.977048,-12.351,-0.555556,-0.107039,0.974195,4.54167,30.5833,0,0,11.75,13.5833,0,-9.77717,0.0001,-0.00180083,0.0579939,1.82486,0.142654,49963,0.142998,86.96,1.22842
3709,0.252612,0.425835,0.0118828,0.00848513,0.44408,0.246407,0.767331,0.462312,0.0336488,0.0387605,0.0286213,0.206712,0.0212832,0,0.346593,0.0695297,3.06346,0.182717,0.300399,0.0928956,0.790886,5.56306,0.812271,0.726301,0.380364,1.33072,0.273579,0.20382,0.426661,0.426661,0,0,-0.00385351,0.0785427,0.95337,0.52502,0.0244928,0.0322502,0.00486768,0.00365648,0.481782,0.0225422,-3.45879,-3.39662,17.5015,0.392578,0.985897,-12.4209,-0.555556,-0.105381,0.948933,3.95833,30.7083,0,0,11.7083,14.1667,0,-9.77949,0.0001,0.00337817,0.0632749,1.93521,0.141299,47340,0.142982,84.5,0.989995
3710,0.253294,0.428307,0.0118469,0.0081715,0.438024,0.246867,0.769748,0.465978,0.0339225,0.0382493,0.0289194,0.204955,0.0213497,0,0.345322,0.0709526,3.0636,0.184148,0.299843,0.092975,0.783692,5.53454,0.808809,0.727116,0.383568,1.34596,0.275071,0.20208,0.464344,0.464344,0,0,-0.00384874,0.0822797,0.953031,0.519048,0.0247695,0.0324602,0.0045845,0.00342278,0.475184,0.0228314,-3.59394,-3.22338,17.5734,0.387491,0.981466,-12.6157,-0.555556,-0.104411,0.957842,5.375,32.375,0,0,11.7917,15.2083,0,-9.77868,0.0001,0.00207355,0.0578377,1.82754,0.134979,50090,0.143005,85.77,0.96063
3711,0.257536,0.436822,0.0116925,0.00785834,0.43961,0.249876,0.770134,0.473436,0.0342084,0.0373877,0.029108,0.206498,0.0212197,0,0.349622,0.0719521,3.06911,0.18111,0.300774,0.0934263,0.7869,5.54607,0.810277,0.730646,0.380588,1.34132,0.278132,0.202876,0.469243,0.469243,0,0,-0.00374878,0.0801144,0.95488,0.520945,0.0248269,0.0326152,0.00509965,0.00374262,0.475626,0.0229943,-3.42285,-2.48591,17.7898,0.378644,0.974008,-13.0949,-0.555556,-0.105734,0.98198,5.29167,30.5417,0,0,13,16.5417,0,-9.77605,0.0001,-0.000536421,0.0564418,1.82581,0.138671,50040,0.143031,86.93,1.1405
3712,0.251364,0.425712,0.0117933,0.00817637,0.431674,0.244664,0.770978,0.461711,0.0353798,0.0364697,0.0300117,0.208085,0.0209274,0,0.348677,0.0694449,3.08628,0.184193,0.301875,0.0949308,0.778823,5.51334,0.805261,0.728382,0.387417,1.37119,0.271852,0.203884,0.440616,0.440616,0,0,-0.00370627,0.0836729,0.954609,0.508085,0.0256313,0.0336966,0.00548453,0.00408324,0.475823,0.0237571,-3.29199,-1.79949,18.2557,0.366585,0.988013,-13.4172,-0.555556,-0.10327,0.956272,5.75,30.0833,0,0,15.0417,16.7917,0,-9.77321,0.0001,0.00128599,0.0548647,2.06107,0.139192,44678,0.14305,84.46,1.00662
3713,0.254237,0.430356,0.0117044,0.00820298,0.431908,0.246519,0.770605,0.46682,0.035255,0.0360982,0.0299134,0.206525,0.0208504,0,0.347695,0.0703034,3.06147,0.183841,0.30011,0.09447,0.783285,5.51493,0.80573,0.730373,0.386753,1.37412,0.27486,0.202248,0.451603,0.451603,0,0,-0.0036856,0.0833223,0.955486,0.510574,0.0254852,0.0335346,0.00560146,0.00413934,0.476416,0.0236539,-3.30942,-1.6371,18.2728,0.362882,0.980579,-13.5469,-0.555556,-0.10378,0.970443,4.625,27.2083,0,0,14.9583,17.125,0,-9.77144,0.0001,-0.00107753,0.058246,1.79014,0.135859,51040,0.143074,86.3,1.22231
3714,0.254225,0.43205,0.0117344,0.00806631,0.434718,0.247758,0.771128,0.470079,0.0348673,0.0370537,0.0296178,0.205413,0.0213661,0,0.346598,0.0711059,3.05708,0.184932,0.300245,0.0948629,0.786462,5.52321,0.807721,0.729701,0.384268,1.35408,0.275708,0.201674,0.466505,0.466505,0,0,-0.00371875,0.0812827,0.954273,0.514174,0.0252663,0.0332601,0.00534807,0.0040051,0.478924,0.0233873,-3.40712,-2.18566,18.079,0.370826,0.984684,-13.1888,-0.555556,-0.104339,0.973814,5.29167,31.375,0,0,14,16.5417,0,-9.7713,0.0001,0.00166649,0.0537952,1.9953,0.329508,42284,0.143046,84.6,1.04508
3715,0.254827,0.43512,0.011722,0.00799952,0.436246,0.248884,0.768452,0.474114,0.0347514,0.0369289,0.0295246,0.205638,0.0210699,0,0.34707,0.072257,3.05057,0.183494,0.300047,0.0938814,0.787721,5.52882,0.808142,0.729947,0.384877,1.35603,0.277106,0.201748,0.470141,0.470141,0,0,-0.00374814,0.079421,0.955064,0.515149,0.0251672,0.0331102,0.00532005,0.00397942,0.478166,0.0232874,-3.42372,-2.10008,18.072,0.369211,0.976865,-13.237,-0.555556,-0.10487,0.975529,5.16667,29.5417,0,0,13.75,16.3333,0,-9.77375,0.0001,0.000722837,0.0576187,1.83587,0.131007,49979,0.143034,85.07,1.12597
3716,0.255935,0.43608,0.0117065,0.00796907,0.434262,0.249154,0.771644,0.476653,0.0344811,0.0371448,0.0293495,0.204639,0.0214149,0,0.346421,0.0729638,3.05136,0.184527,0.300382,0.093543,0.785456,5.53306,0.808307,0.730325,0.385296,1.35226,0.278716,0.200869,0.479251,0.479251,0,0,-0.00374764,0.0811932,0.955121,0.51614,0.0250519,0.0328522,0.00559701,0.00425273,0.481331,0.023204,-3.34785,-2.23295,17.9536,0.371328,0.972785,-13.1973,-0.555556,-0.104584,0.984823,5.04167,29.3333,0,0,12.5833,15.9167,0,-9.77472,0.0001,-0.000593596,0.0549958,1.76938,0.145736,51330,0.143004,86.43,1.15726
3717,0.255328,0.434825,0.0117384,0.00777334,0.43125,0.249157,0.774201,0.471252,0.034861,0.0369078,0.0296931,0.204193,0.0216056,0,0.345284,0.0717346,3.04926,0.189938,0.300995,0.0943681,0.780647,5.49634,0.804084,0.729601,0.390091,1.38169,0.276099,0.200681,0.483063,0.483063,0,0,-0.00375023,0.0841282,0.953865,0.507188,0.0253931,0.033281,0.00502026,0.00376416,0.470454,0.0234783,-3.74171,-2.43509,17.9788,0.371192,0.983068,-13.0891,-0.555556,-0.103539,0.983996,5,30.375,0,0,13.375,16.2917,0,-9.7784,0.0001,-0.00105129,0.0579603,2.00901,0.13869,45771,0.142947,86.35,1.24933
3718,0.25842,0.437575,0.0116712,0.00793216,0.437425,0.249786,0.772623,0.473086,0.03451,0.0373227,0.0293984,0.204827,0.0210792,0,0.347011,0.0718105,3.05193,0.185167,0.299966,0.0936561,0.788794,5.52894,0.807782,0.731097,0.386068,1.35406,0.278201,0.200975,0.466465,0.466465,0,0,-0.00373195,0.0797057,0.954942,0.514034,0.0250936,0.0328994,0.00540703,0.00408227,0.477814,0.0232431,-3.51438,-2.27935,17.939,0.372204,0.976682,-13.1799,-0.555556,-0.105403,0.9898,4.625,28.5417,0,0,12.125,15.5,0,-9.78116,0.0001,0.000644886,0.0543185,1.83972,0.139138,49677,0.14292,85.29,0.987044
3719,0.256897,0.438596,0.0116571,0.00778785,0.43481,0.25036,0.770906,0.478666,0.0344536,0.0370814,0.0293424,0.203829,0.0213783,0,0.345636,0.0729089,3.04618,0.184187,0.299438,0.0937265,0.789583,5.53361,0.80843,0.731455,0.387456,1.35645,0.278961,0.200083,0.489257,0.489257,0,0,-0.00375615,0.0800282,0.954934,0.515665,0.0250168,0.0328274,0.00539494,0.00407281,0.479565,0.0231611,-3.53182,-2.34235,17.9186,0.372138,0.973703,-13.1624,-0.555556,-0.104776,0.992195,5.16667,29.75,0,0,13.5417,16.6667,0,-9.78233,0.0001,0.000345275,0.0553091,2.10212,0.166402,43333,0.142899,85.89,1.14688
3720,0.255278,0.438077,0.0116565,0.00784974,0.435822,0.24896,0.773367,0.48036,0.0340923,0.0375007,0.0290703,0.203161,0.0213555,0,0.346467,0.0737817,3.03003,0.184458,0.300109,0.0928992,0.787358,5.53537,0.809457,0.731456,0.383795,1.35328,0.278897,0.199967,0.489324,0.489324,0,0,-0.00379616,0.0795272,0.954248,0.518721,0.0248336,0.0325088,0.00521513,0.00396714,0.481068,0.0229471,-3.67589,-2.67341,17.7212,0.379957,0.969153,-12.978,-0.555556,-0.105389,0.993022,4.66667,29.5417,0,0,12.5,14.9167,0,-9.7828,0.0001,0.00229852,0.0584862,1.84261,0.136544,49669,0.142886,87.29,1.15052
3721,0.257797,0.444284,0.0116652,0.00756502,0.436414,0.252601,0.771669,0.485178,0.0347073,0.0363524,0.0295569,0.204551,0.0210019,0,0.347994,0.0746578,3.05752,0.182444,0.299914,0.0926863,0.786775,5.53051,0.807723,0.731337,0.386312,1.3603,0.281214,0.200933,0.517287,0.517287,0,0,-0.00372067,0.0796601,0.955213,0.513663,0.0251889,0.0330141,0.00528246,0.00394714,0.476334,0.0233582,-3.69648,-2.00422,17.9401,0.370385,0.962906,-13.3972,-0.555556,-0.105585,1.00403,5.16667,29.875,0,0,14.9167,16.9583,0,-9.78324,0.0001,0.00997742,0.056473,1.83837,0.137907,49741,0.142862,87.81,1.24934
3722,0.258602,0.438788,0.0117426,0.00782529,0.440585,0.251428,0.76889,0.47079,0.0349668,0.0362542,0.0297061,0.207361,0.020771,0,0.349815,0.0714971,3.05537,0.182372,0.300438,0.0938163,0.787229,5.51706,0.807571,0.729573,0.387565,1.36566,0.277134,0.203765,0.477003,0.477003,0,0,-0.00370268,0.0792552,0.954495,0.511287,0.0254015,0.0333711,0.00519809,0.00387559,0.476732,0.0234964,-3.65295,-2.01983,18.1266,0.368819,0.979411,-13.264,-0.555556,-0.10575,0.98392,5.04167,31.0417,0,0,15.25,15.5833,0,-9.78535,0.0001,0.000932482,0.0570645,1.92113,0.139203,47712,0.142836,86.66,1.24898
3723,0.258304,0.435732,0.0116889,0.00805435,0.440248,0.249318,0.773293,0.474681,0.0339736,0.0377775,0.0289638,0.203829,0.0215188,0,0.34612,0.0723207,3.05848,0.184551,0.299891,0.0926879,0.791711,5.54583,0.810556,0.730743,0.386016,1.34841,0.28044,0.200645,0.471878,0.471878,0,0,-0.00379063,0.0768518,0.954342,0.518808,0.024766,0.0324819,0.00498407,0.00374312,0.477273,0.0228799,-3.79314,-2.8558,17.6593,0.380696,0.965649,-12.8272,-0.555556,-0.105914,0.987685,4.58333,29.8333,0,0,12.5833,15.7083,0,-9.78731,0.0001,0.000951824,0.0565945,1.83855,0.131842,49890,0.142846,87.33,1.24404
3724,0.256709,0.437584,0.0116877,0.00775917,0.439113,0.250275,0.771762,0.475602,0.0336109,0.0384815,0.0286788,0.203512,0.0217833,0,0.34529,0.0723263,3.04431,0.184732,0.299977,0.0934402,0.79482,5.55137,0.812134,0.730716,0.384314,1.34576,0.278494,0.200328,0.485723,0.485723,0,0,-0.00384561,0.0777621,0.953293,0.51986,0.0246257,0.0322394,0.00494183,0.00373408,0.478109,0.0226626,-3.76757,-3.33069,17.5926,0.386061,0.980725,-12.4889,-0.555556,-0.105493,0.990058,5,31.4583,0,0,12.25,12.0417,0,-9.78671,0.0001,0.0042459,0.0573971,1.93841,0.129661,47534,0.142854,86.79,1.2341
3725,0.257476,0.438543,0.0117415,0.00783683,0.44127,0.251599,0.773441,0.479368,0.0329919,0.0397109,0.028209,0.201601,0.0222806,0,0.342391,0.0735927,3.04065,0.184652,0.298447,0.0925389,0.797304,5.55309,0.812077,0.72949,0.384557,1.3327,0.280794,0.199166,0.49029,0.49029,0,0,-0.00393443,0.0758763,0.952309,0.522918,0.0242511,0.0317419,0.00489648,0.00374942,0.481104,0.022205,-3.90437,-4.09955,17.3399,0.395137,0.982407,-12.0335,-0.555556,-0.10563,0.99505,4.45833,35.0417,0,0,10.7917,14.4167,0,-9.78499,0.0001,0.00173177,0.0567057,1.74302,0.132558,52412,0.142884,86.21,1.27053
3726,0.257961,0.433699,0.0118204,0.00808511,0.444176,0.250138,0.774106,0.470832,0.0325175,0.0404835,0.0278648,0.202532,0.0224971,0,0.343163,0.0721145,3.02261,0.187035,0.298918,0.0921084,0.796541,5.55683,0.813316,0.72771,0.386601,1.33288,0.279001,0.20057,0.46701,0.46701,0,0,-0.00398835,0.0762364,0.951496,0.524442,0.024014,0.0314035,0.00442779,0.00341583,0.478964,0.0218859,-4.07803,-4.68568,17.1131,0.401917,0.97785,-11.6222,-0.555556,-0.10581,0.981927,4.16667,33.7083,0,0,9.16667,12.125,0,-9.78398,0.0001,-0.00197679,0.0628061,1.79625,0.133946,50929,0.142882,85.65,1.14003
3727,0.262462,0.44251,0.0118635,0.00779467,0.450191,0.25568,0.777039,0.473726,0.0323449,0.0409922,0.0277487,0.206405,0.0226762,0,0.348827,0.073076,3.0084,0.188707,0.300654,0.0918503,0.799248,5.55704,0.812796,0.726746,0.386184,1.33365,0.280597,0.204614,0.474412,0.474412,0,0,-0.00398762,0.0749795,0.951436,0.524089,0.0239977,0.0312906,0.00460324,0.00355073,0.477485,0.0218571,-3.97974,-4.86868,16.9714,0.407063,0.976881,-11.4889,-0.555556,-0.106922,1.00591,4.5,34.2917,0,0,9.125,11.2083,0,-9.7857,0.0001,-0.00144447,0.0596863,1.99291,0.139827,46092,0.142875,84.33,1.28934
3728,0.254053,0.430383,0.0118347,0.00830788,0.440462,0.248125,0.779314,0.471198,0.0328553,0.0397561,0.0281263,0.203151,0.0228655,0,0.34414,0.0719553,3.00757,0.189511,0.299407,0.091947,0.792938,5.54701,0.811542,0.727396,0.385149,1.34109,0.277482,0.201337,0.463882,0.463882,0,0,-0.00394197,0.0786869,0.951491,0.520603,0.0243152,0.0316924,0.00439682,0.0033763,0.472888,0.0221886,-3.99061,-4.42248,17.0774,0.403396,0.97366,-11.8014,-0.555556,-0.104893,0.984929,5.125,34.125,0,0,10.5,11.75,0,-9.78521,0.0001,0.00281618,0.0548524,1.78108,0.129601,51449,0.142872,85.57,1.2383
3729,0.26247,0.445552,0.0117263,0.00763575,0.44777,0.25572,0.779136,0.482738,0.0326435,0.0401013,0.0279336,0.205495,0.0225508,0,0.349529,0.0744115,3.01258,0.184309,0.3001,0.0920411,0.798474,5.57178,0.815317,0.72983,0.379844,1.31782,0.283477,0.203099,0.49559,0.49559,0,0,-0.00391384,0.0771874,0.952289,0.527023,0.0241037,0.0314423,0.0048924,0.00373608,0.477674,0.022027,-3.81264,-4.2859,17.0653,0.404467,0.967773,-11.9435,-0.555556,-0.107303,1.02149,3.83333,34.625,0,0,10.625,13.125,0,-9.78745,0.0001,-0.000514136,0.0552147,1.92453,0.152453,47330,0.142809,84.66,1.18672
3730,0.264905,0.449198,0.0116497,0.00754878,0.447951,0.256742,0.775873,0.491409,0.0327225,0.0391687,0.0280248,0.204759,0.0219953,0,0.350021,0.0764856,3.01658,0.179553,0.299256,0.0908745,0.800229,5.58856,0.815742,0.731628,0.380214,1.31542,0.288497,0.202291,0.533198,0.533198,0,0,-0.00388002,0.0751341,0.953736,0.526419,0.0241373,0.0313957,0.00507839,0.00388097,0.482313,0.0221389,-3.76201,-3.80561,17.1643,0.396943,0.955651,-12.2952,-0.555556,-0.108005,1.0255,4.04167,30.0417,0,0,10.125,14.25,0,-9.79228,0.0001,0.00334253,0.0578106,1.78211,0.132793,51336,0.142772,86.12,1.34134
3731,0.263249,0.452267,0.0116036,0.00735063,0.441331,0.25685,0.776832,0.488065,0.034173,0.0370055,0.0291125,0.206281,0.0218212,0,0.352437,0.0756499,3.0051,0.182521,0.300736,0.0932833,0.793184,5.5472,0.811711,0.732673,0.381847,1.33055,0.284158,0.202987,0.511891,0.511891,0,0,-0.00373669,0.0804605,0.954859,0.516628,0.0249762,0.032631,0.00546822,0.00420184,0.480391,0.0230624,-3.44688,-2.49884,17.7668,0.377566,0.964355,-13.0485,-0.555556,-0.10695,1.03597,5.5,29.7917,0,0,12.9167,16.0833,0,-9.79526,0.0001,0.000358393,0.0579762,1.82467,0.138313,50078,0.142724,87.23,1.3558
3732,0.258555,0.43886,0.0116434,0.0076042,0.44041,0.250309,0.773471,0.476364,0.0348378,0.0366298,0.0296188,0.206928,0.0211053,0,0.351271,0.0728162,3.01255,0.18255,0.299347,0.0934574,0.793282,5.53267,0.809549,0.731745,0.385063,1.35583,0.280016,0.203342,0.499477,0.499477,0,0,-0.00369385,0.0779314,0.95505,0.512663,0.0253018,0.0332128,0.00572651,0.00431447,0.479026,0.0234009,-3.46511,-1.95486,18.0407,0.370007,0.965707,-13.3323,-0.555556,-0.106273,0.999009,4.91667,29.9167,0,0,15.75,14.9583,0,-9.79722,0.0001,-0.000326344,0.0549244,1.86723,0.134917,49099,0.142724,87.33,1.31877
3733,0.260755,0.448622,0.0116227,0.00738464,0.437812,0.255083,0.772533,0.487325,0.0352652,0.035045,0.0299853,0.205408,0.0208945,0,0.350191,0.0751142,3.01215,0.181684,0.299152,0.0932873,0.790817,5.52185,0.8071,0.732242,0.386813,1.37128,0.282789,0.201898,0.506118,0.506118,0,0,-0.00363034,0.0806589,0.956211,0.509125,0.0255533,0.0334802,0.00574753,0.0043654,0.480241,0.0237178,-3.46675,-1.31227,18.2236,0.35966,0.956045,-13.741,-0.555556,-0.106098,1.01917,4.45833,27.1667,0,0,16.6667,16.7083,0,-9.79779,0.0001,0.00253031,0.0552028,1.78405,0.135151,51221,0.142734,86.81,1.32076
3734,0.260105,0.447123,0.0116356,0.00760963,0.435613,0.254029,0.77188,0.481403,0.0359603,0.0345514,0.0305422,0.207299,0.0206807,0,0.352289,0.0738422,3.03823,0.183458,0.30034,0.0946611,0.787107,5.50192,0.805511,0.731955,0.388464,1.38926,0.279732,0.203385,0.487453,0.487453,0,0,-0.00358983,0.0817123,0.95655,0.500436,0.0260511,0.0341475,0.00575213,0.0043363,0.47614,0.0242267,-3.50678,-0.896518,18.4716,0.353139,0.965452,-13.9549,-0.555556,-0.105563,1.01426,4.58333,25.625,0,0,16,16.7083,0,-9.79723,0.0001,0.00373612,0.0552441,1.91598,0.164443,47251,0.142737,86.36,1.24086
3735,0.259592,0.445069,0.0116485,0.00776471,0.433067,0.25384,0.77228,0.478145,0.0366802,0.0342511,0.0310949,0.208437,0.0204865,0,0.352168,0.0726026,3.03682,0.185418,0.299692,0.0958463,0.786245,5.47343,0.80256,0.731638,0.392978,1.41522,0.2778,0.204001,0.474743,0.474743,0,0,-0.00355766,0.0809213,0.955906,0.492539,0.0265575,0.0348488,0.00573602,0.00424588,0.469866,0.0246801,-3.56264,-0.525568,18.7978,0.345184,0.977135,-14.0879,-0.555556,-0.104604,1.00745,5.41667,26.2917,0,0,17.7917,15.2083,0,-9.79814,0.0001,0.00179556,0.0551188,1.8078,0.131035,50702,0.14272,86.1,1.28594
3736,0.264071,0.451427,0.0115766,0.00750312,0.435492,0.256691,0.768871,0.48909,0.0355299,0.0355805,0.0302093,0.205931,0.0213896,0,0.350971,0.075304,3.03131,0.183602,0.298666,0.094595,0.791767,5.50623,0.8061,0.733278,0.388234,1.38039,0.285797,0.202132,0.516133,0.516133,0,0,-0.00361436,0.0807361,0.956193,0.502982,0.0258092,0.033828,0.00569703,0.0042928,0.476031,0.0239259,-3.40876,-1.2982,18.3866,0.355725,0.969329,-13.7109,-0.555556,-0.105623,1.0201,4.91667,28.625,0,0,17.0417,16.7083,0,-9.8001,0.0001,-0.000540626,0.0555943,1.77706,0.134924,51414,0.142686,86.31,1.23152
3737,0.264087,0.453293,0.0115752,0.00749236,0.436657,0.256715,0.773311,0.4949,0.0338448,0.0376277,0.028946,0.202573,0.0225319,0,0.348492,0.0773145,3.007,0.186714,0.299578,0.0929736,0.792595,5.54497,0.810792,0.733333,0.383777,1.35106,0.287675,0.199829,0.523589,0.523589,0,0,-0.00378651,0.0817895,0.954854,0.516102,0.0247703,0.0323091,0.00529855,0.00409031,0.479896,0.022853,-3.6931,-2.85155,17.6167,0.378899,0.958489,-12.872,-0.555556,-0.106144,1.03186,4.625,28.8333,0,0,11.7083,14.75,0,-9.80127,0.0001,0.00251133,0.0587131,1.8533,0.131852,49519,0.142711,87.57,1.45444
3738,0.262917,0.448732,0.0116614,0.00758613,0.437251,0.255605,0.777371,0.487041,0.0335943,0.0385511,0.0287451,0.203571,0.0227385,0,0.348178,0.075792,3.00547,0.191732,0.29991,0.0930777,0.793153,5.52731,0.809431,0.731322,0.388757,1.36372,0.284103,0.201081,0.514472,0.514472,0,0,-0.00384905,0.0812088,0.95324,0.512774,0.0247269,0.0322557,0.00474822,0.0036631,0.473147,0.0226963,-3.96601,-3.56947,17.4866,0.385172,0.969017,-12.3794,-0.555556,-0.105536,1.02656,4.66667,31.4167,0,0,11.7083,14.5833,0,-9.80172,0.0001,0.000697314,0.0539688,1.80023,0.13422,50817,0.142708,85.57,1.23146
3739,0.266457,0.457639,0.0116113,0.00738301,0.440433,0.260707,0.775167,0.497967,0.0333584,0.038865,0.0285454,0.20466,0.0227998,0,0.351063,0.0776015,3.00639,0.186308,0.299255,0.0928061,0.79657,5.5541,0.811673,0.732494,0.384593,1.34677,0.289072,0.202296,0.534314,0.534314,0,0,-0.00384249,0.0796728,0.953709,0.517083,0.0245703,0.0320177,0.00540067,0.00415141,0.479141,0.0225249,-3.71407,-3.52032,17.4744,0.386671,0.96632,-12.4102,-0.555556,-0.106514,1.04718,3.95833,29.7083,0,0,11.25,14.4167,0,-9.80578,0.0001,0.000149482,0.057886,1.93126,0.161899,46964,0.142682,88.18,1.52664
3740,0.2646,0.451985,0.0116384,0.00760567,0.43823,0.257187,0.77573,0.493609,0.0332995,0.0386376,0.0285381,0.20447,0.0230791,0,0.350953,0.0770831,2.99951,0.186309,0.299305,0.0926381,0.795524,5.54653,0.810437,0.731879,0.384722,1.3471,0.287866,0.20228,0.519542,0.519542,0,0,-0.00381923,0.0815841,0.953496,0.516287,0.0246184,0.0319629,0.00531711,0.00410456,0.477489,0.0225726,-3.7067,-3.47973,17.4391,0.387296,0.965062,-12.4188,-0.555556,-0.105983,1.03571,4.5,32.2917,0,0,11.5833,13.9583,0,-9.80976,0.0001,-0.00170989,0.0586088,1.79884,0.131812,50917,0.142615,86.74,1.32679
3741,0.264029,0.450957,0.0116649,0.00750693,0.437417,0.25703,0.775649,0.484932,0.0341994,0.0378711,0.0292392,0.207201,0.0226546,0,0.353914,0.0751847,3.00729,0.188244,0.30091,0.0943019,0.791759,5.517,0.806886,0.73125,0.389491,1.37967,0.283281,0.204702,0.498077,0.498077,0,0,-0.00376818,0.08233,0.953503,0.506531,0.0252028,0.0328097,0.00516113,0.00397576,0.472454,0.0231471,-3.80356,-3.00058,17.7927,0.377166,0.976633,-12.645,-0.555556,-0.105528,1.03096,4.54167,31.6667,0,0,13.6667,13.625,0,-9.81325,0.0001,0.00287857,0.0585871,1.7876,0.146388,50829,0.142601,85.9,1.31121
3742,0.264116,0.451467,0.0116548,0.00747172,0.436119,0.256442,0.775559,0.48638,0.0344634,0.0370451,0.0294594,0.206032,0.0220451,0,0.351875,0.0754239,3.02304,0.188584,0.299255,0.0938961,0.788205,5.51207,0.806323,0.731486,0.389803,1.37632,0.283756,0.202981,0.518088,0.518088,0,0,-0.0037162,0.0828197,0.954345,0.504316,0.0253613,0.0329673,0.00545993,0.0042147,0.47286,0.0233978,-3.73101,-2.52767,17.8418,0.372751,0.971085,-12.982,-0.555556,-0.105563,1.03273,4.625,29.2917,0,0,12.5833,15.1667,0,-9.81431,0.0001,0.00150948,0.0552467,2.04733,0.13744,44995,0.142581,87.41,1.26593
3743,0.262699,0.447668,0.0116264,0.00759741,0.434146,0.254528,0.774495,0.484706,0.0353226,0.0360243,0.0300759,0.208165,0.0217022,0,0.35441,0.0747594,3.01902,0.187324,0.300286,0.094777,0.78917,5.50283,0.80569,0.732162,0.390252,1.38441,0.283272,0.204571,0.507418,0.507418,0,0,-0.00361511,0.0835627,0.955829,0.50073,0.0257643,0.0336931,0.00569907,0.00436781,0.473073,0.0238483,-3.44474,-1.63484,18.2554,0.358643,0.969496,-13.4846,-0.555556,-0.105129,1.02294,4.41667,27.4167,0,0,14.4583,16.125,0,-9.81719,0.0001,0.000987393,0.0623481,1.79403,0.131127,51062,0.142535,86.79,1.20828
3744,0.263184,0.449407,0.0116559,0.0074687,0.433587,0.255074,0.773335,0.485212,0.0348932,0.0365308,0.02976,0.206038,0.0219855,0,0.351712,0.0752885,3.02179,0.187951,0.299705,0.0945272,0.787387,5.50405,0.805458,0.731564,0.38935,1.38621,0.283186,0.20291,0.51652,0.51652,0,0,-0.0036919,0.0833639,0.954358,0.502825,0.0255786,0.0333536,0.00553507,0.00426686,0.473583,0.0235983,-3.64019,-2.20779,18.0458,0.366493,0.972212,-13.1505,-0.555556,-0.105036,1.02282,4.33333,30.0417,0,0,13.625,15.1667,0,-9.81844,0.0001,0.0043574,0.0553734,1.88561,0.171036,47798,0.14253,87.6,1.54782
3745,0.266548,0.462086,0.0115561,0.00698393,0.438801,0.26054,0.772905,0.502224,0.0341652,0.037424,0.02921,0.204976,0.0219598,0,0.353047,0.0790904,3.01437,0.186885,0.299763,0.09335,0.791335,5.53711,0.809162,0.733796,0.384283,1.36112,0.288561,0.201885,0.562884,0.562884,0,0,-0.00369126,0.0805556,0.954768,0.512041,0.0250798,0.0326518,0.00562352,0.00436829,0.478703,0.0231519,-3.71103,-2.54099,17.7115,0.375956,0.959469,-13.0457,-0.555556,-0.107037,1.05339,4.70833,29.0417,0,0,12.75,17.3333,0,-9.81739,0.0001,0.00052754,0.0532524,1.81611,0.133461,50423,0.142559,88.21,1.28159
3746,0.266632,0.458777,0.0116049,0.00715083,0.4425,0.260671,0.776507,0.494268,0.0340463,0.0380172,0.029112,0.207428,0.0220397,0,0.355863,0.076943,3.00931,0.187539,0.300933,0.0934191,0.794557,5.53917,0.810752,0.73264,0.383619,1.35214,0.287039,0.204953,0.531308,0.531308,0,0,-0.00373945,0.079907,0.953983,0.510761,0.0250965,0.0326394,0.00558763,0.0043402,0.479191,0.0230745,-3.73449,-2.85873,17.6851,0.380487,0.964924,-12.7767,-0.555556,-0.107182,1.05239,4.5,30.5,0,0,14.0417,13.9167,0,-9.81645,0.0001,0.000488719,0.0575023,1.81732,0.132139,50426,0.142579,87.28,1.39067
3747,0.266075,0.453819,0.0116692,0.00734913,0.442746,0.258912,0.778863,0.488563,0.033681,0.038501,0.0287839,0.206539,0.0222203,0,0.352019,0.0758699,2.99246,0.18967,0.300507,0.0932553,0.795407,5.54099,0.81128,0.731182,0.386124,1.35078,0.285382,0.203569,0.505688,0.505688,0,0,-0.00379023,0.0805323,0.953695,0.513076,0.0248381,0.0323717,0.00543439,0.00423166,0.478148,0.0228042,-3.76699,-3.39477,17.4626,0.387021,0.967495,-12.462,-0.555556,-0.106803,1.0452,4.54167,31.0417,0,0,11.2917,15.0417,0,-9.81596,0.0001,0.00302647,0.0562727,2.05909,0.142133,44658,0.142603,87.04,1.35934
3748,0.265944,0.454933,0.0117006,0.00729937,0.443646,0.25947,0.779671,0.491012,0.0332669,0.0385996,0.0285196,0.205953,0.0223313,0,0.351572,0.0766702,3.0166,0.189395,0.300529,0.0921619,0.794381,5.54727,0.811447,0.730465,0.38523,1.3475,0.285895,0.203418,0.538103,0.538103,0,0,-0.00381472,0.0791222,0.953298,0.515468,0.0246297,0.0319757,0.00515768,0.00405396,0.479623,0.0225963,-3.92913,-3.65031,17.2693,0.391819,0.962206,-12.3453,-0.555556,-0.106987,1.04772,4.5,30.0833,0,0,10,13.8333,0,-9.81583,0.0001,0.00399689,0.0611755,1.78818,0.135242,51108,0.142585,87.35,1.56017
3749,0.263059,0.452036,0.0116727,0.00748194,0.436795,0.257653,0.780982,0.486168,0.0345849,0.0375911,0.0295119,0.206918,0.022004,0,0.351885,0.0749713,3.00665,0.189994,0.300264,0.0945628,0.789818,5.51418,0.807873,0.731112,0.389266,1.37052,0.282341,0.203483,0.499017,0.499017,0,0,-0.00371498,0.083126,0.953644,0.506169,0.0254065,0.0331283,0.00569147,0.00442129,0.476619,0.0233824,-3.60713,-2.65127,17.8376,0.375735,0.975287,-12.8706,-0.555556,-0.10543,1.04457,6.04167,32.2917,0,0,13.6667,14.3333,0,-9.81736,0.0001,0.00105086,0.0645138,1.99376,0.132072,46242,0.142597,86.01,1.41423
3750,0.264097,0.454364,0.011666,0.00718638,0.435415,0.258442,0.783512,0.487776,0.0348003,0.0375245,0.0297194,0.208204,0.0219665,0,0.354057,0.0756484,3.02024,0.190167,0.301361,0.0944158,0.785668,5.49632,0.804962,0.73123,0.390452,1.38204,0.282694,0.20463,0.516462,0.516462,0,0,-0.00369026,0.0838493,0.953835,0.50258,0.0255632,0.0333256,0.00566173,0.00440418,0.47268,0.0235566,-3.64422,-2.51051,17.8715,0.37318,0.9728,-12.9749,-0.555556,-0.105224,1.05299,4.95833,30.7917,0,0,12.7083,15.375,0,-9.8181,0.0001,-0.00182282,0.0605982,1.79195,0.135713,50996,0.142594,85.84,1.43084
3751,0.264348,0.454528,0.0116577,0.00741466,0.438902,0.258219,0.788712,0.490775,0.0336282,0.0389856,0.0287932,0.205705,0.0227654,0,0.351792,0.076356,3.02658,0.191995,0.299139,0.0943893,0.793387,5.52751,0.809167,0.731436,0.386441,1.35764,0.284876,0.20314,0.514505,0.514505,0,0,-0.00380932,0.0818852,0.952682,0.51044,0.0248805,0.0323674,0.00527301,0.00411071,0.472046,0.0228217,-3.93541,-3.67561,17.4263,0.388927,0.978763,-12.2932,-0.555556,-0.106084,1.06669,4.625,33.375,0,0,10.9167,14.25,0,-9.82114,0.0001,0.00150085,0.0589701,1.80583,0.13391,50678,0.142564,86.67,1.49433
3752,0.264655,0.452733,0.0116904,0.00751444,0.442098,0.259005,0.787883,0.491475,0.0327384,0.0405804,0.028109,0.204916,0.0233313,0,0.350142,0.0766483,3.00464,0.193183,0.299235,0.0933719,0.797155,5.55016,0.811769,0.730654,0.383211,1.34238,0.286627,0.203055,0.516352,0.516352,0,0,-0.00391253,0.0799778,0.951629,0.51625,0.0243567,0.0316719,0.0048852,0.00381949,0.472005,0.0221814,-4.06143,-4.65688,17.0575,0.403034,0.977238,-11.6748,-0.555556,-0.106123,1.06021,4.91667,33.8333,0,0,8.79167,12.9167,0,-9.82482,0.0001,0.00859693,0.06347,1.95364,0.136517,47031,0.142571,87.51,1.62041
3753,0.264547,0.455524,0.0116743,0.00739814,0.441108,0.259398,0.792557,0.494959,0.0331235,0.0398395,0.0283873,0.205451,0.0233241,0,0.351657,0.0776986,3.00084,0.191751,0.300291,0.0936156,0.795515,5.55437,0.812741,0.731085,0.383084,1.33668,0.286639,0.20315,0.530617,0.530617,0,0,-0.00385066,0.0811703,0.952239,0.515841,0.0245627,0.0319502,0.00510924,0.00402792,0.473542,0.0224302,-3.92735,-4.19734,17.1583,0.39863,0.971756,-11.9768,-0.555556,-0.106417,1.08018,4.875,32.6667,0,0,9.125,13.5417,0,-9.82476,0.0001,0.004604,0.059172,1.78956,0.128954,51239,0.142578,86.77,1.57002
3754,0.265325,0.456007,0.0116739,0.00730241,0.445069,0.259536,0.790958,0.49292,0.0332512,0.0389093,0.0284997,0.206226,0.0227915,0,0.352897,0.0772155,2.99726,0.18948,0.300484,0.0934477,0.795607,5.54907,0.81176,0.731062,0.382298,1.33506,0.286467,0.20376,0.521179,0.521179,0,0,-0.0038331,0.0789867,0.95309,0.518081,0.0245404,0.0319644,0.00516215,0.00405179,0.47634,0.0224748,-3.85345,-3.75254,17.2648,0.394331,0.969478,-12.2383,-0.555556,-0.10743,1.07467,5.625,32.25,0,0,9.83333,13.1667,0,-9.82488,0.0001,0.0125015,0.0622009,1.97242,0.136273,46618,0.142586,87.21,1.51193
3755,0.266234,0.459089,0.0115343,0.00716919,0.440687,0.258969,0.789909,0.50167,0.033536,0.0377536,0.0287266,0.203498,0.0227173,0,0.351792,0.0791112,3.01834,0.186308,0.298924,0.0931161,0.796113,5.56654,0.81322,0.734257,0.379632,1.32949,0.290467,0.201057,0.550314,0.550314,0,0,-0.00375747,0.0817123,0.954512,0.517733,0.0247047,0.0320981,0.00543062,0.00426073,0.479522,0.0227336,-3.76541,-3.10881,17.3885,0.386996,0.955712,-12.7374,-0.555556,-0.107523,1.08378,5.20833,30,0,0,11.625,15,0,-9.82531,0.0001,0.00129832,0.0642557,1.78687,0.133922,51178,0.14259,87.56,1.44956
3756,0.26865,0.461234,0.011558,0.0069967,0.444456,0.260773,0.786474,0.496683,0.0344861,0.0365716,0.029419,0.208886,0.0216846,0,0.357394,0.0778937,3.03947,0.183731,0.299785,0.0940276,0.792529,5.55348,0.811385,0.733741,0.38009,1.33422,0.288532,0.205222,0.539823,0.539823,0,0,-0.00367106,0.0808054,0.955785,0.511594,0.0252419,0.0329065,0.00579874,0.00448447,0.47732,0.0233363,-3.54429,-2.1979,17.7617,0.37509,0.960794,-13.2512,-0.555556,-0.108112,1.0801,5.45833,29.7083,0,0,12.7917,16.9167,0,-9.82553,0.0001,0.00118419,0.0625061,1.77304,0.139924,51388,0.142625,88.94,1.597
3757,0.261338,0.448436,0.0116405,0.00743269,0.435419,0.254599,0.783177,0.483771,0.0359692,0.0351353,0.03057,0.208237,0.0209114,0,0.353605,0.0743525,3.03673,0.187043,0.298655,0.0954055,0.786178,5.4972,0.805389,0.73184,0.387136,1.37817,0.280627,0.204093,0.503132,0.503132,0,0,-0.00358221,0.0836387,0.955657,0.49884,0.0261598,0.0342197,0.00572618,0.00438047,0.471953,0.0242784,-3.55354,-1.14941,18.3103,0.357941,0.968528,-13.789,-0.555556,-0.105546,1.04131,5.83333,28.8333,0,0,16.0833,17.0417,0,-9.82441,0.0001,0.00147224,0.0565881,1.9098,0.128329,48232,0.14265,87.88,1.47532
3758,0.264279,0.454197,0.0115905,0.00726199,0.437844,0.257203,0.781203,0.484754,0.0360679,0.0349671,0.0306132,0.208997,0.0210477,0,0.35586,0.0746358,3.0392,0.186113,0.299864,0.0959779,0.785273,5.50103,0.80567,0.733001,0.385946,1.37369,0.281348,0.204709,0.509505,0.509505,0,0,-0.00357857,0.0840956,0.956336,0.500571,0.0261546,0.0342738,0.00593649,0.00455465,0.474805,0.0242922,-3.41283,-0.937778,18.3892,0.355683,0.969149,-13.9186,-0.555556,-0.106464,1.05081,5.29167,27.2917,0,0,15.125,17.5417,0,-9.82425,0.0001,0.00316744,0.0588984,1.77548,0.134963,51456,0.142652,87.16,1.53599
3759,0.26682,0.456926,0.0115684,0.00725745,0.441126,0.258893,0.782387,0.491714,0.0356496,0.035292,0.03028,0.209029,0.0211891,0,0.357327,0.0762026,3.0253,0.184462,0.300052,0.0951033,0.79016,5.52611,0.808175,0.733504,0.38367,1.3554,0.286697,0.205234,0.514566,0.514566,0,0,-0.00359165,0.0813557,0.956651,0.506093,0.0258267,0.0338802,0.0058706,0.0045152,0.479412,0.0239645,-3.39261,-1.13404,18.2691,0.358574,0.959796,-13.8043,-0.555556,-0.107321,1.06086,5.41667,27.2083,0,0,16,17.4167,0,-9.82444,0.0001,-0.000611773,0.0586958,1.96165,0.128361,47035,0.14264,87.91,1.44638
3760,0.264983,0.457925,0.0115341,0.00712486,0.438945,0.258293,0.778756,0.494106,0.0355178,0.035656,0.0301606,0.206691,0.0213368,0,0.353732,0.0764487,3.02471,0.186258,0.298781,0.0948289,0.793039,5.52798,0.808874,0.734292,0.382561,1.35894,0.285105,0.202628,0.53756,0.53756,0,0,-0.00359773,0.0807887,0.956964,0.507478,0.0256985,0.0337325,0.00605589,0.00468878,0.482844,0.0238619,-3.30152,-1.147,18.2689,0.358096,0.962213,-13.8034,-0.555556,-0.107112,1.05652,5.70833,28.3333,0,0,15.9583,17.0833,0,-9.826,0.0001,-0.0004368,0.0540404,1.80009,0.134291,50819,0.142651,88.06,1.57738
3761,0.267018,0.461293,0.0115316,0.0072146,0.442729,0.260905,0.779167,0.497407,0.0346784,0.0366363,0.0295308,0.206723,0.0216356,0,0.354325,0.0775843,3.03843,0.186659,0.29849,0.094303,0.794829,5.54389,0.811018,0.734311,0.380794,1.34159,0.287103,0.203002,0.532502,0.532502,0,0,-0.00370337,0.0810038,0.956025,0.514337,0.0252124,0.0330172,0.00570553,0.004412,0.482545,0.0233306,-3.43703,-1.9968,17.9183,0.369511,0.96088,-13.3286,-0.555556,-0.107868,1.06433,5.45833,29.3333,0,0,13.5833,16.5833,0,-9.82624,0.0001,0.000527511,0.0574699,1.78766,0.132873,51185,0.142665,86.38,1.3841
3762,0.264282,0.453553,0.0115539,0.00718072,0.437969,0.256808,0.782827,0.492399,0.034658,0.0368957,0.0294963,0.206499,0.0221151,0,0.352733,0.0763878,3.03872,0.187494,0.298313,0.0949878,0.792906,5.54449,0.811948,0.733819,0.381945,1.33218,0.28589,0.202764,0.542638,0.542638,0,0,-0.00367931,0.0840301,0.955884,0.514156,0.02522,0.0330219,0.00602085,0.00469564,0.485556,0.0233299,-3.21679,-2.02387,17.9238,0.369752,0.962534,-13.2786,-0.555556,-0.10647,1.05588,5.08333,29.75,0,0,13.125,16.6667,0,-9.82546,0.0001,-0.000517672,0.0590657,1.91642,0.14051,47791,0.142683,86.15,1.31713
3763,0.268246,0.459951,0.0116266,0.00701199,0.445035,0.261277,0.784181,0.493801,0.0341112,0.0376557,0.0291056,0.207426,0.0218664,0,0.354696,0.077258,3.05312,0.188145,0.298828,0.0939934,0.793605,5.55208,0.810566,0.732177,0.381461,1.33943,0.287112,0.204247,0.536782,0.536782,0,0,-0.00376817,0.0819625,0.954729,0.51656,0.0249304,0.0325756,0.00560556,0.00433943,0.481529,0.0229669,-3.63249,-2.69186,17.6524,0.379731,0.961998,-12.9023,-0.555556,-0.107831,1.06815,4.5,29.5417,0,0,11.8333,15.125,0,-9.82735,0.0001,-0.00144525,0.0597742,1.78811,0.141734,50938,0.142664,87.9,1.44094
3764,0.272347,0.468754,0.0115409,0.00693808,0.446314,0.264288,0.782622,0.499779,0.0344103,0.0369518,0.0293181,0.209058,0.0217451,0,0.359738,0.078705,3.03729,0.187023,0.300324,0.0939998,0.791969,5.54799,0.811461,0.734129,0.380431,1.33453,0.289832,0.205688,0.531149,0.531149,0,0,-0.00372841,0.0817724,0.95541,0.517726,0.0250426,0.0327825,0.00557636,0.00431073,0.480273,0.0231298,-3.54459,-2.18888,17.8142,0.372704,0.955421,-13.195,-0.555556,-0.108983,1.08798,5.41667,30.5833,0,0,13.375,16.0417,0,-9.83027,0.0001,-0.00204871,0.0592791,1.8414,0.19313,48317,0.142632,86.69,1.3312
3765,0.269802,0.466356,0.0115414,0.00683284,0.444656,0.262792,0.783453,0.49758,0.0347127,0.0363364,0.0295597,0.209613,0.0211064,0,0.358793,0.0779858,3.0428,0.185966,0.301238,0.0939139,0.786891,5.54484,0.810717,0.734093,0.380677,1.33408,0.287154,0.20534,0.534612,0.534612,0,0,-0.00371752,0.0829404,0.956334,0.515861,0.0251624,0.0329663,0.00561264,0.00430304,0.478122,0.0233124,-3.50236,-1.83772,17.9256,0.367394,0.951367,-13.4603,-0.555556,-0.108598,1.08107,5.66667,28.5417,0,0,12.8333,17.25,0,-9.83556,0.0001,0.000325038,0.0609564,1.82728,0.137528,50032,0.142617,87.48,1.50688
3766,0.270194,0.468527,0.0115264,0.00690099,0.44302,0.263428,0.783292,0.501043,0.035006,0.0353601,0.0298119,0.209793,0.0210256,0,0.360877,0.0785542,3.04,0.184237,0.300373,0.0938251,0.78815,5.5321,0.808742,0.734451,0.382802,1.35193,0.288089,0.205959,0.547752,0.547752,0,0,-0.00366212,0.0839233,0.956618,0.51409,0.0253429,0.0331753,0.00562743,0.00430768,0.476553,0.0235177,-3.52682,-1.36328,18.0733,0.362014,0.950187,-13.7392,-0.555556,-0.108518,1.08854,4.66667,28.0417,0,0,14.375,17,0,-9.83718,0.0001,0.00126242,0.0557897,1.80514,0.1414,50501,0.142625,87.1,1.44535
3767,0.269749,0.465104,0.0115625,0.0071223,0.442067,0.263017,0.782396,0.496311,0.0353334,0.0356306,0.0300345,0.210035,0.0203863,0,0.35798,0.0775112,3.06601,0.185091,0.300083,0.0941424,0.787848,5.52744,0.808278,0.733615,0.384185,1.3499,0.287245,0.205599,0.517873,0.517873,0,0,-0.00366921,0.0823941,0.956823,0.510622,0.0255221,0.0335225,0.00562526,0.00423751,0.47361,0.0236868,-3.53883,-1.26145,18.2184,0.357584,0.953369,-13.7667,-0.555556,-0.107619,1.0772,5.66667,28.75,0,0,14.625,18.9167,0,-9.83868,0.0001,-0.0019325,0.0559435,2.01543,0.134414,45726,0.142625,87.49,1.49046
3768,0.26869,0.464758,0.0115684,0.00691896,0.439132,0.262286,0.784763,0.496278,0.035491,0.0354641,0.0301674,0.20857,0.0209759,0,0.35633,0.0776791,3.0586,0.187981,0.299488,0.0949471,0.786039,5.51721,0.807111,0.733548,0.385251,1.35309,0.286555,0.204116,0.531327,0.531327,0,0,-0.00366321,0.0851691,0.956428,0.509588,0.0256339,0.0336796,0.0055155,0.00419406,0.474168,0.0237653,-3.51564,-1.2419,18.2646,0.356593,0.956038,-13.767,-0.555556,-0.107128,1.08284,5.79167,27.7083,0,0,13.8333,17.1667,0,-9.83903,0.0001,0.00124994,0.0634797,1.82056,0.134512,50281,0.142647,86.2,1.31883
3769,0.266667,0.457813,0.0116245,0.0071634,0.439206,0.258707,0.784927,0.490927,0.0354901,0.035767,0.0301629,0.210113,0.0210325,0,0.358336,0.0763649,3.05172,0.189157,0.301114,0.0951949,0.786536,5.51535,0.805959,0.732356,0.386461,1.36506,0.285269,0.205812,0.521768,0.521768,0,0,-0.00367854,0.0841647,0.956035,0.509485,0.0256013,0.0337109,0.00543901,0.00414131,0.472507,0.0237264,-3.56252,-1.30352,18.2402,0.357085,0.956066,-13.6868,-0.555556,-0.106975,1.06653,5.625,27.5833,0,0,14.4583,17.375,0,-9.83808,0.0001,0.000414419,0.0607288,1.88052,0.214182,46929,0.142655,86.68,1.31938
3770,0.268059,0.461304,0.0115765,0.00708391,0.441317,0.260723,0.786978,0.492026,0.0349196,0.0364272,0.0297594,0.209207,0.0211674,0,0.357458,0.0765347,3.06182,0.188387,0.300404,0.0945745,0.788022,5.52379,0.807091,0.733285,0.384657,1.36243,0.285729,0.205091,0.516679,0.516679,0,0,-0.00373227,0.0830288,0.955466,0.511631,0.0253119,0.0332178,0.00521146,0.00392855,0.469874,0.0233869,-3.76656,-1.87683,18.0489,0.364507,0.957735,-13.3771,-0.555556,-0.107441,1.07778,5.625,30.125,0,0,14.125,16.7917,0,-9.83888,0.0001,0.00116308,0.057977,1.86228,0.133724,49250,0.142656,87.26,1.42792
3771,0.273351,0.474662,0.0114427,0.00646807,0.442611,0.26577,0.786886,0.508642,0.0344726,0.0365387,0.0294188,0.207698,0.021208,0,0.35894,0.0803823,3.05304,0.185944,0.299597,0.0933423,0.791535,5.54683,0.810528,0.73636,0.380876,1.3387,0.292098,0.203659,0.573955,0.573955,0,0,-0.00372638,0.0833041,0.956173,0.517085,0.0250691,0.0327323,0.00551257,0.00422481,0.477427,0.023215,-3.60733,-1.80754,17.9122,0.366371,0.944363,-13.5251,-0.555556,-0.108916,1.11215,5.5,28.1667,0,0,12.875,16.875,0,-9.83997,0.0001,-0.00152189,0.0580736,1.77592,0.13141,51540,0.142634,86.32,1.39068
3772,0.274298,0.472728,0.0114612,0.00665366,0.447616,0.266433,0.786575,0.505055,0.0345898,0.0365666,0.0294199,0.211144,0.0208904,0,0.362205,0.0796852,3.06445,0.186165,0.301796,0.0936078,0.794973,5.56689,0.812624,0.735934,0.381156,1.32192,0.292103,0.206684,0.539914,0.539914,0,0,-0.00376873,0.0825368,0.956766,0.520625,0.0249769,0.0328322,0.00580367,0.00439837,0.480468,0.023105,-3.39521,-1.76542,18.0404,0.363432,0.946404,-13.4978,-0.555556,-0.109495,1.10532,5.04167,27.0417,0,0,13.1667,17.375,0,-9.84276,0.0001,0.000369219,0.0633116,2.03663,0.133312,45302,0.142617,88.02,1.61566
3773,0.274216,0.468741,0.0115221,0.00675386,0.444923,0.263971,0.789007,0.500596,0.034149,0.0370159,0.0291485,0.20864,0.0212601,0,0.359071,0.079277,3.06739,0.188306,0.299691,0.0929129,0.790534,5.55703,0.810541,0.734543,0.38374,1.32951,0.291849,0.204951,0.539271,0.539271,0,0,-0.00380025,0.0830404,0.955655,0.519327,0.0248498,0.0324769,0.00533184,0.00407315,0.478974,0.0229413,-3.70115,-2.27563,17.788,0.370686,0.943249,-13.2197,-0.555556,-0.108821,1.09776,5.79167,29.4583,0,0,12.5417,16.9583,0,-9.84164,0.0001,0.00458848,0.0604097,1.79413,0.129561,51101,0.142632,87.92,1.74005
3774,0.272949,0.469237,0.0114601,0.00670656,0.4423,0.263206,0.791694,0.501691,0.0346632,0.0363581,0.0294987,0.209756,0.0212808,0,0.360807,0.0790749,3.06139,0.187824,0.300339,0.0943141,0.791819,5.55537,0.811516,0.73604,0.382349,1.32368,0.291344,0.205349,0.540273,0.540273,0,0,-0.00374346,0.0839745,0.956108,0.517907,0.0251328,0.0329056,0.00583409,0.00447222,0.482358,0.0232623,-3.46968,-1.75075,18.0612,0.362981,0.949388,-13.5234,-0.555556,-0.10864,1.10848,5.95833,29.25,0,0,13.625,17.2917,0,-9.8387,0.0001,0.0016741,0.0604319,1.98964,0.185606,45192,0.142646,88.84,1.65079
3775,0.274714,0.474077,0.0114748,0.00664285,0.444654,0.266396,0.791483,0.505076,0.0348257,0.0359111,0.0296605,0.208991,0.0209045,0,0.359872,0.079783,3.07783,0.187297,0.298809,0.0934861,0.792263,5.55471,0.81002,0.73564,0.384326,1.33096,0.292216,0.204932,0.552623,0.552623,0,0,-0.0037038,0.0829353,0.956766,0.516068,0.0252175,0.0329915,0.00570581,0.00435777,0.480122,0.0233607,-3.51337,-1.41495,18.1592,0.35811,0.944479,-13.7344,-0.555556,-0.109105,1.11794,5.5,28.25,0,0,13.8333,17.4583,0,-9.83903,0.0001,0.000511993,0.0621711,1.80999,0.139864,50416,0.142638,88.83,1.71606
3776,0.270706,0.46546,0.011464,0.00683864,0.44061,0.261419,0.790143,0.496144,0.0352904,0.0349976,0.02995,0.211473,0.0206979,0,0.3624,0.0779126,3.07232,0.188429,0.30109,0.0945405,0.787898,5.5484,0.81034,0.735869,0.382515,1.32836,0.288187,0.206656,0.5312,0.5312,0,0,-0.00364853,0.0867978,0.957475,0.514743,0.0254659,0.0333999,0.00586205,0.00447658,0.480153,0.0236578,-3.23017,-0.938057,18.3672,0.35159,0.947605,-13.9851,-0.555556,-0.108073,1.09461,6.95833,27.625,0,0,14,18.5833,0,-9.8379,0.0001,0.00303787,0.0598305,1.81582,0.133875,50420,0.142644,87.4,1.44174
3777,0.269737,0.462236,0.0114856,0.00679612,0.440355,0.260392,0.787769,0.492962,0.0355545,0.0351042,0.0301812,0.211322,0.0205108,0,0.361311,0.076973,3.07948,0.188917,0.300363,0.0949621,0.787183,5.53743,0.809423,0.735371,0.384465,1.33892,0.287068,0.206475,0.528649,0.528649,0,0,-0.00368978,0.084847,0.956603,0.510849,0.025672,0.0336852,0.00563839,0.00423928,0.475815,0.0237981,-3.40428,-0.947144,18.4594,0.351839,0.95489,-13.9474,-0.555556,-0.107765,1.0805,6.41667,29.1667,0,0,15.375,18.0417,0,-9.83827,0.0001,-0.00205191,0.0637423,2.10454,0.134321,43908,0.142575,89.23,1.6677
3778,0.273326,0.469189,0.0115442,0.00674701,0.448427,0.264559,0.791682,0.496523,0.0352635,0.0357604,0.0299448,0.212232,0.0204355,0,0.362831,0.0779307,3.06188,0.190314,0.300716,0.094005,0.793031,5.5401,0.809667,0.734035,0.384769,1.34188,0.288401,0.207685,0.521281,0.521281,0,0,-0.00367535,0.0816722,0.956214,0.512107,0.0255353,0.0334803,0.00560524,0.00423378,0.475567,0.0236477,-3.51722,-1.2968,18.2481,0.358316,0.948695,-13.7396,-0.555556,-0.109496,1.10511,5.75,28.625,0,0,15.4583,17.5,0,-9.84329,0.0001,0.00143606,0.0602782,1.80025,0.135887,50773,0.142538,86.62,1.53285
3779,0.274862,0.476601,0.0114608,0.00650887,0.445071,0.266921,0.791296,0.508187,0.0345767,0.0366173,0.0294305,0.210312,0.02113,0,0.362304,0.0806438,3.04307,0.190759,0.300078,0.0937154,0.793581,5.55858,0.81163,0.735979,0.382769,1.32082,0.291989,0.205963,0.559615,0.559615,0,0,-0.00375576,0.0832639,0.955938,0.517509,0.0251498,0.0328471,0.00568603,0.00437184,0.481188,0.0232642,-3.396,-1.80553,18.026,0.363265,0.943698,-13.4792,-0.555556,-0.109469,1.1208,5.95833,29.5417,0,0,12.0417,16.7917,0,-9.84378,0.0001,0.0016083,0.0640878,1.94426,0.135232,47273,0.142545,87.42,1.59011
3780,0.276956,0.478861,0.0114081,0.00613751,0.44881,0.267932,0.796165,0.511668,0.0340328,0.0368696,0.0290331,0.207745,0.0212554,0,0.359519,0.0814962,3.06435,0.188424,0.298295,0.092935,0.799442,5.57967,0.814097,0.737159,0.380102,1.30387,0.296037,0.203669,0.593365,0.593365,0,0,-0.00380282,0.0798451,0.956124,0.521959,0.0247551,0.0323366,0.00540924,0.00412292,0.481025,0.0228549,-3.65639,-2.15084,17.8464,0.368259,0.939219,-13.3463,-0.555556,-0.110553,1.14114,6.41667,29.625,0,0,12,16.625,0,-9.84241,0.0001,0.00589602,0.0611705,1.82971,0.138447,49947,0.142528,87.99,1.75952
3781,0.278994,0.487612,0.0114009,0.00616974,0.449335,0.272578,0.79582,0.521459,0.0334498,0.0379041,0.0285869,0.208026,0.0216947,0,0.360944,0.0839486,3.06407,0.189284,0.299287,0.0925642,0.802109,5.58828,0.815015,0.737323,0.380082,1.30223,0.297938,0.20434,0.596129,0.596129,0,0,-0.00385731,0.0804038,0.955275,0.525267,0.0244574,0.0318539,0.00540951,0.00417246,0.484722,0.0225263,-3.7079,-2.81443,17.5683,0.378154,0.941755,-12.9706,-0.555556,-0.110746,1.15921,6.20833,31.375,0,0,11.0833,16.875,0,-9.84215,0.0001,0.000479655,0.0631988,1.80368,0.13144,50800,0.142536,88.56,1.73605
3782,0.273107,0.474666,0.0114212,0.00644906,0.443249,0.264995,0.796645,0.510842,0.0339735,0.0369847,0.0289787,0.207121,0.0216099,0,0.3588,0.0813189,3.05022,0.191152,0.300216,0.0934675,0.795836,5.57219,0.814326,0.73686,0.38014,1.3049,0.294007,0.203124,0.57312,0.57312,0,0,-0.00379772,0.0834197,0.955407,0.52318,0.0247307,0.0323151,0.00557374,0.00433631,0.486481,0.0228402,-3.57479,-2.35859,17.7785,0.37179,0.944527,-13.2013,-0.555556,-0.109328,1.13103,6.29167,31.4583,0,0,12.125,16.4167,0,-9.84341,0.0001,0.000323475,0.0606151,1.97553,0.135392,46569,0.142527,88.24,1.69373
3783,0.277279,0.483086,0.011393,0.00621153,0.447469,0.269532,0.795112,0.516622,0.033652,0.0377563,0.0286884,0.207689,0.0217659,0,0.360233,0.0825818,3.05953,0.190598,0.300224,0.0932875,0.799098,5.59079,0.815401,0.737507,0.378629,1.29213,0.295738,0.203652,0.57672,0.57672,0,0,-0.00383917,0.0820272,0.956088,0.528323,0.0244586,0.0319789,0.00579458,0.00451259,0.490268,0.0225649,-3.36508,-2.49207,17.7232,0.373058,0.941811,-13.1199,-0.555556,-0.110394,1.14972,6.375,29.5833,0,0,10.75,16.125,0,-9.84454,0.0001,0.00672361,0.0658324,1.82489,0.134223,50177,0.142532,88.87,1.84499
3784,0.276199,0.475848,0.0114702,0.00668626,0.447768,0.267003,0.798037,0.508803,0.0333493,0.0381529,0.0285107,0.207621,0.0215563,0,0.359158,0.0810689,3.06493,0.19227,0.299756,0.0925516,0.79858,5.5825,0.81454,0.735749,0.381146,1.30518,0.295343,0.204146,0.556259,0.556259,0,0,-0.00389157,0.081908,0.954958,0.526948,0.024331,0.031791,0.00511829,0.00392331,0.479862,0.022379,-3.8033,-2.96359,17.5322,0.379309,0.942226,-12.8406,-0.555556,-0.109873,1.1375,6,31.5,0,0,10.5,16.0417,0,-9.84464,0.0001,0.00548791,0.0641365,1.88937,0.138826,48468,0.142519,88.5,1.69337
3785,0.274772,0.475485,0.0114553,0.00632972,0.446916,0.266308,0.79954,0.511352,0.0334429,0.038373,0.0285647,0.207684,0.0220412,0,0.360055,0.081449,3.04422,0.192173,0.299985,0.0932713,0.798664,5.58121,0.814999,0.736103,0.37961,1.30384,0.294834,0.204522,0.592517,0.592517,0,0,-0.00388716,0.0822476,0.954512,0.526315,0.0244572,0.0319055,0.00520403,0.0040477,0.483182,0.0224526,-3.70366,-3.05255,17.5367,0.382113,0.949724,-12.7576,-0.555556,-0.109801,1.14061,6.54167,31.7083,0,0,11.5833,14.875,0,-9.84443,0.0001,0.00494282,0.0675302,1.78395,0.127548,51427,0.142527,86.98,1.55481
3786,0.274064,0.474098,0.0114718,0.00649636,0.447423,0.265543,0.796282,0.508904,0.0339674,0.0373705,0.0289914,0.207832,0.0209466,0,0.358849,0.081274,3.05986,0.191413,0.299333,0.0930388,0.797199,5.57017,0.812531,0.735726,0.380607,1.3046,0.29353,0.203728,0.563767,0.563767,0,0,-0.00382847,0.082091,0.955542,0.521484,0.0247732,0.0323112,0.00542029,0.00419388,0.481494,0.0228239,-3.63293,-2.34649,17.78,0.371193,0.943881,-13.1615,-0.555556,-0.110014,1.1294,5.875,29.9583,0,0,11.2917,15.875,0,-9.84167,0.0001,0.00983764,0.0625834,1.74665,0.131116,52351,0.142568,88.07,1.64544
3787,0.271386,0.467016,0.011481,0.00692827,0.443663,0.262449,0.797781,0.504967,0.0336563,0.0383644,0.0287173,0.206882,0.0216002,0,0.356277,0.079978,3.03893,0.194272,0.29886,0.0934272,0.797194,5.57399,0.813405,0.735486,0.380965,1.31096,0.292233,0.202926,0.541859,0.541859,0,0,-0.00386284,0.0823208,0.95527,0.5228,0.0245616,0.0321141,0.00543736,0.00423123,0.482852,0.0225804,-3.63663,-2.86424,17.6467,0.377058,0.949158,-12.8135,-0.555556,-0.10867,1.11639,5.41667,32.1667,0,0,11.9583,16.0833,0,-9.83847,0.0001,0.00114163,0.0614099,1.98726,0.131526,46396,0.142599,87.38,1.69441
3788,0.272021,0.474163,0.0113967,0.00629839,0.444337,0.265485,0.797156,0.510176,0.0341082,0.0377325,0.0290806,0.206491,0.0210132,0,0.356839,0.0808361,3.04756,0.192575,0.298269,0.0932387,0.798435,5.57142,0.81333,0.737419,0.378402,1.30937,0.292774,0.202197,0.571855,0.571855,0,0,-0.00381856,0.0812009,0.955961,0.521849,0.0247552,0.0324271,0.00543045,0.00414937,0.477623,0.0228381,-3.67227,-2.26895,17.8083,0.370968,0.941429,-13.2487,-0.555556,-0.109352,1.13454,6.04167,28.625,0,0,12.4583,16.6667,0,-9.83932,0.0001,-0.00100512,0.0586939,1.81587,0.1318,50472,0.142592,88.08,1.52206
3789,0.277918,0.481062,0.0114016,0.00645368,0.452872,0.269236,0.798898,0.518608,0.033235,0.0382438,0.0283787,0.208261,0.02141,0,0.361595,0.0833995,3.03449,0.191433,0.300473,0.0923389,0.803965,5.60604,0.817514,0.737307,0.375315,1.28584,0.298959,0.204736,0.578451,0.578451,0,0,-0.00389296,0.0785845,0.955549,0.530772,0.0242022,0.031636,0.005283,0.00411327,0.484234,0.0222731,-3.72324,-2.90779,17.466,0.382735,0.940853,-12.8629,-0.555556,-0.111472,1.15246,5.20833,28.5,0,0,11.2917,15.625,0,-9.84123,0.0001,0.0023382,0.0637201,1.94301,0.138186,47234,0.142586,88.81,1.73825
3790,0.276048,0.481386,0.0113872,0.00644067,0.450125,0.268551,0.794519,0.519117,0.0336319,0.037384,0.0286753,0.208972,0.0211247,0,0.362702,0.083069,3.05259,0.188701,0.300211,0.0928282,0.801231,5.59922,0.816548,0.737644,0.376067,1.28817,0.296819,0.205185,0.578779,0.578779,0,0,-0.00384125,0.0808365,0.956145,0.528763,0.0244803,0.0319428,0.00554694,0.00430358,0.485821,0.0225766,-3.50419,-2.40123,17.6915,0.374878,0.943327,-13.162,-0.555556,-0.111069,1.14527,6.20833,30.6667,0,0,12.75,16.3333,0,-9.84315,0.0001,-0.000822588,0.06561,1.78984,0.13708,51016,0.142569,86.86,1.5651
3791,0.276769,0.482966,0.0114086,0.00608464,0.449081,0.269486,0.800114,0.517913,0.033802,0.0372501,0.0288527,0.209256,0.0208544,0,0.363235,0.0831806,3.05019,0.190673,0.300082,0.0926459,0.797139,5.58536,0.815419,0.737174,0.378474,1.30462,0.296157,0.205611,0.60063,0.60063,0,0,-0.00384108,0.0818048,0.955791,0.52373,0.0246327,0.0321372,0.00513431,0.0039655,0.480946,0.0227128,-3.76052,-2.41837,17.7287,0.373113,0.94214,-13.1542,-0.555556,-0.110751,1.15943,5.875,29.7917,0,0,12.7917,15.9583,0,-9.84507,0.0001,0.00122209,0.0645102,1.77043,0.133515,51631,0.142574,87.08,1.72372
3792,0.278004,0.484603,0.0113637,0.00610365,0.451033,0.270428,0.798447,0.523944,0.0333065,0.0381273,0.0284329,0.20869,0.0215122,0,0.363432,0.0846921,3.04893,0.191019,0.299723,0.0925891,0.803903,5.59855,0.816959,0.738181,0.37707,1.29516,0.299828,0.205426,0.596101,0.596101,0,0,-0.003885,0.0786702,0.955527,0.528423,0.0242957,0.0317557,0.00518175,0.00400572,0.483055,0.022326,-3.7376,-2.86948,17.6077,0.378087,0.945485,-12.8351,-0.555556,-0.111304,1.1606,5.5,30.2917,0,0,12.2917,15.1667,0,-9.84529,0.0001,-0.00100299,0.0648318,2.03682,0.127496,45420,0.142604,88.71,1.81529
3793,0.275014,0.477139,0.0114453,0.00634555,0.447342,0.267344,0.802927,0.512602,0.0333249,0.0384529,0.028517,0.20841,0.0213621,0,0.360875,0.0822755,3.05006,0.192215,0.299627,0.0924095,0.795761,5.57909,0.814626,0.736301,0.380114,1.31089,0.294622,0.205185,0.577218,0.577218,0,0,-0.00390897,0.0820561,0.955018,0.522523,0.0244504,0.0318068,0.00513085,0.00398499,0.480458,0.0224369,-3.86432,-3.08775,17.5058,0.38062,0.947329,-12.7224,-0.555556,-0.109811,1.1497,5.29167,29.2917,0,0,11.0833,15.2917,0,-9.84565,0.0001,0.00349312,0.0694112,1.75122,0.13428,52136,0.142605,88.31,1.83791
3794,0.271464,0.473132,0.0114969,0.00645605,0.441909,0.26475,0.805288,0.512022,0.0338075,0.0376456,0.0288901,0.206586,0.0214561,0,0.357496,0.0824047,3.02005,0.193841,0.298776,0.0932403,0.795207,5.56064,0.812472,0.735178,0.38269,1.32092,0.292769,0.203179,0.583219,0.583219,0,0,-0.00386995,0.0841704,0.955026,0.519279,0.0247794,0.0322291,0.00528403,0.00416612,0.481604,0.0227778,-3.64369,-2.63605,17.7289,0.372906,0.949789,-12.9173,-0.555556,-0.108554,1.14747,6.83333,31,0,0,12.2917,15.125,0,-9.84628,0.0001,0.000626636,0.0682821,2.05451,0.128634,45028,0.142599,88.36,1.68868
3795,0.276387,0.481301,0.0114355,0.00625894,0.447946,0.269139,0.802115,0.514381,0.0342174,0.0371873,0.0291583,0.210063,0.0209314,0,0.363074,0.082322,3.05403,0.192418,0.300316,0.093725,0.797943,5.56473,0.812845,0.736531,0.381105,1.31714,0.294629,0.20601,0.586799,0.586799,0,0,-0.00380278,0.0815052,0.955803,0.519109,0.0249118,0.0325521,0.00545799,0.0042093,0.481178,0.0229556,-3.63539,-2.12687,17.976,0.365357,0.953631,-13.2201,-0.555556,-0.110168,1.15927,5.625,29.9167,0,0,12.9167,16.75,0,-9.84741,0.0001,-0.0011363,0.0690409,1.78301,0.132952,51307,0.142565,88.91,1.96563
3796,0.275161,0.477095,0.0114143,0.00639834,0.443751,0.266941,0.803507,0.515005,0.0336849,0.0380014,0.0287775,0.209845,0.021553,0,0.363826,0.0826889,3.03554,0.192578,0.299457,0.093027,0.797982,5.57676,0.814033,0.737016,0.382309,1.31239,0.296616,0.206597,0.577361,0.577361,0,0,-0.00384465,0.0836553,0.955529,0.520458,0.0246864,0.0321104,0.00564633,0.0043983,0.485475,0.0226929,-3.54543,-2.58549,17.7962,0.371283,0.953825,-12.9705,-0.555556,-0.109199,1.15181,5.5,30.9167,0,0,12.0417,14.625,0,-9.8507,0.0001,5.75045e-05,0.0701575,1.80934,0.13325,50604,0.14253,88.78,1.85583
3797,0.273127,0.472743,0.0114413,0.00663,0.442355,0.264842,0.800681,0.509862,0.0342208,0.0370301,0.0291624,0.210366,0.0210924,0,0.3638,0.0812703,3.02992,0.190978,0.300277,0.0933728,0.794599,5.56155,0.812747,0.736399,0.381258,1.32292,0.29351,0.206685,0.570922,0.570922,0,0,-0.00379556,0.0847674,0.95619,0.517866,0.0249595,0.0325634,0.00553085,0.00429638,0.482752,0.02299,-3.47318,-2.06445,17.9788,0.364081,0.949914,-13.2314,-0.555556,-0.108777,1.13686,5.91667,29.75,0,0,12.9583,15.875,0,-9.85261,0.0001,0.000478421,0.065206,1.83774,0.134241,49850,0.142532,89.23,1.67054
3798,0.278238,0.482913,0.0113711,0.00616096,0.447251,0.269975,0.801957,0.521628,0.0339925,0.0377047,0.0289786,0.210309,0.0210269,0,0.365005,0.0843842,3.04029,0.189316,0.300354,0.092846,0.800544,5.57785,0.814912,0.738009,0.38056,1.31473,0.299255,0.206746,0.602754,0.602754,0,0,-0.00380072,0.0808426,0.955908,0.520384,0.0248189,0.0323981,0.00560486,0.00428793,0.484984,0.0228043,-3.58194,-2.28218,17.9545,0.367004,0.946991,-13.1143,-0.555556,-0.11022,1.16257,5.45833,30.9583,0,0,13.2917,16.0833,0,-9.85481,0.0001,-0.00161309,0.0596758,1.76234,0.132147,51889,0.142528,88.8,1.8535
3799,0.277585,0.484986,0.0113856,0.00605713,0.448043,0.270742,0.802382,0.523628,0.033835,0.0378028,0.0288944,0.209268,0.020533,0,0.36399,0.084771,3.03362,0.188083,0.299331,0.091948,0.80021,5.58894,0.815586,0.737683,0.379705,1.30734,0.29906,0.205892,0.602739,0.602739,0,0,-0.00381929,0.0799225,0.955744,0.521379,0.024726,0.0322007,0.00540312,0.0041641,0.484879,0.0227634,-3.75393,-2.29851,17.8265,0.369496,0.941009,-13.1508,-0.555556,-0.110601,1.16725,4.66667,29.3333,0,0,13.2917,15.5,0,-9.85616,0.0001,0.0027267,0.0604745,1.9056,0.145472,47928,0.142539,89.61,1.75554
3800,0.279593,0.489798,0.0113357,0.00600898,0.448414,0.272771,0.798632,0.527639,0.0343343,0.0368446,0.0292787,0.211052,0.0197253,0,0.366642,0.0854905,3.04191,0.186009,0.30072,0.0920024,0.800105,5.58608,0.814642,0.738837,0.379873,1.3131,0.300364,0.206918,0.601325,0.601325,0,0,-0.00377065,0.0807652,0.957275,0.519958,0.0249239,0.0325437,0.00590384,0.00452218,0.488242,0.0230619,-3.55521,-1.61315,18.0801,0.360087,0.938457,-13.5933,-0.555556,-0.111023,1.17303,4.66667,27.2917,0,0,14.8333,16.4583,0,-9.85726,0.0001,-0.00128237,0.0627597,1.76579,0.132281,51791,0.142516,89.31,1.94867
3801,0.280483,0.487583,0.0113713,0.00615263,0.449233,0.27231,0.794482,0.52181,0.0343245,0.0372636,0.0292557,0.211923,0.0200157,0,0.366766,0.0842838,3.05515,0.186844,0.299807,0.0927084,0.796332,5.57957,0.814643,0.738006,0.37943,1.31207,0.299513,0.207635,0.591512,0.591512,0,0,-0.00377849,0.0809371,0.957325,0.517991,0.0249719,0.0325956,0.00581338,0.00445241,0.487117,0.0230701,-3.44904,-1.72356,18.0947,0.358684,0.943388,-13.4701,-0.555556,-0.11083,1.15628,6.04167,28.3333,0,0,12.8333,18.3333,0,-9.8616,0.0001,-0.000558216,0.0659775,1.91827,0.135909,47855,0.142528,88.61,1.8916
3802,0.282943,0.488405,0.0114199,0.00594915,0.453739,0.273573,0.799187,0.522044,0.033344,0.0387776,0.0285622,0.210641,0.0205782,0,0.365929,0.0849345,3.06382,0.188872,0.299546,0.0920717,0.800759,5.58159,0.815328,0.7369,0.380904,1.31157,0.301481,0.207513,0.603409,0.603409,0,0,-0.00388374,0.0779221,0.954793,0.519634,0.0245698,0.0318838,0.00514553,0.00393979,0.483226,0.022516,-3.9683,-3.02488,17.6447,0.375785,0.948367,-12.7048,-0.555556,-0.111545,1.1676,5.45833,31.375,0,0,11.4583,15.6667,0,-9.86086,0.0001,-0.000467648,0.0690381,1.79743,0.138507,50778,0.142556,88.93,1.89136
3803,0.28013,0.485412,0.0114384,0.00605413,0.450689,0.271736,0.805274,0.521674,0.0329922,0.0394875,0.0283047,0.210481,0.021195,0,0.365078,0.0846365,3.0313,0.191366,0.299445,0.0919178,0.800234,5.5876,0.815735,0.736471,0.381051,1.30463,0.299948,0.207166,0.604812,0.604812,0,0,-0.00393032,0.0802401,0.95492,0.521414,0.0243793,0.0315636,0.00534242,0.00417628,0.487505,0.0223584,-3.76391,-3.36983,17.4078,0.382111,0.945631,-12.4891,-0.555556,-0.110747,1.17527,5.45833,31.2083,0,0,10.125,14.8333,0,-9.85954,0.0001,0.000719268,0.0665599,1.79812,0.137878,50776,0.142548,89.43,1.88057
3804,0.282275,0.489888,0.0114281,0.00605851,0.452482,0.274294,0.809768,0.526346,0.0329306,0.0391672,0.0282502,0.211194,0.0211102,0,0.367461,0.0857366,3.01474,0.189967,0.30001,0.0919672,0.799899,5.59088,0.816056,0.736696,0.37988,1.30919,0.302177,0.208497,0.600087,0.600087,0,0,-0.00391549,0.0794694,0.954957,0.523674,0.0243033,0.0314788,0.00530452,0.00413998,0.484785,0.022279,-3.81116,-3.274,17.4243,0.382604,0.948577,-12.5406,-0.555556,-0.111229,1.19685,5.04167,30.3333,0,0,11.625,14.25,0,-9.85925,0.0001,0.000427822,0.0728273,1.92257,0.135922,47755,0.142541,87.55,1.83825
3805,0.286111,0.496332,0.0114035,0.0059578,0.456552,0.27795,0.808278,0.528847,0.0327512,0.0398757,0.0280618,0.21305,0.021065,0,0.370772,0.0863714,3.0307,0.190338,0.301385,0.0914594,0.803446,5.60559,0.818045,0.73727,0.378233,1.29744,0.303976,0.210073,0.587017,0.587017,0,0,-0.00393477,0.0784334,0.954831,0.52687,0.0241071,0.031347,0.00532746,0.00414468,0.486659,0.0220622,-3.85246,-3.54234,17.3522,0.384927,0.944983,-12.4316,-0.555556,-0.112295,1.20941,4.95833,31.4583,0,0,10.9583,15.0417,0,-9.8579,0.0001,-0.00118498,0.0704598,1.7836,0.125099,51503,0.142551,87.62,1.8067
3806,0.284687,0.497121,0.0113823,0.00593031,0.456897,0.277211,0.811512,0.533071,0.0325024,0.0398482,0.0278794,0.211652,0.0215807,0,0.36928,0.0873058,3.00172,0.190917,0.30074,0.0919777,0.806056,5.60628,0.818887,0.737754,0.376443,1.29155,0.30435,0.208683,0.611077,0.611077,0,0,-0.003945,0.0775478,0.954754,0.528804,0.0239857,0.03112,0.00533287,0.00421861,0.489148,0.0219554,-3.80005,-3.67931,17.264,0.388338,0.948129,-12.3291,-0.555556,-0.112692,1.21872,6,31.3333,0,0,10.125,14.0833,0,-9.85756,0.0001,0.0019863,0.070468,1.89389,0.175436,47505,0.142563,89.47,1.87152
3807,0.284019,0.49145,0.0114127,0.00596555,0.454024,0.275037,0.819219,0.527346,0.032599,0.0400647,0.0280118,0.210793,0.0218284,0,0.367793,0.0862921,3.01405,0.192659,0.300275,0.0914749,0.802239,5.5959,0.816899,0.737053,0.381135,1.30114,0.303984,0.208151,0.617222,0.617222,0,0,-0.00393761,0.0795013,0.95441,0.524231,0.024121,0.0312385,0.00509304,0.00399648,0.484591,0.0220569,-3.92044,-3.77523,17.2576,0.387429,0.94486,-12.2883,-0.555556,-0.111715,1.22187,5.08333,31.5417,0,0,9.66667,13.5417,0,-9.85724,0.0001,-0.00116898,0.0709231,1.75548,0.125463,52263,0.142578,89.16,2.11899
3808,0.281819,0.48791,0.011414,0.00612337,0.453026,0.273497,0.815709,0.524068,0.0328792,0.039876,0.0281668,0.211202,0.0217208,0,0.366937,0.0848569,3.0133,0.193198,0.300148,0.0928248,0.80302,5.59442,0.817748,0.737021,0.378434,1.29635,0.301876,0.208038,0.595006,0.595006,0,0,-0.00392065,0.0796524,0.955306,0.525319,0.024193,0.0314373,0.00540158,0.00426622,0.487544,0.0221681,-3.68936,-3.39388,17.4041,0.383574,0.953099,-12.4689,-0.555556,-0.111302,1.20787,5.625,31.375,0,0,10.75,14.5833,0,-9.85588,0.0001,0.000968566,0.0650554,1.74957,0.139128,52048,0.142604,89.59,2.07486
3809,0.27859,0.483589,0.0114328,0.00604621,0.449593,0.270697,0.818292,0.521,0.0329752,0.0399532,0.028295,0.209582,0.0217829,0,0.364413,0.0843925,3.00301,0.195515,0.300056,0.0931084,0.798135,5.57929,0.815276,0.736591,0.379655,1.31369,0.299051,0.206696,0.602689,0.602689,0,0,-0.00390463,0.080866,0.954239,0.521983,0.0243555,0.0315523,0.00500319,0.00394732,0.482007,0.0222831,-3.96693,-3.51765,17.3746,0.385632,0.954048,-12.4025,-0.555556,-0.110553,1.2029,5.08333,31.375,0,0,10.9167,13.6667,0,-9.85438,0.0001,0.000302501,0.0762535,1.94172,0.137425,47280,0.142631,88.81,1.97502
3810,0.279396,0.485785,0.0114234,0.00612585,0.453682,0.271359,0.824442,0.525206,0.0327823,0.0400406,0.0281492,0.21008,0.0213882,0,0.365335,0.0857778,2.99563,0.192525,0.298854,0.0915961,0.803345,5.59384,0.816999,0.736812,0.378873,1.29539,0.300866,0.207008,0.612546,0.612546,0,0,-0.00390696,0.0774284,0.955106,0.523239,0.0242272,0.0313451,0.00537577,0.00426027,0.48589,0.0222024,-3.8829,-3.4939,17.2773,0.386541,0.946645,-12.4504,-0.555556,-0.111717,1.21939,6,30.625,0,0,10.7083,16.0833,0,-9.85351,0.0001,0.0001175,0.0742855,1.79524,0.137939,50850,0.142621,87.56,1.93353
3811,0.283358,0.488696,0.0114324,0.00637584,0.456088,0.273818,0.822507,0.52168,0.0332116,0.0398442,0.028445,0.213651,0.0217483,0,0.370568,0.0845483,2.99167,0.194478,0.30057,0.0930066,0.804837,5.58036,0.815258,0.736606,0.380289,1.31106,0.301323,0.210324,0.572102,0.572102,0,0,-0.00385641,0.0772012,0.955222,0.519889,0.0244621,0.0317735,0.00552669,0.00436164,0.48439,0.0224217,-3.71806,-3.25284,17.4729,0.38164,0.954517,-12.5056,-0.555556,-0.112083,1.22353,5.45833,28.7917,0,0,10.625,13.5417,0,-9.8553,0.0001,0.000431811,0.0740771,1.95617,0.146409,46754,0.142594,88.45,2.0921
3812,0.282452,0.490845,0.0114178,0.00579003,0.449927,0.273596,0.822883,0.524436,0.0334885,0.0387594,0.0287151,0.210141,0.0219074,0,0.366669,0.0855514,3.00723,0.194738,0.299503,0.0938111,0.798352,5.55899,0.811876,0.736954,0.382624,1.33846,0.300771,0.20719,0.616564,0.616564,0,0,-0.00384085,0.0814041,0.954808,0.515694,0.0247386,0.0320181,0.00528577,0.00420331,0.481878,0.0226781,-3.8618,-2.98946,17.6397,0.376148,0.960074,-12.6927,-0.555556,-0.111055,1.22932,5.45833,32.2083,0,0,11.9167,15.0833,0,-9.85884,0.0001,0.000964564,0.0699962,1.8156,0.133975,50423,0.142554,88.32,1.89027
3813,0.282898,0.494337,0.011364,0.00580001,0.44748,0.274657,0.821298,0.52821,0.0339581,0.0379464,0.0291007,0.211181,0.021386,0,0.368757,0.0861327,3.02482,0.193776,0.300426,0.0936387,0.794964,5.55671,0.811273,0.738174,0.38235,1.34389,0.301318,0.207879,0.608924,0.608924,0,0,-0.00380615,0.0823148,0.9561,0.513681,0.0249346,0.0323167,0.00539185,0.00423207,0.478449,0.0229637,-3.86657,-2.33128,17.8153,0.367609,0.94967,-13.1229,-0.555556,-0.110921,1.23442,5.66667,27.4583,0,0,13.0417,16.7083,0,-9.86115,0.0001,-0.000707486,0.0713419,1.79762,0.130176,50993,0.142553,88.27,1.96247
3814,0.28344,0.495434,0.0113545,0.00595011,0.449561,0.27502,0.825995,0.530212,0.0337613,0.0383774,0.0289283,0.211925,0.0216544,0,0.370644,0.0869102,3.01847,0.193469,0.300653,0.0932343,0.799989,5.56398,0.813263,0.738452,0.381238,1.33127,0.30268,0.208562,0.607295,0.607295,0,0,-0.00380757,0.0807061,0.955876,0.515307,0.0248509,0.0321924,0.0055732,0.00443897,0.485201,0.0228524,-3.74029,-2.50874,17.766,0.369669,0.95322,-13.006,-0.555556,-0.11156,1.24737,5.33333,29.75,0,0,12.1667,15.9583,0,-9.86016,0.0001,-0.00109052,0.0721229,1.90881,0.132972,48146,0.142573,89,2.15506
3815,0.280077,0.490376,0.0113526,0.00603205,0.447075,0.272433,0.82555,0.529868,0.0337891,0.0386289,0.0289336,0.210485,0.0216268,0,0.367307,0.0861063,2.99268,0.19441,0.300219,0.093812,0.799736,5.56494,0.812521,0.738438,0.381925,1.32766,0.301654,0.206867,0.60579,0.60579,0,0,-0.00383363,0.0790547,0.956167,0.515877,0.0248345,0.0321911,0.00567392,0.0045149,0.486239,0.022845,-3.64805,-2.47283,17.7828,0.369725,0.952749,-12.964,-0.555556,-0.110754,1.23758,5.5,27.625,0,0,12.5,15.4167,0,-9.85909,0.0001,0.00224637,0.0669211,1.80128,0.130555,50886,0.142597,90.78,2.36262
3816,0.281711,0.492852,0.0113313,0.00589053,0.446578,0.273852,0.824959,0.531679,0.0336604,0.038704,0.0288709,0.209615,0.0211067,0,0.365814,0.0869716,3.01519,0.193432,0.298797,0.0930586,0.799691,5.56783,0.812751,0.738928,0.382708,1.3318,0.303334,0.205883,0.613206,0.613206,0,0,-0.0038382,0.0803653,0.956419,0.516141,0.0247609,0.032077,0.00581306,0.00458928,0.4862,0.0227866,-3.70444,-2.47328,17.7932,0.367619,0.947563,-12.9896,-0.555556,-0.110704,1.23934,5.54167,29.1667,0,0,12.5417,16.5833,0,-9.85827,0.0001,0.000726641,0.0713348,1.8711,0.130154,49121,0.142592,89.15,2.06152
3817,0.280047,0.49162,0.0112907,0.00603977,0.444696,0.272317,0.824916,0.535104,0.0343554,0.0378054,0.0293704,0.210539,0.020952,0,0.368252,0.0874052,3.02278,0.192754,0.300099,0.0939173,0.799107,5.55994,0.812309,0.739863,0.38325,1.34239,0.303401,0.206696,0.611583,0.611583,0,0,-0.00377915,0.0801979,0.956746,0.512296,0.025149,0.0326633,0.00578194,0.00458265,0.4876,0.0231853,-3.66279,-1.88479,18.1178,0.357572,0.953716,-13.3101,-0.555556,-0.110612,1.23772,5.54167,28.5,0,0,14,15.2083,0,-9.8588,0.0001,0.000289305,0.0750411,1.77478,0.143885,51235,0.14259,89.35,2.15448
3818,0.281467,0.491473,0.0113607,0.00591232,0.445201,0.273284,0.824916,0.527724,0.033983,0.0382345,0.0291285,0.211794,0.0210127,0,0.368616,0.0860977,3.02686,0.194163,0.300762,0.0936643,0.794898,5.55102,0.811458,0.738259,0.384947,1.34356,0.30121,0.20799,0.591548,0.591548,0,0,-0.00383072,0.0810099,0.956057,0.511919,0.0249898,0.0323699,0.00578177,0.00457806,0.486377,0.0230099,-3.79976,-2.37622,17.884,0.364616,0.952843,-13.0324,-0.555556,-0.110209,1.23536,5.66667,29.9167,0,0,12.9167,17.1667,0,-9.86009,0.0001,-0.000997744,0.0742952,1.74766,0.13595,52189,0.142589,89.74,2.38729
3819,0.285614,0.4988,0.0113454,0.00573583,0.449815,0.277606,0.828094,0.534431,0.0333494,0.0395342,0.0286336,0.211175,0.0216846,0,0.369037,0.0876138,3.01234,0.194158,0.300058,0.0930339,0.803112,5.56896,0.813757,0.738602,0.383701,1.32598,0.305197,0.207861,0.61587,0.61587,0,0,-0.00388128,0.078872,0.955761,0.513993,0.0246817,0.0318883,0.00570794,0.00457535,0.490232,0.0226049,-3.76068,-3.05248,17.6519,0.372516,0.95354,-12.6327,-0.555556,-0.111296,1.2607,5.04167,28.375,0,0,9.91667,14.7083,0,-9.86072,0.0001,-0.000282823,0.0743854,1.95936,0.141687,46788,0.142614,89,2.18757
3820,0.283839,0.49554,0.0113347,0.00575739,0.446826,0.274591,0.82844,0.53273,0.0338006,0.0380882,0.029043,0.210818,0.0211328,0,0.369226,0.0876547,3.03363,0.192552,0.29993,0.0926149,0.79879,5.55893,0.812086,0.738868,0.384848,1.34134,0.304183,0.207477,0.6139,0.6139,0,0,-0.00383434,0.080571,0.956728,0.510432,0.0250035,0.0321962,0.00572864,0.00459055,0.487844,0.023004,-3.73879,-2.3442,17.8091,0.364366,0.944767,-13.0411,-0.555556,-0.11101,1.25326,5.45833,28.7083,0,0,12.5417,16.2917,0,-9.85839,0.0001,-0.000287325,0.0735582,1.78867,0.129702,51243,0.142603,88.74,2.12949
3821,0.283388,0.492371,0.0114124,0.00591044,0.446538,0.274397,0.830305,0.523978,0.0343851,0.0384277,0.0294465,0.211858,0.0210574,0,0.367343,0.085344,3.03323,0.196231,0.299548,0.0937084,0.798227,5.53979,0.810596,0.737087,0.388586,1.34806,0.300494,0.207791,0.596395,0.596395,0,0,-0.00378695,0.0801876,0.955847,0.504196,0.0253662,0.0328322,0.00586634,0.00467145,0.486499,0.0233165,-3.69418,-2.2746,18.0387,0.359672,0.954779,-13.0172,-0.555556,-0.110222,1.24843,5.75,29.9167,0,0,12.375,16.4167,0,-9.85895,0.0001,0.000332343,0.0727139,1.92205,0.143102,47601,0.142586,88.72,2.11209
3822,0.284372,0.496815,0.0113147,0.00589237,0.447464,0.274698,0.827651,0.536103,0.0334167,0.0393063,0.02873,0.211284,0.0213063,0,0.37062,0.0884017,3.02679,0.193163,0.301762,0.0922007,0.799897,5.56378,0.812235,0.739385,0.383693,1.33376,0.306235,0.207736,0.619705,0.619705,0,0,-0.0038639,0.0784737,0.955723,0.511729,0.0248148,0.0319262,0.00571489,0.00457684,0.486783,0.0227328,-3.85206,-2.86643,17.6724,0.369897,0.941702,-12.7378,-0.555556,-0.111447,1.25579,4.58333,28.4167,0,0,10.2917,14.8333,0,-9.86033,0.0001,0.000386203,0.0677086,1.80759,0.13512,50601,0.142577,89.5,2.09693
3823,0.286092,0.5007,0.0113071,0.00551356,0.446966,0.277113,0.830884,0.536667,0.0337356,0.0391309,0.0289523,0.212354,0.0215358,0,0.371774,0.0886659,3.01449,0.192384,0.300575,0.0930815,0.800739,5.55337,0.811286,0.739488,0.385133,1.33719,0.306133,0.208646,0.637203,0.637203,0,0,-0.0038494,0.0810661,0.955762,0.510209,0.0249854,0.0322249,0.00588333,0.00467982,0.489568,0.0228686,-3.59942,-2.6238,17.8929,0.364084,0.946376,-12.8508,-0.555556,-0.111185,1.27379,4.70833,29.25,0,0,10.8333,15.375,0,-9.86122,0.0001,3.72214e-05,0.0717684,1.82311,0.130802,50311,0.142579,89.13,2.06864
3824,0.285879,0.50256,0.0113171,0.0054679,0.444753,0.278402,0.828033,0.538448,0.0340829,0.0381222,0.0292095,0.212465,0.0211646,0,0.372285,0.0885633,3.00864,0.192168,0.300462,0.093173,0.798963,5.55564,0.811913,0.739266,0.38488,1.33833,0.30568,0.208929,0.642484,0.642484,0,0,-0.00377999,0.0830976,0.956392,0.507973,0.0252057,0.0325069,0.00596035,0.00477305,0.491678,0.0231416,-3.47136,-2.15642,18.044,0.358383,0.942532,-13.1101,-0.555556,-0.110627,1.27011,5.625,29.875,0,0,13.5417,16.8333,0,-9.86209,0.0001,0.00413594,0.0689337,2.03582,0.132475,45336,0.142561,89.11,2.02128
3825,0.286664,0.500319,0.0113516,0.00592961,0.452359,0.278291,0.826426,0.532163,0.0339515,0.0390122,0.029102,0.215078,0.0210918,0,0.375149,0.0871534,3.00414,0.192757,0.30007,0.0934827,0.803303,5.55649,0.812105,0.738469,0.384479,1.33479,0.303835,0.211686,0.598318,0.598318,0,0,-0.00383395,0.0787548,0.955755,0.506758,0.0251682,0.032439,0.0058751,0.00470608,0.492684,0.0230576,-3.68751,-2.55185,17.9313,0.364342,0.952571,-12.8219,-0.555556,-0.111929,1.26082,5.58333,30.5833,0,0,12.5,14.8333,0,-9.86242,0.0001,0.000268248,0.0726965,1.75977,0.125104,52154,0.142574,88.81,2.1269
3826,0.291165,0.511086,0.0112887,0.00526081,0.454467,0.282579,0.830177,0.547876,0.0330626,0.0395289,0.0284586,0.21495,0.0212878,0,0.377687,0.0916001,3.03908,0.189838,0.301915,0.0919506,0.805794,5.58372,0.815004,0.739908,0.379962,1.31968,0.31108,0.211772,0.646136,0.646136,0,0,-0.0038849,0.0777423,0.955597,0.513615,0.0246492,0.0316179,0.00580978,0.00468617,0.493352,0.0225273,-3.76747,-3.07396,17.5926,0.373374,0.944796,-12.6293,-0.555556,-0.113128,1.2983,5.04167,29.6667,0,0,10.875,14.7917,0,-9.86186,0.0001,-0.000793537,0.077569,2.00062,0.138633,45952,0.142577,89.63,2.19616
3827,0.286753,0.50215,0.0113533,0.00561649,0.451292,0.27849,0.834328,0.536582,0.0336613,0.0390486,0.0289292,0.214793,0.0212797,0,0.375023,0.0888141,3.02612,0.191917,0.299881,0.0932581,0.801097,5.5626,0.812575,0.738454,0.382222,1.33045,0.30541,0.211081,0.616116,0.616116,0,0,-0.0038272,0.0800418,0.95571,0.507786,0.025072,0.0321793,0.00602983,0.00488376,0.492022,0.0229652,-3.57803,-2.66099,17.7988,0.366845,0.952098,-12.7941,-0.555556,-0.111996,1.28361,5.66667,29.625,0,0,10.4167,15.4583,0,-9.86326,0.0001,0.000583081,0.0742687,1.8055,0.135608,50643,0.14257,88.18,2.2126
3828,0.282687,0.492737,0.011419,0.00576593,0.447189,0.274998,0.83461,0.530786,0.0333585,0.0399306,0.0287203,0.213784,0.0215403,0,0.371696,0.0871817,3.01491,0.193399,0.299608,0.0932261,0.800581,5.55641,0.811565,0.736927,0.38418,1.33684,0.303024,0.210593,0.633518,0.633518,0,0,-0.00389063,0.0809924,0.95463,0.506599,0.0249666,0.0320053,0.00586191,0.00474185,0.490993,0.0227759,-3.66507,-3.17937,17.7048,0.371813,0.958418,-12.4356,-0.555556,-0.110241,1.25976,5.29167,33.2917,0,0,10.4583,14.8333,0,-9.86532,0.0001,-0.000105678,0.0688372,1.77643,0.13114,51533,0.142518,89.26,2.20961
3829,0.2903,0.5088,0.011299,0.0054643,0.45383,0.281501,0.834905,0.541074,0.0332784,0.0398815,0.0286566,0.214028,0.0213001,0,0.375721,0.0894565,3.03853,0.189448,0.299917,0.0929428,0.804348,5.56966,0.81288,0.739673,0.381421,1.32773,0.308198,0.21059,0.630911,0.630911,0,0,-0.00387971,0.0782186,0.955309,0.51027,0.0248434,0.031841,0.00599194,0.00483726,0.493354,0.0226935,-3.75209,-3.00084,17.7071,0.370469,0.953001,-12.622,-0.555556,-0.112934,1.30495,5.20833,29.9583,0,0,10.0833,14.875,0,-9.86956,0.0001,-0.00113024,0.0751526,1.92266,0.126512,47972,0.142476,89.02,2.29367
3830,0.287714,0.503584,0.0113671,0.00573542,0.451729,0.279707,0.832938,0.534303,0.0344636,0.0384298,0.0295581,0.21543,0.0202456,0,0.375503,0.0879686,3.03169,0.188552,0.299702,0.093155,0.801282,5.54233,0.809841,0.738177,0.386058,1.35181,0.304705,0.21161,0.606628,0.606628,0,0,-0.00376882,0.0786475,0.956501,0.501345,0.0255276,0.0328569,0.006119,0.00488032,0.490298,0.0234331,-3.60974,-1.89895,18.1862,0.354177,0.952387,-13.2123,-0.555556,-0.111991,1.28414,5.5,26.3333,0,0,11.5417,15.75,0,-9.87312,0.0001,-0.000931739,0.0755146,1.81123,0.135791,50489,0.142432,88.65,2.13561
3831,0.286281,0.50398,0.0113384,0.00544333,0.449094,0.27893,0.831278,0.534266,0.0350035,0.0376086,0.0299875,0.215895,0.019812,0,0.375747,0.0877315,3.04897,0.188451,0.300253,0.0937307,0.795592,5.53293,0.808474,0.738764,0.385877,1.3578,0.302421,0.211405,0.622917,0.622917,0,0,-0.00373525,0.0814477,0.95716,0.498232,0.0258235,0.033266,0.00607876,0.00481196,0.487588,0.0237874,-3.52226,-1.29971,18.4017,0.346108,0.948737,-13.5799,-0.555556,-0.111642,1.27982,6,30.2083,0,0,13.7917,17.8333,0,-9.87594,0.0001,0.00257564,0.0733224,2.11369,0.154835,43333,0.142388,88.76,2.07529
3832,0.286689,0.504484,0.0112954,0.00528946,0.447113,0.279062,0.829984,0.536813,0.0351009,0.0375999,0.0300528,0.215956,0.0201231,0,0.376245,0.0878582,3.02825,0.188134,0.300158,0.0938771,0.797978,5.53418,0.808774,0.739764,0.385816,1.35467,0.303921,0.211301,0.633425,0.633425,0,0,-0.0037083,0.0806714,0.956857,0.49788,0.0259446,0.0333552,0.00632415,0.0049949,0.490334,0.0238868,-3.44493,-1.21916,18.4802,0.345011,0.948894,-13.6271,-0.555556,-0.111351,1.2793,6.29167,29.3333,0,0,13.8333,16.25,0,-9.87919,0.0001,0.00184309,0.0766115,1.78751,0.127835,51324,0.142346,89.14,2.06843
3833,0.282736,0.496848,0.0113352,0.00565213,0.443417,0.274333,0.830558,0.531323,0.0353219,0.0370098,0.0302286,0.214534,0.0202769,0,0.373883,0.0869632,3.05726,0.189642,0.299578,0.0942231,0.794934,5.52748,0.807593,0.738907,0.385835,1.35765,0.301621,0.209835,0.61439,0.61439,0,0,-0.00364956,0.0833891,0.957469,0.496128,0.0260833,0.0335259,0.00627371,0.00500313,0.490217,0.0241014,-3.33928,-0.926775,18.499,0.34151,0.946627,-13.8281,-0.555556,-0.11057,1.26157,6,27.7083,0,0,13.2917,17.5417,0,-9.88196,0.0001,4.10089e-05,0.0775155,1.77035,0.138193,51507,0.142316,87.97,2.01168
3834,0.286286,0.497821,0.0113278,0.00578124,0.447074,0.276452,0.828744,0.524273,0.0358148,0.0369916,0.0305626,0.21863,0.0197977,0,0.378666,0.0852734,3.04663,0.19041,0.300035,0.0948043,0.793784,5.51821,0.807192,0.739007,0.388677,1.36118,0.300983,0.213469,0.588184,0.588184,0,0,-0.00364064,0.0837809,0.95793,0.49246,0.0263234,0.0339892,0.00662045,0.00521644,0.48932,0.0243267,-3.17882,-0.634601,18.7577,0.334753,0.953785,-13.9587,-0.555556,-0.110976,1.25829,6.75,28.1667,0,0,13.5,17.125,0,-9.88178,0.0001,-0.00054149,0.0755947,1.9947,0.133808,46184,0.142309,88.45,2.04361
3835,0.283111,0.492221,0.0113958,0.00593539,0.443649,0.273681,0.825639,0.518579,0.0361173,0.0362169,0.0307895,0.217598,0.0195722,0,0.375673,0.0838965,3.06779,0.190429,0.300034,0.0950605,0.788048,5.50922,0.806182,0.737478,0.389452,1.36328,0.297972,0.212377,0.575757,0.575757,0,0,-0.00360269,0.0852639,0.957971,0.491197,0.0264885,0.0342565,0.00653451,0.00515927,0.489921,0.0245432,-3.22359,-0.372116,18.7973,0.332297,0.951429,-14.0983,-0.555556,-0.109861,1.23322,6.25,28.0417,0,0,15.125,20.0417,0,-9.88229,0.0001,-0.00169423,0.0686622,1.78905,0.134149,51114,0.142256,88.54,2.03025
3836,0.2833,0.496667,0.0113309,0.00574825,0.442558,0.275295,0.824238,0.522363,0.0360507,0.0366647,0.0307462,0.216037,0.0197899,0,0.374326,0.0845926,3.06722,0.192479,0.299468,0.0950004,0.790863,5.51119,0.807423,0.738971,0.388937,1.3637,0.297746,0.210935,0.582111,0.582111,0,0,-0.00363004,0.0855876,0.957766,0.492498,0.0263908,0.0341834,0.00633254,0.00496253,0.486013,0.0244239,-3.34719,-0.486353,18.7941,0.333534,0.95091,-14.0568,-0.555556,-0.109982,1.24191,6.70833,27.75,0,0,14.9167,18.2083,0,-9.88718,0.0001,0.00530739,0.0776777,1.92655,0.142735,47506,0.142226,89.79,2.02051
3837,0.286352,0.50142,0.0113013,0.00551053,0.447712,0.276966,0.82405,0.530329,0.0356242,0.0373352,0.0304339,0.21728,0.019729,0,0.378169,0.086989,3.06031,0.19101,0.300907,0.0940816,0.793832,5.52688,0.808891,0.739621,0.386036,1.35098,0.302357,0.212424,0.610658,0.610658,0,0,-0.00365556,0.0824954,0.957461,0.495823,0.0261798,0.0337926,0.00635635,0.00502951,0.491229,0.0242024,-3.40321,-0.750155,18.6582,0.33911,0.949426,-13.907,-0.555556,-0.111576,1.25516,7.41667,27.5417,0,0,13.6667,16.375,0,-9.88819,0.0001,0.0015171,0.0728469,1.77312,0.133747,51552,0.14224,89.39,2.20659
3838,0.285108,0.499439,0.0113558,0.00549529,0.446766,0.277595,0.82667,0.529051,0.0349227,0.0377418,0.0298699,0.216153,0.0206415,0,0.375894,0.0866359,3.02162,0.194704,0.300069,0.0941582,0.796682,5.53484,0.809988,0.738363,0.386847,1.34873,0.301182,0.211971,0.617765,0.617765,0,0,-0.00376205,0.085285,0.956804,0.499875,0.0257375,0.0332344,0.00613616,0.00491055,0.492126,0.0237093,-3.36061,-1.57271,18.3457,0.348729,0.951479,-13.4139,-0.555556,-0.110723,1.25478,6.25,29.9583,0,0,14.5417,16.0417,0,-9.88873,0.0001,-0.000377693,0.0729866,1.76515,0.128945,51900,0.142258,88.4,2.05581
3839,0.291489,0.512883,0.0112814,0.00509731,0.45231,0.283639,0.824655,0.544113,0.0331812,0.0399336,0.0285416,0.214571,0.0212836,0,0.376957,0.0904447,3.03664,0.1916,0.300214,0.0918078,0.803315,5.58843,0.816335,0.740079,0.381634,1.30667,0.308928,0.211159,0.650673,0.650673,0,0,-0.00392106,0.0839964,0.955814,0.514211,0.0247036,0.0316716,0.00629655,0.00508247,0.50075,0.022607,-3.39934,-2.91944,17.6931,0.370447,0.942612,-12.7089,-0.555556,-0.112656,1.284,6.29167,32.4583,0,0,11.7917,16.7917,0,-9.88862,0.0001,0.00772429,0.0722533,1.93808,0.135296,47412,0.142253,89.95,2.41876
3840,0.287531,0.502153,0.0113675,0.00574498,0.449349,0.278691,0.831339,0.536307,0.0334514,0.0400543,0.0287629,0.213245,0.021614,0,0.373207,0.0887591,3.01458,0.195125,0.299093,0.0923032,0.803359,5.5706,0.813585,0.738141,0.385811,1.32546,0.306321,0.210001,0.608571,0.608571,0,0,-0.00390653,0.0833845,0.954968,0.509516,0.0249514,0.0319871,0.00596948,0.0048523,0.496924,0.0227985,-3.4988,-3.013,17.6904,0.371367,0.946691,-12.6345,-0.555556,-0.111465,1.27433,6.20833,32.4167,0,0,10.25,13.6667,0,-9.88836,0.0001,0.00270355,0.0756121,1.78726,0.13094,51248,0.142256,87.75,1.99028
3841,0.288427,0.508246,0.0113285,0.00520499,0.451386,0.280669,0.828525,0.540266,0.0334341,0.0398004,0.0287653,0.213142,0.0210183,0,0.373384,0.0897914,3.00489,0.192885,0.298274,0.0914677,0.803383,5.57225,0.814178,0.739013,0.384763,1.31579,0.306191,0.209441,0.639493,0.639493,0,0,-0.00387609,0.0815788,0.955104,0.511153,0.0249193,0.0319549,0.00603497,0.00489436,0.497385,0.0228091,-3.48879,-2.9158,17.6591,0.371853,0.941793,-12.7191,-0.555556,-0.11246,1.28319,6.54167,30.0417,0,0,10.4583,13.5833,0,-9.88643,0.0001,-0.00143379,0.0729104,2.09448,0.133923,44114,0.142308,88.89,2.21067
3842,0.293855,0.517842,0.0112728,0.00509687,0.458088,0.285915,0.826675,0.547932,0.0332339,0.0403345,0.0285821,0.215491,0.0206995,0,0.378556,0.0914551,3.02709,0.189792,0.29996,0.0910764,0.807808,5.58705,0.816121,0.740279,0.382161,1.30727,0.310313,0.21183,0.631769,0.631769,0,0,-0.00390016,0.0784346,0.955518,0.514233,0.0247173,0.0317802,0.00601531,0.00481104,0.495127,0.0225986,-3.57903,-3.05799,17.6384,0.372818,0.938175,-12.6494,-0.555556,-0.114206,1.30271,6.70833,33.2083,0,0,11.4583,15.375,0,-9.88326,0.0001,0.00013665,0.0746007,1.78217,0.140022,51141,0.142331,90.74,2.36033
3843,0.291277,0.507121,0.0113844,0.00559904,0.454888,0.281239,0.831117,0.536135,0.0332483,0.0403674,0.028637,0.21585,0.0209699,0,0.377089,0.0890632,3.03287,0.193407,0.299965,0.0913468,0.802999,5.56717,0.81347,0.737785,0.38538,1.32574,0.307307,0.21226,0.608912,0.608912,0,0,-0.00390123,0.081306,0.954934,0.509899,0.0248334,0.031847,0.00577911,0.00464514,0.489933,0.022677,-3.6907,-3.22342,17.5604,0.37435,0.942272,-12.544,-0.555556,-0.112799,1.2829,5.625,32.25,0,0,10.2083,15.0833,0,-9.88239,0.0001,-0.000238742,0.0684201,1.85469,0.130679,49514,0.142315,88.91,2.11169
3844,0.289057,0.509763,0.0112852,0.005127,0.449134,0.281713,0.832194,0.542132,0.0338869,0.0395478,0.0290839,0.215362,0.0207629,0,0.376316,0.0897918,3.00524,0.192577,0.299891,0.0924216,0.804588,5.56609,0.81312,0.73999,0.384606,1.32583,0.306889,0.211106,0.65128,0.65128,0,0,-0.00382975,0.0819421,0.956094,0.507325,0.0251699,0.0323625,0.00615787,0.00494026,0.494115,0.0230879,-3.4137,-2.4445,17.9334,0.362069,0.944754,-12.961,-0.555556,-0.111948,1.29683,5.83333,29.0417,0,0,11.7083,14.8333,0,-9.88326,0.0001,-0.000339332,0.0795588,2.00279,0.136286,45956,0.142302,88.49,2.05474
3845,0.286113,0.499173,0.0113266,0.00568728,0.448765,0.276794,0.82873,0.529125,0.0346284,0.0383353,0.0296569,0.216862,0.0202328,0,0.377704,0.086701,3.03132,0.191976,0.301151,0.0927575,0.798406,5.55168,0.812087,0.739037,0.386971,1.33672,0.302764,0.212452,0.600579,0.600579,0,0,-0.00376353,0.0825992,0.95677,0.502819,0.0255724,0.0329696,0.00613283,0.0048556,0.488725,0.0235237,-3.36044,-1.70113,18.2328,0.352594,0.944792,-13.3764,-0.555556,-0.111554,1.26001,6.125,28.7917,0,0,13,15.2917,0,-9.88437,0.0001,0.000867173,0.076874,1.824,0.132998,50232,0.142302,89.96,2.37042
3846,0.288977,0.50693,0.0112993,0.00528278,0.44604,0.279584,0.828642,0.535775,0.0350118,0.0373068,0.029962,0.216761,0.0203496,0,0.378777,0.0882743,3.00771,0.19235,0.300699,0.0934361,0.794899,5.5445,0.810656,0.73967,0.387266,1.34086,0.304709,0.212304,0.625035,0.625035,0,0,-0.00371264,0.0855835,0.957694,0.500046,0.0257846,0.0332421,0.00625217,0.00496882,0.48997,0.0237934,-3.2118,-1.15768,18.4001,0.344626,0.940801,-13.7106,-0.555556,-0.111396,1.28086,6.54167,30,0,0,14.5417,17.375,0,-9.88467,0.0001,-0.000909728,0.0739257,2.0284,0.133716,45466,0.14229,90.14,2.32972
3847,0.285681,0.50322,0.0112857,0.0053804,0.443737,0.278078,0.828732,0.537416,0.0352842,0.0376051,0.0301368,0.215664,0.020465,0,0.375957,0.0883653,3.01742,0.192542,0.29951,0.0940552,0.796308,5.53613,0.810013,0.739996,0.387343,1.34478,0.304281,0.210954,0.62345,0.62345,0,0,-0.00368678,0.0835971,0.957225,0.499048,0.0259442,0.0335423,0.00640806,0.00507753,0.491809,0.0239201,-3.22837,-1.13496,18.5268,0.343772,0.94678,-13.7043,-0.555556,-0.110593,1.27096,7.41667,30.5,0,0,14.3333,17.5833,0,-9.88511,0.0001,-0.000852578,0.0791355,1.76947,0.14096,51456,0.142276,87.66,1.87634
3848,0.290134,0.507479,0.0112963,0.00535962,0.449525,0.27988,0.827761,0.537268,0.0343779,0.0382558,0.0294764,0.215093,0.0207757,0,0.377023,0.0890202,3.01126,0.192869,0.300141,0.0922683,0.800947,5.55383,0.811539,0.739778,0.387065,1.33551,0.306133,0.21092,0.622216,0.622216,0,0,-0.00379972,0.0824392,0.956701,0.503442,0.025431,0.0327317,0.00603911,0.00481355,0.491907,0.0233753,-3.44514,-1.93494,18.1269,0.354754,0.93712,-13.2795,-0.555556,-0.112217,1.27896,6.08333,27.875,0,0,11.3333,14.4167,0,-9.88519,0.0001,-0.000757772,0.0765534,1.75632,0.252538,48935,0.142278,88.99,2.16798
3849,0.289462,0.504344,0.0113384,0.00547418,0.452302,0.280065,0.831157,0.535173,0.0336096,0.0404496,0.0288658,0.217342,0.0215155,0,0.378657,0.0884986,2.999,0.198029,0.300961,0.0921512,0.802679,5.56937,0.814124,0.73877,0.38653,1.32422,0.306292,0.213336,0.619252,0.619252,0,0,-0.00387705,0.0820713,0.955433,0.507655,0.0250141,0.0321815,0.00617653,0.00494771,0.494469,0.0228709,-3.38698,-2.96278,17.7664,0.369967,0.945249,-12.6378,-0.555556,-0.112186,1.27786,6.66667,32.5417,0,0,10.6667,15.125,0,-9.88474,0.0001,0.000570704,0.0793478,1.89039,0.134479,48548,0.14229,87.74,2.11098
3850,0.290926,0.511572,0.0112914,0.0052252,0.452129,0.2832,0.832018,0.545019,0.0330649,0.0405402,0.0284278,0.214619,0.0221153,0,0.375238,0.0909102,2.9829,0.195798,0.298919,0.0922245,0.8083,5.58994,0.816848,0.739845,0.382792,1.29772,0.309085,0.21056,0.643657,0.643657,0,0,-0.00391359,0.0821629,0.955718,0.513147,0.0246786,0.0316806,0.0064057,0.00516332,0.498429,0.0225386,-3.23042,-3.26301,17.5808,0.374556,0.941881,-12.4861,-0.555556,-0.112373,1.30124,6.04167,33.25,0,0,9.58333,14.8333,0,-9.88394,0.0001,-0.00110806,0.0731533,1.79035,0.134592,51068,0.142328,89.26,2.1813
3851,0.293817,0.517909,0.011203,0.00505163,0.454568,0.284765,0.833656,0.551891,0.0336268,0.0397001,0.0288624,0.215175,0.0212585,0,0.37859,0.0923947,3.00699,0.192254,0.299329,0.091968,0.809403,5.59799,0.818004,0.741883,0.380473,1.2922,0.312364,0.210859,0.64675,0.64675,0,0,-0.00385526,0.0804705,0.956573,0.513537,0.0248856,0.0320405,0.00651107,0.00522502,0.49939,0.0228262,-3.22142,-2.54138,17.811,0.366719,0.940677,-12.9988,-0.555556,-0.113875,1.32089,7.45833,31.6667,0,0,10.7083,15.875,0,-9.88161,0.0001,0.000655447,0.0750835,1.93015,0.132352,47662,0.142346,89.58,2.44572
3852,0.286127,0.503293,0.011302,0.00577314,0.447209,0.278179,0.831665,0.537286,0.0339214,0.0399435,0.0290908,0.213835,0.0214388,0,0.373166,0.0888297,3.00104,0.198375,0.298212,0.0927661,0.800303,5.56187,0.813801,0.739602,0.385474,1.32057,0.304878,0.209482,0.605102,0.605102,0,0,-0.00382877,0.0834879,0.956042,0.507379,0.0251493,0.0324097,0.00638871,0.00513597,0.494926,0.0230535,-3.24601,-2.5859,17.8752,0.365372,0.947641,-12.8726,-0.555556,-0.111297,1.2792,5.95833,30,0,0,9.79167,14.9583,0,-9.88347,0.0001,-0.000318121,0.0808931,1.80833,0.130937,50691,0.142311,90.21,2.25935
3853,0.287231,0.502686,0.0113206,0.00558781,0.44962,0.277856,0.832357,0.540294,0.0333065,0.0404642,0.0286422,0.213439,0.0219799,0,0.373915,0.0898194,2.98317,0.200192,0.298251,0.0919152,0.804714,5.57008,0.814998,0.739185,0.383182,1.31816,0.307436,0.209715,0.635153,0.635153,0,0,-0.00385588,0.0826141,0.955413,0.510044,0.0248522,0.0318904,0.00616744,0.00502632,0.494666,0.0227455,-3.42183,-3.15591,17.5554,0.375135,0.942665,-12.5704,-0.555556,-0.111884,1.27856,6.66667,33.2083,0,0,9.66667,15.1667,0,-9.88689,0.0001,-4.22423e-05,0.078522,1.99699,0.158244,45611,0.142288,89.5,2.17661
3854,0.289494,0.510453,0.0112593,0.00520049,0.448705,0.281232,0.834057,0.54496,0.0338559,0.039638,0.0290559,0.214475,0.0220376,0,0.376783,0.090903,2.98187,0.197653,0.298633,0.0931422,0.804738,5.57063,0.814256,0.740585,0.384055,1.31453,0.308678,0.210486,0.648662,0.648662,0,0,-0.00379869,0.0836396,0.956082,0.508213,0.0251597,0.0323077,0.00645234,0.00523441,0.495496,0.0230694,-3.18274,-2.45662,17.8954,0.364982,0.948692,-12.9789,-0.555556,-0.112169,1.30512,7.41667,33.8333,0,0,11.375,14.75,0,-9.88875,0.0001,0.0010718,0.0726166,1.80608,0.132622,50706,0.142247,90.38,2.36449
3855,0.292199,0.514716,0.0112687,0.00517922,0.45168,0.284017,0.834221,0.549544,0.0333409,0.0406405,0.0286382,0.215719,0.022312,0,0.378441,0.0922196,2.96444,0.199321,0.299653,0.0925976,0.805682,5.5827,0.816245,0.740369,0.383309,1.30539,0.31084,0.21179,0.642902,0.642902,0,0,-0.00384675,0.0829199,0.955971,0.512638,0.0248132,0.031874,0.00656854,0.00533244,0.498627,0.0227191,-3.16936,-2.948,17.6599,0.372311,0.94529,-12.692,-0.555556,-0.112684,1.3154,6.83333,32.7917,0,0,9.41667,14.4167,0,-9.89069,0.0001,0.000867283,0.0795111,1.8244,0.168291,49332,0.142241,90.62,2.22982
3856,0.291463,0.513305,0.0113001,0.00536622,0.452395,0.2837,0.836181,0.54558,0.0336826,0.0398843,0.028899,0.216614,0.0222752,0,0.378792,0.0912253,2.96354,0.199046,0.30035,0.0928885,0.806676,5.57075,0.814742,0.739667,0.384092,1.31207,0.309342,0.212439,0.635388,0.635388,0,0,-0.00384726,0.0830518,0.956315,0.509782,0.0250268,0.0321511,0.00648495,0.00526453,0.495005,0.0229156,-3.11486,-2.62527,17.7849,0.3679,0.945228,-12.8551,-0.555556,-0.112683,1.3165,6.25,30.25,0,0,9.41667,13.625,0,-9.88998,0.0001,-0.000135587,0.0758292,1.76841,0.143066,51428,0.142247,87.69,2.24825
3857,0.28838,0.509533,0.0112178,0.00531515,0.447606,0.280196,0.833032,0.540671,0.0354517,0.0372541,0.0301953,0.217661,0.0211464,0,0.380546,0.0895418,3.00598,0.195045,0.299726,0.0948216,0.801509,5.56109,0.813995,0.741545,0.384374,1.31536,0.305402,0.212559,0.613121,0.613121,0,0,-0.00364074,0.0856205,0.958325,0.50142,0.0260053,0.0336235,0.00705129,0.00563087,0.496875,0.0240378,-2.74351,-0.717817,18.6211,0.341158,0.948683,-13.9835,-0.555556,-0.11207,1.30044,8.875,32.125,0,0,14.625,19.5,0,-9.8906,0.0001,-0.000528392,0.0756992,1.78856,0.135949,51079,0.142235,89.38,2.07572
3858,0.284401,0.499655,0.011263,0.00554444,0.4445,0.275899,0.831093,0.529624,0.0361092,0.0368254,0.0307,0.21862,0.0204677,0,0.379694,0.0863489,3.03663,0.196694,0.300438,0.0954394,0.795381,5.54194,0.811095,0.740503,0.385247,1.33499,0.300934,0.213006,0.607932,0.607932,0,0,-0.00358906,0.0863698,0.958767,0.496512,0.0263764,0.0341874,0.00690663,0.00548274,0.494094,0.0244419,-2.78441,-0.246032,18.8029,0.3345,0.953413,-14.2411,-0.555556,-0.110917,1.26973,7.16667,28.375,0,0,14.7917,18.3333,0,-9.89404,0.0001,-0.000536825,0.0777786,1.78774,0.137605,51057,0.142205,88.93,2.13936
3859,0.281377,0.498506,0.0113111,0.00571314,0.441248,0.274295,0.831877,0.536192,0.0352053,0.0374587,0.0300424,0.214882,0.0210496,0,0.375197,0.0888062,3.00613,0.200147,0.299353,0.094125,0.796527,5.55141,0.812057,0.739456,0.385945,1.32595,0.30207,0.210179,0.61103,0.61103,0,0,-0.00367339,0.0883867,0.958296,0.500922,0.0258718,0.0333609,0.00677734,0.00550415,0.500045,0.0239471,-2.78375,-0.957218,18.4238,0.344374,0.943694,-13.8594,-0.555556,-0.110342,1.26672,7.625,29.75,0,0,12.5,16.875,0,-9.89658,0.0001,-0.000145876,0.0797263,1.7682,0.133956,51680,0.142176,89.32,2.15923
3860,0.285983,0.50206,0.0113057,0.0054947,0.445598,0.277538,0.831818,0.534832,0.0355356,0.0374507,0.0302891,0.218476,0.0209689,0,0.380194,0.0881877,3.02698,0.19923,0.301014,0.0949445,0.79491,5.54245,0.810361,0.739521,0.386583,1.33869,0.304023,0.213533,0.613636,0.613636,0,0,-0.00363553,0.0873286,0.958076,0.497175,0.0261398,0.0337208,0.00693669,0.0055519,0.497037,0.0241858,-2.82975,-0.815433,18.5782,0.341622,0.95211,-13.8874,-0.555556,-0.111014,1.2761,7.125,28.25,0,0,13.5417,16.1667,0,-9.89998,0.0001,-0.000813893,0.0786772,1.7899,0.131174,51171,0.142152,88.67,2.33721
3861,0.288113,0.509213,0.0112615,0.00539382,0.446809,0.280094,0.83095,0.542403,0.0351724,0.0376391,0.0300276,0.216795,0.0210126,0,0.379495,0.0899629,3.01698,0.197311,0.300008,0.0941666,0.79818,5.55337,0.812329,0.74055,0.382925,1.32304,0.306214,0.211965,0.62184,0.62184,0,0,-0.00363692,0.0864206,0.957944,0.500069,0.0259474,0.0333808,0.00678614,0.0054612,0.495445,0.0239938,-2.85699,-1.03633,18.3848,0.346591,0.945846,-13.8257,-0.555556,-0.111876,1.29365,7.83333,31.0833,0,0,12.6667,18.4167,0,-9.90154,0.0001,-0.00115695,0.0716672,1.75565,0.134877,51998,0.14214,89.97,2.28795
3862,0.291413,0.515983,0.0112449,0.00497006,0.453677,0.284178,0.830515,0.548249,0.034656,0.0386152,0.0296175,0.217561,0.0209661,0,0.381402,0.0912662,3.02137,0.197151,0.299947,0.0936272,0.802995,5.56842,0.814461,0.740927,0.381474,1.31254,0.308944,0.213105,0.651998,0.651998,0,0,-0.0037101,0.0824624,0.957332,0.504646,0.0255761,0.0329654,0.00652599,0.00524402,0.496783,0.0235866,-3.11928,-1.60159,18.1645,0.354851,0.945443,-13.501,-0.555556,-0.113417,1.30956,6.79167,30.9167,0,0,12.5,16.8333,0,-9.90227,0.0001,-3.85793e-05,0.0725755,1.77234,0.135062,51538,0.142158,90.74,2.46851
3863,0.292381,0.517357,0.011255,0.0051896,0.454984,0.28426,0.831062,0.545845,0.0339401,0.0392991,0.0290596,0.217511,0.0213626,0,0.382209,0.0910901,3.02258,0.198133,0.29978,0.0927385,0.801683,5.58491,0.816171,0.740706,0.378149,1.29419,0.308188,0.213252,0.632851,0.632851,0,0,-0.00377181,0.0845169,0.956527,0.509467,0.0252096,0.032355,0.00656052,0.0052995,0.498333,0.0231815,-3.14612,-2.28323,17.8312,0.366634,0.944048,-13.157,-0.555556,-0.113924,1.31219,6.75,30.5833,0,0,10.5833,15.0417,0,-9.89941,0.0001,0.00570722,0.0775134,1.77972,0.134305,51359,0.142184,89.79,2.22609
3864,0.290449,0.509883,0.0113367,0.00536334,0.456525,0.282238,0.83406,0.541648,0.0332993,0.0404014,0.0285983,0.217452,0.0215333,0,0.379861,0.0901961,2.98935,0.198941,0.299783,0.0919422,0.804451,5.58653,0.817075,0.73882,0.379634,1.29809,0.308036,0.213521,0.629207,0.629207,0,0,-0.00385975,0.0825796,0.955416,0.510237,0.0249274,0.0318741,0.00630128,0.00510044,0.497079,0.0227852,-3.29088,-3.07687,17.5628,0.376972,0.94482,-12.6218,-0.555556,-0.113458,1.29992,6,31.9167,0,0,9.91667,14.2083,0,-9.90141,0.0001,0.00037016,0.0833836,1.80657,0.134836,50635,0.142141,89.69,2.45032
3865,0.293815,0.517517,0.0112987,0.00521709,0.459283,0.285768,0.834052,0.548455,0.0328471,0.0412426,0.0282452,0.217623,0.0216773,0,0.380762,0.0923201,2.99699,0.198941,0.30096,0.0916702,0.806556,5.59975,0.818753,0.739679,0.375514,1.28337,0.310626,0.213647,0.638515,0.638515,0,0,-0.00390475,0.0816309,0.954956,0.514745,0.024638,0.0315018,0.00636227,0.00516388,0.499581,0.02249,-3.28549,-3.54546,17.3537,0.384662,0.945144,-12.3655,-0.555556,-0.114277,1.32024,6.375,35.1667,0,0,9.45833,14.3333,0,-9.90579,0.0001,0.00190837,0.0824623,1.79323,0.131277,51080,0.142104,89.3,2.44086
3866,0.293139,0.51663,0.0112799,0.00508713,0.459618,0.284346,0.836189,0.551602,0.032428,0.0411461,0.0279474,0.216387,0.0219032,0,0.380994,0.093084,2.99334,0.197182,0.301224,0.0907715,0.804385,5.61512,0.820379,0.740118,0.37372,1.27599,0.311852,0.212938,0.666077,0.666077,0,0,-0.00392427,0.0815285,0.954657,0.519091,0.0243771,0.0310883,0.00611402,0.00498078,0.498253,0.0222378,-3.49259,-3.79535,17.1352,0.390693,0.937634,-12.2764,-0.555556,-0.114854,1.32457,6.75,33.4167,0,0,9.5,13.2917,0,-9.90814,0.0001,0.00215287,0.079864,1.77747,0.130092,51533,0.142071,89.76,2.37283
3867,0.294601,0.518017,0.0112923,0.00490287,0.4609,0.286171,0.836581,0.549618,0.0323421,0.0413968,0.0278473,0.216859,0.021955,0,0.381503,0.0926505,2.99286,0.198129,0.300535,0.0904656,0.805535,5.62307,0.82131,0.739849,0.374292,1.27061,0.311688,0.213612,0.655897,0.655897,0,0,-0.00393864,0.0825707,0.955481,0.519915,0.0242734,0.0309899,0.00626078,0.00508511,0.500668,0.0221243,-3.34414,-3.77588,17.1339,0.38995,0.932698,-12.2761,-0.555556,-0.114868,1.3282,5.625,30.7083,0,0,8.16667,13.8333,0,-9.91039,0.0001,0.000815236,0.0841057,1.7446,0.132814,52361,0.142019,88.98,2.32293
3868,0.294231,0.518371,0.0112796,0.00494688,0.460693,0.286054,0.83649,0.549317,0.0326277,0.0413507,0.0280388,0.217759,0.0220088,0,0.382686,0.0924655,2.98534,0.197762,0.299988,0.0911604,0.805875,5.61897,0.821016,0.740122,0.374602,1.27491,0.311691,0.214301,0.648353,0.648353,0,0,-0.00390731,0.0822971,0.955072,0.518104,0.0244833,0.0312871,0.00654042,0.00530022,0.502177,0.0223075,-3.22544,-3.62002,17.3018,0.388066,0.943623,-12.322,-0.555556,-0.114849,1.33081,6.41667,33.9583,0,0,9.79167,13.9583,0,-9.91147,0.0001,0.00348838,0.078288,1.74153,0.133087,52439,0.142011,88.67,2.15197
3869,0.297271,0.525975,0.0112249,0.00500085,0.462281,0.288655,0.836697,0.556169,0.0332043,0.0400397,0.0285185,0.219991,0.0214076,0,0.387493,0.0940885,3.01193,0.195004,0.300544,0.091939,0.804478,5.60883,0.81941,0.741379,0.373835,1.27933,0.313386,0.216051,0.643903,0.643903,0,0,-0.00385174,0.0825367,0.956717,0.51565,0.024725,0.0316365,0.00654629,0.00526593,0.497612,0.0226944,-3.1945,-2.75048,17.5286,0.376583,0.939202,-12.8866,-0.555556,-0.115814,1.35199,6.79167,31.125,0,0,11.2083,15.5417,0,-9.91214,0.0001,-0.000213975,0.0817146,1.80147,0.132298,50835,0.141978,91.66,2.65027
3870,0.294874,0.524833,0.0112413,0.00494599,0.458389,0.287049,0.838247,0.558487,0.0333299,0.0393665,0.0286684,0.217318,0.0214781,0,0.385064,0.0949177,3.02515,0.194555,0.300495,0.091411,0.803781,5.59431,0.817456,0.74102,0.375999,1.30215,0.312612,0.214039,0.65911,0.65911,0,0,-0.00381484,0.0829351,0.956135,0.510486,0.0249854,0.031802,0.00611479,0.00497984,0.494435,0.0229266,-3.42361,-2.66335,17.5649,0.373983,0.940753,-12.9288,-0.555556,-0.115295,1.35398,6.70833,31.4583,0,0,11,14.625,0,-9.91425,0.0001,-0.000854116,0.0836946,1.7698,0.136389,51570,0.141958,90.34,2.46354
3871,0.293946,0.517296,0.0112487,0.00500011,0.457321,0.284544,0.837035,0.546325,0.034586,0.0387876,0.0295721,0.221214,0.0211701,0,0.388324,0.0911087,3.01712,0.195793,0.300061,0.0940422,0.802153,5.57058,0.814882,0.740839,0.378682,1.31611,0.309309,0.217179,0.634994,0.634994,0,0,-0.00370126,0.0835884,0.956745,0.503257,0.0256455,0.0329612,0.00654758,0.00522512,0.493095,0.0235725,-3.15732,-1.68968,18.1999,0.35727,0.95358,-13.351,-0.555556,-0.114409,1.33185,6.04167,30.5,0,0,13.9583,15.0417,0,-9.91608,0.0001,-0.000830125,0.0844861,1.76904,0.129783,51770,0.141919,89.27,2.50737
3872,0.293188,0.519746,0.0112473,0.00495558,0.452388,0.285403,0.838302,0.547641,0.0345074,0.0389287,0.0295483,0.219404,0.0215321,0,0.385453,0.0917596,3.01425,0.198079,0.299975,0.0938196,0.80061,5.56866,0.814133,0.74088,0.381057,1.32703,0.308188,0.215246,0.646893,0.646893,0,0,-0.00372113,0.0867036,0.956681,0.500622,0.0256699,0.0328869,0.00648716,0.00518994,0.491684,0.0235892,-3.1504,-1.83808,18.1236,0.358153,0.950852,-13.3176,-0.555556,-0.113353,1.33913,6.625,30,0,0,12.6667,15.2917,0,-9.92135,0.0001,-0.000526508,0.0847088,1.78637,0.131345,51260,0.141849,91.48,2.59301
3873,0.295268,0.523854,0.0111824,0.00470205,0.455636,0.286174,0.838771,0.555662,0.0338379,0.0392095,0.0290175,0.219706,0.021653,0,0.388795,0.0937964,3.01234,0.195851,0.300575,0.0929595,0.802669,5.5836,0.816873,0.742375,0.376311,1.29859,0.31304,0.215795,0.671433,0.671433,0,0,-0.00374869,0.08471,0.956969,0.507636,0.0252525,0.0322573,0.00667026,0.00538836,0.496844,0.0232083,-3.09697,-2.17505,17.8482,0.365247,0.94221,-13.1705,-0.555556,-0.114746,1.35381,7.04167,31.625,0,0,11.5,16.4583,0,-9.92852,0.0001,-0.000296278,0.0845573,1.79126,0.13302,51086,0.141767,90.69,2.59543
3874,0.299262,0.529792,0.0112469,0.00475553,0.460376,0.291075,0.840534,0.555714,0.0334401,0.0404108,0.0287574,0.218839,0.0220656,0,0.386462,0.0939364,3.00821,0.199237,0.299413,0.0928068,0.805767,5.58367,0.816065,0.740878,0.379215,1.3033,0.313207,0.215473,0.660853,0.660853,0,0,-0.00384181,0.0828719,0.955473,0.50581,0.0251313,0.0320146,0.00612758,0.00496136,0.493647,0.0229537,-3.34008,-2.92817,17.6687,0.373427,0.949036,-12.67,-0.555556,-0.115312,1.37134,6.79167,33.2917,0,0,11.0417,14.0417,0,-9.93378,0.0001,0.000757351,0.0866812,1.75556,0.12619,52240,0.141726,89.88,2.53302
3875,0.29572,0.519385,0.0112817,0.00512978,0.456362,0.286169,0.843442,0.54909,0.0327273,0.0413737,0.0282163,0.218637,0.0229335,0,0.385009,0.092264,3.00534,0.201518,0.299606,0.0925475,0.806776,5.59434,0.817516,0.74007,0.37893,1.30277,0.311797,0.215533,0.632678,0.632678,0,0,-0.00389515,0.0855129,0.954707,0.508546,0.0247978,0.0314707,0.00626966,0.00511716,0.494748,0.0225613,-3.37418,-3.68105,17.34,0.384714,0.948655,-12.2195,-0.555556,-0.113842,1.35274,6.04167,33.5,0,0,9.33333,13.1667,0,-9.9369,0.0001,0.00223132,0.0897264,1.80855,0.126516,50801,0.141736,91.05,2.76874
3876,0.292279,0.513091,0.0113245,0.00542339,0.453999,0.283491,0.844653,0.542615,0.0333757,0.0408363,0.0286991,0.218481,0.0226534,0,0.383227,0.0907734,2.9875,0.203199,0.299752,0.0937394,0.804331,5.57826,0.816612,0.739125,0.381014,1.3047,0.308746,0.215153,0.617706,0.617706,0,0,-0.00385056,0.0849326,0.95424,0.504476,0.0251708,0.0320675,0.0062442,0.00509367,0.493059,0.0229321,-3.29884,-3.28431,17.624,0.377682,0.957516,-12.3945,-0.555556,-0.112981,1.33861,6.5,33.7917,0,0,9.91667,12.4167,0,-9.93469,0.0001,0.00477854,0.088405,1.78331,0.131342,51342,0.14176,89.25,2.2982
3877,0.295417,0.519347,0.0112433,0.00508264,0.45676,0.285516,0.845143,0.550322,0.032931,0.0411442,0.0283721,0.217098,0.0225,0,0.38342,0.0928853,3.01628,0.2011,0.299387,0.0923667,0.807236,5.59142,0.818065,0.740968,0.37811,1.29729,0.312392,0.213919,0.634741,0.634741,0.00085034,0,-0.00384653,0.0829348,0.95496,0.506469,0.0249599,0.0316333,0.00634341,0.00517854,0.495955,0.022744,-3.42195,-3.45962,17.4322,0.380883,0.948186,-12.3804,-0.555556,-0.114297,1.35859,6.25,34.0833,0,0,9.29167,13.7917,0,-9.93201,0.0001,0.0118983,0.0844945,1.74967,0.130964,52271,0.141787,90.92,2.71079
3878,0.294965,0.520288,0.011289,0.00490193,0.456431,0.28617,0.844041,0.55075,0.0329766,0.0413945,0.0284337,0.21793,0.0227345,0,0.384126,0.0932158,2.99732,0.203645,0.299847,0.0927204,0.805655,5.57636,0.815257,0.739924,0.380422,1.31056,0.311718,0.214726,0.645855,0.645855,0,0,-0.00382886,0.0837478,0.95465,0.505286,0.0249986,0.0316949,0.00626263,0.00512607,0.493692,0.0227751,-3.43752,-3.50019,17.4247,0.381352,0.949283,-12.3203,-0.555556,-0.114041,1.35679,6.66667,34.9167,0,0,9.25,12.7083,0,-9.93079,0.0001,0.0028925,0.0861836,1.77678,0.125468,51677,0.14179,89.13,2.46824
3879,0.295202,0.52073,0.0112596,0.00503459,0.45557,0.285798,0.844099,0.552906,0.0335179,0.0403809,0.0288451,0.216872,0.0218794,0,0.38267,0.0938325,3.02158,0.200031,0.298261,0.0925848,0.804245,5.58182,0.815911,0.740585,0.379632,1.30966,0.312375,0.213299,0.648704,0.648704,0.000968992,0,-0.00380491,0.0840734,0.955714,0.503506,0.0252678,0.0320969,0.00637004,0.00516297,0.49203,0.0231016,-3.34525,-2.80812,17.6484,0.372256,0.943871,-12.7647,-0.555556,-0.114166,1.35845,6.29167,30.7917,0,0,9.16667,13.9583,0,-9.92867,0.0001,0.000150728,0.0848552,1.77111,0.13817,51487,0.141811,90.51,2.66849
3880,0.295412,0.525199,0.0112149,0.00493879,0.454168,0.286667,0.841958,0.554931,0.0342204,0.0392377,0.0293741,0.21883,0.0216506,0,0.386305,0.0937102,3.03379,0.198562,0.299528,0.0934226,0.801884,5.56702,0.814011,0.741621,0.378474,1.31663,0.311322,0.214572,0.645776,0.645776,0,0,-0.00370814,0.0848494,0.956542,0.500531,0.025641,0.0326217,0.0065062,0.00524008,0.490869,0.0235684,-3.28697,-2.04439,17.9268,0.361839,0.945716,-13.2525,-0.555556,-0.114408,1.36525,6.95833,29.3333,0,0,10.75,15.4583,0,-9.92621,0.0001,0.000443413,0.0814406,1.79142,0.12774,51222,0.14184,91.12,2.58329
3881,0.297741,0.530849,0.0111158,0.00447743,0.457425,0.28904,0.838838,0.561212,0.0343567,0.0390774,0.0294333,0.219782,0.0216227,0,0.389894,0.0950401,3.03149,0.19648,0.300092,0.0937549,0.805716,5.57957,0.816094,0.743892,0.376427,1.30774,0.314574,0.215594,0.679892,0.679892,0,0,-0.00368175,0.0832646,0.957171,0.50257,0.0256559,0.032723,0.00681178,0.005458,0.496769,0.0236044,-3.08818,-1.72267,18.1124,0.35679,0.944725,-13.4389,-0.555556,-0.115623,1.37348,7.25,32.75,0,0,12.625,16.2917,0,-9.92659,0.0001,0.00215545,0.0847545,1.77149,0.13452,51575,0.141845,90.9,2.51156
3882,0.295154,0.523267,0.0111746,0.00485905,0.454456,0.28553,0.838077,0.554639,0.0351625,0.037694,0.0300772,0.219787,0.0209095,0,0.388071,0.0935052,3.03656,0.196659,0.300375,0.0940543,0.799955,5.55808,0.812888,0.74254,0.379384,1.32595,0.312053,0.215428,0.647695,0.647695,0,0,-0.00360884,0.0833888,0.957844,0.495891,0.0261467,0.0334144,0.00658988,0.00523237,0.491369,0.0241354,-3.17698,-1.02655,18.3745,0.34706,0.9466,-13.8259,-0.555556,-0.114571,1.3507,6.95833,30.7083,0,0,13.7917,17.5417,0,-9.92601,0.0001,0.0260943,0.0862783,1.75763,0.126805,52166,0.141885,89.91,2.35537
3883,0.2949,0.521694,0.0112252,0.00492273,0.455509,0.286221,0.834998,0.549466,0.034968,0.0379626,0.0299338,0.218505,0.0207722,0,0.384776,0.0921043,3.02845,0.199352,0.299773,0.0939099,0.799624,5.56128,0.813911,0.741379,0.37962,1.32847,0.309983,0.214321,0.647239,0.647239,0,0,-0.00367393,0.0845137,0.957329,0.497283,0.0259785,0.0332697,0.00633816,0.00502766,0.49013,0.0239388,-3.30883,-1.36806,18.2775,0.350659,0.947615,-13.5899,-0.555556,-0.114284,1.33682,6.79167,29.0417,0,0,13.0833,15.3333,0,-9.92398,0.0001,0.00130084,0.0842265,1.7395,0.143584,52203,0.14188,90.52,2.38378
3884,0.296093,0.523212,0.0112613,0.0049268,0.454705,0.287223,0.837976,0.551473,0.0337903,0.0400045,0.0290504,0.219193,0.0220482,0,0.386365,0.0928366,3.00497,0.202027,0.301147,0.0934175,0.800872,5.56353,0.814263,0.740561,0.380313,1.31574,0.311759,0.215587,0.64552,0.64552,0,0,-0.00380614,0.085192,0.955653,0.501253,0.0254172,0.0323371,0.00618277,0.00498452,0.491237,0.0232601,-3.43285,-2.66237,17.7803,0.367788,0.948522,-12.8192,-0.555556,-0.113949,1.34801,5.45833,30.9583,0,0,9.83333,14.2083,0,-9.92635,0.0001,-0.000832186,0.0790811,1.81174,0.12989,50629,0.141834,89.6,2.39822
3885,0.298198,0.529805,0.0111982,0.0046318,0.455556,0.2904,0.839553,0.561716,0.0337948,0.0396226,0.0290888,0.216622,0.0214244,0,0.383568,0.0955269,3.02106,0.198355,0.299138,0.092315,0.802701,5.57775,0.814574,0.741995,0.379113,1.31822,0.315949,0.21306,0.678571,0.678571,0,0,-0.00377768,0.0838373,0.956708,0.501747,0.0253815,0.0322456,0.00631864,0.00507361,0.491626,0.0232649,-3.45614,-2.36412,17.8154,0.364848,0.940601,-13.0738,-0.555556,-0.114491,1.37145,6.58333,30.5417,0,0,11.5,15.25,0,-9.93098,0.0001,-0.00156646,0.0795476,1.78592,0.140419,51031,0.141764,89.9,2.5856
3886,0.297041,0.529887,0.011216,0.00461363,0.457062,0.289686,0.838721,0.562839,0.0337717,0.0393618,0.0290383,0.217564,0.0215414,0,0.384659,0.0960996,3.00919,0.199417,0.299845,0.0930047,0.80593,5.58626,0.816293,0.741628,0.378905,1.30605,0.315056,0.213721,0.679899,0.679899,0,0,-0.00380637,0.0835979,0.956092,0.503495,0.0253574,0.0322446,0.0062638,0.00505371,0.493838,0.0232393,-3.4371,-2.46065,17.8132,0.366387,0.94526,-12.9769,-0.555556,-0.114964,1.36744,6.79167,32.0417,0,0,11.4167,14.2083,0,-9.93932,0.0001,-0.00168923,0.0867363,1.75282,0.135015,52072,0.141711,89.79,2.50094
3887,0.297101,0.522729,0.0113017,0.00484256,0.457783,0.288226,0.84236,0.552163,0.0334051,0.0405926,0.0287813,0.217174,0.0219195,0,0.381768,0.0934953,2.982,0.202174,0.299309,0.0925018,0.805663,5.57424,0.815637,0.73962,0.381073,1.3191,0.313136,0.213571,0.659346,0.659346,0,0,-0.00383687,0.0834478,0.955121,0.500982,0.025269,0.0320386,0.00620165,0.00505738,0.495233,0.0230609,-3.55283,-3.13262,17.5732,0.375223,0.948357,-12.543,-0.555556,-0.114273,1.35734,6.29167,31.8333,0,0,9.58333,13.4167,0,-9.94297,0.0001,0.00133381,0.0837082,1.76373,0.131243,51876,0.141673,87.89,2.37995
3888,0.297524,0.523308,0.0112144,0.0049971,0.457122,0.287055,0.844811,0.558039,0.0327757,0.0412083,0.0282933,0.217225,0.0225594,0,0.384758,0.0949937,2.9761,0.201752,0.299692,0.0919093,0.807574,5.60136,0.819202,0.741629,0.377993,1.29686,0.316159,0.214083,0.644565,0.644565,0,0,-0.00392365,0.0838421,0.955152,0.507429,0.0248474,0.0314238,0.00646571,0.00527209,0.498404,0.0226277,-3.45786,-3.4629,17.4168,0.380039,0.943228,-12.3539,-0.555556,-0.114684,1.36813,6.375,31.4583,0,0,9.91667,13.5417,0,-9.94798,0.0001,-0.00162306,0.0836834,1.80378,0.129859,50838,0.141608,89.87,2.39003
3889,0.299125,0.531726,0.0111393,0.00439506,0.457104,0.290237,0.843563,0.566266,0.0332891,0.0401581,0.0286837,0.216974,0.022345,0,0.385914,0.0968124,2.97423,0.198773,0.300844,0.0926768,0.809571,5.59588,0.818211,0.743357,0.377215,1.30624,0.318176,0.213653,0.697176,0.697176,0,0,-0.00382921,0.0824559,0.955766,0.505375,0.0251353,0.031863,0.00643854,0.00522177,0.495585,0.0229284,-3.42042,-2.86295,17.717,0.370175,0.94556,-12.6978,-0.555556,-0.115283,1.38921,6.54167,32.375,0,0,11.5833,13.6667,0,-9.9513,0.0001,3.33927e-06,0.0804528,1.75613,0.139481,51858,0.141553,90.57,2.52193
3890,0.298281,0.532821,0.0111661,0.0044162,0.454785,0.290377,0.845528,0.57003,0.0330846,0.0399575,0.0285391,0.2169,0.0224137,0,0.385731,0.0979156,2.98659,0.197953,0.300501,0.0923891,0.807446,5.59729,0.817548,0.742773,0.376595,1.30591,0.317893,0.213368,0.702118,0.702118,0,0,-0.00386018,0.0839466,0.955453,0.504701,0.0250976,0.031669,0.0063361,0.00516515,0.495547,0.0228754,-3.49994,-3.03042,17.5962,0.373072,0.941395,-12.6197,-0.555556,-0.114828,1.39704,6.125,33.2917,0,0,10.875,14.5,0,-9.9534,0.0001,-0.000941037,0.0856179,1.74958,0.13205,52243,0.141545,90.89,2.55996
3891,0.299176,0.530347,0.0111909,0.0046962,0.457956,0.289499,0.846824,0.565576,0.0328805,0.0408438,0.028377,0.218052,0.0223233,0,0.38721,0.0971144,2.98749,0.198837,0.299451,0.0919857,0.811124,5.6066,0.819385,0.742184,0.377853,1.29405,0.318132,0.214925,0.674552,0.674552,0,0,-0.0039025,0.0825956,0.95552,0.505889,0.024903,0.0315075,0.00640685,0.0052599,0.501685,0.0226658,-3.52056,-3.31399,17.5221,0.376238,0.942656,-12.4038,-0.555556,-0.115233,1.39212,5.16667,30.6667,0,0,9.33333,13.4167,0,-9.95367,0.0001,0.00394539,0.0873894,1.74777,0.133895,52242,0.141547,91.04,2.517
3892,0.296229,0.525303,0.0111527,0.00481727,0.452975,0.286471,0.846662,0.563287,0.0336351,0.0398273,0.0289372,0.216625,0.0221472,0,0.384638,0.0957158,2.96126,0.198834,0.29887,0.0931963,0.808501,5.58598,0.816504,0.743043,0.378222,1.30436,0.316625,0.212943,0.665263,0.665263,0,0,-0.00380665,0.0832926,0.956303,0.502616,0.0253021,0.0321273,0.00645676,0.00526556,0.496713,0.0231313,-3.40158,-2.54753,17.8659,0.364193,0.94472,-12.8476,-0.555556,-0.114279,1.3814,5.95833,30.5417,0,0,10.5417,14.25,0,-9.95438,0.0001,-0.000264282,0.0932886,1.82579,0.134921,50137,0.141558,91.2,2.79922
3893,0.297463,0.529796,0.0111713,0.00455036,0.454919,0.28876,0.847166,0.56196,0.0342535,0.038913,0.0294395,0.219277,0.0213878,0,0.388851,0.0955606,2.97174,0.19641,0.300316,0.0931306,0.804743,5.57501,0.815338,0.742664,0.379622,1.32243,0.314758,0.215437,0.67654,0.67654,0,0,-0.00376796,0.0839368,0.95662,0.497726,0.0256813,0.0326328,0.0063092,0.00508588,0.492098,0.0235295,-3.52845,-1.98883,18.0568,0.357484,0.942998,-13.2112,-0.555556,-0.114824,1.39181,6.625,30.9167,0,0,13.125,16,0,-9.95481,0.0001,0.00157961,0.0878156,1.76139,0.132991,51892,0.141573,90.43,2.59289
3894,0.29654,0.529821,0.0111663,0.00459591,0.451662,0.28833,0.845746,0.56219,0.0346088,0.037874,0.0297124,0.217395,0.0214835,0,0.386154,0.0956679,2.98641,0.197188,0.299075,0.0937125,0.801876,5.56384,0.813748,0.742742,0.381049,1.33571,0.313666,0.213758,0.667746,0.667746,0,0,-0.00373598,0.0859042,0.957415,0.495527,0.0259025,0.0329166,0.00639119,0.00515078,0.493113,0.023767,-3.40785,-1.43293,18.3153,0.348493,0.946103,-13.4739,-0.555556,-0.114161,1.38999,5.875,29,0,0,13.5833,15.5417,0,-9.95454,0.0001,4.0216e-05,0.0892592,1.76405,0.1348,51770,0.141591,90.96,2.58876
3895,0.29201,0.517952,0.0112021,0.00505769,0.447321,0.28338,0.84379,0.550781,0.0356028,0.0373337,0.0304534,0.219255,0.0211033,0,0.387038,0.0923173,2.97057,0.199846,0.299926,0.0951229,0.799778,5.54187,0.810811,0.741928,0.384214,1.355,0.309952,0.215285,0.640626,0.640626,0,0,-0.00361262,0.0861113,0.957427,0.486894,0.0265122,0.033855,0.00647089,0.00516549,0.488571,0.0243926,-3.38665,-0.786563,18.731,0.336919,0.952252,-13.7838,-0.555556,-0.112577,1.3541,5.54167,27.9583,0,0,14.625,15.7083,0,-9.95642,0.0001,0.00123684,0.0882596,1.76485,0.140724,51587,0.141562,90.22,2.53307
3896,0.298138,0.530568,0.0111147,0.0046662,0.45169,0.288315,0.845115,0.56421,0.0348005,0.0380014,0.0298479,0.219285,0.0211261,0,0.389984,0.0964065,2.98835,0.198354,0.300228,0.093517,0.801849,5.57128,0.814164,0.743917,0.382049,1.3325,0.315767,0.215483,0.663522,0.663522,0.000868056,0,-0.00369353,0.0870487,0.95777,0.494663,0.0260068,0.0330862,0.00670227,0.00540118,0.493917,0.0239043,-3.26987,-1.21673,18.4368,0.344736,0.943144,-13.6246,-0.555556,-0.114389,1.38766,4.95833,28.125,0,0,13.2917,14.875,0,-9.95907,0.0001,0.00154005,0.0871594,1.79526,0.126771,51145,0.141531,90.4,2.51787
3897,0.297102,0.527804,0.0111173,0.00445049,0.448833,0.287331,0.843752,0.560945,0.0342195,0.0391889,0.0294237,0.216596,0.0213946,0,0.384237,0.095274,2.99113,0.199848,0.299115,0.0932984,0.80504,5.57278,0.814307,0.74386,0.380929,1.32448,0.3154,0.212458,0.678982,0.678982,0,0,-0.00375883,0.0861435,0.956972,0.496679,0.0256922,0.0326139,0.00675279,0.00544461,0.496311,0.0235858,-3.36288,-1.89078,18.1677,0.352383,0.942096,-13.2525,-0.555556,-0.113508,1.37953,6.66667,31.125,0,0,12,16.2917,0,-9.96159,0.0001,0.000912202,0.0821612,1.75225,0.134604,52099,0.141529,90.72,2.72758
3898,0.301332,0.540671,0.0110747,0.00431576,0.453831,0.292987,0.845076,0.575736,0.033444,0.0394539,0.0288431,0.21506,0.0219756,0,0.385231,0.0991679,3.0066,0.199556,0.298506,0.092271,0.810051,5.59647,0.81691,0.74484,0.37873,1.31103,0.320241,0.211722,0.690072,0.690072,0,0,-0.00384412,0.0848061,0.956616,0.502806,0.0252469,0.0318953,0.00653405,0.00532729,0.497267,0.0230996,-3.5327,-2.4501,17.8178,0.36309,0.935135,-12.972,-0.555556,-0.115322,1.4168,6.04167,30.4167,0,0,11.75,14.625,0,-9.96081,0.0001,0.00162506,0.0812117,1.74765,0.134694,52224,0.141525,91.66,2.85595
3899,0.300046,0.534663,0.0110832,0.00437826,0.451485,0.290275,0.844642,0.569852,0.0335096,0.0393114,0.0289032,0.216701,0.0218863,0,0.387846,0.0978157,2.99884,0.199702,0.301101,0.0924887,0.803332,5.58448,0.815811,0.744643,0.380251,1.31765,0.319074,0.213401,0.692537,0.692537,0,0,-0.00384418,0.0865143,0.956227,0.501543,0.02533,0.0319718,0.00648832,0.00525813,0.495585,0.0231448,-3.49688,-2.39622,17.9338,0.360787,0.938376,-12.9957,-0.555556,-0.114573,1.39991,6.79167,31.25,0,0,11.5417,13.4583,0,-9.95917,0.0001,0.0124749,0.0902656,1.73523,0.130229,52697,0.141531,90.85,2.63894
