step,Episode_Metrics/bridge/credible,Episode_Metrics/bridge/credible_best_s,Episode_Metrics/bridge/failed,Episode_Metrics/bridge/missed_goal,Episode_Metrics/bridge/potential,Episode_Metrics/bridge/progress_steps,Episode_Metrics/bridge/quality,Episode_Metrics/onefoot/best_dwell,Episode_Metrics/onefoot/capture_error,Episode_Metrics/onefoot/clearance,Episode_Metrics/onefoot/com_offset,Episode_Metrics/onefoot/com_speed,Episode_Metrics/onefoot/cross_track,Episode_Metrics/onefoot/diagnostic_valid,Episode_Metrics/onefoot/distance,Episode_Metrics/onefoot/dwell,Episode_Metrics/onefoot/head_speed,Episode_Metrics/onefoot/heading_error,Episode_Metrics/onefoot/injected_speed,Episode_Metrics/onefoot/lateral,Episode_Metrics/onefoot/left_contact,Episode_Metrics/onefoot/left_force,Episode_Metrics/onefoot/left_load,Episode_Metrics/onefoot/phase,Episode_Metrics/onefoot/right_contact,Episode_Metrics/onefoot/right_force,Episode_Metrics/onefoot/single_support,Episode_Metrics/onefoot/speed,Episode_Metrics/onefoot/success,Episode_Metrics/onefoot/success_050,Episode_Metrics/onefoot/success_100,Episode_Metrics/onefoot/success_200,Episode_Metrics/onefoot/support_cop_y_offset,Episode_Metrics/onefoot/support_yaw,Episode_Metrics/onefoot/upright,Episode_Metrics/onefoot/waist_axis_alignment,Episode_Metrics/onefoot/waist_axis_error,Episode_Metrics/onefoot/waist_capture_error,Episode_Metrics/onefoot/waist_foreaft_capture,Episode_Metrics/onefoot/waist_foreaft_error,Episode_Metrics/onefoot/waist_front_load,Episode_Metrics/onefoot/waist_pelvis_offset,Episode_Metrics/onefoot/waist_pitch_deg,Episode_Metrics/onefoot/waist_roll_deg,Episode_Metrics/onefoot/waist_roll_error_deg,Episode_Metrics/onefoot/waist_roll_match,Episode_Metrics/onefoot/waist_roll_speed,Episode_Metrics/onefoot/waist_target_roll_deg,Episode_Reward/failure,Episode_Reward/shaping,Episode_Reward/task,Episode_Termination/body_ground,Episode_Termination/fell_over,Episode_Termination/nan_state,Episode_Termination/out_of_terrain_bounds,Episode_Termination/replanted_swing,Episode_Termination/stalled_transfer,Episode_Termination/time_out,Loss/entropy,Loss/learning_rate,Loss/surrogate,Loss/value,Perf/collection_time,Perf/learning_time,Perf/total_fps,Policy/mean_std,Train/mean_episode_length,Train/mean_reward
3200,0,0,0.0164679,0.0164679,0.138796,0,0.272508,0,0.00866237,0.00660013,0.00573687,0.125063,0.00328178,0,0.0418831,0,1.52622,0.147742,0.0997888,0.0328418,0.125295,1.95194,0.30563,0.198333,0.032691,0.115812,0,0.104948,0,0,0,0,-0.00108948,0.05668,0.295682,0.250793,0.00442678,0.00810197,0.0188611,0.0112816,0.173741,0.00487399,4.14935,2.39523,6.78694,0.142839,0.756342,-4.3917,-0.238095,-0.0101746,0,18.25,163.042,0,0,0,0,0,-10.5831,0.0001,0.126396,1.37595,1.47874,0.155927,60137,0.134967,24,-2.09574
3201,0,0,0.0435639,0.0435639,0.381263,0,0.822623,0,0.0318975,0.0184277,0.0215426,0.379916,0.0106399,0,0.152622,0,4.09589,0.423294,0.303424,0.107662,0.381029,5.69606,0.892939,0.626633,0.12712,0.524992,0,0.326736,0,0,0,0,-0.00115721,0.195825,0.878447,0.669492,0.019534,0.0322989,0.0569905,0.0360017,0.585586,0.0203082,13.8465,8.81947,23.2056,0.368676,1.97459,-14.386,-0.714286,-0.0315355,0,25.375,174.667,0,0,0,0,0,-10.5802,0.0001,0.0860425,0.767235,1.45047,0.119797,62603,0.135,23.36,-2.09741
3202,0,0,0.0463942,0.0463942,0.413404,0,0.818903,0,0.0291162,0.0224579,0.0192227,0.368593,0.010386,0,0.132798,0,4.2479,0.404272,0.302191,0.101467,0.376254,5.88234,0.921907,0.609863,0.0974926,0.358963,0,0.308506,0,0,0,0,-0.00283742,0.159167,0.883067,0.727245,0.0151951,0.0279098,0.0532742,0.0325784,0.566593,0.0162091,13.5775,6.99623,20.7175,0.403381,2.0514,-13.7211,-0.714286,-0.0322919,0,23.5,171.208,0,0,0,0,0,-10.5761,0.0001,0.0327082,0.46289,1.56438,0.164263,56867,0.135038,23.03,-2.09346
3203,0,0,0.048887,0.048887,0.423192,0,0.81476,0,0.0262059,0.0216064,0.017294,0.371676,0.00959,0,0.124411,0,4.47721,0.423252,0.300593,0.0935656,0.372409,5.88218,0.925309,0.596381,0.0920309,0.329813,0,0.308649,0,0,0,0,-0.0032975,0.165543,0.885951,0.759792,0.0129794,0.0245284,0.0544372,0.0326597,0.536454,0.0142916,12.9676,6.50127,19.7309,0.427393,2.11138,-13.2292,-0.714286,-0.031172,0,24.7917,190.708,0,0,0,0,0,-10.5722,0.0001,0.0368159,0.262014,1.66145,0.124658,55038,0.135079,19.9,-2.08274
3204,0,0,0.0489139,0.0489139,0.428738,0,0.81571,0,0.0260532,0.0216376,0.0171795,0.371075,0.00938398,0,0.123532,0,4.42932,0.41851,0.300614,0.0922154,0.380872,5.93269,0.93191,0.595665,0.0926937,0.326054,0,0.307072,0,0,0,0,-0.00318275,0.163023,0.88618,0.761924,0.0128311,0.0244751,0.0539042,0.0323345,0.542489,0.0141586,13.0869,6.2827,19.5091,0.42594,2.07725,-13.2261,-0.714286,-0.0314633,0,24.2083,207.542,0,0,0,0,0,-10.5685,0.0001,0.0317881,0.158455,1.61724,0.128719,56303,0.135113,20.38,-2.08797
3205,0,0,0.0486383,0.0486383,0.430912,0,0.816628,0,0.0260557,0.021922,0.0171803,0.370336,0.00929399,0,0.123918,0,4.39063,0.41319,0.300449,0.0910309,0.387026,5.96028,0.935385,0.59678,0.0935473,0.328169,0,0.306238,0,0,0,0,-0.00310893,0.160829,0.885723,0.761693,0.0128262,0.024556,0.0535315,0.0321945,0.550573,0.0141256,13.2141,6.15486,19.4108,0.424766,2.0576,-13.2558,-0.714286,-0.0317867,0,21.7917,199.042,0,0,0,0,0,-10.5651,0.0001,0.016937,0.0845835,1.7437,0.123613,52644,0.135145,20.85,-2.09065
3206,0,0,0.0484507,0.0484507,0.429318,0,0.81644,0,0.0260064,0.022147,0.0171539,0.369575,0.00927747,0,0.124173,0,4.38654,0.410748,0.300095,0.0908519,0.38474,5.96404,0.935203,0.597682,0.0935935,0.329406,0,0.305597,0,0,0,0,-0.00311686,0.161007,0.885677,0.762676,0.0127727,0.0244996,0.0534362,0.0321571,0.552209,0.0140859,13.2926,6.06198,19.3292,0.426125,2.04361,-13.2667,-0.714286,-0.0318058,0,22.1667,192.167,0,0,0,0,0,-10.5616,0.0001,0.0314308,0.0186108,1.68929,0.129646,54044,0.13518,20.92,-2.09007
3207,0,0,0.0485599,0.0485599,0.42971,0,0.815597,0,0.0260081,0.022403,0.0171725,0.370073,0.0091872,0,0.124198,0,4.41521,0.410071,0.300378,0.0897864,0.386057,5.96117,0.933197,0.597224,0.0934043,0.330588,0,0.306438,0,0,0,0,-0.00321674,0.160989,0.885818,0.76463,0.0126824,0.0243894,0.0534456,0.0320845,0.547893,0.013975,13.2141,6.04055,19.2952,0.427207,2.05182,-13.2544,-0.714286,-0.0317663,0,19.5,197.417,0,0,0,0,0,-10.5578,0.0001,0.0206958,0.0102227,1.66491,0.203622,52610,0.135213,20.35,-2.08766
3208,0,0,0.0485192,0.0485192,0.429568,0,0.815299,0,0.0259199,0.0225149,0.0171561,0.369498,0.009102,0,0.124226,0,4.41349,0.410212,0.300134,0.0891224,0.384837,5.95234,0.932716,0.597465,0.0942135,0.333293,0,0.305994,0,0,0,0,-0.0033194,0.161601,0.885979,0.767498,0.0125709,0.0241882,0.0534447,0.032074,0.543607,0.0138576,13.1937,6.04677,19.2958,0.427476,2.04941,-13.2489,-0.714286,-0.0317867,0,20.4167,199.042,0,0,0,0,0,-10.5541,0.0001,0.0136201,0.0086861,1.54481,0.122426,58962,0.13525,20.73,-2.08825
3209,0,0,0.0484973,0.0484973,0.428849,0,0.815755,0,0.026023,0.0224095,0.0172196,0.368432,0.00910299,0,0.123925,0,4.40826,0.409672,0.299488,0.0891383,0.384477,5.95143,0.93176,0.597493,0.0936299,0.33113,0,0.305197,0,0,0,0,-0.00339017,0.162682,0.885947,0.768392,0.0125391,0.0242197,0.053307,0.0319719,0.540876,0.0138205,13.201,6.04478,19.3087,0.425491,2.04051,-13.2637,-0.714286,-0.0317401,0,18.1667,197.417,0,0,0,0,0,-10.5508,0.0001,0.0274459,0.00802743,1.47297,0.11725,61817,0.135277,20.49,-2.08812
3210,0,0,0.0483698,0.0483698,0.42905,0,0.816501,0,0.0262424,0.0224957,0.017376,0.368248,0.00906614,0,0.124164,0,4.39566,0.406229,0.300006,0.0889752,0.38542,5.963,0.932743,0.598096,0.0931368,0.331503,0,0.304863,0,0,0,0,-0.00342055,0.160753,0.886021,0.767881,0.0125911,0.0243995,0.0530538,0.0318489,0.541214,0.013855,13.2607,5.99663,19.2972,0.423671,2.02907,-13.3004,-0.714286,-0.0318422,0,20.0417,194.667,0,0,0,0,0,-10.548,0.0001,0.0187673,0.0075396,1.62386,0.120165,56366,0.1353,21.03,-2.09067
3211,0,0,0.0481641,0.0481641,0.429378,0,0.816942,0,0.0264784,0.0227944,0.0175109,0.366886,0.00906253,0,0.124103,0,4.3654,0.400873,0.300284,0.088895,0.384592,5.97597,0.933554,0.599024,0.093036,0.330169,0,0.30328,0,0,0,0,-0.00341976,0.158528,0.88537,0.766576,0.0126501,0.0246265,0.052721,0.0317148,0.547696,0.0138906,13.4554,5.94419,19.2773,0.421465,2.01481,-13.3328,-0.714286,-0.0320022,0,18.5833,195.583,0,0,0,0,0,-10.5451,0.0001,0.0336345,0.00719404,1.46413,0.117721,62145,0.135331,20.8,-2.09043
3212,0,0,0.0478704,0.0478704,0.429121,0,0.817373,0,0.026646,0.0229387,0.0176503,0.365176,0.00901669,0,0.124238,0,4.34015,0.396982,0.29956,0.0887666,0.384544,5.98086,0.934446,0.600433,0.0926972,0.332047,0,0.301603,0,0,0,0,-0.00340736,0.156716,0.88482,0.76505,0.0127325,0.0247941,0.0524946,0.0316491,0.552728,0.01395,13.5837,5.92999,19.3187,0.418935,1.99653,-13.3885,-0.714286,-0.0321747,0,21.5833,194.792,0,0,0,0,0,-10.542,0.0001,0.0494598,0.00682794,1.51828,0.120461,59987,0.135361,21.09,-2.09055
3213,0,0,0.0480369,0.0480369,0.430189,0,0.817122,0,0.026508,0.0228345,0.0175559,0.364418,0.0089836,0,0.123385,0,4.34684,0.396628,0.299681,0.088293,0.385745,5.98351,0.933608,0.599661,0.0937578,0.332214,0,0.300567,0,0,0,0,-0.00350657,0.156789,0.885403,0.768899,0.0125467,0.0245533,0.0523553,0.0315518,0.548867,0.0137804,13.558,5.88404,19.2374,0.420657,1.99628,-13.3526,-0.714286,-0.0321478,0,20.2917,193.708,0,0,0,0,0,-10.5389,0.0001,0.0655461,0.00678356,1.59076,0.117644,57541,0.135384,21.16,-2.08989
3214,0,0,0.0480802,0.0480802,0.43203,0,0.817338,0,0.0265397,0.0228902,0.0175862,0.365005,0.00893726,0,0.123441,0,4.33363,0.396038,0.300227,0.0882653,0.385395,5.98034,0.934882,0.599426,0.0929207,0.32987,0,0.301001,0,0,0,0,-0.0035723,0.155849,0.88592,0.769855,0.0125043,0.0245061,0.0523087,0.0315036,0.546029,0.0137344,13.5115,5.85652,19.2109,0.419662,1.99319,-13.3542,-0.714286,-0.0322507,0,19.2917,195.708,0,0,0,0,0,-10.5358,0.0001,0.02249,0.00656136,1.53013,0.125408,59378,0.135408,20.9,-2.0882
3215,0,0,0.0481731,0.0481731,0.432029,0,0.81616,0,0.0263957,0.0230295,0.017511,0.364117,0.00899342,0,0.122816,0,4.36936,0.397571,0.299451,0.0882579,0.387158,5.98372,0.934499,0.598951,0.0909513,0.326976,0,0.300313,0,0,0,0,-0.00359979,0.156777,0.885873,0.771146,0.0124181,0.0243393,0.0525399,0.0316237,0.545172,0.0136634,13.5256,5.89704,19.2317,0.420327,2.0064,-13.3345,-0.714286,-0.0321915,0,20.2083,196.625,0,0,0,0,0,-10.5326,0.0001,0.0250003,0.00644116,1.68875,0.120157,54344,0.135436,20.95,-2.0893
3216,0,0,0.0481379,0.0481379,0.432606,0,0.816438,0,0.0265232,0.0231528,0.0175962,0.363801,0.00901604,0,0.122721,0,4.3663,0.395357,0.299972,0.0885231,0.38536,5.97427,0.934884,0.599116,0.0906938,0.326986,0,0.29974,0,0,0,0,-0.00359845,0.155668,0.886176,0.770341,0.0124709,0.0244688,0.0522343,0.0314862,0.546365,0.0137141,13.5548,5.83172,19.1818,0.419275,1.99471,-13.3497,-0.714286,-0.0322481,0,22.25,193.542,0,0,0,0,0,-10.5295,0.0001,0.0227597,0.00641474,1.52893,0.122971,59509,0.135462,20.58,-2.09018
3217,0,0,0.0477777,0.0477777,0.431417,0,0.816601,0,0.0270687,0.0234427,0.01793,0.362066,0.00905046,0,0.122985,0,4.33293,0.390329,0.299848,0.0889314,0.384489,5.99494,0.936013,0.600773,0.0908896,0.327246,0,0.297922,0,0,0,0,-0.00361192,0.153903,0.885245,0.765913,0.0126976,0.0250009,0.0518557,0.0313434,0.551849,0.0138961,13.7313,5.86518,19.2941,0.414216,1.98342,-13.4288,-0.714286,-0.0324039,0,20.2917,193.208,0,0,0,0,0,-10.5259,0.0001,0.0143203,0.00628322,1.55224,0.146221,57878,0.135496,20.76,-2.08986
3218,0,0,0.0478057,0.0478057,0.433793,0,0.816281,0,0.0272614,0.0237226,0.0180499,0.360826,0.00898999,0,0.122435,0,4.33951,0.387933,0.299827,0.0886943,0.387339,5.98568,0.935723,0.60066,0.0901615,0.322197,0,0.29677,0,0,0,0,-0.0037316,0.152648,0.88622,0.767619,0.0126572,0.025067,0.0514485,0.0311163,0.548884,0.0138353,13.6382,5.7382,19.1783,0.41427,1.97722,-13.4399,-0.714286,-0.0325757,0,19.5417,193.042,0,0,0,0,0,-10.522,0.0001,0.0212913,0.00631462,1.65281,0.119099,55479,0.135536,21.14,-2.09182
3219,0,0,0.0476093,0.0476093,0.43348,0,0.816326,0,0.0275899,0.0240313,0.0182546,0.358959,0.00903124,0,0.122128,0,4.31941,0.384829,0.299337,0.0887904,0.38635,5.99471,0.935047,0.601566,0.0895225,0.32268,0,0.294723,0,0,0,0,-0.00376587,0.151243,0.885622,0.765225,0.0127679,0.0253521,0.0511341,0.0309997,0.550954,0.0139229,13.7306,5.75473,19.2381,0.411823,1.97382,-13.4833,-0.714286,-0.0326794,0,21.5,191.792,0,0,0,0,0,-10.5185,0.0001,0.0206142,0.00625555,1.53061,0.120005,59556,0.135568,20.92,-2.09045
3220,0,0,0.0473003,0.0473003,0.432858,0,0.817037,0,0.0280767,0.0240499,0.0185558,0.357917,0.00909025,0,0.122591,0,4.30861,0.378274,0.30029,0.0890669,0.385939,6.01201,0.936125,0.60298,0.0890322,0.319098,0,0.293802,0,0,0,0,-0.00381058,0.149419,0.885452,0.761554,0.012961,0.0257862,0.0505866,0.0307282,0.554708,0.0140623,13.8231,5.71073,19.2612,0.40791,1.95811,-13.5503,-0.714286,-0.0328489,0,22.5833,189.042,0,0,0,0,0,-10.515,0.0001,0.018148,0.00625493,1.69456,0.117966,54235,0.135604,21.41,-2.09332
3221,0,0,0.0468879,0.0468879,0.430881,0,0.816615,0,0.0283573,0.0244208,0.0187412,0.356203,0.00913174,0,0.122979,0,4.2855,0.371846,0.299915,0.0892073,0.383858,6.02827,0.937583,0.604977,0.0889677,0.319219,0,0.29204,0,0,0,0,-0.00378197,0.147819,0.884312,0.758796,0.0131209,0.0261088,0.0501999,0.0305991,0.562282,0.0141866,14.0541,5.68756,19.2931,0.405922,1.94283,-13.6052,-0.714286,-0.0329875,0,23.75,188.042,0,0,0,0,0,-10.5109,0.0001,0.0271432,0.00620184,1.50526,0.119485,60504,0.135637,21.46,-2.09118
3222,0,0,0.046349,0.046349,0.428537,0,0.817159,0,0.0290204,0.024784,0.0191729,0.354415,0.00923923,0,0.124148,0,4.23834,0.365896,0.299517,0.0903937,0.384352,6.0318,0.93641,0.607749,0.0888723,0.323245,0,0.291019,0,0,0,0,-0.00377685,0.146761,0.88359,0.75215,0.0135223,0.0267735,0.0497713,0.0304281,0.568576,0.0145088,14.195,5.749,19.4566,0.40085,1.92567,-13.7075,-0.714286,-0.0332064,0,27,184.917,0,0,0,0,0,-10.5073,0.0001,0.0119601,0.006224,1.64625,0.13574,55165,0.135663,21.53,-2.09255
3223,0,0,0.046397,0.046397,0.429965,0,0.816594,0,0.0290467,0.0248679,0.0191908,0.353389,0.00927828,0,0.123432,0,4.26252,0.364249,0.299518,0.0902211,0.384212,6.03953,0.936697,0.607446,0.0889718,0.323613,0,0.289586,0,0,0,0,-0.00385596,0.146322,0.884185,0.75357,0.013444,0.0267359,0.0494808,0.0302915,0.567574,0.0144366,14.1426,5.64377,19.3447,0.401473,1.92333,-13.7007,-0.714286,-0.0332698,0,28.875,188.417,0,0,0,0,0,-10.504,0.0001,0.00633151,0.00614192,1.54715,0.121585,58909,0.135698,21.83,-2.09293
3224,0,0,0.0462442,0.0462442,0.430243,0,0.817,0,0.0293424,0.0253617,0.0193656,0.352075,0.00922542,0,0.123235,0,4.25445,0.358693,0.299524,0.0896386,0.386786,6.04678,0.936985,0.608177,0.0885389,0.321471,0,0.28825,0,0,0,0,-0.00394368,0.144528,0.883516,0.752985,0.0134764,0.0269297,0.0491175,0.0301019,0.568656,0.0144277,14.2609,5.59505,19.3277,0.400048,1.91586,-13.7326,-0.714286,-0.0334083,0,28.5833,182.625,0,0,0,0,0,-10.5002,0.0001,0.0208355,0.00615243,1.54493,0.124557,58882,0.135727,22.07,-2.09517
3225,0,0,0.0455923,0.0455923,0.428497,0,0.817253,0,0.0301898,0.0259339,0.0199062,0.350457,0.00935121,0,0.124588,0,4.21455,0.349282,0.299929,0.0905694,0.387105,6.06765,0.93859,0.611484,0.0876664,0.316441,0,0.287111,0,0,0,0,-0.00391219,0.141367,0.882475,0.744586,0.0139479,0.0278217,0.0485109,0.0298912,0.578329,0.0148015,14.5011,5.63548,19.4908,0.394276,1.90246,-13.8547,-0.714286,-0.0337587,0,31.9167,180.958,0,0,0,0,0,-10.4968,0.0001,0.0153236,0.00633736,1.642,0.116679,55896,0.135757,22.15,-2.09462
3226,0,0,0.0449449,0.0449449,0.425036,0,0.816357,0,0.0310109,0.0264127,0.0204289,0.348588,0.00959914,0,0.126017,0,4.18174,0.342527,0.300454,0.0925103,0.385413,6.06926,0.937443,0.614928,0.0876636,0.321342,0,0.285785,0,0,0,0,-0.00390521,0.139646,0.881618,0.736649,0.0144273,0.0286764,0.0480824,0.0298012,0.588573,0.0152005,14.6767,5.73033,19.7071,0.389322,1.8906,-13.9764,-0.714286,-0.0339777,0,38.9583,176.708,0,0,0,0,0,-10.4936,0.0001,0.0300033,0.00632638,1.5346,0.121028,59375,0.135787,22.43,-2.0949
3227,0,0,0.044441,0.044441,0.422737,0,0.816107,0,0.0316912,0.0267175,0.0208598,0.347761,0.00981299,0,0.127379,0,4.16045,0.338918,0.300235,0.094101,0.386317,6.09016,0.937847,0.61749,0.0874657,0.32239,0,0.285541,0,0,0,0,-0.00385479,0.139256,0.880655,0.729303,0.0148839,0.0294081,0.0479642,0.0298423,0.595926,0.015581,14.8246,5.85941,19.9327,0.38437,1.89023,-14.0733,-0.714286,-0.0341668,0,42.4167,172.875,0,0,0,0,0,-10.4909,0.0001,0.0102014,0.00637779,1.66739,0.121236,54960,0.135812,22.91,-2.09653
3228,0,0,0.0437762,0.0437762,0.420514,0,0.816392,0,0.032544,0.0274236,0.0214226,0.344779,0.0100755,0,0.128459,0,4.11929,0.3295,0.29966,0.0961328,0.385997,6.08798,0.93682,0.621198,0.0867382,0.322954,0,0.283381,0,0,0,0,-0.00384579,0.135439,0.879939,0.720985,0.0154096,0.0302861,0.0474619,0.0296938,0.604833,0.0159944,14.9767,5.92833,20.1313,0.379084,1.87508,-14.2015,-0.714286,-0.0345226,0,48.5417,169.917,0,0,0,0,0,-10.4877,0.0001,0.00372274,0.00656695,1.55878,0.12143,58506,0.135845,23.02,-2.09648
3229,0,0,0.0431502,0.0431502,0.419105,0,0.814715,0,0.0334738,0.0284026,0.0220497,0.342432,0.010244,0,0.129982,0,4.09804,0.320063,0.299456,0.097356,0.390117,6.09028,0.934747,0.624787,0.0878769,0.325809,0,0.281954,0,0,0,0,-0.00391581,0.134432,0.879609,0.714323,0.0158801,0.0311507,0.0469162,0.0294783,0.61098,0.0163432,15.1113,5.94501,20.2741,0.374786,1.86012,-14.3289,-0.714286,-0.0349247,0,52.3333,165.458,0,0,0,0,0,-10.484,0.0001,0.0220484,0.00664014,1.67913,0.143647,53930,0.135881,23.84,-2.09829
3230,0,0,0.0418723,0.0418723,0.412708,0,0.814673,0,0.0351043,0.029658,0.0231411,0.340642,0.0106716,0,0.134178,0,4.01882,0.305598,0.300275,0.101604,0.38821,6.09045,0.932172,0.632087,0.0887335,0.336497,0,0.28211,0,0,0,0,-0.0038849,0.130888,0.877731,0.698305,0.0169755,0.0328462,0.0463532,0.0294056,0.626122,0.0172298,15.4664,6.2328,20.8069,0.364496,1.83498,-14.574,-0.714286,-0.0354637,0,61.5417,152.083,0,0,0,0,0,-10.48,0.0001,0.0120429,0.00724031,1.50315,0.12408,60411,0.135917,25.17,-2.10081
3231,0,0,0.0401606,0.0401606,0.404151,0,0.811903,0,0.0373261,0.0308734,0.024706,0.337884,0.0115514,0,0.140617,0,3.90697,0.289474,0.300302,0.109028,0.3901,6.07756,0.923891,0.642938,0.0901064,0.352317,0,0.28259,0,0,0,0,-0.00374481,0.130019,0.8773,0.676954,0.0187419,0.0352244,0.0459287,0.0294423,0.636386,0.018718,15.615,6.6733,21.6027,0.350262,1.7981,-14.9294,-0.714286,-0.0362725,0,72.3333,148.75,0,0,0,0,0,-10.4758,0.0001,0.0147168,0.00714129,1.48603,0.120512,61189,0.13596,25.11,-2.09981
3232,0,0,0.0397959,0.0397959,0.404459,0,0.810954,0,0.0375185,0.0316577,0.0248621,0.33463,0.0116341,0,0.140589,0,3.90338,0.282288,0.29959,0.109801,0.390222,6.08707,0.924323,0.645121,0.088614,0.346219,0,0.279952,0,0,0,0,-0.00385857,0.127663,0.877286,0.677375,0.0187609,0.0353028,0.0454998,0.029251,0.639972,0.0186821,15.7038,6.60548,21.5829,0.349656,1.78405,-14.9773,-0.714286,-0.0366309,0,77.5833,145.625,0,0,0,0,0,-10.4713,0.0001,0.00948514,0.00734079,1.63713,0.119896,55949,0.136001,24.73,-2.10017
3233,0,0,0.0387918,0.0387918,0.400616,0,0.809319,0,0.0389507,0.0324458,0.0258843,0.332744,0.012207,0,0.144703,0,3.85338,0.270676,0.300341,0.114128,0.389081,6.05997,0.919324,0.651943,0.0902759,0.3582,0,0.280206,0,0,0,0,-0.00384565,0.126485,0.878092,0.665538,0.0198078,0.0367551,0.044975,0.0290985,0.645482,0.0195292,15.6422,6.82023,22.0173,0.341821,1.77404,-15.197,-0.714286,-0.0372656,0,78.625,136.583,0,0,0,0,0,-10.4678,0.0001,0.0273825,0.00758911,1.54355,0.120848,59062,0.136028,26.84,-2.1062
3234,6.10697e-05,6.13276e-05,0.0381413,0.0381413,0.399214,6.10697e-05,0.807406,6.13276e-05,0.0396084,0.0329234,0.0263862,0.329955,0.0125761,0,0.146423,4.26947e-06,3.83268,0.263795,0.30013,0.117073,0.391147,6.05606,0.91609,0.656505,0.0907611,0.365467,6.10697e-05,0.27853,0,0,0,0,-0.00384626,0.126116,0.878984,0.660236,0.0203764,0.037412,0.0444169,0.0289053,0.648349,0.0200119,15.6038,6.89024,22.2123,0.338372,1.75855,-15.322,-0.714286,-0.037811,0.000179363,81.0833,133.042,0,0,0.0416667,0,0,-10.4647,0.0001,0.0250493,0.0077131,1.64689,0.157058,54493,0.136058,26.72,-2.10634
3235,5.10133e-05,4.72001e-05,0.0373653,0.0373653,0.394417,5.10133e-05,0.805099,4.72001e-05,0.0408791,0.0331607,0.0273398,0.328138,0.0130582,0,0.14955,1.26277e-06,3.81332,0.258023,0.300062,0.121074,0.388699,6.01823,0.909898,0.66208,0.0948361,0.380343,5.10133e-05,0.278022,0,0,0,0,-0.00378834,0.126936,0.879662,0.648526,0.021431,0.0387339,0.0438993,0.0287301,0.648459,0.0209194,15.4893,7.13331,22.6502,0.329898,1.7488,-15.5168,-0.714286,-0.038153,0.000141379,86.1667,130.792,0,0,0,0,0,-10.461,0.0001,0.0111778,0.00779578,1.56755,0.119169,58281,0.1361,27.77,-2.10834
3236,4.97884e-05,4.78999e-05,0.0364722,0.0364722,0.390743,4.97884e-05,0.80346,4.78999e-05,0.0420066,0.033733,0.0281802,0.325672,0.0135764,0,0.152728,2.14191e-06,3.75608,0.250171,0.299425,0.125267,0.39347,5.9973,0.903583,0.668325,0.0969841,0.398928,4.97884e-05,0.277218,0,0,0,0,-0.00372978,0.127265,0.880698,0.637607,0.0224235,0.0399139,0.0436218,0.0287127,0.649931,0.0217759,15.3932,7.33616,23.0499,0.322637,1.72811,-15.7138,-0.714286,-0.0387198,0.000132274,88.2083,125.708,0,0,0,0,0,-10.457,0.0001,0.00404811,0.00788284,1.53194,0.118659,59556,0.136145,28.86,-2.10925
3237,0.000116497,0.000113512,0.0356143,0.0356143,0.386613,0.000116497,0.800498,0.000119464,0.0430428,0.0341051,0.0289825,0.323355,0.0141017,0,0.156352,5.81146e-06,3.74319,0.24224,0.29963,0.12918,0.393811,5.97541,0.897312,0.675053,0.0994734,0.413816,0.000122333,0.276781,0,0,0,0,-0.0036298,0.127683,0.881805,0.6289,0.0234236,0.0410406,0.0431478,0.0285225,0.647544,0.0226222,15.2192,7.54251,23.4537,0.316061,1.71919,-15.9092,-0.714286,-0.0393229,0.000327635,85.4583,120.583,0,0,0.0833333,0,0,-10.4544,0.0001,0.00564176,0.00820138,1.70848,0.120528,53747,0.136166,29.97,-2.1133
3238,0.000186748,0.000166671,0.0345109,0.0345109,0.381544,0.000169512,0.796783,0.000240767,0.044505,0.034409,0.0301114,0.322918,0.0147591,0,0.162526,1.47228e-05,3.72509,0.234893,0.300284,0.133939,0.398041,5.92968,0.887636,0.683591,0.104495,0.436459,0.00026135,0.278543,0,0,0,0,-0.00351734,0.131071,0.883071,0.616617,0.024773,0.0425794,0.042621,0.0283243,0.64357,0.0237685,14.8934,7.85363,24.0206,0.307843,1.71177,-16.1669,-0.714286,-0.0400446,0.000474217,82.75,113.083,0,0,0.125,0,0,-10.4509,0.0001,0.00418359,0.00853007,1.50901,0.12018,60339,0.136211,30.27,-2.10734
3239,0.000331564,0.000325705,0.0330742,0.0330742,0.377278,0.000324114,0.792985,0.000342262,0.0465268,0.0346401,0.031619,0.319326,0.0159116,0,0.168929,1.97584e-05,3.67499,0.225046,0.300136,0.141773,0.402681,5.88413,0.877896,0.695149,0.108367,0.455858,0.000348458,0.277875,0,0,0,0,-0.00325682,0.130966,0.885576,0.597859,0.0267301,0.0448384,0.0417427,0.0279859,0.641367,0.0254508,14.395,8.3055,24.8173,0.296317,1.70858,-16.5118,-0.714286,-0.0413763,0.00093295,84.5417,113.125,0,0,0.166667,0,0,-10.4463,0.0001,0.0100506,0.00920149,1.64323,0.152037,54757,0.136255,31.13,-2.11265
3240,0.0010924,0.00105644,0.0318423,0.0318423,0.373721,0.00105523,0.787508,0.00114592,0.0481652,0.0345382,0.0329223,0.316176,0.0167817,0,0.175351,9.01417e-05,3.68411,0.215949,0.300409,0.147429,0.410233,5.83741,0.867598,0.705736,0.114553,0.480844,0.001141,0.27728,0,0,0,0,-0.00311019,0.132159,0.88802,0.585246,0.0282773,0.0465645,0.0409112,0.0275653,0.634063,0.0267504,13.7864,8.68148,25.5082,0.286005,1.70774,-16.8267,-0.714286,-0.0427376,0.00307505,75.25,108.75,0,0,0.541667,0,0,-10.4428,0.0001,0.00521951,0.0104049,1.50886,0.12084,60320,0.136283,32.83,-2.11535
3241,0.00179574,0.00171508,0.030726,0.030726,0.370695,0.00173607,0.782816,0.00181095,0.049493,0.0341041,0.0340249,0.312634,0.0174317,0,0.180806,0.000122933,3.71538,0.20987,0.29957,0.150971,0.417427,5.77969,0.859212,0.715403,0.121418,0.511533,0.0018716,0.275798,0,0,0,0,-0.00297977,0.136169,0.891057,0.573856,0.0296226,0.0479606,0.0398642,0.0269932,0.626876,0.0278897,13.0196,8.97063,26.0857,0.277705,1.70437,-17.0978,-0.714286,-0.0440159,0.00492371,73.5,105.417,0,0,0.958333,0,0,-10.4398,0.0001,0.00503583,0.0114126,1.51975,0.119826,59957,0.136321,33.44,-2.07325
3242,0.00319951,0.00308725,0.029942,0.029942,0.368738,0.00306902,0.77946,0.00336249,0.0502845,0.0337761,0.0346761,0.310829,0.0178141,0,0.185464,0.000251744,3.74482,0.206013,0.300299,0.152547,0.421013,5.7569,0.854865,0.722386,0.126594,0.535654,0.0034933,0.275744,0,0,0,0,-0.00286959,0.139148,0.892911,0.568078,0.0304236,0.0488271,0.0391332,0.0265943,0.622389,0.0285682,12.4959,9.16677,26.4525,0.272,1.69904,-17.2857,-0.714286,-0.0451056,0.00881395,70.7083,105.333,0,0,1.54167,0,0,-10.4363,0.0001,0.000474696,0.0125541,1.69863,0.119918,54056,0.136349,34.32,-2.09417
3243,0.00361264,0.00349134,0.0293749,0.0293749,0.365901,0.00347222,0.777592,0.00362899,0.0508098,0.0335016,0.0351383,0.309445,0.0180691,0,0.188705,0.00025519,3.74255,0.202071,0.299598,0.154509,0.422692,5.73044,0.85111,0.7274,0.129037,0.547014,0.00370983,0.275348,0,0,0,0,-0.00275324,0.141213,0.89447,0.562999,0.031077,0.0494362,0.038698,0.026386,0.619636,0.0291323,12.1557,9.29148,26.711,0.267492,1.69409,-17.4195,-0.714286,-0.0455791,0.009953,66.0833,102.833,0,0,1.625,0,0,-10.4329,0.0001,0.00244302,0.0156345,1.52916,0.121571,59551,0.136375,35.59,-2.08685
3244,0.0062416,0.00611911,0.0285078,0.0285078,0.365146,0.00605259,0.773404,0.0064095,0.0516567,0.0330154,0.0358479,0.306552,0.0184005,0,0.193767,0.000471286,3.80489,0.196066,0.300781,0.155323,0.434902,5.71439,0.847431,0.735315,0.13501,0.572847,0.00653006,0.274499,0,0,0,0,-0.00270373,0.14288,0.897321,0.557033,0.0318471,0.0502794,0.0374014,0.0255676,0.613682,0.0297452,11.3277,9.45264,27.089,0.260788,1.6902,-17.6183,-0.714286,-0.0471359,0.0178627,62.9167,102.958,0,0,2.20833,0,0,-10.4284,0.0001,0.0115156,0.0195251,1.72521,0.127047,53072,0.136406,36.1,-2.07599
3245,0.00860865,0.00845072,0.0276855,0.0276855,0.366651,0.00828836,0.769543,0.00877784,0.0520927,0.0329954,0.0362682,0.301748,0.0185261,0,0.197302,0.000687445,3.85613,0.189406,0.299645,0.155866,0.443872,5.69807,0.8427,0.742814,0.140704,0.60233,0.00891917,0.271388,0,0,0,0,-0.00263949,0.143077,0.900234,0.553234,0.0323745,0.0507286,0.0363643,0.0249524,0.610174,0.030168,10.6428,9.49637,27.3155,0.25561,1.67616,-17.8098,-0.714286,-0.0488744,0.0242818,57.1667,98.0833,0,0,3.08333,0.0416667,0,-10.4238,0.0001,-0.00131861,0.0235651,1.51511,0.119881,60125,0.13646,36.65,-2.08244
3246,0.0132748,0.0129737,0.0266951,0.0266951,0.365255,0.0126104,0.766852,0.01429,0.0529034,0.0320925,0.036961,0.297924,0.0188436,0,0.20299,0.0012022,3.88682,0.183842,0.300314,0.156944,0.454726,5.66717,0.839455,0.751855,0.147435,0.626508,0.0144725,0.269703,0.000434028,0.000434028,0,0,-0.00255084,0.146734,0.9035,0.547567,0.0331781,0.0515812,0.0347547,0.0239362,0.603254,0.0308209,9.66826,9.66482,27.7196,0.248378,1.67042,-18.0373,-0.714286,-0.0506391,0.0375099,53.625,96.1667,0,0,5.875,0.0833333,0,-10.4195,0.0001,0.0011849,0.0294,1.53087,0.210304,56458,0.136506,38.66,-2.0411
3247,0.0176503,0.0173194,0.0259571,0.0259571,0.36348,0.0167662,0.763636,0.0188117,0.0532288,0.0317062,0.0372944,0.293289,0.019065,0,0.206485,0.00158569,3.94239,0.181461,0.299947,0.155987,0.462548,5.65886,0.838544,0.758677,0.153911,0.651341,0.0190397,0.266854,0.00124351,0.00124351,0,0,-0.00251423,0.149478,0.906135,0.546895,0.033475,0.0519153,0.0336024,0.023206,0.600657,0.031057,8.84952,9.67279,27.8907,0.245802,1.65951,-18.1586,-0.714286,-0.0519868,0.0502544,48.5,91.875,0,0,7.125,0.166667,0,-10.4157,0.0001,0.00232781,0.0334307,1.61132,0.117561,56859,0.136546,40.24,-1.94074
3248,0.024599,0.0243744,0.0252332,0.0252332,0.368918,0.0234785,0.763157,0.0274979,0.0530835,0.0317361,0.0372363,0.285625,0.0189066,0,0.207534,0.00233457,3.9697,0.175709,0.298455,0.154346,0.477605,5.68111,0.840163,0.765384,0.155826,0.667803,0.0274953,0.261106,0,0,0,0,-0.0025924,0.145157,0.909215,0.551682,0.033255,0.0516637,0.0318432,0.022038,0.596099,0.0308058,8.02119,9.49579,27.8271,0.24292,1.63933,-18.2714,-0.714286,-0.0545757,0.071003,46.2083,90.1667,0,0,11.3333,0.125,0,-10.4116,0.0001,-0.00221078,0.0382435,1.52509,0.118529,59809,0.136592,42.2,-1.9001
3249,0.0280529,0.0276421,0.0247378,0.0247378,0.37048,0.0264207,0.760408,0.0313361,0.0531736,0.0312636,0.0373872,0.286362,0.0188598,0,0.213171,0.00273768,4.02298,0.174069,0.300778,0.153197,0.48561,5.66506,0.838507,0.769971,0.160787,0.686778,0.0314927,0.263003,0,0,0,0,-0.00259559,0.147912,0.911172,0.550317,0.0334103,0.0517373,0.0310947,0.0215342,0.590844,0.0309104,7.45106,9.51337,27.9524,0.241179,1.63072,-18.3637,-0.714286,-0.0559481,0.0803061,42.3333,85.625,0,0,11.4167,0.125,0,-10.4085,0.0001,-0.000660413,0.0451053,1.73055,0.11851,53164,0.136608,43.2,-1.88273
3250,0.0359159,0.0351601,0.0240438,0.0240438,0.373699,0.0335518,0.758207,0.040124,0.0530896,0.0309763,0.0374048,0.279786,0.0189615,0,0.215169,0.00349738,4.09553,0.172205,0.30057,0.152089,0.495082,5.67407,0.839701,0.776415,0.165515,0.712338,0.0405267,0.258286,0.000826817,0.000826817,0,0,-0.0026615,0.146924,0.914109,0.554902,0.0332534,0.0515726,0.0294581,0.0204654,0.588051,0.030739,6.54261,9.35903,27.9491,0.238898,1.61421,-18.4528,-0.714286,-0.0582342,0.102538,38.875,83,0,0,14.9167,0.208333,0,-10.4076,0.0001,-0.00252241,0.0496008,1.57836,0.120229,57873,0.136617,42.7,-1.87712
3251,0.0433766,0.0434399,0.0234355,0.0234355,0.377768,0.0406289,0.756552,0.0498139,0.0528804,0.0311855,0.0373198,0.274291,0.0188686,0,0.217368,0.00470291,4.09402,0.16881,0.300722,0.150661,0.511314,5.68695,0.841839,0.782061,0.16686,0.714817,0.0491609,0.254244,0.00175699,0.00175699,0,0,-0.00271878,0.144088,0.916639,0.558752,0.0330618,0.0513072,0.0279423,0.0194729,0.58481,0.0305335,5.78467,9.10977,27.8189,0.239149,1.59643,-18.5012,-0.714286,-0.0605827,0.126618,37.9167,78.875,0,0,17.4583,0.333333,0,-10.4057,0.0001,0.0030352,0.0541415,1.68645,0.189527,52401,0.136644,43.48,-1.79127
3252,0.0532022,0.0533101,0.0226448,0.0226448,0.3818,0.0495986,0.754561,0.0618088,0.052732,0.0306254,0.0372783,0.266477,0.0186952,0,0.219464,0.0058762,4.13158,0.165182,0.299681,0.148796,0.527308,5.70357,0.842487,0.789412,0.171315,0.739659,0.0608871,0.248821,0.00232266,0.00232266,0,0,-0.00279062,0.139418,0.920151,0.563881,0.032755,0.0510669,0.0257562,0.017977,0.576417,0.0302114,4.68619,8.90372,27.7444,0.236395,1.5774,-18.6221,-0.714286,-0.0633598,0.1557,31.0833,75.5,0,0,20.5833,0.541667,0,-10.4027,0.0001,0.00558974,0.0556349,1.6074,0.126045,56710,0.136685,46.35,-1.6858
3253,0.063848,0.0649657,0.0218948,0.0218886,0.387999,0.0599697,0.752462,0.0773545,0.0522661,0.030312,0.0369999,0.260484,0.0183976,0,0.222813,0.00779952,4.1598,0.162971,0.300228,0.145615,0.547465,5.71786,0.845996,0.79638,0.17657,0.76584,0.0754181,0.244933,0.00203134,0.00203134,0,0,-0.00287327,0.135309,0.923991,0.570053,0.032278,0.0505409,0.0236919,0.0165977,0.572847,0.0297466,3.59783,8.53058,27.5636,0.235583,1.55329,-18.6602,-0.714286,-0.0664742,0.190706,28.875,69.875,0,0,24.6667,0.583333,0,-10.3994,0.0001,0.00456565,0.0598982,1.5405,0.117045,59306,0.136719,46.3,-1.65439
3254,0.0722108,0.0736956,0.0213097,0.0213097,0.38993,0.0674405,0.750905,0.0890248,0.0518842,0.0297212,0.036823,0.252864,0.0182519,0,0.223359,0.00915429,4.18495,0.164528,0.298955,0.143235,0.558363,5.72157,0.847816,0.801823,0.180995,0.784944,0.0865359,0.239603,0.00416945,0.00416945,0,0,-0.0029681,0.134059,0.926429,0.575673,0.0318516,0.0500507,0.021914,0.0153752,0.565004,0.0293415,2.5975,8.28145,27.4397,0.236795,1.53371,-18.6809,-0.714286,-0.0686385,0.217163,25,64.9583,0,0,27.2917,0.75,0,-10.3962,0.0001,0.00105536,0.0631264,1.75022,0.123112,52475,0.136761,48.69,-1.50382
3255,0.0850136,0.0882273,0.0204933,0.0204933,0.39963,0.0799809,0.748428,0.107215,0.0511075,0.029841,0.0362872,0.242515,0.0182095,0,0.22403,0.0112795,4.20088,0.158716,0.299607,0.141103,0.583582,5.78561,0.855301,0.809412,0.180735,0.790869,0.102577,0.231207,0.00566673,0.00566673,0,0,-0.0031128,0.123594,0.930269,0.58801,0.0309823,0.0491362,0.0193296,0.0136279,0.563226,0.0285332,1.44909,7.77756,27.0295,0.238202,1.50511,-18.7479,-0.714286,-0.0726404,0.259417,21.0833,62.0417,0,0,32.9167,1.29167,0,-10.3913,0.0001,-0.00165647,0.0624338,1.54399,0.120855,59046,0.136823,50.99,-1.37429
3256,0.0917222,0.0937692,0.0201332,0.0201171,0.400353,0.0845767,0.748471,0.114578,0.0507153,0.0302948,0.0360598,0.240469,0.0177547,0,0.226937,0.0123583,4.19096,0.159285,0.300812,0.139026,0.589425,5.78243,0.855569,0.812762,0.185587,0.80969,0.11091,0.230294,0.00716748,0.00716748,0,0,-0.00319683,0.12482,0.93149,0.591176,0.0306433,0.0487328,0.0183063,0.0129186,0.557626,0.0281824,0.97972,7.38659,26.8777,0.239796,1.48942,-18.6297,-0.714286,-0.073973,0.277204,21,60.2917,0,0,34.75,1.04167,0,-10.3857,0.0001,0.000975533,0.0675507,1.70925,0.127678,53515,0.13689,52.52,-1.31019
3257,0.101152,0.105233,0.0196149,0.0195901,0.407495,0.0938748,0.74804,0.1327,0.0496324,0.0305141,0.0353109,0.231049,0.017574,0,0.224325,0.0148428,4.19075,0.160168,0.298394,0.136376,0.609074,5.82633,0.860694,0.817581,0.183295,0.806625,0.126471,0.222406,0.00895535,0.00895535,0,0,-0.00337409,0.117225,0.934096,0.605487,0.0295998,0.0474876,0.0164723,0.0116157,0.553235,0.0272589,0.137777,6.81256,26.3525,0.247132,1.4657,-18.5813,-0.714286,-0.0769672,0.312576,17.3333,53.625,0,0,37.4167,1.29167,0,-10.3797,0.0001,0.00751267,0.0715525,1.53032,0.116475,59694,0.136946,53.36,-1.32447
3258,0.10853,0.113427,0.0191758,0.01915,0.415719,0.100117,0.747472,0.144389,0.0486019,0.0313003,0.0345957,0.224958,0.0174313,0,0.225012,0.0164491,4.20581,0.160506,0.299366,0.134701,0.625553,5.86986,0.865905,0.821666,0.179544,0.80402,0.137818,0.217903,0.00926877,0.00926877,0,0,-0.00350325,0.110214,0.936013,0.6175,0.0286576,0.046347,0.0147886,0.0104147,0.548131,0.0264335,-0.62041,6.23122,25.8627,0.252718,1.43838,-18.4961,-0.714286,-0.0800767,0.337198,15.8333,51.7917,0,0,41.2917,1.375,0,-10.375,0.0001,-0.000294882,0.0701334,1.53786,0.120066,59293,0.136979,53.71,-1.24542
3259,0.110881,0.117502,0.0191741,0.0191676,0.415187,0.10306,0.747396,0.148723,0.0485091,0.0323305,0.0345197,0.226339,0.0174148,0,0.226178,0.0175147,4.20226,0.163681,0.300967,0.134674,0.624435,5.86562,0.866261,0.821681,0.17774,0.795372,0.139321,0.21911,0.0164228,0.0164228,0,0,-0.00352092,0.11174,0.935695,0.617326,0.0286376,0.046309,0.0148779,0.0104748,0.548662,0.0264006,-0.600201,6.02575,25.7934,0.257507,1.44025,-18.3455,-0.714286,-0.0801836,0.349543,15,53.125,0,0,41.4583,2.08333,0,-10.3714,0.0001,0.00261798,0.069801,1.70347,0.118271,53961,0.137031,54.05,-1.34928
3260,0.117273,0.124052,0.0188194,0.0187667,0.419822,0.108636,0.746657,0.162069,0.0475676,0.032644,0.0338494,0.21848,0.017234,0,0.22376,0.0192845,4.2189,0.162146,0.299749,0.13291,0.637311,5.90416,0.870237,0.824979,0.175421,0.798409,0.15174,0.2128,0.0146326,0.0146326,0,0,-0.0036913,0.106766,0.937538,0.629966,0.0277117,0.0452437,0.0132211,0.0093332,0.546143,0.0255623,-1.24401,5.45855,25.3176,0.264555,1.41804,-18.2465,-0.714286,-0.0820768,0.369782,13.9167,47.8333,0,0,42.3333,1.625,0,-10.3667,0.0001,-0.000441928,0.0715837,1.55792,0.122095,58513,0.137081,54.56,-1.12283
3261,0.123378,0.133013,0.018619,0.018595,0.422933,0.115581,0.746539,0.171528,0.0471543,0.0329053,0.0335665,0.21689,0.017143,0,0.225237,0.0210853,4.19142,0.162176,0.29902,0.132103,0.64592,5.9164,0.872549,0.826843,0.173011,0.787124,0.158057,0.211916,0.0188479,0.0188479,0,0,-0.00370532,0.105008,0.938264,0.633914,0.0274188,0.0448649,0.0126653,0.00896613,0.544127,0.0252813,-1.44712,5.20899,25.1526,0.268597,1.40648,-18.1399,-0.714286,-0.0834593,0.396626,13.6667,48.4583,0,0,45.1667,2.29167,0,-10.362,0.0001,0.0021448,0.0741456,1.72804,0.119207,53216,0.137135,55.62,-1.03723
3262,0.12939,0.139502,0.0184773,0.018444,0.428007,0.120711,0.746493,0.177099,0.0464731,0.034204,0.033064,0.217703,0.0168639,0,0.228024,0.0217637,4.17432,0.164217,0.300183,0.130838,0.650131,5.93759,0.875041,0.828161,0.173873,0.794242,0.163172,0.212727,0.0225843,0.0225843,0,0,-0.0037226,0.104695,0.938916,0.639016,0.0269597,0.0442366,0.0121691,0.00859864,0.544047,0.0248741,-1.53547,4.71296,24.8277,0.273773,1.39401,-17.9844,-0.714286,-0.0849605,0.416041,12.75,44.625,0,0,44.8333,2.41667,0,-10.358,0.0001,0.00162402,0.0782233,1.56636,0.121895,58228,0.137156,55.06,-1.13696
3263,0.132498,0.144779,0.0183489,0.0183143,0.429597,0.124644,0.746255,0.185375,0.0459642,0.0346502,0.0326916,0.215284,0.016694,0,0.227429,0.0233269,4.15805,0.165211,0.299811,0.130062,0.657341,5.94504,0.876881,0.829355,0.172119,0.778027,0.168767,0.210841,0.0218632,0.0218632,0,0,-0.0038096,0.10287,0.93939,0.643689,0.0265026,0.0436996,0.0115439,0.00817896,0.542925,0.0244382,-1.80649,4.3257,24.5993,0.278015,1.38574,-17.8306,-0.714286,-0.0858518,0.43282,11.0417,44.2083,0,0,45.5417,2.54167,0,-10.3558,0.0001,0.00416299,0.079516,1.69536,0.126449,53959,0.137176,55.36,-0.993687
3264,0.142491,0.15528,0.0180481,0.0179717,0.438163,0.132122,0.745289,0.201686,0.0449086,0.03499,0.0319674,0.210202,0.0165607,0,0.227305,0.0265615,4.15387,0.165132,0.299765,0.127932,0.672456,5.99423,0.881335,0.832153,0.16722,0.770317,0.18301,0.206846,0.0376895,0.0376895,0,0,-0.00394307,0.0988876,0.941189,0.656083,0.025604,0.04253,0.0105375,0.00746032,0.539092,0.0236703,-2.28627,3.89458,24.0877,0.287352,1.35845,-17.7715,-0.714286,-0.0888147,0.464836,10.0833,40.25,0,0,45.6667,2.75,0,-10.3536,0.0001,-0.000446824,0.0833545,1.56015,0.118455,58562,0.137178,56.2,-0.933782
3265,0.14352,0.158029,0.0179839,0.0179231,0.441019,0.134267,0.747029,0.204502,0.0442513,0.0369185,0.0314782,0.208532,0.0164044,0,0.226678,0.0268582,4.13364,0.168568,0.299328,0.127582,0.676958,6.00366,0.884054,0.832749,0.165281,0.761984,0.184207,0.205549,0.0343554,0.0343554,0,0,-0.00400495,0.0972492,0.940921,0.660276,0.0251611,0.0419632,0.00998775,0.00708067,0.539858,0.0232216,-2.4879,3.23288,23.7894,0.296507,1.35503,-17.4221,-0.714286,-0.0896858,0.474988,9.625,42.0417,0,0,47.25,2.29167,0,-10.3511,0.0001,0.00826014,0.0777682,1.58554,0.121191,57597,0.137215,56.48,-0.999775
3266,0.15534,0.170465,0.0177735,0.017725,0.446093,0.143976,0.744582,0.216758,0.0442305,0.0356237,0.0314562,0.208005,0.0164752,0,0.22977,0.0289654,4.12679,0.165451,0.30129,0.127087,0.682584,6.01902,0.885406,0.834706,0.16414,0.769752,0.195578,0.205758,0.0386961,0.0386961,0,0,-0.00399173,0.0957354,0.942151,0.663096,0.0250409,0.0418877,0.00934135,0.00666353,0.538434,0.0231442,-2.7882,3.40446,23.7359,0.294931,1.34457,-17.633,-0.714286,-0.0915437,0.509307,9.08333,37.2083,0,0,48.75,3.08333,0,-10.3463,0.0001,-0.000286657,0.0798139,1.72223,0.117549,53432,0.137244,57.3,-0.870126
3267,0.152268,0.170263,0.0178092,0.0177051,0.446213,0.143714,0.745731,0.217007,0.0438209,0.0367678,0.0311571,0.208019,0.0163324,0,0.228919,0.029034,4.11505,0.16513,0.300101,0.126658,0.68538,6.0228,0.885416,0.834374,0.162897,0.761335,0.193104,0.205344,0.0394874,0.0394874,0,0,-0.00404279,0.096484,0.94192,0.666495,0.0247529,0.0415054,0.00953113,0.00680408,0.539528,0.0228766,-2.63098,3.01114,23.5383,0.300448,1.34112,-17.4153,-0.714286,-0.0914211,0.509724,8.95833,38.4583,0,0,46.5833,3.25,0,-10.3422,0.0001,-0.00157126,0.0840572,1.57143,0.119125,58148,0.137266,58.12,-0.828203
3268,0.157972,0.176377,0.0176161,0.0174938,0.451919,0.14766,0.74644,0.23091,0.0426975,0.0381955,0.0303226,0.204027,0.0160777,0,0.22812,0.0319517,4.07725,0.165403,0.299304,0.124663,0.69659,6.05648,0.891462,0.836171,0.157584,0.723234,0.20477,0.202227,0.0443317,0.0443317,0,0,-0.00414262,0.091624,0.942835,0.677783,0.0239146,0.0404159,0.0089027,0.00645134,0.54325,0.0220943,-2.80715,2.34396,22.9963,0.313808,1.31935,-17.1356,-0.714286,-0.0934616,0.530641,7.41667,36.625,0,0,46.4167,3.45833,0,-10.3381,0.0001,-0.00179281,0.0830491,1.77414,0.121358,51861,0.137295,58.04,-0.804282
3269,0.165798,0.187307,0.0175049,0.017283,0.457103,0.155774,0.747543,0.237353,0.042592,0.0381667,0.0302864,0.20535,0.0159215,0,0.231242,0.0334564,4.06461,0.166781,0.299793,0.124325,0.702169,6.05548,0.891118,0.837204,0.160977,0.740983,0.208517,0.203654,0.0586201,0.0586201,0,0,-0.00414732,0.0917691,0.943137,0.679134,0.0237929,0.040275,0.00867643,0.0062468,0.539439,0.021997,-2.96339,2.28685,22.9769,0.313246,1.31987,-17.1509,-0.714286,-0.0950571,0.564443,7.75,36.6667,0,0,46.9583,3.66667,0,-10.334,0.0001,0.00561315,0.0877996,1.62338,0.123522,56273,0.137332,58.73,-0.569803
3270,0.166982,0.189915,0.0173985,0.0172711,0.456416,0.156831,0.748097,0.247252,0.0412648,0.0401603,0.0293146,0.204457,0.0154265,0,0.231628,0.0355101,4.02547,0.168623,0.300652,0.122197,0.704956,6.08663,0.894891,0.838195,0.154982,0.71385,0.215479,0.20262,0.0615077,0.0615077,0,0,-0.00422678,0.0938059,0.943017,0.688995,0.0229741,0.0390916,0.00881051,0.00645359,0.545949,0.0212087,-2.82404,1.36489,22.4216,0.328665,1.29959,-16.6765,-0.714286,-0.0957041,0.57342,7.58333,36.75,0,0,45.625,4.58333,0,-10.3303,0.0001,-0.00128133,0.0908728,1.75185,0.134859,52103,0.137381,58.13,-0.672247
3271,0.176723,0.202341,0.0172913,0.0170634,0.465364,0.166428,0.748692,0.256255,0.0414757,0.0397041,0.0294543,0.206504,0.0153619,0,0.235803,0.0373266,3.99884,0.166114,0.300603,0.122163,0.712477,6.0817,0.89457,0.839191,0.15751,0.723939,0.221335,0.204848,0.0681988,0.0681988,0,0,-0.00420245,0.0904293,0.943706,0.689184,0.0230434,0.0392577,0.00843011,0.00614552,0.542593,0.0212681,-2.93703,1.57544,22.4867,0.326631,1.29317,-16.8212,-0.714286,-0.0981041,0.611381,7.16667,36.75,0,0,47.25,4.66667,0,-10.3292,0.0001,-0.00052765,0.0833404,1.6131,0.12747,56477,0.137391,59.51,-0.451097
3272,0.179335,0.207282,0.0172665,0.0170205,0.465104,0.169781,0.748434,0.261402,0.0413977,0.0397446,0.0294156,0.206318,0.0154867,0,0.236046,0.0386076,3.99283,0.165863,0.300083,0.122072,0.712134,6.08995,0.895284,0.839422,0.155971,0.71806,0.223423,0.204861,0.0784962,0.0784962,0,0,-0.00419734,0.0909646,0.943479,0.689756,0.0230207,0.0391719,0.00837402,0.00608296,0.541466,0.0212519,-2.97806,1.57883,22.4785,0.32699,1.2909,-16.8161,-0.714286,-0.0982565,0.627013,6.29167,34.4167,0,0,45.5417,4.83333,0,-10.3283,0.0001,0.00160546,0.0894386,1.61747,0.12362,56461,0.13744,58.15,-0.527454
3273,0.181991,0.210585,0.0170948,0.016857,0.468233,0.171738,0.748953,0.272348,0.0403573,0.0410596,0.0286531,0.201954,0.0152084,0,0.233902,0.0408955,3.97288,0.166197,0.299663,0.120109,0.720971,6.12214,0.899604,0.841018,0.151399,0.70063,0.2315,0.200744,0.0874026,0.0874026,0,0,-0.00428904,0.0874264,0.944174,0.699381,0.0222539,0.0381545,0.00795137,0.0058507,0.543541,0.0205476,-3.1283,0.939257,22.007,0.338768,1.27381,-16.5702,-0.714286,-0.0996969,0.638474,6.70833,34.625,0,0,45.9583,5.33333,0,-10.3237,0.0001,-0.000386837,0.0873883,1.81622,0.12283,50697,0.137496,59,-0.717953
3274,0.182642,0.212257,0.0171666,0.0169313,0.469364,0.173245,0.750302,0.268541,0.0399625,0.0423705,0.0283395,0.203593,0.0151578,0,0.234475,0.0400659,3.9648,0.169564,0.300143,0.120178,0.720414,6.12022,0.899657,0.84035,0.151553,0.699394,0.228987,0.201943,0.0719533,0.0719533,0,0,-0.00433239,0.0910156,0.943445,0.7011,0.0220109,0.0378861,0.00792967,0.00581643,0.543059,0.0202723,-3.18514,0.328562,21.8035,0.346043,1.2776,-16.2104,-0.714286,-0.0996112,0.645314,7.25,34.875,0,0,44.4583,5.625,0,-10.3168,0.0001,0.00235356,0.0960329,1.62745,0.129107,55963,0.137572,60.03,-0.390558
3275,0.192294,0.223996,0.017021,0.0167693,0.479149,0.181996,0.751432,0.280467,0.0392408,0.044526,0.027788,0.202857,0.0148675,0,0.23599,0.0423885,3.92065,0.170455,0.300085,0.118915,0.727244,6.13932,0.902839,0.841704,0.146127,0.671888,0.237798,0.201391,0.0845779,0.0845779,0,0,-0.00440566,0.0879152,0.943189,0.709436,0.0214782,0.0372707,0.00791274,0.00589947,0.547571,0.0197091,-2.98049,-0.279456,21.4638,0.357989,1.26493,-15.8535,-0.714286,-0.102407,0.68292,6.54167,36.25,0,0,42.1667,5.41667,0,-10.3116,0.0001,-6.54722e-05,0.093205,1.87328,0.12819,49115,0.137623,59.3,-0.364288
3276,0.195062,0.229809,0.0169779,0.0166729,0.483861,0.186419,0.751366,0.283805,0.0391449,0.0436984,0.0277102,0.203424,0.0149387,0,0.238161,0.0433017,3.90927,0.171215,0.299744,0.118817,0.73207,6.14369,0.903874,0.842105,0.148222,0.67255,0.238975,0.202537,0.0911987,0.0911987,0,0,-0.00439938,0.0870656,0.943879,0.710555,0.0213419,0.0371447,0.00735248,0.00546233,0.542579,0.0195882,-3.25087,-0.260996,21.4379,0.356205,1.25995,-15.879,-0.714286,-0.103499,0.699605,5.75,35.0417,0,0,44.375,6,0,-10.3086,0.0001,0.000914534,0.0933652,1.79661,0.153425,50411,0.137666,59.75,-0.413018
3277,0.198818,0.235184,0.0168374,0.0163676,0.482989,0.188394,0.751973,0.295065,0.0383705,0.0454253,0.0271727,0.202484,0.014771,0,0.238043,0.046154,3.89091,0.171291,0.299111,0.117341,0.734604,6.15779,0.905402,0.843412,0.145618,0.66142,0.246487,0.200594,0.12343,0.12343,0,0,-0.00444366,0.0866325,0.943734,0.716063,0.020912,0.0364362,0.00790022,0.00588825,0.547508,0.0191887,-3.0129,-0.774024,21.0892,0.366652,1.24729,-15.6564,-0.714286,-0.104375,0.717845,6.25,34.6667,0,0,39.625,6.79167,0,-10.3017,0.0001,0.000631763,0.0970107,2.02882,0.152447,45067,0.137742,60.08,-0.44702
3278,0.202865,0.24179,0.0168097,0.0163141,0.486454,0.194262,0.753487,0.300858,0.038378,0.0443904,0.0271646,0.202952,0.0147233,0,0.239703,0.0471423,3.88405,0.170425,0.299659,0.117128,0.740135,6.16668,0.905978,0.843669,0.146152,0.659481,0.24928,0.201771,0.106935,0.106935,0,0,-0.00444858,0.0862937,0.944531,0.71685,0.020851,0.0363602,0.00730829,0.00543683,0.542951,0.0191646,-3.20669,-0.594274,21.1092,0.363938,1.24546,-15.8091,-0.714286,-0.105224,0.741556,5.58333,35.3333,0,0,45.0417,7.54167,0,-10.2962,0.0001,0.00356824,0.094276,1.75678,0.129691,52109,0.13778,60.33,-0.275662
3279,0.207588,0.248207,0.0167719,0.0160764,0.48973,0.198142,0.752342,0.303726,0.0380717,0.0452052,0.0269377,0.205113,0.0146058,0,0.242783,0.048084,3.87621,0.170649,0.300097,0.11646,0.741238,6.17153,0.906219,0.844021,0.146515,0.65585,0.250769,0.20374,0.127914,0.127914,0,0,-0.00442921,0.0877322,0.94428,0.718201,0.0207121,0.0361508,0.00733404,0.00547553,0.544903,0.0189856,-3.12345,-0.930196,20.9445,0.369888,1.24045,-15.6273,-0.714286,-0.106288,0.757125,4.83333,33.2083,0,0,40.0833,7.58333,0,-10.2924,0.0001,0.00242418,0.0962329,1.77731,0.124241,51696,0.137809,60.89,-0.0158528
3280,0.212742,0.252647,0.0168079,0.0162788,0.49569,0.203001,0.754042,0.30397,0.0386426,0.0435721,0.0273446,0.206629,0.0148828,0,0.244346,0.047691,3.88464,0.167145,0.299637,0.117334,0.742939,6.16656,0.905315,0.843686,0.146598,0.661927,0.253211,0.205562,0.10586,0.10586,0,0,-0.0043519,0.0845411,0.944624,0.715808,0.0210414,0.0366263,0.00744836,0.00554415,0.543325,0.0193202,-3.03608,-0.260511,21.243,0.361319,1.2447,-15.9726,-0.714286,-0.107213,0.774135,5.29167,34.8333,0,0,43.875,6.79167,0,-10.2884,0.0001,5.72716e-05,0.100937,2.00092,0.135395,46015,0.137854,61.48,-0.0390472
3281,0.2148,0.256376,0.0166901,0.0160932,0.495559,0.204218,0.752252,0.309309,0.0384663,0.0438875,0.0272502,0.20693,0.0148133,0,0.246009,0.049049,3.90973,0.166892,0.300368,0.116864,0.742399,6.16253,0.904182,0.844782,0.147443,0.671286,0.255846,0.205481,0.125331,0.125331,0,0,-0.00435983,0.0840564,0.945371,0.717849,0.0209178,0.0364157,0.00743794,0.00554313,0.544293,0.0192566,-3.08807,-0.291399,21.1403,0.361773,1.23619,-16.0271,-0.714286,-0.10794,0.784582,5.20833,32.5,0,0,43.4583,9.29167,0,-10.2832,0.0001,0.00559227,0.103393,1.77587,0.128437,51621,0.137902,61.81,0.0455001
3282,0.221545,0.266823,0.0166466,0.0158204,0.499462,0.211844,0.753148,0.31497,0.0381382,0.0440999,0.0270111,0.209494,0.0147295,0,0.249733,0.050667,3.91415,0.169148,0.301194,0.116462,0.743555,6.17319,0.90648,0.845186,0.148284,0.66463,0.258638,0.208108,0.144575,0.144575,0,0,-0.0043903,0.0848728,0.944649,0.719535,0.0207223,0.0361441,0.00723136,0.00532783,0.542232,0.0190337,-3.16481,-0.590693,21.0488,0.364139,1.23574,-15.8643,-0.714286,-0.109186,0.816828,4.66667,34.1667,0,0,41.5417,8.25,0,-10.2779,0.0001,0.000951406,0.106869,1.88725,0.128901,48758,0.137964,60.73,0.0512599
3283,0.225004,0.270541,0.0165787,0.015917,0.502856,0.214918,0.755159,0.321938,0.0373312,0.0452026,0.0264308,0.207698,0.0144472,0,0.249442,0.0521658,3.85692,0.169444,0.29998,0.114273,0.750937,6.18649,0.90716,0.845818,0.148072,0.651932,0.264886,0.206826,0.153189,0.153189,0,0,-0.00444827,0.0836297,0.945115,0.726271,0.0201444,0.0353999,0.00673462,0.00500396,0.540897,0.0184566,-3.17295,-1.16773,20.6868,0.373381,1.21864,-15.5504,-0.714286,-0.110191,0.83226,3.70833,32.2917,0,0,39.6667,8.625,0,-10.2712,0.0001,-0.00215191,0.102905,1.7694,0.132614,51684,0.13805,61.52,-0.136765
3284,0.227744,0.276289,0.0164851,0.0156171,0.50361,0.217778,0.755303,0.325458,0.0372421,0.0451447,0.0263943,0.208315,0.0146225,0,0.251217,0.0531388,3.85371,0.169275,0.300908,0.114572,0.752118,6.18801,0.907521,0.846688,0.148415,0.652397,0.265674,0.207096,0.152902,0.152902,0,0,-0.0044428,0.0836306,0.94509,0.726878,0.0201542,0.0353134,0.00683936,0.00502961,0.540106,0.0184597,-3.25282,-1.16323,20.6503,0.373989,1.21778,-15.5839,-0.714286,-0.111079,0.850542,5,32.5,0,0,39.8333,8.79167,0,-10.2656,0.0001,0.000140246,0.104683,1.78094,0.130571,51427,0.13808,61.98,0.0966715
3285,0.232484,0.284074,0.0164546,0.015488,0.50919,0.222981,0.755853,0.334343,0.0364723,0.0463205,0.0258067,0.206415,0.0145449,0,0.249591,0.0552792,3.82451,0.170523,0.299456,0.113347,0.759162,6.20058,0.909408,0.846972,0.146137,0.639238,0.270908,0.205013,0.168946,0.168946,0,0,-0.00451773,0.0801714,0.944606,0.73241,0.0196193,0.0346341,0.00659148,0.00485487,0.537918,0.0179183,-3.33839,-1.90414,20.3091,0.384009,1.20917,-15.1906,-0.714286,-0.112605,0.875641,4.625,33.25,0,0,38.3333,9.58333,0,-10.2632,0.0001,-0.00162704,0.102612,1.90474,0.129081,48334,0.1381,61.47,0.123039
3286,0.238128,0.293179,0.0162982,0.0151222,0.511127,0.228465,0.756103,0.342485,0.035901,0.0469862,0.0254353,0.206697,0.0145162,0,0.252286,0.0573773,3.81304,0.170019,0.299762,0.112366,0.763418,6.21756,0.910232,0.848427,0.145868,0.631878,0.276174,0.20528,0.197772,0.197772,0,0,-0.00454448,0.0795346,0.945181,0.736775,0.0192794,0.034053,0.00642728,0.00472956,0.537442,0.0176286,-3.41493,-2.14181,20.0517,0.388231,1.19417,-15.1451,-0.714286,-0.113958,0.904027,4.08333,32.4583,0,0,35.5417,10.25,0,-10.2626,0.0001,0.00212943,0.108468,1.7939,0.129568,51107,0.138117,62.48,0.311011
3287,0.239058,0.295248,0.0162729,0.0150061,0.511458,0.229805,0.757314,0.345719,0.0358354,0.0472099,0.0253667,0.208466,0.0146052,0,0.255655,0.0580919,3.80782,0.170408,0.301329,0.111962,0.763006,6.22025,0.911987,0.848662,0.145592,0.624797,0.277959,0.207557,0.189193,0.189193,0,0,-0.00454494,0.0812782,0.945005,0.737592,0.019189,0.0340056,0.00622354,0.00457848,0.537118,0.0175151,-3.44958,-2.23596,20.075,0.38844,1.19433,-15.0839,-0.714286,-0.114196,0.912185,3.95833,32.9167,0,0,36.25,10.4167,0,-10.262,0.0001,-0.000354644,0.11151,1.99983,0.135791,46030,0.138159,62.54,0.161451
3288,0.250144,0.309463,0.0161781,0.0147314,0.51946,0.239792,0.759048,0.355456,0.03537,0.0479216,0.0250276,0.20986,0.014525,0,0.259038,0.0603959,3.77446,0.172128,0.30183,0.111238,0.768731,6.22881,0.912377,0.849544,0.147489,0.621956,0.285381,0.208747,0.204414,0.204414,0,0,-0.00459031,0.0794771,0.945167,0.741807,0.0188459,0.033586,0.00591584,0.00435383,0.534707,0.0171461,-3.41465,-2.65295,19.862,0.392265,1.18585,-14.8678,-0.714286,-0.116638,0.959158,4.04167,33.1667,0,0,34.75,10.7917,0,-10.2589,0.0001,-0.00255382,0.113462,1.80478,0.13053,50794,0.138198,62.6,0.432092
3289,0.251341,0.312445,0.0161322,0.0144628,0.521685,0.241151,0.758307,0.360648,0.0344219,0.0495898,0.0243322,0.207099,0.0144697,0,0.256525,0.0618064,3.75608,0.173079,0.29947,0.109709,0.771439,6.24979,0.914928,0.84997,0.144209,0.606768,0.287918,0.205951,0.230351,0.230351,0,0,-0.00464319,0.0774962,0.944382,0.748294,0.0182874,0.0327563,0.00592144,0.00439209,0.537771,0.0165811,-3.4925,-3.42029,19.4639,0.406701,1.17572,-14.4645,-0.714286,-0.117537,0.968874,3.91667,34.7083,0,0,33.125,11.8333,0,-10.2564,0.0001,-0.0018092,0.118783,1.96504,0.139877,46702,0.138219,62.91,0.433422
3290,0.258146,0.323698,0.016065,0.0141408,0.522364,0.248553,0.760784,0.371943,0.0340486,0.0508928,0.0240526,0.209171,0.0149392,0,0.260124,0.0652065,3.75757,0.174688,0.301963,0.109496,0.773106,6.2562,0.915814,0.850595,0.145314,0.598448,0.294713,0.207955,0.263388,0.263388,0,0,-0.00466366,0.079994,0.944661,0.749851,0.0180879,0.0324854,0.0057857,0.00427642,0.535904,0.0163227,-3.33241,-3.84262,19.2914,0.410581,1.17602,-14.2269,-0.714286,-0.118275,1.00599,3.33333,33.4583,0,0,29.7917,12.2917,0,-10.2547,0.0001,0.000167654,0.118847,1.78206,0.138377,51188,0.138236,62.86,0.517639
3291,0.258549,0.323893,0.0160923,0.01397,0.522384,0.247973,0.760527,0.371513,0.0336616,0.0513197,0.0237672,0.210178,0.0150362,0,0.260613,0.065346,3.74522,0.174757,0.299733,0.108826,0.773704,6.25141,0.915597,0.850341,0.145472,0.591376,0.294008,0.208313,0.263076,0.263076,0,0,-0.00465577,0.0817071,0.944002,0.752062,0.0178979,0.0321654,0.0060748,0.00448869,0.536413,0.0161138,-3.16079,-4.18194,19.1373,0.415861,1.17185,-14.0124,-0.714286,-0.118334,1.00756,4.625,36.9167,0,0,29.6667,13.2083,0,-10.253,0.0001,-0.000728572,0.124409,1.80247,0.139359,50624,0.138231,63.24,0.523549
3292,0.256911,0.325253,0.0159754,0.0138478,0.523472,0.2464,0.762087,0.37518,0.033167,0.0520611,0.0234206,0.208565,0.0150109,0,0.260462,0.0665798,3.71608,0.176165,0.298511,0.108058,0.779014,6.26477,0.916679,0.851429,0.144243,0.578497,0.294378,0.206529,0.282974,0.282974,0,0,-0.00468202,0.0799289,0.944108,0.756389,0.0176027,0.0316948,0.00607129,0.00449089,0.536492,0.0158421,-3.16492,-4.50706,18.8937,0.423354,1.15957,-13.8856,-0.714286,-0.119451,1.01682,4.20833,35.4583,0,0,26.875,12.5417,0,-10.2525,0.0001,0.00149741,0.113649,1.94122,0.133279,47386,0.13822,63.38,0.485343
3293,0.267702,0.33821,0.0159164,0.0135897,0.529915,0.257112,0.761487,0.382745,0.0331109,0.0518431,0.0233741,0.210955,0.0154829,0,0.264948,0.0678912,3.7047,0.173958,0.301371,0.10816,0.778668,6.27238,0.917705,0.851978,0.144211,0.581317,0.301696,0.209587,0.287823,0.287823,0,0,-0.00466599,0.0776213,0.944121,0.756623,0.0175719,0.0316698,0.00569462,0.00423689,0.53636,0.0157648,-3.24196,-4.53125,18.9093,0.422516,1.15613,-13.8587,-0.714286,-0.121181,1.0543,4.16667,36.4583,0,0,27.625,12.7917,0,-10.2507,0.0001,0.00454797,0.112985,1.78881,0.129481,51245,0.138255,63.97,0.60498
3294,0.267748,0.339083,0.0158431,0.0137344,0.527478,0.25721,0.761332,0.389219,0.0327082,0.0519027,0.0231041,0.208898,0.0152224,0,0.263497,0.0696135,3.72917,0.171249,0.299153,0.106231,0.781187,6.28023,0.917976,0.85266,0.143313,0.570628,0.305306,0.207541,0.294343,0.294343,0,0,-0.00471273,0.0781708,0.944772,0.760394,0.0173124,0.0312259,0.00575669,0.00426957,0.536615,0.0155123,-3.18159,-4.59966,18.7252,0.426651,1.14341,-13.8828,-0.714286,-0.121079,1.05809,4.33333,35.2083,0,0,26.9167,13.9167,0,-10.2471,0.0001,0.000579633,0.11408,1.85645,0.127189,49557,0.138304,66.34,0.829194
3295,0.270453,0.344032,0.0157843,0.0132248,0.527777,0.259436,0.760758,0.395124,0.0328517,0.0509015,0.0232471,0.209835,0.0152757,0,0.265888,0.07105,3.71936,0.168944,0.299654,0.106569,0.781121,6.27712,0.918336,0.853206,0.14483,0.579202,0.308344,0.208543,0.326384,0.326384,0,0,-0.0046965,0.0771111,0.944877,0.758947,0.0174584,0.0313215,0.00576071,0.00423787,0.536006,0.0156702,-3.26922,-4.34489,18.8707,0.420538,1.14322,-14.0372,-0.714286,-0.121793,1.07386,4.08333,34.6667,0,0,27.7083,12.8333,0,-10.242,0.0001,-0.00148437,0.107276,1.77481,0.129665,51617,0.138351,63.4,0.520437
3296,0.27317,0.348561,0.0157128,0.0133178,0.52869,0.262914,0.760258,0.399948,0.0331485,0.0500853,0.0234547,0.209565,0.0153794,0,0.26683,0.0718605,3.72091,0.16739,0.298827,0.106843,0.785263,6.28173,0.918466,0.853871,0.143979,0.583515,0.311673,0.208318,0.31353,0.31353,0,0,-0.00463726,0.0779484,0.945535,0.757866,0.0175874,0.03156,0.00569434,0.00418498,0.53462,0.0158122,-3.22221,-3.94229,18.981,0.416623,1.14202,-14.2801,-0.714286,-0.122261,1.08634,3.91667,35.625,0,0,29.875,13.25,0,-10.2409,0.0001,0.00260943,0.111515,1.72376,0.132348,52962,0.138368,66,0.710368
3297,0.270653,0.346185,0.0156954,0.0131932,0.528016,0.260265,0.759438,0.394508,0.0340127,0.0475552,0.0240929,0.210323,0.0152534,0,0.268004,0.0706699,3.71568,0.16482,0.298854,0.107558,0.78349,6.27506,0.917495,0.854033,0.14518,0.592263,0.306977,0.209219,0.306804,0.306804,0,0,-0.00457165,0.0787009,0.946114,0.752973,0.0181197,0.032231,0.0058778,0.00432369,0.534357,0.0163896,-3.26915,-3.0197,19.3892,0.404444,1.14859,-14.7909,-0.714286,-0.122407,1.07976,4.25,32.5417,0,0,31.2917,14,0,-10.2413,0.0001,-0.000866841,0.113582,1.90662,0.130849,48248,0.138389,63.62,0.499053
3298,0.268822,0.340084,0.0157902,0.0135279,0.52548,0.257693,0.759589,0.386309,0.0341833,0.0482754,0.0241905,0.21426,0.0154117,0,0.270637,0.068171,3.73059,0.167566,0.300985,0.10806,0.781489,6.26593,0.916062,0.853151,0.147721,0.5974,0.303316,0.212937,0.291144,0.291144,0,0,-0.00454329,0.0810942,0.946031,0.751352,0.0182212,0.0325178,0.00595363,0.00435937,0.533049,0.0164507,-3.07197,-3.11565,19.4255,0.403235,1.14836,-14.6747,-0.714286,-0.120996,1.05907,3.91667,33.7917,0,0,31.5417,13.4583,0,-10.2396,0.0001,-0.00204641,0.105273,1.78131,0.135557,51283,0.138413,65.29,0.62386
3299,0.278615,0.356825,0.0156496,0.0130475,0.531125,0.268865,0.758024,0.40176,0.0337159,0.04871,0.0238704,0.211514,0.0153132,0,0.270412,0.0718896,3.7453,0.165938,0.29999,0.107072,0.785423,6.27446,0.916874,0.854458,0.145571,0.597411,0.311384,0.210626,0.32447,0.32447,0,0,-0.00460111,0.0776594,0.946194,0.755574,0.0179135,0.0320358,0.00557642,0.00408335,0.53385,0.0161495,-3.30662,-3.33111,19.2564,0.407847,1.13808,-14.6162,-0.714286,-0.12326,1.11001,3.54167,31.125,0,0,29.7083,13.7917,0,-10.2397,0.0001,0.000685945,0.117546,2.02251,0.143817,45378,0.138413,63.91,0.736704
3300,0.274214,0.350541,0.0156481,0.0131591,0.531123,0.263013,0.757776,0.396711,0.0339559,0.0476781,0.0240502,0.212237,0.0153989,0,0.270676,0.0710212,3.72968,0.166184,0.300239,0.107694,0.786099,6.2714,0.917095,0.854473,0.144628,0.596672,0.308785,0.210719,0.310957,0.310957,0,0,-0.00454113,0.0779553,0.946552,0.754418,0.0180696,0.0321947,0.00575734,0.00421199,0.53284,0.0163524,-3.15174,-2.98468,19.3823,0.403237,1.14099,-14.8293,-0.714286,-0.123375,1.08984,3.95833,32.9167,0,0,32.0417,13.9583,0,-10.2369,0.0001,0.00728041,0.109368,2.01861,0.13175,45715,0.138439,64.64,0.549413
3301,0.28085,0.36181,0.0155449,0.0127408,0.535018,0.270611,0.759438,0.41016,0.0329893,0.0493062,0.0233424,0.210108,0.0156142,0,0.27024,0.0744427,3.72391,0.166493,0.29911,0.106336,0.792238,6.29449,0.919738,0.855433,0.143853,0.571594,0.316278,0.208849,0.344702,0.344702,0,0,-0.00466517,0.0755211,0.945685,0.760949,0.017457,0.0313769,0.00532853,0.00390686,0.532125,0.0156556,-3.40172,-3.94888,18.976,0.416554,1.13232,-14.299,-0.714286,-0.124949,1.12832,3.75,32.6667,0,0,27.2083,13.75,0,-10.2342,0.0001,-0.00160428,0.11543,1.7884,0.13234,51180,0.138447,66.81,0.973079
3302,0.289626,0.373608,0.0154857,0.0124445,0.542236,0.279004,0.76092,0.41925,0.0318377,0.0512588,0.0225301,0.211368,0.0154082,0,0.27352,0.0768619,3.71039,0.166309,0.300771,0.103869,0.795624,6.31953,0.921819,0.855983,0.143349,0.556568,0.323659,0.21037,0.34532,0.34532,0,0,-0.00476129,0.0728514,0.945222,0.767192,0.0168246,0.0303417,0.0052626,0.00385029,0.534531,0.0149996,-3.48123,-4.83948,18.5003,0.430846,1.1144,-13.8321,-0.714286,-0.127178,1.16763,4.25,34.3333,0,0,25.7083,14.625,0,-10.2347,0.0001,0.000224196,0.111803,1.77783,0.144681,51133,0.138461,66.13,0.986112
3303,0.281938,0.362326,0.0155663,0.0126517,0.536597,0.271142,0.760312,0.41287,0.0320719,0.0516171,0.0226654,0.21,0.0157148,0,0.269854,0.0755064,3.68435,0.16815,0.299708,0.104915,0.793286,6.30149,0.920689,0.855234,0.143813,0.564199,0.319418,0.208583,0.346539,0.346539,0,0,-0.00470757,0.0743565,0.944888,0.765321,0.0169656,0.0306265,0.00525947,0.00385181,0.532432,0.0150873,-3.3296,-4.85501,18.5863,0.429937,1.12393,-13.7778,-0.714286,-0.125235,1.13187,4.16667,35.1667,0,0,25.7917,14.625,0,-10.2341,0.0001,0.00159862,0.113767,2.01139,0.136869,45759,0.138468,65.32,0.92785
3304,0.286414,0.366794,0.0155986,0.0125075,0.543726,0.275504,0.762209,0.414389,0.0313313,0.0526931,0.0220989,0.210715,0.0159944,0,0.271543,0.0761481,3.68357,0.170086,0.299989,0.103779,0.79753,6.31759,0.923121,0.854933,0.141771,0.547356,0.322203,0.210083,0.347896,0.347896,0,0,-0.00481649,0.0723417,0.944031,0.77029,0.0164823,0.0300318,0.0046502,0.00341427,0.531361,0.0145011,-3.58288,-5.6442,18.2768,0.441325,1.12325,-13.2725,-0.714286,-0.126478,1.1471,3.875,36.5417,0,0,23.2083,12.4167,0,-10.2338,0.0001,-0.00141815,0.111052,1.78319,0.140372,51105,0.138479,65.33,0.787708
3305,0.284828,0.367161,0.0155895,0.0124742,0.545078,0.273919,0.762809,0.416819,0.0306326,0.0542752,0.0215689,0.210431,0.0158299,0,0.271227,0.0767154,3.6836,0.170022,0.299956,0.102709,0.798497,6.32945,0.924071,0.855017,0.14093,0.531526,0.321296,0.20935,0.37137,0.37137,0,0,-0.00489671,0.0706349,0.943473,0.773891,0.0161272,0.0294286,0.00492209,0.00362117,0.533002,0.014124,-3.50156,-6.31212,17.9521,0.452625,1.11694,-12.9223,-0.714286,-0.127134,1.14881,3.75,37.875,0,0,22.125,13.9583,0,-10.2296,0.0001,-0.00129912,0.108568,1.97809,0.140234,46406,0.138529,66.25,0.857426
3306,0.290511,0.374778,0.0155021,0.0122552,0.544544,0.278531,0.76225,0.420594,0.0310351,0.0527423,0.0218888,0.209594,0.0159454,0,0.271914,0.0776966,3.67354,0.170233,0.299104,0.103404,0.800614,6.32711,0.923896,0.85583,0.143501,0.542159,0.324573,0.208541,0.367422,0.367422,0,0,-0.00483927,0.0713633,0.94432,0.772284,0.016321,0.0297222,0.00466795,0.00339084,0.529643,0.0143849,-3.60879,-5.75579,18.1396,0.444211,1.11444,-13.2519,-0.714286,-0.127727,1.1747,3.54167,37,0,0,23.4583,13.7083,0,-10.2242,0.0001,-0.000933271,0.117376,1.75722,0.136228,51918,0.138576,64.29,0.620569
3307,0.298222,0.389344,0.0154416,0.0115789,0.549257,0.287949,0.76316,0.433579,0.0305195,0.0535033,0.0215474,0.212434,0.0159404,0,0.276422,0.0817218,3.67641,0.167882,0.300727,0.102355,0.799863,6.3396,0.925269,0.856393,0.142003,0.526637,0.330429,0.21128,0.409719,0.409719,0,0,-0.00486109,0.0716471,0.944095,0.775653,0.016091,0.0292361,0.00492927,0.00360592,0.533423,0.01414,-3.51015,-6.01282,17.957,0.450089,1.10692,-13.1465,-0.714286,-0.129483,1.22161,4,37.4167,0,0,21.5,14.1667,0,-10.2232,0.0001,-0.00162077,0.114894,1.77287,0.129793,51666,0.138553,65.83,1.0039
3308,0.292413,0.375957,0.0155137,0.0119541,0.545416,0.27979,0.762396,0.420043,0.0308347,0.0536134,0.0217477,0.214869,0.0163638,0,0.277856,0.0779886,3.66561,0.170215,0.301318,0.103114,0.796776,6.32648,0.923493,0.855722,0.145181,0.542245,0.324767,0.213636,0.376882,0.376882,0,0,-0.00482255,0.0744371,0.94393,0.772627,0.0162744,0.0296149,0.004857,0.00350529,0.528761,0.0142758,-3.34975,-6.0103,18.0965,0.445408,1.11425,-13.0735,-0.714286,-0.127897,1.1778,4.29167,37.9167,0,0,21.875,14.0833,0,-10.2255,0.0001,-0.000420146,0.109586,2.01097,0.142047,45658,0.138576,65.82,0.983419
3309,0.297536,0.389006,0.0153983,0.011722,0.549578,0.287778,0.762171,0.434207,0.0308876,0.0527911,0.0218058,0.213512,0.0163304,0,0.278408,0.0813891,3.68866,0.167913,0.29984,0.103348,0.803199,6.32872,0.923382,0.856796,0.143911,0.54046,0.330093,0.212506,0.403122,0.403122,0,0,-0.00482029,0.0712283,0.944144,0.773294,0.0162818,0.029574,0.00461517,0.0033023,0.527997,0.0143269,-3.5447,-5.80072,18.1677,0.442093,1.10888,-13.2646,-0.714286,-0.129576,1.21792,4,36.0833,0,0,21.2083,14.0417,0,-10.2246,0.0001,-0.00076457,0.110342,1.79055,0.130425,51173,0.138593,67,0.960308
3310,0.3011,0.392163,0.0153445,0.0116208,0.548469,0.289427,0.76176,0.43512,0.0307372,0.0525179,0.0217147,0.214395,0.0164225,0,0.280633,0.0816787,3.67483,0.165965,0.300375,0.102318,0.802654,6.34058,0.923816,0.857296,0.143322,0.537235,0.333029,0.213513,0.400121,0.400121,0,0,-0.00478697,0.0733339,0.944685,0.774564,0.0162321,0.0294193,0.00490048,0.00352167,0.529232,0.0142792,-3.45277,-5.68133,18.1185,0.442545,1.09887,-13.3334,-0.714286,-0.129952,1.22921,2.79167,34.9167,0,0,21.5833,14.75,0,-10.2239,0.0001,-0.00162953,0.107244,1.85899,0.144843,49057,0.138617,66.97,1.11617
3311,0.297586,0.390426,0.0152699,0.0115661,0.546377,0.286602,0.76066,0.43695,0.0310881,0.051353,0.0219915,0.213667,0.016276,0,0.281336,0.0820302,3.6724,0.163938,0.299772,0.102444,0.805571,6.3377,0.923098,0.85799,0.143689,0.541032,0.33182,0.212984,0.407027,0.407027,0,0,-0.00473922,0.0727585,0.945246,0.773098,0.016431,0.0296659,0.00478779,0.00341622,0.5277,0.0145212,-3.45166,-5.21465,18.2945,0.43564,1.09516,-13.6178,-0.714286,-0.130015,1.22252,3.91667,36.9583,0,0,23.8333,14.5,0,-10.2197,0.0001,0.000843156,0.107585,1.78519,0.135266,51187,0.138673,66.68,1.1533
3312,0.300728,0.395393,0.0151712,0.011721,0.548212,0.289524,0.760128,0.441882,0.0313432,0.0504084,0.0221903,0.21358,0.0161996,0,0.28223,0.0827173,3.68636,0.163596,0.299976,0.10263,0.805021,6.33622,0.92369,0.858907,0.144796,0.550123,0.334492,0.212721,0.404645,0.404645,0,0,-0.0047138,0.0707509,0.946007,0.772271,0.0165334,0.0298358,0.0045453,0.00320651,0.524985,0.0146654,-3.57725,-4.79938,18.4409,0.428713,1.09594,-13.8872,-0.714286,-0.131071,1.23814,3,32.4167,0,0,23.3333,14.9167,0,-10.2167,0.0001,0.00408251,0.108727,1.83045,0.216229,48031,0.138692,67.29,1.25973
3313,0.305783,0.402289,0.0151627,0.0109652,0.551394,0.293629,0.760251,0.447502,0.0304331,0.0516956,0.021564,0.212271,0.016324,0,0.281651,0.0851282,3.68596,0.163034,0.298765,0.101296,0.808641,6.346,0.924399,0.858987,0.144388,0.535327,0.33885,0.211715,0.447432,0.447432,0,0,-0.00478314,0.0703434,0.94534,0.776955,0.0160982,0.029045,0.00466584,0.00330793,0.527805,0.0141886,-3.60902,-5.50234,18.0806,0.440182,1.08392,-13.5119,-0.714286,-0.132127,1.26165,3.54167,34.7083,0,0,22.125,14.0833,0,-10.2127,0.0001,-0.00104022,0.113302,1.83199,0.126129,50203,0.13877,68.31,1.16465
3314,0.304364,0.398386,0.0151191,0.0111565,0.550841,0.290935,0.758774,0.442775,0.0319442,0.0482978,0.0226401,0.217297,0.0160046,0,0.288376,0.08343,3.67168,0.159238,0.300863,0.102795,0.806305,6.32967,0.922466,0.859393,0.147696,0.564167,0.337126,0.21685,0.429673,0.429673,0,0,-0.0046564,0.0711592,0.947147,0.769648,0.016885,0.0302752,0.00472895,0.00331501,0.524656,0.0150639,-3.55132,-3.99543,18.7385,0.41805,1.0883,-14.3487,-0.714286,-0.132261,1.24615,3.16667,32.5833,0,0,28,15.125,0,-10.2068,0.0001,0.00327814,0.108081,1.80996,0.125946,50779,0.13882,66.65,1.00485
3315,0.306009,0.400702,0.0151489,0.0112897,0.552679,0.29342,0.759169,0.445673,0.0314925,0.049046,0.0223132,0.216231,0.016313,0,0.287439,0.0839448,3.66477,0.161665,0.300874,0.10228,0.808268,6.33852,0.923135,0.859116,0.145937,0.560068,0.338684,0.216354,0.418239,0.418239,0,0,-0.00470106,0.0691787,0.946313,0.771918,0.0166209,0.0299012,0.00428562,0.00298436,0.521103,0.0147325,-3.71941,-4.48205,18.5657,0.424403,1.09137,-14.0521,-0.714286,-0.132435,1.25369,3.04167,31.25,0,0,25.5,12.9583,0,-10.2032,0.0001,9.8678e-05,0.112541,1.9907,0.132788,46293,0.138841,66.48,0.983501
3316,0.30941,0.405609,0.015187,0.0110091,0.555345,0.296552,0.760517,0.445379,0.0309759,0.0507997,0.0219236,0.217778,0.0167002,0,0.288533,0.0845311,3.67769,0.162979,0.299175,0.101976,0.809372,6.33556,0.923398,0.858761,0.148498,0.55304,0.338599,0.21753,0.434552,0.434552,0,0,-0.00472618,0.0720407,0.945505,0.774006,0.0163569,0.0295424,0.00448797,0.00313537,0.521935,0.0144061,-3.5637,-5.15325,18.3569,0.431196,1.08745,-13.6587,-0.714286,-0.132842,1.27063,3.91667,34.0417,0,0,23.6667,13.875,0,-10.2013,0.0001,-0.00210853,0.103097,1.80363,0.130478,50826,0.138819,65.52,0.895477
3317,0.315937,0.418385,0.0149609,0.0104095,0.555264,0.303511,0.759204,0.462341,0.0308768,0.0497085,0.0219095,0.215347,0.0169553,0,0.289784,0.0885334,3.65607,0.159575,0.300003,0.101812,0.812595,6.34866,0.923787,0.860864,0.146866,0.55071,0.347271,0.215357,0.458187,0.458187,0,0,-0.0046897,0.0709331,0.946721,0.776223,0.0162786,0.0293029,0.00431692,0.00302325,0.52265,0.0144175,-3.58012,-4.79121,18.3204,0.428794,1.07475,-13.9366,-0.714286,-0.134439,1.31187,2.95833,32.75,0,0,24.1667,14.3333,0,-10.2029,0.0001,-0.000488434,0.103415,1.91994,0.20147,46338,0.138793,68.91,1.41948
3318,0.314936,0.415142,0.0150336,0.0105157,0.559371,0.300821,0.75946,0.454843,0.0305852,0.0500213,0.0216865,0.217265,0.016759,0,0.291399,0.0868145,3.64681,0.161919,0.300074,0.101126,0.814148,6.35376,0.92476,0.860187,0.145829,0.540175,0.344148,0.217275,0.447,0.447,0,0,-0.00473576,0.0688884,0.945667,0.776946,0.0161826,0.0291075,0.00422651,0.00291665,0.520266,0.014263,-3.69672,-5.1275,18.2173,0.434186,1.07584,-13.6948,-0.714286,-0.135232,1.30036,4,35.0833,0,0,22.2917,13.375,0,-10.2061,0.0001,-0.000929158,0.109996,1.81522,0.133225,50452,0.138747,67.64,1.3993
3319,0.315847,0.42035,0.0149678,0.0105522,0.558536,0.303928,0.759365,0.462687,0.0307994,0.0494673,0.0218596,0.218785,0.0166283,0,0.293774,0.0889041,3.65013,0.160423,0.300051,0.101158,0.814441,6.35006,0.923736,0.8608,0.147405,0.547167,0.345972,0.218443,0.468857,0.468857,0,0,-0.00469404,0.0699022,0.946744,0.777506,0.0162419,0.029226,0.00439979,0.00303824,0.521164,0.0143903,-3.65825,-4.7563,18.2982,0.429724,1.06876,-13.9586,-0.714286,-0.135463,1.31641,3.66667,34.5,0,0,24.5833,13.875,0,-10.2092,0.0001,-0.00175437,0.111295,1.78994,0.131437,51163,0.138724,69.96,1.5213
3320,0.315693,0.416343,0.0150519,0.0105464,0.561175,0.301762,0.760146,0.458045,0.0300441,0.0519197,0.0212629,0.218886,0.0172464,0,0.292465,0.0881225,3.65033,0.164434,0.300143,0.100647,0.815294,6.35706,0.925828,0.860017,0.145187,0.526455,0.34585,0.218245,0.459981,0.459981,0,0,-0.0047997,0.069649,0.945316,0.780731,0.0157971,0.0286637,0.0042193,0.00287913,0.519148,0.0138133,-3.57571,-5.82602,17.9504,0.443356,1.073,-13.31,-0.714286,-0.135422,1.30494,3.5,36.5,0,0,20.4583,14.5417,0,-10.2086,0.0001,0.0016302,0.108924,1.87349,0.137259,48889,0.138736,67.04,1.26546
3321,0.314565,0.416991,0.0151275,0.0103694,0.56631,0.303124,0.762671,0.459617,0.0291723,0.0532057,0.0205852,0.216652,0.0169981,0,0.289114,0.0885562,3.63821,0.163851,0.299731,0.0992253,0.817444,6.37666,0.928679,0.859314,0.141158,0.506228,0.344946,0.216451,0.465762,0.465762,0,0,-0.00489327,0.0662263,0.944152,0.785011,0.0153827,0.0279979,0.0039291,0.00266612,0.520607,0.0132863,-3.81327,-6.661,17.5834,0.459498,1.0684,-12.788,-0.714286,-0.135952,1.31299,3.54167,35.875,0,0,18.625,14.75,0,-10.2076,0.0001,-0.000277386,0.106924,1.74889,0.142975,51961,0.138738,66.49,1.26286
3322,0.320966,0.425784,0.0150118,0.010251,0.566827,0.309159,0.760104,0.467498,0.0291957,0.0526011,0.020634,0.216584,0.0174172,0,0.291013,0.0905079,3.63915,0.160745,0.300071,0.0995977,0.820704,6.38169,0.928584,0.86039,0.140465,0.506264,0.351212,0.216282,0.473409,0.473409,0,0,-0.00483352,0.0672656,0.944653,0.785173,0.0154337,0.0279848,0.00403971,0.00274231,0.520452,0.013363,-3.68251,-6.35087,17.6805,0.454224,1.06137,-12.9749,-0.714286,-0.136906,1.33692,4.45833,37.75,0,0,19.4583,14.4583,0,-10.2066,0.0001,0.00182834,0.101557,1.87143,0.193182,47613,0.138765,66.72,1.18803
3323,0.320373,0.424698,0.0149485,0.0101334,0.565037,0.3076,0.75979,0.468189,0.0298353,0.0511267,0.0211336,0.217306,0.01729,0,0.292481,0.0904162,3.63388,0.159286,0.2997,0.0997493,0.820605,6.37122,0.926955,0.860979,0.143398,0.523506,0.351849,0.216859,0.484082,0.484082,0,0,-0.00479693,0.0661766,0.945705,0.78226,0.0157699,0.0284405,0.00399237,0.00268632,0.517378,0.0137712,-3.71098,-5.66397,17.9002,0.445434,1.06158,-13.4129,-0.714286,-0.136932,1.33222,3.41667,36.125,0,0,21.2917,13.7083,0,-10.2043,0.0001,-0.00137938,0.105338,1.81254,0.135429,50464,0.138791,68.55,1.32739
3324,0.325614,0.433475,0.0149175,0.00994551,0.567947,0.312601,0.760649,0.473597,0.0294612,0.0520755,0.0208739,0.218777,0.017477,0,0.295574,0.092309,3.62279,0.161634,0.299589,0.0993225,0.823532,6.37727,0.927705,0.861268,0.143124,0.514662,0.354791,0.218387,0.480318,0.480318,0,0,-0.00482025,0.0673572,0.945303,0.784059,0.0155504,0.0281022,0.00408559,0.00275766,0.517695,0.0135337,-3.64857,-6.06785,17.7201,0.451214,1.05747,-13.2182,-0.714286,-0.138042,1.36213,4.33333,36.4167,0,0,19.125,12.9583,0,-10.204,0.0001,0.000303783,0.102594,1.7936,0.141125,50810,0.138798,67.94,1.3358
3325,0.323112,0.433653,0.0147792,0.00985042,0.563422,0.310992,0.759705,0.47763,0.0298707,0.0503243,0.0211848,0.217525,0.0175147,0,0.295542,0.0925001,3.58467,0.159948,0.300321,0.0995511,0.824927,6.38059,0.927837,0.862554,0.143567,0.526798,0.354745,0.216814,0.497317,0.497317,0,0,-0.00472518,0.0690013,0.947121,0.784266,0.0157142,0.0283241,0.00429098,0.00293606,0.519765,0.0138064,-3.56053,-5.23619,17.9149,0.440683,1.0446,-13.7213,-0.714286,-0.138065,1.36359,3.625,35.0833,0,0,21.875,15.5,0,-10.206,0.0001,-0.00171435,0.104744,1.97995,0.136595,46445,0.138776,69.49,1.4611
3326,0.324919,0.435451,0.0148962,0.00973885,0.569219,0.312714,0.759797,0.473103,0.0300245,0.0507037,0.0212659,0.218984,0.0170964,0,0.295702,0.0919354,3.60926,0.160837,0.3004,0.0997496,0.823064,6.37356,0.927246,0.861465,0.144587,0.520729,0.352253,0.218149,0.495827,0.495827,0,0,-0.00475056,0.0661024,0.94669,0.783118,0.0157611,0.0285206,0.00413487,0.00281721,0.518607,0.013864,-3.68189,-5.3299,17.9419,0.442674,1.05576,-13.6423,-0.714286,-0.138761,1.36664,3.08333,33.7917,0,0,20.625,15.75,0,-10.2069,0.0001,-0.000136285,0.108273,1.7681,0.136072,51625,0.138777,67.99,1.52446
3327,0.322029,0.430072,0.0148796,0.00992815,0.569458,0.308962,0.76058,0.471089,0.0294034,0.0521583,0.0208242,0.217698,0.017133,0,0.294364,0.0915168,3.61904,0.160778,0.300552,0.0988223,0.823404,6.39062,0.929131,0.861619,0.141961,0.509107,0.352301,0.217185,0.483022,0.483022,0,0,-0.0048027,0.0643357,0.945862,0.785762,0.0154946,0.0280062,0.00420845,0.00288529,0.521477,0.0135322,-3.70925,-5.8701,17.6907,0.45245,1.05048,-13.3499,-0.714286,-0.138857,1.35232,3.75,35.4583,0,0,19.7083,14.2083,0,-10.2067,0.0001,0.000326273,0.106692,2.02817,0.156216,45002,0.138767,67.88,1.36671
3328,0.322166,0.432354,0.0148642,0.00986476,0.565135,0.311049,0.759635,0.474263,0.0300605,0.0510295,0.021312,0.218446,0.0172854,0,0.295411,0.0919193,3.58351,0.161295,0.299389,0.0999644,0.823891,6.37407,0.92734,0.861763,0.145958,0.528438,0.352305,0.218026,0.504207,0.504207,0,0,-0.00473553,0.0677299,0.946804,0.783506,0.0157654,0.0285376,0.00424926,0.00292615,0.520327,0.0138826,-3.5579,-5.26861,17.9591,0.440545,1.05291,-13.6927,-0.714286,-0.137768,1.35838,2.91667,33.625,0,0,21.375,14.25,0,-10.2089,0.0001,-0.0001088,0.103846,1.84612,0.135426,49609,0.13874,68.3,1.44184
3329,0.325716,0.437916,0.0148069,0.00939069,0.569769,0.312855,0.760517,0.477834,0.0294404,0.0510433,0.0208477,0.218309,0.0173215,0,0.297134,0.0934179,3.60667,0.16034,0.300793,0.0989132,0.823873,6.39464,0.929343,0.862296,0.14131,0.501467,0.354592,0.217917,0.510291,0.510291,0,0,-0.00478008,0.0650373,0.946638,0.787116,0.0154588,0.0279815,0.00415956,0.00286357,0.52088,0.0135585,-3.71308,-5.61772,17.7265,0.44834,1.04682,-13.4916,-0.714286,-0.139734,1.37648,3.25,34.25,0,0,19.7917,14.75,0,-10.2105,0.0001,0.00106538,0.106623,1.80437,0.131909,50769,0.138733,69.79,1.63314
3330,0.328618,0.442625,0.0147502,0.00933433,0.571248,0.316032,0.762274,0.483723,0.028821,0.0529852,0.0204248,0.21797,0.0175384,0,0.297437,0.0949116,3.5936,0.161176,0.2999,0.0983541,0.828465,6.39225,0.92916,0.862823,0.142086,0.490444,0.358256,0.217574,0.526017,0.526017,0,0,-0.00483857,0.0652552,0.945652,0.790231,0.0151476,0.0274675,0.00426639,0.00295209,0.521952,0.0131571,-3.68255,-6.34791,17.4818,0.457952,1.04308,-13.0834,-0.714286,-0.140322,1.39675,3.75,36.0833,0,0,18.2917,14.9167,0,-10.2105,0.0001,-0.00115164,0.100395,1.94967,0.164992,46486,0.138727,68.91,1.64493
3331,0.327702,0.443204,0.0146412,0.00914567,0.567076,0.315213,0.759796,0.489535,0.0297347,0.0502671,0.0211076,0.218665,0.0172303,0,0.299777,0.0961007,3.57979,0.157727,0.300655,0.0988002,0.8295,6.38975,0.928158,0.863837,0.144561,0.514029,0.360226,0.217856,0.53633,0.53633,0,0,-0.00472533,0.0661879,0.947008,0.78626,0.0156424,0.0281795,0.00432361,0.00294509,0.520057,0.0137627,-3.62094,-5.19845,17.9032,0.44095,1.04337,-13.7751,-0.714286,-0.140222,1.39482,3.54167,33.7917,0,0,21.8333,14.4583,0,-10.2097,0.0001,-0.00222165,0.0956311,1.77159,0.129169,51718,0.138727,69.49,1.52119
3332,0.333582,0.451914,0.014596,0.00902825,0.569991,0.320814,0.761237,0.495306,0.0291426,0.0509665,0.0207174,0.21726,0.0174002,0,0.298597,0.0977553,3.61208,0.156888,0.300228,0.0978159,0.829527,6.39891,0.928742,0.864257,0.141805,0.502695,0.364727,0.216418,0.547549,0.547549,0,0,-0.00476145,0.0660956,0.947296,0.789181,0.0153442,0.0275987,0.00434703,0.00296925,0.520954,0.0134826,-3.62453,-5.50263,17.6223,0.448514,1.03346,-13.6766,-0.714286,-0.141318,1.42671,4,34.2083,0,0,20,16.5833,0,-10.2089,0.0001,-0.000952689,0.0985723,1.90409,0.180755,47151,0.138707,70.74,1.74888
3333,0.328094,0.444837,0.0146032,0.00934497,0.568077,0.315341,0.760753,0.493539,0.0294851,0.0495419,0.0209613,0.216154,0.016942,0,0.297351,0.0977302,3.59115,0.155951,0.297843,0.0976412,0.831083,6.39719,0.929045,0.86419,0.142555,0.508724,0.362221,0.215588,0.542945,0.542945,0,0,-0.00474447,0.0645011,0.947446,0.787825,0.0154987,0.0278943,0.00415159,0.00277392,0.52011,0.0136261,-3.79241,-5.19998,17.8097,0.442327,1.03261,-13.829,-0.714286,-0.140834,1.40248,2.79167,32.3333,0,0,20.4583,14.7083,0,-10.2087,0.0001,-0.00244622,0.0950436,1.82577,0.138544,50044,0.138715,68.98,1.53359
3334,0.333577,0.453692,0.0146045,0.00903566,0.573625,0.322381,0.762382,0.498766,0.0290363,0.051221,0.0206076,0.218149,0.0171698,0,0.300059,0.0987643,3.56955,0.15791,0.300841,0.097179,0.833441,6.40978,0.930173,0.864178,0.141288,0.49625,0.364915,0.21736,0.550068,0.550068,0,0,-0.00480454,0.0630418,0.946802,0.79085,0.015231,0.0275513,0.00418949,0.00280047,0.518953,0.0133239,-3.7861,-5.7241,17.5947,0.451735,1.0284,-13.4861,-0.714286,-0.142144,1.43208,3.91667,35.5,0,0,20,15,0,-10.2037,0.0001,-0.0027039,0.0970827,1.78204,0.135735,51259,0.138778,68.98,1.60074
3335,0.337908,0.457073,0.0146274,0.00885158,0.575262,0.324771,0.761416,0.496871,0.0287874,0.0517201,0.0204148,0.217938,0.0176852,0,0.300157,0.0986115,3.57621,0.159099,0.299332,0.0972986,0.835146,6.4112,0.930686,0.863965,0.14136,0.500545,0.366746,0.21753,0.551257,0.551257,0,0,-0.00483199,0.0650234,0.945831,0.792428,0.0150882,0.0274039,0.00376026,0.00240027,0.513642,0.0130861,-3.89322,-6.0777,17.5052,0.457429,1.02976,-13.2676,-0.714286,-0.142268,1.44056,3.25,34.5,0,0,19.7917,14.3333,0,-10.2009,0.0001,-0.000751251,0.0961574,1.95564,0.135878,47001,0.138785,68.95,1.53727
3336,0.331654,0.449411,0.0146306,0.00928784,0.571851,0.320014,0.761718,0.495651,0.0288586,0.0515281,0.0204802,0.218457,0.0176268,0,0.300055,0.0979244,3.56097,0.15862,0.300523,0.0970764,0.835736,6.40719,0.930635,0.863936,0.141204,0.494757,0.363898,0.218136,0.54004,0.54004,0,0,-0.00481985,0.0646492,0.946265,0.790791,0.0151556,0.0274201,0.00363367,0.00232179,0.513218,0.0131796,-3.89632,-5.93847,17.5511,0.453547,1.02771,-13.3453,-0.714286,-0.141341,1.41792,3.875,34.8333,0,0,19.625,14.3333,0,-10.2014,0.0001,0.00359191,0.0977255,1.80098,0.131537,50868,0.138774,69.07,1.55481
3337,0.338602,0.463594,0.0145592,0.00866643,0.576828,0.326942,0.762726,0.507118,0.0284301,0.0521955,0.020189,0.219329,0.0178357,0,0.302872,0.101498,3.55175,0.158984,0.300725,0.096772,0.83775,6.41724,0.931794,0.864599,0.140559,0.480957,0.369208,0.218525,0.565883,0.565883,0,0,-0.00483479,0.0641217,0.946122,0.793367,0.0149489,0.0270383,0.00393383,0.00257052,0.516245,0.0129922,-3.82266,-6.25336,17.3506,0.459433,1.0204,-13.214,-0.714286,-0.1435,1.46351,4.54167,36.75,0,0,17.8333,14.375,0,-10.2015,0.0001,0.0109532,0.10337,1.97136,0.151566,46305,0.138788,69.88,1.66043
3338,0.336841,0.456266,0.0145744,0.0087943,0.576421,0.322289,0.761997,0.50281,0.0284803,0.0510515,0.020217,0.219205,0.0179658,0,0.302449,0.101051,3.58038,0.157244,0.298505,0.0965127,0.837388,6.42074,0.931708,0.864458,0.139357,0.480799,0.369081,0.218451,0.56073,0.56073,0,0,-0.00480926,0.0648948,0.946978,0.792803,0.0150024,0.0270493,0.00392373,0.00256555,0.514519,0.0130674,-3.81254,-6.03336,17.3652,0.457063,1.01646,-13.3327,-0.714286,-0.143347,1.44153,3.70833,35.125,0,0,17.1667,15.2917,0,-10.1993,0.0001,-0.000907753,0.113552,1.81573,0.130238,50516,0.138844,71.1,1.81703
3339,0.337282,0.458733,0.0146204,0.0089156,0.57779,0.324443,0.762402,0.500664,0.0280832,0.0527574,0.0199004,0.220471,0.0183009,0,0.304644,0.100125,3.52231,0.160534,0.300873,0.0962027,0.837747,6.42074,0.932256,0.86403,0.140928,0.4814,0.367786,0.220381,0.560691,0.560691,0,0,-0.00487734,0.0645963,0.945817,0.795363,0.0147232,0.0267946,0.0036347,0.00234743,0.515524,0.0126673,-3.8691,-6.70822,17.2219,0.464264,1.01936,-12.8824,-0.714286,-0.143221,1.44704,3.58333,36.6667,0,0,16.5833,15.1667,0,-10.1971,0.0001,0.000444403,0.103465,1.78275,0.142633,51056,0.138868,70.13,1.73121
3340,0.340842,0.462915,0.0146514,0.0087416,0.578165,0.328778,0.765231,0.501287,0.0281599,0.0533097,0.0199409,0.218764,0.0184374,0,0.300988,0.100159,3.51628,0.162773,0.299229,0.0968594,0.840619,6.41677,0.932163,0.863742,0.14136,0.478273,0.368616,0.218329,0.551231,0.551231,0,0,-0.00490848,0.0643439,0.944951,0.793974,0.0147925,0.026894,0.0034927,0.00219172,0.509923,0.0126905,-3.89432,-6.88984,17.2316,0.466231,1.02822,-12.7615,-0.714286,-0.14292,1.46669,4.125,38.625,0,0,16.875,13.875,0,-10.1976,0.0001,0.00124727,0.105032,2.00132,0.133461,46048,0.13884,68.53,1.5712
3341,0.337288,0.457535,0.0146114,0.00878908,0.577301,0.323753,0.76382,0.499535,0.027912,0.0530402,0.0197818,0.218811,0.0183591,0,0.301373,0.100164,3.55111,0.161219,0.300378,0.0963899,0.837864,6.42247,0.931639,0.864114,0.142059,0.476063,0.36732,0.218223,0.557714,0.557714,0,0,-0.00489105,0.063621,0.945471,0.795513,0.0146776,0.0266465,0.00362206,0.00232759,0.513856,0.0126134,-3.88615,-6.86254,17.1698,0.465314,1.02226,-12.7923,-0.714286,-0.143186,1.44902,3.58333,37,0,0,15.4583,14.375,0,-10.2024,0.0001,-0.000137662,0.0978091,1.78513,0.132446,51264,0.138795,68.23,1.43771
3342,0.340548,0.46691,0.0144475,0.00842521,0.574878,0.328239,0.763314,0.511617,0.0282294,0.0517262,0.0200641,0.220055,0.018118,0,0.305942,0.10255,3.52795,0.158938,0.300453,0.0959014,0.83957,6.4265,0.932041,0.865639,0.141947,0.481744,0.371856,0.219353,0.589265,0.589265,0,0,-0.00482579,0.0653632,0.946739,0.795715,0.0148209,0.0267924,0.00404832,0.00265499,0.51602,0.0128655,-3.72623,-6.17015,17.2931,0.458464,1.01305,-13.2732,-0.714286,-0.143971,1.47913,4.125,37.3333,0,0,17.7917,14.75,0,-10.2049,0.0001,0.00481449,0.0996124,2.05567,0.133676,44901,0.138778,72.76,1.94886
3343,0.341339,0.467055,0.0144401,0.00827213,0.574574,0.327843,0.763979,0.513628,0.0284105,0.0515408,0.0201989,0.220171,0.0180665,0,0.306744,0.103773,3.5248,0.158793,0.300293,0.0964108,0.84078,6.42079,0.932203,0.865707,0.142544,0.486494,0.373513,0.219712,0.586101,0.586101,0,0,-0.0048088,0.0655819,0.946765,0.794217,0.0149235,0.026947,0.00392272,0.00254243,0.51522,0.0129743,-3.85634,-6.08278,17.369,0.455693,1.01636,-13.3427,-0.714286,-0.144007,1.48036,3.375,35.75,0,0,18,12.9583,0,-10.2068,0.0001,-0.00146454,0.103973,1.7943,0.131098,51056,0.138774,70.49,1.7305
3344,0.347237,0.476395,0.0143878,0.00809502,0.581934,0.333192,0.76151,0.516571,0.0279825,0.0518654,0.0198645,0.219532,0.0180689,0,0.307484,0.104332,3.52016,0.156939,0.300877,0.0954952,0.840753,6.43533,0.933224,0.866194,0.140145,0.475674,0.375919,0.219012,0.593066,0.593066,0,0,-0.00484561,0.0629505,0.946519,0.796731,0.0147127,0.0265761,0.00379546,0.0024558,0.516765,0.0127206,-3.97087,-6.38505,17.2161,0.460982,1.01128,-13.1474,-0.714286,-0.146427,1.50352,3.45833,35.7083,0,0,16.875,14.5417,0,-10.207,0.0001,-0.00157944,0.102314,1.83609,0.237001,47419,0.138788,71.6,1.92228
3345,0.343042,0.471202,0.0144325,0.00822527,0.577153,0.331057,0.762495,0.513718,0.0282023,0.0511591,0.0200311,0.219647,0.0180272,0,0.306131,0.103378,3.52101,0.156856,0.300094,0.0954763,0.840525,6.43172,0.932536,0.865777,0.139241,0.4823,0.372736,0.219229,0.582304,0.582304,0,0,-0.00482955,0.0644031,0.946619,0.795465,0.0148397,0.0267322,0.00391226,0.00251741,0.514774,0.0128539,-3.86433,-6.07621,17.3462,0.457976,1.0091,-13.2952,-0.714286,-0.144652,1.48888,4,37.125,0,0,18.6667,14.75,0,-10.2058,0.0001,-0.00156495,0.101343,1.92248,0.133398,47816,0.138796,71.01,1.78794
3346,0.346434,0.475861,0.0143456,0.00809384,0.575495,0.332455,0.760682,0.516499,0.028824,0.0495175,0.0205106,0.222145,0.0180063,0,0.311001,0.104077,3.52457,0.154774,0.300803,0.0962422,0.838383,6.42469,0.931324,0.866585,0.140736,0.492447,0.374357,0.22162,0.590949,0.590949,0,0,-0.0047184,0.0678934,0.94838,0.793123,0.0151922,0.0272089,0.00427872,0.00280458,0.518674,0.0133132,-3.6421,-5.19768,17.6001,0.445753,0.999775,-13.8331,-0.714286,-0.145108,1.50161,3.58333,31.625,0,0,19.0417,16.2083,0,-10.2041,0.0001,-0.000776704,0.105449,1.76887,0.150462,51217,0.138819,69.07,1.62689
3347,0.343357,0.474924,0.0143688,0.00802055,0.575357,0.331788,0.760412,0.517346,0.0283159,0.0508741,0.0201185,0.219761,0.0180833,0,0.307511,0.103959,3.51234,0.157544,0.299726,0.0956127,0.840494,6.43905,0.933205,0.866371,0.137692,0.475644,0.372761,0.219254,0.604522,0.604522,0,0,-0.00477346,0.0667932,0.947814,0.796889,0.0148434,0.0267451,0.0041715,0.00274052,0.517827,0.0129549,-3.69992,-5.73563,17.3443,0.455406,0.994612,-13.5314,-0.714286,-0.144923,1.49715,4.29167,34,0,0,18.0833,16,0,-10.2001,0.0001,-0.00167116,0.0937072,1.90849,0.142661,47926,0.138839,70.5,1.61366
3348,0.347881,0.47453,0.0143634,0.00806197,0.581419,0.332107,0.761908,0.515854,0.0277599,0.0525832,0.0197183,0.221417,0.0184063,0,0.310003,0.104017,3.50559,0.159153,0.300245,0.095192,0.843805,6.4389,0.933441,0.86642,0.13877,0.46955,0.377239,0.220673,0.588426,0.588426,0,0,-0.0048451,0.065224,0.946605,0.798549,0.0145761,0.0263528,0.00404441,0.00263023,0.516103,0.0126033,-3.73371,-6.46985,17.1143,0.464541,0.996044,-13.1036,-0.714286,-0.14639,1.50087,3.66667,37.0833,0,0,16.7083,16.125,0,-10.2011,0.0001,-0.00124643,0.100422,1.80526,0.143837,50435,0.138842,70.89,1.8521
3349,0.347135,0.47822,0.0143628,0.00806818,0.581499,0.333777,0.761651,0.520564,0.0282637,0.0513473,0.0200854,0.22269,0.0178934,0,0.310859,0.105549,3.53011,0.156386,0.300725,0.0952999,0.841018,6.43425,0.932989,0.866426,0.137905,0.469866,0.376482,0.221361,0.588976,0.588976,0,0,-0.00479045,0.0651014,0.947728,0.796664,0.0148303,0.0266945,0.00433153,0.00284832,0.517413,0.0129231,-3.64573,-5.80513,17.3055,0.457124,0.997573,-13.5296,-0.714286,-0.146563,1.51061,3.70833,33.4583,0,0,17.2917,16.1667,0,-10.2001,0.0001,0.000498126,0.100988,1.92252,0.178352,46792,0.138871,71.14,2.06169
3350,0.351525,0.482631,0.0143709,0.0077739,0.582826,0.338178,0.760827,0.521999,0.0278327,0.0520443,0.0197871,0.22327,0.0181894,0,0.311997,0.105807,3.526,0.15747,0.300822,0.0949321,0.842371,6.44075,0.933577,0.866351,0.139613,0.467892,0.379193,0.222507,0.610545,0.610545,0,0,-0.00483167,0.0653756,0.947329,0.797927,0.014644,0.0263981,0.0041329,0.00272136,0.518646,0.0127014,-3.69895,-6.30006,17.1164,0.462976,0.993646,-13.2104,-0.714286,-0.146605,1.52155,4.16667,35.25,0,0,16.3333,16.0833,0,-10.1952,0.0001,0.000345026,0.101467,1.84092,0.130115,49874,0.13888,70.42,1.51026
3351,0.349278,0.483093,0.0142519,0.00753528,0.578555,0.335047,0.759438,0.526269,0.0283008,0.0502399,0.0201378,0.222218,0.0182173,0,0.313098,0.106956,3.49987,0.15608,0.300135,0.0954579,0.842506,6.43859,0.933107,0.867457,0.139184,0.476373,0.378828,0.221519,0.623616,0.623616,0,0,-0.00476966,0.0667589,0.948262,0.79621,0.014899,0.0267328,0.00419798,0.00272763,0.516299,0.0130193,-3.71077,-5.63006,17.3511,0.453017,0.98936,-13.6106,-0.714286,-0.146855,1.52219,3.83333,34.5417,0,0,19.2083,16.75,0,-10.1925,0.0001,0.00134386,0.0941966,1.77849,0.135502,51360,0.138882,70.35,1.80355
3352,0.349181,0.481212,0.014385,0.00806765,0.582419,0.335848,0.759738,0.519359,0.0285394,0.0508829,0.0202863,0.22464,0.0183328,0,0.313588,0.10543,3.50224,0.159202,0.300643,0.0965761,0.841275,6.42138,0.931774,0.866219,0.140888,0.476617,0.375723,0.223705,0.585674,0.585674,0,0,-0.00475049,0.0656955,0.947484,0.794676,0.0149976,0.0269743,0.00431677,0.00282834,0.51702,0.0130985,-3.62771,-5.71703,17.4359,0.453375,1.00283,-13.5098,-0.714286,-0.146651,1.5167,3.75,34.7917,0,0,17.5,15.3333,0,-10.191,0.0001,-0.000324808,0.0942471,1.92006,0.135763,47817,0.138885,72.45,1.9586
3353,0.350213,0.483083,0.0143296,0.00793203,0.579649,0.337177,0.759975,0.524445,0.0281851,0.050928,0.0200327,0.2235,0.0182662,0,0.313399,0.106557,3.52828,0.158773,0.300024,0.0955672,0.843633,6.43367,0.932621,0.866735,0.141706,0.477369,0.378672,0.222774,0.599795,0.599795,0,0,-0.00477403,0.0669154,0.947881,0.796254,0.0148144,0.0266488,0.00414474,0.00268353,0.515623,0.0128994,-3.71411,-5.84996,17.3074,0.455054,0.993415,-13.4709,-0.714286,-0.14633,1.52122,3.875,33.25,0,0,16.7917,16.25,0,-10.1931,0.0001,0.00373776,0.0978493,1.76992,0.135,51605,0.13887,70.1,1.7516
3354,0.355806,0.496919,0.0141656,0.00705893,0.581769,0.343816,0.759702,0.537167,0.028301,0.0501035,0.0201724,0.223347,0.0180207,0,0.316636,0.109962,3.50375,0.15536,0.301549,0.0948557,0.845263,6.4396,0.933212,0.86826,0.141233,0.479709,0.383796,0.222815,0.64552,0.64552,0,0,-0.00475264,0.0666145,0.948788,0.797408,0.0148388,0.0266661,0.00411163,0.00264726,0.515757,0.0129711,-3.72949,-5.50237,17.3592,0.45051,0.987702,-13.7494,-0.714286,-0.148357,1.56666,3.54167,33.5417,0,0,19.4583,15.5417,0,-10.1925,0.0001,0.0160238,0.0905504,1.88249,0.128819,48875,0.138886,71.81,1.9449
3355,0.349262,0.484029,0.0142109,0.00763591,0.578277,0.33508,0.758973,0.527806,0.0285476,0.0501255,0.0203202,0.221786,0.0181427,0,0.313393,0.107373,3.51543,0.157744,0.299713,0.0959075,0.845283,6.43085,0.932644,0.867838,0.141045,0.48026,0.380707,0.220996,0.612434,0.612434,0,0,-0.00474228,0.0658299,0.948051,0.795996,0.0149744,0.0269385,0.00409361,0.00263686,0.51407,0.0130896,-3.67787,-5.42726,17.4922,0.449514,0.996817,-13.7227,-0.714286,-0.147168,1.52428,4.875,32.9583,0,0,18.9167,14.5833,0,-10.1896,0.0001,-0.00191686,0.0904325,1.77799,0.131407,51484,0.13893,71.92,1.89409
3356,0.348092,0.482426,0.0142621,0.00797261,0.579913,0.335403,0.760887,0.528591,0.0281375,0.0510792,0.0200212,0.220399,0.0179045,0,0.310197,0.107516,3.51033,0.158638,0.299225,0.0947756,0.846011,6.44449,0.933699,0.867363,0.141799,0.477218,0.379661,0.219728,0.613958,0.613958,0,0,-0.0048103,0.0639424,0.948049,0.797907,0.0147344,0.026567,0.00410334,0.00265446,0.516745,0.0128383,-3.76731,-5.86632,17.2525,0.456786,0.989336,-13.5058,-0.714286,-0.14697,1.52322,3.70833,32,0,0,17.4583,15.625,0,-10.1852,0.0001,-0.000273058,0.091038,1.76543,0.129777,51869,0.138966,71.29,1.80211
3357,0.353605,0.493513,0.0141559,0.00729045,0.582421,0.340618,0.759283,0.536929,0.0283888,0.0499058,0.0202442,0.222049,0.0178753,0,0.315328,0.110309,3.51213,0.155494,0.300982,0.0950612,0.846216,6.43627,0.932864,0.86835,0.142356,0.477205,0.384095,0.221658,0.633689,0.633689,0,0,-0.00472492,0.0644593,0.948601,0.796806,0.0149209,0.0267133,0.00419413,0.0027388,0.517885,0.0130957,-3.75016,-5.35068,17.4268,0.44895,0.986762,-13.8484,-0.714286,-0.148728,1.55387,4.41667,34.7917,0,0,19.7917,16.4583,0,-10.1827,0.0001,0.00574255,0.0912152,1.88886,0.130897,48671,0.138968,71.34,1.90076
3358,0.352744,0.495207,0.0140964,0.00741123,0.580293,0.340527,0.758213,0.5398,0.0284998,0.0495215,0.0203283,0.221616,0.0178053,0,0.314921,0.110475,3.49711,0.155262,0.300169,0.0951359,0.846099,6.43552,0.932957,0.868903,0.141941,0.483619,0.383157,0.22059,0.637149,0.637149,0,0,-0.00472029,0.0634351,0.949179,0.797122,0.0149352,0.0267675,0.0043837,0.00289567,0.518305,0.0131676,-3.70401,-5.13832,17.4742,0.445796,0.981148,-13.9693,-0.714286,-0.148856,1.55839,4,31.4167,0,0,19.5833,15.875,0,-10.1817,0.0001,-0.000589064,0.0910727,1.715,0.133634,53176,0.138989,70.82,1.72843
3359,0.353715,0.490247,0.0140923,0.00728277,0.580008,0.338144,0.757571,0.53339,0.0282281,0.049758,0.0201318,0.22118,0.017696,0,0.314584,0.108658,3.51754,0.154509,0.299984,0.0944917,0.845223,6.44507,0.934393,0.868941,0.140356,0.466905,0.384458,0.220304,0.632337,0.632337,0,0,-0.0047537,0.0645425,0.948893,0.798247,0.0147944,0.0265328,0.00412566,0.00269244,0.517943,0.0129994,-3.7891,-5.42618,17.3507,0.449604,0.98211,-13.8449,-0.714286,-0.148647,1.54188,3.375,31.25,0,0,17.5417,16.0417,0,-10.1808,0.0001,-0.00132136,0.0919223,1.89414,0.142435,48269,0.139001,71.2,1.77733
3360,0.351458,0.488947,0.0141291,0.00742866,0.579971,0.337194,0.75912,0.534316,0.0283079,0.0494715,0.0201794,0.219294,0.017935,0,0.312486,0.109294,3.48328,0.155683,0.299475,0.0947978,0.848211,6.4393,0.933712,0.8686,0.140396,0.473155,0.383146,0.219101,0.627068,0.627068,0,0,-0.00473853,0.0641129,0.948701,0.797952,0.0148442,0.0266208,0.00395755,0.00258613,0.517574,0.0130347,-3.86059,-5.36575,17.3897,0.450154,0.985088,-13.8113,-0.714286,-0.14834,1.54303,4.16667,34.25,0,0,20.375,16.0833,0,-10.1804,0.0001,-0.000921857,0.0897022,1.76069,0.135595,51840,0.138996,70.6,1.86819
3361,0.355674,0.496465,0.0140757,0.00711498,0.584486,0.341039,0.75813,0.538577,0.0284964,0.0491823,0.0203221,0.223224,0.0176992,0,0.318096,0.110446,3.51282,0.154099,0.302264,0.0948203,0.846474,6.43888,0.933596,0.869096,0.140942,0.475633,0.38458,0.222357,0.639288,0.639288,0,0,-0.0047042,0.063234,0.949535,0.797304,0.0149215,0.0267305,0.00427142,0.00283177,0.519279,0.0131711,-3.7369,-4.97917,17.5248,0.443091,0.980693,-14.0453,-0.714286,-0.150151,1.56179,3.45833,30.75,0,0,19.5833,16.1667,0,-10.1809,0.0001,0.000453011,0.0943447,1.74725,0.133329,52273,0.138982,72.57,1.94327
3362,0.352065,0.493711,0.0140898,0.00741159,0.57775,0.33943,0.75792,0.539256,0.0282157,0.0498526,0.0201002,0.219258,0.0181825,0,0.313352,0.11008,3.49404,0.156423,0.299058,0.094947,0.848444,6.45019,0.934115,0.868964,0.139862,0.472251,0.383186,0.219159,0.629246,0.629246,0,0,-0.00474429,0.0659077,0.94864,0.798766,0.0148082,0.0265718,0.00409582,0.00273273,0.519316,0.0129749,-3.79376,-5.44055,17.3592,0.451648,0.981395,-13.7435,-0.714286,-0.148242,1.55347,3.95833,33.1667,0,0,19.5833,16.625,0,-10.1815,0.0001,-0.00290646,0.0881104,2.01985,0.185419,44576,0.139011,72.29,1.95209
3363,0.353603,0.492411,0.0141848,0.00732849,0.581733,0.340583,0.760506,0.537749,0.027605,0.0521906,0.0196318,0.220622,0.0186824,0,0.312983,0.110624,3.49929,0.159621,0.299699,0.0948825,0.850782,6.45102,0.934406,0.868082,0.139782,0.45978,0.385169,0.220152,0.643374,0.643374,0,0,-0.00482273,0.0659563,0.947373,0.800184,0.0145097,0.026103,0.0039401,0.00261827,0.51763,0.0125855,-3.71322,-6.39054,17.0415,0.464545,0.986023,-13.228,-0.714286,-0.148297,1.55432,4.04167,35.5,0,0,16.875,15.7083,0,-10.1809,0.0001,-0.00199896,0.084399,1.8055,0.131813,50742,0.139036,70.85,1.88802
3364,0.354761,0.498339,0.0140943,0.00710568,0.581362,0.342567,0.760557,0.545312,0.0271713,0.0518769,0.0193524,0.218347,0.0187452,0,0.312329,0.112402,3.47977,0.157383,0.298846,0.0938701,0.851164,6.45929,0.935293,0.868923,0.138807,0.458264,0.38681,0.218143,0.649017,0.649017,0,0,-0.00484539,0.0651312,0.947631,0.803049,0.0142967,0.0256954,0.00386513,0.00254902,0.518502,0.0123713,-3.83059,-6.50669,16.8927,0.467223,0.974718,-13.1709,-0.714286,-0.149085,1.57535,4.29167,35.1667,0,0,16.3333,15.7917,0,-10.1766,0.0001,0.0103235,0.0853022,1.95929,0.128452,47086,0.139085,73.89,2.08632
3365,0.358792,0.505578,0.0140901,0.00659972,0.583244,0.347887,0.759221,0.549227,0.0278398,0.0507473,0.0198351,0.220415,0.0184055,0,0.314469,0.113706,3.49106,0.155435,0.299613,0.0943968,0.85064,6.44779,0.934135,0.868962,0.139617,0.472483,0.389464,0.219921,0.678178,0.678178,0,0,-0.00477188,0.065932,0.948562,0.800354,0.0146208,0.0262484,0.00411149,0.00271045,0.517463,0.0127268,-3.69297,-5.78182,17.1814,0.457362,0.97947,-13.5942,-0.714286,-0.149512,1.593,4.5,32.6667,0,0,17.6667,14.6667,0,-10.175,0.0001,-0.000992298,0.0895493,1.77924,0.13981,51225,0.139049,71.16,1.88476
3366,0.356789,0.499822,0.0140765,0.00703717,0.582723,0.34334,0.759138,0.542131,0.0285218,0.0491077,0.0203456,0.221274,0.018281,0,0.315617,0.111674,3.50913,0.155634,0.299044,0.0952883,0.851192,6.43497,0.933269,0.869089,0.14285,0.481858,0.386404,0.220591,0.64137,0.64137,0,0,-0.00472476,0.0660067,0.949193,0.796566,0.014977,0.0267828,0.00385868,0.00250449,0.514438,0.0131728,-3.73108,-5.17368,17.4909,0.445081,0.986507,-13.9564,-0.714286,-0.149628,1.57549,3.70833,33.125,0,0,20.6667,15.5417,0,-10.1804,0.0001,-0.00123675,0.0922217,1.92396,0.19707,46347,0.138985,72.34,2.08233
3367,0.356052,0.498171,0.014131,0.00720036,0.582884,0.34329,0.758323,0.539882,0.0280962,0.0500071,0.020009,0.222592,0.0185788,0,0.317157,0.11103,3.49586,0.15683,0.300773,0.0949755,0.84802,6.43987,0.933382,0.868581,0.14253,0.475681,0.385133,0.222481,0.633731,0.633731,0,0,-0.00474454,0.0664404,0.948382,0.798746,0.0147201,0.0265086,0.00368627,0.00238521,0.515039,0.012845,-3.84564,-5.69442,17.3292,0.451551,0.984261,-13.6007,-0.714286,-0.149123,1.56719,3.5,32.125,0,0,18.125,14.8333,0,-10.186,0.0001,0.00162888,0.0987684,1.75045,0.130015,52276,0.13893,73.21,2.11379
3368,0.354202,0.493715,0.0141572,0.00720944,0.582633,0.340155,0.758842,0.535537,0.0281672,0.050012,0.0200558,0.223634,0.0186401,0,0.318992,0.109913,3.49741,0.158527,0.299802,0.095228,0.850633,6.44152,0.932994,0.868338,0.143217,0.48021,0.382984,0.224334,0.629173,0.629173,0,0,-0.00474892,0.066916,0.948278,0.798717,0.0147535,0.0265545,0.00374126,0.00243486,0.514965,0.0128951,-3.88707,-5.6179,17.3587,0.451773,0.985008,-13.636,-0.714286,-0.148842,1.55378,3.79167,30.875,0,0,18.4583,14.3333,0,-10.19,0.0001,-0.00103088,0.0964513,1.79876,0.128936,50995,0.138868,72.62,2.06984
3369,0.358256,0.502888,0.0140605,0.00689638,0.582939,0.345073,0.757947,0.545623,0.0283369,0.0497707,0.0201948,0.223225,0.0187432,0,0.318538,0.112857,3.47369,0.156316,0.300846,0.0954211,0.851335,6.44241,0.9335,0.869237,0.14082,0.471837,0.386794,0.222474,0.657437,0.657437,0,0,-0.0047146,0.0679572,0.948924,0.797535,0.0148781,0.0266673,0.00398064,0.00257595,0.5139,0.0130295,-3.66202,-5.34445,17.4227,0.447902,0.979926,-13.826,-0.714286,-0.149813,1.58164,4.375,33.9583,0,0,19.25,16.0833,0,-10.1928,0.0001,-0.00127709,0.0852507,1.9121,0.13469,48028,0.138852,72.08,2.03158
3370,0.357886,0.506684,0.0139436,0.00694484,0.580083,0.344979,0.755028,0.550702,0.0282502,0.0482219,0.0201731,0.221623,0.0189101,0,0.319923,0.113614,3.45446,0.155628,0.301489,0.0946596,0.851723,6.44529,0.933546,0.870324,0.138743,0.47444,0.388123,0.221494,0.646903,0.646903,0,0,-0.00466926,0.068201,0.949613,0.79926,0.0148321,0.0265033,0.00369737,0.00235498,0.511819,0.0130292,-3.74892,-5.00277,17.4538,0.443849,0.969168,-13.9994,-0.714286,-0.150286,1.5907,4.79167,32.2917,0,0,19.1667,14.5833,0,-10.1909,0.0001,-0.00230115,0.094537,1.76499,0.128295,51922,0.138866,73.36,2.02094
3371,0.354235,0.498973,0.0140064,0.00697523,0.578583,0.341437,0.755631,0.544714,0.0287921,0.0481766,0.0205403,0.22299,0.0184103,0,0.319389,0.111855,3.48797,0.155996,0.300356,0.0956142,0.85115,6.43224,0.932764,0.869741,0.143005,0.482592,0.385426,0.222616,0.651014,0.651014,0,0,-0.0046569,0.0674762,0.949468,0.794693,0.0151457,0.0270282,0.00390359,0.00249464,0.512292,0.0133669,-3.80373,-4.73738,17.6985,0.43682,0.980939,-14.1528,-0.714286,-0.149184,1.56526,4.45833,30.9583,0,0,19.4583,14.875,0,-10.1902,0.0001,0.00252074,0.0853936,1.94036,0.131767,47441,0.138869,71.64,1.78952
3372,0.356965,0.504471,0.0139545,0.00680312,0.580231,0.344464,0.755016,0.549183,0.0285612,0.0480741,0.0203983,0.221126,0.0184285,0,0.319204,0.113018,3.44143,0.15727,0.299052,0.0950084,0.853151,6.43381,0.932351,0.870223,0.143975,0.491327,0.387229,0.221499,0.666558,0.666558,0,0,-0.004678,0.0665924,0.949519,0.798048,0.0149555,0.0267982,0.00348859,0.00216411,0.508879,0.0131542,-3.94327,-4.85862,17.6111,0.439221,0.975221,-14.0667,-0.714286,-0.150143,1.58267,4.08333,32.2917,0,0,22.1667,14.2083,0,-10.1908,0.0001,-0.00112858,0.0932029,1.80766,0.132619,50664,0.138853,72.14,2.01075
3373,0.355299,0.501158,0.0139467,0.00682695,0.579046,0.341287,0.75428,0.545222,0.0283529,0.0482646,0.0202504,0.221671,0.01847,0,0.319718,0.11199,3.46052,0.158006,0.300296,0.095085,0.852355,6.43802,0.932391,0.870296,0.141796,0.485685,0.385136,0.221598,0.657293,0.657293,0,0,-0.00469147,0.0675613,0.949406,0.798537,0.0148746,0.0266023,0.00363511,0.00227059,0.510087,0.0131154,-3.91452,-4.94767,17.5272,0.441566,0.96888,-14.0332,-0.714286,-0.149979,1.56996,4.66667,32.0833,0,0,19.7917,15.5833,0,-10.1912,0.0001,-0.00119377,0.0907481,1.75451,0.140239,51882,0.138862,73.97,2.02244
3374,0.35779,0.502997,0.0139979,0.00695711,0.581548,0.343637,0.755484,0.545037,0.0282129,0.0492876,0.0201266,0.222322,0.0188367,0,0.320227,0.112215,3.46504,0.16019,0.299485,0.0947043,0.854113,6.44269,0.933755,0.86982,0.142833,0.47945,0.386243,0.222454,0.651631,0.651631,0,0,-0.00470503,0.0683743,0.949205,0.79845,0.0148207,0.026546,0.0036369,0.00228984,0.511011,0.0130031,-3.83394,-5.32091,17.4121,0.445305,0.97003,-13.8283,-0.714286,-0.150209,1.57773,4.08333,31.7083,0,0,18.7083,14.9167,0,-10.1887,0.0001,-0.000791085,0.0892059,1.92736,0.135728,47648,0.138899,72.51,1.87598
3375,0.3573,0.505061,0.0139667,0.00683775,0.579569,0.344657,0.755813,0.55125,0.0280496,0.0490813,0.020024,0.221147,0.0186273,0,0.318684,0.114098,3.4685,0.157851,0.299623,0.0945188,0.853165,6.44365,0.933555,0.87011,0.141567,0.4751,0.388629,0.221214,0.662416,0.662416,0,0,-0.00474579,0.0667381,0.948513,0.799538,0.0147362,0.0264172,0.00336247,0.00203912,0.508257,0.0128695,-3.98649,-5.48684,17.3969,0.447465,0.97387,-13.7308,-0.714286,-0.149904,1.5853,4.20833,33.375,0,0,19.3333,13.9583,0,-10.1872,0.0001,-0.000803195,0.0895435,1.78875,0.129039,51258,0.138912,71.16,1.96301
3376,0.359134,0.50544,0.0139817,0.00650824,0.582053,0.345534,0.755336,0.54879,0.0286477,0.047796,0.0204488,0.222513,0.018582,0,0.320947,0.113523,3.46973,0.159457,0.299549,0.0956426,0.853158,6.43438,0.933061,0.86997,0.143138,0.491517,0.388797,0.222912,0.682012,0.682012,0,0,-0.00470072,0.0687042,0.949475,0.796824,0.0149964,0.0269027,0.00318687,0.00188437,0.504331,0.0131954,-3.9744,-4.81385,17.6824,0.436638,0.97858,-14.0975,-0.714286,-0.150336,1.584,4.29167,32.2083,0,0,21.6667,14.2083,0,-10.187,0.0001,0.00545581,0.0931413,1.90726,0.158385,47589,0.138927,71.55,1.89617
3377,0.358603,0.505349,0.0140081,0.0066232,0.58178,0.345989,0.757582,0.550543,0.0279757,0.0494236,0.0199587,0.223287,0.0188383,0,0.321165,0.114029,3.47291,0.16001,0.3009,0.0946793,0.852498,6.44102,0.933645,0.869725,0.142767,0.478345,0.38902,0.223646,0.672644,0.672644,0,0,-0.00476738,0.0677452,0.948501,0.798862,0.0147115,0.0263343,0.00338095,0.00210411,0.509253,0.0128633,-4.04554,-5.6428,17.2916,0.450307,0.975697,-13.6784,-0.714286,-0.150021,1.58992,3.5,32.0833,0,0,18.4167,13.9583,0,-10.1864,0.0001,-0.0015907,0.0948025,1.80381,0.130695,50816,0.138904,71.66,1.86739
3378,0.359713,0.505035,0.0140813,0.00685939,0.58434,0.347121,0.757907,0.547277,0.0278837,0.0507313,0.0198599,0.22302,0.0192482,0,0.319398,0.113551,3.46699,0.16292,0.299277,0.0955439,0.853613,6.43984,0.933496,0.869044,0.144509,0.474823,0.388872,0.223147,0.653638,0.653638,0,0,-0.00480783,0.0675797,0.947689,0.798298,0.0146777,0.0263417,0.00321091,0.00198147,0.507844,0.012743,-4.00757,-6.09878,17.2049,0.455445,0.982966,-13.3794,-0.714286,-0.149923,1.5891,4.20833,35.0833,0,0,17.3333,14.8333,0,-10.1881,0.0001,-0.00132672,0.0881718,1.76661,0.146534,51383,0.138846,71.44,2.03974
3379,0.362393,0.512953,0.0140189,0.00653515,0.584694,0.350568,0.75948,0.556362,0.0273093,0.0514521,0.0194606,0.221955,0.0194448,0,0.319454,0.116124,3.46355,0.163593,0.299711,0.0947906,0.855573,6.4528,0.93505,0.869624,0.14298,0.459882,0.392312,0.222049,0.668618,0.668618,0,0,-0.00485568,0.0670246,0.947325,0.801554,0.0143751,0.0257921,0.00317469,0.00198486,0.509092,0.0124165,-4.0429,-6.53031,16.9604,0.463261,0.975823,-13.1847,-0.714286,-0.150837,1.61851,5.25,35.8333,0,0,15.5,14.1667,0,-10.1909,0.0001,-0.000306648,0.0971847,1.88551,0.130813,48753,0.138822,73.24,2.24755
3380,0.36112,0.509601,0.014112,0.00700741,0.58757,0.349441,0.76239,0.551305,0.0267934,0.0529228,0.0190389,0.223177,0.019372,0,0.319065,0.114833,3.45945,0.16597,0.299392,0.0938326,0.857461,6.45603,0.935913,0.868758,0.141531,0.444522,0.389821,0.222943,0.65343,0.65343,0,0,-0.00490505,0.0661067,0.946561,0.804231,0.0140866,0.0254452,0.00341365,0.00214665,0.510412,0.0120498,-3.97516,-7.17626,16.7157,0.473274,0.972996,-12.7727,-0.714286,-0.150666,1.61201,4.25,36.375,0,0,13.0417,14.125,0,-10.1903,0.0001,0.00694175,0.0950706,1.73855,0.139752,52336,0.13882,71.94,2.09304
3381,0.365199,0.518859,0.0139839,0.00645568,0.586526,0.35294,0.760286,0.558933,0.0271304,0.051448,0.0193457,0.224685,0.0195628,0,0.323355,0.116929,3.46322,0.161996,0.301579,0.0943817,0.854634,6.45896,0.935234,0.86995,0.142318,0.455102,0.392396,0.224194,0.67728,0.67728,0,0,-0.00485025,0.068143,0.947649,0.80333,0.0142967,0.0256343,0.00351791,0.00221577,0.511056,0.0123545,-3.92653,-6.6263,16.8591,0.46486,0.968978,-13.1432,-0.714286,-0.15173,1.63949,4.83333,34.5833,0,0,15.125,15.7917,0,-10.1897,0.0001,8.49103e-05,0.0920273,1.96177,0.150175,46546,0.13881,73.2,2.19675
3382,0.365019,0.520778,0.0138237,0.00617605,0.582669,0.351319,0.758317,0.567212,0.0277745,0.0495972,0.0198664,0.223524,0.0191504,0,0.324589,0.119183,3.47252,0.159365,0.301916,0.094542,0.855473,6.45016,0.933758,0.87144,0.142558,0.46614,0.396111,0.22282,0.69638,0.69638,0,0,-0.00475595,0.0689869,0.949458,0.800965,0.014598,0.0259859,0.00363724,0.00233379,0.510775,0.012822,-3.87879,-5.48338,17.1481,0.451303,0.966442,-13.8719,-0.714286,-0.152364,1.64293,4.91667,32.4583,0,0,17.9583,17.0833,0,-10.1897,0.0001,0.00690531,0.0872852,1.79209,0.131524,51103,0.13879,74.34,2.47663
3383,0.361038,0.515402,0.0138469,0.00616518,0.579829,0.348923,0.756347,0.563919,0.027809,0.0493958,0.0198748,0.221306,0.0191167,0,0.321136,0.117672,3.44752,0.15862,0.298728,0.0943942,0.856777,6.45032,0.933655,0.871224,0.142059,0.471568,0.394506,0.220801,0.702653,0.702653,0,0,-0.00473867,0.0695673,0.949401,0.800835,0.014608,0.0260602,0.00358732,0.00227091,0.509526,0.0128054,-3.85629,-5.43512,17.2346,0.448823,0.962354,-13.8492,-0.714286,-0.151268,1.62067,4.625,32.375,0,0,18.125,15.3333,0,-10.1899,0.0001,-0.000445628,0.0903272,1.74935,0.128975,52336,0.138794,74.33,2.1773
3384,0.362019,0.512733,0.0139846,0.00638602,0.584046,0.349954,0.759263,0.556161,0.0274423,0.0510641,0.019557,0.223749,0.0195389,0,0.322489,0.115948,3.45176,0.1631,0.299795,0.0940222,0.855868,6.45035,0.934103,0.869943,0.142336,0.467283,0.392257,0.223967,0.670128,0.670128,0,0,-0.00479587,0.0694401,0.948289,0.801586,0.0144057,0.0258574,0.00328781,0.00201912,0.507993,0.0124867,-3.99107,-6.10552,17.0429,0.458988,0.964735,-13.4004,-0.714286,-0.150878,1.61693,3.83333,32.75,0,0,16.625,15.125,0,-10.1911,0.0001,0.00874381,0.0987383,1.97433,0.135105,46602,0.138784,72.69,2.19199
3385,0.358374,0.507392,0.013977,0.00655652,0.581285,0.345786,0.757706,0.551507,0.0280827,0.0502327,0.0200195,0.223185,0.0192962,0,0.320734,0.114379,3.42725,0.162794,0.298236,0.0956208,0.856918,6.44423,0.934054,0.870014,0.143539,0.473324,0.388264,0.222503,0.67124,0.67124,0,0,-0.00475425,0.0689615,0.948871,0.798679,0.0147398,0.0264116,0.00356861,0.00223373,0.508552,0.0128915,-3.86407,-5.62072,17.2955,0.449154,0.971535,-13.6876,-0.714286,-0.150398,1.59686,4.25,33.2083,0,0,17.9583,14.1667,0,-10.1927,0.0001,0.00414805,0.0973542,1.81133,0.132638,50568,0.138754,72.28,2.00131
3386,0.364326,0.513659,0.014032,0.00667003,0.584932,0.350746,0.760074,0.552346,0.0274598,0.0517583,0.0195435,0.225971,0.0199954,0,0.324619,0.115171,3.42649,0.166302,0.300766,0.0951254,0.856418,6.44631,0.93419,0.869502,0.145333,0.467794,0.391054,0.225854,0.647274,0.647274,0,0,-0.00483764,0.071733,0.947392,0.801113,0.0144321,0.0259713,0.00317403,0.00193308,0.50587,0.012451,-3.99903,-6.51975,16.9949,0.461921,0.974392,-13.1389,-0.714286,-0.150885,1.62213,4.125,36.375,0,0,16.8333,15.0417,0,-10.1938,0.0001,0.00658683,0.0933468,1.84721,0.136853,49546,0.138725,72.75,2.10844
3387,0.367257,0.519133,0.0140167,0.0064619,0.58655,0.35469,0.760453,0.556651,0.0270733,0.0529414,0.0192594,0.224624,0.0203946,0,0.323164,0.116217,3.39701,0.16768,0.299743,0.0949771,0.858652,6.44756,0.934759,0.869645,0.143484,0.454789,0.393378,0.22435,0.662088,0.662088,0,0,-0.00486732,0.0711327,0.947106,0.802619,0.0142578,0.0256628,0.00323584,0.00201176,0.507533,0.0122209,-3.91981,-6.90283,16.8036,0.469829,0.971493,-12.915,-0.714286,-0.151273,1.63963,4.83333,34.125,0,0,14.7083,13.7917,0,-10.1934,0.0001,0.00146002,0.0878387,1.75086,0.128937,52294,0.138715,70.63,1.85803
3388,0.365955,0.51926,0.0139487,0.00627444,0.587256,0.353438,0.760967,0.560567,0.027204,0.0519005,0.0193804,0.224303,0.019826,0,0.322995,0.117176,3.42199,0.163731,0.299958,0.0944173,0.856881,6.45706,0.93542,0.870277,0.141412,0.44864,0.393973,0.223298,0.685663,0.685663,0,0,-0.00483079,0.0691071,0.947579,0.802992,0.0143247,0.0256616,0.00358036,0.00224196,0.508571,0.0123638,-3.87034,-6.48784,16.8446,0.467872,0.965006,-13.2025,-0.714286,-0.152176,1.64202,5.08333,34.9167,0,0,15,15.2083,0,-10.1947,0.0001,-0.00075782,0.0944689,1.86295,0.22384,47107,0.138704,72.56,2.08103
3389,0.365428,0.52036,0.0139126,0.00618903,0.58282,0.352911,0.759836,0.565719,0.027191,0.0510217,0.0193822,0.22313,0.0198483,0,0.322823,0.119475,3.39937,0.162946,0.299776,0.0942574,0.858533,6.45302,0.935363,0.870613,0.142553,0.456829,0.396371,0.222639,0.696065,0.696065,0,0,-0.00481055,0.0712173,0.948014,0.804362,0.014266,0.0256414,0.00338019,0.002079,0.508371,0.0123207,-3.96909,-6.37755,16.928,0.463179,0.96135,-13.2577,-0.714286,-0.151518,1.64467,3.79167,36.0833,0,0,16.4167,16.0417,0,-10.1968,0.0001,-0.00184163,0.0882984,1.80542,0.136646,50618,0.138713,73.4,2.35662
3390,0.365352,0.517401,0.0139592,0.00639295,0.586161,0.352068,0.759239,0.558225,0.0274484,0.0515933,0.0195465,0.225243,0.019819,0,0.324432,0.116646,3.38953,0.164987,0.301113,0.0946206,0.858822,6.44958,0.934334,0.87018,0.143126,0.462007,0.393183,0.224526,0.672331,0.672331,0,0,-0.00480469,0.0694235,0.948026,0.802367,0.0144046,0.0259015,0.00345141,0.0021672,0.509086,0.0124488,-3.89207,-6.27878,17.0111,0.460799,0.967458,-13.2951,-0.714286,-0.151798,1.63348,3.70833,34.25,0,0,16.25,14.0417,0,-10.1973,0.0001,-0.000205532,0.0930997,1.82221,0.141184,50068,0.138694,71.44,1.95183
3391,0.366617,0.522421,0.0139068,0.00636542,0.586492,0.354569,0.759241,0.566277,0.0274088,0.0513746,0.0195274,0.22414,0.0197415,0,0.323347,0.119121,3.39459,0.164124,0.3003,0.0945243,0.859399,6.44819,0.935099,0.870667,0.14193,0.455423,0.395947,0.223105,0.688431,0.688431,0,0,-0.00479923,0.0683839,0.947922,0.801948,0.0144135,0.0258371,0.00351205,0.00220595,0.50969,0.0124662,-3.92774,-6.29586,16.9872,0.462436,0.96674,-13.31,-0.714286,-0.152381,1.6505,4.375,33.5417,0,0,15.7083,13.3333,0,-10.1966,0.0001,-0.000418276,0.0830744,1.95204,0.132776,47152,0.138749,75.43,2.25967
3392,0.365395,0.521722,0.0139384,0.00619041,0.587611,0.354729,0.759901,0.565715,0.0274925,0.0509404,0.0195895,0.225152,0.0194526,0,0.323967,0.119165,3.40635,0.164169,0.300381,0.0943571,0.86024,6.45474,0.93494,0.870372,0.144856,0.460156,0.395115,0.224059,0.692201,0.692201,0,0,-0.00481932,0.0672274,0.94805,0.801925,0.0144533,0.0259215,0.00352452,0.00215411,0.507985,0.0125162,-3.96573,-6.1964,17.0442,0.459189,0.966306,-13.3457,-0.714286,-0.15242,1.6467,4.08333,35.4583,0,0,16.7083,14.875,0,-10.1946,0.0001,0.000406559,0.0866137,1.80619,0.129711,50779,0.138758,73.22,2.29276
3393,0.368041,0.531461,0.0137544,0.00598864,0.586415,0.357689,0.758909,0.580145,0.0270492,0.0509932,0.0193228,0.222798,0.019439,0,0.325228,0.122901,3.39694,0.161276,0.300037,0.0931437,0.861052,6.46302,0.936103,0.872084,0.140813,0.452467,0.400271,0.221944,0.71867,0.71867,0,0,-0.00480186,0.067249,0.949217,0.804933,0.0142186,0.0253868,0.00357507,0.00225216,0.511653,0.0123788,-4.00617,-6.15638,16.8338,0.461156,0.950326,-13.5015,-0.714286,-0.153877,1.67864,4.125,32.9167,0,0,15.2083,16.5833,0,-10.1981,0.0001,0.00103754,0.0928184,1.88245,0.139435,48620,0.138731,73.29,2.29517
3394,0.366572,0.524793,0.0139058,0.00595959,0.585798,0.355817,0.76016,0.569501,0.0275191,0.0513673,0.0196145,0.22542,0.0195632,0,0.324439,0.120334,3.39001,0.164617,0.299916,0.0947675,0.85985,6.44657,0.935337,0.870676,0.142972,0.451678,0.39642,0.224137,0.697613,0.697613,0,0,-0.00479548,0.0696617,0.948104,0.801616,0.0144903,0.0259361,0.00369495,0.00233133,0.510661,0.0125524,-3.7979,-6.15552,17.0546,0.458945,0.969227,-13.3841,-0.714286,-0.152348,1.65867,4.08333,33.8333,0,0,15.7917,14.4583,0,-10.2002,0.0001,0.000683124,0.0919574,1.78159,0.132472,51358,0.138719,72.14,2.2105
3395,0.363284,0.51659,0.013917,0.00655992,0.58436,0.350536,0.758579,0.560792,0.02758,0.0514084,0.019642,0.222927,0.0195253,0,0.321903,0.117348,3.38459,0.16592,0.299095,0.0944069,0.860433,6.44948,0.934882,0.870572,0.143899,0.456962,0.393278,0.222098,0.672081,0.672081,0,0,-0.00480007,0.0676628,0.948323,0.801938,0.0144512,0.0259824,0.00325974,0.00200948,0.507995,0.0125275,-3.96053,-6.11785,17.0519,0.457966,0.971406,-13.3866,-0.714286,-0.151822,1.62902,4.125,35.1667,0,0,17,15.5417,0,-10.2006,0.0001,0.00679479,0.0854931,1.76594,0.135867,51689,0.138722,73.03,2.14157
3396,0.364717,0.522386,0.0138673,0.00616791,0.583432,0.353791,0.75745,0.568963,0.0278969,0.0503427,0.0199057,0.225411,0.0195057,0,0.325491,0.119597,3.3843,0.164732,0.299828,0.0949149,0.859041,6.44286,0.93344,0.871034,0.144804,0.471984,0.395908,0.224394,0.705534,0.705534,0,0,-0.00475198,0.0699241,0.949217,0.801008,0.0146138,0.0261932,0.003469,0.00214318,0.507523,0.0127481,-3.83412,-5.63984,17.2082,0.451211,0.965672,-13.691,-0.714286,-0.15198,1.64386,4,32.25,0,0,18.1667,16.0833,0,-10.2,0.0001,-0.000116196,0.0915821,1.95508,0.135623,47019,0.138709,73.39,2.17491
3397,0.365417,0.525597,0.013795,0.00589558,0.583487,0.353623,0.758087,0.572306,0.0278553,0.0498094,0.0198807,0.224428,0.0194844,0,0.326252,0.120582,3.35236,0.162979,0.299821,0.0944165,0.859396,6.44949,0.934849,0.871706,0.142011,0.458207,0.397108,0.223597,0.71619,0.71619,0,0,-0.00475751,0.068987,0.949165,0.801022,0.0146487,0.0261546,0.0036167,0.00223986,0.507684,0.0127584,-3.89649,-5.55991,17.2024,0.452431,0.960566,-13.7051,-0.714286,-0.152898,1.65891,4.16667,31.0417,0,0,18.0833,14.375,0,-10.2006,0.0001,-0.00201033,0.0876201,1.75304,0.13037,52194,0.138691,72.52,2.12195
3398,0.362768,0.517541,0.0139001,0.00653682,0.582979,0.350979,0.759297,0.566508,0.0271659,0.0523026,0.0193234,0.221365,0.0201395,0,0.320022,0.119026,3.33591,0.168949,0.298476,0.0943218,0.862204,6.46099,0.93635,0.870729,0.140686,0.449074,0.39581,0.220418,0.679551,0.679551,0,0,-0.00485835,0.0689612,0.947358,0.804297,0.0142171,0.0256802,0.00308742,0.00186872,0.505127,0.0121986,-4.05223,-6.69883,16.8636,0.467076,0.964981,-13.0378,-0.714286,-0.151578,1.63375,4.04167,37.1667,0,0,16.5417,15.4583,0,-10.1994,0.0001,0.00842093,0.0791575,1.88441,0.149812,48325,0.13868,71.69,2.15793
3399,0.370002,0.529766,0.0138525,0.00594093,0.587395,0.358402,0.761286,0.574699,0.0266776,0.0537908,0.0189823,0.223045,0.0205883,0,0.323573,0.121547,3.32589,0.169017,0.300274,0.0942446,0.862528,6.46327,0.936623,0.871172,0.140263,0.436023,0.400343,0.221934,0.706806,0.706806,0.000730994,0,-0.00491318,0.068024,0.946847,0.80532,0.0140676,0.0252654,0.00307814,0.00187008,0.505974,0.011994,-3.99435,-7.24205,16.5914,0.476801,0.963001,-12.7731,-0.714286,-0.153156,1.67727,4.45833,36.6667,0,0,14.125,13.1667,0,-10.1992,0.0001,-0.00189885,0.0844612,1.79433,0.131922,51033,0.138663,74.64,2.40737
3400,0.368249,0.529888,0.0138139,0.00594682,0.583867,0.357549,0.75915,0.57633,0.0275784,0.0512317,0.0196585,0.223314,0.0200203,0,0.32464,0.121839,3.37686,0.16594,0.298517,0.0947,0.862231,6.45031,0.934773,0.87153,0.142679,0.461799,0.399115,0.22256,0.712355,0.712355,0,0,-0.00480861,0.0709857,0.948277,0.802354,0.0144774,0.0259423,0.0032414,0.00195221,0.50516,0.0125224,-3.9223,-6.09256,17.0048,0.462068,0.963112,-13.4667,-0.714286,-0.152702,1.67151,4.08333,30.375,0,0,15.5417,13.625,0,-10.1999,0.0001,-0.000731194,0.085101,1.8249,0.192548,48726,0.138639,74.79,2.39824
3401,0.363177,0.526966,0.0136983,0.00603217,0.581025,0.352412,0.755997,0.57868,0.0278392,0.0492666,0.0198835,0.222754,0.0196175,0,0.326031,0.122269,3.35478,0.162075,0.299994,0.0943925,0.862851,6.45413,0.933978,0.872606,0.140471,0.458938,0.397928,0.221723,0.709349,0.709349,0,0,-0.00473565,0.0691664,0.94933,0.802276,0.0146265,0.0260852,0.00342875,0.00204461,0.503782,0.0127707,-3.92764,-5.394,17.2107,0.45217,0.95058,-13.8495,-0.714286,-0.15328,1.65868,4.54167,35.4583,0,0,19.2083,15.5417,0,-10.1988,0.0001,-0.00109594,0.0780669,1.75098,0.132576,52190,0.13867,73.08,1.91992
3402,0.366875,0.53526,0.0135671,0.00565527,0.580803,0.355178,0.753833,0.587782,0.0279704,0.0487462,0.0200133,0.222604,0.019569,0,0.327882,0.124776,3.35251,0.159518,0.300047,0.094427,0.862679,6.45758,0.935238,0.873826,0.139941,0.458723,0.401909,0.22099,0.728079,0.728079,0,0,-0.00468277,0.0692169,0.950286,0.802612,0.0146983,0.0261093,0.00375408,0.00231187,0.507754,0.012918,-3.71929,-5.04178,17.2748,0.446847,0.945562,-14.0918,-0.714286,-0.154483,1.67994,5.08333,32.375,0,0,18.4167,15.4167,0,-10.1959,0.0001,0.00339701,0.0880317,1.79077,0.135828,51024,0.138676,75.35,2.45901
3403,0.37078,0.536701,0.0136592,0.00563067,0.587704,0.357987,0.75654,0.581359,0.0274425,0.0499992,0.019622,0.224547,0.0194168,0,0.329605,0.123249,3.36839,0.161785,0.300736,0.0931486,0.861408,6.46457,0.935813,0.872969,0.141328,0.455101,0.40134,0.223494,0.710436,0.710436,0,0,-0.00477377,0.0671416,0.949681,0.804867,0.0144041,0.0257081,0.0035216,0.00211744,0.506167,0.01256,-3.93713,-5.61444,17.0193,0.455807,0.940203,-13.7484,-0.714286,-0.155508,1.69005,4.58333,29.9167,0,0,16.4167,15.125,0,-10.195,0.0001,0.000150538,0.0874974,1.98459,0.141252,46242,0.138666,74.27,2.33067
3404,0.368339,0.530298,0.0137478,0.00583407,0.585666,0.356638,0.756975,0.577669,0.0276464,0.0504438,0.0197237,0.224955,0.0200038,0,0.328736,0.122071,3.34518,0.164005,0.30027,0.094172,0.862474,6.45016,0.935026,0.872145,0.141909,0.459625,0.400334,0.224387,0.712462,0.712462,0,0,-0.00478069,0.0688577,0.94821,0.802584,0.0145206,0.0260243,0.00316017,0.00183956,0.502807,0.0125411,-4.01315,-5.91493,17.1437,0.456797,0.960484,-13.4846,-0.714286,-0.153795,1.67027,4.95833,37.5417,0,0,19.5,14.3333,0,-10.1971,0.0001,0.000471067,0.083785,1.74369,0.132452,52396,0.13863,73.44,2.10976
3405,0.367946,0.534456,0.0136539,0.00565129,0.582763,0.355908,0.756493,0.584318,0.0274877,0.0499597,0.0196403,0.224487,0.0198871,0,0.329641,0.124136,3.34676,0.16295,0.300703,0.0940289,0.861609,6.45824,0.9353,0.873019,0.140685,0.449464,0.401597,0.223532,0.723016,0.723016,0,0,-0.00478725,0.0693068,0.949046,0.80335,0.0144619,0.02577,0.00325266,0.00190488,0.502675,0.0125668,-3.96386,-5.77731,17.043,0.456949,0.951559,-13.6466,-0.714286,-0.154372,1.68261,4.45833,34.0417,0,0,16.875,14.625,0,-10.1988,0.0001,0.00353184,0.0914917,1.96604,0.148286,46494,0.138614,74.49,2.38581
3406,0.372054,0.536966,0.0137311,0.00550134,0.586787,0.359734,0.756576,0.581705,0.0273688,0.0504891,0.0195322,0.226413,0.0203057,0,0.330927,0.124059,3.3276,0.164674,0.301475,0.0945393,0.862049,6.45283,0.934731,0.872301,0.143816,0.451247,0.401857,0.225592,0.72605,0.72605,0,0,-0.00481141,0.0699738,0.948515,0.802773,0.0144027,0.0257633,0.00298373,0.00171823,0.501031,0.0124472,-3.95749,-6.14235,17.0408,0.456733,0.958141,-13.3648,-0.714286,-0.154464,1.6887,3.75,31.5833,0,0,14.75,12.0833,0,-10.1974,0.0001,-0.00102817,0.0807202,1.84143,0.13385,49767,0.138634,74.11,2.21965
3407,0.371899,0.542142,0.0136396,0.00534259,0.586882,0.361661,0.755881,0.591714,0.027185,0.0513033,0.0194029,0.222335,0.0199333,0,0.326399,0.126461,3.30513,0.163912,0.299351,0.0934344,0.865184,6.46113,0.937189,0.873152,0.140293,0.439137,0.405138,0.220875,0.741819,0.741819,0.000603865,0,-0.00485318,0.066079,0.948459,0.804895,0.0142954,0.0255709,0.00296587,0.00168793,0.503034,0.0123208,-4.03479,-6.2567,16.9016,0.462737,0.952312,-13.3624,-0.714286,-0.155339,1.70568,4.95833,36.6667,0,0,16.875,14.7917,0,-10.1958,0.0001,0.00336428,0.080166,1.76044,0.130501,51986,0.138614,76.27,2.48001
3408,0.369062,0.536523,0.013587,0.00540692,0.583035,0.35677,0.755782,0.592198,0.0274233,0.0493991,0.0196093,0.221683,0.0196254,0,0.327226,0.126659,3.34226,0.159096,0.298976,0.0930921,0.866776,6.46473,0.935688,0.873641,0.140723,0.457984,0.405598,0.220885,0.755821,0.755821,0,0,-0.00478253,0.0672717,0.949736,0.803965,0.0144418,0.0256601,0.00315009,0.00183667,0.503834,0.0125437,-3.97045,-5.59144,17.072,0.453821,0.945754,-13.7902,-0.714286,-0.154886,1.68806,3.66667,32.4583,0,0,17.8333,14.25,0,-10.1979,0.0001,-0.000535839,0.0827145,1.86401,0.132051,49248,0.138596,73.44,2.4036
3409,0.373188,0.54301,0.0136193,0.00557346,0.587026,0.362164,0.757946,0.592258,0.0271911,0.0498047,0.0194302,0.223077,0.0194988,0,0.328521,0.126462,3.34322,0.159315,0.299799,0.0925817,0.864006,6.47171,0.93702,0.873341,0.140051,0.448478,0.406136,0.222211,0.736433,0.736433,0,0,-0.00479888,0.0666872,0.949514,0.804724,0.0143253,0.0254579,0.00330576,0.00199253,0.506282,0.012438,-3.93831,-5.8039,16.9584,0.457531,0.943412,-13.6603,-0.714286,-0.155584,1.71236,4,32.25,0,0,15.9583,14.5833,0,-10.197,0.0001,-0.00128294,0.0791624,1.76564,0.131167,51826,0.138607,72.75,2.118
3410,0.370853,0.534769,0.0136694,0.00537869,0.585445,0.358808,0.755749,0.583449,0.0275926,0.0493373,0.0196918,0.223761,0.0195643,0,0.328058,0.123884,3.32711,0.159738,0.298557,0.0934549,0.86504,6.45831,0.93568,0.872874,0.141864,0.44899,0.404345,0.222665,0.747517,0.747517,0,0,-0.0047699,0.0674323,0.949371,0.801894,0.0145576,0.025884,0.003215,0.00185218,0.502786,0.0126409,-3.8725,-5.57557,17.2007,0.450107,0.949033,-13.7047,-0.714286,-0.154517,1.68214,4.41667,33.9167,0,0,16.9583,14.25,0,-10.1951,0.0001,0.00101077,0.0801481,1.9423,0.145133,47093,0.138654,74.65,2.24058
3411,0.370068,0.542431,0.0135383,0.00523611,0.581492,0.359483,0.753747,0.592407,0.0284523,0.0466309,0.0203489,0.223674,0.0192369,0,0.331004,0.126242,3.30989,0.156762,0.299341,0.0942312,0.863468,6.44561,0.934419,0.874094,0.142353,0.470688,0.402908,0.223013,0.750296,0.750296,0,0,-0.00464008,0.0697965,0.951398,0.799952,0.0149447,0.0264786,0.00342343,0.00205901,0.504025,0.0131882,-3.76718,-4.3557,17.5745,0.433903,0.943866,-14.4469,-0.714286,-0.155116,1.70277,4.79167,29.0833,0,0,20,15.625,0,-10.1913,0.0001,-0.0010896,0.0877984,1.79457,0.129962,51079,0.138671,74.91,2.11454
3412,0.366536,0.53336,0.0135814,0.00545213,0.580121,0.354154,0.755428,0.587772,0.0278435,0.0484816,0.0198848,0.224118,0.0195716,0,0.330773,0.125098,3.32895,0.159902,0.300486,0.093736,0.863527,6.45796,0.934978,0.873693,0.140605,0.462169,0.402063,0.223623,0.743221,0.743221,0,0,-0.00471175,0.0702278,0.950257,0.802209,0.0146422,0.0260334,0.00332371,0.00199134,0.504857,0.0128051,-3.89182,-5.13026,17.3078,0.444808,0.943588,-13.9956,-0.714286,-0.15426,1.67694,4.54167,30.7917,0,0,17.875,14.9583,0,-10.1905,0.0001,0.00112293,0.0826432,1.82088,0.142616,50065,0.138659,73.46,2.17057
3413,0.372752,0.541242,0.0136119,0.00538356,0.586857,0.360536,0.756559,0.589218,0.0277078,0.048854,0.019772,0.224439,0.0196535,0,0.33097,0.125676,3.32307,0.161553,0.299673,0.0937748,0.865566,6.45799,0.935624,0.87341,0.142703,0.456337,0.404121,0.223677,0.739219,0.739219,0,0,-0.00473332,0.069085,0.950177,0.803325,0.0145337,0.0259286,0.00318047,0.00187694,0.503565,0.012677,-3.95603,-5.33476,17.2134,0.448257,0.94182,-13.8679,-0.714286,-0.155648,1.70247,4.25,31.375,0,0,17.6667,15.2083,0,-10.1909,0.0001,1.32067e-05,0.0795922,1.89701,0.133318,48417,0.138638,74.59,2.28071
3414,0.372635,0.544523,0.0135906,0.00523675,0.586104,0.362045,0.757265,0.594441,0.0272271,0.0511746,0.0194396,0.222083,0.0198426,0,0.326777,0.127297,3.30642,0.162915,0.299283,0.0935442,0.866323,6.46423,0.936319,0.873608,0.141388,0.436018,0.405902,0.220238,0.750109,0.750109,0,0,-0.00480511,0.0667671,0.949048,0.805494,0.0143095,0.0255357,0.00329179,0.00200035,0.506275,0.0123716,-3.8431,-6.0545,16.9336,0.458653,0.94767,-13.4896,-0.714286,-0.155694,1.71553,5,34.875,0,0,16.0833,14.5,0,-10.1904,0.0001,0.00117861,0.082752,1.79174,0.134689,51029,0.138646,75.91,2.53457
3415,0.374165,0.538504,0.0136669,0.00548266,0.587165,0.360022,0.759412,0.587214,0.0267786,0.0522595,0.0191139,0.22384,0.020335,0,0.32896,0.12568,3.31848,0.16605,0.299522,0.0930821,0.866362,6.4684,0.936691,0.872898,0.143414,0.440446,0.406812,0.223205,0.731258,0.731258,0,0,-0.00488863,0.0690357,0.947678,0.805961,0.0141126,0.0252218,0.00292471,0.00169532,0.502246,0.0120848,-4.05916,-6.71928,16.7347,0.468548,0.95069,-13.1076,-0.714286,-0.155104,1.70155,4.83333,35.9583,0,0,14.4583,13.7083,0,-10.1875,0.0001,0.00559019,0.0839396,1.95326,0.129617,47196,0.138687,72.4,2.15513
3416,0.374916,0.546183,0.0136683,0.00516615,0.59055,0.364406,0.757898,0.590722,0.0272517,0.0507027,0.0194375,0.22434,0.0198044,0,0.329021,0.126483,3.33362,0.164272,0.300063,0.0933882,0.864017,6.45764,0.935571,0.872885,0.141996,0.444059,0.404696,0.222945,0.737844,0.737844,0.000868056,0,-0.00480947,0.0666501,0.948878,0.805153,0.014305,0.0255758,0.00310861,0.00180378,0.501588,0.0123752,-4.03716,-6.03782,16.9332,0.460478,0.945595,-13.4977,-0.714286,-0.156124,1.7206,4.125,31.75,0,0,15.875,15.2917,0,-10.1854,0.0001,-0.000502198,0.082464,1.8004,0.130832,50902,0.138672,76.11,2.53985
3417,0.373022,0.543167,0.013591,0.00538794,0.588768,0.36079,0.757391,0.594552,0.0272948,0.0501085,0.0194899,0.224427,0.0197464,0,0.330341,0.128136,3.34171,0.161462,0.300134,0.0931749,0.866051,6.46996,0.936722,0.873604,0.139415,0.441406,0.406691,0.223074,0.7402,0.7402,0,0,-0.00479054,0.06692,0.94965,0.805055,0.0143549,0.025551,0.00339413,0.00204327,0.506409,0.012495,-3.95804,-5.79294,16.915,0.459915,0.93719,-13.6726,-0.714286,-0.156363,1.7129,4.45833,33.5833,0,0,16,16.9583,0,-10.1888,0.0001,-0.00231311,0.0861776,1.76524,0.146072,51432,0.138651,75.58,2.6898
3418,0.37185,0.539932,0.013567,0.00519229,0.585807,0.358798,0.75159,0.58561,0.0285341,0.0468851,0.020406,0.226597,0.0192767,0,0.333368,0.124377,3.35326,0.157674,0.300356,0.0945057,0.861975,6.44341,0.933865,0.873827,0.143477,0.471087,0.402014,0.225159,0.748296,0.748296,0,0,-0.00464218,0.0694674,0.951333,0.799329,0.0149838,0.0265595,0.00347423,0.0020635,0.502288,0.0132204,-3.78628,-4.31082,17.6086,0.433252,0.944935,-14.4751,-0.714286,-0.155725,1.68853,4.375,29.0417,0,0,19.3333,16.1667,0,-10.1911,0.0001,-0.000798278,0.0818795,2.01411,0.129137,45866,0.138661,75.16,2.28425
3419,0.369893,0.537228,0.0135949,0.00526519,0.585594,0.358119,0.751999,0.582745,0.0285912,0.0472123,0.0204359,0.225095,0.0188606,0,0.330162,0.122941,3.3631,0.159436,0.298475,0.0943681,0.86442,6.45214,0.934419,0.873567,0.141968,0.469988,0.399897,0.223238,0.736961,0.736961,0.000801282,0,-0.00462526,0.0691064,0.95158,0.800133,0.0149756,0.0266138,0.00374874,0.00225506,0.504433,0.013276,-3.77639,-4.23292,17.6105,0.432947,0.93828,-14.5039,-0.714286,-0.1554,1.67962,3.95833,28.5833,0,0,19.4167,16.125,0,-10.1919,0.0001,-0.00308314,0.0805235,1.8104,0.136863,50483,0.138653,73.38,2.18288
3420,0.371371,0.541269,0.0134628,0.00502866,0.58352,0.357674,0.750553,0.591649,0.0287108,0.0456314,0.0205886,0.223947,0.0185314,0,0.331778,0.12578,3.35649,0.156527,0.29864,0.0939924,0.864985,6.44861,0.933828,0.874796,0.143878,0.476458,0.40484,0.222354,0.765574,0.765574,0,0,-0.0045951,0.0685456,0.952564,0.800744,0.0150299,0.0265782,0.00371309,0.00222894,0.504027,0.0133935,-3.76301,-3.72168,17.7315,0.426364,0.933833,-14.8661,-0.714286,-0.156331,1.69165,4.41667,28.1667,0,0,21.4167,16.4167,0,-10.1968,0.0001,0.000214174,0.0857789,1.90252,0.131203,48336,0.138615,74.95,2.05811
3421,0.370509,0.541441,0.0135253,0.00534338,0.585406,0.358905,0.749489,0.586224,0.0293437,0.0446157,0.021022,0.227065,0.018538,0,0.334365,0.123999,3.38212,0.156447,0.299534,0.0952087,0.863211,6.44522,0.933535,0.874215,0.143681,0.479972,0.400298,0.225488,0.723101,0.723101,0,0,-0.00454371,0.0699264,0.952835,0.797134,0.015356,0.0271504,0.00377287,0.00228083,0.503404,0.0137713,-3.69769,-3.19385,18.0223,0.416791,0.940156,-15.1395,-0.714286,-0.156155,1.68606,4.95833,28.0417,0,0,22.0833,17.125,0,-10.1991,0.0001,-0.00234238,0.0830504,1.79717,0.135569,50862,0.138593,73.9,2.31756
3422,0.365278,0.529416,0.013556,0.00538833,0.581308,0.35122,0.748394,0.573087,0.0301226,0.0444366,0.0215529,0.228196,0.0184789,0,0.333485,0.119686,3.34665,0.158161,0.298981,0.0965782,0.859315,6.41887,0.931165,0.873929,0.145394,0.487597,0.394789,0.225614,0.719123,0.719123,0,0,-0.00446761,0.0720185,0.953226,0.793173,0.0157537,0.0278752,0.00410101,0.00251317,0.502847,0.0141754,-3.44239,-2.73271,18.3217,0.407952,0.948921,-15.3355,-0.714286,-0.15486,1.64781,4.25,25.625,0,0,22.9167,16.7083,0,-10.1995,0.0001,9.78794e-05,0.0873043,1.96355,0.156159,46376,0.138612,74.13,2.07032
3423,0.367283,0.530249,0.0135542,0.00555803,0.583654,0.352793,0.749081,0.576395,0.0292804,0.0461108,0.0209644,0.226591,0.0187945,0,0.33169,0.121209,3.35564,0.159459,0.298693,0.0957391,0.860633,6.43252,0.932258,0.873946,0.14533,0.480995,0.397639,0.22424,0.713163,0.713163,0,0,-0.00455879,0.0692777,0.952087,0.796514,0.0153788,0.0271853,0.0037937,0.00228738,0.502282,0.0137375,-3.6557,-3.59638,17.9406,0.420794,0.943294,-14.8546,-0.714286,-0.155227,1.65353,4.91667,29.125,0,0,21.375,17.2083,0,-10.1986,0.0001,0.00530212,0.0834298,1.76827,0.132545,51716,0.138625,75.75,2.3192
3424,0.374213,0.546402,0.01349,0.00483471,0.58649,0.362159,0.750494,0.593263,0.0281084,0.047535,0.0201323,0.225748,0.0191403,0,0.332977,0.126383,3.36224,0.158165,0.300248,0.0936606,0.865038,6.46581,0.935551,0.874543,0.141632,0.452506,0.405714,0.223709,0.767374,0.767374,0,0,-0.00465578,0.070087,0.951561,0.802748,0.0147342,0.0261327,0.0037155,0.00225521,0.506391,0.0130512,-3.69413,-4.57304,17.4036,0.437572,0.933727,-14.4112,-0.714286,-0.156701,1.70397,5.16667,30.75,0,0,18.5417,17.625,0,-10.1992,0.0001,0.000421607,0.0874311,1.77392,0.137519,51429,0.138606,75.43,2.26333
3425,0.376184,0.546534,0.0136028,0.00529934,0.590625,0.363504,0.752833,0.588166,0.0281451,0.0487632,0.0201067,0.22834,0.0195648,0,0.335239,0.125315,3.33359,0.163931,0.301568,0.0946476,0.864286,6.44773,0.934316,0.873494,0.142249,0.458853,0.403731,0.226268,0.72523,0.72523,0.00068306,0,-0.00468336,0.069411,0.950554,0.801723,0.0147562,0.0262969,0.00341806,0.00205444,0.503087,0.0129801,-3.81301,-5.02365,17.3293,0.443672,0.945646,-14.0765,-0.714286,-0.156839,1.70733,4.95833,31.1667,0,0,18.9167,16.1667,0,-10.2009,0.0001,-0.000694852,0.0896019,1.94172,0.133068,47380,0.138577,74.93,2.42111
3426,0.374191,0.540807,0.0137325,0.00537023,0.591022,0.361677,0.756432,0.581822,0.0270294,0.0527781,0.019269,0.227706,0.0205323,0,0.331435,0.124138,3.33907,0.172403,0.300844,0.0944855,0.863364,6.45147,0.935655,0.872288,0.143334,0.43702,0.401218,0.225591,0.710496,0.710496,0,0,-0.00486084,0.0691276,0.947691,0.805266,0.0142123,0.0254941,0.00312206,0.00184874,0.502678,0.012236,-4.01884,-6.79967,16.6873,0.470708,0.954416,-13.0696,-0.714286,-0.155713,1.69978,4.79167,35.6667,0,0,13.9167,14.9583,0,-10.2009,0.0001,0.00714004,0.0930049,1.72803,0.127081,52990,0.13854,74.11,2.24456
3427,0.374687,0.540812,0.0137592,0.00552178,0.593568,0.362235,0.758468,0.583218,0.0264957,0.0539624,0.018877,0.226931,0.0206317,0,0.330208,0.124682,3.33073,0.174361,0.300258,0.0937527,0.867149,6.46212,0.936591,0.872039,0.141944,0.427695,0.402416,0.224806,0.717914,0.717914,0.00085034,0,-0.00495178,0.0674129,0.9469,0.807585,0.0139417,0.0250474,0.00296262,0.00171992,0.501407,0.0119133,-4.12131,-7.37532,16.4501,0.479566,0.951603,-12.7303,-0.714286,-0.156127,1.70423,4.79167,37.125,0,0,12.9167,14.375,0,-10.2018,0.0001,0.0049099,0.0825705,1.92738,0.139375,47564,0.138536,73.78,2.13791
3428,0.37537,0.544186,0.0136185,0.0051804,0.58893,0.361787,0.758085,0.592068,0.0266965,0.0525361,0.0190829,0.225482,0.0203608,0,0.331426,0.127506,3.35499,0.169461,0.299629,0.0930691,0.867002,6.46741,0.936117,0.873348,0.144503,0.439823,0.406749,0.22386,0.746543,0.746543,0.000816994,0,-0.00487851,0.0691724,0.948128,0.807182,0.0140581,0.0250766,0.00307807,0.00179964,0.502716,0.0121116,-4.09723,-6.76775,16.592,0.471951,0.941491,-13.1768,-0.714286,-0.156278,1.71587,4.70833,34.5,0,0,14.2917,15.2083,0,-10.2027,0.0001,-0.00191488,0.0843937,1.7534,0.133855,52088,0.138531,77.38,2.57635
3429,0.378175,0.55123,0.0135842,0.00482383,0.59149,0.36658,0.756571,0.597669,0.0271555,0.0509547,0.0194082,0.225554,0.0197522,0,0.3311,0.128667,3.37217,0.166839,0.300541,0.0930985,0.867538,6.46892,0.936049,0.873667,0.14298,0.437316,0.408314,0.223292,0.76779,0.76779,0,0,-0.00482157,0.0672729,0.949439,0.805542,0.0142731,0.0254219,0.00333884,0.00194893,0.502326,0.0123995,-4.0209,-6.05513,16.8411,0.460631,0.936904,-13.5959,-0.714286,-0.157135,1.7337,4,33.1667,0,0,14.3333,15.7083,0,-10.2046,0.0001,-0.00151862,0.0796399,1.75584,0.132442,52060,0.138488,73.57,2.31251
3430,0.380154,0.558442,0.0134793,0.00455795,0.59061,0.3685,0.756319,0.606075,0.0266645,0.0518822,0.0190761,0.224175,0.020195,0,0.331863,0.131184,3.3396,0.168158,0.300103,0.0925629,0.869612,6.47101,0.93702,0.874643,0.142201,0.430285,0.411418,0.221754,0.772579,0.772579,0.000730994,0,-0.00483755,0.0679275,0.949459,0.808336,0.0140264,0.0250087,0.00349496,0.00211258,0.505786,0.012152,-3.89441,-6.4756,16.6358,0.465601,0.931271,-13.3559,-0.714286,-0.158155,1.75784,4.875,34.0833,0,0,13.5417,15.6667,0,-10.2084,0.0001,-0.00224563,0.0820512,1.88091,0.13932,48659,0.138437,74.54,2.44611
3431,0.376656,0.55027,0.0135345,0.00496926,0.589463,0.363918,0.756814,0.599662,0.0266723,0.0513533,0.0190781,0.22446,0.0199399,0,0.331621,0.12931,3.34852,0.168179,0.300484,0.0925089,0.868229,6.46907,0.936249,0.874129,0.144165,0.434975,0.408463,0.222485,0.756432,0.756432,0.000905797,0,-0.00484544,0.0669432,0.94888,0.808962,0.013982,0.0250176,0.00331277,0.00195897,0.504113,0.0120863,-4.06304,-6.47145,16.6922,0.464445,0.931358,-13.3051,-0.714286,-0.157282,1.73521,4.04167,34.7083,0,0,13.625,15.5,0,-10.2104,0.0001,0.00107079,0.0810995,1.79545,0.135176,50918,0.138409,73.68,2.2471
3432,0.374379,0.548314,0.0134793,0.005168,0.587428,0.361401,0.756756,0.600163,0.0268135,0.051717,0.0192001,0.222409,0.019952,0,0.329801,0.129082,3.34515,0.170145,0.298954,0.0927899,0.869311,6.46812,0.935918,0.874642,0.144392,0.437983,0.4082,0.220218,0.744122,0.744122,0,0,-0.00483832,0.0671231,0.949706,0.808604,0.0140358,0.0251067,0.00319789,0.0018922,0.503116,0.0121984,-4.04012,-6.325,16.6636,0.463653,0.931699,-13.4438,-0.714286,-0.157324,1.72904,4.79167,33.125,0,0,14.5,15.75,0,-10.2117,0.0001,0.00146452,0.0864543,1.93071,0.136481,47554,0.138383,74.16,2.29774
3433,0.377014,0.553224,0.0134633,0.00483937,0.588879,0.364257,0.756751,0.603649,0.0270617,0.0511821,0.0193914,0.224285,0.0196091,0,0.332456,0.130481,3.33997,0.167961,0.300918,0.0927965,0.870643,6.46152,0.935458,0.874792,0.144563,0.444705,0.409529,0.222062,0.772416,0.772416,0.000886525,0,-0.0048421,0.0668723,0.949361,0.807072,0.0142146,0.0253217,0.00338779,0.00199671,0.502596,0.0123381,-4.00487,-6.11263,16.7846,0.461783,0.934034,-13.5769,-0.714286,-0.157872,1.7424,5.04167,33.9583,0,0,16.0417,16.1667,0,-10.213,0.0001,-0.00195488,0.0855272,1.75917,0.131528,51993,0.138383,75.46,2.44568
3434,0.375024,0.546761,0.0135102,0.00494791,0.587325,0.361752,0.755392,0.593256,0.027798,0.0497712,0.0198985,0.226604,0.0196526,0,0.33436,0.127054,3.35731,0.168578,0.300168,0.0942446,0.864417,6.44937,0.934414,0.874355,0.146841,0.459062,0.405635,0.224614,0.755085,0.755085,0,0,-0.00476024,0.0687161,0.949886,0.803714,0.0145733,0.0259778,0.0031632,0.00179012,0.499322,0.0127433,-4.02764,-5.45841,17.1511,0.450007,0.939995,-13.8824,-0.714286,-0.156847,1.71994,4.625,30.3333,0,0,17.0833,15.25,0,-10.2159,0.0001,0.00296642,0.0800966,1.7446,0.154434,51765,0.138358,74.93,2.43766
3435,0.378155,0.55682,0.0134509,0.00466403,0.589219,0.366993,0.75495,0.603803,0.0274367,0.0504867,0.0196458,0.224746,0.0198086,0,0.33279,0.130148,3.32224,0.167143,0.300469,0.0934696,0.868365,6.45853,0.935423,0.874907,0.144018,0.437429,0.40848,0.222397,0.769996,0.769996,0,0,-0.00478046,0.0676755,0.949804,0.805893,0.0143852,0.0256355,0.00345392,0.00207478,0.503121,0.0125667,-3.93649,-5.71415,16.9724,0.456394,0.932724,-13.7624,-0.714286,-0.157971,1.74993,3.83333,32.375,0,0,15.7917,16.125,0,-10.2179,0.0001,-0.00130739,0.0777694,1.98808,0.129797,46416,0.138359,76.56,2.65473
3436,0.378288,0.558205,0.0133917,0.00460257,0.587376,0.36632,0.755033,0.608184,0.02744,0.0502329,0.0196654,0.225373,0.0197808,0,0.335396,0.13152,3.34185,0.166125,0.299988,0.0931212,0.868334,6.46539,0.93543,0.875457,0.144667,0.44905,0.410966,0.223181,0.764575,0.764575,0.000771605,0,-0.00474598,0.0695494,0.950353,0.805971,0.0144089,0.0255771,0.0036713,0.00225345,0.50507,0.012617,-3.81826,-5.54307,16.9589,0.455111,0.929571,-13.9057,-0.714286,-0.158309,1.75682,5.25,32.8333,0,0,17.3333,16.9583,0,-10.2184,0.0001,-0.00100925,0.0824431,1.79568,0.132876,50972,0.138336,76.44,2.5538
3437,0.37644,0.55479,0.0133646,0.00443973,0.586062,0.364126,0.753666,0.606286,0.0281719,0.0475667,0.0202035,0.225651,0.0192336,0,0.335713,0.130393,3.36076,0.161945,0.299402,0.0937066,0.867729,6.45634,0.934115,0.875709,0.145485,0.457759,0.409311,0.223478,0.78421,0.78421,0,0,-0.00466374,0.0697636,0.951981,0.802908,0.0147473,0.0261511,0.00355269,0.00210485,0.501021,0.0130556,-3.81332,-4.56274,17.3663,0.43728,0.928807,-14.4527,-0.714286,-0.158081,1.74268,4.04167,28.8333,0,0,18.7917,17.2917,0,-10.2218,0.0001,-0.000997653,0.0823806,1.9164,0.127761,48090,0.138278,76.16,2.27845
3438,0.372567,0.549318,0.0133801,0.00470032,0.582138,0.360044,0.752076,0.596561,0.0288885,0.046705,0.0207159,0.227031,0.0190521,0,0.337093,0.127251,3.36361,0.162846,0.299977,0.0950543,0.863792,6.44391,0.933108,0.875565,0.144575,0.468611,0.403904,0.224678,0.764057,0.764057,0,0,-0.0046039,0.0720503,0.952226,0.799602,0.0151091,0.0267758,0.00372529,0.00220061,0.499602,0.0134738,-3.72056,-3.94903,17.6888,0.427866,0.936973,-14.7568,-0.714286,-0.157052,1.72199,4.41667,29.5,0,0,20.5417,17.75,0,-10.2266,0.0001,0.00320143,0.0841336,1.80102,0.133582,50813,0.138237,75.7,2.38822
3439,0.374663,0.546834,0.0134521,0.00509132,0.58508,0.360874,0.75268,0.592326,0.0287339,0.0470097,0.0205993,0.227739,0.0191829,0,0.33657,0.126116,3.34375,0.165165,0.299375,0.0947094,0.866518,6.44167,0.932866,0.874896,0.146451,0.467725,0.404522,0.225597,0.745288,0.745288,0,0,-0.00462532,0.0719593,0.951864,0.799788,0.0150437,0.0266958,0.00353783,0.00203209,0.497923,0.0133396,-3.69958,-4.13626,17.6472,0.430572,0.937089,-14.6071,-0.714286,-0.156896,1.71322,4.5,28.9167,0,0,20.0833,16.0833,0,-10.2271,0.0001,-0.00210536,0.0829368,1.77168,0.137045,51502,0.138211,75.57,2.32721
3440,0.376679,0.554298,0.0133859,0.00461199,0.585815,0.363967,0.75373,0.603342,0.0279418,0.0482244,0.020026,0.226008,0.01964,0,0.336702,0.12964,3.33501,0.165666,0.299504,0.0937234,0.870804,6.45562,0.93449,0.875511,0.145146,0.461092,0.409276,0.224319,0.771538,0.771538,0.00085034,0,-0.00470307,0.0710092,0.951019,0.803383,0.0146444,0.0260332,0.00331179,0.00186848,0.497506,0.0128587,-3.86009,-4.91606,17.336,0.441269,0.930782,-14.1906,-0.714286,-0.157793,1.74133,4.66667,31.0417,0,0,19.0833,15.2083,0,-10.2277,0.0001,-0.00182781,0.0828391,2.03088,0.136024,45366,0.138203,75.12,2.2215
3441,0.374856,0.548261,0.0134522,0.00481836,0.586591,0.360751,0.752844,0.596263,0.0280505,0.0478558,0.0201137,0.227058,0.0192374,0,0.336325,0.128019,3.36965,0.164773,0.300974,0.093692,0.864696,6.44989,0.933823,0.874895,0.144354,0.460027,0.405981,0.225117,0.758789,0.758789,0.000886525,0,-0.00469218,0.0697585,0.950922,0.802581,0.0147309,0.026116,0.00355396,0.00205433,0.49921,0.0130053,-3.90273,-4.74859,17.3411,0.441865,0.933166,-14.2747,-0.714286,-0.157464,1.71838,5.29167,32.5,0,0,19.0833,16.7083,0,-10.2272,0.0001,0.00115191,0.0817884,1.76195,0.129219,51980,0.138205,75.81,2.10148
3442,0.375815,0.551749,0.0134043,0.00476696,0.585258,0.362406,0.752612,0.598766,0.0280372,0.0482076,0.0200904,0.226082,0.0194567,0,0.335756,0.128179,3.33373,0.165856,0.29936,0.0937467,0.86812,6.45684,0.934044,0.87534,0.143797,0.455941,0.406932,0.223813,0.751193,0.751193,0,0,-0.00468532,0.0717486,0.951561,0.8031,0.0146815,0.0261112,0.00366396,0.00218069,0.500371,0.0129637,-3.6601,-4.76165,17.3304,0.439621,0.931295,-14.2761,-0.714286,-0.157604,1.72861,4,29.5833,0,0,17.7083,15.375,0,-10.2273,0.0001,0.000136309,0.0853504,1.95837,0.136283,46930,0.138189,76.04,2.48398
3443,0.378406,0.554623,0.0133122,0.00443001,0.585226,0.362176,0.750805,0.603929,0.0278839,0.0483084,0.0200017,0.224609,0.019682,0,0.335607,0.130017,3.34951,0.164706,0.298834,0.0937131,0.87087,6.45685,0.934484,0.876196,0.143364,0.454789,0.410903,0.222287,0.778982,0.778982,0,0,-0.00469416,0.0712619,0.951324,0.803854,0.0146441,0.0259624,0.0035005,0.00203459,0.49923,0.0128957,-3.68969,-4.80969,17.3164,0.439574,0.928467,-14.2619,-0.714286,-0.158492,1.73448,4.375,32.25,0,0,18.5417,15.7917,0,-10.2292,0.0001,-0.00213796,0.0820563,1.77278,0.13059,51647,0.138161,75.65,2.28748
3444,0.376882,0.55218,0.0135196,0.00483533,0.590679,0.365239,0.756763,0.600382,0.0268859,0.0514116,0.0192133,0.225827,0.020124,0,0.333215,0.129707,3.33313,0.170936,0.300435,0.0932555,0.870208,6.46546,0.935638,0.874268,0.142165,0.434761,0.408757,0.223641,0.763829,0.763829,0,0,-0.00485022,0.0687039,0.948967,0.807268,0.0141395,0.0252566,0.00319101,0.00181982,0.500073,0.0122141,-3.9632,-6.38984,16.7821,0.46406,0.933997,-13.3327,-0.714286,-0.15774,1.73891,4.75,34.125,0,0,14.7083,15.0417,0,-10.2291,0.0001,0.000142089,0.0814049,1.77243,0.281934,47851,0.138144,74.94,2.37699
3445,0.378233,0.558144,0.013429,0.00461034,0.590985,0.366425,0.755581,0.60895,0.0267428,0.0515325,0.0191322,0.223799,0.0199738,0,0.332047,0.131846,3.32702,0.169554,0.300088,0.0926672,0.871189,6.47162,0.936534,0.875111,0.140953,0.429589,0.411116,0.220943,0.781349,0.781349,0,0,-0.00483723,0.0663022,0.949515,0.808356,0.0140636,0.0250609,0.00331943,0.0019548,0.502335,0.0121788,-3.87727,-6.35902,16.6463,0.466153,0.929014,-13.3886,-0.714286,-0.158928,1.75654,5.08333,34.625,0,0,14.5417,16.375,0,-10.2267,0.0001,-0.00118118,0.0846083,1.85643,0.132104,49435,0.138162,76.1,2.61694
3446,0.377895,0.55062,0.0135825,0.00512598,0.592429,0.364263,0.758397,0.596841,0.0262156,0.0534168,0.0187151,0.225448,0.020579,0,0.331538,0.129011,3.31776,0.17544,0.30029,0.0929982,0.871001,6.47087,0.936646,0.873683,0.143677,0.428815,0.408272,0.222874,0.745644,0.745644,0,0,-0.00492097,0.0676492,0.947897,0.809646,0.0138016,0.0247083,0.00304429,0.00175729,0.501268,0.0118,-4.10035,-7.27145,16.3875,0.478734,0.936249,-12.839,-0.714286,-0.157767,1.73739,4,35.4583,0,0,11.875,14.4167,0,-10.2227,0.0001,-0.000116861,0.0819065,1.75607,0.130868,52097,0.138179,73.32,2.29002
3447,0.377262,0.556767,0.0134597,0.00454117,0.589228,0.366544,0.757157,0.608633,0.0263682,0.0526254,0.018848,0.223371,0.0201628,0,0.331228,0.131854,3.30016,0.171541,0.299464,0.0918389,0.87107,6.47328,0.936691,0.874825,0.141768,0.429921,0.411031,0.221005,0.800129,0.800129,0,0,-0.00487404,0.0673435,0.949099,0.81021,0.0138587,0.0247406,0.00314053,0.00180264,0.500547,0.011918,-4.01855,-6.71444,16.4542,0.474256,0.921746,-13.1942,-0.714286,-0.158069,1.75624,4.33333,33.6667,0,0,13.6667,15.8333,0,-10.2206,0.0001,-0.00136278,0.0809817,2.05907,0.130733,44891,0.138188,75.76,2.60755
3448,0.380785,0.564452,0.0133545,0.00432667,0.589518,0.369241,0.755988,0.615423,0.0269993,0.0502406,0.0193441,0.225475,0.0199426,0,0.336847,0.133983,3.33,0.166694,0.30048,0.0925128,0.871426,6.47898,0.936489,0.875803,0.142348,0.434216,0.414019,0.22334,0.787374,0.787374,0,0,-0.00478264,0.068981,0.950246,0.808277,0.0141824,0.0251861,0.00342409,0.00199684,0.500886,0.0123485,-3.92806,-5.84828,16.7657,0.461867,0.922637,-13.741,-0.714286,-0.159335,1.77768,4.125,32.1667,0,0,15.625,15.5833,0,-10.2218,0.0001,0.00115415,0.0818307,1.72984,0.129658,52865,0.138162,76.02,2.48084
3449,0.37309,0.55247,0.013308,0.00468531,0.583719,0.360617,0.75391,0.611587,0.0275291,0.0486445,0.019728,0.224397,0.0195825,0,0.335335,0.132227,3.33292,0.16324,0.298781,0.0926717,0.871099,6.47114,0.935985,0.876235,0.14183,0.440878,0.410647,0.222034,0.780926,0.780926,0,0,-0.00470336,0.0701534,0.951131,0.806635,0.0144355,0.025603,0.00391185,0.00238659,0.504377,0.0126963,-3.78396,-5.08138,17.0772,0.450939,0.919078,-14.1452,-0.714286,-0.158193,1.73605,3.66667,30.5417,0,0,17.1667,16.7917,0,-10.2222,0.0001,0.00563282,0.0799045,1.98835,0.156036,45842,0.138186,76.22,2.30899
3450,0.381092,0.56092,0.0132854,0.00449699,0.587797,0.365821,0.751936,0.61088,0.0276509,0.048033,0.0198261,0.226847,0.0196246,0,0.34044,0.132205,3.34623,0.163223,0.299305,0.0930509,0.868747,6.46774,0.935283,0.876446,0.142478,0.441642,0.413078,0.224944,0.77496,0.77496,0,0,-0.00467552,0.0721376,0.952032,0.806077,0.0145016,0.0256828,0.00372934,0.00226127,0.503376,0.0128077,-3.6846,-4.83361,17.1605,0.443756,0.915027,-14.2874,-0.714286,-0.159618,1.75584,4.5,30.25,0,0,17.2083,18.25,0,-10.2217,0.0001,-0.000454565,0.0791229,1.80122,0.136696,50726,0.138185,77.09,2.57271
3451,0.376754,0.559104,0.0133009,0.00464542,0.585854,0.364017,0.752267,0.609455,0.0280456,0.0471969,0.0200993,0.226493,0.0195785,0,0.33928,0.131494,3.32649,0.162332,0.300313,0.0936444,0.869679,6.46394,0.93494,0.876302,0.142655,0.453148,0.409622,0.22452,0.775929,0.775929,0.00085034,0,-0.00465897,0.0713075,0.95196,0.803633,0.0146988,0.0260205,0.00356151,0.00210966,0.500911,0.0129831,-3.77188,-4.5563,17.3456,0.439481,0.922281,-14.4334,-0.714286,-0.158981,1.7522,4.33333,29.5,0,0,18.1667,17.7917,0,-10.2208,0.0001,0.00924522,0.0791197,1.83283,0.134161,49976,0.138211,76.77,2.57954
3452,0.374758,0.552317,0.0133897,0.00491512,0.583535,0.36203,0.754979,0.604792,0.0273101,0.0496632,0.0195547,0.225703,0.0201037,0,0.335019,0.130228,3.32672,0.168118,0.29942,0.093506,0.869124,6.45955,0.936104,0.875476,0.142013,0.440193,0.408974,0.222988,0.757726,0.757726,0,0,-0.00476797,0.0715125,0.950333,0.805732,0.0143767,0.02549,0.0034648,0.00203746,0.500301,0.0125616,-3.80747,-5.63281,16.9428,0.454859,0.927169,-13.815,-0.714286,-0.157333,1.73838,4.875,32.5833,0,0,15.4167,16.1667,0,-10.2183,0.0001,0.00395297,0.0849339,1.89724,0.139268,48270,0.138213,77.62,2.39137
3453,0.385649,0.569924,0.0133933,0.00437896,0.592723,0.373482,0.757332,0.615536,0.0263966,0.05168,0.0189028,0.226204,0.0206243,0,0.337712,0.13446,3.3282,0.170233,0.299724,0.0924803,0.871799,6.48095,0.937506,0.875442,0.141931,0.428327,0.415681,0.224129,0.781891,0.781891,0,0,-0.0048622,0.0706617,0.949501,0.810661,0.0138827,0.0247295,0.00315945,0.00182899,0.501771,0.0119786,-3.9701,-6.59748,16.456,0.472408,0.918822,-13.288,-0.714286,-0.159789,1.79779,4.5,33.2083,0,0,14.5417,16,0,-10.2196,0.0001,-0.000944064,0.0832068,1.78149,0.131239,51394,0.138186,73.76,2.43041
3454,0.384236,0.566791,0.0134057,0.0044762,0.590838,0.371871,0.758713,0.613597,0.0261931,0.0527109,0.0187403,0.225748,0.0211119,0,0.336897,0.133539,3.28927,0.17293,0.299458,0.092488,0.873955,6.47317,0.936497,0.875327,0.142652,0.425063,0.414255,0.223824,0.773904,0.773904,0,0,-0.00490491,0.0717452,0.948655,0.810567,0.0138038,0.0245893,0.00296857,0.00169904,0.49935,0.0118328,-4.05319,-6.9923,16.3753,0.47654,0.921039,-13.0368,-0.714286,-0.159079,1.78997,4.5,34.9583,0,0,13.0417,16.5,0,-10.2228,0.0001,0.00215671,0.083698,1.94329,0.137741,47238,0.138145,75.65,2.53514
3455,0.380736,0.560502,0.0134125,0.00445428,0.590511,0.367851,0.758149,0.613566,0.0263024,0.0511269,0.0188296,0.225634,0.0205138,0,0.336353,0.133898,3.35491,0.16756,0.29915,0.0921577,0.873414,6.48142,0.936822,0.875264,0.14244,0.431086,0.414336,0.223868,0.79174,0.79174,0,0,-0.00487383,0.0699385,0.949201,0.81,0.0138905,0.0246339,0.00316772,0.00182371,0.500914,0.0119604,-4.03289,-6.59946,16.5258,0.469918,0.921309,-13.291,-0.714286,-0.158908,1.7696,4.08333,32.4167,0,0,13.2917,16.9167,0,-10.2262,0.0001,-0.00105632,0.0866223,1.7703,0.130853,51707,0.138103,77,2.70359
3456,0.386657,0.569174,0.013418,0.00427643,0.59378,0.373333,0.757543,0.614005,0.0266748,0.0507063,0.0191206,0.228959,0.020408,0,0.341265,0.134444,3.33398,0.168269,0.301925,0.0924645,0.871273,6.47728,0.935971,0.875212,0.143166,0.433705,0.415508,0.227119,0.778915,0.778915,0,0,-0.00482931,0.0716271,0.949997,0.808483,0.0140508,0.0249374,0.00313607,0.00179815,0.500148,0.0121699,-3.97474,-6.20294,16.6447,0.464321,0.921019,-13.5274,-0.714286,-0.159864,1.79345,4.66667,33.125,0,0,14.75,17.8333,0,-10.2286,0.0001,0.000188976,0.0780635,1.81049,0.139445,50413,0.13808,75.31,2.47334
3457,0.386231,0.571071,0.013324,0.00405755,0.591949,0.373803,0.755888,0.62016,0.0269592,0.0496921,0.019332,0.227058,0.0200618,0,0.339761,0.135514,3.34807,0.165767,0.299612,0.0925925,0.874507,6.47733,0.936182,0.876087,0.142047,0.44105,0.418113,0.224942,0.808421,0.808421,0,0,-0.00477204,0.0715648,0.950565,0.807552,0.0142242,0.0251146,0.0033971,0.00197961,0.50006,0.0124179,-3.86721,-5.70666,16.8059,0.458646,0.918953,-13.835,-0.714286,-0.160079,1.7961,5.29167,32,0,0,14.875,16.0417,0,-10.2317,0.0001,-0.00259097,0.0788592,1.95389,0.137398,47006,0.138016,76.2,2.67155
3458,0.382918,0.568624,0.0132941,0.0041656,0.590507,0.370944,0.754501,0.619176,0.0270124,0.048882,0.0193918,0.225936,0.0197776,0,0.338557,0.135058,3.35242,0.16329,0.300448,0.0923874,0.871084,6.48083,0.936526,0.876365,0.139721,0.434016,0.416475,0.223739,0.793077,0.793077,0,0,-0.0047424,0.0697238,0.950905,0.808284,0.0142562,0.0251186,0.00349239,0.00206253,0.502924,0.012488,-3.83552,-5.43013,16.8747,0.455335,0.915819,-13.9663,-0.714286,-0.160146,1.78736,5.29167,31.25,0,0,15.75,16.375,0,-10.2352,0.0001,-0.00142425,0.0824038,1.80254,0.135151,50732,0.137965,76.05,2.6332
3459,0.382704,0.565658,0.0133018,0.00436158,0.590675,0.368836,0.754433,0.614597,0.0274192,0.0481928,0.0196823,0.22741,0.0197254,0,0.341114,0.133757,3.34327,0.163163,0.299647,0.0926621,0.871634,6.46259,0.935225,0.876293,0.143372,0.448555,0.414372,0.225517,0.774132,0.774132,0,0,-0.00469663,0.0709764,0.95157,0.806237,0.0144303,0.0254703,0.00330062,0.00188782,0.499326,0.0126762,-3.84361,-5.05051,17.0612,0.447629,0.91685,-14.1965,-0.714286,-0.16018,1.77817,4.75,30.3333,0,0,17.625,17.375,0,-10.2389,0.0001,0.00136412,0.079009,1.92863,0.135195,47632,0.137929,75.87,2.46519
3460,0.385879,0.571936,0.0132605,0.00395224,0.594715,0.37239,0.752853,0.616714,0.0279321,0.0472687,0.0200517,0.228814,0.0192442,0,0.343362,0.133895,3.33893,0.163174,0.300273,0.0931013,0.87159,6.45975,0.934607,0.876677,0.143742,0.456841,0.41454,0.226508,0.800629,0.800629,0,0,-0.00466319,0.0692254,0.952426,0.804459,0.0146449,0.0258589,0.00350124,0.00202819,0.498633,0.0129947,-3.82456,-4.464,17.3058,0.437623,0.914268,-14.5329,-0.714286,-0.161696,1.79321,5.25,28.0417,0,0,18.5417,17.5833,0,-10.2413,0.0001,-0.00048149,0.083524,1.77295,0.135723,51503,0.137923,75.95,2.59449
3461,0.385584,0.571735,0.0132598,0.00402858,0.593691,0.372065,0.75416,0.619596,0.0276018,0.0473916,0.0198172,0.226371,0.0192258,0,0.340522,0.135319,3.33367,0.161926,0.299495,0.0924784,0.87466,6.47791,0.93613,0.876684,0.142377,0.452522,0.416723,0.224476,0.806511,0.806511,0.000757576,0,-0.00468097,0.0690821,0.952497,0.806099,0.014485,0.0255501,0.00339862,0.00197481,0.50071,0.0128184,-3.81993,-4.68946,17.1194,0.444113,0.916011,-14.4383,-0.714286,-0.161431,1.797,4.66667,27.625,0,0,17.7917,16.9583,0,-10.2425,0.0001,0.000560386,0.0852971,1.95995,0.180922,45917,0.137911,77.01,2.59981
3462,0.38479,0.56916,0.0132759,0.00408509,0.593912,0.370762,0.752926,0.613702,0.0281617,0.0467005,0.0202165,0.228745,0.0191787,0,0.342851,0.132877,3.33991,0.162618,0.29995,0.0933568,0.872439,6.46127,0.934967,0.876534,0.143906,0.459537,0.413651,0.226345,0.793169,0.793169,0.00155739,0,-0.00463779,0.0700455,0.952693,0.803115,0.0147834,0.0260713,0.00349585,0.00200313,0.498149,0.0131295,-3.76213,-4.30665,17.3704,0.435716,0.91827,-14.6261,-0.714286,-0.161393,1.78607,4.41667,28.75,0,0,19.125,17.6667,0,-10.2428,0.0001,-0.00135257,0.0776895,1.79851,0.13888,50740,0.137895,77.48,2.80955
3463,0.384816,0.573612,0.0132562,0.00416237,0.593925,0.372523,0.75233,0.620686,0.0278136,0.0462695,0.0199865,0.228994,0.0189861,0,0.343862,0.135355,3.37406,0.160871,0.300984,0.0923235,0.871321,6.46654,0.935339,0.876717,0.14284,0.453047,0.415468,0.2267,0.79349,0.79349,0,0,-0.0046735,0.0693604,0.952808,0.804552,0.0146181,0.0257017,0.00347081,0.00199994,0.498622,0.012997,-3.81793,-4.47079,17.1935,0.439315,0.915562,-14.6016,-0.714286,-0.16178,1.79722,4.75,28.7917,0,0,18.375,18.0833,0,-10.2424,0.0001,-0.000193845,0.0804594,1.76649,0.147222,51368,0.137884,74.63,2.37225
3464,0.383968,0.571705,0.0132327,0.00414891,0.592558,0.370917,0.753635,0.621915,0.0274309,0.047759,0.0196925,0.226436,0.0190924,0,0.340587,0.135519,3.33837,0.162622,0.299964,0.0920097,0.87145,6.4713,0.93593,0.876936,0.141585,0.443577,0.416094,0.223974,0.78769,0.78769,0,0,-0.00470827,0.0680743,0.952552,0.806853,0.0144109,0.0254023,0.00354028,0.00207909,0.501127,0.0127464,-3.80567,-4.83214,17.0129,0.446176,0.909362,-14.3615,-0.714286,-0.161535,1.79604,4.5,28.4583,0,0,16.875,17.7083,0,-10.2439,0.0001,-0.000336425,0.0802134,2.03338,0.132679,45383,0.137838,75.99,2.33484
3465,0.384963,0.572051,0.0133123,0.00428829,0.595169,0.373082,0.75351,0.621105,0.0267051,0.0503,0.0191391,0.226647,0.0195787,0,0.340193,0.135689,3.3246,0.16582,0.300901,0.0915452,0.874048,6.48215,0.936987,0.876195,0.141622,0.438745,0.416273,0.22482,0.796013,0.796013,0.000868056,0,-0.00480263,0.0667556,0.95037,0.809427,0.0140623,0.0249067,0.0033964,0.00199933,0.503871,0.0122406,-3.94992,-5.96227,16.7258,0.460495,0.917021,-13.6652,-0.714286,-0.161296,1.79528,4.41667,32.7917,0,0,15.1667,17,0,-10.2479,0.0001,-0.000701585,0.078439,1.79389,0.131001,51069,0.137839,77.52,2.76343
3466,0.389695,0.581631,0.0131895,0.0038381,0.595464,0.376601,0.75293,0.630182,0.0271123,0.048606,0.0194722,0.226766,0.0192811,0,0.34339,0.138688,3.34434,0.161941,0.30038,0.091548,0.874063,6.47567,0.936508,0.877337,0.143197,0.441202,0.421009,0.225151,0.810042,0.810042,0.00165162,0,-0.00474087,0.0674463,0.951536,0.807722,0.0142972,0.0251785,0.00339696,0.00197985,0.500432,0.0125515,-3.90623,-5.23447,16.9478,0.450525,0.913238,-14.1366,-0.714286,-0.162757,1.82276,4.66667,30.125,0,0,17.2917,16.0833,0,-10.2492,0.0001,0.000771205,0.082538,1.88026,0.132349,48844,0.137853,77.95,2.81013
3467,0.388487,0.580114,0.0132367,0.00396289,0.596164,0.376194,0.752789,0.623124,0.0276928,0.0476927,0.0198854,0.227352,0.0194547,0,0.343043,0.136067,3.31305,0.164006,0.300446,0.0931483,0.87531,6.46183,0.935228,0.876899,0.144448,0.454637,0.416604,0.22546,0.796849,0.796849,0,0,-0.00471099,0.0675121,0.951532,0.804517,0.0146022,0.0256893,0.00314299,0.0017837,0.498425,0.0128955,-3.97275,-4.85468,17.181,0.443711,0.924406,-14.2879,-0.714286,-0.162621,1.82042,4.91667,30.9167,0,0,19,16.2917,0,-10.2488,0.0001,-0.000162051,0.0837759,1.76763,0.134215,51688,0.137834,77.03,2.63741
3468,0.382139,0.565337,0.0132905,0.00436867,0.592754,0.367854,0.753514,0.615062,0.0273511,0.0482578,0.019604,0.225528,0.019321,0,0.339519,0.133831,3.36,0.164564,0.299388,0.0924346,0.875577,6.47264,0.936293,0.876398,0.140898,0.442371,0.41433,0.224114,0.78681,0.78681,0,0,-0.00473667,0.0673165,0.951251,0.806027,0.0143774,0.0254109,0.0031819,0.0018291,0.500818,0.0126491,-3.94764,-5.23109,17.0361,0.449153,0.923436,-14.0987,-0.714286,-0.160975,1.77417,4.83333,29.9583,0,0,16.9167,15.7917,0,-10.2495,0.0001,0.000119038,0.0760441,1.79669,0.133286,50935,0.137819,75.63,2.31809
3469,0.384829,0.57339,0.0132488,0.0040081,0.59405,0.371881,0.753457,0.621943,0.0271334,0.0481005,0.0194712,0.227718,0.0192856,0,0.343725,0.135964,3.34358,0.163019,0.301522,0.0913723,0.873044,6.47532,0.936275,0.876787,0.14158,0.450568,0.415842,0.22628,0.798217,0.798217,0.000771605,0,-0.00473338,0.0676421,0.951685,0.808384,0.0142414,0.025172,0.00324151,0.0018536,0.5004,0.0125146,-3.95924,-5.11303,17.0237,0.447777,0.910403,-14.1472,-0.714286,-0.161871,1.79951,4.70833,29.0417,0,0,17.3333,16.7917,0,-10.2501,0.0001,0.00125993,0.0834129,1.91825,0.137518,47818,0.137804,75.31,2.4039
3470,0.38155,0.567162,0.0131896,0.00419532,0.590901,0.367276,0.752804,0.624041,0.0271782,0.0485059,0.0195082,0.224413,0.019223,0,0.339288,0.136598,3.33227,0.164454,0.29827,0.0917345,0.875774,6.47846,0.936158,0.877337,0.141037,0.442077,0.417864,0.222479,0.791295,0.791295,0,0,-0.00474692,0.0669633,0.95171,0.808901,0.014228,0.0252045,0.00333216,0.00190801,0.498881,0.0125387,-3.93221,-5.18009,16.9646,0.450092,0.911265,-14.1642,-0.714286,-0.161502,1.77995,4.66667,30.2083,0,0,17.0833,17.2083,0,-10.2519,0.0001,-0.00174196,0.0859889,1.76095,0.131017,51958,0.137784,77.05,2.55919
3471,0.385618,0.571633,0.0132925,0.00427871,0.593424,0.371603,0.754836,0.621169,0.0270454,0.0494932,0.0193747,0.226793,0.0197347,0,0.34163,0.136334,3.34033,0.167124,0.299722,0.0923217,0.875039,6.47429,0.936601,0.87638,0.143686,0.448743,0.417626,0.225574,0.785236,0.785236,0.000868056,0,-0.00479059,0.0685108,0.950715,0.80724,0.0142177,0.0252075,0.00285129,0.00156795,0.497307,0.0124203,-4.03685,-5.68709,16.8808,0.455088,0.92448,-13.8234,-0.714286,-0.161262,1.79747,4.91667,31,0,0,17.3333,15.7917,0,-10.2519,0.0001,-0.000967217,0.0817156,1.9132,0.129013,48136,0.137765,76.14,2.6197
3472,0.387346,0.577123,0.0133379,0.00424803,0.597202,0.375845,0.75689,0.623814,0.0259378,0.0520348,0.0185694,0.225725,0.0203877,0,0.339462,0.137172,3.31594,0.171158,0.299403,0.090998,0.875789,6.48765,0.938139,0.875958,0.140601,0.422713,0.417837,0.224219,0.789435,0.789435,0,0,-0.00490054,0.0678981,0.949569,0.812647,0.0136787,0.0242677,0.0029161,0.00166266,0.500435,0.0117652,-4.05585,-6.81591,16.3022,0.476706,0.912486,-13.1972,-0.714286,-0.161813,1.82096,4.66667,33.5417,0,0,14,15.7083,0,-10.2516,0.0001,-0.00154279,0.0875527,1.81879,0.135027,50313,0.137763,76.35,2.70247
3473,0.38708,0.572177,0.0134192,0.00427665,0.59913,0.374866,0.757452,0.616212,0.0263049,0.0523174,0.018813,0.226771,0.0204656,0,0.338493,0.134537,3.31837,0.172702,0.299884,0.0923714,0.875971,6.47339,0.937795,0.875202,0.142524,0.426581,0.415647,0.224636,0.779802,0.779802,0.000801282,0,-0.00488698,0.0674288,0.949013,0.809445,0.0139012,0.0246684,0.00280433,0.00157899,0.499532,0.0119496,-4.04561,-6.81829,16.4175,0.475501,0.928352,-13.1318,-0.714286,-0.161399,1.8052,5.25,33.3333,0,0,12.75,14.875,0,-10.2521,0.0001,-0.000732667,0.082408,1.80372,0.138978,50601,0.137755,76.56,2.73527
3474,0.384345,0.570741,0.0134028,0.00428659,0.595257,0.373798,0.758829,0.623165,0.026178,0.0524903,0.0187166,0.224801,0.0204256,0,0.335813,0.137136,3.29456,0.172534,0.298399,0.0918403,0.876434,6.47261,0.938047,0.875354,0.143403,0.42367,0.417886,0.222964,0.784082,0.784082,0.00121002,0,-0.00491941,0.066959,0.948875,0.810095,0.0138305,0.0245693,0.0026768,0.00149723,0.499235,0.0118572,-4.08262,-7.01369,16.3527,0.477586,0.927973,-13.0394,-0.714286,-0.160405,1.80549,4.29167,35.1667,0,0,13.1667,15.4167,0,-10.2553,0.0001,0.00169927,0.0785241,1.8826,0.134223,48742,0.137706,77.42,2.65436
3475,0.386766,0.575832,0.0132866,0.00411112,0.596041,0.373522,0.756687,0.627215,0.026239,0.0512145,0.0187974,0.226599,0.0203062,0,0.342049,0.138294,3.32591,0.167873,0.301002,0.091474,0.876209,6.49139,0.938262,0.876434,0.141099,0.42265,0.419662,0.225075,0.795347,0.795347,0,0,-0.00484528,0.0683778,0.949973,0.810873,0.0138617,0.0244891,0.00303546,0.00177385,0.501909,0.0119848,-4.00988,-6.4251,16.48,0.469597,0.915471,-13.4353,-0.714286,-0.162139,1.8173,3.75,31.9583,0,0,13.375,15.4583,0,-10.2591,0.0001,0.00200137,0.0834844,1.78111,0.12783,51496,0.137671,76.07,2.77594
3476,0.387334,0.578508,0.0132379,0.00416008,0.59418,0.37524,0.756111,0.629938,0.026799,0.0499594,0.0192137,0.224985,0.0197614,0,0.339839,0.138704,3.33341,0.165384,0.299051,0.0917611,0.875858,6.48576,0.93796,0.876888,0.142109,0.43284,0.420034,0.223168,0.79623,0.79623,0.000771605,0,-0.00477999,0.0681483,0.950931,0.809581,0.0141091,0.0249481,0.00320157,0.0018745,0.502255,0.0123189,-3.91766,-5.7928,16.7061,0.460053,0.914209,-13.806,-0.714286,-0.162075,1.82444,4.41667,30.8333,0,0,15.5417,17.1667,0,-10.2623,0.0001,-0.00207131,0.0753995,1.89144,0.132049,48581,0.137588,75.92,2.54843
3477,0.386931,0.578686,0.0132753,0.00396533,0.596196,0.376224,0.756779,0.629428,0.026602,0.0509462,0.0190555,0.22675,0.0201989,0,0.341367,0.138232,3.31716,0.169914,0.299827,0.0923243,0.877544,6.47695,0.937025,0.876539,0.141913,0.429061,0.419218,0.22484,0.800692,0.800692,0.000641026,0,-0.00483841,0.0677331,0.950248,0.808757,0.0140543,0.0248046,0.00307581,0.0017692,0.499173,0.0122167,-3.96523,-6.15052,16.5862,0.466564,0.918662,-13.559,-0.714286,-0.162138,1.82739,4.83333,33.875,0,0,15.9583,15.7917,0,-10.2649,0.0001,0.0006055,0.0775231,1.77506,0.132891,51523,0.137564,77.03,2.74122
3478,0.388846,0.583033,0.013215,0.00399508,0.594007,0.377368,0.756414,0.634198,0.0270355,0.0487736,0.0194112,0.227613,0.0199727,0,0.344597,0.140342,3.33188,0.164916,0.299694,0.0922303,0.876577,6.47509,0.93657,0.877101,0.143815,0.442714,0.421363,0.226216,0.795847,0.795847,0,0,-0.00475309,0.070911,0.951625,0.807756,0.014265,0.0250834,0.00320719,0.00188685,0.499418,0.0125106,-3.77677,-5.31307,16.8983,0.453018,0.915168,-14.0501,-0.714286,-0.162219,1.84053,5.25,30.5417,0,0,16.0417,15.2917,0,-10.2669,0.0001,-0.00142834,0.0850429,1.74846,0.137837,52114,0.137514,78.94,2.89839
3479,0.387897,0.576226,0.0132978,0.00409849,0.595365,0.374057,0.755428,0.621309,0.0273041,0.0491177,0.0195714,0.229602,0.0201867,0,0.346197,0.136273,3.32334,0.168181,0.301035,0.0934364,0.874615,6.47072,0.935347,0.876331,0.146056,0.449336,0.416887,0.228217,0.792876,0.792876,0.000925926,0,-0.00474983,0.0708948,0.951248,0.806141,0.0143899,0.0254216,0.0030427,0.0017423,0.498302,0.0126014,-3.78329,-5.37108,16.992,0.450346,0.923026,-13.9468,-0.714286,-0.161869,1.81636,4.875,31,0,0,17.2917,15.4583,0,-10.2722,0.0001,-0.00225105,0.0797052,2.00062,0.129677,46145,0.137465,76.63,2.7592
3480,0.390158,0.587209,0.0132377,0.00399016,0.594337,0.379804,0.757328,0.63478,0.0264939,0.0506509,0.0189968,0.227326,0.0206031,0,0.343739,0.140268,3.32964,0.169306,0.299687,0.0924173,0.878426,6.47986,0.937192,0.87689,0.14455,0.430116,0.420226,0.22572,0.800322,0.800322,0.000730994,0,-0.00483178,0.071336,0.950335,0.809126,0.0140188,0.0246835,0.00310806,0.00183143,0.50036,0.0121791,-3.85563,-6.18803,16.5911,0.464721,0.91481,-13.568,-0.714286,-0.162202,1.8554,4.95833,34.4167,0,0,15.2083,16.5417,0,-10.2784,0.0001,-0.000705807,0.092105,1.78705,0.133619,51182,0.137417,77.41,2.76061
3481,0.385127,0.569902,0.0133824,0.00457249,0.59484,0.372153,0.757731,0.620017,0.0263078,0.0518572,0.0187995,0.227292,0.0206943,0,0.34076,0.136374,3.2973,0.172623,0.299756,0.0927526,0.878139,6.47856,0.937846,0.875544,0.143223,0.434848,0.416862,0.225972,0.774231,0.774231,0.000886525,0,-0.00487173,0.0695235,0.949159,0.808686,0.0139338,0.0246756,0.00283733,0.00164066,0.499598,0.0120125,-3.94478,-6.72395,16.5127,0.47139,0.926395,-13.1669,-0.714286,-0.160679,1.80185,4.625,34.5,0,0,14.9583,13.2917,0,-10.2837,0.0001,-0.000593829,0.091559,1.92813,0.128274,47803,0.137378,74.63,2.33819
3482,0.388187,0.574314,0.0134214,0.00456545,0.600019,0.375108,0.760611,0.622019,0.0258183,0.0537139,0.0184359,0.229049,0.0210678,0,0.342353,0.136992,3.29198,0.175579,0.301072,0.0925624,0.878705,6.4833,0.938091,0.875181,0.142494,0.415376,0.418456,0.227072,0.762941,0.762941,0.00165318,0,-0.00494139,0.0682265,0.948425,0.810935,0.013699,0.0243043,0.00292063,0.00172512,0.501943,0.0116742,-3.93379,-7.44907,16.1876,0.484653,0.923281,-12.7659,-0.714286,-0.161843,1.82127,5.20833,35.375,0,0,12,14.4583,0,-10.2858,0.0001,-0.000307965,0.0837865,1.75088,0.137157,52066,0.137377,75.05,2.50892
3483,0.392506,0.578696,0.0134214,0.00416824,0.602048,0.37954,0.760688,0.62364,0.0255086,0.0545537,0.0181988,0.228486,0.0214491,0,0.341206,0.137916,3.2717,0.175235,0.3003,0.0921567,0.879479,6.48952,0.93957,0.875181,0.141638,0.412391,0.421268,0.226621,0.782775,0.782775,0.000661376,0,-0.00496597,0.0690514,0.947921,0.812467,0.0135149,0.024065,0.00296012,0.0017617,0.503511,0.0114254,-3.89299,-7.76963,16.1017,0.489406,0.921806,-12.5409,-0.714286,-0.16209,1.83483,5.33333,37.25,0,0,11.8333,14.2917,0,-10.2877,0.0001,-0.000170072,0.0782012,1.78263,0.127996,51451,0.137381,74.82,2.53816
3484,0.390871,0.587855,0.0132067,0.00384063,0.595923,0.379489,0.757542,0.63877,0.0257196,0.051667,0.0184489,0.227357,0.0206045,0,0.345456,0.142018,3.32006,0.168479,0.299487,0.0906716,0.878452,6.49707,0.938471,0.877178,0.142839,0.421678,0.423819,0.226191,0.803588,0.803588,0.001875,0,-0.00488037,0.0700831,0.950762,0.813793,0.013581,0.0239737,0.0033714,0.00206944,0.505069,0.0117106,-3.82714,-6.65975,16.221,0.475842,0.901729,-13.3319,-0.714286,-0.163031,1.85878,3.5,31.25,0,0,12.5417,15.9167,0,-10.2885,0.0001,0.000876404,0.0807859,1.86991,0.12785,49207,0.137393,78.15,2.75359
3485,0.39255,0.589921,0.0131035,0.00367748,0.596931,0.379402,0.75662,0.640262,0.0265593,0.0496264,0.0190691,0.227581,0.0200625,0,0.346443,0.141959,3.32434,0.164199,0.299957,0.0913168,0.878244,6.48925,0.938453,0.878138,0.142111,0.428391,0.424881,0.225486,0.818366,0.818366,0.000694445,0,-0.0047584,0.0695893,0.952287,0.810438,0.0140205,0.0246142,0.00354078,0.00220858,0.505904,0.0122879,-3.67529,-5.57723,16.6532,0.458191,0.900703,-13.998,-0.714286,-0.164318,1.86581,4.66667,29,0,0,15.4167,16.9167,0,-10.2864,0.0001,0.000111165,0.0793864,1.83322,0.136367,49910,0.137414,79.14,2.75807
3486,0.388825,0.585997,0.013087,0.00365349,0.590663,0.376489,0.753256,0.637301,0.0275759,0.0470391,0.0198093,0.22847,0.0199055,0,0.347758,0.140455,3.33105,0.16204,0.298841,0.0929467,0.877022,6.46946,0.935888,0.878291,0.145215,0.451248,0.421646,0.226573,0.816404,0.816404,0,0,-0.00465095,0.0730743,0.95319,0.80583,0.014534,0.0254972,0.00359825,0.00218247,0.501233,0.0128857,-3.52215,-4.47088,17.2104,0.439097,0.906821,-14.5108,-0.714286,-0.162721,1.84391,4.66667,29.7083,0,0,19.0833,17.4583,0,-10.2866,0.0001,0.00201328,0.0812939,2.18294,0.134869,42412,0.137413,76.81,2.60261
3487,0.390413,0.583247,0.013225,0.00390717,0.594433,0.377889,0.755077,0.629283,0.0274754,0.048041,0.0197143,0.230075,0.0199215,0,0.348116,0.138594,3.33195,0.166677,0.298788,0.0929907,0.876568,6.46542,0.935288,0.877007,0.147404,0.46396,0.419616,0.228925,0.795778,0.795778,0.000706215,0,-0.00469519,0.0732264,0.952015,0.805642,0.0144501,0.0254867,0.00331146,0.00194899,0.499252,0.0127309,-3.70947,-4.89155,17.1717,0.443262,0.912934,-14.2359,-0.714286,-0.162241,1.8367,4.41667,29.5833,0,0,18.9167,15.5,0,-10.2875,0.0001,-0.00116258,0.0843101,1.73152,0.13093,52781,0.137375,77.22,2.72875
3488,0.391626,0.586613,0.013165,0.00375058,0.594049,0.378024,0.753273,0.632266,0.0272622,0.0483506,0.0195517,0.230661,0.0203782,0,0.350489,0.139562,3.30712,0.166456,0.299848,0.0931556,0.875207,6.46669,0.935906,0.877565,0.146907,0.458616,0.420706,0.229423,0.799559,0.799559,0,0,-0.00469039,0.0740267,0.951943,0.805835,0.0143999,0.0253449,0.00326582,0.00192903,0.498339,0.0126575,-3.65065,-5.03358,17.1188,0.44448,0.911793,-14.1217,-0.714286,-0.162875,1.84418,4.95833,30,0,0,17.0833,14.5417,0,-10.2932,0.0001,-0.00206829,0.0874052,1.78603,0.176572,50088,0.13731,77.83,2.98194
3489,0.390067,0.582998,0.0131742,0.00377675,0.594831,0.375821,0.756054,0.633442,0.0265852,0.0487507,0.019072,0.230668,0.0204804,0,0.350656,0.140361,3.33099,0.164809,0.301088,0.0918844,0.877809,6.48936,0.937955,0.87748,0.143413,0.439198,0.422137,0.229559,0.808362,0.808362,0.000968992,0,-0.00475782,0.072873,0.951731,0.809043,0.0140687,0.0247309,0.00318316,0.00188537,0.501609,0.0122985,-3.80678,-5.58361,16.7787,0.45547,0.904113,-13.846,-0.714286,-0.163015,1.83913,4.58333,31.2083,0,0,16.5833,16.2917,0,-10.2967,0.0001,-0.000658029,0.084638,1.86501,0.130147,49271,0.137311,77.41,2.54545
3490,0.391413,0.584429,0.0132372,0.0039461,0.598705,0.377909,0.756456,0.633801,0.0263019,0.0501805,0.0188507,0.228583,0.0205035,0,0.345827,0.140827,3.3276,0.168434,0.299326,0.0919469,0.879488,6.48672,0.937474,0.876894,0.141863,0.433866,0.42278,0.226915,0.799625,0.799625,0.00144754,0,-0.00481377,0.0700939,0.950748,0.809949,0.0139293,0.0245151,0.00318756,0.00190114,0.501737,0.0120981,-3.89216,-6.11905,16.5795,0.464871,0.909043,-13.5578,-0.714286,-0.163409,1.8439,5.375,32.625,0,0,15.125,15.2083,0,-10.2967,0.0001,-0.00265811,0.0848539,1.74738,0.135968,52196,0.137287,77.03,2.65089
3491,0.392593,0.590908,0.0132005,0.00374803,0.598848,0.381218,0.756297,0.63893,0.0262126,0.0502323,0.0187998,0.228891,0.0202415,0,0.346534,0.142109,3.34949,0.166131,0.299115,0.0911992,0.87747,6.4872,0.937393,0.877236,0.141271,0.426016,0.423218,0.226972,0.811054,0.811054,0,0,-0.00482034,0.0693366,0.951112,0.81205,0.0138487,0.0244148,0.00342446,0.00207034,0.502124,0.0120613,-3.83632,-6.05522,16.5252,0.465498,0.901478,-13.6414,-0.714286,-0.163911,1.86543,4.875,31.3333,0,0,14.7917,16.1667,0,-10.3014,0.0001,-0.000387169,0.089906,1.76154,0.252081,48819,0.137256,77.01,2.72204
3492,0.389585,0.577556,0.0132897,0.00428203,0.598237,0.374797,0.756389,0.624831,0.0263732,0.0505934,0.0188852,0.228675,0.0203744,0,0.344754,0.137637,3.31598,0.169314,0.29912,0.0919977,0.87885,6.48143,0.938214,0.876406,0.142434,0.434399,0.419446,0.227024,0.78115,0.78115,0.000612745,0,-0.00482966,0.0693948,0.950509,0.810383,0.0139224,0.0246177,0.00311106,0.00185398,0.502158,0.0120893,-3.87028,-6.23049,16.5348,0.46775,0.911567,-13.4737,-0.714286,-0.162703,1.8234,4.5,31.5833,0,0,15.5833,15.4583,0,-10.3055,0.0001,-0.00024256,0.0848553,1.80126,0.133101,50819,0.137227,75.55,2.66813
3493,0.395801,0.591131,0.013191,0.00356699,0.600966,0.381732,0.756219,0.63739,0.0266249,0.0495468,0.0191068,0.231181,0.0202288,0,0.350522,0.141919,3.35452,0.164705,0.300896,0.0919733,0.87876,6.48708,0.937702,0.877324,0.142763,0.433373,0.425274,0.229572,0.818264,0.818264,0,0,-0.00476869,0.0698886,0.951541,0.809291,0.0140856,0.0247429,0.00341638,0.00207831,0.50372,0.0122979,-3.73666,-5.67756,16.6591,0.462503,0.905424,-13.8798,-0.714286,-0.164506,1.86494,5.29167,31.0833,0,0,16.25,16.125,0,-10.3087,0.0001,0.00807187,0.0853671,1.73654,0.129715,52674,0.137212,77.79,2.7604
3494,0.393729,0.589869,0.0131388,0.00379034,0.598954,0.379564,0.75381,0.636802,0.0268767,0.0481841,0.0192805,0.23067,0.0199793,0,0.351752,0.141164,3.35645,0.163442,0.301241,0.0919555,0.877748,6.48623,0.937065,0.877809,0.143274,0.444528,0.423563,0.229631,0.806442,0.806442,0,0,-0.00471677,0.0699283,0.951594,0.808724,0.0142048,0.0249538,0.00324691,0.001924,0.501056,0.0124632,-3.82269,-5.19959,16.9644,0.451845,0.906202,-14.0606,-0.714286,-0.164553,1.85492,5.125,29.7917,0,0,17.8333,15,0,-10.3104,0.0001,-0.00190631,0.0936113,1.74806,0.136431,52164,0.137169,76.77,2.80998
3495,0.390896,0.579382,0.0133027,0.00413074,0.601276,0.376148,0.756193,0.623936,0.0263062,0.0502218,0.018833,0.2311,0.020431,0,0.348666,0.137231,3.33635,0.167984,0.300655,0.0918773,0.87761,6.48545,0.938441,0.876285,0.142233,0.429497,0.419143,0.229942,0.789184,0.789184,0,0,-0.00481433,0.0692008,0.950388,0.810154,0.0139317,0.0245928,0.00307039,0.00183811,0.502674,0.0120913,-3.93749,-6.19769,16.6186,0.464518,0.912073,-13.4517,-0.714286,-0.163467,1.8282,4.83333,33.0417,0,0,15.5833,15.1667,0,-10.3138,0.0001,-0.00197547,0.091641,1.9721,0.132494,46709,0.137121,75.97,2.66473
3496,0.393875,0.584675,0.0133526,0.00396937,0.603037,0.381218,0.75772,0.62841,0.0255408,0.0535398,0.0182447,0.230643,0.0212624,0,0.346163,0.13939,3.30358,0.172408,0.300062,0.091974,0.880972,6.48993,0.938252,0.875821,0.1432,0.411358,0.421932,0.228864,0.788131,0.788131,0.000757576,0,-0.0049208,0.0690235,0.948692,0.811988,0.0135952,0.0240474,0.0031543,0.00195938,0.504523,0.0115862,-3.8134,-7.42508,16.1819,0.482616,0.916207,-12.7622,-0.714286,-0.163173,1.84651,4.79167,36.2083,0,0,12.4583,14.7083,0,-10.3162,0.0001,-0.0025274,0.0910005,1.80625,0.13695,50588,0.137063,76.65,2.58322
3497,0.391352,0.580735,0.0134143,0.00440555,0.604321,0.379256,0.760761,0.628978,0.0248792,0.0554647,0.0177466,0.228735,0.0213742,0,0.342102,0.139669,3.30966,0.17576,0.300147,0.0912279,0.882897,6.50507,0.939741,0.875247,0.141475,0.404161,0.421072,0.22672,0.772652,0.772652,0.00291168,0,-0.00499649,0.0668081,0.947747,0.814837,0.0132567,0.0235045,0.00311804,0.00194135,0.507643,0.0111669,-3.97466,-8.24741,15.79,0.498344,0.914615,-12.3334,-0.714286,-0.162993,1.8418,4.41667,36.5,0,0,10.2083,14.25,0,-10.3202,0.0001,-0.00149867,0.0904787,1.77393,0.132675,51559,0.136995,73.75,2.47172
3498,0.391842,0.579722,0.0134782,0.00434982,0.604329,0.37992,0.759847,0.620873,0.0256009,0.0548025,0.0182497,0.230217,0.0214024,0,0.342574,0.137058,3.28153,0.177726,0.299587,0.0926708,0.878946,6.47631,0.938471,0.874653,0.143582,0.414445,0.417797,0.228214,0.771496,0.771496,0.00259259,0,-0.00495993,0.0680724,0.948104,0.811892,0.0135602,0.0241795,0.00298358,0.00187377,0.5064,0.0114853,-3.86436,-7.79802,16.0689,0.489326,0.925699,-12.5084,-0.714286,-0.162321,1.8347,5.29167,35.0833,0,0,11.75,14.125,0,-10.3255,0.0001,-0.000830047,0.0892719,1.90607,0.127841,48332,0.136938,77.5,2.7175
3499,0.396651,0.589599,0.013236,0.00388132,0.603503,0.381178,0.758506,0.63415,0.0257369,0.0532114,0.0184356,0.230055,0.020968,0,0.346906,0.141103,3.30543,0.170122,0.300368,0.0919955,0.878622,6.494,0.938254,0.876905,0.142745,0.41631,0.424371,0.227247,0.789814,0.789814,0.000816994,0,-0.00488024,0.0682737,0.950303,0.813573,0.0136243,0.024053,0.0036967,0.00243193,0.510431,0.0117283,-3.6614,-7.00197,16.1128,0.481289,0.907275,-13.1375,-0.714286,-0.164742,1.86796,5.54167,35,0,0,12.5417,16.4167,0,-10.329,0.0001,-0.000568888,0.081578,1.74652,0.12813,52438,0.136933,76.36,2.91659
