step,Episode_Metrics/bridge/credible,Episode_Metrics/bridge/credible_best_s,Episode_Metrics/bridge/failed,Episode_Metrics/bridge/missed_goal,Episode_Metrics/bridge/potential,Episode_Metrics/bridge/progress_steps,Episode_Metrics/bridge/quality,Episode_Metrics/onefoot/best_dwell,Episode_Metrics/onefoot/capture_error,Episode_Metrics/onefoot/clearance,Episode_Metrics/onefoot/com_offset,Episode_Metrics/onefoot/com_speed,Episode_Metrics/onefoot/cross_track,Episode_Metrics/onefoot/diagnostic_valid,Episode_Metrics/onefoot/distance,Episode_Metrics/onefoot/dwell,Episode_Metrics/onefoot/head_speed,Episode_Metrics/onefoot/heading_error,Episode_Metrics/onefoot/injected_speed,Episode_Metrics/onefoot/lateral,Episode_Metrics/onefoot/left_contact,Episode_Metrics/onefoot/left_force,Episode_Metrics/onefoot/left_load,Episode_Metrics/onefoot/phase,Episode_Metrics/onefoot/right_contact,Episode_Metrics/onefoot/right_force,Episode_Metrics/onefoot/single_support,Episode_Metrics/onefoot/speed,Episode_Metrics/onefoot/success,Episode_Metrics/onefoot/success_050,Episode_Metrics/onefoot/success_100,Episode_Metrics/onefoot/success_200,Episode_Metrics/onefoot/support_cop_y_offset,Episode_Metrics/onefoot/support_yaw,Episode_Metrics/onefoot/upright,Episode_Metrics/onefoot/waist_axis_alignment,Episode_Metrics/onefoot/waist_axis_error,Episode_Metrics/onefoot/waist_capture_error,Episode_Metrics/onefoot/waist_foreaft_capture,Episode_Metrics/onefoot/waist_foreaft_error,Episode_Metrics/onefoot/waist_front_load,Episode_Metrics/onefoot/waist_pelvis_offset,Episode_Metrics/onefoot/waist_pitch_deg,Episode_Metrics/onefoot/waist_roll_deg,Episode_Metrics/onefoot/waist_roll_error_deg,Episode_Metrics/onefoot/waist_roll_match,Episode_Metrics/onefoot/waist_roll_speed,Episode_Metrics/onefoot/waist_target_roll_deg,Episode_Reward/failure,Episode_Reward/shaping,Episode_Reward/task,Episode_Termination/body_ground,Episode_Termination/fell_over,Episode_Termination/nan_state,Episode_Termination/out_of_terrain_bounds,Episode_Termination/replanted_swing,Episode_Termination/stalled_transfer,Episode_Termination/time_out,Loss/entropy,Loss/learning_rate,Loss/surrogate,Loss/value,Perf/collection_time,Perf/learning_time,Perf/total_fps,Policy/mean_std,Train/mean_episode_length,Train/mean_reward
1600,0,0,0,0,0,0,0,0,0,0,0,0,0,0,0,0,0,0,0,0,0,0,0,0,0,0,0,0,0,0,0,0,0,0,0,0,0,0,0,0,0,0,0,0,0,0,0,0,0,0,0,0,0,0,0,0,0,0,-10.9205,0.0001,-0.000927209,0.0961821,1.20621,0.160029,71952,0.127475,,
1601,0.156498,0.12107,0.027305,0.0272871,0.462596,0.139133,0.74404,0.123138,0.0252928,0.0652063,0.0146203,0.236362,0.0134433,0,0.158771,0.0232472,4.55588,0.0730937,0.272254,0.100409,0.57673,5.67701,0.824562,0.828198,0.0990529,0.498456,0.159797,0.228981,0.00214777,0.00214777,0,0,-0.00526717,0.113595,0.818417,0.639678,0.0155119,0.0280342,0.00427988,0.00188095,0.468935,0.0108832,-5.03582,-15.2953,19.7443,0.429453,1.61828,-7.90386,-0.833333,-0.0791245,0.542511,0.125,9.25,0,0,6.20833,0,0,-10.9214,0.0001,-3.97375e-05,0.17263,1.4785,0.127425,61213,0.1275,47.97,1.37137
1602,0.450617,0.482681,0.0167505,0.00890493,0.636098,0.400813,0.835357,0.542025,0.026098,0.0406006,0.0177115,0.181507,0.0105952,0,0.241347,0.137111,4.30397,0.0669183,0.299957,0.0843162,0.841361,6.77744,0.954451,0.945728,0.0514896,0.277464,0.501847,0.201374,0.682533,0.682533,0,0,-0.00435623,0.035118,0.948803,0.803684,0.0134732,0.0235931,0.00426333,0.00379244,0.577501,0.0131457,-8.12496,-6.7485,13.832,0.575926,0.96096,-17.7689,-0.909091,-0.173661,2.18512,0.666667,13.375,0,0,82.8333,63.9167,0,-10.9186,0.0001,-0.000713055,0.0633635,1.59361,0.125649,57178,0.127523,71.1,2.69931
1603,0.369826,0.438604,0.0163092,0.0121519,0.564903,0.333112,0.824521,0.492961,0.023683,0.0581852,0.0157223,0.165919,0.0123567,0,0.227779,0.103523,4.38391,0.0873429,0.293786,0.0845453,0.859424,6.69937,0.961574,0.947158,0.0499815,0.299242,0.414163,0.179665,0.523515,0.523515,0,0,-0.00477271,0.0521858,0.923254,0.793057,0.0134962,0.0226563,0.00379939,0.00320171,0.559059,0.0114954,-8.9247,-12.3007,13.6377,0.627293,1.02159,-14.3235,-0.909091,-0.164231,1.97823,0.333333,4.41667,0,0,6.45833,1.08333,0,-10.9179,0.0001,-0.00069306,0.156808,1.56115,0.127034,58230,0.127551,49.17,1.08595
1604,0.462285,0.436827,0.0186246,0.0122397,0.674929,0.400641,0.835321,0.467476,0.0253157,0.0464709,0.0168455,0.202964,0.0109822,0,0.240283,0.117606,4.49736,0.0699584,0.301147,0.0848094,0.849441,6.76034,0.95514,0.93965,0.0557568,0.275559,0.492417,0.221878,0.497417,0.497417,0,0,-0.00460831,0.0329465,0.942544,0.798057,0.0131043,0.0237844,0.00413404,0.00287784,0.556454,0.0117836,-6.77909,-9.03556,14.8419,0.55611,1.05306,-15.7776,-0.908889,-0.16625,1.96359,0.541667,23.9167,0,0,59.5833,53.7083,0.0416667,-10.9163,0.0001,1.59247e-05,0.0799724,1.60248,0.125736,56881,0.12757,60.18,2.76966
1605,0.436967,0.483355,0.0163829,0.00880777,0.619939,0.385793,0.830525,0.53768,0.0246027,0.0477326,0.0166413,0.177424,0.0112002,0,0.241091,0.131184,4.29339,0.0753273,0.298382,0.083595,0.840663,6.76511,0.958924,0.946919,0.0496299,0.274509,0.478918,0.19515,0.656698,0.656698,0,0,-0.00461894,0.0403243,0.938106,0.807304,0.0131259,0.0225642,0.00405498,0.00364741,0.574485,0.0121456,-8.40175,-9.29544,13.5293,0.608324,0.967863,-16.2936,-0.909091,-0.174963,2.18096,1.125,5.375,0,0,18.125,17.6667,0,-10.9166,0.0001,6.35217e-05,0.117925,1.61,0.125005,56659,0.127568,59.92,1.92691
1606,0.454443,0.42603,0.0189336,0.0131442,0.672434,0.396718,0.834063,0.456635,0.0253911,0.0477408,0.016827,0.203902,0.0112126,0,0.236982,0.113268,4.56204,0.0710651,0.299912,0.0852096,0.853151,6.7359,0.955011,0.938655,0.0574549,0.291115,0.484459,0.222245,0.457855,0.457855,0,0,-0.00463346,0.0334054,0.939764,0.791285,0.013284,0.0241278,0.00399375,0.002583,0.550021,0.0116793,-6.74661,-9.49054,15.2182,0.549892,1.08736,-15.3723,-0.909091,-0.163079,1.91106,0.458333,19,0,0,42.2083,26.9583,0,-10.9187,0.0001,-0.000411267,0.115954,1.5744,0.125107,57842,0.127587,56.54,2.23605
1607,0.459494,0.482758,0.0169173,0.00880439,0.64764,0.403662,0.834146,0.532546,0.0249151,0.0434024,0.0168597,0.185462,0.0104678,0,0.244341,0.135057,4.29814,0.0692147,0.299531,0.0824844,0.843723,6.80365,0.957381,0.945188,0.0506629,0.256034,0.502949,0.205375,0.655511,0.655511,0,0,-0.00453551,0.0348805,0.946047,0.812019,0.0127895,0.0225747,0.00414166,0.00356001,0.574345,0.0122013,-7.91991,-8.09285,13.5087,0.591184,0.955738,-17.0292,-0.909091,-0.175404,2.17881,0.75,9,0,0,35.2917,40.0417,0,-10.9179,0.0001,-3.58755e-05,0.0981411,1.59221,0.125188,57240,0.127617,62.35,2.38842
1608,0.446866,0.438818,0.0183086,0.011993,0.657965,0.391479,0.833306,0.472564,0.0257484,0.0461009,0.0171525,0.197018,0.0113244,0,0.238031,0.115827,4.51583,0.0720664,0.29985,0.0861308,0.852114,6.73884,0.954736,0.94068,0.0561593,0.299223,0.478568,0.215813,0.502387,0.502387,0,0,-0.00453962,0.0352868,0.94024,0.79131,0.013567,0.0242051,0.00382734,0.00275015,0.554863,0.0122984,-7.41254,-8.90595,14.8954,0.55786,1.0515,-15.9428,-0.909091,-0.165777,1.97291,0.625,12.0833,0,0,28.25,16.875,0,-10.9146,0.0001,-0.000584187,0.127931,1.62528,0.123935,56199,0.127691,53.77,1.9935
1609,0.463505,0.462364,0.0176983,0.010264,0.661166,0.404579,0.8357,0.507077,0.0253548,0.0431657,0.0170546,0.193367,0.0106416,0,0.242705,0.12918,4.3884,0.0685732,0.29995,0.0843458,0.847284,6.79117,0.955668,0.942657,0.0530609,0.265763,0.50361,0.213497,0.597232,0.597232,0,0,-0.00452402,0.0334255,0.946374,0.804565,0.0130271,0.0232567,0.00421367,0.00331667,0.567457,0.0122892,-7.40089,-8.08711,14.137,0.569453,0.992017,-16.7476,-0.909091,-0.171081,2.08487,0.916667,13.5417,0,0,43.7083,44.7917,0,-10.9082,0.0001,-0.000546245,0.0984105,1.58942,0.120852,57478,0.127714,57.7,2.2844
1610,0.456443,0.462077,0.0175895,0.0103435,0.654736,0.39808,0.834625,0.500271,0.0258793,0.0428253,0.0173879,0.192231,0.0109386,0,0.242728,0.124645,4.38987,0.0696185,0.300951,0.0852344,0.846866,6.76013,0.955227,0.94301,0.0544544,0.293344,0.49183,0.211716,0.567827,0.567827,0,0,-0.0044749,0.0348907,0.944901,0.796753,0.0134657,0.0238622,0.00399844,0.00317568,0.564146,0.0126815,-7.7281,-7.893,14.3886,0.565049,1.01073,-16.8224,-0.909091,-0.171218,2.08383,0.291667,8.04167,0,0,26.7083,18.875,0,-10.9079,0.0001,-0.000684776,0.125305,1.61021,0.129311,56512,0.127728,54.31,1.72552
1611,0.464711,0.449185,0.0181175,0.0111092,0.669756,0.401558,0.834455,0.485742,0.0256685,0.0434892,0.0172104,0.198649,0.0108014,0,0.242892,0.122775,4.48149,0.0688719,0.300687,0.08497,0.850918,6.77262,0.954617,0.941299,0.0552476,0.283375,0.499085,0.218663,0.539802,0.539802,0,0,-0.00450951,0.0334039,0.945679,0.7981,0.0132273,0.0237359,0.00401922,0.00294801,0.558977,0.012359,-7.27408,-8.13159,14.4966,0.559754,1.0209,-16.5778,-0.909091,-0.169405,2.01968,0.583333,14.7083,0,0,44.625,35.6667,0,-10.9058,0.0001,-0.000312448,0.102619,1.60744,0.126402,56697,0.127745,57.38,2.4389
1612,0.460495,0.471781,0.0174789,0.00974707,0.655787,0.406156,0.834371,0.515341,0.0254774,0.0434469,0.0171392,0.191408,0.0107926,0,0.243095,0.130709,4.3658,0.0695099,0.300978,0.0842853,0.847651,6.7753,0.955582,0.943368,0.0531874,0.270986,0.499431,0.211009,0.609258,0.609258,0,0,-0.00453313,0.0348406,0.944838,0.803057,0.0131465,0.0234051,0.00401173,0.00324184,0.566788,0.0123326,-7.64262,-8.15301,14.1567,0.572227,0.998273,-16.7344,-0.909091,-0.172163,2.12648,0.625,9.875,0,0,29.25,27.75,0,-10.9043,0.0001,-0.000711279,0.111433,1.59014,0.126861,57253,0.127765,57.74,2.11977
1613,0.46063,0.44394,0.0181761,0.011523,0.6659,0.397835,0.83453,0.481082,0.0256299,0.0439482,0.0171537,0.197078,0.010793,0,0.240193,0.120826,4.49154,0.069545,0.299056,0.085165,0.849857,6.76843,0.954907,0.94111,0.0556054,0.28899,0.494663,0.216878,0.518752,0.518752,0,0,-0.00451046,0.033856,0.944665,0.797473,0.0132528,0.023802,0.00399688,0.00292048,0.559283,0.0123272,-7.23917,-8.30689,14.5812,0.559012,1.02629,-16.4454,-0.909091,-0.167932,1.99654,0.541667,13.2083,0,0,38.2083,30.5417,0,-10.9023,0.0001,-0.000133489,0.113211,1.63408,0.125509,55867,0.127805,56.58,2.12449
1614,0.463667,0.461747,0.017664,0.0105167,0.659943,0.402487,0.835071,0.503897,0.0252558,0.0442949,0.0169612,0.1917,0.0106382,0,0.241042,0.127841,4.41785,0.0693751,0.299254,0.0838165,0.848513,6.78506,0.95589,0.942769,0.0535473,0.270242,0.502113,0.211196,0.573257,0.573257,0,0,-0.0045648,0.0334291,0.94526,0.805458,0.0129316,0.0232556,0.00407327,0.00320872,0.56602,0.0120764,-7.42792,-8.37663,14.0972,0.573898,1.00354,-16.5935,-0.909091,-0.171431,2.08164,0.375,11.25,0,0,33.6667,32.1667,0,-10.8989,0.0001,-0.000787275,0.106877,1.60608,0.13177,56566,0.127817,57.92,2.16511
1615,0.459822,0.451254,0.0179557,0.0112268,0.662654,0.39851,0.833178,0.488957,0.0257367,0.0442538,0.0172416,0.196612,0.0109021,0,0.242324,0.122643,4.48755,0.0697018,0.301008,0.0852995,0.848645,6.76075,0.954541,0.941824,0.0546957,0.284389,0.493762,0.215965,0.533942,0.533942,0,0,-0.00451054,0.0341602,0.944251,0.797472,0.0133319,0.023885,0.00401811,0.00302087,0.560251,0.0124147,-7.37446,-8.29305,14.5185,0.562896,1.02526,-16.5004,-0.909091,-0.169488,2.02762,0.291667,11.2917,0,0,34.625,27.625,0,-10.8977,0.0001,-0.000591519,0.114056,1.63213,0.120922,56075,0.127858,56.97,2.22993
1616,0.465475,0.460176,0.0177598,0.0106122,0.664755,0.402861,0.833765,0.496928,0.0256649,0.0418637,0.0172819,0.195678,0.0107078,0,0.244678,0.125553,4.46318,0.0693386,0.301261,0.0844897,0.849207,6.78287,0.95499,0.942458,0.054418,0.281802,0.500302,0.2159,0.555575,0.555575,0,0,-0.0044615,0.0340023,0.947126,0.799658,0.0132437,0.0235898,0.00403844,0.0030772,0.562671,0.0125929,-7.53087,-7.71561,14.2704,0.563385,0.997608,-16.9276,-0.909091,-0.171573,2.06994,0.458333,10.1667,0,0,40.875,32.2917,0,-10.8927,0.0001,-0.000405444,0.106155,1.63097,0.127265,55910,0.127907,57.42,2.30555
1617,0.456028,0.454722,0.0178431,0.0106846,0.659363,0.399137,0.833237,0.494992,0.0258696,0.0424013,0.0174041,0.19356,0.0108714,0,0.241336,0.124221,4.47515,0.0692221,0.299388,0.0851535,0.850137,6.76653,0.954406,0.942188,0.0552387,0.297631,0.494188,0.21409,0.562061,0.562061,0,0,-0.00445248,0.0339876,0.946147,0.796339,0.0134275,0.0237931,0.00389924,0.00296543,0.560652,0.0126955,-7.67922,-7.72479,14.4022,0.562109,1.00578,-16.8805,-0.909091,-0.169506,2.04496,0.291667,8.45833,0,0,36.4167,24.75,0,-10.889,0.0001,-0.000850463,0.112888,1.60709,0.125141,56749,0.12793,55.99,2.03916
1618,0.462119,0.456101,0.0178419,0.0106783,0.663677,0.401622,0.833059,0.493992,0.0257196,0.0425991,0.0172811,0.194586,0.0106698,0,0.242375,0.124314,4.48529,0.068978,0.29988,0.0846811,0.849233,6.7779,0.954653,0.942192,0.0547046,0.285023,0.497429,0.2148,0.559619,0.559619,0,0,-0.00445486,0.0335512,0.946727,0.799012,0.013247,0.0236881,0.0040452,0.00305981,0.561383,0.0125495,-7.48726,-7.8027,14.3659,0.561792,1.00474,-16.8517,-0.909091,-0.170491,2.04998,0.458333,10.1667,0,0,39.7083,31.9167,0,-10.887,0.0001,-0.000638079,0.107972,1.59076,0.125466,57279,0.127941,57.99,2.15433
1619,0.458974,0.455208,0.0177057,0.010846,0.658497,0.397368,0.833588,0.49841,0.0257744,0.0422405,0.0173405,0.192477,0.0107529,0,0.241524,0.125615,4.44347,0.0695535,0.298967,0.0845705,0.850117,6.76918,0.954405,0.942618,0.0544019,0.285313,0.498071,0.212609,0.569843,0.569843,0,0,-0.00445752,0.0336669,0.946598,0.798381,0.0133214,0.023686,0.00402282,0.00310036,0.563034,0.0126104,-7.64234,-7.73637,14.3234,0.562248,1.003,-16.9259,-0.908617,-0.170468,2.04886,0.625,9.375,0,0,36.4167,27.7083,0.0416667,-10.887,0.0001,-0.000468327,0.107247,1.63465,0.131596,55656,0.127935,56.66,2.05226
1620,0.457519,0.45052,0.017915,0.0109059,0.661703,0.397413,0.833785,0.492487,0.0263386,0.0423585,0.017687,0.195762,0.0109628,0,0.242285,0.123769,4.48905,0.0688708,0.3007,0.0863956,0.850821,6.75512,0.954318,0.941955,0.0552816,0.286578,0.495057,0.215592,0.564655,0.564655,0,0,-0.00447278,0.032284,0.945617,0.792663,0.0136848,0.0243341,0.00389023,0.00293565,0.560033,0.0128475,-7.55799,-7.63498,14.6836,0.556258,1.02736,-16.8718,-0.909091,-0.169514,2.02857,0.833333,10.9583,0,0,38.8333,28.2083,0,-10.8885,0.0001,-0.000451266,0.111528,1.64307,0.139945,55133,0.127931,57.12,2.16953
1621,0.456473,0.45205,0.0178064,0.0108321,0.658366,0.396828,0.834819,0.499592,0.0256652,0.0423308,0.0172625,0.193193,0.0107318,0,0.241303,0.126372,4.45124,0.0691849,0.299275,0.084583,0.850227,6.77782,0.955483,0.942307,0.0545872,0.279118,0.499269,0.213473,0.571936,0.571936,0,0,-0.00446706,0.0331903,0.946533,0.79867,0.0132736,0.0236044,0.00404841,0.00307411,0.561867,0.0125288,-7.5609,-7.81101,14.3608,0.561257,1.0001,-16.8196,-0.909091,-0.169477,2.03798,0.75,10.2083,0,0,37.3333,29.75,0,-10.8897,0.0001,6.15521e-06,0.108828,1.72723,0.140212,52641,0.12792,56.4,2.2999
1622,0.455561,0.452204,0.0178869,0.0109665,0.658864,0.39824,0.834813,0.496141,0.0259342,0.0423775,0.0174125,0.193536,0.0108081,0,0.240208,0.125178,4.46391,0.0687434,0.298931,0.0853584,0.851238,6.76744,0.954595,0.942047,0.0548143,0.288395,0.495824,0.213519,0.557019,0.557019,0,0,-0.0044768,0.0324817,0.945924,0.796058,0.0134177,0.0238989,0.00393519,0.00297108,0.559914,0.0126155,-7.63223,-7.78347,14.484,0.559607,1.01066,-16.8307,-0.909091,-0.16906,2.03801,0.333333,9.83333,0,0,37.6667,27.9167,0.0416667,-10.8904,0.0001,-0.000694402,0.105014,1.80297,0.136767,50678,0.127921,57.49,2.13074
1623,0.456534,0.456834,0.0178525,0.0106364,0.658156,0.401809,0.835021,0.503128,0.0256268,0.0436044,0.0171966,0.191578,0.0107727,0,0.238524,0.127473,4.44444,0.0686177,0.29719,0.0848803,0.849946,6.77649,0.955538,0.942158,0.0539797,0.275158,0.498858,0.211286,0.590627,0.590627,0,0,-0.00453904,0.0327005,0.945487,0.79993,0.0132271,0.023634,0.00400321,0.00306261,0.562923,0.0123519,-7.47166,-8.12616,14.3238,0.566199,1.01462,-16.6527,-0.909091,-0.169126,2.05892,0.375,11.2917,0,0,35.5,30.2917,0,-10.8899,0.0001,-0.000933548,0.110738,1.8028,0.139464,50613,0.127954,57.39,2.0678
1624,0.46092,0.461858,0.0177816,0.010441,0.659533,0.40454,0.835392,0.505608,0.0253865,0.0437738,0.0170567,0.19194,0.0107653,0,0.239993,0.128169,4.43037,0.0693723,0.29853,0.0846452,0.851147,6.77759,0.955409,0.942388,0.054344,0.284737,0.499548,0.212038,0.593001,0.593001,0,0,-0.00451749,0.033517,0.945131,0.800469,0.0131452,0.0233704,0.00399321,0.00304063,0.561205,0.0123217,-7.54767,-8.23709,14.2626,0.567508,1.00317,-16.6249,-0.909091,-0.17002,2.08289,0.416667,10.7917,0,0,37.375,28.5417,0,-10.8879,0.0001,-0.000135399,0.109879,1.72996,0.135693,52691,0.127989,57.3,2.27001
1625,0.461974,0.460451,0.0178234,0.0104226,0.663968,0.404312,0.835171,0.498496,0.0255969,0.0432981,0.0171802,0.194561,0.0108071,0,0.242386,0.126089,4.438,0.0694263,0.300993,0.0849761,0.848489,6.78176,0.95578,0.942252,0.0540042,0.277519,0.497869,0.214511,0.569412,0.569412,0,0,-0.00451772,0.0326428,0.945361,0.800028,0.0132172,0.0235783,0.00387221,0.00297475,0.562615,0.0124123,-7.60651,-8.11096,14.3231,0.565556,1.00472,-16.6546,-0.909091,-0.170895,2.07502,0.708333,10.5,0,0,35.625,30.9167,0,-10.8864,0.0001,-0.000841985,0.110573,1.73946,0.133004,52499,0.128018,55.93,1.95806
1626,0.459344,0.456421,0.0177991,0.0106539,0.660349,0.400779,0.836113,0.499284,0.0255307,0.0435765,0.0171346,0.194239,0.0107926,0,0.241828,0.126152,4.43437,0.0692478,0.300831,0.0846547,0.850603,6.77715,0.954933,0.942331,0.0538379,0.276894,0.498819,0.213985,0.578281,0.578281,0,0,-0.00451725,0.0325876,0.945161,0.799881,0.0132037,0.0235556,0.00402888,0.00306179,0.561088,0.0123328,-7.51698,-8.15554,14.3352,0.564938,1.01025,-16.62,-0.909091,-0.170042,2.06031,0.708333,11.375,0,0,36.9167,29.5,0,-10.8834,0.0001,-0.000824526,0.105242,1.69399,0.12908,53922,0.128072,56.83,2.22179
1627,0.460451,0.456476,0.017897,0.0108404,0.661171,0.401877,0.835064,0.496909,0.0257281,0.0437898,0.0172663,0.193921,0.0109348,0,0.240667,0.125727,4.43017,0.0692145,0.299849,0.0855032,0.849067,6.7689,0.954976,0.942014,0.0539511,0.275902,0.497541,0.213741,0.56248,0.56248,0,0,-0.00450002,0.0333429,0.94462,0.798544,0.0133294,0.0237359,0.00394181,0.00302582,0.56273,0.0124335,-7.51407,-8.13181,14.443,0.563911,1.01528,-16.6003,-0.909091,-0.169584,2.05656,0.458333,10.5,0,0,35.5,30.2917,0,-10.8789,0.0001,-0.000834342,0.107415,1.68176,0.133604,54151,0.128112,58.43,2.27024
1628,0.461668,0.457147,0.0178982,0.0105431,0.660994,0.403233,0.836615,0.49853,0.0252241,0.044522,0.0169169,0.193098,0.0106921,0,0.239561,0.126356,4.42941,0.069084,0.298731,0.0840949,0.851032,6.78361,0.955603,0.94201,0.0538148,0.27199,0.499675,0.212818,0.570454,0.570454,0,0,-0.00454627,0.032533,0.944915,0.803167,0.0129798,0.0232718,0.00400922,0.00304189,0.562277,0.0120808,-7.39465,-8.46319,14.2204,0.569786,1.00776,-16.4845,-0.909091,-0.169433,2.06306,0.5,11.7083,0,0,34.375,31.5,0,-10.8781,0.0001,-0.000777234,0.11139,1.66736,0.132041,54631,0.128127,56.27,2.1202
1629,0.462389,0.457238,0.017841,0.0107743,0.66354,0.401793,0.835581,0.495586,0.0257277,0.0437512,0.017275,0.195524,0.0108289,0,0.242757,0.12497,4.41418,0.0683316,0.301512,0.0853141,0.8499,6.77627,0.955087,0.942177,0.0534478,0.273391,0.497703,0.215093,0.555223,0.555223,0,0,-0.0045347,0.0323477,0.945268,0.800083,0.013265,0.0237156,0.00397023,0.0030611,0.562742,0.0123851,-7.45469,-8.08804,14.3761,0.565268,1.01642,-16.6739,-0.908542,-0.170571,2.06091,0.583333,11.3333,0,0,34.375,30.0833,0.0416667,-10.8771,0.0001,-0.000445316,0.107666,1.63092,0.125821,55958,0.128154,57.15,2.17993
1630,0.459215,0.456667,0.0178479,0.0108946,0.659909,0.401274,0.835324,0.499302,0.0253536,0.0441753,0.0170293,0.192642,0.0107364,0,0.239967,0.126029,4.44739,0.06888,0.298766,0.0843714,0.850268,6.77696,0.955782,0.942173,0.0537562,0.278511,0.498148,0.21251,0.564623,0.564623,0,0,-0.00454357,0.0324307,0.945389,0.8007,0.0131078,0.0233583,0.00403006,0.00306523,0.562329,0.0122422,-7.49351,-8.26311,14.2629,0.567145,1.00502,-16.5933,-0.909091,-0.169669,2.05783,0.5,11.2083,0,0,36.4167,30.7917,0,-10.8755,0.0001,-0.000434251,0.105226,1.58773,0.12642,57348,0.128205,57.04,2.28293
1631,0.458843,0.455614,0.017849,0.0107006,0.659147,0.39984,0.83543,0.498859,0.0257313,0.0430276,0.0172872,0.192336,0.0107471,0,0.239722,0.12622,4.3997,0.0677588,0.298787,0.0851386,0.850739,6.77549,0.955688,0.942169,0.0535402,0.278518,0.498066,0.212209,0.577112,0.577112,0,0,-0.00452988,0.0314022,0.945858,0.799467,0.0132463,0.0236828,0.00380961,0.00291291,0.561283,0.0124354,-7.55347,-7.98491,14.3606,0.563478,1.01193,-16.7705,-0.909091,-0.169523,2.05461,0.0833333,10.75,0,0,35.875,29.9167,0,-10.8735,0.0001,-9.24794e-05,0.111038,1.58248,0.125319,57561,0.128237,55.7,1.89926
1632,0.459773,0.455303,0.0178818,0.0107777,0.661028,0.401398,0.834724,0.496611,0.0254356,0.0445121,0.0170613,0.193594,0.0108673,0,0.240202,0.125417,4.43385,0.069225,0.29982,0.08504,0.850449,6.77527,0.955804,0.942063,0.0544127,0.274173,0.497657,0.213358,0.575392,0.575392,0,0,-0.00456187,0.0326302,0.944063,0.800886,0.013144,0.0235024,0.00374153,0.00284312,0.560414,0.0121822,-7.47163,-8.42054,14.3915,0.566019,1.01645,-16.4477,-0.909091,-0.169476,2.04969,0.708333,12.7917,0,0,35.0417,28.75,0,-10.8714,0.0001,-0.000512158,0.104081,1.63871,0.123357,55789,0.128278,57.71,2.12792
1633,0.459343,0.461315,0.0177874,0.0105738,0.659107,0.40432,0.835271,0.503168,0.0254654,0.0437847,0.0171061,0.193101,0.0107613,0,0.241132,0.127023,4.41818,0.0684706,0.300268,0.0843994,0.849593,6.77935,0.955644,0.942369,0.0539114,0.281825,0.497618,0.213036,0.579722,0.579722,0,0,-0.00450933,0.0332424,0.945693,0.800774,0.0131582,0.0234319,0.00402178,0.00307452,0.563773,0.0123142,-7.48766,-8.09699,14.2905,0.566026,1.00159,-16.673,-0.909091,-0.170009,2.07966,0.5,10.4583,0,0,35.5833,30.9167,0,-10.8706,0.0001,-0.000373366,0.106228,1.60971,0.122668,56745,0.12827,57.62,2.11623
1634,0.460878,0.453519,0.0179164,0.0111614,0.662957,0.400434,0.835061,0.493358,0.0250254,0.0455769,0.0167854,0.19487,0.0107756,0,0.241223,0.124445,4.42758,0.0694268,0.300175,0.083869,0.848632,6.78256,0.955964,0.941951,0.0541029,0.270784,0.497771,0.214449,0.549531,0.549531,0,0,-0.00458768,0.0324084,0.943583,0.80345,0.0129393,0.0231504,0.00395516,0.00296552,0.560727,0.0119624,-7.35525,-8.76503,14.2432,0.572002,1.01067,-16.2577,-0.909091,-0.16979,2.04276,0.75,12.8333,0,0,33.7917,30.2917,0,-10.8725,0.0001,-0.000310964,0.109798,1.59429,0.123588,57224,0.128259,55.98,2.05982
1635,0.459225,0.458123,0.0177981,0.0107272,0.659563,0.40189,0.83528,0.498741,0.0252142,0.0451527,0.0169201,0.193087,0.010771,0,0.240779,0.125468,4.40186,0.0689211,0.299686,0.0844361,0.846871,6.77375,0.955599,0.942334,0.0533223,0.268018,0.497529,0.212504,0.568272,0.568272,0,0,-0.00458133,0.032727,0.943923,0.803096,0.0130315,0.02329,0.00400929,0.00306793,0.562892,0.0120591,-7.39142,-8.57674,14.2663,0.571395,1.00986,-16.3793,-0.909091,-0.170076,2.06539,0.75,12.9167,0,0,33.8333,31.1667,0.0416667,-10.8729,0.0001,-0.000780257,0.108789,1.59719,0.127754,56989,0.128283,55.81,2.264
1636,0.459273,0.456836,0.0178379,0.010864,0.660262,0.40122,0.835171,0.499091,0.0247796,0.0465817,0.0166241,0.193483,0.0107979,0,0.240533,0.126,4.41882,0.0701072,0.29974,0.083454,0.846078,6.78209,0.956561,0.942205,0.0535221,0.270398,0.497704,0.212772,0.574076,0.574076,0,0,-0.00460418,0.0338687,0.94304,0.807053,0.0127861,0.0229187,0.00403096,0.00305528,0.563728,0.0117393,-7.29031,-8.95259,14.1395,0.577633,1.00629,-16.1504,-0.909091,-0.169883,2.05882,0.583333,13,0,0,33.125,32.2917,0,-10.8712,0.0001,-0.000882803,0.110848,1.60667,0.126036,56734,0.128301,56.31,2.02983
1637,0.461433,0.453085,0.0179515,0.0110525,0.664034,0.400759,0.835365,0.490853,0.0253016,0.0450586,0.0169638,0.195622,0.0108497,0,0.241618,0.123707,4.41562,0.0685645,0.30148,0.0845348,0.848309,6.77305,0.955705,0.941837,0.0535436,0.273418,0.496674,0.215083,0.547681,0.547681,0,0,-0.00456845,0.0327928,0.944241,0.801989,0.0130588,0.0234056,0.00401377,0.00302699,0.562954,0.0120894,-7.29228,-8.52808,14.3614,0.56739,1.01417,-16.3526,-0.909091,-0.169802,2.04125,0.583333,12.25,0,0,33.625,30.2917,0,-10.8709,0.0001,-0.000536442,0.112359,1.5897,0.123528,57379,0.12832,55.96,2.14259
1638,0.460842,0.457092,0.0178172,0.0107336,0.662028,0.400673,0.835248,0.498391,0.0252418,0.0444149,0.0169351,0.194086,0.0107684,0,0.241903,0.125856,4.41926,0.068587,0.300576,0.0842941,0.850108,6.78046,0.95565,0.942272,0.0537398,0.278282,0.497823,0.213761,0.571929,0.571929,0,0,-0.00455493,0.0329653,0.944717,0.802699,0.0130097,0.023298,0.00394086,0.00298895,0.561406,0.0121297,-7.47747,-8.40867,14.2455,0.569228,1.00894,-16.4952,-0.909091,-0.170584,2.06132,0.541667,11.4583,0,0,35.5833,29.5,0,-10.8693,0.0001,-0.000752449,0.107218,1.58344,0.120364,57696,0.128363,57.32,2.19075
1639,0.461148,0.458991,0.0178848,0.0106503,0.663026,0.404051,0.834653,0.500501,0.0251955,0.0448609,0.0169024,0.194523,0.0107609,0,0.241161,0.126788,4.39733,0.0685944,0.300118,0.0843836,0.848084,6.78417,0.95613,0.942053,0.0534073,0.268134,0.498507,0.214227,0.588495,0.588495,0,0,-0.00455671,0.0332225,0.94435,0.803213,0.012998,0.0232621,0.00397645,0.00300347,0.561971,0.0120828,-7.3602,-8.51075,14.2591,0.570404,1.00883,-16.4181,-0.909091,-0.170012,2.06597,0.791667,11.5833,0,0,34.4167,31.6667,0,-10.8661,0.0001,-0.000105476,0.109939,1.59528,0.125837,57116,0.128407,55.61,2.05744
1640,0.458583,0.459691,0.0177981,0.0106424,0.658895,0.402788,0.834121,0.502609,0.0252577,0.0448911,0.016947,0.19337,0.0107766,0,0.240752,0.127048,4.40052,0.0686203,0.299885,0.0839953,0.847708,6.77388,0.955877,0.942334,0.0532767,0.27101,0.498256,0.212736,0.584143,0.584143,0,0,-0.004571,0.0331456,0.944297,0.802516,0.0130466,0.0233245,0.0039965,0.0030508,0.562513,0.0120978,-7.40771,-8.53079,14.2441,0.570998,1.01103,-16.4333,-0.909091,-0.169881,2.06953,0.791667,12.5417,0,0,34.7083,30.625,0,-10.8639,0.0001,-0.000353573,0.109358,1.58404,0.12137,57642,0.12844,57.62,2.30292
1641,0.462046,0.457029,0.0179577,0.0106656,0.662877,0.403589,0.834157,0.495429,0.0252591,0.0456222,0.0169174,0.194461,0.0108863,0,0.240159,0.125104,4.42947,0.0690262,0.299334,0.0850092,0.848211,6.77051,0.955243,0.941817,0.0539337,0.270026,0.496767,0.213906,0.576638,0.576638,0,0,-0.00457657,0.0333215,0.943514,0.802931,0.0130528,0.0234064,0.00401565,0.0030113,0.560508,0.012002,-7.29519,-8.68175,14.3537,0.569905,1.01859,-16.2504,-0.909091,-0.169467,2.05595,0.333333,12.9167,0,0,34.2917,30.875,0,-10.864,0.0001,-0.0010382,0.113262,1.61989,0.121927,56437,0.128466,56.89,2.37497
1642,0.459681,0.44964,0.0180188,0.0111258,0.662474,0.397613,0.834127,0.48872,0.0254412,0.0447722,0.0170427,0.196626,0.0108607,0,0.241784,0.12299,4.42554,0.0684016,0.301718,0.0848521,0.848791,6.77404,0.955312,0.941619,0.05433,0.278627,0.495235,0.216135,0.555517,0.555517,0,0,-0.00455383,0.0341593,0.944508,0.80053,0.0131434,0.0235465,0.00399924,0.00297907,0.561102,0.0121652,-7.34244,-8.38467,14.4584,0.563309,1.01998,-16.4189,-0.909091,-0.168979,2.02372,0.5,11.8333,0,0,34.8333,28.5417,0,-10.8638,0.0001,-0.000885836,0.110291,1.62376,0.122514,56293,0.128487,55.76,2.07572
1643,0.458217,0.453751,0.0179032,0.0110732,0.659539,0.400007,0.834516,0.494012,0.0255217,0.0443345,0.0171136,0.194376,0.0109439,0,0.240996,0.124504,4.42202,0.0682498,0.300075,0.0852539,0.849403,6.77152,0.955302,0.941994,0.0540674,0.27487,0.496272,0.214239,0.55289,0.55289,0,0,-0.00453006,0.0340406,0.944403,0.80024,0.0132028,0.0235989,0.00392901,0.00296233,0.560821,0.0122416,-7.39417,-8.3024,14.4764,0.563273,1.0172,-16.4671,-0.909091,-0.169004,2.04215,0.458333,12.25,0,0,35.8333,30.375,0,-10.864,0.0001,-0.00104272,0.107991,1.62021,0.126328,56285,0.128508,58.05,2.18384
1644,0.460549,0.455607,0.0177893,0.0107838,0.66117,0.399656,0.834363,0.497507,0.0253798,0.0440825,0.0170366,0.194483,0.0108262,0,0.242492,0.125556,4.38746,0.0685268,0.30044,0.0848814,0.847299,6.77983,0.956075,0.942363,0.0536363,0.275288,0.498651,0.214191,0.571396,0.571396,0,0,-0.00452297,0.034327,0.945413,0.802617,0.0131005,0.0233912,0.00398395,0.00302944,0.562372,0.0122225,-7.39094,-8.22662,14.2791,0.567064,1.00588,-16.5698,-0.909091,-0.170435,2.05185,0.583333,10.3333,0,0,34.375,28.9583,0,-10.8633,0.0001,-0.000944741,0.108182,1.59532,0.12628,57100,0.128542,57.24,2.05344
1645,0.460945,0.459293,0.0179101,0.0106977,0.662289,0.404954,0.834814,0.496717,0.0249808,0.0462109,0.0167266,0.194556,0.0108837,0,0.240761,0.124976,4.39732,0.0691852,0.300446,0.0840919,0.848983,6.78255,0.956379,0.941971,0.0532776,0.268008,0.496835,0.213794,0.564592,0.564592,0,0,-0.00460532,0.0337647,0.942921,0.804404,0.0129241,0.0231588,0.00400468,0.00301095,0.562035,0.0118254,-7.30289,-8.89316,14.2941,0.571527,1.01317,-16.1408,-0.909091,-0.169765,2.06763,0.375,14.5417,0,0,34.0833,31.1667,0,-10.8623,0.0001,-0.000219608,0.108474,1.57683,0.12299,57832,0.12856,55.99,2.03647
1646,0.459149,0.459254,0.0178659,0.0106219,0.660465,0.403582,0.834712,0.50074,0.0253103,0.0449863,0.0169744,0.19376,0.0108151,0,0.24013,0.12664,4.37079,0.0679227,0.299578,0.0845158,0.849885,6.78344,0.956742,0.942114,0.0528422,0.268902,0.497846,0.21294,0.578268,0.578268,0,0,-0.00458658,0.0325629,0.944088,0.80252,0.0130849,0.0233702,0.00390841,0.00298033,0.56214,0.012075,-7.38081,-8.52305,14.2881,0.569748,1.01297,-16.3919,-0.909091,-0.169681,2.06872,0.541667,12.625,0,0,34.375,30.0417,0,-10.8619,0.0001,-0.000958122,0.110879,1.58372,0.123397,57584,0.128571,57.26,2.03671
1647,0.458876,0.45361,0.0179279,0.0109989,0.660958,0.399919,0.833546,0.494573,0.0252994,0.044539,0.0169756,0.195133,0.0108936,0,0.241241,0.124788,4.40402,0.0678391,0.30032,0.0842756,0.85056,6.77737,0.95573,0.941914,0.0536045,0.278553,0.497053,0.214686,0.557996,0.557996,0,0,-0.00455014,0.0336214,0.944728,0.800911,0.0131069,0.0233666,0.00397765,0.00294835,0.56057,0.0121005,-7.33279,-8.38481,14.3747,0.565647,1.01438,-16.4301,-0.909091,-0.169185,2.04017,0.375,12.7083,0,0,36.0417,29.0417,0,-10.8621,0.0001,-0.000760071,0.111051,1.58264,0.124203,57594,0.128563,57.2,2.12147
1648,0.45507,0.449293,0.0178676,0.011061,0.656427,0.394567,0.8332,0.492983,0.0258663,0.043318,0.0173521,0.193226,0.0109498,0,0.239945,0.123931,4.41594,0.0679895,0.298757,0.0857306,0.849667,6.7658,0.955151,0.942109,0.0538931,0.280862,0.495952,0.212874,0.557547,0.557547,0,0,-0.00451032,0.0337665,0.944738,0.796943,0.0134269,0.0239121,0.00399373,0.00300758,0.560874,0.0125095,-7.4702,-8.01453,14.5786,0.55986,1.02032,-16.6274,-0.909091,-0.168657,2.02112,0.666667,11.2917,0,0,36.875,28.9167,0.0416667,-10.8638,0.0001,-0.000843691,0.110464,1.59024,0.123213,57371,0.128578,58.47,2.02855
1649,0.459936,0.453212,0.0178406,0.0109092,0.660631,0.397939,0.833414,0.493545,0.0255404,0.0436633,0.0171719,0.19481,0.0108617,0,0.242221,0.124099,4.41351,0.0684542,0.300603,0.0848759,0.849252,6.77506,0.954958,0.942196,0.0538565,0.280362,0.496488,0.214656,0.551223,0.551223,0,0,-0.0045053,0.0343521,0.945517,0.799993,0.0132449,0.0235157,0.00411464,0.00312068,0.56274,0.0123872,-7.40092,-8.02689,14.3818,0.564592,1.00821,-16.6607,-0.909091,-0.169923,2.03925,0.708333,10.125,0,0,37.4583,30.0417,0,-10.8644,0.0001,-0.000662867,0.108903,1.59671,0.126333,57052,0.128565,56.56,2.00349
1650,0.459595,0.457689,0.0178334,0.0107718,0.659861,0.402525,0.833283,0.49936,0.0258309,0.0425304,0.0173466,0.194617,0.0108486,0,0.242038,0.126174,4.42344,0.0680847,0.300769,0.0852908,0.850932,6.77376,0.95538,0.94222,0.0537782,0.282248,0.497259,0.214385,0.562717,0.562717,0,0,-0.00448489,0.0332372,0.945769,0.797009,0.0133988,0.0238052,0.00389114,0.00293196,0.56002,0.0125859,-7.5604,-7.86281,14.4478,0.561381,1.01151,-16.7758,-0.909091,-0.169746,2.05887,0.458333,10.2083,0,0,37.0417,28.7083,0,-10.8685,0.0001,-0.000156892,0.11041,1.6139,0.128928,56404,0.128529,56.2,2.06447
1651,0.459233,0.453116,0.0178544,0.01127,0.658651,0.398759,0.833826,0.494353,0.0256075,0.0439176,0.0171713,0.193178,0.0108487,0,0.239594,0.124589,4.43117,0.0692044,0.299469,0.0848686,0.849542,6.7777,0.956179,0.942152,0.0528873,0.270451,0.497743,0.212255,0.54554,0.54554,0,0,-0.00451515,0.0337696,0.944984,0.799553,0.0132475,0.0236573,0.00404167,0.00306576,0.562636,0.0122959,-7.38465,-8.20503,14.3881,0.56598,1.01607,-16.5636,-0.909091,-0.16929,2.03895,0.375,11.5,0,0,34.25,30.4583,0,-10.8721,0.0001,-0.000908727,0.105118,1.60665,0.1249,56772,0.128532,56.47,2.35917
1652,0.459434,0.458781,0.0178108,0.0105585,0.657719,0.403035,0.834175,0.502392,0.0253995,0.0432784,0.0170618,0.192392,0.0107286,0,0.239947,0.127349,4.37413,0.0680644,0.299478,0.0844472,0.852793,6.78238,0.956249,0.942293,0.0529836,0.273878,0.499605,0.212205,0.579739,0.579739,0,0,-0.00451984,0.0332244,0.945478,0.801322,0.0131234,0.0234008,0.00393053,0.00298526,0.562521,0.0122973,-7.48127,-8.16379,14.2841,0.565626,1.00814,-16.6302,-0.909091,-0.169414,2.0653,0.458333,11.2917,0,0,37.625,29.4583,0,-10.8718,0.0001,-7.78778e-05,0.106041,1.60802,0.124495,56740,0.128536,57.18,2.07698
1653,0.454311,0.454666,0.0179032,0.0110648,0.657882,0.4009,0.834272,0.499011,0.0253646,0.0441677,0.0170059,0.193713,0.0108218,0,0.239959,0.125865,4.39493,0.0681394,0.300427,0.0845699,0.850787,6.78291,0.956811,0.941994,0.0521796,0.268776,0.495392,0.213219,0.567769,0.567769,0,0,-0.00457005,0.0324058,0.944378,0.801484,0.0131084,0.0234231,0.00377865,0.00285282,0.560695,0.0121394,-7.46833,-8.40167,14.3559,0.566302,1.0096,-16.4331,-0.909091,-0.168655,2.04705,0.333333,12.4167,0,0,33.5833,30.0417,0,-10.8721,0.0001,0.00079951,0.104894,1.59165,0.132497,57016,0.128537,57.78,2.30918
1654,0.459715,0.453113,0.0179099,0.011037,0.659889,0.400096,0.83396,0.49685,0.0253112,0.0443488,0.0169742,0.194085,0.0108374,0,0.240629,0.125862,4.39713,0.0681421,0.300131,0.0846732,0.850734,6.78042,0.956047,0.941972,0.0525903,0.270591,0.499316,0.214105,0.569412,0.569412,0,0,-0.00455449,0.0330236,0.944656,0.801956,0.0130943,0.0233692,0.00396583,0.00297364,0.56139,0.012146,-7.36908,-8.38486,14.3637,0.566303,1.00921,-16.4157,-0.909091,-0.168922,2.03909,0.583333,11.7917,0,0,34.7917,29.8333,0,-10.8723,0.0001,9.7237e-05,0.107539,1.60579,0.124352,56818,0.128524,56.94,2.34853
1655,0.456678,0.454404,0.0178783,0.0110369,0.657359,0.400059,0.834461,0.498028,0.0254727,0.0441906,0.0170771,0.192731,0.0108421,0,0.239063,0.125825,4.38615,0.0677741,0.299208,0.0849665,0.850519,6.77254,0.955696,0.942074,0.0524821,0.269506,0.497575,0.211932,0.566041,0.566041,0,0,-0.00457328,0.0321787,0.94423,0.800851,0.0131749,0.0235569,0.00388595,0.00292744,0.560949,0.0121583,-7.39281,-8.39263,14.4256,0.565458,1.0215,-16.4373,-0.909091,-0.168802,2.0455,0.416667,12.7917,0,0,35.625,31.1667,0,-10.8735,0.0001,-6.31585e-05,0.107045,1.61888,0.126514,56322,0.12852,55.69,1.93142
1656,0.458759,0.456707,0.0178749,0.0106532,0.658258,0.401639,0.833117,0.499536,0.025082,0.0453367,0.016803,0.193907,0.0108552,0,0.240209,0.126235,4.39811,0.0689073,0.30004,0.0843136,0.849207,6.78219,0.957103,0.942085,0.0523315,0.266158,0.497147,0.212993,0.576124,0.576124,0,0,-0.00457306,0.0333498,0.943928,0.802942,0.0130084,0.023221,0.00407401,0.00306807,0.562312,0.0119825,-7.30085,-8.69714,14.2849,0.569934,1.01046,-16.2398,-0.909091,-0.169084,2.05196,0.375,12.7083,0,0,33.4167,30.0417,0,-10.875,0.0001,-0.00077937,0.107337,1.6184,0.127527,56304,0.128513,57.53,1.97518
1657,0.458823,0.452521,0.0178431,0.0110603,0.65858,0.397756,0.833877,0.492751,0.0252512,0.0443301,0.0169477,0.192828,0.0107913,0,0.240124,0.123793,4.36867,0.0677002,0.29942,0.0847226,0.84961,6.78094,0.956016,0.942188,0.0523334,0.269708,0.496848,0.21255,0.553638,0.553638,0,0,-0.00455824,0.0327299,0.944939,0.802669,0.0130447,0.0232722,0.00405213,0.00308584,0.562513,0.0121085,-7.41932,-8.3693,14.3107,0.565842,1.00713,-16.4634,-0.909091,-0.169365,2.03638,0.333333,11.75,0,0,36.375,30.875,0,-10.8771,0.0001,-0.000531794,0.107778,1.65193,0.127322,55250,0.12852,58.44,2.04976
1658,0.459435,0.451545,0.0179227,0.0114323,0.659141,0.398894,0.834128,0.491237,0.0255293,0.0440809,0.0171136,0.19459,0.0108279,0,0.240426,0.123319,4.37142,0.0685311,0.300133,0.084964,0.849549,6.77113,0.955724,0.94193,0.0522035,0.268055,0.495916,0.213791,0.534854,0.534854,0,0,-0.00452893,0.0334768,0.945194,0.800415,0.0131972,0.0235715,0.00411383,0.00312144,0.563063,0.0121996,-7.37492,-8.1819,14.4445,0.560644,1.01393,-16.5201,-0.909091,-0.168783,2.0317,0.583333,11.9167,0,0,34.125,30.7083,0.0416667,-10.8767,0.0001,-0.000406761,0.109079,1.64386,0.127475,55497,0.128538,57.59,2.11309
1659,0.459564,0.450469,0.0180105,0.0111142,0.661942,0.399598,0.833562,0.490688,0.0253555,0.0449526,0.0169793,0.196145,0.0108697,0,0.240885,0.123432,4.38487,0.0680991,0.300966,0.0848143,0.849175,6.77518,0.955726,0.941646,0.0528323,0.268895,0.496365,0.215301,0.543166,0.543166,0,0,-0.00456993,0.0335874,0.944448,0.800815,0.0131092,0.0234649,0.00411479,0.00309228,0.562415,0.0120468,-7.26763,-8.46926,14.4662,0.562234,1.02158,-16.3485,-0.909091,-0.168761,2.02493,0.5,12.4167,0,0,33.5833,31.2083,0,-10.8755,0.0001,-0.000670889,0.107079,1.57643,0.124298,57801,0.128537,56.63,2.31132
1660,0.459826,0.455282,0.0178709,0.01106,0.659893,0.401238,0.833796,0.496252,0.0252097,0.0443867,0.0168995,0.194099,0.0107331,0,0.24073,0.12498,4.36079,0.0678651,0.300017,0.0842737,0.849726,6.78714,0.956722,0.942098,0.0521291,0.262621,0.49808,0.213466,0.556174,0.556174,0,0,-0.0045531,0.0336432,0.944849,0.803175,0.0130011,0.0232755,0.00416526,0.00316886,0.563458,0.0120246,-7.31517,-8.40966,14.3395,0.56599,1.01331,-16.4284,-0.909091,-0.169392,2.04785,0.708333,12.5833,0,0,34.0833,31.8333,0,-10.8769,0.0001,-0.000850008,0.107249,1.59071,0.125122,57292,0.128548,56.87,2.13737
1661,0.458369,0.453506,0.0178972,0.0109873,0.658596,0.399658,0.83298,0.495784,0.0251904,0.0444189,0.0168874,0.193162,0.0108161,0,0.239742,0.124848,4.38417,0.0679864,0.298746,0.0845815,0.849079,6.78678,0.956635,0.942013,0.0520262,0.270111,0.496678,0.212927,0.559711,0.559711,0,0,-0.00455033,0.0344018,0.944878,0.802053,0.0130697,0.023259,0.00408101,0.00308222,0.562931,0.012121,-7.36613,-8.41348,14.3258,0.566254,1.00694,-16.3976,-0.909091,-0.16888,2.03732,0.708333,12.0417,0,0,34.4583,30.5,0,-10.8761,0.0001,-0.000716202,0.108154,1.59638,0.122078,57204,0.128571,56.13,1.85627
1662,0.46035,0.453885,0.0179497,0.0109348,0.660344,0.400648,0.833056,0.492521,0.0251963,0.0448526,0.0168727,0.194872,0.010878,0,0.240651,0.124107,4.37218,0.0680313,0.300364,0.0845511,0.847701,6.78422,0.956815,0.941843,0.0526485,0.26676,0.495953,0.214218,0.556333,0.556333,0,0,-0.00455579,0.0346331,0.944763,0.802564,0.013026,0.0233076,0.00418207,0.00316696,0.563887,0.0120001,-7.25481,-8.497,14.361,0.565092,1.0146,-16.3315,-0.909091,-0.169016,2.03979,0.375,12.6667,0,0,33.5833,31,0,-10.8749,0.0001,-0.000538824,0.104433,1.56237,0.126974,58190,0.128584,56.64,2.26325
1663,0.462304,0.457956,0.0178447,0.0106584,0.659518,0.402894,0.833265,0.49906,0.0250584,0.0448315,0.0167942,0.194039,0.0108053,0,0.241131,0.126315,4.35925,0.0687837,0.300264,0.0841575,0.848166,6.7872,0.956598,0.942183,0.0519573,0.262957,0.49928,0.213478,0.580276,0.580276,0,0,-0.00455762,0.035118,0.94459,0.804831,0.0129272,0.0231207,0.00423306,0.00322302,0.564571,0.0119323,-7.27865,-8.56939,14.2639,0.568691,1.00733,-16.3326,-0.909091,-0.169521,2.05846,0.5,12.625,0,0,33.4167,31.875,0,-10.8728,0.0001,-0.000425637,0.111201,1.60939,0.119918,56845,0.128628,56.26,2.00216
1664,0.458836,0.455321,0.0179132,0.0108783,0.658418,0.401741,0.832617,0.499401,0.0253315,0.0438996,0.0169774,0.193544,0.0107965,0,0.239913,0.126665,4.37664,0.0673883,0.299546,0.0847685,0.850261,6.78437,0.956411,0.941961,0.0527782,0.271735,0.498773,0.213352,0.580404,0.580404,0,0,-0.00455033,0.0336962,0.944879,0.802553,0.0130578,0.023391,0.00404847,0.0030828,0.563703,0.0120913,-7.39953,-8.28331,14.4207,0.562564,1.01311,-16.4624,-0.909091,-0.168585,2.04518,0.5,11.9167,0,0,35,30.3333,0,-10.8682,0.0001,-0.000826535,0.107254,1.64882,0.12493,55421,0.128626,57.08,2.27554
1665,0.456596,0.451817,0.0178457,0.0110291,0.656589,0.397229,0.832178,0.493608,0.025364,0.044647,0.0170037,0.193441,0.0108652,0,0.240415,0.124235,4.39051,0.0687052,0.29945,0.085058,0.848034,6.7846,0.956128,0.94218,0.0522654,0.266818,0.495627,0.212727,0.552581,0.552581,0,0,-0.00455212,0.0347598,0.944655,0.802177,0.0131211,0.0234178,0.00415836,0.00318925,0.563871,0.0121327,-7.34811,-8.37719,14.3436,0.566818,1.01106,-16.4495,-0.909091,-0.168922,2.02908,0.583333,11.9167,0,0,33.4583,31.375,0,-10.8681,0.0001,-0.00063011,0.110764,1.57914,0.125483,57669,0.128634,56.87,2.0579
1666,0.456413,0.451468,0.0179345,0.0112038,0.656729,0.398175,0.832113,0.494667,0.0252636,0.0448296,0.0169255,0.193423,0.0108899,0,0.239038,0.124872,4.39602,0.0689264,0.298839,0.0849928,0.848395,6.77959,0.956428,0.941892,0.0524317,0.271418,0.496354,0.212722,0.558556,0.558556,0,0,-0.00457393,0.0342847,0.944236,0.802299,0.0130869,0.0233715,0.00405781,0.00308871,0.563913,0.0120601,-7.3058,-8.50159,14.3983,0.566197,1.012,-16.3207,-0.909091,-0.168058,2.02685,0.375,11.9583,0,0,33.6667,30.5417,0,-10.8672,0.0001,-0.000365284,0.107045,1.57653,0.123247,57833,0.128644,57.74,2.21168
1667,0.459696,0.457286,0.0178051,0.0106417,0.656877,0.400908,0.832422,0.497149,0.0253842,0.0445922,0.0170195,0.194116,0.0108894,0,0.241572,0.12487,4.38925,0.0685398,0.300287,0.0849762,0.846732,6.78233,0.955874,0.942311,0.0520117,0.261567,0.495885,0.213268,0.569591,0.569591,0,0,-0.0045466,0.0350938,0.944419,0.802595,0.0131307,0.0234549,0.00420309,0.00322278,0.563184,0.0121232,-7.35517,-8.39157,14.3382,0.566781,1.01497,-16.4425,-0.909091,-0.169382,2.05349,0.833333,12.625,0,0,33.9583,32.3333,0,-10.8688,0.0001,-0.000924555,0.110487,1.59164,0.125313,57255,0.128596,57.13,1.9996
1668,0.461425,0.454259,0.0178491,0.0108109,0.660019,0.39951,0.832581,0.492324,0.0249675,0.0453176,0.0167423,0.195231,0.0108345,0,0.242446,0.123826,4.37786,0.068396,0.300908,0.0844272,0.846063,6.79256,0.956701,0.942169,0.0522489,0.264175,0.49716,0.214739,0.55776,0.55776,0,0,-0.00459603,0.0339136,0.944214,0.805794,0.0128911,0.0230406,0.00417751,0.00319895,0.56497,0.0118586,-7.28308,-8.67173,14.2315,0.571508,1.00519,-16.2687,-0.909091,-0.16971,2.03989,0.625,12.25,0,0,32.0417,32.125,0,-10.8724,0.0001,-0.000915957,0.109044,1.64789,0.124337,55469,0.12858,56.92,2.09149
1669,0.460714,0.455477,0.0178447,0.0108999,0.65749,0.399974,0.832796,0.495561,0.025231,0.0441023,0.0169435,0.194149,0.0107897,0,0.241117,0.124672,4.3893,0.0683908,0.299255,0.0844509,0.847546,6.78379,0.955285,0.942183,0.0522276,0.270895,0.496781,0.213651,0.55202,0.55202,0,0,-0.00455253,0.034189,0.945117,0.803558,0.013032,0.0232193,0.00414923,0.0031614,0.563077,0.0120805,-7.42144,-8.32844,14.2421,0.567788,1.00273,-16.5054,-0.909091,-0.169074,2.04646,0.583333,11.3333,0,0,34.7083,31.7917,0.0416667,-10.874,0.0001,-0.000798972,0.103498,1.62866,0.125607,56037,0.128581,57.08,2.14587
1670,0.459529,0.458985,0.017854,0.0107226,0.65741,0.402937,0.83298,0.50053,0.0254231,0.0439507,0.0170424,0.193848,0.0108088,0,0.240525,0.12615,4.39765,0.0681856,0.299352,0.0848315,0.847211,6.78151,0.956536,0.942153,0.0520744,0.26618,0.495363,0.212952,0.573369,0.573369,0,0,-0.0045598,0.0339748,0.945014,0.802088,0.0131187,0.0234736,0.00417277,0.00322695,0.565363,0.0121525,-7.37862,-8.29735,14.3341,0.565528,1.01181,-16.5046,-0.909091,-0.169172,2.06251,0.5,12.0417,0,0,32.9583,31.8333,0,-10.8727,0.0001,-0.00106909,0.109599,1.63383,0.129146,55760,0.128641,56.89,1.85347
1671,0.460804,0.45704,0.0178856,0.010592,0.657487,0.402357,0.832601,0.49837,0.0252423,0.0436027,0.0169328,0.193464,0.0107062,0,0.240318,0.126468,4.39337,0.0675797,0.299158,0.0842655,0.849921,6.78386,0.955977,0.942051,0.0523239,0.268293,0.498708,0.213344,0.579488,0.579488,0,0,-0.00456087,0.0330291,0.945099,0.803462,0.0129929,0.0232658,0.00395069,0.00300857,0.562331,0.0120536,-7.50053,-8.29725,14.3003,0.56494,1.00841,-16.516,-0.909091,-0.168626,2.05269,0.541667,11.7917,0,0,33.625,31.4583,0,-10.8675,0.0001,-0.000542212,0.111383,1.6198,0.12665,56288,0.128693,56.38,2.06076
1672,0.459791,0.455326,0.0177895,0.0106271,0.657043,0.399331,0.831816,0.495244,0.0251592,0.0435746,0.0168891,0.193439,0.0106792,0,0.241371,0.124657,4.3805,0.0678774,0.299647,0.0838837,0.84978,6.79636,0.956891,0.942362,0.0521926,0.267251,0.497855,0.213203,0.572489,0.572489,0,0,-0.00454183,0.0333311,0.946076,0.803844,0.0129845,0.0231243,0.00420869,0.00322819,0.565377,0.0121196,-7.43297,-8.22132,14.1819,0.567616,0.994581,-16.5799,-0.909091,-0.169446,2.04406,0.375,10.625,0,0,33.5417,31.5,0,-10.8668,0.0001,-0.000376159,0.111268,1.62044,0.123355,56373,0.128712,56.9,2.08669
1673,0.464902,0.455389,0.017847,0.0107381,0.663628,0.400573,0.832151,0.489213,0.0252961,0.0428858,0.0169977,0.19609,0.0106994,0,0.244135,0.1227,4.4074,0.0673676,0.3013,0.0841888,0.848519,6.79475,0.956854,0.942176,0.0527881,0.269697,0.497007,0.216329,0.530374,0.530374,0,0,-0.00452109,0.0327886,0.946432,0.801862,0.0130846,0.0232394,0.00412804,0.00313904,0.563641,0.0122531,-7.52232,-8.02286,14.2557,0.563786,0.997102,-16.6859,-0.909091,-0.170557,2.04431,0.5,10.0833,0,0,34.9167,32.1667,0,-10.864,0.0001,-0.000530717,0.11161,1.62503,0.121293,56292,0.128788,55.38,1.94833
1674,0.463232,0.456394,0.0179086,0.0106511,0.661488,0.402229,0.832421,0.493318,0.0251688,0.0441417,0.0168813,0.195733,0.0107262,0,0.242414,0.124531,4.41392,0.0680938,0.300575,0.084128,0.848406,6.78847,0.956424,0.941976,0.0528258,0.265298,0.497071,0.215352,0.556539,0.556539,0,0,-0.00457003,0.0329655,0.94512,0.803585,0.0129783,0.0232454,0.00414998,0.0031387,0.563611,0.0120006,-7.35209,-8.40687,14.2965,0.566079,1.00909,-16.4394,-0.909091,-0.169563,2.04906,0.416667,11.2083,0,0,32.75,31.375,0.0416667,-10.8607,0.0001,-5.00058e-05,0.111685,1.60445,0.125379,56828,0.128824,56.3,2.19362
1675,0.458164,0.452602,0.0178353,0.0110936,0.656434,0.397755,0.83217,0.491739,0.0255486,0.0434068,0.0171553,0.194421,0.0108536,0,0.241667,0.123208,4.4123,0.0679753,0.300133,0.0850267,0.848959,6.7795,0.956335,0.942214,0.0528049,0.270347,0.49536,0.213986,0.539767,0.539767,0,0,-0.00452864,0.033173,0.945479,0.800297,0.0132124,0.0235477,0.00411003,0.00316352,0.564416,0.0123277,-7.49192,-8.10087,14.3401,0.563636,1.01034,-16.63,-0.909091,-0.16894,2.0324,0.791667,11.5833,0,0,36.125,31.1667,0,-10.861,0.0001,-0.00052578,0.107797,1.59446,0.124707,57181,0.12886,56.58,2.01639
1676,0.460187,0.45994,0.0178558,0.0106822,0.657917,0.403426,0.832862,0.498394,0.0251477,0.043822,0.0168783,0.19456,0.0106678,0,0.241961,0.125557,4.39832,0.0677152,0.300471,0.0838086,0.850992,6.78998,0.956779,0.942147,0.0527822,0.267346,0.49617,0.214328,0.568586,0.568586,0,0,-0.00455344,0.0332906,0.944855,0.803007,0.0130022,0.0231888,0.00414672,0.0031458,0.564178,0.0120691,-7.49004,-8.31321,14.288,0.56624,1.00589,-16.4928,-0.909091,-0.169271,2.0668,0.5,11.25,0,0,34.6667,30.25,0,-10.8579,0.0001,0.000175278,0.113939,1.59225,0.123715,57287,0.128905,56.7,2.29047
1677,0.460306,0.452258,0.0178293,0.0106426,0.657846,0.397522,0.832745,0.491885,0.0256902,0.0421023,0.0172708,0.194722,0.0107274,0,0.242513,0.123859,4.38378,0.0670975,0.299965,0.0850124,0.849524,6.78367,0.955462,0.942233,0.0528449,0.276572,0.497163,0.214815,0.556352,0.556352,0,0,-0.00449725,0.0332707,0.947326,0.80036,0.0132152,0.0235469,0.0041767,0.0032095,0.563674,0.0124476,-7.55629,-7.71815,14.2918,0.560809,1.00182,-16.9095,-0.909091,-0.169263,2.03252,0.375,9.08333,0,0,36.6667,30.5833,0,-10.8548,0.0001,-0.000791418,0.110733,1.60603,0.123691,56832,0.128911,57.41,2.06151
1678,0.46156,0.456841,0.0178054,0.0105349,0.659182,0.400869,0.83237,0.495461,0.0255331,0.0427364,0.017148,0.194178,0.0106906,0,0.242049,0.124943,4.40802,0.0670451,0.300275,0.0846521,0.847946,6.79098,0.956361,0.94231,0.052705,0.266953,0.49817,0.213978,0.569234,0.569234,0,0,-0.00449935,0.0329054,0.94675,0.801036,0.0131741,0.0234855,0.00418834,0.0032355,0.565011,0.0123638,-7.49572,-7.87582,14.2881,0.562808,1.00293,-16.7832,-0.909091,-0.169789,2.05173,0.5,9.91667,0,0,34,31.7917,0.0416667,-10.8572,0.0001,-0.000477683,0.109816,1.6454,0.12482,55532,0.128896,58.18,2.20357
1679,0.462879,0.462823,0.0177656,0.010492,0.660097,0.404788,0.832303,0.499106,0.0251194,0.0444863,0.0168661,0.194494,0.0107312,0,0.242983,0.125567,4.383,0.0689067,0.300846,0.0844176,0.846541,6.78958,0.956644,0.942439,0.0522185,0.263154,0.49706,0.214036,0.568002,0.568002,0,0,-0.00456266,0.0335876,0.94489,0.804956,0.0129648,0.0231083,0.00421607,0.00326115,0.566159,0.0120458,-7.47695,-8.40823,14.1831,0.570679,0.995213,-16.4643,-0.909091,-0.170617,2.07768,0.541667,10.875,0,0,33.1667,32.375,0,-10.8594,0.0001,-0.000590145,0.115195,1.6161,0.130178,56293,0.128884,56.13,2.01227
1680,0.456915,0.452668,0.0178626,0.0109154,0.656418,0.397735,0.831212,0.492017,0.0256271,0.0438308,0.0171997,0.194097,0.0109063,0,0.241017,0.123497,4.40761,0.0685176,0.299558,0.0855267,0.848044,6.77728,0.955854,0.942125,0.0530866,0.270901,0.493273,0.213538,0.554443,0.554443,0,0,-0.00453714,0.0333305,0.944913,0.799536,0.0132945,0.0236482,0.00415021,0.00320908,0.565206,0.0123558,-7.48147,-8.13485,14.3976,0.563658,1.0129,-16.5804,-0.909091,-0.168891,2.03024,0.291667,11.375,0,0,35.2917,31.0417,0,-10.8623,0.0001,-0.000648481,0.109456,1.61842,0.118489,56597,0.128863,57.32,2.2176
1681,0.459272,0.451747,0.0179187,0.0111216,0.659703,0.397,0.833222,0.488282,0.0248646,0.0461333,0.0166526,0.194648,0.0108251,0,0.241113,0.12212,4.41132,0.0696232,0.300069,0.0843113,0.845491,6.78455,0.956278,0.941943,0.0523314,0.262398,0.493505,0.213736,0.535333,0.535333,0,0,-0.00461998,0.033617,0.943395,0.805161,0.012894,0.023002,0.00431861,0.00331895,0.56698,0.0117753,-7.27736,-8.88651,14.2224,0.572797,1.01079,-16.1287,-0.909091,-0.169453,2.03044,0.625,13.2083,0,0,32.5,31.625,0,-10.8647,0.0001,-0.00107854,0.111413,1.57431,0.128924,57716,0.128823,56.95,2.17925
1682,0.459546,0.453771,0.0179241,0.0110072,0.658088,0.40015,0.832225,0.492997,0.0254801,0.0440584,0.0170831,0.193839,0.0108067,0,0.240093,0.124057,4.40515,0.0678425,0.298884,0.0852637,0.850305,6.77968,0.955528,0.941926,0.0530683,0.269179,0.495505,0.213296,0.55215,0.55215,0,0,-0.00456733,0.0325849,0.945429,0.800978,0.0131517,0.0234906,0.00414271,0.00317569,0.563338,0.0121932,-7.43359,-8.19538,14.3826,0.562371,1.01145,-16.5401,-0.909091,-0.168703,2.03627,0.541667,10.9583,0,0,34.9583,31.375,0,-10.8671,0.0001,-0.000486553,0.108525,1.66491,0.125481,54906,0.128831,57.1,2.06015
1683,0.459919,0.450402,0.0179795,0.0111047,0.659451,0.398783,0.833024,0.490316,0.0254307,0.0440338,0.0170538,0.195945,0.0108493,0,0.241613,0.123112,4.40047,0.0678883,0.300621,0.0851967,0.849671,6.78081,0.956053,0.941746,0.0536919,0.275724,0.496169,0.215509,0.547146,0.547146,0,0,-0.00457233,0.0323202,0.945012,0.79965,0.0131552,0.0234905,0.00422323,0.00319695,0.563589,0.0121368,-7.43676,-8.28381,14.444,0.560509,1.0175,-16.4515,-0.909091,-0.168339,2.02336,0.416667,11.5417,0,0,36.25,28.6667,0,-10.8676,0.0001,-0.00066694,0.112402,1.66282,0.12512,54981,0.128822,57.08,2.03188
1684,0.458698,0.455332,0.0177775,0.0107609,0.65668,0.39864,0.832612,0.498375,0.0251556,0.0443527,0.0168914,0.192507,0.0107481,0,0.240522,0.125804,4.3696,0.0676082,0.298529,0.0842885,0.850263,6.79116,0.956232,0.942401,0.0522697,0.265326,0.498819,0.212077,0.569472,0.569472,0,0,-0.00457488,0.0327199,0.945365,0.805599,0.0129123,0.023129,0.00416564,0.00322282,0.565069,0.0119589,-7.4123,-8.36049,14.1773,0.569008,1.00336,-16.5297,-0.909091,-0.169453,2.0461,0.416667,10.625,0,0,34.75,31.9583,0,-10.8675,0.0001,-0.000946269,0.109288,1.61686,0.122349,56522,0.128834,56.67,1.96059
1685,0.46068,0.454469,0.0179105,0.0108012,0.661469,0.400184,0.832539,0.491818,0.0251887,0.0447662,0.0168747,0.19513,0.0107809,0,0.241772,0.123578,4.40659,0.0683944,0.300371,0.0846145,0.84926,6.78417,0.956575,0.94197,0.0528455,0.268583,0.495727,0.214501,0.554567,0.554567,0,0,-0.00457301,0.0333528,0.94456,0.80311,0.0130137,0.0232695,0.00412786,0.00313905,0.563365,0.0119825,-7.38213,-8.49644,14.3213,0.566069,1.01149,-16.3568,-0.909091,-0.169709,2.0409,0.375,12.375,0,0,35.4167,30.1667,0,-10.8655,0.0001,-0.000932449,0.108037,1.62869,0.130373,55884,0.128855,57.31,2.03911
1686,0.457532,0.452044,0.0178917,0.0110735,0.65763,0.39845,0.832104,0.490217,0.0253259,0.0446153,0.0169685,0.193886,0.0108906,0,0.240067,0.1227,4.38665,0.0687889,0.29932,0.0852266,0.848534,6.7841,0.956854,0.942031,0.0520952,0.265042,0.495001,0.213034,0.542771,0.542771,0,0,-0.00458005,0.0330058,0.944305,0.801981,0.0131127,0.0234199,0.00428705,0.00329116,0.566038,0.0120727,-7.32347,-8.48633,14.4219,0.563986,1.01464,-16.3357,-0.909091,-0.168709,2.0288,0.541667,11.5833,0,0,31.4167,30.3333,0.0416667,-10.8641,0.0001,-0.000725283,0.110225,1.61952,0.128557,56235,0.128871,57.13,2.14841
1687,0.461799,0.460684,0.0178768,0.0107116,0.65998,0.404513,0.832531,0.499231,0.0252568,0.0448203,0.0169318,0.193857,0.0108693,0,0.240583,0.12603,4.38125,0.0683534,0.299553,0.0848351,0.850354,6.78293,0.956057,0.942079,0.0528653,0.265003,0.498422,0.213263,0.558823,0.558823,0,0,-0.00460857,0.0325315,0.94419,0.802289,0.0130666,0.0233073,0.0040016,0.00307924,0.563465,0.0120041,-7.43752,-8.53558,14.3018,0.568199,1.01247,-16.3737,-0.909091,-0.16958,2.06724,0.666667,13,0,0,35.25,32.25,0,-10.8632,0.0001,-0.000874987,0.107293,1.61541,0.126743,56426,0.128855,58.16,2.15942
1688,0.460092,0.45821,0.0178103,0.0106739,0.658581,0.401075,0.831486,0.498849,0.0255493,0.0440183,0.01714,0.194566,0.0109085,0,0.242315,0.125853,4.36694,0.0680104,0.300934,0.0853774,0.849106,6.78307,0.956309,0.942295,0.0527316,0.266529,0.496439,0.213897,0.572203,0.572203,0,0,-0.00455672,0.0329776,0.944834,0.800714,0.0132265,0.0235304,0.00405087,0.00314617,0.565279,0.0122416,-7.49621,-8.23116,14.3777,0.564577,1.01054,-16.5388,-0.909091,-0.169895,2.05586,0.666667,11.5417,0,0,34.25,30.125,0,-10.8651,0.0001,9.118e-05,0.107948,1.61356,0.131626,56328,0.128827,55.78,1.99293
1689,0.459376,0.453269,0.0179536,0.0109975,0.658244,0.400412,0.831457,0.494236,0.0257207,0.0431722,0.0172468,0.194982,0.0108828,0,0.240815,0.124545,4.40588,0.0675797,0.299898,0.085729,0.85032,6.77735,0.955087,0.94183,0.0535068,0.273266,0.496022,0.21447,0.563416,0.563416,0,0,-0.00451735,0.0329604,0.945859,0.798355,0.0133094,0.0237075,0.00412367,0.00313032,0.562299,0.0123705,-7.48665,-7.95614,14.458,0.558775,1.01917,-16.6775,-0.909091,-0.168398,2.03275,0.666667,11.3333,0,0,35.75,30.1667,0,-10.8641,0.0001,-0.000775205,0.109745,1.62123,0.128679,56176,0.128871,56.3,2.03024
1690,0.45918,0.456212,0.0178724,0.010914,0.65794,0.401658,0.832045,0.49816,0.0253205,0.0447438,0.0169779,0.193527,0.0109054,0,0.240091,0.125695,4.38935,0.0682504,0.298909,0.0851585,0.850573,6.7807,0.956635,0.942093,0.0525125,0.26505,0.498204,0.212912,0.564373,0.564373,0,0,-0.00459419,0.032309,0.944163,0.801553,0.013123,0.0233897,0.00401809,0.00307463,0.563903,0.0120755,-7.44074,-8.42116,14.4103,0.565411,1.01198,-16.3719,-0.909091,-0.168962,2.04785,0.541667,12.5417,0,0,34.125,30.8333,0,-10.8609,0.0001,-0.00075862,0.111281,1.59775,0.1235,57112,0.128898,57.44,2.0602
1691,0.458667,0.450889,0.0179748,0.0112418,0.658743,0.397725,0.831124,0.489642,0.0251212,0.0459024,0.0168096,0.19428,0.0109375,0,0.239456,0.122792,4.40772,0.0689314,0.298845,0.0849981,0.849006,6.77686,0.956749,0.941761,0.0529166,0.268341,0.494097,0.213054,0.547571,0.547571,0,0,-0.00462933,0.0332428,0.943143,0.802837,0.0130219,0.0233015,0.00404816,0.00303684,0.562696,0.0118225,-7.27705,-8.80897,14.403,0.56843,1.02327,-16.1218,-0.909091,-0.168549,2.02207,0.75,13.125,0,0,33.2917,30,0,-10.86,0.0001,-0.000429668,0.111798,1.62002,0.126658,56280,0.128916,56.78,2.0576
1692,0.460054,0.450584,0.0178895,0.0110487,0.658455,0.395912,0.831139,0.487155,0.0255158,0.044653,0.0170912,0.195049,0.010958,0,0.241509,0.122425,4.40689,0.0679544,0.300064,0.0853851,0.847435,6.77246,0.955478,0.942038,0.0530164,0.269184,0.495223,0.214155,0.538631,0.538631,0,0,-0.00458359,0.0334651,0.944426,0.800611,0.0132041,0.0235771,0.00398517,0.00304164,0.562045,0.0121006,-7.38589,-8.32734,14.4525,0.563423,1.02115,-16.4413,-0.909091,-0.169193,2.02154,0.666667,12.125,0,0,34.375,30.9167,0,-10.859,0.0001,-0.000711353,0.113755,1.59843,0.121187,57166,0.128932,57.5,2.03194
1693,0.463844,0.45656,0.0177655,0.0107636,0.658503,0.399664,0.831382,0.497093,0.0250269,0.0443284,0.0168122,0.194046,0.0107629,0,0.242651,0.126111,4.38757,0.0677007,0.299489,0.0841528,0.849411,6.78772,0.955681,0.94244,0.0529743,0.267895,0.501306,0.213903,0.565996,0.565996,0,0,-0.00457228,0.033546,0.945174,0.804573,0.0129342,0.0229934,0.00398328,0.00302953,0.562054,0.0119568,-7.47886,-8.40503,14.1258,0.571488,1.00048,-16.5072,-0.909091,-0.170087,2.0484,0.666667,10.6667,0,0,34.0417,31.375,0,-10.8603,0.0001,-0.000642023,0.111988,1.58708,0.127077,57348,0.128926,56.96,2.30558
1694,0.460956,0.454883,0.0178582,0.0108221,0.659797,0.399868,0.831998,0.494011,0.0253347,0.0439986,0.0170002,0.19516,0.0108564,0,0.242194,0.124002,4.4256,0.0683298,0.299891,0.0847198,0.849118,6.78611,0.956547,0.94214,0.0529072,0.266273,0.497376,0.214545,0.545322,0.545322,0,0,-0.00455548,0.0328965,0.945066,0.801054,0.0131325,0.023358,0.0040773,0.00307196,0.562631,0.0121107,-7.44029,-8.26654,14.3678,0.563812,1.01109,-16.5054,-0.909091,-0.169579,2.04203,0.625,11.5,0,0,34.375,31.75,0,-10.8621,0.0001,-0.000773544,0.105146,1.61764,0.125205,56404,0.128924,56.78,2.04857
1695,0.462349,0.463615,0.0178182,0.0105282,0.657395,0.407032,0.832203,0.50504,0.0256599,0.0435342,0.0172127,0.194696,0.0109258,0,0.24178,0.128127,4.38764,0.0679935,0.299569,0.0857373,0.848742,6.77548,0.955131,0.942269,0.05302,0.268277,0.500309,0.213774,0.581285,0.581285,0,0,-0.00453673,0.0336976,0.945272,0.799445,0.0133169,0.023672,0.00415253,0.00315355,0.562758,0.0123079,-7.35905,-8.14832,14.4376,0.562434,1.01817,-16.564,-0.909091,-0.169389,2.08091,0.375,11.3333,0,0,33.5,30.6667,0,-10.8614,0.0001,-0.000163524,0.109596,1.60504,0.121516,56936,0.128947,56.71,2.08979
1696,0.462388,0.458007,0.017761,0.0105316,0.656908,0.401635,0.832535,0.499999,0.0249867,0.044417,0.0167871,0.19447,0.0107836,0,0.242904,0.126269,4.39945,0.0684136,0.300082,0.0839656,0.851515,6.78672,0.95631,0.942454,0.0526398,0.264723,0.500124,0.214182,0.576142,0.576142,0,0,-0.00456425,0.0341462,0.944817,0.804644,0.0129459,0.0230125,0.00414305,0.00312284,0.562934,0.0119471,-7.42617,-8.4303,14.1995,0.569332,0.9999,-16.4275,-0.909091,-0.169609,2.05768,0.416667,11.6667,0,0,35.9583,30.7917,0.0416667,-10.8609,0.0001,-0.000261979,0.113701,1.5674,0.1247,58096,0.128971,57.12,2.16344
1697,0.460631,0.45305,0.0178345,0.0108115,0.658082,0.397556,0.831296,0.492614,0.0257177,0.0434831,0.0172586,0.195569,0.0108715,0,0.243025,0.124389,4.4054,0.0678784,0.300753,0.0855143,0.84935,6.77936,0.955301,0.942216,0.0536971,0.273137,0.497655,0.215026,0.553806,0.553806,0,0,-0.00452531,0.0336771,0.945941,0.798984,0.0132956,0.0236623,0.00387781,0.00295117,0.561148,0.0123186,-7.48149,-7.98107,14.4154,0.560905,1.01545,-16.6952,-0.909091,-0.169442,2.03198,0.375,10.625,0,0,35.25,29.9583,0,-10.8604,0.0001,0.00115358,0.108829,1.61132,0.123794,56655,0.128975,55.44,1.95389
1698,0.461299,0.459765,0.0178149,0.0105937,0.659339,0.403212,0.83302,0.499027,0.0256521,0.042638,0.0172328,0.194877,0.0108837,0,0.24289,0.125999,4.40116,0.0673924,0.300959,0.0851235,0.850261,6.77755,0.955243,0.94228,0.0535768,0.271934,0.498141,0.214711,0.565643,0.565643,0,0,-0.00452579,0.0331955,0.946094,0.79896,0.0132893,0.0236004,0.00379772,0.00289914,0.559711,0.0123666,-7.56775,-7.90566,14.3995,0.560276,1.01042,-16.7248,-0.909091,-0.169818,2.0659,0.625,10.4583,0,0,36.7083,29.875,0,-10.8612,0.0001,-0.000829319,0.108902,1.62315,0.128319,56126,0.128985,56.89,2.1723
1699,0.460056,0.453249,0.0178558,0.010893,0.659147,0.398576,0.832445,0.493896,0.0258266,0.042283,0.0173236,0.195465,0.0108962,0,0.242645,0.12411,4.41039,0.0674506,0.300971,0.0855588,0.849579,6.77572,0.95525,0.942147,0.053358,0.277806,0.497004,0.215305,0.553051,0.553051,0,0,-0.00450688,0.0331769,0.946048,0.797094,0.0134013,0.0237931,0.00389721,0.00293354,0.560046,0.0124858,-7.58139,-7.80924,14.5269,0.556868,1.01288,-16.7646,-0.909091,-0.169342,2.03697,0.666667,10.4583,0,0,36.3333,29.9583,0,-10.8602,0.0001,-0.000490461,0.108503,1.62131,0.123463,56342,0.12902,57.37,2.30409
1700,0.460194,0.460646,0.0178186,0.0105472,0.656252,0.404697,0.833056,0.503785,0.0258892,0.0424189,0.0173714,0.193907,0.0109128,0,0.241031,0.12771,4.41835,0.0679668,0.299697,0.0856663,0.853969,6.77468,0.955817,0.942268,0.0537703,0.276005,0.500212,0.213381,0.578902,0.578902,0,0,-0.00453366,0.0326645,0.945542,0.796848,0.0134135,0.0238826,0.00378461,0.00285995,0.560077,0.0124723,-7.58007,-7.93138,14.4972,0.559139,1.01703,-16.7148,-0.909091,-0.168874,2.07026,0.541667,11.0417,0,0,36,28.9583,0,-10.8601,0.0001,-0.00037868,0.105906,1.62696,0.126385,56066,0.129018,57.35,2.13666
1701,0.457756,0.457032,0.0177846,0.0105682,0.655456,0.399834,0.831862,0.500431,0.0259901,0.041701,0.0174734,0.193493,0.0109051,0,0.241729,0.126651,4.42702,0.0672868,0.299352,0.0859246,0.851699,6.77379,0.955204,0.942378,0.0536792,0.283609,0.498744,0.213418,0.576459,0.576459,0,0,-0.00447195,0.0329103,0.946617,0.795685,0.0134907,0.0238819,0.00383939,0.00290059,0.55937,0.0126653,-7.70516,-7.60609,14.4528,0.558413,1.00694,-16.9403,-0.909091,-0.169187,2.05255,0.416667,9.58333,0,0,38.4583,29.75,0,-10.8623,0.0001,-0.000514639,0.109188,1.59973,0.125038,56995,0.12901,57.26,2.1049
1702,0.459145,0.454594,0.01778,0.0109,0.655806,0.398131,0.831404,0.498119,0.0260724,0.0417646,0.0175244,0.193899,0.0109454,0,0.242021,0.125665,4.4566,0.0678756,0.299807,0.0857759,0.850651,6.76998,0.955111,0.942393,0.0541797,0.283079,0.498431,0.213788,0.552754,0.552754,0,0,-0.00445127,0.0337073,0.946276,0.79478,0.0135548,0.0240176,0.00399589,0.00302438,0.561472,0.0127167,-7.65492,-7.54671,14.5663,0.556336,1.015,-16.9166,-0.909091,-0.169198,2.04,0.791667,9.79167,0,0,38.5833,28.5833,0.0416667,-10.8649,0.0001,-0.000662776,0.110128,1.60831,0.124003,56747,0.128988,56.22,2.08823
1703,0.462623,0.458201,0.0178205,0.0103346,0.660911,0.403183,0.832266,0.50044,0.0256893,0.0420542,0.0172511,0.194155,0.0108139,0,0.242097,0.127308,4.43515,0.0680645,0.299706,0.085079,0.851694,6.78468,0.955984,0.942262,0.0537419,0.275453,0.501292,0.214111,0.587972,0.587972,0,0,-0.00450623,0.0322451,0.946417,0.798878,0.0132823,0.0236375,0.00385895,0.00289451,0.560371,0.0124177,-7.60921,-7.84434,14.3833,0.559948,1.0057,-16.7908,-0.909091,-0.170039,2.05712,0.708333,10.4167,0,0,36.75,29.4167,0,-10.8676,0.0001,-0.000576209,0.112387,1.56635,0.127898,58022,0.129018,56.37,1.98506
1704,0.458969,0.454087,0.0178046,0.0109337,0.656941,0.398129,0.832313,0.500024,0.0257496,0.0421984,0.0173033,0.193671,0.0108232,0,0.241587,0.126959,4.43708,0.0676356,0.299812,0.0852278,0.85299,6.7787,0.955242,0.942313,0.0537594,0.280953,0.499418,0.213743,0.566634,0.566634,0,0,-0.00451329,0.031903,0.946034,0.797385,0.0133539,0.0236931,0.0038581,0.00291104,0.559677,0.0124807,-7.71968,-7.79852,14.4166,0.560322,1.00852,-16.8122,-0.909091,-0.169211,2.04084,0.333333,9.70833,0,0,38.4167,29.5833,0,-10.866,0.0001,-0.00103766,0.109281,1.5837,0.120627,57679,0.129069,56.46,1.972
1705,0.460104,0.454106,0.0178426,0.0107299,0.658456,0.399129,0.831851,0.496805,0.0256048,0.0423211,0.0171869,0.194218,0.0108626,0,0.241667,0.125841,4.44779,0.0688197,0.299793,0.0848497,0.852588,6.77701,0.95532,0.94219,0.0536784,0.278363,0.499482,0.213958,0.562702,0.562702,0,0,-0.00450586,0.0326705,0.945719,0.797165,0.013323,0.0236154,0.00388706,0.00288462,0.559135,0.0124153,-7.59796,-8.0132,14.42,0.561024,1.01136,-16.6543,-0.909091,-0.169422,2.03924,0.5,10.75,0,0,36.2917,27.7917,0,-10.8635,0.0001,0.000360508,0.105841,1.57825,0.122132,57812,0.129111,57.15,2.17156
1706,0.46197,0.458572,0.0177926,0.0105927,0.65866,0.402684,0.832018,0.503334,0.0256926,0.0413644,0.0172868,0.193811,0.0107719,0,0.242283,0.128169,4.41885,0.0674976,0.300122,0.0849223,0.854124,6.78433,0.955655,0.942352,0.0538195,0.281492,0.502149,0.214294,0.585803,0.585803,0,0,-0.00448489,0.0318489,0.946766,0.798085,0.0132852,0.0235651,0.00376461,0.00281489,0.558978,0.0125193,-7.73322,-7.70397,14.3795,0.558288,0.999548,-16.8992,-0.909091,-0.169614,2.05936,0.458333,10.125,0,0,39.125,29.7917,0,-10.8609,0.0001,-0.000297212,0.105424,1.58408,0.120285,57677,0.129132,57.4,2.17885
1707,0.459595,0.454017,0.0177894,0.0109467,0.657328,0.397907,0.832064,0.496235,0.0256953,0.042545,0.017257,0.193253,0.0108208,0,0.241348,0.125201,4.42918,0.0678316,0.299654,0.0852968,0.851558,6.7755,0.955535,0.942362,0.0535551,0.27424,0.499266,0.213145,0.550144,0.550144,0,0,-0.00452046,0.0319832,0.945795,0.798512,0.0132956,0.0236588,0.00384009,0.00290603,0.560845,0.0124093,-7.66779,-7.93607,14.3871,0.561515,1.00995,-16.7445,-0.909091,-0.169524,2.03896,0.541667,10.3333,0,0,37.2083,28.8333,0,-10.8594,0.0001,-0.000286904,0.110618,1.56362,0.119653,58400,0.129142,58.53,2.14979
1708,0.460176,0.455694,0.017936,0.0109784,0.659805,0.402278,0.832872,0.498546,0.0252372,0.0443885,0.0169136,0.194647,0.0109148,0,0.240676,0.126372,4.41547,0.0684331,0.299833,0.0846074,0.850842,6.78249,0.956558,0.941887,0.0533586,0.27154,0.499021,0.213984,0.562583,0.562583,0,0,-0.00457599,0.0324346,0.944455,0.800976,0.0130887,0.023322,0.00400259,0.00299354,0.561715,0.0119948,-7.43704,-8.5122,14.335,0.566279,1.01551,-16.3705,-0.909091,-0.168914,2.04709,0.5,12.625,0,0,34.2083,29.75,0,-10.8593,0.0001,-0.000938137,0.108439,1.58538,0.122378,57563,0.129151,57.92,2.47852
1709,0.459722,0.455063,0.0177995,0.0106991,0.658576,0.398756,0.832599,0.497821,0.0250799,0.0444988,0.0168285,0.194266,0.0108617,0,0.242236,0.125431,4.41542,0.0691972,0.300979,0.0840691,0.850968,6.77998,0.956567,0.94233,0.0532004,0.272347,0.497287,0.21396,0.565137,0.565137,0,0,-0.00457389,0.0330106,0.944084,0.802726,0.0130294,0.0231495,0.00394208,0.00298857,0.562228,0.0119757,-7.55131,-8.51162,14.2765,0.569152,1.00575,-16.3608,-0.909091,-0.169879,2.04529,0.583333,11.9583,0,0,36.125,28.9167,0,-10.8605,0.0001,-0.000703179,0.111289,1.61187,0.125531,56580,0.129178,57.8,2.22915
1710,0.458919,0.453065,0.0179782,0.0110879,0.659964,0.400508,0.833383,0.492486,0.0251449,0.045168,0.0168382,0.195266,0.0109235,0,0.240584,0.124153,4.42075,0.0690437,0.300307,0.0845698,0.850125,6.77857,0.956236,0.94175,0.0532149,0.267001,0.496176,0.214358,0.545997,0.545997,0,0,-0.00463024,0.0311862,0.943256,0.801414,0.0130739,0.0233096,0.00392919,0.0029407,0.561418,0.0118888,-7.36511,-8.72554,14.4475,0.566033,1.02001,-16.1469,-0.909091,-0.168671,2.03597,0.416667,13.7917,0,0,33.6667,30.4167,0,-10.8579,0.0001,-0.000521582,0.111807,1.61545,0.121693,56589,0.129227,56.64,1.94085
1711,0.458947,0.453046,0.0178883,0.0111368,0.657122,0.398369,0.833434,0.496863,0.0250036,0.045366,0.0167661,0.194013,0.0109017,0,0.240438,0.125667,4.39752,0.0688018,0.299647,0.084369,0.850656,6.78183,0.956191,0.942042,0.0534837,0.268432,0.498547,0.213198,0.558279,0.558279,0,0,-0.00461666,0.03306,0.943897,0.803438,0.0129708,0.0230992,0.00405991,0.00306261,0.56235,0.0118177,-7.33235,-8.71541,14.258,0.569906,1.01225,-16.2346,-0.909091,-0.168724,2.03716,0.75,12.9167,0,0,33.4583,31.2917,0,-10.855,0.0001,-0.00092584,0.111248,1.62546,0.125514,56142,0.129258,58.32,2.19492
1712,0.460846,0.458327,0.0178153,0.0106583,0.656509,0.401696,0.833561,0.499599,0.0248532,0.0451196,0.016664,0.19335,0.0107588,0,0.24093,0.126429,4.39804,0.0687822,0.299411,0.0837119,0.848645,6.78918,0.956433,0.942279,0.0529629,0.265549,0.49865,0.212701,0.57579,0.57579,0,0,-0.00461348,0.0335073,0.944177,0.805361,0.0128491,0.0229199,0.00408245,0.0031101,0.56354,0.0117739,-7.46582,-8.73192,14.1285,0.573529,1.00175,-16.2909,-0.909091,-0.16938,2.06068,0.666667,12.2083,0,0,31.6667,31.75,0,-10.8549,0.0001,-0.000175266,0.110228,1.60725,0.12506,56747,0.129282,57,2.37199
1713,0.461234,0.454578,0.0178412,0.0109996,0.658285,0.398349,0.833306,0.494335,0.0249806,0.0456846,0.0167498,0.194225,0.0109806,0,0.241148,0.124246,4.3769,0.0689532,0.300011,0.0843261,0.849466,6.78273,0.956551,0.942194,0.0531513,0.264835,0.496796,0.213195,0.550601,0.550601,0,0,-0.00462732,0.0326602,0.942996,0.803469,0.0129914,0.0231024,0.00396494,0.0030129,0.562514,0.0118254,-7.39406,-8.84818,14.2646,0.572252,1.01302,-16.171,-0.909091,-0.169567,2.04493,0.833333,13.625,0,0,32.5833,30.7083,0,-10.8554,0.0001,-0.000557454,0.107607,1.63973,0.12734,55631,0.12928,56.64,2.18095
1714,0.463083,0.461865,0.0177834,0.0103367,0.660294,0.404235,0.833706,0.499893,0.0246708,0.0454062,0.0165495,0.19411,0.0108162,0,0.242475,0.126107,4.38846,0.0694659,0.299737,0.0835903,0.849392,6.7922,0.957422,0.942382,0.0534062,0.265458,0.498762,0.21373,0.572794,0.572794,0,0,-0.00461597,0.0341435,0.943974,0.806469,0.0127994,0.0227617,0.00414926,0.00313217,0.564079,0.0117228,-7.38411,-8.85613,14.1109,0.57486,0.994414,-16.174,-0.909091,-0.170485,2.07798,0.791667,12.4167,0,0,32.0417,30.4167,0,-10.8581,0.0001,-0.000156368,0.108884,1.6169,0.128911,56308,0.129276,57.64,2.40248
1715,0.458648,0.454783,0.01778,0.0108142,0.654766,0.398302,0.833313,0.498617,0.0254416,0.0439365,0.0170743,0.193087,0.0109976,0,0.24078,0.125801,4.42285,0.069183,0.298891,0.0853882,0.850151,6.77692,0.955744,0.942393,0.0534129,0.270872,0.49748,0.212511,0.567059,0.567059,0,0,-0.00455501,0.0335824,0.944458,0.800791,0.0132078,0.0234601,0.00395036,0.0030116,0.561409,0.012192,-7.50684,-8.27561,14.3641,0.565953,1.00815,-16.4818,-0.909091,-0.168966,2.04539,0.541667,11.8333,0,0,35.6667,31.0833,0,-10.8588,0.0001,-0.000619234,0.109944,1.59869,0.124505,57047,0.129285,57.43,2.06136
1716,0.459502,0.458371,0.0178713,0.0108465,0.656671,0.403231,0.833726,0.501784,0.0249825,0.0449404,0.0167548,0.193604,0.0108081,0,0.240362,0.126877,4.40574,0.0685089,0.298718,0.0840873,0.849909,6.78714,0.956696,0.942097,0.0533296,0.267683,0.498977,0.212998,0.573222,0.573222,0,0,-0.00460003,0.0330376,0.944004,0.804119,0.0129432,0.0230504,0.00398843,0.0030202,0.562276,0.0118596,-7.44831,-8.63347,14.2388,0.570667,1.00573,-16.2842,-0.909091,-0.168733,2.06079,0.708333,12,0,0,33.5,32,0,-10.8576,0.0001,-0.000742203,0.106269,1.60543,0.126871,56747,0.129294,55.21,2.07027
1717,0.461354,0.462524,0.017766,0.0104015,0.656382,0.404365,0.833264,0.50398,0.0251325,0.0442346,0.0168634,0.193757,0.0108953,0,0.242017,0.127568,4.38391,0.0685999,0.299511,0.0847721,0.85018,6.78407,0.956011,0.942438,0.0534341,0.26483,0.49955,0.21338,0.583279,0.583279,0,0,-0.00455715,0.0343558,0.944826,0.803147,0.0130594,0.0231815,0.00410583,0.00312326,0.563364,0.0120749,-7.40967,-8.44209,14.2427,0.569428,1.00169,-16.4171,-0.909091,-0.169573,2.07949,0.5,11.375,0,0,33.625,32.0417,0,-10.8573,0.0001,0.000369763,0.10989,1.60918,0.122637,56763,0.129299,56.54,2.2522
1718,0.461538,0.46015,0.0177813,0.0105451,0.657468,0.40267,0.833893,0.501046,0.025484,0.0431748,0.0171034,0.194786,0.0108694,0,0.242534,0.126314,4.39212,0.0679588,0.300808,0.0848477,0.850518,6.78504,0.955993,0.942389,0.052977,0.265956,0.498373,0.21405,0.57061,0.57061,0,0,-0.00453296,0.0333114,0.94556,0.800344,0.0132341,0.0234846,0.00414075,0.00317451,0.563572,0.0122856,-7.5195,-8.1074,14.3216,0.564141,1.00629,-16.6211,-0.909091,-0.169744,2.07048,0.5,11.7083,0,0,34.2917,30.2083,0,-10.859,0.0001,-0.000414165,0.113304,1.60356,0.121928,56971,0.129277,57.74,2.11576
1719,0.456914,0.450981,0.017826,0.0111663,0.654362,0.395372,0.833287,0.492204,0.024776,0.0461028,0.016589,0.192314,0.0108435,0,0.23941,0.123584,4.37922,0.0694994,0.298571,0.0838784,0.848586,6.78608,0.957743,0.942224,0.0524968,0.262805,0.495669,0.211539,0.554839,0.554839,0,0,-0.00462082,0.0339865,0.94322,0.80553,0.0128664,0.0228931,0.00403454,0.00306664,0.563495,0.0117078,-7.35374,-8.90393,14.2242,0.57325,1.00435,-16.0986,-0.90849,-0.168606,2.02796,0.541667,13.1667,0,0,33.3333,30.7917,0.0416667,-10.8621,0.0001,0.000133626,0.109098,1.59111,0.122434,57368,0.129268,56.76,1.99446
1720,0.45898,0.45677,0.0177407,0.0108695,0.653339,0.399368,0.833443,0.500216,0.0251746,0.0441643,0.0168972,0.192845,0.0108475,0,0.241285,0.126324,4.37124,0.0685285,0.299394,0.0845819,0.84823,6.79203,0.957028,0.94252,0.0524413,0.260597,0.499445,0.212287,0.568228,0.568228,0,0,-0.00455754,0.0345322,0.94524,0.803401,0.0130651,0.023171,0.00422533,0.00325686,0.565606,0.0120902,-7.40545,-8.33058,14.2146,0.568558,0.998536,-16.4813,-0.909091,-0.168957,2.05413,0.958333,11.2917,0,0,33.4167,32.125,0,-10.8623,0.0001,-0.000755331,0.109376,1.60273,0.125481,56881,0.129283,56.52,2.22373
1721,0.462591,0.460887,0.0177626,0.0105349,0.657584,0.403378,0.833675,0.50117,0.0249305,0.0444997,0.0167292,0.193757,0.0107707,0,0.241818,0.126849,4.38309,0.0683429,0.300348,0.0839038,0.849802,6.79466,0.956927,0.942449,0.0519284,0.26159,0.500888,0.213188,0.580874,0.580874,0,0,-0.00457514,0.0336325,0.944635,0.804959,0.0129097,0.0229707,0.0041532,0.00316133,0.56411,0.0118796,-7.37914,-8.55516,14.1834,0.570923,1.00178,-16.3699,-0.909091,-0.169852,2.07326,0.458333,11.9167,0,0,33.125,32.6667,0.0416667,-10.8598,0.0001,-0.000556317,0.107892,1.5679,0.124718,58078,0.129329,56.85,2.16694
1722,0.461513,0.459622,0.017774,0.0104574,0.657946,0.402863,0.832754,0.501736,0.025151,0.0438753,0.0168758,0.194419,0.0107985,0,0.242383,0.127048,4.38927,0.0681307,0.30019,0.0844223,0.851166,6.78742,0.956356,0.942412,0.0524735,0.266845,0.500507,0.213938,0.590619,0.590619,0,0,-0.00455971,0.0339373,0.94466,0.802727,0.0130347,0.0231901,0.00401395,0.00301487,0.561334,0.0120325,-7.48466,-8.40891,14.2979,0.567037,1.00671,-16.4352,-0.909091,-0.169674,2.06499,0.541667,11.8333,0,0,34.4167,29.7917,0,-10.8598,0.0001,-0.000956593,0.111028,1.60089,0.125807,56931,0.129333,55.48,2.11294
1723,0.462531,0.457276,0.017824,0.0107004,0.659161,0.40138,0.832743,0.498266,0.025244,0.0440489,0.0169394,0.194662,0.0107941,0,0.242234,0.126103,4.38485,0.0677586,0.300596,0.0845123,0.851795,6.78584,0.956184,0.94225,0.0531182,0.269209,0.499944,0.214277,0.571676,0.571676,0,0,-0.00457422,0.0327893,0.944904,0.801573,0.0130731,0.0232899,0.00404862,0.0030652,0.562058,0.0120734,-7.44634,-8.37101,14.3441,0.565209,1.00826,-16.4471,-0.909091,-0.169629,2.05415,0.625,12.5,0,0,36.2083,30.4583,0,-10.8612,0.0001,-0.000332602,0.109595,1.62078,0.126207,56270,0.12934,58.09,2.19287
1724,0.460786,0.454677,0.0178372,0.010601,0.658166,0.399122,0.832142,0.495264,0.0251092,0.0440923,0.0168428,0.194189,0.0108183,0,0.241808,0.12536,4.39625,0.068277,0.299831,0.0844315,0.849083,6.78837,0.95639,0.942207,0.0530779,0.267153,0.499157,0.213916,0.570432,0.570432,0,0,-0.0045751,0.0336841,0.944997,0.803823,0.0129724,0.0231312,0.00397498,0.00302065,0.562376,0.01201,-7.46929,-8.48557,14.187,0.570043,1.00267,-16.4425,-0.909091,-0.169467,2.0417,0.666667,11,0,0,32.5,30,0,-10.8599,0.0001,-0.000788896,0.110731,1.56527,0.120675,58308,0.129347,56.65,1.98907
1725,0.461218,0.455948,0.0177113,0.0107774,0.655879,0.39811,0.831822,0.49899,0.0257106,0.042908,0.01727,0.193408,0.0108216,0,0.241816,0.126006,4.41166,0.0682803,0.299867,0.085284,0.850994,6.77639,0.95568,0.942615,0.0533945,0.273644,0.499267,0.212691,0.568467,0.568467,0,0,-0.00452547,0.0331164,0.945739,0.799197,0.0132961,0.0236818,0.00412247,0.0032014,0.564407,0.0123896,-7.52584,-7.96702,14.3805,0.563203,1.01382,-16.7309,-0.909091,-0.169844,2.04713,0.5,11.125,0,0,36.7917,30.7083,0,-10.8595,0.0001,-0.000544302,0.109302,1.56269,0.129052,58108,0.129351,57.23,2.22337
1726,0.463139,0.466208,0.0176969,0.010034,0.657475,0.406208,0.83176,0.50639,0.0254951,0.0424165,0.0171481,0.193845,0.0108221,0,0.24322,0.128296,4.42502,0.0684957,0.300334,0.0846453,0.851547,6.78377,0.956208,0.942662,0.0535714,0.278292,0.499942,0.213902,0.593096,0.593096,0,0,-0.00449433,0.034144,0.946306,0.799746,0.0132405,0.0234176,0.00403656,0.00308248,0.562985,0.0124315,-7.64706,-7.90316,14.248,0.564848,0.997442,-16.8063,-0.909091,-0.170391,2.09266,0.5,10,0,0,36.4167,29.8333,0,-10.8591,0.0001,-0.000766711,0.108481,1.646,0.126945,55446,0.129355,56.87,2.05996
1727,0.46017,0.457139,0.0177783,0.0106771,0.658158,0.399938,0.831795,0.500225,0.025574,0.043224,0.0171774,0.193631,0.0107575,0,0.241834,0.126474,4.42409,0.0679534,0.2997,0.0850201,0.851849,6.78332,0.95524,0.942398,0.0535145,0.270779,0.49876,0.213208,0.572244,0.572244,0,0,-0.00455275,0.0324095,0.945537,0.800678,0.013203,0.0235194,0.00392193,0.00300704,0.561335,0.0122939,-7.58803,-8.0625,14.3063,0.565808,1.00741,-16.6817,-0.909091,-0.169956,2.05134,0.5,10.5833,0,0,34.7083,30.125,0,-10.8595,0.0001,-0.000756881,0.106711,1.61574,0.126434,56426,0.12937,56.83,2.13513
1728,0.459714,0.460873,0.0177328,0.0104648,0.655794,0.402474,0.832345,0.506533,0.0251697,0.043442,0.0169123,0.192451,0.0107226,0,0.241331,0.128497,4.40316,0.0687457,0.298966,0.0841273,0.84981,6.79303,0.956288,0.942546,0.0529364,0.265514,0.499873,0.212352,0.591803,0.591803,0,0,-0.00452774,0.0340703,0.945584,0.804031,0.0130101,0.0231399,0.00407088,0.00311477,0.563142,0.0121496,-7.5377,-8.24891,14.1448,0.570614,0.994164,-16.598,-0.909091,-0.169735,2.07056,0.416667,11.0833,0,0,33.7083,31.4583,0,-10.8581,0.0001,-0.000841903,0.103458,1.65476,0.131828,55023,0.129424,58.88,2.25506
1729,0.461691,0.462983,0.0176918,0.0103132,0.657777,0.404187,0.831946,0.506275,0.0255154,0.0416761,0.0171758,0.193195,0.0106807,0,0.24273,0.12861,4.40695,0.0674188,0.300189,0.0842507,0.853168,6.78862,0.956095,0.942679,0.0525842,0.273929,0.501216,0.213424,0.582812,0.582812,0,0,-0.00448629,0.0325421,0.946868,0.800761,0.0131765,0.0233886,0.00382374,0.00291992,0.561333,0.0124356,-7.77147,-7.7199,14.2347,0.563648,0.992966,-16.916,-0.909091,-0.170399,2.07806,0.416667,9.79167,0,0,37.7083,30.75,0,-10.8549,0.0001,-0.000792706,0.10934,1.65827,0.127214,55057,0.129472,57.32,2.47111
1730,0.461698,0.461567,0.0177954,0.010338,0.658283,0.405128,0.831691,0.502884,0.0256131,0.042282,0.0172083,0.194255,0.0107494,0,0.24227,0.127434,4.42888,0.0674813,0.300051,0.0847946,0.851438,6.78509,0.955558,0.942343,0.0530172,0.27752,0.500691,0.214189,0.580573,0.580573,0,0,-0.00449492,0.0335628,0.946558,0.800667,0.0132126,0.0235543,0.00397306,0.00301312,0.561223,0.012379,-7.54074,-7.80238,14.3608,0.561502,1.00264,-16.7974,-0.909091,-0.169538,2.07065,0.416667,9.79167,0,0,36.1667,30.875,0,-10.8512,0.0001,-0.00107796,0.104062,1.6352,0.12552,55831,0.129493,57.34,2.21944
1731,0.458003,0.454392,0.0178663,0.0109065,0.657036,0.399702,0.831508,0.497347,0.0255007,0.0419976,0.0171287,0.19358,0.0107309,0,0.240945,0.125667,4.42024,0.0673782,0.299743,0.084204,0.852547,6.78643,0.956508,0.942113,0.0532046,0.280519,0.498361,0.213746,0.571059,0.571059,0,0,-0.00449724,0.0327022,0.946721,0.79925,0.0131946,0.0234685,0.00378817,0.00281768,0.559923,0.0123896,-7.6898,-7.84029,14.3229,0.561142,1.00128,-16.783,-0.909091,-0.168764,2.03929,0.291667,10.2083,0,0,37.7083,27.0833,0,-10.8505,0.0001,-0.000554024,0.111812,1.67572,0.127241,54523,0.129486,56.96,1.98605
1732,0.461131,0.45772,0.0177718,0.010629,0.658565,0.401211,0.831635,0.499344,0.0257104,0.0424828,0.0172766,0.195224,0.0108258,0,0.24326,0.1261,4.42526,0.0679911,0.301463,0.0852719,0.850467,6.78395,0.955825,0.9424,0.0534868,0.271217,0.499469,0.215004,0.575596,0.575596,0,0,-0.004522,0.0329581,0.945744,0.79938,0.0133051,0.0236844,0.00389062,0.00296724,0.561043,0.0124368,-7.57526,-7.89,14.387,0.563574,1.01059,-16.7542,-0.90849,-0.169801,2.05354,0.583333,9.875,0,0,36.5417,30.6667,0.0416667,-10.8505,0.0001,-0.000154928,0.110766,1.61679,0.127285,56364,0.129499,56.27,2.08911
1733,0.455999,0.455594,0.0176898,0.0107564,0.652246,0.397303,0.831746,0.50374,0.0255895,0.0420625,0.0171957,0.190999,0.0107811,0,0.239832,0.127251,4.42044,0.0679002,0.298213,0.0847323,0.849784,6.77719,0.955408,0.942664,0.0531157,0.273244,0.500191,0.210804,0.584303,0.584303,0,0,-0.00450128,0.0328881,0.946393,0.800338,0.0132222,0.0235264,0.00385144,0.00293994,0.5612,0.012394,-7.69831,-7.88939,14.2502,0.565303,1.00037,-16.8207,-0.90846,-0.168993,2.04644,0.666667,9.45833,0,0,35.3333,30.6667,0.0416667,-10.8499,0.0001,-0.000341298,0.115438,1.62192,0.127885,56179,0.129529,56.7,1.85938
1734,0.461751,0.461729,0.0177452,0.0102965,0.659173,0.402798,0.832157,0.502631,0.0249633,0.0439548,0.0167684,0.193188,0.0106402,0,0.24202,0.127128,4.41356,0.0687831,0.300205,0.0834625,0.850034,6.79302,0.956536,0.942506,0.0536435,0.271468,0.498471,0.212919,0.580274,0.580274,0,0,-0.00457272,0.0335321,0.944975,0.805389,0.0128826,0.0229823,0.00394894,0.0030289,0.563042,0.0119972,-7.58202,-8.45694,14.0481,0.574757,0.99334,-16.4902,-0.909091,-0.170639,2.07249,0.416667,11.1667,0,0,36.0417,32.2917,0,-10.8477,0.0001,-0.000262612,0.108605,1.63088,0.127935,55892,0.129569,57.75,2.14427
1735,0.457915,0.452665,0.0178401,0.0109312,0.655922,0.397492,0.832099,0.496534,0.0254067,0.0442186,0.017036,0.193525,0.0108375,0,0.240269,0.125348,4.42436,0.0690147,0.299266,0.0847504,0.850114,6.7736,0.954919,0.942198,0.053585,0.269235,0.498147,0.212676,0.566763,0.566763,0,0,-0.00456066,0.0330159,0.944059,0.801444,0.0131558,0.023503,0.00397087,0.00299915,0.560818,0.0121566,-7.45409,-8.42149,14.3367,0.569334,1.01737,-16.4314,-0.909091,-0.168793,2.03312,0.75,12,0,0,34,30.875,0,-10.8468,0.0001,-0.000596185,0.113028,1.65572,0.125001,55204,0.129571,56.75,2.09023
1736,0.462476,0.45843,0.0177742,0.0105427,0.658457,0.401003,0.831852,0.499638,0.024974,0.0443253,0.0167643,0.193852,0.0106988,0,0.242043,0.126625,4.42955,0.0689761,0.300984,0.0837099,0.847548,6.78885,0.956009,0.942412,0.0533137,0.267178,0.500488,0.213469,0.56911,0.56911,0,0,-0.00459387,0.0329196,0.944461,0.805554,0.0128656,0.0229891,0.00380947,0.00291049,0.562455,0.011922,-7.55615,-8.54656,14.1298,0.572962,0.995188,-16.4172,-0.909091,-0.170048,2.05743,0.583333,11.2917,0,0,32.1667,31,0,-10.8478,0.0001,-0.000490129,0.114398,1.60344,0.125578,56855,0.129573,56.11,2.05886
1737,0.462012,0.459651,0.0176291,0.01049,0.656089,0.399721,0.83156,0.502421,0.025361,0.0435541,0.017061,0.192664,0.0108245,0,0.242418,0.126989,4.41743,0.0690184,0.299933,0.084664,0.850299,6.7856,0.955873,0.942882,0.0541045,0.275046,0.500448,0.212302,0.573664,0.573664,0,0,-0.00452664,0.0343894,0.945382,0.802479,0.0131231,0.0233043,0.00399793,0.00306932,0.562831,0.0122627,-7.59148,-8.1648,14.1757,0.569909,0.996227,-16.6588,-0.909091,-0.170642,2.06415,0.458333,10.9167,0,0,37.4167,30.375,0,-10.8469,0.0001,0.000215484,0.110831,1.63242,0.129181,55803,0.129588,57.77,2.32132
1738,0.45739,0.452214,0.0178074,0.0110549,0.656368,0.396394,0.831241,0.496067,0.0256061,0.0430219,0.0171799,0.194173,0.0108372,0,0.241538,0.125208,4.45362,0.0687935,0.300141,0.0848944,0.849189,6.78004,0.955772,0.942304,0.0542628,0.281439,0.497963,0.213367,0.566616,0.566616,0,0,-0.00451193,0.0335861,0.945832,0.799177,0.0132501,0.0236067,0.00396594,0.00299152,0.561146,0.0123348,-7.54781,-8.02053,14.3258,0.564441,1.00822,-16.6689,-0.909091,-0.169273,2.0296,0.375,10.625,0,0,35.2917,29.625,0,-10.845,0.0001,-0.000896263,0.113817,1.60265,0.127301,56824,0.129592,55.9,2.17602
1739,0.45939,0.453792,0.0177931,0.0106787,0.658143,0.39735,0.830937,0.495678,0.0253761,0.0439703,0.0170386,0.193159,0.010816,0,0.240837,0.124846,4.43046,0.0690703,0.299436,0.0845513,0.850938,6.77903,0.955535,0.94235,0.0540261,0.273604,0.497453,0.212717,0.56854,0.56854,0,0,-0.00455163,0.0330193,0.944427,0.801747,0.0131194,0.0233992,0.00387403,0.00295048,0.561389,0.0121605,-7.5941,-8.3388,14.2647,0.569311,1.00912,-16.5392,-0.909091,-0.169696,2.03543,0.5,11.9167,0,0,35.25,31.2083,0,-10.8448,0.0001,-0.000805633,0.108716,1.63052,0.131281,55797,0.129566,57.42,1.9987
1740,0.459407,0.458677,0.0177582,0.0107011,0.657071,0.401171,0.831949,0.502681,0.0254911,0.0426448,0.0171315,0.193538,0.0107544,0,0.241767,0.127254,4.44886,0.0690713,0.300422,0.0843486,0.85013,6.78048,0.955366,0.942464,0.0540071,0.273273,0.500295,0.213292,0.577181,0.577181,0,0,-0.00451723,0.0329182,0.945749,0.800201,0.0131666,0.0234658,0.00375856,0.00284805,0.560081,0.0123068,-7.63803,-8.0653,14.2756,0.564646,1.00672,-16.7159,-0.909091,-0.169629,2.05984,0.541667,10.5833,0,0,35.375,29.4167,0,-10.8473,0.0001,-0.00082886,0.108776,1.65777,0.128259,55040,0.129524,56.73,2.04638
1741,0.460598,0.456841,0.0177681,0.0104709,0.659085,0.399602,0.831312,0.498519,0.0256558,0.0426321,0.0172229,0.194375,0.0108182,0,0.242719,0.126012,4.45898,0.0691384,0.30021,0.0851053,0.848454,6.7797,0.955131,0.942431,0.0542364,0.276276,0.498281,0.214009,0.572787,0.572787,0,0,-0.00448559,0.0337406,0.945912,0.799845,0.0132634,0.0236297,0.00402027,0.00306104,0.562611,0.0124414,-7.58204,-7.93367,14.2983,0.565854,1.00619,-16.7745,-0.909091,-0.170291,2.0502,0.208333,9.95833,0,0,36.5417,30.6667,0,-10.8498,0.0001,-0.00099929,0.107833,1.58755,0.128923,57271,0.129502,56.45,2.13338
1742,0.458865,0.458841,0.0177305,0.0106457,0.656367,0.400992,0.831821,0.505531,0.0257207,0.0425168,0.0172939,0.193481,0.0108503,0,0.242071,0.128286,4.42296,0.0689229,0.299972,0.0852182,0.849775,6.77593,0.95434,0.942537,0.054468,0.273689,0.50023,0.213274,0.580865,0.580865,0,0,-0.00450622,0.0336739,0.945833,0.799699,0.0133023,0.0236431,0.00389447,0.00298964,0.560888,0.0124526,-7.62015,-7.89718,14.3169,0.566105,1.00612,-16.792,-0.908579,-0.169748,2.06137,0.375,9.79167,0,0,35.0833,29.7917,0.0416667,-10.8511,0.0001,-0.000842095,0.111625,1.67401,0.130253,54484,0.129505,56.34,2.12939
1743,0.462708,0.459465,0.0178073,0.0105878,0.661008,0.402908,0.831945,0.500106,0.0254731,0.0436784,0.0170972,0.194695,0.0108494,0,0.24222,0.126627,4.43353,0.0694199,0.300638,0.0847491,0.849772,6.7763,0.95551,0.942304,0.0541167,0.270687,0.500046,0.213977,0.573016,0.573016,0,0,-0.00456151,0.0326339,0.944889,0.800588,0.0131696,0.0235034,0.00393587,0.00298192,0.561354,0.0121915,-7.47682,-8.26747,14.327,0.567049,1.01245,-16.5328,-0.909091,-0.170406,2.06192,0.666667,12.4583,0,0,35.625,31.5417,0,-10.8527,0.0001,-0.000767062,0.110788,1.65266,0.12581,55274,0.129517,57.37,2.29529
1744,0.459927,0.455447,0.0178953,0.010792,0.661006,0.400907,0.832197,0.495615,0.0252914,0.0446274,0.0169645,0.195204,0.0109027,0,0.24181,0.125207,4.43489,0.069618,0.300214,0.08475,0.851932,6.7793,0.955377,0.942019,0.0543816,0.275213,0.498451,0.214556,0.567896,0.567896,0,0,-0.00459432,0.032299,0.944332,0.80133,0.013083,0.0233592,0.00398972,0.00297522,0.560514,0.0120351,-7.436,-8.51215,14.3067,0.569405,1.01438,-16.3767,-0.909091,-0.169658,2.04532,0.708333,11.9167,0,0,34.0417,28.125,0,-10.8521,0.0001,-0.00105683,0.110971,1.63339,0.126466,55858,0.129531,57.19,1.89431
1745,0.459917,0.459732,0.0178419,0.0105384,0.659222,0.40373,0.832424,0.499801,0.0256262,0.0434397,0.0171936,0.194475,0.0109157,0,0.241475,0.126087,4.4107,0.0689612,0.300071,0.0853808,0.850131,6.76906,0.954163,0.942192,0.0539256,0.273677,0.497714,0.213868,0.576922,0.576922,0,0,-0.00455001,0.0329794,0.944934,0.799525,0.0132539,0.0236392,0.00393243,0.0029567,0.559186,0.0122725,-7.55485,-8.1525,14.4106,0.563356,1.01421,-16.5812,-0.909091,-0.169471,2.06499,0.625,11.4167,0,0,36.2083,30.4583,0,-10.8505,0.0001,-0.000387608,0.106064,1.61795,0.123209,56458,0.129556,57.12,2.21322
1746,0.458989,0.45897,0.0178406,0.0107154,0.659012,0.40283,0.832889,0.499918,0.025583,0.0438759,0.0171621,0.19406,0.0109428,0,0.24125,0.126152,4.41196,0.0691911,0.300311,0.0853016,0.85122,6.77566,0.955655,0.942197,0.0539675,0.273302,0.497377,0.21357,0.565449,0.565449,0,0,-0.0045403,0.0327655,0.944496,0.799027,0.0132848,0.0236094,0.00390974,0.00297305,0.561559,0.0122963,-7.54097,-8.20754,14.4338,0.564518,1.01064,-16.5351,-0.909091,-0.16958,2.06226,0.708333,10.7917,0,0,35.1667,29.8333,0,-10.8481,0.0001,-0.00058719,0.110052,1.63765,0.124384,55790,0.129581,55.73,1.95753
1747,0.460345,0.459721,0.0178139,0.0104973,0.660182,0.40344,0.833438,0.503001,0.0252451,0.0438605,0.0169502,0.194269,0.0107676,0,0.241778,0.127417,4.42912,0.0696254,0.300338,0.0841862,0.851682,6.79285,0.956635,0.942283,0.0535383,0.271485,0.499882,0.213908,0.584794,0.584794,0,0,-0.0045697,0.0328703,0.945098,0.803511,0.0130012,0.0232432,0.00399288,0.00303895,0.563407,0.0120605,-7.51007,-8.33497,14.2214,0.569557,1.00256,-16.5228,-0.909091,-0.169984,2.06828,0.333333,11.3333,0,0,34,31.0833,0,-10.8477,0.0001,0.000110535,0.110534,1.61067,0.128093,56536,0.129561,58.04,2.37631
1748,0.464367,0.464847,0.0177789,0.0103459,0.66172,0.407554,0.833505,0.503638,0.0254646,0.0434887,0.0171043,0.194974,0.0107724,0,0.242696,0.127747,4.41268,0.0686533,0.301069,0.0846078,0.851037,6.78159,0.955517,0.942396,0.0541832,0.271041,0.501161,0.214207,0.57944,0.57944,0,0,-0.00455195,0.0326325,0.945713,0.802099,0.0131168,0.0234495,0.00413894,0.00316099,0.563864,0.0121718,-7.43855,-8.10289,14.2785,0.566423,1.00959,-16.6446,-0.909091,-0.170645,2.09143,0.666667,11.375,0,0,35.6667,30.5417,0,-10.8487,0.0001,0.000155682,0.111362,1.58195,0.128088,57486,0.129559,56.75,2.15241
1749,0.460296,0.458892,0.0178326,0.0108024,0.659665,0.402592,0.833662,0.500545,0.0253301,0.0444848,0.0169889,0.194545,0.0108138,0,0.241804,0.126669,4.42123,0.0698983,0.300698,0.0846358,0.848102,6.78063,0.955664,0.942222,0.0543333,0.270748,0.497778,0.213873,0.568612,0.568612,0,0,-0.00456839,0.0331462,0.944417,0.802678,0.0130841,0.0233908,0.00410329,0.0031828,0.565598,0.0121009,-7.43453,-8.393,14.2872,0.568502,1.01074,-16.4631,-0.909091,-0.169861,2.06492,0.291667,11.5417,0,0,33.75,30.4167,0,-10.8479,0.0001,-0.000893048,0.111651,1.62021,0.124992,56328,0.129603,56.11,2.11057
1750,0.461056,0.456571,0.0177716,0.0106018,0.658725,0.399834,0.833666,0.49857,0.0252571,0.0441574,0.0169611,0.193648,0.0107871,0,0.241748,0.125825,4.41385,0.0695383,0.300317,0.0842727,0.848864,6.78573,0.955968,0.94242,0.0543383,0.271215,0.498929,0.213285,0.576261,0.576261,0,0,-0.00454554,0.0333892,0.945062,0.80223,0.0130645,0.0232647,0.00397824,0.00305069,0.563682,0.0121321,-7.54173,-8.33047,14.2226,0.569175,1.00012,-16.524,-0.909091,-0.170044,2.0541,0.541667,11.125,0,0,35.4167,31.9167,0,-10.8454,0.0001,-0.000832493,0.104635,1.63382,0.121226,56012,0.129626,58.35,2.10524
1751,0.462851,0.460076,0.0177847,0.0102786,0.660957,0.404052,0.833647,0.50162,0.024949,0.0450099,0.0167542,0.194209,0.0107378,0,0.242067,0.127058,4.3933,0.0690717,0.300035,0.0837186,0.848363,6.79001,0.956025,0.942377,0.0538952,0.264843,0.501206,0.213745,0.589917,0.589917,0,0,-0.00457249,0.0333372,0.945218,0.806103,0.0128454,0.0229587,0.00420013,0.00320754,0.564566,0.0118695,-7.3312,-8.53041,14.0913,0.573369,0.998233,-16.4222,-0.909091,-0.170347,2.06942,0.625,11.4583,0,0,33.4167,32.1667,0,-10.8426,0.0001,-0.000648357,0.105458,1.63703,0.12548,55775,0.129646,56.49,2.09308
1752,0.462509,0.456544,0.017917,0.0107993,0.662178,0.403217,0.834344,0.496257,0.0249788,0.0455318,0.016738,0.195986,0.0107639,0,0.242129,0.125562,4.39672,0.0694595,0.300728,0.0841277,0.849708,6.78842,0.955622,0.941949,0.0538142,0.263981,0.499233,0.215181,0.564793,0.564793,0,0,-0.00461734,0.0327149,0.944124,0.805978,0.0128491,0.0230791,0.00415571,0.00312132,0.56274,0.011781,-7.30581,-8.71463,14.2433,0.570373,1.00615,-16.2264,-0.909091,-0.169572,2.05436,0.625,12.625,0,0,32.75,32.125,0,-10.8417,0.0001,-0.000571146,0.10859,1.62964,0.127445,55947,0.129672,56.67,2.21638
1753,0.461856,0.459914,0.017753,0.0104133,0.658749,0.401927,0.833934,0.500559,0.0251071,0.044884,0.0168441,0.193472,0.010787,0,0.241595,0.126604,4.39604,0.0693122,0.300113,0.0844497,0.848503,6.78442,0.956356,0.94248,0.0530666,0.265085,0.499278,0.212605,0.580177,0.580177,0,0,-0.00459843,0.0326224,0.944488,0.804771,0.0129569,0.0231598,0.00417242,0.0032173,0.565403,0.0119541,-7.38966,-8.52326,14.2271,0.570399,1.00249,-16.3711,-0.909091,-0.170254,2.06898,0.375,11.875,0,0,32.5417,32,0,-10.8393,0.0001,-0.001004,0.110939,1.65531,0.126693,55164,0.129715,57.35,2.32128
1754,0.459983,0.457634,0.0178837,0.010697,0.657866,0.403045,0.834675,0.498057,0.0250206,0.0457093,0.0167742,0.193658,0.0107899,0,0.240165,0.126002,4.40793,0.0694121,0.299244,0.0844224,0.850071,6.78437,0.956441,0.942057,0.0538612,0.263436,0.497904,0.213063,0.579162,0.579162,0,0,-0.00462253,0.0318911,0.943664,0.804966,0.0128952,0.0231218,0.00402175,0.00304427,0.562331,0.0118122,-7.40416,-8.75025,14.2526,0.570618,1.01089,-16.2366,-0.909091,-0.168861,2.06004,0.458333,12.5,0,0,33.9583,30.4583,0,-10.8345,0.0001,-0.000565116,0.113144,1.61926,0.129025,56228,0.129783,56.48,2.09245
1755,0.461778,0.455221,0.017937,0.0106583,0.661679,0.401625,0.834043,0.493462,0.0247592,0.046324,0.0165877,0.195527,0.0108073,0,0.241423,0.124608,4.41617,0.069253,0.300447,0.0837396,0.846795,6.78724,0.95697,0.941884,0.0536896,0.262408,0.496877,0.214695,0.567781,0.567781,0,0,-0.00464331,0.0323842,0.943598,0.806695,0.0127844,0.0229242,0.00412613,0.00312729,0.56473,0.0116449,-7.28827,-8.88994,14.2146,0.572295,1.00663,-16.1087,-0.909091,-0.169414,2.0475,0.208333,12.9167,0,0,33.0417,33.7917,0,-10.8312,0.0001,-0.000788314,0.108792,1.64851,0.126505,55382,0.129798,56.4,2.3318
1756,0.462161,0.455646,0.0179386,0.0109941,0.6611,0.402183,0.834469,0.494247,0.0250272,0.045801,0.0167843,0.195411,0.0108955,0,0.241103,0.124861,4.38341,0.0695687,0.300268,0.0846497,0.848962,6.78666,0.956088,0.941879,0.0535521,0.260032,0.497714,0.214436,0.551298,0.551298,0,0,-0.00463773,0.0320631,0.943748,0.804969,0.0129329,0.0231173,0.00409124,0.00311857,0.563781,0.0117933,-7.35215,-8.73878,14.259,0.570585,1.00982,-16.2094,-0.909091,-0.169271,2.05015,0.458333,12.5417,0,0,32.2083,32,0,-10.8318,0.0001,-0.000535434,0.112988,1.66617,0.128704,54769,0.129826,56.48,2.02088
1757,0.462353,0.454457,0.0179124,0.0107769,0.66079,0.401331,0.833978,0.493429,0.0250478,0.0455359,0.0168006,0.196085,0.0108445,0,0.242412,0.124445,4.40508,0.0691407,0.301181,0.0846326,0.849053,6.78359,0.955689,0.941964,0.0539667,0.267855,0.497533,0.215586,0.554547,0.554547,0,0,-0.00460345,0.0323348,0.944097,0.804819,0.0129296,0.023122,0.00413516,0.00312308,0.563059,0.0118319,-7.35534,-8.60334,14.2997,0.567544,1.00971,-16.2742,-0.909091,-0.169208,2.04324,0.291667,11.9583,0,0,33.75,30.5,0,-10.8301,0.0001,-0.000789255,0.109782,1.63004,0.125348,56001,0.129854,55.59,1.99338
1758,0.460066,0.455867,0.0178086,0.0106838,0.657522,0.399052,0.833572,0.495549,0.0249616,0.0466284,0.0167361,0.193647,0.0109544,0,0.240918,0.124502,4.38245,0.0700447,0.299793,0.0848941,0.847333,6.78538,0.957127,0.9423,0.0534031,0.261933,0.496206,0.212292,0.5639,0.5639,0,0,-0.00464653,0.0330317,0.942889,0.806108,0.0129055,0.0230978,0.00411713,0.00315159,0.564838,0.0117198,-7.36519,-8.91389,14.1887,0.575033,1.01258,-16.1364,-0.909091,-0.169698,2.05048,0.708333,14.0833,0,0,33.5417,33.5833,0.0416667,-10.8289,0.0001,-0.00100173,0.107235,1.61693,0.128042,56335,0.129876,58.62,2.3006
1759,0.461136,0.459217,0.0179766,0.0107818,0.660532,0.404809,0.833537,0.496102,0.0248022,0.0471938,0.0165974,0.195125,0.010933,0,0.240584,0.124958,4.39804,0.0702495,0.299739,0.0846401,0.848566,6.78026,0.956458,0.941756,0.0539242,0.263352,0.496529,0.214033,0.564743,0.564743,0,0,-0.00466787,0.0326005,0.94254,0.805385,0.0128391,0.0230042,0.00416216,0.00312006,0.563329,0.011585,-7.21622,-9.11475,14.306,0.571505,1.01889,-15.9539,-0.909091,-0.168995,2.06322,0.333333,13.4583,0,0,30.6667,28.7083,0,-10.8263,0.0001,-0.000800806,0.112416,1.58964,0.133124,57061,0.1299,55.01,2.09891
1760,0.460644,0.457686,0.0179591,0.0106049,0.659032,0.40392,0.833681,0.495694,0.0249481,0.0470983,0.0166959,0.194953,0.0109575,0,0.240293,0.125232,4.38138,0.0692942,0.300153,0.0850598,0.84784,6.77567,0.955955,0.941813,0.0536485,0.257129,0.496047,0.21376,0.567258,0.567258,0,0,-0.00466803,0.0323672,0.942409,0.805013,0.0129206,0.0231248,0.00414081,0.00313146,0.563853,0.0116464,-7.23861,-9.04678,14.3565,0.571107,1.02237,-15.9975,-0.909091,-0.168701,2.05644,0.5,15.1667,0,0,33.5,33.0833,0,-10.8239,0.0001,-0.00103293,0.109328,1.64894,0.124102,55443,0.129903,56.97,2.13968
1761,0.459445,0.458253,0.017926,0.0105202,0.656306,0.40342,0.833916,0.49845,0.0252661,0.045162,0.0169376,0.194229,0.0108857,0,0.240498,0.125802,4.38599,0.069248,0.300099,0.0851373,0.849869,6.78172,0.955707,0.94192,0.0540321,0.267383,0.496186,0.2135,0.573701,0.573701,0,0,-0.00461972,0.0321371,0.94408,0.802395,0.0130742,0.0233042,0.00399808,0.00305113,0.562571,0.0119619,-7.48725,-8.49046,14.3565,0.565964,1.01161,-16.3448,-0.909091,-0.168469,2.06065,0.416667,12.2917,0,0,34.2083,29.9583,0,-10.8232,0.0001,-0.000696814,0.109378,1.61226,0.119879,56752,0.129909,56.43,1.99598
1762,0.460868,0.457811,0.0179472,0.0108224,0.661123,0.404483,0.834548,0.496526,0.0253478,0.0449218,0.0169906,0.196074,0.0108201,0,0.241913,0.125445,4.39765,0.068735,0.300998,0.0850273,0.850417,6.78258,0.955508,0.941851,0.0538421,0.265928,0.497384,0.21541,0.572264,0.572264,0,0,-0.00460092,0.0320513,0.94476,0.802035,0.0130703,0.0233831,0.00413733,0.00314151,0.563423,0.0120024,-7.38482,-8.38211,14.4061,0.563018,1.01567,-16.4148,-0.909091,-0.169123,2.06024,0.416667,12.0417,0,0,33.875,31,0,-10.823,0.0001,-0.000684777,0.109969,1.59293,0.128167,57117,0.129927,55.87,2.22763
1763,0.460671,0.456185,0.017867,0.0108345,0.657902,0.401262,0.834216,0.497346,0.0251197,0.0456175,0.0168391,0.194183,0.0107875,0,0.240734,0.125647,4.372,0.0688745,0.300003,0.0844912,0.848584,6.78601,0.956244,0.942111,0.0531247,0.262978,0.4975,0.213323,0.568531,0.568531,0,0,-0.0046208,0.0316893,0.944411,0.804211,0.0129661,0.0231538,0.00417749,0.00321627,0.565277,0.0118391,-7.40242,-8.56545,14.2761,0.568585,1.00884,-16.3345,-0.909091,-0.169111,2.05335,0.333333,12.8333,0,0,34,33.5,0,-10.8229,0.0001,-0.000194262,0.106541,1.66436,0.125879,54911,0.12993,56.67,2.12455
1764,0.459968,0.455268,0.017929,0.0109014,0.660028,0.401679,0.833871,0.49368,0.0251406,0.0456479,0.0168569,0.195472,0.0109069,0,0.241497,0.124024,4.39774,0.0691193,0.300469,0.0845626,0.849721,6.78364,0.956298,0.94191,0.0537229,0.266065,0.495895,0.214759,0.556989,0.556989,0,0,-0.00460091,0.0330193,0.944187,0.803129,0.0130118,0.0232176,0.00411677,0.00309172,0.563458,0.0118812,-7.35454,-8.57648,14.3431,0.567181,1.01185,-16.279,-0.909091,-0.169005,2.04832,0.375,11.8333,0,0,32.0833,29.5,0,-10.8243,0.0001,-0.000813187,0.108589,1.65069,0.12378,55398,0.129933,57.21,2.09238
1765,0.459451,0.45985,0.0178405,0.0105887,0.657252,0.403451,0.834333,0.503229,0.0252929,0.0450551,0.0169734,0.193458,0.0108778,0,0.240327,0.127341,4.39303,0.0685228,0.299243,0.084993,0.851775,6.78427,0.956319,0.942197,0.0533761,0.264303,0.498166,0.212768,0.580995,0.580995,0,0,-0.00460355,0.0322458,0.944544,0.802827,0.0130652,0.0232907,0.00410334,0.00313331,0.563955,0.0119651,-7.42703,-8.40475,14.3426,0.566806,1.01109,-16.4353,-0.909091,-0.169071,2.06961,0.5,12.0833,0,0,34.2917,32.2917,0,-10.8241,0.0001,-0.000466954,0.102528,1.65468,0.130517,55066,0.129936,56.27,2.02975
1766,0.46062,0.459964,0.0177824,0.0105611,0.656457,0.40303,0.834099,0.499944,0.0257169,0.0436614,0.0172667,0.193355,0.0108934,0,0.240734,0.12593,4.38768,0.0677156,0.299871,0.0854829,0.850354,6.77931,0.955561,0.942385,0.0541317,0.27308,0.49735,0.212568,0.572539,0.572539,0,0,-0.00455528,0.0315661,0.94546,0.799152,0.0133005,0.0236678,0.00397787,0.00305988,0.563237,0.0122861,-7.57398,-8.00971,14.4513,0.560591,1.01334,-16.66,-0.909091,-0.16942,2.07043,0.458333,10.3333,0,0,34.9167,28.6667,0,-10.8261,0.0001,-0.000644814,0.111736,1.61373,0.126295,56495,0.129905,56.62,2.04133
1767,0.463071,0.456438,0.0178594,0.0107223,0.662377,0.401772,0.83393,0.493029,0.0253293,0.0445111,0.0169997,0.19545,0.0108025,0,0.242479,0.124405,4.39154,0.0681029,0.301103,0.0847961,0.850557,6.78797,0.956586,0.942135,0.053812,0.264053,0.49858,0.214906,0.550768,0.550768,0,0,-0.00459292,0.0316275,0.945166,0.802491,0.0130787,0.0233256,0.00406697,0.00309643,0.563677,0.0120677,-7.43091,-8.29088,14.3025,0.566318,1.00792,-16.5017,-0.909091,-0.170096,2.05371,0.625,11.5833,0,0,34.4583,31.75,0,-10.8292,0.0001,-0.000297903,0.110873,1.60984,0.12291,56732,0.12989,56.22,2.0953
1768,0.461005,0.457254,0.0177623,0.0106051,0.657559,0.400602,0.833821,0.499987,0.0256128,0.0432022,0.0172137,0.193672,0.0108237,0,0.241654,0.12641,4.38841,0.067788,0.300197,0.0854206,0.850889,6.78418,0.955004,0.94245,0.0534265,0.26886,0.500123,0.213234,0.572191,0.572191,0,0,-0.00455654,0.0316304,0.946165,0.800943,0.0132125,0.0234951,0.00408784,0.00316104,0.5639,0.0122701,-7.55542,-7.87848,14.3638,0.561042,1.00521,-16.7426,-0.909091,-0.169731,2.05804,0.625,10.5417,0,0,37.4583,31.7083,0,-10.8294,0.0001,-0.00101822,0.106348,1.61534,0.122349,56571,0.129876,57.57,2.05261
1769,0.462212,0.456269,0.0179177,0.0107401,0.660226,0.402379,0.833281,0.498092,0.0254008,0.044301,0.0170498,0.194243,0.0107832,0,0.240463,0.126179,4.41206,0.0680167,0.299189,0.0849646,0.852733,6.78615,0.955771,0.941947,0.0540866,0.264584,0.499549,0.213708,0.575331,0.575331,0,0,-0.0046106,0.0310961,0.945251,0.801688,0.0130803,0.0234,0.00403083,0.00307766,0.562931,0.0120298,-7.45655,-8.26042,14.3773,0.562027,1.01311,-16.5134,-0.909091,-0.169181,2.05031,0.541667,11.25,0,0,34.6667,29.8333,0,-10.8305,0.0001,-0.000827198,0.108594,1.61757,0.127508,56332,0.129854,56.8,2.19051
1770,0.460162,0.453916,0.0178865,0.0108985,0.660902,0.399435,0.833452,0.496777,0.0250684,0.0449687,0.0168223,0.194891,0.0107932,0,0.241681,0.125497,4.41557,0.068776,0.299595,0.08413,0.85044,6.79024,0.956748,0.942048,0.0538508,0.267514,0.498737,0.214328,0.570336,0.570336,0,0,-0.00456988,0.0328987,0.945559,0.804179,0.0129455,0.0230853,0.00419176,0.0031387,0.563392,0.0118675,-7.35988,-8.38084,14.244,0.566806,1.00389,-16.43,-0.909091,-0.169625,2.04147,0.458333,11.4167,0,0,35,31.25,0,-10.8327,0.0001,-0.000550443,0.110552,1.6363,0.125499,55797,0.12986,56.7,2.02082
1771,0.461556,0.45523,0.0178562,0.0107495,0.659183,0.399824,0.832642,0.494317,0.0253087,0.0450765,0.016974,0.193319,0.0109048,0,0.240005,0.125123,4.40239,0.0688977,0.299091,0.0851122,0.850469,6.77903,0.955587,0.942146,0.0538818,0.26886,0.498319,0.212637,0.552,0.552,0,0,-0.0045988,0.0322755,0.944601,0.801808,0.0130936,0.0233377,0.00420033,0.00321354,0.563985,0.0119715,-7.39608,-8.40639,14.4116,0.563954,1.01318,-16.4075,-0.909091,-0.169425,2.04547,0.458333,12.4167,0,0,33.6667,29.3333,0,-10.8332,0.0001,-0.000675543,0.111016,1.62717,0.127195,56034,0.129882,55.96,2.12655
1772,0.460709,0.455602,0.0178008,0.0107262,0.660489,0.399398,0.83265,0.495291,0.0254578,0.0434745,0.0170967,0.194943,0.010888,0,0.242627,0.124921,4.41732,0.0685908,0.300557,0.0851284,0.850057,6.78482,0.956138,0.942325,0.0538227,0.271138,0.497803,0.214446,0.55494,0.55494,0,0,-0.00455247,0.0327081,0.945866,0.800587,0.0132119,0.0234171,0.00405765,0.00309168,0.563871,0.0122255,-7.52794,-8.05516,14.3355,0.56238,1.00408,-16.6278,-0.909091,-0.170226,2.04741,0.541667,10.5,0,0,36.75,31.4167,0,-10.8322,0.0001,-0.000685952,0.108741,1.62309,0.130693,56052,0.129908,57.26,2.27868
1773,0.460396,0.45848,0.0177904,0.0105454,0.659023,0.401617,0.83303,0.498454,0.0257847,0.0429308,0.0173104,0.194113,0.0108844,0,0.241878,0.125678,4.38962,0.0677906,0.29984,0.0854503,0.850413,6.77966,0.955431,0.942359,0.0537915,0.270094,0.497804,0.213627,0.575406,0.575406,0,0,-0.0045304,0.0322841,0.946241,0.799369,0.0133122,0.0237023,0.00407722,0.00315643,0.564332,0.0123911,-7.57252,-7.81986,14.4311,0.559159,1.00798,-16.7757,-0.909091,-0.170005,2.0615,0.541667,10.1667,0,0,34.0833,30.4167,0,-10.8301,0.0001,-0.00113621,0.109688,1.65367,0.12617,55232,0.129921,56.58,2.2399
1774,0.460957,0.457213,0.017823,0.0107748,0.660071,0.40143,0.832954,0.498607,0.0257877,0.0427377,0.0173345,0.194135,0.0108637,0,0.24153,0.126153,4.43073,0.0676423,0.299693,0.0854566,0.851424,6.78451,0.954996,0.942253,0.0543693,0.275411,0.499645,0.213772,0.558367,0.558367,0,0,-0.00453058,0.0320234,0.946613,0.798754,0.0133292,0.0236737,0.00400472,0.00304781,0.561557,0.0124052,-7.56426,-7.7305,14.4239,0.558521,1.0091,-16.8369,-0.909091,-0.169835,2.05497,0.5,10.7917,0,0,37.4583,30.75,0,-10.83,0.0001,-0.000606447,0.107759,1.64188,0.125652,55616,0.129933,58.18,2.12342
1775,0.463639,0.458732,0.0178395,0.0106475,0.662935,0.403031,0.832669,0.495625,0.0256988,0.0434492,0.0172467,0.195724,0.0109153,0,0.243277,0.12508,4.41178,0.0679023,0.300993,0.0856413,0.849987,6.782,0.955645,0.9422,0.0539046,0.268961,0.497958,0.215218,0.553125,0.553125,0,0,-0.00455871,0.0322432,0.946026,0.799418,0.0132893,0.0236494,0.0040295,0.00308353,0.562257,0.0123055,-7.54054,-7.93878,14.4232,0.559603,1.00953,-16.6932,-0.909091,-0.170612,2.06056,0.583333,10.2917,0,0,34.2917,30.7917,0,-10.8293,0.0001,-0.000483833,0.112726,1.623,0.127589,56154,0.129949,57.24,2.10303
1776,0.45944,0.453769,0.0178452,0.0107882,0.657906,0.398119,0.832412,0.493033,0.0255031,0.0444091,0.0171092,0.19427,0.0109534,0,0.241271,0.124104,4.42705,0.0692284,0.299476,0.0853805,0.849596,6.78233,0.955751,0.942181,0.0543465,0.27455,0.496541,0.213492,0.553624,0.553624,0,0,-0.00456327,0.0334106,0.945143,0.800292,0.0132231,0.0235253,0.00416625,0.00316945,0.563716,0.0121719,-7.48032,-8.17824,14.4313,0.561784,1.01066,-16.519,-0.909091,-0.169383,2.0387,0.666667,11.4167,0,0,35.875,29.0417,0,-10.8266,0.0001,-0.000746521,0.109977,1.63908,0.123511,55772,0.129992,57,2.09483
1777,0.461772,0.456542,0.0178072,0.0106567,0.660404,0.400841,0.832739,0.496174,0.0252076,0.044065,0.0169428,0.194548,0.0107778,0,0.242471,0.125084,4.40209,0.0679505,0.30008,0.0845808,0.85048,6.79483,0.95649,0.942305,0.0539479,0.266357,0.499215,0.214296,0.562011,0.562011,0,0,-0.00459293,0.0316472,0.945585,0.802933,0.0130264,0.0231677,0.00394304,0.00298939,0.562589,0.0120131,-7.5688,-8.22328,14.2613,0.565123,1.00165,-16.5588,-0.909091,-0.170152,2.05072,0.541667,10.9583,0,0,35.875,31.5833,0,-10.8228,0.0001,-0.000856028,0.109055,1.61505,0.124566,56509,0.130025,57.5,2.1522
1778,0.461831,0.458688,0.0178669,0.0106678,0.661572,0.403913,0.833222,0.497156,0.0252854,0.0444687,0.0169701,0.194998,0.0108374,0,0.241798,0.12551,4.4166,0.0687881,0.299543,0.0848002,0.849823,6.78531,0.955977,0.942111,0.0539657,0.267286,0.498649,0.214255,0.575736,0.575736,0,0,-0.00459014,0.0326983,0.945227,0.802612,0.0130561,0.0233111,0.00413606,0.00313007,0.562316,0.0120121,-7.39507,-8.33007,14.3354,0.563663,1.01191,-16.4617,-0.909091,-0.169934,2.06124,0.458333,11.6667,0,0,33.4167,30.375,0,-10.8208,0.0001,-0.000540065,0.106547,1.60614,0.126939,56722,0.130036,56.98,2.34264
1779,0.462737,0.45665,0.0178887,0.0107147,0.661404,0.402543,0.83214,0.496519,0.0253116,0.0443807,0.0169824,0.194814,0.0108816,0,0.241515,0.125399,4.43189,0.0688691,0.299749,0.0850231,0.849829,6.78453,0.956285,0.942041,0.0542311,0.270781,0.498633,0.214381,0.563891,0.563891,0,0,-0.00459179,0.0326188,0.944675,0.801796,0.0131062,0.0233499,0.00391062,0.00293254,0.561348,0.0120207,-7.51542,-8.33073,14.3887,0.563564,1.01217,-16.4335,-0.909091,-0.16962,2.04946,0.875,12.25,0,0,35.4583,31.625,0,-10.8219,0.0001,-0.000245454,0.111967,1.60445,0.127224,56768,0.130007,56.95,2.32546
1780,0.459337,0.455406,0.0178764,0.0107757,0.658268,0.400437,0.832803,0.49752,0.0254037,0.0433692,0.017073,0.19414,0.0108294,0,0.241041,0.126091,4.40951,0.067532,0.299631,0.0846667,0.850463,6.79019,0.956623,0.94208,0.0544004,0.270914,0.497374,0.213834,0.572989,0.572989,0,0,-0.0045354,0.0326601,0.946472,0.800697,0.0131664,0.0233549,0.00420059,0.0031841,0.564522,0.0121993,-7.50558,-7.94481,14.3593,0.560498,1.00217,-16.6758,-0.909091,-0.169032,2.04672,0.375,10.0833,0,0,34.6667,30.875,0,-10.8247,0.0001,-0.00044084,0.113899,1.63664,0.120873,55933,0.130006,55.85,1.92109
1781,0.461833,0.454743,0.0178502,0.0109469,0.660833,0.399094,0.831954,0.492537,0.0255376,0.0446926,0.0171283,0.194493,0.0109593,0,0.241263,0.124046,4.45222,0.0690541,0.300396,0.0855122,0.849621,6.77948,0.955707,0.942165,0.0540492,0.266645,0.496932,0.213576,0.552915,0.552915,0,0,-0.00460505,0.0319155,0.944214,0.799978,0.0132636,0.0235685,0.00394902,0.00303495,0.562387,0.0121441,-7.47131,-8.25319,14.4713,0.56306,1.01644,-16.445,-0.909091,-0.17,2.04221,0.666667,12.375,0,0,35.3333,33.4583,0,-10.8259,0.0001,-0.000880832,0.10761,1.61703,0.121429,56546,0.130008,56.87,2.0513
1782,0.463737,0.461958,0.0178251,0.0104593,0.662359,0.405715,0.831961,0.499718,0.0252949,0.0433775,0.017006,0.194901,0.0107829,0,0.242834,0.12618,4.43635,0.0685231,0.300054,0.0843494,0.850283,6.78735,0.955862,0.942247,0.0546516,0.271861,0.499263,0.214904,0.569981,0.569981,0,0,-0.00456103,0.0318154,0.946319,0.801398,0.0130839,0.0232124,0.00412874,0.00314424,0.563815,0.0121268,-7.59154,-8.05831,14.2816,0.562414,0.999071,-16.6482,-0.909091,-0.170405,2.07254,0.5,9.95833,0,0,33.8333,29.5833,0,-10.8258,0.0001,-0.000413018,0.112101,1.59729,0.1248,57084,0.13005,56.9,2.06016
1783,0.464259,0.455497,0.0179302,0.0107934,0.664456,0.401954,0.832578,0.491524,0.0252759,0.0441247,0.0169697,0.196201,0.0107751,0,0.242721,0.123818,4.44642,0.0686877,0.300083,0.0843437,0.849848,6.78568,0.955386,0.941886,0.0547962,0.268353,0.497583,0.215869,0.558193,0.558193,0,0,-0.00457665,0.0325124,0.94556,0.802133,0.0130445,0.0232786,0.00413268,0.00311898,0.562404,0.0120144,-7.45167,-8.24159,14.3343,0.563342,1.0083,-16.5194,-0.90848,-0.170138,2.04539,0.416667,11.75,0,0,35,31.5417,0.0416667,-10.8234,0.0001,-0.00065429,0.108658,1.56084,0.121292,58440,0.130078,55.64,2.01821
1784,0.464383,0.465202,0.0177233,0.0103327,0.660245,0.405614,0.831876,0.503619,0.0255792,0.0431348,0.0171717,0.194176,0.0108468,0,0.242887,0.127614,4.44288,0.0683619,0.300344,0.0852861,0.850183,6.79213,0.956453,0.942576,0.0534464,0.267729,0.500365,0.21369,0.578119,0.578119,0,0,-0.00454136,0.0327201,0.945605,0.800924,0.0132382,0.0235668,0.0041214,0.00316761,0.564608,0.0122581,-7.57665,-7.9896,14.3963,0.561065,1.01066,-16.6702,-0.909091,-0.170955,2.08785,0.541667,10.7083,0,0,33.5417,30.5417,0,-10.8227,0.0001,-0.00107665,0.118404,1.57216,0.131287,57708,0.130097,56.89,2.24681
1785,0.461401,0.453785,0.0177895,0.0107737,0.660031,0.397889,0.831592,0.491752,0.0257369,0.0426848,0.0172995,0.195104,0.0108422,0,0.242868,0.123377,4.44782,0.0684643,0.300796,0.0852744,0.848854,6.78171,0.954726,0.942362,0.0545237,0.273964,0.496295,0.214673,0.544088,0.544088,0,0,-0.0045123,0.0330718,0.946386,0.798943,0.0133166,0.023658,0.00412292,0.00318133,0.563923,0.0123956,-7.62592,-7.74049,14.4036,0.55879,1.0081,-16.8348,-0.909091,-0.170208,2.03682,0.333333,10.2917,0,0,36.6667,31.125,0,-10.8218,0.0001,-0.000989271,0.113537,1.66037,0.129659,54917,0.130125,55.99,1.88985
1786,0.462295,0.460255,0.0178357,0.0103946,0.661183,0.404042,0.832651,0.500733,0.0253529,0.0434311,0.0170301,0.195616,0.010732,0,0.24336,0.127089,4.44651,0.0684035,0.300964,0.0847582,0.849726,6.79528,0.955694,0.942212,0.054406,0.266365,0.499797,0.215468,0.581917,0.581917,0,0,-0.00456134,0.0324601,0.945853,0.803396,0.0130328,0.0232932,0.00405965,0.00311417,0.563248,0.0120916,-7.58124,-8.07104,14.3081,0.562147,1.00215,-16.6425,-0.909091,-0.170148,2.06771,0.5,10.5833,0,0,35.3333,31.375,0,-10.8189,0.0001,0.000207944,0.106392,1.61011,0.130635,56472,0.130163,56.64,2.12751
1787,0.463766,0.45986,0.017887,0.0106285,0.662581,0.404937,0.832447,0.49671,0.025091,0.0454905,0.0168192,0.19543,0.0109439,0,0.242284,0.125296,4.42774,0.0694847,0.300504,0.0847643,0.850729,6.78559,0.95626,0.942046,0.0541662,0.263812,0.498093,0.214843,0.566347,0.566347,0,0,-0.00462821,0.0323403,0.943522,0.803926,0.0130073,0.0231929,0.00403344,0.00308797,0.563396,0.0118422,-7.48029,-8.60386,14.3231,0.567931,1.013,-16.2502,-0.909091,-0.17014,2.06468,0.375,12.5417,0,0,33.625,31.125,0,-10.8152,0.0001,-0.000819346,0.111343,1.62229,0.122668,56335,0.130227,56.35,2.07783
1788,0.464263,0.45841,0.0178002,0.0104627,0.661756,0.402374,0.832078,0.495155,0.0249848,0.0450284,0.016766,0.194937,0.0108228,0,0.242649,0.124824,4.41413,0.0690278,0.300228,0.0843008,0.847617,6.79571,0.956558,0.942327,0.0533307,0.258983,0.499576,0.214256,0.565006,0.565006,0,0,-0.00462181,0.032811,0.944527,0.805913,0.0128916,0.0230341,0.00419041,0.00323072,0.566159,0.0117948,-7.41523,-8.59525,14.21,0.568988,1.00645,-16.3356,-0.909091,-0.17049,2.05731,0.75,12.3333,0,0,32.4167,32.4583,0,-10.8127,0.0001,-0.000895475,0.111412,1.65565,0.124697,55216,0.130249,57.02,2.28646
1789,0.4601,0.457544,0.0177122,0.0107034,0.65728,0.399281,0.83154,0.500548,0.0252332,0.0443002,0.0169495,0.193657,0.0108653,0,0.242268,0.126297,4.44883,0.0696078,0.299852,0.0845043,0.848567,6.78369,0.955975,0.942612,0.0534138,0.266102,0.497623,0.213043,0.575271,0.575271,0,0,-0.00455929,0.0337723,0.944868,0.80269,0.0131069,0.0232623,0.00417076,0.00319816,0.564939,0.0120376,-7.54225,-8.2783,14.2882,0.566665,1.00461,-16.495,-0.909091,-0.170212,2.05368,0.375,11.5417,0,0,34.3333,31.5833,0,-10.8127,0.0001,0.000202138,0.10919,1.6313,0.123055,56034,0.130258,57.48,2.15057
1790,0.460375,0.45729,0.0178666,0.0106403,0.65903,0.401599,0.832513,0.497256,0.0253625,0.0436215,0.0170207,0.193734,0.0108689,0,0.24085,0.125707,4.44603,0.0691735,0.299287,0.0849965,0.851474,6.78881,0.95544,0.942112,0.0539291,0.269125,0.49757,0.213295,0.571465,0.571465,0,0,-0.00457375,0.0321687,0.945701,0.801886,0.0130903,0.0233518,0.00410736,0.00313795,0.563898,0.0121226,-7.53556,-8.20057,14.3084,0.562105,1.00708,-16.5683,-0.909091,-0.169427,2.05335,0.5,11.125,0,0,34.625,29.5,0,-10.8101,0.0001,-0.00109856,0.107528,1.58923,0.124953,57347,0.130274,57.83,2.10593
1791,0.460458,0.461057,0.0177469,0.0102879,0.658191,0.402744,0.831971,0.500279,0.0256428,0.0419982,0.0172492,0.192663,0.01085,0,0.241247,0.125751,4.43883,0.0681203,0.299309,0.0849882,0.85155,6.78397,0.955234,0.9425,0.0540428,0.270376,0.49711,0.212565,0.575444,0.575444,0,0,-0.00453786,0.031747,0.946786,0.799129,0.0132855,0.0235121,0.00398163,0.00305897,0.562142,0.0123952,-7.74322,-7.69172,14.4019,0.557369,0.999089,-16.8492,-0.909091,-0.170176,2.0705,0.583333,9.41667,0,0,36.0833,31.75,0,-10.8091,0.0001,-0.00063464,0.108329,1.65886,0.123645,55149,0.130232,57.12,2.23953
1792,0.461144,0.458443,0.0177626,0.0104886,0.658983,0.401358,0.831592,0.498795,0.0256847,0.0423583,0.0172698,0.194072,0.0108916,0,0.242315,0.125888,4.4403,0.06783,0.300278,0.0853284,0.850034,6.78577,0.956011,0.942449,0.0536289,0.269353,0.498122,0.213916,0.572006,0.572006,0,0,-0.00454374,0.031862,0.946664,0.799179,0.0133338,0.0235923,0.00396873,0.00304974,0.562842,0.0124037,-7.65734,-7.71757,14.397,0.558804,1.00509,-16.8134,-0.909091,-0.170098,2.05697,0.5,9.79167,0,0,35.7083,30.5833,0,-10.8124,0.0001,-0.000807772,0.108631,1.62501,0.125221,56166,0.130221,57.31,2.13321
1793,0.460804,0.453031,0.0178583,0.0108298,0.660219,0.398713,0.832688,0.494372,0.0256693,0.0428624,0.0172504,0.194871,0.0109071,0,0.242164,0.124968,4.41897,0.0674916,0.300846,0.085295,0.852993,6.78485,0.955799,0.942139,0.0540095,0.27262,0.49871,0.21462,0.562497,0.562497,0,0,-0.00456348,0.0311677,0.946187,0.798128,0.0133023,0.0235935,0.00393575,0.00298736,0.560724,0.0123234,-7.65422,-7.84771,14.433,0.557682,1.0104,-16.7506,-0.909091,-0.169635,2.03536,0.291667,10.4167,0,0,35.7083,28.25,0,-10.8125,0.0001,-3.9809e-05,0.115374,1.59475,0.129604,57009,0.130224,56.78,2.12073
1794,0.461764,0.456072,0.0177612,0.0105567,0.660687,0.399244,0.831679,0.495763,0.0258451,0.0422873,0.0173663,0.194863,0.0109357,0,0.243184,0.125128,4.44918,0.0679621,0.300632,0.0860097,0.851132,6.78269,0.955649,0.942438,0.0536969,0.272963,0.498404,0.214418,0.558082,0.558082,0,0,-0.00453117,0.0320432,0.946399,0.797663,0.0134191,0.0237446,0.00394472,0.00300854,0.561869,0.0124807,-7.6939,-7.67516,14.442,0.557814,1.01049,-16.8565,-0.908605,-0.170718,2.04769,0.541667,10.0417,0,0,37.0833,31.5833,0.0416667,-10.8127,0.0001,-0.000903468,0.108865,1.71304,0.13644,53152,0.130233,55.7,2.10563
1795,0.458655,0.457603,0.017808,0.0106882,0.657831,0.400872,0.832713,0.498279,0.0256083,0.0429069,0.017224,0.193466,0.0109261,0,0.24114,0.125267,4.42286,0.0676421,0.300125,0.0851353,0.852466,6.78381,0.956372,0.942302,0.053667,0.27145,0.496416,0.213135,0.562696,0.562696,0,0,-0.00457773,0.0312399,0.945568,0.798923,0.013306,0.0235413,0.00384366,0.00293938,0.561881,0.0123193,-7.73377,-7.89053,14.4335,0.559298,1.00632,-16.682,-0.909091,-0.169627,2.05598,0.416667,10.9583,0,0,36.3333,28.3333,0,-10.8128,0.0001,-0.000863569,0.109451,1.7326,0.144487,52370,0.130259,58.1,2.23607
1796,0.46228,0.451525,0.017888,0.010905,0.662603,0.397809,0.831265,0.490364,0.0250292,0.0446188,0.0167879,0.194605,0.0108696,0,0.241299,0.123628,4.42483,0.0685592,0.300001,0.0840426,0.851414,6.79305,0.957026,0.942028,0.0533024,0.265402,0.497727,0.214323,0.551559,0.551559,0,0,-0.00460831,0.0318865,0.944454,0.803301,0.0129816,0.0230947,0.00391523,0.00293067,0.561669,0.0118749,-7.51981,-8.51524,14.2816,0.566246,1.00678,-16.3339,-0.908629,-0.169894,2.02445,0.666667,12.25,0,0,33.875,30.875,0.0416667,-10.8122,0.0001,-0.00078943,0.110398,1.69592,0.136764,53639,0.130265,55.43,1.96954
1797,0.461979,0.458704,0.0177341,0.0105006,0.658552,0.400894,0.830361,0.502055,0.0253416,0.0432223,0.0170319,0.193135,0.0108735,0,0.242031,0.127391,4.44247,0.0686147,0.299646,0.0848936,0.851754,6.78901,0.956229,0.942542,0.0532847,0.274898,0.500733,0.213147,0.583313,0.583313,0,0,-0.00453944,0.0328773,0.94593,0.801358,0.0131383,0.0232764,0.00404302,0.00307209,0.563465,0.0121864,-7.66985,-8.01072,14.3032,0.563068,0.996228,-16.6481,-0.909091,-0.170249,2.05444,0.458333,9.75,0,0,36.75,30.0833,0,-10.8139,0.0001,-0.000990831,0.112382,1.73616,0.134517,52549,0.130244,57.45,2.16026
1798,0.462136,0.456063,0.0177996,0.0107087,0.661552,0.399597,0.831076,0.494953,0.0254363,0.0438478,0.017083,0.19472,0.0109518,0,0.242733,0.124814,4.4166,0.0685257,0.300803,0.0849234,0.851405,6.78081,0.955806,0.942329,0.0537722,0.273251,0.497079,0.214383,0.561415,0.561415,0,0,-0.00455635,0.0327509,0.945047,0.799847,0.0132272,0.0234083,0.00401395,0.00305127,0.562084,0.0121876,-7.64395,-8.13318,14.3655,0.563381,1.00485,-16.5806,-0.909091,-0.170605,2.0448,0.416667,11.5,0,0,36.625,29.1667,0,-10.8161,0.0001,-0.000455616,0.11506,1.7571,0.139604,51828,0.130237,57.81,2.16662
1799,0.460432,0.455101,0.0177982,0.0108024,0.660234,0.398551,0.83077,0.495187,0.0253716,0.0436349,0.0170471,0.193572,0.0108531,0,0.241564,0.124852,4.45463,0.0685929,0.3002,0.0847294,0.849931,6.78234,0.955945,0.942334,0.0531442,0.273201,0.497959,0.213304,0.555719,0.555719,0,0,-0.00457547,0.0317355,0.945196,0.801072,0.0131549,0.0233574,0.00389289,0.0029772,0.562447,0.0121323,-7.63843,-8.18069,14.3186,0.564291,1.00435,-16.5578,-0.909091,-0.170292,2.04128,0.625,11.375,0,0,35.1667,30.6667,0,-10.816,0.0001,-3.42887e-05,0.109911,1.74303,0.136093,52313,0.130255,56.39,1.84173
1800,0.459868,0.453938,0.0178799,0.0108495,0.661107,0.400256,0.831745,0.496104,0.025263,0.0438881,0.0169699,0.194514,0.0109233,0,0.241595,0.125219,4.44094,0.0683504,0.300054,0.0844542,0.852618,6.78466,0.956447,0.942069,0.0538466,0.275127,0.498217,0.214387,0.563074,0.563074,0,0,-0.00457718,0.0316464,0.945018,0.800146,0.0131178,0.0232802,0.0039096,0.00290065,0.560153,0.0120671,-7.5924,-8.24481,14.3709,0.562891,1.00888,-16.4887,-0.909091,-0.169672,2.03742,0.458333,11.3333,0,0,35.625,27.5833,0.0416667,-10.8157,0.0001,-0.000174732,0.11292,1.72109,0.128922,53137,0.130255,56.98,2.14867
1801,0.460229,0.453709,0.0178081,0.0110416,0.661037,0.397945,0.831761,0.491918,0.0254803,0.0432912,0.0171173,0.193973,0.0108115,0,0.24184,0.123785,4.43771,0.0684492,0.30027,0.0846758,0.851041,6.78183,0.955573,0.942302,0.0533033,0.270645,0.498186,0.21359,0.542896,0.542896,0,0,-0.00455909,0.0314952,0.945694,0.80019,0.0131895,0.023447,0.00387479,0.0029435,0.560929,0.0122318,-7.6864,-8.04743,14.3172,0.562666,1.00669,-16.6651,-0.909091,-0.170374,2.03656,0.458333,11.2917,0,0,36.2917,30.875,0,-10.8152,0.0001,-0.00060276,0.103375,1.76172,0.130349,51955,0.130275,57.37,1.96693
1802,0.457921,0.455296,0.0178074,0.0108595,0.658603,0.399445,0.832089,0.499002,0.0252574,0.0439369,0.0169515,0.192852,0.0108822,0,0.240423,0.126053,4.43173,0.0685278,0.299465,0.0845461,0.851588,6.78428,0.955976,0.942304,0.0532442,0.27047,0.498017,0.212416,0.570823,0.570823,0,0,-0.0045763,0.0316549,0.944708,0.801222,0.013104,0.0232792,0.0039365,0.00295574,0.561279,0.0120664,-7.61022,-8.32449,14.3254,0.565469,1.00614,-16.4534,-0.909091,-0.169706,2.04521,0.625,11.6667,0,0,34.1667,29.3333,0,-10.8125,0.0001,-0.000656356,0.105431,1.65188,0.129425,55186,0.130305,57.04,2.19749
1803,0.45777,0.458921,0.017703,0.0104208,0.656904,0.399781,0.831046,0.505663,0.0257414,0.0417085,0.0173188,0.191911,0.0108506,0,0.241092,0.127933,4.43275,0.0673653,0.299354,0.0850887,0.85404,6.78246,0.955379,0.942642,0.0535297,0.280797,0.499394,0.212056,0.584546,0.584546,0,0,-0.00451554,0.0310251,0.946741,0.798234,0.0133454,0.0236144,0.00376387,0.00289023,0.560919,0.0124998,-7.86969,-7.62944,14.35,0.559943,0.99924,-16.9255,-0.909091,-0.170291,2.05912,0.25,9.58333,0,0,38.3333,29.375,0,-10.8103,0.0001,-0.000690049,0.102557,1.64997,0.128369,55278,0.1303,57.95,2.06204
1804,0.461944,0.461194,0.0177381,0.0106256,0.66181,0.40342,0.831892,0.505214,0.0250884,0.0438364,0.0168572,0.193975,0.010808,0,0.242483,0.128258,4.42051,0.0678802,0.300545,0.0840187,0.852352,6.78771,0.956351,0.942511,0.0532037,0.268407,0.502228,0.21357,0.586051,0.586051,0,0,-0.00458237,0.0314118,0.944816,0.803383,0.0129822,0.0231016,0.00385014,0.00289032,0.56086,0.0119942,-7.65455,-8.3612,14.2148,0.568294,1.0024,-16.4828,-0.908565,-0.171068,2.07013,0.5,11.0833,0,0,34.9583,31.2917,0.0416667,-10.8079,0.0001,-9.75575e-05,0.102234,1.63048,0.126199,55960,0.130316,56.85,2.03833
1805,0.46164,0.46267,0.0178576,0.0106013,0.660246,0.406779,0.832688,0.504423,0.0254883,0.0434934,0.017122,0.193342,0.0109298,0,0.240309,0.127698,4.41682,0.0681384,0.299439,0.0848937,0.853456,6.77874,0.955519,0.942141,0.0537539,0.274304,0.499785,0.213018,0.585549,0.585549,0,0,-0.0045585,0.031339,0.945285,0.798845,0.013253,0.0234879,0.0039102,0.00293707,0.560272,0.0122523,-7.62696,-8.13099,14.3869,0.561318,1.01037,-16.5775,-0.909091,-0.16959,2.07806,0.666667,11.0833,0,0,36.1667,28.0833,0,-10.8061,0.0001,0.000245355,0.11377,1.63677,0.129104,55668,0.13031,57.74,2.45044
1806,0.45857,0.454521,0.017812,0.0106441,0.659105,0.399123,0.831444,0.497392,0.0254958,0.0431506,0.0171174,0.192828,0.0108683,0,0.240157,0.125596,4.43208,0.0682947,0.299523,0.08501,0.850974,6.7843,0.956254,0.942289,0.0536553,0.272591,0.499717,0.212285,0.569321,0.569321,0,0,-0.00456427,0.03146,0.945621,0.800329,0.0132209,0.0234955,0.00393602,0.00299462,0.562986,0.0122582,-7.62347,-8.07746,14.3332,0.563509,1.00798,-16.6242,-0.909091,-0.169787,2.03975,0.416667,11.4167,0,0,36.9167,31.375,0,-10.8066,0.0001,-0.000347286,0.109202,1.63856,0.123308,55795,0.130324,57.89,2.02792
1807,0.459629,0.45592,0.0178252,0.0108669,0.661572,0.400244,0.831549,0.496463,0.0249872,0.045233,0.0167674,0.194221,0.0108272,0,0.241505,0.125402,4.43065,0.0686238,0.300784,0.083959,0.85167,6.78476,0.956831,0.942246,0.0530629,0.270415,0.498217,0.213482,0.564797,0.564797,0,0,-0.00462827,0.0312494,0.943602,0.803135,0.0129906,0.0230915,0.00396022,0.00296653,0.562304,0.0118421,-7.5313,-8.64247,14.3046,0.569315,1.00797,-16.238,-0.909091,-0.170432,2.04617,0.416667,12.875,0,0,33.9583,28.0417,0,-10.8059,0.0001,-0.000556669,0.110072,1.57195,0.126314,57885,0.130336,56.57,2.06274
1808,0.459858,0.456212,0.0178981,0.0107471,0.661611,0.401995,0.831774,0.499437,0.0248943,0.04531,0.0167036,0.194777,0.0108626,0,0.241264,0.126769,4.42693,0.0693653,0.300404,0.0838754,0.850785,6.78911,0.957146,0.94201,0.0532197,0.265939,0.49881,0.214284,0.573628,0.573628,0,0,-0.00463219,0.0318369,0.943945,0.803848,0.0129191,0.0229839,0.00396665,0.00295388,0.561716,0.0117752,-7.49649,-8.71035,14.2596,0.568225,1.00413,-16.2318,-0.909091,-0.16967,2.04695,0.708333,13.125,0,0,34.25,30.9167,0,-10.8061,0.0001,7.09427e-05,0.105587,1.6056,0.124424,56822,0.130344,57.62,1.99617
1809,0.459401,0.457438,0.017832,0.0107347,0.659283,0.401375,0.831727,0.500799,0.0249592,0.0454953,0.016748,0.192609,0.010867,0,0.239621,0.126945,4.43566,0.0691345,0.298953,0.0840776,0.852321,6.78388,0.956158,0.942224,0.0534837,0.264395,0.499584,0.211803,0.582007,0.582007,0,0,-0.00464545,0.0308449,0.943795,0.804084,0.0129357,0.0230346,0.00389109,0.00294638,0.561916,0.0117727,-7.48201,-8.70679,14.2287,0.570509,1.00773,-16.2414,-0.909091,-0.169697,2.0524,0.458333,12.3333,0,0,33.8333,30.4167,0,-10.8071,0.0001,-0.000621111,0.109789,1.58571,0.12313,57526,0.130302,57.14,2.17855
1810,0.45965,0.453445,0.0178222,0.0107794,0.660222,0.397277,0.830985,0.495037,0.0249456,0.0455804,0.0167289,0.194088,0.0108778,0,0.241279,0.125002,4.40784,0.0690576,0.300152,0.0842928,0.848948,6.79504,0.95711,0.942256,0.0527012,0.259325,0.498566,0.213278,0.561565,0.561565,0,0,-0.00464315,0.0316616,0.943514,0.804547,0.0129401,0.0230465,0.00404499,0.00306955,0.564525,0.0117586,-7.48164,-8.73152,14.2788,0.569048,1.00938,-16.2078,-0.909091,-0.170105,2.03352,0.5,12.625,0,0,31.5417,31.375,0,-10.8088,0.0001,-7.10827e-05,0.110917,1.58094,0.122095,57722,0.130314,57,2.318
1811,0.460684,0.454996,0.017823,0.0109243,0.661422,0.399372,0.831146,0.496368,0.0250597,0.0453283,0.0168213,0.194225,0.0108865,0,0.241479,0.125103,4.40083,0.0685678,0.300466,0.084308,0.850014,6.78667,0.957104,0.942253,0.0529764,0.265636,0.498492,0.213547,0.557136,0.557136,0,0,-0.00462798,0.0310117,0.944398,0.803599,0.0129881,0.0231064,0.0040199,0.00305044,0.563558,0.0118404,-7.47398,-8.53655,14.2803,0.567665,1.00958,-16.3466,-0.909091,-0.17034,2.03973,0.333333,12.6667,0,0,34.75,31.5833,0,-10.8057,0.0001,-0.000722564,0.108886,1.58853,0.125562,57350,0.130353,56.74,2.34041
1812,0.459866,0.459725,0.0177859,0.0103938,0.65827,0.401797,0.830908,0.500761,0.0250662,0.0456127,0.0167991,0.193208,0.010921,0,0.240866,0.126655,4.40407,0.0697319,0.299653,0.0849019,0.848822,6.78413,0.955782,0.942374,0.0529636,0.264727,0.497641,0.212219,0.584223,0.584223,0,0,-0.00462626,0.0324251,0.943775,0.803611,0.0130229,0.0231145,0.0040928,0.00311908,0.56318,0.011817,-7.44935,-8.65503,14.3031,0.568621,1.00476,-16.2259,-0.909091,-0.170028,2.06168,0.583333,12.5417,0,0,32.0833,30.2083,0,-10.8021,0.0001,-0.00034904,0.111443,1.64098,0.12583,55639,0.130399,57.7,2.30833
1813,0.459707,0.452891,0.0178522,0.0108537,0.660308,0.398081,0.832152,0.494569,0.0251448,0.0450668,0.0168844,0.193791,0.0108989,0,0.240705,0.124963,4.41296,0.0696151,0.299321,0.084637,0.849877,6.7836,0.955951,0.942159,0.0527919,0.261439,0.497596,0.213073,0.559873,0.559873,0,0,-0.00460692,0.031907,0.944742,0.802839,0.0130626,0.0231689,0.00417585,0.00318515,0.564084,0.0119183,-7.42132,-8.45145,14.3153,0.565312,1.00338,-16.3542,-0.909091,-0.169741,2.03351,0.833333,12.5833,0,0,33.4583,32.6667,0,-10.7991,0.0001,-0.000131284,0.109694,1.61572,0.127752,56384,0.130424,57.02,2.08853
1814,0.461259,0.458538,0.0178857,0.0107919,0.660919,0.403099,0.831846,0.499102,0.0250737,0.0455485,0.0168161,0.194717,0.0109079,0,0.241231,0.126117,4.4226,0.0690431,0.300747,0.0843063,0.850351,6.7865,0.956799,0.94205,0.05331,0.26847,0.497497,0.213857,0.56534,0.56534,0,0,-0.00464539,0.0317857,0.944263,0.802693,0.0129994,0.0231313,0.0040428,0.0030406,0.563162,0.0117931,-7.42663,-8.59972,14.3224,0.565961,1.00885,-16.2727,-0.909091,-0.169784,2.05705,0.416667,12.4167,0,0,34,30.1667,0,-10.7979,0.0001,0.00144313,0.111675,1.61951,0.123276,56406,0.130424,56.63,2.1109
1815,0.461067,0.456638,0.0178788,0.0107241,0.661845,0.401873,0.832171,0.496009,0.0251728,0.0445823,0.0169042,0.194185,0.0108627,0,0.240929,0.125261,4.42353,0.0691143,0.299829,0.0843586,0.852144,6.78058,0.956278,0.942058,0.0533069,0.271676,0.497791,0.213701,0.565837,0.565837,0,0,-0.00462176,0.0312521,0.944954,0.801669,0.0130541,0.0231838,0.00405273,0.00305117,0.562521,0.0119166,-7.52364,-8.36269,14.3499,0.563184,1.00416,-16.3912,-0.908629,-0.169897,2.05038,0.333333,11.75,0,0,34.2083,29.5833,0.0416667,-10.7992,0.0001,-0.00103336,0.120157,1.58749,0.122752,57479,0.130422,57.17,2.09571
1816,0.461941,0.453817,0.0177685,0.0106858,0.661599,0.396542,0.831527,0.491511,0.0252893,0.0446544,0.0169865,0.194309,0.0108344,0,0.242488,0.12392,4.42194,0.0685264,0.30076,0.084773,0.850647,6.79031,0.956089,0.94243,0.0526898,0.268778,0.497053,0.213717,0.54871,0.54871,0,0,-0.00461584,0.0310811,0.945506,0.802658,0.0130772,0.0232279,0.00408044,0.00313963,0.564122,0.0119946,-7.55624,-8.19857,14.2928,0.564162,1.00502,-16.5476,-0.909091,-0.170948,2.03635,0.416667,11.2917,0,0,36,32.4167,0,-10.8006,0.0001,-0.000569768,0.111097,1.61857,0.124478,56397,0.13041,56.34,1.97838
1817,0.46463,0.458442,0.0179472,0.0105784,0.664325,0.40469,0.832119,0.49551,0.0253056,0.0444929,0.0169744,0.194884,0.0109036,0,0.240983,0.125704,4.4264,0.0681701,0.300477,0.0847195,0.852041,6.78029,0.956007,0.941851,0.0535725,0.269982,0.499809,0.214323,0.576939,0.576939,0,0,-0.00461681,0.0300893,0.945152,0.800477,0.0131094,0.0233598,0.00407047,0.00304145,0.56262,0.0119538,-7.47769,-8.30568,14.4468,0.559114,1.01487,-16.4021,-0.909091,-0.170055,2.05639,0.291667,11.4583,0,0,34.625,28.9583,0,-10.7993,0.0001,-0.000872284,0.110618,1.62514,0.126004,56137,0.130427,56.92,2.03188
1818,0.460494,0.455314,0.0179153,0.010887,0.663489,0.401424,0.831544,0.495167,0.0250865,0.0451747,0.0168068,0.195447,0.0109222,0,0.241843,0.124982,4.42849,0.0691635,0.301091,0.0845489,0.849976,6.7868,0.956673,0.941954,0.0529888,0.26558,0.49734,0.214816,0.563753,0.563753,0,0,-0.00462422,0.031608,0.944355,0.801713,0.0130488,0.0231801,0.00412137,0.00307954,0.562779,0.011856,-7.42686,-8.51582,14.4255,0.562652,1.00959,-16.2462,-0.909091,-0.169991,2.0428,0.333333,12.9583,0,0,34.2917,30.5417,0,-10.7964,0.0001,-0.000521888,0.1111,1.59438,0.126389,57128,0.130463,56.42,2.17921
1819,0.456541,0.453801,0.0177525,0.0108812,0.657987,0.397482,0.83099,0.497739,0.0253439,0.042976,0.0170547,0.192364,0.0107923,0,0.241006,0.125478,4.41072,0.06825,0.299038,0.0840935,0.852397,6.79726,0.956674,0.942463,0.0528834,0.270726,0.498715,0.212523,0.558585,0.558585,0,0,-0.00452941,0.0319141,0.947364,0.800731,0.0131439,0.0232062,0.0041116,0.00313123,0.564394,0.0122469,-7.6439,-7.83708,14.2107,0.561827,0.991574,-16.8195,-0.908525,-0.169902,2.03608,0.25,9.33333,0,0,36.625,30.4167,0.0416667,-10.7926,0.0001,-0.000335011,0.106475,1.59012,0.126089,57279,0.130501,56.02,1.99208
1820,0.459975,0.456675,0.0179337,0.0106535,0.662468,0.40306,0.832182,0.499411,0.0250852,0.0440952,0.0168368,0.194531,0.0108037,0,0.240616,0.126658,4.41616,0.0682216,0.300192,0.0838772,0.853358,6.7878,0.956586,0.941895,0.0527138,0.270021,0.498715,0.214288,0.580353,0.580353,0,0,-0.00460937,0.0307272,0.945143,0.801528,0.013023,0.0231103,0.00402741,0.00298941,0.561658,0.0119378,-7.54639,-8.31921,14.3836,0.560702,1.00292,-16.4019,-0.909091,-0.169524,2.04975,0.75,12,0,0,35.5,30.7083,0,-10.7911,0.0001,-0.000637872,0.10758,1.60191,0.124535,56940,0.130519,57.82,2.03277
1821,0.4626,0.456286,0.0178619,0.010902,0.66134,0.401757,0.830984,0.497604,0.0253276,0.0430145,0.0170211,0.193993,0.0108086,0,0.241084,0.125871,4.41852,0.0678197,0.300057,0.084517,0.853887,6.78891,0.956125,0.942112,0.0531411,0.271333,0.500974,0.213714,0.562296,0.562296,0,0,-0.00457665,0.0308743,0.946568,0.799721,0.0131338,0.0232709,0.00407858,0.00305247,0.561024,0.0121202,-7.59151,-7.99165,14.3519,0.558694,1.00424,-16.6321,-0.908623,-0.169837,2.04598,0.375,11.0417,0,0,37.0833,29.1667,0.0416667,-10.7908,0.0001,-0.000542475,0.110735,1.59014,0.124216,57341,0.130522,57.64,2.2471
1822,0.458588,0.451113,0.0179244,0.0110295,0.661812,0.398514,0.831523,0.494531,0.0254138,0.043681,0.0170516,0.194873,0.0108818,0,0.240813,0.12536,4.42017,0.0679343,0.3002,0.0846842,0.852582,6.78733,0.95595,0.941925,0.0534352,0.270878,0.499148,0.214374,0.564717,0.564717,0,0,-0.00459184,0.030519,0.945632,0.799917,0.0131704,0.0234264,0.00393324,0.00292995,0.560878,0.0120883,-7.54898,-8.14347,14.4302,0.55943,1.01038,-16.5312,-0.909091,-0.169306,2.0241,0.541667,11.5,0,0,35.7083,29.5417,0,-10.79,0.0001,-0.0010731,0.1082,1.60765,0.127706,56647,0.130552,55.02,1.86366
1823,0.456762,0.458059,0.0178433,0.0108456,0.657728,0.402572,0.830218,0.504962,0.0252957,0.0438099,0.0169873,0.192021,0.0108689,0,0.238961,0.12821,4.42799,0.0684653,0.298457,0.0845447,0.852753,6.79132,0.956154,0.942188,0.0527093,0.26698,0.499578,0.211609,0.593349,0.593349,0,0,-0.00459386,0.0304799,0.945374,0.80137,0.0131227,0.0232956,0.00393973,0.00295796,0.560779,0.0120579,-7.60969,-8.13807,14.3765,0.56163,1.00313,-16.5177,-0.909091,-0.16904,2.05124,0.458333,11,0,0,34.0417,31.0417,0,-10.7867,0.0001,-0.000823913,0.108016,1.64438,0.126602,55508,0.130601,57.27,2.0431
1824,0.458629,0.45341,0.0178249,0.0109561,0.659483,0.398336,0.830107,0.494926,0.025531,0.0434935,0.017135,0.194138,0.0108618,0,0.24133,0.124789,4.40764,0.0678641,0.300931,0.0849068,0.851488,6.78597,0.955818,0.942247,0.053078,0.272224,0.497517,0.21376,0.555235,0.555235,0,0,-0.00453997,0.0320971,0.945978,0.79982,0.0132013,0.0234921,0.00400208,0.00301907,0.562075,0.0122156,-7.54876,-7.95204,14.4727,0.557397,1.00687,-16.6523,-0.909091,-0.169611,2.03137,0.666667,10.6667,0,0,34.875,29.625,0.0416667,-10.7823,0.0001,-0.000578313,0.11042,1.61777,0.125184,56400,0.13064,57.1,2.15385
1825,0.458269,0.4548,0.0178163,0.0107003,0.659215,0.399129,0.830539,0.501842,0.0253423,0.0434707,0.017022,0.193187,0.0108362,0,0.240792,0.127297,4.41361,0.068029,0.299903,0.0844664,0.852623,6.78988,0.955986,0.942275,0.0527925,0.267421,0.499168,0.213083,0.586117,0.586117,0,0,-0.00456566,0.0311618,0.945875,0.800568,0.0131351,0.0232941,0.00393306,0.00298784,0.56135,0.0121502,-7.6455,-8.05133,14.3672,0.559463,0.999373,-16.6072,-0.909091,-0.16966,2.03916,0.5,10.9583,0,0,36.2083,31.375,0,-10.7809,0.0001,-0.000749012,0.107354,1.64623,0.126825,55443,0.130652,57.17,2.00214
1826,0.457471,0.456145,0.0178199,0.0108335,0.657527,0.399966,0.829587,0.503862,0.0255442,0.0430898,0.0171808,0.192269,0.010834,0,0.23964,0.127968,4.42396,0.0677375,0.298815,0.0847508,0.853541,6.78192,0.955077,0.942263,0.0528982,0.271301,0.498565,0.211858,0.587407,0.587407,0,0,-0.00457479,0.0303732,0.946131,0.79901,0.0132414,0.0234544,0.0039471,0.00299514,0.56102,0.0122351,-7.7014,-7.88396,14.3895,0.55937,1.00649,-16.7378,-0.909091,-0.169437,2.04207,0.458333,10.7917,0,0,37.25,29.7083,0,-10.7807,0.0001,-0.000602144,0.112977,1.60614,0.120824,56923,0.130647,58.37,2.45071
1827,0.461534,0.457399,0.0178749,0.0106221,0.66172,0.402699,0.829365,0.497462,0.0253698,0.0433043,0.0170376,0.193966,0.0108026,0,0.240823,0.125908,4.42744,0.0684793,0.299384,0.0844386,0.851826,6.78447,0.956052,0.942085,0.0529093,0.270528,0.499765,0.213576,0.565854,0.565854,0,0,-0.00456247,0.0316235,0.94619,0.799855,0.0131499,0.0233445,0.00409565,0.00306298,0.561913,0.012158,-7.54762,-8.05836,14.3866,0.559076,1.00362,-16.593,-0.909091,-0.16984,2.04726,0.541667,10.7083,0,0,35.625,29.625,0,-10.7822,0.0001,-0.000880171,0.113484,1.59608,0.12474,57126,0.130612,56.67,2.05572
1828,0.460641,0.452819,0.0177832,0.0109813,0.659587,0.397139,0.829003,0.494767,0.0252566,0.0442027,0.0169668,0.193312,0.010902,0,0.241067,0.12493,4.42689,0.0692502,0.299884,0.0847594,0.852531,6.79152,0.956853,0.942382,0.0524588,0.268011,0.499412,0.212639,0.541116,0.541116,0,0,-0.00459671,0.0314431,0.945189,0.800864,0.0131185,0.0232513,0.00400341,0.0030233,0.562728,0.0120866,-7.57919,-8.29714,14.2832,0.564851,1.00422,-16.4949,-0.909091,-0.170122,2.02555,0.375,11.7083,0,0,34.9167,30.0833,0,-10.7853,0.0001,-0.000207506,0.10475,1.58127,0.131545,57393,0.130606,57.36,2.11691
1829,0.458021,0.453857,0.017807,0.0109509,0.658248,0.398001,0.82963,0.497868,0.0255342,0.0427381,0.0171705,0.193356,0.0108809,0,0.241132,0.125368,4.43238,0.068067,0.299429,0.0848638,0.852604,6.787,0.956376,0.942305,0.0529297,0.274421,0.498066,0.213237,0.557772,0.557772,0,0,-0.00454828,0.0308181,0.946321,0.799121,0.0132534,0.0234401,0.00400817,0.00303834,0.562877,0.012282,-7.62985,-7.87599,14.419,0.557529,1.00185,-16.7169,-0.909091,-0.169563,2.03241,0.5,10,0,0,35.2917,30.0833,0.0416667,-10.7845,0.0001,-0.00109599,0.105441,1.599,0.128805,56895,0.130608,57.45,2.14958
1830,0.458868,0.453123,0.0178709,0.0111661,0.659434,0.398579,0.828391,0.492737,0.0256793,0.0432018,0.0172232,0.194122,0.0109426,0,0.240849,0.123694,4.44638,0.0685411,0.299823,0.0852585,0.851609,6.77953,0.955546,0.942098,0.053075,0.269894,0.496164,0.213448,0.545169,0.545169,0,0,-0.00452807,0.0320376,0.945753,0.797328,0.0133396,0.0236796,0.00408387,0.00305118,0.560947,0.0122948,-7.58339,-7.95282,14.5101,0.557086,1.01533,-16.6449,-0.909091,-0.169354,2.02524,0.458333,11.375,0,0,36.3333,29.6667,0,-10.7857,0.0001,-0.000690858,0.114125,1.59817,0.123915,57084,0.130586,55.99,1.82429
1831,0.461397,0.458991,0.0177335,0.010586,0.660451,0.400416,0.829351,0.498839,0.0255186,0.0424398,0.0171563,0.193767,0.0108284,0,0.242771,0.125623,4.41836,0.0675648,0.300904,0.0847083,0.850754,6.78778,0.957024,0.942544,0.0528647,0.271988,0.498256,0.213725,0.564007,0.564007,0,0,-0.00454733,0.0310927,0.946625,0.798646,0.0132604,0.0234339,0.00395337,0.00301778,0.562614,0.0123252,-7.6875,-7.84534,14.3645,0.559023,1.00113,-16.762,-0.909091,-0.170945,2.05512,0.375,9.91667,0,0,36,29.875,0,-10.7878,0.0001,-0.000923284,0.106102,1.60812,0.129505,56573,0.130593,58.33,2.15621
1832,0.45653,0.453414,0.0178616,0.010939,0.657601,0.398782,0.828947,0.498278,0.0259688,0.0421405,0.0174343,0.19341,0.0110444,0,0.240063,0.125762,4.43878,0.0678067,0.299503,0.0860163,0.853731,6.77763,0.95534,0.942128,0.0537983,0.279733,0.49801,0.212875,0.56277,0.56277,0,0,-0.00452568,0.0311197,0.946226,0.794522,0.0135139,0.0239218,0.00391832,0.0029266,0.559046,0.0125459,-7.69365,-7.66648,14.6218,0.552378,1.01507,-16.7862,-0.909091,-0.168874,2.02895,0.25,10.625,0,0,38.0417,29.1667,0,-10.7878,0.0001,-0.000504133,0.108419,1.61872,0.121753,56481,0.13061,57.85,2.2433
1833,0.454019,0.452929,0.0178055,0.0110651,0.655627,0.396604,0.829315,0.499079,0.0255866,0.043119,0.0171714,0.193149,0.0110138,0.000514403,0.240599,0.126073,4.42263,0.0687903,0.299639,0.0852655,0.85115,6.77531,0.955591,0.94231,0.0527827,0.273851,0.496871,0.212671,0.568634,0.568634,0,0,-0.00455337,0.0318221,0.945216,0.797566,0.0133566,0.0235989,0.00399339,0.00302272,0.56155,0.012334,-7.62711,-8.01839,14.4868,0.559076,1.00896,-16.5709,-0.909091,-0.169019,2.02801,0.583333,11.25,0,0,35.7917,30.125,0.0416667,-10.787,0.0001,-0.000466528,0.106924,1.61991,0.126549,56287,0.130623,57.31,1.93131
1834,0.462076,0.459718,0.0178624,0.0107002,0.662512,0.40437,0.82929,0.500965,0.0254701,0.0431184,0.0170886,0.195215,0.0109519,0,0.242344,0.126867,4.39788,0.068008,0.300918,0.0850493,0.85211,6.78419,0.956005,0.942126,0.0529473,0.269443,0.499722,0.214773,0.572692,0.572692,0,0,-0.00457267,0.0315109,0.945353,0.798992,0.0132416,0.0234821,0.00383004,0.00287241,0.559459,0.0121934,-7.6587,-8.1086,14.428,0.559641,1.00936,-16.5457,-0.909091,-0.170217,2.05644,0.333333,11.125,0,0,36.8333,28.8333,0,-10.7875,0.0001,-0.000451677,0.10445,1.63154,0.129773,55812,0.130633,56.85,2.13925
1835,0.460917,0.457203,0.0178922,0.0109817,0.661545,0.402308,0.829424,0.501526,0.0249788,0.0442331,0.0167594,0.193913,0.0107845,0,0.240569,0.127502,4.40404,0.0677007,0.299927,0.083424,0.853239,6.79329,0.956691,0.942029,0.0524859,0.264422,0.501614,0.213538,0.577076,0.577076,0,0,-0.00461625,0.0313119,0.945131,0.803462,0.0129342,0.0230275,0.00396555,0.00295574,0.561394,0.0118203,-7.47076,-8.43077,14.2872,0.564741,1.00483,-16.3732,-0.909091,-0.169698,2.04632,0.416667,12.2917,0,0,33.8333,30.125,0,-10.7882,0.0001,-0.000880144,0.109121,1.6184,0.126571,56335,0.130614,56.96,2.18033
1836,0.460492,0.45524,0.0178748,0.0108345,0.662058,0.400285,0.828588,0.495834,0.0251173,0.0445088,0.0168356,0.194069,0.0109161,0,0.240928,0.12524,4.40092,0.068548,0.299607,0.0845181,0.849418,6.78332,0.956531,0.942086,0.052141,0.259485,0.497897,0.213482,0.564834,0.564834,0,0,-0.00458968,0.0324932,0.944287,0.802122,0.0130943,0.0232276,0.00404433,0.00304605,0.562398,0.0119594,-7.5073,-8.49645,14.3396,0.566076,1.0067,-16.3225,-0.909091,-0.170072,2.03548,0.458333,12.5,0,0,32.875,33.25,0,-10.7885,0.0001,-0.000507155,0.109594,1.62589,0.128326,56038,0.130643,57.76,2.26254
1837,0.460934,0.45717,0.0178642,0.0108471,0.662665,0.402387,0.829663,0.499206,0.0251763,0.0440689,0.0168751,0.194351,0.010897,0,0.241307,0.126683,4.4108,0.0680921,0.300322,0.0842189,0.852436,6.78616,0.956205,0.94212,0.0525527,0.264138,0.500096,0.21388,0.564957,0.564957,0,0,-0.00459671,0.0318703,0.944584,0.801651,0.0130843,0.0232465,0.00395959,0.00297239,0.560973,0.0119835,-7.54318,-8.40991,14.3652,0.564267,1.00851,-16.3645,-0.909091,-0.170156,2.04649,0.333333,11.5417,0,0,33.5417,30.3333,0,-10.7871,0.0001,-0.000806553,0.103622,1.6428,0.130169,55445,0.130664,58.25,2.32413
1838,0.459437,0.459916,0.0178267,0.0106671,0.658396,0.404292,0.828941,0.505049,0.0255189,0.0427034,0.0171292,0.192756,0.0108659,0,0.239747,0.128358,4.42559,0.0681592,0.298886,0.0846602,0.854155,6.78429,0.955575,0.942241,0.0531885,0.271085,0.500908,0.212294,0.58505,0.58505,0,0,-0.00454442,0.0321435,0.945794,0.799322,0.0132243,0.0235089,0.00401076,0.00300312,0.560614,0.012233,-7.60323,-7.99271,14.4227,0.559532,1.00994,-16.6497,-0.909091,-0.169346,2.05608,0.583333,11.375,0,0,36.9167,30.25,0,-10.7866,0.0001,-0.000420499,0.113419,1.66357,0.131749,54755,0.130707,57.04,2.09887
1839,0.461314,0.457138,0.0177592,0.0107719,0.660739,0.40047,0.827839,0.497139,0.0257431,0.0420292,0.017307,0.193712,0.0109058,0,0.242272,0.125505,4.42526,0.0677606,0.300095,0.0854747,0.852436,6.7796,0.955415,0.94246,0.0528857,0.275098,0.499269,0.213733,0.558543,0.558543,0,0,-0.00451233,0.0322128,0.946448,0.798493,0.0133638,0.0236583,0.0038608,0.00293081,0.561172,0.0124409,-7.7077,-7.69557,14.4424,0.558726,1.00314,-16.8317,-0.909091,-0.170547,2.04231,0.583333,9.625,0,0,36.625,30,0,-10.783,0.0001,-0.000592205,0.106861,1.62699,0.123525,56157,0.13074,57.21,1.95669
1840,0.459879,0.456917,0.0177898,0.0106158,0.660535,0.399847,0.828485,0.50107,0.0255012,0.0423482,0.0171464,0.193594,0.0108527,0,0.241743,0.126923,4.42286,0.0680478,0.300132,0.084712,0.8536,6.78584,0.956059,0.942361,0.0530035,0.275674,0.499213,0.213594,0.574378,0.574378,0,0,-0.00454191,0.0315118,0.945732,0.799571,0.0132251,0.0234309,0.00376541,0.00283903,0.559821,0.012316,-7.81378,-7.93304,14.3252,0.562169,0.999935,-16.7256,-0.909091,-0.170321,2.04393,0.583333,10.0417,0,0,37.125,30.2083,0,-10.7816,0.0001,-0.000861942,0.10789,1.63563,0.124503,55850,0.130721,56.19,2.21141
1841,0.460465,0.45524,0.0177837,0.0109993,0.661497,0.399382,0.828842,0.500728,0.0254511,0.0424783,0.0171112,0.193668,0.0108226,0,0.241707,0.127114,4.42232,0.067985,0.299955,0.0846433,0.851475,6.78636,0.956007,0.942381,0.0521573,0.268389,0.500673,0.213449,0.578288,0.578288,0,0,-0.00453685,0.0312574,0.946263,0.800649,0.0131805,0.0233953,0.00386452,0.00293316,0.561083,0.0122949,-7.67552,-7.95656,14.2898,0.562485,0.998467,-16.7117,-0.909091,-0.170532,2.0361,0.25,9.875,0,0,34.5417,30.375,0,-10.7838,0.0001,-0.00059529,0.106179,1.6056,0.128133,56700,0.13069,55.93,1.96436
1842,0.461715,0.459799,0.0178571,0.0106147,0.662024,0.404249,0.828727,0.501779,0.0258021,0.0417953,0.0173348,0.194219,0.0109173,0,0.241499,0.126981,4.4438,0.0671995,0.30027,0.0850778,0.854299,6.77484,0.955273,0.942143,0.0531483,0.279192,0.499869,0.214205,0.577302,0.577302,0,0,-0.00451956,0.0311176,0.946071,0.795633,0.0134365,0.0237739,0.00376858,0.00279372,0.558003,0.0124832,-7.75831,-7.73726,14.5476,0.554719,1.01282,-16.7807,-0.909091,-0.170031,2.05588,0.833333,10.8333,0,0,39.0833,30.2917,0,-10.7849,0.0001,0.000323222,0.11167,1.61165,0.12488,56609,0.130679,58.27,2.22425
1843,0.460493,0.459831,0.0178103,0.0104819,0.659915,0.40307,0.828712,0.503964,0.0252035,0.0430657,0.0169173,0.193106,0.0107816,0,0.241041,0.128102,4.41723,0.0683038,0.298805,0.0839668,0.853202,6.78942,0.956659,0.942295,0.0527524,0.272206,0.501658,0.212866,0.583994,0.583994,0,0,-0.00455544,0.032383,0.945874,0.801001,0.013086,0.0231993,0.00407513,0.0030436,0.562145,0.0120971,-7.6091,-8.17907,14.2741,0.563909,1.00207,-16.5605,-0.909091,-0.170116,2.05585,0.458333,10.75,0,0,34.875,29.3333,0,-10.7861,0.0001,-0.000854641,0.108062,1.64511,0.122962,55599,0.130682,57.37,2.30563
1844,0.461907,0.461382,0.0178171,0.0105766,0.660584,0.405416,0.827312,0.502691,0.0254416,0.0434152,0.0170741,0.193466,0.0108887,0,0.240711,0.127354,4.42134,0.0684442,0.299882,0.0846968,0.851193,6.78775,0.956055,0.942273,0.0529756,0.271601,0.49906,0.212898,0.581309,0.581309,0,0,-0.00454597,0.0325336,0.945178,0.800032,0.0132132,0.0234642,0.00400245,0.00302502,0.562906,0.0121731,-7.58151,-8.11145,14.4246,0.562289,1.00918,-16.5347,-0.909091,-0.170059,2.06013,0.458333,11.375,0,0,35.25,30.875,0,-10.7861,0.0001,-0.000706708,0.105505,1.60523,0.124707,56825,0.130712,58.42,2.32052
1845,0.462561,0.461927,0.0178176,0.010509,0.661508,0.404933,0.828756,0.503142,0.0251882,0.0439563,0.0169099,0.193262,0.0108479,0,0.240974,0.127579,4.39796,0.0689299,0.299112,0.0842309,0.852353,6.79256,0.956659,0.942271,0.0532242,0.26893,0.49977,0.212917,0.583067,0.583067,0,0,-0.00458838,0.0318415,0.945183,0.801584,0.0130794,0.0232032,0.00398099,0.00300583,0.562193,0.0120245,-7.59503,-8.32487,14.2838,0.565216,1.00386,-16.477,-0.909091,-0.170433,2.0646,0.458333,11.3333,0,0,35.0833,30.2083,0,-10.7853,0.0001,-0.000688992,0.106717,1.62137,0.125131,56286,0.130713,57.12,2.34724
1846,0.457672,0.453594,0.017762,0.0108323,0.657691,0.396744,0.828597,0.496778,0.0252055,0.04404,0.0169272,0.192318,0.0109114,0,0.240455,0.125283,4.418,0.069089,0.298646,0.0845539,0.850887,6.78541,0.956265,0.942451,0.0531328,0.272029,0.498546,0.212043,0.557055,0.557055,0,0,-0.00457426,0.0324065,0.944858,0.802507,0.0130799,0.0232053,0.00395921,0.00301212,0.563409,0.012039,-7.62117,-8.30517,14.2693,0.567623,1.00226,-16.4691,-0.909091,-0.169865,2.03023,0.583333,11.0417,0,0,35.5,30.625,0,-10.7864,0.0001,-0.000428316,0.108989,1.59428,0.125132,57173,0.130736,57.1,2.02014
1847,0.462963,0.458001,0.017816,0.0103358,0.662555,0.402197,0.829005,0.498946,0.0252428,0.0433727,0.0169593,0.195021,0.0108635,0,0.242615,0.126198,4.42058,0.0687412,0.29999,0.0844343,0.850965,6.78666,0.955831,0.942276,0.0530505,0.269094,0.500449,0.214638,0.577535,0.577535,0,0,-0.00455585,0.0321015,0.945498,0.801599,0.0130996,0.0232418,0.00401483,0.00302469,0.56116,0.0120996,-7.62999,-8.21203,14.2461,0.565623,1.00366,-16.5489,-0.909091,-0.170508,2.04854,0.541667,11.125,0,0,34.9583,30.6667,0,-10.7854,0.0001,-0.000516112,0.109835,1.59846,0.121266,57162,0.130756,57.38,2.40028
1848,0.461522,0.457631,0.0177799,0.0105277,0.661042,0.401026,0.828036,0.497253,0.0249905,0.04395,0.016792,0.193885,0.0108912,0,0.242075,0.125645,4.42635,0.0693119,0.299525,0.0840097,0.852186,6.79251,0.955934,0.942393,0.0528798,0.268825,0.499702,0.213577,0.570282,0.570282,0,0,-0.00457018,0.0334276,0.944941,0.802582,0.0130152,0.0230197,0.00412088,0.0030977,0.562301,0.0119734,-7.57068,-8.39939,14.224,0.568146,0.998008,-16.415,-0.909091,-0.170491,2.04545,0.708333,11.5833,0,0,34.5,30.5833,0,-10.7849,0.0001,-0.000783598,0.110189,1.63084,0.126831,55928,0.130793,56.53,2.07401
1849,0.46138,0.455201,0.0178416,0.0109383,0.660515,0.400389,0.828712,0.49794,0.025533,0.0428591,0.0171417,0.194403,0.0109025,0,0.241475,0.125906,4.41127,0.0686712,0.299492,0.0848973,0.850078,6.7859,0.956035,0.942193,0.0536427,0.267294,0.499414,0.214039,0.566808,0.566808,0,0,-0.0045358,0.0330061,0.945628,0.7992,0.0132437,0.0235231,0.00404534,0.00307025,0.563099,0.0122343,-7.63176,-8.03297,14.3828,0.561631,1.00821,-16.636,-0.909091,-0.169726,2.03505,0.625,10.875,0,0,34.7917,29.9583,0,-10.7858,0.0001,-0.000938501,0.110824,1.59809,0.124642,57062,0.130766,56.27,1.96035
1850,0.465564,0.460437,0.0177889,0.0103393,0.664217,0.403871,0.827705,0.498126,0.0256262,0.0420263,0.0172107,0.194901,0.0108529,0,0.243223,0.126497,4.44191,0.0682607,0.300363,0.0849339,0.852247,6.78755,0.956101,0.942364,0.0534567,0.277353,0.500063,0.21495,0.576207,0.576207,0,0,-0.00450776,0.0327124,0.946366,0.799099,0.01331,0.0235768,0.00407991,0.00312402,0.563777,0.012373,-7.68444,-7.79089,14.381,0.560518,1.00262,-16.7701,-0.909091,-0.17121,2.05633,0.458333,10.1667,0,0,36.7083,31.125,0,-10.7938,0.0001,-0.000728281,0.106279,1.60094,0.125365,56944,0.130701,55.75,1.98139
1851,0.45874,0.4571,0.0177872,0.0106955,0.658429,0.400218,0.827261,0.49907,0.0256676,0.0421022,0.0172441,0.193816,0.0108902,0,0.241992,0.125268,4.47568,0.0692695,0.298741,0.0850363,0.850074,6.77783,0.955044,0.942369,0.0545264,0.282391,0.49589,0.213725,0.560749,0.560749,0,0,-0.00448622,0.0341342,0.945996,0.797224,0.0133774,0.0236296,0.00414368,0.00313922,0.561996,0.0124595,-7.72317,-7.82064,14.4306,0.560373,1.00399,-16.7608,-0.909091,-0.169921,2.04224,0.541667,10.25,0,0,36.9583,31.125,0,-10.7975,0.0001,-0.00035712,0.105366,1.63466,0.125752,55841,0.130705,58.3,2.13771
1852,0.463608,0.456599,0.0178345,0.0105811,0.663429,0.401814,0.82816,0.49588,0.0259434,0.0417042,0.0174261,0.19555,0.0109728,0,0.243228,0.125377,4.4459,0.0682928,0.300678,0.0855384,0.851299,6.77573,0.955359,0.942216,0.0538355,0.279206,0.499047,0.215345,0.56055,0.56055,0,0,-0.00448928,0.0327596,0.946626,0.795965,0.0134973,0.0238896,0.00404441,0.00308648,0.563376,0.0125791,-7.68456,-7.61252,14.4965,0.556496,1.01072,-16.8641,-0.909091,-0.170625,2.04046,0.5,9.95833,0,0,36.5833,28.1667,0,-10.7935,0.0001,-0.000257731,0.108796,1.60897,0.128215,56587,0.130768,56.66,2.14831
1853,0.46045,0.455701,0.0177868,0.0106209,0.659431,0.400186,0.827306,0.497672,0.0258559,0.041475,0.017379,0.192942,0.0109021,0,0.240901,0.125932,4.46036,0.0684865,0.29818,0.0854318,0.851493,6.77842,0.955006,0.942371,0.0541064,0.278407,0.499449,0.213023,0.565641,0.565641,0,0,-0.00449014,0.03294,0.946768,0.797021,0.0134299,0.0237628,0.00407632,0.00311252,0.562521,0.0125417,-7.72931,-7.62903,14.4467,0.558201,1.00506,-16.8752,-0.909091,-0.169837,2.03444,0.416667,9.625,0,0,38.4167,30.7917,0,-10.7858,0.0001,-0.000273891,0.10361,1.66232,0.128136,54904,0.130824,56.67,2.07979
1854,0.462867,0.461975,0.0177873,0.0104798,0.66258,0.404289,0.827194,0.500389,0.0257772,0.0420409,0.0173106,0.194725,0.0109497,0,0.243101,0.126214,4.45973,0.0683457,0.300082,0.0854878,0.851321,6.77081,0.954733,0.942369,0.0539241,0.277417,0.498238,0.214629,0.570663,0.570663,0,0,-0.00453256,0.0323008,0.945688,0.796764,0.0134206,0.023736,0.00394301,0.00301891,0.561148,0.0124522,-7.7457,-7.77411,14.5174,0.558608,1.00772,-16.7422,-0.909091,-0.171014,2.06221,0.333333,9.95833,0,0,35.125,28.9167,0,-10.7831,0.0001,-0.000687089,0.106877,1.66016,0.126745,55013,0.130821,56.35,1.96327
1855,0.46458,0.463836,0.017773,0.0103209,0.662,0.406835,0.8279,0.501673,0.0253599,0.0430342,0.017046,0.193629,0.0109017,0,0.241551,0.126852,4.42076,0.0686695,0.299371,0.0843475,0.85285,6.7896,0.956243,0.942415,0.0534004,0.270115,0.501195,0.213333,0.579493,0.579493,0,0,-0.00456147,0.0326095,0.945429,0.800502,0.0131703,0.0233373,0.00398878,0.0030536,0.562603,0.0121545,-7.67696,-8.14742,14.2706,0.565492,1.0057,-16.6049,-0.909091,-0.170702,2.07083,0.625,11.5417,0,0,35.2083,29.7917,0,-10.7821,0.0001,-0.000666818,0.0997077,1.65316,0.125883,55256,0.130867,57.95,2.23708
1856,0.461227,0.462655,0.0176739,0.0103627,0.657672,0.40331,0.827549,0.507476,0.0258754,0.0414026,0.0173876,0.193086,0.010893,0,0.242351,0.128585,4.44251,0.0684458,0.299235,0.0855115,0.850231,6.77591,0.955301,0.942737,0.0535328,0.276785,0.500278,0.21275,0.578233,0.578233,0,0,-0.00446758,0.0336596,0.946693,0.797324,0.0134617,0.0238252,0.00421628,0.00326318,0.565143,0.0125944,-7.67231,-7.62134,14.4313,0.55941,1.0058,-16.8939,-0.909091,-0.170629,2.06691,0.583333,9.875,0,0,37.125,31.9583,0,-10.776,0.0001,-0.000518069,0.104316,1.64638,0.129171,55365,0.130923,57.56,2.03407
1857,0.4619,0.460439,0.0177686,0.0103868,0.661892,0.403048,0.826583,0.501223,0.025563,0.0418065,0.0171695,0.194886,0.0108673,0,0.243774,0.12697,4.46319,0.0683794,0.299824,0.0848245,0.851445,6.78697,0.955338,0.94243,0.054048,0.273415,0.499911,0.21524,0.577404,0.577404,0,0,-0.00448745,0.034067,0.946537,0.799531,0.0132672,0.0235145,0.00405773,0.00310072,0.562636,0.0123625,-7.73299,-7.77578,14.3281,0.561851,1.00018,-16.7933,-0.909091,-0.170755,2.05405,0.291667,9.5,0,0,36.2917,30.7083,0,-10.7715,0.0001,-0.000615686,0.109711,1.6368,0.131341,55597,0.130961,57.65,2.21613
1858,0.465827,0.462315,0.017835,0.0104597,0.66375,0.405632,0.827622,0.498818,0.0254856,0.0425313,0.017124,0.195794,0.0107586,0,0.243513,0.126416,4.44289,0.0684094,0.299953,0.0842838,0.848895,6.78579,0.955802,0.942215,0.0540891,0.27408,0.499578,0.215559,0.571187,0.571187,0,0,-0.00451125,0.0336859,0.946478,0.800036,0.0131985,0.0234513,0.00426059,0.00323999,0.564329,0.0122905,-7.55705,-7.90878,14.3247,0.561998,1.00561,-16.7407,-0.909091,-0.17087,2.06435,0.458333,10.75,0,0,36.125,31.0833,0,-10.7678,0.0001,-0.000497297,0.110192,1.62834,0.123885,56102,0.13098,56.67,2.08834
1859,0.465522,0.461159,0.0177875,0.0102971,0.662596,0.404889,0.826994,0.50028,0.0255183,0.0425057,0.0171575,0.19392,0.0108704,0,0.241833,0.12677,4.44818,0.0691143,0.29912,0.0847684,0.850361,6.78049,0.955045,0.942368,0.0543668,0.274191,0.50075,0.213793,0.574694,0.574694,0,0,-0.0045292,0.0332175,0.945544,0.799771,0.0132446,0.0235124,0.00401399,0.00307762,0.562409,0.0123033,-7.64762,-7.99483,14.3592,0.563275,1.00607,-16.6559,-0.909091,-0.170716,2.05769,0.458333,10.375,0,0,35.0417,29.6667,0,-10.7679,0.0001,-0.000620493,0.110684,1.60042,0.12617,56935,0.130946,57.43,2.136
1860,0.462718,0.458089,0.0178308,0.0106323,0.663784,0.402533,0.827164,0.495649,0.0257282,0.0426395,0.0172688,0.194943,0.010924,0,0.242514,0.125048,4.45479,0.0688577,0.300399,0.0851881,0.851933,6.77888,0.955496,0.942228,0.0540479,0.274265,0.497568,0.214613,0.558036,0.558036,0,0,-0.00454112,0.0325059,0.945675,0.797437,0.0133613,0.0237095,0.00389093,0.00297732,0.561516,0.0124089,-7.71941,-7.88472,14.4382,0.56086,1.0079,-16.7029,-0.909091,-0.170829,2.04458,0.5,10.5833,0,0,37.125,29.9167,0,-10.7711,0.0001,-0.000348453,0.104927,1.60461,0.125332,56825,0.13094,57.18,2.20313
1861,0.461189,0.457178,0.0178402,0.0106463,0.662024,0.401609,0.8271,0.497955,0.0252298,0.0442612,0.0169136,0.194506,0.0109488,0,0.241451,0.125745,4.43569,0.0694122,0.299438,0.0842776,0.850074,6.77713,0.956193,0.942198,0.0539817,0.271819,0.497672,0.213727,0.570566,0.570566,0,0,-0.0045677,0.0338263,0.944288,0.801508,0.013112,0.0233509,0.00414976,0.00313759,0.563214,0.0120248,-7.48777,-8.45102,14.3169,0.568245,1.01155,-16.3581,-0.909091,-0.170341,2.04024,0.291667,11.9167,0,0,34.4167,28.5833,0,-10.77,0.0001,-0.000559406,0.110208,1.6161,0.125576,56442,0.130941,55.85,2.08513
1862,0.465623,0.460509,0.0178479,0.0104991,0.665684,0.405195,0.827179,0.49753,0.0251264,0.0441147,0.0168569,0.195514,0.010853,0,0.242848,0.125997,4.44019,0.0695992,0.299865,0.084368,0.849552,6.78985,0.955963,0.942173,0.0531657,0.267257,0.500635,0.214987,0.57199,0.57199,0,0,-0.00457337,0.0338564,0.9447,0.803597,0.0130151,0.023211,0.00415931,0.00314278,0.562814,0.0119667,-7.45298,-8.43236,14.2839,0.567907,1.00715,-16.3777,-0.909091,-0.171128,2.05391,0.333333,12.2083,0,0,34.0833,31.7083,0,-10.7703,0.0001,-0.000684012,0.105654,1.6508,0.129366,55221,0.130958,56.52,1.88692
1863,0.461705,0.46025,0.0177627,0.0107846,0.661552,0.40265,0.827433,0.50111,0.0247674,0.0450564,0.016619,0.194151,0.0108365,0,0.242345,0.126696,4.41756,0.0694384,0.299682,0.0834945,0.847485,6.79185,0.956649,0.942449,0.053055,0.260426,0.498743,0.213546,0.573657,0.573657,0,0,-0.00461093,0.0337038,0.943989,0.806655,0.0128494,0.0228669,0.00430119,0.00327435,0.565714,0.0117538,-7.36755,-8.73942,14.1635,0.574205,0.9971,-16.2005,-0.909091,-0.170922,2.05438,0.416667,12.5417,0,0,32.2083,33.125,0,-10.7668,0.0001,-0.000861744,0.10545,1.61257,0.129152,56440,0.130962,57.36,2.41989
1864,0.463383,0.460574,0.0178534,0.0105823,0.663362,0.404259,0.82692,0.497372,0.0246293,0.0464911,0.0164994,0.194756,0.0109796,0,0.241508,0.125272,4.42207,0.0703204,0.299866,0.0836262,0.8484,6.78813,0.957521,0.942155,0.052836,0.263143,0.498112,0.213845,0.569493,0.569493,0,0,-0.00464431,0.0337746,0.942491,0.805719,0.0128394,0.0228407,0.00416987,0.0031393,0.564487,0.0115645,-7.37186,-9.10438,14.1856,0.576437,1.00918,-15.9614,-0.909091,-0.170579,2.05316,0.583333,13.9167,0,0,31.625,29.9583,0,-10.7666,0.0001,-0.000526474,0.107014,1.61466,0.123524,56555,0.130924,56.5,2.04655
1865,0.460096,0.458754,0.0178264,0.0106711,0.660044,0.40258,0.826992,0.49972,0.0247712,0.0458059,0.0166053,0.19336,0.0109187,0,0.240451,0.126166,4.40699,0.0701783,0.298857,0.0838645,0.848303,6.78367,0.956429,0.942242,0.0530983,0.261985,0.49786,0.212459,0.583959,0.583959,0,0,-0.00463645,0.0336981,0.943276,0.805821,0.0128706,0.0229149,0.00419159,0.00318868,0.564361,0.0116774,-7.34363,-8.90479,14.2071,0.573703,1.00556,-16.0917,-0.909091,-0.17,2.04585,0.5,13.5833,0,0,32.3333,32.4583,0,-10.7696,0.0001,-3.12162e-05,0.109035,1.60186,0.126452,56878,0.130893,57.93,2.36707
1866,0.461823,0.456413,0.0178184,0.0106772,0.661538,0.399989,0.827353,0.495146,0.0249836,0.0447563,0.0167654,0.193934,0.0108949,0,0.241148,0.125295,4.39765,0.0690027,0.299365,0.0838173,0.849015,6.79017,0.956847,0.942268,0.0536052,0.263253,0.497405,0.2131,0.563796,0.563796,0,0,-0.0046113,0.0329779,0.944453,0.803634,0.0129747,0.0230493,0.00418561,0.00318608,0.563774,0.0118549,-7.4951,-8.5804,14.1993,0.570824,1.00462,-16.3221,-0.909091,-0.170482,2.03766,0.458333,12.2083,0,0,33.1667,31.25,0,-10.7713,0.0001,-0.000611986,0.113646,1.59408,0.127833,57090,0.130881,56.34,2.06828
1867,0.46453,0.458198,0.0179116,0.0105932,0.665135,0.40415,0.827794,0.495587,0.0251041,0.0444063,0.0168269,0.196334,0.0109416,0,0.242818,0.125221,4.4081,0.0686815,0.30064,0.0843837,0.849676,6.78146,0.955716,0.941966,0.0535031,0.263507,0.498975,0.215734,0.5613,0.5613,0,0,-0.00459403,0.0334363,0.944793,0.802343,0.0130346,0.0232055,0.00415154,0.00312821,0.563091,0.0119201,-7.39841,-8.47843,14.3233,0.566424,1.01008,-16.3201,-0.909091,-0.17049,2.04581,0.25,12.0833,0,0,33.8333,32.25,0,-10.7723,0.0001,-0.000705367,0.103751,1.58732,0.125157,57404,0.130887,57.66,2.13496
1868,0.462535,0.461371,0.0179014,0.0106936,0.66356,0.405861,0.827607,0.498805,0.0249002,0.0455855,0.016674,0.195555,0.0109073,0,0.2418,0.125859,4.41356,0.0691098,0.300749,0.0841032,0.851035,6.78225,0.956726,0.941999,0.053519,0.264766,0.497375,0.214557,0.562316,0.562316,0,0,-0.00464281,0.0330457,0.943174,0.802957,0.0129566,0.0230828,0.00414307,0.00310887,0.563166,0.0117284,-7.43374,-8.86089,14.3069,0.570393,1.01575,-16.1078,-0.909091,-0.170328,2.05903,0.375,13.5,0,0,33.5,29.9167,0,-10.773,0.0001,-0.0004086,0.10865,1.6126,0.123294,56630,0.130896,55.83,2.07316
1869,0.463099,0.457608,0.0178452,0.0106703,0.663818,0.402198,0.828036,0.497436,0.025297,0.043625,0.0169936,0.195589,0.0109696,0,0.242759,0.125638,4.39879,0.0676917,0.300772,0.0845405,0.850194,6.78291,0.956326,0.942182,0.0531698,0.269761,0.498396,0.215151,0.556893,0.556893,0,0,-0.004573,0.0323415,0.945128,0.8014,0.0131345,0.0233393,0.00409196,0.00309631,0.563718,0.0120859,-7.55728,-8.21596,14.3523,0.564526,1.00949,-16.4959,-0.909091,-0.170643,2.04435,0.416667,11.125,0,0,34.1667,31,0,-10.7744,0.0001,-0.000173035,0.10902,1.65255,0.127945,55211,0.130924,56.57,2.08022
1870,0.462493,0.458135,0.017816,0.01041,0.661709,0.401297,0.82759,0.497759,0.0249424,0.0450454,0.016723,0.194394,0.0109534,0,0.241962,0.126123,4.43773,0.0697425,0.299809,0.084333,0.849085,6.78696,0.956616,0.942276,0.053256,0.264903,0.498942,0.213801,0.573867,0.573867,0,0,-0.0046014,0.033517,0.94396,0.803462,0.0129826,0.0230444,0.00412778,0.00312626,0.563701,0.01184,-7.52951,-8.66523,14.2205,0.571777,1.00415,-16.2655,-0.909091,-0.170452,2.04588,0.416667,12.125,0,0,32.0833,31.3333,0,-10.7723,0.0001,-0.000473891,0.109317,1.65338,0.128463,55169,0.130988,57.91,2.27119
1871,0.465101,0.463984,0.0177852,0.0101319,0.664278,0.406077,0.827684,0.501046,0.0253457,0.043448,0.0170077,0.195078,0.0109362,0,0.243171,0.126678,4.42509,0.0686062,0.301034,0.0845952,0.85008,6.77987,0.956106,0.94236,0.0533237,0.271962,0.498518,0.214577,0.596623,0.596623,0,0,-0.00455637,0.0330923,0.945322,0.799899,0.0131898,0.0233658,0.0039622,0.00299345,0.56159,0.0121224,-7.62659,-8.19369,14.3289,0.56454,1.00723,-16.5544,-0.908586,-0.171395,2.07166,0.375,11.4583,0,0,35.0833,29.9583,0.0416667,-10.7691,0.0001,-0.000847727,0.109646,1.60054,0.125133,56965,0.131021,57.16,2.17058
1872,0.461579,0.455217,0.017874,0.0107106,0.662268,0.400544,0.827248,0.494638,0.0253087,0.0441162,0.0169968,0.195117,0.0110116,0,0.241916,0.124822,4.41899,0.0682866,0.300121,0.0848385,0.851304,6.77985,0.955764,0.942088,0.0535738,0.275129,0.497847,0.214645,0.56264,0.56264,0,0,-0.00459029,0.0322588,0.944774,0.800403,0.0131659,0.0233509,0.0040178,0.0030044,0.56141,0.012055,-7.53947,-8.29882,14.3711,0.564569,1.01024,-16.4308,-0.909091,-0.169998,2.0312,0.5,11.5417,0,0,35.7083,28.9167,0,-10.7674,0.0001,-0.000838515,0.11004,1.63204,0.121827,56049,0.131063,57.11,2.14653
1873,0.462589,0.460816,0.0177325,0.0104029,0.659358,0.402432,0.827625,0.502351,0.0250034,0.0441508,0.0167977,0.193138,0.0108456,0,0.241899,0.126958,4.38981,0.0684852,0.299987,0.084106,0.850286,6.78914,0.956751,0.942531,0.053005,0.26957,0.499995,0.212917,0.578775,0.578775,0,0,-0.00459982,0.0327107,0.944676,0.803474,0.0129881,0.0230216,0.00410224,0.00313739,0.565321,0.0119228,-7.62075,-8.43541,14.1884,0.569823,1.00055,-16.439,-0.908592,-0.170644,2.05808,0.291667,11.5417,0,0,34.7083,30.4167,0.0416667,-10.7669,0.0001,-0.000727897,0.110543,1.59354,0.125512,57184,0.131068,57.22,2.16522
1874,0.464931,0.461456,0.0178031,0.0103472,0.663436,0.404368,0.827754,0.499489,0.0253763,0.0429825,0.0170395,0.195582,0.0109239,0,0.243468,0.126522,4.42252,0.0679904,0.300657,0.0848921,0.848681,6.78615,0.95593,0.942318,0.0533323,0.267152,0.500409,0.215148,0.570709,0.570709,0,0,-0.00454825,0.032515,0.945494,0.800725,0.0131938,0.0233896,0.00410176,0.00309382,0.562606,0.0121748,-7.57277,-8.12819,14.3626,0.563066,1.00982,-16.5487,-0.909091,-0.170997,2.06074,0.833333,11.1667,0,0,35.0417,31.2083,0,-10.7708,0.0001,-0.000481651,0.105873,1.59178,0.125336,57249,0.131071,57.06,2.16823
1875,0.462515,0.46077,0.017711,0.0105624,0.660722,0.402211,0.827092,0.502451,0.0249429,0.044904,0.0167371,0.193948,0.0108444,0,0.242528,0.127082,4.41427,0.0691588,0.299809,0.0835928,0.847459,6.7881,0.956314,0.942616,0.0527941,0.262544,0.500327,0.213129,0.579053,0.579053,0,0,-0.00458323,0.0339365,0.944392,0.804583,0.0129466,0.0230053,0.00434667,0.00331489,0.565161,0.011818,-7.48691,-8.56563,14.173,0.571936,1.00637,-16.3546,-0.909091,-0.171173,2.05577,0.25,11.6667,0,0,33.7083,31.375,0,-10.7709,0.0001,-0.000716578,0.11128,1.6089,0.124652,56706,0.131089,58.08,2.14322
1876,0.461667,0.457197,0.0178078,0.0106203,0.661397,0.40111,0.82776,0.499464,0.0252932,0.0437553,0.0169961,0.193816,0.0110332,0,0.241518,0.126571,4.41929,0.0688191,0.299551,0.0846184,0.851865,6.78382,0.956718,0.942303,0.0532572,0.273534,0.50049,0.21353,0.574335,0.574335,0,0,-0.00456389,0.0329093,0.944865,0.799916,0.0131899,0.0233188,0.00394257,0.00296461,0.561917,0.0121046,-7.59844,-8.25586,14.3558,0.563865,1.00855,-16.4732,-0.909091,-0.170337,2.04308,0.625,11.875,0,0,36.875,29.4583,0,-10.7716,0.0001,-0.000613551,0.108022,1.61338,0.129003,56419,0.131103,55.76,1.98146
1877,0.459871,0.456278,0.0178104,0.0108992,0.658049,0.399983,0.826966,0.498973,0.0253346,0.0440394,0.0170101,0.192458,0.0109653,0,0.239522,0.126489,4.42863,0.0679134,0.299041,0.0845648,0.852251,6.78119,0.956782,0.942294,0.0529083,0.270866,0.499332,0.21173,0.567906,0.567906,0,0,-0.00458762,0.0323072,0.944606,0.800112,0.0131916,0.0233926,0.00394837,0.00298124,0.56214,0.0120627,-7.57426,-8.2728,14.387,0.564441,1.01471,-16.456,-0.909091,-0.169574,2.03724,0.666667,11.875,0,0,34.125,29.0417,0,-10.7724,0.0001,-0.000304498,0.109914,1.63817,0.125553,55736,0.131118,56.8,2.1133
1878,0.462346,0.459001,0.0177523,0.0107195,0.661285,0.400925,0.827374,0.498467,0.0252509,0.0440603,0.016967,0.194431,0.010971,0,0.242905,0.125513,4.41225,0.068344,0.300735,0.0847491,0.850671,6.78468,0.956554,0.942482,0.0523822,0.266435,0.499721,0.213982,0.562769,0.562769,0,0,-0.00460004,0.0324739,0.944663,0.801381,0.0131418,0.023277,0.00400319,0.00304767,0.56275,0.0120374,-7.57486,-8.3442,14.3162,0.566905,1.00772,-16.4451,-0.909091,-0.170901,2.04928,0.583333,12.1667,0,0,35.25,30.75,0,-10.7718,0.0001,-0.000887817,0.108427,1.63553,0.123739,55877,0.13117,57.65,2.19886
1879,0.460258,0.459391,0.017654,0.010491,0.65762,0.39925,0.827089,0.502702,0.0253348,0.0438564,0.0170293,0.19271,0.0109186,0,0.242169,0.126909,4.41449,0.0680627,0.299699,0.0847832,0.851434,6.78812,0.956691,0.942801,0.0519147,0.268891,0.499416,0.212117,0.581177,0.581177,0,0,-0.0045681,0.0327865,0.94531,0.801376,0.0131688,0.0233257,0.0040238,0.0030828,0.563117,0.0121218,-7.62203,-8.17014,14.2648,0.567656,1.00592,-16.5929,-0.909091,-0.170952,2.05138,0.75,10.2917,0,0,34.4583,28.8333,0,-10.7683,0.0001,-0.00102923,0.114268,1.62297,0.128778,56117,0.131239,58.54,2.29497
1880,0.462222,0.455527,0.0177603,0.0108612,0.66195,0.398619,0.826742,0.497425,0.0249772,0.0441024,0.0167865,0.194921,0.0108733,0,0.243412,0.125874,4.42013,0.0684376,0.300993,0.0836791,0.850935,6.79213,0.956183,0.942457,0.0528631,0.26582,0.500788,0.214481,0.55953,0.55953,0,0,-0.00459062,0.0326425,0.945273,0.803587,0.0129773,0.0229883,0.00414403,0.00314631,0.56348,0.0119378,-7.53556,-8.40934,14.1382,0.569911,1.00068,-16.4634,-0.909091,-0.170992,2.03298,0.458333,11.75,0,0,35.3333,31.7917,0,-10.7625,0.0001,-0.000781738,0.110295,1.56649,0.121754,58228,0.131312,56.9,2.26215
1881,0.461769,0.459161,0.0176672,0.010593,0.659921,0.399517,0.826048,0.500287,0.0254348,0.043347,0.0171116,0.193693,0.0109879,0,0.243173,0.126478,4.42881,0.0683366,0.300377,0.0847437,0.850083,6.77984,0.955824,0.942758,0.0530497,0.272552,0.499218,0.21329,0.571969,0.571969,0,0,-0.00455096,0.032535,0.945723,0.799281,0.0132648,0.0233733,0.00397842,0.00302705,0.56215,0.0122545,-7.68121,-8.03072,14.2839,0.566249,1.00095,-16.6584,-0.909091,-0.171363,2.04854,0.791667,10.5417,0,0,35.375,29.75,0,-10.7564,0.0001,-0.000845605,0.112777,1.61894,0.12775,56280,0.131355,57.58,2.24395
1882,0.458765,0.452921,0.0178245,0.0107591,0.660649,0.397252,0.825831,0.495297,0.0252936,0.0439792,0.0169792,0.194366,0.0109832,0,0.241851,0.125137,4.42735,0.0686249,0.300218,0.0847817,0.85176,6.78577,0.956421,0.942249,0.0525434,0.268355,0.497334,0.21396,0.556442,0.556442,0,0,-0.00457272,0.0326322,0.944687,0.800171,0.013179,0.0233248,0.00404757,0.00304798,0.561474,0.0121232,-7.60219,-8.28482,14.3656,0.564182,1.00792,-16.451,-0.909091,-0.170113,2.01877,0.291667,11.6667,0,0,35.5,29.5,0,-10.7543,0.0001,-0.000703257,0.111224,1.64506,0.125193,55530,0.131378,55.32,1.91021
1883,0.464172,0.458303,0.0178234,0.0106423,0.66327,0.401998,0.826548,0.49876,0.0247956,0.0455464,0.0166322,0.195087,0.010859,0,0.242411,0.126671,4.41374,0.0682485,0.300363,0.0835573,0.850041,6.79454,0.957047,0.942252,0.0527914,0.263937,0.500844,0.214371,0.578814,0.578814,0,0,-0.00463214,0.0325312,0.94419,0.804877,0.0128802,0.0228931,0.00418544,0.00312513,0.563149,0.0116754,-7.42134,-8.72327,14.1781,0.571292,1.00773,-16.2394,-0.909091,-0.170698,2.04359,0.333333,12.5,0,0,33.2083,29.625,0,-10.7541,0.0001,-0.0002875,0.108494,1.66561,0.127715,54816,0.13137,57.65,2.02411
1884,0.46226,0.45988,0.017792,0.0109943,0.660234,0.402709,0.826754,0.49974,0.0251011,0.044874,0.0168461,0.193484,0.0110092,0,0.241028,0.126298,4.41705,0.0687489,0.300194,0.0846203,0.85175,6.78397,0.955917,0.942354,0.0523592,0.266579,0.499198,0.212503,0.544796,0.544796,0,0,-0.00463268,0.0318065,0.943909,0.801284,0.0130981,0.0231747,0.00391221,0.00295727,0.560799,0.0119335,-7.57467,-8.56965,14.292,0.568393,1.00992,-16.297,-0.909091,-0.170451,2.05093,0.5,12.75,0,0,35.25,28.8333,0,-10.7538,0.0001,-0.000727823,0.109488,1.6536,0.127891,55180,0.131405,56.82,2.07711
1885,0.458427,0.454968,0.0177488,0.0107535,0.658334,0.397531,0.825914,0.497583,0.0247892,0.0455673,0.0166383,0.193209,0.0108943,0,0.241245,0.125274,4.40849,0.069037,0.299805,0.0837752,0.849378,6.78612,0.957117,0.942494,0.0519274,0.263829,0.497973,0.212296,0.564097,0.564097,0,0,-0.00461302,0.0332467,0.944205,0.803696,0.0129284,0.0228835,0.00421035,0.00318212,0.564336,0.011755,-7.43607,-8.73279,14.1657,0.572868,1.00395,-16.2591,-0.909091,-0.170226,2.02798,0.375,12.1667,0,0,32.125,30.8333,0,-10.7502,0.0001,-0.000524959,0.111657,1.62315,0.129264,56096,0.131427,58.56,2.22234
1886,0.462622,0.45272,0.0178351,0.01116,0.661613,0.397605,0.825086,0.49244,0.0250623,0.0450281,0.0168169,0.195201,0.0108884,0,0.242728,0.12424,4.41227,0.0683655,0.300965,0.0841251,0.852377,6.79089,0.956998,0.942214,0.0525772,0.268792,0.499709,0.214534,0.539512,0.539512,0,0,-0.00460453,0.0323272,0.944948,0.802319,0.0130034,0.0231165,0.00407664,0.00305005,0.562029,0.0118457,-7.52834,-8.45721,14.2624,0.567042,1.00818,-16.3687,-0.909091,-0.170384,2.01557,0.458333,12.5833,0,0,35.5417,29,0,-10.7507,0.0001,-0.000853116,0.112663,1.62834,0.122409,56149,0.131408,57.44,2.08253
1887,0.461877,0.457581,0.0177215,0.0107539,0.659878,0.399405,0.824362,0.496513,0.0252904,0.0446807,0.0169836,0.194498,0.0110532,0,0.243079,0.124996,4.42148,0.0685155,0.30103,0.0851823,0.850135,6.78469,0.95633,0.942564,0.0528534,0.265692,0.498256,0.213745,0.555783,0.555783,0,0,-0.00459267,0.0325156,0.94402,0.800785,0.0132139,0.0233298,0.00401901,0.00305634,0.562077,0.0120508,-7.5779,-8.38511,14.3706,0.566081,1.0124,-16.3859,-0.908542,-0.170812,2.03578,0.875,12.375,0,0,36.0833,29.9583,0.0416667,-10.7525,0.0001,0.000206029,0.110274,1.58499,0.122951,57557,0.13139,57.92,2.02436
1888,0.458879,0.454903,0.0177748,0.0109134,0.657747,0.397856,0.824937,0.499373,0.0249961,0.0453553,0.0167746,0.192813,0.0110763,0,0.240637,0.126622,4.42177,0.0690093,0.299071,0.0845757,0.849769,6.78253,0.956166,0.94241,0.0526317,0.268845,0.500157,0.212263,0.566514,0.566514,0,0,-0.00462922,0.0331939,0.94355,0.803385,0.0130312,0.0230809,0.00397965,0.00300397,0.562574,0.0117927,-7.51295,-8.63159,14.3259,0.568834,1.01074,-16.2369,-0.909091,-0.169818,2.02636,0.333333,12.5417,0,0,33.75,30.4583,0.0416667,-10.7526,0.0001,0.000409491,0.107399,1.60906,0.127194,56618,0.131407,56.59,1.93426
1889,0.462478,0.460475,0.0178327,0.0105876,0.66067,0.404144,0.825634,0.5006,0.0251092,0.0455416,0.016839,0.194606,0.011012,0,0.241428,0.127076,4.41403,0.0688702,0.299902,0.0849566,0.850362,6.7808,0.955939,0.942205,0.0526605,0.266907,0.500717,0.21357,0.571262,0.571262,0,0,-0.0046405,0.0323231,0.943927,0.803197,0.0130168,0.0232185,0.00400644,0.00301019,0.561112,0.0117801,-7.43821,-8.6175,14.3147,0.568352,1.01816,-16.2727,-0.908565,-0.17003,2.05046,0.291667,12.7917,0,0,33.7083,29.5,0.0416667,-10.7509,0.0001,-0.000851307,0.107138,1.63526,0.131387,55644,0.131393,57.7,2.31372
1890,0.461837,0.460862,0.0176502,0.0102534,0.65713,0.40063,0.825083,0.500212,0.025419,0.0439012,0.0171016,0.19355,0.0110008,0,0.242979,0.125972,4.42312,0.0689343,0.300369,0.0851894,0.850105,6.7835,0.956258,0.942813,0.0518002,0.262286,0.499257,0.212788,0.568812,0.568812,0,0,-0.00456569,0.0331577,0.945217,0.80084,0.0132319,0.0233652,0.00412337,0.00316947,0.563218,0.0121712,-7.60443,-8.10796,14.3059,0.565389,1.00731,-16.6117,-0.909091,-0.170864,2.05302,0.583333,11.2083,0,0,34.7083,30.5417,0,-10.752,0.0001,-0.00084511,0.107871,1.60465,0.129286,56694,0.131397,58.6,2.25695
1891,0.460883,0.456034,0.0177125,0.010794,0.657782,0.397356,0.824588,0.498014,0.025198,0.0441097,0.0169349,0.193331,0.0109354,0,0.242248,0.125662,4.42565,0.068111,0.300118,0.084729,0.850195,6.78498,0.956568,0.942612,0.0524045,0.266192,0.49903,0.212861,0.565366,0.565366,0,0,-0.00458917,0.032325,0.94469,0.80146,0.0131329,0.0231904,0.00391376,0.00296111,0.561744,0.0120402,-7.65565,-8.28822,14.2973,0.566956,1.004,-16.4971,-0.909091,-0.170498,2.03,0.583333,11.75,0,0,35.125,31.1667,0,-10.7509,0.0001,-0.0004541,0.1041,1.73932,0.137788,52369,0.131406,58.45,2.26148
1892,0.464328,0.465008,0.017797,0.0105113,0.661632,0.407403,0.825747,0.504768,0.0253709,0.0430888,0.0170442,0.194577,0.0108812,0,0.242681,0.128023,4.43887,0.0676902,0.300373,0.0844623,0.851622,6.78371,0.956162,0.942338,0.0530405,0.273051,0.500889,0.214347,0.575121,0.575121,0,0,-0.00455674,0.0323523,0.945836,0.799125,0.0132227,0.0233518,0.00407207,0.0030742,0.562129,0.012193,-7.6296,-8.03726,14.3662,0.561716,1.00573,-16.6265,-0.909091,-0.170594,2.07151,0.333333,10.9583,0,0,35.75,30.0417,0,-10.7505,0.0001,0.000351811,0.107588,1.69527,0.132041,53797,0.131408,56.8,2.08501
1893,0.462746,0.460101,0.01779,0.0105777,0.661475,0.403524,0.825894,0.50205,0.0253581,0.0437937,0.0170302,0.194019,0.0109459,0,0.241889,0.127647,4.44164,0.0679963,0.299888,0.0849194,0.853568,6.77874,0.955382,0.942361,0.0532277,0.273157,0.501385,0.213684,0.573262,0.573262,0,0,-0.00456929,0.0321176,0.944804,0.800364,0.0131882,0.0233788,0.00395744,0.00297358,0.56017,0.0120967,-7.60789,-8.18451,14.416,0.562498,1.01007,-16.5095,-0.909091,-0.1705,2.05092,0.666667,11.5,0,0,35.4167,28.7083,0,-10.7508,0.0001,-0.000346808,0.106648,1.73778,0.134073,52516,0.131402,57.57,2.27599
1894,0.464396,0.466115,0.0176802,0.010184,0.661213,0.406643,0.826829,0.511647,0.0252663,0.0430584,0.0169935,0.193888,0.0108836,0,0.243724,0.130671,4.38876,0.067882,0.30038,0.0847172,0.852858,6.79335,0.956097,0.942716,0.0525511,0.262996,0.504664,0.213955,0.608485,0.608485,0,0,-0.0045659,0.0319995,0.946116,0.801997,0.0131272,0.0231742,0.00396396,0.00302938,0.562937,0.0121696,-7.70561,-8.06397,14.1889,0.566912,0.991683,-16.6692,-0.909091,-0.171451,2.07925,0.5,9.91667,0,0,34.9583,32.5417,0,-10.7515,0.0001,0.000107259,0.103529,1.69516,0.130199,53854,0.1314,56.94,2.22305
1895,0.460881,0.461097,0.0177029,0.0106121,0.658998,0.401926,0.826142,0.503522,0.0250044,0.0440582,0.0167941,0.193028,0.0108884,0,0.242244,0.12752,4.41098,0.0684673,0.300252,0.0840316,0.852388,6.79337,0.956084,0.942643,0.0522885,0.267228,0.500543,0.212903,0.576978,0.576978,0,0,-0.00458859,0.0326933,0.945092,0.804207,0.0129655,0.0230051,0.0039799,0.00305073,0.563349,0.0119301,-7.65492,-8.3775,14.1597,0.569737,0.997154,-16.463,-0.909091,-0.170711,2.05676,0.583333,11.25,0,0,34.0417,30.0833,0,-10.7505,0.0001,-0.000979926,0.11119,1.70286,0.131339,53594,0.131418,58.35,2.15261
1896,0.459296,0.457126,0.0177498,0.0107571,0.658601,0.400151,0.826338,0.501152,0.0251894,0.0434964,0.0169254,0.193074,0.0108569,0,0.241284,0.126912,4.41025,0.0683953,0.299752,0.0843634,0.852817,6.78782,0.956005,0.94249,0.0520551,0.271556,0.500016,0.212689,0.568524,0.568524,0,0,-0.00456024,0.0321937,0.945686,0.801179,0.0131115,0.023174,0.00415551,0.00314275,0.563049,0.0120769,-7.60191,-8.16785,14.2827,0.564881,0.997929,-16.5581,-0.909091,-0.170186,2.03911,0.708333,10.5833,0,0,35.0833,29.75,0,-10.7494,0.0001,-0.00019231,0.105709,1.71457,0.130149,53289,0.131391,56.69,1.97294
1897,0.460903,0.457001,0.0177963,0.0106686,0.661306,0.400614,0.826433,0.497847,0.0253317,0.0433465,0.0170071,0.194251,0.0109473,0,0.242329,0.125736,4.4439,0.0686387,0.300796,0.0847622,0.852299,6.7848,0.9562,0.94234,0.0526181,0.273066,0.498587,0.214085,0.569935,0.569935,0,0,-0.00455319,0.0329658,0.945112,0.800102,0.0132036,0.0233393,0.00407307,0.0030734,0.562585,0.0121472,-7.64526,-8.13768,14.4022,0.561784,1.00384,-16.5265,-0.909091,-0.170467,2.03886,0.541667,11.9167,0,0,36.5417,29.9167,0,-10.7494,0.0001,-0.000621034,0.106629,1.68948,0.13557,53863,0.131391,57.56,2.20391
1898,0.462083,0.460017,0.0178595,0.0105199,0.661819,0.404497,0.827729,0.500814,0.0255595,0.0426545,0.0171552,0.194995,0.010921,0,0.242102,0.126998,4.42285,0.0674012,0.301172,0.0848935,0.853561,6.78614,0.95634,0.942135,0.0529188,0.273151,0.498951,0.214704,0.573889,0.573889,0,0,-0.0045508,0.0314346,0.945901,0.797761,0.0132988,0.0235311,0.00406221,0.00306153,0.562724,0.0122864,-7.62632,-7.96924,14.4739,0.558138,1.00682,-16.6271,-0.909091,-0.169997,2.0553,0.333333,10.7083,0,0,36.3333,28.5,0,-10.747,0.0001,-0.000925685,0.109455,1.73537,0.133262,52607,0.131421,56.28,2.27727
1899,0.459884,0.459934,0.0177813,0.0104169,0.659348,0.402644,0.826674,0.503085,0.0255208,0.042698,0.0171507,0.192673,0.0108835,0,0.240728,0.127906,4.4062,0.0667523,0.300156,0.0849095,0.853237,6.78892,0.95658,0.942389,0.0524681,0.270774,0.500108,0.212482,0.581961,0.581961,0,0,-0.00454575,0.0312604,0.946123,0.79886,0.013256,0.0234467,0.00390947,0.00296842,0.561967,0.0123042,-7.75535,-7.89911,14.3514,0.560901,1.00347,-16.7348,-0.909091,-0.170149,2.05135,0.333333,10.6667,0,0,36,29.5833,0,-10.7445,0.0001,-0.000957317,0.103717,1.73179,0.139686,52527,0.13148,56.85,2.08105
1900,0.459897,0.465977,0.0177093,0.0102599,0.657494,0.40601,0.826574,0.50897,0.0252643,0.0435068,0.0169858,0.191667,0.0108371,0,0.240719,0.129066,4.42842,0.0682576,0.299627,0.0842531,0.854882,6.78787,0.956001,0.942622,0.0521568,0.270443,0.500764,0.211411,0.588476,0.588476,0,0,-0.00456939,0.0319185,0.945434,0.801359,0.0131079,0.0231882,0.00391144,0.00299046,0.561476,0.0121,-7.71193,-8.15551,14.232,0.567601,0.999211,-16.6299,-0.909091,-0.170428,2.07835,0.375,11.0833,0,0,35.4583,29.5833,0,-10.7435,0.0001,-0.000276449,0.108786,1.65828,0.131066,54938,0.131497,58.59,2.38789
1901,0.461031,0.458106,0.0177233,0.0105843,0.660504,0.400848,0.827093,0.503703,0.0253567,0.0431123,0.0170466,0.193777,0.0108202,0,0.242735,0.127889,4.42108,0.0679002,0.301317,0.084562,0.852338,6.78979,0.956141,0.942576,0.0520033,0.269277,0.501732,0.213519,0.582214,0.582214,0,0,-0.00454224,0.0319635,0.946259,0.80112,0.0131402,0.0232751,0.00406682,0.00309303,0.563175,0.0121865,-7.65553,-7.98999,14.2538,0.564398,0.998793,-16.7094,-0.909091,-0.170872,2.04518,0.375,10.375,0,0,35.2917,30.5833,0,-10.7457,0.0001,-0.000720636,0.11317,1.63857,0.125027,55740,0.131497,56.41,2.10938
1902,0.459415,0.456419,0.0177817,0.0106157,0.657663,0.399483,0.826938,0.501602,0.0252607,0.044521,0.0169464,0.192885,0.0110064,0,0.240588,0.127379,4.4054,0.0685021,0.29992,0.0848996,0.850492,6.78101,0.955931,0.942387,0.0517531,0.267379,0.499989,0.212125,0.58184,0.58184,0,0,-0.00459633,0.032322,0.94426,0.801776,0.0131563,0.0233225,0.00399174,0.00304884,0.562797,0.0120143,-7.55502,-8.38818,14.3427,0.567199,1.01297,-16.3946,-0.909091,-0.169787,2.03716,0.416667,12.25,0,0,35.1667,31,0,-10.7466,0.0001,-0.000545833,0.100861,1.68244,0.127089,54325,0.131504,56.05,2.25716
1903,0.461537,0.459823,0.0178158,0.01063,0.659802,0.40445,0.827078,0.502421,0.0253306,0.0436714,0.0170107,0.19332,0.0109169,0,0.240792,0.127353,4.38855,0.0676003,0.300383,0.0846312,0.852896,6.79071,0.956631,0.942277,0.0524601,0.268662,0.501537,0.212907,0.584054,0.584054,0,0,-0.00457925,0.030774,0.945434,0.80028,0.0131607,0.0233308,0.00397583,0.00300925,0.56238,0.0120672,-7.59836,-8.18279,14.342,0.563728,1.01081,-16.5423,-0.909091,-0.169804,2.05102,0.375,11.2917,0,0,35.8333,28.3333,0,-10.747,0.0001,-0.000730815,0.110506,1.66559,0.129945,54749,0.131499,57.33,2.21704
1904,0.457395,0.457022,0.0178871,0.0105974,0.657891,0.401777,0.827248,0.501278,0.0251086,0.0450135,0.0168313,0.193066,0.0110004,0,0.239547,0.127024,4.40537,0.0690547,0.299552,0.0845434,0.852267,6.7805,0.956863,0.942046,0.052344,0.269468,0.497351,0.212494,0.583225,0.583225,0,0,-0.00462445,0.0316717,0.943904,0.800564,0.0131411,0.0232051,0.00408997,0.00307184,0.563238,0.0119371,-7.53439,-8.55817,14.3632,0.566223,1.00915,-16.2573,-0.909091,-0.16904,2.03982,0.458333,13.375,0,0,34.375,29.25,0,-10.7481,0.0001,-0.00104387,0.103994,1.59726,0.124159,57106,0.131501,57.64,2.06957
1905,0.457044,0.457162,0.0177514,0.0107537,0.655049,0.399571,0.827822,0.503713,0.0250133,0.0455397,0.0167808,0.191547,0.0109688,0,0.239034,0.127524,4.38381,0.0691059,0.298965,0.0843501,0.85152,6.78835,0.956858,0.942485,0.0521051,0.261325,0.499131,0.210303,0.584191,0.584191,0,0,-0.00461732,0.032673,0.943844,0.803537,0.0130218,0.0231062,0.00407224,0.00309119,0.563247,0.0118346,-7.48277,-8.65613,14.2271,0.571815,1.00772,-16.2683,-0.909091,-0.169425,2.04263,0.416667,12.5833,0,0,32.25,30.3333,0,-10.7487,0.0001,-0.000138534,0.102752,1.57607,0.123263,57848,0.131496,57.07,2.10968
1906,0.46088,0.464809,0.0178003,0.0102912,0.658662,0.406825,0.827605,0.506482,0.0251264,0.0448109,0.016844,0.19397,0.0108949,0,0.241584,0.128321,4.39652,0.0685627,0.301027,0.0845456,0.851696,6.78344,0.956999,0.942327,0.0520811,0.264951,0.499087,0.213146,0.596576,0.596576,0,0,-0.00460335,0.0323302,0.94408,0.801882,0.0130686,0.023228,0.00414048,0.00313245,0.563752,0.0119125,-7.51257,-8.50521,14.375,0.565892,1.01304,-16.3239,-0.909091,-0.170001,2.07443,0.625,12.875,0,0,35.0417,31.0417,0,-10.7537,0.0001,-0.000987639,0.102929,1.59265,0.123596,57278,0.131465,58.25,2.12353
1907,0.461426,0.462167,0.0177943,0.0104992,0.659771,0.40538,0.827533,0.506211,0.0250279,0.0449084,0.0168104,0.193384,0.0108691,0,0.241188,0.128112,4.40289,0.0686647,0.300208,0.0842166,0.853277,6.78811,0.95636,0.942346,0.0523798,0.264298,0.500575,0.213043,0.59318,0.59318,0,0,-0.00459896,0.0320248,0.944465,0.80305,0.0130166,0.0230582,0.00413983,0.00313821,0.564054,0.0119072,-7.52849,-8.48911,14.2338,0.569747,1.00496,-16.3792,-0.909091,-0.170016,2.06325,0.75,11.25,0,0,33.7083,29.5,0.0416667,-10.7577,0.0001,-0.000691495,0.107758,1.61923,0.126797,56301,0.131447,56.92,2.25017
1908,0.459902,0.453949,0.0179042,0.0113278,0.660364,0.400573,0.827858,0.496599,0.0254036,0.0438156,0.0170391,0.193545,0.0109591,0,0.240051,0.125754,4.44013,0.0688466,0.299825,0.084697,0.853838,6.77858,0.955897,0.94199,0.053403,0.273991,0.498814,0.213111,0.545333,0.545333,0,0,-0.00457931,0.031274,0.944568,0.798487,0.0132309,0.0234686,0.00397012,0.00298584,0.561614,0.0121085,-7.60862,-8.28511,14.4609,0.560803,1.01355,-16.4438,-0.909091,-0.169256,2.02711,0.541667,12.1667,0,0,36.375,27.3333,0,-10.758,0.0001,-0.000678612,0.11071,1.63453,0.128921,55745,0.131464,55.43,2.02418
1909,0.461981,0.460941,0.0177409,0.0102834,0.659599,0.403147,0.827779,0.505046,0.0253892,0.0432064,0.0170755,0.193567,0.0109049,0,0.241932,0.128631,4.42285,0.068787,0.300516,0.0849374,0.851025,6.78206,0.955742,0.942519,0.0531347,0.268255,0.502577,0.213231,0.590881,0.590881,0,0,-0.00455301,0.0311809,0.94551,0.801434,0.0131554,0.0233252,0.00405221,0.00311075,0.563886,0.0121792,-7.64846,-8.1013,14.2688,0.565826,1.00204,-16.6326,-0.909091,-0.170388,2.05913,0.625,10.5,0,0,36.375,31.0833,0,-10.7551,0.0001,-0.000298907,0.104869,1.68666,0.135988,53934,0.131516,56.18,2.16942
1910,0.459079,0.458714,0.017711,0.0103785,0.657306,0.400833,0.827518,0.503655,0.0252555,0.0437708,0.0169725,0.192306,0.0108915,0,0.240885,0.127703,4.4293,0.0690862,0.299698,0.0845667,0.851168,6.79303,0.956752,0.942616,0.0526295,0.267162,0.501022,0.211786,0.588872,0.588872,0,0,-0.00457142,0.0314967,0.945201,0.802401,0.0131214,0.023244,0.00405396,0.00312516,0.565001,0.0120961,-7.59701,-8.21164,14.2454,0.567945,1.00058,-16.5478,-0.909091,-0.170124,2.04843,0.541667,10.875,0,0,33.7083,30.6667,0,-10.7501,0.0001,-0.000531545,0.106962,1.75299,0.129939,52208,0.13155,56.68,2.11025
1911,0.460014,0.462015,0.0177206,0.0104496,0.657368,0.402937,0.827105,0.506509,0.0255542,0.0432526,0.0171649,0.192186,0.0108514,0,0.240704,0.12846,4.43526,0.0688697,0.299539,0.0850663,0.852916,6.77487,0.955201,0.942585,0.0529698,0.272925,0.500233,0.211701,0.584291,0.584291,0,0,-0.00456707,0.0317079,0.945213,0.799108,0.0132503,0.0235117,0.00406635,0.00313755,0.56392,0.0122625,-7.70618,-8.07836,14.3478,0.56438,1.00869,-16.6469,-0.909091,-0.17022,2.06241,0.5,10.75,0,0,36,29.875,0,-10.7466,0.0001,-0.00110122,0.108316,1.69972,0.131044,53695,0.131565,57.42,2.14955
1912,0.458736,0.45717,0.0177338,0.0106068,0.657079,0.398727,0.828066,0.499825,0.02541,0.043871,0.0170661,0.19325,0.0109983,0,0.241759,0.126187,4.42597,0.0693019,0.30058,0.0852574,0.848828,6.77885,0.956055,0.942543,0.0528303,0.266797,0.498302,0.212675,0.566477,0.566477,0,0,-0.00456961,0.0319715,0.94453,0.799917,0.0132611,0.023449,0.00412011,0.00317886,0.565264,0.0122204,-7.60384,-8.2641,14.346,0.566951,1.00963,-16.4957,-0.909091,-0.170142,2.04448,0.5,11.2917,0,0,34,31.5417,0,-10.7451,0.0001,-0.000780227,0.104096,1.66755,0.131033,54656,0.131558,57,2.09753
1913,0.461473,0.465615,0.0177062,0.0103629,0.658463,0.406576,0.827846,0.508976,0.0248416,0.0451085,0.0166697,0.192213,0.0107819,0,0.241212,0.129346,4.40947,0.0693181,0.299062,0.0837595,0.850742,6.78911,0.957204,0.942632,0.0525519,0.263295,0.501324,0.21182,0.596569,0.596569,0,0,-0.0045993,0.0329287,0.943988,0.805756,0.0128646,0.0229079,0.00412659,0.00316627,0.565545,0.0117526,-7.53677,-8.66133,14.1505,0.57429,1.0013,-16.3036,-0.909091,-0.170592,2.07987,0.416667,11.8333,0,0,32.2917,31.3333,0,-10.7458,0.0001,-0.000972289,0.105152,1.68295,0.126681,54322,0.131569,57.91,2.22993
1914,0.463023,0.462103,0.0177349,0.0103707,0.659585,0.403743,0.827564,0.502346,0.0254483,0.0431705,0.0170877,0.194415,0.010839,0,0.242813,0.127156,4.42792,0.0689598,0.301323,0.0851875,0.849041,6.78791,0.956371,0.942539,0.0522245,0.267307,0.500089,0.213728,0.583707,0.583707,0,0,-0.00455444,0.0319818,0.945335,0.801039,0.0132011,0.0234276,0.00413527,0.00318204,0.564343,0.0122514,-7.61549,-8.11292,14.3193,0.564461,1.00165,-16.607,-0.909091,-0.170633,2.06324,0.541667,11.5,0,0,35.7083,32.5,0,-10.7437,0.0001,-0.000771076,0.103991,1.71276,0.133094,53256,0.131582,57.7,2.12973
1915,0.462253,0.461909,0.0177338,0.0103264,0.658395,0.4042,0.828164,0.5048,0.0257576,0.0420181,0.0173218,0.194102,0.0108305,0,0.242886,0.128038,4.44304,0.0672701,0.300921,0.0854087,0.852332,6.78563,0.955339,0.942542,0.0533863,0.272819,0.501794,0.213961,0.584403,0.584403,0,0,-0.0045187,0.0311471,0.946451,0.799024,0.0133315,0.0236559,0.00408251,0.00313409,0.563837,0.0124485,-7.69192,-7.67686,14.4203,0.560133,1.00744,-16.8618,-0.909091,-0.170175,2.06358,0.458333,9.75,0,0,36.125,29.625,0,-10.7445,0.0001,-0.00086115,0.110469,1.6772,0.135282,54237,0.131603,57.92,2.20288
1916,0.464379,0.462701,0.0177101,0.0102107,0.661078,0.403253,0.828532,0.501613,0.0252411,0.04359,0.0169688,0.194934,0.0107913,0,0.244233,0.126851,4.40416,0.0686569,0.302015,0.0842392,0.851318,6.79268,0.956583,0.942602,0.0534205,0.272172,0.499673,0.214633,0.571147,0.571147,0,0,-0.00455072,0.0322902,0.945717,0.802372,0.0130967,0.0231773,0.00417409,0.00322658,0.566364,0.0121625,-7.65975,-8.14773,14.1451,0.569504,0.99574,-16.6508,-0.908565,-0.171354,2.06917,0.583333,10.2083,0,0,35.6667,30.875,0.0416667,-10.7433,0.0001,-0.00046794,0.114984,1.64479,0.130126,55385,0.131665,57.34,2.1264
1917,0.461225,0.463878,0.0176173,0.0102375,0.65517,0.402745,0.828724,0.506819,0.0255026,0.0430766,0.0171598,0.190964,0.0108466,0,0.240893,0.128661,4.43066,0.068328,0.298417,0.0847527,0.851092,6.78651,0.955909,0.94292,0.0528748,0.263661,0.502005,0.21066,0.59335,0.59335,0,0,-0.00456523,0.031641,0.945522,0.800995,0.013238,0.0234221,0.00410773,0.00321284,0.566443,0.0122784,-7.71453,-8.01519,14.2616,0.567239,1.00099,-16.7202,-0.909091,-0.170601,2.07589,0.416667,10.2083,0,0,32.7917,30.7917,0,-10.7387,0.0001,-0.000697685,0.104532,1.63015,0.128147,55908,0.131709,58.6,2.26951
1918,0.458024,0.457497,0.017719,0.0105404,0.655606,0.398313,0.828971,0.500262,0.0252099,0.0439107,0.0169286,0.192655,0.0107879,0,0.241334,0.126613,4.4262,0.0691519,0.299715,0.0843382,0.849751,6.78328,0.955826,0.94259,0.0531523,0.266615,0.498806,0.212116,0.577106,0.577106,0,0,-0.00459107,0.0316053,0.944921,0.801964,0.0130973,0.0232058,0.00414627,0.00321882,0.565697,0.012112,-7.61536,-8.34133,14.1861,0.570733,1.00055,-16.5175,-0.909091,-0.169972,2.04806,0.5,10.9583,0,0,34.5,29.9583,0,-10.7355,0.0001,-0.000436755,0.111934,1.62171,0.125728,56256,0.131731,58.26,2.1458
1919,0.463941,0.462593,0.0176953,0.0102736,0.657926,0.402873,0.827887,0.505101,0.0251269,0.0441945,0.0168899,0.191262,0.0107485,0,0.24028,0.128642,4.42538,0.0690383,0.29819,0.0841383,0.851951,6.79211,0.956256,0.942667,0.053318,0.268681,0.502505,0.210805,0.574363,0.574363,0,0,-0.00461023,0.0312513,0.944867,0.803895,0.013012,0.0230942,0.00392115,0.00303825,0.563868,0.0120346,-7.64123,-8.39941,14.086,0.574707,0.998282,-16.5267,-0.909091,-0.170675,2.06667,0.541667,11.5,0,0,34.0417,32,0,-10.7367,0.0001,-0.00064651,0.113704,1.59402,0.126299,57142,0.131698,57.69,2.1516
1920,0.46321,0.460461,0.0177447,0.0103158,0.660095,0.401534,0.828228,0.497721,0.0252225,0.0445874,0.0169345,0.193857,0.0108196,0,0.242291,0.125993,4.44755,0.0695672,0.2998,0.0845443,0.84938,6.78008,0.95588,0.942507,0.0542063,0.272936,0.498778,0.213259,0.574503,0.574503,0,0,-0.00457838,0.0334515,0.944817,0.802171,0.0130942,0.0232646,0.00425939,0.00326268,0.564893,0.0120654,-7.49307,-8.42413,14.2089,0.571564,1.0089,-16.4722,-0.909091,-0.170822,2.05844,0.666667,11.2917,0,0,35.625,29.5,0,-10.7415,0.0001,-0.000647111,0.111449,1.64799,0.127895,55354,0.131668,56.9,2.07566
1921,0.465466,0.462032,0.0177308,0.010398,0.661977,0.403598,0.828225,0.502978,0.0248752,0.0446391,0.0167373,0.193932,0.0106933,0,0.243023,0.128062,4.42952,0.0685676,0.300403,0.0835013,0.851626,6.79775,0.956872,0.942552,0.0535077,0.263576,0.50323,0.213782,0.576031,0.576031,0,0,-0.00461497,0.0312811,0.945052,0.805066,0.0128748,0.0228469,0.0041845,0.00321007,0.565726,0.0118862,-7.51081,-8.50918,14.0479,0.575222,0.99425,-16.4519,-0.909091,-0.171256,2.06461,0.416667,11.375,0,0,34.6667,30.625,0,-10.7435,0.0001,0.000124834,0.115954,1.57363,0.124436,57891,0.131664,56.73,2.02329
1922,0.465731,0.460081,0.0177198,0.0103069,0.66258,0.401501,0.82777,0.496969,0.0256415,0.0427962,0.0172308,0.195127,0.0108902,0,0.244054,0.125379,4.45286,0.069055,0.301699,0.0853188,0.850505,6.77992,0.955488,0.942588,0.0539201,0.272162,0.499235,0.214713,0.566086,0.566086,0,0,-0.00454741,0.0322417,0.945737,0.799572,0.0132973,0.0235864,0.00408982,0.00318678,0.565202,0.0123524,-7.66025,-7.93511,14.3344,0.564255,1.00588,-16.7302,-0.909091,-0.171492,2.05501,0.541667,10.25,0,0,35.0833,29,0,-10.7426,0.0001,-0.000378945,0.114643,1.56722,0.122082,58192,0.131653,57.36,2.12566
1923,0.460372,0.459327,0.0177574,0.0103282,0.657638,0.399739,0.827931,0.499089,0.025291,0.0438633,0.0169711,0.193072,0.0108336,0,0.241918,0.126147,4.42933,0.0690414,0.299758,0.0844398,0.849153,6.77757,0.95548,0.942466,0.0540029,0.270399,0.497106,0.212626,0.573256,0.573256,0,0,-0.00457978,0.0325382,0.944823,0.801081,0.0131352,0.0232895,0.00412082,0.00321051,0.565192,0.0121215,-7.65027,-8.32186,14.2119,0.570666,1.00799,-16.5405,-0.909091,-0.170497,2.05361,0.208333,10.9167,0,0,34.7083,30.8333,0,-10.7422,0.0001,-0.000223738,0.116557,1.58361,0.126071,57498,0.131662,57.16,2.22041
1924,0.462846,0.460348,0.0177479,0.0103705,0.65921,0.401517,0.827929,0.497162,0.0250179,0.0453414,0.0167892,0.194104,0.010882,0,0.242483,0.12518,4.41944,0.0693595,0.300794,0.0841723,0.84872,6.78441,0.956615,0.942497,0.0531367,0.266602,0.498155,0.213323,0.562256,0.562256,0,0,-0.00462451,0.0328728,0.943572,0.803708,0.0129962,0.0230943,0.00417811,0.00321159,0.565565,0.0118576,-7.53079,-8.6602,14.2097,0.573624,1.00844,-16.304,-0.909091,-0.170724,2.05694,0.458333,12.625,0,0,33.4167,29.875,0,-10.742,0.0001,-0.00018773,0.110919,1.60134,0.121913,57045,0.131665,56.74,2.05323
1925,0.462944,0.458344,0.0177403,0.010665,0.659366,0.399784,0.82819,0.499053,0.02504,0.0446135,0.0168227,0.193744,0.0107959,0,0.24242,0.126209,4.43682,0.0694192,0.300232,0.0839624,0.850155,6.78382,0.95537,0.942521,0.0533953,0.269671,0.499025,0.213307,0.56413,0.56413,0,0,-0.00458562,0.033395,0.944737,0.803504,0.0130052,0.0230668,0.00430778,0.00332185,0.565047,0.011955,-7.52597,-8.43287,14.1781,0.571013,1.00149,-16.4389,-0.909091,-0.170626,2.04957,0.458333,11.2917,0,0,34.4167,30.7083,0,-10.7417,0.0001,-0.000921379,0.113683,1.63443,0.125676,55851,0.131707,57.21,2.39179
1926,0.461363,0.461561,0.0176827,0.0103155,0.657767,0.40166,0.829054,0.50347,0.0250887,0.0439676,0.0168578,0.192048,0.0107779,0,0.241304,0.127648,4.41187,0.0685853,0.299698,0.0841584,0.851027,6.79168,0.956545,0.942708,0.0528033,0.264587,0.500584,0.211544,0.580351,0.580351,0,0,-0.0046015,0.0318014,0.945185,0.804117,0.0129887,0.0230697,0.00422608,0.00330858,0.56752,0.0120162,-7.55583,-8.38006,14.1404,0.571004,0.995735,-16.4955,-0.909091,-0.170788,2.06639,0.416667,10.6667,0,0,32.7917,30.875,0,-10.7394,0.0001,-0.000686608,0.103805,1.62082,0.126344,56264,0.131737,56.41,2.07818
1927,0.460934,0.463107,0.0176654,0.0104061,0.656453,0.402554,0.828483,0.503798,0.0251075,0.0446587,0.0168685,0.191933,0.0108549,0,0.241239,0.12712,4.44455,0.0694475,0.299466,0.0843222,0.850208,6.78859,0.956954,0.942764,0.0529993,0.262726,0.49867,0.211388,0.577942,0.577942,0,0,-0.0045987,0.0323763,0.944325,0.803799,0.0130177,0.0231255,0.00420928,0.00329353,0.56706,0.0119908,-7.56953,-8.48418,14.1719,0.573485,1.00182,-16.4558,-0.909091,-0.170566,2.07141,0.583333,11.5417,0,0,33.6667,32.0833,0,-10.7373,0.0001,0.000638744,0.110938,1.6147,0.12328,56562,0.131753,57.97,2.40144
1928,0.458363,0.455878,0.0175747,0.010689,0.652257,0.394991,0.828197,0.505318,0.025147,0.0434982,0.0169197,0.19083,0.0106802,0,0.241225,0.128203,4.41422,0.0685956,0.298719,0.0840688,0.848798,6.79286,0.956244,0.943058,0.0524889,0.259408,0.502985,0.210575,0.586916,0.586916,0,0,-0.00457169,0.0325245,0.945877,0.804832,0.012985,0.023057,0.0043005,0.00339197,0.568292,0.0120836,-7.57391,-8.18134,14.0892,0.572271,0.989485,-16.6527,-0.909091,-0.170195,2.04,0.666667,10.25,0,0,32.9167,33.2917,0,-10.7367,0.0001,-0.000317442,0.110853,1.61222,0.131182,56386,0.13174,58.13,2.08381
1929,0.463183,0.460008,0.0177563,0.0105836,0.657601,0.402048,0.828233,0.50083,0.0250137,0.0445037,0.0167984,0.192854,0.0107711,0,0.241007,0.126892,4.42997,0.0693609,0.299458,0.0839516,0.850544,6.79013,0.956065,0.942469,0.0531861,0.263477,0.501099,0.21218,0.56992,0.56992,0,0,-0.00457535,0.0326673,0.944788,0.803654,0.0129661,0.0230358,0.00428815,0.00329596,0.565805,0.0119383,-7.49501,-8.50839,14.1314,0.572278,1.00289,-16.4265,-0.909091,-0.170051,2.05583,0.5,11.7917,0,0,34.5,31.375,0,-10.7386,0.0001,0.0010364,0.106907,1.58545,0.122324,57562,0.131755,57.03,2.09728
1930,0.462843,0.45895,0.0177756,0.0105222,0.65817,0.401941,0.828778,0.501082,0.0248766,0.0454569,0.0166771,0.193593,0.0108991,0,0.241369,0.12715,4.4206,0.0693803,0.300145,0.0841966,0.849911,6.78231,0.957187,0.942407,0.0528938,0.260113,0.501672,0.212872,0.580647,0.580647,0,0,-0.00462774,0.0323652,0.943367,0.804894,0.0129284,0.0230205,0.00415589,0.00320027,0.565938,0.0117545,-7.41784,-8.84496,14.2077,0.573443,1.00985,-16.1565,-0.909091,-0.169881,2.05159,0.625,12.625,0,0,32,30.0417,0,-10.738,0.0001,-0.000616803,0.110338,1.61402,0.123893,56564,0.131794,56.34,2.06007
1931,0.463001,0.461055,0.0177746,0.0105397,0.658822,0.403629,0.828567,0.502904,0.02503,0.0448827,0.016795,0.193785,0.0108555,0,0.241751,0.127571,4.41774,0.0685753,0.300263,0.0845984,0.849516,6.79029,0.95615,0.94241,0.0529291,0.262079,0.499738,0.213248,0.579905,0.579905,0,0,-0.0045982,0.0325604,0.944069,0.804845,0.0129612,0.0230859,0.00422104,0.00327435,0.566431,0.011907,-7.46574,-8.5752,14.2257,0.571558,1.00547,-16.3197,-0.909091,-0.170064,2.06066,0.458333,12.25,0,0,34.125,32.75,0,-10.7372,0.0001,-0.000841697,0.106479,1.61136,0.12716,56544,0.131786,57.23,2.0618
1932,0.461903,0.460664,0.017713,0.0105787,0.65804,0.401989,0.827854,0.499848,0.0245504,0.0460866,0.0164789,0.192645,0.0108297,0,0.241647,0.126067,4.40516,0.0697685,0.299971,0.0833958,0.849414,6.7921,0.957292,0.94261,0.05253,0.258055,0.498024,0.212198,0.566314,0.566314,0,0,-0.00464062,0.0333975,0.943214,0.807023,0.0127742,0.0226146,0.0042093,0.00325474,0.567206,0.0116453,-7.5138,-8.97534,14.0348,0.578118,0.99214,-16.1268,-0.909091,-0.170609,2.05889,0.875,12.625,0,0,30.9583,31,0,-10.7386,0.0001,-0.000483426,0.108058,1.63497,0.132163,55628,0.131786,57.21,2.08082
1933,0.459571,0.459732,0.0177831,0.0104558,0.655639,0.401498,0.829168,0.501153,0.0247112,0.0458082,0.0165749,0.192401,0.0108922,0,0.240173,0.126712,4.39528,0.0691647,0.299389,0.0838886,0.848624,6.79008,0.956778,0.942383,0.0523542,0.257308,0.498162,0.211658,0.588012,0.588012,0,0,-0.00464233,0.0332941,0.94336,0.806548,0.01285,0.0228239,0.00426856,0.00330809,0.566933,0.011689,-7.42091,-8.87849,14.1142,0.57702,1.00265,-16.1355,-0.909091,-0.169459,2.05698,0.5,13.375,0,0,33.25,32.625,0,-10.737,0.0001,8.99935e-05,0.103448,1.63918,0.124852,55726,0.131822,57.28,2.20793
1934,0.461669,0.464268,0.0177172,0.0100524,0.656194,0.404604,0.829002,0.505782,0.0250311,0.0446214,0.0168161,0.192573,0.010843,0,0.241276,0.128197,4.39198,0.0677764,0.300673,0.0840969,0.849449,6.79098,0.956757,0.942596,0.0524554,0.261149,0.49904,0.211998,0.601667,0.601667,0,0,-0.00460829,0.0323654,0.944251,0.805005,0.0129958,0.0230409,0.00416279,0.00326318,0.567107,0.0119163,-7.52393,-8.48466,14.1935,0.57194,1.00235,-16.3873,-0.909091,-0.170061,2.07766,0.75,11.2083,0,0,31.4167,31.9167,0.0416667,-10.732,0.0001,-0.00054966,0.10563,1.63126,0.132814,55725,0.131859,57.94,2.29574
1935,0.462922,0.46404,0.0176927,0.0104035,0.656747,0.403908,0.82914,0.503622,0.0246913,0.0448667,0.0165794,0.193156,0.0106642,0,0.242382,0.127042,4.37552,0.0682755,0.300904,0.0831814,0.849137,6.79322,0.957189,0.942676,0.0522741,0.262851,0.499178,0.212619,0.584297,0.584297,0,0,-0.00460486,0.0334269,0.944755,0.807164,0.0127723,0.0227293,0.00444873,0.00346914,0.568849,0.0117564,-7.46151,-8.65655,14.0304,0.575975,0.993717,-16.3351,-0.909091,-0.170514,2.07634,0.333333,11.9583,0,0,33.4167,31.75,0,-10.7278,0.0001,-0.000586323,0.104661,1.65815,0.125017,55128,0.131878,57.6,2.22277
1936,0.464392,0.467096,0.017629,0.0101833,0.658725,0.406212,0.829196,0.507894,0.0249747,0.0440157,0.0167843,0.192367,0.0106744,0,0.242444,0.129019,4.38749,0.0676228,0.300314,0.0835947,0.84937,6.79977,0.956763,0.942864,0.052015,0.256938,0.502463,0.212192,0.59443,0.59443,0,0,-0.00457162,0.0327415,0.945773,0.806491,0.0129086,0.022929,0.0043872,0.00348231,0.570358,0.0119492,-7.50128,-8.30291,14.0571,0.572744,0.991581,-16.5606,-0.908525,-0.171249,2.09004,0.416667,10.3333,0,0,33.25,32.7917,0.0416667,-10.724,0.0001,-0.000731052,0.106439,1.65764,0.126234,55106,0.131909,58.33,2.3893
1937,0.462478,0.46206,0.0177769,0.0104415,0.657876,0.404711,0.828945,0.505381,0.0246978,0.0447818,0.0165746,0.193293,0.0107741,0,0.241767,0.128478,4.39856,0.0683852,0.300101,0.0834356,0.852349,6.79436,0.957455,0.942403,0.0521633,0.261488,0.501386,0.213229,0.593638,0.593638,0,0,-0.00461874,0.0325182,0.944284,0.806525,0.0127883,0.0227884,0.00429459,0.00330785,0.567679,0.0117388,-7.46573,-8.72221,14.1379,0.572383,0.998427,-16.2539,-0.909091,-0.169782,2.06632,0.75,12.5833,0,0,33.25,30.7083,0,-10.72,0.0001,-0.000812379,0.10865,1.65577,0.127827,55115,0.131984,55.95,2.33761
1938,0.460258,0.457163,0.0177431,0.0107322,0.655237,0.399695,0.828557,0.499834,0.0247137,0.0448852,0.0165889,0.192501,0.0107322,0,0.240797,0.126498,4.42136,0.0685059,0.299443,0.0832212,0.849857,6.80145,0.957713,0.942512,0.0519712,0.258877,0.500059,0.211984,0.568033,0.568033,0,0,-0.00460653,0.0330195,0.944838,0.805775,0.0128304,0.0227842,0.00445492,0.00342117,0.568325,0.011758,-7.382,-8.68041,14.0796,0.573423,0.997764,-16.2948,-0.909091,-0.169447,2.04441,0.708333,12.125,0,0,33,31.2917,0,-10.7132,0.0001,-0.000762201,0.106299,1.68527,0.128231,54206,0.13207,56.84,2.31563
1939,0.461877,0.463846,0.0177491,0.0103375,0.656863,0.404943,0.828614,0.504794,0.0248972,0.044846,0.0167064,0.193231,0.0107516,0,0.241457,0.128036,4.38998,0.0675896,0.300574,0.083637,0.848871,6.7922,0.95676,0.942493,0.051857,0.252496,0.499137,0.212725,0.591968,0.591968,0,0,-0.00460361,0.0325055,0.944115,0.806302,0.012879,0.0229541,0.0042018,0.0032966,0.567099,0.0117965,-7.50344,-8.59593,14.1739,0.572172,1.00199,-16.3275,-0.909091,-0.169887,2.0734,0.583333,11.2917,0,0,31.4583,32.5833,0,-10.7084,0.0001,-0.000897807,0.111031,1.60894,0.130228,56523,0.132095,57.81,2.16031
1940,0.465453,0.464554,0.0177024,0.00996646,0.659664,0.404852,0.828244,0.503741,0.0246478,0.0450891,0.0165443,0.194292,0.0107131,0,0.243605,0.127659,4.3673,0.0681316,0.301811,0.0831977,0.848875,6.80153,0.957719,0.942644,0.0514238,0.254649,0.50132,0.214035,0.592875,0.592875,0,0,-0.00460953,0.0332048,0.94493,0.807469,0.0127548,0.0226812,0.00442586,0.003466,0.57029,0.0117147,-7.40181,-8.6771,14.0473,0.574353,0.991442,-16.3133,-0.909091,-0.171019,2.07561,0.625,11.375,0,0,31.4583,32.5833,0,-10.7081,0.0001,0.000126397,0.111231,1.63261,0.123971,55963,0.132042,58.2,2.25148
1941,0.462067,0.45691,0.0177526,0.0105022,0.657438,0.399888,0.827228,0.499418,0.0249006,0.0447352,0.016707,0.193308,0.0107746,0,0.241671,0.126677,4.37698,0.0676705,0.300838,0.0835933,0.849405,6.79514,0.957452,0.942482,0.0517279,0.258412,0.500733,0.21278,0.587418,0.587418,0,0,-0.00459698,0.0328041,0.944665,0.805659,0.0128698,0.0229556,0.00424706,0.0032946,0.567341,0.0118223,-7.4795,-8.54492,14.1735,0.570769,1.00238,-16.3632,-0.909091,-0.169962,2.03999,0.458333,12.3333,0,0,33.875,32.125,0,-10.7113,0.0001,-0.000550061,0.107884,1.6334,0.129505,55762,0.13205,56.29,1.98857
1942,0.461763,0.45929,0.0177546,0.0103921,0.65735,0.400879,0.827001,0.497612,0.0248134,0.0446016,0.0166526,0.193536,0.0108354,0,0.242119,0.125268,4.38688,0.0683062,0.300836,0.0837497,0.850111,6.79299,0.95696,0.942475,0.0518127,0.26158,0.497856,0.213053,0.574186,0.574186,0,0,-0.00460567,0.0329132,0.944612,0.805213,0.0129035,0.0228781,0.0043758,0.00339451,0.567852,0.0118716,-7.46395,-8.57256,14.1533,0.571866,0.995465,-16.3139,-0.909091,-0.170172,2.0498,0.375,11.75,0,0,32.9583,31.4583,0,-10.7087,0.0001,-0.000793644,0.10849,1.66161,0.127798,54936,0.132102,57.3,2.16587
1943,0.461454,0.459612,0.0176746,0.0105436,0.655952,0.400149,0.826361,0.50183,0.0244937,0.0450084,0.016451,0.19216,0.0106797,0,0.241679,0.126811,4.39441,0.0685729,0.300335,0.082834,0.849594,6.81023,0.957865,0.942734,0.0514638,0.254437,0.500325,0.211773,0.587272,0.587272,0,0,-0.0046171,0.0333316,0.944618,0.809021,0.0126745,0.0225285,0.00429926,0.00334435,0.568095,0.0116546,-7.49936,-8.74854,13.9442,0.577381,0.987437,-16.282,-0.909091,-0.170274,2.04953,0.833333,12.5417,0,0,31.9167,33.7917,0,-10.7037,0.0001,-0.000688295,0.109773,1.6382,0.126648,55701,0.132156,56.5,2.17834
1944,0.461198,0.457837,0.0178178,0.010541,0.658352,0.401192,0.827265,0.499316,0.0247068,0.0446408,0.0165681,0.194506,0.0107875,0,0.242447,0.12628,4.38789,0.0672856,0.301572,0.0836062,0.849567,6.79964,0.957547,0.94227,0.0518931,0.25836,0.498755,0.214399,0.58233,0.58233,0,0,-0.0046089,0.0325659,0.944434,0.806572,0.0128226,0.0228025,0.00431625,0.00334439,0.567527,0.0117625,-7.47261,-8.61069,14.1855,0.569894,0.997149,-16.2485,-0.909091,-0.169641,2.04287,0.416667,11.5833,0,0,32.4583,31.75,0.0416667,-10.6978,0.0001,-0.000434683,0.107115,1.68455,0.130023,54174,0.132166,56.74,2.02566
1945,0.462165,0.457024,0.017793,0.0106341,0.656675,0.4009,0.826926,0.498038,0.0248194,0.0448552,0.0166398,0.192915,0.0108363,0,0.240689,0.12596,4.38286,0.0677093,0.299989,0.0838653,0.850769,6.79309,0.956478,0.94235,0.0518277,0.254642,0.499895,0.212292,0.5671,0.5671,0,0,-0.00462031,0.032574,0.944157,0.804866,0.0128823,0.0229219,0.00433248,0.00335866,0.566419,0.0117654,-7.39712,-8.73261,14.2083,0.570476,1.00501,-16.2077,-0.909091,-0.169405,2.03872,0.416667,12.7083,0,0,32,30.9583,0,-10.6941,0.0001,-0.000515559,0.107727,1.66407,0.131815,54738,0.132203,56.55,2.14728
1946,0.461728,0.46149,0.0176996,0.0103959,0.655761,0.402318,0.826478,0.502607,0.0245269,0.0457842,0.0164339,0.191609,0.0107698,0,0.240127,0.127021,4.3862,0.0686306,0.299629,0.083419,0.848897,6.79892,0.958199,0.942653,0.0504976,0.244695,0.500379,0.210844,0.57804,0.57804,0,0,-0.00466998,0.0324206,0.943247,0.807816,0.012735,0.0226734,0.00430173,0.00336441,0.568485,0.0115604,-7.41088,-9.00532,14.123,0.575541,0.998783,-16.0637,-0.909091,-0.169934,2.05852,0.75,13.375,0,0,29.375,33.25,0,-10.6908,0.0001,-0.000826805,0.105606,1.63861,0.132957,55489,0.132222,57.3,2.13556
1947,0.457477,0.45656,0.0177425,0.010922,0.65295,0.397599,0.824944,0.500158,0.024362,0.0472771,0.0163193,0.190827,0.0108774,0,0.238394,0.126063,4.39788,0.0693088,0.298216,0.0834426,0.848049,6.78965,0.957172,0.942514,0.0511096,0.250069,0.497234,0.209638,0.563474,0.563474,0,0,-0.00468943,0.0333835,0.941903,0.808439,0.0127178,0.0225865,0.00436407,0.003381,0.567173,0.0114321,-7.30503,-9.32354,14.0901,0.579988,1.00541,-15.8534,-0.909091,-0.169089,2.03319,0.916667,14,0,0,29.5417,33.4167,0.0416667,-10.6894,0.0001,3.35148e-05,0.109356,1.67232,0.125544,54678,0.132255,57.61,2.17439
1948,0.458157,0.460134,0.0177343,0.0105918,0.652967,0.400742,0.825528,0.503098,0.0246009,0.0458151,0.0164829,0.192004,0.0108564,0,0.240232,0.127055,4.3616,0.0686799,0.299428,0.0836944,0.847269,6.79817,0.957632,0.942528,0.0509258,0.248151,0.498445,0.21092,0.580724,0.580724,0,0,-0.00464467,0.0337543,0.943661,0.807687,0.0127826,0.0227269,0.00439185,0.00341987,0.568322,0.0116071,-7.34618,-8.94989,14.102,0.574543,1.00037,-16.1069,-0.908688,-0.169277,2.04999,0.583333,13.625,0,0,31.4167,33.5833,0.0416667,-10.6848,0.0001,-0.0011328,0.108385,1.64208,0.131415,55429,0.132306,56.56,1.84161
1949,0.463088,0.457778,0.0177434,0.0106029,0.65711,0.399699,0.825755,0.500004,0.0241306,0.0468146,0.0161786,0.193458,0.0107685,0,0.241659,0.12673,4.39023,0.0691124,0.300338,0.0824899,0.846405,6.80403,0.958597,0.942511,0.0512404,0.244336,0.501279,0.212534,0.576747,0.576747,0,0,-0.00467205,0.0340222,0.943354,0.811636,0.0125091,0.0222954,0.00447254,0.00345474,0.569745,0.0113126,-7.25792,-9.23362,13.9149,0.581982,0.993074,-15.9526,-0.909091,-0.169991,2.03942,0.416667,12.9167,0,0,28.5833,32.7917,0,-10.6821,0.0001,-0.00114537,0.106383,1.64454,0.125415,55540,0.132308,57.09,2.21104
1950,0.460448,0.456477,0.0178475,0.0108581,0.657496,0.400537,0.824595,0.497045,0.0245583,0.0464099,0.0164482,0.193902,0.0109684,0,0.240895,0.125257,4.4152,0.0688758,0.299697,0.0837063,0.850232,6.78991,0.957802,0.942174,0.0522068,0.260575,0.497879,0.212953,0.564487,0.564487,0,0,-0.00466767,0.0337673,0.942646,0.805886,0.0128366,0.0228016,0.00427984,0.00324364,0.564757,0.0115411,-7.32108,-9.09177,14.2328,0.574124,1.01324,-15.9441,-0.909091,-0.169325,2.0308,0.5,14.3333,0,0,32.2917,30.7917,0,-10.6833,0.0001,-0.00056079,0.112492,1.62067,0.122421,56396,0.132302,56.61,2.12029
1951,0.463258,0.463808,0.0176234,0.0104501,0.654925,0.40265,0.824429,0.504145,0.0246691,0.0451726,0.0165655,0.1923,0.0108504,0,0.241939,0.127917,4.39278,0.0687439,0.299996,0.0837177,0.846744,6.80146,0.957327,0.942883,0.0512285,0.252227,0.500446,0.211408,0.569842,0.569842,0,0,-0.00460898,0.0343617,0.94438,0.807786,0.0128078,0.0227383,0.0044721,0.00350236,0.568832,0.0117285,-7.39384,-8.72054,14.0631,0.574889,0.995008,-16.2547,-0.908565,-0.170548,2.06339,0.75,12.375,0,0,32.1667,33.5417,0.0416667,-10.6851,0.0001,-0.000788451,0.115902,1.64966,0.128538,55282,0.132297,57.93,2.5032
1952,0.462549,0.456945,0.0177146,0.0105592,0.657548,0.398965,0.825184,0.498728,0.024468,0.0458785,0.0164013,0.194331,0.0108089,0,0.242951,0.126201,4.39786,0.0684395,0.300444,0.0834624,0.846927,6.794,0.957191,0.942605,0.0514665,0.25231,0.500236,0.213688,0.576166,0.576166,0,0,-0.00463053,0.034685,0.943899,0.808493,0.0127063,0.0226072,0.00446857,0.00343244,0.566849,0.0115505,-7.31084,-8.89516,14.0918,0.574896,1.00005,-16.1023,-0.909091,-0.170177,2.03465,0.458333,12.125,0,0,31.875,31.9167,0,-10.6849,0.0001,-0.000825197,0.111738,1.63248,0.136281,55578,0.132322,58.28,2.27225
1953,0.461848,0.45866,0.0177185,0.0105276,0.655141,0.400031,0.824096,0.499907,0.0249321,0.0452514,0.0167163,0.193053,0.0109217,0,0.241225,0.126479,4.42395,0.068732,0.299405,0.0843328,0.848918,6.79035,0.956848,0.942592,0.0519523,0.255517,0.499111,0.211992,0.58079,0.58079,0,0,-0.00460874,0.0349376,0.943857,0.803954,0.012976,0.0230351,0.00437606,0.00337616,0.566081,0.0118069,-7.42001,-8.64849,14.2795,0.569284,1.0086,-16.2434,-0.909091,-0.16977,2.03968,0.875,12.7083,0,0,33.3333,30.9167,0,-10.6814,0.0001,-0.0010063,0.1082,1.68178,0.136771,54056,0.13237,56.19,2.11305
1954,0.462348,0.458494,0.017769,0.0106296,0.657017,0.401224,0.824885,0.498116,0.0245771,0.0451447,0.0164892,0.193843,0.0107541,0,0.241934,0.125861,4.40813,0.0679903,0.300273,0.0831174,0.850557,6.80486,0.958137,0.942428,0.0514981,0.258192,0.499222,0.213243,0.563811,0.563811,0,0,-0.00461933,0.0342643,0.944997,0.806355,0.0127619,0.0226727,0.0044428,0.00339279,0.567355,0.0116649,-7.35317,-8.69133,14.1127,0.571891,0.998228,-16.2402,-0.909091,-0.169703,2.0406,0.458333,12.0833,0,0,33.375,31.2083,0.0416667,-10.6805,0.0001,-0.000885664,0.111324,1.65365,0.130531,55097,0.132381,56.92,1.90346
1955,0.461458,0.455194,0.0177334,0.0107688,0.655926,0.39733,0.824155,0.496755,0.0246181,0.0453954,0.0165147,0.192852,0.0108059,0,0.241161,0.125533,4.40778,0.0684407,0.299379,0.0835721,0.848551,6.7996,0.957653,0.942544,0.0517054,0.255147,0.500377,0.212014,0.571355,0.571355,0,0,-0.00460424,0.0345973,0.944668,0.806868,0.0128102,0.0227316,0.00453436,0.00348071,0.568657,0.0116707,-7.29939,-8.73757,14.1226,0.572905,0.999666,-16.2106,-0.909091,-0.169722,2.02474,0.666667,11.8333,0,0,32.2083,32.9167,0,-10.682,0.0001,-0.000601359,0.10895,1.64956,0.126749,55341,0.132333,57.44,2.11474
1956,0.467001,0.464378,0.0177224,0.0101709,0.66014,0.404933,0.824462,0.500762,0.0247709,0.0450374,0.0166219,0.194355,0.0109091,0,0.243363,0.126863,4.39546,0.0684535,0.301143,0.0841296,0.84759,6.7977,0.957795,0.942579,0.051218,0.256515,0.500698,0.213819,0.581042,0.581042,0,0,-0.00460999,0.0340515,0.944309,0.805479,0.012914,0.0228524,0.00439699,0.00341671,0.568309,0.0117848,-7.45228,-8.66113,14.1647,0.572375,0.998736,-16.2432,-0.909091,-0.170992,2.06476,0.458333,12.125,0,0,31.5,31.6667,0,-10.6851,0.0001,-0.000521225,0.114045,1.63092,0.128079,55886,0.132312,57.61,2.22771
1957,0.461788,0.45793,0.017742,0.010486,0.655477,0.400306,0.823408,0.495243,0.0247665,0.0454749,0.0165981,0.192933,0.0108749,0,0.240891,0.124968,4.4228,0.0686866,0.299396,0.0838461,0.846281,6.79605,0.957711,0.942516,0.0520264,0.255695,0.498088,0.211854,0.566997,0.566997,0,0,-0.00459061,0.0356419,0.944458,0.806697,0.0128502,0.0228799,0.00462731,0.0035759,0.569958,0.0116965,-7.23944,-8.71109,14.1669,0.572359,1.00508,-16.2107,-0.909091,-0.16958,2.03459,0.791667,12.5833,0,0,31.375,31.7917,0,-10.6844,0.0001,-0.000180485,0.115641,1.66531,0.13,54756,0.132351,58.41,2.32525
1958,0.464578,0.46144,0.0176936,0.0103992,0.657274,0.401668,0.823162,0.497959,0.0252342,0.0440957,0.0169471,0.194629,0.0109941,0,0.243909,0.125436,4.41491,0.0678461,0.301678,0.0850226,0.847519,6.78387,0.95602,0.942673,0.0521727,0.258419,0.498641,0.214041,0.559932,0.559932,0,0,-0.00456466,0.0347869,0.944941,0.801905,0.0131817,0.0232567,0.00438847,0.00344357,0.567247,0.0120908,-7.50499,-8.23671,14.3109,0.566365,1.00749,-16.4922,-0.909091,-0.170614,2.04947,0.541667,11.3333,0,0,33.7083,32.4583,0,-10.6803,0.0001,-0.000636785,0.108747,1.63168,0.126148,55923,0.132397,57.8,1.82879
1959,0.460445,0.453163,0.0177058,0.0106552,0.654087,0.395236,0.82366,0.493992,0.024959,0.0445769,0.0167503,0.193718,0.0108998,0,0.242301,0.124497,4.42715,0.0682611,0.300179,0.0845045,0.846842,6.79474,0.95713,0.942633,0.05189,0.257161,0.498819,0.213008,0.552603,0.552603,0,0,-0.00458046,0.034617,0.94477,0.804425,0.012993,0.0230221,0.0044232,0.00343796,0.56773,0.0119244,-7.43867,-8.50068,14.1576,0.571624,1.00427,-16.384,-0.909091,-0.169496,2.01426,0.25,11.2083,0,0,31.5833,30.875,0,-10.6787,0.0001,-0.000734248,0.10804,1.63086,0.123019,56049,0.132432,57.87,2.17891
1960,0.462317,0.462932,0.0175604,0.0103279,0.653916,0.400696,0.822768,0.503204,0.0250312,0.0436643,0.0168155,0.192799,0.010837,0,0.243719,0.126735,4.41675,0.0674119,0.300098,0.0843709,0.848037,6.79674,0.957317,0.943104,0.0517416,0.260615,0.501021,0.212412,0.575214,0.575214,0,0,-0.00454471,0.0352213,0.945584,0.804105,0.0130176,0.0230328,0.00445417,0.00352458,0.569325,0.0120328,-7.53332,-8.25776,14.1455,0.570196,0.997371,-16.5474,-0.909091,-0.170776,2.05633,0.541667,11.0417,0,0,33.6667,31.5417,0,-10.6815,0.0001,-0.000532081,0.101383,1.60327,0.120712,57021,0.1324,57.55,2.10035
1961,0.461502,0.463898,0.0175758,0.0103199,0.652398,0.402829,0.823565,0.504349,0.0249869,0.0440939,0.0167703,0.191668,0.0107157,0,0.24185,0.127305,4.39845,0.067754,0.29937,0.0838602,0.848917,6.80272,0.957423,0.943054,0.0514523,0.256907,0.50017,0.211061,0.586905,0.586905,0,0,-0.00455861,0.0356192,0.945427,0.806014,0.0129361,0.0230016,0.00444297,0.00352184,0.569313,0.011941,-7.50294,-8.32181,14.0975,0.571682,0.996443,-16.5231,-0.909091,-0.17026,2.06284,0.375,10.7917,0,0,32.8333,32.2917,0,-10.6866,0.0001,-0.000817577,0.112502,1.64169,0.122169,55732,0.132374,57.21,2.18497
1962,0.464095,0.464615,0.0176676,0.0100767,0.656074,0.404513,0.823667,0.505623,0.0250456,0.0441072,0.0168062,0.193134,0.0108416,0,0.2423,0.128301,4.40792,0.0671646,0.299995,0.0842528,0.84909,6.79707,0.95779,0.942739,0.051729,0.260476,0.500228,0.212604,0.590528,0.590528,0,0,-0.00453911,0.0354192,0.945333,0.804213,0.0130177,0.0231017,0.0044759,0.00347526,0.568283,0.0119739,-7.42554,-8.31238,14.2036,0.569433,1.0029,-16.4853,-0.90855,-0.170273,2.06446,0.583333,11,0,0,33.25,31.75,0.0416667,-10.6863,0.0001,-0.000773536,0.108841,1.60133,0.123225,57002,0.132396,58.5,2.20878
1963,0.462516,0.460729,0.0176472,0.0102631,0.65742,0.40073,0.823185,0.50179,0.0247719,0.0433381,0.0166439,0.19344,0.0107089,0,0.243863,0.126792,4.42523,0.0673407,0.300327,0.0832145,0.849833,6.80398,0.95783,0.942823,0.0517845,0.26201,0.500594,0.213574,0.585437,0.585437,0,0,-0.00452545,0.0355007,0.945754,0.805567,0.0128805,0.0228072,0.00432313,0.00333354,0.567238,0.0119293,-7.59201,-8.32025,14.0849,0.570361,0.990521,-16.5137,-0.909091,-0.170864,2.04737,0.291667,10.375,0,0,34.125,32.1667,0,-10.6851,0.0001,-0.00101175,0.106143,1.62792,0.131116,55885,0.132409,57.2,1.94713
1964,0.464125,0.463682,0.0176656,0.0101872,0.655539,0.404018,0.823888,0.503746,0.0248916,0.0436143,0.0167102,0.193277,0.0108261,0,0.242775,0.127618,4.38518,0.0673349,0.299736,0.083812,0.850167,6.79733,0.957501,0.942747,0.0519748,0.26242,0.501556,0.212739,0.592181,0.592181,0,0,-0.00454435,0.0354714,0.945606,0.804901,0.0129055,0.0229541,0.00463695,0.00357345,0.568564,0.0119064,-7.37844,-8.41226,14.1481,0.570071,1.00133,-16.4509,-0.908599,-0.170274,2.0624,0.458333,11.25,0,0,33.9167,30.625,0.0833333,-10.6844,0.0001,-0.000865698,0.111561,1.64675,0.126503,55437,0.132431,56.98,2.0196
1965,0.462226,0.459468,0.0176471,0.0105442,0.655564,0.400373,0.823528,0.502262,0.0248345,0.0440237,0.0166776,0.193593,0.0107635,0,0.243127,0.127005,4.41203,0.0675516,0.300225,0.0837693,0.849375,6.79818,0.957125,0.942807,0.0521906,0.259297,0.500701,0.213257,0.574676,0.574676,0,0,-0.00455753,0.0356909,0.94489,0.80598,0.0129116,0.0228794,0.00444757,0.00343661,0.566574,0.0118539,-7.45388,-8.41526,14.1888,0.570815,0.99739,-16.3982,-0.908599,-0.170203,2.04173,0.291667,11.4583,0,0,33.2083,32.4167,0.0416667,-10.6806,0.0001,-0.000614165,0.110459,1.63427,0.12492,55880,0.132474,59.69,2.37875
1966,0.462424,0.459945,0.017676,0.0103518,0.657361,0.400714,0.824047,0.500362,0.0249015,0.044017,0.0167038,0.194947,0.0108789,0.000651042,0.244074,0.126272,4.42039,0.0682301,0.301276,0.0837687,0.849264,6.79798,0.95793,0.94271,0.0517278,0.259704,0.499228,0.214257,0.571495,0.571495,0,0,-0.00455408,0.0356876,0.944776,0.804875,0.0129638,0.0230211,0.00452733,0.00349406,0.567807,0.01193,-7.45942,-8.43799,14.2147,0.569671,0.999931,-16.3759,-0.908499,-0.170567,2.04566,0.5,12.125,0,0,35.125,32.0833,0.0416667,-10.6773,0.0001,-0.000530038,0.105871,1.63313,0.125906,55885,0.132498,57.19,2.08169
1967,0.46343,0.457855,0.0177439,0.0104406,0.657521,0.399761,0.824085,0.497859,0.0252522,0.0432154,0.0169396,0.193693,0.0108923,0,0.242272,0.125709,4.42021,0.0671282,0.299793,0.0845223,0.84958,6.78682,0.956836,0.94251,0.052848,0.266971,0.499477,0.213292,0.572518,0.572518,0,0,-0.00452918,0.0350546,0.94534,0.801713,0.0131432,0.0233437,0.00433076,0.00333944,0.566061,0.0121194,-7.49508,-8.162,14.3614,0.563618,1.00947,-16.5057,-0.909091,-0.170109,2.03659,0.75,10.8333,0,0,33.5,28.8333,0,-10.6762,0.0001,-0.000699122,0.111323,1.62753,0.125713,56069,0.132555,56.91,2.18543
1968,0.464913,0.461589,0.0176249,0.0103767,0.656902,0.401384,0.823768,0.500241,0.0255432,0.0426069,0.0171509,0.19354,0.0108924,0,0.243305,0.126451,4.42404,0.0673279,0.300385,0.0850272,0.848592,6.78266,0.956448,0.942895,0.0518418,0.263247,0.501002,0.21296,0.561523,0.561523,0,0,-0.0045051,0.0351419,0.945798,0.800875,0.013299,0.0235289,0.00434597,0.00342274,0.567666,0.0123312,-7.60356,-7.87598,14.3501,0.56381,1.0047,-16.7178,-0.909091,-0.170933,2.05316,0.625,10.6667,0,0,34.8333,33.5417,0,-10.6718,0.0001,-0.000641988,0.106951,1.6773,0.12898,54423,0.132593,58.07,2.02644
1969,0.463612,0.465657,0.0175738,0.00999784,0.653861,0.403796,0.823848,0.508127,0.0252471,0.042086,0.0169779,0.192279,0.0107019,0,0.242939,0.129023,4.40181,0.0673052,0.299574,0.0839811,0.851151,6.79988,0.956683,0.943043,0.0524741,0.265505,0.502211,0.21206,0.593057,0.593057,0,0,-0.00450137,0.0355284,0.946934,0.803498,0.0130552,0.0231628,0.00449962,0.00354763,0.56862,0.0122089,-7.59593,-7.87421,14.1732,0.565214,0.991739,-16.8062,-0.908542,-0.170583,2.07199,0.541667,9.79167,0,0,34.625,30.875,0.0416667,-10.6707,0.0001,-0.000544015,0.107767,1.64639,0.122642,55569,0.132603,55.73,1.76323
1970,0.464307,0.457252,0.0176785,0.0108278,0.657835,0.398699,0.823537,0.496256,0.0250227,0.0428701,0.0168102,0.194213,0.0106867,0,0.244006,0.125124,4.4246,0.0678242,0.300399,0.0835014,0.848961,6.79633,0.956958,0.9427,0.0518642,0.262379,0.500399,0.214344,0.56082,0.56082,0,0,-0.00452671,0.0354491,0.946544,0.803919,0.0129819,0.0230068,0.00440681,0.0034247,0.567519,0.0120479,-7.59089,-8.07061,14.1755,0.566033,0.994959,-16.6444,-0.908426,-0.170656,2.03292,0.541667,10.125,0,0,34.6667,31.8333,0.0416667,-10.6705,0.0001,-0.000534941,0.108047,1.64799,0.130043,55288,0.132637,57.81,1.98695
1971,0.462682,0.4596,0.0176187,0.0102936,0.655387,0.398647,0.823515,0.499304,0.0254926,0.0422408,0.0171375,0.193215,0.0108306,0,0.243213,0.125605,4.42877,0.0674574,0.300513,0.0847143,0.849539,6.7893,0.956421,0.942898,0.0523448,0.265725,0.498656,0.212876,0.568447,0.568447,0,0,-0.00450142,0.0347631,0.946765,0.800422,0.0132598,0.0234194,0.00441744,0.0034745,0.568006,0.0123557,-7.62047,-7.7642,14.2851,0.563072,0.998807,-16.8122,-0.908542,-0.170667,2.04446,0.416667,9.83333,0,0,35.2917,30.7083,0.0416667,-10.6691,0.0001,-0.00029869,0.108121,1.66852,0.12503,54809,0.132667,57.42,2.12453
1972,0.462972,0.465489,0.0176892,0.0102604,0.656306,0.405461,0.824309,0.507479,0.0249972,0.0434704,0.0167846,0.193573,0.010746,0,0.242866,0.128898,4.39863,0.0679276,0.29981,0.0836775,0.850229,6.80343,0.957342,0.942687,0.0519929,0.261985,0.500168,0.213128,0.592925,0.592925,0,0,-0.00453982,0.0356018,0.945961,0.804974,0.0129557,0.0229846,0.00445267,0.0034686,0.568183,0.0119771,-7.52263,-8.19532,14.1749,0.567429,0.992739,-16.5429,-0.909091,-0.170382,2.0712,0.375,10.375,0,0,32.2917,32.875,0,-10.6696,0.0001,-0.000708701,0.108219,1.58741,0.123834,57445,0.132646,58.24,2.28734
1973,0.463365,0.460536,0.0176477,0.0102669,0.655367,0.39962,0.823154,0.49926,0.0257286,0.0414441,0.0172881,0.193806,0.0108341,0,0.243886,0.126189,4.42806,0.0672265,0.300206,0.0855127,0.848346,6.78608,0.956065,0.942821,0.0528535,0.266352,0.49894,0.213697,0.570273,0.570273,0,0,-0.00446856,0.0354957,0.947209,0.799683,0.0133554,0.0236222,0.00451454,0.00358426,0.569269,0.0125237,-7.64701,-7.52458,14.4219,0.557444,0.998727,-16.9278,-0.909091,-0.170552,2.0466,0.458333,9,0,0,36.6667,31.9167,0,-10.6704,0.0001,-3.18657e-05,0.10935,1.57806,0.126697,57664,0.132637,56.1,2.0637
1974,0.460684,0.460271,0.0176355,0.010489,0.653402,0.399646,0.822763,0.504985,0.0254928,0.0414572,0.0171472,0.193167,0.0107549,0,0.243396,0.128068,4.42057,0.0672303,0.299742,0.08446,0.850776,6.78807,0.956065,0.942861,0.052579,0.266045,0.501265,0.213253,0.591269,0.591269,0,0,-0.00448891,0.0348872,0.947276,0.800578,0.013216,0.0234162,0.00444787,0.00346767,0.566712,0.0123822,-7.67091,-7.66158,14.318,0.559513,0.999094,-16.8805,-0.909091,-0.169963,2.04473,0.625,9.16667,0,0,36.625,30.7917,0,-10.67,0.0001,-0.000725917,0.114138,1.62453,0.121442,56303,0.132654,58.38,2.02874
1975,0.462863,0.458212,0.0177214,0.0106059,0.655055,0.400136,0.823175,0.499143,0.0254397,0.0419181,0.0170802,0.19401,0.0107915,0,0.242906,0.126409,4.43817,0.0671578,0.300103,0.0847252,0.849961,6.7883,0.956889,0.942583,0.0528886,0.271044,0.50014,0.213998,0.573511,0.573511,0,0,-0.00449937,0.0346793,0.946597,0.799625,0.0132366,0.0234245,0.00443005,0.00346018,0.567191,0.0123512,-7.65247,-7.81985,14.3656,0.558678,0.999937,-16.7478,-0.909091,-0.169521,2.03595,0.5,10.0833,0,0,36.0417,30.0833,0,-10.6691,0.0001,-0.000341373,0.107784,1.62831,0.127947,55973,0.132667,57.73,2.2372
1976,0.461312,0.462674,0.017637,0.0102366,0.653595,0.401333,0.823521,0.503828,0.0250527,0.0436998,0.0168202,0.193117,0.0108208,0,0.242893,0.127367,4.38368,0.0681195,0.300466,0.084129,0.846949,6.79379,0.957559,0.942856,0.0513666,0.256842,0.499484,0.212508,0.591417,0.591417,0,0,-0.00453419,0.0358034,0.945557,0.804432,0.0130101,0.0230511,0.00460181,0.00362424,0.570024,0.0120337,-7.48635,-8.27383,14.1713,0.568813,0.996434,-16.5186,-0.909091,-0.170191,2.05664,0.625,11.3333,0,0,32.5,32.4583,0,-10.668,0.0001,-0.000469522,0.107624,1.65396,0.137598,54870,0.132697,58.92,1.97656
1977,0.461868,0.458234,0.0176532,0.0105702,0.654657,0.39854,0.822861,0.500659,0.0250429,0.0434077,0.0168335,0.193265,0.0107848,0,0.242981,0.126595,4.4044,0.0668099,0.299679,0.0839815,0.848733,6.79139,0.956748,0.942804,0.0514522,0.263013,0.501264,0.212967,0.572803,0.572803,0,0,-0.00454265,0.0346669,0.946031,0.804158,0.0130142,0.0230455,0.00457291,0.00357509,0.569142,0.0120372,-7.49832,-8.15051,14.1899,0.567757,0.997713,-16.5831,-0.909091,-0.170031,2.03572,0.625,11,0,0,33.5833,31.25,0,-10.6646,0.0001,-0.000392944,0.110025,1.66935,0.129722,54641,0.13274,56.69,1.98664
1978,0.462521,0.463819,0.0176372,0.010234,0.653999,0.403076,0.822556,0.505206,0.0253734,0.042513,0.0170465,0.192586,0.0108015,0,0.242037,0.128022,4.38523,0.0669132,0.29988,0.0845459,0.849373,6.79083,0.956589,0.942855,0.0518762,0.260186,0.500421,0.212198,0.583114,0.583114,0,0,-0.00452518,0.0352164,0.946143,0.802218,0.0131762,0.0233311,0.00451047,0.00356935,0.569914,0.0122226,-7.57923,-7.90369,14.3142,0.562626,1.00045,-16.7055,-0.909091,-0.169976,2.05911,0.541667,10.9583,0,0,34.5417,31.875,0,-10.6614,0.0001,-0.000932488,0.115631,1.6338,0.128793,55772,0.132746,57.2,2.20147
1979,0.460381,0.454405,0.0177187,0.0106956,0.656492,0.396038,0.822939,0.496631,0.0250956,0.0438584,0.0168471,0.194014,0.0108617,0,0.242479,0.125027,4.39096,0.0675031,0.300237,0.0844732,0.849438,6.78801,0.956714,0.942591,0.0519657,0.259511,0.498792,0.213284,0.5665,0.5665,0,0,-0.00456714,0.0341864,0.9451,0.80365,0.0130298,0.0231525,0.0044677,0.00350023,0.567772,0.0120066,-7.48994,-8.32661,14.2332,0.567988,1.00447,-16.4656,-0.909091,-0.169985,2.01818,0.541667,11.7083,0,0,32.1667,30.8333,0,-10.6611,0.0001,-0.000316943,0.109472,1.61512,0.12668,56438,0.132755,57.33,2.25857
1980,0.465303,0.46104,0.0176964,0.0104592,0.657915,0.401357,0.822083,0.498425,0.0249237,0.0441682,0.0167181,0.194002,0.0108716,0,0.242983,0.125749,4.41305,0.068247,0.30049,0.0840957,0.849819,6.79768,0.956907,0.942664,0.0516458,0.256236,0.50023,0.213274,0.56829,0.56829,0,0,-0.00455215,0.0355561,0.944998,0.804114,0.012988,0.0229997,0.00447668,0.0034877,0.567706,0.011934,-7.48473,-8.42785,14.2092,0.567957,0.997711,-16.382,-0.909091,-0.170688,2.0448,0.5,11.625,0,0,33.0833,32.25,0.0416667,-10.6603,0.0001,-0.000712498,0.107935,1.60313,0.134413,56576,0.132785,58.02,2.29994
1981,0.461709,0.463067,0.0175854,0.0102992,0.654486,0.40133,0.82288,0.503789,0.0251054,0.0440807,0.016866,0.19269,0.0109404,0,0.243049,0.126939,4.37739,0.0681618,0.300114,0.084657,0.84907,6.79553,0.957183,0.943023,0.0512558,0.257659,0.49901,0.212192,0.585028,0.585028,0,0,-0.00453725,0.0358893,0.944884,0.80486,0.0130738,0.0231362,0.00449182,0.00353147,0.569046,0.0120598,-7.53643,-8.27515,14.2463,0.568712,0.996549,-16.4752,-0.909091,-0.170683,2.05717,0.541667,10.5,0,0,32.8333,31.7083,0,-10.6631,0.0001,-0.000481094,0.110445,1.60182,0.124138,56956,0.132762,57.01,2.14115
1982,0.463256,0.45668,0.0176645,0.0105129,0.656317,0.397213,0.822569,0.496453,0.0249512,0.0440152,0.0167542,0.193564,0.010857,0,0.24292,0.125004,4.4073,0.0683616,0.300721,0.0841891,0.848057,6.79229,0.956718,0.942767,0.0520573,0.260365,0.499143,0.212983,0.570732,0.570732,0,0,-0.00457014,0.0352143,0.944731,0.80518,0.01298,0.0230261,0.00443183,0.00346428,0.567438,0.0119518,-7.53217,-8.38574,14.2239,0.569072,0.998261,-16.4065,-0.909091,-0.170513,2.02785,0.708333,11.4167,0,0,33.5,32.1667,0,-10.6671,0.0001,-0.000725635,0.109117,1.64236,0.129916,55467,0.132757,57.19,2.09857
1983,0.46499,0.461044,0.0176594,0.0104127,0.657737,0.401386,0.822845,0.499642,0.0250197,0.0430613,0.0167877,0.194817,0.0108003,0,0.244886,0.126057,4.38395,0.0679038,0.301992,0.0843293,0.84828,6.79861,0.957044,0.942783,0.0515809,0.260105,0.500166,0.214694,0.567186,0.567186,0,0,-0.00454628,0.034606,0.945822,0.804115,0.013002,0.0230045,0.00446778,0.00351323,0.568959,0.012015,-7.5926,-8.18203,14.2264,0.566113,0.990935,-16.5255,-0.909091,-0.170935,2.04778,0.666667,10.1667,0,0,32.5417,32.4583,0,-10.6681,0.0001,-0.000958477,0.101825,1.65926,0.132245,54872,0.132763,57.21,2.28515
1984,0.460905,0.462147,0.0175487,0.0101679,0.652122,0.400354,0.822892,0.507242,0.0248163,0.0434117,0.0166955,0.191339,0.0107032,0,0.242311,0.128462,4.37239,0.0674368,0.29917,0.083058,0.849075,6.79899,0.957971,0.943142,0.0516113,0.258026,0.501259,0.211125,0.593076,0.593076,0,0,-0.00456534,0.0343967,0.946145,0.806227,0.0128938,0.0227726,0.00453882,0.00358779,0.570567,0.0119245,-7.56968,-8.22334,14.0607,0.570446,0.984944,-16.5542,-0.909091,-0.17043,2.05293,0.291667,10.5,0,0,34.0417,32.4167,0,-10.6688,0.0001,-0.000545648,0.111644,1.61747,0.124249,56440,0.132793,56.94,2.06432
1985,0.46193,0.454543,0.0176785,0.0104675,0.654609,0.395679,0.82278,0.494822,0.0252376,0.0427671,0.0169564,0.19324,0.0107751,0,0.24284,0.124931,4.39075,0.0672383,0.300202,0.0843301,0.84843,6.79651,0.956244,0.942722,0.0519335,0.258687,0.499377,0.213056,0.568761,0.568761,0,0,-0.00451446,0.0349504,0.94672,0.803444,0.0130879,0.0232022,0.0044476,0.00349884,0.568259,0.012188,-7.54537,-7.95792,14.1918,0.564535,0.997902,-16.7106,-0.909091,-0.169968,2.0182,0.416667,10.0417,0,0,35.7083,32.7083,0,-10.667,0.0001,-0.000520341,0.112036,1.63458,0.126359,55824,0.132826,56.84,2.0075
1986,0.456844,0.452663,0.0176617,0.0108837,0.649984,0.393976,0.822523,0.499978,0.0249478,0.0448168,0.0167283,0.190968,0.0108156,0,0.239663,0.126263,4.40246,0.0681282,0.298157,0.0841348,0.84937,6.78827,0.956742,0.942776,0.051584,0.257318,0.499141,0.209942,0.57137,0.57137,0,0,-0.004592,0.0343382,0.944459,0.805484,0.0129345,0.0230264,0.00454757,0.0035795,0.569352,0.0118182,-7.42915,-8.48711,14.2479,0.569564,1.0073,-16.3379,-0.909091,-0.168883,2.01102,0.75,12,0,0,31.6667,31.8333,0,-10.6649,0.0001,-0.000422127,0.112564,1.6048,0.12636,56785,0.132868,56.62,1.91999
1987,0.462606,0.457181,0.0177078,0.0106825,0.655409,0.398184,0.821866,0.496401,0.0249312,0.0441255,0.0167386,0.193282,0.0108595,0,0.242435,0.124832,4.44113,0.0682499,0.300173,0.0840262,0.849385,6.79774,0.957526,0.942627,0.0518301,0.259326,0.498131,0.213152,0.561586,0.561586,0,0,-0.00455449,0.0347425,0.944842,0.803415,0.0130133,0.0229665,0.00439979,0.00340624,0.567638,0.0119859,-7.57424,-8.34807,14.2723,0.566682,0.995832,-16.4205,-0.909091,-0.169911,2.02773,0.458333,11.1667,0,0,33.6667,32.0417,0,-10.6637,0.0001,-0.000952875,0.113035,1.64583,0.12669,55460,0.132884,58.05,2.15308
1988,0.46205,0.46057,0.017587,0.0103344,0.654015,0.399204,0.822202,0.501618,0.0250205,0.04268,0.0168221,0.192461,0.0107308,0,0.243007,0.126864,4.37218,0.0671882,0.300102,0.083511,0.848252,6.80094,0.95674,0.943018,0.0517294,0.25883,0.500844,0.212189,0.580173,0.580173,0,0,-0.00453345,0.0350237,0.946579,0.805733,0.0129328,0.0229291,0.00448217,0.00352517,0.569504,0.0120308,-7.59369,-8.02868,14.1157,0.567749,0.988365,-16.6852,-0.909091,-0.170574,2.04371,0.416667,9.70833,0,0,33.4167,32.5417,0,-10.6649,0.0001,-0.000800939,0.112736,1.67942,0.126821,54424,0.132882,57.53,1.93407
1989,0.464289,0.458761,0.0176956,0.0103789,0.656084,0.400185,0.822162,0.497527,0.0249647,0.0439594,0.0167532,0.192873,0.0108497,0,0.241895,0.125346,4.4163,0.0684699,0.29951,0.0840441,0.848697,6.79598,0.957306,0.942666,0.051877,0.262231,0.498763,0.21243,0.568983,0.568983,0,0,-0.00454877,0.0358936,0.945122,0.804101,0.0130118,0.0230397,0.00457137,0.00355494,0.568831,0.011955,-7.49488,-8.34801,14.2549,0.56701,0.999602,-16.3963,-0.909091,-0.170029,2.03569,0.625,11.3333,0,0,33.3333,32.3333,0,-10.6648,0.0001,-0.000634822,0.10761,1.62635,0.128999,56002,0.132911,56.71,2.26124
1990,0.460895,0.457525,0.0176451,0.0105825,0.652507,0.398215,0.821425,0.500456,0.0247551,0.0445501,0.0166157,0.191223,0.0106806,0,0.240439,0.126527,4.41724,0.0682257,0.297349,0.0836443,0.850039,6.80572,0.957679,0.94283,0.0518939,0.257,0.500929,0.210697,0.577381,0.577381,0,0,-0.00460136,0.0351166,0.944709,0.807536,0.0128185,0.0228047,0.00446647,0.00350527,0.568907,0.0117659,-7.50321,-8.53602,14.1031,0.572757,0.995856,-16.3617,-0.909091,-0.169526,2.02842,0.5,11,0,0,32,32.2083,0,-10.665,0.0001,-0.000638156,0.114897,1.67619,0.126454,54533,0.132901,57.56,2.02801
1991,0.463059,0.458332,0.0176396,0.0107049,0.655701,0.398379,0.821329,0.497006,0.0249486,0.0447621,0.0167553,0.193552,0.0108487,0,0.243194,0.125073,4.40561,0.0684546,0.299803,0.084256,0.846298,6.78517,0.956775,0.942848,0.0514931,0.259256,0.499331,0.21287,0.559134,0.559134,0,0,-0.00457894,0.0352582,0.944406,0.80551,0.0129645,0.0230099,0.00465276,0.00366274,0.56979,0.011882,-7.46027,-8.45877,14.2048,0.570975,1.00254,-16.3705,-0.909091,-0.170599,2.03127,1,12.125,0,0,32.9583,32.7917,0,-10.6692,0.0001,-0.000644782,0.107958,1.65377,0.129752,55118,0.132906,57.07,2.13002
1992,0.463942,0.459764,0.0176809,0.0103428,0.658317,0.400084,0.821588,0.498779,0.0246744,0.044416,0.0165645,0.193559,0.0107528,0,0.242875,0.125945,4.41807,0.0685649,0.29937,0.0833244,0.847491,6.80151,0.957395,0.942714,0.0518638,0.257181,0.500359,0.213034,0.567861,0.567861,0,0,-0.00458252,0.0352836,0.944859,0.807936,0.0127891,0.0227081,0.00443843,0.00345217,0.568542,0.0117195,-7.51129,-8.53661,14.0804,0.573272,0.989534,-16.3459,-0.909091,-0.17077,2.03897,0.333333,11.1667,0,0,32.1667,33.1667,0.0416667,-10.6698,0.0001,-0.000378878,0.107386,1.64737,0.131685,55256,0.132933,56.85,2.13881
1993,0.459436,0.459267,0.0176849,0.0104894,0.653733,0.400006,0.821408,0.500765,0.0247418,0.0445227,0.0165984,0.193501,0.0108521,0,0.242882,0.125976,4.42166,0.0692491,0.299363,0.0837786,0.847716,6.78913,0.956815,0.942701,0.0524425,0.264294,0.497698,0.213028,0.572803,0.572803,0,0,-0.00456358,0.0357715,0.944368,0.80545,0.0129048,0.0228583,0.00457279,0.0035336,0.567994,0.0118374,-7.49059,-8.59712,14.1636,0.57157,0.997491,-16.2902,-0.909091,-0.169682,2.03645,0.5,11.7917,0,0,32.6667,29.8333,0,-10.6695,0.0001,-0.000573665,0.114643,1.65341,0.128711,55161,0.132928,58.32,1.96753
1994,0.466012,0.46489,0.0175769,0.0100487,0.657948,0.403348,0.820942,0.505054,0.0248395,0.0430669,0.0166873,0.194299,0.0107015,0,0.245115,0.127944,4.41219,0.0681646,0.300536,0.0833844,0.84683,6.80713,0.957793,0.943051,0.0517907,0.252334,0.503227,0.213698,0.594259,0.594259,0,0,-0.00452805,0.036039,0.946509,0.806825,0.0128621,0.0228744,0.00457145,0.00357133,0.569148,0.0119516,-7.48693,-8.22253,14.0567,0.569708,0.991531,-16.5791,-0.909091,-0.171683,2.05995,0.458333,11.2917,0,0,33,34.375,0,-10.6716,0.0001,-0.000950056,0.114111,1.65149,0.129003,55211,0.132911,57.91,2.01558
1995,0.464071,0.460794,0.0176768,0.0105371,0.657342,0.40035,0.821168,0.498162,0.0246832,0.0452048,0.0165515,0.194937,0.0108206,0,0.244262,0.125463,4.39706,0.0687876,0.300732,0.0836699,0.843749,6.79513,0.957249,0.942727,0.0514556,0.249136,0.498032,0.213909,0.563868,0.563868,0,0,-0.00459959,0.0357779,0.94417,0.807784,0.0128245,0.0228067,0.00462431,0.00362783,0.569711,0.0117498,-7.39082,-8.71066,14.1065,0.574917,0.999431,-16.2379,-0.909091,-0.171014,2.04175,0.5,11.9167,0,0,29.75,34.4167,0,-10.6748,0.0001,-0.000363933,0.11776,1.69895,0.128832,53783,0.132877,57.34,1.9227
1996,0.460787,0.453656,0.0177909,0.0105867,0.656305,0.396938,0.821537,0.494222,0.0247368,0.0452838,0.0165608,0.193809,0.0108441,0,0.241757,0.124841,4.41541,0.0689877,0.29919,0.083975,0.848041,6.79844,0.957813,0.942357,0.0522973,0.254443,0.498647,0.213082,0.56817,0.56817,0,0,-0.00461652,0.0346958,0.944039,0.807015,0.0128271,0.0228996,0.00449089,0.00348805,0.56816,0.0116743,-7.36365,-8.7594,14.2085,0.5709,1.00413,-16.1478,-0.909091,-0.169423,2.01136,0.416667,12.875,0,0,32.875,33.7083,0,-10.6762,0.0001,-0.00107593,0.112562,1.64581,0.129415,55375,0.132905,56.25,2.03981
1997,0.464389,0.459027,0.0175992,0.0103755,0.65715,0.398292,0.820882,0.496292,0.0248647,0.0443674,0.0166978,0.194337,0.0107582,0,0.244668,0.124997,4.41976,0.0689739,0.300521,0.0839682,0.844153,6.80201,0.957517,0.942979,0.0513765,0.251602,0.498145,0.213603,0.560809,0.560809,0,0,-0.00456224,0.0358185,0.945292,0.807293,0.0128749,0.0228855,0.00458569,0.00362874,0.570727,0.0118762,-7.51068,-8.40274,14.0683,0.572159,0.992087,-16.4693,-0.909091,-0.171418,2.03425,0.583333,10.7917,0,0,29.5417,32.125,0,-10.6727,0.0001,-0.000996617,0.109162,1.64043,0.13311,55428,0.132946,58.84,2.1093
1998,0.461225,0.462,0.0176355,0.0103213,0.653452,0.402119,0.821476,0.503845,0.0245182,0.0451353,0.0164541,0.191607,0.0107383,0,0.241113,0.127371,4.42926,0.0694764,0.297698,0.0831673,0.846543,6.8047,0.958271,0.942861,0.050664,0.249299,0.500592,0.210916,0.586737,0.586737,0,0,-0.00459761,0.0351681,0.944357,0.809337,0.0127325,0.0226209,0.00449141,0.00352872,0.569859,0.0116529,-7.4384,-8.73184,14.0386,0.575786,0.989726,-16.2262,-0.909091,-0.169917,2.04832,0.5,12,0,0,30.4167,35.2917,0,-10.6736,0.0001,-0.00031793,0.112079,1.63539,0.128537,55730,0.132937,57.46,2.11627
1999,0.461559,0.457532,0.0176447,0.0104895,0.6541,0.396893,0.820692,0.496769,0.0247771,0.0448194,0.0166285,0.192981,0.0108024,0,0.242556,0.125186,4.42167,0.0690848,0.298748,0.0840145,0.845182,6.79671,0.957375,0.942831,0.0510566,0.251102,0.498129,0.212235,0.573088,0.573088,0,0,-0.00458095,0.0361412,0.944584,0.807522,0.0128606,0.0228623,0.00460728,0.00361818,0.569337,0.0118059,-7.42295,-8.57961,14.0976,0.573984,0.996759,-16.3342,-0.909091,-0.170228,2.02735,0.625,11.2083,0,0,30.5,33.5417,0,-10.6773,0.0001,-0.000628013,0.108153,1.6207,0.12473,56320,0.1329,58.26,2.34892
2000,0.464039,0.458414,0.0176476,0.0105062,0.656303,0.398591,0.821137,0.49541,0.0245605,0.0456414,0.0164773,0.193397,0.0109064,0,0.242761,0.124766,4.42078,0.0697478,0.299178,0.0837553,0.845327,6.79392,0.957276,0.942805,0.0515989,0.254506,0.499269,0.212482,0.555001,0.555001,0,0,-0.00461469,0.0356475,0.943128,0.808396,0.0127736,0.022714,0.00442439,0.0034587,0.568383,0.0116145,-7.44043,-8.9011,14.1212,0.576202,0.999724,-16.0977,-0.908557,-0.170682,2.03175,0.75,13,0,0,30.75,33.125,0.0416667,-10.6822,0.0001,-0.000733517,0.117689,1.63867,0.128053,55642,0.132871,56.69,2.066
2001,0.462301,0.457621,0.0175891,0.0104454,0.655211,0.396307,0.820234,0.49818,0.0250526,0.0436219,0.016831,0.19331,0.0108214,0,0.243542,0.125734,4.42045,0.0687372,0.299395,0.0841385,0.8485,6.79884,0.957286,0.943011,0.0514415,0.258675,0.499272,0.212728,0.565097,0.565097,0,0,-0.00454698,0.034938,0.945429,0.805245,0.0129841,0.0230435,0.00447193,0.00350811,0.568081,0.0120386,-7.57746,-8.25055,14.1458,0.570324,0.995258,-16.5434,-0.909091,-0.170855,2.02714,0.291667,10.5,0,0,32.9583,33.6667,0,-10.686,0.0001,0.000528524,0.111843,1.625,0.127882,56081,0.132833,58.51,2.2583
2002,0.462473,0.454163,0.0175978,0.0104966,0.656037,0.393582,0.818745,0.495143,0.0250501,0.0433603,0.016843,0.194374,0.0108264,0,0.244978,0.124625,4.44061,0.0689256,0.30056,0.0842209,0.848159,6.79661,0.956837,0.942983,0.0520845,0.263543,0.49924,0.214011,0.559197,0.559197,0,0,-0.0045391,0.0350495,0.94559,0.804184,0.0130091,0.02304,0.00442888,0.00345733,0.567039,0.012062,-7.60597,-8.18485,14.1656,0.569211,0.994448,-16.5863,-0.909091,-0.171044,2.00758,0.5,10.5,0,0,34.5,30.5,0,-10.6886,0.0001,-0.00013102,0.111633,1.62582,0.126759,56091,0.132835,58.51,2.3456
2003,0.462887,0.462746,0.0175691,0.0102823,0.655202,0.399996,0.819911,0.503115,0.0251426,0.0426026,0.0169124,0.193645,0.0107379,0,0.244473,0.127275,4.43132,0.0683126,0.299699,0.0837033,0.847173,6.79354,0.957027,0.943076,0.0522916,0.266676,0.500627,0.213363,0.579849,0.579849,0,0,-0.0045107,0.0352355,0.946485,0.803929,0.0130229,0.0230852,0.00440362,0.00346174,0.567618,0.0121471,-7.67565,-7.9879,14.1037,0.568782,0.993572,-16.7365,-0.909091,-0.171102,2.04888,0.458333,10,0,0,34.125,31.25,0,-10.6899,0.0001,-0.000528547,0.110257,1.60221,0.122292,57004,0.132862,57.83,2.12682
2004,0.464906,0.461197,0.0175756,0.010252,0.656585,0.400413,0.819589,0.50168,0.0254296,0.0410629,0.0171244,0.193032,0.0107556,0,0.243862,0.126639,4.4606,0.0689025,0.298986,0.0842543,0.849126,6.79503,0.956569,0.943055,0.0530271,0.270396,0.501431,0.213117,0.582246,0.582246,0,0,-0.00446585,0.0344117,0.947604,0.801125,0.0131983,0.0233053,0.00437201,0.00342807,0.567323,0.0124508,-7.74635,-7.58966,14.2376,0.561073,0.987998,-16.9192,-0.909091,-0.171209,2.0406,0.666667,9.375,0,0,37.625,32.0833,0,-10.6886,0.0001,-0.000787085,0.112236,1.62616,0.128479,56025,0.132883,57.41,2.20488
2005,0.465464,0.464675,0.0177343,0.0100556,0.657593,0.40534,0.820108,0.502369,0.0251733,0.0432772,0.0168874,0.193871,0.0109458,0,0.242783,0.12757,4.4385,0.0698589,0.299329,0.0849177,0.848948,6.79063,0.956721,0.942541,0.0527063,0.265652,0.500473,0.213464,0.582707,0.582707,0,0,-0.0045554,0.034406,0.945029,0.802683,0.0130796,0.0232354,0.00431795,0.00336024,0.567177,0.0121036,-7.6286,-8.26792,14.2913,0.566059,1.00113,-16.466,-0.909091,-0.170327,2.05637,0.458333,11.0833,0,0,33.0833,29.9583,0,-10.6858,0.0001,-0.000871994,0.109786,1.65349,0.121311,55388,0.13288,57.4,2.15934
2006,0.466052,0.464531,0.0177066,0.0101395,0.660309,0.405578,0.820598,0.501096,0.0247675,0.0441125,0.0166163,0.194493,0.0107977,0,0.243793,0.126917,4.43103,0.0693238,0.299384,0.0838579,0.849034,6.80034,0.957649,0.942631,0.0521004,0.25913,0.500235,0.214111,0.580043,0.580043,0,0,-0.00457634,0.0345875,0.944822,0.805544,0.0128778,0.0228496,0.00446063,0.00345377,0.567787,0.0118584,-7.57087,-8.51375,14.1419,0.570358,0.991805,-16.3311,-0.909091,-0.171148,2.05643,0.458333,11.0417,0,0,32.2917,32.5,0,-10.6856,0.0001,-0.000837221,0.112998,1.59789,0.145085,56400,0.132872,57.22,2.23457
2007,0.467073,0.462472,0.01762,0.0103176,0.66066,0.401054,0.820263,0.495686,0.0250469,0.0433321,0.0168266,0.19474,0.0107358,0,0.245047,0.124717,4.42611,0.0687286,0.300155,0.0838894,0.846139,6.79699,0.957854,0.942911,0.0523196,0.260009,0.498933,0.214075,0.558234,0.558234,0,0,-0.00455814,0.0348413,0.945756,0.804382,0.0129996,0.023044,0.00456495,0.00358695,0.570121,0.0120384,-7.60725,-8.18791,14.1341,0.570286,0.995986,-16.5824,-0.909091,-0.172212,2.04709,0.5,10.875,0,0,32.5417,32.4167,0,-10.6838,0.0001,-0.000603824,0.114412,1.6074,0.122804,56816,0.132899,57.18,2.18299
2008,0.464412,0.459967,0.0177022,0.0103061,0.660857,0.400952,0.820507,0.496226,0.0249826,0.0437796,0.0167907,0.195967,0.0108474,0,0.245422,0.125056,4.41804,0.0694723,0.301219,0.0837713,0.848691,6.79071,0.956666,0.942645,0.0526812,0.262978,0.498876,0.215606,0.5736,0.5736,0,0,-0.0045696,0.0348774,0.945322,0.804643,0.0129668,0.0230117,0.00445371,0.00348029,0.566978,0.0119353,-7.60701,-8.28397,14.2016,0.567133,0.99776,-16.4867,-0.909091,-0.171343,2.03642,0.541667,11.7083,0,0,34.125,30.2917,0,-10.6807,0.0001,-0.000654997,0.11568,1.58844,0.12301,57438,0.132903,56.75,2.19297
2009,0.464601,0.458404,0.0176768,0.010393,0.659233,0.399317,0.820074,0.495145,0.0250474,0.043622,0.0168291,0.195341,0.0107742,0,0.244943,0.124621,4.44335,0.069257,0.300351,0.0840873,0.84582,6.80082,0.957273,0.942727,0.0521873,0.258647,0.499035,0.21464,0.558316,0.558316,0,0,-0.0045283,0.0355489,0.946107,0.804778,0.0129921,0.023086,0.00475635,0.00371954,0.570405,0.0120445,-7.43662,-8.18603,14.1692,0.567644,1.00059,-16.5641,-0.909091,-0.171196,2.02861,0.333333,10.2917,0,0,32.1667,32.8333,0,-10.6808,0.0001,-0.000498016,0.11356,1.56052,0.122512,58408,0.132924,57.1,2.02591
2010,0.463859,0.458755,0.017676,0.0105109,0.657014,0.399676,0.819999,0.495124,0.025206,0.0436993,0.0169171,0.193921,0.010884,0,0.243237,0.124367,4.45397,0.0689561,0.299025,0.0848926,0.84725,6.78675,0.956201,0.94273,0.0524085,0.257258,0.498044,0.213385,0.547965,0.547965,0,0,-0.00455642,0.0349731,0.945417,0.802679,0.0131019,0.0232549,0.00455994,0.00357414,0.568505,0.0120753,-7.57464,-8.18152,14.3036,0.564783,1.00273,-16.519,-0.909091,-0.170526,2.03005,0.625,10.6667,0,0,33.5833,33.25,0,-10.6792,0.0001,-0.000773332,0.112368,1.58933,0.126107,57305,0.132933,56.68,1.99475
2011,0.464993,0.461933,0.0176397,0.0103259,0.658502,0.400786,0.820282,0.499096,0.0244187,0.0453089,0.0163956,0.194533,0.0107946,0,0.244505,0.125665,4.42668,0.0700026,0.299952,0.083166,0.846079,6.80496,0.958386,0.942847,0.0517514,0.253596,0.498823,0.213978,0.56935,0.56935,0,0,-0.00458754,0.0361375,0.944865,0.808711,0.0127,0.0224888,0.00477315,0.00372083,0.57195,0.0116412,-7.47526,-8.72372,13.9628,0.577108,0.984311,-16.2357,-0.909091,-0.171302,2.04445,0.583333,11.0417,0,0,30.7083,33.0417,0,-10.6774,0.0001,-0.000964401,0.114137,1.58067,0.124821,57639,0.13294,57.58,2.05929
2012,0.463714,0.456155,0.0177743,0.0106383,0.659091,0.39916,0.821171,0.492154,0.0248516,0.0444824,0.0166737,0.195744,0.0107492,0,0.243793,0.123611,4.44481,0.0695043,0.300219,0.0837596,0.846404,6.79571,0.957155,0.942411,0.052519,0.255139,0.497706,0.21497,0.550079,0.550079,0,0,-0.00457353,0.0352576,0.945102,0.805892,0.0128729,0.0229344,0.00476777,0.00368857,0.569527,0.0117924,-7.42064,-8.44338,14.2339,0.566235,1.00365,-16.3551,-0.909091,-0.170242,2.02062,0.583333,12.25,0,0,32.9167,32.75,0,-10.6755,0.0001,-0.000673655,0.109726,1.58405,0.120805,57661,0.132952,57.75,2.29763
2013,0.46524,0.458571,0.0177405,0.0104402,0.659961,0.400888,0.820768,0.495242,0.0249337,0.0437802,0.0167465,0.195193,0.0107941,0,0.244296,0.124646,4.43804,0.0693735,0.30001,0.0840888,0.847256,6.79251,0.956622,0.942521,0.0528669,0.264838,0.498728,0.214857,0.565005,0.565005,0,0,-0.00456501,0.0348795,0.945289,0.805256,0.0129189,0.0229668,0.0045252,0.00352266,0.567887,0.0118866,-7.58041,-8.29339,14.2118,0.566785,1.00049,-16.4596,-0.909091,-0.170756,2.03059,0.583333,11.0833,0,0,34.5,30.9583,0,-10.6765,0.0001,-0.000540619,0.110345,1.53797,0.120162,59285,0.132956,57.62,2.09356
2014,0.463655,0.4558,0.0178407,0.0106051,0.661793,0.400606,0.820427,0.491105,0.0251765,0.0428123,0.016919,0.196289,0.0108042,0,0.244377,0.12344,4.43934,0.0682881,0.300461,0.0841699,0.849714,6.7934,0.956724,0.942196,0.0530785,0.261471,0.497393,0.216339,0.553231,0.553231,0,0,-0.00453798,0.0335417,0.946295,0.802595,0.0130693,0.0231861,0.00451408,0.00348948,0.567863,0.0120862,-7.63003,-7.99774,14.303,0.561562,1.00042,-16.6004,-0.909091,-0.170211,2.01627,0.5,10.9583,0,0,34.1667,31.5833,0,-10.6794,0.0001,-0.000425125,0.109416,1.57276,0.12146,58023,0.132938,56.08,2.14776
2015,0.464178,0.461049,0.0177566,0.0103374,0.660151,0.403044,0.819351,0.496517,0.0248695,0.0440768,0.0166877,0.194146,0.0108123,0,0.24283,0.124988,4.42051,0.0684408,0.29967,0.0839234,0.847289,6.80019,0.957989,0.942469,0.051788,0.256885,0.497957,0.213725,0.567222,0.567222,0,0,-0.00458081,0.0341284,0.944621,0.805016,0.0129313,0.0229506,0.00447765,0.00348792,0.569314,0.0118358,-7.57377,-8.45924,14.249,0.567714,1.00106,-16.3436,-0.909091,-0.170669,2.03731,0.666667,11.5833,0,0,31.7917,32.3333,0,-10.6837,0.0001,0.000175486,0.111788,1.64033,0.124893,55689,0.132925,57.14,2.10061
2016,0.466479,0.457617,0.0177608,0.0105415,0.662287,0.40034,0.82019,0.490394,0.0246861,0.0441682,0.0165688,0.196389,0.0107542,0,0.245013,0.123467,4.4223,0.0693605,0.300929,0.0833937,0.845702,6.80132,0.957492,0.942455,0.052252,0.259207,0.498029,0.215984,0.548815,0.548815,0,0,-0.00457001,0.0357141,0.945572,0.807062,0.0127952,0.0227321,0.00469804,0.00363207,0.569605,0.0117652,-7.50256,-8.46063,14.0617,0.571482,0.990013,-16.3806,-0.909091,-0.171145,2.02447,0.333333,10.7083,0,0,32.75,32.875,0,-10.6859,0.0001,-0.000842609,0.113485,1.68935,0.130638,54013,0.132888,57.57,2.16376
2017,0.462642,0.456959,0.0175429,0.0103852,0.656901,0.395425,0.819513,0.497821,0.0249803,0.0432254,0.0168012,0.194161,0.010836,0,0.245371,0.125087,4.42141,0.0689102,0.300864,0.0837744,0.845146,6.80164,0.957164,0.943161,0.0517474,0.260282,0.498393,0.213704,0.559106,0.559106,0,0,-0.00453633,0.0357384,0.945891,0.805649,0.0129637,0.0229559,0.00451943,0.0035818,0.569845,0.0120056,-7.68883,-8.1213,14.1061,0.569487,0.98608,-16.6181,-0.909091,-0.171724,2.02289,0.5,9.875,0,0,32.7083,32.9583,0,-10.6903,0.0001,-0.000910071,0.108398,1.66027,0.121839,55161,0.132887,58.13,2.22948
2018,0.460303,0.455477,0.017656,0.0107398,0.655862,0.396296,0.818583,0.495956,0.0251691,0.0428602,0.0169112,0.19229,0.0108625,0,0.241811,0.124334,4.43903,0.0694488,0.298274,0.0844387,0.849095,6.78999,0.957043,0.942795,0.0520313,0.264797,0.4975,0.211916,0.558231,0.558231,0,0,-0.00453104,0.0352089,0.945404,0.802338,0.0131019,0.0231892,0.00454948,0.0035659,0.568984,0.0121198,-7.66652,-8.14301,14.2794,0.564148,0.999797,-16.5635,-0.909091,-0.170376,2.01304,0.833333,11.0833,0,0,34.1667,32.375,0,-10.6913,0.0001,-0.000644498,0.108435,1.59688,0.124144,57119,0.132924,57.18,1.81072
2019,0.468121,0.463808,0.0176661,0.0103359,0.663231,0.404016,0.818703,0.498787,0.0251993,0.0422452,0.016934,0.196625,0.010774,0,0.246772,0.125515,4.43963,0.0684622,0.302114,0.084269,0.847352,6.79979,0.956822,0.942762,0.0522089,0.262289,0.499771,0.216445,0.564867,0.564867,0,0,-0.00452684,0.0346352,0.946839,0.80353,0.0130356,0.02313,0.00460734,0.0035963,0.569134,0.0121074,-7.64104,-7.91445,14.2283,0.563225,0.99415,-16.7028,-0.909091,-0.172179,2.04883,0.5,9.54167,0,0,33.875,33.375,0,-10.6888,0.0001,-0.000728159,0.1091,1.57125,0.121431,58075,0.132945,56.37,2.05152
2020,0.464439,0.457949,0.0177312,0.0106605,0.661402,0.399858,0.818713,0.494166,0.0251312,0.0428278,0.0168769,0.195407,0.0108025,0,0.244344,0.124306,4.4412,0.0690468,0.300626,0.0840745,0.847763,6.80032,0.957567,0.942551,0.0519895,0.261232,0.498082,0.215039,0.557518,0.557518,0,0,-0.00453008,0.03462,0.945883,0.802481,0.0130775,0.0231318,0.00452022,0.00350362,0.568209,0.0120789,-7.65227,-8.08018,14.2474,0.56527,0.998691,-16.5867,-0.909091,-0.171178,2.02323,0.375,10.6667,0,0,33.25,31.625,0,-10.6874,0.0001,-0.000821343,0.109774,1.58364,0.123379,57587,0.132931,57,2.22772
2021,0.465617,0.459105,0.0176652,0.010301,0.661804,0.400035,0.818975,0.494108,0.0251066,0.0427456,0.0168681,0.195153,0.0108246,0,0.245236,0.124173,4.43346,0.069007,0.300817,0.0841618,0.848405,6.80101,0.95705,0.942765,0.0518812,0.260162,0.498215,0.214904,0.561742,0.561742,0,0,-0.00453791,0.0346308,0.945828,0.804264,0.013024,0.0230882,0.00450602,0.00352059,0.568513,0.0120166,-7.66668,-8.09982,14.2333,0.564629,0.997641,-16.5887,-0.909091,-0.171842,2.02945,0.791667,10.75,0,0,34,31.625,0,-10.6886,0.0001,-0.000681659,0.110648,1.58186,0.118896,57800,0.132957,58.18,2.22883
2022,0.46429,0.459832,0.0176731,0.0101038,0.659663,0.400805,0.818551,0.497767,0.0251309,0.0427854,0.0168829,0.193895,0.0108185,0,0.243761,0.125468,4.44687,0.0688068,0.299777,0.0843875,0.847569,6.7954,0.956342,0.942739,0.0522498,0.265207,0.498604,0.213833,0.576058,0.576058,0,0,-0.00453378,0.0344491,0.94583,0.803705,0.013067,0.0231208,0.00447619,0.00351609,0.568395,0.0120719,-7.66524,-8.05795,14.2208,0.566225,0.998363,-16.6145,-0.909091,-0.171199,2.03126,0.541667,9.91667,0,0,34.8333,32.0417,0,-10.6887,0.0001,-0.000430406,0.112269,1.57997,0.121404,57779,0.132956,57.54,2.24499
2023,0.463974,0.456268,0.0176996,0.0105673,0.660952,0.397543,0.818408,0.492521,0.02505,0.0432171,0.016842,0.194395,0.0108391,0,0.24373,0.12365,4.43937,0.0693563,0.299846,0.0843112,0.846183,6.79971,0.956968,0.942653,0.0518837,0.261416,0.498117,0.214157,0.553494,0.553494,0,0,-0.00453601,0.0343089,0.94555,0.804421,0.0130202,0.0230492,0.00449299,0.00351212,0.568746,0.0120326,-7.62752,-8.16711,14.1967,0.5674,0.995028,-16.55,-0.909091,-0.171276,2.01549,0.333333,9.91667,0,0,32.9583,32.7917,0,-10.6897,0.0001,-0.000245925,0.106814,1.61858,0.121387,56497,0.132971,57.96,2.31695
2024,0.467245,0.465406,0.0176626,0.0102053,0.6604,0.405472,0.818223,0.50157,0.0249241,0.0434015,0.0167453,0.195079,0.0108596,0,0.245239,0.126681,4.43534,0.069359,0.300472,0.084112,0.847178,6.79645,0.956871,0.942773,0.0519413,0.261452,0.500456,0.214797,0.568527,0.568527,0,0,-0.00453956,0.0355939,0.945651,0.804834,0.012969,0.0229578,0.00469653,0.00365164,0.569373,0.0119389,-7.55305,-8.24102,14.171,0.567742,0.995339,-16.4864,-0.909091,-0.171567,2.05392,0.541667,10.9167,0,0,34.5,33.0417,0,-10.6866,0.0001,-0.000793668,0.105783,1.59557,0.12316,57195,0.133024,56.32,2.20441
2025,0.465034,0.461827,0.0177506,0.0103671,0.66061,0.404097,0.818929,0.499918,0.0249171,0.0444221,0.0166953,0.194992,0.0109141,0,0.243458,0.126229,4.4273,0.0699325,0.299678,0.0845547,0.845814,6.79785,0.956767,0.942488,0.0517323,0.254123,0.499351,0.214342,0.585881,0.585881,0,0,-0.00458066,0.0354442,0.944504,0.805715,0.0129474,0.0230279,0.0046085,0.00360651,0.569415,0.0118261,-7.41819,-8.55696,14.2122,0.570157,1.00423,-16.2957,-0.909091,-0.170767,2.03938,0.625,12.0417,0,0,31.625,32.9583,0,-10.6807,0.0001,-0.000836094,0.110537,1.61623,0.125428,56442,0.133063,56.34,1.95199
2026,0.463946,0.451455,0.0177379,0.0106746,0.660889,0.395172,0.81855,0.487415,0.0250668,0.0430735,0.0168368,0.194815,0.0108334,0,0.243789,0.122276,4.43681,0.0689726,0.299888,0.0840882,0.847721,6.78985,0.956533,0.942529,0.0522033,0.265065,0.498035,0.214527,0.538802,0.538802,0,0,-0.00455618,0.0342991,0.945676,0.803943,0.0130114,0.023086,0.00442725,0.00345856,0.56781,0.0119961,-7.59411,-8.18678,14.2387,0.565321,0.998172,-16.5402,-0.909091,-0.170936,1.99454,0.666667,10.9583,0,0,33.6667,31.5,0,-10.6791,0.0001,-0.000816221,0.114615,1.59989,0.127857,56897,0.133049,57.44,2.0189
2027,0.463655,0.457583,0.0176865,0.0104263,0.658816,0.398157,0.81868,0.49389,0.0248105,0.0442446,0.016652,0.193864,0.0108814,0,0.243284,0.123903,4.42904,0.069768,0.29973,0.0837165,0.847066,6.79291,0.95721,0.942696,0.0516824,0.260401,0.496708,0.213509,0.557479,0.557479,0,0,-0.00459144,0.0350806,0.94445,0.804718,0.0129117,0.0228703,0.00443733,0.00345784,0.567326,0.0118293,-7.63692,-8.51701,14.1645,0.569745,0.999407,-16.3441,-0.909091,-0.171073,2.02162,0.5,11.8333,0,0,34.375,31.9583,0,-10.6814,0.0001,-0.000646315,0.110003,1.60625,0.123246,56839,0.133002,57.8,2.08723
2028,0.462401,0.453594,0.017746,0.0106397,0.65821,0.39653,0.8187,0.491673,0.0247798,0.0446334,0.0166292,0.194142,0.0108247,0,0.242282,0.124123,4.44894,0.0695122,0.299203,0.0838391,0.847037,6.79167,0.956837,0.942503,0.0516616,0.260773,0.49839,0.213414,0.557168,0.557168,0,0,-0.00459746,0.0347447,0.944967,0.806901,0.012817,0.0228637,0.00459925,0.00356736,0.568379,0.0117355,-7.42545,-8.53375,14.1712,0.569421,1.00121,-16.316,-0.909091,-0.170125,2.00489,0.666667,11.125,0,0,31.2083,32,0,-10.6833,0.0001,-0.000669346,0.11249,1.62027,0.125547,56308,0.133,56.64,1.94856
2029,0.462718,0.455698,0.0177366,0.0107524,0.659967,0.397881,0.818976,0.492683,0.0246721,0.0451526,0.0165595,0.195176,0.0108951,0,0.243815,0.123582,4.41729,0.069397,0.300634,0.0836645,0.847241,6.79949,0.958137,0.942514,0.0516518,0.258992,0.497604,0.214574,0.550128,0.550128,0,0,-0.00461877,0.0343605,0.944433,0.806973,0.0128213,0.0227577,0.00456253,0.00353972,0.569378,0.0116956,-7.47777,-8.61299,14.1292,0.572425,0.995587,-16.2435,-0.908508,-0.170796,2.0132,0.625,11.5417,0,0,32.875,32.75,0.0416667,-10.6827,0.0001,-0.00106752,0.105002,1.61872,0.121116,56502,0.132989,57.54,2.09747
2030,0.464663,0.466625,0.0176281,0.010106,0.659205,0.404733,0.818946,0.506748,0.0251442,0.042828,0.0168896,0.194165,0.0107768,0,0.244198,0.12833,4.42652,0.0693174,0.300182,0.0840922,0.849202,6.79569,0.956916,0.942885,0.0511956,0.258429,0.500553,0.213686,0.596587,0.596587,0,0,-0.00453385,0.0342446,0.945835,0.80311,0.0130716,0.0231451,0.00444762,0.00349366,0.568304,0.0121008,-7.64811,-8.12298,14.1976,0.566159,0.996284,-16.6042,-0.909091,-0.171565,2.06227,0.541667,10.0417,0,0,32.9167,31.4583,0.0416667,-10.6842,0.0001,-0.000609461,0.103928,1.54449,0.121401,59009,0.13296,56.23,1.91427
2031,0.466962,0.467516,0.0176178,0.00992313,0.658726,0.40646,0.818999,0.506789,0.0249904,0.0426462,0.0168062,0.193874,0.0107213,0,0.244358,0.128691,4.42833,0.0690552,0.299936,0.0836591,0.849444,6.80716,0.956921,0.942918,0.0516633,0.260244,0.502949,0.21374,0.591245,0.591245,0,0,-0.00452323,0.0352062,0.947141,0.805467,0.0129234,0.0228989,0.00455276,0.00357113,0.569126,0.0120514,-7.62556,-8.00124,14.0477,0.567953,0.984075,-16.7185,-0.909091,-0.171416,2.06565,0.541667,9.41667,0,0,33.8333,33.5,0,-10.6857,0.0001,-0.000701245,0.107648,1.56884,0.121586,58153,0.132952,56.76,2.27333
2032,0.464935,0.4631,0.0176752,0.0102634,0.658509,0.403753,0.818579,0.501072,0.0249076,0.0424986,0.0167556,0.193371,0.0106869,0,0.2434,0.12671,4.45455,0.0693281,0.299241,0.0834772,0.852028,6.8052,0.956909,0.942732,0.0519148,0.264063,0.501334,0.213589,0.56964,0.56964,0,0,-0.00453676,0.0340516,0.946797,0.804896,0.0128865,0.0228305,0.00443519,0.00342465,0.566801,0.0119976,-7.71558,-8.04382,14.0801,0.566217,0.984207,-16.6761,-0.909091,-0.170821,2.04553,0.5,9.79167,0,0,35.7083,31.7083,0.0416667,-10.6884,0.0001,-0.000456194,0.108133,1.58986,0.12281,57398,0.132905,56.56,2.0424
2033,0.462221,0.455744,0.0177165,0.0109943,0.657988,0.398106,0.818457,0.495697,0.0253972,0.0422637,0.0170617,0.194152,0.0108327,0,0.243083,0.124773,4.43755,0.0685555,0.299488,0.084593,0.850257,6.79104,0.956491,0.942599,0.051956,0.260753,0.499432,0.213746,0.53673,0.53673,0,0,-0.00452671,0.0333193,0.946785,0.801158,0.0131556,0.0233591,0.00445951,0.00346148,0.567047,0.0122242,-7.61611,-7.84736,14.3219,0.561038,1.00156,-16.7213,-0.909091,-0.170358,2.01364,0.5,9.125,0,0,32.9583,32,0,-10.6929,0.0001,-0.000593309,0.111032,1.58014,0.123349,57707,0.13288,57.35,2.09391
2034,0.464183,0.46098,0.0177058,0.0103512,0.659868,0.401363,0.818447,0.500709,0.0252226,0.0418984,0.0169654,0.194757,0.0108141,0,0.244291,0.126797,4.42238,0.0683867,0.300797,0.0842859,0.851242,6.79563,0.956068,0.942633,0.0514207,0.260106,0.499396,0.214792,0.57239,0.57239,0,0,-0.00453934,0.0329683,0.946714,0.802565,0.0130708,0.0231338,0.00433415,0.00338522,0.565929,0.0122285,-7.79559,-7.86805,14.1972,0.563166,0.991203,-16.7528,-0.909091,-0.171031,2.03548,0.583333,9.45833,0,0,34.9167,31.875,0,-10.6926,0.0001,0.000505973,0.107447,1.5905,0.123022,57369,0.132911,57.37,2.14888
2035,0.461712,0.454625,0.0177629,0.010914,0.658834,0.398098,0.820202,0.493911,0.0253579,0.0429495,0.0170114,0.194273,0.0109416,0,0.242394,0.123844,4.45002,0.0693994,0.29951,0.0849761,0.850034,6.78484,0.955546,0.942448,0.0519285,0.263159,0.498111,0.213604,0.5526,0.5526,0,0,-0.00454988,0.0335886,0.945718,0.800953,0.0131702,0.0233935,0.00447662,0.00346616,0.566108,0.0121487,-7.54238,-8.06049,14.4046,0.560038,1.00761,-16.555,-0.909091,-0.170127,2.0127,0.541667,10.9583,0,0,34.5833,33.4583,0,-10.6886,0.0001,-0.000808924,0.111152,1.63791,0.126362,55719,0.132934,56.57,2.08065
2036,0.464244,0.458928,0.0177331,0.0101073,0.660591,0.401071,0.820109,0.499264,0.025151,0.0426133,0.0168846,0.194309,0.0107821,0,0.243,0.126533,4.44428,0.0691484,0.299609,0.0842159,0.849712,6.79672,0.956832,0.942545,0.0518773,0.264588,0.499944,0.213979,0.578573,0.578573,0,0,-0.00455551,0.0326248,0.94598,0.802522,0.0130241,0.0231564,0.00435703,0.00339469,0.567221,0.0120586,-7.65576,-8.1506,14.2808,0.561932,0.999666,-16.5591,-0.909091,-0.170851,2.03126,0.208333,10.5417,0,0,32.7083,31.4583,0,-10.6864,0.0001,-0.000143141,0.113583,1.61555,0.122236,56568,0.13297,58.07,2.12391
2037,0.46389,0.461266,0.0176867,0.0104601,0.6588,0.401485,0.819648,0.50079,0.0251877,0.0431387,0.0169278,0.193772,0.0107889,0,0.24313,0.12669,4.43173,0.0688047,0.299315,0.0843293,0.848849,6.79051,0.956689,0.942695,0.0516856,0.261111,0.499402,0.213406,0.581575,0.581575,0,0,-0.00456821,0.0324588,0.945939,0.803357,0.013068,0.0231568,0.00450112,0.00354689,0.569602,0.0120397,-7.61268,-8.09163,14.231,0.565865,0.998994,-16.6054,-0.909091,-0.170957,2.04073,0.416667,10.7917,0,0,33.0833,32.9167,0,-10.6841,0.0001,-0.000678251,0.111366,1.61042,0.123153,56705,0.13299,58.69,2.2146
2038,0.461251,0.457442,0.0177073,0.0105788,0.656721,0.398459,0.819726,0.496395,0.0251922,0.0435371,0.016912,0.193222,0.0108832,0,0.242068,0.124908,4.43333,0.0694462,0.299185,0.0844782,0.848018,6.78751,0.956737,0.942628,0.0512197,0.262954,0.497022,0.212639,0.556826,0.556826,0,0,-0.00457963,0.033577,0.945069,0.803351,0.0130655,0.0231954,0.00440345,0.00347466,0.568269,0.012004,-7.66326,-8.22606,14.298,0.564957,1.00164,-16.5081,-0.909091,-0.170272,2.02416,0.666667,11.625,0,0,33.1667,32.0417,0,-10.6872,0.0001,-0.000799557,0.106556,1.62627,0.121431,56247,0.132954,58.05,2.20152
2039,0.467143,0.463059,0.0177106,0.0102518,0.66274,0.404108,0.820371,0.498791,0.0248144,0.0432486,0.0166781,0.195135,0.0106745,0,0.244562,0.125813,4.41229,0.0688451,0.300958,0.0832259,0.8483,6.80833,0.957406,0.942618,0.0515514,0.261006,0.499649,0.214945,0.564945,0.564945,0,0,-0.004571,0.0334821,0.946598,0.806142,0.012835,0.0227727,0.00455055,0.00354597,0.56883,0.0119055,-7.6129,-8.16472,14.0951,0.566666,0.986168,-16.5682,-0.909091,-0.171667,2.04876,0.541667,10.4167,0,0,33.5,32.3333,0,-10.6934,0.0001,0.000322851,0.10833,1.61533,0.127718,56397,0.132941,56.68,2.16092
2040,0.464729,0.462868,0.0177281,0.0102078,0.660085,0.405067,0.820928,0.502148,0.0247038,0.0439827,0.0165898,0.193747,0.0108331,0,0.242687,0.127099,4.39363,0.0691077,0.299399,0.083542,0.84939,6.80025,0.957617,0.942561,0.0511578,0.25524,0.501931,0.213395,0.583265,0.583265,0,0,-0.00460386,0.0335472,0.945081,0.806447,0.0128105,0.0227496,0.00453696,0.00352442,0.568909,0.0117356,-7.51359,-8.55472,14.1442,0.568943,0.994834,-16.3148,-0.909091,-0.170709,2.05012,0.916667,12.0417,0,0,31.9167,33.625,0,-10.6939,0.0001,-0.000637747,0.108347,1.72722,0.128882,52962,0.132958,56.93,1.86109
2041,0.466191,0.460463,0.017754,0.0103278,0.661782,0.402048,0.820818,0.496175,0.0248698,0.0445536,0.0166986,0.19561,0.0108605,0,0.24402,0.125028,4.41621,0.0696953,0.300888,0.0840564,0.847179,6.79944,0.956387,0.942477,0.0514158,0.256888,0.497904,0.214981,0.57066,0.57066,0,0,-0.00460559,0.0338141,0.944649,0.805412,0.0129305,0.022904,0.00442827,0.00344419,0.566546,0.0118278,-7.56662,-8.47723,14.1804,0.568792,0.996818,-16.347,-0.909091,-0.171146,2.03918,0.541667,11.4583,0,0,32.5417,31.8333,0.0416667,-10.6924,0.0001,-0.000603744,0.109981,1.71058,0.138312,53169,0.13299,58.51,2.13009
2042,0.465579,0.462183,0.0177151,0.0102813,0.661337,0.40312,0.820309,0.50049,0.0249559,0.0436934,0.0167595,0.195165,0.0107964,0,0.244535,0.126677,4.40223,0.0687832,0.300483,0.0838987,0.847733,6.79712,0.9572,0.942586,0.0515345,0.258272,0.500351,0.214874,0.577184,0.577184,0,0,-0.00456182,0.0331706,0.946086,0.804967,0.0129445,0.022939,0.00465514,0.00364628,0.57089,0.0119614,-7.49319,-8.23736,14.1709,0.567354,0.994586,-16.5115,-0.908579,-0.171386,2.04621,0.625,10.5417,0,0,32.7917,32.5,0.0416667,-10.6897,0.0001,-0.000297545,0.109707,1.81077,0.136906,50472,0.132998,57.13,2.19014
2043,0.462959,0.461106,0.0176338,0.0102774,0.658097,0.40042,0.819934,0.500026,0.0251116,0.0425502,0.0168813,0.193318,0.0107541,0,0.243612,0.126021,4.41368,0.0691025,0.299869,0.084327,0.850462,6.79847,0.956423,0.942866,0.0512242,0.258971,0.498695,0.213324,0.575947,0.575947,0,0,-0.00454279,0.0333472,0.945829,0.804724,0.0130084,0.0230523,0.00448106,0.00353359,0.56836,0.0121288,-7.74059,-8.06487,14.1767,0.565041,0.988058,-16.6558,-0.909091,-0.171133,2.04105,0.625,10.0833,0,0,34.5,33.2083,0,-10.6898,0.0001,-0.000237139,0.111162,1.80209,0.131577,50838,0.133014,57.29,2.35215
2044,0.461997,0.456517,0.0177515,0.0105232,0.657173,0.398971,0.820592,0.494197,0.0251057,0.0428821,0.0168693,0.193775,0.0108116,0,0.24248,0.124627,4.42783,0.0694476,0.299392,0.0840588,0.850478,6.79446,0.957021,0.942485,0.0521318,0.267991,0.497894,0.213637,0.557408,0.557408,0,0,-0.00453959,0.0337099,0.946016,0.802059,0.0130593,0.0231186,0.00456474,0.00354656,0.568784,0.0120979,-7.63826,-8.10674,14.2759,0.562896,0.994851,-16.5622,-0.909091,-0.169908,2.02266,0.5,10.2083,0,0,33.9167,30.7083,0,-10.686,0.0001,2.92343e-05,0.109635,1.78378,0.135539,51218,0.133079,56.4,2.07818
2045,0.463104,0.459592,0.0176833,0.0103579,0.659604,0.400596,0.819399,0.498421,0.0250513,0.0437202,0.0168314,0.194169,0.0108303,0,0.243622,0.12559,4.42937,0.0695081,0.300275,0.0842011,0.847236,6.79855,0.956872,0.942706,0.0515069,0.260106,0.498736,0.213696,0.567857,0.567857,0,0,-0.00456034,0.0338597,0.945852,0.804622,0.012998,0.0230659,0.00443676,0.00346846,0.56851,0.0119862,-7.53557,-8.20111,14.1954,0.567073,0.996662,-16.533,-0.909091,-0.171147,2.03282,0.5,11.2083,0,0,33.7083,33.2917,0,-10.6804,0.0001,-0.00054803,0.106625,1.76037,0.138085,51781,0.133127,56.6,2.00726
2046,0.464267,0.460099,0.0177221,0.0103845,0.65924,0.401366,0.819955,0.495909,0.0250645,0.0438431,0.0168199,0.19438,0.0108678,0,0.243054,0.124607,4.4129,0.0691322,0.300156,0.0841856,0.84888,6.79335,0.957551,0.94258,0.0512751,0.259494,0.497926,0.21363,0.5609,0.5609,0,0,-0.00459301,0.0332215,0.94518,0.803861,0.0130073,0.0230933,0.00445849,0.00348908,0.568372,0.0119184,-7.57345,-8.3103,14.2505,0.566103,0.998531,-16.4335,-0.909091,-0.170796,2.03528,0.416667,11.7917,0,0,33,31.8333,0,-10.6767,0.0001,-0.000665017,0.110074,1.78777,0.139912,50996,0.133151,58.06,2.17116
2047,0.461081,0.460924,0.0176752,0.0105283,0.656878,0.400061,0.819529,0.501722,0.0247724,0.0450441,0.0166194,0.193411,0.0108944,0,0.242789,0.126424,4.40368,0.0701235,0.299265,0.0840844,0.847326,6.79439,0.957527,0.942732,0.0515565,0.256252,0.497081,0.212501,0.577166,0.577166,0,0,-0.0046121,0.033867,0.944529,0.805278,0.01292,0.022861,0.00464533,0.00361309,0.569156,0.0117901,-7.49425,-8.62404,14.1617,0.571117,0.996163,-16.2656,-0.909091,-0.170825,2.03906,0.666667,11.375,0,0,31.1667,32.9583,0,-10.675,0.0001,-0.000425846,0.111104,1.77266,0.135427,51519,0.133157,57.35,2.13991
2048,0.464225,0.453694,0.0177229,0.0106226,0.660162,0.396026,0.819726,0.489113,0.0248393,0.0442647,0.0166872,0.195075,0.0107883,0,0.244254,0.122511,4.40895,0.0692708,0.301028,0.0838854,0.84658,6.80317,0.957014,0.942578,0.0517214,0.257154,0.496379,0.21465,0.542423,0.542423,0,0,-0.00459075,0.0334761,0.945548,0.806094,0.012863,0.0228492,0.00455937,0.00359666,0.570206,0.011827,-7.53788,-8.39204,14.1306,0.56891,0.992448,-16.4331,-0.909091,-0.17104,2.00734,0.375,10.75,0,0,33.125,33.5,0,-10.6752,0.0001,-0.000905888,0.111179,1.73733,0.131756,52594,0.133149,57.33,2.04427
2049,0.463621,0.459276,0.0177892,0.0105231,0.658764,0.401329,0.819667,0.492186,0.0251501,0.0443169,0.0168576,0.19545,0.0109384,0,0.243287,0.123442,4.4265,0.0697097,0.301016,0.0846546,0.848617,6.789,0.957213,0.942363,0.0522812,0.258153,0.494415,0.214601,0.548841,0.548841,0,0,-0.00459104,0.0338786,0.944709,0.802518,0.0130653,0.0232248,0.00457778,0.00358768,0.570219,0.0119134,-7.47807,-8.37924,14.3845,0.562359,1.01141,-16.3523,-0.909091,-0.170164,2.03104,0.666667,12.0417,0,0,32.5,30.1667,0,-10.6757,0.0001,-0.00056473,0.116084,1.74683,0.136009,52210,0.133163,57.77,2.2185
2050,0.462917,0.458871,0.0177767,0.0106794,0.658382,0.401388,0.819458,0.495099,0.0252894,0.0442187,0.0169758,0.195225,0.0110147,0,0.242862,0.124507,4.41529,0.0690924,0.300144,0.0853168,0.847058,6.78589,0.956027,0.942403,0.0522916,0.259007,0.495955,0.214116,0.546992,0.546992,0,0,-0.00459443,0.033656,0.944721,0.802068,0.013151,0.0233522,0.00453093,0.00354287,0.567626,0.0120338,-7.49843,-8.27221,14.3749,0.564261,1.01567,-16.4392,-0.909091,-0.170105,2.02825,0.541667,12.125,0,0,34.0833,33.0417,0,-10.6729,0.0001,-0.00063682,0.107622,1.79125,0.137637,50964,0.133206,56.85,2.03698
2051,0.460921,0.454893,0.0178276,0.0107936,0.655283,0.39882,0.819954,0.493179,0.0249556,0.0444332,0.0167241,0.194481,0.0108882,0,0.241701,0.124196,4.4221,0.069394,0.29951,0.0841102,0.845346,6.78556,0.956844,0.942238,0.0517352,0.255875,0.496017,0.213586,0.549718,0.549718,0,0,-0.0045792,0.0343445,0.944902,0.803601,0.0129833,0.0230504,0.00473365,0.00367052,0.568972,0.0118404,-7.42079,-8.45995,14.326,0.564358,1.00744,-16.2797,-0.909091,-0.168904,2.01227,0.458333,11.8333,0,0,31,31.75,0,-10.6687,0.0001,-0.000673329,0.107497,1.73374,0.137598,52531,0.133239,56.94,1.92741
2052,0.466904,0.463236,0.0178417,0.0103091,0.663649,0.406762,0.819582,0.498911,0.0245878,0.0452448,0.0164804,0.196922,0.0108446,0,0.244542,0.126291,4.4305,0.0696326,0.300984,0.0835506,0.846415,6.79821,0.957997,0.942193,0.0525454,0.261778,0.498621,0.216417,0.575537,0.575537,0,0,-0.00460419,0.0343273,0.944158,0.807216,0.012781,0.0227395,0.00449519,0.0034162,0.567861,0.0115885,-7.38175,-8.74192,14.2233,0.569435,1.00162,-16.1266,-0.909091,-0.170746,2.04788,0.541667,13,0,0,32.6667,33.125,0,-10.6666,0.0001,-0.000656589,0.107598,1.75758,0.13016,52075,0.133297,57.83,1.98627
2053,0.460694,0.458306,0.0177396,0.0107123,0.655954,0.400021,0.819089,0.496462,0.0247227,0.0448112,0.0165915,0.19341,0.0108643,0,0.241841,0.12477,4.42584,0.0699162,0.299085,0.0836002,0.847925,6.79593,0.957595,0.942523,0.0518528,0.260386,0.4964,0.212657,0.550069,0.550069,0,0,-0.00461382,0.0341295,0.944504,0.805796,0.0128382,0.0227837,0.0045339,0.00352626,0.56833,0.0117197,-7.57081,-8.61866,14.1491,0.569381,0.996222,-16.2859,-0.909091,-0.169886,2.02644,0.541667,12.125,0,0,32.3333,31.9583,0,-10.6634,0.0001,-0.000588776,0.105836,1.7497,0.134903,52161,0.133304,57.12,2.09375
2054,0.463086,0.459143,0.0177787,0.0105639,0.658769,0.401648,0.819548,0.496223,0.0248229,0.0447448,0.0166543,0.193617,0.0108471,0,0.241783,0.124865,4.4271,0.0694521,0.298828,0.0841768,0.847699,6.79688,0.957553,0.942397,0.0522627,0.258005,0.497711,0.213096,0.55685,0.55685,0,0,-0.00460644,0.0332259,0.944702,0.805581,0.0129001,0.0229049,0.00449272,0.0034919,0.569024,0.0118168,-7.48324,-8.52984,14.191,0.569741,0.998253,-16.2994,-0.909091,-0.170142,2.03021,0.458333,11.625,0,0,32.2917,33,0,-10.6647,0.0001,-0.000171694,0.111928,1.75073,0.130692,52249,0.133257,57.3,2.09994
2055,0.464628,0.455787,0.0177672,0.0106335,0.661233,0.399296,0.819268,0.491204,0.0250911,0.0432402,0.0168501,0.195324,0.0108032,0,0.243612,0.123861,4.4303,0.0690681,0.300378,0.0839391,0.847324,6.79626,0.957083,0.942434,0.051915,0.262197,0.498375,0.214777,0.544047,0.544047,0,0,-0.00455704,0.0334479,0.946041,0.80348,0.0130204,0.0231096,0.00453405,0.00349987,0.567473,0.0120245,-7.57513,-8.14671,14.2383,0.563614,0.996146,-16.5493,-0.909091,-0.170755,2.01483,0.583333,10.7917,0,0,33.0833,32.4167,0,-10.6682,0.0001,-0.000828163,0.110471,1.72659,0.129199,52971,0.133238,57.88,2.04924
2056,0.464936,0.461158,0.017743,0.0102572,0.660974,0.402472,0.819507,0.499967,0.0250431,0.0432382,0.0168047,0.195876,0.0108285,0,0.245063,0.126323,4.4197,0.0688958,0.300794,0.0840244,0.848886,6.78839,0.956443,0.942513,0.052406,0.262485,0.498953,0.21563,0.580924,0.580924,0,0,-0.00456647,0.0331086,0.945949,0.804041,0.0129796,0.023048,0.00438916,0.0034028,0.566817,0.0119837,-7.59213,-8.20315,14.2349,0.564891,0.99207,-16.5036,-0.909091,-0.17104,2.03983,0.166667,10.6667,0,0,33.0417,32.625,0,-10.6677,0.0001,-0.000915908,0.114054,1.72296,0.131821,53000,0.133291,57.62,2.00997
2057,0.461369,0.454687,0.01773,0.0107694,0.658173,0.396847,0.818721,0.49347,0.0252882,0.0421508,0.016994,0.19505,0.0108133,0,0.24402,0.123937,4.43852,0.0687253,0.299839,0.0842824,0.846646,6.79309,0.956623,0.942555,0.0525001,0.267609,0.496959,0.214852,0.547464,0.547464,0,0,-0.00449764,0.0339765,0.946879,0.801943,0.0131293,0.0232348,0.00450279,0.00349932,0.567781,0.0122484,-7.66357,-7.80842,14.2794,0.562119,0.994063,-16.7507,-0.909091,-0.170425,2.00995,0.416667,8.95833,0,0,34.625,31.4583,0,-10.6637,0.0001,-0.000615532,0.0996146,1.74777,0.130189,52346,0.133319,56.86,2.0895
2058,0.46351,0.467141,0.0175632,0.00997058,0.65733,0.404443,0.818281,0.508833,0.0250508,0.0424763,0.0168563,0.193323,0.0107742,0,0.24428,0.128605,4.41209,0.069494,0.30022,0.0836429,0.851238,6.79868,0.957451,0.943095,0.0518897,0.265348,0.499817,0.213213,0.603794,0.603794,0,0,-0.00452904,0.0336647,0.945958,0.803792,0.0130169,0.0229946,0.00436101,0.00342192,0.567551,0.0121283,-7.76413,-8.05847,14.172,0.565566,0.987129,-16.6637,-0.909091,-0.171597,2.06381,0.75,10.7917,0,0,35.25,31.5417,0,-10.6615,0.0001,-0.000632936,0.104788,1.72901,0.135993,52709,0.133335,57.75,2.16929
2059,0.46242,0.461432,0.0176731,0.0102225,0.655906,0.402242,0.819456,0.503176,0.0258553,0.0404871,0.0173916,0.192567,0.0107564,0,0.242015,0.127259,4.42901,0.0674937,0.29875,0.0852454,0.850219,6.78791,0.956134,0.942739,0.0525362,0.271663,0.500632,0.212591,0.585311,0.585311,0,0,-0.00447778,0.03232,0.947882,0.798015,0.0133981,0.0237009,0.00426807,0.00336269,0.567268,0.0126394,-7.80727,-7.37771,14.3797,0.556386,0.998669,-17.0508,-0.909091,-0.170109,2.04183,0.416667,8.375,0,0,35.9583,31.125,0,-10.6587,0.0001,-0.000355772,0.104665,1.75982,0.137001,51825,0.13336,57.53,2.18311
2060,0.463863,0.464566,0.0176357,0.0102505,0.65927,0.404093,0.819288,0.507075,0.0252554,0.0417428,0.0169962,0.193523,0.0107047,0,0.243847,0.128613,4.41469,0.0681194,0.299198,0.0840043,0.84949,6.79324,0.956456,0.94286,0.0521513,0.267989,0.50187,0.21374,0.596843,0.596843,0,0,-0.00451099,0.0324487,0.946646,0.803504,0.0130773,0.0231695,0.00426401,0.00333117,0.566373,0.012259,-7.73549,-7.84886,14.1944,0.56521,0.987635,-16.7734,-0.909091,-0.171293,2.05469,0.333333,9.41667,0,0,34.875,32.625,0,-10.6576,0.0001,-0.000344659,0.108932,1.7256,0.136089,52803,0.133362,57.38,2.10698
2061,0.464172,0.460822,0.0176332,0.010505,0.659345,0.40112,0.819065,0.500807,0.0252996,0.0412124,0.0170296,0.193763,0.0107606,0,0.244391,0.126613,4.40068,0.0688513,0.300042,0.0841601,0.850969,6.79433,0.956885,0.942868,0.0522134,0.267777,0.500538,0.214105,0.568215,0.568215,0,0,-0.00449659,0.0329993,0.946727,0.80149,0.0131312,0.0231948,0.00432704,0.00339063,0.566827,0.0123359,-7.78237,-7.82087,14.2589,0.560997,0.987453,-16.7871,-0.909091,-0.171416,2.03803,0.875,9.66667,0,0,36.125,30,0,-10.6586,0.0001,-0.000726187,0.105137,1.75765,0.132653,52004,0.133367,56.66,2.10441
2062,0.464743,0.465282,0.0176955,0.0100345,0.658295,0.405773,0.818837,0.50368,0.0254117,0.0412862,0.0170868,0.192919,0.01072,0,0.24219,0.127658,4.43143,0.0687103,0.298465,0.0845467,0.850849,6.79704,0.956634,0.942667,0.0515999,0.268893,0.500036,0.212744,0.585726,0.585726,0,0,-0.00449537,0.0327379,0.946824,0.80137,0.0131634,0.0233253,0.00437214,0.00343542,0.567013,0.0123626,-7.76788,-7.75327,14.2486,0.561499,0.994779,-16.8464,-0.909091,-0.170641,2.05597,0.666667,9.25,0,0,35.5833,31.875,0.0416667,-10.6582,0.0001,-0.00086838,0.106059,1.79879,0.136397,50798,0.133382,57.34,2.18716
2063,0.461437,0.461375,0.0176728,0.0104168,0.656678,0.402018,0.819343,0.505511,0.0252868,0.0414952,0.0169997,0.193341,0.0107008,0,0.243034,0.128254,4.40901,0.0681474,0.300102,0.0840247,0.852367,6.79919,0.957142,0.94274,0.0515418,0.264971,0.501223,0.213419,0.590808,0.590808,0,0,-0.00450774,0.0323071,0.947195,0.801842,0.0131065,0.0232074,0.00443287,0.00347197,0.568815,0.0122935,-7.70995,-7.78894,14.2496,0.561144,0.98712,-16.7928,-0.909091,-0.17027,2.04098,0.25,9.20833,0,0,35.25,30.9583,0,-10.6569,0.0001,-0.000928186,0.106952,1.7227,0.143729,52669,0.133437,56.98,2.14674
2064,0.464992,0.464587,0.0176406,0.0101484,0.657823,0.403923,0.819321,0.505151,0.0249231,0.043071,0.0167562,0.192466,0.0106933,0,0.24283,0.128209,4.41809,0.068688,0.299369,0.0835088,0.849907,6.80311,0.957547,0.942844,0.051443,0.260464,0.501179,0.212651,0.584856,0.584856,0,0,-0.00455541,0.0328115,0.945531,0.805174,0.0129236,0.0229065,0.00431727,0.00340754,0.56857,0.0120199,-7.6325,-8.26306,14.144,0.569084,0.989836,-16.5361,-0.909091,-0.171002,2.0545,0.416667,10.375,0,0,34.2083,32.6667,0,-10.6502,0.0001,-0.000831593,0.106187,1.79756,0.136805,50819,0.133497,57.97,2.14641
2065,0.465719,0.465262,0.0177115,0.0102628,0.660109,0.406053,0.819173,0.503836,0.024885,0.0436458,0.0167198,0.193138,0.010714,0,0.242055,0.127688,4.41534,0.0691277,0.299371,0.0836371,0.850499,6.80311,0.957456,0.942615,0.0509635,0.257381,0.500706,0.212741,0.583809,0.583809,0,0,-0.0045987,0.0321781,0.945012,0.806154,0.0128761,0.0229271,0.00433979,0.00340624,0.567767,0.0119434,-7.62893,-8.40098,14.1367,0.569504,0.992448,-16.4313,-0.909091,-0.170952,2.05568,0.708333,11.5833,0,0,32.5833,31.4583,0,-10.6465,0.0001,-0.000795341,0.108457,1.76709,0.134645,51691,0.133515,56.31,2.27192
2066,0.46495,0.461553,0.0176726,0.0103554,0.658607,0.402178,0.819328,0.500249,0.0252198,0.042281,0.0169598,0.193348,0.0107369,0,0.243273,0.1267,4.41366,0.0680119,0.300244,0.0838459,0.851964,6.7944,0.957644,0.942741,0.0516448,0.264,0.500631,0.213315,0.569862,0.569862,0,0,-0.00454745,0.0315701,0.946356,0.802655,0.0130456,0.023161,0.00427278,0.00334841,0.567566,0.0121635,-7.6823,-7.96691,14.2409,0.563888,0.994548,-16.707,-0.909091,-0.171038,2.0412,0.333333,10.25,0,0,35.4167,32.2083,0,-10.644,0.0001,-8.13669e-05,0.106901,1.75232,0.137243,52024,0.133534,57.27,2.0318
2067,0.468175,0.46604,0.0176426,0.0100339,0.660234,0.405915,0.818815,0.503235,0.0251964,0.0426072,0.016925,0.194057,0.010679,0,0.243916,0.12759,4.41599,0.0681613,0.301123,0.0841677,0.85039,6.79913,0.957002,0.942818,0.0507799,0.259867,0.502773,0.213739,0.5817,0.5817,0,0,-0.00454907,0.032024,0.945977,0.803649,0.0130308,0.0231761,0.00438119,0.00346027,0.568255,0.0121307,-7.64405,-8.04257,14.2564,0.563996,0.995034,-16.6441,-0.90849,-0.171534,2.05903,0.416667,10.2083,0,0,32.375,31.0833,0.0416667,-10.6428,0.0001,-0.000686924,0.110896,1.76727,0.135169,51672,0.133555,57.65,2.16658
2068,0.464083,0.458687,0.0176675,0.0105295,0.65974,0.399361,0.819048,0.499679,0.0248156,0.0432776,0.0166622,0.194596,0.0107079,0,0.244503,0.126446,4.41014,0.0695356,0.301457,0.0831728,0.851233,6.80335,0.957703,0.942757,0.0514457,0.263754,0.50062,0.214203,0.573818,0.573818,0,0,-0.00455033,0.0335635,0.945954,0.805636,0.0128814,0.0228328,0.00453643,0.00351263,0.568894,0.0119458,-7.55454,-8.26804,14.1221,0.568669,0.982866,-16.4725,-0.909091,-0.171405,2.02849,0.291667,10.7083,0,0,33.3333,31.6667,0,-10.6401,0.0001,-0.00100696,0.10947,1.72412,0.136949,52821,0.13358,58.12,2.08564
2069,0.4613,0.460087,0.0175899,0.0103454,0.655161,0.398377,0.818312,0.501179,0.0248973,0.0441957,0.0167152,0.191958,0.010788,0,0.242067,0.126674,4.39585,0.0691616,0.299875,0.0835743,0.848125,6.7961,0.958063,0.943009,0.0507888,0.255087,0.499123,0.211281,0.581798,0.581798,0,0,-0.00457318,0.033098,0.944923,0.805286,0.0129293,0.0229463,0.0044779,0.00356484,0.57073,0.0119228,-7.51115,-8.48955,14.1136,0.572044,0.996101,-16.4247,-0.909091,-0.17088,2.03369,0.666667,11.4167,0,0,32.0833,32.5417,0,-10.6344,0.0001,-0.000454972,0.106036,1.72829,0.129839,52904,0.133628,56.73,2.16241
2070,0.464815,0.464395,0.0176082,0.0101634,0.657835,0.402945,0.81902,0.506467,0.0249321,0.0435029,0.0167628,0.192414,0.0106692,0,0.242698,0.129076,4.39126,0.0677714,0.300213,0.0833747,0.850616,6.80526,0.957525,0.942949,0.050036,0.251879,0.50338,0.21223,0.592456,0.592456,0,0,-0.0045762,0.0322264,0.945647,0.806363,0.0128837,0.0228839,0.00432719,0.00344745,0.569715,0.011969,-7.57244,-8.26092,14.1428,0.567899,0.99045,-16.5489,-0.909091,-0.171317,2.05298,0.583333,10.75,0,0,32.75,32.9583,0,-10.6285,0.0001,-0.000419082,0.109899,1.77099,0.136618,51532,0.133691,57.79,2.07693
2071,0.466215,0.464691,0.0176554,0.0102917,0.658154,0.404419,0.818318,0.504783,0.0251447,0.0437471,0.0168846,0.192497,0.0108044,0,0.241769,0.12806,4.40291,0.0683885,0.299227,0.0843063,0.851795,6.79063,0.956788,0.942796,0.050953,0.258398,0.502234,0.21184,0.58086,0.58086,0,0,-0.00456625,0.0326148,0.945081,0.804341,0.0130151,0.0231629,0.0043736,0.00341914,0.56731,0.0120067,-7.48477,-8.27395,14.261,0.566332,1.00363,-16.4982,-0.909091,-0.170949,2.05265,0.416667,11.5,0,0,34.4583,30.6667,0,-10.6262,0.0001,-0.000309317,0.106664,1.77403,0.134391,51510,0.133731,57.18,2.01888
2072,0.462678,0.461415,0.017638,0.0101962,0.657167,0.401248,0.818413,0.501918,0.0252198,0.0427026,0.0169602,0.194462,0.0107167,0,0.244352,0.126481,4.40697,0.0685003,0.301271,0.0840781,0.850031,6.79728,0.957105,0.942853,0.051004,0.259594,0.499428,0.214128,0.58482,0.58482,0,0,-0.00452329,0.032856,0.946404,0.803349,0.0130633,0.0231627,0.00445967,0.00349404,0.568289,0.0122071,-7.65151,-7.93633,14.2269,0.564374,0.991973,-16.7116,-0.909091,-0.170918,2.03832,0.375,9.20833,0,0,33.9167,31.4167,0.0416667,-10.6263,0.0001,-8.90378e-05,0.109705,1.72957,0.135303,52713,0.13374,57.09,2.04009
2073,0.465708,0.465607,0.017601,0.0101221,0.657563,0.403851,0.817518,0.507629,0.0250697,0.0422467,0.0168859,0.192819,0.0106483,0,0.243876,0.129139,4.38365,0.0672825,0.300356,0.0834762,0.851924,6.80278,0.957024,0.942973,0.0511197,0.263942,0.504194,0.213091,0.590327,0.590327,0,0,-0.00454954,0.0317359,0.947188,0.805252,0.0129313,0.0229358,0.00432765,0.00341632,0.569334,0.0120876,-7.64697,-7.88872,14.1385,0.563847,0.984811,-16.7732,-0.909091,-0.171334,2.05454,0.5,10.0417,0,0,36.0417,32.4167,0,-10.6256,0.0001,-0.00081762,0.108017,1.7699,0.138318,51515,0.133765,58.08,2.16817
2074,0.463456,0.459977,0.0175489,0.0100411,0.657913,0.398799,0.818411,0.499823,0.0255667,0.0413125,0.0172059,0.192727,0.0107137,0,0.243904,0.125787,4.40074,0.0672181,0.300713,0.0845776,0.849985,6.79856,0.95665,0.943125,0.050956,0.259255,0.499959,0.212725,0.582448,0.582448,0,0,-0.0045008,0.0320555,0.947406,0.801521,0.0132194,0.023398,0.00432585,0.00347139,0.56896,0.0124397,-7.73252,-7.57734,14.27,0.560416,0.993819,-16.972,-0.908579,-0.17178,2.03398,0.541667,8.58333,0,0,34.25,32.0833,0.0416667,-10.6235,0.0001,-0.00100894,0.105779,1.84457,0.140357,49525,0.133767,57.3,1.84978
2075,0.459922,0.460147,0.0176999,0.0104045,0.655884,0.401112,0.817792,0.504672,0.0254221,0.0421067,0.0170857,0.192433,0.0107856,0,0.241674,0.127642,4.42052,0.0683943,0.299269,0.0844187,0.851602,6.79205,0.9566,0.942652,0.0518833,0.26136,0.499228,0.212367,0.58639,0.58639,0,0,-0.00452044,0.0320584,0.946532,0.800619,0.0132108,0.0233535,0.004253,0.00334412,0.566869,0.0123256,-7.69811,-7.81652,14.31,0.56087,0.99603,-16.769,-0.909091,-0.16998,2.03083,0.5,10,0,0,35.0417,31.7083,0,-10.6225,0.0001,-0.00112697,0.112417,1.74043,0.134367,52434,0.133791,58.08,1.88508
2076,0.463214,0.457563,0.0176683,0.010364,0.659473,0.397862,0.817166,0.497058,0.0249216,0.0429121,0.0167361,0.194656,0.0106742,0,0.244574,0.125424,4.40639,0.0687348,0.301507,0.08357,0.847202,6.80091,0.956889,0.942755,0.0513153,0.262877,0.498933,0.21427,0.570018,0.570018,0,0,-0.0045436,0.0337382,0.946403,0.805508,0.0128958,0.022875,0.00463666,0.00362852,0.57026,0.0120368,-7.57188,-8.15479,14.105,0.567521,0.987512,-16.5965,-0.909091,-0.171482,2.01877,0.458333,9.95833,0,0,33.8333,31.9583,0,-10.6194,0.0001,-0.000900121,0.110052,1.71932,0.130544,53141,0.133812,57.61,2.05828
2077,0.462953,0.455282,0.0177239,0.010575,0.65979,0.397653,0.816801,0.495619,0.0251041,0.0430045,0.0168717,0.193988,0.0107588,0,0.242993,0.125158,4.42085,0.0686555,0.30049,0.083809,0.852105,6.80084,0.957375,0.942574,0.0518898,0.265257,0.499667,0.21382,0.557097,0.557097,0,0,-0.00456773,0.0325834,0.945991,0.803143,0.0130159,0.0230992,0.00430357,0.00334569,0.566999,0.0120405,-7.62484,-8.11689,14.2434,0.56403,0.995882,-16.5743,-0.909091,-0.170777,2.00802,0.75,10.625,0,0,34.7917,30.7917,0,-10.6181,0.0001,-0.000885096,0.10608,1.7465,0.136076,52217,0.133789,56.23,2.09557
2078,0.465786,0.462829,0.0175763,0.0101693,0.659956,0.402051,0.816945,0.499675,0.0251022,0.0429791,0.0168674,0.193478,0.0107274,0,0.244198,0.126145,4.41556,0.0687399,0.300616,0.0841732,0.848287,6.79699,0.957264,0.943053,0.0510881,0.258457,0.501857,0.21309,0.569112,0.569112,0,0,-0.00455917,0.0323928,0.945902,0.804281,0.0130184,0.0230915,0.00447962,0.00352992,0.570214,0.0120787,-7.61033,-8.13665,14.1936,0.5675,0.99205,-16.6048,-0.909091,-0.172117,2.0418,0.458333,10.2083,0,0,33.25,33.5,0,-10.6197,0.0001,-0.000822064,0.105797,1.72698,0.125594,53063,0.133765,57.34,2.13125
2079,0.46704,0.464575,0.0176299,0.010231,0.660734,0.403775,0.817456,0.505754,0.0249995,0.0428111,0.0168181,0.193619,0.0106621,0,0.243967,0.12831,4.3864,0.0683593,0.300344,0.0836504,0.851515,6.80093,0.957203,0.942879,0.051815,0.262435,0.503422,0.213474,0.597319,0.597319,0,0,-0.00456609,0.0323719,0.946439,0.805915,0.0128782,0.0229148,0.00448798,0.00353921,0.569389,0.0119713,-7.59391,-8.15062,14.0882,0.568014,0.99203,-16.6565,-0.909091,-0.171785,2.04973,0.333333,10.3333,0,0,34.625,31.1667,0,-10.6213,0.0001,-0.000656452,0.105881,1.78488,0.139975,51070,0.133775,57.47,2.26393
2080,0.465105,0.466674,0.0176547,0.0100426,0.660835,0.406201,0.817995,0.506198,0.0248799,0.0438928,0.0167326,0.193342,0.0107164,0,0.243441,0.128242,4.40048,0.0685807,0.300318,0.0833907,0.850859,6.79777,0.95726,0.942799,0.0515238,0.260764,0.501208,0.213309,0.586639,0.586639,0,0,-0.00459739,0.0319063,0.94538,0.805971,0.0129055,0.0228412,0.00440135,0.00347386,0.569753,0.0119125,-7.6016,-8.31511,14.1098,0.571038,0.988653,-16.4856,-0.909091,-0.17169,2.05994,0.708333,11.0417,0,0,34.1667,31.5,0,-10.6215,0.0001,-0.00069778,0.108669,1.69441,0.128485,53927,0.133767,57.68,1.83421
2081,0.463879,0.458741,0.0176755,0.0104763,0.661171,0.399645,0.817851,0.497321,0.0250066,0.0437212,0.0167861,0.194249,0.0107455,0,0.244048,0.12543,4.40476,0.0693712,0.300851,0.0838694,0.846573,6.79607,0.957127,0.942731,0.0514068,0.256133,0.500249,0.213763,0.559569,0.559569,0,0,-0.00457512,0.0333844,0.945369,0.805349,0.0129303,0.0230198,0.0044805,0.00354694,0.569692,0.0119307,-7.52272,-8.34131,14.1739,0.569023,0.99648,-16.4683,-0.909091,-0.171686,2.02504,0.625,11.125,0,0,32.5417,33.25,0,-10.6239,0.0001,-0.000687647,0.10544,1.71643,0.124241,53406,0.133732,56.54,2.14265
2082,0.463134,0.463637,0.0176778,0.0100949,0.658,0.40466,0.81786,0.508366,0.024943,0.0433626,0.0167616,0.193354,0.0107399,0,0.24256,0.129602,4.40703,0.0685152,0.299861,0.0837396,0.851387,6.80345,0.957326,0.942724,0.051355,0.258247,0.502413,0.212947,0.600579,0.600579,0,0,-0.00456974,0.0329886,0.945702,0.805573,0.0129033,0.0229345,0.00442174,0.00346795,0.568727,0.0119318,-7.50688,-8.25863,14.1792,0.566569,0.993022,-16.5078,-0.909091,-0.170588,2.04602,0.541667,10.7917,0,0,32.7917,31.5833,0,-10.6295,0.0001,-0.000867829,0.10776,1.68694,0.131201,54068,0.133684,56.59,2.23585
2083,0.464346,0.461361,0.017609,0.0101761,0.65835,0.401177,0.818052,0.500287,0.0248958,0.0436857,0.0167467,0.19294,0.0106394,0,0.243202,0.126646,4.38578,0.0686624,0.29993,0.0833721,0.848406,6.80237,0.957806,0.942947,0.0507538,0.254737,0.500752,0.212633,0.58216,0.58216,0,0,-0.00457763,0.0331969,0.945911,0.807143,0.012868,0.0228542,0.00453069,0.00359577,0.571721,0.0119048,-7.51734,-8.22999,14.091,0.570129,0.990329,-16.5709,-0.909091,-0.171439,2.03698,0.291667,11.0417,0,0,32.875,32.875,0,-10.6329,0.0001,-0.000504336,0.103823,1.69223,0.13009,53944,0.133657,57.47,2.16596
2084,0.461422,0.45829,0.0177031,0.0105185,0.656201,0.399592,0.81834,0.498501,0.0248135,0.043753,0.0166611,0.192572,0.0107555,0,0.241917,0.125555,4.3871,0.0692015,0.29895,0.0835781,0.848489,6.80497,0.957388,0.942642,0.051517,0.260649,0.498654,0.212402,0.57558,0.57558,0,0,-0.00458406,0.0334983,0.945524,0.806819,0.012834,0.0228286,0.00466141,0.0036751,0.571647,0.0118448,-7.5168,-8.37339,14.1523,0.567843,0.98709,-16.4075,-0.909091,-0.1701,2.02472,0.5,11.0417,0,0,33.3333,32.0833,0,-10.6357,0.0001,-0.000753869,0.10732,1.68541,0.127374,54228,0.133631,57,2.02427
2085,0.462499,0.457968,0.0177952,0.0108633,0.658888,0.401044,0.817165,0.496533,0.0249313,0.0438798,0.0167449,0.193292,0.0107843,0,0.24128,0.125161,4.39111,0.0687098,0.299256,0.0838333,0.849932,6.79373,0.956666,0.942344,0.0519378,0.261953,0.498659,0.212994,0.560719,0.560719,0,0,-0.00460499,0.0325821,0.945477,0.805479,0.0128794,0.0229482,0.0044256,0.00348347,0.568941,0.0118558,-7.53099,-8.36208,14.196,0.565896,0.996485,-16.4274,-0.909091,-0.169906,2.01873,0.375,11.25,0,0,33.125,31.9583,0,-10.6374,0.0001,-0.000683759,0.110741,1.72382,0.132924,52944,0.13362,58.48,2.19454
2086,0.464906,0.459095,0.0177373,0.0105067,0.66096,0.401147,0.817234,0.494428,0.024378,0.0460942,0.0163409,0.194364,0.0108126,0,0.242758,0.124498,4.39648,0.0710034,0.300283,0.0830809,0.846129,6.80111,0.958351,0.942531,0.0507455,0.249999,0.497464,0.213404,0.560601,0.560601,0,0,-0.00463734,0.0346301,0.943587,0.809369,0.0126371,0.0225266,0.0047245,0.00370494,0.572878,0.0114654,-7.36513,-9.01297,14.0671,0.5753,0.99619,-16.046,-0.909091,-0.171128,2.02459,0.75,12.9167,0,0,29.9583,34.4167,0,-10.6362,0.0001,-7.17289e-05,0.10324,1.7839,0.133294,51275,0.133638,57.5,2.12785
2087,0.462539,0.460354,0.0177187,0.0103686,0.659838,0.401269,0.81741,0.497668,0.0246056,0.0455955,0.0165113,0.193856,0.0108258,0,0.24256,0.125139,4.39871,0.0709264,0.299672,0.0834304,0.846668,6.79915,0.957773,0.942591,0.0515118,0.25685,0.496814,0.213112,0.57263,0.57263,0,0,-0.00463399,0.0340423,0.944214,0.808142,0.0127671,0.0226994,0.00463413,0.003654,0.571602,0.0116583,-7.40819,-8.75444,14.1185,0.572917,0.992296,-16.1724,-0.909091,-0.17097,2.03051,0.708333,11.5,0,0,31.25,33.7083,0,-10.6329,0.0001,3.02002e-05,0.104781,1.73411,0.130136,52731,0.133685,57.19,2.01539
2088,0.464431,0.460292,0.0177108,0.0104633,0.661768,0.40182,0.816996,0.497505,0.0247749,0.0449059,0.0166375,0.19461,0.0108133,0,0.243615,0.125146,4.39083,0.0703173,0.299853,0.0838894,0.8481,6.79735,0.956846,0.942617,0.0520778,0.255164,0.498264,0.21394,0.561107,0.561107,0,0,-0.00461159,0.0337632,0.944774,0.8076,0.0127994,0.02282,0.00456514,0.0035955,0.570265,0.0117723,-7.44958,-8.5922,14.086,0.572497,0.997476,-16.3436,-0.909091,-0.171437,2.02879,0.291667,12.25,0,0,32.1667,32.25,0,-10.63,0.0001,-0.000797287,0.107393,1.76073,0.128098,52044,0.133717,57.25,2.15752
2089,0.466949,0.462999,0.0176314,0.0102108,0.661924,0.401809,0.816988,0.498538,0.0245216,0.0449335,0.0164795,0.194428,0.0107671,0,0.244757,0.125606,4.41069,0.0705921,0.300208,0.0829587,0.847145,6.80657,0.958459,0.942874,0.0516554,0.257038,0.499658,0.214026,0.566006,0.566006,0,0,-0.00462897,0.0343208,0.945094,0.808509,0.0127081,0.0225582,0.00472932,0.00371576,0.572415,0.0116705,-7.45466,-8.67188,14.0018,0.575241,0.984518,-16.2977,-0.909091,-0.172281,2.04131,0.416667,11,0,0,30.875,32.9167,0,-10.6304,0.0001,-0.000720286,0.10771,1.72081,0.133654,53009,0.133714,58.39,2.04133
2090,0.464583,0.461595,0.01762,0.0102875,0.658998,0.401412,0.816779,0.498531,0.024897,0.0439501,0.016734,0.193692,0.0107321,0,0.243718,0.125569,4.39342,0.0698826,0.299266,0.0835376,0.846954,6.80479,0.957327,0.942911,0.0522888,0.255053,0.498978,0.213178,0.564376,0.564376,0,0,-0.00456594,0.0339052,0.945859,0.806959,0.0128762,0.0228756,0.0046741,0.00370636,0.572065,0.0119047,-7.55551,-8.28246,14.0499,0.571722,0.988063,-16.542,-0.909091,-0.171508,2.03491,0.541667,10.6667,0,0,31.9167,33.4167,0,-10.6308,0.0001,-0.000261514,0.107424,1.73173,0.12678,52894,0.133729,57.15,2.2414
2091,0.465831,0.465445,0.0176636,0.0101108,0.660081,0.404088,0.816381,0.502624,0.0247932,0.0439881,0.016648,0.194463,0.0108076,0,0.244601,0.127062,4.41369,0.0706135,0.299949,0.083757,0.847579,6.78813,0.956462,0.94277,0.0526323,0.262987,0.499186,0.2141,0.589089,0.589089,0,0,-0.00458862,0.0345988,0.944894,0.80614,0.0128372,0.0228442,0.00454736,0.00355885,0.568933,0.0118335,-7.51318,-8.53327,14.1415,0.570409,0.995857,-16.3703,-0.909091,-0.171718,2.05053,0.541667,11.7083,0,0,33.6667,31.6667,0,-10.6309,0.0001,0.000242375,0.109344,1.7549,0.134598,52026,0.13372,58.6,2.10686
2092,0.465865,0.460151,0.017632,0.010191,0.661714,0.399921,0.816264,0.495079,0.0250589,0.0431643,0.0168485,0.194783,0.0108383,0,0.245373,0.124585,4.44606,0.0702198,0.300598,0.0839274,0.847204,6.7902,0.95655,0.942872,0.0527437,0.263768,0.49845,0.214574,0.56355,0.56355,0,0,-0.00456699,0.0334654,0.945351,0.803653,0.0130183,0.0230753,0.00431923,0.00340217,0.567558,0.0120753,-7.67625,-8.21481,14.199,0.567979,0.993444,-16.5446,-0.909091,-0.172227,2.02839,0.625,10.6667,0,0,33.6667,32.25,0,-10.6337,0.0001,-0.000920121,0.107469,1.74899,0.136423,52139,0.133727,58.08,2.2348
2093,0.467615,0.461964,0.0177156,0.0104202,0.662747,0.402679,0.81727,0.4975,0.0247855,0.0435782,0.0166567,0.195542,0.010717,0,0.245228,0.125853,4.43939,0.0702352,0.300343,0.0832137,0.849396,6.79723,0.956778,0.942601,0.0532508,0.264562,0.500696,0.215447,0.565068,0.565068,0,0,-0.00457855,0.033425,0.945813,0.80533,0.0128457,0.0227952,0.00450996,0.00349387,0.568483,0.011902,-7.53926,-8.37104,14.0874,0.569962,0.98949,-16.4737,-0.909091,-0.171739,2.03707,0.375,10.9167,0,0,33.2917,31.1667,0,-10.6333,0.0001,-0.00051432,0.105943,1.72783,0.136142,52738,0.133763,57.34,2.06536
2094,0.46387,0.460237,0.0176224,0.0106485,0.657693,0.399542,0.816367,0.499185,0.0247601,0.0438874,0.0166604,0.19208,0.0108087,0,0.242349,0.125476,4.42747,0.0703395,0.297933,0.0833312,0.849143,6.7998,0.957632,0.942903,0.0524313,0.261378,0.499328,0.212023,0.552277,0.552277,0,0,-0.00458446,0.0333465,0.945081,0.805634,0.0128936,0.022769,0.0044236,0.00347498,0.569054,0.0119055,-7.59982,-8.43678,14.0938,0.571941,0.986836,-16.4061,-0.909091,-0.171185,2.02854,0.791667,10.5417,0,0,32.75,31.125,0.0416667,-10.6309,0.0001,-0.000711285,0.110209,1.74597,0.13613,52231,0.133815,57.72,2.11816
2095,0.46747,0.465393,0.0175208,0.00990759,0.661076,0.402063,0.817324,0.502132,0.0247883,0.0437056,0.0166683,0.193524,0.0107827,0,0.245083,0.126984,4.40442,0.0706384,0.299964,0.0835611,0.84856,6.80147,0.957663,0.943233,0.0520331,0.253585,0.502223,0.213076,0.571393,0.571393,0,0,-0.00460081,0.033574,0.945155,0.806979,0.0128747,0.022789,0.00434932,0.00346529,0.569597,0.0119231,-7.64197,-8.43888,13.9731,0.575859,0.985233,-16.4612,-0.909091,-0.173033,2.05367,0.375,10.875,0,0,31.5,33.8333,0,-10.6289,0.0001,-0.000553797,0.104696,1.73213,0.127629,52858,0.133803,57.76,2.33203
2096,0.460163,0.461949,0.0176148,0.0102686,0.656,0.401533,0.817077,0.503936,0.0249345,0.043702,0.0167556,0.192482,0.0107925,0,0.242211,0.127068,4.42079,0.070324,0.298637,0.0838628,0.847991,6.79286,0.957277,0.942928,0.0524407,0.257845,0.49819,0.211968,0.585881,0.585881,0,0,-0.00456904,0.0342917,0.944467,0.8057,0.0129207,0.0229904,0.00429905,0.00339417,0.568076,0.0119388,-7.61362,-8.43899,14.1669,0.570746,0.996776,-16.4218,-0.909091,-0.170729,2.03699,0.875,11.375,0,0,33,31.9167,0,-10.6324,0.0001,-0.000853259,0.104996,1.76021,0.132326,51943,0.133784,57.39,2.06202
2097,0.4675,0.463888,0.0176184,0.00997455,0.662164,0.402735,0.817588,0.500678,0.0249851,0.042435,0.016817,0.193963,0.0107027,0,0.244766,0.126171,4.41476,0.0695098,0.299594,0.0834221,0.850642,6.80487,0.957411,0.942916,0.052857,0.264423,0.500645,0.214144,0.578039,0.578039,0,0,-0.00454094,0.0338433,0.946697,0.805295,0.0129238,0.0229243,0.00443709,0.00349702,0.569195,0.0120784,-7.68638,-8.04929,14.0447,0.569338,0.984638,-16.6996,-0.909091,-0.172365,2.04726,0.666667,9.625,0,0,34.4167,32.3333,0,-10.635,0.0001,-0.000883018,0.110522,1.73191,0.128302,52845,0.133788,57.41,2.21311
2098,0.467934,0.467248,0.0175587,0.0100182,0.661308,0.40412,0.817818,0.504219,0.025003,0.0429064,0.0168034,0.194038,0.0106737,0,0.245222,0.127303,4.40557,0.0696014,0.30029,0.0836025,0.848374,6.79783,0.957189,0.94311,0.0525716,0.254448,0.500749,0.213727,0.589518,0.589518,0,0,-0.00456322,0.0335671,0.945923,0.806353,0.012886,0.0229704,0.00449642,0.00356914,0.570726,0.0120058,-7.64296,-8.23077,14.0935,0.569387,0.98996,-16.6085,-0.909091,-0.17276,2.0624,0.416667,10.4583,0,0,31.75,32.5417,0,-10.6344,0.0001,-0.000496405,0.110813,1.73061,0.129993,52834,0.133819,58.78,2.22528
2099,0.464673,0.462156,0.0176302,0.0103216,0.658135,0.400648,0.817944,0.498795,0.0254509,0.0417393,0.0171239,0.193472,0.0107822,0,0.243544,0.12589,4.41962,0.0689446,0.299161,0.084484,0.847523,6.78598,0.956291,0.942878,0.0528039,0.26672,0.499022,0.213234,0.563204,0.563204,0,0,-0.00452289,0.0339459,0.946702,0.801319,0.013194,0.0234003,0.00430056,0.00340863,0.567282,0.0123675,-7.69724,-7.81584,14.2509,0.56332,0.997154,-16.8248,-0.909091,-0.171331,2.04154,0.25,9.95833,0,0,35.875,31.25,0,-10.6321,0.0001,-0.000864384,0.107662,1.71645,0.132847,53157,0.133829,57.78,1.91278
2100,0.468288,0.467054,0.0175354,0.0101656,0.659853,0.403824,0.817973,0.502154,0.0250021,0.0424691,0.0168307,0.194216,0.0106823,0,0.245828,0.126631,4.42454,0.0693557,0.300396,0.0834294,0.849357,6.79758,0.956928,0.943185,0.0526788,0.266,0.500779,0.214064,0.565726,0.565726,0,0,-0.00454582,0.0340755,0.946402,0.804962,0.0129499,0.0229256,0.00442748,0.00348363,0.568465,0.0120902,-7.66206,-8.06499,14.0589,0.570555,0.985287,-16.6984,-0.909091,-0.172595,2.06347,0.416667,10.0417,0,0,34.125,31.9583,0,-10.6298,0.0001,-0.000789887,0.113026,1.74527,0.139117,52167,0.13385,57.32,2.30463
2101,0.464962,0.457376,0.017639,0.0103485,0.659302,0.397516,0.817134,0.495741,0.0250989,0.042681,0.0168706,0.194427,0.010784,0,0.244355,0.124887,4.42417,0.0695298,0.29948,0.0839209,0.84952,6.78882,0.956244,0.94285,0.0530579,0.266387,0.500136,0.21416,0.561623,0.561623,0,0,-0.00454238,0.0338825,0.945642,0.803164,0.0130371,0.0230953,0.00436967,0.00338276,0.566458,0.0121257,-7.62338,-8.12834,14.2285,0.566037,0.994419,-16.5956,-0.909091,-0.171346,2.01807,0.625,10.7917,0,0,36.125,31.375,0,-10.6267,0.0001,-0.000515946,0.108729,1.80309,0.136019,50695,0.133858,57.55,2.16502
2102,0.464052,0.467565,0.0174999,0.00987382,0.656676,0.40342,0.817328,0.5084,0.0250956,0.042002,0.0168834,0.192505,0.0106795,0,0.244199,0.128484,4.40709,0.0700587,0.299302,0.0835907,0.849429,6.79862,0.957857,0.943259,0.0522918,0.261503,0.500457,0.212269,0.593852,0.593852,0,0,-0.00452925,0.0340105,0.946483,0.804093,0.013004,0.0229973,0.00432527,0.00343003,0.569335,0.0122169,-7.77198,-7.99978,14.0745,0.568655,0.981163,-16.7494,-0.907818,-0.172056,2.06396,0.583333,8.79167,0,0,32.5,31.6667,0.0833333,-10.6269,0.0001,-0.000400429,0.112239,1.75493,0.131792,52103,0.133858,59.12,2.29169
2103,0.464207,0.459839,0.0175829,0.0102968,0.659081,0.399599,0.81764,0.500447,0.02533,0.0414723,0.0170509,0.193228,0.010685,0,0.244167,0.126477,4.4278,0.06961,0.299015,0.0840184,0.850338,6.79592,0.956541,0.943031,0.0535003,0.26887,0.500717,0.213434,0.572338,0.572338,0,0,-0.00449723,0.0338658,0.946748,0.802409,0.013122,0.0232261,0.00428594,0.00338215,0.567268,0.0123498,-7.75848,-7.79659,14.1587,0.566661,0.989148,-16.8727,-0.909091,-0.171798,2.03052,0.291667,9.04167,0,0,36.2083,32,0,-10.6284,0.0001,-0.00028121,0.105671,1.75893,0.128371,52086,0.133846,58.42,2.21231
2104,0.463086,0.466604,0.0175896,0.0100016,0.658962,0.404347,0.817288,0.507191,0.0250912,0.042792,0.016849,0.193362,0.0107741,0,0.243863,0.128056,4.41533,0.069809,0.299579,0.0837582,0.849263,6.79088,0.957064,0.943009,0.0526189,0.263783,0.499887,0.212885,0.588787,0.588787,0,0,-0.00454186,0.0340119,0.945204,0.8038,0.0130006,0.023123,0.00437429,0.00342007,0.567635,0.0120907,-7.66969,-8.24077,14.192,0.569325,0.996008,-16.5603,-0.909091,-0.171893,2.05887,0.416667,10.7917,0,0,33.375,31.25,0,-10.633,0.0001,-0.000523353,0.108228,1.79024,0.128897,51223,0.13381,56.91,2.13364
2105,0.464397,0.463721,0.0175663,0.0099645,0.658951,0.402176,0.816848,0.503026,0.0253212,0.0415151,0.0170441,0.194134,0.0107137,0,0.245188,0.127103,4.42572,0.0697687,0.300428,0.0838633,0.850782,6.7902,0.956047,0.943085,0.0531957,0.271599,0.500975,0.213989,0.5706,0.5706,0,0,-0.0045076,0.0335901,0.946553,0.801975,0.0131378,0.0232534,0.00429371,0.003353,0.566453,0.0123314,-7.74128,-7.83213,14.2111,0.565204,0.992299,-16.8313,-0.909091,-0.171948,2.04581,0.625,10.125,0,0,35.9167,30.4167,0,-10.6362,0.0001,-0.000626772,0.108908,1.72351,0.12862,53076,0.133782,56.89,2.03077
2106,0.465804,0.460965,0.0176293,0.0101178,0.661634,0.400569,0.818178,0.50038,0.0252478,0.04189,0.0169923,0.194827,0.0107031,0,0.245499,0.126654,4.40955,0.0695492,0.300509,0.0836974,0.848375,6.79348,0.956176,0.942881,0.0534597,0.266443,0.500754,0.214853,0.571835,0.571835,0,0,-0.00452131,0.0334813,0.946735,0.804123,0.013014,0.0231503,0.00425596,0.00334865,0.567018,0.0122185,-7.7033,-7.92153,14.1306,0.567134,0.991868,-16.8024,-0.909091,-0.172163,2.03677,0.375,9.5,0,0,34.0833,31.9583,0,-10.6371,0.0001,-0.000291289,0.106834,1.68686,0.13219,54041,0.133785,57.84,2.21597
2107,0.463443,0.458351,0.0175975,0.0103775,0.657355,0.398174,0.817204,0.498246,0.0247566,0.04393,0.0166316,0.19388,0.0107039,0,0.244424,0.125625,4.40824,0.0703403,0.299742,0.0832127,0.846268,6.79578,0.957497,0.942984,0.0526394,0.261156,0.500337,0.213455,0.559905,0.559905,0,0,-0.00455296,0.0349453,0.944958,0.806906,0.0127962,0.0228503,0.00449514,0.0035266,0.570138,0.0118777,-7.52488,-8.54561,14.0591,0.574246,0.993282,-16.4002,-0.909091,-0.171337,2.02173,0.583333,11.3333,0,0,32.4583,33.0833,0,-10.6368,0.0001,-0.000642631,0.103944,1.75567,0.130694,52113,0.1338,57.67,2.05252
2108,0.466596,0.462238,0.0176164,0.0103353,0.660869,0.402023,0.817635,0.499723,0.0249791,0.0425284,0.0167938,0.194952,0.0106487,0,0.245464,0.12667,4.40867,0.0692689,0.300576,0.0836092,0.849591,6.80459,0.957479,0.942923,0.052364,0.258793,0.502488,0.214791,0.57116,0.57116,0,0,-0.00454435,0.0336922,0.946148,0.804848,0.0129122,0.022932,0.00431915,0.00335907,0.567257,0.0120493,-7.64563,-8.17286,14.1241,0.567719,0.987188,-16.6317,-0.909091,-0.171908,2.03985,0.25,10.3333,0,0,32.5417,32,0,-10.6368,0.0001,-0.000270907,0.101716,1.78151,0.138384,51202,0.133827,57.38,2.09309
2109,0.464875,0.466026,0.0175904,0.0100414,0.65831,0.404297,0.81788,0.503445,0.0251803,0.0426173,0.0169428,0.193931,0.0107963,0,0.244701,0.126888,4.41012,0.0699698,0.300049,0.0840701,0.846982,6.79218,0.956546,0.943007,0.0529014,0.267395,0.50069,0.213556,0.576242,0.576242,0,0,-0.00453979,0.0344315,0.945967,0.803725,0.0130549,0.0231524,0.0043761,0.00343892,0.567905,0.0121937,-7.64307,-8.09261,14.1466,0.568635,0.992712,-16.6592,-0.909091,-0.171674,2.05784,0.5,10.5833,0,0,33.5,32.5,0,-10.6371,0.0001,-0.000811871,0.109511,1.80757,0.130542,50721,0.133823,55.59,2.02891
2110,0.466865,0.463212,0.0175131,0.010108,0.657654,0.400192,0.817406,0.50346,0.0253421,0.042084,0.0170491,0.193397,0.0107654,0,0.24506,0.127461,4.37873,0.0698038,0.300382,0.0843092,0.849548,6.79659,0.95646,0.943258,0.0527148,0.262258,0.502848,0.21299,0.581628,0.581628,0,0,-0.0045274,0.0345689,0.946561,0.803489,0.0130897,0.0232234,0.00421452,0.00336869,0.568009,0.0122745,-7.73919,-7.93341,14.0929,0.568294,0.990974,-16.8232,-0.909091,-0.1723,2.04489,0.416667,10.0417,0,0,32.8333,31.625,0,-10.6387,0.0001,-0.000784785,0.104013,1.78329,0.136104,51216,0.133805,58.15,2.0051
2111,0.46316,0.460977,0.0176554,0.0103962,0.657553,0.401421,0.817155,0.502441,0.0251103,0.0427635,0.0168754,0.19358,0.0107663,0,0.243265,0.127189,4.41283,0.0697003,0.298955,0.0838664,0.848953,6.79265,0.956598,0.942797,0.0530302,0.260285,0.501209,0.21342,0.57728,0.57728,0,0,-0.00454062,0.0340472,0.945514,0.805207,0.0129645,0.0231146,0.00433843,0.00338035,0.567612,0.0120669,-7.60675,-8.15597,14.221,0.567246,0.992136,-16.5568,-0.909091,-0.170654,2.03439,0.625,10.8333,0,0,33.7917,32.25,0,-10.6406,0.0001,-0.000478224,0.10891,1.79794,0.131172,50958,0.133818,56.39,2.11917
2112,0.467297,0.465904,0.0175838,0.00995753,0.659655,0.404016,0.816887,0.504561,0.0251474,0.0419464,0.0169216,0.194464,0.0107498,0,0.245586,0.127872,4.39891,0.06988,0.300285,0.0838525,0.848797,6.80247,0.956649,0.943029,0.0528848,0.265094,0.502969,0.214443,0.580709,0.580709,0,0,-0.00452312,0.0345999,0.946564,0.803985,0.013027,0.0230733,0.00440797,0.00344555,0.567687,0.0122453,-7.66794,-7.99499,14.1179,0.568612,0.987338,-16.7368,-0.909091,-0.172066,2.05518,0.583333,9.79167,0,0,34.2917,32.0833,0,-10.6437,0.0001,-0.000469098,0.106228,1.72834,0.136035,52727,0.133799,57.58,2.26031
2113,0.465203,0.466584,0.0175503,0.00985012,0.657774,0.40391,0.816406,0.508834,0.0253167,0.0413212,0.0170542,0.194289,0.0107269,0,0.245729,0.128811,4.42596,0.0699799,0.300374,0.0841787,0.84915,6.78771,0.955723,0.943137,0.0528403,0.271654,0.501524,0.21452,0.598319,0.598319,0,0,-0.00447953,0.0342715,0.94707,0.801943,0.0131475,0.0232169,0.00433305,0.00339736,0.566981,0.012413,-7.80001,-7.73916,14.158,0.564982,0.9871,-16.8838,-0.909091,-0.171757,2.05751,0.583333,9,0,0,36,32.5,0,-10.6481,0.0001,-0.000356614,0.109799,1.72359,0.135494,52877,0.133766,57,2.10266
2114,0.465005,0.465846,0.0175812,0.0102687,0.659364,0.403132,0.816358,0.505038,0.0253456,0.041267,0.0170535,0.194176,0.0106605,0,0.245345,0.127666,4.41483,0.0692069,0.300266,0.0838542,0.850347,6.79577,0.956106,0.943037,0.0529882,0.269328,0.50071,0.214284,0.568795,0.568795,0,0,-0.00450997,0.0336597,0.947084,0.802764,0.0130736,0.0232291,0.00426627,0.0033691,0.567021,0.0123138,-7.77416,-7.7809,14.1375,0.565449,0.993348,-16.8919,-0.909091,-0.172096,2.05417,0.375,9.45833,0,0,35.3333,30.75,0,-10.6503,0.0001,-0.000525046,0.106565,1.72506,0.131677,52944,0.133756,58.7,2.38668
2115,0.467398,0.463564,0.0175829,0.0101072,0.661181,0.402602,0.816383,0.501229,0.0253722,0.0413384,0.0170937,0.195103,0.0106839,0,0.246015,0.126362,4.43414,0.0698702,0.300681,0.0838017,0.849297,6.79469,0.955742,0.943031,0.0527523,0.267911,0.501488,0.214997,0.569562,0.569562,0,0,-0.0044774,0.0346176,0.947256,0.802809,0.0130929,0.0232377,0.00441109,0.00346226,0.567699,0.012353,-7.7501,-7.73444,14.1247,0.566093,0.988966,-16.9364,-0.909091,-0.172332,2.04344,0.375,9.375,0,0,35.0833,31.4167,0,-10.6532,0.0001,0.00121394,0.108231,1.70755,0.135437,53339,0.13372,57.81,2.05235
2116,0.46515,0.4678,0.0175912,0.0101208,0.658543,0.405469,0.817131,0.507024,0.0252473,0.0425138,0.0169681,0.193531,0.0107989,0,0.243953,0.128158,4.40256,0.0696524,0.299635,0.0840377,0.850097,6.78531,0.956327,0.943004,0.052394,0.262845,0.501024,0.213085,0.590666,0.590666,0,0,-0.00452511,0.0342288,0.945581,0.802928,0.0130966,0.0232767,0.00427731,0.00334597,0.566628,0.0121759,-7.66007,-8.05456,14.2539,0.566655,1.00054,-16.6362,-0.909091,-0.171754,2.06401,0.5,10.9583,0,0,34.0833,30.2917,0,-10.6551,0.0001,0.000668312,0.107852,1.73757,0.129463,52652,0.133722,57.81,2.03275
2117,0.466596,0.462921,0.0175261,0.0103039,0.659537,0.399999,0.816418,0.499816,0.0251359,0.0425753,0.0169071,0.194697,0.0108008,0,0.246292,0.125901,4.38444,0.0705044,0.301236,0.0840654,0.846399,6.796,0.956422,0.943215,0.0524267,0.262632,0.500531,0.214367,0.556575,0.556575,0,0,-0.00452266,0.0351875,0.945826,0.804855,0.0130337,0.0230989,0.00438499,0.00346552,0.568138,0.0122065,-7.64734,-8.12298,14.0774,0.57234,0.987671,-16.6724,-0.909091,-0.172634,2.04119,0.666667,9.79167,0,0,33.2917,31.3333,0.0416667,-10.6547,0.0001,-0.000107327,0.108066,1.69881,0.133716,53644,0.133711,58.9,2.1313
2118,0.46552,0.465649,0.01753,0.0099719,0.658696,0.402771,0.816891,0.507168,0.0245672,0.0442523,0.0165158,0.192646,0.0107373,0,0.243974,0.128322,4.37595,0.0700037,0.299516,0.0828801,0.848907,6.79752,0.956982,0.943203,0.0518594,0.252365,0.502629,0.212346,0.595586,0.595586,0,0,-0.00461418,0.0337495,0.944354,0.808678,0.0127178,0.0225809,0.0042876,0.00338524,0.567769,0.0117317,-7.64966,-8.67074,13.9613,0.578018,0.985229,-16.3506,-0.909091,-0.172325,2.05362,0.541667,11.875,0,0,31.4583,33.3333,0,-10.6553,0.0001,-0.000319246,0.106993,1.73336,0.133027,52670,0.133712,56.72,2.12738
2119,0.463159,0.462818,0.0176253,0.0104057,0.657938,0.401531,0.816906,0.503589,0.0249171,0.044221,0.016738,0.194085,0.0108719,0,0.243824,0.12692,4.38682,0.0705929,0.300438,0.0839112,0.848825,6.79505,0.957379,0.942894,0.0523969,0.259349,0.499182,0.213365,0.579728,0.579728,0,0,-0.00457427,0.0349888,0.944449,0.804967,0.0129714,0.0229755,0.00444979,0.00347168,0.568188,0.0119758,-7.5194,-8.50804,14.1313,0.57368,0.994677,-16.3802,-0.909091,-0.171299,2.0414,0.75,11.5833,0,0,32.75,31.25,0,-10.6552,0.0001,0.00104018,0.105166,1.72278,0.131902,53003,0.13374,56.62,2.08982
2120,0.465389,0.468902,0.0174413,0.00990139,0.656733,0.404102,0.816897,0.510171,0.0243977,0.0440422,0.0164074,0.191274,0.0106889,0,0.243471,0.12971,4.36617,0.0707049,0.299289,0.0824968,0.848409,6.81278,0.957911,0.943454,0.0512289,0.249638,0.503738,0.210958,0.59701,0.59701,0,0,-0.00460675,0.0340917,0.944618,0.810857,0.0126146,0.0223994,0.00430762,0.00340288,0.56915,0.0116757,-7.66831,-8.73439,13.8137,0.580856,0.976019,-16.3593,-0.907977,-0.172485,2.0682,0.791667,11.5417,0,0,30.8333,34.5417,0.0833333,-10.6558,0.0001,-0.000957641,0.105803,1.73348,0.138813,52504,0.133705,58.04,2.28363
2121,0.463032,0.462955,0.0175863,0.0101348,0.655926,0.401411,0.816107,0.505095,0.0249812,0.0430749,0.0168074,0.192824,0.0107337,0,0.243204,0.12803,4.40894,0.0696956,0.299295,0.0835023,0.848473,6.79287,0.956856,0.94302,0.0521756,0.264123,0.501419,0.21257,0.592693,0.592693,0,0,-0.00454247,0.034169,0.945473,0.805129,0.0129427,0.0229835,0.00436656,0.0034306,0.568451,0.0120545,-7.61394,-8.23292,14.1283,0.569861,0.992019,-16.5541,-0.909091,-0.170981,2.03992,0.458333,10.2917,0,0,34.3333,32.125,0,-10.6592,0.0001,-0.000771762,0.105017,1.74899,0.12715,52396,0.133672,57.66,2.17028
2122,0.464715,0.469519,0.017549,0.00986667,0.658406,0.40636,0.816647,0.512314,0.0247332,0.0431824,0.016631,0.192787,0.010682,0,0.243885,0.130485,4.38695,0.0704044,0.299531,0.0829429,0.84953,6.80592,0.957633,0.943141,0.0512944,0.256252,0.503414,0.212612,0.607783,0.607783,0,0,-0.00455408,0.0345225,0.945844,0.807189,0.0127819,0.0227181,0.00435892,0.00339769,0.568566,0.0119104,-7.62613,-8.39963,13.9658,0.574983,0.980522,-16.5344,-0.909091,-0.171944,2.07011,0.458333,10.125,0,0,31.5833,32.5,0,-10.659,0.0001,-0.000465711,0.109064,1.7451,0.132597,52353,0.133683,56.41,1.82051
2123,0.463418,0.464177,0.0175806,0.0100815,0.656704,0.402343,0.81626,0.506948,0.024956,0.043502,0.0167836,0.192779,0.0108478,0,0.243056,0.128722,4.3892,0.0707642,0.299563,0.0838247,0.846905,6.78948,0.956229,0.943039,0.0521553,0.257705,0.501302,0.212233,0.593466,0.593466,0,0,-0.00456635,0.034785,0.944835,0.80549,0.0129522,0.0229511,0.00427653,0.00337619,0.567496,0.0120005,-7.63858,-8.39051,14.0715,0.573561,0.991071,-16.5035,-0.909091,-0.17131,2.04683,0.666667,11.2917,0,0,32.4167,32.0833,0,-10.6589,0.0001,-0.000839681,0.105476,1.72211,0.13019,53071,0.133652,56.8,2.10842
2124,0.4626,0.461944,0.0174861,0.0103496,0.655352,0.398979,0.81619,0.504723,0.0248321,0.0432024,0.0166942,0.191942,0.0108139,0,0.243573,0.127418,4.38037,0.0704977,0.299121,0.0834483,0.848708,6.80306,0.95789,0.943345,0.0515576,0.260166,0.501552,0.211569,0.577716,0.577716,0,0,-0.00455774,0.0347606,0.945007,0.807058,0.0128734,0.0228422,0.0043253,0.00341656,0.568994,0.0119501,-7.6725,-8.42231,13.9782,0.576811,0.98611,-16.4916,-0.909091,-0.171736,2.03759,0.75,11.2917,0,0,32.9167,33.7083,0,-10.6622,0.0001,3.41572e-05,0.104315,1.74634,0.13683,52201,0.133634,58.27,2.08273
2125,0.464864,0.463015,0.0176363,0.0101402,0.659876,0.402211,0.816909,0.50241,0.0247548,0.0437926,0.0166188,0.192883,0.0108441,0,0.242882,0.127263,4.39862,0.070937,0.298986,0.0834709,0.850532,6.79614,0.957252,0.942858,0.0520228,0.264641,0.500898,0.212633,0.586914,0.586914,0,0,-0.00456608,0.0346179,0.944713,0.805985,0.0128586,0.0228261,0.00424323,0.0033058,0.567088,0.0118648,-7.62967,-8.53593,14.1,0.573213,0.989859,-16.3542,-0.909091,-0.171608,2.04186,0.333333,11.2083,0,0,31.2917,30.0417,0,-10.6633,0.0001,-0.000715676,0.107046,1.74238,0.133399,52407,0.133622,57.72,2.08374
2126,0.467376,0.469651,0.017544,0.00974935,0.659758,0.406674,0.815927,0.508115,0.0251087,0.0427793,0.0169007,0.193183,0.0108359,0,0.244435,0.12868,4.4137,0.0699763,0.299539,0.0841254,0.84997,6.79744,0.956644,0.943157,0.0518198,0.266048,0.502637,0.212982,0.593851,0.593851,0,0,-0.00454443,0.0337824,0.94556,0.804852,0.0130361,0.023064,0.00429818,0.00339978,0.5685,0.012125,-7.68259,-8.15278,14.091,0.572226,0.988751,-16.6306,-0.909091,-0.172409,2.06774,0.416667,10.375,0,0,35,33.5833,0,-10.6647,0.0001,-0.00104779,0.108354,1.7396,0.133491,52482,0.133609,56.59,1.97116
2127,0.469286,0.466937,0.0175543,0.010027,0.662148,0.404871,0.815906,0.502718,0.0246781,0.0438128,0.0165871,0.194529,0.0107849,0,0.245709,0.127222,4.39399,0.0708939,0.301256,0.0832528,0.849947,6.80067,0.957863,0.943124,0.0516313,0.258515,0.502408,0.214036,0.585064,0.585064,0,0,-0.00457299,0.034548,0.945165,0.806316,0.0128079,0.0226988,0.00453487,0.00351836,0.569186,0.0118392,-7.59713,-8.52534,14.0206,0.573824,0.987315,-16.4141,-0.909091,-0.172946,2.05642,0.5,11.75,0,0,32.25,32.2917,0,-10.6647,0.0001,-0.000853502,0.106401,1.732,0.136537,52609,0.133616,57.24,2.0264
2128,0.465835,0.466934,0.0176009,0.0100072,0.659237,0.405179,0.816024,0.507076,0.0249871,0.0429158,0.0167939,0.193175,0.0107763,0,0.243671,0.128856,4.39764,0.070119,0.299461,0.0837162,0.850014,6.79779,0.956953,0.942973,0.052008,0.260697,0.502659,0.21299,0.597124,0.597124,0,0,-0.00454462,0.0339719,0.945764,0.80536,0.0129438,0.022964,0.00435103,0.00342357,0.568462,0.0120288,-7.61485,-8.23388,14.1074,0.570182,0.989931,-16.5648,-0.909091,-0.171725,2.05621,0.583333,10.5833,0,0,32.5417,32.7917,0,-10.665,0.0001,-0.000867097,0.101461,1.82329,0.142949,49996,0.133599,57.73,2.18013
2129,0.465592,0.469973,0.0175304,0.00969968,0.658684,0.406362,0.816386,0.51045,0.0250654,0.0423045,0.0168716,0.193569,0.0107268,0,0.244987,0.129567,4.38614,0.0697293,0.299904,0.0832746,0.850478,6.79768,0.957289,0.943184,0.0525051,0.26597,0.502154,0.213329,0.600045,0.600045,0,0,-0.00452664,0.0342633,0.94647,0.804054,0.0129869,0.0230003,0.00440249,0.00343439,0.568074,0.0121284,-7.73203,-8.04548,14.0629,0.569492,0.987055,-16.7343,-0.908565,-0.172296,2.07137,0.458333,10.375,0,0,36.2917,31.2917,0.0416667,-10.6655,0.0001,-0.000931535,0.106591,1.72909,0.138863,52626,0.1336,58.82,2.42664
2130,0.465276,0.465855,0.017606,0.0101506,0.658854,0.404136,0.816051,0.505072,0.0247609,0.0435976,0.0166393,0.192877,0.0107617,0,0.24299,0.128009,4.38993,0.0698816,0.299386,0.0833971,0.849785,6.80302,0.957836,0.942939,0.0520691,0.258011,0.501493,0.212358,0.581484,0.581484,0,0,-0.00459561,0.0330828,0.944745,0.806701,0.0128251,0.0228135,0.00433465,0.00338517,0.568142,0.0118555,-7.59766,-8.52266,14.0617,0.573607,0.993731,-16.4141,-0.908542,-0.171719,2.0509,0.583333,11.0417,0,0,31.6667,30.9583,0.0416667,-10.6644,0.0001,-0.000359214,0.110269,1.73982,0.135736,52413,0.133603,57.87,2.21521
2131,0.463365,0.456603,0.0177288,0.0106581,0.659431,0.398809,0.816528,0.495878,0.0250614,0.0434402,0.0168277,0.194663,0.0108659,0,0.243459,0.125067,4.41433,0.0703979,0.30004,0.0839915,0.849356,6.79107,0.957012,0.942559,0.0524673,0.266377,0.498626,0.214121,0.554884,0.554884,0,0,-0.00456693,0.0335927,0.945072,0.802708,0.0130336,0.0231067,0.00424245,0.00327084,0.565978,0.012011,-7.63065,-8.33226,14.2295,0.567516,0.999362,-16.4664,-0.909091,-0.170833,2.01288,0.666667,11.9167,0,0,34.125,31.7083,0,-10.6631,0.0001,-0.000302895,0.106334,1.73574,0.139209,52430,0.133612,57.18,1.85248
2132,0.463839,0.462168,0.0175948,0.0102989,0.657655,0.400363,0.81576,0.501103,0.0250293,0.0434415,0.0168296,0.192998,0.0108391,0,0.24349,0.126127,4.40058,0.0697083,0.299642,0.0840492,0.850718,6.78872,0.956692,0.942993,0.0519569,0.26152,0.499787,0.212469,0.577678,0.577678,0,0,-0.00459358,0.0329081,0.944606,0.803663,0.0130157,0.023048,0.00417896,0.00327267,0.566434,0.0120105,-7.67863,-8.40084,14.1579,0.571272,0.99816,-16.4762,-0.909091,-0.171629,2.03579,0.666667,10.9583,0,0,31.625,29.9583,0,-10.6602,0.0001,0.000290518,0.104339,1.77085,0.129399,51732,0.133642,59.67,2.47419
2133,0.462649,0.463311,0.0175789,0.0102163,0.656897,0.401741,0.816064,0.506111,0.0250119,0.042429,0.0168325,0.192646,0.0107627,0,0.243547,0.128077,4.40593,0.0703755,0.299079,0.0835794,0.852419,6.79775,0.957396,0.943044,0.052322,0.266578,0.501539,0.212743,0.582319,0.582319,0,0,-0.00454661,0.0328855,0.946059,0.803505,0.0129887,0.0229338,0.00413866,0.0032333,0.566327,0.0121284,-7.81152,-8.11131,14.0972,0.568355,0.982964,-16.6529,-0.909091,-0.171332,2.04114,0.541667,10.25,0,0,35.4167,30.5833,0,-10.6592,0.0001,-0.000501379,0.106549,1.74853,0.129935,52332,0.133652,57.91,1.95999
2134,0.465183,0.467516,0.0175372,0.00997303,0.658217,0.40447,0.815583,0.510178,0.0252693,0.0420387,0.0170139,0.192608,0.0108441,0,0.243775,0.129409,4.39247,0.0697577,0.299767,0.0843421,0.851907,6.79839,0.957509,0.943179,0.0522447,0.264809,0.502607,0.212407,0.595801,0.595801,0,0,-0.00455424,0.0327249,0.946265,0.80274,0.0130904,0.0231832,0.00411341,0.00324919,0.566895,0.0122324,-7.7747,-7.97282,14.1467,0.567777,0.990437,-16.7487,-0.909091,-0.172065,2.05888,0.5,10.2917,0,0,35.2083,31.7083,0,-10.6602,0.0001,-0.000614586,0.104145,1.71161,0.134161,53259,0.133649,57.69,2.18007
2135,0.460091,0.459136,0.0176127,0.0102989,0.656259,0.39857,0.81447,0.503228,0.0248391,0.0439328,0.0166852,0.19208,0.0108313,0,0.24178,0.127171,4.41927,0.0706487,0.29863,0.0835923,0.849676,6.78992,0.957027,0.942935,0.0518463,0.259409,0.500123,0.211439,0.577343,0.577343,0,0,-0.0045859,0.0337492,0.944137,0.80539,0.012915,0.0229409,0.00425017,0.00330387,0.566939,0.0118952,-7.59745,-8.56789,14.1552,0.572426,0.998739,-16.3418,-0.909091,-0.170866,2.01936,0.708333,12.3333,0,0,32.375,31.0417,0,-10.6605,0.0001,-0.000499399,0.106318,1.73234,0.129829,52790,0.133655,57.3,2.18551
2136,0.459606,0.459526,0.0175828,0.0104487,0.656433,0.398532,0.815145,0.502883,0.0250512,0.0435975,0.0168318,0.192693,0.0108425,0,0.242974,0.126935,4.40942,0.0706998,0.29965,0.0840233,0.847907,6.79316,0.95745,0.943032,0.0519065,0.261043,0.499063,0.212158,0.573763,0.573763,0,0,-0.00456039,0.0340912,0.944736,0.805149,0.0129827,0.0230728,0.00424629,0.00335425,0.567926,0.0120117,-7.65652,-8.33385,14.1414,0.572174,0.996863,-16.5109,-0.909091,-0.17126,2.02409,0.458333,11.4167,0,0,33.5,32.1667,0,-10.6601,0.0001,-0.000575942,0.102705,1.69168,0.134603,53827,0.133663,58.57,2.0225
2137,0.464498,0.467503,0.017548,0.00991647,0.65772,0.404286,0.815324,0.509435,0.0246851,0.0433862,0.0166077,0.192211,0.010707,0,0.243276,0.12937,4.38652,0.0699776,0.299035,0.0829154,0.849465,6.80796,0.957689,0.943145,0.0511573,0.25726,0.503189,0.211924,0.604416,0.604416,0,0,-0.00456957,0.0335298,0.945518,0.807738,0.0127736,0.0226688,0.00435484,0.00341558,0.568412,0.0118892,-7.60512,-8.43736,13.9475,0.575372,0.985515,-16.4903,-0.909091,-0.171834,2.05692,0.458333,10.375,0,0,31.625,32.0833,0,-10.6608,0.0001,-0.000433915,0.101677,1.71111,0.132566,53319,0.133647,58.71,2.23657
2138,0.465698,0.469468,0.0175806,0.00993297,0.6587,0.407055,0.815715,0.510378,0.0247937,0.0433804,0.0166655,0.193006,0.0107342,0,0.243576,0.129408,4.38975,0.0701836,0.299755,0.0834138,0.848893,6.80002,0.95744,0.943039,0.051244,0.256398,0.503106,0.212454,0.606259,0.606259,0,0,-0.00458963,0.0336401,0.945325,0.806799,0.0128418,0.0228262,0.004351,0.00342723,0.56885,0.0119237,-7.5953,-8.4169,14.019,0.573985,0.988845,-16.4769,-0.909091,-0.171815,2.0658,0.541667,11.1667,0,0,32.2917,33,0,-10.6639,0.0001,-0.000880867,0.10552,1.63013,0.131801,55793,0.133627,56.41,2.39813
2139,0.467711,0.468071,0.0175289,0.0100313,0.659702,0.40486,0.814502,0.508358,0.0250146,0.0423157,0.0168343,0.193529,0.0106306,0,0.244962,0.128982,4.3908,0.069429,0.300244,0.0833401,0.850046,6.80523,0.95712,0.943206,0.0517746,0.257804,0.504001,0.213341,0.591526,0.591526,0,0,-0.00453556,0.0331298,0.946154,0.806099,0.0129261,0.0229541,0.00434888,0.00343962,0.568943,0.0121181,-7.72166,-8.09085,14.0267,0.571833,0.984045,-16.7116,-0.909091,-0.172531,2.05662,0.75,9.83333,0,0,32.0417,32.625,0,-10.664,0.0001,-0.000588448,0.102406,1.72275,0.127667,53125,0.13363,58.53,2.16548
2140,0.464843,0.466784,0.0176049,0.0101522,0.658483,0.405549,0.814474,0.507604,0.0249895,0.0424931,0.0167865,0.192607,0.0107673,0,0.242963,0.128532,4.40632,0.0701893,0.29901,0.0839138,0.84967,6.79618,0.95728,0.94296,0.0520432,0.261579,0.501887,0.212529,0.592203,0.592203,0,0,-0.00454424,0.0334311,0.945148,0.80513,0.0129537,0.023015,0.00427417,0.00336441,0.568093,0.0120547,-7.7052,-8.27949,14.1649,0.569414,0.991073,-16.5202,-0.909091,-0.171415,2.05161,0.375,10.625,0,0,33.7083,32.9167,0,-10.6646,0.0001,-0.000759271,0.105415,1.69871,0.127554,53827,0.133608,57.38,2.13838
2141,0.465256,0.464089,0.0175271,0.0100222,0.658476,0.401243,0.814394,0.506241,0.0245294,0.0440304,0.0164903,0.192565,0.0106813,0,0.244014,0.128289,4.38886,0.0710589,0.299445,0.0828,0.847255,6.80436,0.957389,0.943212,0.0514623,0.253172,0.502334,0.212326,0.604158,0.604158,0,0,-0.00456829,0.0343051,0.944873,0.808999,0.012708,0.022539,0.00442379,0.00349412,0.56962,0.0117884,-7.61554,-8.61779,13.8756,0.5796,0.981495,-16.4033,-0.909091,-0.172221,2.04005,0.583333,10.6667,0,0,31.375,33.7083,0,-10.6662,0.0001,-0.000470113,0.103972,1.69173,0.133264,53865,0.133609,59.46,2.10648
2142,0.464309,0.462703,0.0176065,0.0103556,0.658845,0.401899,0.814767,0.505805,0.0246522,0.0436617,0.0165743,0.193409,0.0106892,0,0.243826,0.128054,4.39451,0.0707493,0.299657,0.0831349,0.849443,6.80518,0.957712,0.942955,0.0514587,0.255477,0.502548,0.213233,0.578918,0.578918,0,0,-0.00458255,0.0338021,0.945041,0.808456,0.0127407,0.0226723,0.00431764,0.00338912,0.568595,0.0118149,-7.60405,-8.54895,13.9625,0.576227,0.986788,-16.4125,-0.909091,-0.171488,2.03425,0.75,11.125,0,0,31.7083,32.8333,0,-10.6641,0.0001,-0.000679715,0.104979,1.69675,0.132187,53749,0.133672,58.72,2.22613
2143,0.463564,0.464669,0.0175155,0.0100165,0.657039,0.401965,0.813836,0.502911,0.0251303,0.0428717,0.0169057,0.192503,0.0108113,0,0.244004,0.126697,4.4019,0.0704341,0.299475,0.0846127,0.848406,6.79414,0.957027,0.94325,0.0517366,0.264428,0.499878,0.212313,0.580704,0.580704,0,0,-0.0045482,0.0334499,0.94491,0.80444,0.0130485,0.0230992,0.00427788,0.00341511,0.56937,0.0121427,-7.76391,-8.20698,14.13,0.57169,0.989719,-16.5979,-0.909091,-0.171992,2.04141,0.625,10.125,0,0,33.4167,32.6667,0,-10.6587,0.0001,-0.00093197,0.0976511,1.66578,0.129847,54746,0.133718,58.08,2.05532
2144,0.470416,0.479984,0.0175151,0.00916003,0.662453,0.414655,0.814509,0.516432,0.0248323,0.0429987,0.0166944,0.194632,0.0107063,0,0.246452,0.131268,4.37764,0.0705605,0.301368,0.0834433,0.849351,6.8078,0.957444,0.943251,0.0514291,0.254134,0.503319,0.214493,0.617013,0.617013,0,0,-0.00454481,0.034206,0.94568,0.806532,0.0128688,0.022801,0.00446502,0.0035353,0.570782,0.0119793,-7.67697,-8.30414,14.0051,0.572849,0.981965,-16.5667,-0.909091,-0.17332,2.10857,0.666667,10.1667,0,0,31.5,33,0,-10.6552,0.0001,-0.000313277,0.103181,1.65548,0.135257,54895,0.133733,58.66,2.17437
2145,0.467749,0.468777,0.0175837,0.00985123,0.661035,0.406862,0.814418,0.506232,0.0251148,0.0424723,0.0168801,0.194644,0.0107737,0,0.245572,0.128174,4.38666,0.0702153,0.301097,0.0839207,0.849929,6.79399,0.9568,0.943029,0.0519668,0.264244,0.501363,0.214372,0.595959,0.595959,0,0,-0.0045248,0.0340995,0.94578,0.803365,0.0130393,0.0231006,0.00435939,0.00342711,0.567369,0.0121602,-7.69321,-8.1493,14.1376,0.56914,0.993402,-16.6337,-0.909091,-0.172436,2.06028,0.583333,10.75,0,0,35.0417,30.375,0,-10.6541,0.0001,-0.000736062,0.108562,1.68849,0.128833,54092,0.13375,56.8,2.2053
2146,0.467014,0.462448,0.0175745,0.0100896,0.660315,0.400288,0.813957,0.498176,0.0250484,0.0429093,0.0168281,0.194318,0.0108211,0,0.245517,0.125574,4.37241,0.0704579,0.301096,0.0843459,0.846071,6.79226,0.956599,0.943059,0.0519015,0.262019,0.498873,0.214165,0.568787,0.568787,0,0,-0.00453864,0.0345277,0.94526,0.804951,0.012993,0.0230289,0.00447217,0.00355436,0.570667,0.0120756,-7.66025,-8.26138,14.1542,0.570257,0.990195,-16.5516,-0.909091,-0.172442,2.03164,0.708333,10.6667,0,0,32.9583,33.1667,0,-10.6552,0.0001,-0.000728292,0.106615,1.70201,0.128674,53698,0.133741,57.89,2.23148
2147,0.464388,0.464146,0.0175716,0.0101065,0.656835,0.402289,0.814303,0.506,0.0250907,0.043005,0.0168648,0.192797,0.0108628,0,0.243352,0.127957,4.37853,0.070039,0.299429,0.0842068,0.849807,6.79753,0.957445,0.943068,0.0519532,0.26083,0.502438,0.212508,0.579763,0.579763,0,0,-0.00456098,0.033422,0.945192,0.804377,0.0130078,0.0230833,0.00434265,0.0034235,0.569247,0.0120446,-7.6195,-8.27564,14.1466,0.570791,0.997717,-16.5491,-0.909091,-0.171296,2.04004,0.458333,11.0833,0,0,34.375,31.9583,0,-10.6557,0.0001,-0.000647104,0.107082,1.6797,0.127162,54406,0.133758,58.66,2.26942
2148,0.467759,0.466497,0.0176059,0.0101846,0.659323,0.405025,0.814195,0.505681,0.0250338,0.0428852,0.0168481,0.193444,0.0107261,0,0.243659,0.128492,4.37748,0.070121,0.299404,0.0836446,0.850777,6.79484,0.956863,0.942957,0.0522599,0.262181,0.503363,0.21301,0.584018,0.584018,0,0,-0.0045598,0.0331857,0.945945,0.805158,0.0129375,0.0229711,0.00430617,0.00338321,0.56807,0.0120332,-7.65526,-8.17187,14.0715,0.571196,0.991074,-16.6408,-0.909091,-0.171721,2.04917,0.291667,10.0833,0,0,33.3333,30.8333,0,-10.6545,0.0001,-0.000662117,0.110374,1.6013,0.126997,56879,0.13377,57.5,2.05901
2149,0.46485,0.463908,0.0175801,0.0101209,0.659555,0.402251,0.81409,0.502938,0.0249999,0.0426609,0.0168266,0.193817,0.0108017,0,0.244817,0.127063,4.41239,0.0705127,0.300152,0.0840995,0.848802,6.79844,0.957693,0.943022,0.0520697,0.264974,0.500518,0.213835,0.579504,0.579504,0,0,-0.00455594,0.0333662,0.945519,0.804536,0.0129925,0.0229712,0.00428659,0.00336628,0.568538,0.0120995,-7.71737,-8.16284,14.1404,0.569152,0.988828,-16.6026,-0.908517,-0.171948,2.0382,0.625,10.2083,0,0,34.125,31.8333,0.0416667,-10.6545,0.0001,-0.000502192,0.105659,1.6316,0.124676,55973,0.13374,57.95,2.3143
2150,0.464848,0.466222,0.0176,0.009991,0.658715,0.403978,0.814835,0.507627,0.0249914,0.0430903,0.0167973,0.193828,0.0107712,0,0.244489,0.129095,4.41035,0.070411,0.300188,0.0838728,0.849103,6.79595,0.956924,0.942976,0.0520055,0.261511,0.501735,0.213766,0.588947,0.588947,0,0,-0.0045554,0.0340262,0.945037,0.806253,0.0129162,0.0229963,0.00426693,0.00335666,0.567424,0.011962,-7.6856,-8.27292,14.1277,0.571175,0.992721,-16.547,-0.909091,-0.171603,2.04981,0.625,10.375,0,0,33.125,32.375,0.0416667,-10.6565,0.0001,-0.000524841,0.105587,1.63012,0.129626,55862,0.133706,57.74,2.20465
2151,0.46015,0.462942,0.0175165,0.0102828,0.654304,0.398862,0.813871,0.505376,0.0252984,0.0422671,0.0170176,0.191936,0.010821,0,0.243439,0.127288,4.39993,0.0708751,0.298943,0.0845166,0.847122,6.78854,0.95622,0.943246,0.0518406,0.265077,0.499213,0.211691,0.594345,0.594345,0,0,-0.0045018,0.0348397,0.945802,0.803182,0.0131332,0.02321,0.00432126,0.00345026,0.568485,0.0122634,-7.74498,-7.97307,14.1818,0.567878,0.991321,-16.7261,-0.909091,-0.171375,2.03498,0.541667,10.5417,0,0,34.25,32.2083,0,-10.6564,0.0001,-0.000608635,0.11125,1.61251,0.124448,56595,0.133731,57.51,2.08533
2152,0.466119,0.46407,0.0175825,0.0100697,0.660163,0.402053,0.813941,0.503834,0.0251915,0.0420333,0.0169373,0.194093,0.0107284,0,0.244998,0.127448,4.43678,0.0699418,0.300361,0.0838968,0.848957,6.79887,0.957186,0.943033,0.0523418,0.262801,0.500901,0.213994,0.585799,0.585799,0,0,-0.00452174,0.0334967,0.946663,0.803258,0.013049,0.0231306,0.00441956,0.0034888,0.56955,0.0121996,-7.70257,-7.94917,14.1441,0.567017,0.991297,-16.7604,-0.909091,-0.172132,2.03869,0.583333,9.375,0,0,34.4583,31.9167,0,-10.6543,0.0001,-0.000693413,0.109506,1.62571,0.128201,56048,0.133749,57.24,2.07487
2153,0.461666,0.460069,0.0175896,0.0103625,0.656985,0.39885,0.814069,0.502392,0.0254136,0.0412465,0.0171001,0.193347,0.0107445,0,0.244227,0.126482,4.43529,0.0697462,0.299993,0.0842159,0.848422,6.78912,0.956327,0.94301,0.0523703,0.267531,0.499486,0.213427,0.574453,0.574453,0,0,-0.00450208,0.0341116,0.946567,0.80127,0.0131815,0.0233365,0.00421696,0.00332322,0.566823,0.0123639,-7.81714,-7.73883,14.2605,0.563588,0.993846,-16.8425,-0.909091,-0.171292,2.02257,0.416667,9.29167,0,0,34.2083,31.125,0,-10.6536,0.0001,-0.000729614,0.10437,1.68569,0.127553,54214,0.133754,56.71,1.78802
2154,0.464813,0.464704,0.0176054,0.00991637,0.659214,0.404356,0.814676,0.505029,0.0254131,0.0405804,0.0171134,0.194292,0.0107506,0,0.245323,0.128106,4.42096,0.0699226,0.300689,0.0841782,0.851232,6.79364,0.956768,0.942942,0.0523373,0.271289,0.501368,0.214842,0.590169,0.590169,0,0,-0.00447836,0.0335646,0.947402,0.800799,0.0131756,0.0233024,0.00435862,0.00341708,0.568129,0.0124394,-7.83787,-7.61638,14.2514,0.560833,0.987558,-16.9338,-0.908592,-0.171497,2.04325,0.708333,9.25,0,0,37,31.0833,0.0416667,-10.6531,0.0001,-0.000935322,0.104025,1.67182,0.123805,54746,0.133739,56.69,2.02571
2155,0.459603,0.460027,0.0175358,0.0103669,0.652943,0.39833,0.814236,0.505222,0.0254691,0.0401745,0.0171605,0.191208,0.0107579,0,0.242709,0.127847,4.427,0.0698906,0.298697,0.0842329,0.852299,6.79314,0.956619,0.943184,0.0524704,0.274515,0.501343,0.211597,0.588008,0.588008,0,0,-0.00446547,0.033663,0.94728,0.800202,0.0132279,0.0233439,0.00425263,0.0033594,0.567832,0.0125151,-7.9563,-7.60281,14.2167,0.561267,0.987321,-16.9798,-0.909091,-0.170596,2.02385,0.75,9.125,0,0,36.5833,30.1667,0,-10.6543,0.0001,-0.000470078,0.103726,1.65918,0.126597,55048,0.133753,57.95,1.9968
2156,0.465945,0.461306,0.0176201,0.0100649,0.661184,0.401378,0.815149,0.501798,0.0255358,0.0399203,0.0172026,0.195269,0.0107639,0,0.246183,0.127401,4.44397,0.0704707,0.300623,0.0842732,0.85053,6.79368,0.955652,0.942911,0.0526134,0.268032,0.503472,0.215567,0.580789,0.580789,0,0,-0.00443289,0.0344737,0.947983,0.800407,0.0132324,0.0233951,0.00431406,0.00335601,0.565549,0.0125445,-7.81979,-7.48202,14.2153,0.560614,0.987649,-17.0291,-0.909091,-0.171896,2.02948,0.583333,8.54167,0,0,35.2917,30.0833,0,-10.6543,0.0001,-0.000545481,0.10568,1.61016,0.128346,56545,0.133769,57.97,2.10158
2157,0.464457,0.464192,0.0175709,0.0102972,0.658323,0.402606,0.81453,0.505834,0.0253238,0.0413057,0.0170255,0.19323,0.0107399,0,0.244325,0.127961,4.42275,0.0702549,0.299611,0.0842013,0.848752,6.79049,0.956293,0.94307,0.0521347,0.267907,0.502453,0.213358,0.574346,0.574346,0,0,-0.00449095,0.0345716,0.946906,0.802892,0.0131003,0.0232646,0.00450695,0.00358858,0.570425,0.0123172,-7.72327,-7.82176,14.1808,0.564887,0.993703,-16.8277,-0.909091,-0.171713,2.04113,0.625,9.83333,0,0,35.9167,32.5833,0,-10.653,0.0001,-0.00037934,0.105404,1.65184,0.129418,55188,0.133824,57.48,2.03411
2158,0.462828,0.461464,0.0176772,0.0103358,0.659378,0.402211,0.815682,0.500181,0.0255509,0.0413507,0.01717,0.19424,0.0108778,0,0.243996,0.125955,4.44369,0.0706074,0.299888,0.0849482,0.849045,6.78641,0.955832,0.942726,0.0524098,0.270992,0.497739,0.214276,0.572927,0.572927,0,0,-0.00447456,0.0345552,0.946384,0.800481,0.0132711,0.0235172,0.00438633,0.00345347,0.567454,0.0124488,-7.75162,-7.76768,14.3525,0.561157,0.998397,-16.7855,-0.909091,-0.17109,2.03108,0.625,9.70833,0,0,35.25,30.5,0,-10.6498,0.0001,-0.000915058,0.105893,1.64866,0.128872,55303,0.133843,56.89,1.97972
2159,0.467256,0.462985,0.0175957,0.0101458,0.661266,0.402053,0.815603,0.50143,0.0248693,0.0427439,0.0167216,0.194534,0.0107111,0,0.245707,0.127174,4.41706,0.070519,0.300488,0.0834647,0.848477,6.79644,0.957118,0.94299,0.0517714,0.262867,0.502087,0.214648,0.577428,0.577428,0,0,-0.00452305,0.0351481,0.946061,0.80568,0.0129093,0.0228657,0.00459364,0.00359845,0.570607,0.0120133,-7.6028,-8.19348,14.106,0.569583,0.985337,-16.5694,-0.909091,-0.172292,2.03861,0.375,9.95833,0,0,33.1667,33.0833,0.0416667,-10.6505,0.0001,-0.000816804,0.108316,1.67137,0.129432,54588,0.133837,58.82,2.11361
2160,0.465523,0.459222,0.0177264,0.0102668,0.663501,0.401211,0.814662,0.496673,0.0247641,0.0434463,0.0166338,0.196015,0.0107234,0,0.245651,0.125387,4.43323,0.0707208,0.301203,0.0832716,0.848716,6.80335,0.957341,0.942566,0.0520707,0.265949,0.499798,0.21635,0.570724,0.570724,0,0,-0.00455351,0.0347439,0.945083,0.806408,0.0128443,0.0228428,0.00439865,0.00339923,0.568289,0.0119023,-7.60425,-8.40661,14.1623,0.569154,0.991925,-16.4143,-0.909091,-0.17161,2.01826,0.875,11.3333,0,0,33.5833,31,0,-10.6496,0.0001,-0.000838319,0.106569,1.66923,0.13274,54553,0.13386,57.89,1.8254
2161,0.46396,0.463262,0.0176213,0.0103819,0.659889,0.402947,0.816133,0.503044,0.0246593,0.0433695,0.0165729,0.19433,0.0107223,0,0.244688,0.127091,4.38801,0.071018,0.300343,0.0829857,0.847679,6.80493,0.957396,0.942907,0.0512893,0.255886,0.500505,0.214104,0.577571,0.577571,0,0,-0.00456179,0.0352715,0.94548,0.808425,0.0127446,0.0226924,0.00456623,0.00360693,0.57152,0.0118395,-7.5913,-8.47516,13.9822,0.574633,0.98402,-16.4368,-0.909091,-0.171747,2.04055,0.541667,10.7083,0,0,30.25,32.5,0,-10.6467,0.0001,0.00023029,0.104387,1.65878,0.12855,55000,0.133866,57.98,2.21324
2162,0.466797,0.472649,0.0175334,0.00961497,0.657987,0.408909,0.814948,0.511777,0.0245829,0.0439673,0.016521,0.19252,0.0107544,0,0.243535,0.129701,4.3795,0.0712437,0.299368,0.0832507,0.847608,6.80611,0.957938,0.943192,0.051435,0.25322,0.501735,0.212072,0.607769,0.607769,0,0,-0.00459173,0.0347537,0.944122,0.809248,0.0127436,0.0226394,0.00444507,0.00353803,0.571397,0.011774,-7.63405,-8.67688,13.9831,0.577928,0.986115,-16.3301,-0.909091,-0.17203,2.07826,0.5,12.0833,0,0,32.5417,35.0833,0.0416667,-10.6443,0.0001,-0.000877668,0.104925,1.68387,0.125766,54322,0.133922,58.58,2.33547
2163,0.465914,0.461232,0.017618,0.0103744,0.660525,0.400665,0.813986,0.500256,0.0247296,0.0436599,0.0166196,0.194443,0.0107945,0,0.24482,0.126391,4.41551,0.071292,0.299951,0.0835088,0.849486,6.8012,0.957078,0.942918,0.0514898,0.25923,0.500798,0.214166,0.565454,0.565454,0,0,-0.00456164,0.0350991,0.94473,0.806005,0.0128591,0.0227774,0.00445348,0.00347033,0.568473,0.0118914,-7.57358,-8.5211,14.0871,0.573305,0.99109,-16.3777,-0.909091,-0.171969,2.02611,0.791667,11.2083,0,0,31.5,32.875,0,-10.6394,0.0001,-0.000888512,0.106211,1.63722,0.130184,55620,0.133961,57.43,2.02898
2164,0.4656,0.46391,0.0176009,0.0102132,0.660246,0.402192,0.81321,0.503608,0.0250263,0.0424377,0.0168413,0.194727,0.0107272,0,0.245256,0.127344,4.43268,0.0712309,0.300481,0.0836472,0.847556,6.79665,0.956029,0.942973,0.0521973,0.265659,0.501428,0.214406,0.579359,0.579359,0,0,-0.0045045,0.0348934,0.946135,0.804501,0.0129965,0.0230094,0.00454367,0.00355508,0.568952,0.0121493,-7.62215,-8.09594,14.0841,0.570528,0.989161,-16.6525,-0.909091,-0.171969,2.03623,0.291667,9.79167,0,0,32.4583,32,0,-10.6375,0.0001,-9.70312e-05,0.106535,1.64994,0.126231,55346,0.133981,57.91,2.11185
2165,0.464493,0.463251,0.0175518,0.0100318,0.65869,0.400533,0.813816,0.503918,0.0247096,0.0424979,0.0166296,0.192983,0.0107342,0,0.244577,0.12743,4.4278,0.0712981,0.299247,0.0828643,0.848818,6.80272,0.957838,0.943132,0.0518994,0.264169,0.500871,0.213248,0.580894,0.580894,0,0,-0.00453332,0.0349136,0.945615,0.806842,0.0128082,0.022691,0.00431252,0.00339329,0.568616,0.0119793,-7.7791,-8.30903,13.9698,0.574038,0.980581,-16.579,-0.909091,-0.172099,2.03533,0.875,10.3333,0,0,33.2917,32.6667,0,-10.6371,0.0001,0.000771842,0.103338,1.6532,0.129691,55137,0.133996,57.78,1.98789
2166,0.466149,0.466948,0.0175517,0.009726,0.659738,0.403993,0.813738,0.506965,0.0252458,0.0413503,0.0170052,0.193919,0.0107568,0,0.245435,0.128777,4.42834,0.0698517,0.30066,0.0837725,0.850203,6.78926,0.956731,0.943132,0.0524359,0.270734,0.50282,0.21398,0.595039,0.595039,0,0,-0.00448874,0.0342536,0.946426,0.802182,0.0130999,0.0231811,0.00423177,0.00332358,0.567755,0.0123129,-7.8059,-7.86521,14.1506,0.567271,0.992795,-16.8304,-0.909091,-0.172367,2.05101,0.333333,10.125,0,0,34.625,29.625,0,-10.6359,0.0001,-0.000152878,0.10853,1.68066,0.131361,54250,0.133998,57.33,2.08981
2167,0.464078,0.46661,0.017521,0.00978616,0.658195,0.403218,0.813817,0.507817,0.0250227,0.0419647,0.016834,0.193779,0.0107936,0,0.245771,0.128752,4.43361,0.0707142,0.299989,0.0838059,0.850194,6.79911,0.956509,0.943232,0.0525844,0.267908,0.502168,0.213883,0.591856,0.591856,0,0,-0.00450611,0.0350901,0.945959,0.804152,0.0129837,0.022999,0.00433567,0.00339345,0.567541,0.0121451,-7.761,-8.14238,14.0416,0.571558,0.989325,-16.6932,-0.909091,-0.172222,2.05055,0.666667,10.4167,0,0,36.25,33.4167,0,-10.6325,0.0001,-0.000704607,0.102049,1.64813,0.133271,55183,0.134039,58.8,2.24895
2168,0.463995,0.463713,0.0174933,0.0101234,0.657189,0.400211,0.813735,0.504661,0.0247017,0.0438399,0.0166007,0.192956,0.0108444,0,0.244741,0.127688,4.42224,0.0722513,0.299197,0.083398,0.848095,6.79863,0.957371,0.943322,0.0521149,0.26365,0.50104,0.212429,0.589336,0.589336,0,0,-0.00455317,0.036048,0.944549,0.806601,0.0128594,0.0227629,0.00445772,0.00349363,0.568978,0.0118975,-7.61103,-8.58492,13.9758,0.578662,0.987219,-16.3891,-0.909091,-0.172326,2.03833,0.541667,11.0833,0,0,32.125,29.5,0,-10.628,0.0001,-0.000361934,0.108835,1.73077,0.136326,52650,0.134051,57.93,1.88804
2169,0.46566,0.462419,0.0175569,0.0101929,0.658854,0.400326,0.814376,0.50088,0.0249378,0.0424214,0.0167563,0.193905,0.010829,0,0.245081,0.126352,4.42106,0.0710802,0.300664,0.0835218,0.847599,6.79281,0.95677,0.943115,0.0516969,0.264838,0.500483,0.213553,0.563777,0.563777,0,0,-0.00452713,0.035026,0.94536,0.804425,0.0129577,0.0229837,0.0043842,0.00342549,0.567413,0.0120834,-7.68904,-8.2997,14.099,0.571364,0.992175,-16.5534,-0.909091,-0.172111,2.03344,0.458333,10.9167,0,0,33.2083,32.625,0,-10.6271,0.0001,-0.000448165,0.11075,1.68026,0.133057,54212,0.134056,57.35,2.15331
2170,0.466998,0.472395,0.0174443,0.00942232,0.657278,0.405836,0.813357,0.51151,0.0251275,0.0429498,0.0168903,0.192988,0.0109225,0,0.245631,0.129959,4.41363,0.0713316,0.300386,0.0845131,0.848735,6.7897,0.9568,0.943463,0.0517521,0.259996,0.501863,0.212668,0.607181,0.607181,0,0,-0.00455734,0.034783,0.944336,0.803822,0.0130876,0.023141,0.00420255,0.0033614,0.56809,0.0121386,-7.77691,-8.3089,14.1343,0.573643,0.993909,-16.5448,-0.90855,-0.17288,2.07436,0.416667,10.0833,0,0,33.375,32.6667,0.0416667,-10.6257,0.0001,-0.000591152,0.109063,1.69965,0.13348,53626,0.134069,58.04,2.11969
2171,0.467755,0.464175,0.0176003,0.00996781,0.660687,0.402759,0.814185,0.503024,0.025128,0.0418198,0.0169117,0.19475,0.0107519,0,0.245687,0.127493,4.43417,0.0707078,0.300541,0.0840708,0.850371,6.79374,0.956389,0.942975,0.0523495,0.265938,0.502875,0.214849,0.579442,0.579442,0,0,-0.00449854,0.0342708,0.946087,0.803112,0.0130635,0.0231254,0.00432103,0.00336205,0.566722,0.0122574,-7.70741,-8.02472,14.1539,0.568079,0.992382,-16.7116,-0.909091,-0.172097,2.03954,0.666667,9.66667,0,0,33.4583,30.5,0,-10.6242,0.0001,-0.000617025,0.108148,1.72271,0.129803,53065,0.134075,57.86,2.15292
2172,0.466406,0.467661,0.0175017,0.0100534,0.659306,0.403094,0.814031,0.506834,0.0250989,0.0422062,0.0168657,0.194936,0.0107906,0,0.246862,0.128305,4.43654,0.0709026,0.301666,0.0838064,0.848099,6.79855,0.957067,0.943294,0.0514487,0.262035,0.501318,0.214546,0.585194,0.585194,0,0,-0.00451587,0.0351794,0.945783,0.804151,0.0130144,0.0230935,0.00439393,0.00346331,0.567946,0.0121627,-7.71069,-8.14224,14.1078,0.570477,0.99275,-16.6559,-0.909091,-0.172794,2.056,0.541667,10.5,0,0,34.5417,32.4583,0,-10.6273,0.0001,-0.000761495,0.111725,1.7055,0.124085,53730,0.13404,59.31,2.48263
2173,0.464752,0.470901,0.017477,0.00974405,0.654702,0.405255,0.814537,0.511551,0.025289,0.0414681,0.0170268,0.192253,0.0107474,0,0.244142,0.129504,4.41754,0.0705204,0.299513,0.0839548,0.849829,6.7945,0.956288,0.943374,0.0524302,0.264049,0.501519,0.212035,0.596461,0.596461,0,0,-0.00450521,0.0348678,0.946316,0.803094,0.013111,0.0232,0.00429511,0.00341008,0.567706,0.0123197,-7.78169,-7.87638,14.1135,0.569436,0.991095,-16.8336,-0.909091,-0.171795,2.07068,0.458333,9.58333,0,0,34.2083,30.7917,0,-10.6321,0.0001,-0.000575264,0.112812,1.60723,0.120259,56905,0.134005,58.19,2.14887
2174,0.468112,0.471598,0.0174894,0.00945145,0.659016,0.406981,0.814555,0.510864,0.0251968,0.0414773,0.0169638,0.194011,0.0108018,0,0.24601,0.130202,4.42692,0.070604,0.300668,0.0839876,0.850128,6.79518,0.95629,0.943334,0.0513774,0.263486,0.503597,0.213837,0.603769,0.603769,0,0,-0.00449998,0.03413,0.946294,0.803437,0.013088,0.0231072,0.00429664,0.00338202,0.567534,0.012262,-7.76099,-7.91187,14.1374,0.568481,0.988452,-16.7873,-0.909091,-0.17267,2.07379,0.625,9.66667,0,0,33.4167,31.9167,0,-10.6364,0.0001,-0.000497905,0.107032,1.60022,0.122227,57072,0.134004,59.57,2.11346
2175,0.464241,0.464811,0.0175208,0.00992899,0.656339,0.400661,0.814669,0.504911,0.0249693,0.042744,0.0167793,0.193479,0.0108649,0,0.245185,0.127818,4.40761,0.0707906,0.300623,0.0839764,0.848948,6.79829,0.957837,0.943233,0.0515757,0.260907,0.500497,0.213214,0.586375,0.586375,0,0,-0.00453512,0.0345633,0.944984,0.804353,0.0130129,0.0229852,0.00431369,0.00339622,0.568687,0.0120912,-7.78498,-8.26944,14.0938,0.573037,0.989444,-16.5469,-0.909091,-0.171995,2.04481,0.708333,10.2917,0,0,32.75,31.5,0,-10.6398,0.0001,-0.00092368,0.110877,1.59083,0.120922,57428,0.133981,57.27,2.02475
2176,0.465842,0.467153,0.0174036,0.00990024,0.655511,0.401537,0.813948,0.509553,0.0245297,0.0429536,0.0165344,0.19229,0.01066,0,0.245517,0.129308,4.40423,0.0709521,0.30002,0.0823927,0.84791,6.8069,0.957417,0.943612,0.0510284,0.260624,0.503722,0.212235,0.6004,0.6004,0,0,-0.00455875,0.0350726,0.94577,0.80952,0.0127019,0.022453,0.00433053,0.00343548,0.569032,0.0118564,-7.75913,-8.36466,13.7982,0.579905,0.97366,-16.5972,-0.909091,-0.172647,2.05448,0.458333,10.2083,0,0,33.0833,32.75,0,-10.6425,0.0001,-0.000355227,0.109952,1.59694,0.120257,57246,0.133974,58.65,2.15994
2177,0.468772,0.467366,0.0174643,0.0098741,0.658366,0.40317,0.814946,0.506014,0.0246466,0.0431898,0.0165795,0.193975,0.0107438,0,0.246516,0.128263,4.3925,0.0708469,0.300852,0.0833018,0.846601,6.804,0.956795,0.943416,0.0509344,0.255124,0.503787,0.213854,0.578935,0.578935,0,0,-0.00455825,0.0346811,0.945327,0.808904,0.0127571,0.0226063,0.00431173,0.00342774,0.568457,0.0118944,-7.67699,-8.45192,13.87,0.578857,0.980594,-16.5043,-0.909091,-0.172741,2.05675,0.416667,10,0,0,32,33.125,0,-10.6412,0.0001,0.000152283,0.111553,1.57198,0.121154,58060,0.133992,56.84,1.95493
2178,0.460873,0.456932,0.0174977,0.0104697,0.652641,0.394127,0.815206,0.501783,0.0246748,0.0432812,0.0165908,0.191751,0.0108252,0,0.24314,0.126922,4.41424,0.0711513,0.299324,0.0832674,0.847932,6.8067,0.957647,0.943307,0.0509456,0.258934,0.502143,0.211295,0.567247,0.567247,0,0,-0.00456503,0.0345834,0.945066,0.806785,0.0128359,0.022683,0.00447139,0.00351863,0.570098,0.0118922,-7.66378,-8.47571,14.0091,0.574448,0.982051,-16.4453,-0.909091,-0.171002,2.01325,0.833333,11.25,0,0,31.625,32.375,0,-10.6387,0.0001,0.000220121,0.107417,1.55831,0.121293,58528,0.134025,57.21,1.98995
2179,0.465379,0.470784,0.0174927,0.00975745,0.655289,0.405628,0.814666,0.51227,0.024572,0.0432966,0.0165282,0.191844,0.0106983,0,0.244075,0.130239,4.39998,0.0702267,0.29964,0.0829585,0.850137,6.80521,0.957911,0.943324,0.0510746,0.259738,0.502885,0.211761,0.603644,0.603644,0,0,-0.00458037,0.0341284,0.945116,0.808318,0.012733,0.022575,0.00438116,0.00347087,0.569673,0.0118211,-7.70598,-8.4957,13.9389,0.576331,0.981782,-16.4693,-0.909091,-0.172008,2.07021,0.333333,10.8333,0,0,32.7083,32.1667,0.0416667,-10.6373,0.0001,-0.00079941,0.105793,1.56309,0.121919,58340,0.134043,58.07,2.14612
2180,0.460995,0.464283,0.0174955,0.0100587,0.654341,0.40074,0.814801,0.507553,0.0246931,0.043839,0.0165939,0.192633,0.0108261,0,0.243829,0.128534,4.38975,0.0707128,0.300113,0.0833421,0.84736,6.8076,0.957514,0.943314,0.0511116,0.252944,0.500818,0.211785,0.592839,0.592839,0,0,-0.00457164,0.0351255,0.94476,0.808026,0.0128194,0.0227236,0.00451262,0.00356251,0.569614,0.011821,-7.61255,-8.51953,13.9642,0.576986,0.987584,-16.4126,-0.909091,-0.171501,2.0429,0.583333,11.375,0,0,32.7083,32.875,0,-10.6386,0.0001,-0.000399067,0.106642,1.63506,0.126276,55812,0.134042,58.42,2.16044
2181,0.465265,0.468087,0.0175817,0.009642,0.657925,0.404327,0.814909,0.507364,0.0247286,0.0446822,0.0165918,0.1945,0.0108969,0,0.244791,0.128717,4.39499,0.0713183,0.301508,0.0838392,0.846618,6.80152,0.958196,0.943035,0.0503062,0.251065,0.500008,0.213549,0.604544,0.604544,0,0,-0.00461061,0.0348372,0.944041,0.807241,0.0128703,0.0228294,0.00453979,0.0036127,0.572318,0.0117493,-7.50712,-8.70212,14.0636,0.576331,0.995888,-16.2705,-0.909091,-0.171843,2.05908,0.5,11.8333,0,0,29.0417,32.375,0,-10.6409,0.0001,-0.000731943,0.113733,1.63257,0.124301,55954,0.134016,58.19,2.08865
2182,0.464488,0.455669,0.0175619,0.0105208,0.656215,0.394459,0.815006,0.495863,0.024351,0.0450874,0.0163428,0.192539,0.0108389,0,0.243136,0.125101,4.40634,0.071108,0.29952,0.0831496,0.846823,6.80287,0.957544,0.943099,0.0505166,0.250024,0.500964,0.211779,0.555513,0.555513,0,0,-0.00463903,0.0345021,0.943604,0.810394,0.0126483,0.0224428,0.00440766,0.00348776,0.56984,0.0115558,-7.56971,-8.95329,13.9121,0.582184,0.986309,-16.142,-0.909091,-0.171424,2.00498,0.5,13,0,0,30.5417,35.875,0,-10.6413,0.0001,-0.000505194,0.109703,1.68146,0.122899,54481,0.134028,57.05,1.98224
2183,0.4672,0.464605,0.0175562,0.0101297,0.659106,0.402807,0.815094,0.505476,0.024238,0.0444098,0.0162856,0.193263,0.0106661,0,0.244549,0.129057,4.39539,0.0703095,0.300074,0.0823167,0.848614,6.81733,0.958132,0.943118,0.0504952,0.247014,0.5054,0.213027,0.58878,0.58878,0,0,-0.00462605,0.0341044,0.944846,0.811481,0.0125366,0.0222768,0.00451551,0.00355254,0.57109,0.0114922,-7.5252,-8.79609,13.8559,0.579704,0.982388,-16.2656,-0.909091,-0.172062,2.04426,0.291667,11.4167,0,0,29,32.625,0,-10.6403,0.0001,-0.000980683,0.112482,1.59702,0.128201,56980,0.134049,58.5,1.99525
2184,0.463204,0.458796,0.017563,0.0105173,0.655901,0.395942,0.814588,0.497689,0.0247737,0.0443878,0.0166358,0.193863,0.010879,0,0.244798,0.125524,4.41849,0.0709955,0.300892,0.0838891,0.846864,6.79414,0.957256,0.943079,0.0514619,0.261925,0.499351,0.213317,0.554729,0.554729,0,0,-0.00458997,0.0347192,0.944001,0.805926,0.0128921,0.0228558,0.00449607,0.00355536,0.570839,0.0118206,-7.5946,-8.60217,14.1367,0.573805,0.997818,-16.3215,-0.908557,-0.171404,2.01849,0.75,12.25,0,0,33.6667,32.3333,0.0416667,-10.6397,0.0001,2.68282e-05,0.106876,1.5795,0.123732,57716,0.134057,58.22,2.01086
2185,0.46725,0.469932,0.0174413,0.00978802,0.656374,0.404269,0.814294,0.506257,0.0248211,0.044257,0.0166908,0.192838,0.0108215,0,0.245045,0.127379,4.40753,0.0711634,0.300288,0.0837486,0.847313,6.79726,0.95735,0.94349,0.0510328,0.256671,0.500838,0.21198,0.582548,0.582548,0,0,-0.0045849,0.0350687,0.944376,0.806928,0.0128939,0.02284,0.00448894,0.00357908,0.570966,0.0118754,-7.63999,-8.54044,13.9711,0.579356,0.992808,-16.4499,-0.909091,-0.172677,2.06641,0.5,11.375,0,0,31.375,32.2083,0,-10.6408,0.0001,-0.000605068,0.106972,1.59936,0.123272,57066,0.134037,58.94,2.24999
2186,0.465438,0.464436,0.0175979,0.0100015,0.657708,0.402979,0.814871,0.503978,0.0242664,0.0451488,0.0162985,0.193208,0.0108025,0,0.24345,0.127949,4.41721,0.0720049,0.299174,0.0827933,0.846983,6.80635,0.958336,0.942983,0.0501916,0.246082,0.502707,0.21267,0.590389,0.590389,0,0,-0.00461288,0.0355835,0.94397,0.811309,0.0125929,0.0223802,0.0045341,0.00354689,0.570771,0.0115013,-7.4835,-8.95389,13.8807,0.581714,0.984829,-16.1626,-0.909091,-0.17132,2.0429,0.333333,11.7917,0,0,29,34.4167,0,-10.6412,0.0001,-0.000515115,0.107551,1.608,0.126617,56672,0.134019,57.13,2.01996
2187,0.466947,0.470955,0.0175028,0.00961193,0.657702,0.406495,0.814387,0.51037,0.0241126,0.0448727,0.016233,0.193204,0.0106938,0,0.245271,0.129797,4.41176,0.0713469,0.300109,0.0818532,0.848092,6.81557,0.958919,0.943291,0.0506094,0.25352,0.503657,0.213058,0.612256,0.612256,0,0,-0.00461403,0.0351656,0.944459,0.811454,0.0125116,0.0221595,0.0044378,0.00347287,0.570853,0.0114993,-7.62079,-8.89279,13.7705,0.583041,0.977005,-16.2618,-0.909091,-0.172266,2.06913,0.541667,12.0417,0,0,30.7917,32.9583,0,-10.6411,0.0001,-0.00043214,0.110445,1.57344,0.123305,57936,0.134038,57.52,2.20324
2188,0.465125,0.464702,0.0175173,0.0100508,0.655165,0.401927,0.815092,0.505205,0.0244133,0.0446276,0.0164041,0.192369,0.0107167,0,0.243502,0.127799,4.40316,0.0707933,0.299539,0.0827708,0.847447,6.80394,0.958193,0.943244,0.0513475,0.252606,0.501765,0.211602,0.586347,0.586347,0,0,-0.00460818,0.0348641,0.943947,0.810048,0.0126531,0.0225183,0.00436905,0.00344696,0.570039,0.0115973,-7.59766,-8.80331,13.9238,0.580059,0.989186,-16.2591,-0.909091,-0.171594,2.04594,0.416667,13.0417,0,0,30.9167,33.5833,0,-10.6401,0.0001,-0.000462571,0.109206,1.63609,0.127414,55743,0.134038,57.23,2.08182
2189,0.46559,0.467312,0.0176245,0.00982752,0.656919,0.405122,0.814662,0.504423,0.0241773,0.0462463,0.0162015,0.193054,0.0109122,0,0.243016,0.127833,4.41402,0.0715219,0.29917,0.0830713,0.846502,6.79798,0.95821,0.942897,0.0512185,0.25098,0.500392,0.212265,0.593202,0.593202,0,0,-0.00466244,0.03545,0.942274,0.811019,0.0125962,0.02241,0.0043321,0.00338622,0.568183,0.0113647,-7.46723,-9.2416,13.9802,0.58334,0.998536,-15.9077,-0.909091,-0.171188,2.05401,0.625,13.4167,0,0,30.0417,33.7083,0,-10.6402,0.0001,-0.000692207,0.114262,1.71167,0.137879,53150,0.134052,57.13,2.09656
2190,0.464305,0.462648,0.0175832,0.0104334,0.655391,0.399585,0.814713,0.501403,0.0244292,0.0450048,0.0164161,0.193337,0.0108597,0,0.24377,0.126512,4.40219,0.0706414,0.299761,0.0829659,0.846434,6.79982,0.957744,0.943031,0.051201,0.256165,0.499547,0.212556,0.574127,0.574127,0,0,-0.00462361,0.0353612,0.943765,0.809534,0.0127135,0.0225474,0.00439109,0.00344998,0.568807,0.0115978,-7.52994,-8.83138,13.9805,0.580203,0.991196,-16.1964,-0.909091,-0.171159,2.03474,0.541667,12.125,0,0,30.375,32.375,0,-10.6385,0.0001,-0.000536752,0.110569,1.7636,0.136863,51726,0.134077,57.71,2.26919
2191,0.466362,0.459216,0.0175766,0.0103619,0.656857,0.398576,0.814629,0.496214,0.02426,0.0450882,0.0162815,0.193456,0.0107999,0,0.244103,0.125132,4.39927,0.0712662,0.299673,0.0828037,0.84725,6.80567,0.958198,0.943052,0.0507173,0.247177,0.501401,0.212851,0.559725,0.559725,0,0,-0.00463872,0.0352892,0.943553,0.811722,0.0125699,0.0224044,0.0044745,0.00352311,0.56998,0.0114529,-7.48114,-8.98923,13.919,0.581027,0.990611,-16.106,-0.909091,-0.171433,2.01955,0.583333,13,0,0,29.75,34.6667,0,-10.6378,0.0001,-0.000468847,0.108994,1.78174,0.132389,51357,0.134093,58.35,2.04493
2192,0.466054,0.465153,0.0175594,0.00993652,0.65525,0.402736,0.815062,0.505969,0.0242831,0.0451377,0.0163076,0.192448,0.0108326,0,0.242982,0.128316,4.40583,0.0712928,0.299081,0.0826788,0.84866,6.80465,0.957802,0.943107,0.0512948,0.252172,0.502929,0.211602,0.591223,0.591223,0,0,-0.00461839,0.0353428,0.94386,0.810823,0.0126054,0.0224016,0.00450446,0.00354216,0.570055,0.0114992,-7.47257,-8.93702,13.8979,0.581176,0.990415,-16.1699,-0.909091,-0.171145,2.04638,0.458333,12.25,0,0,29.5833,33.4583,0,-10.6373,0.0001,-0.000558796,0.115739,1.76395,0.131443,51864,0.134106,58.74,2.28928
2193,0.468795,0.464357,0.0175731,0.00995625,0.659622,0.401939,0.814794,0.499513,0.0243928,0.0449344,0.0163866,0.194763,0.0108996,0,0.245815,0.126269,4.41199,0.071386,0.300577,0.0831292,0.84679,6.80449,0.957968,0.943063,0.0513767,0.249147,0.501038,0.214278,0.573528,0.573528,0,0,-0.00460503,0.0359014,0.943887,0.809042,0.012718,0.0224893,0.00457904,0.00358954,0.57074,0.0116053,-7.47859,-8.83885,14.0106,0.578068,0.988933,-16.1678,-0.909091,-0.172272,2.04184,0.541667,12.5417,0,0,31.75,33.25,0,-10.6364,0.0001,-0.000674689,0.107026,1.76888,0.138999,51525,0.134114,58.44,2.03429
2194,0.465068,0.461583,0.0175665,0.010329,0.655403,0.399528,0.81519,0.499934,0.0244972,0.0447534,0.016449,0.192624,0.0108514,0,0.243379,0.12605,4.40999,0.0709337,0.299087,0.0833154,0.847644,6.80543,0.957682,0.943084,0.0515589,0.256837,0.501414,0.212064,0.565843,0.565843,0,0,-0.00460769,0.03529,0.944343,0.808858,0.0127238,0.0225812,0.00461256,0.00364843,0.57136,0.0116027,-7.47954,-8.75302,14.0182,0.576393,0.993309,-16.2361,-0.909091,-0.171206,2.032,0.458333,11.625,0,0,31,33.4167,0,-10.6363,0.0001,-0.00052348,0.110617,1.74477,0.129529,52448,0.134111,58.46,2.21933
2195,0.462449,0.45681,0.017578,0.0106051,0.654456,0.394892,0.815044,0.495567,0.0249392,0.0438041,0.016757,0.193199,0.0108975,0,0.243766,0.124202,4.403,0.070977,0.299408,0.084078,0.846466,6.79583,0.957069,0.943047,0.0516866,0.257386,0.498374,0.212489,0.550087,0.550087,0,0,-0.0045617,0.0354037,0.945263,0.80505,0.0129875,0.0229788,0.00463841,0.00367997,0.571334,0.0119485,-7.57182,-8.33124,14.1446,0.571043,0.994047,-16.466,-0.909091,-0.170901,2.01095,0.375,10.8333,0,0,31.3333,31.875,0,-10.6371,0.0001,-0.00032667,0.113046,1.75274,0.131667,52167,0.134105,57.86,1.89815
2196,0.464998,0.46246,0.017466,0.0102533,0.654465,0.398291,0.814673,0.501287,0.0248215,0.043284,0.0167122,0.192726,0.010778,0,0.24513,0.126879,4.39836,0.0704459,0.299492,0.0835656,0.846333,6.80191,0.95691,0.94341,0.051085,0.25428,0.501839,0.212396,0.571294,0.571294,0,0,-0.00456214,0.0358853,0.946027,0.807775,0.0128634,0.022773,0.00467724,0.00375048,0.572588,0.0118902,-7.58014,-8.20881,14.0182,0.572839,0.988321,-16.6068,-0.909091,-0.171928,2.03464,0.5,10.8333,0,0,33.4583,34.4167,0,-10.6371,0.0001,-0.000824533,0.109123,1.75061,0.143447,51901,0.134127,57.52,2.06743
2197,0.46666,0.45988,0.0175805,0.0102254,0.656273,0.399123,0.814815,0.498188,0.0250694,0.0424995,0.0168479,0.195411,0.0108482,0,0.24654,0.125989,4.41276,0.0701514,0.301051,0.0843786,0.846247,6.80433,0.957602,0.943039,0.0518085,0.25771,0.502311,0.215299,0.563719,0.563719,0,0,-0.00452158,0.0358831,0.946726,0.805108,0.0129758,0.0230302,0.00475614,0.00374982,0.572054,0.0120678,-7.54947,-8.0009,14.1725,0.566442,0.990846,-16.6557,-0.909091,-0.171117,2.02308,0.333333,9.625,0,0,32.4167,32.6667,0,-10.6334,0.0001,-0.000818239,0.11257,1.67488,0.131575,54418,0.134153,57.95,2.00396
2198,0.468913,0.464509,0.0176022,0.00996162,0.660091,0.402992,0.81539,0.497202,0.0245939,0.0441979,0.0165329,0.195191,0.0108985,0,0.246009,0.125124,4.43853,0.0712248,0.300803,0.083506,0.846664,6.80418,0.957077,0.942969,0.0519513,0.258921,0.499467,0.214969,0.562402,0.562402,0,0,-0.00460531,0.035285,0.944524,0.80755,0.0128051,0.0226467,0.00456469,0.00359486,0.570074,0.0117288,-7.53817,-8.58757,14.0795,0.574304,0.992585,-16.3104,-0.909091,-0.172024,2.04414,0.791667,11.25,0,0,32.6667,33.2917,0,-10.6311,0.0001,-0.000489827,0.115471,1.74539,0.133224,52328,0.13417,56.75,1.95463
2199,0.466038,0.459207,0.0176203,0.0103722,0.658433,0.398029,0.815305,0.495535,0.024686,0.0440326,0.016582,0.195801,0.0108789,0,0.246165,0.125052,4.40036,0.0707869,0.300833,0.0835701,0.846437,6.80345,0.957796,0.94291,0.0519477,0.257198,0.500449,0.215118,0.558704,0.558704,0,0,-0.00457336,0.0360504,0.945174,0.807409,0.0128232,0.0227286,0.00474673,0.00371437,0.57139,0.0117604,-7.46465,-8.5093,14.0482,0.574371,0.992187,-16.361,-0.909091,-0.171534,2.02103,0.583333,10.9167,0,0,32.5833,32.25,0,-10.631,0.0001,-0.00011418,0.110211,1.76036,0.130811,51980,0.134189,56.96,2.00836
2200,0.465192,0.460679,0.0176493,0.0102785,0.656079,0.399966,0.815357,0.498408,0.0246124,0.0450918,0.0165118,0.194045,0.0109396,0,0.243756,0.12594,4.40844,0.0712096,0.299864,0.0839036,0.845328,6.79166,0.956879,0.942816,0.0519551,0.256838,0.498576,0.213427,0.573508,0.573508,0,0,-0.00460657,0.0364385,0.943541,0.80742,0.0128268,0.0227634,0.00464846,0.00363775,0.569291,0.0116469,-7.46925,-8.77112,14.1406,0.575131,1.00491,-16.1848,-0.909091,-0.170692,2.02772,0.375,12.2083,0,0,31.375,31.25,0,-10.6291,0.0001,-0.000799639,0.11145,1.77077,0.138327,51492,0.134259,57.76,2.30874
2201,0.463897,0.463227,0.0176296,0.010176,0.656087,0.401715,0.815131,0.501508,0.0247381,0.0444466,0.016603,0.193973,0.0108912,0,0.244096,0.126608,4.41148,0.0710769,0.299936,0.0838678,0.846376,6.79297,0.95685,0.942862,0.0518041,0.258194,0.49892,0.213441,0.574436,0.574436,0,0,-0.00458285,0.0359733,0.94462,0.806914,0.0128626,0.0228229,0.00466377,0.0036853,0.570468,0.0117744,-7.49604,-8.56967,14.11,0.573004,0.997196,-16.3213,-0.90855,-0.170827,2.03736,0.25,11.6667,0,0,33.25,33.4167,0.0416667,-10.6265,0.0001,-0.000653315,0.111847,1.74485,0.130448,52420,0.134317,58.55,2.13169
2202,0.463718,0.459069,0.0175401,0.0102994,0.654165,0.396068,0.814584,0.496558,0.0250492,0.0436017,0.0168344,0.194136,0.0110441,0,0.245354,0.12466,4.40314,0.0709303,0.300695,0.0846661,0.844488,6.7905,0.956151,0.94317,0.0516158,0.257809,0.49793,0.213469,0.569607,0.569607,0,0,-0.00455041,0.03667,0.944976,0.804888,0.013044,0.0230708,0.00465884,0.00372385,0.570906,0.012004,-7.61376,-8.30058,14.1337,0.571263,1.0009,-16.5221,-0.909091,-0.171259,2.01976,0.458333,11.375,0,0,32.4167,32.4583,0,-10.6239,0.0001,-0.000392163,0.111393,1.73731,0.129856,52648,0.134334,57.32,1.91226
2203,0.461598,0.454701,0.0176537,0.0106818,0.654313,0.395565,0.815114,0.494059,0.0248523,0.0440939,0.0166773,0.194894,0.0109274,0,0.244438,0.124092,4.43221,0.0717852,0.300351,0.0838512,0.844462,6.79588,0.957112,0.942802,0.0518387,0.257574,0.497953,0.214272,0.558666,0.558666,0,0,-0.00456188,0.0362622,0.944791,0.805645,0.012934,0.022951,0.00477846,0.00374241,0.571635,0.0118388,-7.46261,-8.44492,14.2283,0.569228,0.996927,-16.3394,-0.909091,-0.169981,2.00108,0.583333,11.0833,0,0,31.2083,32.0417,0,-10.6236,0.0001,-0.000446778,0.116912,1.761,0.135782,51826,0.134346,57.73,2.03016
2204,0.46695,0.463422,0.0175894,0.0101848,0.657095,0.401926,0.815469,0.500795,0.0244752,0.0451584,0.016442,0.194405,0.0108687,0,0.244816,0.126313,4.41128,0.0713791,0.300972,0.083194,0.845204,6.80548,0.957967,0.94301,0.0513574,0.251552,0.500518,0.213599,0.569135,0.569135,0,0,-0.00461108,0.0354832,0.944112,0.809272,0.0127203,0.0225609,0.00477632,0.00379265,0.572959,0.0116004,-7.4329,-8.78179,14.0398,0.576043,0.991828,-16.1952,-0.909091,-0.171441,2.03886,0.583333,12.3333,0,0,31.2917,33.8333,0,-10.6232,0.0001,-0.000558432,0.109902,1.8102,0.130776,50646,0.134343,57.37,2.19073
2205,0.46551,0.458416,0.0176674,0.0103589,0.657116,0.398263,0.814834,0.49556,0.0246123,0.0448183,0.0165075,0.19432,0.0108892,0,0.243669,0.124615,4.41019,0.071029,0.29986,0.083364,0.846735,6.79741,0.957765,0.942758,0.0518763,0.257256,0.499341,0.21342,0.564054,0.564054,0,0,-0.00460476,0.0354578,0.944051,0.807532,0.012778,0.0227455,0.00459645,0.00357381,0.56997,0.0116072,-7.47278,-8.74925,14.1038,0.574264,1.00344,-16.2057,-0.909091,-0.170834,2.0162,0.416667,12.9583,0,0,31.0833,31.0417,0,-10.6231,0.0001,-0.000526896,0.111726,1.80907,0.131895,50646,0.134337,57.28,1.98484
2206,0.465306,0.465174,0.017516,0.0101302,0.654931,0.401607,0.815361,0.506103,0.0242831,0.0447786,0.0163267,0.19341,0.0107472,0,0.244659,0.128269,4.391,0.0709588,0.300151,0.0825589,0.847334,6.81247,0.958599,0.943231,0.0507134,0.248666,0.50271,0.212859,0.588973,0.588973,0,0,-0.00461513,0.0347243,0.944732,0.810242,0.0126155,0.0223202,0.00485419,0.0038428,0.574385,0.0115367,-7.50742,-8.76192,13.926,0.57748,0.98271,-16.2553,-0.908565,-0.171413,2.04774,0.666667,12.5833,0,0,31.5,34.1667,0.0416667,-10.6243,0.0001,-0.000705498,0.111625,1.77731,0.140967,51245,0.134348,57.4,1.95748
2207,0.464873,0.463057,0.0176079,0.0102216,0.655744,0.401845,0.814674,0.501699,0.0247325,0.0443486,0.0166138,0.192535,0.0109165,0,0.242604,0.126865,4.41004,0.0708548,0.299521,0.0838586,0.84901,6.80255,0.957826,0.94295,0.0514812,0.256398,0.500504,0.211957,0.579354,0.579354,0,0,-0.00462256,0.0338446,0.944241,0.80639,0.0128498,0.0227947,0.00447348,0.00355704,0.570672,0.0117472,-7.61399,-8.60298,14.1258,0.572149,0.996359,-16.3042,-0.909091,-0.170854,2.03612,0.458333,11.9167,0,0,32.4167,31.25,0,-10.6246,0.0001,-1.39226e-06,0.110947,1.78038,0.146678,51012,0.134376,56.89,2.05517
2208,0.465282,0.458791,0.0175638,0.0104153,0.656375,0.39759,0.814423,0.496969,0.0246044,0.0439932,0.0165378,0.193977,0.010865,0,0.245099,0.125373,4.41193,0.070876,0.300468,0.0834939,0.846426,6.80061,0.957351,0.943093,0.0513195,0.255501,0.501525,0.213852,0.558271,0.558271,0,0,-0.00455907,0.0356565,0.944982,0.806974,0.0128366,0.022637,0.00462582,0.00366455,0.571404,0.0117495,-7.5478,-8.48683,14.0833,0.572894,0.991276,-16.3691,-0.909091,-0.171381,2.01791,0.625,11.125,0,0,32.6667,31.7917,0,-10.6231,0.0001,-9.96755e-05,0.114656,1.79859,0.131876,50922,0.134406,57.59,2.10946
2209,0.46388,0.458477,0.0177021,0.010342,0.656106,0.399226,0.813953,0.496061,0.0242122,0.0455731,0.0162429,0.194024,0.0108811,0,0.24309,0.125168,4.41288,0.0715624,0.299341,0.0826267,0.847001,6.80612,0.958095,0.942645,0.0513771,0.257239,0.499686,0.21312,0.579355,0.579355,0,0,-0.00462179,0.0359265,0.944019,0.808677,0.0126398,0.0223783,0.00494784,0.00383098,0.571978,0.0114447,-7.37552,-8.97168,14.0103,0.576143,0.992874,-16.0568,-0.909091,-0.170289,2.01391,0.625,13.875,0,0,32.4583,31.6667,0,-10.6205,0.0001,0.000184676,0.109065,1.83897,0.135773,49780,0.134413,56.7,1.95027
2210,0.465126,0.459883,0.0176555,0.0102669,0.656013,0.400738,0.813281,0.499909,0.0244627,0.0451518,0.0164269,0.194472,0.0109503,0,0.243699,0.12661,4.40234,0.0708617,0.300772,0.0832666,0.847463,6.79759,0.958295,0.942796,0.0507577,0.250021,0.500759,0.213497,0.579043,0.579043,0,0,-0.00463054,0.0352919,0.943924,0.807143,0.0127622,0.0226154,0.00466616,0.00366213,0.571725,0.0115897,-7.47135,-8.83047,14.088,0.574087,0.994177,-16.1304,-0.909091,-0.170475,2.01782,0.583333,12.5417,0,0,30.2083,31.125,0,-10.6189,0.0001,-0.000597887,0.105517,1.81641,0.127273,50576,0.134454,57.91,1.96129
2211,0.463947,0.462262,0.0177458,0.0103903,0.656115,0.403968,0.814146,0.500181,0.0240344,0.0467745,0.0160813,0.193882,0.011007,0,0.242325,0.1263,4.38386,0.0711674,0.299465,0.0829735,0.848433,6.80234,0.959005,0.942503,0.0505865,0.247131,0.499736,0.213081,0.572236,0.572236,0,0,-0.00467381,0.0357228,0.942102,0.809415,0.0125878,0.0222976,0.00468587,0.00362349,0.571247,0.0112331,-7.32168,-9.43785,14.0878,0.578539,0.998339,-15.7139,-0.909091,-0.169705,2.0295,0.791667,15.3333,0,0,29.5,32.3333,0,-10.6136,0.0001,-0.000377599,0.113293,1.81876,0.13844,50226,0.134507,56.52,2.12403
2212,0.466287,0.45772,0.0176514,0.0103953,0.656943,0.397763,0.813387,0.493904,0.0243265,0.0456836,0.016319,0.194084,0.0109858,0,0.243622,0.124426,4.39049,0.0710553,0.300278,0.0832226,0.846412,6.79594,0.957815,0.942809,0.05081,0.252902,0.499191,0.213163,0.550959,0.550959,0,0,-0.00464894,0.035776,0.942909,0.808326,0.0127327,0.0224874,0.00460495,0.00361464,0.571006,0.0114536,-7.49114,-9.03931,14.0455,0.578195,0.997038,-16.0081,-0.909091,-0.170908,2.00999,0.541667,14.0417,0,0,29.5417,31.6667,0.0416667,-10.61,0.0001,-6.55913e-05,0.109117,1.78976,0.145068,50807,0.134544,56.9,1.81241
2213,0.463698,0.460207,0.0176125,0.0104487,0.654887,0.399061,0.813977,0.499236,0.0241686,0.0455956,0.0162173,0.193156,0.0109105,0,0.243173,0.125846,4.39663,0.0707125,0.299788,0.0830196,0.845501,6.80448,0.95775,0.942935,0.0503124,0.246408,0.500429,0.212429,0.566864,0.566864,0,0,-0.00463072,0.0357797,0.943463,0.809504,0.0126425,0.0223232,0.00492805,0.00385969,0.572618,0.0114207,-7.41795,-9.02552,14.0314,0.576641,0.990934,-16.0112,-0.909091,-0.170612,2.0223,0.666667,12.875,0,0,30.5833,33.7083,0,-10.6087,0.0001,-0.000894047,0.10919,1.73839,0.143969,52223,0.134539,57.55,1.86894
2214,0.4636,0.462722,0.0176892,0.0102357,0.654323,0.403057,0.813263,0.502083,0.0245259,0.044801,0.0164501,0.193772,0.0109551,0,0.24252,0.126795,4.36574,0.0701253,0.299688,0.0835847,0.847497,6.79786,0.957686,0.942687,0.0509892,0.251588,0.499577,0.212872,0.590609,0.590609,0,0,-0.00461404,0.0354305,0.944193,0.807067,0.0127787,0.0226656,0.00475382,0.00371407,0.570628,0.0115888,-7.43792,-8.78401,14.1139,0.572746,1.00116,-16.1711,-0.909091,-0.169714,2.02974,0.625,13.0417,0,0,31.625,33.0833,0.0416667,-10.6124,0.0001,-0.000960891,0.107468,1.76717,0.134212,51701,0.134516,57.9,2.25309
2215,0.46176,0.458876,0.0176286,0.010471,0.653163,0.398618,0.813218,0.499228,0.0246278,0.0444352,0.016534,0.193566,0.0109601,0,0.243322,0.125816,4.38349,0.0697442,0.300737,0.0837483,0.846699,6.79611,0.958086,0.942883,0.0504769,0.255831,0.498874,0.21292,0.580027,0.580027,0,0,-0.00459389,0.0347941,0.943884,0.806673,0.012857,0.0227438,0.00464402,0.00364299,0.571124,0.0117082,-7.56393,-8.6503,14.153,0.571952,0.997306,-16.2203,-0.909091,-0.169957,2.01395,0.833333,12.2083,0,0,31.8333,31.375,0,-10.6142,0.0001,-0.000847349,0.110511,1.73934,0.137481,52378,0.134511,56.33,1.9759
2216,0.463761,0.456521,0.0176981,0.0106221,0.655767,0.397713,0.812575,0.494677,0.0243089,0.0458206,0.0162773,0.194031,0.010986,0,0.242826,0.124447,4.38296,0.0706587,0.300176,0.0834309,0.846309,6.79999,0.957815,0.942658,0.0502565,0.250159,0.499133,0.213129,0.550023,0.550023,0,0,-0.00463799,0.0352416,0.942553,0.809097,0.012695,0.0225419,0.004646,0.00361878,0.570369,0.011422,-7.39485,-9.13863,14.128,0.576493,1.0005,-15.9113,-0.909091,-0.170042,2.00211,0.625,14.375,0,0,29.7083,34,0,-10.6143,0.0001,-0.000600831,0.108578,1.75516,0.138345,51916,0.134517,57.37,1.89835
2217,0.463199,0.463013,0.0175619,0.0104544,0.65263,0.400068,0.811904,0.503766,0.0244491,0.0447738,0.0164181,0.192652,0.0109556,0,0.243145,0.126847,4.3956,0.0705149,0.299685,0.0830762,0.847935,6.79912,0.958439,0.943099,0.0505069,0.256426,0.499968,0.211884,0.566128,0.566128,0,0,-0.00459319,0.0357179,0.944272,0.806366,0.0128069,0.0225582,0.00469385,0.00367341,0.570771,0.0116548,-7.56617,-8.72941,14.0719,0.574234,0.989687,-16.2102,-0.909091,-0.170549,2.02905,0.583333,12.0833,0,0,31.0833,31.6667,0,-10.6149,0.0001,-0.000444717,0.108822,1.83196,0.136354,49943,0.134519,56.18,1.77708
2218,0.46202,0.454935,0.0177051,0.0107283,0.654251,0.396583,0.813655,0.496845,0.0241889,0.0451859,0.0162153,0.1929,0.0110061,0,0.242002,0.125629,4.39061,0.0710786,0.299495,0.0830266,0.849331,6.80118,0.957571,0.942635,0.0507204,0.251829,0.499981,0.212495,0.557425,0.557425,0,0,-0.0046448,0.0351833,0.943086,0.809088,0.0126274,0.0223779,0.00448658,0.00347552,0.568201,0.0114272,-7.49459,-9.07887,14.0475,0.576632,0.992798,-15.961,-0.909091,-0.169544,1.99783,0.375,13.9583,0,0,31.4583,31.25,0,-10.6147,0.0001,-0.000318682,0.110149,1.77479,0.139901,51341,0.134539,57.72,2.01117
2219,0.464309,0.461675,0.017692,0.0103068,0.655208,0.401558,0.812824,0.501659,0.0243773,0.0448711,0.0163575,0.193215,0.0109435,0,0.242397,0.126904,4.38839,0.0703294,0.298466,0.0831967,0.846399,6.79783,0.957786,0.942678,0.0510062,0.250869,0.499728,0.212703,0.585869,0.585869,0,0,-0.00461802,0.0357599,0.943866,0.808122,0.0127421,0.022534,0.00463813,0.00362803,0.57056,0.0115655,-7.49658,-8.86034,14.0787,0.574952,0.994401,-16.1171,-0.909091,-0.170059,2.02494,0.375,12.7917,0,0,30.625,33.375,0,-10.6143,0.0001,-0.000237538,0.111537,1.80233,0.129813,50878,0.134554,57.47,2.1034
2220,0.466765,0.462592,0.0175593,0.0103658,0.655617,0.400703,0.812517,0.500765,0.0245256,0.0449349,0.0164531,0.193213,0.0109866,0,0.244101,0.12637,4.37396,0.0707298,0.300712,0.0838536,0.845048,6.79572,0.957865,0.943108,0.0503496,0.248587,0.500577,0.21245,0.575412,0.575412,0,0,-0.00462003,0.035456,0.943425,0.808381,0.0127918,0.0226554,0.00459059,0.00365354,0.572458,0.0115959,-7.51879,-8.84648,14.0743,0.576774,0.998164,-16.1376,-0.909091,-0.171441,2.02832,0.708333,12.625,0,0,30.1667,33.25,0,-10.6145,0.0001,-0.000314046,0.111605,1.79395,0.134107,50985,0.134565,57.7,2.09514
2221,0.467201,0.463232,0.0177105,0.0100839,0.659696,0.403215,0.813032,0.499701,0.0240681,0.0460955,0.0161295,0.194929,0.0109803,0,0.244216,0.12629,4.39401,0.0711413,0.300505,0.0825526,0.845472,6.8088,0.958993,0.942618,0.0506008,0.249008,0.499886,0.214232,0.585513,0.585513,0,0,-0.00464901,0.0359783,0.943056,0.811075,0.0125391,0.0222742,0.00468346,0.00363881,0.571274,0.0112676,-7.36896,-9.22465,13.9943,0.579389,0.995968,-15.878,-0.909091,-0.171126,2.03141,0.708333,14.4167,0,0,29.7083,34.25,0,-10.6131,0.0001,-0.000698662,0.109127,1.81443,0.133365,50469,0.134599,57.86,1.89716
2222,0.463343,0.456779,0.0176988,0.0104423,0.653493,0.398326,0.812915,0.495653,0.0240086,0.0465447,0.0160964,0.193864,0.0109122,0,0.242461,0.124848,4.38651,0.0704833,0.300165,0.0825002,0.845711,6.80624,0.958395,0.942656,0.0500431,0.248532,0.499268,0.212994,0.565274,0.565274,0,0,-0.0046609,0.035809,0.942727,0.811143,0.012528,0.0222373,0.00470182,0.00365736,0.57133,0.0112139,-7.36293,-9.24613,14.0445,0.578251,0.996256,-15.8613,-0.909091,-0.1694,2.00338,0.541667,13.25,0,0,28,32.0417,0,-10.6112,0.0001,-3.54357e-05,0.112826,1.76902,0.131132,51734,0.134656,57.1,1.81989
2223,0.464756,0.462032,0.0175735,0.0100836,0.652737,0.399988,0.812496,0.499247,0.0243028,0.0454184,0.0162961,0.192851,0.0109116,0,0.243568,0.125797,4.37991,0.070094,0.300378,0.0831023,0.845893,6.80573,0.958359,0.943062,0.050184,0.248902,0.499387,0.212095,0.57699,0.57699,0,0,-0.00463364,0.0357973,0.943959,0.810414,0.0126255,0.0224319,0.00464452,0.0036501,0.570928,0.0113906,-7.47892,-8.88138,14.0204,0.576457,0.991937,-16.1075,-0.909091,-0.170482,2.02687,0.541667,12.6667,0,0,31.625,33.625,0,-10.6083,0.0001,-0.000526025,0.108674,1.7535,0.140529,51902,0.13469,59.59,2.16898
2224,0.465934,0.462753,0.0175743,0.0101194,0.654726,0.400654,0.812639,0.500697,0.024364,0.0450669,0.0163714,0.193318,0.0109686,0,0.244054,0.126064,4.38959,0.0708353,0.300188,0.0833245,0.846662,6.80554,0.958327,0.943059,0.0502386,0.253291,0.499736,0.212814,0.571395,0.571395,0,0,-0.00461018,0.0354921,0.943898,0.809125,0.0127072,0.0224683,0.00463834,0.00364762,0.571381,0.0115735,-7.49725,-8.836,14.0224,0.576794,0.990171,-16.1538,-0.909091,-0.1709,2.02983,0.75,12.2083,0,0,30.7083,32.6667,0,-10.6066,0.0001,-0.000135517,0.117575,1.75924,0.136012,51868,0.134707,58.8,2.13782
2225,0.466503,0.461399,0.0176887,0.0103083,0.657484,0.401435,0.812552,0.498622,0.0241614,0.0460417,0.0162151,0.194118,0.0109545,0,0.243239,0.125954,4.40246,0.0708948,0.299816,0.0826664,0.847742,6.80366,0.958225,0.94267,0.0506328,0.254513,0.499409,0.213269,0.566976,0.566976,0,0,-0.00465862,0.0346732,0.943464,0.809369,0.0125881,0.0223199,0.00468208,0.00362996,0.569892,0.0113593,-7.4212,-9.07893,14.0238,0.576107,0.995478,-15.9978,-0.908508,-0.170719,2.02251,0.541667,13.6667,0,0,31.2917,32.375,0.0416667,-10.6061,0.0001,-0.000801909,0.11352,1.77754,0.132797,51459,0.134707,56.75,1.98852
2226,0.463526,0.45795,0.0176502,0.010742,0.65422,0.397183,0.812169,0.496714,0.0241762,0.0466786,0.0162053,0.194072,0.0110201,0,0.243405,0.125065,4.40553,0.0722023,0.300215,0.0832124,0.844942,6.80058,0.957925,0.942813,0.0506228,0.248556,0.498821,0.212711,0.548744,0.548744,0,0,-0.00465826,0.0359888,0.943127,0.809455,0.0126446,0.0223711,0.0048428,0.00379354,0.572571,0.0113626,-7.2785,-9.22897,13.9985,0.57954,0.995708,-15.893,-0.909091,-0.170335,2.00718,0.625,13.2917,0,0,29.4583,33.0833,0,-10.6065,0.0001,-0.000290791,0.107959,1.78366,0.135013,51235,0.134681,56.63,1.99362
2227,0.465326,0.459676,0.0175994,0.0104763,0.654766,0.398073,0.8118,0.49516,0.0242033,0.0466063,0.0162315,0.193741,0.0110317,0,0.243695,0.124572,4.39111,0.0703248,0.300746,0.0829332,0.843893,6.7967,0.958589,0.942978,0.050019,0.253824,0.498684,0.212589,0.550527,0.550527,0,0,-0.00466676,0.0355705,0.942684,0.809662,0.0126448,0.0224204,0.00467016,0.00364822,0.571692,0.0113277,-7.36675,-9.15278,14.107,0.577529,0.997993,-15.898,-0.909091,-0.170834,2.01502,0.625,13.2917,0,0,29.375,32.4583,0,-10.607,0.0001,0.000890888,0.114711,1.80244,0.134121,50762,0.134693,57,1.89534
2228,0.467882,0.459126,0.01771,0.010462,0.65868,0.399807,0.812288,0.494824,0.0237757,0.0478796,0.015939,0.194749,0.0109903,0,0.243399,0.125251,4.40486,0.0716802,0.299934,0.0822408,0.847259,6.80507,0.958177,0.94262,0.050564,0.247744,0.501471,0.213592,0.565621,0.565621,0,0,-0.00468476,0.0356597,0.942295,0.812241,0.0124488,0.0220547,0.00475739,0.00364847,0.570205,0.0110327,-7.18278,-9.52623,13.9528,0.582872,0.997397,-15.6786,-0.909091,-0.170756,2.01199,0.5,15.2083,0,0,29.9583,32.75,0,-10.6055,0.0001,-0.000309895,0.105677,1.7933,0.131651,51068,0.134712,57.33,2.04189
2229,0.462711,0.459575,0.0176721,0.0107268,0.654531,0.399542,0.812217,0.497393,0.0243749,0.0460753,0.0163485,0.193608,0.0110382,0,0.242482,0.12513,4.40048,0.0710836,0.299035,0.0834892,0.847543,6.79695,0.958332,0.942742,0.0502082,0.249987,0.498361,0.212278,0.557011,0.557011,0,0,-0.00466706,0.0350309,0.942939,0.807438,0.012778,0.0225745,0.00460395,0.00357385,0.569059,0.0114535,-7.41089,-9.03427,14.1148,0.575943,1.00307,-15.9828,-0.909091,-0.170191,2.01412,0.708333,13.4583,0,0,29.875,30.9167,0.0416667,-10.6031,0.0001,-0.000721215,0.114019,1.71648,0.168061,52163,0.134764,58.12,1.94868
2230,0.466063,0.462577,0.0175355,0.0101751,0.655761,0.400088,0.811807,0.500307,0.0242789,0.0455936,0.0163122,0.19297,0.0109027,0,0.244015,0.126268,4.41113,0.0711474,0.299645,0.0829713,0.846633,6.81045,0.958826,0.943185,0.0504307,0.25018,0.50186,0.212243,0.568215,0.568215,0,0,-0.0046328,0.0348258,0.944022,0.809307,0.0126738,0.0223802,0.00469742,0.00369222,0.572845,0.0115012,-7.41587,-8.92593,13.9489,0.579874,0.988771,-16.1337,-0.909091,-0.171526,2.02736,0.5,12.5833,0,0,31.1667,35.1667,0,-10.5987,0.0001,2.36798e-05,0.110306,1.73824,0.132952,52535,0.134817,57.66,1.97976
2231,0.467193,0.461054,0.0176223,0.0104224,0.65745,0.399383,0.811956,0.498711,0.024729,0.0441819,0.0166104,0.194455,0.0109898,0,0.244775,0.125902,4.44104,0.0708036,0.30043,0.0838931,0.847838,6.79255,0.95706,0.942904,0.0516655,0.257874,0.500816,0.213771,0.555199,0.555199,0,0,-0.00458896,0.0352531,0.944793,0.805302,0.012914,0.0228013,0.00455633,0.0035664,0.570108,0.0118176,-7.53681,-8.53629,14.1254,0.571973,0.996489,-16.3264,-0.909091,-0.171441,2.02013,0.25,11.5,0,0,31.625,30.8333,0,-10.5975,0.0001,-0.000405434,0.107924,1.8618,0.132241,49298,0.134824,57.78,1.96478
2232,0.466781,0.466777,0.0175543,0.00993519,0.657653,0.402874,0.812608,0.502923,0.0246148,0.044291,0.0165462,0.193604,0.0108703,0,0.244624,0.127012,4.41532,0.0709031,0.30035,0.0833101,0.846906,6.80059,0.957886,0.943124,0.0505487,0.259076,0.500037,0.212951,0.577859,0.577859,0,0,-0.00459679,0.0347035,0.944894,0.807268,0.0128024,0.022646,0.00456055,0.00358436,0.569751,0.0117022,-7.58648,-8.53551,14.0344,0.573829,0.991207,-16.3693,-0.909091,-0.171998,2.04712,0.458333,12,0,0,32.25,32.5,0,-10.5974,0.0001,-0.000723252,0.115394,1.78797,0.139181,51009,0.134805,57.17,2.28212
2233,0.464877,0.460177,0.0174741,0.0102827,0.65454,0.395718,0.811952,0.499299,0.0248595,0.0434002,0.0167087,0.192804,0.0109213,0,0.244803,0.12619,4.42973,0.0707985,0.300617,0.083572,0.84786,6.80218,0.957306,0.943384,0.050577,0.257799,0.501889,0.212168,0.564746,0.564746,0,0,-0.00456431,0.0348065,0.945502,0.805288,0.0129576,0.0228507,0.00450905,0.00359161,0.570525,0.0119354,-7.63314,-8.31256,14.0589,0.572057,0.990815,-16.5049,-0.909091,-0.171942,2.01887,0.541667,11.125,0,0,32.3333,32.4167,0.0416667,-10.5983,0.0001,-0.000344481,0.108111,1.76361,0.132839,51835,0.134789,58.68,2.02146
2234,0.4655,0.464892,0.017564,0.0100391,0.655149,0.401924,0.811345,0.506384,0.0245483,0.0447427,0.0164969,0.192563,0.0108843,0,0.243319,0.128386,4.40938,0.0704694,0.299369,0.0833515,0.848609,6.80224,0.957728,0.943093,0.0505154,0.253405,0.502698,0.212156,0.58502,0.58502,0,0,-0.00460941,0.0345344,0.944793,0.807562,0.0127952,0.0226116,0.00453163,0.00354675,0.570019,0.0116938,-7.47566,-8.61267,14.0643,0.574645,0.989033,-16.2854,-0.909091,-0.171121,2.03622,0.541667,11.6667,0,0,31.5833,31.875,0,-10.5998,0.0001,-0.000485255,0.116489,1.76398,0.127532,51970,0.1348,58.08,2.16921
2235,0.465128,0.457526,0.0176008,0.0104586,0.654578,0.395881,0.811919,0.497783,0.0246186,0.0444711,0.0165364,0.192527,0.0109335,0,0.242909,0.126265,4.45096,0.0712098,0.298896,0.0837428,0.848108,6.80141,0.957572,0.942973,0.051049,0.255045,0.501954,0.21197,0.565508,0.565508,0,0,-0.00460416,0.0346217,0.944832,0.806039,0.0128741,0.0227084,0.00461695,0.0036117,0.569874,0.0117691,-7.48577,-8.60081,14.0872,0.572551,0.992714,-16.2803,-0.909091,-0.17078,2.00546,0.75,12,0,0,32.75,33.1667,0,-10.6003,0.0001,-0.000665722,0.114118,1.7957,0.135835,50894,0.134832,57.45,1.853
2236,0.464418,0.462419,0.0175157,0.0103074,0.653459,0.398226,0.811943,0.503317,0.0244749,0.0444271,0.0164439,0.191105,0.01085,0,0.242504,0.127427,4.44497,0.070919,0.298529,0.0828253,0.849346,6.79933,0.957987,0.943249,0.050787,0.259834,0.501158,0.210724,0.575742,0.575742,0,0,-0.00460959,0.0345438,0.944319,0.80708,0.0127745,0.0225518,0.00430397,0.00338541,0.568358,0.0116677,-7.64977,-8.68315,14.0168,0.574966,0.987731,-16.2721,-0.909091,-0.171189,2.0279,0.5,11.5417,0,0,31.75,30.7083,0,-10.5971,0.0001,-0.000221837,0.117067,1.75878,0.139675,51780,0.134844,57.86,2.03859
2237,0.467341,0.461626,0.0175921,0.0102458,0.656496,0.399924,0.811607,0.499636,0.0247968,0.0440335,0.0166388,0.193752,0.0109287,0,0.244004,0.1265,4.4199,0.070523,0.301036,0.0837933,0.848372,6.795,0.95688,0.943001,0.0504344,0.255526,0.501624,0.212857,0.572502,0.572502,0,0,-0.00462235,0.0341546,0.944606,0.805465,0.0129027,0.022892,0.00446737,0.00352579,0.569238,0.0117835,-7.53207,-8.54681,14.1697,0.569878,0.999798,-16.3194,-0.909091,-0.171317,2.0225,0.75,13.0417,0,0,32.625,32.0833,0,-10.5962,0.0001,-0.00063503,0.108657,1.85683,0.138197,49274,0.134827,57.39,2.1387
2238,0.465305,0.463822,0.0175959,0.0101628,0.656198,0.40158,0.810808,0.504169,0.0245474,0.0447588,0.0164901,0.19199,0.0109166,0,0.242185,0.127963,4.43391,0.0707181,0.298544,0.0834102,0.848591,6.8023,0.957834,0.942989,0.0505282,0.254658,0.502373,0.211235,0.590912,0.590912,0,0,-0.00460907,0.034588,0.94418,0.806547,0.0128354,0.022649,0.00455869,0.00355791,0.570057,0.0116838,-7.51016,-8.713,14.0689,0.575102,0.994131,-16.2277,-0.909091,-0.171219,2.02999,0.583333,12.25,0,0,30.75,31.4167,0,-10.5954,0.0001,-0.000738578,0.116831,1.81207,0.131194,50587,0.134859,57.96,2.18742
2239,0.465579,0.46046,0.0175323,0.0101261,0.656036,0.398111,0.811464,0.500088,0.0246698,0.0438641,0.0165894,0.193278,0.0108798,0,0.244409,0.126838,4.43692,0.0702888,0.300446,0.0832351,0.850082,6.80331,0.957668,0.943195,0.0504486,0.255452,0.502799,0.212735,0.569275,0.569275,0,0,-0.00460302,0.0332824,0.94497,0.80584,0.0128727,0.0227001,0.00438252,0.00344616,0.568214,0.0117975,-7.61342,-8.50417,14.0493,0.57294,0.991358,-16.3845,-0.909091,-0.171644,2.01812,0.541667,11.6667,0,0,33.375,31.1667,0,-10.5925,0.0001,-0.000362587,0.110506,1.7992,0.131529,50915,0.13487,57.97,2.03495
2240,0.462437,0.459836,0.0175025,0.0102102,0.653154,0.396365,0.810872,0.49993,0.0247234,0.0444229,0.0166113,0.192574,0.010894,0,0.244219,0.126057,4.43955,0.0707455,0.299752,0.0840967,0.846071,6.7977,0.957075,0.943292,0.0509402,0.254581,0.50097,0.212005,0.571259,0.571259,0,0,-0.00457161,0.0358181,0.944323,0.807102,0.0128761,0.0227786,0.00452176,0.00357615,0.570249,0.011805,-7.56664,-8.54283,14.0734,0.574796,0.993859,-16.3694,-0.909091,-0.171294,2.01402,0.5,12.125,0,0,31.9167,32.9583,0,-10.5935,0.0001,-0.000735729,0.113227,1.75156,0.138785,52003,0.134853,58.16,1.99738
2241,0.467133,0.464005,0.0175043,0.00992746,0.656757,0.400246,0.81182,0.501272,0.0247544,0.0434068,0.0166372,0.193493,0.0108879,0,0.245138,0.126986,4.43382,0.0707883,0.300414,0.0834643,0.849035,6.80013,0.95722,0.94327,0.0512491,0.258049,0.502086,0.213051,0.573332,0.573332,0,0,-0.00456768,0.0349543,0.945267,0.805926,0.012909,0.0227864,0.00449348,0.00351368,0.568639,0.0118499,-7.59268,-8.37821,14.1038,0.571208,0.989622,-16.4482,-0.908611,-0.172049,2.03476,0.5,11.3333,0,0,32.7917,31.625,0.0416667,-10.5934,0.0001,-0.00078392,0.112371,1.7361,0.130234,52672,0.13488,56.74,2.06166
2242,0.466748,0.462945,0.0175345,0.0101256,0.656993,0.399911,0.811783,0.501536,0.0248492,0.042815,0.0167231,0.193247,0.0108692,0,0.24487,0.126954,4.44911,0.0705976,0.299998,0.0837239,0.850853,6.80336,0.956732,0.943188,0.0511941,0.257402,0.50286,0.212999,0.572717,0.572717,0,0,-0.00455845,0.0342313,0.945794,0.804531,0.0129671,0.0228227,0.00446757,0.00350406,0.567725,0.0119902,-7.62596,-8.24485,14.1045,0.568476,0.988155,-16.5535,-0.909091,-0.171901,2.02946,0.666667,10.75,0,0,33.2917,32,0,-10.5894,0.0001,-0.000373568,0.112949,1.72295,0.136392,52870,0.134912,58.88,2.06838
2243,0.465253,0.462228,0.0174972,0.0102038,0.657776,0.39805,0.811163,0.499545,0.0247274,0.0430353,0.0166399,0.193852,0.0108165,0,0.246071,0.125978,4.44019,0.0705649,0.300797,0.083185,0.847992,6.80176,0.957265,0.943309,0.0510687,0.262649,0.500479,0.213819,0.569447,0.569447,0,0,-0.00455422,0.0345477,0.945636,0.806243,0.0128562,0.0227116,0.00452305,0.00356177,0.569756,0.0118946,-7.68863,-8.27597,14.0483,0.571502,0.984263,-16.5448,-0.909091,-0.172438,2.02478,0.75,10.5,0,0,33.75,31.0417,0,-10.588,0.0001,-0.000208134,0.114649,1.69595,0.127668,53906,0.134932,57.36,1.97801
2244,0.464729,0.455691,0.0175546,0.010409,0.656995,0.394372,0.811971,0.495636,0.0241816,0.0445188,0.016276,0.19332,0.010768,0,0.244832,0.125225,4.44768,0.0714142,0.299827,0.082247,0.847123,6.81251,0.958243,0.943123,0.0511586,0.25656,0.501541,0.213234,0.565245,0.565245,0,0,-0.00461536,0.0346621,0.944824,0.809914,0.0126153,0.0222448,0.00456778,0.00354729,0.56903,0.0115581,-7.57297,-8.72243,13.8979,0.577765,0.976624,-16.2607,-0.909091,-0.171657,1.99947,0.333333,11.625,0,0,32.6667,32.5833,0,-10.5848,0.0001,-0.000564853,0.113532,1.73919,0.127609,52659,0.13498,58.57,1.96207
2245,0.470329,0.463353,0.0175617,0.0098784,0.661156,0.40112,0.811016,0.498249,0.0247968,0.0437201,0.0166711,0.194924,0.0109174,0,0.246397,0.125745,4.46705,0.0715284,0.301178,0.0837959,0.846975,6.79731,0.957256,0.9431,0.0515763,0.260066,0.501069,0.214544,0.58109,0.58109,0,0,-0.0045644,0.0348174,0.944728,0.8053,0.0129417,0.0228529,0.00451946,0.00355678,0.569528,0.0118992,-7.58541,-8.4452,14.1264,0.571797,0.995118,-16.3946,-0.909091,-0.172775,2.02859,0.5,11.4167,0,0,32.0833,30.9583,0,-10.5808,0.0001,-0.000401037,0.111467,1.74044,0.134404,52433,0.135004,57.63,2.22785
2246,0.466234,0.46038,0.0175199,0.0101147,0.657884,0.397505,0.81065,0.498399,0.0245802,0.0440828,0.0165296,0.19356,0.0108606,0,0.245101,0.125588,4.45787,0.072055,0.300273,0.0830954,0.845858,6.80426,0.957973,0.943235,0.0510176,0.256998,0.499683,0.213073,0.565557,0.565557,0,0,-0.00458862,0.035329,0.945231,0.806688,0.0128169,0.0226185,0.00463007,0.0036537,0.571409,0.011837,-7.56038,-8.54953,13.9648,0.57589,0.985456,-16.3902,-0.909091,-0.172356,2.01456,0.625,11.375,0,0,32.125,34.0833,0,-10.5801,0.0001,-0.000419585,0.113574,1.75356,0.136335,52015,0.135011,58.17,2.23249
2247,0.46929,0.463159,0.0174916,0.010086,0.661098,0.399322,0.811621,0.500271,0.0245359,0.0437152,0.0165127,0.194336,0.0108242,0,0.24685,0.126412,4.45206,0.0710311,0.301604,0.0826344,0.848113,6.80791,0.958227,0.943327,0.0507721,0.257973,0.5028,0.21419,0.566306,0.566306,0,0,-0.00458666,0.0342467,0.945815,0.807581,0.0127441,0.0225234,0.00449969,0.00355968,0.570642,0.0117579,-7.65742,-8.43612,13.9074,0.575962,0.98234,-16.4776,-0.909091,-0.173448,2.03063,0.625,10.7917,0,0,32.0417,32.7917,0,-10.579,0.0001,-0.000660537,0.107546,1.7726,0.14059,51382,0.135046,57.79,2.24672
2248,0.467143,0.46403,0.0175379,0.0100037,0.658163,0.400646,0.811335,0.502379,0.0249481,0.043211,0.0167856,0.193506,0.0108281,0,0.245195,0.127173,4.44808,0.0710677,0.299847,0.0836487,0.848434,6.80013,0.957162,0.943177,0.0509248,0.262086,0.502094,0.213349,0.57958,0.57958,0,0,-0.00455159,0.033997,0.946135,0.804922,0.0129671,0.0228947,0.00452927,0.00358629,0.56998,0.0119973,-7.63212,-8.17998,14.0547,0.571336,0.987589,-16.6205,-0.909091,-0.172212,2.03218,0.541667,10,0,0,32.8333,30.7083,0,-10.5772,0.0001,-0.000873881,0.114464,1.8735,0.136128,48916,0.135059,57.4,1.7745
2249,0.466891,0.460828,0.0175371,0.0100333,0.656318,0.398157,0.810913,0.500444,0.0245777,0.0436707,0.0165273,0.192108,0.0107997,0,0.243478,0.12645,4.43698,0.0706649,0.299228,0.0826692,0.848968,6.80431,0.958067,0.94318,0.0509303,0.258746,0.503157,0.211756,0.576058,0.576058,0,0,-0.00462435,0.0331639,0.945163,0.807087,0.0127627,0.0225946,0.00444521,0.00350181,0.569647,0.0117294,-7.64031,-8.52289,14.0158,0.573478,0.989466,-16.4053,-0.909091,-0.171691,2.01804,0.458333,12.5,0,0,33.625,32,0,-10.578,0.0001,-0.000622525,0.115345,1.79618,0.140891,50748,0.135059,58.56,1.98259
2250,0.464576,0.4595,0.0175268,0.0104859,0.656148,0.396572,0.810242,0.498927,0.0246784,0.0437607,0.0166083,0.192874,0.0107991,0,0.244248,0.125987,4.44866,0.0713563,0.300038,0.0831337,0.847692,6.80061,0.957286,0.943213,0.0506952,0.260792,0.500246,0.212332,0.56367,0.56367,0,0,-0.00458336,0.0343609,0.945406,0.807224,0.0128419,0.0226741,0.00451102,0.00357071,0.570451,0.0118263,-7.62303,-8.37246,14.0146,0.573267,0.987131,-16.4698,-0.909091,-0.171848,2.01049,0.708333,10.75,0,0,32.8333,31.1667,0,-10.5794,0.0001,-0.000328228,0.110699,1.83522,0.136963,49845,0.135036,58,2.01623
2251,0.467532,0.460538,0.0175787,0.0100992,0.659392,0.399444,0.810961,0.497622,0.0241595,0.0451608,0.0162123,0.194295,0.0107751,0,0.245134,0.126012,4.43496,0.0711104,0.300428,0.0824385,0.846653,6.81399,0.958955,0.943045,0.0502627,0.251796,0.503014,0.213656,0.57777,0.57777,0,0,-0.00462876,0.034912,0.944354,0.811067,0.0125494,0.0223045,0.0047666,0.00370941,0.571951,0.0114179,-7.37839,-8.92161,13.9482,0.578174,0.990958,-16.1182,-0.909091,-0.17198,2.016,0.541667,12.5417,0,0,30.1667,32.375,0,-10.5804,0.0001,-0.000332501,0.11497,1.81725,0.126886,50564,0.13504,57.92,1.95977
2252,0.465093,0.458388,0.017566,0.0101509,0.657046,0.396874,0.810556,0.496371,0.024071,0.0458436,0.0161576,0.19322,0.0108078,0,0.243792,0.12522,4.42413,0.0714122,0.299349,0.0821416,0.84628,6.8106,0.958482,0.943086,0.0502894,0.25189,0.501671,0.212306,0.567382,0.567382,0,0,-0.00464777,0.0345448,0.943987,0.810711,0.0125346,0.022207,0.00466707,0.00360116,0.570795,0.0113499,-7.39691,-9.07489,13.888,0.580494,0.985836,-16.0513,-0.909091,-0.171626,2.00615,0.583333,13.6667,0,0,30.2917,34.0417,0,-10.5818,0.0001,-0.000876133,0.111109,1.82465,0.127811,50348,0.135038,58.15,2.01982
2253,0.464162,0.461035,0.0176674,0.0101521,0.655909,0.400631,0.810928,0.498512,0.0244273,0.0460161,0.0163756,0.193655,0.0110175,0,0.242696,0.125681,4.42957,0.0712282,0.299227,0.0835386,0.848465,6.79542,0.95769,0.942757,0.0508542,0.251563,0.498172,0.212468,0.581117,0.581117,0,0,-0.0046533,0.0345094,0.943046,0.807734,0.0127553,0.0226393,0.00460767,0.00357266,0.569138,0.0114851,-7.36861,-9.05331,14.1013,0.57664,1.00585,-15.9915,-0.909091,-0.17056,2.01813,0.666667,12.9583,0,0,29.7917,29.6667,0,-10.5805,0.0001,-0.00122858,0.111708,1.85439,0.134059,49437,0.135084,58.28,1.97435
2254,0.467333,0.463775,0.0176287,0.0103264,0.659073,0.402298,0.811112,0.499855,0.024097,0.046008,0.0161731,0.194285,0.0108806,0,0.244203,0.12607,4.43082,0.0706654,0.300031,0.0825031,0.846679,6.81124,0.958653,0.942883,0.0499942,0.248584,0.501127,0.21344,0.565964,0.565964,0,0,-0.00467883,0.0334606,0.943649,0.810822,0.0125553,0.0222427,0.00458151,0.00356073,0.570384,0.0113151,-7.41343,-9.09997,13.9347,0.58002,0.99109,-15.993,-0.909091,-0.17158,2.03008,0.541667,13,0,0,29.8333,35.25,0,-10.578,0.0001,-0.00107389,0.112402,1.77362,0.142295,51309,0.135109,58.03,1.92722
2255,0.465529,0.459904,0.0175541,0.0102727,0.656575,0.39758,0.811516,0.496717,0.0245418,0.0451341,0.0164846,0.193381,0.0109529,0,0.244008,0.124911,4.41569,0.0708788,0.299861,0.0836913,0.847176,6.79875,0.957726,0.943125,0.0501735,0.25026,0.499052,0.212439,0.561077,0.561077,0,0,-0.00463965,0.0340466,0.944132,0.807448,0.0128054,0.0226379,0.00454912,0.00358138,0.570213,0.0116265,-7.46544,-8.7681,14.0919,0.573224,0.994313,-16.2056,-0.909091,-0.171663,2.01505,0.708333,11.9167,0,0,31,33.1667,0,-10.5766,0.0001,-0.000573594,0.109643,1.81416,0.137105,50379,0.135107,56.75,1.99158
2256,0.46549,0.459457,0.0177192,0.0102039,0.656892,0.400597,0.811574,0.497606,0.0246465,0.0451022,0.0165341,0.194518,0.01101,0,0.243282,0.125897,4.42097,0.0706959,0.299482,0.0840109,0.848933,6.79572,0.957369,0.94259,0.0510986,0.254636,0.500389,0.213457,0.579167,0.579167,0,0,-0.00463428,0.0337997,0.944378,0.805671,0.0128469,0.0227943,0.00467386,0.00359752,0.568694,0.0116059,-7.3571,-8.73136,14.226,0.568672,1.00875,-16.1493,-0.909091,-0.17035,2.01119,0.208333,13.5,0,0,32.625,31.4583,0,-10.577,0.0001,-0.00070357,0.110525,1.8457,0.135181,49626,0.135072,58.49,2.11993
2257,0.467804,0.467072,0.0175744,0.00994152,0.656695,0.404545,0.811192,0.50231,0.0243178,0.0451136,0.0163452,0.193479,0.0108566,0,0.244194,0.126793,4.40684,0.0699201,0.300405,0.0826575,0.847981,6.81141,0.958708,0.943059,0.0498963,0.251559,0.500379,0.212884,0.568682,0.568682,0,0,-0.00464145,0.0337746,0.944821,0.808834,0.0126632,0.0223763,0.00467096,0.0036291,0.570733,0.0115178,-7.44848,-8.72763,14.0408,0.572881,0.985382,-16.2083,-0.909091,-0.171455,2.04358,0.875,11.6667,0,0,30.25,32.1667,0,-10.5798,0.0001,-0.000690201,0.115289,1.82064,0.140017,50138,0.135055,57.39,2.04293
2258,0.463446,0.460445,0.0176132,0.0103124,0.655391,0.399067,0.811466,0.498248,0.0242004,0.0461934,0.0162405,0.193727,0.0109188,0,0.243761,0.125657,4.41522,0.0715573,0.300233,0.0829981,0.845409,6.80673,0.958292,0.942933,0.0500129,0.250624,0.498318,0.212794,0.574463,0.574463,0,0,-0.00466245,0.0350792,0.943555,0.809958,0.0126384,0.0223433,0.00471343,0.0036722,0.571611,0.0114112,-7.38526,-9.01696,14.0055,0.577316,0.992198,-16.0252,-0.909091,-0.170913,2.01689,0.75,12.8333,0,0,30.375,33.25,0,-10.5788,0.0001,0.000236418,0.115283,1.76697,0.13667,51640,0.135078,56.88,2.21833
2259,0.462946,0.457316,0.0175933,0.0104575,0.655369,0.395403,0.810745,0.496793,0.0243125,0.0456931,0.0163241,0.193642,0.0109322,0,0.243875,0.125056,4.4094,0.0701603,0.299625,0.0829413,0.846784,6.8118,0.958998,0.942998,0.0496739,0.24876,0.499654,0.212729,0.562436,0.562436,0,0,-0.00466081,0.0333299,0.944354,0.80836,0.0127184,0.0224033,0.0046573,0.00362676,0.570639,0.0114607,-7.41636,-8.84845,13.9867,0.576024,0.989622,-16.128,-0.909091,-0.171046,2.00155,0.541667,11.9583,0,0,31.2083,33.6667,0,-10.5755,0.0001,-0.000739443,0.113276,1.80549,0.124818,50926,0.135092,57.44,2.06632
2260,0.463353,0.461084,0.0176649,0.0102355,0.654559,0.400046,0.810808,0.499324,0.0243249,0.0466524,0.0163096,0.193026,0.0110402,0,0.242364,0.125951,4.41826,0.0713172,0.299697,0.0836587,0.847988,6.80006,0.958887,0.942765,0.049551,0.250322,0.498974,0.212079,0.572452,0.572452,0,0,-0.0046908,0.0334643,0.942674,0.80763,0.0127229,0.022494,0.00451659,0.00351976,0.570204,0.0113896,-7.40858,-9.10721,14.173,0.573185,1.00116,-15.9191,-0.909091,-0.170253,2.01748,0.5,13.5417,0,0,29.7083,31.9167,0,-10.5769,0.0001,-0.000437681,0.115071,1.75689,0.12875,52132,0.135082,57.48,2.02142
2261,0.470076,0.467066,0.0176695,0.0100782,0.660557,0.406454,0.811263,0.503737,0.0241674,0.0455317,0.0162332,0.194802,0.0109214,0,0.244602,0.128471,4.40434,0.0707271,0.300738,0.0827077,0.850596,6.81282,0.958374,0.942751,0.0501679,0.249492,0.504222,0.214244,0.578238,0.578238,0,0,-0.00467539,0.0329875,0.944517,0.809999,0.0125749,0.022271,0.00460802,0.00355472,0.570081,0.0113391,-7.34679,-8.91681,14.0354,0.573525,0.988133,-16.0582,-0.909091,-0.171495,2.04373,0.333333,12.4167,0,0,31.4583,34.5833,0,-10.5806,0.0001,-0.000403375,0.1152,1.74951,0.125661,52423,0.135075,57.97,2.2205
2262,0.466892,0.465213,0.0176895,0.00987953,0.658255,0.404004,0.8102,0.50075,0.0242961,0.0457209,0.0162989,0.194655,0.0110058,0,0.244006,0.12669,4.40922,0.0706925,0.300185,0.0833106,0.846757,6.80561,0.957968,0.942686,0.0505316,0.253912,0.499655,0.213896,0.590783,0.590783,0,0,-0.00467539,0.033871,0.944049,0.808505,0.0126845,0.0224308,0.00457286,0.0035425,0.569478,0.0114191,-7.3377,-8.93939,14.1006,0.572976,0.996411,-16.0182,-0.909091,-0.171,2.03309,0.5,12.3333,0,0,30.9167,33.2083,0,-10.5832,0.0001,-0.000935073,0.120055,1.76103,0.129605,51995,0.135051,56.55,1.87441
2263,0.464797,0.457484,0.0176976,0.0106138,0.656758,0.398534,0.810926,0.492689,0.0241904,0.0463561,0.0162275,0.194468,0.0110044,0,0.243552,0.123973,4.39974,0.0713978,0.30046,0.0831075,0.846461,6.80319,0.95836,0.94266,0.0495882,0.247715,0.498517,0.213673,0.551335,0.551335,0,0,-0.00468438,0.0340585,0.943554,0.809488,0.0126233,0.0223514,0.0045815,0.00355312,0.569101,0.0113356,-7.30787,-9.08648,14.0805,0.574647,0.992744,-15.9214,-0.909091,-0.170358,2.00144,0.541667,13.2917,0,0,30.875,33.5833,0,-10.584,0.0001,-0.000743619,0.120161,1.73944,0.153747,51925,0.135043,57.51,2.20833
2264,0.46293,0.456123,0.017745,0.0106362,0.655172,0.397643,0.810468,0.492706,0.023983,0.0476645,0.0160687,0.194631,0.0110485,0,0.242935,0.124251,4.4057,0.0713961,0.299766,0.0829385,0.845623,6.80392,0.959035,0.942506,0.0501925,0.250344,0.497959,0.213369,0.551274,0.551274,0,0,-0.0047182,0.034361,0.942649,0.810583,0.0125488,0.0222353,0.00476652,0.00363084,0.570616,0.0111246,-7.1594,-9.35742,14.0899,0.577776,1.00055,-15.7396,-0.909091,-0.169822,1.99432,0.416667,13.9167,0,0,29.2083,32.125,0,-10.5824,0.0001,-0.000400443,0.114622,1.68981,0.138263,53774,0.135053,57.2,2.19339
2265,0.466441,0.459172,0.0176427,0.0104736,0.657096,0.398118,0.811033,0.49013,0.0244312,0.0456632,0.0163949,0.195212,0.0110055,0,0.244944,0.122618,4.40721,0.0706827,0.301035,0.0833421,0.845398,6.79933,0.958022,0.942822,0.0501884,0.252927,0.497622,0.214093,0.541095,0.541095,0,0,-0.00465414,0.0341524,0.944492,0.80696,0.0127678,0.022529,0.00469812,0.00366571,0.57091,0.0115157,-7.33705,-8.81421,14.1194,0.57154,0.997662,-16.1123,-0.908592,-0.171227,2.01018,0.708333,12.7917,0,0,30.875,32.7917,0.0416667,-10.5799,0.0001,-0.000952716,0.108568,1.85878,0.144316,49076,0.135074,57.89,2.10063
2266,0.46485,0.458136,0.0176671,0.0106118,0.655595,0.398873,0.81088,0.497491,0.0244257,0.0447976,0.0164141,0.19377,0.0108929,0,0.243489,0.125381,4.42323,0.0704741,0.299451,0.0828659,0.850157,6.80492,0.958355,0.942759,0.0502643,0.257085,0.500858,0.21313,0.550469,0.550469,0,0,-0.0046487,0.0334472,0.945312,0.807601,0.0126936,0.022502,0.00464788,0.0036056,0.569889,0.0115156,-7.42062,-8.62794,14.1053,0.568713,0.992142,-16.2458,-0.909091,-0.170354,2.00567,0.458333,12.1667,0,0,31.4583,31.5,0,-10.5765,0.0001,-0.000524514,0.113547,1.80678,0.133675,50660,0.135099,56.59,2.1356
2267,0.465432,0.45634,0.0176419,0.0105999,0.656261,0.396327,0.810644,0.491914,0.0244253,0.0454015,0.0163797,0.194981,0.0110077,0,0.244577,0.123651,4.41877,0.0710764,0.30051,0.0837722,0.846987,6.80225,0.958044,0.94284,0.0504649,0.251078,0.499575,0.214128,0.55324,0.55324,0,0,-0.00465457,0.0340303,0.944386,0.807659,0.0127478,0.0225551,0.00461407,0.00358543,0.568872,0.0115196,-7.37981,-8.81943,14.1105,0.572601,0.997,-16.1007,-0.909091,-0.170635,1.99698,0.583333,12.625,0,0,31.75,32.7083,0,-10.5728,0.0001,-0.000550344,0.115458,1.79029,0.131349,51156,0.13516,57.64,2.12698
2268,0.467441,0.459382,0.0176598,0.0103191,0.657103,0.398934,0.810925,0.495655,0.0247053,0.0448543,0.0166116,0.194664,0.0110212,0,0.243923,0.125195,4.43155,0.0708349,0.300537,0.0840829,0.848646,6.79957,0.957827,0.942782,0.0506952,0.252283,0.500585,0.213676,0.561261,0.561261,0,0,-0.00466111,0.0333622,0.944642,0.805723,0.0128855,0.0227701,0.00459161,0.0035712,0.569781,0.0116929,-7.38401,-8.61405,14.1817,0.568537,1.0011,-16.2508,-0.909091,-0.170849,2.01077,0.5,12.0833,0,0,32.1667,31.5417,0.0416667,-10.5701,0.0001,-0.000705909,0.111062,1.73131,0.129299,52834,0.135152,57.38,1.95894
2269,0.466258,0.463083,0.0176131,0.0100452,0.655789,0.401822,0.811226,0.501525,0.0243084,0.0454693,0.016324,0.193902,0.0109802,0,0.243899,0.126987,4.43024,0.0710666,0.299786,0.0830347,0.847972,6.81548,0.959499,0.942917,0.0503414,0.251565,0.501344,0.213052,0.574886,0.574886,0,0,-0.00465988,0.0338597,0.944273,0.808425,0.0127125,0.0224258,0.00461111,0.00355294,0.570484,0.0114844,-7.3748,-8.85776,14.0633,0.573822,0.992157,-16.0959,-0.908586,-0.170884,2.02702,0.666667,12.0417,0,0,30.4167,32.5833,0.0416667,-10.5707,0.0001,-0.000512229,0.112381,1.77931,0.138577,51256,0.135164,58.94,1.89443
2270,0.464347,0.458945,0.0175328,0.0104411,0.653904,0.396248,0.81057,0.497364,0.0249892,0.0438669,0.0168095,0.193366,0.0110005,0,0.244401,0.125105,4.43173,0.070713,0.300187,0.0843178,0.846379,6.79424,0.957778,0.943178,0.0503537,0.25138,0.500253,0.212613,0.557874,0.557874,0,0,-0.00459703,0.0339348,0.945471,0.804532,0.0130375,0.0229994,0.00456083,0.00358312,0.570435,0.0119223,-7.48111,-8.23066,14.2356,0.56669,0.998293,-16.4696,-0.908611,-0.171052,2.00861,0.625,11.3333,0,0,32.2083,33.5833,0.0416667,-10.5666,0.0001,7.0777e-05,0.108723,1.81107,0.133611,50550,0.135205,56.9,1.81014
2271,0.465234,0.456992,0.0176316,0.0104611,0.657628,0.397283,0.811134,0.494237,0.0243368,0.0455705,0.0163623,0.194603,0.0109968,0,0.244709,0.124365,4.4331,0.0714512,0.300234,0.0830738,0.845979,6.80512,0.958313,0.942874,0.0504272,0.251884,0.499908,0.213949,0.564588,0.564588,0,0,-0.0046233,0.034954,0.944773,0.809141,0.0127029,0.0224242,0.00466284,0.00361319,0.570039,0.0114867,-7.31038,-8.74374,14.0463,0.573575,0.993045,-16.1605,-0.909091,-0.171113,2.00068,0.833333,12.3333,0,0,31.9167,33.0833,0,-10.562,0.0001,-0.000857907,0.109922,1.78056,0.129975,51453,0.135233,58.18,2.22974
2272,0.466863,0.462096,0.0175441,0.0102628,0.655023,0.399353,0.811295,0.501934,0.0246061,0.0437548,0.0165544,0.193111,0.0108296,0,0.244301,0.127413,4.41267,0.0699527,0.300055,0.0831736,0.849512,6.81527,0.958231,0.943137,0.0506796,0.253018,0.503477,0.212818,0.571343,0.571343,0,0,-0.00462261,0.0333412,0.946213,0.807984,0.0127695,0.0225558,0.00450817,0.00356097,0.570697,0.0117012,-7.51137,-8.29894,14.0513,0.568666,0.98582,-16.4899,-0.90846,-0.171185,2.02399,0.458333,10.5833,0,0,31.9583,32.25,0.0833333,-10.5586,0.0001,-0.000928699,0.112852,1.80293,0.134839,50730,0.135257,57.1,1.97722
2273,0.467933,0.463122,0.0176155,0.00999166,0.657982,0.401423,0.811067,0.4967,0.0249587,0.0437385,0.0167725,0.194755,0.010808,0,0.24516,0.125298,4.44121,0.069935,0.300743,0.0839931,0.849328,6.80492,0.957773,0.942926,0.0502551,0.252512,0.500664,0.213945,0.569904,0.569904,0,0,-0.00462234,0.0331038,0.946946,0.805457,0.0129335,0.0228875,0.00470425,0.00370936,0.571317,0.0118203,-7.41009,-8.12345,14.1704,0.56451,0.994674,-16.5585,-0.909091,-0.171502,2.02766,0.25,10.5,0,0,32.0833,33.875,0,-10.5573,0.0001,-0.000843865,0.120124,1.72578,0.138553,52728,0.135293,56.61,2.16108
2274,0.467749,0.455901,0.0176201,0.0102916,0.658798,0.395334,0.810399,0.489652,0.0247888,0.0443887,0.0166694,0.196179,0.0109448,0,0.246434,0.123271,4.44828,0.0708435,0.301354,0.083871,0.845934,6.80831,0.957707,0.942911,0.0506917,0.249948,0.499911,0.215284,0.554067,0.554067,0,0,-0.00461371,0.0342817,0.945863,0.806762,0.0128928,0.0227845,0.00478825,0.00372692,0.571487,0.0117358,-7.37729,-8.33659,14.1351,0.568244,0.996138,-16.4233,-0.909091,-0.171664,1.99464,0.708333,11.2083,0,0,31.9167,34.4583,0,-10.5564,0.0001,-0.000194891,0.114371,1.75372,0.125481,52311,0.135313,58.31,2.14061
2275,0.464417,0.457766,0.0176733,0.0104146,0.654749,0.398115,0.810852,0.495483,0.024457,0.0451208,0.0164408,0.192766,0.010913,0,0.242236,0.125479,4.4269,0.0709343,0.298777,0.0832063,0.849836,6.80415,0.958118,0.942738,0.0505224,0.25194,0.500473,0.212094,0.560386,0.560386,0,0,-0.00465683,0.0328959,0.945055,0.807458,0.0127537,0.0225003,0.00454257,0.00352717,0.569238,0.0115342,-7.38479,-8.69976,14.0802,0.570516,0.995222,-16.2145,-0.909091,-0.17008,2.00305,0.5,12.375,0,0,31.3333,32.4167,0,-10.5572,0.0001,-0.00080764,0.114861,1.71471,0.127381,53365,0.135315,58.72,2.19616
2276,0.461274,0.452636,0.0176067,0.0108383,0.652615,0.391742,0.8102,0.491421,0.0250568,0.0440278,0.0168362,0.192867,0.0110605,0,0.242872,0.123413,4.43747,0.0706804,0.299436,0.0845624,0.848873,6.79432,0.958045,0.942954,0.0508406,0.258268,0.498359,0.211809,0.541278,0.541278,0,0,-0.00460675,0.0337136,0.94565,0.802395,0.013097,0.0231122,0.00454259,0.00353202,0.569117,0.0119006,-7.40865,-8.2472,14.3382,0.561863,1.00707,-16.4333,-0.909091,-0.170272,1.98137,0.75,11.6667,0,0,34,31.0417,0,-10.5586,0.0001,-0.000153306,0.118095,1.77513,0.138178,51379,0.13531,58.03,2.02576
2277,0.46463,0.452758,0.0177329,0.0107568,0.656012,0.394929,0.810635,0.487659,0.0244182,0.0456916,0.0163904,0.194406,0.010971,0,0.242934,0.122352,4.45724,0.0713705,0.299678,0.0832559,0.84779,6.80004,0.95769,0.942545,0.050572,0.251073,0.498414,0.21348,0.536419,0.536419,0,0,-0.00467252,0.0336258,0.944625,0.807726,0.0127255,0.0225163,0.00468757,0.00357837,0.569138,0.0114457,-7.30471,-8.75901,14.1568,0.570364,0.996107,-16.1132,-0.909091,-0.169876,1.98065,0.583333,12.7083,0,0,31.0833,33.0417,0,-10.5589,0.0001,-0.000432775,0.118595,1.78876,0.1308,51211,0.135345,56.64,1.62663
2278,0.463449,0.454596,0.0177282,0.0106398,0.654858,0.396013,0.811316,0.492712,0.0246068,0.0458851,0.0165057,0.194097,0.0110398,0,0.242219,0.12441,4.45066,0.0713741,0.299379,0.0839279,0.848432,6.79357,0.957894,0.94256,0.0505626,0.250072,0.498991,0.212788,0.546623,0.546623,0,0,-0.00468534,0.032745,0.944024,0.806236,0.0128346,0.0227724,0.00460281,0.00353427,0.568258,0.0114938,-7.25581,-8.81003,14.2625,0.568284,1.0096,-16.0614,-0.909091,-0.169672,1.98996,0.291667,13.4167,0,0,30.7917,31.7083,0,-10.5576,0.0001,-0.000674707,0.111763,1.75458,0.133357,52069,0.135367,57.88,2.01216
2279,0.463839,0.454193,0.0177381,0.0108689,0.656134,0.396386,0.810067,0.491161,0.0244278,0.0461251,0.0163959,0.194059,0.0109231,0,0.242302,0.123869,4.45926,0.0713001,0.299639,0.0831278,0.849928,6.79969,0.958333,0.942511,0.0505727,0.252181,0.498594,0.212887,0.533908,0.533908,0,0,-0.00470513,0.0323958,0.944203,0.807078,0.0127214,0.0225572,0.00463495,0.00356056,0.569708,0.0113717,-7.32261,-8.87415,14.1587,0.570092,1.00528,-16.0736,-0.908557,-0.169826,1.9853,0.291667,12.875,0,0,31.7917,32.0417,0.0833333,-10.5574,0.0001,0.000367401,0.113375,1.74352,0.131577,52426,0.135375,58.47,2.06326
2280,0.469424,0.45883,0.0175769,0.0103005,0.658847,0.398107,0.810913,0.495876,0.024605,0.0438878,0.0165467,0.193931,0.0108052,0,0.245024,0.125882,4.42193,0.0709962,0.300441,0.0835639,0.84822,6.81251,0.95792,0.943051,0.0503908,0.250889,0.503697,0.213616,0.554338,0.554338,0,0,-0.00462516,0.0331587,0.946612,0.807787,0.0127613,0.0225639,0.00463764,0.00366032,0.571529,0.0116931,-7.44503,-8.32167,14.0409,0.568363,0.98458,-16.4728,-0.909091,-0.171851,2.00805,0.333333,9.91667,0,0,31.0833,33.375,0,-10.5586,0.0001,-0.000800004,0.112981,1.73969,0.133784,52471,0.135324,56.71,2.11442
2281,0.469635,0.46394,0.0176349,0.0101854,0.65949,0.403686,0.810193,0.49831,0.0242673,0.0460013,0.016288,0.194307,0.010864,0,0.244007,0.126226,4.4287,0.0713804,0.300316,0.0829211,0.848807,6.80914,0.958671,0.942863,0.0500522,0.24291,0.502698,0.213519,0.564627,0.564627,0,0,-0.00468617,0.0332307,0.944046,0.810611,0.0125993,0.0223825,0.00459763,0.00356988,0.570646,0.0113282,-7.24337,-8.95992,14.0681,0.574889,0.997964,-16.0253,-0.909091,-0.171465,2.02706,0.5,13.125,0,0,30.7917,35.7917,0.0416667,-10.5614,0.0001,-0.000569832,0.108,1.7471,0.132246,52307,0.135301,56.19,1.98679
2282,0.46749,0.45551,0.0177014,0.0104421,0.660773,0.397009,0.810545,0.490024,0.0245088,0.0455165,0.0164473,0.195762,0.0109511,0,0.244643,0.123741,4.42167,0.0705086,0.301395,0.083744,0.848783,6.80435,0.958316,0.942647,0.0497943,0.247811,0.500042,0.214936,0.549115,0.549115,0,0,-0.00466653,0.033233,0.944152,0.80849,0.0127564,0.0226269,0.00449263,0.00346872,0.568768,0.0114802,-7.31029,-8.76267,14.195,0.570391,1.00199,-16.1021,-0.909091,-0.171159,1.99275,0.541667,12.5417,0,0,30.2917,33.625,0,-10.5602,0.0001,-0.000628304,0.115348,1.75255,0.128563,52258,0.135344,56.82,1.93446
2283,0.465118,0.457075,0.017685,0.0105416,0.656223,0.397664,0.810983,0.494698,0.0240681,0.0466642,0.0161609,0.193521,0.0109828,0,0.242451,0.124713,4.42599,0.071789,0.299255,0.0827422,0.849199,6.80556,0.95893,0.942701,0.0511405,0.253404,0.499563,0.212558,0.561048,0.561048,0,0,-0.00470096,0.0342454,0.943362,0.809491,0.0125898,0.0222561,0.0045919,0.00351845,0.569357,0.011234,-7.26163,-9.16946,14.0478,0.576598,0.995894,-15.8861,-0.909091,-0.170349,1.99959,0.541667,13.5833,0,0,31.3333,29.7917,0,-10.5581,0.0001,-0.000811551,0.112261,1.75824,0.129522,52074,0.135372,58.15,2.18193
2284,0.462875,0.459471,0.0175058,0.0102252,0.651744,0.395522,0.810127,0.498572,0.0242473,0.0456782,0.0162939,0.191524,0.0108797,0,0.242587,0.125868,4.4104,0.0714994,0.298969,0.0827916,0.846766,6.80363,0.958187,0.943281,0.0499676,0.244832,0.500297,0.210479,0.57164,0.57164,0,0,-0.00466981,0.034405,0.944483,0.809976,0.0126456,0.0223312,0.00467169,0.00365624,0.570964,0.0113972,-7.35448,-8.84273,13.9857,0.57614,0.991346,-16.1325,-0.909091,-0.170932,2.00978,0.583333,12.5,0,0,32.2083,34.0833,0,-10.5586,0.0001,-0.000845121,0.111795,2.08917,0.126463,44368,0.135369,57.12,2.12476
2285,0.466826,0.459408,0.0177203,0.0104226,0.658051,0.400646,0.812021,0.494809,0.0241257,0.0459722,0.0161878,0.194606,0.0108897,0,0.243301,0.12487,4.4104,0.0708162,0.300252,0.0826824,0.849806,6.81206,0.958965,0.942586,0.0500398,0.249189,0.500035,0.213613,0.560015,0.560015,0,0,-0.0046933,0.0330124,0.944337,0.809053,0.0126009,0.0222641,0.00461844,0.00354096,0.569307,0.0113026,-7.25811,-9.00694,14.0701,0.572541,0.994722,-15.9636,-0.909091,-0.170521,2.01179,0.416667,12.9167,0,0,29.2083,31.2917,0,-10.5594,0.0001,-0.000579786,0.116704,1.72186,0.131208,53049,0.135381,57.37,1.94567
2286,0.465939,0.457985,0.0176095,0.0105342,0.6573,0.396543,0.810983,0.494665,0.0242115,0.0462019,0.0162506,0.193864,0.0109098,0,0.243849,0.124796,4.42154,0.0716128,0.300284,0.0828807,0.847691,6.80919,0.959194,0.942945,0.0496796,0.240789,0.5003,0.212824,0.555562,0.555562,0,0,-0.00468378,0.0338052,0.943995,0.810527,0.0126273,0.0223318,0.00466991,0.00361747,0.571273,0.0113053,-7.26464,-8.97716,14.0571,0.574875,0.997433,-16.0138,-0.909091,-0.171295,2.00489,0.5,13.3333,0,0,29.9583,34.7083,0,-10.5576,0.0001,-0.000900848,0.118642,1.70788,0.131485,53444,0.135396,58.79,2.11412
2287,0.461911,0.450307,0.0177409,0.0108488,0.655506,0.392645,0.810358,0.488677,0.0244095,0.0456037,0.0163623,0.194362,0.0109836,0,0.242887,0.123015,4.44456,0.0711461,0.300168,0.083302,0.848584,6.80462,0.958693,0.942519,0.0506492,0.254889,0.497439,0.213486,0.540239,0.540239,0,0,-0.00467409,0.0332222,0.944052,0.806607,0.0127672,0.0225773,0.00446538,0.00340592,0.56791,0.0114583,-7.34646,-8.8746,14.2052,0.569119,1.0007,-16.025,-0.909091,-0.169808,1.96926,0.416667,12.5,0,0,31.6667,32.3333,0,-10.556,0.0001,-0.000876571,0.108852,1.78067,0.136801,51267,0.135427,56.53,1.92399
2288,0.464042,0.4573,0.0177827,0.0104665,0.65896,0.400308,0.810627,0.492519,0.0245152,0.0456995,0.0164371,0.195506,0.0110113,0,0.243275,0.124051,4.43876,0.071147,0.300257,0.0832609,0.849431,6.79717,0.95863,0.942384,0.050838,0.253788,0.497448,0.214255,0.548581,0.548581,0,0,-0.00467471,0.0330607,0.943901,0.804909,0.012832,0.0227204,0.00457106,0.00346948,0.567322,0.011502,-7.27289,-8.8684,14.2758,0.567844,1.01105,-16.0095,-0.909091,-0.170204,1.99953,0.5,13.5833,0,0,32.4583,30.75,0,-10.554,0.0001,-0.00100673,0.108892,1.78124,0.135692,51282,0.135443,56.94,2.10817
2289,0.464685,0.461136,0.0176846,0.0101278,0.656393,0.401713,0.811419,0.499665,0.0244642,0.0442066,0.0164473,0.193005,0.0108398,0,0.242501,0.12641,4.41255,0.0701941,0.299524,0.0827672,0.852539,6.80308,0.95819,0.942702,0.0504166,0.258725,0.499535,0.212704,0.578473,0.578473,0,0,-0.0046433,0.0325534,0.945584,0.807009,0.0127542,0.0224821,0.0044198,0.00338924,0.567194,0.0116096,-7.49053,-8.47624,14.1202,0.567774,0.988037,-16.3063,-0.909091,-0.170294,2.01941,0.375,10.75,0,0,32.7917,31.9167,0,-10.5525,0.0001,-0.000696655,0.107926,1.76808,0.134374,51672,0.135477,56.97,2.02217
2290,0.462426,0.458766,0.0176005,0.0103176,0.653821,0.397699,0.810297,0.497927,0.0247461,0.0433828,0.016626,0.192286,0.010828,0,0.242614,0.125372,4.41641,0.0706088,0.299548,0.0834497,0.852313,6.8077,0.959067,0.942974,0.0497952,0.258167,0.498347,0.212111,0.572105,0.572105,0,0,-0.00459642,0.0333408,0.94571,0.804879,0.0129005,0.0227465,0.00444505,0.00342727,0.568997,0.0118452,-7.5441,-8.31121,14.2239,0.564724,0.990173,-16.412,-0.909091,-0.170366,2.00753,0.708333,10.9583,0,0,34.2917,31.2917,0,-10.549,0.0001,-0.000867066,0.108438,1.71584,0.13526,53105,0.135508,57.84,2.19119
2291,0.462999,0.457816,0.017669,0.0106712,0.655494,0.397709,0.81142,0.499643,0.0248789,0.0428492,0.0167266,0.193601,0.0108602,0,0.243385,0.126629,4.4012,0.0693651,0.299905,0.0836947,0.851631,6.80581,0.957877,0.942752,0.0508851,0.258144,0.500727,0.213283,0.565912,0.565912,0,0,-0.00460785,0.0321082,0.94625,0.804763,0.0129524,0.0228416,0.00441169,0.00340463,0.56806,0.0118962,-7.54636,-8.12778,14.2059,0.565238,0.993327,-16.5223,-0.909091,-0.170389,2.00535,0.375,9.91667,0,0,33.4583,31.6667,0,-10.5476,0.0001,-0.000938424,0.111179,1.70757,0.131601,53450,0.135551,57.73,2.20326
2292,0.461238,0.458167,0.0176254,0.010162,0.651877,0.397537,0.81119,0.498762,0.024901,0.0443281,0.016719,0.191406,0.0110241,0,0.240948,0.125939,4.4136,0.0706761,0.298628,0.0844222,0.849812,6.79207,0.957258,0.942894,0.0504537,0.253025,0.498887,0.210551,0.585832,0.585832,0,0,-0.00464806,0.0325403,0.944672,0.804699,0.0129739,0.0229653,0.00443425,0.00346023,0.568083,0.0117857,-7.48026,-8.45498,14.2799,0.566296,1.00416,-16.319,-0.909091,-0.169806,2.00636,0.625,12.5833,0,0,33.75,31.9167,0,-10.5453,0.0001,9.79734e-05,0.113972,1.6794,0.12737,54408,0.135608,58.51,2.12601
2293,0.463716,0.458075,0.0176837,0.0106303,0.65582,0.398669,0.811346,0.495641,0.0245068,0.0444237,0.0164564,0.193658,0.0108857,0,0.242863,0.125023,4.39299,0.0705416,0.300565,0.0829393,0.849276,6.80595,0.958419,0.942705,0.0506867,0.25597,0.499408,0.212881,0.552083,0.552083,0,0,-0.00463916,0.0332949,0.945498,0.806705,0.0127731,0.0225682,0.00459821,0.0035491,0.569978,0.011615,-7.36465,-8.56396,14.1339,0.568464,0.992603,-16.2388,-0.909091,-0.170333,2.0056,0.458333,11.5,0,0,33.1667,33.4583,0,-10.5404,0.0001,-0.000165008,0.107441,1.69175,0.131368,53920,0.135646,58.12,2.12724
2294,0.466076,0.46189,0.0176668,0.010409,0.656678,0.401658,0.810585,0.499802,0.024656,0.0439108,0.016572,0.193549,0.0109807,0,0.243303,0.126594,4.39973,0.0705016,0.300208,0.0834825,0.851595,6.80243,0.958721,0.94276,0.0504866,0.256838,0.500959,0.213179,0.572731,0.572731,0,0,-0.00463795,0.0328145,0.945198,0.805061,0.0128747,0.0226929,0.00437841,0.00335856,0.568231,0.0116733,-7.50259,-8.47482,14.2327,0.565372,0.994996,-16.2918,-0.909091,-0.170606,2.02045,0.666667,11.6667,0,0,32.0417,29.3333,0,-10.5366,0.0001,-0.000678376,0.111452,1.68638,0.135472,53958,0.135666,58.3,2.00229
2295,0.463299,0.45316,0.0176472,0.0108186,0.65504,0.394425,0.810082,0.492604,0.0245528,0.04456,0.0164891,0.192954,0.0108683,0,0.242326,0.123942,4.41414,0.0703155,0.299595,0.0833395,0.849847,6.80371,0.957998,0.942823,0.0498078,0.25227,0.500743,0.212124,0.536603,0.536603,0,0,-0.00464507,0.0326271,0.945288,0.807709,0.0127511,0.0225894,0.00448669,0.00345938,0.568326,0.0115379,-7.40886,-8.56212,14.1358,0.567797,0.99508,-16.2642,-0.909091,-0.170208,1.98194,0.541667,12.25,0,0,33.5,32.9583,0,-10.5347,0.0001,-0.00059084,0.108289,1.70866,0.131554,53419,0.135663,59.17,1.82674
2296,0.464925,0.46132,0.0176022,0.0102871,0.656879,0.398993,0.811206,0.498514,0.0243501,0.0455059,0.0163549,0.193847,0.0109637,0,0.244292,0.125786,4.38787,0.071006,0.30087,0.0828873,0.849359,6.80258,0.958704,0.942951,0.0495806,0.253558,0.499749,0.213036,0.562174,0.562174,0,0,-0.00466509,0.0333427,0.94446,0.807448,0.0127596,0.0224333,0.00462121,0.00356727,0.570315,0.0115078,-7.37851,-8.79243,14.0753,0.573002,0.992755,-16.1163,-0.908534,-0.171411,2.02043,0.541667,11.4167,0,0,30.4167,30.625,0.0416667,-10.5344,0.0001,-0.000803309,0.109945,1.74509,0.125727,52546,0.13568,57.41,1.96911
2297,0.462499,0.457797,0.0176761,0.0105156,0.654602,0.397629,0.810929,0.497156,0.0245208,0.0451239,0.0164713,0.193566,0.0110375,0,0.242614,0.125462,4.411,0.0710615,0.300028,0.0834193,0.850838,6.79764,0.958171,0.942729,0.0502164,0.253087,0.498547,0.21277,0.571798,0.571798,0,0,-0.00465703,0.0330483,0.944306,0.806247,0.0128599,0.0226471,0.00448583,0.00342665,0.567655,0.0115687,-7.32221,-8.6848,14.2431,0.568011,1.00081,-16.1054,-0.909091,-0.169964,2.00385,0.416667,12.75,0,0,33.0833,31.5,0,-10.5322,0.0001,-0.000413622,0.112617,1.74221,0.13429,52386,0.135705,57.22,2.11329
2298,0.463808,0.457869,0.0176213,0.0104798,0.656864,0.39694,0.809418,0.495583,0.024651,0.0450176,0.0165423,0.194355,0.0110622,0,0.244075,0.124786,4.39083,0.0708275,0.301044,0.0836576,0.849094,6.7969,0.957977,0.942907,0.0496334,0.254456,0.498892,0.213196,0.561987,0.561987,0,0,-0.00464055,0.0337641,0.944198,0.805355,0.0129129,0.0227698,0.0044373,0.00344039,0.567563,0.0116434,-7.39951,-8.73044,14.1833,0.5703,1.00438,-16.1551,-0.909091,-0.171237,2.00041,0.625,12.9583,0,0,32.875,31.9583,0,-10.5295,0.0001,-0.000671585,0.107374,1.70361,0.129605,53623,0.135713,57.64,1.91748
2299,0.465285,0.460768,0.0177463,0.010258,0.655345,0.402556,0.811547,0.501188,0.0240777,0.0459311,0.0161437,0.193031,0.0109423,0,0.241334,0.12724,4.40437,0.0710662,0.298841,0.082453,0.850409,6.81107,0.959056,0.942502,0.0497121,0.244341,0.500988,0.212219,0.582169,0.582169,0,0,-0.00470285,0.0330732,0.943745,0.810036,0.0125733,0.0222551,0.00453379,0.00346552,0.568469,0.0112551,-7.26322,-9.09323,14.0862,0.573521,0.994843,-15.8988,-0.909091,-0.169603,2.01669,0.5,13.8333,0,0,29.3333,32.4583,0,-10.5284,0.0001,-0.000473282,0.111327,1.74462,0.128406,52484,0.135722,57.46,2.04118
2300,0.460555,0.451737,0.0177408,0.0111316,0.653118,0.394707,0.810471,0.491165,0.0243646,0.0449985,0.0163192,0.19292,0.0110049,0,0.241522,0.123725,4.41238,0.070938,0.299544,0.0831793,0.849422,6.8051,0.958878,0.94252,0.0496598,0.248055,0.499469,0.212378,0.527092,0.527092,0,0,-0.0046473,0.0336569,0.944085,0.8075,0.0127193,0.022526,0.00449358,0.00341418,0.568065,0.0114528,-7.35101,-8.84887,14.2441,0.567475,0.99872,-16.0099,-0.909091,-0.169028,1.97604,0.583333,13.2917,0,0,31.2083,33,0,-10.5269,0.0001,-0.00086833,0.106373,1.76681,0.136432,51650,0.135705,56.77,2.04237
2301,0.463596,0.461695,0.0175979,0.0101517,0.654454,0.400517,0.809921,0.502381,0.0246393,0.0436693,0.0165499,0.192205,0.0109577,0,0.24274,0.127069,4.41265,0.0708159,0.299555,0.0835271,0.851779,6.80304,0.958103,0.942983,0.0499782,0.253915,0.500264,0.211931,0.583164,0.583164,0,0,-0.0045915,0.0338473,0.944984,0.805301,0.0128954,0.0226982,0.00435442,0.00336388,0.56698,0.0117707,-7.55646,-8.4506,14.1997,0.566625,0.99216,-16.3274,-0.909091,-0.170599,2.01842,0.5,11.7083,0,0,32.6667,30.4583,0,-10.5244,0.0001,-0.000431528,0.106781,1.75814,0.13156,52020,0.135729,56.64,2.0905
2302,0.463198,0.458945,0.0176439,0.010572,0.654419,0.399075,0.80997,0.499991,0.0247422,0.0430954,0.0166381,0.19381,0.010872,0,0.243836,0.126293,4.3875,0.0702964,0.300931,0.0831235,0.850796,6.8086,0.958372,0.942834,0.0501139,0.258855,0.500615,0.21352,0.565816,0.565816,0,0,-0.0045888,0.0329909,0.946097,0.804895,0.0128776,0.0227443,0.00444688,0.00342296,0.567904,0.0118416,-7.5386,-8.28175,14.1871,0.564671,0.989684,-16.4474,-0.909091,-0.170123,2.00602,0.541667,10.625,0,0,34.125,31.0833,0,-10.5223,0.0001,-0.000652084,0.110683,1.70969,0.125483,53566,0.135728,58.57,2.17854
2303,0.464943,0.461979,0.0175614,0.0104226,0.65383,0.399965,0.809085,0.502054,0.0248077,0.0436969,0.0166702,0.192649,0.0108899,0,0.243513,0.127015,4.40485,0.0706002,0.300666,0.0837351,0.850269,6.80952,0.958158,0.943101,0.0496103,0.257514,0.501136,0.21207,0.565613,0.565613,0,0,-0.00459703,0.0337732,0.945588,0.805846,0.0129045,0.0227971,0.00436936,0.00340955,0.568595,0.0118336,-7.47216,-8.38278,14.1575,0.567816,0.991674,-16.419,-0.909091,-0.17091,2.0171,0.625,11.6667,0,0,32.4167,32.3333,0,-10.5232,0.0001,-0.000582999,0.104784,1.69443,0.128762,53918,0.135726,57.09,1.94673
2304,0.460462,0.461681,0.0176432,0.0103656,0.652884,0.400376,0.80918,0.506667,0.0247716,0.0434597,0.0166322,0.193036,0.0108112,0,0.242526,0.128469,4.38412,0.0700595,0.300086,0.0831902,0.851564,6.80822,0.958252,0.942836,0.050214,0.256022,0.500941,0.212202,0.589141,0.589141,0,0,-0.00460975,0.0334815,0.945956,0.805861,0.0128408,0.0227624,0.00449787,0.00348579,0.568339,0.0117775,-7.48176,-8.36858,14.1028,0.567481,0.992715,-16.4491,-0.909091,-0.169975,2.01661,0.375,10.875,0,0,32.5833,31.625,0,-10.5227,0.0001,-0.000523102,0.108269,1.67152,0.128775,54604,0.135737,58.98,2.04746
2305,0.466812,0.465966,0.0175375,0.00994162,0.65703,0.402682,0.809821,0.505448,0.024531,0.0437801,0.016503,0.192594,0.0108127,0,0.24411,0.12853,4.39016,0.070317,0.300324,0.0829423,0.850336,6.80938,0.958121,0.943178,0.0491483,0.252674,0.503125,0.212362,0.586658,0.586658,0,0,-0.00461319,0.0329547,0.945947,0.808348,0.0127371,0.0224931,0.00438159,0.00342909,0.568132,0.011727,-7.5157,-8.40924,13.9948,0.571874,0.981842,-16.4428,-0.909091,-0.17183,2.03614,0.583333,10.6667,0,0,32.0417,33.1667,0,-10.5209,0.0001,-0.000503363,0.106604,1.73374,0.125473,52874,0.135736,57.84,1.98721
2306,0.45943,0.454916,0.0176467,0.0107622,0.654452,0.395252,0.809836,0.49992,0.024837,0.0430866,0.0166839,0.192887,0.0109225,0,0.242817,0.12637,4.42077,0.0706255,0.300052,0.0833245,0.851285,6.80422,0.958074,0.942825,0.0501151,0.260826,0.500648,0.212565,0.569587,0.569587,0,0,-0.0045735,0.0329286,0.945708,0.803665,0.0129356,0.0228493,0.00445539,0.00341151,0.567793,0.0118782,-7.48865,-8.31874,14.2593,0.564485,0.994266,-16.418,-0.909091,-0.170196,1.98935,0.5,11.5,0,0,33.9583,30.5833,0,-10.5212,0.0001,-0.000756253,0.111923,1.78254,0.139657,51141,0.135735,57.72,2.10547
2307,0.466034,0.464102,0.017573,0.010019,0.657008,0.401926,0.810123,0.504,0.024404,0.0438725,0.0164152,0.192473,0.0107038,0,0.243324,0.128191,4.40439,0.0701025,0.300305,0.0821281,0.851993,6.80997,0.958403,0.943064,0.0495722,0.249505,0.503353,0.212084,0.582868,0.582868,0,0,-0.00463752,0.031841,0.94542,0.808309,0.01268,0.0224095,0.0044405,0.00344193,0.56806,0.011625,-7.4925,-8.58819,13.9862,0.572614,0.983931,-16.3353,-0.909091,-0.171537,2.02877,0.375,11.7083,0,0,32.0833,31.5417,0.0416667,-10.5241,0.0001,-0.000636259,0.116904,1.7891,0.128558,51262,0.135728,59.43,2.30331
2308,0.461744,0.455432,0.0175928,0.010625,0.652668,0.394687,0.809507,0.497746,0.0244872,0.044144,0.0164666,0.19174,0.0108457,0,0.242125,0.125771,4.41732,0.0710465,0.300015,0.0826741,0.850578,6.80874,0.958959,0.942999,0.0494823,0.253389,0.500046,0.211538,0.564685,0.564685,0,0,-0.00463293,0.0326788,0.944563,0.806752,0.0127639,0.0225236,0.00416684,0.00323034,0.567298,0.011633,-7.59721,-8.62035,14.1091,0.570956,0.991171,-16.2706,-0.909091,-0.170188,1.9917,0.791667,12.2083,0,0,32.3333,30.875,0,-10.5253,0.0001,-0.000575448,0.109611,1.79629,0.131993,50980,0.135731,58.23,2.22878
2309,0.462345,0.460918,0.0175543,0.0102272,0.652988,0.398873,0.809723,0.505508,0.0242446,0.0440229,0.0163162,0.19071,0.0107166,0,0.241642,0.128823,4.43702,0.0705827,0.299065,0.081997,0.850718,6.81408,0.958724,0.943124,0.050254,0.256195,0.504089,0.210588,0.586594,0.586594,0,0,-0.00461222,0.0326554,0.945498,0.808927,0.0126175,0.0222608,0.00451325,0.0035084,0.570204,0.0115702,-7.43097,-8.61385,13.9577,0.574127,0.983583,-16.3131,-0.909091,-0.17052,2.01538,0.541667,11.5,0,0,33.5833,31.25,0,-10.5256,0.0001,-0.00046992,0.110012,1.78257,0.132104,51342,0.135745,56.89,2.07699
2310,0.462636,0.461048,0.0174971,0.0101461,0.654174,0.397641,0.809417,0.503754,0.0248625,0.0424035,0.0167349,0.190976,0.0107428,0,0.242923,0.127766,4.41455,0.069703,0.299359,0.0833648,0.852328,6.81274,0.958273,0.943309,0.0496339,0.254249,0.503532,0.211073,0.58971,0.58971,0,0,-0.00458583,0.0318775,0.946632,0.805708,0.0129023,0.0227922,0.00433902,0.0034249,0.568957,0.0119833,-7.60119,-8.1179,14.063,0.56884,0.987226,-16.6515,-0.909091,-0.171351,2.01637,0.458333,9.70833,0,0,33,31.5833,0,-10.5266,0.0001,-0.000808503,0.112533,1.75384,0.126781,52271,0.135766,57.89,2.00529
2311,0.463784,0.458439,0.01759,0.0105388,0.655274,0.396955,0.810403,0.502802,0.0244691,0.0437374,0.0164468,0.19264,0.0107404,0,0.24325,0.12777,4.43537,0.0707755,0.300524,0.0824704,0.854366,6.81165,0.958039,0.943008,0.0497651,0.255914,0.503825,0.212201,0.573627,0.573627,0,0,-0.00464384,0.0316029,0.945606,0.807086,0.012726,0.0225288,0.00444725,0.00343666,0.568045,0.0116984,-7.44821,-8.55374,14.0416,0.570784,0.990566,-16.3307,-0.909091,-0.170898,2.00555,0.625,11.9167,0,0,34.2917,31.625,0.0416667,-10.5271,0.0001,0.000153246,0.114851,1.7973,0.138659,50777,0.135774,58.23,2.09291
2312,0.464877,0.458701,0.017674,0.0103907,0.656661,0.398045,0.810188,0.495863,0.0247488,0.0436593,0.0166224,0.193487,0.0108123,0,0.24298,0.125469,4.42693,0.0710117,0.300783,0.0831245,0.849057,6.79909,0.957881,0.942736,0.050252,0.256795,0.500487,0.212755,0.56627,0.56627,0,0,-0.00460431,0.0326878,0.945825,0.80559,0.0128595,0.0228098,0.00457223,0.00355385,0.569774,0.0117737,-7.38558,-8.40602,14.1723,0.566473,0.997709,-16.3798,-0.909091,-0.170774,2.00583,0.458333,11.625,0,0,31.7917,31.4167,0.0416667,-10.5276,0.0001,-0.000892875,0.114249,1.76528,0.141324,51559,0.135796,57.56,2.06599
2313,0.463311,0.457848,0.0176012,0.0106121,0.654208,0.39682,0.810294,0.49907,0.0242395,0.0449976,0.0162887,0.191244,0.010786,0,0.241288,0.126481,4.4142,0.070826,0.299602,0.0822736,0.85037,6.81291,0.958491,0.942972,0.0493429,0.249319,0.501937,0.210574,0.556003,0.556003,0,0,-0.00466786,0.0315471,0.944587,0.810144,0.0125684,0.0223275,0.00451067,0.00350039,0.570043,0.0114244,-7.36386,-8.85677,14.0005,0.574677,0.990204,-16.1542,-0.909091,-0.170529,2.00392,0.333333,12.5833,0,0,31.5417,31.875,0,-10.5268,0.0001,-0.000500274,0.114055,1.74274,0.129156,52515,0.13585,59.21,2.20287
2314,0.461886,0.456825,0.0175649,0.0105057,0.652242,0.39543,0.810929,0.501649,0.0243608,0.0446792,0.0163837,0.190394,0.0107485,0,0.241002,0.127485,4.38049,0.0701447,0.29905,0.0827349,0.850387,6.81494,0.958507,0.94309,0.0493526,0.246887,0.50352,0.210008,0.579243,0.579243,0,0,-0.00466425,0.031352,0.945264,0.809947,0.0126178,0.0223603,0.0045656,0.00360331,0.572565,0.0115299,-7.37934,-8.70715,13.9859,0.573203,0.987395,-16.2781,-0.909091,-0.170288,1.99985,0.5,11.375,0,0,30.9583,33.1667,0,-10.5247,0.0001,-0.000576142,0.116095,1.76742,0.135658,51655,0.135884,56.84,2.15307
2315,0.461478,0.450748,0.0177559,0.0108705,0.655386,0.393363,0.811069,0.491812,0.0242792,0.0451975,0.0162922,0.192574,0.0107791,0,0.240662,0.124207,4.42763,0.0714174,0.299494,0.0821598,0.850668,6.81092,0.958827,0.942471,0.0500222,0.25302,0.499512,0.211797,0.553313,0.553313,0,0,-0.00465408,0.0321564,0.944637,0.807647,0.0126509,0.0223987,0.00458067,0.00349735,0.568266,0.0114838,-7.30378,-8.87134,14.0835,0.571468,0.993652,-16.0915,-0.909091,-0.169546,1.97305,0.5,12.9583,0,0,32,30.625,0,-10.522,0.0001,-0.000978188,0.112145,1.74142,0.132906,52447,0.135927,56.66,1.92795
2316,0.463059,0.45791,0.0175482,0.0103135,0.654427,0.396288,0.810393,0.499815,0.0243525,0.0437484,0.0163865,0.191309,0.0107407,0,0.242721,0.126715,4.41388,0.0705746,0.300244,0.0822568,0.8515,6.80566,0.958016,0.943144,0.0496801,0.250318,0.502306,0.211256,0.568949,0.568949,0,0,-0.00463195,0.0318717,0.945554,0.808724,0.0126337,0.022343,0.00450553,0.00352594,0.570176,0.0116138,-7.48778,-8.58018,13.984,0.57297,0.983008,-16.3462,-0.909091,-0.171106,2.00401,0.916667,11.2917,0,0,32.4583,32.3333,0.0416667,-10.5177,0.0001,-0.00082935,0.108019,1.6984,0.129887,53768,0.13597,57.58,2.16577
2317,0.460062,0.460003,0.0174922,0.010149,0.650818,0.396487,0.809902,0.504408,0.024689,0.0435348,0.0166113,0.190196,0.0108031,0,0.24162,0.127763,4.401,0.0709013,0.299397,0.0831792,0.851361,6.80995,0.958601,0.943325,0.0497477,0.251167,0.50131,0.20987,0.594625,0.594625,0,0,-0.00461285,0.0323809,0.945403,0.807629,0.0128055,0.0226732,0.00442437,0.0035027,0.57115,0.0117891,-7.50011,-8.43002,14.0865,0.570484,0.987002,-16.4231,-0.909091,-0.170571,2.01191,0.666667,11.3333,0,0,32.7083,32.8333,0.0416667,-10.5162,0.0001,-0.000778214,0.111971,1.73694,0.130198,52649,0.136011,57.95,1.69475
2318,0.463739,0.461416,0.0175369,0.0103345,0.653717,0.399015,0.810469,0.50656,0.0246469,0.0429761,0.0165991,0.191536,0.0107182,0,0.242919,0.129028,4.41059,0.0704748,0.299999,0.0825851,0.851618,6.81269,0.957995,0.943181,0.050144,0.25701,0.504703,0.211469,0.576668,0.576668,0,0,-0.00460968,0.0315121,0.946742,0.807384,0.0127646,0.0225524,0.00444806,0.00349391,0.569332,0.011828,-7.55256,-8.21106,13.9816,0.570545,0.977758,-16.5817,-0.909091,-0.170935,2.01984,0.416667,10.2917,0,0,33.5,32.7083,0,-10.5169,0.0001,-0.000748436,0.113005,1.73947,0.137802,52365,0.136008,56.96,1.88563
2319,0.462766,0.455327,0.0176524,0.010511,0.656401,0.395709,0.810441,0.497737,0.0242744,0.044537,0.0163077,0.191876,0.0107371,0,0.241375,0.125958,4.42813,0.07171,0.299528,0.0821604,0.850959,6.81174,0.958677,0.942806,0.0496332,0.251855,0.501146,0.211558,0.562568,0.562568,0,0,-0.00465403,0.0316028,0.945036,0.809643,0.0125998,0.0223526,0.00443272,0.00345401,0.569824,0.0114923,-7.41244,-8.74769,14.0142,0.572632,0.985775,-16.1884,-0.909091,-0.170523,1.99224,0.625,12.2917,0,0,31.4167,33.3333,0,-10.5184,0.0001,-0.000911501,0.109918,1.73745,0.132022,52583,0.136028,57.89,2.01611
2320,0.466265,0.460913,0.0176201,0.0103187,0.65857,0.400369,0.810516,0.499104,0.0244602,0.0439295,0.0164665,0.19305,0.0106749,0,0.24354,0.126607,4.41473,0.0710141,0.300281,0.082451,0.851078,6.81448,0.958439,0.942911,0.0504207,0.25445,0.502496,0.212929,0.579946,0.579946,0,0,-0.00461475,0.0320766,0.946117,0.808576,0.0126876,0.022452,0.00454833,0.00354072,0.570388,0.0116729,-7.41751,-8.42877,13.9884,0.571569,0.981298,-16.3989,-0.909091,-0.171434,2.0158,0.333333,10.5417,0,0,32.5417,32.125,0,-10.517,0.0001,-0.000140814,0.110312,1.70674,0.134574,53387,0.136043,58.47,2.19555
2321,0.462658,0.460106,0.017619,0.0101764,0.654191,0.399298,0.810409,0.503175,0.0245129,0.043966,0.0164889,0.19124,0.0107139,0,0.241237,0.127772,4.40785,0.0706354,0.29908,0.0825493,0.851601,6.81458,0.958462,0.942914,0.0501321,0.251607,0.502042,0.210904,0.581166,0.581166,0,0,-0.00464848,0.0314906,0.94583,0.808677,0.0126939,0.0225021,0.00443591,0.00348732,0.570786,0.0116648,-7.44001,-8.48736,13.9828,0.572402,0.983438,-16.3953,-0.909091,-0.170349,2.01265,0.166667,11.2917,0,0,31.9583,32.625,0,-10.5165,0.0001,-0.000777829,0.113358,1.74081,0.128398,52591,0.13604,57,1.8778
2322,0.46108,0.453702,0.0175793,0.0107539,0.652281,0.39268,0.809917,0.496976,0.0244386,0.0451146,0.0164045,0.190773,0.010898,0,0.241251,0.125907,4.41945,0.07193,0.298841,0.0832381,0.849468,6.79677,0.958063,0.943043,0.0494225,0.24663,0.501957,0.210352,0.553653,0.553653,0,0,-0.00465886,0.0330137,0.943948,0.807787,0.0127194,0.022564,0.00442992,0.00346108,0.569011,0.0115711,-7.40537,-8.87123,14.0987,0.573752,0.993389,-16.1063,-0.909091,-0.170283,1.98517,0.458333,12.5417,0,0,31.6667,32.5417,0,-10.517,0.0001,-0.000725142,0.11444,1.70402,0.127886,53662,0.136021,58.92,1.93107
2323,0.459729,0.455807,0.0176463,0.0107067,0.654439,0.395991,0.809413,0.498914,0.0247077,0.0437967,0.0166119,0.192501,0.0108851,0,0.242339,0.126097,4.42547,0.0709338,0.299769,0.0830623,0.852046,6.80019,0.957647,0.942807,0.0510031,0.261554,0.499855,0.212078,0.560474,0.560474,0,0,-0.00463074,0.031964,0.945669,0.804309,0.0128828,0.0227295,0.00447898,0.00346851,0.56918,0.0117749,-7.40877,-8.42112,14.1908,0.566958,0.99633,-16.3763,-0.908508,-0.170285,1.99275,0.583333,11.2083,0,0,33.75,29.9167,0.0416667,-10.5198,0.0001,-0.000748191,0.107814,1.65746,0.130436,54982,0.135995,58.1,1.97956
2324,0.464526,0.459552,0.0176792,0.0104409,0.657015,0.400209,0.808998,0.500494,0.0244461,0.044109,0.0164329,0.193466,0.0107902,0,0.243128,0.127187,4.4327,0.0712494,0.300331,0.0824267,0.85167,6.81384,0.958543,0.942719,0.0502178,0.256807,0.501445,0.213165,0.570395,0.570395,0,0,-0.00464591,0.0322029,0.945169,0.807757,0.0126874,0.0224944,0.00451088,0.00347697,0.569446,0.0115796,-7.44377,-8.63809,14.0642,0.571363,0.98906,-16.2689,-0.909091,-0.170612,2.00611,0.625,11.8333,0,0,32.75,32.2083,0.0416667,-10.5215,0.0001,-0.00107072,0.11138,1.71905,0.126869,53254,0.135964,56.76,2.00772
2325,0.464578,0.456865,0.0176111,0.0103035,0.657566,0.395554,0.80946,0.496148,0.0244211,0.0441429,0.0164137,0.19371,0.0108199,0,0.244148,0.125545,4.43754,0.07187,0.301112,0.0826659,0.850201,6.81234,0.958051,0.94294,0.050596,0.253932,0.499872,0.21326,0.569521,0.569521,0,0,-0.00462792,0.0326017,0.945347,0.807798,0.0126978,0.0224834,0.004556,0.00352789,0.570044,0.0116295,-7.37794,-8.62265,14.0577,0.571045,0.989155,-16.2901,-0.909091,-0.171437,1.99769,0.541667,11.5,0,0,31.7083,30.9167,0,-10.525,0.0001,-0.00109923,0.109419,1.67796,0.132917,54285,0.135916,57.84,2.3119
2326,0.463142,0.457185,0.0176332,0.0106136,0.655341,0.396784,0.810178,0.4979,0.0247147,0.0437549,0.0165999,0.193104,0.0108559,0,0.243205,0.125715,4.42798,0.0716731,0.299844,0.0831618,0.851409,6.80222,0.957649,0.942868,0.0501309,0.254197,0.500338,0.212706,0.560337,0.560337,0,0,-0.0046206,0.0329182,0.945722,0.805501,0.0128366,0.0227424,0.00457566,0.00355714,0.568853,0.0117443,-7.41828,-8.42248,14.1551,0.566952,0.995143,-16.3745,-0.909091,-0.170596,2.00018,0.708333,12,0,0,32.8333,30.5833,0,-10.53,0.0001,-0.000499346,0.112956,1.68503,0.126096,54277,0.135891,57.54,2.06036
2327,0.463404,0.457592,0.0175677,0.010546,0.653706,0.395891,0.81087,0.499663,0.0246738,0.0441553,0.0165772,0.191533,0.0108538,0,0.241887,0.126121,4.41547,0.071779,0.299291,0.0830997,0.851488,6.80365,0.95809,0.943081,0.0499476,0.248717,0.501991,0.210777,0.5627,0.5627,0,0,-0.00463213,0.0325738,0.945279,0.806746,0.0128194,0.0227193,0.00453252,0.00357317,0.57083,0.0117127,-7.38305,-8.55111,14.1028,0.569977,0.994172,-16.3204,-0.909091,-0.170676,2.00391,0.333333,12.9583,0,0,32.6667,32.7917,0,-10.5307,0.0001,-2.04907e-05,0.113093,1.68709,0.125686,54228,0.135884,57.57,2.0614
2328,0.463755,0.458111,0.0176292,0.0103407,0.655253,0.397172,0.810446,0.49711,0.024686,0.0448512,0.0165738,0.192057,0.010873,0,0.241776,0.125769,4.39042,0.0712243,0.29992,0.0835031,0.852001,6.80689,0.958286,0.942881,0.0497205,0.248931,0.5005,0.211238,0.563999,0.563999,0,0,-0.00466501,0.0319007,0.944756,0.806838,0.0128091,0.0227326,0.00439461,0.00345132,0.569335,0.01164,-7.35295,-8.61938,14.1616,0.569921,0.999331,-16.2581,-0.909091,-0.170657,2.00345,0.625,11.6667,0,0,31.3333,31.375,0,-10.5303,0.0001,-0.000501713,0.11129,1.70699,0.133444,53413,0.135908,59.08,1.96592
2329,0.459918,0.45779,0.017707,0.0107644,0.653062,0.39847,0.811583,0.499858,0.0242076,0.0461401,0.0162351,0.19178,0.0109176,0,0.240354,0.126228,4.39031,0.0720907,0.298802,0.0826228,0.851649,6.80724,0.959161,0.942629,0.0494725,0.250254,0.498647,0.210872,0.566234,0.566234,0,0,-0.00469726,0.0327555,0.943572,0.808825,0.0126266,0.0223697,0.0045524,0.00352044,0.570373,0.0113627,-7.28103,-9.07363,14.103,0.573871,0.994801,-15.9411,-0.909091,-0.169414,2.00458,0.75,13.6667,0,0,31.5,32.3333,0,-10.5264,0.0001,-0.000810928,0.115011,1.73165,0.127041,52888,0.135961,56.38,1.9233
2330,0.463305,0.456747,0.0176507,0.0106235,0.653423,0.395591,0.810931,0.49477,0.0242814,0.0455445,0.0162961,0.192863,0.0109166,0,0.242459,0.124647,4.37764,0.0717924,0.300289,0.0828959,0.848035,6.81308,0.958821,0.942812,0.0494874,0.242164,0.4987,0.211833,0.562398,0.562398,0,0,-0.00468616,0.033195,0.94414,0.81004,0.0126404,0.0224004,0.00474865,0.00372529,0.572761,0.0114604,-7.22768,-8.99055,14.0429,0.57429,0.993599,-16.0364,-0.909091,-0.170235,1.99976,0.583333,12.7917,0,0,29.125,33.2083,0,-10.5211,0.0001,-0.00114444,0.115483,1.69124,0.126128,54091,0.135994,57.33,1.92257
2331,0.46149,0.457615,0.017709,0.0104969,0.654132,0.397771,0.81136,0.49861,0.024435,0.0458789,0.016366,0.192765,0.0109675,0,0.24151,0.126001,4.3926,0.0718107,0.299811,0.0834733,0.847813,6.80195,0.958713,0.942623,0.049617,0.247207,0.498822,0.211545,0.571864,0.571864,0,0,-0.00469263,0.0329132,0.943614,0.807409,0.0127356,0.0226412,0.00457097,0.00354302,0.571271,0.0114426,-7.22472,-9.02503,14.1952,0.571422,1.00532,-15.9648,-0.909091,-0.169897,2.00347,0.625,13.6667,0,0,29.2917,33,0.0416667,-10.5163,0.0001,-0.000303382,0.11084,1.74292,0.124637,52637,0.136027,56.38,1.96778
2332,0.460548,0.453484,0.0176764,0.0107792,0.653467,0.395011,0.811513,0.492991,0.0241302,0.0467689,0.016175,0.192978,0.0109165,0,0.241878,0.123895,4.42026,0.0727074,0.299808,0.0827238,0.847632,6.80434,0.959214,0.942728,0.0496042,0.245252,0.498181,0.21186,0.556088,0.556088,0,0,-0.00469538,0.0328294,0.943248,0.809886,0.0125876,0.0223456,0.00472466,0.00366878,0.57234,0.0112931,-7.17018,-9.20655,14.1058,0.575593,0.994175,-15.8468,-0.909091,-0.169727,1.9866,0.416667,13.625,0,0,29.625,33.0417,0,-10.5116,0.0001,-0.000854076,0.108786,1.73135,0.130065,52811,0.136069,56.17,1.9311
2333,0.464924,0.457537,0.0176675,0.0106159,0.655505,0.397706,0.811197,0.494875,0.0243743,0.0457483,0.0163381,0.193304,0.0109044,0,0.242439,0.125002,4.39256,0.0714033,0.300391,0.0829977,0.849595,6.81281,0.959199,0.942757,0.0493243,0.242795,0.500056,0.212186,0.559202,0.559202,0,0,-0.00467945,0.0321457,0.944145,0.808962,0.0126545,0.0225265,0.00455597,0.00356084,0.57113,0.0113995,-7.20048,-8.95902,14.1202,0.571806,0.998195,-16.0077,-0.909091,-0.170348,2.00222,0.458333,13.5833,0,0,30.0833,33,0,-10.5088,0.0001,-0.000663418,0.111636,1.77982,0.128884,51502,0.136097,57.51,2.17818
2334,0.46587,0.465121,0.017663,0.0100102,0.65649,0.403887,0.811365,0.501493,0.0242536,0.046723,0.0162575,0.193845,0.010964,0,0.242846,0.12693,4.40572,0.0720369,0.300716,0.0831587,0.848912,6.80654,0.958706,0.942772,0.0496084,0.241033,0.500101,0.212522,0.590832,0.590832,0,0,-0.00470977,0.032834,0.943336,0.810195,0.012614,0.0224348,0.00479184,0.00374639,0.573063,0.0113083,-7.14721,-9.14703,14.0975,0.57581,1.00089,-15.8962,-0.909091,-0.170741,2.03605,0.416667,13.7083,0,0,29.0417,33.0833,0,-10.5074,0.0001,-0.000614753,0.107335,1.70533,0.125503,53693,0.136108,57.99,2.20372
2335,0.464113,0.460821,0.0176549,0.0102371,0.655771,0.400508,0.811884,0.500335,0.0240312,0.0464115,0.0161255,0.192253,0.0108105,0,0.241375,0.126748,4.3924,0.0722219,0.299965,0.0820431,0.848238,6.81494,0.95879,0.942798,0.0496436,0.243773,0.500501,0.211284,0.577757,0.577757,0,0,-0.00471359,0.0331268,0.943867,0.812361,0.012463,0.0221428,0.00462194,0.00363031,0.571714,0.0112343,-7.17638,-9.14682,13.9675,0.577327,0.985744,-15.923,-0.909091,-0.170506,2.01945,0.416667,13.9167,0,0,29.8333,34.0833,0,-10.5076,0.0001,-0.000763719,0.109623,1.74461,0.137251,52237,0.136122,57.9,2.12335
2336,0.465936,0.460194,0.0176248,0.0101998,0.657717,0.400167,0.812124,0.498148,0.0243765,0.0442627,0.0164023,0.19409,0.0106344,0,0.244442,0.126052,4.38222,0.0704263,0.301183,0.0822527,0.849944,6.818,0.958657,0.942896,0.0501055,0.248964,0.502075,0.213797,0.56543,0.56543,0,0,-0.00464093,0.0322984,0.94631,0.810689,0.0125376,0.0223508,0.00466852,0.00366092,0.572185,0.0115167,-7.30071,-8.54368,13.9787,0.571003,0.983279,-16.3686,-0.909091,-0.171079,2.01698,0.541667,11.5833,0,0,31.0417,32.4167,0,-10.5066,0.0001,-0.000609438,0.109289,1.69859,0.131644,53711,0.136119,57.39,2.35033
2337,0.460262,0.456223,0.0176378,0.0105499,0.6517,0.395975,0.81246,0.49976,0.024552,0.0445467,0.0164834,0.190925,0.0107791,0,0.240189,0.126252,4.38404,0.0709077,0.298961,0.0829076,0.850738,6.80818,0.958505,0.942853,0.0501987,0.253015,0.49983,0.21002,0.58052,0.58052,0,0,-0.00465729,0.0316452,0.945412,0.807501,0.0127011,0.0225865,0.00467575,0.00370672,0.573284,0.0116176,-7.33307,-8.60199,14.1046,0.569246,0.99226,-16.2753,-0.909091,-0.169654,2.00134,0.625,12.0833,0,0,32,32.0417,0,-10.5072,0.0001,-0.000374648,0.109911,1.7175,0.13268,53132,0.1361,59.18,2.17269
2338,0.458863,0.452854,0.0175793,0.0107346,0.64949,0.392493,0.813702,0.496189,0.0247044,0.0443667,0.0165873,0.189907,0.0107956,0,0.2398,0.124524,4.37336,0.0710098,0.298167,0.0834714,0.849654,6.8077,0.957914,0.943043,0.0491916,0.24553,0.499339,0.209045,0.553989,0.553989,0,0,-0.0046389,0.0322866,0.945528,0.807812,0.0127869,0.0227125,0.0046705,0.00373527,0.572684,0.0117189,-7.34944,-8.46457,14.1226,0.569294,0.991533,-16.3489,-0.909091,-0.169523,1.9915,0.583333,11.4583,0,0,30.9167,33.7917,0,-10.5111,0.0001,-0.00039375,0.104057,1.6752,0.13152,54410,0.136044,57.26,1.85257
2339,0.461139,0.46091,0.0176444,0.0101666,0.653147,0.400467,0.812735,0.503848,0.0243463,0.0446244,0.0163476,0.192214,0.0107677,0,0.24171,0.127698,4.40042,0.0709077,0.299609,0.0823709,0.850703,6.80722,0.958318,0.942832,0.0501787,0.254982,0.500986,0.211558,0.58929,0.58929,0,0,-0.00464343,0.0320892,0.945385,0.808133,0.0126519,0.0224159,0.00475651,0.00370817,0.571891,0.0115308,-7.3075,-8.68209,14.0531,0.571094,0.987952,-16.2133,-0.909091,-0.169863,2.02152,0.541667,11.875,0,0,31.625,30.7083,0,-10.5162,0.0001,-0.000556434,0.112634,1.69086,0.131073,53955,0.136013,57.27,2.00152
2340,0.463502,0.461858,0.0175092,0.0100006,0.654272,0.39876,0.813044,0.5031,0.0249484,0.0427139,0.0167777,0.191459,0.0107364,0,0.242896,0.127554,4.39044,0.0704422,0.299844,0.0833838,0.849471,6.81329,0.957999,0.94327,0.049701,0.248632,0.502235,0.210894,0.58348,0.58348,0,0,-0.00458339,0.0322514,0.947147,0.806491,0.0128829,0.0228401,0.0046831,0.00374377,0.572576,0.0119664,-7.43946,-8.05904,14.0969,0.565737,0.984872,-16.6487,-0.909091,-0.171417,2.02833,0.333333,10.25,0,0,32.8333,33.7917,0,-10.5188,0.0001,-0.000638142,0.103782,1.75364,0.133156,52101,0.136014,58.95,2.04171
2341,0.4625,0.462207,0.0176324,0.010544,0.654526,0.401235,0.812854,0.502247,0.0249493,0.0431424,0.0167618,0.191939,0.0108368,0,0.242023,0.126562,4.386,0.0707873,0.29966,0.0835219,0.851764,6.80433,0.958309,0.942871,0.0506096,0.258735,0.499668,0.211473,0.56413,0.56413,0,0,-0.00457649,0.032435,0.946577,0.803945,0.0129376,0.0229172,0.00467131,0.00369965,0.572768,0.0119554,-7.40855,-8.21069,14.1701,0.564577,0.992771,-16.5302,-0.909091,-0.170477,2.02812,0.625,10.5833,0,0,33.875,30.2083,0,-10.519,0.0001,-0.00039166,0.106652,1.73284,0.133287,52678,0.136039,56.36,2.04561
2342,0.462737,0.461188,0.0175603,0.0103744,0.652066,0.399535,0.812882,0.505019,0.0243552,0.0442081,0.0163546,0.190926,0.0106914,0,0.241575,0.128062,4.39499,0.0712648,0.298991,0.0823864,0.850901,6.80968,0.958512,0.943105,0.0498633,0.245889,0.501997,0.210481,0.582657,0.582657,0,0,-0.00464021,0.0320692,0.945081,0.809293,0.0126319,0.0224142,0.00471732,0.00372305,0.572816,0.0115659,-7.36627,-8.72057,14.041,0.571572,0.985814,-16.2179,-0.909091,-0.170329,2.02361,0.666667,12.0417,0,0,30.9167,33.25,0,-10.5179,0.0001,-0.000952119,0.109438,1.72884,0.139053,52628,0.136043,57.68,2.05193
2343,0.465179,0.464212,0.0175382,0.0101472,0.654817,0.401388,0.814001,0.504488,0.0244721,0.0441149,0.0164495,0.191511,0.0106809,0,0.242738,0.12761,4.37882,0.0711408,0.300046,0.0829674,0.849273,6.81669,0.958665,0.943176,0.0498255,0.24535,0.50256,0.211246,0.586779,0.586779,0,0,-0.00463032,0.032639,0.945809,0.81052,0.0126334,0.0224513,0.00474973,0.00381884,0.575439,0.0116881,-7.33462,-8.55622,13.962,0.573508,0.979768,-16.3427,-0.909091,-0.171164,2.03957,0.541667,11,0,0,31.125,34.625,0,-10.5171,0.0001,-0.000975114,0.105345,1.74594,0.129035,52429,0.136037,58.98,2.34978
2344,0.461864,0.462212,0.0176468,0.0100717,0.654964,0.402177,0.813146,0.503867,0.0246764,0.0438551,0.0165915,0.191584,0.010748,0,0.241056,0.127701,4.4091,0.0714552,0.299194,0.0826963,0.851026,6.80475,0.957877,0.942824,0.0511856,0.259529,0.50023,0.2111,0.593785,0.593785,0,0,-0.00460392,0.0325948,0.945668,0.806823,0.0127931,0.0226985,0.00457509,0.0036338,0.571776,0.0117759,-7.37606,-8.43779,14.1116,0.569092,0.990575,-16.3847,-0.909091,-0.170276,2.02762,0.541667,11.9583,0,0,33.1667,31.375,0,-10.5176,0.0001,-0.00045443,0.108062,1.69359,0.128874,53940,0.136002,57.73,2.1563
2345,0.465875,0.460514,0.0175542,0.0101562,0.658862,0.398623,0.812847,0.498817,0.0247891,0.0437423,0.016643,0.19312,0.0108026,0,0.2441,0.125759,4.39014,0.0715872,0.301058,0.0835307,0.848247,6.80404,0.957653,0.943109,0.04985,0.248674,0.500416,0.21256,0.566832,0.566832,0,0,-0.00461297,0.0325152,0.94527,0.807652,0.0128175,0.0228282,0.00459987,0.00367531,0.572074,0.0118284,-7.37044,-8.47067,14.1452,0.569658,0.995776,-16.3572,-0.908617,-0.17211,2.02049,0.666667,11.2083,0,0,30.7917,33.0833,0.0416667,-10.5189,0.0001,-0.000594301,0.109624,1.74121,0.128987,52563,0.136015,56.88,2.02622
2346,0.462779,0.459675,0.0175027,0.010323,0.653577,0.396641,0.811764,0.503282,0.024518,0.0433519,0.0164974,0.191528,0.0106361,0,0.242915,0.12757,4.42836,0.0716755,0.29948,0.0821091,0.851089,6.81245,0.958581,0.943273,0.0503583,0.254019,0.502435,0.211202,0.579923,0.579923,0,0,-0.00461122,0.0325041,0.946277,0.80717,0.0127349,0.0225007,0.00474437,0.00374588,0.572195,0.0118106,-7.43851,-8.42371,13.9753,0.5718,0.978132,-16.4528,-0.908525,-0.171131,2.01585,0.625,11.2083,0,0,32.7083,33.1667,0.0416667,-10.5175,0.0001,-0.000498099,0.110871,1.71967,0.129244,53168,0.136028,57.1,2.15585
2347,0.465593,0.460647,0.0175821,0.0103475,0.658135,0.398754,0.812456,0.500017,0.0246213,0.0432449,0.0165628,0.193842,0.0107179,0,0.244504,0.126378,4.41171,0.0713282,0.301309,0.0823316,0.850882,6.80845,0.957988,0.943034,0.0509939,0.253153,0.50173,0.213444,0.569459,0.569459,0,0,-0.00459139,0.0321912,0.94612,0.807032,0.012773,0.0226272,0.00455761,0.00358424,0.570167,0.0118252,-7.42662,-8.35408,14.0378,0.570108,0.985981,-16.4673,-0.909091,-0.171697,2.02021,0.666667,11.1667,0,0,32.4167,29.875,0,-10.5187,0.0001,-0.000521288,0.114615,1.73361,0.13862,52506,0.135997,57.82,1.92427
2348,0.466068,0.462655,0.0176199,0.0101013,0.657127,0.400696,0.813879,0.499917,0.024377,0.0442661,0.0163849,0.192923,0.0107557,0,0.243145,0.126437,4.37669,0.071461,0.30077,0.0824156,0.848829,6.80873,0.957928,0.942911,0.0507321,0.250325,0.499689,0.212428,0.583484,0.583484,0,0,-0.00464371,0.032444,0.945036,0.809646,0.0126364,0.0224261,0.00459323,0.0036349,0.571887,0.0116077,-7.34405,-8.70956,14.0153,0.57351,0.985601,-16.2216,-0.909091,-0.17129,2.03299,0.75,12.2917,0,0,31.6667,34.25,0,-10.5221,0.0001,-0.000333997,0.109081,1.66005,0.134141,54790,0.135972,57.11,1.95917
2349,0.462412,0.461176,0.0175685,0.0103667,0.653512,0.398699,0.812966,0.50299,0.0248763,0.043574,0.0167315,0.191661,0.0108434,0,0.242081,0.127044,4.39441,0.0722914,0.299699,0.0834094,0.849535,6.80004,0.957655,0.943078,0.0505892,0.254429,0.499914,0.210894,0.579024,0.579024,0,0,-0.00459233,0.0325973,0.945611,0.80582,0.0129085,0.0228677,0.00468077,0.00374158,0.572423,0.0119167,-7.41648,-8.32438,14.1297,0.567862,0.991411,-16.4572,-0.909091,-0.170727,2.02524,0.5,11.1667,0,0,32.3333,32.0833,0,-10.5235,0.0001,-0.000709641,0.112088,1.68487,0.130512,54150,0.135958,58.27,2.3795
2350,0.464045,0.457624,0.0176803,0.0104094,0.657172,0.397611,0.813839,0.495802,0.0241874,0.0451921,0.016229,0.192966,0.0106739,0,0.242363,0.124921,4.39572,0.0718989,0.299967,0.0818247,0.848328,6.81469,0.959211,0.942716,0.0499435,0.246082,0.49933,0.212381,0.559513,0.559513,0,0,-0.00466688,0.0326781,0.944778,0.810851,0.0125082,0.0223024,0.00471325,0.00368996,0.572944,0.0113886,-7.22661,-8.92862,14.016,0.573606,0.985288,-16.0816,-0.909091,-0.170654,2.01054,0.416667,12.7083,0,0,29.0417,34.5417,0,-10.5225,0.0001,-0.000435187,0.112032,1.74232,0.131925,52449,0.135959,57.62,2.19121
2351,0.465321,0.459793,0.0176838,0.0103769,0.656573,0.40052,0.814017,0.498436,0.024608,0.0441137,0.016515,0.192582,0.0107529,0,0.24179,0.12587,4.39786,0.0715123,0.299362,0.0829998,0.851669,6.80784,0.958276,0.942704,0.050877,0.252189,0.500506,0.211931,0.565768,0.565768,0,0,-0.00463997,0.0317858,0.94551,0.807457,0.0127198,0.022673,0.00456158,0.00357879,0.570615,0.0116709,-7.3008,-8.58604,14.141,0.567153,0.996015,-16.2849,-0.909091,-0.170416,2.0196,0.625,12.625,0,0,32.3333,32.3333,0,-10.5219,0.0001,-0.00070771,0.107649,1.70151,0.137494,53454,0.135978,57.8,1.94858
2352,0.463446,0.460011,0.0176176,0.0102934,0.655259,0.39886,0.812459,0.500335,0.0246226,0.044598,0.0165365,0.192998,0.0108625,0,0.243057,0.126764,4.40233,0.071545,0.300491,0.0831067,0.84879,6.80211,0.957587,0.942919,0.0508439,0.250255,0.500685,0.212296,0.578339,0.578339,0,0,-0.00464624,0.0321433,0.944955,0.807682,0.0127473,0.0227053,0.00457025,0.00359755,0.570881,0.0116482,-7.28702,-8.62195,14.1538,0.569609,0.996128,-16.238,-0.909091,-0.170758,2.01748,0.583333,11.8333,0,0,31.0417,31.6667,0,-10.5213,0.0001,-0.000521391,0.111896,1.77256,0.131389,51631,0.135981,57.41,1.91014
2353,0.464977,0.463514,0.0176639,0.0102562,0.656222,0.403594,0.812637,0.502478,0.0243437,0.0451472,0.0163307,0.192484,0.0107955,0,0.241852,0.127654,4.39389,0.071694,0.299729,0.082388,0.850598,6.80608,0.958574,0.942769,0.05019,0.24591,0.502185,0.211775,0.582003,0.582003,0,0,-0.00467671,0.0324417,0.94453,0.809159,0.0126212,0.0224687,0.00455773,0.00356142,0.570562,0.0114458,-7.19545,-8.84012,14.1427,0.570833,0.995882,-16.0772,-0.909091,-0.170451,2.03267,0.833333,13.7083,0,0,30.7083,34.4583,0,-10.5217,0.0001,-0.000350147,0.110417,1.75868,0.131586,52005,0.135991,57.08,2.09966
2354,0.462589,0.456861,0.017564,0.0105534,0.65486,0.395842,0.811643,0.497162,0.0239751,0.0458784,0.0160966,0.192019,0.0106816,0,0.242553,0.125546,4.37721,0.0727447,0.299964,0.081643,0.846204,6.81896,0.959605,0.943093,0.0496189,0.24259,0.500498,0.211218,0.565906,0.565906,0,0,-0.00467755,0.0337245,0.944561,0.812674,0.0124336,0.0220892,0.00476947,0.00375975,0.575339,0.0113051,-7.16241,-9.06805,13.9057,0.579122,0.978652,-16.0067,-0.909091,-0.171104,2.0023,0.666667,12.125,0,0,28.0833,35.375,0,-10.5209,0.0001,-0.00077606,0.110939,1.76033,0.131199,51970,0.135999,58.18,2.084
2355,0.468641,0.462033,0.0177373,0.0102171,0.659529,0.403944,0.81246,0.49958,0.02443,0.0446048,0.0163996,0.19371,0.0108055,0,0.242471,0.12727,4.4041,0.0715343,0.300663,0.08253,0.850882,6.80005,0.95804,0.942531,0.0506719,0.247866,0.502964,0.2132,0.573688,0.573688,0,0,-0.00467039,0.03161,0.944877,0.808128,0.0126593,0.0225457,0.00446264,0.00346698,0.569208,0.0115315,-7.21506,-8.74446,14.1739,0.567951,0.994649,-16.1379,-0.909091,-0.170606,2.02432,0.625,12.7917,0,0,31.375,31.9583,0,-10.5203,0.0001,-0.000688205,0.109557,1.732,0.13315,52705,0.136029,57.9,1.86229
2356,0.464608,0.460706,0.0175783,0.0103435,0.654995,0.398897,0.811213,0.499184,0.0247344,0.0434197,0.0166378,0.191826,0.010746,0,0.242433,0.126195,4.3864,0.0709368,0.299619,0.082814,0.849242,6.80896,0.957865,0.943046,0.0505238,0.25323,0.500995,0.211356,0.574858,0.574858,0,0,-0.00460509,0.032059,0.946654,0.806935,0.0128008,0.0227065,0.00453359,0.00358735,0.570965,0.0118178,-7.38505,-8.22549,14.1127,0.566936,0.984928,-16.5031,-0.909091,-0.17096,2.01708,0.25,10.625,0,0,33.25,33.625,0,-10.5178,0.0001,-0.000701526,0.107969,1.69039,0.132064,53940,0.136046,57.51,2.04177
2357,0.464228,0.457607,0.0176578,0.0104623,0.655897,0.398405,0.811407,0.498109,0.024485,0.0449183,0.0164384,0.192877,0.0108329,0,0.242429,0.126066,4.4095,0.0713816,0.299886,0.0829298,0.850569,6.80009,0.957741,0.942789,0.0504584,0.255272,0.500319,0.21226,0.571159,0.571159,0,0,-0.004645,0.0324045,0.94423,0.806938,0.0127638,0.0226201,0.00457718,0.00354887,0.569508,0.0116284,-7.29629,-8.75551,14.2059,0.569371,0.998744,-16.1391,-0.909091,-0.170474,2.00441,0.625,12.8333,0,0,30.9583,30.4167,0,-10.5166,0.0001,-0.000516924,0.113133,1.73059,0.128062,52890,0.136065,58.45,2.11711
2358,0.464935,0.456633,0.0175922,0.0104579,0.655272,0.395553,0.811415,0.496362,0.0244198,0.0444351,0.0164083,0.192393,0.0107823,0,0.242827,0.125572,4.38267,0.0715777,0.300073,0.0825734,0.848368,6.81256,0.958142,0.943001,0.049944,0.246661,0.501201,0.211878,0.561276,0.561276,0,0,-0.00463688,0.0332165,0.9458,0.809051,0.0126658,0.0224351,0.00467377,0.00370112,0.572782,0.011629,-7.26647,-8.62746,13.9891,0.57248,0.980587,-16.2843,-0.909091,-0.170914,2.00079,0.666667,11.9583,0,0,31.4583,35.2917,0,-10.5148,0.0001,-0.000908237,0.107706,1.72253,0.135028,52921,0.136106,57.49,1.83358
2359,0.463402,0.461921,0.0175303,0.0102906,0.654532,0.398497,0.810993,0.501776,0.024166,0.0456891,0.0162251,0.192227,0.0108276,0,0.243176,0.126307,4.37958,0.0721976,0.301005,0.0821048,0.847942,6.80818,0.958927,0.943202,0.0493384,0.245947,0.49991,0.211295,0.574555,0.574555,0,0,-0.00464916,0.0335167,0.944213,0.811257,0.0125417,0.022297,0.00471427,0.00373666,0.573909,0.0114211,-7.26976,-8.98886,13.9387,0.57856,0.98473,-16.0698,-0.909091,-0.171397,2.02254,0.666667,12.7083,0,0,29.0833,33.2083,0,-10.5146,0.0001,-0.00068862,0.113139,1.67879,0.131187,54312,0.136094,56.4,2.20087
2360,0.461291,0.458472,0.017679,0.01045,0.653332,0.399201,0.811822,0.500209,0.0241899,0.0452778,0.0162243,0.19139,0.0107608,0,0.240448,0.126771,4.41193,0.0720728,0.298584,0.0820698,0.848259,6.81174,0.958821,0.94272,0.0503924,0.249894,0.501092,0.210738,0.572802,0.572802,0,0,-0.00465102,0.0332939,0.944855,0.810582,0.0125349,0.0223389,0.00471311,0.00367805,0.571965,0.0114212,-7.14896,-8.88529,14.0524,0.57402,0.988843,-16.0699,-0.909091,-0.169656,2.00908,0.25,12.7917,0,0,31.7083,33.875,0.0416667,-10.5184,0.0001,-0.000656348,0.111607,1.71324,0.125578,53460,0.136046,57.16,1.84319
2361,0.461352,0.458723,0.0175664,0.0104336,0.652257,0.39748,0.811444,0.50268,0.0242072,0.0448616,0.0162576,0.191335,0.0107901,0,0.242009,0.12742,4.40466,0.0723115,0.299129,0.0821163,0.848837,6.80789,0.958775,0.943085,0.0501617,0.247902,0.501198,0.21084,0.57871,0.57871,0,0,-0.00463576,0.0342827,0.94504,0.81041,0.0125733,0.0222968,0.00470793,0.00369907,0.572352,0.0114875,-7.27871,-8.79718,13.98,0.574905,0.982215,-16.1624,-0.909091,-0.170332,2.00994,0.583333,12.2083,0,0,31.6667,32.0833,0,-10.5224,0.0001,-0.000663186,0.109456,1.70669,0.133479,53421,0.136007,57.87,1.98992
2362,0.463168,0.461359,0.0175665,0.0102037,0.653611,0.399079,0.811584,0.502043,0.0245574,0.0440916,0.0164964,0.191669,0.0108016,0,0.242276,0.127177,4.42891,0.0719675,0.299709,0.082891,0.849931,6.80139,0.957837,0.943084,0.0507004,0.251937,0.501549,0.211094,0.579086,0.579086,0,0,-0.00463426,0.0332295,0.944978,0.807999,0.0127362,0.0226452,0.0045419,0.00358427,0.570717,0.0117151,-7.34194,-8.6104,14.0891,0.571006,0.99124,-16.2853,-0.909091,-0.170678,2.02064,0.708333,11.5,0,0,31.125,31.7917,0,-10.5219,0.0001,-0.000578533,0.11278,1.76689,0.135002,51687,0.136024,58.37,1.96848
2363,0.46426,0.459248,0.0175852,0.0102862,0.656748,0.398828,0.812445,0.501702,0.0240607,0.045118,0.0161657,0.192054,0.0107232,0,0.242447,0.12742,4.4177,0.071885,0.300072,0.0815584,0.849956,6.81368,0.958883,0.943024,0.0500829,0.24904,0.503331,0.211678,0.582163,0.582163,0,0,-0.00466795,0.0329475,0.944783,0.812174,0.0124485,0.0221704,0.00451607,0.00352342,0.570625,0.01138,-7.20039,-8.91711,13.9448,0.576673,0.98488,-16.092,-0.909091,-0.171121,2.015,0.541667,12.75,0,0,30.875,33.375,0,-10.5195,0.0001,-0.000774317,0.104388,1.76821,0.140301,51508,0.136062,57.41,2.03898
2364,0.465262,0.468333,0.017546,0.00977931,0.654864,0.404667,0.812083,0.507196,0.0244386,0.044123,0.0164241,0.191677,0.01077,0,0.242843,0.128288,4.43034,0.0724949,0.299954,0.0824323,0.848589,6.80629,0.957703,0.943151,0.0503982,0.256199,0.501394,0.21148,0.594092,0.594092,0,0,-0.00459418,0.0345213,0.945161,0.808889,0.012686,0.0225164,0.00458139,0.00363308,0.571913,0.0117103,-7.35424,-8.62441,14.0019,0.574432,0.983502,-16.2896,-0.909091,-0.171176,2.05249,0.583333,10.7083,0,0,30.9583,32.4167,0,-10.5169,0.0001,-0.000510385,0.113069,1.77188,0.127797,51747,0.136094,57.97,2.3345
2365,0.465394,0.459792,0.017553,0.010244,0.65565,0.397797,0.811948,0.50107,0.0245321,0.043958,0.0164952,0.191677,0.0107652,0,0.242621,0.126949,4.41648,0.0710739,0.300007,0.0825835,0.849772,6.80776,0.957672,0.943128,0.0501845,0.25042,0.502789,0.211384,0.567145,0.567145,0,0,-0.00463999,0.0321953,0.945324,0.808513,0.0127127,0.0225785,0.00448574,0.00354564,0.570709,0.0117146,-7.32644,-8.56394,14.0556,0.572413,0.987294,-16.3224,-0.909091,-0.171265,2.01618,0.5,11.5417,0,0,32.0833,32.4583,0,-10.5165,0.0001,-0.000842075,0.113696,1.81442,0.125629,50670,0.136082,57.59,1.84161
2366,0.464278,0.457514,0.0174822,0.0104276,0.65554,0.394491,0.811377,0.496106,0.0245656,0.0440213,0.0165175,0.191937,0.0107968,0,0.243798,0.124834,4.42945,0.0717218,0.300975,0.0826213,0.846239,6.8011,0.957421,0.943358,0.050295,0.251477,0.501331,0.211377,0.557597,0.557597,0,0,-0.0045955,0.0337606,0.945621,0.808618,0.0127581,0.0226225,0.00465784,0.00370741,0.57248,0.0117607,-7.28177,-8.47899,14.0455,0.573302,0.988572,-16.3582,-0.909091,-0.172001,2.00568,0.625,11.5833,0,0,32.4583,34.25,0,-10.5173,0.0001,-0.00071668,0.107736,1.75158,0.131939,52191,0.136104,57.14,2.13873
2367,0.462722,0.457415,0.0175652,0.0104765,0.653986,0.395727,0.812508,0.500551,0.0244597,0.0436506,0.0164427,0.191264,0.0107906,0,0.242071,0.126686,4.42747,0.0722116,0.298826,0.0825058,0.849626,6.81341,0.958038,0.943089,0.0499604,0.256263,0.501777,0.210981,0.568106,0.568106,0,0,-0.00459433,0.0334306,0.946073,0.808661,0.0126776,0.0224756,0.00453419,0.00353402,0.56971,0.0117278,-7.34284,-8.53143,13.989,0.572193,0.977243,-16.34,-0.909091,-0.170788,2.00775,0.5,10.7917,0,0,31.4583,32.1667,0,-10.5126,0.0001,-0.000754598,0.106391,1.75181,0.125416,52366,0.136154,57.2,2.06672
2368,0.460217,0.458232,0.0175011,0.0103797,0.651836,0.394757,0.812947,0.500361,0.0240883,0.0453102,0.0161763,0.190082,0.0107199,0,0.24131,0.126268,4.39535,0.071944,0.298664,0.0815359,0.846959,6.81176,0.958724,0.943296,0.0499709,0.244621,0.501223,0.209449,0.576298,0.576298,0,0,-0.00465049,0.0334689,0.94497,0.811716,0.0124995,0.0221789,0.00471417,0.00374295,0.573528,0.0114341,-7.22038,-8.92373,13.9034,0.578174,0.975986,-16.1042,-0.909091,-0.170839,2.0124,0.541667,11.9167,0,0,29.375,33.5833,0,-10.5093,0.0001,-0.00023705,0.110324,1.73904,0.135929,52429,0.136148,57.14,1.8041
2369,0.46489,0.465904,0.0174841,0.0100702,0.655782,0.401396,0.813182,0.507971,0.0242766,0.044504,0.0163325,0.191687,0.0107891,0,0.243694,0.128726,4.39565,0.0722531,0.299924,0.0822098,0.850431,6.81433,0.958668,0.943351,0.0497748,0.245644,0.502949,0.211314,0.594932,0.594932,0,0,-0.00463373,0.0333211,0.945102,0.810376,0.012606,0.0223241,0.00455646,0.00359853,0.57124,0.0115656,-7.32783,-8.74837,13.943,0.576478,0.982938,-16.2375,-0.909091,-0.172023,2.04557,0.708333,12.375,0,0,31.3333,34.0833,0,-10.51,0.0001,-0.000293315,0.113077,1.82048,0.134626,50280,0.136138,59.83,2.41014
2370,0.466539,0.465686,0.0175383,0.0101806,0.656735,0.40344,0.812822,0.508721,0.0237143,0.0450105,0.0159576,0.191655,0.0105449,0,0.243258,0.130056,4.40348,0.0720536,0.300008,0.0805537,0.851866,6.82704,0.959535,0.943176,0.0501832,0.250168,0.505634,0.211595,0.597844,0.597844,0,0,-0.00466964,0.0330841,0.94528,0.814287,0.012254,0.0217842,0.0045723,0.0035664,0.571365,0.0112049,-7.24494,-9.02412,13.7713,0.579421,0.970977,-16.1086,-0.909091,-0.171671,2.0425,0.375,12,0,0,30.8333,31.4583,0,-10.509,0.0001,0.000693917,0.112644,1.77664,0.133036,51476,0.136149,58.81,2.28857
2371,0.461896,0.451903,0.0176735,0.0109442,0.655498,0.393879,0.811845,0.49178,0.0247582,0.0440405,0.0166193,0.194044,0.0108511,0,0.243041,0.123765,4.43327,0.0710508,0.300387,0.0831028,0.848058,6.80336,0.958707,0.942738,0.0506462,0.253083,0.500088,0.213184,0.545936,0.545936,0,0,-0.00460171,0.0332505,0.94566,0.805163,0.0128586,0.0228631,0.00467257,0.00360792,0.570627,0.0118223,-7.2037,-8.48892,14.2111,0.567939,0.998537,-16.3122,-0.909091,-0.170125,1.98093,0.458333,11.9583,0,0,31.625,31.5417,0,-10.5071,0.0001,-5.62803e-05,0.108353,1.73422,0.129277,52752,0.136179,57.69,1.98973
2372,0.462035,0.457209,0.0175583,0.0104229,0.654502,0.39528,0.81237,0.499955,0.0246113,0.0441125,0.0165423,0.191628,0.0107779,0,0.242452,0.126557,4.40435,0.0712508,0.299913,0.0827416,0.851251,6.80385,0.958304,0.943111,0.0502808,0.257261,0.501857,0.2112,0.573649,0.573649,0,0,-0.00462066,0.0325854,0.945899,0.80706,0.0127714,0.0226543,0.00449662,0.00354468,0.570705,0.0117642,-7.33039,-8.4945,14.0598,0.570587,0.988749,-16.3703,-0.909091,-0.171019,2.00606,0.458333,11.5417,0,0,33.8333,31.4583,0,-10.505,0.0001,-0.000572555,0.112066,1.77105,0.132245,51649,0.136173,57.93,2.11528
2373,0.466304,0.459294,0.0175596,0.0102392,0.656192,0.397444,0.812483,0.499103,0.0244179,0.0441377,0.0164125,0.192281,0.0107126,0,0.243274,0.126363,4.42518,0.0718044,0.299819,0.0824414,0.848291,6.81671,0.958221,0.943088,0.049843,0.251533,0.503045,0.21193,0.568991,0.568991,0,0,-0.00461355,0.0331541,0.945899,0.809928,0.0126362,0.0224401,0.004699,0.0037087,0.572399,0.0116445,-7.27042,-8.54508,14.0143,0.571692,0.979682,-16.31,-0.90849,-0.171402,2.01533,0.375,10.8333,0,0,31.8333,33.625,0.0416667,-10.5065,0.0001,-0.000196391,0.109223,1.76038,0.137164,51805,0.136197,57.79,2.18478
2374,0.464601,0.457399,0.0175399,0.010456,0.655286,0.395142,0.811984,0.496168,0.0243496,0.0450139,0.0163673,0.192252,0.0108049,0,0.243154,0.125098,4.42083,0.0718743,0.300515,0.0820855,0.849383,6.80796,0.958955,0.943171,0.0500353,0.252859,0.501389,0.211504,0.559099,0.559099,0,0,-0.00464446,0.0335241,0.945224,0.809185,0.0126442,0.0224447,0.00470825,0.00367719,0.572117,0.0115203,-7.2172,-8.70372,14.0819,0.571608,0.987398,-16.1847,-0.909091,-0.171345,2.0071,0.416667,12.0833,0,0,31.625,31.8333,0,-10.5042,0.0001,-0.000146058,0.112085,1.77016,0.124307,51890,0.136221,58.2,2.19002
2375,0.462398,0.453927,0.0175678,0.0106148,0.655084,0.39255,0.811992,0.495866,0.0243103,0.0447395,0.0163306,0.191813,0.0107369,0,0.242601,0.124971,4.4078,0.0721831,0.29956,0.0820127,0.847682,6.81598,0.959007,0.94308,0.0497672,0.250606,0.500913,0.2113,0.557589,0.557589,0,0,-0.00462744,0.0337289,0.945566,0.81011,0.012583,0.0223491,0.00471102,0.00369922,0.573077,0.0115528,-7.27879,-8.68699,13.9709,0.573697,0.979724,-16.2571,-0.909091,-0.17119,1.99078,0.791667,12,0,0,30.9167,32.7917,0,-10.5027,0.0001,-0.000265388,0.108709,1.75084,0.151261,51681,0.136239,56.91,1.83984
2376,0.463888,0.458456,0.0176417,0.0106803,0.656041,0.398412,0.811093,0.498302,0.0243803,0.0445038,0.0163627,0.192734,0.0108243,0,0.242757,0.126282,4.44463,0.0724706,0.300029,0.082554,0.850365,6.80474,0.958241,0.942841,0.0504988,0.257841,0.502018,0.212527,0.558713,0.558713,0,0,-0.00462933,0.0335581,0.944985,0.807215,0.0127013,0.0225076,0.00462891,0.00359151,0.571165,0.0115796,-7.21253,-8.72633,14.188,0.568469,0.991531,-16.1446,-0.909091,-0.170544,2.00784,0.833333,12.5833,0,0,32.75,32.4167,0,-10.5027,0.0001,-0.000479188,0.110743,1.72746,0.131408,52883,0.13624,57.95,2.19315
2377,0.460639,0.451846,0.0175773,0.0107376,0.65221,0.391661,0.811556,0.493046,0.0246974,0.0434362,0.0166055,0.191622,0.0108053,0,0.242197,0.124135,4.42217,0.0710635,0.299614,0.0828706,0.850182,6.80221,0.958366,0.94305,0.0501758,0.259013,0.499969,0.211304,0.552267,0.552267,0,0,-0.0046175,0.0331266,0.946387,0.806008,0.0128226,0.0226865,0.00465896,0.00365739,0.572492,0.0118298,-7.30009,-8.31146,14.1559,0.566124,0.985878,-16.4493,-0.909091,-0.170199,1.98164,0.416667,11.3333,0,0,32.6667,31.4167,0,-10.5044,0.0001,-0.000690747,0.11012,1.77168,0.138227,51470,0.136212,57.05,1.98356
2378,0.465497,0.462132,0.0175061,0.0100551,0.653789,0.398841,0.810782,0.500728,0.0246312,0.0441785,0.0165605,0.191528,0.010855,0,0.242918,0.126819,4.41958,0.0726365,0.299589,0.0828445,0.84894,6.79967,0.957562,0.94328,0.0506956,0.256275,0.501146,0.210898,0.571626,0.571626,0,0,-0.00461818,0.033944,0.945244,0.807163,0.0128014,0.022675,0.00463016,0.0036638,0.571387,0.0117696,-7.36448,-8.52719,14.0622,0.572329,0.987041,-16.3343,-0.909091,-0.171365,2.02333,0.833333,11.375,0,0,32.25,31.0833,0,-10.5065,0.0001,-0.00082747,0.112962,1.74674,0.129303,52399,0.136223,58.05,2.13153
2379,0.463448,0.455617,0.0175653,0.0103592,0.654981,0.394572,0.811617,0.497178,0.0248978,0.0428915,0.016737,0.192867,0.0107617,0,0.243566,0.125579,4.41652,0.0715263,0.300099,0.0833152,0.849613,6.80632,0.958022,0.943088,0.050846,0.258801,0.501388,0.212436,0.562731,0.562731,0,0,-0.00457289,0.0327821,0.946601,0.805461,0.0128918,0.0228992,0.00457973,0.00360152,0.571005,0.0119656,-7.38396,-8.16674,14.1453,0.566486,0.989283,-16.5564,-0.909091,-0.170967,1.9973,0.458333,10.875,0,0,34.25,32.0417,0,-10.5055,0.0001,-0.000869481,0.109442,1.73324,0.132917,52677,0.136259,58.25,1.81139
2380,0.465335,0.459075,0.0176105,0.0101777,0.65693,0.398388,0.812929,0.49583,0.0243699,0.0443959,0.0163663,0.192632,0.0107234,0,0.242733,0.124952,4.43918,0.0725843,0.300251,0.0820233,0.849778,6.80767,0.958331,0.942924,0.0505943,0.258384,0.500815,0.212174,0.566497,0.566497,0,0,-0.00462064,0.0336931,0.945601,0.8087,0.0126215,0.0224616,0.00465515,0.00364476,0.571537,0.011606,-7.24989,-8.63286,14.0466,0.571767,0.986955,-16.2496,-0.908542,-0.17102,2.01474,0.666667,11.6667,0,0,31.375,32.25,0.0416667,-10.5046,0.0001,0.000303328,0.108889,1.73179,0.13037,52790,0.13628,57.93,2.05722
2381,0.462011,0.461565,0.0174944,0.0103213,0.653197,0.397856,0.812444,0.506847,0.024452,0.0433667,0.0164488,0.190874,0.0106875,0,0.242789,0.128082,4.41345,0.0721179,0.300008,0.0823422,0.848351,6.81709,0.958555,0.943318,0.0500108,0.253191,0.501057,0.210763,0.586661,0.586661,0,0,-0.00458171,0.0335034,0.946071,0.808948,0.0126768,0.0224335,0.00462514,0.00369848,0.574106,0.0118147,-7.39357,-8.45826,13.9392,0.573599,0.974755,-16.4171,-0.909091,-0.171273,2.02502,0.5,10.2917,0,0,32.5,34.3333,0,-10.5047,0.0001,-0.000937532,0.10787,1.80583,0.128117,50830,0.136267,57.78,2.08891
2382,0.463091,0.457307,0.0175829,0.0101298,0.654751,0.396371,0.812948,0.501785,0.024132,0.0451861,0.0162111,0.191296,0.0106699,0,0.241622,0.127334,4.40303,0.0722833,0.299484,0.0818063,0.850491,6.8072,0.957943,0.943031,0.0496375,0.248215,0.502277,0.210847,0.588746,0.588746,0,0,-0.00466066,0.0324882,0.944527,0.812135,0.0124798,0.0222254,0.00462272,0.00363859,0.571786,0.0114023,-7.20634,-8.95123,13.9672,0.576565,0.984197,-16.0975,-0.909091,-0.170716,2.00836,0.666667,13.0833,0,0,30.6667,33.4583,0,-10.5054,0.0001,-0.000617278,0.107721,1.72993,0.131482,52811,0.136255,57.6,1.82705
2383,0.464183,0.465499,0.0176193,0.00993432,0.655548,0.404331,0.812308,0.506394,0.0239663,0.0464002,0.0160779,0.191879,0.0107252,0,0.24163,0.128519,4.38578,0.0720239,0.300321,0.081679,0.849436,6.81445,0.959244,0.942913,0.0490954,0.245925,0.501943,0.211051,0.595196,0.595196,0,0,-0.00470473,0.0326187,0.943671,0.812305,0.0123982,0.0221263,0.00467906,0.00367528,0.572749,0.0112073,-7.10687,-9.21985,14.0177,0.576615,0.988618,-15.8926,-0.909091,-0.170741,2.03986,0.708333,13.1667,0,0,29.3333,33.5,0,-10.5043,0.0001,-0.000967592,0.109851,1.74406,0.128336,52501,0.136266,57.54,2.06525
2384,0.465512,0.462102,0.017585,0.0101544,0.656951,0.400395,0.81267,0.501205,0.0241223,0.045423,0.0162217,0.192626,0.0107223,0,0.243464,0.127067,4.38288,0.0717783,0.30055,0.0818797,0.848543,6.81595,0.958945,0.943024,0.0497442,0.248217,0.502409,0.212274,0.579226,0.579226,0,0,-0.00466328,0.0327726,0.944867,0.812143,0.0124877,0.0221723,0.00467029,0.00365698,0.572363,0.0114077,-7.20448,-8.87916,13.9548,0.576929,0.97863,-16.1216,-0.909091,-0.1714,2.02708,0.541667,12,0,0,30.625,33.125,0,-10.5017,0.0001,-0.000557994,0.106846,1.78341,0.143117,51026,0.13631,57.72,2.34771
2385,0.462572,0.45878,0.0175723,0.0103173,0.65345,0.396548,0.812305,0.498872,0.0246188,0.0447927,0.0165218,0.191295,0.0108499,0,0.241404,0.125868,4.40097,0.0721842,0.299828,0.083046,0.84847,6.80005,0.958063,0.943066,0.0494335,0.248657,0.499208,0.210361,0.5687,0.5687,0,0,-0.00464524,0.0319066,0.944474,0.807783,0.0127762,0.0226965,0.00463152,0.00368318,0.572273,0.0116687,-7.28015,-8.69399,14.1153,0.572606,0.994621,-16.2154,-0.909091,-0.170698,2.01277,0.333333,12.5833,0,0,30.7083,32.5,0,-10.4994,0.0001,-0.000984488,0.108817,1.801,0.124156,51062,0.136334,57.39,2.0624
2386,0.464447,0.464583,0.0175567,0.00993151,0.653955,0.401759,0.81279,0.504634,0.0243365,0.044288,0.0163604,0.191688,0.010711,0,0.242562,0.127618,4.40926,0.072694,0.299695,0.0823788,0.849743,6.81774,0.95868,0.943116,0.0500988,0.252959,0.501819,0.211302,0.585214,0.585214,0,0,-0.00461796,0.0333346,0.945491,0.809277,0.0126154,0.0223716,0.00482886,0.00380838,0.574078,0.0116293,-7.26809,-8.66617,14.0242,0.572022,0.97827,-16.2591,-0.909091,-0.170835,2.03879,0.666667,11.625,0,0,32.0417,33.4167,0,-10.4967,0.0001,0.00268178,0.105946,1.70874,0.14568,53010,0.13635,58.39,2.00026
2387,0.463617,0.460924,0.0176236,0.0102703,0.656727,0.40045,0.81234,0.500463,0.0241002,0.0447028,0.0161999,0.193066,0.010704,0,0.243659,0.126418,4.40489,0.0718994,0.301126,0.0818068,0.848251,6.81382,0.958623,0.9429,0.0498609,0.250458,0.499999,0.213022,0.57603,0.57603,0,0,-0.00461999,0.0333121,0.945295,0.810686,0.0125021,0.0221814,0.00477173,0.00372444,0.57262,0.0114815,-7.24771,-8.78012,13.991,0.57415,0.978354,-16.1565,-0.909091,-0.17089,2.0213,0.625,11.9167,0,0,31.5417,33.4583,0,-10.4947,0.0001,-0.000666051,0.110207,1.80816,0.134582,50600,0.136356,59.71,2.21487
2388,0.462353,0.455699,0.0177402,0.0108672,0.657168,0.397008,0.813323,0.492795,0.0243378,0.0461903,0.0163014,0.193437,0.0109434,0,0.241933,0.123844,4.39521,0.0728281,0.299956,0.0830093,0.847046,6.79857,0.95818,0.942522,0.050924,0.248042,0.497771,0.21246,0.545907,0.545907,0,0,-0.00465326,0.033433,0.943318,0.808857,0.0126731,0.0225678,0.00477131,0.00372498,0.572216,0.0114348,-7.06904,-9.11882,14.1484,0.57454,1.0028,-15.8808,-0.909091,-0.170211,2.00023,0.5,13.9167,0,0,30.7917,33.2083,0,-10.4957,0.0001,-4.62421e-05,0.11099,1.74379,0.136235,52288,0.136334,57.7,2.11171
2389,0.464336,0.45788,0.0176401,0.010433,0.656027,0.397788,0.812836,0.499055,0.0240665,0.0453336,0.0161722,0.192881,0.0107642,0,0.242811,0.126291,4.37693,0.0722148,0.300508,0.0818814,0.848569,6.81126,0.958478,0.942846,0.0505036,0.252644,0.500505,0.212493,0.571242,0.571242,0,0,-0.00467793,0.0330201,0.944707,0.811945,0.0124495,0.0221639,0.00462597,0.00364123,0.571923,0.011354,-7.23828,-8.92299,13.9747,0.574407,0.98196,-16.0698,-0.909091,-0.170688,2.00837,0.583333,12.625,0,0,30.875,31.625,0,-10.4987,0.0001,-0.000242279,0.107149,1.81116,0.128604,50678,0.136305,57.58,1.95803
2390,0.464146,0.46248,0.0177544,0.0104381,0.655796,0.40403,0.813985,0.502447,0.0243904,0.0445552,0.0163672,0.192786,0.0107706,0,0.241519,0.127891,4.37356,0.0710132,0.300127,0.0824254,0.851154,6.81461,0.95869,0.942476,0.0510972,0.251088,0.5018,0.212592,0.581368,0.581368,0,0,-0.00466574,0.03154,0.94495,0.808846,0.0126105,0.0224849,0.00470756,0.00371645,0.573285,0.0115282,-7.16973,-8.79247,14.1463,0.568401,0.993417,-16.1276,-0.909091,-0.169588,2.0304,0.416667,12.75,0,0,32.1667,32.4167,0,-10.5012,0.0001,-0.000359766,0.11142,1.81534,0.127824,50589,0.136281,56.4,2.08627
2391,0.460662,0.458294,0.0175646,0.010478,0.651233,0.396052,0.812198,0.50103,0.0245563,0.0440355,0.0165188,0.19103,0.0108328,0,0.241957,0.126444,4.39666,0.0721697,0.299178,0.0826067,0.84998,6.80494,0.958412,0.943091,0.0501306,0.253709,0.499128,0.210766,0.570753,0.570753,0,0,-0.00461028,0.033102,0.945273,0.807873,0.0127579,0.0225788,0.00461472,0.00367692,0.572702,0.011742,-7.38543,-8.50291,14.0897,0.570891,0.98376,-16.3376,-0.909091,-0.170165,2.01057,0.75,11.25,0,0,31.1667,33.125,0,-10.4996,0.0001,-0.000968941,0.105012,1.75893,0.135983,51877,0.136298,57.48,1.89924
2392,0.465802,0.463702,0.0175953,0.0101917,0.656328,0.402479,0.812738,0.503444,0.0242676,0.0449574,0.0162948,0.192272,0.0107565,0,0.242479,0.127444,4.37324,0.0719162,0.300134,0.0820722,0.848656,6.81218,0.959464,0.942991,0.0499891,0.250181,0.501919,0.211552,0.568456,0.568456,0,0,-0.00465252,0.0327918,0.945228,0.809577,0.0125779,0.0223587,0.00488681,0.00385088,0.574452,0.0114939,-7.18783,-8.81584,14.0123,0.574605,0.986524,-16.1542,-0.909091,-0.171071,2.03435,0.375,12.7917,0,0,31.75,33.75,0,-10.4988,0.0001,-0.000798557,0.107497,1.76459,0.134991,51750,0.136315,57.58,1.93358
2393,0.463482,0.459282,0.0176229,0.0103726,0.655924,0.398918,0.812461,0.498395,0.0242586,0.0448505,0.0162857,0.192828,0.0107352,0,0.243057,0.125716,4.38453,0.0720826,0.300084,0.0820583,0.848426,6.81613,0.959061,0.942902,0.0500451,0.248216,0.500059,0.212378,0.574026,0.574026,0,0,-0.00463548,0.0333236,0.9454,0.810253,0.0125692,0.0223342,0.00489123,0.0038643,0.574632,0.0114944,-7.18777,-8.79817,13.9838,0.57383,0.982023,-16.1497,-0.909091,-0.170685,2.01402,0.375,11.9167,0,0,30.1667,32.1667,0,-10.5007,0.0001,-0.000812407,0.105259,1.7629,0.151635,51346,0.136273,56.82,1.9743
2394,0.463264,0.459555,0.0176812,0.0105169,0.655612,0.400333,0.814059,0.499706,0.0240672,0.0453659,0.0161461,0.191928,0.0107421,0,0.240925,0.126257,4.36198,0.0723027,0.299519,0.0816912,0.849825,6.81295,0.958926,0.942713,0.0497989,0.244695,0.500074,0.211254,0.574825,0.574825,0,0,-0.00467899,0.0324928,0.944376,0.811075,0.0124848,0.0222171,0.00469996,0.00369118,0.572139,0.0113248,-7.18575,-9.05585,13.9858,0.575629,0.987936,-15.9849,-0.909091,-0.170083,2.01824,0.708333,13.4167,0,0,30.7917,31.9583,0,-10.5066,0.0001,-0.00081002,0.104165,1.72929,0.129577,52883,0.136253,59.58,2.16462
2395,0.46383,0.463936,0.0175399,0.0102126,0.653714,0.400932,0.812572,0.505546,0.0243106,0.0443289,0.0163368,0.19234,0.0107683,0,0.243272,0.127689,4.36317,0.0723789,0.300697,0.0823857,0.847341,6.81151,0.958519,0.943171,0.050012,0.246269,0.501875,0.21172,0.589248,0.589248,0,0,-0.00462426,0.0335183,0.945679,0.809981,0.0126148,0.0223484,0.00486051,0.00385663,0.574565,0.0116094,-7.20969,-8.70484,13.9524,0.574538,0.976615,-16.2304,-0.909091,-0.170926,2.03527,0.583333,11.5833,0,0,30.9167,33,0,-10.5061,0.0001,-0.000632626,0.10693,1.75591,0.134839,51991,0.136297,59.17,2.21863
2396,0.467722,0.467519,0.0176419,0.00997469,0.659402,0.406449,0.8136,0.507559,0.0242267,0.0439599,0.0162836,0.193815,0.0106242,0,0.244052,0.129135,4.37808,0.0715218,0.301046,0.0815776,0.848872,6.81762,0.959011,0.94284,0.0503274,0.247291,0.504373,0.213491,0.598079,0.598079,0,0,-0.00461979,0.0325644,0.946002,0.811428,0.0125048,0.0222477,0.00478901,0.00373794,0.572852,0.0114914,-7.22336,-8.66084,13.9609,0.572791,0.977398,-16.2511,-0.909091,-0.171399,2.05124,0.625,11.2083,0,0,30.5833,33.9167,0,-10.5017,0.0001,-0.000497951,0.10516,1.79041,0.129818,51193,0.136336,57.07,1.8656
2397,0.465116,0.465259,0.0175653,0.00971215,0.653618,0.40269,0.813468,0.504481,0.0245746,0.0438698,0.0165097,0.191213,0.01071,0,0.241793,0.127578,4.36432,0.071125,0.300067,0.0831203,0.849228,6.81033,0.95852,0.943088,0.0497482,0.248218,0.50184,0.210815,0.593689,0.593689,0,0,-0.00461764,0.0322588,0.945678,0.809142,0.0126927,0.0225945,0.00474798,0.00380537,0.575306,0.0116962,-7.24399,-8.53485,14.1065,0.569424,0.985657,-16.3258,-0.909091,-0.170574,2.04264,0.5,11.7917,0,0,31.4167,34.125,0,-10.498,0.0001,-0.000564066,0.107157,1.72929,0.13104,52842,0.136364,58.57,2.13745
2398,0.462386,0.457757,0.0175683,0.0106186,0.653461,0.396331,0.812813,0.498811,0.0245053,0.0437586,0.0164774,0.19193,0.0108079,0,0.242745,0.125478,4.3732,0.0718274,0.3005,0.0826941,0.848972,6.80159,0.958025,0.943079,0.0496604,0.253627,0.500105,0.211692,0.570562,0.570562,0,0,-0.00462208,0.0325273,0.945089,0.808413,0.0127085,0.0225222,0.00465527,0.00367882,0.571813,0.0117018,-7.3663,-8.58275,14.1043,0.570516,0.981161,-16.2799,-0.909091,-0.170519,2.00999,0.583333,11.4167,0,0,31.7083,30.5,0,-10.4959,0.0001,-0.000539072,0.10771,1.73434,0.127678,52794,0.136424,58.79,2.16266
2399,0.462198,0.459671,0.0175191,0.0103434,0.6519,0.396865,0.812635,0.501774,0.024937,0.0424631,0.0167741,0.191643,0.0107702,0,0.242689,0.126737,4.38663,0.0711302,0.300538,0.0834315,0.849806,6.80684,0.957674,0.943238,0.050139,0.254567,0.500356,0.211105,0.578023,0.578023,0,0,-0.00457742,0.0320234,0.946916,0.805637,0.0128993,0.0228717,0.00470599,0.00376785,0.573241,0.0120153,-7.38918,-8.10711,14.1157,0.566292,0.984391,-16.6084,-0.909091,-0.170639,2.01783,0.458333,9.91667,0,0,33.125,33.25,0,-10.4917,0.0001,-0.000774186,0.105595,1.81803,0.136597,50293,0.136475,57.71,2.00792
2400,0.462459,0.463928,0.0174714,0.00996885,0.650475,0.399637,0.812119,0.50751,0.0249506,0.0422501,0.0168027,0.18985,0.0107536,0,0.241604,0.12857,4.39908,0.0715735,0.299261,0.0831141,0.849516,6.80808,0.957602,0.943393,0.0505853,0.255776,0.50109,0.209397,0.591288,0.591288,0,0,-0.00457228,0.0328443,0.94682,0.80598,0.0129182,0.0228552,0.004705,0.00380192,0.574513,0.0120383,-7.42169,-8.07995,14.0859,0.56768,0.984016,-16.6584,-0.909091,-0.170766,2.03602,0.708333,10.9167,0,0,33.7917,33.5417,0,-10.4883,0.0001,-0.000308651,0.105405,1.78652,0.153417,50673,0.1365,57.31,1.95227
2401,0.461637,0.455429,0.0176651,0.0104718,0.652991,0.396389,0.813094,0.497186,0.02459,0.0444497,0.0165135,0.191676,0.0108686,0,0.240952,0.125853,4.41264,0.0725756,0.299639,0.0831768,0.848484,6.79384,0.956962,0.942765,0.0505786,0.253623,0.500278,0.21099,0.566895,0.566895,0,0,-0.00464365,0.0318986,0.944297,0.806974,0.012784,0.0227135,0.00472837,0.00374767,0.57266,0.011683,-7.18766,-8.75561,14.2079,0.56977,0.998387,-16.1362,-0.909091,-0.169668,1.9989,0.625,12.5833,0,0,30.5833,30.4167,0,-10.485,0.0001,-0.000345701,0.107749,1.74273,0.136838,52301,0.136534,58.54,2.07084
2402,0.463868,0.460019,0.0175739,0.0102262,0.654028,0.398943,0.813719,0.501278,0.0245894,0.0439515,0.0165342,0.191683,0.01073,0,0.241801,0.127086,4.38274,0.0710765,0.299833,0.0825588,0.850424,6.80969,0.958672,0.943061,0.0502617,0.251905,0.501942,0.211044,0.580135,0.580135,0,0,-0.00461653,0.0321248,0.945973,0.808976,0.0126949,0.0225969,0.00477663,0.00380009,0.574439,0.011658,-7.17636,-8.47613,14.0825,0.570419,0.989326,-16.3556,-0.909091,-0.170569,2.02044,0.416667,11.75,0,0,32.4583,32.7083,0,-10.4803,0.0001,-0.000794222,0.105292,1.76633,0.128691,51874,0.13659,57.01,1.87619
2403,0.463697,0.463707,0.0176328,0.0104094,0.653933,0.403061,0.813706,0.505039,0.0241947,0.0451935,0.0162501,0.191525,0.0106948,0,0.241301,0.128117,4.37507,0.0719086,0.299563,0.08174,0.850386,6.81297,0.958385,0.94287,0.0496132,0.249875,0.501578,0.210983,0.575769,0.575769,0,0,-0.00467022,0.0318849,0.944859,0.811399,0.0125088,0.0222795,0.00474903,0.00376759,0.573986,0.0114031,-7.19573,-8.87421,13.9794,0.575207,0.982932,-16.1229,-0.909091,-0.17022,2.03625,0.416667,12.1667,0,0,30.5833,32.9167,0,-10.4775,0.0001,-0.000330561,0.105626,1.73447,0.140229,52437,0.136594,56.37,1.94228
2404,0.464996,0.461603,0.0175824,0.0102155,0.654038,0.400181,0.812905,0.500865,0.0247135,0.0438641,0.0166226,0.19237,0.0107888,0,0.242884,0.126858,4.39369,0.0723133,0.300137,0.0832164,0.846834,6.80465,0.95789,0.943033,0.0500676,0.254257,0.502292,0.2118,0.57758,0.57758,0,0,-0.00459666,0.0325505,0.946808,0.807489,0.0127867,0.022676,0.0049381,0.00390849,0.574815,0.0118074,-7.16496,-8.33793,14.1052,0.56691,0.983138,-16.4197,-0.909091,-0.170559,2.02617,0.541667,10.7917,0,0,31.4583,33.5833,0,-10.4777,0.0001,-0.000301927,0.105863,1.78668,0.136055,51127,0.13661,56.48,2.0515
2405,0.460485,0.456732,0.0175695,0.0104306,0.650964,0.395693,0.813114,0.500171,0.0247458,0.0438198,0.0166465,0.190756,0.0107593,0,0.241212,0.126167,4.38145,0.0714421,0.299861,0.0828507,0.84879,6.80342,0.95806,0.943075,0.0498567,0.258002,0.500837,0.210163,0.561572,0.561572,0,0,-0.00462703,0.0313271,0.946486,0.806415,0.0128206,0.0226906,0.00483872,0.00384029,0.574086,0.0118125,-7.24463,-8.31824,14.1421,0.566875,0.984103,-16.4491,-0.909091,-0.170061,2.00643,0.916667,11.125,0,0,32.75,32.8333,0,-10.4775,0.0001,-0.000621517,0.105863,1.78741,0.142174,50945,0.136614,56.23,1.89609
2406,0.456918,0.457732,0.0175999,0.0104735,0.64744,0.396341,0.812638,0.503692,0.0249258,0.0435612,0.0167567,0.190085,0.0108217,0,0.240015,0.127564,4.4033,0.0718351,0.29925,0.0834689,0.850741,6.79857,0.957535,0.942976,0.0500025,0.261076,0.499488,0.209611,0.586201,0.586201,0,0,-0.00461208,0.0320231,0.94596,0.804804,0.0129113,0.0229017,0.00467711,0.0037447,0.573074,0.0119148,-7.33517,-8.26585,14.2421,0.563238,0.992127,-16.4598,-0.909091,-0.168823,2.00891,0.625,11.5417,0,0,34.2083,31.0833,0,-10.4789,0.0001,-0.000964678,0.111528,1.79891,0.135443,50820,0.136621,56.4,1.89354
2407,0.461191,0.454709,0.0176752,0.0106547,0.654822,0.396224,0.813453,0.496344,0.0246931,0.0438391,0.0165953,0.192199,0.01087,0,0.241514,0.125643,4.38674,0.0721347,0.300193,0.0833532,0.851076,6.80469,0.957886,0.942732,0.0496758,0.254442,0.501138,0.211606,0.557622,0.557622,0,0,-0.00462907,0.0311395,0.945633,0.805957,0.0128283,0.0227019,0.00462687,0.00362286,0.570705,0.0117604,-7.22757,-8.4768,14.2207,0.565114,0.988427,-16.272,-0.909091,-0.169985,1.99778,0.625,11.7917,0,0,32.2083,31.5833,0.0416667,-10.4788,0.0001,-0.000655614,0.105201,1.86567,0.138735,49044,0.13662,57.32,2.2408
2408,0.461143,0.455846,0.0175585,0.0105019,0.651096,0.394668,0.812343,0.498071,0.024817,0.043397,0.0166857,0.19093,0.0108655,0,0.241425,0.125173,4.37926,0.0718386,0.299578,0.0831117,0.84926,6.80323,0.958224,0.94311,0.049926,0.255201,0.499755,0.210387,0.575227,0.575227,0,0,-0.00459385,0.0323198,0.946186,0.804906,0.0128874,0.0227771,0.0046944,0.00372872,0.573231,0.0118655,-7.33383,-8.30757,14.1888,0.565936,0.984381,-16.4351,-0.909091,-0.170049,2.00048,0.541667,11.4583,0,0,32.5417,31.7917,0,-10.4799,0.0001,-0.000216863,0.102494,1.81389,0.146027,50157,0.136627,58.47,2.11671
2409,0.462955,0.464784,0.0176441,0.0100228,0.653665,0.40407,0.814034,0.507053,0.0246507,0.0440446,0.0165577,0.191602,0.0108562,0,0.241199,0.129027,4.36519,0.0716714,0.299627,0.0831317,0.851145,6.79665,0.957872,0.942833,0.0500903,0.255637,0.501548,0.211111,0.607067,0.607067,0,0,-0.00462248,0.032024,0.945598,0.806464,0.0128028,0.0227062,0.00470404,0.00371156,0.57189,0.0117397,-7.2115,-8.523,14.1771,0.567549,0.991288,-16.2791,-0.909091,-0.169977,2.04144,0.333333,11.9167,0,0,32.625,31.0833,0,-10.4802,0.0001,-0.000724714,0.107479,1.71566,0.128656,53301,0.136638,57,2.08498
2410,0.461092,0.456408,0.0176097,0.0105676,0.651966,0.39562,0.812323,0.498411,0.0245221,0.0443993,0.0164751,0.191663,0.0108455,0,0.241881,0.125649,4.39644,0.072503,0.299785,0.0829754,0.849264,6.80386,0.958373,0.942945,0.0498158,0.253815,0.499418,0.211184,0.569766,0.569766,0,0,-0.00463809,0.0325759,0.945372,0.807038,0.0127492,0.0225376,0.00470416,0.00371734,0.572515,0.0116867,-7.2925,-8.583,14.1353,0.569326,0.983669,-16.2506,-0.909091,-0.169927,2.00134,0.583333,12.125,0,0,31.8333,32.4167,0,-10.4804,0.0001,-0.000586673,0.104395,1.75329,0.143032,51839,0.136657,57.78,1.99167
2411,0.462767,0.462656,0.0176222,0.0103305,0.652782,0.401358,0.812181,0.504917,0.0245947,0.0442262,0.0165238,0.191268,0.0107441,0,0.241044,0.127628,4.37572,0.071641,0.299101,0.0824423,0.849848,6.8108,0.958793,0.942904,0.0500446,0.251219,0.500787,0.210675,0.581807,0.581807,0,0,-0.00462876,0.0325073,0.946396,0.807507,0.0126851,0.0225853,0.00482301,0.00381634,0.574432,0.0116443,-7.21336,-8.47357,14.0951,0.567982,0.9877,-16.3721,-0.909091,-0.169993,2.02722,0.583333,11.7083,0,0,30.5833,31.875,0,-10.4795,0.0001,-0.000140839,0.108251,1.81096,0.123257,50823,0.136673,58.92,1.88214
2412,0.463652,0.459041,0.0175893,0.0105457,0.655267,0.398036,0.811993,0.500486,0.0244652,0.0440717,0.0164418,0.192369,0.0108481,0,0.242953,0.126739,4.37923,0.0721125,0.300189,0.0825211,0.849389,6.80755,0.958503,0.943011,0.0497963,0.253513,0.501802,0.2119,0.581137,0.581137,0,0,-0.00460942,0.0324596,0.94569,0.808008,0.0127081,0.0224928,0.00467031,0.00367014,0.572096,0.0116732,-7.24182,-8.58667,14.0647,0.570648,0.985457,-16.2848,-0.909091,-0.1709,2.01202,0.625,11.625,0,0,31.5833,32.2083,0,-10.4787,0.0001,-0.000144654,0.103412,1.7477,0.133069,52267,0.136716,57.71,2.22682
2413,0.460692,0.456009,0.0175651,0.0108011,0.651908,0.394468,0.810963,0.49885,0.0247041,0.044237,0.0166022,0.191081,0.0108937,0,0.241465,0.1258,4.37422,0.0716235,0.299841,0.0832215,0.849167,6.79953,0.957691,0.943076,0.0502149,0.256805,0.501031,0.210401,0.554601,0.554601,0,0,-0.00464103,0.031876,0.945315,0.806263,0.0128281,0.0227114,0.0046383,0.00367111,0.572371,0.0117666,-7.24343,-8.55449,14.1613,0.569354,0.988992,-16.2914,-0.908679,-0.170257,1.99734,0.625,12.2083,0,0,33.7917,31.7083,0.0416667,-10.4766,0.0001,-0.000761811,0.103889,1.79504,0.138971,50829,0.136739,57.83,1.90905
2414,0.464603,0.460738,0.0175771,0.0103684,0.654354,0.39912,0.811621,0.500565,0.0249237,0.0426408,0.0167674,0.192317,0.0108149,0,0.243021,0.12658,4.39008,0.0709529,0.300967,0.0831479,0.850902,6.80385,0.957661,0.94305,0.0498507,0.261029,0.50211,0.211989,0.560932,0.560932,0,0,-0.00458502,0.0317288,0.947087,0.804537,0.0129272,0.0228652,0.00464917,0.00368896,0.572742,0.0119831,-7.30802,-8.10657,14.1907,0.563353,0.982886,-16.5627,-0.909091,-0.170722,2.01905,0.583333,10.1667,0,0,33.1667,31.4583,0,-10.4791,0.0001,-0.000699087,0.108557,1.76054,0.129079,52023,0.136694,58.97,2.09473
2415,0.463547,0.460091,0.0175735,0.0103367,0.65663,0.398069,0.810797,0.501162,0.0249663,0.0425282,0.0167925,0.192978,0.0108177,0,0.244028,0.126926,4.40395,0.0709373,0.30087,0.0833795,0.850026,6.80494,0.957625,0.943062,0.050457,0.25942,0.50226,0.212661,0.569937,0.569937,0,0,-0.00457769,0.0316206,0.946952,0.804359,0.0129288,0.0229026,0.00464559,0.00366897,0.571778,0.0119677,-7.35217,-8.1075,14.2058,0.563614,0.990128,-16.5761,-0.909091,-0.171405,2.01391,0.5,11.0833,0,0,33.9167,31.1667,0,-10.4831,0.0001,-0.000702676,0.104783,1.76889,0.130304,51761,0.136695,58.41,2.09453
2416,0.463049,0.462345,0.0175305,0.0102348,0.65286,0.399625,0.811618,0.505569,0.0243955,0.0443602,0.0164077,0.190918,0.0107141,0,0.241697,0.128137,4.37525,0.0711654,0.299611,0.0817966,0.851492,6.81035,0.958337,0.943201,0.0496346,0.248925,0.502998,0.210127,0.580737,0.580737,0,0,-0.00464138,0.0318345,0.945681,0.809208,0.0126009,0.0224187,0.00477575,0.00376886,0.572718,0.0115734,-7.21154,-8.63998,14.0192,0.571505,0.985843,-16.2965,-0.909091,-0.170855,2.02528,0.375,11.5833,0,0,31.0417,31.9167,0,-10.4836,0.0001,-0.00109856,0.106421,1.81898,0.129256,50458,0.136695,58.39,2.11734
2417,0.460906,0.458041,0.0176728,0.0105588,0.652525,0.399186,0.811109,0.502814,0.0245789,0.0444991,0.0165007,0.191719,0.0108325,0,0.24059,0.127444,4.40407,0.0727664,0.298864,0.0829241,0.850222,6.79897,0.958255,0.94274,0.0496996,0.25497,0.501268,0.21095,0.576275,0.576275,0,0,-0.00463839,0.0317405,0.945314,0.806833,0.0127384,0.0226574,0.0046785,0.00366966,0.571935,0.0116577,-7.18086,-8.64577,14.1955,0.567795,0.990648,-16.2085,-0.909091,-0.169309,2.00486,0.541667,12.7917,0,0,32.2917,32.7083,0,-10.4849,0.0001,0.000150728,0.108998,1.70396,0.124785,53754,0.136709,57.99,2.06202
2418,0.466351,0.466036,0.0175643,0.0100224,0.655411,0.403179,0.811992,0.507027,0.0246691,0.0440988,0.0165775,0.192474,0.0107988,0,0.243007,0.128958,4.38999,0.0718878,0.300515,0.0830795,0.850061,6.8036,0.957767,0.943092,0.050044,0.252631,0.503559,0.211682,0.591446,0.591446,0,0,-0.00464722,0.0312741,0.945455,0.807207,0.012769,0.0226932,0.00468379,0.00372574,0.572633,0.0117165,-7.22958,-8.57613,14.1023,0.570978,0.993158,-16.3175,-0.909091,-0.1712,2.04178,0.791667,11.75,0,0,31.2083,30.9583,0,-10.4842,0.0001,0.00114675,0.105499,1.73182,0.136642,52612,0.136719,59.23,2.15851
2419,0.462233,0.465366,0.0175315,0.010084,0.653654,0.401949,0.81169,0.508715,0.0248928,0.0430609,0.0167544,0.19194,0.0108368,0,0.242918,0.128876,4.39034,0.0719344,0.300087,0.0832106,0.850468,6.80298,0.957982,0.943198,0.0502803,0.258605,0.501873,0.211375,0.585168,0.585168,0,0,-0.0045656,0.0325106,0.946718,0.804324,0.0129581,0.0228412,0.00476439,0.00376671,0.572883,0.0119877,-7.27846,-8.19366,14.1557,0.566341,0.986044,-16.5352,-0.909091,-0.171002,2.03958,0.458333,11.3333,0,0,33.9167,32.125,0,-10.4852,0.0001,-2.77169e-05,0.108352,1.75851,0.133537,51956,0.136713,58.68,2.25271
2420,0.466748,0.460344,0.0175885,0.010372,0.658179,0.398806,0.811672,0.499153,0.0243988,0.0446701,0.0163908,0.193426,0.010763,0,0.243793,0.126237,4.37276,0.071949,0.301042,0.0823698,0.848073,6.80351,0.957481,0.943013,0.0497453,0.247205,0.502098,0.212604,0.572169,0.572169,0,0,-0.00466216,0.0318536,0.945142,0.810051,0.012604,0.0224528,0.00464143,0.00369394,0.571892,0.0115228,-7.20072,-8.74319,14.0588,0.572215,0.987515,-16.1973,-0.909091,-0.171702,2.01683,0.625,12.625,0,0,30.8333,32.7083,0,-10.4873,0.0001,0.000873565,0.107144,1.77408,0.140126,51354,0.136718,57.72,2.1899
2421,0.464285,0.458704,0.0177527,0.0108267,0.659325,0.400028,0.812615,0.49847,0.0236784,0.0476521,0.0158542,0.193524,0.0108193,0,0.241601,0.126385,4.36193,0.0728124,0.299765,0.081314,0.847905,6.818,0.960241,0.942481,0.0498389,0.240041,0.500636,0.212179,0.568137,0.568137,0,0,-0.00474877,0.032691,0.943168,0.814031,0.0122932,0.0219351,0.00475522,0.0036723,0.572603,0.0109736,-6.93538,-9.58484,13.89,0.583626,0.989743,-15.6343,-0.909091,-0.170707,2.01117,0.416667,14.6667,0,0,27.2917,33.3333,0,-10.4871,0.0001,-0.000297312,0.109089,1.80908,0.131911,50646,0.136719,56.7,1.8542
2422,0.464046,0.462762,0.0175565,0.0102427,0.654448,0.400184,0.811334,0.503834,0.0240131,0.0453417,0.0161466,0.191981,0.0107276,0,0.242757,0.127562,4.37089,0.0718255,0.299247,0.0816808,0.848429,6.81,0.958601,0.943117,0.0499531,0.251938,0.502151,0.211361,0.58446,0.58446,0,0,-0.00465294,0.0330953,0.944689,0.812417,0.0124437,0.0220812,0.00470147,0.0036713,0.571983,0.0113309,-7.22684,-8.97702,13.8817,0.578139,0.978103,-16.0828,-0.909091,-0.171006,2.02699,0.708333,12.7917,0,0,31.9167,33.7917,0,-10.4855,0.0001,0.00116814,0.106542,1.74274,0.13138,52453,0.136736,58.22,2.11976
2423,0.463949,0.464173,0.0175434,0.0103157,0.653452,0.401068,0.811207,0.505593,0.0242006,0.0455129,0.0162512,0.191815,0.0108169,0,0.24221,0.12762,4.36138,0.0720599,0.299782,0.0821623,0.849932,6.80211,0.958615,0.943159,0.0495807,0.246322,0.500996,0.210859,0.580117,0.580117,0,0,-0.00466899,0.0329368,0.944065,0.810357,0.0125569,0.0223094,0.0046404,0.00365503,0.571625,0.0114202,-7.18571,-9.00158,14.0254,0.575806,0.986633,-16.0352,-0.909091,-0.170931,2.03358,0.5,12.5833,0,0,29.5417,31.2083,0,-10.4845,0.0001,-0.00063271,0.108086,1.78207,0.130762,51391,0.136741,58.25,2.0947
2424,0.463558,0.465167,0.0175869,0.00997536,0.65373,0.402876,0.811878,0.50737,0.0244265,0.0446238,0.0164172,0.191006,0.0108138,0,0.24135,0.128671,4.37971,0.0716852,0.299024,0.0826408,0.851429,6.80544,0.958083,0.943018,0.0506854,0.256342,0.501916,0.21068,0.593889,0.593889,0,0,-0.00464355,0.0323931,0.944738,0.807533,0.0127053,0.0225025,0.00454979,0.00358414,0.571384,0.0116278,-7.2837,-8.73037,14.1136,0.571835,0.987973,-16.175,-0.909091,-0.170489,2.03962,0.625,12.125,0,0,33.125,30.5,0,-10.4842,0.0001,0.000577376,0.111123,1.74356,0.129205,52491,0.136775,57.45,1.82322
2425,0.464001,0.461249,0.0175415,0.0103353,0.655214,0.397788,0.810665,0.498739,0.0243363,0.0451706,0.0163515,0.192208,0.0108224,0,0.243027,0.125629,4.37856,0.0731013,0.29958,0.082287,0.847813,6.80267,0.958328,0.943151,0.0505622,0.248911,0.499691,0.211335,0.558081,0.558081,0,0,-0.00465069,0.0331924,0.944426,0.809162,0.012684,0.0224126,0.00469554,0.00371292,0.572417,0.0115754,-7.19971,-8.87599,13.9796,0.578283,0.984522,-16.1148,-0.908629,-0.171515,2.01908,0.75,12.7917,0,0,31.5833,33.5417,0.0416667,-10.4813,0.0001,0.000719865,0.107201,1.74939,0.132343,52241,0.136805,57.49,2.01435
2426,0.46199,0.460786,0.0176532,0.0104916,0.654641,0.40072,0.811534,0.500171,0.0245451,0.0441287,0.0164775,0.191808,0.010931,0,0.241547,0.126119,4.38173,0.0723508,0.2992,0.0829693,0.850967,6.80037,0.95788,0.942788,0.0504044,0.255258,0.499457,0.211202,0.565327,0.565327,0,0,-0.00462458,0.0326647,0.944728,0.806158,0.0127865,0.0226662,0.00450076,0.00352004,0.569298,0.0116995,-7.28113,-8.72228,14.2002,0.568173,0.991742,-16.1492,-0.908617,-0.170227,2.01897,0.791667,12.5833,0,0,31.4167,30.625,0.0416667,-10.4801,0.0001,-0.000659549,0.109246,1.77576,0.129951,51583,0.136812,57.85,2.02652
2427,0.467307,0.463723,0.0175858,0.010117,0.658808,0.402344,0.810873,0.499418,0.0243737,0.044223,0.0163814,0.194263,0.0108028,0,0.244814,0.126126,4.37807,0.0726691,0.301561,0.0822688,0.848562,6.80414,0.958186,0.943022,0.0499817,0.257734,0.500874,0.213726,0.572957,0.572957,0,0,-0.0046201,0.033395,0.94541,0.808333,0.0126646,0.0224318,0.00457016,0.00358841,0.570964,0.0116402,-7.27277,-8.67054,14.0386,0.573013,0.981187,-16.2247,-0.909091,-0.171855,2.02941,0.583333,12.0833,0,0,31.375,32.5,0,-10.4798,0.0001,-0.000953976,0.103255,1.79246,0.135293,50994,0.136816,58.27,2.00076
2428,0.461198,0.457305,0.017558,0.010444,0.653121,0.396357,0.810287,0.50023,0.0244185,0.0446328,0.0164028,0.191388,0.0109243,0,0.24167,0.126368,4.38617,0.0728927,0.298867,0.0829471,0.849011,6.80732,0.959149,0.943112,0.0497913,0.250619,0.500807,0.210598,0.582672,0.582672,0,0,-0.00463408,0.0332141,0.944178,0.808761,0.0126943,0.0225565,0.00468315,0.00368842,0.572862,0.0116144,-7.20661,-8.84888,14.1034,0.573655,0.991602,-16.1136,-0.909091,-0.170549,2.00159,0.625,13.5833,0,0,31.25,32.75,0,-10.4802,0.0001,-0.000319903,0.107347,1.73337,0.146654,52288,0.136818,56.47,1.92604
2429,0.462875,0.457961,0.0175949,0.0104873,0.654052,0.397808,0.810578,0.50137,0.024374,0.0441768,0.0163876,0.193104,0.0108535,0,0.243326,0.12722,4.39852,0.0728211,0.300341,0.082467,0.847432,6.80937,0.95851,0.942992,0.050485,0.256661,0.503023,0.212616,0.572245,0.572245,0,0,-0.00460715,0.0341424,0.945251,0.808464,0.012676,0.0224647,0.00466333,0.00363565,0.571072,0.011619,-7.24844,-8.67247,14.0629,0.572235,0.987037,-16.2297,-0.909091,-0.17038,2.00396,0.583333,12.0833,0,0,32.1667,30.5,0,-10.4823,0.0001,-0.00064082,0.107983,1.83036,0.143968,49791,0.136799,58.06,2.14562
2430,0.46418,0.46001,0.0175504,0.0104766,0.657209,0.397909,0.808951,0.500493,0.0242165,0.0450255,0.0162726,0.193015,0.0108628,0,0.244094,0.12649,4.36911,0.0727605,0.300663,0.0824416,0.849107,6.80213,0.958286,0.943137,0.0499921,0.255113,0.502244,0.212403,0.56525,0.56525,0,0,-0.00467179,0.0327199,0.944473,0.809907,0.0125924,0.0223164,0.00456327,0.00358272,0.571261,0.0114932,-7.2624,-8.92798,13.9732,0.57705,0.982163,-16.0894,-0.909091,-0.1718,2.0083,0.541667,12.8333,0,0,32.0833,31.625,0,-10.4848,0.0001,-0.000689254,0.103967,1.9566,0.191373,45766,0.136775,56.68,1.98792
2431,0.463938,0.459711,0.0176234,0.0108475,0.655843,0.398983,0.808866,0.497421,0.0242408,0.0453423,0.0162864,0.193365,0.0108883,0,0.242984,0.125358,4.38482,0.0733527,0.300098,0.0822242,0.847487,6.79954,0.958409,0.9429,0.0505033,0.248883,0.500113,0.212215,0.535429,0.535429,0,0,-0.00464562,0.0334483,0.944162,0.808617,0.0126251,0.0223977,0.00475123,0.00369359,0.571263,0.0114717,-7.1352,-8.98659,14.0546,0.574903,0.992218,-16.0317,-0.909091,-0.170892,2.00616,0.708333,14,0,0,30.8333,31.5,0,-10.4854,0.0001,-0.00055067,0.107425,2.54603,0.154999,36394,0.136793,57.49,1.93293
2432,0.465707,0.46761,0.0174731,0.00989352,0.655225,0.402066,0.809967,0.506463,0.0240083,0.0464472,0.0161216,0.192937,0.0108456,0,0.244154,0.128118,4.35953,0.0731279,0.300684,0.0818764,0.846193,6.81251,0.959014,0.943387,0.0493408,0.241557,0.501568,0.211566,0.588534,0.588534,0,0,-0.00468655,0.0337292,0.94385,0.813076,0.0124475,0.0221457,0.00476747,0.00375662,0.573812,0.0112479,-7.0909,-9.18347,13.9066,0.582181,0.985757,-15.9539,-0.909091,-0.172096,2.04525,0.5,12.6667,0,0,28.7917,33.7083,0,-10.4852,0.0001,0.000550731,0.110237,2.44213,0.235956,36706,0.136785,57.41,1.95973
2433,0.465802,0.464205,0.017513,0.00996007,0.656972,0.399947,0.810608,0.504762,0.0242043,0.0442716,0.0162755,0.192677,0.0106908,0,0.244486,0.128188,4.37721,0.0722292,0.30072,0.0817848,0.848286,6.81746,0.95933,0.943258,0.0496892,0.251805,0.503147,0.212305,0.587567,0.587567,0,0,-0.0046271,0.0333879,0.945745,0.811132,0.0125223,0.0222258,0.00475395,0.00374641,0.57412,0.0115106,-7.26476,-8.71317,13.8972,0.576805,0.975771,-16.2643,-0.909091,-0.172052,2.03187,0.5,11.7917,0,0,31.3333,32.875,0,-10.4867,0.0001,-0.00022843,0.101551,2.26564,0.132332,40994,0.136765,57.82,2.22312
2434,0.46412,0.468377,0.0174993,0.00971328,0.653454,0.403041,0.809989,0.510392,0.0242254,0.0451093,0.0162715,0.190407,0.0107814,0,0.241346,0.12952,4.38702,0.0728876,0.298357,0.0819934,0.848662,6.81069,0.959267,0.943302,0.049177,0.248857,0.50206,0.209485,0.610908,0.610908,0,0,-0.00463978,0.0334292,0.944404,0.810693,0.0125995,0.0223358,0.00464817,0.00365208,0.572238,0.0115196,-7.22186,-8.93894,13.9169,0.580946,0.98171,-16.113,-0.909091,-0.171314,2.04838,0.708333,12.4583,0,0,28.9583,32.5417,0,-10.4871,0.0001,-0.000204664,0.113407,1.78626,0.136222,51133,0.136762,57.31,1.96436
2435,0.463777,0.459054,0.0176486,0.0105515,0.655855,0.398504,0.810857,0.49825,0.0241228,0.0462546,0.0161664,0.193039,0.010934,0,0.242191,0.125554,4.36208,0.0724622,0.300757,0.0824072,0.84776,6.80236,0.959017,0.942819,0.0497906,0.244116,0.499728,0.211663,0.555347,0.555347,0,0,-0.00470801,0.0325038,0.942922,0.810311,0.012563,0.0223583,0.00455475,0.00356851,0.571692,0.0113079,-7.13538,-9.29504,14.0665,0.577977,0.994412,-15.8152,-0.909091,-0.170646,2.00916,0.666667,14.8333,0,0,29.4167,32.2083,0,-10.4853,0.0001,-5.031e-05,0.109739,1.73499,0.133996,52597,0.136772,56.29,2.09138
2436,0.463246,0.464421,0.0174929,0.0102772,0.653049,0.399541,0.810058,0.50824,0.0239055,0.0459919,0.0160642,0.192121,0.0108096,0,0.243688,0.128845,4.3677,0.0731947,0.300387,0.0817459,0.84667,6.81288,0.958827,0.943323,0.0497483,0.249816,0.502111,0.211405,0.588855,0.588855,0,0,-0.00467423,0.0344594,0.943685,0.812949,0.0124343,0.0220437,0.00475107,0.00376371,0.574125,0.0113139,-7.1344,-9.21419,13.8809,0.583004,0.982276,-15.9474,-0.909091,-0.171368,2.03148,0.416667,12.5833,0,0,30.1667,31.9583,0,-10.4836,0.0001,-0.000669202,0.108348,1.75089,0.134057,52152,0.136785,59.07,2.58638
2437,0.464673,0.46034,0.0175167,0.0106317,0.654371,0.397149,0.810508,0.501746,0.0238947,0.0463153,0.0160295,0.192193,0.01085,0,0.243304,0.126825,4.36912,0.0730525,0.300451,0.0818691,0.848522,6.81186,0.958955,0.943246,0.0491794,0.243334,0.502421,0.211106,0.569046,0.569046,0,0,-0.00467896,0.0340341,0.943439,0.81307,0.0124179,0.0220836,0.0046617,0.00367048,0.572448,0.0111999,-7.08819,-9.33352,13.869,0.583493,0.985276,-15.8664,-0.909091,-0.171481,2.01459,0.833333,14,0,0,29.5417,33.1667,0,-10.4826,0.0001,-0.000708264,0.110671,1.80316,0.134598,50730,0.136762,58.4,2.11806
2438,0.461035,0.459797,0.0174259,0.0102765,0.648743,0.394502,0.810048,0.500486,0.0239926,0.0456525,0.0161172,0.190519,0.0108444,0,0.242316,0.126132,4.34937,0.0721148,0.300008,0.0817777,0.846646,6.80439,0.958702,0.94354,0.0492608,0.24685,0.499709,0.20954,0.570383,0.570383,0,0,-0.00467148,0.0348657,0.943393,0.812048,0.0124744,0.0221044,0.00463891,0.00368354,0.57233,0.0113281,-7.25831,-9.16656,13.9224,0.581382,0.980598,-15.9671,-0.909091,-0.170803,2.0127,0.75,13.9583,0,0,29.7083,32.5,0.0416667,-10.4857,0.0001,-0.00094854,0.106783,1.81899,0.132898,50363,0.136726,57.51,2.06992
2439,0.461873,0.458461,0.0176079,0.0104647,0.652176,0.398224,0.810074,0.500368,0.0241242,0.0455517,0.0161833,0.19158,0.0108515,0,0.241327,0.126309,4.38429,0.0723532,0.298964,0.0819996,0.849172,6.80337,0.958941,0.94295,0.0494633,0.250518,0.500426,0.210585,0.570628,0.570628,0,0,-0.00464112,0.0342489,0.944138,0.81022,0.0125579,0.022322,0.00482461,0.00377004,0.572866,0.0114021,-7.08162,-9.0642,14.0129,0.57788,0.989903,-15.9724,-0.909091,-0.169987,2.00523,0.25,13.3333,0,0,30.5417,31.2917,0.0416667,-10.4898,0.0001,-0.000484774,0.104274,1.7558,0.128205,52178,0.136721,57.65,2.1886
2440,0.461512,0.460711,0.0176082,0.0101948,0.653073,0.399179,0.810156,0.502585,0.0238602,0.0462138,0.0159944,0.192037,0.0109451,0,0.242164,0.127145,4.38877,0.0733325,0.299519,0.0816836,0.847764,6.80974,0.959368,0.942949,0.0493197,0.250102,0.499982,0.211138,0.583231,0.583231,0,0,-0.00468264,0.0349449,0.94278,0.81152,0.0124662,0.0221162,0.00455537,0.00351912,0.569844,0.01121,-7.19002,-9.40155,13.9549,0.582142,0.98696,-15.7556,-0.909091,-0.170367,2.01543,0.583333,13.7083,0,0,29,31.8333,0,-10.4909,0.0001,-0.000738185,0.105963,1.7688,0.135415,51624,0.136698,57.12,2.06661
2441,0.466847,0.471942,0.0174794,0.00972959,0.654204,0.406015,0.809946,0.512145,0.0237637,0.0460896,0.0159303,0.191381,0.0107264,0,0.242866,0.130474,4.3638,0.0726758,0.299662,0.0813381,0.846732,6.81813,0.959539,0.943367,0.0487441,0.241834,0.504106,0.210301,0.603881,0.603881,0,0,-0.00465873,0.035494,0.944157,0.814752,0.0123189,0.0219363,0.00492011,0.00388321,0.575263,0.0111792,-7.04628,-9.30622,13.7648,0.586173,0.9769,-15.9059,-0.909091,-0.171728,2.06248,0.416667,12.625,0,0,27.5833,34.75,0,-10.4933,0.0001,-0.000585715,0.112549,1.77832,0.137778,51304,0.136697,57.94,2.20589
2442,0.465066,0.461651,0.0175068,0.0101723,0.654489,0.398279,0.810338,0.504824,0.0240991,0.0446053,0.0161958,0.192576,0.0107544,0,0.244012,0.128243,4.37645,0.0714265,0.300272,0.0818354,0.847249,6.81641,0.958684,0.943278,0.0495391,0.24319,0.504737,0.21191,0.582523,0.582523,0,0,-0.00464719,0.0339465,0.944878,0.812852,0.0124659,0.0221675,0.00462185,0.0036494,0.572159,0.0114206,-7.173,-8.94711,13.8676,0.57935,0.977971,-16.1254,-0.909091,-0.171427,2.01995,0.708333,12.3333,0,0,30.4583,35.375,0,-10.4925,0.0001,0.000314874,0.10928,1.76049,0.135922,51836,0.136745,55.27,1.97274
2443,0.463941,0.464318,0.0174742,0.0100461,0.65224,0.399928,0.809893,0.50886,0.0241407,0.0444392,0.0162261,0.191741,0.010711,0,0.243586,0.12934,4.37009,0.0713265,0.300217,0.0818442,0.848843,6.81699,0.959044,0.943383,0.0494543,0.249083,0.504563,0.211349,0.588785,0.588785,0,0,-0.00462578,0.0341719,0.944861,0.811448,0.0125074,0.0222176,0.00460432,0.0036513,0.572729,0.0114955,-7.25298,-8.85588,13.9341,0.577319,0.977483,-16.1747,-0.909091,-0.171208,2.03058,0.708333,11.625,0,0,29.75,30.9583,0,-10.49,0.0001,-0.000526424,0.11136,1.69383,0.131358,53859,0.136798,57.89,2.09271
2444,0.465689,0.466407,0.0174225,0.00989962,0.653674,0.400761,0.810339,0.50913,0.024023,0.0445298,0.0161623,0.192486,0.0107419,0,0.245101,0.129269,4.38022,0.0721092,0.30081,0.0815133,0.84852,6.81886,0.959162,0.943551,0.0493756,0.249995,0.504421,0.212145,0.588433,0.588433,0,0,-0.00463312,0.0347089,0.945295,0.811727,0.0124899,0.0220666,0.00472412,0.00372823,0.573487,0.0114755,-7.21082,-8.856,13.8409,0.580277,0.969314,-16.1882,-0.909091,-0.171952,2.0416,0.5,12.25,0,0,32.625,33.6667,0,-10.4886,0.0001,-0.000483163,0.109642,1.7449,0.129635,52441,0.136814,59.26,2.07798
2445,0.463121,0.455923,0.0175564,0.010608,0.651336,0.393937,0.809669,0.497775,0.0246978,0.0437233,0.0165816,0.192161,0.0109567,0,0.242846,0.126251,4.40062,0.0715908,0.299695,0.08352,0.848884,6.7941,0.957399,0.943117,0.0503489,0.257057,0.502419,0.21154,0.55398,0.55398,0,0,-0.00460008,0.0343585,0.94491,0.805335,0.0128836,0.0227845,0.00453031,0.00356319,0.569512,0.0117975,-7.26204,-8.57578,14.2016,0.570001,0.994928,-16.2616,-0.909091,-0.170247,1.99413,0.625,11.9583,0,0,32.0833,29.4167,0,-10.4877,0.0001,7.75983e-05,0.112054,1.7798,0.125238,51602,0.136863,57.11,2.04384
2446,0.464956,0.461497,0.0175645,0.0102383,0.653813,0.399353,0.809105,0.502832,0.024436,0.0443143,0.0164072,0.193412,0.0108397,0,0.244104,0.127644,4.40161,0.071966,0.301032,0.082336,0.848077,6.806,0.958151,0.943091,0.0507714,0.253083,0.502962,0.212745,0.570349,0.570349,0,0,-0.00461163,0.0347844,0.944933,0.808609,0.0126647,0.0225392,0.00460789,0.00363048,0.571674,0.011596,-7.17989,-8.69995,14.111,0.572118,0.994554,-16.1989,-0.909091,-0.170765,2.01553,0.583333,12.6667,0,0,32.75,32.5417,0,-10.4835,0.0001,-0.000358088,0.108973,1.78448,0.133206,51261,0.136902,57.87,2.16387
2447,0.463866,0.462677,0.017488,0.0102193,0.651794,0.398472,0.809163,0.504403,0.0242559,0.0442121,0.0163185,0.192066,0.0108811,0,0.243767,0.127623,4.38028,0.0721801,0.299536,0.0822551,0.849248,6.80182,0.957959,0.943339,0.0503436,0.250807,0.502975,0.211365,0.571441,0.571441,0,0,-0.00461157,0.0353622,0.945083,0.809683,0.0126339,0.0223148,0.00465457,0.00363215,0.571021,0.0115847,-7.22886,-8.78259,13.9515,0.576837,0.981251,-16.198,-0.909091,-0.171071,2.02193,0.666667,12.125,0,0,31.75,31.75,0,-10.4799,0.0001,-0.00087819,0.108158,1.77863,0.134998,51370,0.136909,59.09,1.87685
2448,0.466255,0.464885,0.0176188,0.0100372,0.655272,0.402527,0.810417,0.501463,0.0242382,0.0456555,0.0162515,0.193026,0.0108845,0,0.243167,0.126782,4.39482,0.0724148,0.300332,0.0824444,0.847151,6.80229,0.958354,0.942915,0.050814,0.251725,0.501158,0.212255,0.583137,0.583137,0,0,-0.00465027,0.0348362,0.943952,0.810355,0.0125824,0.0223857,0.00466139,0.00368279,0.573135,0.0114207,-7.11949,-9.04285,14.0345,0.577257,0.990856,-16.014,-0.909091,-0.170908,2.03363,0.375,12.5417,0,0,30.2917,31.9583,0,-10.4793,0.0001,0.000251615,0.112892,1.8355,0.133924,49914,0.136904,58.91,2.19623
2449,0.465082,0.460047,0.0175206,0.0104147,0.653315,0.397581,0.810331,0.498578,0.024895,0.0422382,0.0167474,0.193403,0.0108668,0,0.245067,0.126104,4.40451,0.0714112,0.300941,0.0828712,0.848497,6.80519,0.957564,0.943233,0.0508398,0.260861,0.501898,0.212995,0.562458,0.562458,0,0,-0.00453883,0.0350594,0.947123,0.805152,0.0129087,0.0228465,0.00470048,0.00370907,0.571831,0.0120345,-7.37383,-8.0925,14.0882,0.56809,0.984313,-16.6254,-0.909091,-0.171073,2.01384,0.5,10.75,0,0,34.9583,33.375,0,-10.48,0.0001,-0.000505978,0.110536,1.76253,0.141235,51636,0.13692,58.88,2.11809
2450,0.465905,0.466088,0.0175715,0.00994784,0.654506,0.40338,0.811071,0.507901,0.0246611,0.0430441,0.0165752,0.193058,0.0107884,0,0.243647,0.129301,4.39129,0.0710414,0.300503,0.0824687,0.850738,6.80006,0.957101,0.943068,0.0506152,0.258814,0.504166,0.212461,0.598056,0.598056,0,0,-0.00460107,0.0333336,0.946001,0.806743,0.0127954,0.0226903,0.00458343,0.00361287,0.570496,0.0118005,-7.28524,-8.38083,14.1185,0.569028,0.989109,-16.4178,-0.909091,-0.170871,2.04066,0.583333,11.125,0,0,32.625,29.9583,0,-10.4799,0.0001,-0.000574526,0.110385,1.80148,0.133118,50813,0.136922,57.38,1.93362
2451,0.464926,0.457424,0.0176286,0.0103416,0.654486,0.397405,0.81074,0.498729,0.0242668,0.0440991,0.0162835,0.193333,0.0108392,0,0.243469,0.126269,4.39608,0.0721487,0.300293,0.0822512,0.848286,6.81276,0.959354,0.942883,0.0502625,0.253266,0.502773,0.213016,0.572605,0.572605,0,0,-0.00460794,0.034706,0.94478,0.808914,0.0126104,0.0224108,0.00460531,0.00359797,0.572524,0.0115799,-7.2106,-8.85981,14.0468,0.574298,0.986551,-16.1201,-0.909091,-0.170279,2.00273,0.708333,12.0833,0,0,30.5,34.1667,0,-10.4771,0.0001,-0.000577403,0.109788,1.77131,0.134167,51590,0.137001,58.14,2.09903
2452,0.46377,0.462165,0.0174828,0.0102573,0.651074,0.398015,0.810199,0.505248,0.0243712,0.0442138,0.0163716,0.191126,0.0108327,0,0.242637,0.128175,4.37027,0.0717272,0.299496,0.0824839,0.847756,6.80819,0.958788,0.943356,0.0499794,0.248808,0.502833,0.210492,0.580585,0.580585,0,0,-0.00461379,0.0349051,0.944667,0.809945,0.0126492,0.0224645,0.0046709,0.00372133,0.574093,0.0116039,-7.24663,-8.79486,13.9794,0.577984,0.989172,-16.2068,-0.909091,-0.170793,2.02256,0.583333,12.0417,0,0,30.25,32.8333,0,-10.4709,0.0001,-0.000256115,0.110633,1.78958,0.134373,51094,0.137042,57.37,1.99054
2453,0.464031,0.460948,0.0175275,0.010541,0.65194,0.398548,0.810434,0.502303,0.0245526,0.0430163,0.0165043,0.192136,0.0108078,0,0.243557,0.127187,4.37458,0.0715713,0.300046,0.082818,0.849416,6.80657,0.958075,0.943194,0.0502576,0.252852,0.502937,0.211889,0.557236,0.557236,0,0,-0.00459887,0.0338993,0.945574,0.807789,0.0127403,0.0225661,0.0045909,0.00365696,0.572436,0.0117939,-7.36737,-8.52837,14.0307,0.572218,0.982698,-16.3675,-0.908557,-0.17057,2.0169,0.833333,11.3333,0,0,32.0833,32.5833,0.0416667,-10.4673,0.0001,-0.000384154,0.108014,1.71114,0.13412,53273,0.137076,58.38,1.97768
2454,0.462263,0.462301,0.0174638,0.010238,0.649849,0.397277,0.809491,0.505609,0.0248758,0.0427271,0.0167159,0.191583,0.010833,0,0.243601,0.12808,4.39949,0.0711193,0.300237,0.0833181,0.849607,6.79657,0.957631,0.943417,0.0506242,0.260403,0.501913,0.211202,0.581164,0.581164,0,0,-0.0045466,0.0347358,0.945906,0.805473,0.0129092,0.0228903,0.0046744,0.00371852,0.57292,0.0119832,-7.36691,-8.25247,14.1619,0.568656,0.991144,-16.5136,-0.909091,-0.170704,2.02181,0.625,10.7917,0,0,33.625,30.875,0.0416667,-10.4668,0.0001,-0.000851879,0.108295,1.68203,0.130833,54225,0.137063,57.83,2.1142
2455,0.462283,0.460106,0.0175321,0.0104391,0.651664,0.397713,0.810608,0.503411,0.0241288,0.0449056,0.0161999,0.191951,0.0108033,0,0.242948,0.127688,4.38524,0.0718875,0.299526,0.0820394,0.849422,6.81028,0.9588,0.943196,0.0499003,0.246848,0.502701,0.211316,0.571486,0.571486,0,0,-0.00466102,0.0344421,0.944417,0.811812,0.0125009,0.0222474,0.00467412,0.00366416,0.572489,0.0114071,-7.18515,-8.97206,13.9539,0.578984,0.981875,-16.0641,-0.909091,-0.170516,2.01454,0.5,12.3333,0,0,30.375,34.7083,0,-10.4717,0.0001,-0.000835143,0.107047,1.73791,0.135659,52468,0.137038,56.6,1.81265
2456,0.467628,0.470203,0.017461,0.0097544,0.655199,0.404789,0.809967,0.507806,0.0246623,0.0434371,0.0165702,0.193039,0.0108985,0,0.245299,0.12836,4.38022,0.0713504,0.301169,0.0832901,0.845926,6.8054,0.957768,0.943426,0.0498991,0.25137,0.501718,0.212455,0.589697,0.589697,0,0,-0.00457607,0.0354413,0.945246,0.808568,0.0127959,0.0226959,0.00467944,0.00374331,0.573638,0.011809,-7.30725,-8.48618,14.0758,0.573216,0.986691,-16.3771,-0.909091,-0.172142,2.05559,0.791667,11.5833,0,0,30.375,32.5417,0,-10.4741,0.0001,-0.000445196,0.105604,1.70522,0.124858,53715,0.137023,58.14,2.07314
2457,0.462141,0.461257,0.0175505,0.0102385,0.651082,0.397741,0.810903,0.504513,0.0247739,0.0430949,0.0166485,0.192981,0.0109221,0,0.243893,0.127401,4.37358,0.0710008,0.300255,0.0831883,0.847771,6.80089,0.957458,0.943136,0.0506577,0.258071,0.500049,0.212356,0.583743,0.583743,0,0,-0.00455837,0.0350958,0.945965,0.805421,0.0128882,0.0228104,0.00476257,0.0037436,0.571259,0.0119139,-7.27909,-8.35162,14.1554,0.568273,0.992009,-16.4311,-0.909091,-0.170333,2.01956,0.583333,10.9583,0,0,33.0417,30.2083,0,-10.4741,0.0001,-0.000226014,0.109589,1.73115,0.130732,52798,0.137057,58.54,2.16163
2458,0.46604,0.466283,0.0175153,0.0100884,0.652247,0.401777,0.810402,0.506328,0.0243473,0.0439807,0.0163721,0.192037,0.0107967,0,0.24357,0.128361,4.366,0.0711298,0.300113,0.0822541,0.847359,6.80698,0.958477,0.94325,0.0503251,0.253884,0.501993,0.21151,0.582558,0.582558,0,0,-0.00461058,0.0344185,0.945388,0.809409,0.0126427,0.0223714,0.00468297,0.00371474,0.573026,0.0116235,-7.30427,-8.61631,14.0073,0.574432,0.979509,-16.2768,-0.909091,-0.170984,2.04018,0.625,11.625,0,0,32.625,33.2083,0,-10.4709,0.0001,0.0012157,0.109939,1.71234,0.127136,53441,0.137103,57,1.87394
2459,0.464061,0.459319,0.0175791,0.0101903,0.650741,0.39823,0.810622,0.498168,0.0245802,0.0436683,0.0165076,0.192414,0.0108709,0,0.242809,0.125811,4.3886,0.0714596,0.299926,0.0827423,0.848154,6.803,0.957788,0.943044,0.0508623,0.258589,0.501492,0.211892,0.571647,0.571647,0,0,-0.00459107,0.0347401,0.94549,0.807168,0.0127624,0.0226622,0.00477729,0.00375974,0.57287,0.0117643,-7.22102,-8.54873,14.1513,0.569652,0.98696,-16.2819,-0.909091,-0.169722,2.0102,0.5,12.125,0,0,33.3333,32.375,0,-10.4681,0.0001,0.000310798,0.107121,1.7295,0.128188,52917,0.137126,58.06,2.04023
2460,0.464744,0.462876,0.0176222,0.0100747,0.653752,0.401178,0.810746,0.501556,0.024311,0.0437022,0.0163363,0.193513,0.0107783,0,0.244368,0.126943,4.37399,0.0711702,0.301261,0.0821192,0.846624,6.81257,0.958318,0.942904,0.0506845,0.255045,0.500927,0.213338,0.567559,0.567559,0,0,-0.00458671,0.0355563,0.945916,0.809965,0.0125854,0.0223455,0.00476655,0.00376094,0.574155,0.0116283,-7.21527,-8.60417,13.9933,0.572822,0.97705,-16.2795,-0.909091,-0.170484,2.02588,0.541667,11.0833,0,0,30.7083,32.25,0,-10.4671,0.0001,-0.000613014,0.106184,1.71379,0.132409,53246,0.13713,57.06,1.97909
2461,0.463379,0.460742,0.0175453,0.0103095,0.651654,0.398543,0.810519,0.503291,0.0243682,0.0435371,0.0163775,0.192635,0.0107421,0,0.243805,0.127664,4.38264,0.0710874,0.300267,0.0818445,0.84783,6.80966,0.95844,0.943153,0.0499797,0.2567,0.502019,0.212242,0.576786,0.576786,0,0,-0.00456903,0.0353834,0.945848,0.808912,0.012654,0.0224271,0.0048387,0.00378021,0.573376,0.011688,-7.24959,-8.55116,14.0263,0.57213,0.980998,-16.3127,-0.909091,-0.170379,2.01699,0.791667,11.9583,0,0,32.9167,33.2083,0,-10.4671,0.0001,-0.000382144,0.106013,1.72026,0.124743,53281,0.13712,57.12,1.91983
2462,0.460084,0.461253,0.0175131,0.0101911,0.646942,0.398169,0.809839,0.505836,0.0248546,0.0422275,0.0167165,0.19068,0.0108059,0,0.242182,0.127767,4.36734,0.0706122,0.299138,0.0831236,0.848867,6.80113,0.957074,0.943257,0.0504096,0.259872,0.500772,0.21035,0.595712,0.595712,0,0,-0.00453757,0.0344378,0.946724,0.80591,0.0128825,0.0228301,0.0046603,0.003706,0.571673,0.0120242,-7.36536,-8.11155,14.1262,0.568069,0.983466,-16.5749,-0.909091,-0.169596,2.01837,0.166667,10.0417,0,0,33.25,30.5833,0.0416667,-10.4702,0.0001,-0.000302725,0.106164,1.72965,0.128738,52897,0.137061,58.47,1.9357
2463,0.464791,0.460312,0.0176059,0.0104873,0.65447,0.399371,0.810554,0.500978,0.0246499,0.0430476,0.0165587,0.193154,0.0108219,0,0.243697,0.126903,4.38937,0.0711239,0.300445,0.0828276,0.849145,6.80272,0.957632,0.942957,0.050545,0.256849,0.50173,0.212833,0.557821,0.557821,0,0,-0.00458239,0.0339071,0.94579,0.807307,0.0127567,0.022668,0.00465118,0.00367478,0.570982,0.0117775,-7.33829,-8.41962,14.1142,0.569337,0.986113,-16.3829,-0.909091,-0.170539,2.014,0.416667,12.1667,0,0,33.5833,31.8333,0,-10.476,0.0001,-0.000564643,0.106386,2.01432,0.170092,45002,0.137023,58.03,2.11262
2464,0.462858,0.460957,0.017555,0.0102999,0.651317,0.398853,0.810781,0.502725,0.0243319,0.0439373,0.0163526,0.191373,0.0107784,0,0.242327,0.127476,4.37688,0.0718221,0.299289,0.0820829,0.849312,6.81107,0.958336,0.943122,0.0500793,0.256093,0.502533,0.211049,0.580454,0.580454,0,0,-0.00459268,0.0343414,0.945584,0.809501,0.0126183,0.0223739,0.00469316,0.00369876,0.572792,0.0116301,-7.22772,-8.67333,14.0263,0.572975,0.978553,-16.2322,-0.909091,-0.17017,2.01737,0.625,11.7917,0,0,30.9167,32.4167,0,-10.4785,0.0001,-0.000694738,0.105918,2.37281,0.205989,38120,0.137023,56.97,1.91344
2465,0.465844,0.468777,0.0174644,0.0096548,0.651421,0.403489,0.811235,0.511464,0.0239605,0.0446668,0.0161146,0.191404,0.0106288,0,0.243304,0.129863,4.35186,0.0709618,0.300039,0.0812517,0.847722,6.81565,0.958811,0.943399,0.0493779,0.24708,0.504574,0.210941,0.60946,0.60946,0,0,-0.00465509,0.0337794,0.945268,0.813561,0.0123923,0.0220004,0.00474733,0.00376371,0.57403,0.0113788,-7.21092,-8.8816,13.8206,0.580735,0.972503,-16.1718,-0.908592,-0.171014,2.0533,0.583333,11.8333,0,0,30.2917,34.7917,0.0416667,-10.4791,0.0001,-0.000690522,0.106975,1.82445,0.126012,50400,0.137043,58.48,1.98796
2466,0.463393,0.458955,0.0175004,0.0102421,0.650957,0.395968,0.810982,0.502584,0.0241296,0.0438759,0.0162151,0.191061,0.0106289,0,0.242902,0.12766,4.36729,0.0712166,0.29927,0.081719,0.847384,6.827,0.959189,0.943299,0.0496498,0.248978,0.503329,0.210947,0.57566,0.57566,0,0,-0.00460592,0.0344515,0.946007,0.813343,0.0124361,0.0221497,0.00482834,0.00385174,0.575726,0.0115024,-7.25459,-8.68027,13.8356,0.578185,0.971845,-16.3069,-0.909091,-0.17053,2.01075,0.5,10.5,0,0,29.8333,33.4167,0,-10.4775,0.0001,-0.000998267,0.108299,1.77929,0.123905,51652,0.137068,57.46,2.11493
2467,0.463485,0.45927,0.0175147,0.0104297,0.652303,0.396699,0.810556,0.499773,0.0241942,0.043859,0.0162556,0.192896,0.0107319,0,0.244604,0.126234,4.35645,0.0716199,0.300749,0.0818492,0.84659,6.81559,0.958899,0.943252,0.0494688,0.246891,0.502712,0.212484,0.564254,0.564254,0,0,-0.00459579,0.0351187,0.945587,0.810882,0.0125531,0.0222645,0.00484883,0.00380987,0.574405,0.0115996,-7.2079,-8.73209,13.9527,0.575458,0.977419,-16.2283,-0.909091,-0.170814,2.01074,0.583333,11.875,0,0,30.25,34.2083,0,-10.4748,0.0001,-0.000495352,0.104864,1.72269,0.126965,53147,0.137092,58.11,2.16392
2468,0.465404,0.465687,0.0174466,0.010033,0.650303,0.401088,0.810224,0.507453,0.0241618,0.044236,0.0162507,0.191278,0.0107586,0,0.243426,0.128775,4.36191,0.0719431,0.300148,0.0818458,0.848134,6.81515,0.958562,0.943473,0.0496501,0.247771,0.50416,0.210698,0.590224,0.590224,0,0,-0.00462285,0.0345381,0.945202,0.812197,0.0125272,0.0221999,0.00484316,0.00386086,0.574953,0.011521,-7.19521,-8.79318,13.8686,0.579515,0.974264,-16.2066,-0.909091,-0.170826,2.03824,0.375,11.875,0,0,30,32.25,0,-10.4723,0.0001,-0.00087681,0.110935,1.73412,0.12767,52800,0.137133,58.47,2.12199
2469,0.464583,0.465819,0.0174475,0.0100219,0.650266,0.400926,0.81003,0.50726,0.0243513,0.0428414,0.0163863,0.191305,0.010665,0,0.243573,0.128634,4.36766,0.070739,0.299863,0.0821245,0.848438,6.82024,0.959107,0.943453,0.0498313,0.252316,0.503143,0.211124,0.593877,0.593877,0,0,-0.00458301,0.034114,0.946488,0.81032,0.012589,0.0223396,0.00483612,0.00382699,0.574354,0.0117505,-7.30234,-8.45982,13.9177,0.573973,0.971839,-16.4344,-0.90855,-0.170735,2.03774,0.25,11.0833,0,0,32.5,33.25,0.0416667,-10.4706,0.0001,-0.000324982,0.107076,1.81614,0.129954,50513,0.137172,58.57,2.12583
2470,0.461777,0.457725,0.0175062,0.0106175,0.649912,0.395101,0.810573,0.498981,0.0242563,0.0445788,0.0162847,0.1908,0.0107574,0,0.241641,0.125787,4.38002,0.0719891,0.299595,0.0819216,0.846272,6.81018,0.95907,0.94328,0.0491838,0.246933,0.500411,0.209732,0.565685,0.565685,0,0,-0.00463365,0.0341669,0.944842,0.810462,0.0125763,0.0223667,0.00479184,0.00380137,0.574459,0.0115502,-7.21373,-8.86909,13.9587,0.577461,0.983377,-16.143,-0.909091,-0.170344,2.00361,0.5,12.5,0,0,29.4167,33.25,0,-10.4666,0.0001,-0.000932215,0.104927,1.89486,0.131637,48509,0.137234,58.37,2.13772
2471,0.464019,0.462119,0.0174805,0.0102284,0.651104,0.397795,0.810645,0.503049,0.0243373,0.0439439,0.0163533,0.19144,0.0107677,0,0.243075,0.127277,4.34791,0.0715208,0.300296,0.0822461,0.848168,6.81035,0.958853,0.943363,0.0492331,0.246013,0.502089,0.21069,0.574941,0.574941,0,0,-0.00461715,0.0332789,0.945126,0.809828,0.0126452,0.0224163,0.00479694,0.00382071,0.57466,0.0116565,-7.27128,-8.7409,13.9331,0.578035,0.981412,-16.2368,-0.909091,-0.170904,2.02221,0.416667,11.7083,0,0,31.125,33.625,0,-10.4637,0.0001,-0.000924079,0.108766,1.75756,0.128684,52116,0.137247,57.64,2.26518
2472,0.46441,0.462547,0.0175024,0.0103711,0.653375,0.399024,0.810402,0.500167,0.0242454,0.0439796,0.0162901,0.192591,0.0106437,0,0.244297,0.125844,4.37319,0.0718868,0.300934,0.081828,0.847202,6.81342,0.958458,0.943292,0.0495048,0.247513,0.500679,0.212031,0.562659,0.562659,0,0,-0.00459739,0.0344664,0.945596,0.811606,0.0125479,0.0222792,0.00484942,0.00385176,0.574686,0.0115982,-7.2644,-8.68017,13.8898,0.578034,0.973164,-16.2672,-0.909091,-0.171313,2.02412,0.333333,11.0417,0,0,31.2083,33.3333,0,-10.4648,0.0001,-0.000147013,0.102745,1.76206,0.149575,51423,0.137213,59,1.9661
2473,0.462357,0.46142,0.0175327,0.0101697,0.65048,0.398631,0.811067,0.504582,0.0244526,0.0433253,0.0164261,0.19173,0.0106871,0,0.242923,0.127848,4.35803,0.0710266,0.299669,0.0820234,0.84733,6.80665,0.9585,0.943179,0.0502215,0.250275,0.501926,0.211101,0.581531,0.581531,0,0,-0.00458856,0.0340035,0.945776,0.808835,0.0126771,0.0225233,0.00487966,0.00385999,0.575246,0.0117156,-7.25777,-8.58802,14.0023,0.573897,0.981268,-16.3156,-0.908617,-0.170253,2.02124,0.375,11.5833,0,0,31.625,32,0.0416667,-10.4672,0.0001,-0.000776236,0.10667,1.85185,0.122058,49801,0.137167,58.79,2.22794
2474,0.463016,0.459547,0.0175154,0.0102262,0.649569,0.396681,0.810404,0.50175,0.0242244,0.0439641,0.0162718,0.191247,0.0106747,0,0.242444,0.126873,4.37887,0.0715736,0.299402,0.0819996,0.848768,6.81077,0.958311,0.943234,0.0495675,0.251677,0.502843,0.210685,0.581395,0.581395,0,0,-0.00462045,0.0334579,0.945331,0.810533,0.0125663,0.022291,0.00484876,0.00384169,0.574546,0.0115713,-7.23176,-8.78057,13.9098,0.577052,0.97925,-16.2052,-0.908599,-0.170102,2.01152,0.541667,12.0833,0,0,30.8333,33.5,0.0416667,-10.469,0.0001,-0.000371573,0.104855,1.71201,0.130934,53340,0.13716,58.07,2.03437
2475,0.462843,0.469474,0.0174083,0.00967141,0.648047,0.402696,0.809546,0.510778,0.0240839,0.0441297,0.0161938,0.190824,0.0106934,0,0.243578,0.129183,4.35477,0.072409,0.2998,0.0815688,0.846539,6.81545,0.958915,0.943597,0.0501094,0.249975,0.501825,0.210367,0.608024,0.608024,0,0,-0.0046042,0.0356205,0.945031,0.812259,0.0125003,0.0221245,0.00487184,0.00388477,0.576187,0.0115305,-7.28778,-8.85127,13.8204,0.582341,0.970568,-16.2108,-0.909091,-0.17077,2.05281,0.375,11.4167,0,0,31.1667,31.7083,0,-10.4695,0.0001,-0.000529688,0.112624,1.75392,0.133553,52082,0.137151,57.75,2.23336
2476,0.461284,0.458975,0.0174792,0.0103185,0.648597,0.394948,0.810063,0.503952,0.0244105,0.0436301,0.0164204,0.190873,0.0107385,0,0.242794,0.127485,4.3602,0.0712598,0.300139,0.0823442,0.847528,6.80759,0.958079,0.943367,0.0496244,0.250354,0.502193,0.210562,0.576495,0.576495,0,0,-0.00461265,0.0338372,0.945347,0.809895,0.0126432,0.0224059,0.00467809,0.00374383,0.573322,0.0116659,-7.32255,-8.61698,13.9684,0.576137,0.979339,-16.3175,-0.909091,-0.170192,2.00914,0.75,11.875,0,0,31.5833,32.625,0.0416667,-10.4711,0.0001,-0.000868919,0.104346,1.75277,0.130328,52203,0.137146,56.76,1.87644
2477,0.464307,0.463397,0.017502,0.00988601,0.649611,0.400533,0.810122,0.504324,0.0243142,0.0440125,0.0163211,0.190628,0.0107696,0,0.242122,0.127821,4.36998,0.0710121,0.299342,0.0821973,0.848503,6.80378,0.958835,0.943294,0.0497283,0.249712,0.502807,0.210258,0.580866,0.580866,0,0,-0.00464012,0.033475,0.944573,0.810116,0.0125866,0.0224136,0.00460082,0.00366668,0.572839,0.011567,-7.30543,-8.83043,14.0012,0.576675,0.985711,-16.1592,-0.909091,-0.170219,2.0261,0.541667,12.4167,0,0,30.9167,32.4167,0,-10.4705,0.0001,-0.000591377,0.112723,1.76632,0.12736,51911,0.137166,58.32,1.94774
2478,0.463606,0.465307,0.0174528,0.0099342,0.648262,0.40052,0.810545,0.509005,0.0237739,0.0444291,0.0159897,0.191166,0.0106341,0,0.243457,0.129237,4.36433,0.0717273,0.299695,0.0808389,0.845756,6.82366,0.959441,0.943453,0.049664,0.247537,0.502737,0.211007,0.600929,0.600929,0,0,-0.00461332,0.0352538,0.944684,0.814183,0.0123387,0.021859,0.00482953,0.00381951,0.57448,0.0113529,-7.26449,-9.0412,13.7768,0.583135,0.966868,-16.0958,-0.909091,-0.170287,2.03682,0.75,11.9167,0,0,29.875,33.5,0,-10.4722,0.0001,-0.000153494,0.111065,1.82293,0.15273,49757,0.137159,57.86,2.04828
2479,0.465897,0.465083,0.0175154,0.0102044,0.651393,0.400716,0.81007,0.505618,0.0239191,0.0450643,0.016044,0.192926,0.0106991,0,0.244213,0.128245,4.36501,0.0722964,0.300451,0.0814701,0.844976,6.81443,0.958953,0.94325,0.0487986,0.243933,0.502134,0.212063,0.578515,0.578515,0,0,-0.00465368,0.0353093,0.943944,0.813341,0.0124056,0.0220908,0.00487533,0.00384204,0.574368,0.0113275,-7.1556,-9.15152,13.8687,0.583141,0.980448,-15.9794,-0.909091,-0.170726,2.03353,0.458333,12.8333,0,0,29.4167,33.3333,0,-10.4756,0.0001,-0.0010473,0.1014,1.78487,0.12351,51511,0.137146,58.38,2.38205
2480,0.463469,0.461105,0.0175096,0.0101884,0.647929,0.397718,0.811117,0.499691,0.0242091,0.0447276,0.0162337,0.191392,0.0108143,0,0.242457,0.125481,4.3837,0.0722052,0.299808,0.0821838,0.848804,6.8114,0.959251,0.943269,0.049133,0.246506,0.499759,0.210544,0.564941,0.564941,0,0,-0.00462908,0.0346155,0.944124,0.809535,0.0126236,0.0223838,0.00484488,0.00381687,0.574152,0.011543,-7.20645,-9.01874,13.9714,0.579372,0.98639,-16.0385,-0.909091,-0.169796,2.02021,0.541667,13.4167,0,0,30.7083,33.0833,0,-10.4775,0.0001,-0.00052705,0.10536,1.75187,0.131646,52191,0.137165,57.57,2.1017
2481,0.462502,0.460961,0.0175549,0.0102311,0.647968,0.398489,0.811653,0.503163,0.0242592,0.0438567,0.0162799,0.190593,0.0106948,0,0.241133,0.127273,4.36156,0.0714282,0.299164,0.0820302,0.84863,6.80913,0.958394,0.943122,0.0496079,0.244483,0.502624,0.209836,0.581622,0.581622,0,0,-0.00464287,0.0336598,0.945056,0.810132,0.0125675,0.0223551,0.00479413,0.00380256,0.574185,0.0115625,-7.26135,-8.86731,13.9398,0.577137,0.981898,-16.1638,-0.909091,-0.16933,2.01996,0.583333,12.1667,0,0,29.0833,32.75,0,-10.4764,0.0001,-0.00099732,0.110715,1.78642,0.18763,49798,0.137176,58.42,2.11538
2482,0.461916,0.459036,0.0174851,0.0103912,0.647713,0.395411,0.811176,0.501251,0.0242856,0.0434474,0.0163417,0.191271,0.0106522,0,0.243084,0.126364,4.37909,0.0716319,0.300001,0.0814116,0.847309,6.81712,0.958857,0.943348,0.0494995,0.248731,0.50075,0.210847,0.562473,0.562473,0,0,-0.00459753,0.0336856,0.945714,0.810021,0.0125979,0.0222909,0.00477505,0.00381303,0.573887,0.0116888,-7.37905,-8.60598,13.8573,0.57799,0.973159,-16.3447,-0.909091,-0.16999,2.01095,0.5,11.8333,0,0,31.125,33.9583,0,-10.4783,0.0001,-0.000534303,0.106797,1.7959,0.133792,50942,0.137156,58.47,2.14704
2483,0.464703,0.463,0.0174809,0.0100409,0.650043,0.399116,0.810879,0.503938,0.0245084,0.04286,0.0164731,0.191236,0.0106508,0,0.243288,0.127515,4.36761,0.0703906,0.300018,0.0823726,0.847955,6.8107,0.95792,0.943362,0.0494461,0.246939,0.502287,0.211047,0.591153,0.591153,0,0,-0.00458836,0.0334078,0.946025,0.810168,0.0126457,0.0224928,0.00472016,0.00377791,0.574108,0.0117557,-7.35254,-8.42848,13.9973,0.57347,0.977196,-16.4209,-0.909091,-0.170546,2.02808,0.708333,10.0833,0,0,29.3333,32.3333,0.0416667,-10.481,0.0001,-0.000681771,0.10949,1.81246,0.137769,50406,0.137144,59.38,2.23948
2484,0.462344,0.463584,0.0173748,0.0101345,0.646504,0.397334,0.810862,0.508646,0.0245977,0.0429907,0.0165498,0.190607,0.0106711,0,0.243725,0.128569,4.37818,0.0709637,0.299746,0.0825222,0.847906,6.80915,0.957924,0.943706,0.0494347,0.251341,0.502755,0.21026,0.586885,0.586885,0,0,-0.0045695,0.0344363,0.946091,0.8097,0.0127111,0.0225611,0.0047704,0.00385881,0.574767,0.0118291,-7.40215,-8.3614,13.9006,0.576441,0.978687,-16.5311,-0.909091,-0.170584,2.0312,0.708333,10.5833,0,0,32.9583,33.0417,0,-10.4823,0.0001,-0.00073842,0.107526,1.77405,0.141732,51312,0.137121,58.34,2.11537
2485,0.461607,0.461544,0.0174194,0.0102274,0.6473,0.396158,0.811008,0.50551,0.0241608,0.0434721,0.0162624,0.190909,0.0106118,0,0.243302,0.12766,4.37387,0.0709589,0.300463,0.0811672,0.84921,6.81674,0.959701,0.943561,0.0494716,0.251329,0.501229,0.21037,0.577853,0.577853,0,0,-0.00459758,0.0337614,0.946083,0.810925,0.0125178,0.0221653,0.00490724,0.00389736,0.576019,0.0115951,-7.32791,-8.60255,13.8716,0.5768,0.970488,-16.3306,-0.909091,-0.17045,2.02235,0.583333,11.5417,0,0,32.0417,33.25,0,-10.4826,0.0001,-0.000107465,0.109991,1.7872,0.124847,51412,0.137117,58.53,2.07158
2486,0.462732,0.461056,0.0175342,0.0102631,0.648176,0.397495,0.810738,0.503652,0.0240029,0.045302,0.0160964,0.191209,0.0107945,0,0.241909,0.12744,4.37595,0.0718561,0.299686,0.0817942,0.845757,6.80866,0.958329,0.943189,0.0490441,0.242638,0.501566,0.210248,0.579341,0.579341,0,0,-0.0046528,0.0351687,0.944097,0.812196,0.0124695,0.0221677,0.00481948,0.00380022,0.573555,0.0113588,-7.1174,-9.13774,13.9113,0.581274,0.984333,-15.9494,-0.909091,-0.169741,2.01786,0.625,13.2083,0,0,28.5,33.0833,0,-10.4828,0.0001,-0.000978927,0.106776,1.70204,0.131985,53600,0.137101,59.12,2.31158
2487,0.463917,0.461533,0.0174577,0.0101188,0.648487,0.397585,0.810907,0.502085,0.0243834,0.0438995,0.0163885,0.19238,0.0107506,0,0.244256,0.126762,4.37186,0.0709608,0.301232,0.0823294,0.846848,6.80773,0.958466,0.943437,0.0492147,0.251075,0.502063,0.211618,0.571661,0.571661,0,0,-0.00460827,0.0344445,0.945254,0.810473,0.0126245,0.0224659,0.00481181,0.00381963,0.573827,0.0116409,-7.19508,-8.70185,13.9776,0.576423,0.984408,-16.2589,-0.909091,-0.170328,2.02127,0.541667,12.0417,0,0,31.2083,33.3333,0,-10.4846,0.0001,-0.00106794,0.107474,1.8845,0.128233,48841,0.137086,58.76,2.26722
2488,0.465844,0.466815,0.0173903,0.0100647,0.647507,0.400577,0.811283,0.508157,0.0242614,0.0441534,0.0163065,0.190966,0.0106908,0,0.243603,0.128693,4.36275,0.0712307,0.300678,0.081949,0.847988,6.82148,0.959044,0.943655,0.0488678,0.246912,0.503239,0.210056,0.577697,0.577697,0,0,-0.00461383,0.0342559,0.945273,0.811432,0.0125484,0.0223016,0.00474683,0.00381132,0.574552,0.0115663,-7.28996,-8.74826,13.8803,0.578129,0.977453,-16.2741,-0.909091,-0.170811,2.04481,0.5,11.375,0,0,30.0417,32.1667,0,-10.4867,0.0001,-0.00122781,0.112793,1.69509,0.145043,53422,0.137074,57.91,2.0871
2489,0.464841,0.465506,0.0174528,0.00996062,0.646263,0.400789,0.811863,0.509456,0.0242967,0.0445414,0.0163045,0.191642,0.0107183,0,0.243358,0.129798,4.36495,0.0711928,0.300392,0.0823871,0.845869,6.80627,0.958373,0.943453,0.0491736,0.243023,0.503766,0.210715,0.592608,0.592608,0,0,-0.00461985,0.0348341,0.944798,0.811357,0.0125926,0.0223872,0.00482223,0.00383414,0.574172,0.0115506,-7.1331,-8.84114,13.9607,0.578572,0.986284,-16.1578,-0.909091,-0.169894,2.04038,0.333333,12.25,0,0,31.2917,34.1667,0,-10.4915,0.0001,-0.00088742,0.111119,1.73873,0.122238,52824,0.137045,57.81,2.05489
2490,0.465346,0.462763,0.0174191,0.0101878,0.646755,0.397373,0.810851,0.50532,0.0240686,0.0446506,0.0161849,0.190665,0.0106575,0,0.243168,0.128235,4.35247,0.071019,0.29981,0.0817115,0.848631,6.82404,0.959701,0.943562,0.0489932,0.240764,0.504786,0.210165,0.579566,0.579566,0,0,-0.00464408,0.0333063,0.944832,0.813202,0.0124415,0.0220992,0.00466479,0.00372436,0.574319,0.0114409,-7.29304,-8.87654,13.839,0.581031,0.974672,-16.186,-0.909091,-0.170309,2.02654,0.583333,11.2083,0,0,30.25,32.6667,0,-10.4982,0.0001,-0.000181196,0.110958,1.8972,0.125216,48607,0.13703,57.77,2.13716
2491,0.464925,0.464747,0.0174244,0.0100712,0.646199,0.398189,0.811733,0.506198,0.024108,0.0440061,0.016222,0.190776,0.0106379,0,0.243458,0.128012,4.36519,0.0713725,0.300352,0.0816019,0.848081,6.81841,0.959075,0.943545,0.0492996,0.245976,0.503138,0.210336,0.581932,0.581932,0,0,-0.00461935,0.0338017,0.945447,0.811792,0.0124974,0.0221202,0.00473166,0.00378041,0.574252,0.0115592,-7.33961,-8.73851,13.8382,0.578799,0.970493,-16.2941,-0.909091,-0.170329,2.03653,0.416667,11.625,0,0,31.125,33.8333,0,-10.5021,0.0001,-1.34887e-06,0.108742,1.84545,0.125324,49880,0.137016,57.67,1.96834
2492,0.46594,0.466599,0.0174185,0.0100173,0.647467,0.400636,0.810335,0.507228,0.0242345,0.0445515,0.0162933,0.190991,0.0107696,0,0.243299,0.128524,4.38732,0.0716459,0.300226,0.082056,0.848132,6.80497,0.958632,0.943564,0.0494261,0.250385,0.503172,0.2103,0.582297,0.582297,0,0,-0.00462177,0.0338926,0.94457,0.810958,0.0125776,0.0223129,0.00463924,0.00368742,0.573541,0.0115466,-7.27012,-8.84863,13.9283,0.57958,0.983779,-16.1857,-0.909091,-0.170532,2.04118,0.666667,12.2917,0,0,31.5417,32.375,0,-10.501,0.0001,-0.000841043,0.107896,1.73708,0.126673,52745,0.137059,58.4,2.09767
2493,0.465744,0.466484,0.0173949,0.00977736,0.647042,0.400629,0.81096,0.508299,0.0241756,0.0446923,0.0162784,0.19077,0.0107389,0,0.243304,0.129526,4.3593,0.0709582,0.300466,0.0819665,0.846608,6.81322,0.958409,0.94364,0.048492,0.243958,0.505167,0.210072,0.59053,0.59053,0,0,-0.00464715,0.0336758,0.944779,0.81299,0.0125436,0.0222139,0.00467212,0.00376763,0.574571,0.0115284,-7.25894,-8.80929,13.8134,0.583121,0.978092,-16.2244,-0.909091,-0.170478,2.04226,0.5,11.5833,0,0,29.1667,32.4167,0,-10.4942,0.0001,0.000445923,0.11073,1.77608,0.123559,51748,0.137116,58.31,2.09084
2494,0.459998,0.460016,0.0173826,0.0102181,0.643851,0.394491,0.80967,0.507292,0.0243521,0.0435324,0.0163852,0.190752,0.0105835,0,0.24359,0.128778,4.36894,0.0707637,0.300088,0.081773,0.847849,6.81861,0.959365,0.94368,0.0485496,0.245846,0.503305,0.210179,0.584974,0.584974,0,0,-0.00459743,0.0336457,0.946345,0.810616,0.0126031,0.0222944,0.00470534,0.0037535,0.574046,0.0117085,-7.32059,-8.51183,13.8427,0.577783,0.969162,-16.4265,-0.909091,-0.169819,2.01226,0.458333,10.875,0,0,31.5,34.6667,0,-10.4899,0.0001,-0.000725364,0.109804,1.73083,0.129212,52850,0.137137,58.73,2.05691
2495,0.462568,0.458024,0.0173239,0.010504,0.645359,0.391939,0.810012,0.501399,0.0244387,0.0431141,0.0164494,0.190258,0.0107287,0,0.243991,0.126763,4.3714,0.0719192,0.300298,0.0824033,0.84789,6.81116,0.958498,0.94387,0.0485817,0.245775,0.503713,0.20981,0.55773,0.55773,0,0,-0.00458369,0.0338565,0.945349,0.810118,0.0126895,0.0224121,0.00449351,0.0035817,0.571673,0.0117645,-7.41278,-8.55067,13.9222,0.577963,0.975493,-16.3822,-0.909091,-0.170785,2.00614,0.708333,10.9583,0,0,30.625,32.0417,0,-10.4854,0.0001,-0.000591082,0.112985,1.7326,0.132987,52693,0.137167,59.39,2.02616
2496,0.462792,0.465156,0.0173789,0.0100775,0.643853,0.39847,0.810126,0.510977,0.0244337,0.043304,0.0164319,0.190264,0.0106226,0,0.242935,0.130055,4.40448,0.0713529,0.299751,0.082203,0.847616,6.81347,0.958379,0.943675,0.0489864,0.249175,0.504928,0.209418,0.593763,0.593763,0,0,-0.00458302,0.0341562,0.945854,0.810316,0.0126228,0.0224543,0.00466607,0.00368353,0.571146,0.0117485,-7.27764,-8.53096,13.9223,0.576969,0.981349,-16.4038,-0.908542,-0.169937,2.03608,0.458333,11.0417,0,0,31.7083,33.7917,0.0833333,-10.4816,0.0001,0.000460267,0.108556,1.74321,0.134448,52354,0.137187,57.8,1.83067
2497,0.466874,0.472918,0.0172904,0.00948197,0.647067,0.403199,0.80986,0.517242,0.0244469,0.0432114,0.0164537,0.190388,0.0107194,0,0.244462,0.132031,4.37751,0.071624,0.300277,0.0823526,0.848592,6.81173,0.958425,0.943962,0.0490631,0.251029,0.505463,0.209919,0.610119,0.610119,0,0,-0.00459324,0.0340212,0.945246,0.810463,0.0126568,0.0224384,0.00448393,0.00358715,0.571661,0.0117665,-7.45437,-8.56758,13.8829,0.580244,0.979042,-16.3977,-0.90855,-0.17147,2.06854,0.583333,11.125,0,0,31.9583,31.6667,0.0416667,-10.4824,0.0001,-0.000474614,0.112286,2.08554,0.148611,44000,0.137157,59.92,2.25369
2498,0.460497,0.461795,0.0173565,0.00994094,0.644653,0.395458,0.809854,0.50768,0.0246778,0.0422843,0.0166149,0.190154,0.0106998,0,0.243634,0.128899,4.41125,0.071459,0.299624,0.0827382,0.849362,6.81413,0.958252,0.943765,0.0496753,0.254409,0.502583,0.210025,0.580862,0.580862,0,0,-0.00456548,0.0340058,0.94664,0.8078,0.0127706,0.0226013,0.00446411,0.00356377,0.569927,0.0119819,-7.54099,-8.21844,13.9245,0.574333,0.97527,-16.6258,-0.909091,-0.170303,2.02194,0.625,9.83333,0,0,33.3333,32.5,0,-10.4867,0.0001,-0.000641558,0.108932,1.89192,0.1293,48635,0.137125,58.03,1.94766
2499,0.466438,0.468564,0.0173097,0.00977264,0.64797,0.400079,0.809739,0.510796,0.0242253,0.0431735,0.0163232,0.190301,0.0105799,0,0.244239,0.129796,4.37799,0.0714468,0.2999,0.0815892,0.847674,6.8192,0.958618,0.943898,0.0493971,0.245211,0.505213,0.209919,0.591119,0.591119,0,0,-0.00459898,0.0336369,0.94617,0.812275,0.0125044,0.0221585,0.00454874,0.00363735,0.571726,0.011705,-7.41356,-8.56533,13.7218,0.581623,0.965798,-16.4697,-0.908508,-0.171599,2.04928,0.583333,10.125,0,0,30.75,34.4167,0.0416667,-10.4886,0.0001,-0.000129965,0.112341,1.82021,0.166572,49479,0.137138,59.22,1.95051
2500,0.465001,0.465399,0.0173653,0.00992959,0.647784,0.397998,0.810433,0.508465,0.0241392,0.0438831,0.0162501,0.190909,0.01061,0,0.244253,0.128908,4.3994,0.0719369,0.299971,0.0816005,0.848007,6.81257,0.959004,0.943736,0.0496143,0.25041,0.503318,0.210588,0.589019,0.589019,0,0,-0.00462752,0.0336726,0.945443,0.81171,0.0125233,0.0221472,0.00460262,0.00366294,0.572308,0.0115988,-7.43957,-8.72721,13.7717,0.582206,0.970409,-16.3173,-0.909091,-0.171092,2.03752,0.625,11,0,0,31.625,32.375,0.0833333,-10.4866,0.0001,-0.000883651,0.111609,1.91486,0.158915,47403,0.137134,58.24,1.9266
2501,0.465493,0.462345,0.0174818,0.0100015,0.649787,0.398313,0.811041,0.503321,0.0239253,0.0443085,0.0160793,0.192318,0.0106211,0,0.244258,0.127882,4.38869,0.0722628,0.30056,0.0813417,0.845454,6.82294,0.959002,0.943359,0.0493405,0.24308,0.503487,0.211838,0.58426,0.58426,0,0,-0.00462538,0.0347263,0.945385,0.813739,0.0123752,0.0219799,0.00475116,0.00373245,0.572739,0.0114492,-7.26814,-8.93625,13.7251,0.582902,0.96709,-16.1582,-0.909091,-0.170516,2.02436,0.291667,11.125,0,0,30,34.2917,0,-10.4888,0.0001,-0.000805037,0.112611,1.8315,0.13342,50029,0.137153,57.65,1.97036
2502,0.466218,0.464913,0.0175251,0.0100888,0.648934,0.400416,0.81094,0.503024,0.0233977,0.0471534,0.0156967,0.191386,0.0107129,0,0.242306,0.127538,4.36907,0.0723868,0.299496,0.0808932,0.846453,6.81834,0.959893,0.943218,0.0487158,0.239373,0.503265,0.210349,0.579922,0.579922,0,0,-0.00473925,0.0331182,0.942442,0.816574,0.0121775,0.0216388,0.00459869,0.00356989,0.57159,0.0109308,-7.11587,-9.74275,13.7322,0.590216,0.979357,-15.6205,-0.909091,-0.170098,2.03488,0.833333,14.625,0,0,27.4583,33.6667,0,-10.4884,0.0001,1.42208e-05,0.105547,1.77457,0.132256,51553,0.137179,56.93,2.16377
2503,0.461398,0.462772,0.0175214,0.0101373,0.646163,0.399354,0.810551,0.504598,0.0236275,0.0468942,0.0158419,0.190687,0.0108153,0,0.241218,0.127777,4.37317,0.0724038,0.299169,0.0813493,0.847778,6.81196,0.959321,0.943231,0.0494853,0.244463,0.501694,0.209525,0.584287,0.584287,0,0,-0.00472259,0.0333918,0.942456,0.814995,0.0122806,0.0218747,0.00459855,0.00358766,0.571358,0.011051,-7.11901,-9.60308,13.8471,0.585255,0.984073,-15.677,-0.909091,-0.169312,2.02495,0.625,14,0,0,29.0417,32.125,0,-10.489,0.0001,-0.000912377,0.109745,1.78959,0.129533,51223,0.137198,58.43,2.03622
2504,0.459732,0.462327,0.0175261,0.0104413,0.644276,0.399112,0.810326,0.509813,0.0238229,0.04629,0.0159666,0.190479,0.010708,0,0.240726,0.129532,4.36769,0.0709303,0.298846,0.0813713,0.848391,6.81053,0.959637,0.943215,0.0486574,0.240734,0.502994,0.209143,0.59776,0.59776,0,0,-0.00470586,0.0327728,0.943012,0.813376,0.0123607,0.0220577,0.00470061,0.00365708,0.571933,0.011138,-7.1273,-9.38971,13.9545,0.581603,0.989388,-15.7924,-0.909091,-0.168704,2.02176,0.5,14.7083,0,0,28.875,32.5,0,-10.4869,0.0001,-0.00054757,0.108889,1.85697,0.136044,49324,0.137219,57.71,2.12688
2505,0.460984,0.454929,0.0175661,0.0106496,0.645612,0.393466,0.810349,0.49853,0.0238186,0.0463559,0.0159538,0.189729,0.0107854,0,0.239639,0.126029,4.35785,0.0707473,0.2986,0.0816513,0.848348,6.8107,0.959491,0.943086,0.0488004,0.240108,0.502656,0.208357,0.575021,0.575021,0,0,-0.00473323,0.0327196,0.942838,0.812478,0.0123978,0.0220587,0.00455138,0.00356737,0.571296,0.0111434,-7.10433,-9.47614,13.9431,0.582649,0.989072,-15.7328,-0.909091,-0.168742,1.99081,0.708333,15,0,0,27.9583,33.7083,0,-10.4856,0.0001,-0.000932867,0.115557,1.84806,0.129551,49708,0.137248,57.7,1.91458
2506,0.460456,0.457153,0.0175479,0.0105369,0.64611,0.394674,0.810394,0.502483,0.0233411,0.0472894,0.0156576,0.191259,0.0107665,0,0.242004,0.127386,4.35725,0.0722965,0.299831,0.0806044,0.846277,6.82304,0.960345,0.943145,0.0485483,0.238016,0.501826,0.210289,0.568088,0.568088,0,0,-0.00472161,0.0343403,0.942597,0.815578,0.0121945,0.0215814,0.00478619,0.00371142,0.572911,0.0110121,-7.0865,-9.73559,13.731,0.589509,0.975227,-15.6152,-0.909091,-0.16925,2.00078,0.541667,13.9167,0,0,27.2917,33.875,0.0416667,-10.483,0.0001,-0.000133982,0.108552,1.78799,0.131769,51206,0.137259,58.83,2.05846
2507,0.464404,0.460957,0.0175392,0.0103607,0.648799,0.398879,0.811491,0.504312,0.0237917,0.0449807,0.0159722,0.191343,0.0106079,0,0.242329,0.128342,4.37592,0.070512,0.300188,0.0810999,0.846737,6.81836,0.959454,0.943173,0.0489207,0.240738,0.504998,0.210901,0.58064,0.58064,0,0,-0.00465611,0.0329526,0.944419,0.814069,0.0123234,0.0219487,0.00456151,0.00357278,0.57186,0.011258,-7.20755,-9.12364,13.8722,0.579508,0.97789,-15.9843,-0.909091,-0.169605,2.01887,0.666667,13.4583,0,0,29.3333,33.75,0,-10.4821,0.0001,0.000186253,0.108249,1.97685,0.156893,46071,0.137284,57.12,1.84074
2508,0.461836,0.459747,0.0174882,0.0105308,0.645204,0.395196,0.811683,0.502977,0.0237457,0.0462996,0.0159319,0.189718,0.0107005,0,0.240782,0.127218,4.35852,0.0708875,0.299174,0.0813698,0.847978,6.81341,0.959832,0.943338,0.0488422,0.241941,0.501638,0.208687,0.569941,0.569941,0,0,-0.00471959,0.0326884,0.942798,0.813647,0.0123536,0.0219575,0.00455923,0.00358173,0.571272,0.0111836,-7.24515,-9.44632,13.824,0.586234,0.985375,-15.804,-0.909091,-0.169388,2.01574,0.458333,13.9583,0,0,28.125,32.2917,0,-10.4812,0.0001,-0.00074643,0.107124,1.88912,0.136409,48532,0.137318,57.51,2.11525
2509,0.466946,0.469527,0.0174638,0.00974679,0.649603,0.403909,0.810676,0.509141,0.0234787,0.0469081,0.0157467,0.191448,0.010723,0,0.243207,0.129021,4.36238,0.0718326,0.300828,0.0810864,0.846881,6.81795,0.959607,0.943417,0.0480218,0.234829,0.503204,0.210554,0.596351,0.596351,0,0,-0.0047297,0.0332794,0.942203,0.816575,0.0121912,0.0217228,0.00465408,0.00367785,0.572287,0.0110043,-7.19543,-9.72095,13.7543,0.589312,0.979322,-15.6645,-0.909091,-0.170675,2.05357,0.958333,14.9167,0,0,27.2917,34.25,0,-10.4813,0.0001,0.000164358,0.11042,1.95537,0.144368,46817,0.137328,57.65,2.33173
2510,0.462204,0.461861,0.0174783,0.0105721,0.64657,0.39757,0.810684,0.505328,0.0238561,0.0452093,0.0160295,0.190495,0.0106911,0,0.242056,0.128002,4.33616,0.0710727,0.299278,0.0815509,0.846932,6.81326,0.959504,0.94337,0.0486793,0.242603,0.502489,0.209651,0.571131,0.571131,0,0,-0.00469075,0.0324226,0.943772,0.813218,0.0123991,0.0220072,0.00460289,0.00364247,0.573133,0.011315,-7.27387,-9.21395,13.8246,0.583644,0.977187,-15.9676,-0.909091,-0.169749,2.02219,0.541667,12.9583,0,0,28.8333,32.125,0,-10.4803,0.0001,-0.000712416,0.112468,1.93136,0.129948,47690,0.137328,57.45,2.07356
2511,0.464258,0.466154,0.0174259,0.0101123,0.64547,0.399739,0.810047,0.508426,0.0234395,0.0465298,0.0157522,0.189927,0.010668,0,0.241899,0.129222,4.35672,0.071467,0.298749,0.0803245,0.846197,6.81834,0.960408,0.94354,0.048383,0.242538,0.503487,0.209001,0.589922,0.589922,0,0,-0.00470428,0.0335577,0.94298,0.815579,0.0122168,0.021628,0.00471207,0.00368304,0.572092,0.0110244,-7.23018,-9.52226,13.7059,0.588953,0.974053,-15.7787,-0.909091,-0.169928,2.03888,0.625,14.125,0,0,29.375,33.25,0,-10.4801,0.0001,-0.000388103,0.112445,1.81246,0.126477,50699,0.13733,56.29,2.04425
2512,0.466483,0.459477,0.0174917,0.0104993,0.650783,0.395581,0.809714,0.497511,0.0237803,0.0465078,0.0159556,0.19302,0.0108404,0,0.244487,0.125743,4.36568,0.0723517,0.301351,0.0818616,0.844217,6.81155,0.959631,0.943327,0.0488219,0.238609,0.501558,0.211988,0.55983,0.55983,0,0,-0.00468458,0.0344943,0.942812,0.81384,0.0123923,0.0220034,0.00477272,0.00374766,0.57308,0.0112056,-7.14788,-9.44643,13.8438,0.586441,0.985113,-15.7771,-0.909091,-0.170725,2.00928,0.416667,14,0,0,28.4583,34.0417,0,-10.4794,0.0001,-0.000772219,0.114033,1.9001,0.124406,48557,0.137352,59.37,2.11159
2513,0.464187,0.462773,0.0174877,0.0100347,0.647883,0.397731,0.810024,0.503456,0.023808,0.0462328,0.0159626,0.191848,0.0107177,0,0.243473,0.127071,4.3513,0.0715322,0.30043,0.0818104,0.844298,6.81453,0.959688,0.94334,0.048204,0.23742,0.500515,0.210819,0.590513,0.590513,0,0,-0.00470421,0.0338824,0.943099,0.814403,0.0123486,0.021983,0.00479852,0.00380917,0.574603,0.0111882,-7.20198,-9.3855,13.8576,0.584854,0.981472,-15.8476,-0.909091,-0.17022,2.02343,0.583333,13.875,0,0,28.1667,34.2917,0,-10.4777,0.0001,-0.000580293,0.110275,1.81493,0.131428,50506,0.137372,58.81,2.0524
2514,0.463224,0.462323,0.0175702,0.0102134,0.648242,0.399974,0.810562,0.505973,0.0238412,0.0462006,0.0159804,0.191462,0.0108268,0.000578704,0.242058,0.128285,4.3688,0.0715727,0.299455,0.0818683,0.847373,6.80679,0.959,0.943073,0.0490094,0.240487,0.501168,0.210718,0.588253,0.588253,0,0,-0.00469666,0.0333387,0.942816,0.813077,0.0124155,0.0220669,0.00467657,0.00367043,0.572144,0.0112101,-7.16878,-9.40968,13.9503,0.582049,0.986928,-15.7728,-0.909091,-0.169406,2.02356,0.708333,14.0417,0,0,28.2083,34.3333,0.0416667,-10.4772,0.0001,-0.000538897,0.104989,1.79104,0.120739,51420,0.137428,57.88,2.20259
2515,0.464867,0.46425,0.0175778,0.0101297,0.649764,0.401318,0.810975,0.504778,0.0234757,0.0478336,0.0157267,0.191797,0.0108004,0,0.24189,0.127814,4.34975,0.0724807,0.300189,0.0812636,0.845037,6.81614,0.95997,0.943048,0.0483645,0.235547,0.50182,0.210461,0.584588,0.584588,0,0,-0.00475214,0.033199,0.941772,0.816232,0.0122282,0.0217812,0.00479777,0.00376808,0.574064,0.0109318,-7.04636,-9.86291,13.7912,0.590504,0.987274,-15.5272,-0.909091,-0.169816,2.03058,0.666667,14.9167,0,0,25.7917,32.75,0,-10.4724,0.0001,-0.000573751,0.107763,1.81069,0.153209,50055,0.137499,58.02,2.1907
2516,0.466472,0.467489,0.0174732,0.00996988,0.648783,0.40178,0.810191,0.507566,0.0236193,0.0468661,0.0158511,0.191746,0.0107626,0,0.243134,0.12846,4.33189,0.0721712,0.300916,0.0811223,0.847312,6.80987,0.95961,0.943387,0.048126,0.236191,0.503686,0.210345,0.581606,0.581606,0,0,-0.0047317,0.0331711,0.942505,0.815273,0.0122746,0.0218357,0.00475255,0.00375394,0.57414,0.0110384,-7.13319,-9.64697,13.7725,0.588189,0.985117,-15.7097,-0.909091,-0.170499,2.04405,0.791667,15,0,0,28.625,34.625,0,-10.4672,0.0001,-0.000255518,0.109555,1.76964,0.131238,51715,0.137541,58.33,1.99386
2517,0.460575,0.455614,0.0175395,0.0107086,0.645701,0.393251,0.809472,0.499042,0.023848,0.0471134,0.0159917,0.190856,0.0108253,0,0.24093,0.126003,4.37982,0.0724736,0.298763,0.0817129,0.845483,6.80483,0.959497,0.943172,0.0488853,0.240409,0.501065,0.209458,0.563336,0.563336,0,0,-0.00470656,0.0333523,0.942836,0.812373,0.0124226,0.0220869,0.00484384,0.00381341,0.574163,0.0111792,-7.04628,-9.50156,13.8939,0.584917,0.990446,-15.7466,-0.909091,-0.168973,1.99164,0.625,14.625,0,0,27.8333,32.1667,0,-10.4643,0.0001,-0.000926101,0.111798,1.87726,0.129829,48978,0.137558,58.65,1.98645
2518,0.460141,0.458899,0.0175617,0.0105158,0.645008,0.396568,0.808399,0.502986,0.024195,0.0456357,0.0162345,0.191372,0.0108218,0,0.241291,0.127366,4.34806,0.0719824,0.29954,0.082415,0.847932,6.80077,0.958164,0.943084,0.0487644,0.243933,0.500453,0.210106,0.572145,0.572145,0,0,-0.00468616,0.033193,0.943186,0.810305,0.0125845,0.0223698,0.0047487,0.00375272,0.573262,0.0114187,-7.18018,-9.18365,14.0172,0.579181,0.995544,-15.9402,-0.908586,-0.168661,2.00278,0.416667,14.0833,0,0,30.0833,32.375,0.0416667,-10.4659,0.0001,-0.000691841,0.107921,1.77397,0.13564,51478,0.137549,58.5,1.98867
2519,0.463033,0.463654,0.0174761,0.0102712,0.646366,0.398773,0.809174,0.504902,0.0242415,0.0447483,0.0162855,0.191276,0.0107617,0,0.24269,0.127892,4.35349,0.0711186,0.300708,0.0823059,0.848393,6.81,0.958799,0.943377,0.0491513,0.245837,0.501511,0.210125,0.572069,0.572069,0,0,-0.00466897,0.0326392,0.944287,0.809975,0.012631,0.0223537,0.00480763,0.0038425,0.575457,0.0115352,-7.24501,-8.91237,13.9784,0.577852,0.987164,-16.109,-0.909091,-0.169936,2.02576,0.75,12.875,0,0,30,33.2083,0,-10.4681,0.0001,-0.00103175,0.10608,1.80341,0.130576,50829,0.137549,57.4,2.02595
2520,0.464598,0.462616,0.0174341,0.0100543,0.645864,0.397373,0.808971,0.503502,0.0239662,0.0446905,0.0161099,0.190356,0.0106025,0,0.242685,0.127437,4.35942,0.0712558,0.299612,0.0814162,0.84708,6.81923,0.959286,0.943513,0.0490237,0.242467,0.50362,0.209796,0.586466,0.586466,0,0,-0.0046626,0.0332382,0.94483,0.813361,0.0124051,0.0220238,0.00476057,0.00380526,0.574686,0.0113773,-7.26,-8.93208,13.8452,0.580336,0.976393,-16.1311,-0.909091,-0.169993,2.02172,0.5,11.7917,0,0,29.6667,32.9167,0.0416667,-10.4659,0.0001,-0.000665121,0.109193,1.80494,0.134076,50697,0.137571,59.18,2.25102
2521,0.461526,0.457477,0.0175056,0.0103788,0.644922,0.394523,0.809035,0.502422,0.0241709,0.0448523,0.0162348,0.190314,0.0107325,0,0.241543,0.127198,4.35376,0.0716758,0.299028,0.0821529,0.848413,6.81047,0.959367,0.943282,0.0494134,0.249845,0.502402,0.209538,0.583363,0.583363,0,0,-0.00463464,0.0335774,0.944835,0.810514,0.0125579,0.0222639,0.00488791,0.00387182,0.574892,0.0114983,-7.21465,-8.87597,13.9486,0.577461,0.983533,-16.1391,-0.909091,-0.169117,1.99814,0.375,12.9167,0,0,32.125,32.625,0,-10.4643,0.0001,-0.000622807,0.112187,1.80802,0.122407,50923,0.13756,58.21,2.08155
2522,0.460166,0.454799,0.0174871,0.0106684,0.64386,0.390994,0.809343,0.497148,0.0242546,0.045321,0.0162777,0.189668,0.0107144,0,0.240772,0.125414,4.35689,0.0713937,0.299407,0.0824301,0.847638,6.81184,0.958858,0.943342,0.0489503,0.243458,0.501179,0.208582,0.553643,0.553643,0,0,-0.00468433,0.0323736,0.944099,0.811683,0.012547,0.0223318,0.00474932,0.00384398,0.576205,0.0114543,-7.2675,-8.967,13.9257,0.579435,0.986973,-16.1144,-0.909091,-0.169145,1.98899,0.583333,12.7083,0,0,29.2083,32.8333,0,-10.4681,0.0001,-0.000587315,0.113063,1.71588,0.127688,53322,0.137517,58.12,2.03883
2523,0.460435,0.458574,0.0174736,0.0102673,0.643902,0.394572,0.808665,0.5012,0.0241265,0.044871,0.0162047,0.189855,0.010641,0,0.24104,0.126541,4.35343,0.0710254,0.298903,0.0817248,0.847459,6.81232,0.959308,0.943386,0.0482497,0.244343,0.501501,0.208896,0.580364,0.580364,0,0,-0.00466002,0.0331866,0.945007,0.811371,0.0124897,0.0221985,0.00483592,0.00383427,0.574148,0.011424,-7.24433,-8.91368,13.9192,0.577371,0.980899,-16.162,-0.909091,-0.169077,2.0031,0.75,12.125,0,0,29.1667,33.3333,0,-10.4703,0.0001,-0.000427304,0.112931,1.84703,0.179839,48500,0.137538,58.24,2.03139
2524,0.462167,0.459768,0.0174961,0.0102793,0.644749,0.395847,0.80777,0.50406,0.0238824,0.0454284,0.0160561,0.19046,0.0107177,0,0.241864,0.127572,4.37021,0.0721926,0.299479,0.0816493,0.845763,6.8172,0.959239,0.943313,0.0484769,0.244826,0.501815,0.209752,0.572099,0.572099,0,0,-0.00466624,0.0338665,0.944048,0.81387,0.0124291,0.0219834,0.00478634,0.00380925,0.575595,0.011343,-7.24811,-9.08664,13.8224,0.582589,0.975084,-16.0148,-0.909091,-0.169275,2.00554,0.958333,13.125,0,0,29.125,34.125,0,-10.4658,0.0001,-0.000568258,0.106656,1.82761,0.136403,50052,0.137612,59.73,2.07463
2525,0.463308,0.465572,0.0173997,0.00982063,0.645488,0.399135,0.807884,0.508004,0.0243754,0.0436467,0.0163993,0.191028,0.0106836,0,0.243941,0.12892,4.3548,0.0710079,0.300277,0.0822648,0.846005,6.81034,0.958828,0.943625,0.0486313,0.243805,0.502114,0.210408,0.592548,0.592548,0,0,-0.00459765,0.0345195,0.945855,0.809904,0.0126727,0.0223756,0.00488316,0.00391409,0.575398,0.0117348,-7.34335,-8.55749,13.8959,0.576959,0.97492,-16.3784,-0.909091,-0.170294,2.0315,0.541667,10.8333,0,0,30.6667,33.4167,0,-10.4593,0.0001,0.00036018,0.116117,1.79455,0.198805,49315,0.137652,59.17,2.35866
2526,0.463942,0.458254,0.0174385,0.0102932,0.647287,0.394337,0.808686,0.500314,0.0244505,0.043326,0.0164519,0.19131,0.0106349,0,0.243633,0.126492,4.34546,0.0706013,0.299973,0.0822617,0.848467,6.81428,0.958949,0.943499,0.0487603,0.246916,0.50266,0.21083,0.57004,0.57004,0,0,-0.00461266,0.0334595,0.945876,0.810334,0.0126348,0.022453,0.00478238,0.00382312,0.574119,0.0117104,-7.35619,-8.49245,13.9446,0.574329,0.980187,-16.4161,-0.909091,-0.170212,2.00302,0.708333,11.125,0,0,31.5833,32,0,-10.4562,0.0001,-0.000701618,0.111266,1.77553,0.127637,51652,0.137647,58.15,1.95758
2527,0.463141,0.457829,0.0173778,0.0102936,0.644976,0.39189,0.807688,0.500429,0.0244425,0.0434684,0.0164282,0.190643,0.0106589,0,0.243855,0.126181,4.36476,0.0712631,0.300445,0.0824978,0.844429,6.81446,0.958821,0.943696,0.0488891,0.245394,0.501328,0.210179,0.568725,0.568725,0,0,-0.00460116,0.0343782,0.945292,0.811067,0.0126315,0.0224693,0.00465264,0.00376089,0.57462,0.0117086,-7.39478,-8.59655,13.9418,0.576826,0.981011,-16.3656,-0.909091,-0.170435,1.99905,0.5,11.625,0,0,31.4167,35.3333,0,-10.4571,0.0001,-0.000595392,0.109456,1.7548,0.200966,50263,0.13762,59.78,2.0561
2528,0.464851,0.464499,0.0174832,0.00995392,0.646182,0.400046,0.808639,0.505263,0.0247045,0.0421845,0.0166354,0.191397,0.0106264,0,0.243134,0.12811,4.37468,0.0709478,0.299686,0.0825822,0.848362,6.80898,0.958378,0.943354,0.0494385,0.251903,0.503044,0.211028,0.576658,0.576658,0,0,-0.00455392,0.0328487,0.947094,0.808067,0.0127931,0.022636,0.00475298,0.00379909,0.573803,0.0119706,-7.39944,-8.12516,14,0.569902,0.976157,-16.6035,-0.909091,-0.169533,2.02763,0.333333,9.91667,0,0,31.9583,32.375,0,-10.4594,0.0001,-0.00105586,0.114816,2.03888,0.122812,45475,0.137606,56.96,2.04549
2529,0.465481,0.461404,0.0174602,0.0102693,0.648652,0.397132,0.80834,0.504334,0.0245231,0.0427259,0.0164942,0.192172,0.0106223,0,0.244344,0.128188,4.39128,0.0707392,0.300819,0.082238,0.847577,6.80777,0.958645,0.943429,0.049284,0.253073,0.503462,0.21189,0.581911,0.581911,0,0,-0.00458677,0.0333139,0.945954,0.809099,0.0126911,0.0225342,0.00458917,0.00363126,0.571835,0.0117977,-7.43525,-8.39056,14.0184,0.572515,0.981003,-16.435,-0.909091,-0.170288,2.01427,0.375,10.9167,0,0,32.7083,32.6667,0,-10.4576,0.0001,-0.000905929,0.109159,1.84962,0.13555,49519,0.137651,58.42,2.15649
2530,0.461581,0.454662,0.0175027,0.0105851,0.646576,0.391675,0.808184,0.49672,0.0246229,0.0427753,0.0165404,0.19255,0.0106995,0,0.244116,0.12516,4.38155,0.071063,0.300865,0.0825539,0.847216,6.80632,0.95819,0.943291,0.0492508,0.254913,0.500453,0.212239,0.549921,0.549921,0,0,-0.0045773,0.0335778,0.94626,0.807118,0.012735,0.0226225,0.00462296,0.00366609,0.571554,0.0118822,-7.43684,-8.39061,14.0252,0.57079,0.981429,-16.4644,-0.909091,-0.169532,1.98407,0.666667,11.0417,0,0,33.4167,32.7083,0,-10.4488,0.0001,-0.000775924,0.108868,1.79975,0.136656,50766,0.137739,57.05,1.799
2531,0.46575,0.461984,0.0174172,0.0102646,0.648704,0.396657,0.808429,0.500505,0.0246202,0.0427711,0.0165653,0.191754,0.0106837,0,0.244063,0.126551,4.37713,0.0713847,0.30008,0.0826498,0.845811,6.80944,0.957819,0.943568,0.0487968,0.242574,0.50319,0.211172,0.573782,0.573782,0,0,-0.00458002,0.0335993,0.946037,0.809644,0.0127373,0.0225894,0.00464316,0.00373013,0.572917,0.0118915,-7.39872,-8.36732,13.9307,0.575519,0.977111,-16.4833,-0.909091,-0.170713,2.01813,0.375,10.25,0,0,29.7083,33.5833,0,-10.4415,0.0001,-0.000813515,0.108125,1.81493,0.162642,49709,0.137767,58.09,2.19115
2532,0.466999,0.468781,0.0174323,0.00971441,0.650386,0.402653,0.80776,0.509711,0.0244227,0.042698,0.0164246,0.192304,0.010656,0,0.245354,0.129425,4.40558,0.0713765,0.300395,0.0823567,0.847859,6.81469,0.958522,0.943519,0.0488189,0.247473,0.504102,0.212129,0.601193,0.601193,0,0,-0.0045727,0.0340088,0.94617,0.810081,0.0126329,0.0224502,0.0046643,0.00368888,0.571864,0.0117882,-7.40282,-8.45437,13.9407,0.574929,0.978923,-16.4353,-0.909091,-0.171121,2.04521,0.625,10.3333,0,0,31,34.0417,0,-10.4402,0.0001,6.71992e-06,0.104772,1.95613,0.148789,46702,0.137766,57.85,2.07298
2533,0.464976,0.464353,0.0174034,0.0101267,0.646401,0.398454,0.807079,0.506093,0.0243255,0.0430616,0.0163543,0.191193,0.0106938,0,0.244472,0.128038,4.38059,0.0718184,0.299895,0.0820483,0.847931,6.80789,0.958271,0.943613,0.0492088,0.254178,0.502702,0.211122,0.580684,0.580684,0,0,-0.00456773,0.0348427,0.945804,0.809057,0.0126265,0.0223692,0.0046646,0.00369634,0.571722,0.0117765,-7.45687,-8.55233,13.926,0.57561,0.975419,-16.3692,-0.909091,-0.170355,2.02453,0.791667,10.7917,0,0,32.9167,31.5,0,-10.4406,0.0001,-0.000580965,0.104902,1.96514,0.125091,47030,0.137755,57.12,1.76752
2534,0.465364,0.468712,0.0174083,0.00978924,0.64765,0.402815,0.807544,0.51077,0.0243021,0.0421919,0.0163615,0.19054,0.0105714,0,0.243944,0.130033,4.36952,0.0703816,0.299573,0.0816292,0.849875,6.82232,0.958765,0.943597,0.048651,0.248123,0.505854,0.210766,0.596453,0.596453,0,0,-0.00458625,0.0334037,0.946982,0.811179,0.0125479,0.0222342,0.00463093,0.00368162,0.57253,0.0117641,-7.49645,-8.36055,13.7986,0.576571,0.966248,-16.5323,-0.909091,-0.170504,2.04396,0.666667,9.625,0,0,31.0833,33.375,0,-10.4432,0.0001,-0.000695642,0.107649,1.87942,0.126655,49003,0.137717,58.41,2.08283
2535,0.462847,0.460645,0.0174802,0.0103937,0.647593,0.397181,0.80615,0.504163,0.0240922,0.0438493,0.0161846,0.190923,0.0106706,0,0.242568,0.127449,4.38751,0.0712726,0.299377,0.0815803,0.849382,6.81589,0.959195,0.943347,0.04849,0.25174,0.502407,0.210515,0.568372,0.568372,0,0,-0.00464155,0.0339065,0.944993,0.81196,0.0124644,0.0221988,0.00451162,0.00355414,0.570836,0.0115294,-7.38859,-8.84793,13.8534,0.580464,0.975505,-16.1887,-0.908572,-0.16981,2.00469,0.5,11.375,0,0,31.5833,31.9167,0.0416667,-10.4445,0.0001,-0.000154148,0.112888,1.73462,0.127094,52802,0.137678,57.09,1.97044
2536,0.464674,0.465689,0.0173863,0.0100669,0.646664,0.398718,0.805799,0.506509,0.0240794,0.0437888,0.0161887,0.190899,0.0106296,0,0.244015,0.128223,4.34913,0.0709139,0.300787,0.0817635,0.845438,6.81663,0.959058,0.943668,0.0483998,0.24436,0.502618,0.210427,0.57354,0.57354,0,0,-0.00462855,0.0343981,0.944977,0.812974,0.0124732,0.0221252,0.00469451,0.00376076,0.574746,0.0115563,-7.41387,-8.81026,13.7991,0.582227,0.970865,-16.2335,-0.909091,-0.170751,2.02683,0.666667,11.375,0,0,29.4583,34.3333,0,-10.4456,0.0001,-5.52761e-05,0.108212,1.71,0.126801,53519,0.137655,58.95,2.27391
2537,0.463341,0.466695,0.0174509,0.00998998,0.645679,0.400765,0.806688,0.509427,0.0240901,0.0448175,0.0161736,0.191434,0.0108521,0,0.243083,0.129421,4.34863,0.0723394,0.300395,0.0821779,0.847885,6.80422,0.959058,0.943459,0.0480711,0.24214,0.502825,0.210451,0.587892,0.587892,0,0,-0.00466331,0.03359,0.943079,0.811003,0.0125793,0.0222647,0.00450793,0.00355974,0.571005,0.0114814,-7.30756,-9.18035,13.9374,0.581584,0.985891,-15.9488,-0.909091,-0.169783,2.03258,1,13.8333,0,0,28.3333,32.25,0,-10.4431,0.0001,-0.000703518,0.107369,1.88649,0.144616,48399,0.137684,59.52,2.23959
2538,0.461683,0.460493,0.0174351,0.0103622,0.643884,0.395659,0.806268,0.503119,0.0235824,0.0458709,0.0158256,0.190137,0.0107461,0,0.241907,0.127226,4.36554,0.0724813,0.29901,0.0810049,0.84784,6.81266,0.959428,0.943496,0.0481997,0.237767,0.502151,0.209125,0.575516,0.575516,0,0,-0.00469018,0.0343553,0.94279,0.814496,0.0122936,0.0218343,0.00468888,0.00366465,0.57195,0.0111676,-7.19499,-9.54515,13.7945,0.58638,0.978077,-15.7672,-0.908656,-0.169403,2.00507,0.791667,14.8333,0,0,28.75,33.5,0.0833333,-10.4391,0.0001,-0.000381015,0.11216,2.42353,0.139341,38357,0.137714,59.21,2.00486
2539,0.467261,0.464803,0.0175049,0.0099735,0.65094,0.400925,0.806476,0.503628,0.0241065,0.0436368,0.0162113,0.19309,0.0106076,0,0.244659,0.127833,4.35202,0.0711461,0.301298,0.0813522,0.846389,6.81988,0.959371,0.943267,0.0488275,0.244569,0.504014,0.212416,0.582189,0.582189,0,0,-0.00463841,0.0328403,0.945546,0.811791,0.0124569,0.0221448,0.00457729,0.00360635,0.57203,0.0115373,-7.32276,-8.81001,13.8232,0.578816,0.975546,-16.2528,-0.908557,-0.170629,2.02344,0.625,11.625,0,0,29.5833,33.4583,0.0416667,-10.4384,0.0001,-5.98801e-05,0.112108,2.09258,0.132171,44186,0.137679,57.87,2.04752
2540,0.461653,0.461919,0.0174368,0.0103408,0.645635,0.396228,0.805076,0.503378,0.0243538,0.0436337,0.0163671,0.191509,0.0107359,0,0.243802,0.126901,4.36493,0.0719938,0.299998,0.0822603,0.846361,6.80339,0.95834,0.943505,0.0485795,0.246425,0.500731,0.210702,0.569645,0.569645,0,0,-0.00461111,0.0342147,0.945023,0.809744,0.0126363,0.0224151,0.00457535,0.00361218,0.570779,0.0116775,-7.33503,-8.70233,13.9595,0.577369,0.98066,-16.2661,-0.909091,-0.17008,2.0081,0.625,11.5833,0,0,29.7083,31.5833,0.0416667,-10.4411,0.0001,-0.000579542,0.102237,1.95246,0.131651,47168,0.137667,58.52,2.27695
2541,0.464208,0.471493,0.0172826,0.00968071,0.643718,0.402016,0.805994,0.516684,0.0239823,0.0434255,0.0161575,0.189481,0.0106092,0,0.24383,0.13124,4.34714,0.0717618,0.299426,0.0814568,0.846115,6.82181,0.959289,0.943989,0.0479553,0.245312,0.504857,0.20925,0.613766,0.613766,0,0,-0.00460115,0.0339423,0.945202,0.812449,0.0124801,0.0220008,0.00465722,0.00373677,0.574397,0.0116351,-7.43472,-8.82679,13.7352,0.58223,0.964405,-16.2791,-0.908611,-0.170739,2.05212,1.16667,11.2083,0,0,30.7917,34.875,0.0416667,-10.4411,0.0001,-0.000435407,0.11149,2.01101,0.130446,45905,0.137692,57.11,2.17831
2542,0.463388,0.463127,0.0173799,0.00997312,0.646486,0.396886,0.805119,0.507552,0.0244165,0.0431663,0.0164182,0.190829,0.0106901,0,0.243754,0.128811,4.36585,0.0716803,0.299843,0.0821587,0.848131,6.8084,0.958942,0.943689,0.0482791,0.249684,0.503319,0.210086,0.58817,0.58817,0,0,-0.00459027,0.0338449,0.94572,0.80955,0.0126724,0.0224528,0.00475386,0.00378129,0.573512,0.0117767,-7.33673,-8.55198,13.9126,0.577299,0.979273,-16.3763,-0.909091,-0.170654,2.01469,0.666667,11.25,0,0,31.0833,32.75,0,-10.4387,0.0001,8.83224e-05,0.109672,1.69664,0.133151,53724,0.13772,57.75,1.8376
2543,0.46302,0.460177,0.0174565,0.0100467,0.64618,0.395965,0.804792,0.503461,0.0242798,0.0431052,0.0163307,0.191613,0.0106664,0,0.243964,0.127701,4.37961,0.0708928,0.300352,0.0817626,0.847988,6.81505,0.958605,0.943441,0.0484669,0.248027,0.503648,0.211497,0.583269,0.583269,0,0,-0.00460397,0.033109,0.945962,0.810679,0.0125755,0.0222874,0.00462728,0.00366351,0.57258,0.0116713,-7.36082,-8.58238,13.8844,0.576608,0.974667,-16.3552,-0.909091,-0.169722,2.00007,0.625,11.1667,0,0,31.2917,33.7917,0,-10.4372,0.0001,-0.000322587,0.11186,1.72253,0.126749,53158,0.137754,58.84,2.1628
2544,0.46106,0.45614,0.0174641,0.010395,0.645722,0.392443,0.803831,0.499328,0.0242623,0.0433438,0.0163203,0.191061,0.0106151,0,0.243137,0.12594,4.37834,0.0716705,0.299593,0.0818376,0.848401,6.81385,0.959252,0.943416,0.0493917,0.252775,0.50188,0.210614,0.562934,0.562934,0,0,-0.00462004,0.0333563,0.94603,0.809887,0.0125551,0.0222791,0.00474068,0.00374676,0.573723,0.0116552,-7.35604,-8.60172,13.8885,0.575812,0.975351,-16.3542,-0.909091,-0.169645,1.98041,0.708333,11.375,0,0,31.9583,31.4167,0,-10.4363,0.0001,-0.000841267,0.106203,1.74777,0.133609,52250,0.137763,59.03,2.09239
2545,0.466077,0.457205,0.0174893,0.0102458,0.650445,0.394514,0.804292,0.49961,0.0237959,0.0447201,0.015993,0.19218,0.0105211,0,0.243892,0.126691,4.38603,0.0719798,0.300095,0.0806348,0.847529,6.82281,0.959854,0.943334,0.0483563,0.241649,0.504545,0.211611,0.574505,0.574505,0,0,-0.00465393,0.0332138,0.945384,0.814488,0.0122438,0.0218618,0.00472067,0.00369621,0.572933,0.0112599,-7.20644,-9.01511,13.7574,0.580821,0.972728,-16.11,-0.909091,-0.170517,1.9857,0.625,12,0,0,28.9583,33.4583,0,-10.4361,0.0001,-0.000868645,0.11078,1.69626,0.133685,53719,0.137775,57.84,1.97849
2546,0.467084,0.469398,0.0173602,0.00970807,0.648082,0.401989,0.804582,0.509079,0.0241376,0.0430539,0.0162425,0.191155,0.0105589,0,0.244845,0.129616,4.35472,0.0712359,0.300532,0.0811754,0.847117,6.82024,0.958739,0.943753,0.0481319,0.246703,0.50439,0.210884,0.593468,0.593468,0,0,-0.00460798,0.0339719,0.946197,0.812482,0.0124731,0.0221117,0.00469257,0.00376152,0.574747,0.0116305,-7.38489,-8.61577,13.7684,0.579652,0.964745,-16.3969,-0.909091,-0.171289,2.0398,0.416667,10.7083,0,0,30.4167,35.125,0,-10.4358,0.0001,-0.00094084,0.103063,1.86471,0.190695,47826,0.137789,58.69,1.91499
2547,0.463787,0.46506,0.0173749,0.0100317,0.645544,0.398403,0.803828,0.50935,0.0244507,0.0427224,0.0164456,0.190274,0.0106208,0,0.243482,0.129375,4.36984,0.0708898,0.299293,0.0823356,0.848638,6.8158,0.958776,0.943689,0.0487112,0.245056,0.505307,0.209907,0.589531,0.589531,0,0,-0.0045991,0.0328986,0.946144,0.810153,0.0126203,0.0224267,0.00459124,0.00366143,0.572339,0.0117849,-7.41992,-8.46469,13.9113,0.575381,0.973681,-16.441,-0.908572,-0.170323,2.01855,0.416667,10.3333,0,0,30.625,32.875,0.0416667,-10.4345,0.0001,-0.00114943,0.107189,2.00887,0.15649,45398,0.137836,58.48,2.01555
2548,0.465484,0.461538,0.0174398,0.0100248,0.648518,0.396298,0.803484,0.504045,0.0248397,0.0419911,0.0167191,0.192119,0.0107349,0,0.244727,0.127836,4.39348,0.0707445,0.300387,0.0831462,0.84827,6.80459,0.957916,0.943495,0.0490905,0.252799,0.503557,0.211916,0.582015,0.582015,0,0,-0.00455883,0.0336289,0.946355,0.806409,0.0128676,0.0228139,0.0045166,0.00358081,0.570434,0.0120271,-7.45122,-8.14272,14.0991,0.569119,0.985083,-16.5959,-0.909091,-0.170524,2.00336,0.75,10.5833,0,0,34.2083,33.875,0,-10.4311,0.0001,-0.000678076,0.109347,2.41005,0.214417,37456,0.137879,58.03,2.19741
2549,0.466292,0.463453,0.0174144,0.00986318,0.650147,0.398188,0.802931,0.504344,0.024935,0.0406541,0.0167984,0.193268,0.010638,0,0.246591,0.128137,4.38754,0.0702909,0.301486,0.0825442,0.850501,6.80563,0.957584,0.943559,0.0494295,0.259453,0.504058,0.213455,0.576489,0.576489,0,0,-0.00451592,0.0329973,0.948239,0.805175,0.0128909,0.0227759,0.00466094,0.00370417,0.571527,0.0122057,-7.51276,-7.81421,14.0555,0.565083,0.971928,-16.8265,-0.908542,-0.171063,2.00991,0.625,9.16667,0,0,34.2083,30.5833,0.0416667,-10.4301,0.0001,-0.000938854,0.114885,2.41035,0.152684,38354,0.137872,59.14,2.15306
2550,0.463186,0.45905,0.0175447,0.0103853,0.6486,0.395706,0.80345,0.501206,0.0243868,0.0434183,0.0163846,0.192232,0.0106378,0,0.243606,0.127111,4.38844,0.071697,0.299718,0.0821375,0.84847,6.80849,0.958317,0.943155,0.0491121,0.254632,0.502179,0.211713,0.571066,0.571066,0,0,-0.00459224,0.0335275,0.946025,0.809511,0.0126007,0.0224334,0.00470857,0.00369047,0.572029,0.0117197,-7.29958,-8.55951,13.9754,0.574111,0.979528,-16.3423,-0.909091,-0.169953,1.9916,0.333333,11,0,0,32.0417,33.5833,0,-10.4359,0.0001,-0.000939561,0.103876,1.84434,0.128348,49832,0.137801,59.28,2.05966
2551,0.459293,0.460264,0.0174249,0.0103828,0.644144,0.395638,0.802888,0.506624,0.0245812,0.043553,0.0165388,0.190404,0.0107876,0,0.242588,0.127913,4.36784,0.0716378,0.299203,0.0827904,0.847538,6.80128,0.958255,0.943543,0.04917,0.250758,0.501631,0.209858,0.578803,0.578803,0,0,-0.00460013,0.033177,0.945094,0.807459,0.0128011,0.0226139,0.00459785,0.00368623,0.572651,0.0118707,-7.39856,-8.55223,14.0349,0.574696,0.981731,-16.3465,-0.909091,-0.169487,1.99572,0.5,11.7083,0,0,32.6667,31.875,0,-10.4398,0.0001,-0.000915612,0.106534,1.88457,0.132574,48734,0.1378,57.16,2.03035
2552,0.46405,0.464529,0.01737,0.00989369,0.647685,0.398338,0.803637,0.504814,0.0243396,0.0438177,0.0163864,0.1912,0.0107133,0,0.244214,0.127728,4.36994,0.0719609,0.29987,0.0820149,0.848685,6.80377,0.958567,0.943705,0.0485064,0.248521,0.502722,0.210578,0.574282,0.574282,0,0,-0.004601,0.0343856,0.945309,0.809762,0.0126503,0.0223649,0.00474222,0.00376815,0.573003,0.0117168,-7.28942,-8.65483,13.8977,0.578435,0.975633,-16.3242,-0.908592,-0.17097,2.0161,1.04167,11.125,0,0,30.6667,31.5833,0.0416667,-10.4379,0.0001,-0.000448378,0.108394,1.93614,0.196298,46099,0.137839,57.59,1.86514
2553,0.46553,0.461543,0.0174352,0.0102003,0.648613,0.396662,0.803257,0.501118,0.0244264,0.0441679,0.0164148,0.191257,0.0106503,0,0.243064,0.127019,4.36111,0.0711252,0.299164,0.0822775,0.846965,6.81046,0.958794,0.94351,0.0485787,0.246446,0.50324,0.210451,0.569842,0.569842,0,0,-0.00462115,0.0332262,0.945724,0.810146,0.0126241,0.0224413,0.00472865,0.00379927,0.574265,0.0116749,-7.27043,-8.61935,13.934,0.577154,0.980618,-16.3426,-0.909091,-0.170579,2.00251,0.666667,11.75,0,0,30.3333,34.7917,0,-10.4353,0.0001,0.000363519,0.105979,1.79097,0.127579,51238,0.137868,57.39,1.90091
2554,0.467457,0.471397,0.0173615,0.00934735,0.650352,0.403278,0.803326,0.511305,0.024669,0.0431317,0.0165993,0.192436,0.0107574,0,0.245634,0.129667,4.34662,0.0712676,0.301227,0.0827814,0.847147,6.80639,0.958222,0.943748,0.0488664,0.248033,0.503485,0.211672,0.60867,0.60867,0,0,-0.00458695,0.0329807,0.94602,0.809107,0.0127287,0.0226156,0.00460722,0.00370359,0.573178,0.0118302,-7.36325,-8.40717,13.9655,0.575011,0.980701,-16.4763,-0.909091,-0.171772,2.04453,0.416667,10.375,0,0,30.5,31.4167,0,-10.4332,0.0001,-0.000647648,0.111469,1.85981,0.19153,47921,0.137879,57.66,2.11958
2555,0.464882,0.467568,0.017381,0.00984789,0.646753,0.399745,0.802529,0.508985,0.0244629,0.0437509,0.016452,0.191571,0.010718,0,0.244524,0.129155,4.36466,0.0718355,0.300203,0.0826072,0.845806,6.80436,0.958702,0.943686,0.0488752,0.249005,0.503238,0.210769,0.586194,0.586194,0,0,-0.00459038,0.0342123,0.945518,0.808709,0.0126953,0.0224981,0.0047475,0.00377594,0.573257,0.0117788,-7.344,-8.57261,13.9686,0.576172,0.983944,-16.3535,-0.909091,-0.170807,2.02566,0.583333,11.25,0,0,32.75,33.5833,0,-10.4331,0.0001,-0.000973674,0.109562,1.75129,0.122748,52455,0.137899,58.69,1.97554
2556,0.464538,0.462876,0.0173791,0.00998393,0.650162,0.396003,0.802742,0.503358,0.0238277,0.0454575,0.0160217,0.191207,0.0105461,0,0.244241,0.127499,4.37118,0.0721879,0.299765,0.0808944,0.846626,6.81994,0.959823,0.943692,0.0482215,0.246158,0.502776,0.210286,0.576309,0.576309,0,0,-0.00466435,0.0337732,0.944774,0.814845,0.012298,0.0218826,0.00469353,0.00374822,0.574687,0.0113192,-7.23217,-9.09944,13.7005,0.584993,0.96914,-16.1095,-0.909091,-0.171729,2.00667,0.625,12,0,0,28.25,32.7917,0,-10.432,0.0001,-0.000990979,0.112122,1.75408,0.123455,52358,0.13791,58.07,2.1309
2557,0.466842,0.470168,0.0173912,0.00952875,0.649741,0.402373,0.802691,0.510478,0.0242899,0.044431,0.0163305,0.191927,0.0107383,0,0.244624,0.129503,4.36666,0.0720548,0.300837,0.0820785,0.84588,6.80194,0.958974,0.943653,0.0485238,0.243444,0.50327,0.210968,0.595136,0.595136,0,0,-0.00464109,0.0332118,0.944714,0.810741,0.0125993,0.0223729,0.00467302,0.00372516,0.573749,0.0116029,-7.27079,-8.8278,13.9637,0.577816,0.982332,-16.1741,-0.909091,-0.171464,2.03748,0.666667,12.9583,0,0,30.8333,32.5,0,-10.4349,0.0001,-0.0011353,0.110836,1.93358,0.147496,47237,0.13785,58.63,2.14083
2558,0.465284,0.462366,0.0173883,0.010017,0.649069,0.395625,0.803729,0.504029,0.0242149,0.0449789,0.016268,0.192006,0.0106399,0,0.244435,0.12783,4.34557,0.0715818,0.300784,0.082063,0.844541,6.81767,0.959032,0.943662,0.0485683,0.241345,0.502869,0.21095,0.575277,0.575277,0,0,-0.00463519,0.034187,0.945111,0.813151,0.0124929,0.022277,0.00490636,0.00396496,0.577112,0.0115351,-7.1331,-8.88521,13.8157,0.582166,0.981177,-16.218,-0.909091,-0.171306,2.00728,0.625,11.5417,0,0,29.4583,33.25,0,-10.44,0.0001,-0.000489053,0.109661,1.79032,0.124099,51349,0.137836,58.28,1.8043
2559,0.465258,0.462255,0.0174679,0.0101836,0.650218,0.397473,0.804241,0.503269,0.0240456,0.044788,0.016161,0.191781,0.0107249,0,0.24399,0.12752,4.34542,0.0712074,0.300533,0.081446,0.847889,6.8099,0.959584,0.943387,0.0485182,0.243186,0.502692,0.211331,0.579903,0.579903,0,0,-0.00465224,0.0331401,0.944535,0.811853,0.0124939,0.0221338,0.00466618,0.00369988,0.573082,0.0114545,-7.27192,-8.95774,13.8872,0.580051,0.976465,-16.1088,-0.908565,-0.170862,2.00743,0.5,12.0417,0,0,28.875,32.5,0.0416667,-10.4387,0.0001,-0.000506559,0.106583,1.80957,0.134308,50571,0.137843,58.39,2.04795
2560,0.465016,0.467265,0.0173554,0.00991138,0.64732,0.399171,0.80338,0.509499,0.0244629,0.0440106,0.0164685,0.190733,0.0106592,0,0.244358,0.129395,4.34763,0.0710972,0.300023,0.0825256,0.847941,6.81105,0.958504,0.943768,0.048375,0.246468,0.503818,0.210068,0.588868,0.588868,0,0,-0.00462571,0.0326778,0.945886,0.810542,0.0126444,0.0224046,0.00464886,0.00374548,0.573027,0.0117541,-7.37399,-8.49618,13.8887,0.577356,0.971602,-16.4198,-0.909091,-0.17123,2.02724,0.625,10.9167,0,0,31.7083,33.2917,0,-10.4382,0.0001,-0.000244655,0.10996,1.82357,0.125974,50424,0.137856,57.94,2.23279
2561,0.46561,0.467335,0.0174734,0.0100002,0.64786,0.402706,0.80445,0.511629,0.0243629,0.0439299,0.01638,0.190683,0.0107119,0,0.242376,0.130746,4.37073,0.0716467,0.298418,0.0822556,0.849947,6.80763,0.95832,0.943386,0.0492879,0.253171,0.505902,0.210241,0.593471,0.593471,0,0,-0.0046155,0.0331651,0.945514,0.809126,0.0126315,0.0223921,0.00468612,0.00368,0.570828,0.0116911,-7.28237,-8.65782,13.9696,0.574564,0.978555,-16.2764,-0.909091,-0.169951,2.03,0.541667,11.8333,0,0,33.2917,31.5,0,-10.4382,0.0001,-0.000517413,0.110168,1.89511,0.131155,48514,0.137867,57.25,1.96397
2562,0.468294,0.468809,0.0174432,0.00976351,0.652161,0.402791,0.803919,0.507874,0.0244736,0.0427171,0.0164714,0.19305,0.0105748,0,0.245847,0.12922,4.35835,0.0713113,0.301555,0.0821229,0.847498,6.81211,0.958247,0.943484,0.0492056,0.253017,0.504838,0.212895,0.590444,0.590444,0,0,-0.00457267,0.0327795,0.946846,0.809581,0.0126172,0.0224313,0.00466759,0.00370001,0.572629,0.0118168,-7.36958,-8.34792,13.9171,0.573479,0.971986,-16.5231,-0.909091,-0.171443,2.03388,0.541667,9.75,0,0,31.3333,33.0833,0,-10.4384,0.0001,-0.000617855,0.106009,1.80512,0.120859,51041,0.137862,58.44,1.99018
2563,0.463156,0.461197,0.0175249,0.0102107,0.650064,0.39781,0.804752,0.504473,0.0246888,0.0434571,0.0165763,0.191884,0.0108091,0,0.243314,0.128327,4.34905,0.0714298,0.300341,0.0832007,0.848554,6.80749,0.958073,0.943219,0.0491523,0.250762,0.502351,0.211385,0.57597,0.57597,0,0,-0.00459816,0.0324737,0.945518,0.807219,0.0128105,0.0227359,0.004558,0.00363837,0.572729,0.0118696,-7.29364,-8.50814,14.1011,0.571482,0.986057,-16.3596,-0.909091,-0.170241,2.00471,0.5,11.4583,0,0,31.6667,33.5833,0,-10.4405,0.0001,-0.000215528,0.109172,1.74905,0.126806,52404,0.137839,58.63,2.1
2564,0.469913,0.469539,0.0174951,0.00993822,0.654595,0.404998,0.804457,0.509225,0.0242754,0.0431267,0.0163404,0.19289,0.0106019,0,0.245484,0.129934,4.36406,0.070873,0.300761,0.0815077,0.848671,6.8113,0.95855,0.943316,0.0496413,0.253902,0.505792,0.212977,0.588391,0.588391,0,0,-0.00462509,0.0318575,0.945865,0.809426,0.012565,0.0222844,0.00451319,0.00355312,0.570419,0.0116742,-7.40993,-8.59372,13.9283,0.574752,0.976791,-16.3461,-0.909091,-0.171647,2.03883,0.5,11.5,0,0,33.0417,31.2083,0,-10.4429,0.0001,-0.000615386,0.110016,1.8698,0.129348,49172,0.13786,57.9,1.98721
2565,0.460956,0.457579,0.0174519,0.0102716,0.646537,0.393914,0.804484,0.50191,0.0245627,0.0433487,0.0165087,0.191441,0.010761,0,0.243209,0.126918,4.37018,0.0716356,0.299727,0.0826566,0.847642,6.80523,0.958103,0.943456,0.0491492,0.252419,0.502648,0.210806,0.578542,0.578542,0,0,-0.00461657,0.0330481,0.945218,0.807922,0.0127279,0.0226064,0.00461841,0.00368353,0.571487,0.0118137,-7.33226,-8.57387,14.0444,0.573535,0.985452,-16.3362,-0.909091,-0.169863,1.98793,0.625,12.0417,0,0,31.5417,31.6667,0,-10.4407,0.0001,-0.000506444,0.110488,1.74756,0.12624,52462,0.137904,57.89,1.98162
2566,0.465626,0.466495,0.0174166,0.00989502,0.65065,0.400041,0.804254,0.506148,0.0243493,0.0445694,0.0163701,0.19343,0.0107536,0,0.246209,0.128024,4.35701,0.0720605,0.301508,0.0823785,0.844506,6.7985,0.957738,0.94357,0.0486439,0.24726,0.50148,0.21254,0.579805,0.579805,0,0,-0.00461753,0.0343858,0.944605,0.809828,0.0126504,0.0224298,0.00465801,0.00367544,0.571041,0.0116644,-7.32902,-8.80702,13.9107,0.580702,0.983838,-16.2176,-0.909091,-0.17147,2.02663,0.333333,11.9167,0,0,30.375,32.625,0,-10.4371,0.0001,-0.00087228,0.111302,1.79773,0.12947,51008,0.137939,57.94,2.22656
2567,0.463952,0.461805,0.0174171,0.0101144,0.647654,0.397317,0.804345,0.504706,0.024614,0.0430101,0.0165712,0.18965,0.0105889,0,0.242232,0.128099,4.36114,0.0704617,0.298695,0.0824206,0.847889,6.81204,0.958402,0.943569,0.0488346,0.254511,0.504493,0.209477,0.579391,0.579391,0,0,-0.00459601,0.0320108,0.946428,0.808725,0.0127138,0.0225392,0.00454718,0.00365859,0.573066,0.011888,-7.39966,-8.27072,13.9925,0.572573,0.97566,-16.5438,-0.909091,-0.170399,2.00575,0.375,10.2917,0,0,32.4167,33.5,0,-10.4337,0.0001,-0.000724214,0.111629,1.80794,0.154611,50089,0.137985,58.48,2.22488
2568,0.46529,0.462239,0.0174717,0.0101927,0.650256,0.396929,0.80347,0.501451,0.0245631,0.0436011,0.0165169,0.192236,0.0107091,0,0.244461,0.126619,4.36853,0.0719748,0.300651,0.0827095,0.846277,6.80557,0.958233,0.943376,0.0493935,0.253262,0.500553,0.211864,0.56969,0.56969,0,0,-0.00462089,0.0328783,0.945336,0.807773,0.0127243,0.0225429,0.00450783,0.00359376,0.571659,0.0118193,-7.46583,-8.54221,13.9949,0.574905,0.979013,-16.3823,-0.908611,-0.17092,2.00588,0.375,11.2083,0,0,31.6667,31.75,0.0416667,-10.4305,0.0001,-0.000714748,0.110746,2.0298,0.215025,43791,0.138011,58.81,2.10881
2569,0.464792,0.463445,0.017442,0.0101411,0.648457,0.397705,0.804137,0.506038,0.0238758,0.0454543,0.0160461,0.191086,0.0105878,0,0.243199,0.128356,4.36173,0.0724186,0.299353,0.0812526,0.84636,6.81662,0.95958,0.943471,0.0485207,0.247102,0.503369,0.210344,0.579819,0.579819,0,0,-0.00464851,0.0334729,0.944766,0.813898,0.0123582,0.0219746,0.00487168,0.00384938,0.574643,0.0113984,-7.16751,-9.05691,13.7821,0.583509,0.971643,-16.0819,-0.908579,-0.170687,2.01315,0.416667,12.0417,0,0,30.8333,34.0417,0.0833333,-10.429,0.0001,-0.000122257,0.105268,1.82649,0.131304,50211,0.138046,58.86,2.15961
2570,0.46273,0.459355,0.0175174,0.0103916,0.64749,0.396785,0.804953,0.502687,0.0246369,0.0436441,0.0165644,0.190558,0.0107189,0,0.241623,0.127349,4.36381,0.0713128,0.298953,0.0829199,0.84874,6.80495,0.958764,0.943244,0.049279,0.250564,0.502828,0.210138,0.577357,0.577357,0,0,-0.00464859,0.0311182,0.945215,0.808711,0.0127117,0.0226575,0.00438558,0.00351367,0.57139,0.0117914,-7.40302,-8.53666,14.0706,0.572409,0.985223,-16.3503,-0.909091,-0.169507,1.99708,0.541667,11.5417,0,0,31.0833,32.875,0,-10.428,0.0001,-0.000570503,0.106885,1.78634,0.132241,51237,0.13805,57.15,2.18399
2571,0.465935,0.467563,0.0174451,0.00969883,0.650581,0.401989,0.80472,0.508107,0.0242514,0.0438229,0.0163143,0.190746,0.0105515,0,0.243345,0.129109,4.34532,0.0713131,0.299545,0.0818554,0.849952,6.81005,0.957987,0.943478,0.0489662,0.25242,0.503829,0.210617,0.598485,0.598485,0,0,-0.00463897,0.0317189,0.945397,0.811795,0.012483,0.022248,0.00454744,0.00363558,0.570952,0.0115997,-7.4341,-8.6974,13.8867,0.576866,0.976539,-16.3376,-0.909091,-0.170985,2.03096,0.5,11.5417,0,0,31.6667,31.7083,0,-10.427,0.0001,-0.000826343,0.107819,1.82215,0.131427,50320,0.1381,59.59,2.3313
2572,0.467984,0.464827,0.0174252,0.00996982,0.6526,0.399965,0.805321,0.506956,0.0243188,0.0431741,0.0163605,0.192097,0.0105048,0,0.245013,0.128791,4.36398,0.0712787,0.300469,0.081798,0.848844,6.81296,0.958297,0.943542,0.0486775,0.252913,0.504757,0.211916,0.593908,0.593908,0,0,-0.00460932,0.0319605,0.946177,0.81081,0.0125355,0.0223045,0.00470765,0.00375423,0.572477,0.0117123,-7.40268,-8.55948,13.8694,0.575833,0.974197,-16.4289,-0.909091,-0.17166,2.0209,0.541667,10.7917,0,0,31.75,33.75,0,-10.4218,0.0001,-0.000721576,0.10699,1.86641,0.130771,49221,0.13817,58.51,1.91919
2573,0.466624,0.465614,0.0175428,0.0100781,0.652509,0.403046,0.805726,0.506903,0.024206,0.0437675,0.0162722,0.192507,0.010562,0,0.243824,0.128651,4.37593,0.0713927,0.30046,0.0814866,0.848778,6.81389,0.958194,0.943161,0.0490665,0.25235,0.503616,0.212322,0.588952,0.588952,0,0,-0.0046057,0.0325254,0.945891,0.811109,0.0124946,0.0222319,0.0046999,0.0036976,0.571072,0.0116067,-7.31727,-8.65912,13.8993,0.575058,0.975893,-16.3109,-0.909091,-0.170565,2.02467,0.583333,11.7083,0,0,32.2083,33.7917,0,-10.419,0.0001,-0.000825994,0.108037,1.86503,0.137694,49085,0.138191,58.16,2.30576
2574,0.464596,0.460469,0.0176017,0.0102122,0.651124,0.399665,0.805015,0.503257,0.0246248,0.0432496,0.0165481,0.192773,0.0106301,0,0.243297,0.128129,4.38137,0.0715017,0.300002,0.0826605,0.84831,6.80985,0.958024,0.94297,0.0499371,0.255158,0.504036,0.212656,0.586544,0.586544,0,0,-0.00459467,0.0317621,0.946131,0.807755,0.0127057,0.0226402,0.00466549,0.00367779,0.571263,0.011861,-7.28906,-8.45557,14.0814,0.570858,0.984164,-16.3929,-0.909091,-0.169654,2.00025,0.541667,10.875,0,0,31.9583,30.625,0,-10.4204,0.0001,-0.000610604,0.103765,1.83132,0.139377,49882,0.138166,57.66,1.92724
2575,0.462534,0.466005,0.0174327,0.0102329,0.647145,0.400022,0.805134,0.510769,0.0244405,0.0433092,0.0164465,0.190097,0.0105713,0,0.242367,0.129534,4.36989,0.0719016,0.299038,0.0820516,0.849425,6.81211,0.958685,0.943499,0.0486514,0.252893,0.502413,0.209748,0.587718,0.587718,0,0,-0.00460166,0.0326554,0.946082,0.809349,0.0126326,0.0224077,0.00462056,0.00368218,0.572386,0.0118353,-7.43265,-8.46408,13.8892,0.576612,0.971187,-16.4517,-0.908508,-0.170219,2.02653,0.583333,10.9167,0,0,32.2917,32.25,0.0416667,-10.4256,0.0001,-0.00102885,0.109535,1.82413,0.13005,50304,0.138152,58.38,1.95879
2576,0.467399,0.464191,0.0173855,0.0100452,0.651738,0.397899,0.805479,0.505621,0.0245874,0.0432942,0.0165421,0.192026,0.0106173,0,0.245073,0.128327,4.35568,0.0719824,0.301337,0.0825288,0.846323,6.8038,0.957698,0.943671,0.0484058,0.245499,0.504026,0.211625,0.579541,0.579541,0,0,-0.00459546,0.0327945,0.945959,0.8101,0.0126659,0.0225445,0.00470723,0.00379538,0.573563,0.0118514,-7.36712,-8.43372,13.9766,0.574864,0.976429,-16.4748,-0.909091,-0.171788,2.01939,0.875,10.875,0,0,31.2917,34.6667,0,-10.4322,0.0001,-0.000948024,0.107957,1.76356,0.126893,52000,0.138087,58.08,2.04431
2577,0.466351,0.469974,0.017386,0.00969961,0.648824,0.402912,0.807189,0.512595,0.0241722,0.0443245,0.0162654,0.189827,0.0106307,0,0.242719,0.130649,4.3302,0.072131,0.299272,0.0819595,0.84805,6.81437,0.95812,0.943669,0.0480971,0.241755,0.50458,0.209437,0.602181,0.602181,0,0,-0.0046315,0.0325244,0.945127,0.812799,0.0124751,0.0221832,0.00471083,0.00380812,0.574129,0.0116081,-7.33259,-8.81169,13.8068,0.580502,0.973261,-16.2672,-0.909091,-0.17107,2.04813,0.666667,10.7917,0,0,29,33.5417,0.0416667,-10.4387,0.0001,-0.00077235,0.109839,1.79436,0.142701,50748,0.138055,58.18,2.27512
2578,0.467131,0.465873,0.0174953,0.00996502,0.651266,0.401814,0.805918,0.50585,0.024463,0.0435823,0.0164576,0.191921,0.0106029,0,0.243789,0.128332,4.34615,0.0716349,0.300244,0.0821976,0.847476,6.81854,0.959291,0.943315,0.0490011,0.253271,0.50352,0.211574,0.587018,0.587018,0,0,-0.00458703,0.0330699,0.946667,0.81003,0.0125927,0.0224416,0.00482613,0.00385264,0.574113,0.0117625,-7.28784,-8.43755,13.9441,0.572225,0.977684,-16.4494,-0.909091,-0.170871,2.02676,0.583333,10.8333,0,0,32.7917,33.8333,0,-10.4401,0.0001,-0.000692029,0.106789,2.2561,0.126091,41266,0.138039,57.88,1.97432
2579,0.461211,0.458739,0.0174853,0.0104582,0.647818,0.395089,0.805107,0.503541,0.0243916,0.0442639,0.0164205,0.190217,0.0106457,0,0.242058,0.127478,4.36675,0.0720999,0.298673,0.0822302,0.848052,6.81326,0.958009,0.943347,0.0491987,0.248995,0.502357,0.209883,0.58449,0.58449,0,0,-0.0046171,0.0321865,0.945562,0.810251,0.0125861,0.0223669,0.00464306,0.00371907,0.572834,0.0117113,-7.32367,-8.63314,13.9179,0.575923,0.975148,-16.3528,-0.909091,-0.16999,1.99417,0.416667,10.75,0,0,30.625,33.0833,0.0416667,-10.4417,0.0001,-0.0011609,0.106833,2.25136,0.147437,40980,0.138011,57.58,2.03974
2580,0.466864,0.46476,0.0175184,0.0100754,0.651738,0.401612,0.804918,0.505504,0.0244594,0.043879,0.0164528,0.191634,0.0106281,0,0.242964,0.128364,4.37134,0.0717596,0.299821,0.0822752,0.848273,6.80744,0.958286,0.943224,0.0494315,0.25636,0.503916,0.211294,0.583222,0.583222,0,0,-0.00461677,0.0322863,0.945765,0.809739,0.0126232,0.0224903,0.00471454,0.00374604,0.573527,0.0117419,-7.31173,-8.53483,14.0201,0.572399,0.980886,-16.3471,-0.908592,-0.170509,2.0188,0.625,11.1667,0,0,32.875,34.2917,0.0416667,-10.4436,0.0001,-0.00100432,0.111287,2.00699,0.141715,45750,0.13802,56.36,1.9883
2581,0.467343,0.46155,0.0174263,0.010024,0.65145,0.396748,0.805052,0.50074,0.0245879,0.0428754,0.0165521,0.191662,0.010538,0,0.244447,0.127015,4.34937,0.0706734,0.300843,0.0826925,0.844639,6.81471,0.957905,0.943539,0.0487006,0.246091,0.50412,0.21151,0.576658,0.576658,0,0,-0.00459882,0.0319765,0.946882,0.811034,0.012602,0.0224929,0.004707,0.0038259,0.57454,0.0118569,-7.40448,-8.27484,13.9316,0.572012,0.971852,-16.5641,-0.909091,-0.171329,2.00701,0.375,9.45833,0,0,29.875,33.25,0,-10.4451,0.0001,-0.000486907,0.11036,1.97599,0.121984,46856,0.138017,57.51,1.96603
2582,0.467149,0.469747,0.0173843,0.00956847,0.649795,0.40333,0.804937,0.511593,0.0245226,0.0433356,0.0165013,0.189857,0.0106025,0,0.24282,0.129954,4.33875,0.0707448,0.298828,0.0824231,0.848211,6.81264,0.958544,0.943675,0.0482674,0.243578,0.505301,0.209571,0.604272,0.604272,0,0,-0.00458672,0.0324107,0.945924,0.810884,0.0126292,0.0224638,0.00471458,0.00380508,0.574035,0.01183,-7.3992,-8.42731,13.93,0.574846,0.976153,-16.4829,-0.909091,-0.171253,2.04116,0.791667,11.5417,0,0,30.6667,35.125,0,-10.4476,0.0001,-0.000282394,0.109452,1.68032,0.131192,54266,0.138012,58.78,2.08626
2583,0.46652,0.460091,0.0174072,0.0102396,0.65027,0.394658,0.804516,0.500446,0.0240063,0.0444474,0.0161329,0.191705,0.0106127,0,0.244656,0.126416,4.3464,0.0726996,0.300832,0.0815139,0.845495,6.81754,0.959127,0.943582,0.0488108,0.248599,0.503216,0.211263,0.566265,0.566265,0,0,-0.00462939,0.0338952,0.945274,0.81216,0.0124242,0.0220375,0.00482155,0.0038247,0.574711,0.0115373,-7.32853,-8.86493,13.825,0.579068,0.964813,-16.189,-0.908525,-0.171328,1.99906,0.583333,11.8333,0,0,31.0417,33.25,0.0416667,-10.449,0.0001,-0.00047842,0.107541,1.80098,0.137671,50707,0.138032,58.42,1.82554
2584,0.467156,0.469152,0.017468,0.00986947,0.65124,0.404345,0.804731,0.511692,0.0242809,0.0441984,0.0163394,0.191979,0.0106521,0,0.244123,0.130252,4.35244,0.0718445,0.300207,0.0819057,0.848931,6.81432,0.958413,0.943404,0.0492005,0.249317,0.504639,0.211571,0.601607,0.601607,0,0,-0.00462703,0.0328251,0.945501,0.811641,0.0125046,0.0222671,0.00459883,0.00368673,0.572315,0.011648,-7.37114,-8.69716,13.8454,0.57821,0.97486,-16.3247,-0.909091,-0.170986,2.0373,0.416667,11.2083,0,0,29.9167,31.9583,0,-10.4478,0.0001,-0.000755902,0.112976,1.75079,0.129961,52268,0.138069,57.71,2.06757
2585,0.467031,0.46448,0.0174628,0.0102202,0.65207,0.399681,0.805604,0.505691,0.0243806,0.0436028,0.0164182,0.192029,0.0105487,0,0.244504,0.128151,4.36253,0.0717763,0.299603,0.0819777,0.848263,6.81358,0.958286,0.943421,0.0491416,0.25126,0.503682,0.211728,0.578185,0.578185,0,0,-0.00459573,0.0333442,0.946145,0.811096,0.0125627,0.0223462,0.00480788,0.00383921,0.573849,0.0117294,-7.36225,-8.50028,13.887,0.575702,0.973517,-16.4239,-0.909091,-0.171284,2.02033,0.458333,11.2083,0,0,32.75,34.9167,0,-10.4467,0.0001,-0.000457044,0.107137,1.73169,0.135978,52634,0.138076,57.85,2.21049
2586,0.463473,0.458386,0.0174984,0.0103041,0.650198,0.395389,0.805298,0.498768,0.0244655,0.043618,0.0164438,0.19209,0.010628,0,0.243565,0.125879,4.36018,0.0716343,0.30059,0.0823855,0.846487,6.81673,0.958793,0.943305,0.0489212,0.246387,0.501815,0.211444,0.558934,0.558934,0,0,-0.00461081,0.0327321,0.945949,0.810406,0.0126181,0.0224635,0.00474424,0.00378245,0.573612,0.0117622,-7.34775,-8.50305,13.9725,0.57336,0.976117,-16.3852,-0.909091,-0.170429,1.99349,0.666667,11.0417,0,0,31.4167,33.5,0,-10.4451,0.0001,-0.000713157,0.108791,1.72388,0.131508,52982,0.138093,57.71,2.29149
2587,0.468777,0.462535,0.0175827,0.0100732,0.655642,0.400797,0.80619,0.498733,0.0241575,0.044711,0.0162226,0.193677,0.0105779,0,0.244592,0.126193,4.36823,0.0717228,0.300671,0.0817402,0.848018,6.81331,0.958148,0.943032,0.0491941,0.251401,0.503263,0.213438,0.571844,0.571844,0,0,-0.00463146,0.0326311,0.945519,0.811425,0.012459,0.0222241,0.00484197,0.0038292,0.573271,0.0115582,-7.19627,-8.80111,13.9363,0.5757,0.9769,-16.1858,-0.909091,-0.171005,2.01223,0.583333,11.4167,0,0,31.5,31.2083,0,-10.4433,0.0001,0.000293723,0.105873,1.99918,0.181152,45086,0.138093,58.96,1.90721
2588,0.467302,0.467323,0.0174752,0.00991237,0.652202,0.4022,0.805855,0.507865,0.0243407,0.0439987,0.0163596,0.192226,0.0106281,0,0.244392,0.128935,4.37894,0.0722386,0.300501,0.08229,0.845752,6.81185,0.958611,0.94338,0.0489393,0.248195,0.503601,0.211843,0.598557,0.598557,0,0,-0.00460668,0.0334056,0.945211,0.811085,0.0125776,0.0223846,0.00471539,0.00379591,0.574553,0.0116906,-7.32224,-8.67633,13.9323,0.576822,0.976282,-16.2861,-0.909091,-0.171272,2.034,0.666667,11.7083,0,0,30.625,33.2917,0,-10.4445,0.0001,-0.000696924,0.108044,2.30111,0.178269,39648,0.138076,58.52,2.14541
2589,0.46875,0.472368,0.0174176,0.00956178,0.652601,0.405215,0.805888,0.510581,0.0242854,0.0438879,0.0163447,0.19155,0.0105613,0,0.244304,0.129287,4.34582,0.071517,0.300391,0.0816554,0.848153,6.8211,0.959447,0.943567,0.0483453,0.243705,0.50315,0.211154,0.597185,0.597185,0,0,-0.00460291,0.0330604,0.945888,0.8118,0.0125297,0.0222767,0.00472152,0.00380216,0.574714,0.0117001,-7.37731,-8.60435,13.8218,0.578761,0.973499,-16.3932,-0.909091,-0.171883,2.05557,0.625,10.5417,0,0,30.25,32.4167,0,-10.4455,0.0001,0.000242568,0.110708,2.01724,0.139575,45578,0.13807,58.64,2.20836
2590,0.466786,0.461754,0.0174889,0.0100582,0.652193,0.39782,0.806159,0.501166,0.0239621,0.0454091,0.0160922,0.191743,0.0106015,0,0.243331,0.126609,4.36669,0.0717233,0.299852,0.0813639,0.846562,6.81336,0.958801,0.943336,0.0485732,0.23977,0.502335,0.210933,0.579514,0.579514,0,0,-0.00467135,0.0331357,0.944318,0.814226,0.0123523,0.0220655,0.00468243,0.00373271,0.572919,0.0113506,-7.2041,-9.09089,13.8172,0.582315,0.978358,-16.0453,-0.909091,-0.17117,2.00993,0.375,13.4167,0,0,30.4583,34.7917,0,-10.4477,0.0001,2.96696e-05,0.105878,1.85664,0.125243,49601,0.138063,58.1,2.05572
2591,0.466671,0.464073,0.0174603,0.0100131,0.652105,0.399888,0.806467,0.504127,0.0242497,0.0445874,0.0163032,0.192362,0.0106129,0,0.244601,0.127669,4.34542,0.0714616,0.300992,0.0821908,0.847768,6.81169,0.958812,0.943429,0.0482185,0.244643,0.503747,0.211791,0.5853,0.5853,0,0,-0.0046397,0.0324045,0.944733,0.811736,0.0125266,0.0223181,0.00466774,0.00374659,0.574019,0.0115828,-7.32125,-8.83988,13.9093,0.577923,0.979024,-16.2078,-0.909091,-0.171285,2.02075,0.5,11.9583,0,0,29.7083,33.5833,0,-10.4508,0.0001,-0.000656778,0.108081,1.75566,0.163081,51233,0.138019,57.18,1.95736
2592,0.464251,0.462945,0.0174094,0.0101211,0.649384,0.39731,0.805124,0.504182,0.0246726,0.0436316,0.0165925,0.190993,0.0106739,0,0.243659,0.12732,4.38366,0.0712479,0.300156,0.0827564,0.846909,6.80469,0.958533,0.943593,0.0484172,0.251286,0.501597,0.210601,0.569711,0.569711,0,0,-0.00458339,0.0332128,0.945658,0.809343,0.0127098,0.0226559,0.00467457,0.00379326,0.574841,0.0118749,-7.4116,-8.41675,14.0019,0.574789,0.981735,-16.4751,-0.909091,-0.171026,2.0136,0.708333,10.1667,0,0,31.0833,33.75,0,-10.4545,0.0001,-0.000328621,0.103959,1.76415,0.128572,51937,0.137988,59.42,2.13421
2593,0.465436,0.464269,0.0174647,0.0099992,0.651954,0.400334,0.806109,0.504625,0.0244612,0.0440069,0.0164539,0.191536,0.0105213,0,0.243743,0.128159,4.35962,0.0710633,0.299544,0.0822591,0.848548,6.8103,0.958249,0.943414,0.0490924,0.250876,0.503926,0.211327,0.58472,0.58472,0,0,-0.00461306,0.0322043,0.945884,0.81102,0.0125796,0.0224244,0.00472067,0.00379561,0.573734,0.0117426,-7.38354,-8.51947,13.8992,0.577025,0.975713,-16.4423,-0.909091,-0.171177,2.0214,0.458333,11,0,0,31.9583,33.4167,0,-10.4557,0.0001,0.000115063,0.103067,1.81169,0.145662,50222,0.13799,57.67,2.01443
2594,0.463211,0.459496,0.0174972,0.0105757,0.652447,0.396005,0.805516,0.499598,0.0245649,0.0436904,0.0165281,0.192943,0.0106426,0,0.244674,0.125765,4.37697,0.0725925,0.300619,0.0822887,0.846885,6.81448,0.958873,0.943309,0.049332,0.248523,0.500195,0.21244,0.558057,0.558057,0,0,-0.00457918,0.0334698,0.945693,0.809451,0.0126858,0.0225661,0.00482401,0.00383748,0.574178,0.0118141,-7.34641,-8.49003,13.9989,0.57423,0.977144,-16.4119,-0.909091,-0.171126,1.99876,0.5,10.9167,0,0,30.75,33.1667,0,-10.4557,0.0001,-0.000451872,0.107994,1.8058,0.141782,50474,0.138011,58.13,1.88053
2595,0.466304,0.465952,0.0173657,0.0098641,0.652117,0.399259,0.805802,0.506807,0.0245618,0.0434498,0.0165292,0.191674,0.010578,0,0.24528,0.128346,4.36997,0.0718153,0.30005,0.0825602,0.845509,6.80988,0.957495,0.943735,0.048795,0.247229,0.502968,0.21137,0.582503,0.582503,0,0,-0.00460608,0.0326881,0.94597,0.81062,0.0126492,0.0225084,0.00468941,0.00382898,0.57435,0.0118508,-7.43297,-8.46465,13.8712,0.577793,0.971299,-16.4945,-0.909091,-0.172165,2.02799,0.75,10.4583,0,0,30.9167,35.2917,0.0416667,-10.455,0.0001,-0.000693582,0.10323,1.75012,0.125283,52417,0.138024,58.47,2.27741
2596,0.467102,0.466405,0.0174216,0.00995428,0.652143,0.401162,0.806316,0.508972,0.0246774,0.0428957,0.0166288,0.191484,0.0105253,0,0.244112,0.129322,4.35674,0.0711993,0.299571,0.0821941,0.848129,6.80656,0.957491,0.943554,0.0494964,0.249998,0.505281,0.211154,0.590327,0.590327,0,0,-0.00458395,0.0319879,0.94712,0.809599,0.0126765,0.0225935,0.00478179,0.00385765,0.574877,0.0119525,-7.38756,-8.25167,13.8874,0.574653,0.974713,-16.6439,-0.909091,-0.17158,2.03055,0.5,10,0,0,31.5833,33.125,0,-10.457,0.0001,-0.000918024,0.106732,1.90211,0.14002,48137,0.137973,58.23,2.06018
2597,0.466182,0.46542,0.0174643,0.0100568,0.651465,0.400237,0.806086,0.505562,0.0248388,0.0427013,0.016703,0.190739,0.0106335,0,0.242783,0.128004,4.37159,0.0708542,0.299262,0.0828634,0.85001,6.80784,0.95802,0.943416,0.0496624,0.25617,0.502844,0.210416,0.587948,0.587948,0,0,-0.00456417,0.032119,0.946305,0.806605,0.0128177,0.0228261,0.00449763,0.00364486,0.57274,0.0120465,-7.48495,-8.27749,14.0133,0.571352,0.986952,-16.5892,-0.909091,-0.171118,2.02606,0.375,10.9167,0,0,34,32.4167,0,-10.459,0.0001,-0.000520799,0.0966236,1.85446,0.127122,49608,0.137986,57.95,2.18623
2598,0.462931,0.467556,0.0174241,0.0100393,0.648356,0.401183,0.806705,0.51109,0.0246226,0.0419505,0.0165875,0.190093,0.0104684,0,0.243204,0.129382,4.36343,0.0712779,0.299075,0.0820929,0.848694,6.81415,0.958261,0.943546,0.048995,0.257822,0.501873,0.210427,0.601143,0.601143,0,0,-0.00455734,0.0324874,0.947255,0.809412,0.0126616,0.0224915,0.00468807,0.00379429,0.574225,0.0119855,-7.56814,-8.13695,13.9113,0.571546,0.962409,-16.6902,-0.909091,-0.170664,2.03813,0.708333,9.75,0,0,31.9167,32.2083,0,-10.4525,0.0001,-0.000806755,0.104745,1.74525,0.125529,52547,0.138091,59.75,2.14562
2599,0.468246,0.470907,0.0173986,0.00982035,0.652122,0.404589,0.806066,0.508959,0.0246513,0.0427161,0.0166081,0.191856,0.0104613,0,0.244966,0.129092,4.36987,0.0714815,0.300574,0.0823571,0.847656,6.80878,0.957415,0.94361,0.0491903,0.256387,0.503445,0.211762,0.586882,0.586882,0,0,-0.00454588,0.0330521,0.94698,0.809878,0.0126626,0.0225479,0.00474283,0.00385164,0.573652,0.0120156,-7.46935,-8.21427,13.8651,0.57404,0.968762,-16.6499,-0.908525,-0.171735,2.04865,0.458333,8.875,0,0,32.5,33.4167,0.0416667,-10.4468,0.0001,0.000190467,0.109321,1.81583,0.126317,50616,0.138118,58.37,2.16989
