step,Episode_Metrics/bridge/credible,Episode_Metrics/bridge/credible_best_s,Episode_Metrics/bridge/failed,Episode_Metrics/bridge/missed_goal,Episode_Metrics/bridge/potential,Episode_Metrics/bridge/progress_steps,Episode_Metrics/bridge/quality,Episode_Metrics/onefoot/best_dwell,Episode_Metrics/onefoot/capture_error,Episode_Metrics/onefoot/clearance,Episode_Metrics/onefoot/com_offset,Episode_Metrics/onefoot/com_speed,Episode_Metrics/onefoot/cross_track,Episode_Metrics/onefoot/diagnostic_valid,Episode_Metrics/onefoot/distance,Episode_Metrics/onefoot/dwell,Episode_Metrics/onefoot/head_speed,Episode_Metrics/onefoot/heading_error,Episode_Metrics/onefoot/injected_speed,Episode_Metrics/onefoot/lateral,Episode_Metrics/onefoot/left_contact,Episode_Metrics/onefoot/left_force,Episode_Metrics/onefoot/left_load,Episode_Metrics/onefoot/phase,Episode_Metrics/onefoot/right_contact,Episode_Metrics/onefoot/right_force,Episode_Metrics/onefoot/single_support,Episode_Metrics/onefoot/speed,Episode_Metrics/onefoot/success,Episode_Metrics/onefoot/success_050,Episode_Metrics/onefoot/success_100,Episode_Metrics/onefoot/success_200,Episode_Metrics/onefoot/support_cop_y_offset,Episode_Metrics/onefoot/support_yaw,Episode_Metrics/onefoot/upright,Episode_Metrics/onefoot/waist_axis_alignment,Episode_Metrics/onefoot/waist_axis_error,Episode_Metrics/onefoot/waist_capture_error,Episode_Metrics/onefoot/waist_foreaft_capture,Episode_Metrics/onefoot/waist_foreaft_error,Episode_Metrics/onefoot/waist_front_load,Episode_Metrics/onefoot/waist_pelvis_offset,Episode_Metrics/onefoot/waist_pitch_deg,Episode_Metrics/onefoot/waist_roll_deg,Episode_Metrics/onefoot/waist_roll_error_deg,Episode_Metrics/onefoot/waist_roll_match,Episode_Metrics/onefoot/waist_roll_speed,Episode_Metrics/onefoot/waist_target_roll_deg,Episode_Reward/failure,Episode_Reward/shaping,Episode_Reward/task,Episode_Termination/body_ground,Episode_Termination/fell_over,Episode_Termination/nan_state,Episode_Termination/out_of_terrain_bounds,Episode_Termination/replanted_swing,Episode_Termination/stalled_transfer,Episode_Termination/time_out,Loss/entropy,Loss/learning_rate,Loss/surrogate,Loss/value,Perf/collection_time,Perf/learning_time,Perf/total_fps,Policy/mean_std,Train/mean_episode_length,Train/mean_reward
300,0,0,0.0140169,0.0140169,0.0410309,0,0.241032,0,0.0115863,0.0222171,0.00581548,0.0992351,0.00369317,0,0.0362323,0,1.95565,0.0405863,0.0900584,0.0433444,0.100061,1.44781,0.219002,0.246252,0.0682681,0.362334,0,0.088221,0,0,0,0,-0.00143187,0.0826856,0.24099,0.165034,0.00711399,0.0132612,0.00240272,0.000273448,0.10955,0.00504462,-0.863441,-8.05718,8.52212,0.0902416,0.819021,-0.353706,-0.265152,-0.00405344,0,0.291667,128.375,0,0,0,0,0,-11.841,0.0001,0.000228133,0.0621187,1.35623,0.203869,63011,0.103944,24,-2.05672
301,0.020261,0.0132103,0.0374048,0.0374048,0.312634,0.0194222,0.832685,0.0152567,0.0338775,0.0906473,0.0178262,0.276034,0.0131419,0,0.139019,0.00100438,5.99943,0.154576,0.299997,0.141407,0.477196,5.61997,0.835179,0.878808,0.162126,0.820973,0.0251871,0.25942,0,0,0,0,-0.00545854,0.189707,0.838431,0.652954,0.0190948,0.0392009,0.00551243,0.00170696,0.462134,0.0131711,-3.14048,-26.7095,26.6715,0.381047,2.23651,-3.09436,-0.909091,-0.0431736,0.0577416,0.208333,165.333,0,0,0,0,0,-11.8325,0.0001,-0.00108525,0.0135269,1.56994,0.127606,57909,0.104008,24.23,-2.05619
302,0.00841591,0.00600391,0.0414278,0.0414278,0.238446,0.00796064,0.831009,0.00862539,0.0364306,0.0853234,0.0186178,0.309524,0.0142429,0,0.136533,0.00142115,6.33922,0.148332,0.301021,0.149998,0.447391,5.35208,0.788803,0.865774,0.193677,1.01376,0.0111598,0.284161,0.00595238,0.00595238,0,0,-0.00507172,0.221041,0.827614,0.611287,0.0211118,0.0421422,0.00534846,0.000326826,0.411865,0.0143813,-3.8705,-27.7622,28.4773,0.339318,2.4469,-2.0445,-0.909091,-0.0286034,0.0258816,0.0833333,168.5,0,0,0.0833333,0.0833333,0,-11.8237,0.0001,-0.00110699,0.00849216,1.55,0.129275,58539,0.104069,23.97,-2.05484
303,0.00388654,0.00220462,0.0417923,0.0417923,0.237159,0.00374878,0.832369,0.00236219,0.0366371,0.0851313,0.0186437,0.312977,0.0145732,0,0.135811,0.000106914,6.3611,0.147372,0.300088,0.151289,0.453735,5.33629,0.786891,0.864593,0.19816,1.03157,0.0041243,0.286566,0,0,0,0,-0.00516271,0.220521,0.826114,0.606556,0.0213384,0.0425857,0.0053851,0.000279549,0.409328,0.0143232,-3.90102,-27.9654,28.7905,0.334776,2.46968,-1.80921,-0.909091,-0.0271171,0.0096202,0.0416667,166.833,0,0,0,0,0,-11.816,0.0001,-0.00206139,0.00707429,1.61173,0.126818,56543,0.104128,24.37,-2.04607
304,0.0040657,0.00235778,0.0416138,0.0416138,0.239257,0.00382607,0.832502,0.00241885,0.0365951,0.0851319,0.0186159,0.314387,0.0148953,0,0.137017,0.000149273,6.37281,0.146901,0.300994,0.152107,0.45861,5.3324,0.786549,0.865171,0.197964,1.03082,0.00415281,0.288079,0,0,0,0,-0.00520704,0.218335,0.826139,0.606091,0.0213404,0.0425787,0.00526376,0.000173334,0.41012,0.0143426,-4.00714,-27.9582,28.8071,0.334185,2.45691,-1.82815,-0.909091,-0.0272591,0.0102125,0.0416667,165.875,0,0,0.0416667,0,0,-11.8088,0.0001,-0.00205561,0.00670301,1.58293,0.121116,57688,0.104172,24.87,-2.04834
305,0.00379538,0.00210088,0.0416306,0.0416306,0.241012,0.00351124,0.832922,0.00223162,0.0365127,0.0853159,0.018559,0.313918,0.0149799,0,0.136676,0.000121719,6.37937,0.146488,0.300477,0.152364,0.459271,5.3303,0.785106,0.865117,0.19803,1.03695,0.003983,0.287647,0,0,0,0,-0.00520699,0.215613,0.825917,0.607666,0.0212695,0.0425025,0.00519969,0.000123815,0.408571,0.0142871,-4.05928,-27.985,28.8023,0.334702,2.4502,-1.84497,-0.909091,-0.0273778,0.00907317,0.0416667,165.042,0,0,0,0,0,-11.8033,0.0001,-0.00209638,0.00675614,1.57671,0.124256,57793,0.104218,24.56,-2.05619
306,0.00429926,0.00238036,0.0412341,0.0412341,0.246986,0.00390068,0.833296,0.00243248,0.036265,0.0858672,0.0184499,0.312582,0.0150072,0,0.137635,0.00013226,6.35158,0.146185,0.300186,0.152427,0.462517,5.36476,0.7892,0.866401,0.195862,1.02317,0.00438324,0.28681,0,0,0,0,-0.00530285,0.21399,0.825787,0.609667,0.021169,0.0423451,0.00530728,0.00030918,0.41606,0.0142125,-4.0063,-28.018,28.7636,0.335841,2.42947,-1.91825,-0.909091,-0.0283194,0.0103353,0,162.833,0,0,0.0833333,0,0,-11.797,0.0001,-0.00172317,0.00663564,1.56917,0.126584,57970,0.104259,24.53,-2.05529
307,0.00480555,0.00263539,0.0408376,0.0408376,0.254483,0.00438651,0.833728,0.00267357,0.0359388,0.086452,0.0182884,0.309256,0.0150462,0,0.137846,0.00013238,6.31569,0.145495,0.299668,0.151966,0.463744,5.38857,0.791877,0.867686,0.192712,1.0054,0.00486768,0.284318,0,0,0,0,-0.00532578,0.210667,0.826192,0.614068,0.0209108,0.0420228,0.00513128,0.000291327,0.419955,0.0139897,-4.11536,-28.0064,28.6659,0.337988,2.40487,-2.01938,-0.909091,-0.0294061,0.0114487,0,163.667,0,0,0.0416667,0,0,-11.7909,0.0001,-0.00288149,0.00755682,1.5468,0.119134,59008,0.104317,24.53,-2.03523
308,0.00550771,0.00315106,0.0405275,0.0405275,0.258066,0.00516806,0.833244,0.00321838,0.0356982,0.0868791,0.0181565,0.307504,0.0150002,0,0.138303,0.000187608,6.30646,0.145572,0.299548,0.151479,0.466269,5.40176,0.794391,0.868691,0.190134,1.00021,0.00565921,0.283203,0,0,0,0,-0.00543181,0.209547,0.826275,0.616596,0.0207832,0.0418839,0.00508735,0.000357582,0.426173,0.0139137,-4.14322,-28.0325,28.6214,0.33912,2.38352,-2.08292,-0.909091,-0.0299569,0.0136435,0.0833333,161.375,0,0,0.0833333,0,0,-11.7827,0.0001,-0.00226974,0.00801034,1.52492,0.117888,59838,0.10437,24.86,-2.03924
309,0.00724764,0.00421728,0.0399557,0.0399513,0.267714,0.00675766,0.833605,0.00434393,0.0353564,0.0878171,0.0180322,0.304602,0.0149878,0,0.139605,0.00031548,6.24979,0.145308,0.299893,0.150793,0.469551,5.42271,0.79921,0.870543,0.186016,0.977149,0.00743822,0.281434,0.000235405,0.000235405,0,0,-0.00545804,0.205664,0.826261,0.622281,0.0204765,0.041528,0.00501895,0.000461721,0.431615,0.0136942,-4.18427,-28.0837,28.5289,0.341688,2.3525,-2.19522,-0.909091,-0.0315767,0.01821,0.0416667,160.167,0,0,0,0.0833333,0,-11.7759,0.0001,-0.00277081,0.00897559,1.50604,0.120353,60443,0.104425,25.64,-2.02002
310,0.0096386,0.00549554,0.0393281,0.0393232,0.277506,0.00884725,0.833487,0.00579002,0.03496,0.0888203,0.017858,0.299635,0.0148443,0,0.140222,0.000400153,6.1921,0.145023,0.300452,0.149725,0.47338,5.47003,0.805704,0.872577,0.179318,0.946956,0.0101527,0.278015,0.000270563,0.000270563,0,0,-0.00553014,0.202534,0.827073,0.627619,0.0201676,0.0411657,0.00484917,0.000563287,0.440582,0.0134676,-4.2371,-28.0636,28.3545,0.345452,2.31336,-2.32245,-0.909091,-0.033254,0.0237103,0,156.875,0,0,0.166667,0.0416667,0,-11.768,0.0001,-0.0026139,0.0105992,1.52964,0.122202,59511,0.104484,26.22,-2.0084
311,0.0113096,0.00642719,0.0388873,0.0388873,0.281231,0.0103316,0.833657,0.00666055,0.0347933,0.0893676,0.0178248,0.297072,0.0148989,0,0.141213,0.000433655,6.15001,0.144293,0.300635,0.148752,0.47614,5.48964,0.808434,0.874005,0.177853,0.934866,0.0116862,0.276611,0,0,0,0,-0.00550847,0.200588,0.827074,0.631335,0.0199561,0.0409515,0.0045159,0.000428747,0.443459,0.0133893,-4.42402,-28.0852,28.2939,0.346319,2.28903,-2.43476,-0.909091,-0.0340454,0.0278009,0.0416667,155.208,0,0,0.125,0,0,-11.761,0.0001,-0.00269416,0.0110999,1.55437,0.119527,58727,0.104529,26.3,-2.0051
312,0.0136296,0.00783456,0.0383991,0.0383991,0.287822,0.0125441,0.833078,0.00840959,0.0346381,0.0901861,0.0177912,0.29215,0.0149032,0,0.141163,0.000608844,6.10927,0.144956,0.299722,0.148175,0.482338,5.51687,0.813928,0.875587,0.173537,0.918284,0.0144447,0.273014,0.000245098,0.000245098,0,0,-0.00552739,0.197295,0.82717,0.635024,0.019753,0.0407565,0.00425202,0.000404923,0.447759,0.0132521,-4.50131,-28.1142,28.2261,0.347883,2.26249,-2.52798,-0.909091,-0.0353123,0.0339199,0,154.042,0,0,0.208333,0,0,-11.7554,0.0001,-0.00297536,0.0140367,1.52855,0.120055,59628,0.104571,26.2,-2.01838
313,0.0183631,0.0106424,0.03768,0.03768,0.296845,0.0164881,0.832889,0.0114016,0.0342162,0.091149,0.0176521,0.287923,0.0148027,0,0.142932,0.000886617,6.05278,0.144611,0.300369,0.146283,0.488138,5.55009,0.818547,0.877917,0.169107,0.897032,0.0194007,0.27075,0,0,0,0,-0.00553254,0.191691,0.827748,0.642185,0.0193697,0.0402745,0.00375585,0.000214135,0.451576,0.0130545,-4.6931,-28.115,28.022,0.350418,2.21892,-2.70366,-0.909091,-0.0372521,0.0459568,0,150.458,0,0,0.333333,0.0833333,0,-11.7484,0.0001,-0.003533,0.0163928,1.52264,0.118855,59886,0.10463,27.51,-1.91005
314,0.0233078,0.0131935,0.0371775,0.037172,0.304715,0.0203845,0.832324,0.0143306,0.0340101,0.0917496,0.0176295,0.283313,0.0146448,0,0.143402,0.00118981,6.01248,0.144794,0.299929,0.144842,0.494349,5.58083,0.823396,0.879545,0.164482,0.873833,0.024806,0.267615,0.000873932,0.000873932,0,0,-0.0054894,0.188193,0.828949,0.64752,0.0190791,0.0399389,0.00347371,0.000168454,0.454374,0.012917,-4.77704,-28.014,27.8304,0.353278,2.19018,-2.85659,-0.909091,-0.0388395,0.0569282,0,149.333,0,0,0.708333,0,0,-11.7407,0.0001,-0.00344089,0.0197038,1.51818,0.11961,60022,0.104684,27.04,-1.97329
315,0.0259758,0.0149027,0.0367552,0.0367552,0.308855,0.0227718,0.83166,0.0157207,0.0337741,0.0920615,0.0175678,0.279542,0.0145589,0,0.143615,0.00129781,5.98068,0.143465,0.299704,0.143623,0.497057,5.60641,0.827912,0.880913,0.161741,0.853211,0.0273617,0.264753,0.000254065,0.000254065,0,0,-0.0054993,0.188133,0.829658,0.649832,0.0189201,0.0396479,0.00331391,0.000171307,0.458126,0.0128685,-4.84315,-27.9658,27.678,0.356358,2.16877,-2.97347,-0.909091,-0.0398612,0.0642279,0,144.458,0,0,1,0.166667,0,-11.7335,0.0001,-0.00299034,0.022557,1.52954,0.119285,59620,0.104742,27.86,-1.9565
316,0.0329619,0.0188868,0.0360218,0.0360166,0.318382,0.0286551,0.831392,0.0207357,0.033471,0.0930238,0.0175312,0.274121,0.0144498,0,0.144988,0.00191814,5.92259,0.144552,0.30019,0.141854,0.504938,5.64401,0.834139,0.883289,0.156462,0.828429,0.0355424,0.261682,0.00150368,0.00150368,0,0,-0.00548767,0.181678,0.830432,0.656617,0.0185918,0.0392568,0.00267942,-0.00012161,0.46081,0.0127181,-5.00951,-27.9354,27.4477,0.358899,2.12501,-3.13363,-0.909091,-0.0419483,0.0815487,0.166667,140.958,0,0,0.708333,0.583333,0,-11.7258,0.0001,-0.00329645,0.0286062,1.52651,0.121147,59662,0.104791,29.54,-1.86483
317,0.040054,0.0232253,0.0354387,0.035433,0.325699,0.0344192,0.830731,0.0255876,0.0332754,0.0934126,0.0175301,0.26914,0.0143851,0,0.145844,0.00250782,5.88305,0.143751,0.299426,0.140195,0.516442,5.66612,0.838479,0.885179,0.153033,0.812287,0.0432985,0.258399,0.00119435,0.00119435,0,0,-0.00541149,0.17721,0.83193,0.662182,0.0182926,0.0388771,0.00227051,-0.000277194,0.461614,0.0126002,-5.14215,-27.798,27.2131,0.362078,2.09397,-3.33592,-0.909091,-0.043805,0.100209,0.125,141,0,0,1.54167,0.333333,0,-11.7207,0.0001,-0.00316074,0.0325586,1.52295,0.119717,59844,0.104824,28.6,-1.88731
318,0.047219,0.0275851,0.0348997,0.0348907,0.334019,0.0405972,0.830312,0.0297411,0.0330096,0.0941762,0.0174882,0.26535,0.0142133,0,0.147198,0.00296758,5.84839,0.144075,0.300439,0.138448,0.527273,5.69921,0.843246,0.886925,0.149007,0.793656,0.0504897,0.256445,0.000597379,0.000597379,0,0,-0.00539335,0.171823,0.832847,0.667772,0.0179985,0.0385017,0.00177601,-0.00047745,0.465565,0.0124561,-5.27157,-27.7284,27.0526,0.3636,2.06357,-3.45998,-0.909091,-0.0455736,0.118736,0.208333,135.5,0,0,1.5,0.333333,0,-11.7147,0.0001,-0.00374602,0.0408982,1.52005,0.120907,59906,0.104881,29.49,-1.80084
319,0.0570394,0.0338372,0.0343189,0.0342948,0.340652,0.0486042,0.829037,0.0368149,0.0327856,0.0941174,0.0175075,0.260331,0.0140504,0,0.147966,0.00405232,5.83425,0.143372,0.300244,0.136429,0.539937,5.73927,0.846907,0.888807,0.145706,0.772077,0.0611531,0.25304,0.00315271,0.00315271,0,0,-0.00533262,0.167749,0.834425,0.672102,0.0178137,0.0381033,0.00123539,-0.000772107,0.46461,0.0125226,-5.45861,-27.4621,26.7292,0.367608,2.03018,-3.77176,-0.909091,-0.0475661,0.145698,0.291667,131.167,0,0,2.375,0.833333,0,-11.7075,0.0001,-0.00310305,0.0490697,1.55409,0.120211,58713,0.104931,30.73,-1.75784
320,0.0698276,0.0415987,0.0336432,0.0336194,0.348638,0.0593293,0.827841,0.0453052,0.0325061,0.0945598,0.0175151,0.256621,0.0141332,0,0.150054,0.00526166,5.80565,0.1428,0.300251,0.135019,0.549674,5.76116,0.850625,0.890996,0.142919,0.761666,0.0748151,0.251204,0.00215455,0.00215455,0,0,-0.0052903,0.162381,0.835945,0.67806,0.0175245,0.0376433,0.000741271,-0.00103182,0.464938,0.0125033,-5.65632,-27.3142,26.4335,0.37091,1.98927,-4.01605,-0.909091,-0.0496371,0.17883,0.125,129.458,0,0,3,0.625,0,-11.7017,0.0001,-0.00308945,0.0583816,1.55291,0.120727,58736,0.104971,30.41,-1.69743
321,0.0805983,0.0490901,0.0329562,0.0329177,0.356574,0.0679536,0.826962,0.0540904,0.0321274,0.0950374,0.0174564,0.249389,0.0138472,0,0.150432,0.0068313,5.78193,0.141889,0.298791,0.132524,0.568923,5.80518,0.857929,0.893222,0.137872,0.733,0.0874925,0.245848,0.00694372,0.00694372,0,0,-0.00524903,0.157402,0.837651,0.68457,0.017222,0.0370879,0.000295004,-0.00123626,0.46671,0.0124175,-5.75115,-27.1671,26.1123,0.375546,1.95217,-4.23438,-0.909091,-0.0521272,0.211031,0.333333,124.958,0,0,3.375,0.958333,0,-11.6969,0.0001,-0.00338067,0.069024,1.53443,0.124243,59266,0.105009,31.78,-1.62563
322,0.0941136,0.0588406,0.0323041,0.0322739,0.363608,0.0797606,0.82564,0.0648407,0.0319739,0.0946998,0.0175479,0.246534,0.0138221,0,0.152867,0.00873385,5.77188,0.141634,0.300081,0.131056,0.578417,5.82373,0.859347,0.895335,0.135634,0.729373,0.1018,0.244528,0.00721646,0.00721646,0,0,-0.00514767,0.152277,0.839343,0.688979,0.0170628,0.0367009,-0.000180157,-0.00153085,0.465302,0.0125071,-5.97184,-26.8047,25.7898,0.378959,1.9176,-4.59727,-0.909091,-0.0544849,0.2523,0.333333,119.667,0,0,4.33333,1.45833,0,-11.6896,0.0001,-0.00366979,0.0847766,1.549,0.119601,58913,0.105084,31.26,-1.63192
323,0.111746,0.0712062,0.0315855,0.0315299,0.375897,0.0948527,0.824268,0.0789697,0.031709,0.0939449,0.0176189,0.241411,0.0137702,0,0.1547,0.0111767,5.76225,0.139815,0.29951,0.128853,0.600442,5.86496,0.864513,0.897663,0.13175,0.708942,0.121845,0.241248,0.0105417,0.0105417,0,0,-0.00507419,0.14538,0.843204,0.693464,0.0169123,0.0361729,-0.000616623,-0.00179666,0.464369,0.0127083,-6.14388,-26.2012,25.2306,0.38687,1.8782,-5.11731,-0.909091,-0.0578326,0.305225,0.5,113.833,0,0,7.16667,1.41667,0,-11.6796,0.0001,-0.00389019,0.0889286,1.57749,0.126,57707,0.105145,32.6,-1.45084
324,0.123776,0.0789832,0.0310654,0.0309893,0.380398,0.104077,0.823477,0.0864167,0.0314902,0.094085,0.0176209,0.239258,0.0135615,0,0.156906,0.012487,5.74952,0.138432,0.300476,0.127505,0.60784,5.88925,0.868376,0.899348,0.128751,0.689429,0.133256,0.240276,0.0142944,0.0142944,0,0,-0.0050619,0.141871,0.843948,0.6978,0.016721,0.0358355,-0.000984232,-0.00200204,0.463395,0.0126479,-6.30021,-26.1137,25.0584,0.388956,1.85352,-5.25218,-0.909091,-0.0595497,0.339016,0.458333,112.792,0,0,7,1.75,0,-11.6735,0.0001,-0.00313843,0.100282,1.55764,0.12005,58594,0.105189,33.71,-1.2853
325,0.135752,0.0879664,0.0305108,0.0304643,0.38913,0.115122,0.82234,0.097033,0.0313382,0.0927394,0.0177427,0.233746,0.0134875,0,0.157143,0.0144172,5.73488,0.136963,0.299701,0.125745,0.618967,5.91491,0.871517,0.901145,0.125781,0.681852,0.147305,0.236025,0.0121267,0.0121267,0,0,-0.00496423,0.139143,0.846942,0.699809,0.0167221,0.0354314,-0.00147054,-0.00231991,0.463294,0.0129774,-6.51711,-25.404,24.5849,0.39569,1.82282,-5.81745,-0.909091,-0.0620218,0.377537,0.416667,107.833,0,0,9.16667,2.5,0,-11.6675,0.0001,-0.00355864,0.109953,1.54329,0.118589,59152,0.105234,34.76,-1.20744
326,0.150892,0.101077,0.0298303,0.029737,0.401327,0.128981,0.82118,0.113745,0.0310939,0.092066,0.0177717,0.23088,0.0135388,0,0.160081,0.0179604,5.72122,0.134513,0.2991,0.124344,0.632736,5.94615,0.875801,0.90335,0.122753,0.667251,0.165682,0.234374,0.0208429,0.0208429,0,0,-0.00495682,0.129789,0.850449,0.70414,0.0165637,0.0349767,-0.00137156,-0.00222326,0.465134,0.0130223,-6.52362,-24.9395,24.1508,0.402816,1.78682,-6.20717,-0.909091,-0.0657035,0.432704,1.125,100.167,0,0,11.125,2.5,0,-11.6617,0.0001,-0.00316684,0.120132,1.54332,0.121992,59030,0.105277,36.55,-0.950449
327,0.166199,0.111946,0.0293068,0.0292125,0.406835,0.141468,0.819869,0.123134,0.0310061,0.0909514,0.0179174,0.229644,0.0132679,0,0.163354,0.0196256,5.74656,0.131983,0.301087,0.122619,0.643968,5.97806,0.877897,0.905046,0.120886,0.662536,0.180181,0.234614,0.0195575,0.0195575,0,0,-0.00483685,0.127946,0.85212,0.706376,0.0165417,0.0346547,-0.00193062,-0.00268808,0.459369,0.0133145,-6.88427,-24.4394,23.8524,0.405054,1.76055,-6.68404,-0.909091,-0.0678304,0.479475,0.708333,98.7083,0,0,13.0417,2.45833,0,-11.6567,0.0001,-0.00304281,0.126147,1.56691,0.120369,58261,0.105307,34.45,-1.20876
328,0.180598,0.124928,0.0285235,0.0283984,0.420204,0.15551,0.818519,0.13931,0.0310789,0.0894459,0.0181942,0.224968,0.0135695,0,0.165136,0.0229171,5.73786,0.129898,0.299521,0.121712,0.659352,5.99698,0.88066,0.907584,0.118519,0.653337,0.197777,0.230918,0.0261806,0.0261806,0,0,-0.00480289,0.117722,0.855948,0.70826,0.0166367,0.0345106,-0.0019849,-0.00268006,0.460864,0.0136569,-7.01574,-23.5841,23.4092,0.412917,1.72844,-7.25201,-0.909091,-0.0717958,0.535444,0.708333,92.5,0,0,14.4167,3.20833,0,-11.6531,0.0001,-0.00333326,0.134301,1.54492,0.118757,59088,0.105345,36.69,-1.09068
329,0.193669,0.138904,0.0280854,0.027887,0.424652,0.169866,0.816975,0.154181,0.0309886,0.0874727,0.0183267,0.222258,0.013247,0,0.166692,0.0263401,5.73739,0.127918,0.299658,0.119969,0.665871,6.04121,0.883818,0.909003,0.115847,0.640189,0.21123,0.22893,0.0381103,0.0381103,0,0,-0.00470365,0.118765,0.859464,0.709119,0.0166898,0.0341466,-0.00214783,-0.00283304,0.458235,0.0139909,-7.20596,-22.8045,22.9627,0.420351,1.70403,-7.84803,-0.909091,-0.0739809,0.594591,1.125,88.0417,0,0,17.4167,3.95833,0,-11.6472,0.0001,-0.00282541,0.136856,1.55703,0.11839,58674,0.10539,36.82,-0.861178
330,0.20439,0.147428,0.0276092,0.0273546,0.434711,0.178554,0.81672,0.162408,0.0311516,0.0862018,0.0185645,0.220584,0.0134144,0,0.16886,0.0278371,5.736,0.125543,0.300099,0.119556,0.672967,6.04956,0.8859,0.910546,0.113676,0.634906,0.221995,0.228015,0.0406034,0.0406034,0,0,-0.00469342,0.111441,0.861835,0.709843,0.0167589,0.034131,-0.00229997,-0.00293269,0.458662,0.014202,-7.36114,-22.1881,22.7154,0.425577,1.68812,-8.23767,-0.909091,-0.0768566,0.631569,0.958333,84.0417,0,0,18.75,4.25,0,-11.6431,0.0001,-0.00281701,0.147688,1.54963,0.120811,58849,0.105412,37.14,-0.840109
331,0.217314,0.160465,0.0271097,0.0268357,0.445386,0.191223,0.815478,0.178607,0.0312071,0.083731,0.0187749,0.218889,0.0133638,0,0.171805,0.0317777,5.74167,0.121848,0.299293,0.11821,0.681224,6.07659,0.888004,0.912165,0.113084,0.633291,0.237568,0.227257,0.0538653,0.0538653,0,0,-0.0046302,0.105662,0.866301,0.709788,0.0169218,0.0339416,-0.00211203,-0.00284201,0.459628,0.0146258,-7.53447,-21.1976,22.208,0.434501,1.66412,-8.92844,-0.909091,-0.0803122,0.686442,1.5,79.0417,0,0,22.1667,4.375,0.0416667,-11.6388,0.0001,-0.00211259,0.149376,1.59159,0.122873,57338,0.10547,39,-0.685399
332,0.223847,0.16671,0.026767,0.026449,0.451749,0.198399,0.815298,0.18413,0.0312753,0.0827532,0.018959,0.216688,0.0133835,0,0.172507,0.0327714,5.7394,0.121786,0.300432,0.117631,0.687459,6.08137,0.888503,0.913275,0.111752,0.630733,0.244542,0.22576,0.0473413,0.0473413,0,0,-0.00458169,0.102095,0.86791,0.710547,0.0170137,0.0338764,-0.00241001,-0.00303006,0.458846,0.014851,-7.64447,-20.666,21.9982,0.43848,1.65143,-9.26383,-0.909091,-0.0819763,0.714327,1.29167,77.5,0,0,22.9583,4.29167,0.0416667,-11.632,0.0001,-0.00299693,0.150753,1.57432,0.120384,58006,0.10549,39.13,-0.440907
333,0.232242,0.175614,0.0265065,0.0260276,0.459125,0.207614,0.814307,0.193016,0.0315533,0.0807942,0.0192617,0.216377,0.0135311,0,0.174228,0.0349752,5.75563,0.11908,0.299882,0.117488,0.691865,6.09506,0.889593,0.914119,0.111057,0.632002,0.25239,0.225765,0.0629136,0.0629136,0,0,-0.00447705,0.0990256,0.870794,0.708471,0.0172346,0.0339526,-0.00230482,-0.00302826,0.458431,0.0152758,-7.77671,-19.9045,21.7266,0.443793,1.64041,-9.81484,-0.909091,-0.0841331,0.752655,1.75,73.0417,0,0,25.4583,4.29167,0,-11.6329,0.0001,-0.00274559,0.155669,1.54818,0.122313,58847,0.105483,40.14,-0.335282
334,0.244814,0.189193,0.0258851,0.0253668,0.470146,0.219467,0.813172,0.209763,0.0317718,0.0777423,0.0195721,0.2138,0.0132245,0,0.176784,0.0387333,5.74631,0.115949,0.30023,0.116034,0.697591,6.12358,0.892497,0.91612,0.108187,0.621956,0.267535,0.223769,0.0732146,0.0732146,0,0,-0.00442054,0.09296,0.875337,0.70809,0.0174379,0.0339124,-0.00232405,-0.00305103,0.459253,0.0157218,-8.0167,-18.6823,21.294,0.452513,1.61995,-10.5688,-0.908727,-0.0879623,0.809743,1.25,67.5,0,0,28.875,5.83333,0.0416667,-11.6329,0.0001,-0.00244592,0.157735,1.57554,0.119964,57979,0.105486,40.16,-0.505438
335,0.253598,0.19602,0.0255279,0.0251104,0.47915,0.225558,0.812614,0.218297,0.0320818,0.0748765,0.0199222,0.21324,0.0132048,0,0.179599,0.0406421,5.74712,0.112901,0.300613,0.114996,0.702542,6.14698,0.895622,0.91729,0.106484,0.621981,0.278246,0.224037,0.0730184,0.0730184,0,0,-0.00433679,0.0887277,0.880127,0.70669,0.0176662,0.033929,-0.0021278,-0.00288468,0.463346,0.0161664,-8.16657,-17.55,20.9191,0.460654,1.60054,-11.3011,-0.909091,-0.0909468,0.839075,1.33333,60.5,0,0,31.4167,6.125,0,-11.6319,0.0001,-0.00222982,0.157407,1.54838,0.119082,58954,0.105506,42.11,-0.434619
336,0.260204,0.202627,0.0251732,0.0246662,0.485216,0.231643,0.812218,0.226257,0.0322057,0.0729723,0.020125,0.209668,0.0132544,0,0.179746,0.0425529,5.75684,0.11046,0.298842,0.114484,0.710385,6.17046,0.896651,0.918439,0.105745,0.618351,0.286625,0.221139,0.0770072,0.0770072,0,0,-0.00427781,0.0842617,0.883,0.705304,0.0177869,0.0338494,-0.00241977,-0.00312259,0.462058,0.0165239,-8.44037,-16.8387,20.6021,0.465492,1.58129,-11.8299,-0.909091,-0.0928778,0.867817,1.20833,59.7917,0,0,37.0833,5.33333,0,-11.6292,0.0001,-0.00223819,0.152903,1.5449,0.12089,59013,0.105517,40.62,-0.274803
337,0.260161,0.202371,0.0251583,0.0246567,0.488346,0.231676,0.811331,0.222496,0.0334066,0.0703072,0.0209849,0.209892,0.0134069,0,0.179579,0.0413333,5.75789,0.109633,0.299541,0.115659,0.707941,6.14983,0.894351,0.918487,0.107246,0.639364,0.282902,0.221285,0.0712489,0.0712489,0,0,-0.00412422,0.0840478,0.883988,0.695593,0.0186025,0.0348459,-0.00256246,-0.00323722,0.459222,0.0173625,-8.68379,-15.6848,20.7654,0.465253,1.60567,-12.4143,-0.909091,-0.0934296,0.86725,1.41667,56.1667,0,0,37.2917,5.04167,0,-11.6279,0.0001,-0.00201988,0.159509,1.57969,0.121531,57784,0.105541,41.86,-0.304725
338,0.270439,0.214403,0.0249105,0.0242572,0.498301,0.243021,0.811995,0.236092,0.0332004,0.0694579,0.0209126,0.211659,0.0133023,0,0.183485,0.0449374,5.74996,0.108078,0.300962,0.114478,0.715583,6.17789,0.896919,0.91929,0.105774,0.625565,0.293763,0.22388,0.0876185,0.0876185,0,0,-0.00414433,0.0784691,0.88655,0.698312,0.0184829,0.0345655,-0.00232023,-0.00307126,0.461139,0.0173353,-8.66469,-15.3489,20.5003,0.469969,1.58547,-12.6464,-0.909091,-0.0962549,0.91848,1.79167,54.0833,0,0,38.4167,6.66667,0,-11.6248,0.0001,-0.0018975,0.160166,1.56291,0.124891,58243,0.105556,42.77,-0.137123
339,0.267447,0.20989,0.0247513,0.0241601,0.493452,0.237917,0.810903,0.235061,0.0334986,0.0677228,0.0211909,0.208646,0.0134168,0,0.181899,0.0444399,5.77615,0.107738,0.299969,0.114536,0.711216,6.18256,0.896989,0.919806,0.105476,0.630069,0.294777,0.220974,0.0868175,0.0868175,0,0,-0.00406432,0.0806774,0.888105,0.69505,0.0187371,0.0346983,-0.00240793,-0.00317951,0.460719,0.017754,-8.87639,-14.699,20.3733,0.472448,1.58349,-13.0823,-0.909091,-0.0955535,0.899453,1.79167,51.5833,0,0,40.4167,6.625,0.0416667,-11.6236,0.0001,-0.00189969,0.155296,1.59214,0.122203,57342,0.105572,41.28,-0.379829
340,0.276203,0.220195,0.024514,0.0239317,0.504146,0.247547,0.812077,0.245212,0.0335328,0.066921,0.0212481,0.208856,0.0134271,0,0.184515,0.047086,5.7547,0.105168,0.299602,0.114331,0.719236,6.19375,0.898159,0.920575,0.103808,0.622354,0.302502,0.221618,0.0899285,0.0899285,0,0,-0.00404211,0.0749413,0.890189,0.696316,0.0187511,0.0346503,-0.0019521,-0.0028065,0.464159,0.0178219,-8.76924,-14.3595,20.1913,0.477224,1.57269,-13.2952,-0.909091,-0.0985847,0.944584,1.33333,49.5417,0,0,40.5417,7.20833,0.0416667,-11.6199,0.0001,-0.00203507,0.154321,1.55875,0.126314,58338,0.105613,41.44,-0.302575
341,0.27653,0.218626,0.0245805,0.0240547,0.50892,0.248004,0.811541,0.238836,0.0338677,0.0652794,0.0214963,0.210433,0.0134748,0,0.184959,0.044884,5.7851,0.104988,0.301337,0.114775,0.714758,6.19008,0.898314,0.920359,0.104443,0.633934,0.299439,0.223229,0.0783317,0.0783317,0,0,-0.00398286,0.0727469,0.891465,0.691027,0.0190118,0.0349358,-0.00243499,-0.00319557,0.463089,0.0180876,-8.98615,-13.8262,20.2226,0.475811,1.57131,-13.5446,-0.909091,-0.0986235,0.936802,1.375,48.0417,0,0,43.8333,6.45833,0,-11.6147,0.0001,-0.00193025,0.155243,1.5816,0.122429,57689,0.105646,42.95,-0.130132
342,0.280976,0.223953,0.0244197,0.0237172,0.511843,0.251406,0.811908,0.247953,0.0338174,0.0648884,0.0214785,0.208808,0.0133733,0,0.185302,0.0476276,5.76005,0.102206,0.300414,0.113414,0.7207,6.20499,0.900069,0.92088,0.103383,0.624572,0.306053,0.221814,0.0961299,0.0961299,0,0,-0.00399462,0.0722446,0.892786,0.694367,0.0189063,0.0347843,-0.00211411,-0.00291301,0.467037,0.0180311,-8.94242,-13.6071,20.0917,0.480892,1.56515,-13.6771,-0.909091,-0.100237,0.961783,1.66667,46.5,0,0,42.375,6.54167,0,-11.6121,0.0001,-0.00157586,0.154509,1.54938,0.119487,58904,0.105658,44.8,0.0959592
343,0.286349,0.229473,0.0242316,0.0234912,0.518347,0.255867,0.81223,0.252931,0.0339741,0.0638638,0.0216505,0.207653,0.0133288,0,0.186051,0.0485507,5.74453,0.100056,0.299781,0.113342,0.725178,6.21328,0.900957,0.921489,0.101691,0.622319,0.310762,0.220944,0.0902724,0.0902724,0,0,-0.00397836,0.067325,0.89473,0.694181,0.0189866,0.0348369,-0.00197922,-0.00281146,0.467654,0.0182048,-9.00537,-13.2158,19.9159,0.483806,1.55407,-13.9657,-0.909091,-0.102292,0.984718,1.20833,44.6667,0,0,45.8333,6.58333,0,-11.6089,0.0001,-0.00184238,0.160146,1.55282,0.118198,58828,0.105706,43.56,-0.111111
344,0.28156,0.225956,0.0242987,0.0236489,0.517003,0.252849,0.81245,0.250085,0.0340189,0.0639454,0.0216455,0.207812,0.0133951,0,0.185298,0.0477668,5.76384,0.101033,0.300028,0.113457,0.721261,6.21313,0.901301,0.921261,0.101475,0.623038,0.307114,0.221138,0.0949324,0.0949324,0,0,-0.00396685,0.0680402,0.894799,0.69271,0.0190204,0.0348786,-0.00189487,-0.00274345,0.469366,0.0181814,-8.94845,-13.1792,19.9818,0.482487,1.56039,-13.9326,-0.908734,-0.10151,0.970642,1.41667,46,0,0,45.5417,7.04167,0.0416667,-11.6023,0.0001,-0.0018282,0.15321,1.5464,0.122062,58919,0.105749,42.75,0.0387934
345,0.283723,0.22675,0.0242183,0.0236315,0.520386,0.252907,0.812744,0.25107,0.0345766,0.0623456,0.022048,0.208409,0.0134066,0,0.186349,0.0480716,5.75814,0.0986134,0.299109,0.113997,0.72433,6.20135,0.899578,0.921533,0.102492,0.631793,0.310059,0.221535,0.0896009,0.0896009,0,0,-0.00391241,0.0655789,0.896784,0.688454,0.0193852,0.0353347,-0.00166598,-0.00259111,0.469321,0.0185942,-8.94635,-12.5564,19.9463,0.483826,1.56573,-14.2718,-0.909091,-0.102612,0.974036,1.25,42.1667,0,0,45.875,6.91667,0,-11.5985,0.0001,-0.00190952,0.154249,1.55166,0.12323,58692,0.105769,42.78,-0.0765303
346,0.287816,0.230205,0.0242021,0.0234312,0.526087,0.257243,0.81332,0.252942,0.0343352,0.0630186,0.021881,0.209836,0.0134454,0,0.187717,0.0484415,5.76875,0.0991265,0.301032,0.113797,0.72427,6.2063,0.901505,0.921585,0.101504,0.624952,0.31137,0.223151,0.0926593,0.0926593,0,0,-0.00396486,0.0645959,0.896429,0.689218,0.0192941,0.0352072,-0.00155734,-0.0024957,0.471925,0.018376,-8.82322,-12.7366,20.0253,0.482317,1.56017,-14.0637,-0.909091,-0.103519,0.989665,1.54167,44.625,0,0,46.25,6.66667,0,-11.5965,0.0001,-0.00184627,0.153697,1.58152,0.122479,57690,0.105788,43.17,0.111762
347,0.287919,0.23067,0.0241177,0.0233328,0.526377,0.256584,0.812814,0.253809,0.0342761,0.0628481,0.0218533,0.208369,0.013306,0,0.187239,0.0488977,5.73042,0.0989282,0.299937,0.113507,0.725225,6.21545,0.901704,0.921858,0.100658,0.622108,0.311454,0.221643,0.0992705,0.0992705,0,0,-0.00393756,0.065381,0.896619,0.691621,0.019214,0.0350914,-0.00159964,-0.00249771,0.471487,0.0182908,-8.80613,-12.6641,19.9672,0.485329,1.55496,-14.0899,-0.909091,-0.104031,0.990759,1.29167,44.8333,0,0,45.2917,7.41667,0,-11.5932,0.0001,-0.00175194,0.146728,1.56612,0.121574,58247,0.105821,43.74,0.0149945
348,0.296593,0.237031,0.0238827,0.0231067,0.532839,0.262291,0.81182,0.258675,0.0340539,0.0621013,0.0217542,0.20824,0.0133889,0,0.18935,0.0500173,5.74275,0.0965548,0.30049,0.112695,0.729756,6.2283,0.904991,0.92262,0.0987508,0.611924,0.319637,0.221897,0.0967424,0.0967424,0,0,-0.00394578,0.062922,0.898936,0.693703,0.0190772,0.0348028,-0.0012872,-0.0022963,0.47442,0.0182514,-8.84073,-12.3846,19.7582,0.487376,1.53631,-14.2787,-0.909091,-0.106164,1.01697,1.54167,41.2083,0,0,46.4167,6.41667,0,-11.5883,0.0001,-0.00184875,0.155131,1.53687,0.120888,59299,0.105865,43.96,0.0183922
349,0.298934,0.241849,0.0237988,0.0229908,0.535917,0.266711,0.811746,0.266622,0.0344048,0.0607612,0.022026,0.208083,0.013412,0,0.190024,0.0520893,5.74082,0.0958641,0.30017,0.112742,0.732562,6.23208,0.903803,0.922892,0.0991123,0.616681,0.323377,0.222062,0.115704,0.115704,0,0,-0.00388837,0.060883,0.900315,0.691242,0.0193069,0.035057,-0.00131996,-0.00228176,0.476544,0.0185158,-8.89521,-11.8448,19.7168,0.489942,1.54057,-14.5511,-0.909091,-0.107035,1.03711,1.70833,41.1667,0,0,48.25,7.125,0,-11.584,0.0001,-0.00157953,0.150842,1.5538,0.124501,58573,0.105879,45.37,0.0889848
350,0.30199,0.244266,0.0237271,0.0228111,0.542336,0.269101,0.811951,0.26663,0.0340835,0.0608982,0.0218022,0.207841,0.0134378,0,0.190497,0.0522319,5.72639,0.0945059,0.299507,0.112853,0.732114,6.24279,0.905903,0.923124,0.0978365,0.603924,0.325014,0.221744,0.10566,0.10566,0,0,-0.0039182,0.0594903,0.900971,0.695014,0.0191127,0.0347428,-0.00112617,-0.00214229,0.478468,0.0182762,-8.80608,-11.9699,19.5947,0.492626,1.52678,-14.4632,-0.909091,-0.108491,1.04808,1.41667,39.875,0,0,46.1667,8.83333,0,-11.5834,0.0001,-0.00172716,0.153257,1.5841,0.1223,57608,0.105893,43.83,0.0147671
351,0.299915,0.2411,0.0237599,0.0229224,0.538303,0.265917,0.812288,0.262365,0.0339726,0.0613037,0.0217497,0.207776,0.0133531,0,0.190141,0.050799,5.7173,0.095819,0.299921,0.112407,0.73317,6.23822,0.905523,0.923018,0.0987608,0.609046,0.322685,0.221691,0.0992474,0.0992474,0,0,-0.00395544,0.0618157,0.899775,0.694602,0.0191069,0.0346891,-0.00127852,-0.00225537,0.475609,0.0182183,-8.85548,-12.1688,19.6089,0.492241,1.53085,-14.3468,-0.909091,-0.107653,1.0355,1.33333,42,0,0,46.0417,8.04167,0.0416667,-11.5788,0.0001,-0.00156802,0.147293,1.57704,0.121449,57877,0.105944,44.27,0.0841741
352,0.296228,0.240282,0.0238851,0.0231129,0.537262,0.264939,0.812471,0.263079,0.03436,0.0605031,0.0219481,0.20742,0.013377,0,0.188998,0.0508507,5.71625,0.0945597,0.298824,0.11288,0.734146,6.23979,0.905748,0.922612,0.0980656,0.613567,0.319891,0.221415,0.0979884,0.0979884,0,0,-0.00388977,0.0613203,0.900856,0.691549,0.0192704,0.0350231,-0.00122655,-0.00220341,0.478087,0.0183753,-8.84059,-11.8437,19.7064,0.489437,1.54025,-14.5015,-0.909091,-0.107146,1.03056,1.16667,40.0833,0,0,47.4167,8.29167,0,-11.5721,0.0001,-0.00159751,0.142322,1.56694,0.12042,58259,0.105995,45.09,0.160192
353,0.30464,0.248074,0.0235545,0.022658,0.542282,0.271339,0.811952,0.269723,0.0344244,0.0595852,0.0220839,0.206542,0.0134652,0,0.191354,0.0526852,5.73506,0.0932049,0.299241,0.113,0.735539,6.24636,0.905712,0.923683,0.0977339,0.608545,0.327782,0.221146,0.102994,0.102994,0,0,-0.00386137,0.0585468,0.902257,0.692622,0.0193378,0.0349753,-0.000983122,-0.00198657,0.480529,0.0185454,-8.92443,-11.4335,19.5739,0.492999,1.52163,-14.7548,-0.909091,-0.109493,1.06541,1.45833,38.4167,0,0,46.9167,7.75,0,-11.5669,0.0001,-0.00172052,0.146557,1.59149,0.127155,57198,0.106022,43.59,0.157428
354,0.301497,0.246321,0.0237304,0.022802,0.541755,0.270303,0.81329,0.270362,0.0339631,0.0613375,0.0217094,0.207744,0.0133095,0,0.190481,0.0529575,5.72062,0.0941916,0.299065,0.112164,0.73494,6.24188,0.906742,0.923113,0.0970152,0.604337,0.325943,0.221545,0.116322,0.116322,0,0,-0.00397928,0.059552,0.901346,0.696294,0.0189811,0.0346402,-0.000756721,-0.00186685,0.480165,0.0180741,-8.65648,-12.0483,19.5931,0.491658,1.52629,-14.3463,-0.909091,-0.108726,1.05899,1.45833,40.875,0,0,46.5833,8.45833,0,-11.5627,0.0001,-0.00165359,0.14497,1.65782,0.121885,55236,0.106077,45.32,0.117747
355,0.305925,0.24745,0.023567,0.0226692,0.547478,0.271847,0.812124,0.269078,0.0343546,0.0589632,0.022038,0.207576,0.013264,0,0.191734,0.052296,5.72701,0.0930339,0.299248,0.112065,0.737194,6.25579,0.907315,0.923643,0.096418,0.601379,0.328168,0.221834,0.0988166,0.0988166,0,0,-0.00385339,0.0578222,0.904014,0.692759,0.0192958,0.0348864,-0.000738874,-0.00183672,0.481991,0.0185013,-8.7781,-11.2399,19.4832,0.494251,1.5207,-14.8494,-0.909091,-0.110149,1.06257,1.70833,37.9167,0,0,49.0833,8.83333,0,-11.5563,0.0001,-0.00141067,0.13664,1.63484,0.127621,55776,0.106096,44.29,0.188111
356,0.307715,0.250763,0.0235594,0.0227079,0.550616,0.275173,0.813024,0.271876,0.0342687,0.0599306,0.0219433,0.207092,0.0134154,0,0.191349,0.0530396,5.7125,0.0921794,0.299014,0.112581,0.739909,6.2507,0.909032,0.923667,0.095334,0.595566,0.329476,0.221183,0.0982894,0.0982894,0,0,-0.00387689,0.0568781,0.903435,0.694254,0.0192148,0.0348853,-0.000634037,-0.00175682,0.483955,0.0183197,-8.61277,-11.4722,19.5781,0.492647,1.52163,-14.6481,-0.909091,-0.110815,1.07625,1.58333,37.4167,0,0,47.4167,7.83333,0,-11.5567,0.0001,-0.00166769,0.149476,1.5778,0.126545,57678,0.106102,44.85,0.15953
357,0.303949,0.24767,0.0237093,0.0227427,0.5473,0.272748,0.813015,0.269603,0.034505,0.0593191,0.0221016,0.209185,0.0133482,0,0.191557,0.0527247,5.72087,0.0930963,0.300402,0.112484,0.735642,6.24647,0.906785,0.923182,0.0972963,0.607892,0.326053,0.223306,0.103111,0.103111,0,0,-0.00387935,0.0575249,0.903811,0.692386,0.0193281,0.0350791,-0.000747157,-0.00183553,0.482141,0.0184638,-8.68525,-11.2621,19.5884,0.492257,1.52557,-14.7678,-0.909091,-0.109526,1.06302,1.08333,38.5833,0,0,49.0417,8.20833,0,-11.5531,0.0001,-0.00181107,0.143391,1.64124,0.118139,55874,0.10615,43.28,0.154862
358,0.304332,0.247467,0.0235243,0.0226357,0.549377,0.270241,0.813034,0.271111,0.0340045,0.0598839,0.0217607,0.208099,0.013302,0,0.192436,0.0530548,5.70143,0.0924086,0.29979,0.111703,0.73877,6.26184,0.909237,0.923781,0.0951919,0.586442,0.328661,0.222233,0.111477,0.111477,0,0,-0.00393638,0.0573976,0.903544,0.697353,0.019007,0.0345715,-0.000391282,-0.00157306,0.483826,0.0180799,-8.57131,-11.5905,19.4913,0.495726,1.5112,-14.5344,-0.909091,-0.111028,1.06319,1.41667,39.4583,0,0,47.4167,9.79167,0,-11.5469,0.0001,-0.00149979,0.140694,1.61241,0.126437,56534,0.106188,43.89,0.112795
359,0.307672,0.25092,0.0235767,0.0226019,0.550096,0.274802,0.814206,0.272512,0.0333046,0.0617292,0.0212572,0.207325,0.0132307,0,0.191912,0.0531406,5.70557,0.0924249,0.299657,0.111149,0.741971,6.26051,0.91035,0.923611,0.0943604,0.584892,0.330293,0.221924,0.106726,0.106726,0,0,-0.00400615,0.0562883,0.902139,0.701884,0.0185605,0.0340593,-0.000728486,-0.0017799,0.482728,0.0175203,-8.52905,-12.3581,19.4463,0.494486,1.50487,-14.1164,-0.909091,-0.110832,1.07885,1,38.9583,0,0,43.9583,7.70833,0,-11.5425,0.0001,-0.00155654,0.147241,1.58498,0.125876,57459,0.106226,44.02,0.118361
360,0.311958,0.25461,0.0232429,0.0222255,0.553198,0.275088,0.812124,0.278042,0.0335469,0.0604055,0.0214913,0.207805,0.0131317,0,0.195139,0.0548802,5.69413,0.0925128,0.300881,0.111285,0.739193,6.26576,0.910038,0.924693,0.0936963,0.587567,0.335416,0.222343,0.116076,0.116076,0,0,-0.00395131,0.0566846,0.903895,0.702456,0.0187244,0.0341447,-0.000242188,-0.00137424,0.487257,0.0178095,-8.48101,-11.7239,19.3623,0.497656,1.49488,-14.4564,-0.909091,-0.113142,1.09343,1.70833,40.5833,0,0,46.8333,10.0833,0,-11.5365,0.0001,-0.00173735,0.139032,1.59533,0.123632,57188,0.106289,44.67,0.149063
361,0.30995,0.253857,0.0234292,0.0224292,0.554131,0.275761,0.814508,0.274489,0.0334767,0.061262,0.0213948,0.208063,0.013349,0,0.193421,0.0536609,5.66637,0.0921419,0.299994,0.11136,0.743427,6.26189,0.910262,0.924089,0.0938855,0.584017,0.330765,0.222043,0.112293,0.112293,0,0,-0.00397668,0.0560579,0.903495,0.70171,0.0187167,0.0341799,-0.000181926,-0.00135037,0.489081,0.017682,-8.31194,-12.0555,19.3938,0.496837,1.5046,-14.2432,-0.909091,-0.112331,1.0919,1.375,39.7083,0,0,45.9583,8,0,-11.5289,0.0001,-0.00180063,0.142338,1.62116,0.126032,56263,0.106332,44.06,0.122184
362,0.315748,0.260453,0.0233539,0.0223632,0.557848,0.282446,0.813322,0.281933,0.0330631,0.0614998,0.0211334,0.207119,0.0132037,0,0.193675,0.0562172,5.67131,0.0914183,0.299978,0.110415,0.746719,6.2757,0.91266,0.924333,0.092358,0.574357,0.337818,0.221564,0.11308,0.11308,0,0,-0.00401462,0.0549153,0.903809,0.706061,0.0183906,0.0337113,-0.000213884,-0.00137531,0.489053,0.0173957,-8.38013,-12.1585,19.2539,0.499315,1.49275,-14.216,-0.909091,-0.11354,1.11854,1,39.5833,0,0,45.875,8.91667,0,-11.5242,0.0001,-0.00185231,0.136923,1.61792,0.126025,56368,0.106381,43.32,0.152923
363,0.312951,0.256552,0.0233413,0.0223766,0.558875,0.279323,0.813744,0.27867,0.0335649,0.0594515,0.0215059,0.207913,0.013018,0,0.194337,0.0549227,5.67987,0.0902937,0.301255,0.110441,0.74542,6.28472,0.911802,0.924374,0.0927248,0.581734,0.335642,0.222718,0.10852,0.10852,0,0,-0.00390816,0.0551482,0.905605,0.702263,0.0187257,0.0340971,-0.000378927,-0.00152305,0.487499,0.0178506,-8.56952,-11.4298,19.2002,0.500768,1.49378,-14.6758,-0.909091,-0.113428,1.10412,1.125,36.125,0,0,46.625,8.66667,0,-11.5172,0.0001,-0.00155438,0.140489,1.61578,0.128658,56352,0.106437,45.44,0.151278
364,0.317642,0.261875,0.0231348,0.0220214,0.559224,0.282013,0.813693,0.286343,0.0331146,0.0599951,0.0212284,0.206983,0.0131079,0,0.195598,0.0574156,5.66919,0.0904696,0.301398,0.109588,0.744975,6.29969,0.913806,0.925043,0.0919363,0.568311,0.342586,0.222154,0.131197,0.131197,0,0,-0.00394465,0.055347,0.905911,0.706777,0.0184384,0.0336471,-0.000152172,-0.00130741,0.491206,0.0175898,-8.46043,-11.6503,19.0296,0.504063,1.47666,-14.5879,-0.909091,-0.114622,1.12668,1.41667,37.75,0,0,46.9583,10.7083,0,-11.5116,0.0001,-0.00157269,0.136802,1.65901,0.129448,54965,0.106471,44.3,0.413
365,0.318146,0.261178,0.0231776,0.022233,0.560555,0.282587,0.813434,0.281887,0.0334153,0.0595665,0.0214232,0.206333,0.0131395,0,0.194345,0.0554214,5.66908,0.0902024,0.299334,0.110109,0.74763,6.28911,0.913132,0.924904,0.0921678,0.574746,0.33909,0.221172,0.101803,0.101803,0,0,-0.00392014,0.0552118,0.90633,0.703059,0.0186649,0.0339429,-0.00014288,-0.00132743,0.489753,0.0177606,-8.46133,-11.413,19.1283,0.502146,1.48446,-14.6459,-0.909091,-0.114521,1.12357,1.08333,35.8333,0,0,46.5,8.45833,0.0416667,-11.5089,0.0001,-0.00155039,0.140339,1.60991,0.124372,56682,0.106492,45.11,0.175582
366,0.316881,0.261067,0.0229754,0.0218289,0.560226,0.280045,0.813146,0.283907,0.0334968,0.0587683,0.0215077,0.206314,0.0131206,0,0.196134,0.0560484,5.65687,0.0900661,0.300999,0.110525,0.748273,6.29222,0.914327,0.92556,0.091195,0.573442,0.340475,0.221131,0.123947,0.123947,0,0,-0.00391015,0.0554909,0.907337,0.704036,0.0186642,0.0339213,-0.000116612,-0.00123187,0.492779,0.0178378,-8.5351,-11.1281,19.0622,0.503816,1.4698,-14.8361,-0.909091,-0.115445,1.12358,1.25,35.4583,0,0,49.2917,9.875,0,-11.5055,0.0001,-0.00156728,0.132288,1.60449,0.124503,56856,0.106531,46.82,0.295229
367,0.320308,0.263103,0.0229607,0.0219171,0.565189,0.28223,0.814418,0.284973,0.0332248,0.0590913,0.0213424,0.205689,0.0131119,0,0.196665,0.0565493,5.66905,0.0889289,0.300433,0.109816,0.751645,6.29668,0.914154,0.925607,0.0912064,0.568602,0.34191,0.221431,0.117309,0.117309,0,0,-0.00393323,0.052867,0.906817,0.705792,0.0185171,0.0336812,-0.000270918,-0.00135846,0.491251,0.017651,-8.58956,-11.3542,19.0773,0.502553,1.46469,-14.6744,-0.909091,-0.116489,1.13415,1.125,35.0833,0,0,46.2917,9.5,0.0416667,-11.5013,0.0001,-0.00181113,0.137949,1.61416,0.129652,56372,0.106564,44.68,0.0907335
368,0.316772,0.258698,0.0230095,0.0220409,0.562316,0.278574,0.81447,0.282243,0.033607,0.058513,0.0215836,0.205746,0.0130934,0,0.195553,0.0557327,5.6758,0.0889284,0.300219,0.110258,0.749544,6.29792,0.914525,0.925449,0.0911521,0.572807,0.340503,0.221081,0.110353,0.110353,0,0,-0.00389882,0.0532745,0.907182,0.703388,0.0187273,0.0340446,-0.000229666,-0.00135257,0.491039,0.0178552,-8.58034,-11.0344,19.1787,0.501418,1.47383,-14.8276,-0.909091,-0.115498,1.11529,1.08333,36.2917,0,0,48.6667,9.08333,0.0416667,-11.4977,0.0001,-0.00161485,0.132656,1.58565,0.125524,57448,0.106586,44.41,0.110861
369,0.32187,0.267622,0.0228521,0.0216709,0.560966,0.285698,0.814157,0.291428,0.0327986,0.0588957,0.0210914,0.20229,0.0130199,0,0.194661,0.0583321,5.64958,0.089233,0.297897,0.109132,0.75453,6.30764,0.915477,0.925959,0.0902089,0.568192,0.347231,0.218389,0.128344,0.128344,0,0,-0.00395048,0.0520075,0.90671,0.710395,0.0182438,0.0332416,-0.000508195,-0.00153298,0.489552,0.0174401,-8.72998,-11.4736,18.8505,0.507796,1.44917,-14.6868,-0.909091,-0.116156,1.15284,1.45833,34.875,0,0,46,10.4583,0,-11.495,0.0001,-0.00172354,0.136204,1.58236,0.124284,57600,0.106622,45.05,0.336479
370,0.323405,0.268422,0.022891,0.0215935,0.564231,0.286774,0.815083,0.290225,0.0330064,0.0590462,0.0212155,0.205543,0.0129186,0,0.196936,0.0580899,5.63324,0.0885321,0.300406,0.109263,0.753546,6.30754,0.914825,0.925833,0.0903092,0.565314,0.345249,0.221182,0.136251,0.136251,0,0,-0.00393942,0.0536549,0.906799,0.70943,0.0183399,0.0334572,-0.00013814,-0.00124636,0.493058,0.0174665,-8.55489,-11.4151,18.9905,0.504729,1.45939,-14.6344,-0.909091,-0.116804,1.15916,0.875,35.75,0,0,46.25,9.83333,0,-11.4895,0.0001,-0.00171103,0.141223,1.65431,0.121415,55360,0.10667,44.97,0.264313
371,0.324729,0.26891,0.0227009,0.0214753,0.567037,0.285886,0.814025,0.292819,0.032896,0.0581393,0.0211865,0.204463,0.0128467,0,0.197842,0.058821,5.65674,0.0872809,0.300326,0.108276,0.753464,6.32469,0.917182,0.926449,0.0891707,0.560291,0.348571,0.220371,0.13149,0.13149,0,0,-0.00390597,0.0527308,0.908427,0.711046,0.0182862,0.0332448,-0.000179691,-0.00126833,0.494072,0.0175115,-8.6438,-11.0468,18.7905,0.509343,1.44479,-14.8886,-0.909091,-0.118111,1.15972,1.125,34.375,0,0,47,10.0833,0,-11.484,0.0001,-0.00181657,0.134407,1.60916,0.129327,56545,0.106708,45.44,0.205838
372,0.326671,0.273129,0.0226131,0.0212833,0.567709,0.28881,0.814816,0.295677,0.0326534,0.0587349,0.0210198,0.203579,0.0130124,0,0.198221,0.0594031,5.6312,0.0870813,0.299657,0.108784,0.757027,6.32432,0.91782,0.926733,0.0887403,0.549797,0.350742,0.219913,0.13925,0.13925,0,0,-0.00394489,0.0514265,0.908146,0.713288,0.0181206,0.0330552,-4.12429e-05,-0.00110895,0.495947,0.0172878,-8.55617,-11.3457,18.7676,0.509007,1.43822,-14.6798,-0.909091,-0.118743,1.17924,1.41667,35.6667,0,0,45.9583,10.9167,0,-11.4794,0.0001,-0.00157452,0.138268,1.64185,0.127666,55554,0.106752,45.67,0.278004
373,0.32868,0.273643,0.0226697,0.0214624,0.56656,0.290336,0.815286,0.296512,0.032252,0.0598256,0.0207151,0.202961,0.012846,0,0.197183,0.0598548,5.62109,0.086751,0.299152,0.108018,0.758916,6.32063,0.917296,0.92655,0.0883922,0.548844,0.352665,0.219255,0.1314,0.1314,0,0,-0.0039958,0.0517223,0.907071,0.716616,0.0178446,0.032741,-0.000156349,-0.00120546,0.494968,0.0169625,-8.49973,-11.8163,18.725,0.510293,1.43705,-14.4442,-0.909091,-0.118326,1.18126,0.583333,34.9167,0,0,42.7917,10.875,0,-11.4742,0.0001,-0.0015154,0.141876,1.58291,0.118697,57771,0.106787,45.32,0.272234
374,0.333451,0.279038,0.0224354,0.0210884,0.568942,0.293839,0.814859,0.304581,0.0318154,0.059808,0.0204901,0.203169,0.012791,0,0.199641,0.062358,5.61767,0.0866463,0.301077,0.106779,0.757832,6.34606,0.919282,0.927309,0.0866234,0.534958,0.359109,0.219669,0.145629,0.145629,0,0,-0.00400917,0.0522438,0.907962,0.721614,0.0175679,0.0322114,3.1e-05,-0.00105681,0.49709,0.016804,-8.51634,-11.7917,18.4788,0.515195,1.41597,-14.5161,-0.909091,-0.119879,1.20511,1.16667,35.625,0,0,45.625,11.8333,0,-11.4721,0.0001,-0.00161747,0.136182,1.62207,0.126647,56215,0.106792,46.77,0.468509
375,0.326634,0.275292,0.0224763,0.0211819,0.56708,0.289268,0.815033,0.302909,0.032252,0.0585721,0.0207597,0.200634,0.0127321,0,0.197247,0.0615062,5.61037,0.0874183,0.29921,0.107508,0.761257,6.33982,0.919024,0.927177,0.0869355,0.542238,0.353059,0.217397,0.149945,0.149945,0,0,-0.00396487,0.0513228,0.908601,0.718511,0.0177733,0.0325854,-0.000275413,-0.0012232,0.49699,0.0170309,-8.6744,-11.4086,18.5546,0.513449,1.41996,-14.7393,-0.909091,-0.119425,1.1891,1,33.6667,0,0,45.6667,10.9167,0,-11.4708,0.0001,-0.00152815,0.133684,1.60104,0.128764,56829,0.106829,43.72,0.199629
376,0.331936,0.278625,0.022397,0.0209901,0.570582,0.292627,0.814594,0.303083,0.032365,0.0578792,0.0208801,0.201561,0.0126926,0,0.198844,0.0616856,5.62635,0.0862316,0.299233,0.107242,0.763249,6.34441,0.918901,0.927434,0.0874768,0.549033,0.357095,0.218584,0.142243,0.142243,0,0,-0.00392689,0.0514777,0.909665,0.716567,0.0178976,0.0326354,-5.03181e-05,-0.00111642,0.496739,0.0171766,-8.63567,-11.1113,18.5809,0.511976,1.41979,-14.8923,-0.909091,-0.120337,1.20326,1.66667,33.625,0,0,47.4583,9.79167,0,-11.4646,0.0001,-0.0017897,0.136514,1.58887,0.119125,57555,0.106877,46.95,0.545644
377,0.328079,0.270192,0.0225836,0.0214749,0.570267,0.287084,0.816041,0.295418,0.0319533,0.0599813,0.020557,0.202325,0.0126382,0,0.197705,0.0594939,5.63307,0.0875317,0.299465,0.107331,0.760982,6.3337,0.919477,0.926829,0.0870059,0.544854,0.35376,0.219185,0.129853,0.129853,0,0,-0.00402703,0.0497384,0.907313,0.719145,0.0176429,0.0324109,-0.000321111,-0.00132577,0.49535,0.0168051,-8.552,-11.8875,18.6522,0.511314,1.42292,-14.4321,-0.909091,-0.119128,1.16896,1.08333,36.25,0,0,44.7917,10.6667,0,-11.46,0.0001,-0.00170046,0.135778,1.60764,0.12666,56682,0.106909,46.15,0.284253
378,0.331362,0.276113,0.0224191,0.02106,0.57181,0.290088,0.815965,0.301112,0.0320163,0.058935,0.0206268,0.202444,0.0126511,0,0.199441,0.0613485,5.62952,0.086199,0.300394,0.106697,0.76283,6.34554,0.919922,0.927362,0.0867923,0.540343,0.356686,0.219339,0.147071,0.147071,0,0,-0.00398506,0.0505922,0.908656,0.71985,0.0176659,0.0323696,-0.000358776,-0.00137032,0.49378,0.0168904,-8.63368,-11.5246,18.554,0.513033,1.41231,-14.6385,-0.909091,-0.120552,1.19543,1.25,33.625,0,0,44.125,11,0,-11.4581,0.0001,-0.00157373,0.138466,1.59932,0.123272,57067,0.106911,45.76,0.240855
379,0.3353,0.280307,0.0222626,0.0207865,0.573002,0.292902,0.815456,0.306896,0.0313965,0.0592834,0.0202387,0.200971,0.0126574,0,0.19998,0.0630931,5.59342,0.0855667,0.299949,0.10574,0.765806,6.36004,0.921703,0.927869,0.0852522,0.538499,0.361951,0.218356,0.164771,0.164771,0,0,-0.00402343,0.0498535,0.908868,0.725214,0.0172986,0.0317551,-0.000217034,-0.00124431,0.495925,0.016556,-8.61814,-11.846,18.3144,0.518392,1.39466,-14.5081,-0.909091,-0.121486,1.21266,1.20833,35.375,0,0,45.4167,12.0833,0,-11.4576,0.0001,-0.00181477,0.137966,1.57614,0.119005,57991,0.106934,47.95,0.741131
380,0.334056,0.27889,0.0222784,0.0209268,0.572198,0.291372,0.81523,0.306676,0.0313358,0.0594571,0.0201883,0.200996,0.0126128,0,0.200042,0.0631478,5.59551,0.0852097,0.300564,0.105632,0.765816,6.36329,0.922095,0.927818,0.0854295,0.525158,0.360857,0.218483,0.148422,0.148422,0,0,-0.00404079,0.0500071,0.908207,0.725068,0.0173061,0.031727,-0.00039113,-0.0013986,0.495235,0.0164985,-8.67171,-11.8958,18.3609,0.517447,1.39554,-14.4259,-0.909091,-0.121342,1.20659,1.29167,35.1667,0,0,43,11.375,0,-11.4547,0.0001,-0.00177833,0.1381,1.58222,0.121623,57695,0.106945,46.74,0.500876
381,0.334793,0.281573,0.0222154,0.0208345,0.571818,0.294513,0.816419,0.310392,0.0313428,0.0598882,0.0201822,0.199711,0.0127534,0,0.198539,0.0638894,5.58315,0.0842425,0.299015,0.105676,0.769554,6.3566,0.921532,0.928022,0.0851665,0.527157,0.363717,0.216606,0.153816,0.153816,0,0,-0.00407876,0.048851,0.908156,0.725334,0.0172663,0.0317695,-0.000142673,-0.00119876,0.495104,0.0164152,-8.51584,-12.0674,18.3749,0.517008,1.4026,-14.3262,-0.909091,-0.121429,1.22012,1.54167,36.1667,0,0,43.1667,10.0833,0,-11.4549,0.0001,-0.0014953,0.136122,1.58552,0.1261,57433,0.10695,47.51,0.3562
382,0.339769,0.286844,0.0219665,0.0204887,0.575558,0.296998,0.815402,0.313909,0.0312231,0.058381,0.0201838,0.199575,0.012668,0,0.201412,0.0647898,5.57228,0.0833245,0.300163,0.104981,0.768532,6.37456,0.922721,0.928828,0.0842045,0.522806,0.367233,0.217257,0.163653,0.163653,0,0,-0.00401597,0.0494683,0.910011,0.728195,0.0172433,0.031496,-8.59316e-05,-0.00111035,0.498346,0.016536,-8.65809,-11.6011,18.1295,0.523117,1.3765,-14.6274,-0.909091,-0.123448,1.24246,1.79167,32.9583,0,0,42.625,12.7083,0,-11.4553,0.0001,-0.0017105,0.136298,1.65184,0.120558,55463,0.106938,47.45,0.534166
383,0.340317,0.286843,0.02198,0.0203731,0.576567,0.296277,0.816281,0.316958,0.030677,0.0590407,0.0198073,0.197741,0.012526,0,0.200037,0.0661823,5.53693,0.0820325,0.29921,0.104083,0.773825,6.38815,0.923571,0.928785,0.0835586,0.516265,0.370583,0.215575,0.175479,0.175479,0,0,-0.00408875,0.0471175,0.909914,0.732701,0.0168245,0.0309716,-0.000260165,-0.00123284,0.496619,0.0160794,-8.67657,-11.9613,17.9853,0.524715,1.36542,-14.4374,-0.909091,-0.123758,1.24268,1.125,34.0833,0,0,42.7917,12.75,0,-11.457,0.0001,-0.00168478,0.141589,1.63931,0.119108,55904,0.106944,47.16,0.393512
384,0.341486,0.288745,0.0219464,0.0203713,0.575326,0.29769,0.815318,0.316859,0.0312202,0.0579012,0.0201699,0.19785,0.0127176,0,0.20035,0.0658401,5.53428,0.0809999,0.299396,0.105047,0.772512,6.37402,0.922407,0.928894,0.0842279,0.531079,0.368326,0.215615,0.165395,0.165395,0,0,-0.00401999,0.0484533,0.910497,0.727493,0.0172236,0.0314671,-0.000171162,-0.0011244,0.498524,0.0164685,-8.68878,-11.5309,18.1321,0.52107,1.37378,-14.6286,-0.909091,-0.123751,1.24948,0.958333,32.7917,0,0,42.5833,11.9583,0,-11.4559,0.0001,-0.00179367,0.138019,1.62053,0.123414,56368,0.106955,47.38,0.663176
385,0.352353,0.301499,0.0215231,0.0197626,0.581167,0.306279,0.814639,0.330555,0.0300381,0.0583227,0.0194573,0.195848,0.0123742,0,0.202677,0.0700614,5.49186,0.0795277,0.299443,0.102449,0.77534,6.41022,0.926087,0.930265,0.0811074,0.502339,0.381813,0.213943,0.185399,0.185399,0,0,-0.00408439,0.0472629,0.912016,0.73893,0.01645,0.0302299,0.000133982,-0.000870865,0.503154,0.0158818,-8.67504,-11.956,17.4981,0.534404,1.33311,-14.5686,-0.909091,-0.127161,1.30397,1.33333,31.25,0,0,41.2083,14.5833,0,-11.4533,0.0001,-0.00194212,0.133447,1.63519,0.121064,55973,0.107003,47.04,0.527973
386,0.342127,0.293021,0.0216608,0.0199722,0.575031,0.298696,0.8149,0.325785,0.0300849,0.0591171,0.0194498,0.195524,0.012654,0,0.20093,0.0684335,5.4724,0.0803293,0.299347,0.102934,0.775563,6.39464,0.924784,0.9298,0.0822242,0.508268,0.373618,0.213365,0.189818,0.189818,0,0,-0.00414768,0.0467665,0.909682,0.73716,0.0165418,0.0304112,-0.000188675,-0.0011182,0.499438,0.0157819,-8.73905,-12.2825,17.7289,0.530587,1.34678,-14.2798,-0.908517,-0.125277,1.26801,1.54167,33.6667,0,0,39.8333,12.5417,0.0416667,-11.4477,0.0001,-0.00170605,0.137651,1.61649,0.122251,56537,0.107029,47.64,0.577706
387,0.34848,0.29728,0.0214719,0.0196724,0.577574,0.301533,0.814227,0.331102,0.0300513,0.0577886,0.0194849,0.1948,0.0125032,0,0.202235,0.0702171,5.48265,0.0791046,0.29951,0.101965,0.774906,6.40816,0.926233,0.930431,0.0808665,0.499231,0.380815,0.213036,0.20229,0.20229,0,0,-0.00406516,0.0481673,0.911615,0.73944,0.0164868,0.0302362,-1.86843e-05,-0.000979742,0.502083,0.0158946,-8.72267,-11.8505,17.5619,0.532928,1.3347,-14.61,-0.909091,-0.126597,1.28718,1.625,33.3333,0,0,42.7083,14.7083,0.0416667,-11.447,0.0001,-0.00179877,0.140499,1.60238,0.130654,56723,0.107039,47.57,0.417163
388,0.34916,0.297798,0.0215979,0.0198604,0.580022,0.303881,0.816132,0.330338,0.0301897,0.0576493,0.0195518,0.195503,0.0122839,0,0.201694,0.0697537,5.49121,0.0780222,0.29894,0.101617,0.777269,6.41607,0.927109,0.930009,0.0809292,0.495648,0.379854,0.213778,0.189729,0.189729,0,0,-0.00408017,0.0472041,0.911777,0.738408,0.0164966,0.0303353,-0.00024796,-0.00119484,0.498803,0.0158912,-8.81754,-11.7947,17.5798,0.532483,1.33865,-14.6578,-0.90865,-0.126396,1.29267,1.29167,31.4583,0,0,40.625,14.125,0.0416667,-11.4446,0.0001,-0.00159665,0.143954,1.62685,0.12085,56247,0.107073,48.58,0.578103
389,0.350704,0.300174,0.0215031,0.0196094,0.578848,0.304508,0.815209,0.334033,0.0299143,0.0581144,0.0193695,0.195327,0.0124522,0,0.202224,0.0712398,5.47094,0.0773385,0.299543,0.101688,0.777728,6.41204,0.926346,0.93033,0.0800282,0.492792,0.383361,0.213377,0.206284,0.206284,0,0,-0.00412571,0.0465724,0.911366,0.738943,0.016438,0.0301225,-3.86478e-05,-0.00102875,0.499495,0.015762,-8.72126,-12.053,17.5443,0.533268,1.3351,-14.4643,-0.909091,-0.126795,1.30143,1.04167,33.4583,0,0,40.9583,14.4583,0,-11.4402,0.0001,-0.00182771,0.138149,1.58416,0.121116,57646,0.107109,47.35,0.237057
390,0.354528,0.305291,0.0213482,0.0195035,0.583126,0.309056,0.814629,0.337716,0.0295443,0.058134,0.019152,0.194988,0.0123131,0,0.203964,0.0718854,5.4631,0.0773818,0.300346,0.100528,0.7834,6.43517,0.928687,0.930832,0.0790665,0.484257,0.38656,0.213717,0.192443,0.192443,0,0,-0.00411409,0.0471284,0.911678,0.743231,0.016193,0.0297036,-0.000137299,-0.00110298,0.500102,0.0155938,-8.79704,-12.0782,17.3748,0.537216,1.31838,-14.5137,-0.909091,-0.128243,1.32146,1.45833,31.4583,0,0,39.625,14.6667,0,-11.4364,0.0001,-0.00167773,0.141456,1.56621,0.119262,58324,0.107143,49.8,0.607455
391,0.352442,0.299284,0.0214366,0.0196261,0.582123,0.303382,0.814773,0.329489,0.0303873,0.0565846,0.0197055,0.196794,0.0125353,0,0.204651,0.0696297,5.4877,0.0762041,0.300508,0.102243,0.778998,6.41067,0.925668,0.930545,0.0813285,0.506655,0.382977,0.215329,0.186102,0.186102,0,0,-0.00403761,0.0469617,0.912502,0.734718,0.0167531,0.0305213,-0.000159426,-0.00111716,0.498656,0.0161558,-8.89381,-11.4781,17.632,0.530563,1.33496,-14.7955,-0.909091,-0.127786,1.29586,1.58333,31.8333,0,0,43.25,13.5,0,-11.4332,0.0001,-0.00187711,0.136101,1.54084,0.122187,59111,0.107167,49.33,0.657918
392,0.354409,0.305746,0.0212335,0.0191771,0.582077,0.306669,0.81354,0.339623,0.0300956,0.0563758,0.0195478,0.194373,0.0123154,0,0.204426,0.072354,5.45413,0.0757348,0.300044,0.101427,0.782163,6.42273,0.927601,0.931203,0.0791196,0.4922,0.385857,0.213134,0.222859,0.222859,0,0,-0.00405869,0.0471834,0.91304,0.739283,0.0165149,0.0301415,-0.000177325,-0.00108073,0.499584,0.0159779,-8.95105,-11.4869,17.452,0.534603,1.31627,-14.8192,-0.909091,-0.128945,1.32285,1.20833,30.2083,0,0,42.2917,14.2083,0,-11.4307,0.0001,-0.00156875,0.141832,1.56568,0.124999,58144,0.107194,50.64,0.681024
393,0.357088,0.306473,0.0211856,0.0192825,0.584688,0.308927,0.813617,0.340519,0.0298699,0.0567186,0.0194147,0.195219,0.0122494,0,0.205474,0.0727167,5.45202,0.0757608,0.300652,0.100474,0.781489,6.43262,0.928963,0.931359,0.0789338,0.484403,0.390367,0.213744,0.200017,0.200017,0,0,-0.00405699,0.0472055,0.914077,0.741288,0.0163609,0.0299303,0.000109484,-0.000903622,0.502246,0.0158707,-8.75285,-11.5055,17.322,0.537172,1.31475,-14.8407,-0.909091,-0.129386,1.32702,1.33333,30.125,0,0,41.375,14.4583,0,-11.4296,0.0001,-0.00120357,0.142796,1.64112,0.127722,55575,0.10719,48.83,0.672146
394,0.354702,0.30304,0.0212254,0.0194885,0.582954,0.305417,0.814388,0.337613,0.02983,0.0564745,0.0193659,0.194487,0.0122618,0,0.204374,0.0721101,5.42599,0.0740091,0.299687,0.100482,0.781194,6.4301,0.927683,0.93123,0.0791142,0.490296,0.388207,0.213078,0.199659,0.199659,0,0,-0.00405499,0.047837,0.913779,0.74136,0.0163271,0.0299174,-2.01417e-05,-0.000980693,0.500394,0.0157763,-8.752,-11.5879,17.3411,0.535593,1.3195,-14.7932,-0.909091,-0.12891,1.31414,1.20833,30.0833,0,0,40.875,14.0417,0,-11.4308,0.0001,-0.00178857,0.14497,1.66485,0.121412,55033,0.1072,48.48,0.552585
395,0.353559,0.30566,0.0212526,0.019237,0.582875,0.306669,0.814931,0.338203,0.02956,0.0578244,0.019171,0.195456,0.0124258,0,0.204873,0.0721479,5.40934,0.0752256,0.300989,0.100434,0.779552,6.42387,0.92836,0.931141,0.0787283,0.485015,0.385034,0.213784,0.206006,0.206006,0,0,-0.00411748,0.0468543,0.911485,0.742866,0.0162199,0.0297305,-0.000104766,-0.00107125,0.499266,0.0155823,-8.77186,-12.1516,17.3606,0.539841,1.31857,-14.4499,-0.909091,-0.129004,1.3249,1.625,33.875,0,0,41.4167,15.125,0,-11.4282,0.0001,-0.001512,0.139508,1.65788,0.127073,55073,0.107234,48.62,0.575087
396,0.357093,0.309113,0.0211717,0.0191549,0.583721,0.309425,0.813671,0.3417,0.0296077,0.056434,0.0192404,0.194226,0.0122886,0,0.204914,0.0732373,5.42288,0.0739855,0.300332,0.100034,0.782627,6.4364,0.928805,0.931404,0.078779,0.485321,0.389233,0.21286,0.210731,0.210731,0,0,-0.00409121,0.0462258,0.913593,0.743462,0.0162046,0.0296619,-0.00012501,-0.00108289,0.499693,0.015696,-8.87243,-11.6492,17.2418,0.538917,1.31113,-14.7555,-0.909091,-0.129661,1.33824,1.33333,29.0833,0,0,40.3333,14.2083,0,-11.425,0.0001,-0.00151361,0.143116,1.65283,0.128311,55191,0.107257,49.72,0.795633
397,0.357953,0.307318,0.0211589,0.0193274,0.585103,0.309462,0.814734,0.342708,0.0294701,0.0568486,0.0191411,0.194154,0.0122826,0,0.204779,0.0735151,5.43431,0.0736174,0.300467,0.0994632,0.785915,6.44112,0.92989,0.931445,0.0784807,0.482323,0.393199,0.212765,0.198692,0.198692,0,0,-0.00409378,0.0453882,0.913596,0.7428,0.0161657,0.0295597,-9.94519e-05,-0.00111741,0.499477,0.0156025,-8.83026,-11.7707,17.2572,0.538068,1.30763,-14.6769,-0.909091,-0.129716,1.33281,1.33333,32.625,0,0,43.5417,13.7917,0,-11.4238,0.0001,-0.00138369,0.137039,1.67551,0.12058,54732,0.10726,48.08,0.450419
398,0.354768,0.307157,0.0211973,0.0192912,0.583227,0.30821,0.815618,0.342306,0.0293465,0.0567077,0.0190792,0.193932,0.0121809,0,0.205003,0.0734357,5.40187,0.0734202,0.300267,0.0991164,0.782746,6.44475,0.929396,0.931321,0.079229,0.483911,0.389322,0.213158,0.206672,0.206672,0,0,-0.00409293,0.0462999,0.913379,0.745098,0.0160493,0.0293814,-0.000286583,-0.00121991,0.49885,0.0155873,-8.96122,-11.7885,17.1411,0.541498,1.29781,-14.7209,-0.909091,-0.129353,1.33347,0.958333,28.6667,0,0,39.3333,15.125,0.0416667,-11.4242,0.0001,-0.00140176,0.142883,1.65154,0.126067,55301,0.107271,49.01,0.711825
399,0.358951,0.312779,0.0210329,0.0189444,0.58502,0.312491,0.8153,0.350113,0.0294316,0.0562662,0.0191512,0.192887,0.0122831,0,0.204543,0.0758288,5.40099,0.0725192,0.299438,0.0992428,0.783486,6.44971,0.930253,0.931853,0.0778566,0.47082,0.39592,0.211495,0.218134,0.218134,0,0,-0.00410223,0.0455141,0.914121,0.746318,0.0160504,0.029439,-0.000224352,-0.00117313,0.498628,0.0155681,-8.87099,-11.6819,17.0944,0.54262,1.30171,-14.7929,-0.909091,-0.13041,1.35763,1.16667,31.4167,0,0,41.75,15.5,0,-11.4229,0.0001,-0.00163682,0.136637,1.71641,0.130177,53235,0.107289,48.64,0.632205
400,0.358515,0.309942,0.0210142,0.0190233,0.582781,0.309066,0.81425,0.346014,0.0295385,0.0555994,0.0192311,0.191928,0.0122875,0,0.204462,0.0743452,5.40404,0.0718783,0.29888,0.0990532,0.785314,6.4467,0.929531,0.931914,0.0784229,0.480329,0.393416,0.210956,0.216696,0.216696,0,0,-0.00404223,0.0475846,0.914548,0.743131,0.0161973,0.0295104,-0.000266192,-0.00120198,0.497377,0.0157106,-8.95418,-11.4822,17.1329,0.540701,1.2983,-14.8893,-0.909091,-0.130152,1.3446,0.916667,29.125,0,0,41.25,13.5,0,-11.4219,0.0001,-0.00146444,0.139839,1.6439,0.127456,55496,0.107294,48.9,0.595968
401,0.361558,0.311031,0.0208273,0.0187154,0.585638,0.308849,0.813329,0.350245,0.0294712,0.0544007,0.0191969,0.192425,0.0122367,0,0.206403,0.0759313,5.38157,0.0710456,0.300039,0.0988407,0.786673,6.46228,0.930572,0.932519,0.0770234,0.478214,0.398592,0.211282,0.228798,0.228798,0,0,-0.00401573,0.0464689,0.91648,0.744855,0.0161653,0.0293786,6.97844e-05,-0.000940201,0.50252,0.0157996,-8.92091,-11.1507,16.9622,0.544454,1.28126,-15.079,-0.909091,-0.131612,1.34762,0.916667,28,0,0,41.75,16.5,0,-11.4222,0.0001,-0.00150275,0.133677,1.62549,0.12206,56252,0.107304,49.75,0.496561
402,0.360652,0.316571,0.0207576,0.0186694,0.584355,0.312663,0.814293,0.35572,0.0297531,0.0538597,0.0194397,0.190368,0.0121549,0,0.205575,0.0772597,5.37388,0.069984,0.29909,0.0988391,0.787459,6.45764,0.929925,0.932745,0.0777967,0.485638,0.398931,0.209857,0.234965,0.234965,0,0,-0.00401583,0.0449286,0.916806,0.743891,0.0162705,0.0295457,-0.000181966,-0.00108291,0.499405,0.0159772,-9.16271,-10.8332,16.9536,0.543236,1.28529,-15.3143,-0.909091,-0.131844,1.37443,0.916667,26.9583,0,0,43.3333,14.4583,0,-11.4213,0.0001,-0.00135032,0.136039,1.70434,0.125591,53720,0.107312,51.14,0.952918
403,0.360889,0.316268,0.0207365,0.0186007,0.584363,0.312048,0.813892,0.353551,0.0296526,0.0535981,0.0193665,0.190948,0.0121022,0,0.206364,0.0766557,5.36371,0.0707464,0.30005,0.098641,0.788608,6.46606,0.930594,0.932814,0.07756,0.478926,0.39858,0.210407,0.228874,0.228874,0,0,-0.00401139,0.0464979,0.916596,0.74478,0.0162388,0.0294346,-0.000198423,-0.00112469,0.499285,0.0159613,-9.16197,-10.8479,16.9677,0.543285,1.2817,-15.3042,-0.909091,-0.131967,1.3723,1.20833,27.4167,0,0,43.7083,14.75,0,-11.4204,0.0001,-0.00162151,0.135297,1.6688,0.136402,54455,0.107337,49.1,0.742317
404,0.360829,0.315493,0.0207591,0.0185841,0.586019,0.312284,0.814285,0.355269,0.0295036,0.0539996,0.0192511,0.191056,0.0121695,0,0.20618,0.0772149,5.36124,0.0701796,0.299525,0.0987187,0.787974,6.45808,0.930393,0.93274,0.0768104,0.478162,0.400111,0.210468,0.226937,0.226937,0,0,-0.00401616,0.0455237,0.916577,0.745888,0.0161666,0.0293507,-9.34292e-05,-0.00102542,0.500354,0.0158179,-9.01485,-10.9998,16.9181,0.546409,1.28082,-15.1853,-0.909091,-0.132189,1.36924,1.33333,26.75,0,0,41.3333,14.7083,0,-11.4185,0.0001,-0.00152568,0.137308,1.62581,0.134401,55847,0.107343,50.46,0.684513
405,0.365662,0.324878,0.0205111,0.0179932,0.586954,0.317066,0.813514,0.363635,0.0292551,0.0538479,0.0191265,0.190598,0.0121291,0,0.207959,0.0792218,5.324,0.0695047,0.30116,0.0977665,0.789388,6.46989,0.932001,0.933544,0.0760943,0.474793,0.402608,0.209627,0.250097,0.250097,0,0,-0.00402664,0.0447612,0.916707,0.748413,0.0159825,0.0290394,-0.000166231,-0.00107327,0.501067,0.015707,-9.14057,-11.0791,16.7353,0.549635,1.26992,-15.2182,-0.909091,-0.134099,1.40967,1.5,27.6667,0,0,44.1667,14.4167,0,-11.4169,0.0001,-0.00146347,0.132774,1.68947,0.123134,54233,0.107388,49.43,0.681542
406,0.363134,0.31845,0.0206976,0.0185749,0.585293,0.313317,0.814611,0.358049,0.0295602,0.0537315,0.0192947,0.191499,0.012248,0,0.206958,0.0779996,5.35424,0.0694863,0.300228,0.0983636,0.789483,6.45988,0.930892,0.93294,0.0773207,0.476563,0.401592,0.210712,0.238658,0.238658,0,0,-0.00402344,0.0451084,0.916626,0.744325,0.0162088,0.0293869,-0.000183653,-0.00113211,0.498909,0.0158493,-9.08473,-10.99,16.9656,0.54399,1.28133,-15.1876,-0.909091,-0.132594,1.384,1.33333,26.875,0,0,42.75,14.3333,0,-11.4115,0.0001,-0.00149237,0.142282,1.66834,0.131549,54616,0.107415,49.31,0.745682
407,0.366665,0.322794,0.0206798,0.0183497,0.587455,0.318079,0.814659,0.362131,0.0287778,0.055553,0.0187601,0.190994,0.0121853,0,0.206417,0.0793943,5.3422,0.0694794,0.300007,0.0973971,0.792799,6.47347,0.931268,0.932997,0.0762331,0.465026,0.40458,0.209976,0.253619,0.253619,0,0,-0.00410424,0.0448265,0.915333,0.751209,0.015711,0.0286879,-8.37533e-05,-0.00102802,0.49993,0.0153225,-8.92363,-11.7301,16.7339,0.550059,1.27352,-14.8376,-0.909091,-0.132979,1.40031,1.41667,29.2083,0,0,40.875,15.0833,0,-11.4103,0.0001,-0.00152883,0.139606,1.62728,0.128239,55997,0.107438,50.82,0.769277
408,0.36584,0.321511,0.0205813,0.0181583,0.584746,0.315206,0.814926,0.365271,0.0288521,0.0546518,0.0188327,0.189601,0.0121094,0,0.206276,0.080562,5.31918,0.069608,0.299012,0.0971171,0.789187,6.47999,0.932553,0.933317,0.0762285,0.462656,0.406409,0.208656,0.262,0.262,0,0,-0.00407269,0.0449122,0.91611,0.751124,0.0157732,0.0287281,-0.000151674,-0.00108012,0.500559,0.0154826,-9.01193,-11.5093,16.6423,0.552461,1.26832,-14.9865,-0.909091,-0.133086,1.39749,1.41667,27.875,0,0,39.625,16.625,0,-11.4083,0.0001,-0.00145975,0.131737,1.63832,0.121152,55871,0.107448,51.4,0.952859
409,0.363695,0.320762,0.0205402,0.0184796,0.586626,0.314855,0.815946,0.365019,0.0292094,0.0535028,0.0191094,0.189639,0.0121516,0,0.206733,0.0800813,5.29877,0.0687668,0.3,0.0972845,0.791997,6.47881,0.932193,0.93345,0.0760778,0.469998,0.405224,0.209059,0.26426,0.26426,0,0,-0.00402481,0.0448121,0.917939,0.748569,0.0159712,0.0289411,-8.91763e-05,-0.00102036,0.501132,0.0157373,-9.02032,-10.9185,16.679,0.551184,1.26224,-15.3005,-0.909091,-0.133497,1.39794,1.29167,26.375,0,0,42.4167,16.4167,0,-11.4086,0.0001,-0.00137638,0.137446,1.70291,0.130902,53606,0.107453,49.31,0.718854
410,0.368744,0.326678,0.0204302,0.0178966,0.58836,0.318007,0.814049,0.367539,0.0291065,0.0531687,0.0190455,0.190717,0.012069,0,0.209412,0.0810459,5.31409,0.0685537,0.301764,0.0973937,0.792295,6.48317,0.932193,0.933806,0.075625,0.467872,0.40848,0.210429,0.259458,0.259458,0,0,-0.00401153,0.0445648,0.918097,0.749949,0.0159317,0.0288157,-0.00013818,-0.00100959,0.501926,0.015759,-9.12222,-10.9144,16.5861,0.551771,1.25749,-15.3361,-0.909091,-0.134823,1.41863,1.5,26.0833,0,0,42.5833,17.5417,0.0416667,-11.4076,0.0001,-0.0016339,0.129777,1.66896,0.130508,54629,0.107474,49.48,0.740033
411,0.367107,0.326935,0.0204479,0.0180206,0.586653,0.319533,0.815432,0.369313,0.0287275,0.0543182,0.0187908,0.189929,0.0119995,0,0.207874,0.0815498,5.30378,0.068446,0.300847,0.0965922,0.794127,6.48259,0.932924,0.933749,0.075503,0.465723,0.408991,0.209279,0.252518,0.252518,0,0,-0.0040891,0.0443554,0.916778,0.751892,0.0157258,0.0285434,-0.00013912,-0.0010954,0.499864,0.0154415,-9.04022,-11.3711,16.5957,0.553457,1.2565,-15.065,-0.909091,-0.134085,1.42278,1.20833,26.2083,0,0,39.0417,15.0833,0,-11.407,0.0001,-0.00169794,0.136636,1.6632,0.120758,55104,0.107459,50.75,0.67763
412,0.371371,0.332194,0.0202253,0.0177092,0.588622,0.321537,0.814865,0.378009,0.0287361,0.0527688,0.0188426,0.188484,0.0120055,0,0.209343,0.0840945,5.28345,0.0675942,0.30075,0.0963039,0.794173,6.49646,0.93326,0.93447,0.0745325,0.452878,0.41494,0.208554,0.287673,0.287673,0,0,-0.00403333,0.0442365,0.919354,0.753253,0.0157018,0.0283469,4.97524e-05,-0.000824731,0.505128,0.0156192,-9.12023,-10.9168,16.2817,0.558766,1.24139,-15.4092,-0.909091,-0.135931,1.44455,1.91667,26.6667,0,0,43.1667,17.7083,0,-11.4084,0.0001,-0.00160393,0.134294,1.68867,0.126066,54169,0.107475,52.51,0.895744
413,0.369492,0.327428,0.0203188,0.017835,0.586884,0.317603,0.815215,0.372688,0.028866,0.0530976,0.0188942,0.187199,0.0120592,0,0.207163,0.0822331,5.28916,0.0673715,0.299444,0.0969243,0.796208,6.49658,0.933599,0.934167,0.0745564,0.454464,0.412521,0.206983,0.267224,0.267224,0,0,-0.00403448,0.0446072,0.918514,0.751867,0.0157829,0.0285494,-3.29262e-05,-0.000957868,0.501787,0.0156268,-9.10475,-11.0034,16.4258,0.556816,1.25143,-15.2973,-0.909091,-0.134954,1.42552,1.375,24.8333,0,0,40.9583,15.9583,0,-11.4055,0.0001,-0.00138907,0.135449,1.68361,0.127769,54270,0.107503,50.33,1.007
414,0.369441,0.326345,0.02034,0.0178784,0.589347,0.318125,0.814702,0.372917,0.0291306,0.0520249,0.0190825,0.188412,0.0120163,0,0.20793,0.0829184,5.29594,0.0667813,0.299895,0.0968563,0.795066,6.49457,0.933039,0.934098,0.0749311,0.459208,0.413086,0.208328,0.272151,0.272151,0,0,-0.00400398,0.0446135,0.919573,0.749576,0.0159369,0.0287545,-0.000100851,-0.000997877,0.501686,0.0158035,-9.12421,-10.635,16.4891,0.553774,1.24954,-15.5062,-0.909091,-0.135201,1.41898,1.125,24.1667,0,0,42.5833,16.7917,0,-11.4048,0.0001,-0.00157434,0.130244,1.65185,0.126904,55265,0.107491,50.33,0.574113
415,0.368792,0.330223,0.0202,0.0177529,0.586064,0.318666,0.814593,0.378651,0.0285213,0.0529527,0.0186905,0.18735,0.0121018,0,0.208009,0.0840817,5.24652,0.0666687,0.29971,0.0960223,0.794277,6.49791,0.933525,0.934552,0.074349,0.455219,0.414807,0.207032,0.277229,0.277229,0,0,-0.00405521,0.0446575,0.918693,0.755515,0.0155853,0.0282031,4.65409e-07,-0.000918918,0.502152,0.0153963,-9.05172,-11.1049,16.2655,0.560679,1.24084,-15.2647,-0.909091,-0.135528,1.43688,1.41667,26.2917,0,0,41.3333,16.7083,0,-11.4081,0.0001,-0.00147365,0.126203,1.66623,0.125583,54862,0.10748,49.02,0.706812
416,0.367968,0.330323,0.0202614,0.0177572,0.585633,0.320212,0.816529,0.379239,0.0282339,0.0540043,0.0184752,0.18659,0.0121326,0,0.206637,0.0840333,5.23113,0.0658583,0.299093,0.0953094,0.797289,6.50216,0.934752,0.934353,0.0738107,0.449471,0.415326,0.205991,0.281025,0.281025,0,0,-0.00410358,0.0445443,0.918077,0.756331,0.0154039,0.0280045,4.96834e-05,-0.000903263,0.50282,0.0151045,-8.88223,-11.461,16.3558,0.557888,1.24259,-15.0029,-0.909091,-0.135009,1.44057,1.66667,27.7917,0,0,39.5833,16.75,0.0416667,-11.41,0.0001,-0.00166083,0.130519,1.67492,0.132029,54403,0.107468,49.92,0.739361
417,0.371216,0.331378,0.0202329,0.017881,0.590034,0.321271,0.81624,0.377411,0.0286911,0.0531565,0.0187914,0.188161,0.0121556,0,0.20857,0.0837173,5.25471,0.0648811,0.300333,0.0963462,0.795057,6.49189,0.933575,0.934445,0.0741981,0.452503,0.415812,0.207802,0.270573,0.270573,0,0,-0.00405168,0.0432827,0.918967,0.753888,0.0156605,0.0283933,7.70159e-05,-0.000821231,0.504433,0.0154019,-8.95597,-11.0666,16.3722,0.557319,1.24979,-15.2362,-0.909091,-0.136149,1.4445,1.625,25.6667,0,0,39.9583,17.2083,0,-11.4109,0.0001,-0.00158984,0.133336,1.66985,0.13421,54490,0.107483,51.48,0.967986
418,0.37275,0.332064,0.0202195,0.0175549,0.588518,0.321964,0.816678,0.377679,0.0286317,0.0532038,0.018741,0.188524,0.012173,0,0.208871,0.0840348,5.24746,0.0654307,0.300009,0.0961845,0.794439,6.49662,0.934047,0.934489,0.0741369,0.448032,0.41621,0.208139,0.286685,0.286685,0,0,-0.00404214,0.0459882,0.919004,0.753852,0.0156736,0.028345,0.000259106,-0.0007189,0.504589,0.0154434,-8.90179,-11.0717,16.3503,0.558793,1.248,-15.2314,-0.909091,-0.13569,1.44945,1.79167,26.2917,0,0,39.4583,17.625,0.0416667,-11.4101,0.0001,-0.00155099,0.13409,1.61104,0.121097,56752,0.107483,51.13,1.03372
419,0.373405,0.334768,0.0201869,0.0176229,0.591773,0.32467,0.816642,0.379644,0.0288781,0.0513856,0.0189487,0.187683,0.0119804,0,0.208665,0.0847711,5.24333,0.0641562,0.30018,0.095855,0.797856,6.50495,0.934339,0.934595,0.0739536,0.451662,0.416069,0.207571,0.281802,0.281802,0,0,-0.0039916,0.0437354,0.92095,0.752011,0.0157821,0.0284328,0.000177278,-0.000768071,0.504331,0.0156747,-9.07477,-10.4798,16.3122,0.556731,1.23965,-15.5792,-0.909091,-0.136674,1.46053,1.875,24.5417,0,0,42.375,16,0,-11.4108,0.0001,-0.00151594,0.130628,1.70546,0.128503,53601,0.107489,50.56,0.85288
420,0.371715,0.334434,0.0201822,0.01751,0.588936,0.322673,0.818156,0.383541,0.0286083,0.0528674,0.0187476,0.187238,0.011985,0,0.208483,0.0859245,5.24927,0.0651724,0.299745,0.095929,0.797667,6.50826,0.934793,0.93461,0.0736134,0.446831,0.417353,0.207171,0.289839,0.289839,0,0,-0.00404671,0.0437198,0.91924,0.754683,0.0156501,0.0282759,5.95277e-05,-0.000847458,0.504243,0.0154678,-8.97991,-11.0057,16.3302,0.55916,1.23655,-15.2862,-0.909091,-0.136203,1.46162,1.29167,25.0833,0,0,40.0417,17.625,0,-11.4094,0.0001,-0.00139797,0.132721,1.62875,0.129928,55896,0.107518,48.79,0.776433
421,0.372748,0.332676,0.0201293,0.017568,0.588597,0.321177,0.817342,0.380699,0.0287418,0.0520207,0.0188731,0.187256,0.0119687,0,0.208667,0.0850528,5.23416,0.063985,0.299872,0.0955713,0.796151,6.50114,0.933942,0.934781,0.0737638,0.451403,0.417996,0.206979,0.285139,0.285139,0,0,-0.00401453,0.04433,0.921016,0.754739,0.0156694,0.028304,0.000257188,-0.000675088,0.505736,0.0155456,-8.92994,-10.6188,16.2459,0.559215,1.23437,-15.5121,-0.909091,-0.136445,1.45465,1.5,24.5,0,0,41.5,18.8333,0,-11.4067,0.0001,-0.00139426,0.135964,1.61174,0.125451,56588,0.107529,51.56,0.777548
422,0.375954,0.336495,0.0201528,0.0172779,0.593174,0.324218,0.817529,0.380745,0.0284524,0.0530724,0.0186404,0.189726,0.0119634,0,0.21114,0.0853769,5.25237,0.0641252,0.301574,0.0955443,0.795606,6.50225,0.934179,0.934705,0.0731879,0.441821,0.418631,0.209552,0.293359,0.293359,0,0,-0.00405197,0.0443272,0.919617,0.755843,0.0155462,0.0281135,0.000378346,-0.000608069,0.505474,0.0153429,-8.87906,-11.0645,16.2446,0.560855,1.24204,-15.2675,-0.909091,-0.13737,1.46951,1.875,25.375,0,0,39.7917,17.0417,0,-11.4078,0.0001,-0.00156223,0.132222,1.65389,0.122925,55325,0.107526,51.51,0.97721
423,0.380505,0.342401,0.0200391,0.0172709,0.59506,0.329655,0.81793,0.388331,0.0282644,0.0521633,0.0185712,0.188053,0.0118072,0,0.210744,0.0875393,5.21869,0.0638799,0.300664,0.0945337,0.800261,6.52262,0.935071,0.935073,0.0729852,0.445436,0.424195,0.208352,0.299719,0.299719,0,0,-0.00403033,0.0437324,0.920974,0.758619,0.0154056,0.02782,0.000215462,-0.00071966,0.505803,0.0153255,-8.97855,-10.8296,16.0269,0.56463,1.22364,-15.4585,-0.909091,-0.138285,1.49588,1.45833,23.7083,0,0,39.9167,18.25,0,-11.4084,0.0001,-0.00157289,0.138082,1.61429,0.125193,56513,0.107526,52.67,1.3368
424,0.376293,0.336228,0.0200345,0.0174514,0.593467,0.322605,0.817765,0.383342,0.0287397,0.051731,0.0188853,0.188569,0.0119515,0,0.211075,0.0854532,5.21426,0.0635609,0.301332,0.0954389,0.799552,6.50954,0.934595,0.935088,0.0733926,0.444236,0.419284,0.208413,0.294987,0.294987,0,0,-0.00400151,0.0438059,0.921401,0.753891,0.0156964,0.0282396,0.000302338,-0.000613747,0.505844,0.0156502,-9.01044,-10.561,16.1483,0.56153,1.2285,-15.6004,-0.909091,-0.138253,1.47069,1.16667,23.625,0,0,42.375,17.9583,0,-11.4104,0.0001,-0.00158814,0.127981,1.63329,0.127365,55833,0.107512,52.57,0.895804
425,0.375416,0.334465,0.0200768,0.0175795,0.592935,0.322809,0.818585,0.381734,0.0283026,0.0531913,0.0185601,0.187415,0.0120491,0,0.209407,0.0850881,5.20636,0.0633008,0.300139,0.0952813,0.798383,6.50943,0.935099,0.934951,0.0724657,0.437636,0.419926,0.207058,0.289768,0.289768,0,0,-0.00407845,0.0440726,0.919893,0.758348,0.0154358,0.027947,0.000301665,-0.000632749,0.50721,0.0152388,-8.85707,-11.1208,16.1268,0.564459,1.23077,-15.2336,-0.909091,-0.137645,1.46299,1.70833,25.125,0,0,39.3333,18.125,0,-11.4135,0.0001,-0.00154639,0.13028,1.67805,0.122876,54585,0.107496,52.99,1.04385
426,0.370408,0.335027,0.0200412,0.0175289,0.588496,0.321976,0.818396,0.386982,0.0284913,0.0520008,0.018715,0.185719,0.0119284,0,0.208244,0.0866225,5.17448,0.0632239,0.298596,0.0948955,0.799312,6.51733,0.935068,0.935052,0.0730134,0.444239,0.418993,0.205532,0.305687,0.305687,0,0,-0.00401823,0.045783,0.921034,0.75708,0.0155526,0.0280304,0.000293183,-0.000641131,0.505859,0.0154699,-8.92251,-10.7536,16.072,0.564192,1.22756,-15.4991,-0.908635,-0.136978,1.46632,1.45833,24.3333,0,0,40.7083,18.875,0.0416667,-11.4163,0.0001,-0.0012585,0.125359,1.64416,0.127085,55499,0.107484,52.12,0.744648
427,0.380369,0.347367,0.0198164,0.0168954,0.594149,0.330941,0.818443,0.397318,0.0281553,0.0515924,0.018528,0.184931,0.0117477,0,0.210301,0.0899871,5.18082,0.062358,0.299817,0.0942114,0.801805,6.5371,0.937025,0.935795,0.0718095,0.433723,0.426571,0.205261,0.328824,0.328824,0,0,-0.00403878,0.0428163,0.921895,0.760745,0.0153075,0.0276122,0.000289234,-0.000603604,0.508141,0.015359,-9.03878,-10.726,15.8271,0.569487,1.21104,-15.598,-0.909091,-0.139652,1.52146,1.75,22.625,0,0,40.1667,18.625,0,-11.4173,0.0001,-0.00170022,0.125212,1.67935,0.129372,54350,0.107511,53.13,1.11437
428,0.378269,0.343174,0.0198874,0.0170813,0.592287,0.329308,0.817426,0.395288,0.0283061,0.0514905,0.0185953,0.186648,0.0118127,0,0.210829,0.0893145,5.20054,0.0618419,0.30016,0.0942183,0.803003,6.53186,0.936927,0.935565,0.0719029,0.436095,0.426178,0.206839,0.311249,0.311249,0,0,-0.00399702,0.0455494,0.922421,0.758641,0.0153974,0.0277964,0.000486189,-0.000515557,0.507409,0.0153687,-8.89725,-10.5915,15.9883,0.564765,1.21576,-15.5937,-0.909091,-0.138583,1.50046,1.16667,22.8333,0,0,40.5833,18.5833,0,-11.4141,0.0001,-0.00161915,0.129072,1.63443,0.129117,55742,0.107525,52.56,1.23006
429,0.375431,0.335831,0.0199153,0.0173843,0.589927,0.321627,0.818912,0.387111,0.028024,0.0527261,0.0183907,0.185431,0.0119687,0,0.20921,0.0869033,5.16551,0.0626553,0.29946,0.0944358,0.799622,6.5243,0.936367,0.935474,0.0716784,0.433271,0.424275,0.205349,0.296746,0.296746,0,0,-0.0040811,0.0448653,0.920515,0.761177,0.0152386,0.0276351,0.000276934,-0.000643242,0.506474,0.0150774,-8.81962,-11.1208,15.9995,0.566549,1.22372,-15.2656,-0.909091,-0.137973,1.47157,1.45833,25.875,0,0,39.25,18.7083,0,-11.4143,0.0001,-0.00151946,0.128192,1.74738,0.122471,52573,0.107541,51.74,0.872046
430,0.380011,0.341372,0.0198889,0.0169796,0.594288,0.326409,0.818581,0.389517,0.0282877,0.0517261,0.0185866,0.186706,0.0119289,0,0.210848,0.0874095,5.16964,0.0623675,0.30087,0.0946749,0.801766,6.52082,0.935982,0.93556,0.0720359,0.437693,0.424045,0.206641,0.301762,0.301762,0,0,-0.00404277,0.0445133,0.921592,0.757944,0.015477,0.0278188,0.000258734,-0.000665341,0.505439,0.0153888,-8.88833,-10.7646,15.985,0.565939,1.21879,-15.4796,-0.909091,-0.139217,1.49494,1.45833,24.6667,0,0,40.8333,17.125,0,-11.4122,0.0001,-0.00125652,0.129712,1.66459,0.130505,54762,0.107561,50.68,1.00777
431,0.37947,0.345625,0.0198241,0.0169685,0.594242,0.32993,0.818998,0.398206,0.0286545,0.0502752,0.0188489,0.187419,0.0118212,0,0.212006,0.0905277,5.1524,0.0613631,0.30125,0.0948792,0.804571,6.53029,0.936534,0.93577,0.0720256,0.436865,0.42768,0.207585,0.334642,0.334642,0,0,-0.00395334,0.0449082,0.923172,0.754946,0.0156687,0.0280914,0.000413142,-0.000547678,0.507699,0.0156679,-8.90212,-10.2395,16.0785,0.562518,1.22039,-15.7489,-0.909091,-0.139437,1.51583,1.75,23,0,0,41.4583,18.0833,0,-11.4108,0.0001,-0.00145142,0.127804,1.64699,0.128738,55359,0.107575,50.55,0.976578
432,0.375204,0.335833,0.0199506,0.0172269,0.590834,0.323282,0.819231,0.386769,0.0286262,0.0511061,0.0188102,0.185364,0.0118995,0,0.208703,0.087241,5.17149,0.061249,0.298598,0.0950844,0.802767,6.52795,0.936608,0.93536,0.0721033,0.436319,0.424623,0.205542,0.29682,0.29682,0,0,-0.00399836,0.045672,0.922184,0.755676,0.0156205,0.0281216,0.000253453,-0.000676397,0.505956,0.015497,-8.8631,-10.4352,16.163,0.560951,1.22682,-15.6147,-0.909091,-0.137693,1.47355,1.5,23.5417,0,0,41.5833,18.0833,0.0416667,-11.4102,0.0001,-0.00130746,0.125209,1.66546,0.122621,54977,0.10759,50.34,0.781435
433,0.377692,0.343047,0.0198452,0.0170459,0.59335,0.327667,0.819447,0.394804,0.0288243,0.0502344,0.0189521,0.186185,0.011758,0,0.210919,0.0892653,5.16525,0.0622072,0.300006,0.0952997,0.80276,6.52704,0.936693,0.935702,0.0718867,0.43566,0.425633,0.206511,0.314229,0.314229,0,0,-0.00397877,0.0447788,0.922864,0.754925,0.0157374,0.0282165,0.000231124,-0.000637653,0.507191,0.0157462,-9.03752,-10.1258,16.0645,0.563641,1.21685,-15.8304,-0.909091,-0.139193,1.5051,1.33333,21.3333,0,0,41.875,18.25,0,-11.4092,0.0001,-0.00135939,0.126612,1.68188,0.129316,54275,0.107609,51.09,1.13463
434,0.382249,0.350912,0.0196476,0.0161948,0.59392,0.331658,0.819698,0.404593,0.0279932,0.0511574,0.018431,0.185003,0.0118161,0,0.211832,0.0922615,5.12711,0.0624071,0.300508,0.0937582,0.803502,6.54379,0.938094,0.936342,0.07082,0.42384,0.431229,0.204999,0.347669,0.347669,0,0,-0.00403791,0.0447326,0.922942,0.762475,0.0152164,0.0273939,0.000426122,-0.000487161,0.508961,0.0152558,-8.89745,-10.6354,15.7252,0.571715,1.20083,-15.6086,-0.909091,-0.140775,1.54028,1.33333,22.6667,0,0,40.4583,19.0417,0,-11.4068,0.0001,-0.00137287,0.123652,1.61641,0.127943,56355,0.107642,52.58,1.13932
435,0.385222,0.349895,0.0197089,0.0168315,0.597252,0.332563,0.818777,0.399896,0.0283246,0.0500743,0.0186727,0.186176,0.0116865,0,0.212202,0.0907157,5.14063,0.0602446,0.300978,0.0938321,0.805368,6.54204,0.936719,0.936143,0.0713421,0.431654,0.431297,0.206344,0.319708,0.319708,0,0,-0.00400838,0.043392,0.924152,0.759263,0.0154251,0.027662,0.000220011,-0.000695871,0.505164,0.0155067,-8.99084,-10.2035,15.8094,0.567846,1.20403,-15.8502,-0.909091,-0.140831,1.53387,0.916667,21.375,0,0,42.7083,18.5417,0,-11.4033,0.0001,-0.0013917,0.128143,1.67277,0.128174,54584,0.107675,52.52,1.15515
436,0.377539,0.344321,0.0198699,0.0170086,0.592884,0.32898,0.81923,0.396248,0.0281846,0.0517003,0.0185185,0.185652,0.0119475,0,0.209882,0.0900277,5.14285,0.0620366,0.299369,0.0946126,0.802273,6.5267,0.936474,0.935622,0.0718047,0.433951,0.427172,0.205492,0.317282,0.317282,0,0,-0.00405552,0.0441009,0.921767,0.759277,0.0153727,0.0276954,0.00024651,-0.000676033,0.505323,0.0152841,-8.85331,-10.8056,15.9552,0.567041,1.21734,-15.4409,-0.909091,-0.138903,1.50815,1.54167,24,0,0,40.3333,18.375,0.0416667,-11.4001,0.0001,-0.00140842,0.122548,1.70061,0.129931,53702,0.107701,52.01,1.1363
437,0.382381,0.349101,0.0196719,0.016612,0.594606,0.331583,0.818573,0.402497,0.02848,0.0497861,0.0187919,0.185431,0.011776,0,0.211934,0.0920043,5.13343,0.0604942,0.300743,0.0940848,0.803604,6.5401,0.937171,0.936263,0.0714434,0.436532,0.43278,0.205748,0.3298,0.3298,0,0,-0.0039766,0.0438537,0.92463,0.75767,0.0155281,0.0277818,0.000239572,-0.000659538,0.506428,0.0156574,-8.98548,-10.0437,15.7639,0.569023,1.20854,-15.9684,-0.909091,-0.14042,1.52983,1.41667,21,0,0,42.2917,17.9167,0,-11.3976,0.0001,-0.0015198,0.128557,1.67489,0.127057,54554,0.107728,52.23,1.08021
438,0.382633,0.34789,0.0197309,0.0165916,0.59599,0.330268,0.819115,0.398252,0.0282106,0.0509612,0.0185666,0.186221,0.0117841,0,0.21206,0.090383,5.12903,0.061545,0.300893,0.0943676,0.803131,6.53783,0.937078,0.936072,0.071415,0.433793,0.42803,0.206235,0.335763,0.335763,0,0,-0.00401699,0.0439942,0.923181,0.760571,0.0153223,0.0276021,0.000332101,-0.000597105,0.506483,0.0153549,-8.90317,-10.4809,15.8138,0.570263,1.2071,-15.6784,-0.909091,-0.140594,1.52546,1.83333,22.4167,0,0,42.75,18.5833,0,-11.3948,0.0001,-0.00148271,0.128044,1.68642,0.125302,54260,0.107755,51.82,1.11439
439,0.380518,0.345666,0.019783,0.0168504,0.593801,0.328608,0.819876,0.395915,0.0279813,0.0519248,0.0183943,0.185068,0.0118383,0,0.210412,0.0896375,5.14352,0.0619409,0.299146,0.0938779,0.803698,6.53823,0.936881,0.935903,0.070863,0.426974,0.429475,0.204985,0.315494,0.315494,0,0,-0.00405516,0.043374,0.922434,0.761108,0.0152202,0.0274398,0.000236408,-0.000671532,0.506036,0.0152083,-8.83718,-10.8253,15.7693,0.570518,1.20686,-15.4995,-0.909091,-0.139804,1.51737,1.33333,21.9167,0,0,38.7917,18.4167,0,-11.3924,0.0001,-0.00137891,0.128483,1.66291,0.125339,54972,0.107782,50.96,0.992363
440,0.384473,0.351344,0.0196844,0.0165499,0.598531,0.333567,0.819079,0.399231,0.0281907,0.0507755,0.0185715,0.186319,0.0117043,0,0.212595,0.0906081,5.14186,0.0611151,0.301368,0.0938113,0.804418,6.54253,0.938007,0.936207,0.0706621,0.431424,0.43011,0.206522,0.323174,0.323174,0,0,-0.00403148,0.0432377,0.923476,0.76029,0.0153312,0.0275553,0.000113017,-0.000781817,0.505121,0.015382,-8.98773,-10.3932,15.8135,0.568971,1.19956,-15.7238,-0.908623,-0.141249,1.53983,1.58333,22.2917,0,0,43.125,18.375,0.0416667,-11.3907,0.0001,-0.0015339,0.123235,1.63209,0.128469,55836,0.107801,50.78,0.96418
441,0.383253,0.350378,0.019575,0.0163487,0.595601,0.331277,0.819609,0.402537,0.0280861,0.0506529,0.0185196,0.184459,0.0117206,0,0.211734,0.0917719,5.11769,0.0603742,0.299497,0.0936057,0.80391,6.5502,0.938754,0.936577,0.0703555,0.42503,0.434653,0.204586,0.327918,0.327918,0,0,-0.00401062,0.0435824,0.924068,0.761417,0.0152853,0.0274346,0.000350995,-0.000570785,0.508249,0.015337,-8.85983,-10.4281,15.7121,0.571905,1.1985,-15.7253,-0.909091,-0.141241,1.53871,1.625,21.9167,0,0,40.5,18.9167,0,-11.3891,0.0001,-0.00150138,0.124485,1.60981,0.127337,56589,0.107825,52.46,1.06467
442,0.383843,0.350406,0.0196992,0.0165392,0.596721,0.332276,0.820198,0.404577,0.0276325,0.0517353,0.0182114,0.184412,0.0117316,0,0.211113,0.0926553,5.09789,0.0603394,0.298498,0.0925876,0.804237,6.55292,0.938605,0.936174,0.0706073,0.41938,0.43342,0.20489,0.346431,0.346431,0,0,-0.00406573,0.0435019,0.923525,0.766085,0.014957,0.027018,0.000282525,-0.00062412,0.50745,0.0150153,-8.77787,-10.8035,15.5787,0.575167,1.19188,-15.5466,-0.909091,-0.140925,1.53899,1.5,23.125,0,0,40.3333,19.7917,0,-11.3872,0.0001,-0.00137967,0.123785,1.629,0.120777,56180,0.107844,52.36,1.32672
443,0.385551,0.354819,0.0195471,0.0164078,0.594577,0.334428,0.819178,0.407634,0.0280218,0.0509855,0.0184713,0.184785,0.0117567,0,0.212063,0.0929229,5.09866,0.0596816,0.299783,0.0936031,0.806581,6.54303,0.937901,0.936667,0.0700047,0.424758,0.43458,0.204535,0.334532,0.334532,0,0,-0.00404187,0.0448999,0.923956,0.761902,0.015247,0.0273941,0.000443012,-0.000495976,0.508178,0.0152403,-8.75955,-10.4985,15.7467,0.571196,1.19862,-15.6576,-0.909091,-0.1414,1.55592,1.33333,22.5833,0,0,40.6667,18.5,0,-11.3861,0.0001,-0.00143563,0.130778,1.62294,0.123892,56275,0.107865,50.96,1.2345
444,0.382272,0.346078,0.0197157,0.0168129,0.595502,0.329139,0.819165,0.400414,0.0278239,0.0520347,0.0183171,0.185352,0.0118045,0,0.211084,0.0915096,5.10818,0.0596713,0.298988,0.093313,0.803609,6.54413,0.937386,0.936121,0.0705046,0.427603,0.433315,0.20529,0.321348,0.321348,0,0,-0.00407145,0.0443625,0.923251,0.764228,0.0150697,0.0272343,0.000344577,-0.000597353,0.50653,0.0150532,-8.66767,-10.8203,15.6808,0.573124,1.20564,-15.5014,-0.909091,-0.140409,1.5175,1.5,23.4583,0,0,39.375,18.0833,0,-11.3846,0.0001,-0.00136621,0.126885,1.63282,0.128123,55824,0.107881,52.96,1.12427
445,0.383322,0.353727,0.0194848,0.0163045,0.593958,0.332376,0.818544,0.411431,0.0277474,0.0510816,0.0182962,0.183935,0.0116183,0,0.212365,0.0946985,5.0926,0.0592267,0.299528,0.0928923,0.804451,6.56216,0.938928,0.936869,0.069777,0.414769,0.437476,0.203943,0.354333,0.354333,0,0,-0.0040426,0.0448629,0.924419,0.765435,0.0150546,0.0270818,0.000534204,-0.000412515,0.509106,0.0151301,-8.72429,-10.5201,15.5486,0.576422,1.19324,-15.6743,-0.909091,-0.141697,1.55173,1.25,21.8333,0,0,40.4167,18.7083,0,-11.3852,0.0001,-0.00143413,0.126016,1.62691,0.122389,56196,0.107877,52.51,1.04083
446,0.381336,0.348509,0.0196705,0.0164976,0.595104,0.330093,0.819654,0.402321,0.0283777,0.0502066,0.0186962,0.186321,0.0117953,0,0.212472,0.0915746,5.10789,0.0599659,0.300212,0.0938329,0.802913,6.53969,0.937591,0.936268,0.0709028,0.42998,0.430565,0.206295,0.341807,0.341807,0,0,-0.00400847,0.0445198,0.924462,0.758364,0.0154748,0.0277081,0.000297317,-0.000593847,0.506217,0.0155211,-8.82882,-10.2371,15.7835,0.569645,1.20302,-15.8185,-0.909091,-0.140728,1.53027,1.41667,21.2917,0,0,41.375,18.6667,0,-11.3872,0.0001,-0.00132624,0.123379,1.67608,0.128937,54461,0.107871,52.17,1.17584
447,0.385555,0.352162,0.019462,0.0163647,0.597349,0.331627,0.819382,0.406993,0.0281627,0.0504938,0.0185716,0.184268,0.0117256,0,0.212578,0.0929875,5.10736,0.0590909,0.299544,0.0935309,0.806929,6.55092,0.939535,0.936943,0.0689974,0.412087,0.436351,0.204178,0.339673,0.339673,0,0,-0.00403424,0.0434006,0.924805,0.762232,0.015288,0.0274654,0.000488262,-0.000431359,0.509009,0.0153287,-8.73717,-10.2554,15.6876,0.573065,1.19674,-15.8075,-0.909091,-0.142428,1.54643,1.875,22.7917,0,0,41.5,19.5417,0.0833333,-11.3888,0.0001,-0.00152217,0.130399,1.63724,0.129295,55647,0.107871,52.24,0.865307
448,0.381507,0.344458,0.0195648,0.0166384,0.595122,0.325286,0.818795,0.402525,0.0284745,0.0493854,0.0187885,0.185067,0.0117066,0,0.212495,0.0920895,5.12411,0.0589446,0.299918,0.094003,0.805981,6.5513,0.937995,0.93661,0.0709313,0.42881,0.434858,0.205325,0.330717,0.330717,0,0,-0.00398228,0.0442352,0.925672,0.758605,0.0155062,0.0277316,0.000262424,-0.000626017,0.506631,0.0156337,-8.83741,-9.85208,15.7912,0.568714,1.20043,-16.0079,-0.909091,-0.141307,1.51309,1.20833,20.1667,0,0,42.6667,17.75,0,-11.3892,0.0001,-0.00140131,0.126299,1.71328,0.126006,53446,0.107874,53.58,1.06881
449,0.381567,0.35074,0.0195801,0.0165054,0.595809,0.330653,0.821113,0.402143,0.0286485,0.0490916,0.0189004,0.18533,0.0116403,0,0.2127,0.0918298,5.10009,0.0599749,0.299836,0.0940186,0.80648,6.5441,0.938298,0.936561,0.0708791,0.428325,0.43261,0.205619,0.32411,0.32411,0,0,-0.00396325,0.0441604,0.926015,0.756961,0.0156054,0.0278911,0.000249996,-0.000629063,0.507009,0.0157459,-8.80222,-9.74687,15.8533,0.566508,1.19873,-16.0676,-0.909091,-0.141572,1.54408,1.375,19.5,0,0,41.7917,18.0833,0,-11.3894,0.0001,-0.00134789,0.127737,1.71782,0.127344,53276,0.107887,52.49,0.909562
450,0.385765,0.355142,0.0194116,0.0161454,0.596143,0.331969,0.820776,0.408934,0.0281958,0.0499687,0.0186164,0.184456,0.0116037,0,0.213581,0.093882,5.08126,0.0595988,0.299999,0.0933573,0.803285,6.55913,0.93831,0.937106,0.0694869,0.41796,0.43584,0.204507,0.360411,0.360411,0,0,-0.00401333,0.0438567,0.925698,0.762737,0.0152639,0.0274131,0.000363658,-0.000515626,0.508025,0.0154615,-8.75453,-10.0834,15.5467,0.576171,1.19019,-15.9917,-0.909091,-0.142871,1.56363,1.625,20.5833,0,0,42.5,20,0.0416667,-11.3877,0.0001,-0.00145166,0.127023,1.7185,0.133229,53087,0.107907,53.7,1.29466
451,0.383666,0.352871,0.0194672,0.0163464,0.596938,0.331599,0.820875,0.408769,0.0280842,0.0504308,0.0185216,0.184059,0.0116197,0,0.212528,0.0936219,5.1013,0.0593218,0.299899,0.0930981,0.808247,6.56004,0.939586,0.936926,0.069108,0.419394,0.436007,0.204151,0.345049,0.345049,0,0,-0.00404191,0.0429364,0.925267,0.762989,0.015234,0.0273647,0.000310791,-0.000562269,0.508603,0.0153094,-8.72721,-10.2258,15.6235,0.57445,1.18904,-15.8263,-0.909091,-0.142424,1.553,1.33333,20.875,0,0,40.9583,19.0417,0,-11.3848,0.0001,-0.0013148,0.125041,1.68215,0.128436,54293,0.107941,52.1,1.06357
452,0.384957,0.353518,0.0194251,0.0161963,0.597724,0.33174,0.820298,0.409609,0.0283039,0.0498185,0.0186818,0.184796,0.0117081,0,0.213575,0.0938917,5.10172,0.0596293,0.299902,0.0936923,0.806303,6.5579,0.939391,0.937063,0.0697907,0.42082,0.435938,0.205011,0.352187,0.352187,0,0,-0.00400024,0.0439896,0.925847,0.761357,0.0153694,0.0275198,0.00044466,-0.000479076,0.509444,0.0155395,-8.74774,-9.98756,15.6481,0.572965,1.19182,-15.9838,-0.909091,-0.142747,1.55705,1.375,20.875,0,0,43.4583,18.375,0,-11.381,0.0001,-0.00147559,0.127087,1.68945,0.129886,54032,0.107974,51.16,0.91636
453,0.386494,0.354461,0.0195599,0.0161671,0.597731,0.334158,0.82173,0.405716,0.0279361,0.0510224,0.0184042,0.184518,0.0116264,0,0.212041,0.0927908,5.10036,0.0593975,0.299619,0.0931843,0.80697,6.55437,0.939102,0.936626,0.0700504,0.419401,0.434753,0.204447,0.346769,0.346769,0,0,-0.00406003,0.0433478,0.924741,0.763797,0.0151356,0.0272765,0.000419977,-0.000514375,0.507602,0.0151729,-8.60672,-10.4678,15.7116,0.5716,1.19268,-15.657,-0.909091,-0.14204,1.56136,1.45833,21.625,0,0,41.5417,18,0.0416667,-11.378,0.0001,-0.00160065,0.131417,1.65981,0.126722,55025,0.108004,51.45,1.10423
454,0.387959,0.354184,0.019569,0.0161724,0.600515,0.334428,0.822076,0.407087,0.0282615,0.0504214,0.0186408,0.186357,0.0116877,0,0.213684,0.0937458,5.1012,0.0596363,0.300682,0.0936843,0.80589,6.55077,0.93859,0.936596,0.0704914,0.423798,0.436971,0.20658,0.348133,0.348133,0,0,-0.00403114,0.0432779,0.9254,0.760972,0.0153241,0.0275347,0.000269816,-0.000629308,0.505737,0.0154147,-8.64216,-10.1269,15.7619,0.570607,1.20039,-15.8713,-0.909091,-0.142502,1.56146,1.33333,21.75,0,0,42.3333,18.3333,0,-11.3756,0.0001,-0.00155807,0.126838,1.63441,0.132187,55645,0.108029,52.48,1.10232
455,0.384471,0.352235,0.0195198,0.0165589,0.597978,0.331744,0.821747,0.405472,0.0283523,0.0499802,0.0187125,0.184566,0.0115272,0,0.212428,0.0928311,5.09944,0.0594273,0.299497,0.0934531,0.805834,6.55755,0.938715,0.93674,0.0704549,0.422362,0.435266,0.204762,0.332693,0.332693,0,0,-0.00402526,0.0423248,0.926099,0.76112,0.0153387,0.0275766,0.000240052,-0.000646196,0.506403,0.0154727,-8.7485,-9.93609,15.6863,0.571652,1.19447,-15.9967,-0.908592,-0.14226,1.55235,1.54167,19.9167,0,0,42.9167,18.3333,0.0416667,-11.3746,0.0001,-0.00136768,0.126057,1.75177,0.122411,52451,0.108032,53.33,1.14413
456,0.386803,0.353802,0.0195411,0.0162407,0.60057,0.333944,0.821865,0.405294,0.0281889,0.0502661,0.0186082,0.185178,0.0115827,0,0.212847,0.0928339,5.10423,0.0591083,0.299337,0.0930825,0.806491,6.55413,0.938757,0.936687,0.0699782,0.419465,0.435943,0.205184,0.342501,0.342501,0,0,-0.00403052,0.0424575,0.926072,0.761003,0.0153037,0.0274274,0.000402927,-0.000534392,0.506145,0.0154183,-8.59937,-10.1593,15.6648,0.571821,1.19318,-15.887,-0.909091,-0.142672,1.55974,1.33333,20.7083,0,0,41.4167,18.125,0,-11.3751,0.0001,-0.00129925,0.124576,1.71463,0.127348,53368,0.108057,52.46,0.892003
457,0.385502,0.358789,0.0193113,0.0159252,0.595687,0.335306,0.821668,0.418132,0.0286607,0.0480345,0.0189854,0.183026,0.01158,0,0.213257,0.0964148,5.07133,0.0581322,0.299145,0.0934373,0.807126,6.56473,0.939364,0.937431,0.0698078,0.421248,0.440215,0.203571,0.369939,0.369939,0,0,-0.00394594,0.0441618,0.928275,0.760344,0.0155068,0.0276801,0.000231634,-0.000587437,0.508745,0.0157955,-8.9057,-9.23744,15.5425,0.574009,1.17962,-16.4517,-0.909091,-0.143023,1.58382,1.66667,18.5417,0,0,44.4167,20.2917,0,-11.3732,0.0001,-0.00153213,0.121357,1.67399,0.121928,54737,0.10807,52.95,1.04761
458,0.386019,0.355028,0.0195511,0.0162756,0.598606,0.334838,0.822257,0.411149,0.0282877,0.049696,0.0186687,0.184498,0.0115797,0,0.212224,0.0945465,5.08211,0.0589859,0.298616,0.0933773,0.806828,6.55777,0.938779,0.936654,0.0701106,0.418369,0.437536,0.204805,0.359681,0.359681,0,0,-0.00401186,0.0438328,0.926341,0.7605,0.0153705,0.0275252,0.000297897,-0.000608309,0.506699,0.0154487,-8.60854,-9.95498,15.7107,0.571061,1.19133,-15.9572,-0.909091,-0.142114,1.56608,0.958333,20.0417,0,0,40.625,18.8333,0,-11.3747,0.0001,-0.00126631,0.127122,1.66387,0.128014,54860,0.108048,53.1,1.18278
459,0.387701,0.359514,0.0193732,0.015974,0.599298,0.336718,0.82189,0.415639,0.0281449,0.0492739,0.0186153,0.184246,0.0114299,0,0.213897,0.0961557,5.0563,0.0587039,0.300031,0.0926906,0.807607,6.56455,0.939193,0.937231,0.0694375,0.414946,0.440635,0.204591,0.362859,0.362859,0,0,-0.00400784,0.0430746,0.927333,0.763849,0.0152123,0.0272772,0.000347817,-0.000529066,0.507811,0.0154441,-8.68938,-9.83048,15.4474,0.577259,1.18067,-16.1135,-0.909091,-0.143556,1.58448,1,19,0,0,42.2917,20.0417,0,-11.3798,0.0001,-0.00143271,0.128876,1.64011,0.132988,55441,0.108021,54.78,1.41232
460,0.386702,0.356099,0.0193819,0.0161976,0.59848,0.333869,0.822143,0.41356,0.0276141,0.0511807,0.0182189,0.184453,0.0116201,0,0.213569,0.0955313,5.05818,0.0592032,0.299883,0.0926172,0.805822,6.5716,0.940682,0.937203,0.0686228,0.401662,0.440416,0.204303,0.358169,0.358169,0,0,-0.00409148,0.0427453,0.925403,0.767873,0.0149237,0.0269224,0.00046564,-0.000472526,0.509363,0.0149936,-8.47299,-10.564,15.4466,0.580149,1.18159,-15.6526,-0.909091,-0.143296,1.57098,1.91667,22.5833,0,0,39.5417,20.7917,0,-11.3823,0.0001,-0.00149268,0.127513,1.62368,0.121863,56317,0.10803,52.52,1.19985
461,0.386985,0.355104,0.0195343,0.0164701,0.599916,0.334624,0.823289,0.408586,0.0277326,0.0514348,0.0182686,0.184934,0.011541,0,0.212595,0.0937611,5.09119,0.0590559,0.299742,0.0927918,0.806676,6.56253,0.93993,0.936709,0.0695486,0.410628,0.438149,0.204731,0.339194,0.339194,0,0,-0.00411634,0.0416862,0.924688,0.765673,0.014992,0.0271092,0.00026138,-0.000635027,0.507696,0.0149844,-8.49331,-10.6398,15.6225,0.573876,1.19314,-15.5848,-0.909091,-0.142764,1.56735,1.16667,22.5417,0,0,38.4167,18.7917,0.0416667,-11.3813,0.0001,-0.000981027,0.119771,1.70389,0.129754,53611,0.10804,53.98,1.06006
462,0.389872,0.364442,0.0192252,0.015771,0.59801,0.338996,0.822832,0.425485,0.028075,0.0489176,0.0185901,0.182694,0.011473,0,0.213811,0.0988358,5.0535,0.0571856,0.299615,0.0927836,0.809845,6.5782,0.940413,0.93771,0.0688218,0.409691,0.444563,0.203019,0.381248,0.381248,0,0,-0.00400743,0.042372,0.9276,0.765243,0.0151767,0.0271764,0.000294024,-0.000560255,0.508164,0.0154188,-8.72624,-9.78204,15.3752,0.578726,1.17819,-16.1726,-0.909091,-0.144224,1.6094,1.33333,18.875,0,0,43.2083,19.0833,0,-11.3809,0.0001,-0.00136485,0.126287,1.66455,0.131308,54739,0.108054,54.46,1.48633
463,0.388849,0.359882,0.0192365,0.0159486,0.600533,0.334793,0.82214,0.415425,0.0283217,0.0481161,0.0187446,0.18399,0.0114415,0,0.214991,0.0956725,5.02946,0.0577004,0.300769,0.0929254,0.807796,6.5757,0.940496,0.937674,0.0686468,0.41263,0.441225,0.20419,0.356856,0.356856,0,0,-0.00398741,0.042929,0.928373,0.761841,0.0153905,0.0273707,0.000404414,-0.000438471,0.510013,0.0156826,-8.72319,-9.53904,15.4219,0.577383,1.17475,-16.2927,-0.909091,-0.144899,1.58845,1.08333,17.7083,0,0,42.25,20.1667,0,-11.3801,0.0001,-0.00143178,0.120674,1.63947,0.125319,55702,0.108075,53.27,1.12412
464,0.391262,0.362347,0.0193665,0.0159202,0.601141,0.33918,0.822608,0.417181,0.0277307,0.0499595,0.0183163,0.185142,0.0113915,0,0.214626,0.0964958,5.04588,0.058615,0.300369,0.0922067,0.808332,6.57661,0.940964,0.937252,0.0689935,0.40672,0.441462,0.20533,0.370468,0.370468,0,0,-0.00405519,0.0433766,0.926199,0.765708,0.015043,0.0269635,0.000263982,-0.000627692,0.506915,0.0151872,-8.64674,-10.276,15.4402,0.577156,1.17519,-15.8503,-0.909091,-0.144025,1.59816,1.04167,20.4167,0,0,41,20.4583,0,-11.3784,0.0001,-0.00148326,0.123164,1.70484,0.127753,53642,0.108097,52.81,1.13057
465,0.386039,0.358977,0.0193433,0.0160905,0.598131,0.33646,0.823903,0.418674,0.027924,0.0496145,0.0184429,0.183809,0.011483,0,0.21325,0.0970135,5.04554,0.0580996,0.299141,0.0926441,0.808966,6.57322,0.940644,0.937311,0.0687662,0.409294,0.441107,0.203932,0.366354,0.366354,0,0,-0.00404173,0.0442369,0.926866,0.764255,0.0151591,0.0271474,0.000477517,-0.000456698,0.508159,0.01528,-8.52267,-10.0507,15.5177,0.576121,1.17952,-15.9313,-0.908565,-0.143309,1.58922,1.625,20.2083,0,0,40.9167,18.7083,0.0416667,-11.3763,0.0001,-0.00135223,0.119643,1.63253,0.128402,55824,0.10813,52.72,1.30824
466,0.392569,0.362124,0.0192589,0.0159968,0.603401,0.337998,0.822518,0.417956,0.0274987,0.0507038,0.0181675,0.184579,0.0114177,0,0.215241,0.0967268,5.04589,0.0588858,0.300642,0.0921684,0.807201,6.58209,0.941517,0.937601,0.0681672,0.402995,0.442844,0.20473,0.357485,0.357485,0,0,-0.00408976,0.0421584,0.926067,0.769639,0.0148382,0.0267082,0.000327299,-0.000522788,0.510651,0.0150196,-8.60582,-10.4693,15.2669,0.583411,1.16948,-15.786,-0.909091,-0.145189,1.59815,1.58333,20.5417,0,0,39.25,20.875,0,-11.3738,0.0001,-0.0012464,0.121744,1.66082,0.127732,54962,0.108151,52.58,1.01144
467,0.391935,0.362914,0.0192962,0.0160657,0.601533,0.338831,0.82289,0.417687,0.0274342,0.0511672,0.0181189,0.184215,0.0114149,0,0.214178,0.0963037,5.04137,0.0591891,0.299751,0.0917729,0.808066,6.5811,0.941307,0.93748,0.0687382,0.402984,0.442447,0.20397,0.364918,0.364918,0,0,-0.0041038,0.042913,0.92612,0.769442,0.0148099,0.0266645,0.000560817,-0.000388693,0.510034,0.0149145,-8.42335,-10.5224,15.3863,0.579711,1.17356,-15.6914,-0.909091,-0.144579,1.60325,1.5,21.4583,0,0,39.625,19.625,0,-11.3732,0.0001,-0.00131868,0.122894,1.70241,0.120774,53918,0.108172,52.11,1.17569
468,0.392154,0.363116,0.0192899,0.0157484,0.602686,0.338377,0.823225,0.415246,0.0278398,0.050633,0.018394,0.184659,0.0114204,0,0.214767,0.0957864,5.06497,0.058934,0.300139,0.0926883,0.806923,6.57914,0.940679,0.937501,0.0684398,0.400174,0.441443,0.204532,0.360862,0.360862,0,0,-0.00407618,0.0426227,0.926535,0.766649,0.0150249,0.0270049,0.00042628,-0.000453416,0.509078,0.0151922,-8.50128,-10.2578,15.402,0.579761,1.17605,-15.8824,-0.909091,-0.144969,1.60485,1.33333,20.5,0,0,39.9583,20.125,0,-11.3712,0.0001,-0.00137721,0.127868,1.6792,0.126961,54427,0.108199,52.5,1.00881
469,0.393548,0.362895,0.0192653,0.0156342,0.604561,0.3379,0.824148,0.413755,0.0279728,0.0501097,0.0184861,0.185997,0.011583,0,0.216597,0.095293,5.03391,0.0585303,0.301939,0.0930077,0.806332,6.58015,0.941322,0.93758,0.0688173,0.402097,0.440396,0.205916,0.370798,0.370798,0,0,-0.00406086,0.0425701,0.926968,0.766271,0.0150895,0.0271094,0.000390858,-0.000462808,0.509564,0.0152612,-8.51977,-10.071,15.4154,0.579319,1.17649,-15.9801,-0.909091,-0.145616,1.60651,1.29167,19.9583,0,0,40.5833,20.0417,0,-11.3704,0.0001,-0.00135895,0.129908,1.63164,0.127943,55867,0.108209,51.8,0.826368
470,0.392095,0.360006,0.0192931,0.0160696,0.602338,0.335826,0.823416,0.413542,0.0279425,0.0500731,0.0184688,0.185478,0.0114858,0,0.215718,0.0951711,5.06601,0.0586018,0.300688,0.0926992,0.806999,6.57056,0.939912,0.93749,0.0687974,0.412403,0.440891,0.205517,0.346361,0.346361,0,0,-0.00406339,0.0428249,0.926758,0.765862,0.0150695,0.027087,0.000315794,-0.000523378,0.508841,0.0152793,-8.60301,-10.1155,15.4338,0.577066,1.17786,-15.9809,-0.909091,-0.144883,1.59136,1,20.5,0,0,42.25,20,0,-11.3719,0.0001,-0.00137808,0.125019,1.65938,0.125777,55067,0.108197,53.87,1.05403
471,0.389726,0.357711,0.0194337,0.0161381,0.60269,0.336475,0.824944,0.412358,0.0277806,0.0505715,0.0183482,0.186141,0.0115462,0,0.214774,0.0955025,5.06267,0.0579115,0.299861,0.0924943,0.808386,6.57385,0.940721,0.937035,0.0693276,0.407811,0.441426,0.206165,0.350384,0.350384,0,0,-0.0040893,0.0425353,0.926599,0.765872,0.0149828,0.0269915,0.00045255,-0.000505571,0.507246,0.01511,-8.43814,-10.2428,15.4411,0.578671,1.18583,-15.8456,-0.909091,-0.143813,1.58394,1.25,20.6667,0,0,40.75,18.375,0,-11.3749,0.0001,-0.00131591,0.127438,1.62373,0.118911,56410,0.10819,52.53,1.04391
472,0.393408,0.367112,0.0192391,0.0156523,0.60426,0.34202,0.824519,0.420106,0.0278101,0.0499622,0.0184021,0.184281,0.0114431,0,0.21512,0.0970679,5.0573,0.058089,0.300061,0.0926099,0.807385,6.58214,0.940561,0.937665,0.0681056,0.405059,0.443512,0.204443,0.365643,0.365643,0,0,-0.00407824,0.0410128,0.927084,0.768356,0.0149514,0.0269059,0.000263939,-0.000568109,0.508988,0.0152141,-8.6436,-10.1099,15.2719,0.582424,1.17249,-16.027,-0.909091,-0.145499,1.62542,1.04167,19.9167,0,0,40.4167,21.5,0,-11.3763,0.0001,-0.00128673,0.132266,1.58011,0.119598,57835,0.108191,53.76,1.22027
473,0.392927,0.362677,0.0193793,0.0158022,0.603768,0.339553,0.825033,0.418866,0.0279249,0.0504641,0.0184457,0.185977,0.011515,0.000621891,0.215269,0.097477,5.05438,0.058256,0.300285,0.0928833,0.809662,6.57059,0.940383,0.937211,0.06913,0.405839,0.443184,0.205919,0.380762,0.380762,0,0,-0.00407784,0.0421565,0.926788,0.765283,0.0150758,0.0270839,0.000365966,-0.00052539,0.50797,0.0152269,-8.49783,-10.1785,15.431,0.578051,1.18405,-15.9184,-0.909091,-0.144553,1.60812,1.375,20.4583,0,0,41.5,18.75,0.0416667,-11.3772,0.0001,-0.00132317,0.129077,1.57455,0.120111,58008,0.108197,51.13,1.05198
474,0.388078,0.35941,0.019386,0.0159412,0.602145,0.336504,0.82586,0.415543,0.02796,0.0503365,0.018474,0.184837,0.0115018,0,0.214228,0.0961105,5.04721,0.058542,0.299169,0.0928522,0.80949,6.5801,0.941455,0.937189,0.0693644,0.404725,0.441261,0.204976,0.362177,0.362177,0,0,-0.00407953,0.0424876,0.926956,0.766103,0.0150381,0.0271209,0.000281798,-0.0005946,0.507986,0.0151746,-8.5293,-10.075,15.4876,0.576691,1.18323,-15.9654,-0.909091,-0.144082,1.59371,1.54167,20.1667,0,0,41.3333,18.625,0,-11.3769,0.0001,-0.00115301,0.128154,1.60325,0.122376,56967,0.10821,52.63,1.16391
475,0.389613,0.357421,0.019264,0.0161112,0.600241,0.333262,0.824917,0.414034,0.0279056,0.0502678,0.0184352,0.184073,0.0115995,0,0.214184,0.0955331,5.0284,0.0581721,0.298782,0.0927558,0.809113,6.57494,0.941282,0.937585,0.0686602,0.404084,0.44284,0.203782,0.354406,0.354406,0,0,-0.00407539,0.0427038,0.927199,0.766579,0.0150278,0.027045,0.00045139,-0.000426599,0.510272,0.0151925,-8.45022,-10.1353,15.3875,0.579188,1.18066,-15.9537,-0.909091,-0.144481,1.5845,1.20833,20.75,0,0,42.5,19.2917,0,-11.3775,0.0001,-0.00165446,0.127419,1.6254,0.122875,56229,0.108208,52.34,1.10612
476,0.394725,0.363135,0.0193513,0.0159151,0.604545,0.339524,0.825683,0.417723,0.027391,0.0520598,0.0180747,0.185098,0.0114799,0,0.214451,0.0972989,5.06371,0.0591376,0.29909,0.0923268,0.808635,6.57692,0.941074,0.937302,0.0681093,0.39451,0.444506,0.204794,0.365708,0.365708,0,0,-0.00416157,0.0417475,0.925387,0.77038,0.0147128,0.0266515,0.000394405,-0.000512788,0.507581,0.0147947,-8.34085,-10.8027,15.3376,0.581947,1.18202,-15.5556,-0.909091,-0.144903,1.60979,1.79167,22.4167,0,0,39.7917,19.2083,0,-11.3809,0.0001,-0.00126281,0.126743,1.70061,0.124772,53853,0.108185,52.77,1.18069
477,0.394623,0.365646,0.0192733,0.015705,0.604442,0.340993,0.825373,0.418007,0.0275525,0.0510653,0.0182169,0.184751,0.0114742,0,0.215056,0.0967102,5.02685,0.059121,0.299494,0.092198,0.808398,6.58058,0.94089,0.937554,0.0684357,0.399391,0.443561,0.204726,0.369595,0.369595,0,0,-0.00411311,0.0428547,0.92691,0.769232,0.0148257,0.0266966,0.000451334,-0.00046307,0.50897,0.0150103,-8.36204,-10.373,15.3206,0.58127,1.17063,-15.811,-0.909091,-0.145377,1.61938,0.958333,20.25,0,0,39.5417,19.625,0,-11.3835,0.0001,-0.00138146,0.127882,1.72053,0.120482,53396,0.108193,54.62,1.33132
478,0.393428,0.361214,0.0193285,0.0158783,0.603829,0.33838,0.82655,0.415114,0.0274186,0.0515112,0.0181118,0.185109,0.0115405,0,0.214879,0.0959793,5.02516,0.058394,0.29993,0.0920092,0.807562,6.58856,0.941573,0.937376,0.0678307,0.392234,0.443703,0.205132,0.36405,0.36405,0,0,-0.00412541,0.0426369,0.926332,0.771091,0.0147248,0.0265907,0.000332277,-0.000558401,0.508888,0.0148687,-8.33354,-10.5591,15.2811,0.58381,1.17154,-15.706,-0.909091,-0.14473,1.60305,1.29167,21.6667,0,0,40.2083,20.4583,0,-11.3846,0.0001,-0.00137799,0.130227,1.57553,0.119959,57979,0.108169,54.99,1.39009
479,0.396477,0.36639,0.0193585,0.0157174,0.606476,0.342592,0.826895,0.418183,0.0274043,0.0510527,0.0181022,0.185365,0.0114625,0,0.215242,0.0972984,5.01606,0.0579682,0.299903,0.0919433,0.80981,6.58254,0.941744,0.937278,0.0682529,0.39909,0.443894,0.205619,0.384705,0.384705,0,0,-0.00413272,0.0416146,0.926572,0.769103,0.0147914,0.0266352,0.000292299,-0.000605067,0.50747,0.0148714,-8.35781,-10.5426,15.3247,0.582157,1.17777,-15.6888,-0.909091,-0.145386,1.62559,1.5,21.0833,0,0,38.8333,18.8333,0,-11.3898,0.0001,-0.00113695,0.138643,1.56818,0.119075,58262,0.108149,53.53,1.16443
480,0.396669,0.363076,0.0193694,0.0158468,0.60554,0.339122,0.827159,0.414327,0.0272967,0.0517043,0.0180097,0.186054,0.0114912,0,0.215532,0.0962278,5.02099,0.0577192,0.300435,0.0920228,0.80844,6.58092,0.941181,0.937243,0.0682072,0.396579,0.443817,0.205793,0.356443,0.356443,0,0,-0.00416159,0.0425162,0.925985,0.770493,0.0147114,0.026562,0.000401579,-0.000521212,0.507212,0.014776,-8.25981,-10.7246,15.336,0.581997,1.1745,-15.5518,-0.909091,-0.145281,1.6116,1.16667,22.0833,0,0,40.625,20.0833,0,-11.3912,0.0001,-0.00155379,0.128376,1.57573,0.120358,57959,0.108171,54.53,1.42767
481,0.392119,0.360814,0.0191808,0.0156386,0.602174,0.334576,0.826554,0.414002,0.0279835,0.0490909,0.0185138,0.184377,0.0114249,0,0.215664,0.0954667,4.99841,0.0572726,0.299819,0.0924871,0.805055,6.58421,0.941316,0.937854,0.0678661,0.399673,0.442115,0.204261,0.359313,0.359313,0,0,-0.00404507,0.0436309,0.928276,0.766189,0.015086,0.0270271,0.000311015,-0.000524931,0.508495,0.0153339,-8.52454,-9.81783,15.3232,0.58057,1.17106,-16.1341,-0.909091,-0.145696,1.60372,1.54167,18.625,0,0,40.8333,21.3333,0,-11.3903,0.0001,-0.00124556,0.125732,1.60706,0.128452,56642,0.10817,54.57,1.08723
482,0.392676,0.364088,0.0192546,0.0157204,0.60285,0.339799,0.827631,0.420128,0.0278783,0.0493529,0.01844,0.184716,0.0113177,0,0.215294,0.0976992,5.01657,0.0570503,0.299588,0.0922498,0.809479,6.58486,0.941416,0.937615,0.06833,0.399652,0.445713,0.204937,0.371638,0.371638,0,0,-0.00406347,0.0421643,0.928137,0.765653,0.0150702,0.0269621,0.000267879,-0.0006206,0.506733,0.0152844,-8.44634,-9.91908,15.3837,0.578182,1.17162,-16.0469,-0.909091,-0.14499,1.6189,1.25,19,0,0,40.6667,19.9167,0.0416667,-11.3924,0.0001,-0.00133817,0.130311,1.58694,0.124075,57453,0.108178,53.49,1.26808
483,0.394596,0.364949,0.0191318,0.0157077,0.603457,0.337552,0.826423,0.417246,0.0286149,0.0473674,0.0189664,0.185585,0.0113789,0,0.217553,0.0965231,5.00192,0.0566664,0.30041,0.0932207,0.806882,6.57681,0.940193,0.938013,0.0689224,0.407147,0.444518,0.20569,0.358949,0.358949,0,0,-0.00396216,0.0435091,0.930168,0.761385,0.0154611,0.0275494,0.000424984,-0.00041554,0.509336,0.0158281,-8.55081,-9.13407,15.3982,0.576894,1.1772,-16.5349,-0.909091,-0.146371,1.62136,1.20833,17.2917,0,0,44.3333,20.2083,0.0416667,-11.3912,0.0001,-0.00126445,0.126963,1.59965,0.122123,57094,0.108206,55.04,1.02608
484,0.397797,0.367696,0.019203,0.0153587,0.606447,0.341777,0.826918,0.420959,0.0281196,0.0486035,0.0186127,0.185748,0.0113983,0,0.216937,0.098179,4.99974,0.0568775,0.300383,0.0925071,0.807103,6.58538,0.941042,0.937782,0.0683923,0.400231,0.446126,0.205806,0.383014,0.383014,0,0,-0.00402526,0.0428776,0.929079,0.765662,0.0151309,0.0271236,0.000397178,-0.000480702,0.508979,0.0154429,-8.42218,-9.61718,15.3586,0.578699,1.17561,-16.245,-0.909091,-0.146407,1.63471,1,17.875,0,0,41.0417,19.75,0,-11.389,0.0001,-0.00141328,0.130188,1.59181,0.119954,57428,0.108232,52.42,1.23483
485,0.394647,0.365838,0.0191309,0.015519,0.60373,0.339138,0.826783,0.425009,0.0277502,0.0489417,0.0183886,0.183444,0.0113215,0,0.215818,0.0995046,5.00432,0.0564292,0.298446,0.0917965,0.812647,6.58868,0.941461,0.937999,0.0682813,0.402116,0.449323,0.204057,0.39649,0.39649,0,0,-0.00406324,0.0416906,0.928984,0.767336,0.0149849,0.026769,0.00041189,-0.000467132,0.508721,0.0152623,-8.48039,-9.82477,15.2409,0.58062,1.1627,-16.1433,-0.908586,-0.146105,1.62535,1.375,19.0833,0,0,43.0417,19.7917,0.0416667,-11.3887,0.0001,-0.00128322,0.125568,1.57516,0.121555,57937,0.108233,55.04,1.42295
486,0.394835,0.364595,0.0189776,0.015579,0.603686,0.33558,0.826979,0.423084,0.0281089,0.0480973,0.0186327,0.183627,0.011393,0,0.217032,0.0982168,4.957,0.0559065,0.299786,0.0924926,0.8101,6.59904,0.942604,0.938512,0.0673384,0.393607,0.448441,0.203647,0.374108,0.374108,0,0,-0.00402198,0.0424932,0.929745,0.766127,0.0151471,0.0270366,0.000493174,-0.000349312,0.511393,0.0155279,-8.51715,-9.47458,15.2441,0.581,1.16567,-16.3707,-0.909091,-0.14724,1.62297,1.16667,17.1667,0,0,41.2917,19.9167,0,-11.3895,0.0001,-0.00140611,0.123072,1.63315,0.118803,56111,0.108248,55.13,1.1001
487,0.399024,0.369642,0.0191874,0.0155516,0.6094,0.34428,0.828085,0.422542,0.0282533,0.0483087,0.0187106,0.186185,0.0114392,0,0.217718,0.0982693,5.01323,0.056058,0.300371,0.0926424,0.812657,6.58692,0.941719,0.937833,0.0683877,0.402996,0.447838,0.206417,0.370205,0.370205,0,0,-0.0040099,0.0418902,0.930084,0.763069,0.0152759,0.0272457,0.000463356,-0.000421307,0.509187,0.0155523,-8.35099,-9.45147,15.4151,0.576107,1.17392,-16.31,-0.909091,-0.146998,1.64452,1.16667,18.0833,0,0,43.875,19.7917,0,-11.3881,0.0001,-0.00108248,0.117932,1.62409,0.123824,56240,0.108265,54.14,1.57434
488,0.397976,0.372607,0.0189691,0.0151364,0.605608,0.343848,0.82864,0.430869,0.0283566,0.0469557,0.0188241,0.183765,0.0112136,0,0.217236,0.100758,4.98754,0.055655,0.2996,0.0921351,0.81536,6.59332,0.941601,0.93854,0.0677837,0.402788,0.450908,0.204044,0.395013,0.395013,0,0,-0.00398043,0.0418224,0.931555,0.763997,0.0152862,0.0272042,0.000464792,-0.000372564,0.510773,0.0157428,-8.56063,-8.97663,15.269,0.577467,1.15815,-16.6348,-0.909091,-0.147534,1.66156,0.791667,16.0417,0,0,44.625,19.7083,0,-11.3873,0.0001,-0.00119551,0.124953,1.58725,0.119517,57596,0.108279,52.26,1.23384
489,0.40113,0.37199,0.0191612,0.0154467,0.608889,0.346252,0.829523,0.42492,0.0279158,0.0487403,0.0184897,0.185176,0.0112852,0,0.216677,0.0992995,5.00282,0.0562606,0.298876,0.0917747,0.81374,6.59873,0.942126,0.937918,0.0682315,0.399027,0.450375,0.205209,0.371621,0.371621,0,0,-0.00406199,0.0416793,0.930187,0.76724,0.0149717,0.0268904,0.000544944,-0.000387523,0.50942,0.0152976,-8.29404,-9.62996,15.254,0.579796,1.16646,-16.2578,-0.909091,-0.147034,1.65837,1.16667,17.9167,0,0,42,20.6667,0,-11.3864,0.0001,-0.00121228,0.124632,1.58859,0.119053,57566,0.108295,52.47,1.39423
490,0.400759,0.376035,0.018991,0.0151055,0.605936,0.346551,0.829634,0.429888,0.0278239,0.0481434,0.0184544,0.184037,0.0112345,0,0.217698,0.100643,4.9595,0.0556506,0.300194,0.0915219,0.811817,6.59832,0.941989,0.938456,0.0672625,0.393651,0.452434,0.204371,0.389075,0.389075,0,0,-0.00403266,0.0418747,0.930669,0.76886,0.0149266,0.0267448,0.00044447,-0.000398763,0.510149,0.0153164,-8.39361,-9.55376,15.094,0.583123,1.1595,-16.3707,-0.908684,-0.147698,1.67763,1.04167,17.9167,0,0,42.75,19.75,0.0416667,-11.3856,0.0001,-0.00133745,0.128824,1.58826,0.123652,57423,0.108311,53.9,1.2449
491,0.396632,0.367515,0.0191015,0.0155105,0.606015,0.341511,0.829294,0.426264,0.0280751,0.0481904,0.0186042,0.185303,0.011245,0,0.217471,0.100022,4.98293,0.055647,0.300485,0.0919742,0.811287,6.59531,0.942526,0.938111,0.0677756,0.401714,0.451272,0.205503,0.380636,0.380636,0,0,-0.00402114,0.0421296,0.930597,0.76533,0.0151476,0.0270352,0.000426379,-0.000474549,0.508924,0.0154691,-8.32399,-9.40724,15.3306,0.57811,1.16667,-16.3345,-0.909091,-0.146769,1.64052,1.16667,17.5,0,0,42.8333,19.625,0,-11.3854,0.0001,-0.00133706,0.129276,1.6246,0.123174,56245,0.108312,54.88,1.36665
492,0.398399,0.371996,0.0191505,0.0152489,0.607731,0.345363,0.830261,0.425163,0.0282713,0.0478052,0.0187336,0.185343,0.0113301,0,0.217137,0.0994253,4.98328,0.0556488,0.300047,0.0922798,0.813075,6.585,0.941969,0.937952,0.0680567,0.400429,0.447817,0.205814,0.391127,0.391127,0,0,-0.00402982,0.0413188,0.930397,0.763909,0.0152007,0.0271961,0.000217814,-0.000606764,0.507417,0.0155031,-8.45468,-9.31267,15.398,0.575904,1.17131,-16.4031,-0.909091,-0.146851,1.66062,1.25,17.5833,0,0,43.7083,18.9167,0,-11.3872,0.0001,-0.00129401,0.127246,1.57454,0.121999,57943,0.108316,54.65,1.51121
493,0.399064,0.372981,0.0190737,0.0152059,0.606909,0.344289,0.830434,0.427145,0.0278201,0.0491505,0.0184358,0.185351,0.0113062,0,0.218093,0.0999232,4.98201,0.0566079,0.300388,0.0919066,0.810547,6.59771,0.942248,0.938201,0.068001,0.395007,0.449192,0.205501,0.390097,0.390097,0,0,-0.00406874,0.041555,0.929708,0.769186,0.0149336,0.0267604,0.000363949,-0.000449106,0.509976,0.0152554,-8.32981,-9.68629,15.1929,0.582594,1.16002,-16.2277,-0.909091,-0.147527,1.66628,1.125,17.75,0,0,41.5833,20.4167,0,-11.3871,0.0001,-0.0013157,0.129817,1.58456,0.119935,57673,0.108331,53.93,1.32853
494,0.40089,0.375426,0.019028,0.015027,0.607485,0.346212,0.831245,0.429292,0.0279719,0.0486859,0.018541,0.185247,0.0113891,0,0.218159,0.100785,4.97601,0.0566728,0.300398,0.0922045,0.811527,6.59625,0.94189,0.938349,0.06714,0.39109,0.450447,0.205223,0.387939,0.387939,0,0,-0.00407087,0.0414292,0.929877,0.767686,0.0150544,0.0269115,0.000380533,-0.000462747,0.507657,0.0153523,-8.32438,-9.56355,15.2711,0.580857,1.16437,-16.2486,-0.909091,-0.147861,1.67937,1.33333,18.2917,0,0,41.75,21,0,-11.3868,0.0001,-0.00117088,0.128036,1.57812,0.120908,57859,0.108339,53.75,1.36844
495,0.402569,0.370718,0.0191284,0.0153919,0.610288,0.344479,0.830686,0.425916,0.0280957,0.0480639,0.0186311,0.186253,0.0113414,0,0.218514,0.100121,5.0055,0.0557152,0.300107,0.0922484,0.810803,6.59249,0.941253,0.938024,0.0681454,0.397129,0.452889,0.206595,0.38421,0.38421,0,0,-0.0040232,0.0416925,0.93094,0.765938,0.0151217,0.0270088,0.000374575,-0.000534552,0.506257,0.0154844,-8.28482,-9.33842,15.3121,0.578387,1.16776,-16.3774,-0.909091,-0.147587,1.65603,1.125,17.4583,0,0,43.3333,21.0833,0,-11.3874,0.0001,-0.00121309,0.12785,1.60093,0.133747,56669,0.108348,53.74,1.27335
496,0.39926,0.369707,0.019199,0.015445,0.609031,0.344869,0.831244,0.424165,0.0277331,0.049326,0.0183481,0.185638,0.0112568,0,0.216962,0.0992615,4.97724,0.056605,0.299951,0.0915785,0.812565,6.60049,0.943616,0.937795,0.0676891,0.393573,0.450028,0.205808,0.373791,0.373791,0,0,-0.00410149,0.0408253,0.929743,0.767208,0.0149201,0.0267583,0.000263586,-0.000656177,0.506281,0.0151625,-8.25963,-9.87813,15.2967,0.578964,1.16464,-16.0819,-0.909091,-0.146828,1.65247,1.20833,19.5417,0,0,42.2083,19.5417,0,-11.387,0.0001,-0.00130545,0.124749,1.64226,0.121465,55736,0.10836,53.05,1.27914
497,0.403923,0.375652,0.0191275,0.0151811,0.610309,0.348821,0.832006,0.429971,0.0277928,0.0488612,0.0184072,0.18652,0.0113092,0,0.218413,0.1015,4.97437,0.0563755,0.300747,0.091714,0.812371,6.60048,0.942994,0.938027,0.0676753,0.389206,0.454125,0.206659,0.392381,0.392381,0,0,-0.00409094,0.0408336,0.929762,0.768184,0.0149367,0.0267539,0.00031667,-0.000561159,0.508122,0.01521,-8.261,-9.71404,15.2721,0.580615,1.16253,-16.1658,-0.909091,-0.147675,1.68012,1.25,18.5,0,0,40.4167,19.5417,0,-11.389,0.0001,-0.00128968,0.123717,1.61082,0.121923,56733,0.108331,55.12,1.54385
498,0.398163,0.371546,0.0190626,0.015255,0.604418,0.343501,0.831613,0.428013,0.0279641,0.048841,0.0185332,0.183941,0.0112789,0,0.216325,0.100116,5.00424,0.0567204,0.298318,0.0917203,0.811306,6.602,0.942712,0.938237,0.0677575,0.395022,0.450557,0.203891,0.386742,0.386742,0,0,-0.00407384,0.0414057,0.930238,0.76813,0.0149898,0.0268873,0.000311138,-0.000550601,0.506958,0.0153181,-8.29853,-9.53961,15.2561,0.579714,1.16385,-16.2968,-0.909091,-0.146769,1.66238,1.04167,18.0417,0,0,43.5417,20,0,-11.394,0.0001,-0.00121666,0.128306,1.63447,0.122195,55960,0.108321,53.85,1.42104
499,0.401981,0.373382,0.0189977,0.0150871,0.609117,0.344805,0.83112,0.429147,0.0283498,0.0472541,0.0188124,0.184986,0.0112504,0,0.218277,0.100845,4.98052,0.0547803,0.300118,0.0923995,0.811865,6.5976,0.942007,0.938447,0.0679762,0.392461,0.453134,0.205238,0.398502,0.398502,0,0,-0.00400712,0.0410894,0.9321,0.765748,0.0151795,0.0271628,0.000318864,-0.000492584,0.508322,0.0156204,-8.3536,-9.02298,15.2591,0.577692,1.16436,-16.6209,-0.909091,-0.148184,1.66951,1,15.4583,0,0,43.4583,19.9583,0,-11.3955,0.0001,-0.00138312,0.124007,1.59638,0.122994,57174,0.108308,53.11,1.11651
500,0.402223,0.380008,0.0188943,0.0147431,0.608522,0.349375,0.830933,0.442166,0.0278188,0.0478917,0.0184875,0.184016,0.01116,0,0.218525,0.105147,4.96646,0.0559661,0.299218,0.0913413,0.813076,6.6126,0.942771,0.938783,0.0671566,0.392047,0.456784,0.204383,0.435158,0.435158,0,0,-0.00404899,0.0407625,0.93164,0.769929,0.0149053,0.0266354,0.000378655,-0.000480425,0.508935,0.0153641,-8.38061,-9.3013,15.0554,0.584419,1.14945,-16.4888,-0.909091,-0.148776,1.69884,0.833333,16.7917,0,0,42.75,20.4167,0,-11.3978,0.0001,-0.00126109,0.133872,1.58296,0.124099,57586,0.10833,55.04,1.53917
501,0.400674,0.373431,0.0190074,0.01512,0.608105,0.344229,0.831306,0.427605,0.0275148,0.0494549,0.0182194,0.185311,0.0113292,0,0.218394,0.0999107,4.95781,0.0564868,0.299606,0.091466,0.810915,6.60539,0.943603,0.938416,0.0668197,0.381069,0.451656,0.205174,0.388471,0.388471,0,0,-0.00409903,0.0415095,0.929827,0.770389,0.014804,0.0265194,0.000522085,-0.000365139,0.510453,0.015113,-8.1236,-9.95967,15.1349,0.583879,1.15679,-16.0693,-0.909091,-0.148127,1.66948,1.70833,19.3333,0,0,40.6667,21.4583,0,-11.3945,0.0001,-0.00139533,0.13386,1.57973,0.123454,57717,0.108366,53.76,1.53815
502,0.398071,0.365406,0.0191619,0.0156205,0.607526,0.337981,0.832681,0.419274,0.0275598,0.050116,0.018231,0.18584,0.0114114,0,0.217626,0.0979625,4.96206,0.057683,0.299747,0.091934,0.809491,6.60248,0.94281,0.937916,0.0676878,0.386933,0.449192,0.205719,0.368228,0.368228,0,0,-0.00415545,0.0416593,0.929099,0.770584,0.0147728,0.0265895,0.000305795,-0.000551925,0.50762,0.0149889,-8.10912,-10.1358,15.1891,0.583775,1.16159,-15.9298,-0.909091,-0.147164,1.63599,1.41667,19.25,0,0,39.875,19.5,0.0416667,-11.3929,0.0001,-0.00131794,0.127201,1.61358,0.12243,56626,0.108384,52.71,1.27398
503,0.406205,0.382215,0.0188978,0.0147569,0.610988,0.351166,0.831985,0.435734,0.0272508,0.0492556,0.0180781,0.184583,0.0110815,0,0.219325,0.102715,4.92563,0.0563361,0.300195,0.0906663,0.809117,6.61745,0.944707,0.938771,0.0663855,0.377826,0.456175,0.20475,0.411737,0.411737,0,0,-0.00410427,0.0413607,0.930694,0.774298,0.0146146,0.02618,0.000496646,-0.000351094,0.511686,0.0149691,-8.12996,-9.89981,14.9409,0.588432,1.14194,-16.1466,-0.909091,-0.149535,1.71027,1.04167,17.625,0,0,39.875,22.25,0,-11.3924,0.0001,-0.0013694,0.12446,1.60596,0.122812,56863,0.108397,55.63,1.61554
504,0.406187,0.380629,0.0188426,0.0149014,0.60986,0.349253,0.833174,0.438476,0.0273302,0.0486422,0.0181475,0.184487,0.0111162,0,0.219457,0.103707,4.91084,0.0548221,0.299756,0.0903551,0.813105,6.62313,0.945056,0.93895,0.0663933,0.379375,0.458716,0.204603,0.405743,0.405743,0,0,-0.00409664,0.0410683,0.93157,0.773931,0.0146347,0.0262243,0.000538962,-0.000349742,0.511072,0.0150174,-8.18477,-9.67191,14.9271,0.588098,1.14008,-16.245,-0.909091,-0.149484,1.70651,1.16667,17.5417,0,0,41.9167,21.5,0,-11.3923,0.0001,-0.00130609,0.130949,1.6075,0.121125,56868,0.108415,54.46,1.4501
505,0.405089,0.37683,0.0189038,0.0147832,0.610521,0.346353,0.83157,0.429575,0.0278265,0.0482494,0.0184719,0.186232,0.0112512,0,0.220373,0.100799,4.94825,0.0557448,0.300704,0.0915098,0.81201,6.60567,0.943029,0.938751,0.066684,0.386852,0.453593,0.205952,0.399089,0.399089,0,0,-0.00407479,0.0420308,0.931341,0.769506,0.01493,0.0267045,0.000530154,-0.000365091,0.508625,0.0153011,-8.18045,-9.47166,15.1255,0.583986,1.15485,-16.3397,-0.909091,-0.149445,1.68602,1.375,17.4167,0,0,41.5417,19.2917,0,-11.3905,0.0001,-0.00130216,0.130351,1.58839,0.12482,57379,0.10845,55.87,1.43296
506,0.403765,0.377024,0.0189534,0.0148931,0.610841,0.347198,0.833259,0.432759,0.0277944,0.0484872,0.0184281,0.185393,0.01122,0,0.219121,0.101995,4.94198,0.0560633,0.299786,0.0915358,0.813442,6.60948,0.944097,0.938591,0.0669768,0.381033,0.455214,0.205399,0.408028,0.408028,0,0,-0.00409956,0.0407697,0.931242,0.770038,0.0148894,0.0266886,0.00044418,-0.000408487,0.510056,0.0152471,-8.16338,-9.52947,15.1351,0.582964,1.15631,-16.2884,-0.909091,-0.149051,1.69087,1.25,18.0417,0,0,42.25,21.2083,0,-11.3883,0.0001,-0.00153782,0.126726,1.59661,0.130034,56933,0.108477,53.96,1.3337
507,0.406531,0.38059,0.018906,0.01482,0.611529,0.350033,0.832646,0.434085,0.0277999,0.0483686,0.0184556,0.186012,0.0111023,0,0.219997,0.102075,4.96499,0.0564836,0.300009,0.0913667,0.812072,6.61279,0.943523,0.938744,0.0671254,0.38437,0.455353,0.205804,0.398533,0.398533,0,0,-0.00407216,0.0416781,0.931515,0.770882,0.014844,0.0266583,0.000486692,-0.000393877,0.508854,0.015245,-8.17207,-9.40165,15.1358,0.582797,1.15313,-16.3804,-0.909091,-0.149464,1.70565,0.791667,16.75,0,0,41.0833,20.3333,0,-11.3886,0.0001,-0.00153839,0.126129,1.62244,0.126807,56197,0.108474,54.89,1.56865
508,0.404605,0.380729,0.0189608,0.0148248,0.610857,0.350481,0.834099,0.43587,0.0279658,0.0479246,0.0185626,0.185416,0.0111551,0,0.219365,0.103143,4.95977,0.0559138,0.299636,0.0914558,0.814626,6.61016,0.94346,0.938567,0.067397,0.387775,0.4556,0.205569,0.406174,0.406174,0,0,-0.00407899,0.0402491,0.932066,0.768472,0.0149843,0.0267504,0.000451116,-0.000415437,0.5084,0.0153846,-8.24557,-9.28135,15.1172,0.582108,1.15204,-16.4663,-0.909091,-0.149113,1.70917,1.25,16.8333,0,0,44,20.9583,0,-11.3913,0.0001,-0.00131236,0.13001,1.62733,0.122579,56176,0.108465,54.68,1.62803
509,0.403672,0.379069,0.018906,0.0148292,0.610312,0.347578,0.833153,0.43489,0.0278142,0.0487019,0.018455,0.186072,0.0111864,0,0.220217,0.102368,4.95254,0.0569714,0.300458,0.0913335,0.811333,6.60835,0.943611,0.938745,0.0670192,0.38761,0.454066,0.205738,0.416253,0.416253,0,0,-0.00408647,0.041283,0.931372,0.770266,0.0148615,0.0266889,0.000544976,-0.000348886,0.510331,0.0152269,-8.15159,-9.47201,15.169,0.582265,1.15412,-16.3288,-0.909091,-0.149457,1.70076,0.958333,17.5417,0,0,42.125,20.25,0,-11.3926,0.0001,-0.00133675,0.129113,1.64479,0.130383,55377,0.10848,53.7,1.30783
510,0.405378,0.375785,0.0190028,0.0153564,0.61163,0.347475,0.833569,0.428938,0.0276018,0.0491019,0.0182873,0.186366,0.0110398,0,0.219551,0.100734,4.95198,0.0569551,0.299613,0.0911543,0.812507,6.61081,0.943615,0.938431,0.0670762,0.381025,0.455001,0.206414,0.384737,0.384737,0,0,-0.004106,0.0414668,0.931523,0.771112,0.0147499,0.0265049,0.000571901,-0.000342405,0.509243,0.0150847,-8.02656,-9.62027,15.1525,0.582371,1.15145,-16.2029,-0.909091,-0.148811,1.68611,1.25,17.7917,0,0,41.7917,21.0833,0,-11.3919,0.0001,-0.00123651,0.132176,1.78286,0.13375,51290,0.108497,54.3,1.43966
511,0.406724,0.377608,0.0188648,0.0148559,0.61261,0.346008,0.833637,0.430056,0.0276641,0.0485504,0.0183412,0.186009,0.0111479,0,0.22113,0.10105,4.95637,0.05686,0.300752,0.0914639,0.811301,6.61695,0.94456,0.938859,0.066126,0.375096,0.456174,0.206237,0.394269,0.394269,0,0,-0.00409176,0.0401652,0.931779,0.771457,0.014801,0.0265335,0.000538935,-0.000280361,0.512658,0.0151866,-8.09415,-9.55197,15.0682,0.584703,1.14572,-16.2893,-0.908525,-0.150222,1.69481,1.08333,17.125,0,0,40.25,21.2083,0.0416667,-11.3929,0.0001,-0.00143119,0.126142,1.66618,0.136625,54528,0.108495,54.37,1.41085
512,0.408978,0.385483,0.0188881,0.0143986,0.613718,0.353169,0.834665,0.436468,0.0277247,0.0481502,0.0184068,0.185864,0.0110494,0,0.220802,0.10339,4.92898,0.0565731,0.299566,0.0910826,0.814057,6.61894,0.94429,0.938803,0.0669799,0.381835,0.457145,0.206121,0.413754,0.413754,0,0,-0.00408236,0.0410147,0.932219,0.770775,0.0148339,0.0265568,0.000494295,-0.000343345,0.510797,0.0152711,-8.13848,-9.4076,15.0241,0.585012,1.14644,-16.4009,-0.909091,-0.150443,1.7322,0.708333,16.75,0,0,42.75,21.4167,0,-11.3959,0.0001,-0.00134557,0.132385,1.70512,0.126623,53666,0.108473,53.97,1.38974
513,0.40709,0.380514,0.0188853,0.014782,0.612099,0.349207,0.834735,0.431648,0.0276052,0.0484638,0.0183245,0.186193,0.0111206,0,0.22074,0.101603,4.9281,0.0563385,0.299411,0.0912424,0.814806,6.6101,0.943353,0.938811,0.0672634,0.385965,0.455473,0.206228,0.399398,0.399398,0,0,-0.00408865,0.0414864,0.931654,0.771127,0.014801,0.0264913,0.000582313,-0.000294222,0.510713,0.0151839,-8.03125,-9.57173,15.0901,0.583832,1.14901,-16.2712,-0.909091,-0.149862,1.71087,1.08333,17.0417,0,0,42.4167,20.1667,0,-11.3985,0.0001,-0.00136858,0.126632,1.68616,0.127685,54196,0.108489,54.93,1.20576
514,0.411039,0.380392,0.0189715,0.0148172,0.61628,0.350202,0.835504,0.428278,0.0276882,0.0485262,0.0183754,0.187699,0.0110964,0,0.221584,0.100934,4.95343,0.0558741,0.29958,0.0913771,0.812463,6.61589,0.943834,0.938532,0.0672605,0.385221,0.45713,0.207627,0.39115,0.39115,0,0,-0.00409098,0.041635,0.932158,0.771062,0.0148222,0.0265733,0.000725901,-0.000204621,0.510652,0.0152014,-7.97338,-9.52005,15.0734,0.583736,1.15638,-16.3128,-0.909091,-0.150406,1.70967,1.125,17.5833,0,0,43.25,21.2083,0,-11.395,0.0001,-0.00133587,0.130918,1.64144,0.132025,55430,0.108527,54.95,1.54044
515,0.409359,0.380233,0.0189712,0.014746,0.615566,0.350672,0.835802,0.429724,0.0275683,0.0490395,0.0182938,0.187567,0.0111429,0,0.221072,0.101208,4.95392,0.0563951,0.299587,0.0908881,0.810575,6.6092,0.943417,0.938533,0.0667265,0.382194,0.455367,0.207415,0.393575,0.393575,0,0,-0.00409675,0.0429731,0.931653,0.773117,0.0147259,0.0264384,0.000687525,-0.00021455,0.511082,0.0150915,-7.92702,-9.61942,15.0488,0.585641,1.14776,-16.2446,-0.909091,-0.150055,1.71074,1.16667,17.5833,0,0,39.75,22.2083,0,-11.3927,0.0001,-0.00128166,0.131575,1.72637,0.122957,53156,0.108545,54.61,1.54766
516,0.406925,0.376655,0.0189639,0.0148629,0.616121,0.347398,0.834828,0.427325,0.027523,0.0486882,0.0182673,0.187909,0.0110866,0,0.221931,0.100191,4.94022,0.0562613,0.300145,0.0907,0.813001,6.61995,0.944383,0.938557,0.0669735,0.380965,0.45452,0.208201,0.39337,0.39337,0,0,-0.00409183,0.0413992,0.932018,0.773123,0.0146649,0.0263877,0.000633145,-0.000265078,0.510888,0.0150615,-8.01226,-9.55647,15.0626,0.583904,1.14679,-16.2792,-0.909091,-0.150201,1.69182,1.125,17.2917,0,0,41.7917,20.8333,0,-11.3917,0.0001,-0.00103962,0.131117,1.70632,0.136074,53356,0.108567,53.8,1.29822
517,0.409729,0.38289,0.0189172,0.0145869,0.614919,0.352279,0.83532,0.43243,0.0277444,0.0486366,0.0183897,0.18699,0.0111865,0,0.221121,0.102274,4.93969,0.0560731,0.299507,0.0915752,0.812695,6.61265,0.943941,0.938691,0.066601,0.379711,0.456421,0.206884,0.39174,0.39174,0,0,-0.00409046,0.0425581,0.931852,0.771334,0.0148304,0.0266361,0.000658239,-0.000246619,0.510588,0.015186,-7.94637,-9.5284,15.1173,0.583897,1.15463,-16.2936,-0.908572,-0.150271,1.72109,1.08333,17.4167,0,0,40,21.4167,0.0416667,-11.3901,0.0001,-0.000882349,0.12877,1.75423,0.131117,52141,0.108583,54.68,1.43966
518,0.414027,0.385868,0.0187331,0.0143372,0.61676,0.35125,0.835076,0.436524,0.0275139,0.0475175,0.0182905,0.185717,0.0110733,0,0.222596,0.103301,4.91644,0.0555555,0.300275,0.0907065,0.813495,6.629,0.943924,0.939305,0.0659967,0.374737,0.459956,0.206068,0.417887,0.417887,0,0,-0.00407384,0.0410259,0.932948,0.773911,0.0146774,0.0262664,0.000583678,-0.000216614,0.51239,0.015186,-8.17259,-9.34305,14.8602,0.58694,1.13805,-16.4816,-0.909091,-0.152241,1.73491,1.20833,16.7083,0,0,41.9583,22.9167,0,-11.3905,0.0001,-0.00101717,0.127543,1.65735,0.128106,55058,0.108583,54.34,1.42604
519,0.406889,0.381161,0.0188724,0.0149186,0.611746,0.349543,0.835252,0.434015,0.0280716,0.0464268,0.0186501,0.185621,0.0110724,0,0.220563,0.102144,4.91288,0.0549087,0.299132,0.0910931,0.811225,6.61487,0.944364,0.938853,0.0669677,0.380613,0.454972,0.205935,0.391439,0.391439,0,0,-0.00403424,0.0420154,0.933659,0.769099,0.0149892,0.0267859,0.000535827,-0.000293299,0.511615,0.0154934,-8.22036,-8.89999,15.0511,0.581832,1.14456,-16.7004,-0.909091,-0.150004,1.71359,1.08333,15.2083,0,0,41.875,22.0833,0,-11.3919,0.0001,-0.00148509,0.123044,1.72578,0.129897,52974,0.108582,53.36,1.62819
520,0.411181,0.384377,0.0188498,0.0145755,0.615128,0.352718,0.835816,0.434923,0.0274858,0.0484027,0.0182568,0.186333,0.0111387,0,0.221492,0.102312,4.93339,0.0564048,0.300051,0.0905344,0.813004,6.62096,0.944671,0.938926,0.0663019,0.381603,0.457364,0.206524,0.40164,0.40164,0,0,-0.0041028,0.0414677,0.932094,0.772677,0.0146869,0.0263023,0.000481605,-0.000357982,0.510663,0.01515,-8.10436,-9.53722,14.9432,0.58664,1.14385,-16.3445,-0.909091,-0.150894,1.72909,0.916667,17.2917,0,0,41.2917,21.25,0,-11.3927,0.0001,-0.00130324,0.126478,1.74823,0.130812,52316,0.108595,54.19,1.55562
521,0.411472,0.385176,0.0189196,0.0146632,0.617557,0.355223,0.837597,0.436918,0.0280018,0.0474844,0.0186073,0.188058,0.0111175,0,0.222391,0.103608,4.93899,0.0550977,0.300425,0.0913551,0.815081,6.61308,0.94368,0.9387,0.0670343,0.381925,0.459104,0.208408,0.407397,0.407397,0,0,-0.00405017,0.0399611,0.933994,0.768984,0.0149787,0.0267526,0.000562256,-0.000308415,0.510408,0.0154272,-8.00683,-9.02525,15.0805,0.581188,1.14741,-16.5894,-0.909091,-0.150662,1.73704,1.25,15.5,0,0,42.25,20.6667,0,-11.3925,0.0001,-0.00112727,0.12888,1.66123,0.138273,54628,0.108605,53.95,1.49657
522,0.409331,0.383441,0.0187747,0.0145476,0.614111,0.350624,0.836902,0.435895,0.0274484,0.0485527,0.0182309,0.18558,0.0111177,0,0.221777,0.102841,4.91567,0.0561619,0.29952,0.0906687,0.813959,6.62607,0.944345,0.93917,0.0661365,0.37485,0.459022,0.20605,0.417994,0.417994,0,0,-0.00409315,0.0408514,0.932568,0.774377,0.0146308,0.0262315,0.000612761,-0.000211161,0.512863,0.0151,-8.0642,-9.50822,14.8847,0.588033,1.13643,-16.375,-0.909091,-0.151088,1.72872,0.791667,17,0,0,43.125,22,0.0416667,-11.3934,0.0001,-0.00113705,0.127999,1.70971,0.132267,53368,0.108613,53.12,1.38582
523,0.410702,0.385656,0.0188963,0.0144088,0.616837,0.354118,0.837307,0.436096,0.0277883,0.0485241,0.0184327,0.187061,0.0110645,0,0.221465,0.103386,4.93201,0.0561276,0.300018,0.0912713,0.812138,6.61929,0.944436,0.938776,0.0662215,0.37457,0.457501,0.206978,0.424156,0.424156,0,0,-0.00411334,0.0397767,0.932449,0.77244,0.0147688,0.0266023,0.000539546,-0.000270497,0.51191,0.0151585,-8.00828,-9.38934,15.0745,0.583122,1.1498,-16.3788,-0.909091,-0.150939,1.73871,0.791667,17.4167,0,0,40.25,22.5,0,-11.393,0.0001,-0.000980969,0.126836,1.69848,0.129223,53785,0.108629,53.39,1.35625
524,0.410191,0.38145,0.018994,0.0149825,0.617873,0.352793,0.837327,0.433276,0.0274745,0.0495657,0.0182248,0.188185,0.0111717,0,0.221647,0.102614,4.9624,0.0571911,0.299957,0.0910866,0.814019,6.6226,0.944406,0.938459,0.066592,0.372306,0.458444,0.20836,0.394688,0.394688,0,0,-0.00413608,0.0407359,0.931742,0.773603,0.0146354,0.0263172,0.00058816,-0.000305754,0.510816,0.0149935,-7.92044,-9.69612,15.04,0.585428,1.14453,-16.1811,-0.909091,-0.150308,1.71859,1.375,17.75,0,0,40.0417,22.4167,0,-11.3917,0.0001,-0.00133359,0.130578,1.69266,0.133663,53826,0.108656,53.96,1.5288
525,0.412791,0.383834,0.0189684,0.0147786,0.619233,0.353864,0.837012,0.432468,0.0276526,0.0490926,0.0183408,0.189303,0.0110449,0,0.223125,0.102115,4.93148,0.0563391,0.300683,0.091401,0.809368,6.61236,0.943689,0.938542,0.0666008,0.375609,0.457418,0.209139,0.402487,0.402487,0,0,-0.0041147,0.040944,0.932307,0.77253,0.0147403,0.0265108,0.000739396,-0.000163202,0.512207,0.0151086,-7.85771,-9.59218,15.0636,0.584528,1.15281,-16.2632,-0.909091,-0.151074,1.72728,0.916667,17.2083,0,0,40,22.8333,0,-11.3905,0.0001,-0.000684279,0.127515,1.69702,0.128253,53857,0.108659,54.17,1.44817
526,0.414572,0.384803,0.0188997,0.0145441,0.619564,0.353719,0.83747,0.434421,0.0270242,0.0502108,0.0179213,0.188006,0.0110571,0,0.222828,0.102469,4.92589,0.0563432,0.300563,0.0902743,0.81033,6.61908,0.944307,0.938765,0.065963,0.368372,0.458611,0.207929,0.399875,0.399875,0,0,-0.00418418,0.0402085,0.931064,0.777664,0.0143776,0.0259309,0.000625635,-0.000239004,0.511639,0.0146794,-7.8706,-10.1011,14.8686,0.59045,1.14391,-16.0049,-0.909091,-0.151794,1.73281,1.08333,18.7083,0,0,38.7917,22.5417,0,-11.393,0.0001,-0.000854955,0.130122,1.70094,0.126634,53789,0.108652,54.57,1.54756
527,0.412462,0.380606,0.0188729,0.0149505,0.617961,0.349362,0.836999,0.429936,0.0273023,0.0498015,0.0181122,0.187172,0.0112043,0,0.221558,0.10119,4.93201,0.0559757,0.299581,0.0908233,0.812212,6.62608,0.944822,0.938852,0.0656053,0.366937,0.457975,0.206822,0.387193,0.387193,0,0,-0.00416776,0.0400497,0.931511,0.775263,0.0145285,0.0261951,0.000567511,-0.000274821,0.51124,0.0148524,-7.91878,-9.87803,14.9435,0.588005,1.14384,-16.1195,-0.909091,-0.151381,1.7151,1.04167,18.0833,0,0,38.625,22.375,0,-11.3957,0.0001,-0.00129176,0.125319,1.69073,0.130242,53984,0.108639,53.55,1.47714
528,0.412917,0.387454,0.0187572,0.0143453,0.617916,0.353856,0.837197,0.440905,0.027247,0.0489614,0.0181057,0.186281,0.0109423,0,0.222416,0.10453,4.91525,0.0554205,0.299294,0.0899005,0.815426,6.63271,0.945355,0.939227,0.0658164,0.369398,0.460851,0.206236,0.427101,0.427101,0,0,-0.0041296,0.0401314,0.932907,0.776491,0.0144581,0.0260288,0.000693143,-0.000158746,0.512738,0.0148874,-7.9093,-9.61099,14.815,0.588664,1.13911,-16.3461,-0.909091,-0.152179,1.74694,1.04167,17.1667,0,0,41.2083,21.8333,0,-11.3991,0.0001,-0.00134819,0.129543,1.6284,0.127755,55976,0.108629,55.46,1.53867
529,0.413915,0.386713,0.0188026,0.0144235,0.619496,0.353989,0.837484,0.436503,0.0272467,0.0490523,0.018081,0.187541,0.010917,0,0.223188,0.103281,4.92802,0.0558993,0.300341,0.0900785,0.812947,6.63897,0.945659,0.939063,0.0655731,0.364882,0.460074,0.207575,0.416058,0.416058,0,0,-0.00414527,0.0407106,0.932752,0.777157,0.0144461,0.0260732,0.000719197,-0.000143509,0.514094,0.0148371,-7.83895,-9.68854,14.8516,0.588822,1.13739,-16.251,-0.908592,-0.15221,1.74385,1,17.125,0,0,39.4583,23.5,0.0416667,-11.3997,0.0001,-0.00128927,0.125499,1.69979,0.125833,53846,0.108653,54.58,1.42223
530,0.415569,0.389398,0.0187445,0.0143314,0.620248,0.355136,0.837329,0.437336,0.0279188,0.0469681,0.018561,0.187499,0.0109738,0,0.223522,0.103274,4.90746,0.0548784,0.300202,0.0908495,0.81314,6.62849,0.944895,0.939268,0.0660462,0.377732,0.458824,0.207265,0.403618,0.403618,0,0,-0.00404598,0.0398984,0.934964,0.771411,0.0148713,0.0266038,0.000798406,-5.62421e-05,0.513052,0.0154098,-7.9421,-8.8748,14.9669,0.583834,1.13624,-16.6919,-0.909091,-0.152902,1.75604,0.708333,14.4583,0,0,41.7917,22.8333,0,-11.3973,0.0001,-0.00127799,0.135342,1.66337,0.129094,54843,0.108677,53.72,1.51223
531,0.411461,0.384142,0.0187927,0.0146619,0.617975,0.350779,0.837233,0.436513,0.027534,0.0483369,0.0182902,0.187156,0.0110335,0,0.222833,0.103124,4.9027,0.0557209,0.299907,0.090556,0.814519,6.62658,0.94448,0.939112,0.0662929,0.37777,0.458815,0.207266,0.414393,0.414393,0,0,-0.00411188,0.0405659,0.933023,0.774321,0.0146613,0.0263125,0.000699805,-0.000130923,0.513112,0.0150951,-7.92103,-9.39795,14.9446,0.586921,1.13898,-16.3842,-0.909091,-0.151985,1.73085,1.04167,16.5,0,0,42.8333,22,0,-11.397,0.0001,-0.00134661,0.131529,1.65734,0.132205,54932,0.108671,55.64,1.79082
532,0.41283,0.38464,0.0188733,0.0146111,0.618855,0.352853,0.83666,0.435072,0.0276854,0.0480639,0.0183867,0.188296,0.0110709,0,0.223184,0.10276,4.91871,0.0556986,0.299598,0.0907802,0.812564,6.61525,0.943654,0.93885,0.0666379,0.381459,0.457897,0.208253,0.408639,0.408639,0,0,-0.00408383,0.0417391,0.933586,0.77218,0.0148101,0.026472,0.000737347,-0.0001552,0.511565,0.0152299,-7.84733,-9.21964,15.0358,0.58369,1.14014,-16.4255,-0.909091,-0.151648,1.73217,1.08333,15.625,0,0,40.125,22.2917,0,-11.4007,0.0001,-0.00128543,0.132397,1.67994,0.123696,54503,0.108648,54.94,1.29851
533,0.415989,0.387084,0.0187663,0.0146697,0.620201,0.35408,0.838103,0.43455,0.0276241,0.0483787,0.0183559,0.187048,0.011042,0,0.223096,0.102429,4.91966,0.0556297,0.299865,0.0905729,0.815459,6.63111,0.945672,0.939197,0.0657129,0.369022,0.458654,0.207106,0.399717,0.399717,0,0,-0.00410972,0.0406934,0.93361,0.773553,0.0147126,0.0263612,0.000795366,-4.03521e-05,0.514966,0.0151306,-7.86391,-9.26473,14.947,0.586127,1.13668,-16.4457,-0.909091,-0.152696,1.74776,0.958333,16.9167,0,0,41.5417,23,0,-11.4026,0.0001,-0.000980828,0.129967,1.65919,0.1282,54998,0.108673,54.12,1.48111
534,0.41271,0.383404,0.018832,0.0145674,0.619865,0.3512,0.838199,0.431467,0.0277236,0.0481238,0.0184134,0.187777,0.0110731,0,0.223466,0.101504,4.92081,0.0554797,0.299732,0.0911263,0.81461,6.61911,0.944711,0.938965,0.0661715,0.375833,0.456517,0.207923,0.403662,0.403662,0,0,-0.00408965,0.0407424,0.933644,0.772633,0.0147648,0.0264863,0.000668874,-0.000186529,0.512194,0.0151962,-7.88218,-9.22898,15.0234,0.584115,1.14238,-16.4706,-0.908508,-0.152224,1.73124,0.833333,15.875,0,0,41.625,21.125,0.0416667,-11.3999,0.0001,-0.00102053,0.136182,1.65915,0.127651,55016,0.108702,54.17,1.36816
535,0.418044,0.387318,0.0188008,0.0142293,0.622892,0.354115,0.838413,0.433576,0.0277833,0.048099,0.0184613,0.188398,0.0111135,0,0.224152,0.102646,4.89526,0.0550976,0.300481,0.0912121,0.812744,6.62308,0.944242,0.939085,0.0660111,0.371595,0.459161,0.208349,0.410539,0.410539,0,0,-0.00407378,0.040736,0.933784,0.772401,0.0148129,0.0265318,0.000791976,-6.32338e-05,0.51387,0.0152307,-7.803,-9.16771,14.9973,0.585342,1.14555,-16.4973,-0.909091,-0.153182,1.74803,0.875,15.9583,0,0,42.0833,21.875,0,-11.3976,0.0001,-0.00121309,0.132905,1.64567,0.122608,55592,0.108727,53.63,1.53638
536,0.417209,0.390322,0.0187648,0.0142463,0.622516,0.356782,0.838349,0.4386,0.0275185,0.0478001,0.0183163,0.187695,0.0108691,0,0.224046,0.104169,4.89207,0.0549581,0.299912,0.0901137,0.816094,6.63581,0.944738,0.939202,0.0662303,0.373813,0.461322,0.208201,0.41784,0.41784,0,0,-0.00410362,0.0399925,0.934712,0.774869,0.0146099,0.0261799,0.000804241,-3.69261e-05,0.514248,0.0151105,-7.87226,-9.12138,14.8197,0.587715,1.13065,-16.5915,-0.909091,-0.153192,1.76225,0.833333,15.125,0,0,42.5417,22.5,0.0416667,-11.3964,0.0001,-0.00139924,0.128252,1.70725,0.127417,53581,0.108741,53.88,1.46843
537,0.417582,0.389811,0.0187966,0.0143665,0.622461,0.35747,0.838361,0.436701,0.0272449,0.0494769,0.0181035,0.188816,0.01112,0,0.224163,0.102841,4.91094,0.0565049,0.300655,0.0902693,0.813079,6.63266,0.945786,0.939099,0.0656729,0.365145,0.459917,0.208432,0.397697,0.397697,0,0,-0.00416201,0.0405594,0.932331,0.776666,0.0144798,0.0260732,0.000848146,-7.08338e-05,0.512851,0.0148202,-7.68773,-9.73559,14.9661,0.586648,1.14133,-16.1592,-0.909091,-0.153023,1.75888,1.16667,18.125,0,0,39.5833,20.9167,0,-11.3957,0.0001,-0.00128989,0.125417,1.65634,0.130836,55005,0.108765,55.81,1.54292
538,0.418109,0.391503,0.0187244,0.0140405,0.623085,0.356804,0.838332,0.437603,0.0276452,0.047858,0.0183766,0.188394,0.0110161,0,0.224823,0.103443,4.88699,0.054572,0.301282,0.0907152,0.814447,6.62581,0.944758,0.939333,0.0652374,0.366041,0.46053,0.208199,0.419221,0.419221,0,0,-0.00411773,0.0404744,0.934058,0.77383,0.0147043,0.0263637,0.00069224,-9.26254e-05,0.513199,0.0151397,-7.84792,-9.25104,14.9055,0.58628,1.13744,-16.5004,-0.909091,-0.153802,1.76661,0.791667,16.25,0,0,40.875,23.2917,0,-11.3928,0.0001,-0.00116789,0.133525,1.60349,0.129955,56710,0.108805,54.83,1.53364
539,0.414682,0.384098,0.0187146,0.0146108,0.618961,0.349487,0.838175,0.433241,0.0271867,0.0489984,0.0180478,0.187331,0.010976,0,0.223327,0.101725,4.8858,0.0553456,0.299609,0.0899914,0.81236,6.64194,0.946355,0.939364,0.0649071,0.358362,0.459784,0.206792,0.391277,0.391277,0,0,-0.00414898,0.0411237,0.933027,0.777685,0.0144419,0.0259959,0.000925767,4.40566e-05,0.516211,0.0148122,-7.63712,-9.64626,14.8514,0.589409,1.13454,-16.2237,-0.909091,-0.152856,1.73367,0.833333,16.625,0,0,38.375,23.125,0.125,-11.3907,0.0001,-0.0012253,0.134412,1.67352,0.136203,54319,0.108822,55.66,1.59324
540,0.41955,0.391111,0.0187388,0.0141247,0.624267,0.356889,0.839136,0.436846,0.0267074,0.0500872,0.0177193,0.188355,0.0109704,0,0.224744,0.103874,4.86761,0.0562561,0.300681,0.0892743,0.811632,6.63896,0.947245,0.939286,0.0646066,0.356495,0.462109,0.20801,0.420256,0.420256,0,0,-0.00422015,0.0416458,0.932129,0.781715,0.0141435,0.0255696,0.000741699,-8.70005e-05,0.515025,0.0144695,-7.6073,-10.1698,14.7087,0.59372,1.12917,-15.9669,-0.909091,-0.153983,1.7655,1,18.8333,0,0,38.6667,23.75,0,-11.391,0.0001,-0.00120486,0.126328,1.64553,0.131047,55333,0.108832,55.41,1.52064
541,0.416537,0.386994,0.0186559,0.0144999,0.620477,0.352284,0.838175,0.436375,0.0270139,0.0489525,0.0179465,0.186886,0.0109082,0,0.22423,0.102992,4.86508,0.0551909,0.299395,0.0896141,0.812872,6.64724,0.946651,0.939555,0.0649164,0.357629,0.461588,0.206987,0.400696,0.400696,0,0,-0.00414789,0.041937,0.933387,0.780076,0.0143185,0.0257719,0.000861822,1.87607e-05,0.515569,0.0147608,-7.68778,-9.69812,14.701,0.592979,1.12645,-16.273,-0.909091,-0.153571,1.74695,0.916667,16.0417,0,0,38.375,22.5,0,-11.3909,0.0001,-0.000862265,0.134373,1.74182,0.129387,52535,0.108843,55.2,1.50447
542,0.419099,0.393488,0.0186772,0.0140602,0.62299,0.357269,0.838663,0.436924,0.0277387,0.0473926,0.0184559,0.187928,0.0110073,0,0.225162,0.103178,4.85053,0.0544322,0.300723,0.090886,0.813408,6.63359,0.945213,0.939486,0.0656042,0.3662,0.460184,0.207834,0.415177,0.415177,0,0,-0.00410982,0.0416826,0.934728,0.774644,0.0147319,0.0263933,0.000775682,-2.27497e-05,0.514474,0.0152213,-7.69528,-9.07269,14.8863,0.587024,1.13585,-16.5969,-0.909091,-0.154231,1.77714,0.875,14.7917,0,0,42.7083,23.8333,0,-11.3911,0.0001,-0.00106353,0.128725,1.69357,0.132162,53843,0.10885,54.15,1.36868
543,0.421232,0.391688,0.018674,0.0140489,0.624675,0.356072,0.839335,0.435966,0.027369,0.0480017,0.0181847,0.188373,0.0110006,0,0.225642,0.103082,4.87108,0.0544363,0.300452,0.0903791,0.814266,6.63744,0.946045,0.939496,0.064968,0.359356,0.462226,0.208394,0.404409,0.404409,0,0,-0.00413507,0.0410489,0.933831,0.77537,0.0145922,0.0261158,0.000789266,-4.12398e-05,0.513686,0.0150062,-7.74637,-9.42639,14.8445,0.588473,1.13367,-16.3751,-0.909091,-0.154543,1.77096,0.875,15.7083,0,0,39.8333,22,0,-11.3909,0.0001,-0.00106914,0.127571,1.65183,0.134658,55026,0.108874,55.23,1.54711
544,0.417176,0.392288,0.0186276,0.0139168,0.618978,0.355805,0.838839,0.441884,0.0275256,0.0479054,0.0183072,0.186914,0.0110716,0,0.224217,0.104948,4.86358,0.0548507,0.299171,0.0907514,0.813391,6.63453,0.945598,0.939646,0.0652809,0.366029,0.463246,0.206724,0.434109,0.434109,0,0,-0.00411444,0.042525,0.934033,0.775182,0.0146554,0.0262293,0.000883297,3.01533e-05,0.515246,0.0151026,-7.6745,-9.2916,14.873,0.587928,1.1357,-16.4659,-0.909091,-0.15339,1.77337,1.29167,16.375,0,0,41.1667,21.875,0,-11.3881,0.0001,-0.00113579,0.13415,1.67482,0.123065,54677,0.108914,55.15,1.74439
545,0.420675,0.393936,0.0186954,0.0139453,0.624027,0.358596,0.838895,0.439274,0.0272483,0.0481978,0.0181057,0.188697,0.01093,0,0.225787,0.104344,4.85107,0.0545901,0.300562,0.0900129,0.813141,6.64215,0.946487,0.939427,0.0650625,0.36075,0.462411,0.208802,0.423466,0.423466,0,0,-0.00411762,0.0423585,0.934024,0.776156,0.0145384,0.0260108,0.000941738,4.86833e-05,0.514764,0.0149661,-7.59975,-9.46145,14.8637,0.588049,1.13299,-16.3329,-0.909091,-0.154184,1.77866,1.08333,17.125,0,0,42.5417,23,0,-11.3844,0.0001,-0.0010664,0.12883,1.7037,0.134275,53485,0.108947,55.71,1.66197
546,0.420736,0.391119,0.018724,0.0142189,0.624043,0.357255,0.838275,0.436174,0.0275548,0.0475897,0.0183073,0.188618,0.0110207,0,0.224799,0.103204,4.88985,0.0543919,0.300173,0.0904518,0.81649,6.63707,0.946171,0.939334,0.0654766,0.365921,0.462931,0.208397,0.405373,0.405373,0,0,-0.00411504,0.0410238,0.934574,0.773056,0.0146931,0.0262852,0.000829846,-4.42255e-05,0.51286,0.0151483,-7.6772,-9.2352,14.913,0.585406,1.13811,-16.4807,-0.909091,-0.153863,1.76462,1.04167,15.625,0,0,40.5,20.1667,0,-11.3834,0.0001,-0.00120792,0.139165,1.60492,0.133655,56542,0.10896,53.38,1.38987
547,0.415792,0.389331,0.0187273,0.0142788,0.620898,0.355353,0.839066,0.438036,0.0279074,0.0464972,0.0185499,0.188465,0.0110158,0,0.224983,0.103841,4.85721,0.0537954,0.300223,0.0907427,0.816149,6.62966,0.945572,0.939324,0.065806,0.367854,0.461269,0.208521,0.411586,0.411586,0,0,-0.00406541,0.0414171,0.935541,0.770226,0.0149205,0.0265894,0.000848373,-2.88442e-05,0.514031,0.0153782,-7.72261,-8.82237,15.0438,0.580492,1.14087,-16.6828,-0.909091,-0.153194,1.75936,1.20833,15.8333,0,0,42.7917,20.9583,0,-11.3826,0.0001,-0.00123194,0.134067,1.67451,0.120993,54750,0.108997,55.2,1.42625
548,0.419208,0.389631,0.0186975,0.0143658,0.624025,0.354443,0.840201,0.434491,0.0274627,0.0478153,0.0182461,0.188238,0.0110566,0,0.22486,0.102766,4.84252,0.0546458,0.300163,0.0903551,0.812735,6.64138,0.946514,0.93942,0.064952,0.36294,0.460135,0.207843,0.403011,0.403011,0,0,-0.00412776,0.0417297,0.934454,0.776272,0.014603,0.0261933,0.000911211,7.5047e-05,0.516342,0.0150209,-7.64646,-9.28992,14.8623,0.587827,1.13326,-16.4374,-0.909091,-0.154337,1.76316,0.666667,15.3333,0,0,38.8333,23.5,0,-11.3801,0.0001,-0.00120452,0.130312,1.69116,0.126254,54090,0.109016,54.04,1.48564
549,0.420019,0.39172,0.0186628,0.0141985,0.622363,0.356298,0.839865,0.438769,0.0275467,0.0478196,0.0183051,0.187735,0.0109789,0,0.224749,0.104237,4.86372,0.0546708,0.298944,0.0903658,0.816088,6.63581,0.946126,0.939532,0.0652368,0.366925,0.464208,0.207493,0.409744,0.409744,0,0,-0.00410434,0.0411907,0.934868,0.774342,0.0146533,0.0262534,0.00103989,0.000153662,0.516815,0.015096,-7.56229,-9.22519,14.9024,0.586067,1.13604,-16.47,-0.909091,-0.154023,1.77284,0.916667,16.0833,0,0,41.8333,22.25,0.0416667,-11.3817,0.0001,-0.00124445,0.130588,1.64719,0.129612,55326,0.109012,54.75,1.34971
550,0.421689,0.393729,0.0186612,0.0141995,0.62621,0.357482,0.840203,0.43654,0.0273952,0.0478891,0.018215,0.189235,0.0109098,0,0.226542,0.102888,4.87682,0.0545412,0.301128,0.0899137,0.813563,6.63626,0.945471,0.939538,0.064999,0.362583,0.461944,0.209046,0.399989,0.399989,0,0,-0.0041124,0.0415686,0.934678,0.775412,0.0145683,0.0261148,0.000916827,6.3481e-05,0.515504,0.0150126,-7.63258,-9.28077,14.8457,0.586935,1.13279,-16.4641,-0.909091,-0.155058,1.78181,1,15.9583,0,0,41.4583,22.625,0,-11.3842,0.0001,-0.00130525,0.128327,1.65149,0.12543,55322,0.109007,55.33,1.47334
551,0.42264,0.394805,0.0186733,0.0140531,0.626825,0.360028,0.839932,0.443687,0.0272581,0.0482585,0.0181254,0.189121,0.0108804,0,0.226184,0.105915,4.87597,0.0547325,0.300795,0.0896677,0.816887,6.64544,0.947214,0.939499,0.0647862,0.355513,0.465277,0.20901,0.424259,0.424259,0,0,-0.00413204,0.0401458,0.934491,0.776701,0.0144945,0.0259755,0.000893549,2.15459e-05,0.515022,0.0149376,-7.59172,-9.40179,14.7893,0.588575,1.13104,-16.4164,-0.909091,-0.15489,1.78511,1.33333,16.4583,0,0,39.125,22.9583,0,-11.3855,0.0001,-0.00124216,0.134049,1.69322,0.127131,54002,0.109018,54.18,1.54853
552,0.423512,0.394611,0.0186825,0.0141115,0.628418,0.359307,0.840373,0.439446,0.0270451,0.0486656,0.0179675,0.189573,0.0108791,0,0.22637,0.104766,4.87506,0.0549889,0.301255,0.0896626,0.813599,6.65127,0.947236,0.939469,0.0639663,0.349598,0.464741,0.209119,0.416508,0.416508,0,0,-0.00416235,0.0408287,0.934355,0.779572,0.0143458,0.0258202,0.000892356,2.73103e-05,0.514993,0.0147414,-7.4916,-9.56828,14.738,0.590605,1.13086,-16.2852,-0.909091,-0.155324,1.78546,1.25,16.8333,0,0,37.7083,23.625,0,-11.3859,0.0001,-0.00134996,0.128933,1.6473,0.131147,55275,0.109019,55.25,1.54148
553,0.418384,0.395361,0.0185998,0.0139862,0.622091,0.358153,0.84043,0.445098,0.0269928,0.0482457,0.0179564,0.186757,0.0108271,0,0.224794,0.105936,4.85576,0.0555337,0.299704,0.0891829,0.816073,6.65529,0.947301,0.939718,0.0645152,0.36,0.464457,0.206927,0.429518,0.429518,0,0,-0.00418511,0.0408328,0.934796,0.780943,0.0142479,0.0256469,0.000759373,-2.0793e-05,0.516657,0.0147576,-7.6433,-9.47631,14.6292,0.592564,1.1143,-16.4054,-0.908525,-0.1545,1.79048,1.08333,16.0417,0,0,40.625,23,0.0833333,-11.3864,0.0001,-0.00109745,0.133773,1.67141,0.122714,54792,0.109034,54.57,1.48929
554,0.420648,0.394138,0.0185918,0.0138856,0.623727,0.356816,0.839883,0.442221,0.0271733,0.048314,0.0180749,0.186519,0.0109046,0,0.224862,0.105122,4.85472,0.0548716,0.299172,0.0899021,0.814385,6.64453,0.947326,0.939763,0.0644757,0.356949,0.464877,0.206614,0.429092,0.429092,0,0,-0.00417396,0.0400607,0.934683,0.778643,0.014392,0.0258533,0.000792423,6.71932e-06,0.51605,0.0148701,-7.62364,-9.47583,14.6952,0.591737,1.12309,-16.3949,-0.909091,-0.155007,1.78218,1.16667,16.125,0,0,39.5833,23.0417,0,-11.3853,0.0001,-0.00102084,0.128727,1.65766,0.132598,54910,0.109052,54.43,1.43152
555,0.423957,0.396356,0.0186548,0.0137451,0.62764,0.360748,0.840462,0.441067,0.0271341,0.0479174,0.0180489,0.188357,0.0108476,0,0.226045,0.104848,4.86785,0.0546145,0.300976,0.0895015,0.817355,6.64896,0.946993,0.939558,0.0649396,0.362511,0.465262,0.208659,0.421688,0.421688,0,0,-0.00414212,0.0405658,0.934982,0.777456,0.0144202,0.0258361,0.00076311,-8.4087e-05,0.513965,0.0148801,-7.63774,-9.353,14.7868,0.587809,1.12308,-16.4117,-0.909091,-0.155194,1.79366,0.875,15.875,0,0,41.0833,23.125,0,-11.3843,0.0001,-0.00142458,0.130261,1.63997,0.127537,55617,0.109081,54.01,1.57276
556,0.417895,0.390627,0.0186341,0.0142432,0.62265,0.354535,0.839889,0.439549,0.0271921,0.0482697,0.0180653,0.187251,0.0109411,0,0.224584,0.104427,4.87997,0.0556082,0.299516,0.0897454,0.81477,6.6453,0.946628,0.93961,0.0645817,0.359911,0.462743,0.207095,0.417953,0.417953,0,0,-0.00415285,0.0409287,0.934473,0.777861,0.0144471,0.0259109,0.000822799,-2.02065e-05,0.514797,0.0148419,-7.57243,-9.4027,14.8287,0.588162,1.12515,-16.3503,-0.908629,-0.154258,1.76904,1.04167,16.2917,0,0,40.875,22.9583,0.125,-11.3827,0.0001,-0.00107962,0.132015,1.62284,0.122448,56325,0.109092,55.78,1.53545
557,0.421587,0.391261,0.0186374,0.0141465,0.625441,0.356003,0.84144,0.439042,0.0275739,0.0469544,0.0183529,0.188846,0.0108586,0,0.226134,0.104441,4.85163,0.0539033,0.300142,0.0902887,0.815604,6.63912,0.945291,0.939597,0.0652924,0.364452,0.465943,0.208903,0.416718,0.416718,0,0,-0.00410747,0.0410161,0.936253,0.775384,0.0145952,0.0261764,0.000858388,3.19958e-05,0.514722,0.015116,-7.61784,-8.91719,14.8107,0.585827,1.13097,-16.6851,-0.90855,-0.154759,1.7742,0.958333,14.6667,0,0,42.4167,22.0833,0.0416667,-11.3836,0.0001,-0.00128652,0.133575,1.67497,0.125207,54607,0.109103,54.65,1.56713
558,0.422805,0.395603,0.0187309,0.0138935,0.628196,0.360848,0.841803,0.438943,0.0272488,0.0482473,0.0180934,0.189345,0.0108859,0,0.225745,0.104535,4.83027,0.0544742,0.300199,0.0897775,0.817601,6.63878,0.946094,0.939312,0.0649389,0.364727,0.463139,0.209186,0.417213,0.417213,0,0,-0.00416062,0.0404191,0.934666,0.776411,0.0144783,0.0259742,0.000843388,4.5524e-06,0.514304,0.0148319,-7.52181,-9.40862,14.8483,0.587047,1.13273,-16.3493,-0.909091,-0.154877,1.79328,0.791667,16.25,0,0,41.0833,20.4583,0.0416667,-11.3837,0.0001,-0.0013874,0.130605,1.61176,0.127558,56518,0.109112,55.38,1.68835
559,0.420512,0.391174,0.0186217,0.0140303,0.623544,0.355164,0.841777,0.442062,0.0269817,0.0486788,0.0179444,0.187262,0.01086,0,0.224909,0.105815,4.84153,0.0548843,0.299132,0.0894739,0.815777,6.65267,0.947039,0.939666,0.0643664,0.356666,0.465912,0.207241,0.423119,0.423119,0,0,-0.00417983,0.0407209,0.934835,0.780525,0.0142804,0.025682,0.00097822,0.000139069,0.517197,0.0147152,-7.46749,-9.525,14.6821,0.59141,1.12057,-16.3244,-0.909091,-0.154572,1.77419,1.20833,16.5833,0,0,40.5,23.7917,0,-11.3839,0.0001,-0.00130286,0.132054,1.65484,0.121312,55346,0.109123,56.5,1.55226
560,0.424087,0.395387,0.0185701,0.0139512,0.627819,0.35866,0.841598,0.444838,0.0268316,0.0481983,0.0178494,0.187631,0.0107124,0,0.226108,0.106546,4.81993,0.0537738,0.300269,0.0886804,0.817854,6.66282,0.947864,0.939833,0.0637936,0.350439,0.468254,0.207788,0.434434,0.434434,0,0,-0.00418284,0.0395004,0.934972,0.781804,0.014201,0.0255095,0.000841026,3.20254e-05,0.516075,0.0146614,-7.55729,-9.47125,14.6319,0.592301,1.11595,-16.3612,-0.909091,-0.155921,1.79352,0.916667,15.9583,0,0,39.625,23.25,0,-11.3864,0.0001,-0.00124379,0.140021,1.63965,0.124002,55738,0.109088,54.87,1.69569
561,0.42688,0.398368,0.0185654,0.0138421,0.629855,0.361412,0.841883,0.442812,0.0277339,0.0473496,0.0184597,0.189765,0.0109419,0,0.227749,0.105502,4.82534,0.05492,0.300737,0.0910766,0.815013,6.64348,0.945759,0.939848,0.0645015,0.359824,0.467042,0.209312,0.41958,0.41958,0,0,-0.00411857,0.0414056,0.936284,0.775765,0.0146939,0.0263244,0.00108888,0.00024789,0.517327,0.0152118,-7.44019,-8.91434,14.8208,0.588151,1.12844,-16.6685,-0.909091,-0.156512,1.80589,0.791667,14.3333,0,0,42.0417,23.6667,0,-11.3917,0.0001,-0.00131551,0.135747,1.60386,0.124387,56880,0.109081,53.57,1.35444
562,0.425053,0.398874,0.0185627,0.013677,0.6276,0.361212,0.842023,0.446814,0.0271832,0.0475943,0.018093,0.188367,0.0108531,0,0.227062,0.107002,4.83538,0.0534965,0.300122,0.0894262,0.817949,6.65612,0.947328,0.939857,0.064488,0.360951,0.467376,0.208596,0.435994,0.435994,0,0,-0.00414038,0.0400775,0.935855,0.777517,0.0144405,0.0258176,0.000956579,0.000106393,0.515938,0.0149329,-7.61137,-9.19266,14.7424,0.588297,1.11703,-16.5179,-0.909091,-0.156052,1.8095,0.916667,14.5,0,0,41.2917,22.375,0,-11.3907,0.0001,-0.00132029,0.135833,1.5993,0.123441,57062,0.109116,54.65,1.74379
563,0.423008,0.397784,0.0185484,0.0138932,0.624931,0.359648,0.841702,0.444565,0.0273794,0.0471923,0.0182307,0.187283,0.0108347,0,0.225638,0.106,4.82223,0.0541132,0.299512,0.0896441,0.818479,6.65366,0.94717,0.939903,0.0644904,0.355445,0.467139,0.207241,0.418755,0.418755,0,0,-0.0041356,0.0399767,0.93626,0.77721,0.0145001,0.0259718,0.000928488,0.000112029,0.516496,0.0150311,-7.59651,-8.99902,14.7294,0.588264,1.12135,-16.6429,-0.909091,-0.155464,1.80312,0.916667,14.9583,0,0,41.875,22.9167,0,-11.3878,0.0001,-0.00126597,0.12784,1.62455,0.126601,56136,0.109152,57.04,1.75433
564,0.422194,0.396499,0.0185154,0.0140272,0.623996,0.358504,0.8419,0.44503,0.0272881,0.0471655,0.0181613,0.187089,0.0109202,0,0.226016,0.106166,4.81436,0.0542995,0.299809,0.0899186,0.816015,6.65092,0.94732,0.94001,0.0640427,0.356806,0.467182,0.20722,0.41737,0.41737,0,0,-0.00413762,0.0411934,0.935887,0.778183,0.0144848,0.025916,0.000884304,8.25683e-05,0.516852,0.0149689,-7.57204,-9.0932,14.8001,0.587397,1.11714,-16.5231,-0.909091,-0.155424,1.79979,1.04167,14.4167,0,0,39.5417,23,0,-11.3846,0.0001,-0.00130264,0.134207,1.64286,0.130836,55423,0.109192,56.62,1.7837
565,0.424926,0.396791,0.0185879,0.0140572,0.627892,0.360686,0.842623,0.44236,0.0271822,0.0478182,0.0180927,0.188439,0.0108619,0,0.226284,0.105666,4.82824,0.0543506,0.299418,0.0894167,0.816286,6.65124,0.946829,0.939775,0.0642591,0.351972,0.468091,0.208179,0.412891,0.412891,0,0,-0.0041545,0.0405846,0.93593,0.778694,0.0144121,0.0258475,0.000943468,9.69916e-05,0.515408,0.0148468,-7.42489,-9.219,14.7541,0.587999,1.12288,-16.4622,-0.909091,-0.155706,1.80105,0.875,15.75,0,0,41.5417,23.4583,0,-11.382,0.0001,-0.00119162,0.13131,1.65661,0.126573,55128,0.109203,54.28,1.51618
566,0.423568,0.395927,0.0185879,0.0138583,0.628435,0.359337,0.842897,0.443816,0.0268321,0.0482689,0.0178493,0.188486,0.0108398,0,0.226689,0.106387,4.84704,0.0551688,0.29943,0.088813,0.816704,6.66242,0.948435,0.939775,0.0636605,0.34624,0.466822,0.208461,0.430529,0.430529,0,0,-0.00419144,0.0399387,0.935419,0.781407,0.0142095,0.0255126,0.00104318,0.000174423,0.517027,0.0146522,-7.41173,-9.49677,14.6703,0.590489,1.11126,-16.3132,-0.909091,-0.155965,1.79768,1.375,15.375,0,0,36.9167,23.8333,0,-11.3821,0.0001,-0.00108566,0.132636,1.65522,0.128589,55108,0.10923,55.08,1.90382
567,0.42563,0.400948,0.0185437,0.0136977,0.628008,0.362937,0.842667,0.449313,0.0272374,0.0470324,0.0181425,0.188199,0.010726,0,0.227063,0.107912,4.82233,0.0531088,0.299593,0.0891664,0.81854,6.6554,0.94699,0.939918,0.0642797,0.357062,0.468753,0.208509,0.435331,0.435331,0,0,-0.00414447,0.0395247,0.936673,0.778508,0.0144048,0.0258077,0.000904004,8.303e-05,0.516337,0.0149187,-7.58935,-8.98712,14.7116,0.587474,1.11701,-16.6343,-0.909091,-0.156199,1.82124,0.708333,14.6667,0,0,42.5,23.1667,0,-11.3795,0.0001,-0.000945795,0.130395,1.68342,0.12717,54293,0.109251,55.72,1.67795
568,0.426289,0.398056,0.0185191,0.0137965,0.626572,0.359959,0.842757,0.442611,0.0273162,0.0469718,0.0181833,0.188699,0.0108044,0,0.227503,0.105617,4.81534,0.0539883,0.300031,0.0895969,0.818484,6.65428,0.947546,0.939998,0.0644023,0.353491,0.468667,0.208637,0.41538,0.41538,0,0,-0.00414062,0.040787,0.936411,0.777768,0.0144845,0.0259399,0.00102641,0.000191557,0.517803,0.0149544,-7.44572,-9.02065,14.7852,0.586225,1.11961,-16.571,-0.909091,-0.15608,1.80823,0.791667,15.125,0,0,40.6667,22.625,0,-11.3805,0.0001,-0.00115574,0.13499,1.61378,0.124528,56551,0.109242,55.58,1.42535
569,0.427033,0.398062,0.0185074,0.0137962,0.628802,0.359937,0.842545,0.442231,0.0271426,0.0476091,0.0180667,0.189228,0.0108263,0,0.228394,0.105348,4.80398,0.0535748,0.300122,0.0891519,0.815292,6.65478,0.947907,0.940036,0.0640666,0.352279,0.467915,0.209302,0.41893,0.41893,0,0,-0.00414074,0.0418401,0.936393,0.780706,0.0143214,0.0257777,0.00106979,0.000222295,0.518106,0.0147932,-7.35445,-9.15961,14.711,0.588861,1.12094,-16.5288,-0.909091,-0.156737,1.8066,1.125,15.75,0,0,39.9583,23.375,0,-11.3836,0.0001,-0.00106404,0.131116,1.55945,0.12115,58493,0.109223,54.09,1.76065
570,0.42447,0.394994,0.0184964,0.0139021,0.627665,0.356992,0.841821,0.443026,0.0271226,0.0466592,0.0180598,0.188641,0.0107111,0,0.228126,0.105775,4.8149,0.0535384,0.300101,0.0890363,0.816738,6.66676,0.947873,0.940072,0.0641057,0.35324,0.468034,0.208872,0.419622,0.419622,0,0,-0.00414165,0.0413469,0.93718,0.77982,0.0143572,0.0256914,0.000964517,0.000153136,0.51737,0.0149069,-7.52463,-9.01392,14.6045,0.589224,1.1062,-16.6354,-0.909091,-0.156555,1.79208,1.125,14.4167,0,0,40.5417,24.875,0,-11.3848,0.0001,-0.00126401,0.126987,1.55547,0.124986,58498,0.109248,56.36,1.63424
571,0.428506,0.402017,0.0184968,0.0136928,0.631137,0.362835,0.843292,0.446169,0.0269255,0.0474076,0.0179398,0.189196,0.0105923,0,0.228477,0.106919,4.81631,0.0538881,0.299905,0.0883204,0.819203,6.66126,0.947813,0.94007,0.0640847,0.35004,0.469715,0.20913,0.424079,0.424079,0,0,-0.00417651,0.0393805,0.93655,0.780768,0.0142274,0.025503,0.00103402,0.000167271,0.516448,0.0147266,-7.48675,-9.24267,14.5741,0.591657,1.11244,-16.5222,-0.909091,-0.157385,1.82723,1.04167,14.75,0,0,39.125,21.9583,0.0416667,-11.3814,0.0001,-0.00110114,0.133855,1.59724,0.121753,57187,0.109279,55.12,1.7168
572,0.425394,0.39773,0.0185458,0.01382,0.628027,0.360329,0.843717,0.44454,0.0270206,0.0476247,0.0179862,0.18867,0.010659,0,0.227333,0.106733,4.82394,0.0550772,0.298703,0.0886817,0.81512,6.65827,0.94705,0.939911,0.0643719,0.350577,0.46761,0.208738,0.424647,0.424647,0,0,-0.00414849,0.0412572,0.93626,0.781662,0.0142479,0.0256296,0.00104553,0.000211546,0.518102,0.0147657,-7.4395,-9.21756,14.6448,0.590171,1.11098,-16.5215,-0.909091,-0.156346,1.8099,0.75,15.125,0,0,39.625,25.4167,0,-11.3802,0.0001,-0.00094092,0.13175,1.60068,0.126408,56919,0.109297,55.19,1.52578
573,0.424273,0.400365,0.0184526,0.0134858,0.626046,0.360903,0.84293,0.44819,0.0271533,0.0474221,0.0180937,0.187367,0.0107755,0,0.226548,0.107571,4.79558,0.0545241,0.299157,0.0890809,0.817935,6.6541,0.947593,0.940214,0.0639067,0.352916,0.467727,0.207003,0.438075,0.438075,0,0,-0.00417079,0.0400758,0.9367,0.780045,0.0143347,0.0256928,0.00106302,0.000255073,0.518092,0.014836,-7.4823,-9.08573,14.6194,0.591337,1.11094,-16.5871,-0.909091,-0.15646,1.81976,0.916667,15.2083,0,0,40.2083,22.8333,0,-11.3807,0.0001,-0.00125802,0.132601,1.57547,0.122139,57907,0.109295,56.4,1.6664
574,0.422743,0.393027,0.0186653,0.0142564,0.626793,0.357716,0.843186,0.440835,0.0268378,0.0498031,0.0178301,0.188341,0.0108859,0,0.22506,0.104948,4.83869,0.0554229,0.298208,0.0893087,0.817608,6.65209,0.947569,0.939524,0.0644738,0.349715,0.465193,0.20803,0.414586,0.414586,0,0,-0.00426512,0.0401782,0.933805,0.781981,0.0141698,0.0255883,0.000829774,4.04697e-06,0.514562,0.0144509,-7.35781,-9.76254,14.7921,0.590232,1.12501,-16.1064,-0.909091,-0.154962,1.78547,0.958333,18.2917,0,0,40.3333,22.1667,0,-11.3826,0.0001,-0.00116596,0.135511,1.58834,0.132673,57119,0.109313,54.98,1.53519
575,0.42994,0.403813,0.0185391,0.0133898,0.631472,0.365305,0.842924,0.446602,0.027046,0.0484278,0.0180128,0.190195,0.010784,0,0.228739,0.107265,4.80442,0.0542327,0.300444,0.0891367,0.816623,6.65705,0.947005,0.939933,0.0643816,0.354083,0.470051,0.20999,0.429448,0.429448,0,0,-0.00419261,0.0398894,0.936144,0.78182,0.014225,0.0256624,0.00108416,0.000219421,0.517289,0.0146826,-7.3314,-9.29705,14.6605,0.590631,1.11738,-16.4591,-0.909091,-0.157096,1.8334,0.833333,15.0833,0,0,40.6667,23.0833,0.0416667,-11.3818,0.0001,-0.00126192,0.130146,1.63125,0.122613,56049,0.109332,56.03,1.81804
576,0.427958,0.399279,0.0187089,0.0138239,0.632688,0.364575,0.843304,0.440386,0.0268488,0.0493745,0.0178399,0.190809,0.0108565,0,0.2276,0.105266,4.86223,0.0553237,0.299547,0.0890357,0.817354,6.65544,0.947689,0.939383,0.0645877,0.35473,0.466869,0.210771,0.414351,0.414351,0,0,-0.0042148,0.0402064,0.935089,0.781729,0.014159,0.0255793,0.000971631,6.77158e-05,0.515115,0.0144884,-7.28913,-9.53596,14.8259,0.587071,1.12076,-16.2088,-0.909091,-0.156106,1.81221,0.916667,16.4583,0,0,39.7083,23.2083,0,-11.3822,0.0001,-0.00121815,0.133984,1.61911,0.122087,56457,0.109348,54.57,1.56407
577,0.429698,0.398328,0.0186262,0.0139998,0.631929,0.362598,0.843726,0.443271,0.0272502,0.047873,0.0181284,0.190356,0.0107669,0,0.227865,0.106442,4.8418,0.0545617,0.299947,0.0895566,0.817811,6.65179,0.94691,0.939651,0.0647056,0.351017,0.471561,0.210137,0.412847,0.412847,0,0,-0.00416722,0.0397076,0.936324,0.778261,0.0144185,0.0259146,0.00108626,0.000180372,0.516211,0.014802,-7.27926,-9.14023,14.8573,0.584817,1.1263,-16.4489,-0.909091,-0.15642,1.81066,0.708333,15.375,0,0,40.9583,21.3333,0,-11.3793,0.0001,-0.00105913,0.13105,1.60542,0.122199,56901,0.109398,53.96,1.59215
578,0.429765,0.400476,0.0185804,0.0136462,0.632385,0.362801,0.84389,0.443663,0.0268785,0.0488075,0.0178856,0.190331,0.0107951,0,0.228509,0.106246,4.80918,0.0550732,0.299838,0.0886126,0.81822,6.65552,0.947629,0.939799,0.0642777,0.350276,0.4693,0.210115,0.427977,0.427977,0,0,-0.00421362,0.039488,0.935649,0.781528,0.0141795,0.0255424,0.00104994,0.000155586,0.516586,0.0145427,-7.28529,-9.50624,14.7187,0.588655,1.11737,-16.3015,-0.909091,-0.15706,1.81967,1.25,16.9583,0,0,40.25,23.2083,0,-11.375,0.0001,-0.0013232,0.134325,1.5916,0.121604,57380,0.10942,54.32,1.70581
579,0.431716,0.4025,0.0185965,0.0136529,0.634311,0.365123,0.843795,0.44333,0.0268104,0.0493449,0.0178285,0.190435,0.0108371,0,0.228552,0.106267,4.82829,0.0559037,0.300156,0.0887963,0.817461,6.65589,0.947898,0.939747,0.0640811,0.343411,0.469619,0.210155,0.41881,0.41881,0,0,-0.00423751,0.0388595,0.935248,0.78236,0.0141053,0.0255018,0.000957855,0.000100143,0.515998,0.0144462,-7.26127,-9.62395,14.7369,0.58957,1.1199,-16.2208,-0.909091,-0.157462,1.82949,0.833333,17,0,0,38.4583,23.2083,0,-11.3752,0.0001,-0.00128987,0.135452,1.61524,0.126895,56427,0.109435,54.92,1.6598
580,0.428112,0.396703,0.0186981,0.0139766,0.631315,0.361119,0.844323,0.437068,0.0270535,0.0491985,0.0179869,0.1907,0.010941,0,0.227539,0.103902,4.86796,0.055721,0.299209,0.089625,0.817074,6.64585,0.947001,0.939418,0.0647427,0.3538,0.465982,0.21038,0.398699,0.398699,0,0,-0.00420449,0.0405439,0.935208,0.78023,0.0142857,0.0257866,0.00106319,0.000178341,0.516349,0.014607,-7.20309,-9.51939,14.8548,0.585909,1.1278,-16.2453,-0.909091,-0.15603,1.80315,0.958333,16.9167,0,0,37.75,23.4583,0.0416667,-11.3732,0.0001,-0.00117942,0.135152,1.57318,0.122919,57958,0.109478,54.23,1.65885
581,0.428288,0.395787,0.0185257,0.013855,0.631361,0.358287,0.844074,0.439365,0.0271353,0.0486297,0.0180784,0.189599,0.0108297,0,0.228184,0.104933,4.83362,0.0550833,0.29928,0.0893017,0.816754,6.65294,0.947254,0.939959,0.0644602,0.352406,0.468548,0.209215,0.415166,0.415166,0,0,-0.00419981,0.0395028,0.935974,0.780783,0.0142791,0.0257492,0.00101173,0.000185223,0.517331,0.0146755,-7.29169,-9.26523,14.7397,0.588135,1.11892,-16.4411,-0.90855,-0.157177,1.80046,0.791667,16.3333,0,0,41.375,23.3333,0.0416667,-11.3698,0.0001,-0.00140968,0.135854,1.5868,0.120787,57568,0.109512,55.03,1.44327
582,0.429177,0.39856,0.0185682,0.0138532,0.633245,0.360331,0.843739,0.441366,0.026923,0.0487637,0.0179185,0.191252,0.0108619,0,0.229828,0.10531,4.81864,0.0553364,0.30103,0.0893494,0.816933,6.65645,0.947433,0.939839,0.0641755,0.350965,0.467625,0.211017,0.405317,0.405317,0,0,-0.00422087,0.0390716,0.935763,0.780779,0.014214,0.025577,0.000998867,0.000150786,0.515973,0.0146049,-7.33188,-9.45567,14.7137,0.587933,1.1153,-16.3192,-0.909091,-0.157516,1.8115,0.875,15.625,0,0,39.4583,22.9583,0,-11.3706,0.0001,-0.000991433,0.142919,1.56944,0.121955,58119,0.109496,53.78,1.66044
583,0.432465,0.398248,0.0185977,0.0137083,0.637216,0.361911,0.844099,0.437755,0.0270364,0.0483938,0.0179894,0.192693,0.0107357,0,0.23095,0.104681,4.82946,0.0543015,0.301542,0.0888106,0.817613,6.66057,0.947537,0.939729,0.0645177,0.350605,0.469653,0.212804,0.405964,0.405964,0,0,-0.00417542,0.0395649,0.936426,0.780711,0.0142547,0.0256574,0.000991768,0.000120793,0.515926,0.0146746,-7.27551,-9.26542,14.756,0.586169,1.11671,-16.4296,-0.90866,-0.157903,1.8108,0.916667,16.3333,0,0,41.2917,23.1667,0.0416667,-11.3763,0.0001,-0.000975552,0.134274,1.5425,0.122557,59039,0.109466,55.81,1.70885
584,0.428,0.399732,0.018495,0.0137071,0.632211,0.361395,0.843302,0.443465,0.0272373,0.0481829,0.0181203,0.19098,0.0108623,0,0.229706,0.105838,4.81327,0.0548502,0.300634,0.089702,0.817785,6.65297,0.947189,0.940076,0.0639792,0.352947,0.469363,0.21035,0.421574,0.421574,0,0,-0.00417403,0.0396258,0.936416,0.779103,0.0143783,0.0258622,0.0010405,0.000183545,0.516038,0.0148104,-7.27636,-9.23089,14.7277,0.589034,1.11979,-16.466,-0.909091,-0.15762,1.81713,0.833333,14.8333,0,0,39.75,23.125,0,-11.3809,0.0001,-0.00113249,0.139271,1.53498,0.117984,59471,0.109443,52.96,1.39087
585,0.430002,0.39964,0.018555,0.013692,0.633792,0.361395,0.844006,0.443213,0.0269142,0.0484772,0.0179282,0.190113,0.0106564,0,0.229021,0.106392,4.81255,0.0550604,0.300186,0.0884434,0.820811,6.65667,0.947753,0.939882,0.0644902,0.354799,0.46994,0.210113,0.418876,0.418876,0,0,-0.00421877,0.037333,0.936167,0.781375,0.0141514,0.0255047,0.000843038,1.60923e-05,0.515312,0.0146418,-7.40913,-9.36783,14.628,0.590151,1.1118,-16.4449,-0.909091,-0.157705,1.81772,0.541667,15.5417,0,0,41.2083,21.5833,0.0416667,-11.3829,0.0001,-0.00106477,0.138705,1.54624,0.121849,58932,0.109466,56.54,1.97557
586,0.429769,0.401605,0.0184858,0.013268,0.633529,0.361978,0.843794,0.44166,0.0275241,0.0475472,0.0183333,0.190589,0.0108852,0,0.229732,0.105412,4.82341,0.0549898,0.301027,0.0898894,0.81747,6.65923,0.947558,0.940106,0.0642412,0.352349,0.466911,0.210341,0.431932,0.431932,0,0,-0.00417091,0.0383645,0.936845,0.778361,0.0144743,0.0260409,0.000794594,3.22121e-05,0.516027,0.0149535,-7.46646,-8.85357,14.7855,0.586534,1.11759,-16.6835,-0.909091,-0.158181,1.82576,0.458333,14.4583,0,0,41.1667,23.0833,0,-11.3804,0.0001,-0.00130074,0.137257,1.53622,0.120213,59346,0.10949,54.82,1.60125
587,0.427503,0.398362,0.0185853,0.0137045,0.631713,0.360832,0.844074,0.443898,0.0268844,0.048764,0.0179024,0.190233,0.0106841,0,0.22868,0.106888,4.82928,0.0561139,0.29954,0.0884726,0.820027,6.65913,0.947691,0.939784,0.0646556,0.355541,0.46949,0.210217,0.431372,0.431372,0,0,-0.00422017,0.0381412,0.936174,0.781247,0.0141232,0.0255019,0.000890585,4.75569e-07,0.513664,0.0145685,-7.296,-9.40158,14.6953,0.587586,1.11375,-16.3917,-0.909091,-0.156855,1.81129,0.708333,15.8333,0,0,41.6667,21.9167,0,-11.3797,0.0001,-0.00109573,0.142126,1.51768,0.122698,59927,0.109509,54.72,1.63929
588,0.427781,0.402821,0.0185122,0.013387,0.631495,0.363376,0.843548,0.445778,0.0273493,0.047768,0.0182308,0.189818,0.0107837,0,0.228693,0.106759,4.83102,0.055697,0.300154,0.0891991,0.818108,6.65649,0.947039,0.94002,0.0643419,0.353365,0.467857,0.209537,0.43772,0.43772,0,0,-0.00419242,0.0378281,0.936873,0.778519,0.0144431,0.0258891,0.000804446,1.9845e-05,0.515061,0.0149063,-7.41918,-8.94713,14.7625,0.586457,1.11342,-16.6104,-0.909091,-0.15755,1.83178,0.833333,14.375,0,0,41.75,21.75,0.0416667,-11.3771,0.0001,-0.000911158,0.14018,1.51924,0.122751,59868,0.109552,54.14,1.6583
589,0.431113,0.403586,0.01843,0.0134272,0.634144,0.362416,0.843346,0.445617,0.0271833,0.0476034,0.0181327,0.191019,0.0107062,0,0.231186,0.106693,4.8156,0.0553587,0.300765,0.0887807,0.818832,6.659,0.947975,0.940287,0.0642546,0.352586,0.469733,0.210718,0.423413,0.423413,0,0,-0.00419247,0.0375923,0.937386,0.780172,0.0142905,0.0256907,0.00084743,1.79553e-05,0.514789,0.0148097,-7.43626,-8.96795,14.6534,0.588507,1.10918,-16.6548,-0.909091,-0.158899,1.83565,0.833333,14.3333,0,0,41.8333,22,0,-11.3747,0.0001,-0.00113763,0.138861,1.54023,0.119632,59224,0.109561,55.61,1.49873
590,0.429202,0.400469,0.0184971,0.0136555,0.633527,0.36176,0.843647,0.444229,0.0272942,0.0474726,0.0181787,0.190822,0.0107446,0,0.230236,0.106775,4.82933,0.0552663,0.301029,0.0892755,0.819509,6.66089,0.947909,0.940054,0.064436,0.355247,0.469888,0.210802,0.418122,0.418122,0,0,-0.00417903,0.0379232,0.937262,0.779344,0.0143644,0.0258347,0.000691124,-9.63687e-05,0.514186,0.0148829,-7.45993,-8.92883,14.7209,0.586671,1.10939,-16.6575,-0.908617,-0.157954,1.8205,0.5,13.8333,0,0,40.9583,21.6667,0.0833333,-11.3769,0.0001,-0.0012345,0.138212,1.53942,0.118654,59288,0.109562,56.02,1.72772
591,0.429464,0.404375,0.0185025,0.0135469,0.63276,0.36421,0.84388,0.448081,0.0274342,0.0471938,0.018276,0.190252,0.0107558,0,0.229399,0.107907,4.82816,0.0554788,0.300682,0.0893511,0.819835,6.65936,0.947846,0.940052,0.0646499,0.356469,0.469449,0.20991,0.428875,0.428875,0,0,-0.00419087,0.0366385,0.937195,0.777332,0.0144604,0.025978,0.000714582,-5.01132e-05,0.514952,0.0149122,-7.42474,-8.88476,14.8381,0.583394,1.11633,-16.6403,-0.909091,-0.157987,1.84011,0.666667,14.875,0,0,42.5,22.4583,0,-11.3784,0.0001,-0.00101384,0.134102,1.53568,0.118843,59415,0.109567,55.93,1.87836
592,0.431801,0.405153,0.0184343,0.0132779,0.633989,0.365335,0.843301,0.447867,0.0273171,0.0472909,0.0182286,0.190241,0.0107891,0,0.230001,0.107581,4.84087,0.0554984,0.300274,0.0889537,0.820089,6.65491,0.94714,0.940273,0.0646042,0.356258,0.472043,0.209968,0.433606,0.433606,0,0,-0.00417154,0.036745,0.937404,0.77875,0.0143884,0.0258264,0.000752966,-6.79841e-05,0.513556,0.0148828,-7.38751,-8.85943,14.7412,0.586259,1.11362,-16.6863,-0.909091,-0.158454,1.84182,0.791667,14.2917,0,0,42.5,21.375,0,-11.3792,0.0001,-0.00134989,0.135462,1.51863,0.11857,60043,0.10958,55.18,1.66997
593,0.42701,0.395001,0.0185423,0.0138768,0.632582,0.356875,0.843609,0.438079,0.0275293,0.0472804,0.0183403,0.190695,0.0108349,0,0.22948,0.104437,4.85608,0.0560003,0.300629,0.0895502,0.818816,6.64613,0.947324,0.939923,0.0648496,0.35808,0.466571,0.210526,0.403563,0.403563,0,0,-0.00416585,0.0377371,0.937195,0.775668,0.0145621,0.0260825,0.000726863,-8.24743e-05,0.513392,0.0150244,-7.41735,-8.78066,14.9431,0.580945,1.11783,-16.6666,-0.909091,-0.157512,1.79734,0.833333,14.6667,0,0,43.5417,22.4167,0,-11.3804,0.0001,-0.00119554,0.140896,1.56193,0.119758,58455,0.109571,55.76,1.41853
594,0.432521,0.40195,0.0185222,0.0136956,0.635439,0.363689,0.844422,0.444183,0.0272919,0.0476709,0.0181928,0.191486,0.0107605,0,0.230415,0.106719,4.82683,0.0551814,0.301282,0.0891723,0.818521,6.65689,0.947384,0.939988,0.06454,0.358505,0.470058,0.211548,0.417133,0.417133,0,0,-0.00418424,0.0374297,0.937324,0.779718,0.0143415,0.0258178,0.000703792,-9.67777e-05,0.514395,0.0148287,-7.36612,-8.90474,14.7724,0.585619,1.11217,-16.6387,-0.909091,-0.158135,1.82927,0.625,13.9583,0,0,40.9583,21.75,0.0416667,-11.3816,0.0001,-0.00106641,0.141035,1.57482,0.121879,57938,0.109593,54.44,1.71484
595,0.426798,0.399512,0.0184573,0.0137147,0.630786,0.360653,0.842898,0.445038,0.0274041,0.0474828,0.0182713,0.189337,0.0107482,0,0.228786,0.106622,4.84591,0.0563692,0.299649,0.0891126,0.817954,6.65392,0.948252,0.940198,0.0643378,0.351732,0.468773,0.209349,0.418299,0.418299,0,0,-0.00415986,0.0377635,0.937386,0.77855,0.0144439,0.0259304,0.000739958,-4.57858e-05,0.515282,0.014944,-7.38425,-8.74067,14.8174,0.584503,1.11458,-16.7138,-0.909091,-0.157477,1.8167,0.666667,13.9167,0,0,42.9167,21.7917,0,-11.3771,0.0001,-0.0011683,0.140853,1.60147,0.121499,57055,0.109647,55.57,1.67418
596,0.427582,0.401474,0.0183715,0.0134199,0.630796,0.360249,0.843369,0.449306,0.0274025,0.0466734,0.0182825,0.188686,0.0107235,0,0.229558,0.108253,4.80815,0.0552392,0.299524,0.089108,0.820261,6.66502,0.948397,0.940476,0.0640833,0.356717,0.471383,0.208796,0.431728,0.431728,0,0,-0.00416704,0.0373331,0.938222,0.778792,0.0144528,0.025851,0.000701778,-6.11127e-05,0.515994,0.0150152,-7.52709,-8.61678,14.7171,0.585888,1.10112,-16.8139,-0.909091,-0.15832,1.82651,0.541667,12.5833,0,0,42.9583,22,0,-11.3729,0.0001,-0.00122155,0.137727,1.57022,0.119418,58180,0.109684,56.15,1.69144
597,0.427003,0.398046,0.018481,0.0139013,0.6312,0.358784,0.843973,0.444836,0.027025,0.0475893,0.0180228,0.189667,0.0106905,0,0.229379,0.106728,4.82056,0.0553895,0.300543,0.0883436,0.821333,6.66462,0.948953,0.940122,0.064217,0.352683,0.469714,0.209865,0.419051,0.419051,0,0,-0.00419306,0.0370962,0.937472,0.780895,0.0142035,0.0255412,0.000530077,-0.000265735,0.512519,0.014747,-7.45903,-9.01933,14.6387,0.587193,1.10339,-16.6247,-0.909091,-0.157513,1.81204,0.666667,14.2083,0,0,42.0417,22.2083,0,-11.3704,0.0001,-0.00117264,0.140148,1.601,0.124263,56979,0.109713,56.1,1.89252
598,0.432419,0.403722,0.0183663,0.0134646,0.635344,0.36285,0.843856,0.448408,0.0268549,0.0474556,0.0179056,0.191047,0.010634,0,0.232034,0.107915,4.82304,0.0560244,0.302018,0.0879284,0.820533,6.67152,0.94916,0.940473,0.0635399,0.349468,0.473301,0.211296,0.420866,0.420866,0,0,-0.00420495,0.0369647,0.937408,0.782549,0.0141186,0.0253644,0.000657063,-0.000126319,0.51549,0.014649,-7.47001,-9.06563,14.6165,0.588279,1.09658,-16.5683,-0.90846,-0.159345,1.83686,0.875,14.7083,0,0,40.9167,22.0833,0.0416667,-11.3684,0.0001,-0.000992365,0.135237,1.62391,0.124114,56237,0.109735,55.4,1.58099
599,0.421345,0.394387,0.0184614,0.0138253,0.625455,0.354246,0.844249,0.442703,0.0271684,0.0486501,0.0180858,0.18802,0.0107377,0,0.22747,0.105867,4.8388,0.0571499,0.298545,0.0895145,0.81779,6.6569,0.947955,0.940185,0.0639477,0.347892,0.46681,0.207556,0.417236,0.417236,0,0,-0.00423925,0.0385581,0.935857,0.781308,0.0142554,0.025755,0.000689138,-9.13107e-05,0.513718,0.0146823,-7.36101,-9.23808,14.7565,0.588285,1.11381,-16.4617,-0.909091,-0.156524,1.79809,0.583333,15.4167,0,0,40.25,21.9583,0,-11.3676,0.0001,-0.0010941,0.135537,1.58497,0.119505,57673,0.109758,55.74,1.65479
600,0.428287,0.401114,0.0184723,0.0137448,0.6308,0.361883,0.84367,0.447053,0.0274217,0.0468318,0.018293,0.188411,0.0106566,0,0.228017,0.107578,4.85179,0.0554281,0.298784,0.0889508,0.823301,6.65995,0.947936,0.94015,0.0645633,0.360264,0.471724,0.20855,0.415402,0.415402,0,0,-0.00417307,0.0358866,0.938241,0.777261,0.0144439,0.0259002,0.000624424,-0.000160404,0.513485,0.0149784,-7.45564,-8.65204,14.8306,0.58137,1.10949,-16.7756,-0.909091,-0.157432,1.82525,0.791667,13.875,0,0,44.4583,21.125,0,-11.3653,0.0001,-0.00116686,0.13417,1.59795,0.126586,57002,0.109795,55.67,1.97229
601,0.428965,0.403219,0.0184445,0.0134324,0.632448,0.362759,0.84422,0.449828,0.0272767,0.0467677,0.0182006,0.189338,0.0105991,0,0.229276,0.108641,4.82528,0.0554722,0.300062,0.0887747,0.822027,6.66634,0.94827,0.94024,0.0640877,0.353943,0.471699,0.209396,0.441804,0.441804,0,0,-0.00418764,0.0355618,0.938265,0.779402,0.0143176,0.0256988,0.00069207,-9.33172e-05,0.514497,0.014886,-7.53579,-8.71216,14.6554,0.585912,1.10218,-16.8153,-0.909091,-0.158218,1.83581,0.666667,13.5417,0,0,43.3333,22.1667,0,-11.3639,0.0001,-0.00115716,0.141474,1.54496,0.12309,58933,0.109801,55.22,1.677
602,0.43123,0.402285,0.0184301,0.0134862,0.634756,0.361267,0.844723,0.445393,0.0272101,0.0471615,0.0181578,0.190256,0.0105837,0,0.230677,0.107241,4.8378,0.0561269,0.30086,0.0883688,0.821229,6.66242,0.947669,0.940269,0.064152,0.350484,0.470881,0.210337,0.422708,0.422708,0,0,-0.00420105,0.0357265,0.937744,0.779963,0.0142814,0.025697,0.000620841,-0.000144423,0.513154,0.0147918,-7.46159,-8.85542,14.7037,0.585067,1.10761,-16.7052,-0.90855,-0.158899,1.83407,0.625,14.5833,0,0,42.125,22.1667,0.0416667,-11.3654,0.0001,-0.00108607,0.13629,1.55575,0.121626,58605,0.10981,54.98,1.87871
603,0.423992,0.39796,0.018482,0.0137184,0.630543,0.358282,0.844555,0.444567,0.0273793,0.0478766,0.0182318,0.189725,0.0108083,0,0.22858,0.106663,4.82342,0.0558695,0.299773,0.0894014,0.820652,6.65734,0.948119,0.940102,0.063894,0.350412,0.468545,0.209121,0.419193,0.419193,0,0,-0.00421762,0.0365263,0.937053,0.779706,0.0143488,0.0259221,0.000706853,-6.24118e-05,0.515071,0.0147845,-7.31403,-8.94126,14.8223,0.58434,1.11534,-16.5962,-0.908586,-0.157439,1.81188,0.5,14.5,0,0,40.1667,22.0417,0.0833333,-11.3647,0.0001,-0.00116919,0.143469,1.54587,0.126256,58789,0.109846,55.19,1.76081
604,0.431055,0.410241,0.0183662,0.0131884,0.634216,0.368038,0.84377,0.456046,0.0268269,0.0484224,0.0178699,0.189882,0.0107105,0,0.230306,0.110424,4.78811,0.0559998,0.300533,0.0886252,0.822028,6.67243,0.949283,0.940494,0.0632014,0.341857,0.473079,0.209584,0.450698,0.450698,0,0,-0.00425339,0.0363775,0.936512,0.783951,0.0140757,0.0253953,0.000696815,-7.93667e-05,0.515012,0.0145373,-7.29558,-9.32562,14.5977,0.591978,1.1016,-16.4159,-0.909091,-0.159185,1.86682,0.583333,15.4583,0,0,40.5,23.4583,0.0416667,-11.3612,0.0001,-0.000802318,0.138615,1.58542,0.121094,57605,0.109898,55.56,1.86594
605,0.430345,0.401954,0.0183695,0.0135343,0.630828,0.360056,0.843736,0.446164,0.0269147,0.0482501,0.0179458,0.189113,0.0105677,0,0.229772,0.107273,4.81386,0.0567137,0.299235,0.088568,0.819426,6.66629,0.948317,0.940483,0.0633113,0.348825,0.471792,0.208858,0.428549,0.428549,0,0,-0.00422962,0.0371811,0.937116,0.782582,0.0141299,0.0254612,0.000878111,6.3058e-05,0.516353,0.0146377,-7.28473,-9.18293,14.6099,0.589924,1.10428,-16.5248,-0.909091,-0.158445,1.82881,0.666667,14.875,0,0,39.9583,23,0,-11.3572,0.0001,-0.00119442,0.1397,1.60539,0.122603,56889,0.109922,56.04,1.74208
606,0.430338,0.404651,0.0183706,0.0133549,0.632894,0.36288,0.844881,0.451019,0.0268791,0.0483938,0.0179184,0.188782,0.0106505,0,0.229084,0.109018,4.7881,0.0560671,0.299261,0.0882614,0.820789,6.66741,0.948739,0.940479,0.0631455,0.345668,0.473303,0.208127,0.43609,0.43609,0,0,-0.00423754,0.0369909,0.937341,0.783511,0.0140908,0.0254243,0.000879902,9.3274e-05,0.516443,0.0145611,-7.16306,-9.21962,14.577,0.590558,1.10452,-16.4941,-0.909091,-0.158857,1.8439,0.625,14.9583,0,0,40.5,23.4167,0,-11.3572,0.0001,-0.00126878,0.146189,1.60209,0.124418,56938,0.109932,54.96,1.40029
607,0.43182,0.400684,0.0184675,0.0135793,0.63536,0.360409,0.844988,0.44393,0.0268073,0.0491125,0.0178452,0.19024,0.0106209,0,0.22961,0.10689,4.80359,0.0563049,0.299962,0.0883818,0.820077,6.66889,0.948909,0.940165,0.0634468,0.341431,0.470389,0.209701,0.429736,0.429736,0,0,-0.00428491,0.0360775,0.936306,0.783906,0.0140407,0.0253912,0.00077981,-1.58146e-05,0.514753,0.0144268,-7.21923,-9.45221,14.6281,0.590275,1.10668,-16.3301,-0.909091,-0.158839,1.82559,0.833333,15.4583,0,0,40.6667,22.625,0,-11.3578,0.0001,-0.00128123,0.138028,1.5607,0.119082,58521,0.10994,54.17,1.72267
608,0.433578,0.401424,0.018468,0.0133944,0.636762,0.361607,0.843784,0.441939,0.0268584,0.0489218,0.0179035,0.191329,0.0106978,0,0.231036,0.106174,4.81684,0.0568572,0.301036,0.0886607,0.821935,6.66565,0.949333,0.940164,0.06384,0.346683,0.47173,0.210966,0.407741,0.407741,0,0,-0.00426193,0.0367215,0.936692,0.78244,0.0141272,0.025459,0.000798235,-3.97063e-05,0.514534,0.0145207,-7.17238,-9.31715,14.6922,0.588571,1.10583,-16.3883,-0.909091,-0.159185,1.82582,0.541667,14.6667,0,0,38.875,21.875,0,-11.359,0.0001,-0.0011916,0.139383,1.53641,0.12221,59268,0.109954,53.71,1.39907
609,0.429447,0.405114,0.0183696,0.0130841,0.632036,0.362656,0.844318,0.451795,0.0268658,0.0482889,0.0179114,0.188901,0.0107305,0,0.229395,0.10908,4.79366,0.0560174,0.299581,0.0883207,0.82042,6.66737,0.948853,0.940482,0.0633219,0.344498,0.472341,0.208537,0.455531,0.455531,0,0,-0.0042559,0.0369654,0.936879,0.783693,0.0140924,0.0254077,0.000786718,3.8748e-06,0.515502,0.0144945,-7.24946,-9.2382,14.6045,0.590172,1.10325,-16.4527,-0.909091,-0.158722,1.84475,0.916667,15.8333,0,0,42.125,22.5,0,-11.359,0.0001,-0.0011793,0.135869,1.59315,0.120309,57371,0.109976,54.31,1.54723
610,0.43149,0.407905,0.0183208,0.0133054,0.633636,0.364998,0.843893,0.452719,0.0271291,0.0473457,0.0181148,0.189344,0.0106533,0,0.230473,0.108684,4.78643,0.0554223,0.299992,0.0886806,0.823471,6.66976,0.948361,0.940641,0.0634324,0.345529,0.472596,0.2091,0.444679,0.444679,0,0,-0.00421436,0.0365961,0.937987,0.780687,0.0142858,0.0255658,0.000793139,3.40322e-05,0.515283,0.0148005,-7.35887,-8.85019,14.587,0.589235,1.10137,-16.7088,-0.909091,-0.159459,1.85628,0.708333,13.2917,0,0,40.75,22.5,0,-11.3593,0.0001,-0.00113543,0.139462,1.53413,0.122271,59347,0.109968,56.09,1.68475
611,0.429141,0.406,0.0183971,0.0130815,0.632827,0.36492,0.84413,0.456185,0.0270241,0.0474209,0.0180176,0.189696,0.0107411,0,0.229752,0.110837,4.79466,0.0558366,0.299842,0.0884471,0.824694,6.67254,0.949555,0.940393,0.0634503,0.344507,0.474396,0.209463,0.457066,0.457066,0,0,-0.00422725,0.0370002,0.937665,0.779934,0.0142422,0.0255425,0.000707548,-0.000120665,0.513354,0.0146812,-7.26798,-9.00618,14.7603,0.583282,1.10483,-16.5454,-0.909091,-0.15842,1.8488,1.04167,15.75,0,0,42.2917,22.1667,0.0416667,-11.3629,0.0001,-0.00150207,0.142694,1.56063,0.123437,58372,0.109958,55.45,1.71321
612,0.433039,0.407325,0.0183306,0.0132556,0.635094,0.364517,0.843882,0.450715,0.0270699,0.0477,0.0180538,0.190329,0.0105819,0,0.230955,0.108782,4.77375,0.0555266,0.300195,0.0886326,0.820476,6.67022,0.948203,0.940609,0.0633103,0.342747,0.472976,0.209872,0.439286,0.439286,0,0,-0.00423229,0.0372312,0.93794,0.782847,0.0141826,0.025502,0.00101358,0.000193296,0.517122,0.0146799,-7.17894,-8.94943,14.6028,0.589245,1.10173,-16.641,-0.909091,-0.159682,1.85286,1.04167,13.875,0,0,41.4583,23.6667,0,-11.3661,0.0001,-0.000995953,0.1373,1.59644,0.120514,57254,0.109947,55.42,1.70458
613,0.431559,0.403821,0.0184871,0.0135158,0.635271,0.364393,0.844083,0.450196,0.0269337,0.0482146,0.0179509,0.190317,0.0107175,0,0.229731,0.108873,4.79361,0.055498,0.299839,0.0884582,0.822875,6.66801,0.949132,0.940102,0.0639923,0.349501,0.47322,0.21027,0.428332,0.428332,0,0,-0.00425218,0.0373633,0.936902,0.782227,0.0141496,0.0255058,0.000655797,-0.000145314,0.513348,0.0145293,-7.22412,-9.20103,14.7385,0.585998,1.10918,-16.4125,-0.909091,-0.158489,1.83772,0.458333,15.5,0,0,41.2917,20.25,0,-11.3697,0.0001,-0.00119866,0.137368,1.58922,0.118956,57549,0.109939,55.78,1.80885
614,0.431682,0.403408,0.0183821,0.0135248,0.633757,0.361852,0.844385,0.448821,0.0271954,0.0472765,0.0181269,0.189901,0.010614,0,0.230283,0.10786,4.77434,0.0551623,0.300005,0.0886631,0.821722,6.67316,0.949674,0.940442,0.0635579,0.347042,0.471723,0.209633,0.421688,0.421688,0,0,-0.00418401,0.0386593,0.938333,0.78049,0.0143049,0.0256875,0.00106205,0.000204403,0.517933,0.014787,-7.16856,-8.82623,14.752,0.584612,1.10329,-16.644,-0.909091,-0.158962,1.83776,0.583333,13.9583,0,0,42.125,21.9583,0,-11.3723,0.0001,-0.00110576,0.14257,1.5835,0.124545,57553,0.109942,55.89,1.59675
615,0.433003,0.403004,0.0184087,0.0135001,0.634402,0.362574,0.844238,0.448221,0.026879,0.0484311,0.0179108,0.189727,0.0106585,0,0.229652,0.10814,4.79356,0.0559781,0.299703,0.088581,0.821301,6.67228,0.949117,0.940356,0.0631155,0.339498,0.473395,0.209116,0.431769,0.431769,0,0,-0.00425583,0.0381129,0.937273,0.783203,0.0141215,0.0254188,0.000940538,0.000119654,0.516398,0.0145362,-7.1013,-9.21639,14.6329,0.58921,1.10685,-16.4344,-0.909091,-0.158943,1.83352,0.75,15.4167,0,0,40.625,24,0,-11.3745,0.0001,-0.00106463,0.138049,1.59013,0.126019,57281,0.109932,56.31,1.8567
616,0.434266,0.401831,0.0184333,0.0136651,0.636895,0.362548,0.845607,0.44356,0.02669,0.0482818,0.0177783,0.191563,0.0106353,0,0.231216,0.106742,4.76347,0.0554999,0.301172,0.0878819,0.8204,6.67268,0.949958,0.940276,0.062965,0.338027,0.47339,0.211039,0.410573,0.410573,0,0,-0.0042686,0.0377257,0.937257,0.783921,0.0140243,0.0252734,0.000883572,3.92858e-05,0.515688,0.0144217,-7.07639,-9.35366,14.6088,0.589128,1.10504,-16.3611,-0.909091,-0.159214,1.83144,0.666667,15.75,0,0,39.4583,22.375,0,-11.3804,0.0001,-0.00106065,0.14212,1.54759,0.118821,58991,0.109884,54.68,1.53386
617,0.431572,0.401086,0.0185365,0.0135028,0.634687,0.362946,0.846042,0.444801,0.0269207,0.04835,0.0179224,0.190212,0.0107368,0,0.228719,0.107277,4.7695,0.0551232,0.298889,0.0885526,0.822245,6.66881,0.949015,0.939942,0.0636451,0.34051,0.471959,0.209835,0.425381,0.425381,0,0,-0.00425974,0.037826,0.937057,0.782662,0.0141308,0.02549,0.000853465,2.04033e-05,0.514449,0.0144801,-7.03942,-9.24217,14.735,0.586984,1.11235,-16.3997,-0.909091,-0.157938,1.82791,0.541667,15.9167,0,0,41.25,22.875,0,-11.3861,0.0001,-0.00124611,0.134427,1.5398,0.123074,59116,0.109886,54.1,1.4953
618,0.432668,0.40943,0.0184115,0.0132731,0.634899,0.367467,0.846513,0.455788,0.026771,0.0485618,0.0178384,0.190749,0.0105806,0,0.23095,0.110493,4.77288,0.0567706,0.300337,0.0882102,0.821739,6.67273,0.949409,0.940347,0.063134,0.335531,0.473521,0.210371,0.450937,0.450937,0,0,-0.00426948,0.0379216,0.937352,0.784816,0.0140088,0.0253147,0.000974504,0.000160404,0.517417,0.0144605,-7.08477,-9.3198,14.571,0.590629,1.10291,-16.4246,-0.909091,-0.159143,1.86757,0.708333,14.75,0,0,38.625,23.4167,0,-11.386,0.0001,-0.00114724,0.137183,1.52345,0.118138,59883,0.109898,54.31,1.71187
619,0.432725,0.408448,0.0184182,0.0132509,0.635077,0.367677,0.8449,0.451241,0.0269611,0.0485814,0.0179629,0.190401,0.0106734,0,0.230093,0.108871,4.79796,0.0565727,0.299967,0.0889189,0.818834,6.66773,0.94849,0.940325,0.0634444,0.340511,0.473493,0.209962,0.4269,0.4269,0,0,-0.00425126,0.0375351,0.937307,0.784693,0.0140765,0.0254942,0.000966789,0.000156758,0.517486,0.0145043,-7.0084,-9.15553,14.7456,0.585922,1.10564,-16.4442,-0.909091,-0.158904,1.85961,0.75,15,0,0,40.4583,25.2083,0,-11.3864,0.0001,-0.00129683,0.135979,1.51104,0.118065,60342,0.109938,55.9,1.91921
620,0.432543,0.4058,0.0183605,0.0132901,0.633371,0.363689,0.845528,0.448595,0.0272564,0.0472091,0.0181826,0.190265,0.0107384,0,0.230922,0.107783,4.78354,0.0558239,0.300406,0.0887986,0.820161,6.66181,0.94824,0.940512,0.0637293,0.349996,0.471317,0.20983,0.425509,0.425509,0,0,-0.00419827,0.0377515,0.93834,0.779831,0.0143556,0.0257508,0.000892882,7.06494e-05,0.515263,0.0148159,-7.16487,-8.76319,14.7675,0.584204,1.10741,-16.6729,-0.909091,-0.159153,1.8511,0.875,13.7917,0,0,41.5,22.4167,0,-11.3847,0.0001,-0.00118381,0.143382,1.51734,0.12345,59912,0.10994,54.24,1.63709
621,0.430092,0.401158,0.0184541,0.0133586,0.634667,0.361308,0.845336,0.444489,0.0271394,0.0480021,0.0180771,0.19114,0.010611,0,0.230593,0.106984,4.81234,0.0568976,0.299968,0.0884897,0.823121,6.66751,0.949137,0.940209,0.0636449,0.348546,0.470096,0.210702,0.426449,0.426449,0,0,-0.0042252,0.0388041,0.938006,0.780871,0.014261,0.0256756,0.00097993,0.000113588,0.515269,0.0146431,-7.03251,-8.91321,14.8626,0.58139,1.10645,-16.5493,-0.909091,-0.158607,1.83,0.75,14.8333,0,0,41.1667,22.4167,0,-11.3865,0.0001,-0.00118002,0.133404,1.55821,0.119786,58584,0.109969,55.6,1.69306
622,0.431809,0.409122,0.0183433,0.0129963,0.63513,0.366399,0.846394,0.45674,0.0268196,0.0476424,0.0178954,0.190544,0.0105148,0,0.231755,0.110876,4.77689,0.0557232,0.300505,0.0874694,0.822397,6.68305,0.949522,0.940567,0.0633474,0.343187,0.474459,0.210668,0.458242,0.458242,0,0,-0.00422353,0.0378831,0.939249,0.784068,0.0140322,0.0252433,0.000998382,0.000154696,0.517232,0.0145978,-7.16073,-8.89875,14.4935,0.589237,1.08767,-16.6778,-0.909091,-0.159588,1.86807,0.708333,12.7083,0,0,41.0417,23,0,-11.3829,0.0001,-0.00121471,0.13657,1.50898,0.120827,60316,0.110004,53.57,1.45817
623,0.430411,0.402574,0.0183594,0.013507,0.631813,0.360921,0.847146,0.449858,0.026719,0.0488246,0.0178064,0.188877,0.0105085,0,0.229561,0.108521,4.79121,0.0563271,0.298829,0.0876082,0.822496,6.67508,0.949583,0.940515,0.0633017,0.342115,0.474612,0.208475,0.426167,0.426167,0,0,-0.00425832,0.0378879,0.93785,0.785183,0.0139669,0.0252467,0.00100645,0.000173429,0.517881,0.0143808,-6.99101,-9.22532,14.5892,0.589555,1.10013,-16.4518,-0.909091,-0.158714,1.84073,0.708333,15.2917,0,0,41.3333,21.8333,0.0416667,-11.3817,0.0001,-0.000776835,0.134912,1.51802,0.118836,60056,0.110019,55.2,1.73759
624,0.428963,0.407177,0.0182695,0.0131331,0.630461,0.363833,0.846235,0.45569,0.0267377,0.0481937,0.0178384,0.188437,0.0105929,0,0.229969,0.10988,4.78286,0.0566685,0.299028,0.087552,0.822654,6.68024,0.95043,0.940807,0.0629489,0.33895,0.474565,0.208157,0.451918,0.451918,0,0,-0.00423928,0.0385479,0.938003,0.784578,0.0140108,0.0252273,0.0009781,0.000126702,0.516812,0.0144908,-7.13271,-9.116,14.6005,0.587969,1.09575,-16.5226,-0.909091,-0.158964,1.85931,1,15,0,0,40.7917,23.25,0.0416667,-11.3819,0.0001,-0.00106418,0.13666,1.5463,0.122944,58891,0.110025,54.72,1.91101
625,0.432614,0.401074,0.0183822,0.0136073,0.636278,0.360969,0.845949,0.446383,0.0269141,0.0485802,0.0179249,0.189756,0.0106474,0,0.229865,0.107592,4.81064,0.0564554,0.299535,0.0882658,0.82264,6.67819,0.949604,0.940442,0.0629871,0.339151,0.474244,0.20918,0.420637,0.420637,0,0,-0.00426621,0.0369901,0.937991,0.784048,0.0140631,0.0254173,0.00095015,0.000120585,0.516667,0.0144506,-7.04218,-9.11331,14.6698,0.586776,1.10237,-16.4812,-0.909091,-0.159435,1.83037,0.5,15.0833,0,0,40.9167,23.2917,0,-11.3832,0.0001,-0.000910762,0.140981,1.5114,0.119123,60289,0.110016,55.29,1.4321
626,0.432455,0.403439,0.0184736,0.0135042,0.63549,0.364,0.847381,0.447796,0.0269198,0.0486574,0.0179282,0.190007,0.0106921,0,0.229517,0.108289,4.79969,0.0561809,0.299395,0.0883785,0.822137,6.6762,0.949898,0.940146,0.063483,0.339462,0.474851,0.209668,0.424099,0.424099,0,0,-0.00426597,0.0376717,0.937876,0.783479,0.0140777,0.0254706,0.000861633,3.6034e-06,0.515077,0.014459,-6.98451,-9.13836,14.7445,0.5846,1.10875,-16.4302,-0.909091,-0.158595,1.84345,0.625,15.3333,0,0,41.375,22.2917,0,-11.3865,0.0001,-0.00110153,0.135711,1.58661,0.120055,57599,0.110006,54.71,1.68567
627,0.427758,0.397037,0.018476,0.0140782,0.633728,0.358515,0.845952,0.443904,0.0272063,0.048076,0.0181305,0.190046,0.0107621,0,0.229071,0.106568,4.79036,0.0561908,0.298852,0.0886452,0.823947,6.66947,0.949515,0.940138,0.0636486,0.348489,0.471921,0.209441,0.402452,0.402452,0,0,-0.00423786,0.0369336,0.938524,0.779689,0.0142937,0.0257156,0.00093307,6.75288e-05,0.515171,0.0146714,-7.05311,-8.82959,14.8312,0.581897,1.11011,-16.572,-0.909091,-0.158105,1.81133,0.458333,14.2917,0,0,41.7917,20.875,0,-11.388,0.0001,-0.00112117,0.141816,1.56025,0.11906,58538,0.110017,55.63,1.54186
628,0.431893,0.402835,0.0184833,0.0136698,0.637043,0.363771,0.847224,0.444328,0.027161,0.0481693,0.0180985,0.190905,0.0107195,0,0.229752,0.106372,4.78257,0.0551194,0.299769,0.088963,0.822335,6.66416,0.948744,0.940114,0.0634383,0.347442,0.471318,0.210327,0.408601,0.408601,0,0,-0.00425248,0.0363743,0.937878,0.78162,0.0142395,0.0256844,0.000851892,1.98126e-05,0.514427,0.0146156,-7.06602,-8.94813,14.8369,0.582214,1.11237,-16.52,-0.909091,-0.158843,1.84011,1.04167,14.9583,0,0,42.125,21.7917,0.0416667,-11.3884,0.0001,-0.00131381,0.137018,1.55408,0.120769,58694,0.110018,55.26,1.82664
629,0.432619,0.403323,0.0185242,0.0135375,0.636098,0.365255,0.847188,0.448459,0.0269053,0.0490878,0.0179074,0.19215,0.0107533,0,0.230527,0.108386,4.80372,0.0559783,0.300041,0.0887017,0.821048,6.67159,0.94975,0.939982,0.0631167,0.341382,0.473769,0.211381,0.431514,0.431514,0,0,-0.00425986,0.0386092,0.937636,0.782585,0.014112,0.0255203,0.00106821,0.000147393,0.515971,0.0144318,-6.87135,-9.23773,14.8247,0.583365,1.11152,-16.3478,-0.909091,-0.158204,1.84139,0.333333,15.875,0,0,40.7917,23.375,0,-11.3891,0.0001,-0.00113189,0.136707,1.55175,0.121571,58747,0.110038,54.41,1.71095
630,0.43364,0.40448,0.0184197,0.0133437,0.636648,0.364275,0.846956,0.447148,0.0270017,0.0484011,0.0180059,0.191089,0.0106653,0,0.230732,0.107836,4.7902,0.0557274,0.300066,0.0882952,0.823276,6.67687,0.94978,0.94032,0.0632198,0.343512,0.473854,0.210517,0.433732,0.433732,0,0,-0.00426171,0.0381424,0.93828,0.782704,0.014117,0.0254934,0.000927382,8.14631e-05,0.514973,0.0144779,-7.01074,-8.99837,14.7555,0.583543,1.10734,-16.5239,-0.909091,-0.159246,1.84517,0.75,15.0417,0,0,41.1667,21,0,-11.3861,0.0001,-0.00123143,0.142814,1.52293,0.121375,59784,0.110091,55.44,2.01946
631,0.433006,0.404591,0.0184457,0.0132651,0.637402,0.363884,0.84776,0.447014,0.0271679,0.0483072,0.0181104,0.191148,0.0106328,0,0.230954,0.10755,4.78429,0.0562106,0.299905,0.0888462,0.824184,6.67011,0.949185,0.940236,0.0633147,0.340643,0.471873,0.210885,0.431335,0.431335,0,0,-0.00425194,0.0379364,0.938429,0.781788,0.0142106,0.0256392,0.00101414,0.000182508,0.517534,0.0145788,-6.98269,-8.85934,14.8437,0.581152,1.10572,-16.5632,-0.909091,-0.159353,1.84927,0.833333,15.7083,0,0,42.875,22.625,0,-11.3813,0.0001,-0.000895543,0.137286,1.53716,0.122987,59213,0.110142,54.26,1.72104
632,0.433728,0.403205,0.0184942,0.0136191,0.637996,0.364452,0.846749,0.446801,0.0272779,0.0480271,0.0181872,0.191334,0.010687,0,0.23034,0.107602,4.80408,0.0559624,0.299549,0.0889586,0.823448,6.67072,0.949153,0.940079,0.0634424,0.345414,0.472061,0.210916,0.421384,0.421384,0,0,-0.00423273,0.0377941,0.939048,0.78013,0.0143039,0.0257487,0.00105118,0.000198617,0.516742,0.0147101,-6.97835,-8.75068,14.8319,0.581078,1.10828,-16.631,-0.909091,-0.158976,1.8397,0.666667,13.6667,0,0,41.4583,21.875,0,-11.3772,0.0001,-0.00113368,0.134478,1.51436,0.118326,60210,0.11019,55.83,1.70216
633,0.435719,0.403072,0.018381,0.0134652,0.638297,0.363105,0.847636,0.446942,0.0271012,0.0480475,0.0180906,0.191428,0.0106632,0,0.231402,0.107908,4.78957,0.0558441,0.30025,0.0884088,0.82307,6.67832,0.94996,0.940446,0.0626839,0.338833,0.475756,0.210798,0.422678,0.422678,0,0,-0.00423625,0.0377612,0.939487,0.782227,0.0141761,0.0255358,0.00119109,0.00029152,0.518031,0.0146184,-6.90986,-8.75958,14.7271,0.583256,1.10198,-16.6416,-0.909091,-0.159779,1.84212,0.708333,13.9167,0,0,42.4167,22.625,0,-11.374,0.0001,-0.00106617,0.138909,1.59059,0.122571,57381,0.110216,55.3,1.6061
634,0.433279,0.401708,0.0185063,0.0137636,0.635441,0.363099,0.847739,0.443444,0.0274186,0.0482112,0.0182744,0.191482,0.0109161,0,0.229984,0.106386,4.7865,0.0564313,0.299403,0.0895744,0.821943,6.66307,0.948871,0.94004,0.0634782,0.351613,0.47178,0.210682,0.410413,0.410413,0,0,-0.00422741,0.0393137,0.938436,0.778877,0.0143994,0.0259421,0.0011459,0.000249075,0.516414,0.0147193,-6.85663,-8.76269,14.9984,0.577194,1.11818,-16.5702,-0.909091,-0.158257,1.83526,0.666667,14.9167,0,0,42,21.375,0.0416667,-11.3747,0.0001,-0.00129439,0.135906,1.5632,0.122434,58318,0.110221,55.32,1.59448
635,0.43508,0.403926,0.0184647,0.013159,0.637337,0.365173,0.848134,0.445666,0.0271745,0.0477337,0.0181049,0.192318,0.0107825,0,0.231406,0.107645,4.79122,0.0551876,0.300121,0.0886,0.821761,6.67649,0.949819,0.940174,0.0629626,0.340682,0.474683,0.211836,0.432354,0.432354,0,0,-0.0042035,0.0391695,0.939538,0.780589,0.014255,0.0256696,0.00124405,0.000294063,0.516866,0.0146464,-6.86041,-8.71825,14.8388,0.579172,1.10675,-16.6133,-0.909091,-0.15878,1.84695,0.583333,13.5833,0,0,41.0417,22.375,0,-11.3753,0.0001,-0.00118844,0.136045,1.55479,0.120323,58684,0.110238,54.61,1.81859
636,0.438428,0.410029,0.0184436,0.0131457,0.639116,0.370055,0.848588,0.453153,0.0273442,0.0474637,0.0182534,0.192459,0.0107442,0,0.232258,0.110113,4.77309,0.0549968,0.300014,0.0890209,0.821341,6.67216,0.948137,0.940243,0.0638917,0.35178,0.476883,0.212202,0.444557,0.444557,0,0,-0.00421652,0.039022,0.94015,0.780908,0.0142671,0.0257584,0.00121579,0.000325445,0.517523,0.0147172,-6.88016,-8.55236,14.7988,0.580061,1.11114,-16.7779,-0.909091,-0.15956,1.87578,0.541667,13.7083,0,0,45.5,22.9583,0,-11.3749,0.0001,-0.00137663,0.143682,1.56983,0.126744,57942,0.110254,55.67,1.8731
637,0.437106,0.40491,0.0184753,0.0134439,0.640199,0.365905,0.848708,0.446789,0.0270314,0.0484116,0.0180104,0.193367,0.0106379,0,0.232564,0.108115,4.79095,0.0558615,0.300913,0.0883038,0.822404,6.677,0.948863,0.94014,0.0629188,0.340637,0.47486,0.212872,0.437539,0.437539,0,0,-0.00425303,0.0393369,0.939433,0.784237,0.0140502,0.0254808,0.00120504,0.000308031,0.51751,0.0144377,-6.85344,-8.82744,14.7243,0.582153,1.10678,-16.6083,-0.909091,-0.159579,1.85279,0.416667,14.0833,0,0,39.8333,21.4583,0,-11.3748,0.0001,-0.000977794,0.141002,1.59421,0.11943,57365,0.110267,54.83,1.67122
638,0.437672,0.404133,0.0184979,0.0132194,0.639997,0.365799,0.848675,0.44444,0.027085,0.0485477,0.0180579,0.192225,0.0107857,0,0.231336,0.107152,4.80252,0.0564912,0.299767,0.0888179,0.822064,6.67362,0.949452,0.940067,0.063416,0.346752,0.47351,0.211988,0.427568,0.427568,0,0,-0.00425152,0.0383413,0.939076,0.781622,0.0141646,0.0255603,0.00116947,0.000269138,0.519045,0.014516,-6.87661,-8.83924,14.8556,0.579208,1.1035,-16.5421,-0.909091,-0.159349,1.84854,0.416667,14.5,0,0,43.8333,22.75,0,-11.3763,0.0001,-0.00121896,0.136799,1.56675,0.119988,58280,0.110261,57.13,1.92319
639,0.435516,0.402548,0.0184466,0.0134749,0.638008,0.363509,0.848509,0.441477,0.0274111,0.046932,0.0182762,0.193072,0.0107736,0,0.232823,0.105785,4.77898,0.0547924,0.30064,0.0890716,0.822048,6.67101,0.948769,0.940233,0.0634925,0.347556,0.472747,0.212832,0.406376,0.406376,0,0,-0.00418006,0.0398583,0.940085,0.779223,0.0143887,0.0258667,0.00122675,0.000302553,0.517161,0.0147845,-6.94102,-8.39482,14.9647,0.573819,1.10941,-16.77,-0.909091,-0.159284,1.8414,1.08333,13.1667,0,0,42.2083,22.5833,0,-11.3789,0.0001,-0.00114434,0.141486,1.58433,0.121171,57639,0.110261,55.92,1.84305
640,0.435341,0.404094,0.0185677,0.0134558,0.641372,0.366685,0.848795,0.443271,0.0275206,0.0469737,0.0183516,0.194684,0.0107484,0,0.232858,0.107356,4.78608,0.0555552,0.300958,0.0892774,0.821506,6.66364,0.947922,0.93984,0.0638186,0.350567,0.472928,0.21413,0.420322,0.420322,0,0,-0.00418005,0.038699,0.940465,0.777612,0.0144574,0.0259501,0.00128154,0.000308921,0.515532,0.0149038,-6.89232,-8.38457,14.9829,0.572601,1.10846,-16.798,-0.909091,-0.159129,1.84864,0.625,13.5417,0,0,44.4167,22.5417,0,-11.3786,0.0001,-0.00115934,0.13665,1.60462,0.121132,56963,0.110293,53.63,1.67934
641,0.434361,0.399075,0.0184655,0.0134127,0.638049,0.360605,0.848492,0.441442,0.0272593,0.0474772,0.0181895,0.192933,0.0107581,0,0.232155,0.106434,4.76976,0.0556319,0.299603,0.088597,0.822726,6.67631,0.949674,0.940172,0.0630824,0.341603,0.473995,0.212454,0.417492,0.417492,0,0,-0.00420912,0.0390167,0.940172,0.779485,0.0143119,0.0257001,0.00134583,0.000357265,0.51738,0.0147084,-6.87207,-8.52234,14.9113,0.575805,1.10695,-16.7006,-0.909091,-0.159078,1.82538,0.833333,13.6667,0,0,42.9167,21.6667,0,-11.3746,0.0001,-0.000782696,0.139962,1.55595,0.121298,58610,0.110318,57.27,1.73349
642,0.441172,0.409279,0.0184899,0.0130596,0.643142,0.370874,0.848688,0.445463,0.0275549,0.0467151,0.0183702,0.194336,0.0106463,0,0.233699,0.107804,4.77157,0.0544743,0.300761,0.0892151,0.823942,6.67094,0.948989,0.940093,0.0633605,0.352526,0.476498,0.214187,0.42375,0.42375,0,0,-0.00417968,0.0397273,0.941102,0.778764,0.0144281,0.0259269,0.00124369,0.000333191,0.51714,0.0148686,-6.87512,-8.22487,14.9368,0.573799,1.10747,-16.8871,-0.909091,-0.160064,1.87069,0.583333,12.8333,0,0,43.9583,22.4583,0,-11.3735,0.0001,-0.00114804,0.142945,1.58033,0.119489,57832,0.110344,54.23,1.64382
643,0.435476,0.404301,0.0185167,0.0136763,0.63913,0.366408,0.848086,0.443815,0.0278547,0.0467099,0.0185659,0.19425,0.0108447,0,0.232879,0.10672,4.81112,0.054977,0.300578,0.0900548,0.821785,6.66062,0.948253,0.940006,0.0637739,0.353509,0.472757,0.213747,0.395612,0.395612,0,0,-0.0041608,0.0396904,0.940483,0.774644,0.0147001,0.0262989,0.00127659,0.000325096,0.516122,0.015072,-6.84711,-8.11641,15.1676,0.568869,1.11439,-16.8553,-0.909091,-0.158927,1.84784,0.416667,13.6667,0,0,45.375,23.0417,0,-11.3716,0.0001,-0.00125478,0.139571,1.55132,0.119372,58840,0.110378,55.43,2.0575
644,0.435135,0.398622,0.0186081,0.013897,0.64107,0.362448,0.849152,0.437203,0.0274227,0.0478212,0.0182476,0.193439,0.0107994,0,0.231329,0.104966,4.78403,0.0552595,0.300057,0.0894915,0.822375,6.67299,0.949538,0.93971,0.0634793,0.344456,0.471275,0.213065,0.3901,0.3901,0,0,-0.00422458,0.0390334,0.939411,0.779848,0.0143773,0.0259271,0.00109406,0.000224755,0.517256,0.014707,-6.8192,-8.58065,15.0296,0.574623,1.11457,-16.6141,-0.909091,-0.158797,1.8236,0.666667,13.625,0,0,41,21.2917,0,-11.371,0.0001,-0.00102005,0.141069,1.54334,0.117484,59190,0.110396,54.24,1.57823
645,0.43758,0.405685,0.0184647,0.0132451,0.640894,0.36693,0.849786,0.445663,0.0273372,0.0468839,0.0182489,0.192587,0.0106667,0,0.232174,0.107976,4.76565,0.0547413,0.299684,0.0885743,0.824763,6.68178,0.949015,0.940174,0.0635348,0.345591,0.476271,0.212385,0.416934,0.416934,0,0,-0.00418824,0.0391494,0.941116,0.780773,0.0143023,0.0257305,0.00137162,0.000417381,0.518341,0.0147684,-6.79801,-8.32964,14.8418,0.576527,1.10532,-16.8525,-0.909091,-0.159743,1.85811,0.5,13.1667,0,0,45.625,23,0,-11.372,0.0001,-0.00113381,0.136346,1.54677,0.118662,59025,0.110406,55.8,1.80322
646,0.434774,0.398662,0.0184773,0.0136816,0.637849,0.360481,0.849199,0.439891,0.0273651,0.0478955,0.0182306,0.192943,0.0107859,0,0.232024,0.105443,4.79003,0.0558607,0.300124,0.0890815,0.82133,6.66971,0.949324,0.940134,0.0630207,0.347924,0.472438,0.212484,0.409215,0.409215,0,0,-0.00422709,0.0396044,0.939787,0.78055,0.0142793,0.0258224,0.0011978,0.000271244,0.517017,0.0146538,-6.87329,-8.57267,14.9232,0.576113,1.11076,-16.6781,-0.909091,-0.158943,1.82576,0.833333,13.5833,0,0,41.1667,22.125,0,-11.3723,0.0001,-0.000965478,0.134557,1.54438,0.121028,59026,0.11043,55.76,1.73474
647,0.437163,0.405107,0.0185638,0.0136815,0.640039,0.368704,0.850099,0.442455,0.0271525,0.0489096,0.0181032,0.19349,0.0108239,0,0.231403,0.106334,4.80353,0.0562448,0.299316,0.0888428,0.822033,6.66898,0.949382,0.939853,0.0637311,0.347939,0.473917,0.21286,0.402028,0.402028,0,0,-0.00423906,0.0394395,0.939086,0.780466,0.0142669,0.0256973,0.0014997,0.000486486,0.519116,0.0145151,-6.59703,-8.83173,15.0038,0.575797,1.11309,-16.4495,-0.909091,-0.158679,1.85482,0.5,15.3333,0,0,43.875,21.7083,0,-11.3722,0.0001,-0.000942742,0.133354,1.56432,0.120454,58348,0.110423,55.11,1.51066
648,0.438631,0.40739,0.0184349,0.0133139,0.640748,0.367668,0.849754,0.446551,0.0270815,0.0480043,0.0180753,0.191946,0.0106243,0,0.231917,0.107953,4.77824,0.0557861,0.29909,0.0883099,0.824713,6.68148,0.949718,0.940271,0.063125,0.342765,0.476078,0.211732,0.430705,0.430705,0,0,-0.00422889,0.0384886,0.94009,0.782817,0.014137,0.0254874,0.00132854,0.000402245,0.519416,0.0145264,-6.81391,-8.63129,14.8254,0.577826,1.10076,-16.6674,-0.909091,-0.159998,1.86635,0.708333,13.5,0,0,43.1667,23.0417,0,-11.3754,0.0001,-0.00126192,0.138889,1.55562,0.120576,58647,0.110421,54.27,1.70943
649,0.437048,0.405338,0.0185891,0.0134319,0.642468,0.368476,0.850178,0.442489,0.027294,0.0482421,0.0181925,0.193981,0.0107118,0,0.232087,0.106573,4.79637,0.056066,0.2996,0.0890481,0.824767,6.67147,0.948711,0.939771,0.0637989,0.345902,0.4718,0.213667,0.411694,0.411694,0,0,-0.0042421,0.0381951,0.939654,0.779693,0.0142722,0.0257773,0.0012494,0.000298975,0.515567,0.0145969,-6.80749,-8.62175,15.0311,0.572192,1.11023,-16.6088,-0.909091,-0.15914,1.85648,0.833333,14.6667,0,0,43.5833,20.2083,0,-11.3762,0.0001,-0.00111441,0.13549,1.54512,0.127363,58777,0.110434,54.11,1.79293
650,0.436892,0.407453,0.0183862,0.0133046,0.639487,0.367012,0.849269,0.44928,0.0271395,0.0472042,0.0181288,0.191864,0.0106012,0,0.232338,0.108938,4.76916,0.0557265,0.299968,0.087691,0.824791,6.69155,0.95037,0.940429,0.0631024,0.344048,0.476745,0.211732,0.426133,0.426133,0,0,-0.00420763,0.0388852,0.941577,0.782773,0.0141215,0.0254838,0.00130308,0.000391884,0.51933,0.0146088,-6.8415,-8.33044,14.7541,0.577528,1.0936,-16.8661,-0.909091,-0.160066,1.86588,0.541667,12.5,0,0,42.875,22.2917,0,-11.377,0.0001,-0.00134772,0.138129,1.57101,0.119198,58161,0.110441,55.26,1.50693
651,0.43583,0.402748,0.0185178,0.0133783,0.639665,0.36523,0.848578,0.443937,0.0274104,0.0474873,0.018272,0.192559,0.0107273,0,0.231068,0.107042,4.80484,0.0557463,0.299774,0.0887293,0.825325,6.68025,0.950415,0.940002,0.0630349,0.34445,0.473688,0.212145,0.42409,0.42409,0,0,-0.00420856,0.0388269,0.940514,0.779515,0.0143371,0.0258198,0.00112264,0.000208358,0.516444,0.0147089,-6.83141,-8.37449,14.986,0.573035,1.10674,-16.749,-0.909091,-0.158923,1.84214,0.625,13.875,0,0,42.75,22.75,0,-11.3778,0.0001,-0.00119376,0.132647,1.55192,0.120756,58770,0.110462,55.81,1.81015
652,0.435609,0.408691,0.0184278,0.0133349,0.637515,0.368771,0.85007,0.454551,0.027115,0.0478034,0.0180852,0.191493,0.0106518,0,0.231085,0.11039,4.7521,0.0554861,0.299485,0.0882929,0.825933,6.68476,0.950009,0.940278,0.0629503,0.340444,0.476547,0.211142,0.44418,0.44418,0,0,-0.00424419,0.0381512,0.94018,0.781788,0.0141675,0.0255312,0.0011497,0.000258659,0.517186,0.0145457,-6.8327,-8.59525,14.8661,0.576261,1.09988,-16.6561,-0.908605,-0.159173,1.87356,0.333333,14.0833,0,0,42.7083,22.125,0.0416667,-11.3765,0.0001,-0.00122881,0.140315,1.58135,0.120944,57747,0.110484,54.64,1.63257
653,0.435038,0.406252,0.0184307,0.0132659,0.638212,0.366758,0.85022,0.447697,0.0274087,0.0469495,0.0182886,0.191687,0.0107615,0,0.231479,0.108089,4.77974,0.0553313,0.299801,0.0888238,0.823544,6.67619,0.949465,0.940284,0.0630113,0.347327,0.474687,0.211469,0.428428,0.428428,0,0,-0.0042101,0.0384006,0.94075,0.779793,0.0143771,0.0257936,0.000954953,9.20938e-05,0.515653,0.0147762,-6.96022,-8.26848,14.9151,0.574439,1.09758,-16.8175,-0.909091,-0.159318,1.86387,0.875,12.5,0,0,43.5833,23.1667,0,-11.3786,0.0001,-0.00113604,0.139622,1.53409,0.120081,59427,0.110455,56,1.74961
654,0.434449,0.402163,0.0185181,0.0134749,0.63821,0.364354,0.850792,0.445775,0.0271234,0.0480968,0.0180788,0.192093,0.010663,0,0.230737,0.107843,4.78256,0.0561241,0.299581,0.0882622,0.826093,6.6796,0.949937,0.940001,0.0633915,0.344341,0.475054,0.211715,0.42277,0.42277,0,0,-0.00426346,0.0379176,0.939796,0.781897,0.0141603,0.0255889,0.00119042,0.000244795,0.517413,0.0144748,-6.78092,-8.6778,14.9329,0.575034,1.10535,-16.5767,-0.909091,-0.158655,1.84564,0.708333,14.5833,0,0,42.75,20.875,0,-11.3827,0.0001,-0.00104918,0.13592,1.50871,0.121667,60295,0.110456,55.47,1.85844
655,0.435559,0.401028,0.0183752,0.0134944,0.638998,0.361493,0.849533,0.443748,0.0272484,0.0470104,0.0181889,0.191443,0.0106723,0,0.231904,0.106933,4.78404,0.0560015,0.300198,0.0888243,0.82474,6.68209,0.94918,0.940464,0.0626733,0.338577,0.476136,0.211255,0.417525,0.417525,0,0,-0.00422903,0.0365807,0.940577,0.781429,0.0142383,0.0256193,0.000954723,9.96636e-05,0.515552,0.0146674,-7.02352,-8.41026,14.8374,0.575914,1.09701,-16.7844,-0.909091,-0.159929,1.83884,0.666667,13.375,0,0,42.4167,22.375,0.0416667,-11.3834,0.0001,-0.00103729,0.134161,1.51883,0.120457,59967,0.110456,56.05,1.75081
656,0.438164,0.404488,0.0184102,0.0134224,0.640346,0.365145,0.849729,0.447256,0.0270503,0.0478072,0.0180603,0.192773,0.0106242,0,0.232668,0.108163,4.75653,0.0555852,0.301274,0.0882724,0.823335,6.68259,0.949553,0.940351,0.0622382,0.341512,0.47652,0.212412,0.426555,0.426555,0,0,-0.00425124,0.0379277,0.940318,0.783385,0.0141277,0.0254427,0.00108917,0.000214338,0.516607,0.0145089,-6.84743,-8.57846,14.793,0.578327,1.09672,-16.6886,-0.909091,-0.15995,1.85394,0.625,13.5833,0,0,42.8333,22.8333,0.0416667,-11.3859,0.0001,-0.00111051,0.138125,1.5133,0.119019,60223,0.110461,54.99,1.7447
657,0.439827,0.406419,0.0185354,0.0134149,0.643411,0.368766,0.850158,0.446525,0.0269763,0.0476769,0.0179865,0.192953,0.0105987,0,0.231831,0.108208,4.77731,0.0549289,0.300052,0.0879582,0.825552,6.68435,0.950464,0.939945,0.0631157,0.343115,0.477088,0.21287,0.419104,0.419104,0,0,-0.00426091,0.0371196,0.940725,0.782895,0.0140653,0.025417,0.00109156,0.000146877,0.515368,0.0144111,-6.84324,-8.60425,14.8265,0.576058,1.10161,-16.6373,-0.909091,-0.159702,1.8619,0.458333,13.9167,0,0,43.6667,22.5,0,-11.3867,0.0001,-0.00109323,0.139769,1.51433,0.119186,60179,0.110466,53.21,1.53333
658,0.437698,0.40684,0.0184736,0.0134863,0.641469,0.368267,0.849152,0.447292,0.0270489,0.0483547,0.0180121,0.192037,0.0106319,0,0.230881,0.107831,4.78044,0.056477,0.299275,0.088662,0.824164,6.68003,0.950603,0.940129,0.0626719,0.333735,0.474306,0.211336,0.414435,0.414435,0,0,-0.00427341,0.0371371,0.939662,0.783176,0.0140965,0.0255292,0.00113742,0.000252939,0.517507,0.0143947,-6.78362,-8.77275,14.8829,0.57662,1.10247,-16.513,-0.908579,-0.159775,1.86148,0.541667,14.3333,0,0,41,23.2917,0.0416667,-11.3881,0.0001,-0.00114752,0.135433,1.5164,0.116843,60189,0.110489,55.02,1.82485
659,0.434941,0.406253,0.0185126,0.0134035,0.639919,0.368335,0.84991,0.448848,0.0269707,0.0479832,0.0179787,0.192611,0.0105666,0,0.231414,0.108874,4.80064,0.056386,0.299804,0.0878966,0.826079,6.6911,0.951242,0.940019,0.0628342,0.338379,0.474365,0.212394,0.429381,0.429381,0,0,-0.0042771,0.0371381,0.940075,0.782597,0.0140792,0.025423,0.0011356,0.000196404,0.516783,0.0144516,-6.89453,-8.71091,14.8198,0.576268,1.09632,-16.5875,-0.909091,-0.15907,1.86027,0.625,14.2917,0,0,43.375,22.25,0,-11.3868,0.0001,-0.00121741,0.138022,1.52907,0.118797,59655,0.110511,55.65,1.79645
660,0.434602,0.398645,0.0185666,0.0138762,0.643403,0.362954,0.84912,0.440196,0.0270051,0.0484207,0.0179925,0.193763,0.0105945,0,0.231854,0.106102,4.80165,0.0563465,0.299988,0.0882617,0.823695,6.68299,0.950225,0.939844,0.0625149,0.335288,0.473752,0.213212,0.406066,0.406066,0,0,-0.00428785,0.036453,0.939793,0.783558,0.0140691,0.0254811,0.00115027,0.000208449,0.515396,0.0144049,-6.75194,-8.76309,14.8934,0.575729,1.09994,-16.5154,-0.909091,-0.15941,1.82384,0.75,14,0,0,40,23.0833,0.0416667,-11.3864,0.0001,-0.00115007,0.139994,1.53264,0.118754,59527,0.110542,54.57,1.96375
661,0.436833,0.406134,0.0185076,0.0133316,0.641094,0.367829,0.850831,0.449214,0.0273354,0.0471376,0.0182371,0.192423,0.0106425,0,0.231896,0.108908,4.78673,0.0551161,0.299588,0.0885844,0.82747,6.68136,0.950222,0.940035,0.0632387,0.344042,0.475187,0.212645,0.433104,0.433104,0,0,-0.0042294,0.0371432,0.941297,0.780302,0.014267,0.025719,0.0010882,0.000179754,0.516865,0.0146576,-6.87233,-8.28145,14.9536,0.571573,1.10193,-16.8079,-0.909091,-0.159411,1.86346,0.708333,12.875,0,0,44.5833,22.0833,0,-11.3846,0.0001,-0.0012328,0.145817,1.51561,0.120015,60101,0.110578,55.19,1.91713
662,0.440036,0.406783,0.0183363,0.0130894,0.643089,0.36519,0.850284,0.442995,0.0273955,0.0466351,0.0182989,0.193477,0.010638,0,0.234427,0.106615,4.77207,0.0557022,0.30188,0.0886835,0.82248,6.68561,0.949686,0.94059,0.0624223,0.340272,0.475975,0.213147,0.422048,0.422048,0,0,-0.00421928,0.0377017,0.941559,0.781561,0.0142709,0.0257061,0.00116524,0.000322817,0.518614,0.0147625,-6.95608,-8.17325,14.8137,0.575265,1.09513,-16.9242,-0.909091,-0.161419,1.86569,0.75,12.4583,0,0,44.5833,24.3333,0,-11.3849,0.0001,-0.000963,0.133069,1.54752,0.122441,58865,0.110581,56.08,1.62471
663,0.439074,0.407726,0.0185243,0.0131999,0.644424,0.369638,0.850484,0.445835,0.027266,0.0470463,0.0181887,0.194191,0.0106829,0,0.233282,0.107913,4.76595,0.0553548,0.300992,0.088184,0.825532,6.67936,0.949768,0.939981,0.0632468,0.342729,0.475083,0.214136,0.427336,0.427336,0,0,-0.00423237,0.0375389,0.941397,0.780576,0.0142467,0.0256538,0.00118181,0.000240014,0.516244,0.0146188,-6.84839,-8.31459,14.9226,0.57177,1.10023,-16.7737,-0.909091,-0.160091,1.8691,0.291667,13.125,0,0,43.7917,22.2917,0,-11.388,0.0001,-0.00114725,0.143779,1.52438,0.118285,59844,0.110569,54.25,1.87377
664,0.434454,0.403544,0.0185227,0.0134413,0.639662,0.365457,0.851162,0.446784,0.027571,0.0472236,0.0183832,0.193299,0.0107756,0,0.231824,0.108136,4.78519,0.0561051,0.300131,0.0893166,0.824352,6.67179,0.948683,0.939986,0.0633455,0.347928,0.473969,0.212712,0.43025,0.43025,0,0,-0.00424258,0.037038,0.940664,0.778321,0.0144123,0.0259733,0.0010955,0.000222721,0.515532,0.014752,-6.87637,-8.32485,14.9956,0.571881,1.10894,-16.7875,-0.909091,-0.159043,1.85238,0.541667,13.5,0,0,42.9167,22.2917,0,-11.3898,0.0001,-0.000891077,0.136346,1.51086,0.119712,60287,0.110591,55.67,1.90674
665,0.434149,0.402129,0.0185314,0.0135719,0.639487,0.364548,0.850847,0.444388,0.0270621,0.04817,0.0180666,0.190969,0.0106526,0,0.229942,0.107602,4.81004,0.0573047,0.297857,0.0880529,0.828044,6.68677,0.950401,0.939958,0.0631048,0.342451,0.475105,0.211072,0.414777,0.414777,0,0,-0.00428408,0.0362017,0.940622,0.78319,0.0140504,0.0254386,0.00110117,0.000233907,0.517888,0.0144556,-6.88105,-8.57487,14.8189,0.575512,1.09145,-16.675,-0.909091,-0.158936,1.84546,0.583333,12.875,0,0,42.7083,22.7917,0,-11.3882,0.0001,-0.00113025,0.137199,1.51323,0.118622,60240,0.110598,55.44,1.64847
666,0.438252,0.410978,0.0184474,0.0132163,0.641375,0.371314,0.850889,0.451573,0.0270083,0.0479598,0.0180232,0.192712,0.010594,0,0.232424,0.109671,4.7895,0.0573218,0.299723,0.0879734,0.825114,6.69302,0.950105,0.94023,0.062948,0.342138,0.477542,0.212366,0.436223,0.436223,0,0,-0.00425748,0.0367511,0.941005,0.784026,0.0139921,0.0253938,0.00122503,0.00031755,0.518251,0.0144178,-6.80902,-8.59747,14.7677,0.576035,1.09334,-16.6853,-0.909091,-0.159982,1.88583,0.791667,13.4583,0,0,42.25,22.25,0,-11.3896,0.0001,-0.0011117,0.143955,1.53527,0.117473,59479,0.110607,55.33,1.70636
667,0.443983,0.417562,0.0183827,0.0128207,0.645523,0.375562,0.852266,0.455023,0.0267918,0.0483874,0.0178882,0.192445,0.0106187,0.000484496,0.23318,0.110888,4.77011,0.0569804,0.300013,0.0877272,0.826833,6.69352,0.950182,0.940426,0.0623808,0.33031,0.478771,0.212322,0.45242,0.45242,0,0,-0.00430691,0.0362316,0.940629,0.78714,0.013867,0.0251511,0.0010535,0.000248851,0.5181,0.0142926,-6.89368,-8.75598,14.5874,0.581824,1.08874,-16.6513,-0.90865,-0.161581,1.91926,0.416667,13.2083,0,0,41.9583,23.5,0.0416667,-11.3907,0.0001,-0.00111738,0.138951,1.52078,0.117782,59994,0.110612,55.89,1.88674
668,0.436499,0.408516,0.0184532,0.0132172,0.641373,0.369074,0.852206,0.448382,0.0270498,0.0487277,0.0180404,0.193094,0.010644,0,0.232734,0.108449,4.80418,0.0578585,0.299695,0.0881627,0.825608,6.68251,0.949502,0.940212,0.0628897,0.339206,0.474881,0.212682,0.431243,0.431243,0,0,-0.00427258,0.0374875,0.940179,0.783866,0.0140532,0.0255085,0.00125644,0.000340559,0.517564,0.0143835,-6.72643,-8.67589,14.866,0.575856,1.10067,-16.6019,-0.909091,-0.15998,1.8782,0.416667,13.8333,0,0,42.2083,22.0417,0,-11.3925,0.0001,-0.000875767,0.138502,1.53055,0.119553,59574,0.110623,54.42,1.77292
669,0.436908,0.407248,0.0183656,0.0134296,0.640114,0.366503,0.850693,0.450692,0.0270981,0.0472615,0.0181166,0.192096,0.0106405,0,0.233101,0.109437,4.78631,0.0565028,0.300133,0.0880291,0.826134,6.69346,0.950687,0.940495,0.0626696,0.341679,0.477584,0.212169,0.428143,0.428143,0,0,-0.00424948,0.0364075,0.941872,0.782887,0.014101,0.0254182,0.00106615,0.000213968,0.518548,0.0145721,-6.91099,-8.29938,14.7594,0.574324,1.08902,-16.8595,-0.909091,-0.160365,1.86943,0.416667,12.875,0,0,43.8333,23.25,0.0833333,-11.3931,0.0001,-0.00100447,0.140523,1.53745,0.117426,59402,0.110628,55.16,1.64808
670,0.437602,0.405891,0.0185018,0.0133283,0.642074,0.367048,0.851494,0.445285,0.0271502,0.0486648,0.0181088,0.193089,0.010642,0,0.231902,0.107739,4.80371,0.0572523,0.29955,0.0886441,0.825082,6.68383,0.949999,0.940054,0.0630196,0.339375,0.473854,0.212564,0.425727,0.425727,0,0,-0.00429918,0.036096,0.940103,0.783691,0.0140827,0.0255858,0.00112475,0.000210272,0.516393,0.0143959,-6.80526,-8.61174,14.8957,0.575334,1.10475,-16.6034,-0.909091,-0.159782,1.86556,0.625,14.0833,0,0,43.3333,22,0,-11.3948,0.0001,-0.00102933,0.14584,1.53078,0.11866,59598,0.110624,54.65,1.37729
671,0.439587,0.407301,0.0184907,0.0130925,0.643673,0.368551,0.851371,0.445754,0.0270738,0.0484542,0.018057,0.19369,0.0106318,0,0.232932,0.107811,4.80268,0.0572464,0.300326,0.088254,0.824086,6.68941,0.950261,0.94009,0.0628012,0.336174,0.47527,0.213408,0.428278,0.428278,0,0,-0.00428489,0.0363255,0.940552,0.784363,0.0140308,0.0254751,0.00110303,0.000226056,0.517618,0.0144005,-6.79561,-8.60296,14.8234,0.575794,1.09811,-16.6393,-0.909091,-0.160231,1.86885,0.666667,13.4167,0,0,41.2083,23.5833,0,-11.3975,0.0001,-0.00115491,0.13927,1.53096,0.121402,59493,0.110618,55.44,1.73308
672,0.439965,0.413057,0.0184441,0.0131469,0.642921,0.37262,0.851776,0.453735,0.0272771,0.0475501,0.0182073,0.194008,0.0105833,0,0.234051,0.110461,4.76589,0.0566547,0.300924,0.0883161,0.827963,6.68628,0.949533,0.940241,0.0630185,0.341642,0.477743,0.213831,0.440084,0.440084,0,0,-0.00425741,0.0367479,0.941459,0.782293,0.0141502,0.0256192,0.00127351,0.000373749,0.518661,0.014539,-6.77578,-8.33824,14.9097,0.571669,1.09764,-16.7856,-0.909091,-0.160553,1.89796,0.458333,12.625,0,0,43.0417,21.3333,0,-11.4003,0.0001,-0.00113217,0.137713,1.5463,0.1216,58938,0.110616,56.71,1.82325
673,0.436459,0.404321,0.0184715,0.0133866,0.641165,0.365101,0.851052,0.441847,0.027187,0.0480036,0.0181367,0.19378,0.0106312,0,0.233187,0.106163,4.78748,0.0571473,0.300662,0.0884626,0.823599,6.68643,0.949875,0.940152,0.0625465,0.339013,0.472065,0.213327,0.409503,0.409503,0,0,-0.00428212,0.0374678,0.940408,0.783514,0.0141119,0.025596,0.00113634,0.000269131,0.518206,0.014471,-6.81146,-8.55916,14.8768,0.574205,1.09879,-16.6818,-0.909091,-0.159905,1.85639,0.458333,13.7917,0,0,43.2083,23.0417,0,-11.4021,0.0001,-0.00108754,0.139093,1.51531,0.117492,60205,0.110615,56.13,1.86319
674,0.443471,0.410119,0.0184334,0.0132502,0.645298,0.370687,0.852125,0.448912,0.0267422,0.0494128,0.0178278,0.193254,0.0106084,0,0.232896,0.109328,4.7848,0.057141,0.299827,0.0878745,0.824639,6.69159,0.950907,0.940276,0.0620843,0.331181,0.478571,0.212491,0.433972,0.433972,0,0,-0.00432618,0.0361797,0.939645,0.787584,0.0138425,0.0252036,0.00124213,0.000335899,0.518568,0.014126,-6.65083,-8.97988,14.7285,0.580563,1.10045,-16.4417,-0.909091,-0.161124,1.88361,0.5,14.5417,0,0,39.7917,23.1667,0,-11.4036,0.0001,-0.00107027,0.141875,1.51519,0.116363,60251,0.110636,54.79,1.82815
675,0.440571,0.40892,0.0184812,0.0131367,0.643905,0.369794,0.852812,0.449899,0.0269459,0.0484516,0.0179902,0.193895,0.0105696,0,0.232898,0.109691,4.78397,0.05691,0.300049,0.0878131,0.825289,6.69594,0.950253,0.940121,0.0623377,0.333129,0.477981,0.213384,0.446169,0.446169,0,0,-0.00430187,0.036511,0.940737,0.786509,0.0139165,0.0253317,0.00119055,0.000288392,0.518322,0.0142681,-6.67952,-8.646,14.7722,0.577031,1.09693,-16.6274,-0.909091,-0.160288,1.88104,0.666667,13.625,0,0,42.2083,25.0417,0,-11.4026,0.0001,-0.00128787,0.137872,1.49476,0.118251,60944,0.110654,54.3,1.77443
676,0.439393,0.410033,0.0183627,0.0129108,0.641212,0.368873,0.852566,0.45004,0.0268466,0.0482848,0.0179278,0.191912,0.0106197,0,0.232542,0.109525,4.76802,0.0573707,0.299487,0.0880017,0.824922,6.69392,0.950683,0.940505,0.0619672,0.331374,0.478828,0.211463,0.43737,0.43737,0,0,-0.00431364,0.0362315,0.940574,0.786755,0.0138843,0.0252187,0.00115215,0.000308705,0.518735,0.014281,-6.81827,-8.70257,14.7063,0.577855,1.08831,-16.6176,-0.909091,-0.160709,1.88496,0.5,13.6667,0,0,42,22.9167,0,-11.4037,0.0001,-0.00123972,0.132629,1.50713,0.118275,60479,0.110676,55.34,1.86987
677,0.439209,0.404733,0.0185046,0.0135302,0.642992,0.367255,0.852724,0.445108,0.0271028,0.048083,0.0180718,0.192725,0.0105126,0,0.231463,0.107864,4.78699,0.0567957,0.299143,0.0881089,0.825664,6.69158,0.950681,0.940045,0.0624507,0.328751,0.477592,0.212238,0.414409,0.414409,0,0,-0.00430233,0.0355899,0.941288,0.784449,0.0140142,0.0254975,0.00110957,0.000240536,0.518248,0.0143798,-6.70463,-8.52561,14.8238,0.573987,1.09799,-16.6758,-0.909091,-0.159773,1.86112,0.541667,13.0417,0,0,41.5,23.0417,0,-11.4007,0.0001,-0.00134402,0.135254,1.51573,0.123468,59970,0.110753,55.19,1.7454
678,0.437973,0.40517,0.0184193,0.0135951,0.640107,0.3658,0.851554,0.445616,0.027475,0.047154,0.0183357,0.192666,0.0106911,0,0.232415,0.107465,4.78993,0.0570221,0.299961,0.0890467,0.824119,6.68289,0.949514,0.940321,0.0624125,0.340798,0.475357,0.212109,0.404216,0.404216,0,0,-0.0042524,0.0369284,0.941279,0.781784,0.0142705,0.0258172,0.00113821,0.000288183,0.518536,0.0146576,-6.8499,-8.18119,14.9467,0.571163,1.09862,-16.8433,-0.909091,-0.159941,1.86141,0.666667,12.9167,0,0,43.7917,23.75,0,-11.3902,0.0001,-0.00119087,0.13481,1.49727,0.1172,60889,0.110846,55.88,1.80269
679,0.441415,0.412151,0.0183766,0.012749,0.643449,0.371178,0.851751,0.449732,0.0271894,0.0473907,0.0181512,0.193098,0.0106548,0,0.233716,0.108819,4.79255,0.057225,0.300702,0.0883716,0.824791,6.68302,0.950286,0.94046,0.0621135,0.339743,0.475724,0.212954,0.436898,0.436898,0,0,-0.0042547,0.0359166,0.94143,0.783252,0.0141008,0.0255449,0.00104085,0.000206339,0.517926,0.0145247,-6.90633,-8.31847,14.8619,0.571901,1.09281,-16.8015,-0.909091,-0.161114,1.8935,0.458333,12.6667,0,0,42.9167,21.9583,0,-11.3827,0.0001,-0.00101415,0.135382,1.50073,0.119472,60673,0.110882,55.23,1.79845
680,0.439342,0.410107,0.0184249,0.012968,0.641515,0.370368,0.851113,0.449218,0.027031,0.0480144,0.0180392,0.192544,0.0106206,0,0.232378,0.108982,4.79973,0.0579045,0.299371,0.087934,0.824605,6.68948,0.95038,0.940303,0.0625145,0.337868,0.476542,0.212158,0.432945,0.432945,0,0,-0.0042654,0.0370618,0.941009,0.783797,0.014044,0.0254256,0.00123782,0.000303165,0.518578,0.0144422,-6.76332,-8.52631,14.8235,0.574779,1.0923,-16.6658,-0.909091,-0.16023,1.88267,0.583333,13.5417,0,0,43.3333,22.9583,0,-11.3825,0.0001,-0.00113102,0.145087,1.51292,0.117646,60288,0.110895,54.2,1.81198
681,0.438671,0.405776,0.0185467,0.013385,0.643594,0.367852,0.852283,0.447888,0.0272785,0.0473611,0.0181975,0.194298,0.0106235,0,0.23275,0.109181,4.77523,0.0569733,0.300415,0.0882134,0.82789,6.69068,0.950563,0.939909,0.0630026,0.334612,0.476886,0.213943,0.439298,0.439298,0,0,-0.00428496,0.0354779,0.941695,0.781653,0.0141572,0.0256464,0.00108504,0.000173763,0.516001,0.0145206,-6.7801,-8.30123,14.9425,0.570128,1.09894,-16.7558,-0.909091,-0.15971,1.86403,0.458333,13.4167,0,0,44.0417,22.1667,0,-11.3821,0.0001,-0.000915322,0.133272,1.51909,0.117144,60079,0.110918,53.38,1.69767
682,0.441228,0.410189,0.0184423,0.0131872,0.644779,0.370636,0.851971,0.449159,0.027274,0.0474864,0.0181893,0.194198,0.0106177,0,0.234194,0.108996,4.78133,0.0567767,0.300956,0.0884913,0.82635,6.68745,0.949687,0.940247,0.0626934,0.339129,0.477751,0.213888,0.430952,0.430952,0,0,-0.00425955,0.0360233,0.941544,0.782688,0.0141369,0.0256382,0.00115552,0.000246025,0.51662,0.0144984,-6.74265,-8.30786,14.9189,0.570851,1.10037,-16.7658,-0.909091,-0.16092,1.8843,0.625,12.9167,0,0,43.4167,21.9167,0,-11.3799,0.0001,-0.00105602,0.136426,1.50687,0.118309,60488,0.110961,55.47,1.55447
683,0.439028,0.402111,0.0184181,0.0134434,0.642542,0.363333,0.85204,0.442895,0.0273008,0.0470863,0.0182369,0.193211,0.0106404,0,0.233433,0.106966,4.77886,0.0565519,0.300261,0.0882233,0.825691,6.68957,0.950275,0.940325,0.0627691,0.345764,0.476954,0.21301,0.414078,0.414078,0,0,-0.00425041,0.0360247,0.942174,0.782562,0.014131,0.0256076,0.00113731,0.000244511,0.517885,0.0145269,-6.8613,-8.12548,14.8946,0.570123,1.09406,-16.8883,-0.909091,-0.160423,1.84887,0.708333,12.4167,0,0,44,22.4583,0,-11.3776,0.0001,-0.000950105,0.133145,1.5046,0.117867,60589,0.110978,55.45,1.59304
684,0.443181,0.413536,0.0183763,0.013033,0.645325,0.373236,0.851966,0.455544,0.0270151,0.0474357,0.0180603,0.193293,0.0106617,0,0.233866,0.111207,4.76332,0.0569057,0.300048,0.08763,0.82721,6.69318,0.950415,0.940461,0.0620016,0.335688,0.480728,0.213054,0.439278,0.439278,0,0,-0.00428033,0.0359706,0.942208,0.784395,0.0139848,0.0253089,0.00118006,0.000274603,0.517739,0.0144115,-6.7614,-8.31575,14.7769,0.573403,1.08817,-16.8026,-0.909091,-0.161384,1.89898,0.708333,12.7917,0,0,43.4167,22.75,0,-11.3776,0.0001,-0.00117285,0.138169,1.49426,0.116979,61011,0.11101,54.72,1.79605
685,0.438808,0.402663,0.0184685,0.0138327,0.643211,0.364654,0.851759,0.44397,0.0273145,0.0470231,0.0182445,0.193856,0.0106908,0,0.233498,0.107349,4.79475,0.0564982,0.300413,0.0884874,0.827265,6.68109,0.94944,0.940162,0.0626249,0.335789,0.47756,0.213657,0.40397,0.40397,0,0,-0.00428428,0.0350069,0.942078,0.781444,0.0141728,0.0256505,0.000981686,0.000107794,0.515407,0.0145694,-6.84348,-8.17618,14.9113,0.570035,1.09832,-16.8569,-0.909091,-0.160215,1.85007,0.416667,13.1667,0,0,44.0833,22.7083,0,-11.3748,0.0001,-0.00119896,0.136687,1.51918,0.121208,59927,0.111059,54.9,1.76722
686,0.43898,0.407556,0.0184478,0.0134859,0.644112,0.368302,0.851661,0.449218,0.0270527,0.0475736,0.0180711,0.193558,0.0104992,0,0.23354,0.109209,4.7886,0.0567018,0.299783,0.0877272,0.828542,6.69502,0.950508,0.940229,0.0625661,0.33583,0.478326,0.213461,0.426842,0.426842,0,0,-0.00428114,0.035868,0.942157,0.783478,0.0140095,0.025388,0.00118383,0.000264112,0.517421,0.0143965,-6.74275,-8.33535,14.8669,0.570398,1.09253,-16.7692,-0.909091,-0.160574,1.87208,0.458333,13.3333,0,0,43.3333,22.625,0,-11.3727,0.0001,-0.000963574,0.138198,1.50932,0.117632,60422,0.111081,55.43,1.66746
687,0.44156,0.407988,0.0184286,0.0131144,0.646516,0.368813,0.852318,0.446897,0.0273804,0.0467915,0.0182985,0.194587,0.0106522,0,0.234468,0.108459,4.76257,0.0555455,0.300833,0.0884623,0.828552,6.68951,0.949825,0.940291,0.0623591,0.339096,0.47931,0.214274,0.429169,0.429169,0,0,-0.0042777,0.0350246,0.942585,0.781924,0.0141685,0.0256403,0.00109228,0.000202534,0.516011,0.0145596,-6.80441,-8.05128,14.9142,0.569435,1.09538,-16.9189,-0.909091,-0.161217,1.87605,0.791667,12.25,0,0,43.5,21.4167,0,-11.3746,0.0001,-0.00115309,0.138525,1.50234,0.120555,60573,0.111077,55.55,1.79625
688,0.438887,0.404832,0.018354,0.0134188,0.643607,0.364263,0.851668,0.445004,0.0270827,0.0474528,0.0180927,0.193618,0.0105873,0,0.234595,0.107256,4.77424,0.0573,0.300263,0.0877594,0.825445,6.69561,0.950767,0.940533,0.0620195,0.3334,0.476098,0.213414,0.413661,0.413661,0,0,-0.00427152,0.0366162,0.941957,0.784545,0.0140195,0.0253877,0.00122578,0.000341792,0.51873,0.0144471,-6.83414,-8.24788,14.8396,0.570967,1.08587,-16.821,-0.909091,-0.161281,1.8603,0.583333,12.7083,0,0,44.875,22.9167,0,-11.3761,0.0001,-0.0012744,0.136449,1.51053,0.117356,60387,0.111093,56.71,1.74762
689,0.437047,0.404811,0.0184523,0.0135048,0.641703,0.365542,0.852409,0.445725,0.0269699,0.0489574,0.0179827,0.192708,0.010664,0,0.231885,0.10785,4.79223,0.058099,0.299009,0.0880597,0.825755,6.68879,0.950694,0.940215,0.0621046,0.332504,0.476156,0.21188,0.423245,0.423245,0,0,-0.0043346,0.0362195,0.940248,0.785042,0.013969,0.0254102,0.00123728,0.00031265,0.517931,0.0142018,-6.6474,-8.70557,14.9365,0.572872,1.09851,-16.4884,-0.909091,-0.160083,1.86277,0.5,14.5833,0,0,42.375,22.0833,0,-11.3758,0.0001,-0.00118448,0.135707,1.53259,0.12158,59428,0.111102,54.99,1.75819
690,0.4421,0.407963,0.018528,0.0134296,0.646838,0.370722,0.852455,0.444955,0.0274574,0.0475753,0.0183189,0.195665,0.0107044,0,0.234282,0.107408,4.80053,0.0567088,0.300628,0.0888412,0.825788,6.6819,0.950168,0.939969,0.0629019,0.340855,0.476931,0.215204,0.408222,0.408222,0,0,-0.00426536,0.0363135,0.941594,0.7803,0.0142724,0.0258504,0.00118334,0.000241588,0.515675,0.0145413,-6.71794,-8.17226,15.1274,0.564377,1.10783,-16.7601,-0.909091,-0.160539,1.87451,0.458333,13.5,0,0,44.2917,21.7917,0,-11.3769,0.0001,-0.00107485,0.139416,1.54923,0.119694,58902,0.111126,55.11,1.67705
691,0.442901,0.411117,0.0185357,0.0130859,0.646837,0.373726,0.853063,0.448831,0.0271003,0.0480087,0.0180941,0.195036,0.0106401,0,0.233898,0.109344,4.76772,0.0573156,0.299503,0.0878101,0.825374,6.69216,0.950661,0.939944,0.0630692,0.335548,0.478057,0.214869,0.43331,0.43331,0,0,-0.0042977,0.0369334,0.942042,0.784234,0.0140208,0.0254458,0.00126259,0.000320631,0.517543,0.0143106,-6.64461,-8.29842,14.9399,0.568713,1.0946,-16.7211,-0.909091,-0.160507,1.89122,0.458333,12.875,0,0,42.5833,23.0833,0,-11.3754,0.0001,-0.00110528,0.139467,1.56801,0.119796,58243,0.111144,54.42,1.88438
692,0.442493,0.410909,0.0184108,0.013004,0.646348,0.371488,0.852309,0.450608,0.0274105,0.0465735,0.0183141,0.195271,0.0106616,0,0.235406,0.109597,4.76353,0.0560141,0.300966,0.0879722,0.826857,6.69667,0.950645,0.940349,0.0624012,0.339936,0.47861,0.215026,0.435956,0.435956,0,0,-0.00423265,0.036152,0.942969,0.781521,0.0142336,0.0256919,0.00115532,0.000243078,0.516631,0.0146091,-6.8155,-7.92146,14.9654,0.565492,1.09088,-16.9675,-0.909091,-0.161329,1.88956,0.375,12.125,0,0,46.2917,22,0,-11.3765,0.0001,-0.00115343,0.132297,1.57942,0.117378,57934,0.111155,54.93,2.0163
693,0.445464,0.413309,0.018437,0.0130742,0.648046,0.37408,0.85235,0.449139,0.0274324,0.0462461,0.0183445,0.195249,0.0106573,0,0.235382,0.108906,4.75381,0.0556973,0.300131,0.0878706,0.827482,6.69327,0.950498,0.940264,0.0630732,0.344678,0.478771,0.215232,0.421338,0.421338,0,0,-0.00422717,0.0362968,0.943648,0.780594,0.0142455,0.0256747,0.00123771,0.00029784,0.516789,0.0146537,-6.81906,-7.81511,14.9421,0.565512,1.08888,-17.0333,-0.909091,-0.161578,1.89894,0.583333,11.2917,0,0,45.25,21.4583,0,-11.3758,0.0001,-0.00111336,0.135782,1.51857,0.117849,60072,0.111189,55.09,1.93297
694,0.440972,0.408672,0.0185097,0.0132508,0.646736,0.370761,0.851933,0.447858,0.0275666,0.0461125,0.0184096,0.195538,0.0106696,0,0.234762,0.108751,4.7777,0.0566797,0.299843,0.0882218,0.829586,6.69056,0.950255,0.940028,0.0628257,0.348231,0.477561,0.215427,0.428689,0.428689,0,0,-0.00420848,0.0370304,0.943688,0.778239,0.0143744,0.0258534,0.00125042,0.000266718,0.51653,0.0147296,-6.77268,-7.7157,15.1096,0.559964,1.09108,-17.0046,-0.909091,-0.160675,1.87868,0.541667,11.9167,0,0,45.625,20.9167,0,-11.3743,0.0001,-0.00120288,0.135443,1.53288,0.119197,59503,0.111214,54.99,1.95394
695,0.44064,0.412011,0.0184883,0.0132644,0.645185,0.373113,0.851384,0.448076,0.0273322,0.0470321,0.018246,0.194473,0.0106992,0,0.233662,0.108619,4.78907,0.0572003,0.29992,0.088077,0.826282,6.68972,0.950603,0.940098,0.0631091,0.341434,0.475616,0.214156,0.426579,0.426579,0,0,-0.00425564,0.0376218,0.942543,0.781115,0.0142292,0.0256729,0.0011652,0.00023428,0.516325,0.0145343,-6.74606,-7.98718,15.0914,0.562508,1.09051,-16.8412,-0.909091,-0.160642,1.89089,0.5,11.8333,0,0,44.625,20.9167,0,-11.3735,0.0001,-0.00113612,0.137288,1.55433,0.118186,58776,0.111238,54.61,1.77776
696,0.442118,0.407932,0.0184326,0.0133521,0.646971,0.368756,0.852563,0.445251,0.0276484,0.0464057,0.0184694,0.195609,0.0107672,0,0.235692,0.107922,4.76115,0.0560338,0.300566,0.0888844,0.829502,6.68874,0.950326,0.940278,0.0629394,0.345611,0.477513,0.215467,0.410839,0.410839,0,0,-0.0042394,0.0367246,0.943251,0.779874,0.0143413,0.0259113,0.00132024,0.000373847,0.518622,0.0147076,-6.78105,-7.7256,15.1215,0.561226,1.09274,-17.0246,-0.909091,-0.161356,1.8759,0.416667,11.625,0,0,45.0833,21.5,0,-11.3727,0.0001,-0.00114959,0.13305,1.53428,0.11831,59484,0.11125,55.26,1.73727
697,0.441353,0.406825,0.018466,0.0134778,0.647172,0.368523,0.851897,0.442615,0.0274206,0.0470713,0.0183127,0.195334,0.0106407,0,0.234826,0.106624,4.79667,0.0572159,0.3001,0.0879183,0.826457,6.68419,0.950547,0.94017,0.0629085,0.347632,0.475264,0.215033,0.404729,0.404729,0,0,-0.00423935,0.0366629,0.942879,0.779946,0.0142528,0.0257523,0.00124808,0.000291356,0.517267,0.014562,-6.73005,-7.92438,15.1045,0.561807,1.09234,-16.8806,-0.909091,-0.161128,1.86983,0.291667,12.5,0,0,46.7917,21.9167,0.0416667,-11.3735,0.0001,-0.00137184,0.133294,1.55304,0.122128,58683,0.111253,55,1.88004
698,0.438475,0.407431,0.0184767,0.013455,0.64386,0.369266,0.852637,0.44883,0.0274246,0.047678,0.0182915,0.194519,0.0107533,0,0.233499,0.108877,4.78422,0.0573437,0.299404,0.0887142,0.827023,6.68417,0.950428,0.940135,0.062551,0.336778,0.477591,0.213849,0.423667,0.423667,0,0,-0.0042536,0.0370247,0.942143,0.780443,0.0142683,0.0258152,0.00151401,0.000520913,0.520318,0.0145147,-6.58414,-8.08305,15.1711,0.561823,1.09968,-16.7428,-0.909091,-0.1602,1.87463,0.5,13.375,0,0,42.7917,22.7083,0,-11.3751,0.0001,-0.001133,0.134384,1.58014,0.11748,57907,0.111249,55.03,1.83495
699,0.440277,0.406916,0.0185464,0.013389,0.647663,0.369642,0.852583,0.444879,0.0272309,0.0477675,0.0181651,0.196134,0.010679,0,0.234639,0.107845,4.78984,0.0571748,0.300119,0.0879335,0.826276,6.69001,0.950833,0.93991,0.0621174,0.337997,0.475899,0.2157,0.41301,0.41301,0,0,-0.00427116,0.0363448,0.942277,0.781838,0.0141704,0.0256151,0.00138979,0.000382951,0.51797,0.014447,-6.60279,-8.20619,15.0901,0.562683,1.09266,-16.7105,-0.909091,-0.160585,1.87121,0.458333,13,0,0,43.1667,23.0833,0,-11.3761,0.0001,-0.00102599,0.137992,1.56685,0.118386,58332,0.11128,54.77,1.72476
700,0.443413,0.409375,0.0184237,0.0133833,0.648123,0.370161,0.853516,0.444678,0.0274173,0.0468978,0.018316,0.195894,0.0106622,0,0.235999,0.107343,4.76682,0.0572897,0.301182,0.0882105,0.825202,6.69474,0.950399,0.940307,0.0621197,0.34052,0.4763,0.215607,0.404048,0.404048,0,0,-0.00424247,0.0374182,0.943346,0.782073,0.0142091,0.0257017,0.00135991,0.00044959,0.520224,0.0145809,-6.77996,-7.85671,14.9951,0.563408,1.08692,-16.9631,-0.909091,-0.161775,1.88336,0.666667,11.375,0,0,43.5417,22.4167,0.0416667,-11.3744,0.0001,-0.00107043,0.136838,1.62679,0.122906,56183,0.111301,53.79,1.83822
701,0.443103,0.408494,0.0183928,0.0132745,0.64655,0.368796,0.854047,0.445987,0.0273784,0.0471608,0.0182736,0.195111,0.0106479,0,0.235071,0.108223,4.75402,0.0570234,0.300272,0.0883216,0.824524,6.69505,0.951046,0.940407,0.0620064,0.333526,0.478313,0.214488,0.420554,0.420554,0,0,-0.0042477,0.0377859,0.943113,0.783389,0.0141783,0.0256912,0.00155093,0.000601432,0.522053,0.0145014,-6.57096,-7.95096,15.0017,0.56454,1.09062,-16.8799,-0.909091,-0.161524,1.88312,0.541667,12.3333,0,0,43.9583,24.125,0,-11.3748,0.0001,-0.0012601,0.133232,1.55979,0.117599,58605,0.11132,53.88,1.70876
702,0.443764,0.411009,0.0184413,0.0132002,0.647479,0.371858,0.85374,0.447472,0.0272563,0.0471181,0.0181971,0.195794,0.0105446,0,0.235646,0.108566,4.75386,0.0570494,0.300374,0.0878179,0.825814,6.69395,0.95014,0.94025,0.0623035,0.333789,0.477255,0.21557,0.417205,0.417205,0,0,-0.00426289,0.0379703,0.943253,0.783219,0.014101,0.0255506,0.00139295,0.000479558,0.519647,0.0144458,-6.72375,-8.01243,14.9584,0.563904,1.08498,-16.8803,-0.909091,-0.161473,1.89265,0.541667,11.7083,0,0,41.8333,23.7083,0,-11.3737,0.0001,-0.000995591,0.13382,1.57381,0.122169,57962,0.11135,55.62,1.84604
703,0.442334,0.410155,0.0184682,0.0134138,0.645445,0.371191,0.853533,0.445092,0.0274186,0.0468049,0.0183102,0.194788,0.0106431,0,0.234041,0.107389,4.76484,0.0566279,0.299188,0.0881339,0.826189,6.68818,0.950289,0.940163,0.0627551,0.340466,0.477321,0.214348,0.393843,0.393843,0,0,-0.00424223,0.0375886,0.94349,0.780866,0.0142422,0.0257281,0.00156963,0.000564991,0.519473,0.0145696,-6.65866,-7.85397,15.0634,0.561267,1.09267,-16.9274,-0.909091,-0.160697,1.88926,0.333333,12.875,0,0,45.9583,23.0417,0,-11.3731,0.0001,-0.0011854,0.132659,1.56018,0.117826,58583,0.111367,55.72,1.8048
704,0.442833,0.413291,0.0184749,0.0131316,0.648074,0.374056,0.853084,0.448514,0.0273672,0.0471897,0.0182596,0.196233,0.0107199,0,0.235812,0.108921,4.76492,0.0573118,0.300634,0.0884314,0.826177,6.68809,0.949933,0.940141,0.0622158,0.339822,0.477694,0.215787,0.424614,0.424614,0,0,-0.00425678,0.0377761,0.943063,0.781493,0.0142209,0.0257143,0.00151694,0.000546908,0.520486,0.0145033,-6.57934,-7.97351,15.0932,0.561077,1.09403,-16.8193,-0.909091,-0.161408,1.90053,0.5,12.5417,0,0,44.0417,22.5833,0,-11.3732,0.0001,-0.00115839,0.141008,1.60773,0.118841,56935,0.111385,55.53,1.79146
705,0.44287,0.405066,0.0184555,0.0133207,0.648349,0.367196,0.852952,0.442639,0.0273588,0.0466335,0.0182739,0.19577,0.01053,0,0.235594,0.107315,4.76662,0.0574489,0.300115,0.0880507,0.826274,6.694,0.950098,0.940204,0.0623893,0.339647,0.478401,0.215698,0.414411,0.414411,0,0,-0.00423189,0.037973,0.944041,0.781995,0.0141648,0.0256314,0.00143696,0.000479307,0.519909,0.014546,-6.71206,-7.79155,14.9917,0.561556,1.0895,-17.0039,-0.909091,-0.16146,1.86386,0.5,11.4583,0,0,44.375,22.9583,0,-11.3709,0.0001,-0.00116462,0.135032,1.56676,0.120662,58257,0.111419,54.88,1.90387
706,0.443928,0.416522,0.0183428,0.0129786,0.648206,0.375064,0.853673,0.454268,0.0275022,0.0465819,0.0184083,0.195437,0.0106506,0,0.236382,0.110436,4.75352,0.0575657,0.300132,0.0881204,0.827006,6.6958,0.950482,0.940569,0.0623534,0.339194,0.479206,0.215272,0.434439,0.434439,0,0,-0.00425459,0.0365926,0.944152,0.781839,0.0142415,0.0257057,0.0014084,0.00049142,0.519981,0.0146253,-6.74118,-7.64451,15,0.56239,1.08261,-17.069,-0.909091,-0.16228,1.91966,0.666667,10.8333,0,0,43.9583,22.7917,0,-11.3699,0.0001,-0.00122218,0.135726,1.62659,0.122118,56215,0.111427,54.29,1.70896
707,0.444901,0.415066,0.0184373,0.0127187,0.647721,0.37501,0.853393,0.451806,0.0271705,0.0471476,0.0181505,0.195415,0.0105873,0,0.235636,0.11034,4.75965,0.0574136,0.29979,0.0877254,0.829163,6.69708,0.950428,0.940263,0.0625387,0.341659,0.478943,0.215249,0.451051,0.451051,0,0,-0.00427438,0.0372877,0.943282,0.783536,0.0140586,0.0254566,0.00130792,0.000376427,0.518643,0.0143846,-6.76559,-8.01161,14.9641,0.563439,1.08203,-16.8653,-0.909091,-0.161617,1.91086,0.333333,12.2083,0,0,44.7083,22.5417,0,-11.3717,0.0001,-0.00118699,0.136281,1.55764,0.121919,58529,0.111429,55.45,1.73456
708,0.443271,0.406902,0.0184868,0.0135642,0.648197,0.369306,0.852962,0.444149,0.0269278,0.0487757,0.0179621,0.196585,0.0106718,0,0.235722,0.107659,4.79522,0.0587769,0.30014,0.0877853,0.826749,6.6954,0.95061,0.940087,0.0620868,0.332646,0.478731,0.215992,0.406254,0.406254,0,0,-0.0043055,0.0376589,0.942113,0.785334,0.013938,0.0253547,0.00155538,0.000532897,0.519292,0.0141056,-6.44568,-8.40662,15.0378,0.563843,1.09258,-16.5481,-0.908617,-0.161182,1.87138,0.583333,13.5417,0,0,42,23.125,0.0416667,-11.373,0.0001,-0.00118001,0.135119,1.57059,0.12218,58073,0.111426,55.34,1.85977
709,0.442592,0.412471,0.0184873,0.013234,0.647308,0.373749,0.852543,0.447375,0.0273387,0.0478558,0.0182507,0.196031,0.0107831,0,0.235072,0.108013,4.78099,0.0585647,0.299495,0.0884133,0.825597,6.68773,0.950004,0.940101,0.0627081,0.340006,0.475815,0.215561,0.411695,0.411695,0,0,-0.00428868,0.0365743,0.942194,0.782236,0.0141851,0.0256895,0.00128395,0.00032906,0.517136,0.0143721,-6.72807,-8.06531,15.1215,0.561769,1.09148,-16.7562,-0.909091,-0.161041,1.89564,0.166667,12.7917,0,0,43.5833,22.25,0,-11.3761,0.0001,-0.00101697,0.136534,1.5912,0.119714,57457,0.111413,56.18,2.02351
710,0.441255,0.413037,0.0183221,0.0129089,0.645235,0.370573,0.85192,0.450767,0.0274115,0.0469609,0.0183217,0.195057,0.0106262,0,0.236071,0.108977,4.77089,0.0577945,0.30033,0.0881306,0.825036,6.68721,0.950231,0.940636,0.062396,0.338806,0.47695,0.214552,0.437258,0.437258,0,0,-0.00426972,0.0370175,0.943603,0.782843,0.0141755,0.0256799,0.00148604,0.000549081,0.520522,0.0144875,-6.72419,-7.74533,15.0988,0.559084,1.08364,-16.9642,-0.909091,-0.161999,1.89939,0.416667,11.7083,0,0,45.7083,22.5833,0,-11.3785,0.0001,-0.00128201,0.144319,1.62824,0.122511,56149,0.11142,55.91,2.02276
711,0.442626,0.406588,0.0184876,0.0133853,0.648343,0.368236,0.853655,0.443842,0.0273716,0.0472091,0.0182849,0.195671,0.0106702,0,0.235237,0.107734,4.76793,0.0574435,0.299667,0.0884447,0.827315,6.68559,0.949375,0.9401,0.0626953,0.340998,0.478027,0.215519,0.415993,0.415993,0,0,-0.00428125,0.0360619,0.943393,0.781856,0.0141647,0.0256683,0.00125086,0.0003297,0.517057,0.0144289,-6.69798,-7.89094,15.092,0.558829,1.09246,-16.8887,-0.909091,-0.161291,1.87277,0.583333,12.375,0,0,44.875,22.25,0,-11.3781,0.0001,-0.00109648,0.142116,1.63867,0.120404,55883,0.111443,55.2,1.94937
712,0.445217,0.412849,0.0184704,0.0130587,0.64896,0.374152,0.853809,0.450616,0.0268646,0.0486936,0.0179223,0.195944,0.0105596,0,0.235078,0.109949,4.78797,0.0584842,0.299847,0.0870547,0.828031,6.70299,0.950977,0.940156,0.0619301,0.327506,0.48058,0.215263,0.432671,0.432671,0,0,-0.00432037,0.0365135,0.942792,0.786341,0.0138456,0.0252618,0.0015772,0.000561829,0.519771,0.0140253,-6.48491,-8.32769,14.97,0.563874,1.0884,-16.6142,-0.909091,-0.161449,1.9004,0.333333,13.5417,0,0,42,22.3333,0,-11.3777,0.0001,-0.00117264,0.13528,1.659,0.119777,55265,0.111454,56.03,2.177
713,0.443449,0.410389,0.0185111,0.0134477,0.648462,0.373248,0.853485,0.446877,0.0274188,0.0475756,0.0182949,0.195517,0.0106912,0,0.234187,0.10836,4.79379,0.0586335,0.298966,0.0883854,0.827619,6.68585,0.949987,0.940024,0.0627071,0.342506,0.47821,0.214923,0.418099,0.418099,0,0,-0.00427865,0.0368886,0.943275,0.781525,0.014192,0.0257513,0.00137659,0.000416412,0.517627,0.0143959,-6.60737,-7.90938,15.1771,0.557059,1.09719,-16.8124,-0.909091,-0.160975,1.88857,0.583333,12.7917,0,0,43.75,22,0,-11.3787,0.0001,-0.00100004,0.135114,1.60217,0.119509,57097,0.111464,55.75,1.99096
714,0.447031,0.416006,0.0184016,0.0130192,0.649864,0.375648,0.854106,0.452109,0.0271829,0.0473666,0.0181667,0.195507,0.0105843,0,0.235918,0.110394,4.77117,0.0581492,0.299632,0.0878035,0.828418,6.6986,0.95096,0.940379,0.0621779,0.333622,0.481072,0.215222,0.425437,0.425437,0,0,-0.00427089,0.0366026,0.943768,0.784036,0.0140548,0.0254925,0.00146851,0.000508984,0.519659,0.0143301,-6.64188,-7.89371,15.0249,0.560799,1.08402,-16.8714,-0.909091,-0.162281,1.91654,0.375,12.2917,0,0,44.75,23.4167,0,-11.3791,0.0001,-0.00114934,0.139446,1.60558,0.119262,56992,0.111474,55.22,1.95532
715,0.447184,0.409779,0.0185194,0.0130123,0.6536,0.372139,0.853264,0.441643,0.0272123,0.0475786,0.0181648,0.197794,0.0105933,0,0.236969,0.107073,4.80994,0.0584537,0.300718,0.0878783,0.826205,6.69787,0.95086,0.939997,0.0619788,0.331757,0.478337,0.217474,0.409477,0.409477,0,0,-0.0042907,0.0360567,0.943506,0.783514,0.0140602,0.0255467,0.00157206,0.00056023,0.520763,0.0142968,-6.56066,-7.97696,15.1177,0.558553,1.08468,-16.7857,-0.909091,-0.162218,1.88597,0.458333,12.2917,0,0,42.5833,23.5,0,-11.3807,0.0001,-0.00109407,0.137949,1.63672,0.119396,55978,0.111471,54.6,1.88543
716,0.444627,0.412115,0.0184822,0.0130709,0.650025,0.373209,0.853447,0.446677,0.0274177,0.0474573,0.0183097,0.19589,0.0106653,0,0.235252,0.108539,4.78779,0.0585152,0.299519,0.088604,0.827961,6.69105,0.950074,0.940117,0.0624466,0.334105,0.477576,0.215455,0.416872,0.416872,0,0,-0.00429509,0.0355765,0.943047,0.781488,0.0142047,0.0257159,0.00138534,0.000429733,0.516919,0.0144527,-6.65775,-7.91067,15.1509,0.557823,1.09155,-16.8349,-0.909091,-0.161764,1.89775,0.75,12.6667,0,0,45.5,22.125,0,-11.3815,0.0001,-0.00121542,0.138024,1.59168,0.120662,57408,0.1115,55.22,2.00874
717,0.445871,0.414239,0.0184097,0.0127807,0.649398,0.374205,0.852923,0.449016,0.0268924,0.0482628,0.0179811,0.195194,0.0105242,0,0.235139,0.109462,4.78457,0.0586934,0.298838,0.0872422,0.826959,6.70305,0.950513,0.940352,0.0612911,0.330695,0.480517,0.214704,0.421703,0.421703,0,0,-0.00430346,0.0365822,0.943537,0.787813,0.0138436,0.0252009,0.0015926,0.000610015,0.521028,0.0141593,-6.47562,-8.13912,14.8838,0.565249,1.07834,-16.7714,-0.909091,-0.162033,1.90472,0.5,12.125,0,0,41.7917,24.625,0,-11.3799,0.0001,-0.0012061,0.142231,1.57149,0.126691,57887,0.11153,55.68,1.88301
718,0.444985,0.409021,0.0185509,0.013412,0.650989,0.372503,0.853584,0.443996,0.0269662,0.0488422,0.0179841,0.196425,0.0106292,0,0.234688,0.107836,4.79478,0.0593087,0.299576,0.0872641,0.827673,6.69813,0.951092,0.939895,0.062303,0.333199,0.477917,0.215801,0.416425,0.416425,0,0,-0.0043052,0.0373423,0.942722,0.785795,0.0138832,0.0253622,0.00148346,0.000485015,0.520239,0.0140574,-6.46634,-8.30286,15.047,0.561077,1.09088,-16.6403,-0.909091,-0.161311,1.88359,0.708333,13.625,0,0,42.1667,22.375,0,-11.38,0.0001,-0.00118614,0.140394,1.63947,0.129014,55586,0.111549,55.3,1.68674
719,0.44551,0.414013,0.0184195,0.013068,0.649583,0.372796,0.853574,0.447386,0.0273941,0.0469925,0.0182936,0.196535,0.0106786,0,0.236767,0.10856,4.7489,0.0577119,0.301084,0.0879871,0.827924,6.69826,0.95125,0.940321,0.0625223,0.335809,0.477559,0.216092,0.419828,0.419828,0,0,-0.00428528,0.0361225,0.943681,0.781885,0.0141844,0.0256689,0.00143409,0.000497051,0.521196,0.0144356,-6.63814,-7.83067,15.1073,0.557398,1.08815,-16.9125,-0.909091,-0.162392,1.90734,0.625,12.25,0,0,44.25,21.5417,0,-11.3805,0.0001,-0.00104511,0.140803,1.63465,0.125021,55865,0.111554,53.86,1.79202
720,0.44323,0.410994,0.0184035,0.0131171,0.648376,0.370972,0.853047,0.448987,0.0269603,0.0484062,0.01799,0.195207,0.0105722,0,0.235346,0.108983,4.78792,0.0586326,0.299904,0.0872099,0.826274,6.70493,0.951778,0.940373,0.0613061,0.327588,0.479063,0.214577,0.42988,0.42988,0,0,-0.00432398,0.0359723,0.942826,0.786409,0.0138858,0.0253009,0.00146209,0.000502647,0.5206,0.0141039,-6.51438,-8.25392,14.9609,0.564205,1.08469,-16.6908,-0.909091,-0.162019,1.89207,0.416667,13,0,0,42.6667,23.9583,0,-11.3812,0.0001,-0.00116887,0.135321,1.70739,0.127777,53566,0.111575,56.29,1.97616
721,0.444637,0.412572,0.0183767,0.0130227,0.648997,0.371588,0.852931,0.448487,0.0270283,0.0481414,0.0180577,0.196098,0.0105997,0,0.236224,0.108493,4.75691,0.057796,0.300473,0.0874553,0.826419,6.70163,0.951479,0.94046,0.0616954,0.329089,0.477725,0.215357,0.420623,0.420623,0,0,-0.00429612,0.0363039,0.943064,0.784794,0.0140235,0.0253569,0.00149889,0.00054238,0.521382,0.0142372,-6.50583,-8.11381,14.9757,0.563639,1.08254,-16.7279,-0.909091,-0.162366,1.89785,0.666667,12.4583,0,0,41.2917,23.1667,0,-11.3803,0.0001,-0.0012552,0.135231,1.61537,0.128459,56372,0.11161,55.26,1.71061
722,0.446469,0.417686,0.018374,0.0128856,0.649996,0.37648,0.852547,0.453825,0.0273839,0.0467054,0.0182903,0.196663,0.0106271,0,0.237186,0.110541,4.76853,0.058009,0.301062,0.0879617,0.827661,6.70231,0.950753,0.940468,0.0619692,0.32937,0.479678,0.216252,0.431637,0.431637,0,0,-0.00425414,0.0370358,0.944199,0.782787,0.0141809,0.0256444,0.00149284,0.000566159,0.521443,0.0144883,-6.58262,-7.73609,15.0662,0.558335,1.08156,-16.9542,-0.909091,-0.162538,1.92047,0.458333,11.8333,0,0,43.4583,24.9167,0,-11.3798,0.0001,-0.0012229,0.135674,1.66733,0.131289,54655,0.11162,55.74,1.94694
723,0.443809,0.412824,0.0184404,0.0131002,0.648006,0.373283,0.853872,0.452327,0.0275714,0.0463821,0.0184194,0.194926,0.0106694,0,0.234767,0.110569,4.7356,0.0567676,0.29881,0.0883078,0.830348,6.69225,0.95041,0.940253,0.0625986,0.340099,0.480246,0.214605,0.43411,0.43411,0,0,-0.00425178,0.0368692,0.944465,0.780944,0.0142918,0.0258133,0.00153337,0.000579808,0.520967,0.0145655,-6.57496,-7.58629,15.149,0.5557,1.08848,-17.0214,-0.909091,-0.161571,1.90227,0.291667,11.7083,0,0,45.5417,22.5417,0,-11.383,0.0001,-0.00125333,0.138802,1.71494,0.124336,53447,0.111616,54.68,1.68097
724,0.444408,0.410302,0.0184178,0.013135,0.648423,0.371112,0.853073,0.446153,0.0277018,0.0459247,0.0185349,0.196086,0.010585,0,0.236075,0.108662,4.75869,0.0573643,0.299806,0.0882173,0.828241,6.69786,0.950353,0.940326,0.0623985,0.343075,0.47983,0.215891,0.414392,0.414392,0,0,-0.00420653,0.0368029,0.945588,0.779831,0.0143378,0.0258791,0.00152038,0.000557994,0.521017,0.0147113,-6.61241,-7.31824,15.1074,0.55446,1.08403,-17.2046,-0.909091,-0.161724,1.88942,0.5,9.91667,0,0,46.125,21.4583,0,-11.3852,0.0001,-0.00127111,0.136573,1.65733,0.129202,55025,0.111617,55.63,1.46198
725,0.445036,0.416689,0.0183869,0.0128584,0.649568,0.376372,0.853103,0.454071,0.0273237,0.0468566,0.0182544,0.196154,0.010614,0,0.236546,0.110622,4.73595,0.057307,0.300744,0.0878882,0.830608,6.69854,0.950995,0.940426,0.0622448,0.338028,0.479016,0.215865,0.43899,0.43899,0,0,-0.00427161,0.0366333,0.943955,0.782187,0.0141472,0.0255725,0.00160949,0.000614437,0.5209,0.0144144,-6.63614,-7.74638,15.1267,0.556751,1.081,-16.9257,-0.909091,-0.162333,1.91686,0.458333,11.9583,0,0,46.375,21.1667,0,-11.387,0.0001,-0.00122619,0.13513,1.69312,0.120449,54204,0.111626,53.92,1.79449
726,0.444883,0.415116,0.0183964,0.0129518,0.64759,0.374663,0.851953,0.452458,0.0276065,0.0461883,0.0184513,0.195683,0.0106212,0,0.23584,0.110249,4.78789,0.0579647,0.300016,0.088151,0.828733,6.69655,0.950592,0.940396,0.0621763,0.341321,0.479296,0.215297,0.440726,0.440726,0,0,-0.00423457,0.0366781,0.944935,0.780361,0.0143131,0.0258359,0.00148785,0.000523099,0.519544,0.0146057,-6.63414,-7.433,15.2035,0.55304,1.08362,-17.0847,-0.909091,-0.161826,1.90858,0.458333,10.9583,0,0,45.2917,22.0417,0,-11.3873,0.0001,-0.00086238,0.134759,1.62431,0.122763,56267,0.11166,55.39,1.9269
727,0.445592,0.412706,0.0185004,0.013142,0.65212,0.37459,0.852318,0.448103,0.0273623,0.0475419,0.0182582,0.196908,0.0106871,0,0.235928,0.108896,4.77967,0.0583758,0.300492,0.0882911,0.8287,6.6957,0.950797,0.940059,0.0619231,0.333574,0.478126,0.216399,0.423259,0.423259,0,0,-0.00428935,0.0364678,0.943337,0.782165,0.0141616,0.0257042,0.00155333,0.000565886,0.520694,0.0143374,-6.48693,-7.90914,15.2352,0.554318,1.09213,-16.7812,-0.909091,-0.162013,1.89643,0.458333,12.8333,0,0,43.7083,23.0417,0,-11.3857,0.0001,-0.00112641,0.136538,1.62152,0.119356,56468,0.111679,54.98,1.95013
728,0.446268,0.41076,0.0185129,0.0131641,0.651565,0.373169,0.852727,0.443444,0.0270017,0.0480837,0.0180199,0.196551,0.0105635,0,0.235641,0.107428,4.77083,0.0582124,0.299908,0.0874091,0.827857,6.69649,0.950663,0.940018,0.0616618,0.337243,0.478146,0.216226,0.41172,0.41172,0,0,-0.00431256,0.0370425,0.943568,0.785041,0.0139205,0.0253571,0.00157956,0.000572508,0.519944,0.0141039,-6.43163,-8.11357,15.0718,0.558482,1.08607,-16.6952,-0.909091,-0.161792,1.88781,0.333333,12.6667,0,0,44.625,22.0417,0,-11.3871,0.0001,-0.00113804,0.137008,1.5826,0.125628,57547,0.111676,53.85,1.62954
729,0.445968,0.412788,0.0185518,0.0131362,0.651651,0.375309,0.852899,0.447901,0.0270697,0.0485216,0.0180433,0.196384,0.0106765,0,0.234552,0.109127,4.7843,0.0588128,0.299752,0.0877779,0.829055,6.69708,0.951014,0.939892,0.0615991,0.332708,0.47853,0.215581,0.426122,0.426122,0,0,-0.0043465,0.0350848,0.942483,0.785109,0.0139711,0.0254742,0.00145175,0.000473891,0.519171,0.0140428,-6.45424,-8.25469,15.1251,0.559126,1.09218,-16.5891,-0.909091,-0.161496,1.8976,0.5,13.7083,0,0,42.0833,22.2917,0,-11.3886,0.0001,-0.00115851,0.136058,1.66003,0.124949,55072,0.111688,54.09,1.85237
730,0.444449,0.410915,0.0184289,0.0131367,0.65022,0.371749,0.852765,0.445936,0.0266022,0.0493797,0.0177324,0.196058,0.0106021,0,0.235814,0.107891,4.78403,0.0598377,0.299795,0.0871056,0.825427,6.70641,0.952024,0.94029,0.060989,0.326289,0.478158,0.215347,0.416192,0.416192,0,0,-0.00435868,0.0366739,0.941737,0.788951,0.0137417,0.0250661,0.00164442,0.000655665,0.523469,0.0138297,-6.38469,-8.56953,15.0149,0.564088,1.07775,-16.3801,-0.909091,-0.162215,1.89057,0.5,13.7083,0,0,40.8333,25,0.0416667,-11.389,0.0001,-0.00116565,0.137392,1.70867,0.129314,53484,0.111696,54.32,1.67494
731,0.445118,0.415385,0.0183761,0.0128191,0.648902,0.374724,0.853193,0.453617,0.0267026,0.0472438,0.01784,0.194762,0.010473,0,0.235574,0.111492,4.75255,0.0575938,0.299344,0.0863052,0.829714,6.71791,0.95224,0.940462,0.0615637,0.327416,0.481861,0.214558,0.452212,0.452212,0,0,-0.00432285,0.0356611,0.944101,0.787887,0.0137647,0.0249814,0.00156997,0.000605991,0.52154,0.0140219,-6.59304,-8.06979,14.8583,0.562245,1.06936,-16.7734,-0.909091,-0.162358,1.91221,0.375,12,0,0,43.2083,23.0833,0,-11.3897,0.0001,-0.000884845,0.1409,1.70349,0.124269,53783,0.11171,55.03,2.02717
732,0.448096,0.416516,0.0183112,0.0129922,0.650453,0.374267,0.85387,0.452035,0.0269727,0.0473615,0.0180255,0.19624,0.0106451,0,0.237675,0.109996,4.73939,0.0582164,0.300922,0.0875472,0.825131,6.71031,0.951267,0.940672,0.0607341,0.327201,0.480775,0.215914,0.42453,0.42453,0,0,-0.00429353,0.0378026,0.94369,0.787294,0.0139286,0.0252622,0.00157247,0.000638391,0.523078,0.0141649,-6.5246,-7.98368,14.9551,0.562257,1.07335,-16.8069,-0.909091,-0.1632,1.91872,0.416667,12.0833,0,0,40.9167,24.5,0,-11.3886,0.0001,-0.00129991,0.138815,1.56501,0.120909,58308,0.11173,55.68,1.79862
733,0.448328,0.414214,0.0183021,0.0130561,0.652587,0.372067,0.853658,0.44915,0.0266938,0.0477948,0.0178347,0.196831,0.010609,0,0.238592,0.10917,4.73378,0.0585852,0.301717,0.087071,0.825012,6.7194,0.952123,0.940701,0.060552,0.320562,0.479992,0.216453,0.418787,0.418787,0,0,-0.00432678,0.0370835,0.943417,0.789286,0.0137627,0.0249924,0.00154674,0.000624244,0.522916,0.0140356,-6.62684,-8.21148,14.7713,0.566905,1.06668,-16.7273,-0.909091,-0.163877,1.90745,0.75,12.375,0,0,42.25,25.9167,0,-11.387,0.0001,-0.000910213,0.139108,1.59718,0.124246,57106,0.111768,55.42,1.76735
734,0.446645,0.410477,0.018336,0.0131046,0.649101,0.369394,0.853397,0.446383,0.0268034,0.0473445,0.0179155,0.194785,0.0105048,0,0.235759,0.108246,4.75773,0.058224,0.29976,0.0866363,0.826114,6.70912,0.951886,0.940591,0.0611835,0.332756,0.479673,0.214398,0.415553,0.415553,0,0,-0.00430906,0.0368028,0.943991,0.787219,0.0138421,0.0250876,0.00152192,0.000569704,0.522263,0.0140843,-6.60018,-8.0386,14.8938,0.562049,1.06905,-16.7865,-0.909091,-0.162711,1.89067,0.375,11.7083,0,0,42.5833,23.0417,0,-11.3839,0.0001,-0.00132988,0.141825,1.62296,0.125257,56231,0.111803,54.8,1.62955
735,0.445624,0.408954,0.0185002,0.0132699,0.6494,0.370981,0.853814,0.444997,0.0269705,0.0480147,0.0180009,0.196635,0.0106534,0,0.235639,0.108447,4.74882,0.0587741,0.299959,0.0873131,0.825785,6.69635,0.950803,0.940059,0.0616022,0.328857,0.479135,0.216132,0.417828,0.417828,0,0,-0.00433509,0.0373023,0.943444,0.785304,0.0138992,0.0253347,0.00162994,0.000613208,0.520525,0.0140503,-6.434,-8.16492,15.0685,0.558099,1.08685,-16.6598,-0.909091,-0.161401,1.88349,0.541667,13.25,0,0,42.375,23.5,0,-11.3819,0.0001,-0.00111922,0.135848,1.60791,0.125413,56714,0.111836,55.64,1.77726
736,0.444699,0.407615,0.0185287,0.013299,0.65132,0.369871,0.853777,0.439475,0.0271763,0.0475154,0.0181152,0.19723,0.0107693,0,0.235674,0.106272,4.77063,0.0583501,0.300498,0.087755,0.827076,6.70297,0.95201,0.939967,0.0612637,0.330859,0.47662,0.21651,0.399458,0.399458,0,0,-0.00431993,0.0364665,0.943267,0.782961,0.0140745,0.0255479,0.00149336,0.000501817,0.520715,0.0141763,-6.55233,-8.03315,15.1754,0.555193,1.09004,-16.6981,-0.909091,-0.161739,1.87802,0.5,13.75,0,0,43.3333,22.2083,0,-11.3791,0.0001,-0.000905856,0.136687,1.60376,0.124144,56892,0.111869,55,1.56279
737,0.444005,0.412027,0.0185294,0.013184,0.650994,0.373525,0.854085,0.447993,0.0269579,0.0482534,0.0179691,0.196604,0.0106626,0,0.235304,0.108999,4.78262,0.059663,0.300278,0.0874846,0.827393,6.70471,0.951679,0.939965,0.061264,0.327443,0.477448,0.216004,0.427989,0.427989,0,0,-0.00435076,0.0363037,0.942804,0.784821,0.0139312,0.0253647,0.00150397,0.000544608,0.52122,0.0140317,-6.49694,-8.22855,15.155,0.55543,1.0844,-16.5583,-0.909091,-0.161686,1.89646,0.5,13.5,0,0,40.9167,23.0833,0,-11.3778,0.0001,-0.00107926,0.141439,1.58572,0.121728,57573,0.111879,54.13,1.76647
738,0.446369,0.414571,0.0183567,0.0131986,0.649822,0.373057,0.853222,0.447497,0.0274581,0.0466853,0.0183427,0.196584,0.0106548,0,0.237318,0.108399,4.77332,0.0593706,0.30064,0.0883923,0.825856,6.69979,0.950674,0.940524,0.0615956,0.331287,0.477489,0.21593,0.417028,0.417028,0,0,-0.0042612,0.037248,0.94441,0.782062,0.0142178,0.025702,0.00173064,0.000763299,0.522942,0.0144739,-6.55801,-7.58452,15.1881,0.55398,1.08011,-16.9622,-0.909091,-0.162838,1.90928,0.5,11.75,0,0,45.5,23.125,0,-11.3793,0.0001,-0.000822891,0.144205,1.644,0.134642,55269,0.111876,54.28,1.79793
739,0.447072,0.417296,0.0183942,0.0126999,0.650822,0.376045,0.853995,0.450656,0.0270368,0.0476297,0.0180502,0.196667,0.0106404,0,0.237027,0.109741,4.77306,0.0597766,0.30065,0.0873396,0.827811,6.70714,0.951088,0.940403,0.0613396,0.33142,0.479479,0.216051,0.436734,0.436734,0,0,-0.00431495,0.0366796,0.944002,0.784996,0.0139584,0.0253357,0.00164326,0.000651412,0.521127,0.0141472,-6.55209,-7.94312,15.0483,0.557388,1.07724,-16.7834,-0.909091,-0.162775,1.92346,0.416667,12.1667,0,0,43.4167,22.4583,0,-11.3814,0.0001,-0.000728682,0.143296,1.69491,0.128216,53920,0.111875,56.14,2.09115
740,0.446037,0.408403,0.0184402,0.0132795,0.652121,0.369337,0.85395,0.442035,0.0270505,0.0476128,0.0180702,0.197164,0.0105801,0,0.236789,0.107357,4.76086,0.059492,0.299855,0.0872594,0.826187,6.70468,0.951172,0.940253,0.0612169,0.331604,0.478217,0.216539,0.409063,0.409063,0,0,-0.00430842,0.0367697,0.944099,0.785877,0.0139179,0.0253338,0.00169635,0.000706088,0.523021,0.0141209,-6.49419,-7.92212,15.0134,0.558462,1.07865,-16.8128,-0.909091,-0.16254,1.88231,0.458333,12.1667,0,0,42.6667,23.2083,0,-11.3811,0.0001,-0.00115208,0.137767,1.74111,0.131361,52499,0.111899,56.03,1.91158
741,0.445908,0.41365,0.0183399,0.0130312,0.648449,0.372675,0.853565,0.449468,0.0273542,0.0464367,0.0182735,0.195449,0.0106992,0,0.236579,0.109087,4.78158,0.0585503,0.300045,0.0877399,0.830318,6.70281,0.951314,0.940579,0.0620384,0.341707,0.479146,0.215118,0.420485,0.420485,0,0,-0.00426346,0.0367636,0.944578,0.781744,0.0141747,0.0256281,0.00148413,0.000526036,0.521222,0.0143779,-6.67862,-7.57079,15.1975,0.551477,1.07842,-16.966,-0.909091,-0.162503,1.90679,0.5,11.8333,0,0,45.4167,20.375,0,-11.3792,0.0001,-0.00120904,0.137332,1.65923,0.134987,54789,0.11193,54.55,1.8306
742,0.445337,0.412359,0.0183512,0.0131973,0.648644,0.371205,0.853199,0.44804,0.0270366,0.0472813,0.0180747,0.19539,0.0106034,0,0.236414,0.10875,4.73289,0.0586444,0.299947,0.0870856,0.827698,6.70017,0.951174,0.940542,0.0609968,0.330935,0.479087,0.214988,0.417042,0.417042,0,0,-0.00431127,0.0365159,0.944231,0.785097,0.013969,0.0253173,0.00167263,0.000710358,0.523359,0.01415,-6.53539,-7.85375,15.0397,0.556506,1.07623,-16.8417,-0.909091,-0.162562,1.89927,0.791667,11.7083,0,0,43.4583,22.875,0,-11.3779,0.0001,-0.000978867,0.134082,1.67046,0.126819,54695,0.111962,55.46,1.92946
743,0.447809,0.417855,0.0183081,0.0128524,0.650787,0.37593,0.853596,0.453346,0.0270271,0.0472352,0.0180693,0.196254,0.0106297,0,0.237506,0.11041,4.74335,0.0587916,0.300887,0.0869248,0.828632,6.71278,0.951827,0.940682,0.0608734,0.328707,0.481537,0.215727,0.427584,0.427584,0,0,-0.00431207,0.0369859,0.944606,0.786643,0.013925,0.0252792,0.00173741,0.000751722,0.524785,0.0141116,-6.52303,-7.80477,14.9927,0.557498,1.07027,-16.8631,-0.909091,-0.163308,1.92524,0.375,11.5833,0,0,42.1667,23.4167,0,-11.3765,0.0001,-0.000938094,0.138872,1.70028,0.135437,53550,0.11198,54.56,1.8531
744,0.445925,0.414027,0.0183773,0.0130311,0.649505,0.373574,0.854611,0.451923,0.0269463,0.0479633,0.0179819,0.195536,0.0106061,0,0.235977,0.110379,4.74552,0.0601778,0.299493,0.0871051,0.828915,6.70509,0.951943,0.940457,0.0610345,0.329639,0.480039,0.214915,0.432318,0.432318,0,0,-0.00435483,0.0361934,0.943506,0.786891,0.013883,0.0252887,0.00155006,0.000614746,0.522702,0.0139935,-6.48994,-8.08236,15.0608,0.557084,1.0751,-16.6811,-0.909091,-0.162506,1.91016,0.541667,12.875,0,0,42.875,23.875,0,-11.376,0.0001,-0.00108484,0.134823,1.6732,0.134633,54376,0.112024,54.94,1.68228
745,0.44479,0.41677,0.0183221,0.0130958,0.650045,0.374656,0.85281,0.452191,0.0273843,0.046326,0.0183108,0.196606,0.0106773,0,0.237748,0.109853,4.76463,0.0591725,0.300707,0.0876346,0.828831,6.70821,0.951023,0.940636,0.0614095,0.333192,0.478623,0.216158,0.420882,0.420882,0,0,-0.00425379,0.0375666,0.945337,0.783356,0.0141646,0.0256078,0.00172121,0.000726071,0.522302,0.0144081,-6.57097,-7.44125,15.1013,0.552957,1.06983,-17.0531,-0.909091,-0.163063,1.91885,0.416667,10.0833,0,0,44.8333,23.6667,0,-11.3726,0.0001,-0.000831888,0.133713,1.68135,0.129366,54290,0.112059,55.66,1.94961
746,0.445013,0.414091,0.0184363,0.0129581,0.65081,0.374511,0.854366,0.4503,0.0270693,0.0478872,0.018091,0.19619,0.0106811,0,0.236106,0.109786,4.74486,0.0598424,0.299394,0.0874291,0.829252,6.70295,0.95107,0.940266,0.0613462,0.331774,0.479989,0.215806,0.430692,0.430692,0,0,-0.00433468,0.0359802,0.944071,0.786345,0.0139284,0.025362,0.00159655,0.00062715,0.521791,0.0140557,-6.49786,-7.90641,15.0446,0.557348,1.07908,-16.7723,-0.909091,-0.162235,1.90894,0.333333,12.125,0,0,44.9167,22.8333,0,-11.372,0.0001,-0.000962382,0.138639,1.69151,0.134474,53836,0.112067,55.15,1.67633
747,0.442939,0.410535,0.0184161,0.0135158,0.648477,0.370617,0.85386,0.448797,0.0271667,0.0472349,0.0181552,0.194399,0.0105574,0,0.234261,0.109118,4.7622,0.0598633,0.297929,0.0874258,0.830644,6.70166,0.950641,0.940332,0.0616512,0.335919,0.479067,0.213894,0.415684,0.415684,0,0,-0.00433283,0.0353241,0.94451,0.784972,0.0139796,0.0254393,0.00152523,0.0005888,0.52118,0.0141503,-6.53209,-7.79629,15.0558,0.555373,1.07849,-16.8672,-0.909091,-0.161888,1.89243,0.25,11.5833,0,0,42.75,22.75,0,-11.3727,0.0001,-0.00104733,0.140935,1.75043,0.120197,52551,0.112085,56.39,1.91333
748,0.44565,0.412171,0.0184368,0.0130798,0.651755,0.371983,0.85348,0.444922,0.0271968,0.0475655,0.018161,0.196457,0.0106399,0,0.236013,0.10759,4.77453,0.0601536,0.299878,0.0874038,0.828692,6.70247,0.951425,0.940265,0.0614159,0.332132,0.476965,0.215713,0.412438,0.412438,0,0,-0.00431308,0.03669,0.944362,0.784177,0.0140221,0.0255077,0.0016487,0.000643372,0.522183,0.0141719,-6.48556,-7.77381,15.1731,0.552356,1.07881,-16.8246,-0.909091,-0.162581,1.8979,0.333333,12.4583,0,0,45,23.5417,0,-11.3728,0.0001,-0.00107909,0.140515,1.76663,0.131657,51785,0.112086,55.44,1.65401
749,0.447763,0.415715,0.018292,0.012862,0.652039,0.373978,0.85297,0.453534,0.0271737,0.0469338,0.0181901,0.196543,0.0105559,0,0.238142,0.1113,4.77482,0.0594839,0.300383,0.0873079,0.828544,6.71266,0.951616,0.940734,0.0606987,0.326141,0.484134,0.216244,0.438368,0.438368,0,0,-0.00430178,0.0360833,0.945519,0.786491,0.0139546,0.0253564,0.00171269,0.000761627,0.524088,0.0142125,-6.52274,-7.58173,14.9835,0.555207,1.07118,-17.0133,-0.909091,-0.163579,1.9127,0.791667,10.7083,0,0,42.0833,24.0833,0,-11.3727,0.0001,-0.00105532,0.143302,1.62423,0.129133,56066,0.112112,55.93,2.01796
750,0.444145,0.413149,0.0184208,0.0130919,0.648835,0.373035,0.853281,0.450825,0.0268743,0.0475488,0.0179675,0.194987,0.0105131,0,0.235153,0.109944,4.78084,0.0606869,0.299374,0.0865554,0.829184,6.71261,0.951423,0.940317,0.0611619,0.331336,0.479262,0.214827,0.43098,0.43098,0,0,-0.00431937,0.0361815,0.944775,0.786731,0.0138428,0.0251639,0.00161796,0.000614712,0.522216,0.0139939,-6.50227,-7.82843,15.0719,0.552938,1.06737,-16.7926,-0.909091,-0.161935,1.90202,0.416667,12.0833,0,0,44.375,24.4167,0,-11.37,0.0001,-0.00121339,0.141571,1.67182,0.124058,54738,0.112144,56.41,1.84496
751,0.447668,0.416452,0.0184664,0.0129194,0.653134,0.37713,0.853785,0.447953,0.0268993,0.0485632,0.0179406,0.197565,0.0107053,0,0.236925,0.108995,4.77398,0.0608655,0.301243,0.0871916,0.827777,6.70439,0.952326,0.940169,0.0610172,0.329573,0.478022,0.216703,0.427802,0.427802,0,0,-0.00436004,0.0362476,0.943363,0.786344,0.0138813,0.025308,0.00168671,0.000682105,0.523173,0.0139056,-6.43222,-8.12905,15.1187,0.555181,1.08012,-16.584,-0.909091,-0.162755,1.91738,0.416667,13.5833,0,0,42.7917,22.0833,0,-11.3696,0.0001,-0.00118612,0.139619,1.7086,0.12133,53720,0.11216,54.12,1.85391
752,0.445931,0.413917,0.0184736,0.0132308,0.653202,0.374965,0.85491,0.446049,0.0272455,0.0473166,0.0181979,0.197673,0.0107107,0,0.236909,0.107794,4.72977,0.059647,0.301077,0.0877276,0.829127,6.7068,0.951489,0.940145,0.0609793,0.325975,0.477064,0.217028,0.40978,0.40978,0,0,-0.00434097,0.0352126,0.944617,0.784631,0.0140575,0.0255264,0.00155912,0.00060902,0.52259,0.0141362,-6.50627,-7.70518,15.1812,0.551324,1.0773,-16.8261,-0.909091,-0.162557,1.90895,0.375,12.2083,0,0,42.7083,22.4583,0,-11.3689,0.0001,-0.00109135,0.13732,1.6807,0.129795,54296,0.112204,55.19,1.74929
753,0.445172,0.415111,0.0183531,0.0127215,0.650416,0.374618,0.853978,0.450254,0.0272711,0.0468922,0.018233,0.19566,0.010654,0,0.236355,0.109504,4.74191,0.0595295,0.299785,0.0874434,0.829142,6.70431,0.950725,0.940536,0.0609619,0.332725,0.47888,0.215119,0.434138,0.434138,0,0,-0.00429612,0.0364085,0.944898,0.78425,0.0140785,0.0255097,0.00167264,0.000719776,0.523611,0.014256,-6.56013,-7.61361,15.1223,0.551671,1.07388,-16.9308,-0.909091,-0.162828,1.91237,0.541667,11.625,0,0,44.2083,23.125,0,-11.3657,0.0001,-0.00122853,0.133558,1.65879,0.128614,54998,0.112243,54.46,1.93803
754,0.445445,0.417124,0.0184141,0.012827,0.651111,0.376649,0.854106,0.451195,0.0268636,0.0480316,0.017938,0.195764,0.0106386,0,0.23587,0.109972,4.77357,0.0609502,0.300252,0.0870189,0.829411,6.70914,0.95202,0.940338,0.0604917,0.327731,0.479461,0.215271,0.432173,0.432173,0,0,-0.00436831,0.0349851,0.943856,0.787783,0.0137939,0.0251847,0.00144544,0.000526887,0.522213,0.0139046,-6.56344,-8.0204,15.0448,0.555618,1.07001,-16.6899,-0.909091,-0.162552,1.92197,0.541667,12.5833,0,0,43.2917,25.7083,0,-11.3651,0.0001,-0.000918419,0.137383,1.66994,0.11804,54980,0.112269,56.06,1.72772
755,0.446945,0.411787,0.01848,0.0132368,0.654343,0.373512,0.853969,0.447119,0.0270286,0.0474,0.0180362,0.197165,0.0105923,0,0.236212,0.109322,4.75087,0.0599426,0.30032,0.086781,0.831015,6.71255,0.951759,0.940125,0.060914,0.32906,0.481223,0.216481,0.419392,0.419392,0,0,-0.00434326,0.034668,0.944703,0.786213,0.0138492,0.0253334,0.00167901,0.000642658,0.521616,0.0139752,-6.43239,-7.86367,15.1136,0.552111,1.08023,-16.7895,-0.909091,-0.16271,1.89715,0.375,12.375,0,0,42.8333,22,0,-11.3651,0.0001,-0.00112022,0.135046,1.71823,0.132129,53126,0.11228,55.07,1.73102
756,0.444715,0.415163,0.0183868,0.0131576,0.652575,0.37484,0.854526,0.450917,0.0271816,0.0465351,0.0181713,0.195648,0.0105765,0,0.236462,0.109332,4.74175,0.0599035,0.300354,0.0870649,0.8315,6.71314,0.952427,0.940427,0.060711,0.332786,0.479623,0.215732,0.420979,0.420979,0,0,-0.00430423,0.0347137,0.945517,0.784525,0.0139938,0.0253929,0.00149784,0.000576227,0.523613,0.0141937,-6.66789,-7.54239,15.1007,0.550903,1.06642,-16.9846,-0.909091,-0.16302,1.91507,0.416667,10.9583,0,0,43.4167,22.875,0,-11.3648,0.0001,-0.00113038,0.135991,1.74602,0.121062,52651,0.112318,55.17,1.98193
757,0.448046,0.415542,0.0183504,0.0129441,0.652965,0.374891,0.85391,0.450378,0.0272607,0.0466454,0.018205,0.195867,0.0106852,0,0.236551,0.109616,4.75426,0.0592681,0.300867,0.0873503,0.829261,6.71422,0.952376,0.940544,0.060354,0.325703,0.480485,0.215247,0.420812,0.420812,0,0,-0.00431633,0.0345914,0.945104,0.784189,0.0140349,0.0254925,0.00159907,0.00065939,0.523514,0.0141882,-6.5906,-7.57968,15.1378,0.550689,1.07288,-16.9336,-0.909091,-0.163489,1.91542,0.583333,11.625,0,0,44.9583,24.125,0,-11.3627,0.0001,-0.00111866,0.136646,1.67589,0.130233,54428,0.11233,54.88,1.4887
758,0.448195,0.41841,0.0184203,0.0127724,0.653614,0.378337,0.853641,0.450794,0.0269984,0.0473793,0.0180206,0.195971,0.0106674,0,0.236157,0.110042,4.75672,0.0598512,0.300177,0.0872314,0.830825,6.70802,0.951718,0.940318,0.0605079,0.326677,0.480726,0.215796,0.426103,0.426103,0,0,-0.00434722,0.0342559,0.944455,0.786089,0.0139063,0.0253063,0.00154608,0.000597143,0.52327,0.0139955,-6.54639,-7.83557,15.1756,0.550245,1.06965,-16.7488,-0.909091,-0.162962,1.9263,0.25,11.375,0,0,40.8333,23,0,-11.3655,0.0001,-0.00109275,0.138304,1.67083,0.130434,54575,0.112328,54.5,1.74011
759,0.444289,0.415072,0.0183568,0.0132136,0.651562,0.374026,0.854181,0.453259,0.0271309,0.0467563,0.0181336,0.195961,0.0105779,0,0.236776,0.110377,4.74774,0.0600298,0.300308,0.086996,0.830423,6.71251,0.951981,0.940507,0.0606731,0.326745,0.479746,0.215693,0.421167,0.421167,0,0,-0.00432126,0.0348467,0.944977,0.784705,0.0139872,0.0253484,0.001558,0.000608964,0.522461,0.0141146,-6.6747,-7.64972,15.0923,0.551955,1.06673,-16.9011,-0.908572,-0.163032,1.91358,0.666667,12.0417,0,0,45.25,25.5417,0.0416667,-11.366,0.0001,-0.0010325,0.140428,1.67847,0.121115,54625,0.112367,55.72,1.88443
760,0.442735,0.409973,0.0183251,0.0132904,0.648763,0.368753,0.853957,0.450218,0.0271153,0.0470498,0.0181094,0.194435,0.0106109,0,0.23534,0.109622,4.74322,0.0605851,0.299569,0.0872965,0.827527,6.71379,0.952416,0.940627,0.060039,0.322937,0.479811,0.213895,0.431176,0.431176,0,0,-0.00432452,0.0348048,0.944928,0.78633,0.01393,0.0253653,0.00168247,0.000743504,0.525373,0.0141155,-6.59783,-7.70596,15.0908,0.55289,1.06657,-16.8796,-0.909091,-0.162662,1.89121,0.416667,11,0,0,40.875,24.2917,0,-11.3628,0.0001,-0.00109252,0.1368,1.692,0.132364,53884,0.112408,56.43,2.0211
761,0.445052,0.416125,0.0184013,0.0131724,0.652263,0.375773,0.854598,0.451486,0.0274548,0.0464508,0.0183366,0.196118,0.0107063,0,0.236492,0.109706,4.75539,0.0600579,0.300481,0.0881823,0.830998,6.70491,0.951608,0.94038,0.0609353,0.330992,0.478638,0.215743,0.420529,0.420529,0,0,-0.00431217,0.0344745,0.945076,0.783172,0.0141453,0.0256977,0.00156644,0.00063234,0.523096,0.0142932,-6.6257,-7.41984,15.2741,0.54734,1.07534,-16.9672,-0.909091,-0.162987,1.9196,0.333333,10.875,0,0,45.75,23.2917,0,-11.362,0.0001,-0.00107979,0.132824,1.67124,0.125582,54709,0.11244,55.43,1.86689
762,0.445007,0.4202,0.0183776,0.0128144,0.649444,0.37952,0.854089,0.457566,0.0271685,0.0465658,0.0181467,0.195188,0.0106378,0,0.235458,0.111742,4.758,0.0601207,0.299731,0.0871858,0.830483,6.70743,0.951767,0.940456,0.0605167,0.330965,0.480762,0.21478,0.442126,0.442126,0,0,-0.00432136,0.0351205,0.944962,0.784286,0.014021,0.0254364,0.00159703,0.00062844,0.522829,0.0141528,-6.59753,-7.63691,15.1655,0.549809,1.0708,-16.8746,-0.909091,-0.162379,1.93607,0.5,11.7083,0,0,43.2083,22.375,0,-11.3611,0.0001,-0.0010442,0.135423,1.7037,0.127002,53697,0.112471,54.47,1.84243
763,0.44615,0.417291,0.0184201,0.0130645,0.65182,0.377421,0.854687,0.453485,0.0268909,0.0470734,0.0179492,0.195927,0.010685,0,0.236117,0.110542,4.74386,0.0599794,0.300349,0.0867054,0.831706,6.71626,0.951897,0.940319,0.0604027,0.329082,0.48096,0.21558,0.425257,0.425257,0,0,-0.00435158,0.034908,0.944462,0.785607,0.0138842,0.0252096,0.00161825,0.000638544,0.522748,0.0139578,-6.55703,-7.90987,15.0758,0.552959,1.06997,-16.7131,-0.909091,-0.162604,1.92329,0.333333,12.0417,0,0,41.875,22.875,0,-11.3568,0.0001,-0.00103056,0.137688,1.66711,0.126888,54796,0.112538,56.11,2.15274
764,0.445114,0.415382,0.0183494,0.013138,0.650972,0.374322,0.854399,0.45262,0.0269996,0.0461391,0.0180593,0.194768,0.0106152,0,0.236038,0.110278,4.73496,0.0594489,0.300046,0.0869278,0.830779,6.7181,0.952303,0.940548,0.0605174,0.329494,0.48121,0.21496,0.423254,0.423254,0,0,-0.0043183,0.0348239,0.945517,0.786341,0.0139134,0.0251951,0.00147872,0.000546866,0.523162,0.0141354,-6.65391,-7.57229,15.0489,0.551974,1.06007,-16.9369,-0.909091,-0.162928,1.91596,0.458333,11.3333,0,0,46.4167,24.1667,0,-11.3504,0.0001,-0.00107518,0.133916,1.71879,0.129033,53200,0.112588,56.54,1.81512
765,0.446495,0.415939,0.0184289,0.0132512,0.653203,0.376643,0.854534,0.452559,0.0269862,0.0474105,0.0180067,0.195829,0.0107066,0,0.23558,0.110134,4.76948,0.0605084,0.300076,0.0871883,0.830243,6.71611,0.952688,0.94029,0.0601199,0.322553,0.480115,0.215327,0.422007,0.422007,0,0,-0.00433657,0.0347088,0.944074,0.786108,0.0139537,0.025323,0.00160031,0.000614009,0.52359,0.0140004,-6.48581,-7.88132,15.1484,0.553405,1.07327,-16.6832,-0.909091,-0.162752,1.91715,0.375,11.6667,0,0,40.4167,24.3333,0,-11.3472,0.0001,-0.000814401,0.142407,1.70143,0.132532,53602,0.11264,54.98,1.85986
766,0.444884,0.41177,0.0183736,0.0131587,0.651556,0.37154,0.854197,0.447116,0.0268328,0.0470188,0.0179276,0.195241,0.0105127,0,0.235948,0.108408,4.73327,0.0596246,0.300422,0.0862325,0.830988,6.71665,0.95316,0.940469,0.0599346,0.325616,0.478778,0.215142,0.414186,0.414186,0,0,-0.00433681,0.0344628,0.944931,0.787185,0.013827,0.025093,0.00152562,0.00058486,0.523942,0.0139508,-6.59272,-7.77464,15.0546,0.552655,1.06121,-16.7964,-0.909091,-0.162875,1.89899,0.583333,12.0833,0,0,44.4167,24.5417,0,-11.3424,0.0001,-0.00144083,0.129778,1.73166,0.128773,52839,0.112691,55.83,2.02954
767,0.44592,0.415741,0.0183661,0.0129837,0.650862,0.375019,0.854469,0.453135,0.0269825,0.0466884,0.01802,0.195125,0.0105827,0,0.235556,0.110543,4.76351,0.0601545,0.299348,0.0866267,0.830374,6.71137,0.951923,0.940494,0.0603969,0.329593,0.480503,0.214627,0.435191,0.435191,0,0,-0.00433431,0.0352645,0.94475,0.786204,0.0139023,0.0252547,0.00165172,0.000669446,0.523127,0.0140029,-6.53233,-7.74162,15.1162,0.551424,1.06854,-16.8066,-0.909091,-0.162816,1.91731,0.5,11.875,0,0,41.2917,22.5833,0,-11.3372,0.0001,-0.00133922,0.140471,1.7289,0.130855,52858,0.112751,54.66,1.77389
768,0.445085,0.412877,0.0183529,0.0133378,0.651546,0.37255,0.85503,0.450084,0.0267466,0.0468958,0.017884,0.194876,0.0104875,0,0.235975,0.109451,4.74916,0.0602455,0.299481,0.0859388,0.831709,6.72329,0.952656,0.940536,0.059973,0.326418,0.482002,0.214772,0.413144,0.413144,0,0,-0.00435281,0.0349458,0.94518,0.788278,0.0137412,0.0250024,0.00162054,0.000663754,0.523637,0.0138584,-6.59711,-7.81962,14.9617,0.554077,1.06239,-16.8273,-0.909091,-0.163047,1.9057,0.333333,12.0417,0,0,44.375,24.2917,0,-11.3323,0.0001,-0.00118215,0.131994,1.78374,0.12559,51486,0.112793,55.88,1.86859
769,0.448123,0.417224,0.0182545,0.0128123,0.651507,0.373858,0.853498,0.452354,0.0270843,0.0461932,0.0181194,0.195272,0.0105841,0,0.237064,0.110144,4.74539,0.0599955,0.300433,0.0868716,0.828288,6.71523,0.951503,0.940838,0.059737,0.324259,0.481662,0.214709,0.424219,0.424219,0,0,-0.00432577,0.0352602,0.94564,0.78612,0.0139344,0.0252733,0.00169829,0.000745571,0.523798,0.0141365,-6.58268,-7.52174,15.0405,0.551988,1.06223,-16.9962,-0.908542,-0.163881,1.92308,0.375,10.7083,0,0,41.4583,25.9583,0.0416667,-11.3299,0.0001,-0.00119675,0.132367,1.69938,0.132523,53662,0.112845,55.1,1.77208
770,0.446438,0.414053,0.0183026,0.0130513,0.650496,0.37249,0.854268,0.45161,0.0270924,0.0464639,0.0181209,0.194553,0.0105431,0,0.23599,0.109867,4.7576,0.0608634,0.298639,0.0870749,0.830876,6.71211,0.950748,0.940699,0.0605947,0.326235,0.481921,0.214301,0.416636,0.416636,0,0,-0.00432175,0.0346849,0.945287,0.786142,0.0139191,0.0253113,0.00168615,0.0007417,0.522876,0.0140989,-6.56338,-7.64004,15.0439,0.552423,1.06884,-16.9446,-0.909091,-0.163197,1.91008,0.75,11.125,0,0,42.125,23.375,0,-11.3246,0.0001,-0.0012113,0.140765,1.74536,0.12519,52553,0.11293,55.49,2.05993
771,0.44758,0.418068,0.0182412,0.0127981,0.650628,0.37468,0.854512,0.455005,0.026511,0.0473195,0.0177267,0.194667,0.0104638,0,0.236781,0.111174,4.75641,0.0609793,0.299471,0.0858955,0.826796,6.72481,0.952199,0.940899,0.0598331,0.320296,0.4841,0.214363,0.442268,0.442268,0,0,-0.00437138,0.0353072,0.944837,0.791985,0.0135512,0.0247665,0.00176875,0.000822095,0.52655,0.0136954,-6.50335,-8.00227,14.8728,0.557469,1.05778,-16.7402,-0.909091,-0.163734,1.92953,0.375,11.8333,0,0,42.5417,25.9583,0,-11.319,0.0001,-0.00121239,0.140798,1.72589,0.128988,52997,0.112971,55.53,1.70274
772,0.447762,0.410172,0.0183877,0.0132011,0.652443,0.369418,0.853771,0.444672,0.0270398,0.0466702,0.0180653,0.197494,0.0107102,0,0.237841,0.107976,4.76573,0.0607579,0.300547,0.0872168,0.828721,6.70777,0.951388,0.940424,0.0608561,0.328196,0.479932,0.217054,0.4055,0.4055,0,0,-0.00432781,0.0358565,0.944679,0.785186,0.0139647,0.0253303,0.00171444,0.00070903,0.521732,0.0140661,-6.55915,-7.71652,15.1496,0.549575,1.07127,-16.8241,-0.909091,-0.16305,1.89113,0.416667,11.75,0,0,43.4167,22.375,0,-11.3183,0.0001,-0.00107189,0.142127,1.64766,0.131479,55253,0.113001,54.84,1.66549
773,0.445822,0.408957,0.0184122,0.0133033,0.651255,0.369389,0.854926,0.444767,0.0266828,0.0478323,0.0178174,0.195582,0.0105777,0,0.23596,0.108466,4.76902,0.0619355,0.299256,0.0863528,0.829122,6.71546,0.951743,0.940344,0.0604811,0.324862,0.480304,0.215302,0.413623,0.413623,0,0,-0.00436501,0.0351839,0.944572,0.788402,0.0137165,0.0249754,0.00182847,0.000818327,0.524875,0.0137827,-6.48037,-8.00611,15.0275,0.553839,1.0627,-16.6698,-0.909091,-0.162627,1.88879,0.458333,12.125,0,0,41.8333,24.2917,0,-11.3157,0.0001,-0.00130115,0.136414,1.68924,0.123141,54240,0.113035,56.47,1.8942
774,0.447171,0.41364,0.0182847,0.0131334,0.652347,0.372142,0.854006,0.446897,0.0273335,0.0455469,0.0182834,0.197612,0.0107421,0,0.238992,0.108445,4.75126,0.0601188,0.30141,0.0872984,0.827869,6.71057,0.95155,0.940758,0.0606318,0.332158,0.480989,0.216945,0.411106,0.411106,0,0,-0.00427103,0.036233,0.946118,0.783181,0.014152,0.0255452,0.00179947,0.000783977,0.523378,0.014329,-6.54151,-7.33253,15.158,0.547649,1.06637,-17.0519,-0.909091,-0.163791,1.90702,0.333333,10.6667,0,0,43.75,23.625,0,-11.3138,0.0001,-0.00144109,0.131463,1.70267,0.128412,53686,0.113073,54.1,1.88231
775,0.44843,0.418336,0.0182545,0.0129929,0.651717,0.375693,0.854199,0.454125,0.026682,0.0474516,0.017841,0.195219,0.0105941,0,0.237264,0.110628,4.74,0.0612673,0.299786,0.0864534,0.827444,6.72489,0.952824,0.940855,0.0593844,0.317946,0.482518,0.214838,0.417623,0.417623,0,0,-0.00436512,0.0356667,0.94429,0.790168,0.0136863,0.0249587,0.00176463,0.00083256,0.526919,0.013761,-6.53648,-7.98607,14.9821,0.556194,1.06134,-16.7057,-0.909091,-0.163975,1.92868,0.625,11.875,0,0,40.9167,24.8333,0.0416667,-11.3097,0.0001,-0.00112985,0.13264,1.68633,0.127843,54186,0.113129,55.79,1.79247
776,0.444443,0.415875,0.0183212,0.0130691,0.649235,0.373484,0.854679,0.452159,0.0269659,0.0465281,0.0180324,0.19474,0.0107073,0,0.236393,0.109899,4.74368,0.0607145,0.298978,0.0869478,0.829885,6.71225,0.951559,0.940639,0.060493,0.337192,0.480192,0.214577,0.429303,0.429303,0,0,-0.00431475,0.0361115,0.945003,0.786017,0.0139086,0.0252255,0.00154377,0.000593361,0.521522,0.0140035,-6.64173,-7.6985,15.0842,0.550995,1.06229,-16.8567,-0.909091,-0.162939,1.91986,0.375,11.75,0,0,45.5417,22.9583,0,-11.3049,0.0001,-0.001252,0.132364,1.75097,0.120404,52530,0.113167,55.06,1.94274
777,0.449499,0.419855,0.0183483,0.0127588,0.654558,0.378823,0.854763,0.455203,0.0266691,0.0474396,0.0178277,0.195596,0.0106229,0,0.236643,0.111008,4.73997,0.060797,0.299224,0.0861861,0.8301,6.72535,0.952846,0.940551,0.0598471,0.323773,0.482009,0.215384,0.439729,0.439729,0,0,-0.00437181,0.0353829,0.944836,0.789491,0.0137046,0.0249352,0.00177249,0.000797047,0.526022,0.0137796,-6.49576,-7.92373,14.9867,0.554671,1.0571,-16.7131,-0.909091,-0.163845,1.93592,0.333333,11.5417,0,0,41.6667,24.625,0,-11.3038,0.0001,-0.000992583,0.136306,1.73195,0.121767,53030,0.113198,54.91,1.88031
778,0.444378,0.413543,0.0184008,0.0130582,0.649426,0.37356,0.854517,0.450811,0.0272276,0.0458824,0.0181965,0.195226,0.0107033,0,0.235477,0.109708,4.75139,0.0594353,0.299058,0.0872034,0.82887,6.70806,0.951104,0.940381,0.0605732,0.330488,0.479726,0.215107,0.427546,0.427546,0,0,-0.00429516,0.0361288,0.945433,0.783785,0.0140557,0.0254823,0.00166273,0.000679865,0.522101,0.0141398,-6.56567,-7.45822,15.2858,0.543627,1.0714,-16.9284,-0.909091,-0.162078,1.90748,0.708333,11.5417,0,0,44.2917,22.25,0,-11.3025,0.0001,-0.000973396,0.134425,1.65885,0.128773,54991,0.113213,55.03,1.74136
779,0.450307,0.419537,0.0182146,0.0127147,0.653231,0.375503,0.854328,0.453989,0.0271828,0.0454388,0.018194,0.196197,0.0106077,0,0.238748,0.110818,4.72052,0.0599431,0.301111,0.0869398,0.829042,6.71703,0.952282,0.940985,0.0594792,0.326431,0.482653,0.215875,0.429046,0.429046,0,0,-0.00429447,0.0355531,0.946074,0.785287,0.0139968,0.0253553,0.00172204,0.000798795,0.525864,0.0141521,-6.62021,-7.36449,15.1089,0.546954,1.06421,-17.0544,-0.909091,-0.164647,1.9355,0.583333,10.9167,0,0,43.375,23.25,0,-11.3031,0.0001,-0.000991546,0.136734,1.67608,0.130966,54400,0.113223,56.12,1.78624
780,0.446867,0.413401,0.0182324,0.0129831,0.650606,0.370306,0.854082,0.450641,0.0269747,0.0462242,0.0180495,0.195262,0.0106951,0,0.237485,0.109595,4.74207,0.060502,0.299903,0.0867726,0.827435,6.71054,0.951204,0.940927,0.0596286,0.32853,0.481175,0.21498,0.429919,0.429919,0,0,-0.00431414,0.0357508,0.945138,0.786458,0.0139423,0.0251717,0.00174529,0.000797711,0.524412,0.0140566,-6.60796,-7.57496,15.0998,0.550368,1.06004,-16.887,-0.909091,-0.163835,1.90779,0.5,11.4167,0,0,43.75,23.7083,0,-11.3021,0.0001,-0.00104047,0.145247,1.65357,0.130572,55098,0.11327,55.46,1.65436
781,0.448647,0.414568,0.0183099,0.0131968,0.652446,0.372986,0.854484,0.451437,0.0268419,0.0470558,0.0179115,0.196902,0.0107066,0,0.237914,0.109977,4.72091,0.0604972,0.300272,0.0867868,0.827497,6.71818,0.952671,0.940676,0.0588318,0.314472,0.483016,0.216028,0.420235,0.420235,0,0,-0.00433736,0.0367855,0.94477,0.787616,0.0138406,0.0251718,0.00191153,0.000887479,0.525701,0.0138591,-6.36054,-7.90868,15.1081,0.551168,1.06684,-16.6669,-0.909091,-0.163654,1.91212,0.375,12.75,0,0,39.7917,25.75,0,-11.3004,0.0001,-0.00126217,0.131383,1.72669,0.131865,52892,0.113288,54.37,1.72949
782,0.447341,0.413794,0.0183493,0.0129841,0.652862,0.373365,0.854392,0.446769,0.0270955,0.0467971,0.0180838,0.196991,0.0107229,0,0.237605,0.108146,4.74727,0.0607883,0.299825,0.0874332,0.825424,6.70845,0.952017,0.940548,0.0596549,0.32477,0.480009,0.216133,0.409512,0.409512,0,0,-0.00431957,0.0369711,0.94482,0.786472,0.0139592,0.0254207,0.00196361,0.000960611,0.526938,0.0139669,-6.3845,-7.73372,15.2224,0.547338,1.07314,-16.7501,-0.909091,-0.163497,1.90764,0.708333,12.1667,0,0,41.625,24.6667,0,-11.3015,0.0001,-0.00115516,0.144504,1.77709,0.130356,51536,0.1133,55.54,1.79078
783,0.449434,0.418866,0.018358,0.0125939,0.65355,0.377964,0.854731,0.451519,0.0270606,0.0463842,0.0180804,0.196881,0.0106852,0,0.237438,0.110465,4.71775,0.0596676,0.299754,0.0870735,0.827033,6.71793,0.951772,0.94052,0.059854,0.323575,0.482056,0.216226,0.431813,0.431813,0,0,-0.00432413,0.0361303,0.945455,0.786593,0.0139331,0.0253047,0.00180853,0.000802141,0.524299,0.013987,-6.48546,-7.59324,15.1351,0.547468,1.06816,-16.8728,-0.909091,-0.163541,1.9314,0.541667,11.9583,0,0,43.5,24.7917,0,-11.2998,0.0001,-0.000353222,0.136497,1.76425,0.12425,52053,0.113354,55.96,1.82331
784,0.449523,0.41839,0.018309,0.0129501,0.654371,0.375877,0.854809,0.451611,0.0265885,0.0476965,0.0177592,0.197089,0.0107257,0,0.238361,0.110019,4.73009,0.0614618,0.300556,0.0861995,0.826775,6.72112,0.95238,0.940679,0.0592502,0.323665,0.480336,0.216571,0.425664,0.425664,0,0,-0.00435843,0.0369643,0.944147,0.78995,0.013704,0.0249289,0.00187517,0.000881853,0.525834,0.0137049,-6.44867,-8.01974,15.0465,0.552968,1.0609,-16.6072,-0.909091,-0.164199,1.9299,0.666667,12.7917,0,0,41.7083,23.5,0,-11.2943,0.0001,-0.00115639,0.135122,1.67869,0.119861,54657,0.113415,55.51,2.15159
785,0.444441,0.413566,0.0182877,0.013109,0.650097,0.37129,0.854556,0.448738,0.0269198,0.0463912,0.0179948,0.196146,0.010694,0,0.237473,0.108651,4.73508,0.0615165,0.299589,0.0867684,0.827379,6.71775,0.952173,0.940748,0.0592788,0.325762,0.478221,0.215542,0.40877,0.40877,0,0,-0.00431795,0.0375757,0.945226,0.786506,0.0139265,0.0251928,0.0018905,0.000878675,0.524734,0.0139972,-6.56785,-7.64473,15.1426,0.547309,1.05924,-16.8301,-0.909091,-0.163347,1.90925,0.625,11.4583,0,0,41.6667,24.0417,0,-11.2919,0.0001,-0.00123866,0.133452,1.6283,0.120678,56206,0.113432,56.67,1.81051
786,0.448643,0.418772,0.0182609,0.0128935,0.652738,0.375841,0.853831,0.455421,0.0270321,0.045343,0.0181041,0.197249,0.0106458,0,0.239778,0.111066,4.73125,0.0602972,0.300657,0.0864315,0.82798,6.71291,0.95129,0.940835,0.0597355,0.333238,0.482907,0.217567,0.427022,0.427022,0,0,-0.00428491,0.0377811,0.946411,0.786133,0.0139658,0.0252012,0.00198394,0.000960532,0.525901,0.0141284,-6.56962,-7.30957,15.1364,0.545845,1.05257,-17.0324,-0.909091,-0.164133,1.93137,0.583333,10.6667,0,0,43.875,24.4583,0.0416667,-11.2928,0.0001,-0.000971988,0.138751,1.70576,0.124386,53713,0.113451,54.47,1.76866
787,0.449183,0.414409,0.0182531,0.0130835,0.653501,0.371914,0.853438,0.448892,0.0272688,0.0445437,0.0182676,0.197428,0.010709,0,0.239873,0.108815,4.72614,0.0602729,0.301202,0.0870021,0.826999,6.71859,0.95178,0.94086,0.0596042,0.331189,0.482253,0.217433,0.406524,0.406524,0,0,-0.00427014,0.036649,0.947077,0.784344,0.0140821,0.0254359,0.00171558,0.000760542,0.524264,0.0143001,-6.71543,-7.10502,15.1444,0.543034,1.0576,-17.1791,-0.909091,-0.16437,1.91118,0.333333,9.95833,0,0,43.6667,23.5,0,-11.2927,0.0001,-0.00121967,0.138128,1.64609,0.123167,55562,0.113466,55.6,1.85024
788,0.447826,0.416191,0.0182775,0.0127601,0.651853,0.373903,0.854096,0.452049,0.0272096,0.045429,0.0182039,0.196269,0.0107622,0,0.237902,0.10985,4.73243,0.0606046,0.299832,0.0871833,0.828214,6.71182,0.951635,0.940781,0.0595083,0.32917,0.481338,0.215882,0.4316,0.4316,0,0,-0.00428841,0.0374959,0.946241,0.784282,0.0140924,0.0254421,0.00180403,0.000817033,0.524582,0.0141856,-6.57084,-7.29553,15.2095,0.543716,1.064,-17.0101,-0.909091,-0.163719,1.92,0.5,11.4167,0,0,45.0833,23.875,0,-11.293,0.0001,-0.00124431,0.132143,1.66563,0.12517,54893,0.113501,54.73,1.7634
789,0.449462,0.416093,0.0183012,0.013038,0.654318,0.374873,0.853843,0.450281,0.0268945,0.0460996,0.0179979,0.196585,0.010592,0,0.238312,0.109472,4.75294,0.0612543,0.300144,0.0863243,0.827465,6.71592,0.951882,0.940704,0.0595316,0.327398,0.481504,0.216618,0.409504,0.409504,0,0,-0.00430811,0.0374477,0.945706,0.787453,0.0139018,0.0251404,0.00186365,0.000883071,0.525588,0.0139776,-6.52264,-7.50897,15.1643,0.545884,1.05624,-16.8657,-0.909091,-0.16417,1.91825,0.5,10.7083,0,0,41.125,24.3333,0,-11.2911,0.0001,-0.00102679,0.142716,1.67887,0.12614,54461,0.113524,54.72,1.78613
790,0.448418,0.418265,0.0183775,0.0128214,0.653769,0.377385,0.855188,0.451245,0.0271336,0.0459968,0.0181451,0.197512,0.010717,0,0.23828,0.109889,4.73506,0.0607276,0.30061,0.0869332,0.826996,6.70883,0.950925,0.940457,0.0601219,0.336871,0.480225,0.217465,0.428474,0.428474,0,0,-0.00430192,0.0375577,0.945928,0.784959,0.0139969,0.025372,0.00187347,0.000843972,0.523632,0.0140716,-6.55123,-7.3892,15.2362,0.542816,1.06416,-16.951,-0.909091,-0.163397,1.93033,0.458333,11.3333,0,0,45.3333,23.9167,0,-11.292,0.0001,-0.00118326,0.138874,1.62476,0.121185,56304,0.113517,54.34,1.66774
791,0.447385,0.41546,0.0183656,0.0129667,0.654569,0.374317,0.854922,0.445224,0.0273532,0.0463,0.0182673,0.198412,0.0108169,0,0.23933,0.107448,4.74909,0.0621648,0.300962,0.0879222,0.826599,6.70122,0.951052,0.940495,0.0601399,0.334823,0.476718,0.217756,0.402826,0.402826,0,0,-0.00429964,0.0375169,0.945445,0.783406,0.0141355,0.0256338,0.00198185,0.000971736,0.525205,0.014184,-6.4949,-7.44259,15.3257,0.542289,1.07416,-16.9096,-0.909091,-0.163878,1.91679,0.75,11.875,0,0,43.625,23.2083,0,-11.295,0.0001,-0.0012234,0.137581,1.62554,0.121548,56267,0.113515,55.43,2.01024
792,0.447381,0.411661,0.0183751,0.0133114,0.65187,0.370907,0.855453,0.445169,0.0270231,0.0471265,0.0180353,0.19668,0.010656,0,0.237116,0.107808,4.75663,0.0621924,0.299836,0.0868347,0.827763,6.71583,0.952154,0.940464,0.0594024,0.326848,0.479403,0.215989,0.401124,0.401124,0,0,-0.00434629,0.0365863,0.94511,0.787029,0.01389,0.0253038,0.00195031,0.000969803,0.527133,0.0139055,-6.37599,-7.73029,15.2028,0.546465,1.06604,-16.7593,-0.909091,-0.163126,1.90178,0.416667,11.75,0,0,41.125,24.2917,0,-11.2955,0.0001,-0.00102372,0.139808,1.67951,0.124714,54485,0.113525,55.46,1.81801
793,0.451067,0.419085,0.0184061,0.0127965,0.656213,0.378588,0.856241,0.451004,0.0269263,0.0471003,0.0179883,0.198366,0.0107182,0,0.239045,0.109961,4.74484,0.0624433,0.30047,0.0870686,0.827764,6.71163,0.951266,0.940364,0.0597926,0.327096,0.480508,0.218127,0.425265,0.425265,0,0,-0.00433155,0.0363608,0.944861,0.787122,0.0138807,0.0252321,0.00197596,0.000972333,0.526291,0.0138642,-6.43369,-7.7468,15.2129,0.547022,1.06777,-16.7186,-0.909091,-0.163897,1.93588,0.583333,12.2083,0,0,43.8333,25.2083,0,-11.2954,0.0001,-0.00105965,0.135319,1.60005,0.120898,57121,0.113554,54.54,1.93315
794,0.447356,0.413123,0.0185368,0.0132402,0.657045,0.375777,0.856454,0.444847,0.0268778,0.0475653,0.0179271,0.199461,0.0108066,0,0.238391,0.107743,4.73471,0.0620911,0.301196,0.0871442,0.827932,6.7174,0.95219,0.939941,0.0600002,0.328509,0.477516,0.219038,0.404797,0.404797,0,0,-0.00436294,0.0358216,0.944261,0.785796,0.0138762,0.0252426,0.00181419,0.000782419,0.52388,0.0138212,-6.41156,-7.95671,15.2506,0.545943,1.07463,-16.5891,-0.909091,-0.162983,1.9089,0.541667,12.2917,0,0,40.9167,21.2917,0,-11.2931,0.0001,-0.00115583,0.141912,1.65083,0.124647,55367,0.113581,54.42,1.78834
795,0.453205,0.419412,0.0182994,0.0126839,0.656481,0.377409,0.856665,0.450227,0.0267719,0.0468477,0.0179115,0.197676,0.0105553,0,0.239291,0.109866,4.71741,0.0618061,0.300656,0.0861942,0.826939,6.72569,0.951759,0.94071,0.0589779,0.320309,0.483339,0.217323,0.423963,0.423963,0,0,-0.00434535,0.0362257,0.945903,0.790264,0.0137135,0.0249817,0.00208622,0.00108901,0.528875,0.0138216,-6.40103,-7.6979,14.9897,0.550436,1.05676,-16.8572,-0.909091,-0.164751,1.9388,0.708333,11.3333,0,0,41.6667,25.9167,0,-11.2927,0.0001,-0.000837575,0.139959,1.63122,0.126081,55940,0.113588,54.02,1.80107
796,0.448809,0.415833,0.0182652,0.0129406,0.652868,0.372836,0.856523,0.448114,0.0271136,0.046281,0.0181192,0.196967,0.010682,0,0.238674,0.108388,4.70957,0.0614504,0.300521,0.0870206,0.828012,6.71202,0.952099,0.940821,0.059157,0.326742,0.479598,0.216221,0.418953,0.418953,0,0,-0.00429832,0.0373321,0.945572,0.785367,0.0140233,0.0253774,0.00215555,0.00114192,0.528642,0.0140647,-6.43261,-7.51629,15.1748,0.546285,1.06813,-16.8936,-0.909091,-0.164274,1.92358,0.541667,11.3333,0,0,43.0417,24.375,0,-11.2927,0.0001,-0.000807983,0.137264,1.60554,0.126861,56744,0.113608,54.73,1.78313
797,0.444906,0.409545,0.0183335,0.0134054,0.652398,0.369761,0.856075,0.444205,0.0272032,0.0463731,0.0181686,0.196807,0.0107345,0,0.237559,0.107325,4.73017,0.0613996,0.299825,0.0874531,0.826456,6.71007,0.951376,0.940599,0.0587547,0.322325,0.478988,0.21618,0.395841,0.395841,0,0,-0.00432094,0.0362901,0.94527,0.7856,0.0140306,0.0254867,0.00194707,0.000960327,0.527105,0.0140538,-6.41328,-7.5134,15.2837,0.544608,1.0703,-16.8385,-0.909091,-0.163382,1.89339,0.666667,11.7083,0,0,41.2917,24.7917,0,-11.2907,0.0001,-0.00108305,0.13122,1.65159,0.127358,55259,0.113641,55.61,1.64849
798,0.448574,0.417441,0.0183321,0.0127897,0.653512,0.376361,0.856134,0.453,0.0267921,0.0465702,0.0178963,0.197765,0.0106554,0,0.239433,0.110374,4.73309,0.0619465,0.30072,0.0865797,0.827854,6.71703,0.952067,0.940604,0.0593602,0.329846,0.481867,0.217665,0.432732,0.432732,0,0,-0.00432214,0.0371171,0.945608,0.786898,0.0138591,0.025063,0.00206973,0.00103686,0.527119,0.0138871,-6.42746,-7.72057,15.1444,0.546161,1.05978,-16.7456,-0.909091,-0.163843,1.92922,0.458333,11.75,0,0,43,25.4583,0,-11.2875,0.0001,-0.000926117,0.134272,1.62094,0.123942,56338,0.113708,55.12,1.71035
799,0.445603,0.410849,0.0184074,0.0132031,0.652858,0.37129,0.856577,0.445176,0.0267772,0.0471629,0.0178906,0.197052,0.0106948,0,0.237066,0.108082,4.71692,0.0621368,0.299473,0.0865302,0.828267,6.72374,0.95217,0.94036,0.0591835,0.320124,0.47977,0.216519,0.412098,0.412098,0,0,-0.00436781,0.0357666,0.945284,0.788291,0.0138054,0.0250621,0.00192201,0.000911148,0.525725,0.0137877,-6.3495,-7.84086,15.0911,0.548357,1.06358,-16.6804,-0.909091,-0.162915,1.89992,0.458333,11.625,0,0,40.625,24.9167,0,-11.2826,0.0001,-0.00120542,0.13838,1.63285,0.124444,55940,0.113751,55.52,1.80603
800,0.449397,0.417072,0.0183114,0.0129274,0.653769,0.374781,0.856612,0.450884,0.0262628,0.0477193,0.0175474,0.195718,0.0105057,0,0.237325,0.110123,4.71411,0.0625564,0.299523,0.0852915,0.827282,6.73195,0.953269,0.940671,0.0582195,0.313261,0.482344,0.215314,0.431344,0.431344,0,0,-0.00439758,0.0358531,0.944769,0.794131,0.0134281,0.0245557,0.00198919,0.00101886,0.529452,0.0134477,-6.40958,-8.12008,14.9295,0.552893,1.05102,-16.5681,-0.909091,-0.164148,1.92843,0.541667,12.4167,0,0,39.8333,26.4583,0,-11.2837,0.0001,-0.00117763,0.135486,1.63765,0.125545,55753,0.11375,55.78,1.87421
801,0.448698,0.418087,0.0183453,0.0128536,0.653437,0.376512,0.856025,0.449932,0.027069,0.0465611,0.0180773,0.197476,0.0107432,0,0.238225,0.109352,4.74183,0.062041,0.300012,0.0871486,0.825536,6.70848,0.951584,0.940561,0.0591883,0.326569,0.478998,0.216775,0.419901,0.419901,0,0,-0.00432038,0.0366492,0.94526,0.786313,0.0139476,0.0253848,0.00197206,0.000954077,0.526333,0.0139416,-6.39306,-7.59069,15.2923,0.542862,1.07083,-16.786,-0.909091,-0.163717,1.93145,0.541667,12.125,0,0,41.875,24,0,-11.2855,0.0001,-0.00114967,0.137337,1.62035,0.123425,56374,0.113771,54.42,1.80932
802,0.454364,0.423604,0.018276,0.0125855,0.657706,0.380074,0.856362,0.454889,0.0266202,0.0473256,0.0177856,0.197855,0.0106297,0,0.239749,0.111047,4.72641,0.0623358,0.301123,0.0865048,0.827767,6.7286,0.952324,0.940786,0.0584932,0.314341,0.483397,0.217376,0.43155,0.43155,0,0,-0.00436092,0.0358472,0.945265,0.791315,0.01365,0.0248925,0.00206748,0.00107199,0.528854,0.0136667,-6.40044,-7.87088,14.9921,0.551945,1.05756,-16.7043,-0.909091,-0.16528,1.95753,0.291667,11.4167,0,0,40.8333,26,0,-11.2816,0.0001,-0.00114106,0.137699,1.59527,0.122521,57226,0.113848,55.98,1.9167
803,0.452203,0.420342,0.0182817,0.0125909,0.654933,0.377867,0.855736,0.453958,0.0267541,0.0468535,0.017903,0.197009,0.0106129,0,0.238738,0.111291,4.71481,0.0618148,0.299894,0.0863357,0.828703,6.72366,0.951927,0.940767,0.0590342,0.32395,0.483745,0.216666,0.437418,0.437418,0,0,-0.00435369,0.0360591,0.945719,0.790166,0.0137101,0.0249588,0.00185864,0.000908951,0.526549,0.0137901,-6.49878,-7.69309,14.9863,0.550769,1.05728,-16.8475,-0.909091,-0.164487,1.94151,0.416667,11.8333,0,0,42.875,24.875,0,-11.2767,0.0001,-0.00107986,0.133756,1.59567,0.122334,57219,0.113872,55.12,1.84193
804,0.451461,0.418916,0.0183096,0.012729,0.656987,0.376539,0.85615,0.451301,0.0262923,0.047207,0.0175787,0.198004,0.0104746,0,0.239929,0.110166,4.7175,0.0624024,0.301079,0.0851709,0.827734,6.73548,0.95371,0.940677,0.0585726,0.320112,0.481579,0.217901,0.428297,0.428297,0,0,-0.00435195,0.0367062,0.945752,0.792758,0.0134861,0.0245468,0.00222426,0.00115384,0.529686,0.0135581,-6.3967,-7.9283,14.9029,0.55175,1.047,-16.6971,-0.909091,-0.164898,1.93553,0.458333,11.4583,0,0,40.5417,25.375,0,-11.2777,0.0001,-0.00102918,0.142185,1.62625,0.122804,56204,0.11389,55.26,1.70208
805,0.450728,0.417394,0.0183443,0.01267,0.655395,0.375679,0.856079,0.448853,0.0264814,0.047995,0.0176901,0.19645,0.0106348,0,0.237568,0.109566,4.74521,0.0627764,0.299392,0.0860989,0.827213,6.72682,0.952558,0.940565,0.0586688,0.320053,0.48122,0.215985,0.438959,0.438959,0,0,-0.00439455,0.0352081,0.944451,0.791435,0.0135968,0.0247943,0.00184798,0.000896997,0.527101,0.0135711,-6.44703,-8.09593,14.9695,0.553528,1.05823,-16.5843,-0.909091,-0.164204,1.92755,0.333333,12.4583,0,0,40.5833,25.9167,0,-11.2766,0.0001,-0.00117763,0.137962,1.64053,0.12465,55690,0.11392,55.87,1.7479
806,0.445308,0.415383,0.018318,0.0129041,0.651993,0.373475,0.85505,0.449519,0.0270302,0.0466637,0.0180539,0.19679,0.0107499,0,0.237828,0.108999,4.73161,0.0620919,0.299989,0.0872904,0.829509,6.71664,0.951872,0.94065,0.0589856,0.327052,0.478835,0.216148,0.418885,0.418885,0,0,-0.00432454,0.0356194,0.945274,0.785663,0.0139843,0.0253366,0.00204497,0.00101588,0.526811,0.0139788,-6.483,-7.57803,15.2543,0.543299,1.06368,-16.7876,-0.909091,-0.163608,1.91694,0.375,11.4583,0,0,43.0833,23.9167,0,-11.2757,0.0001,-0.00105314,0.134784,1.59171,0.121855,57368,0.113945,55.15,1.44632
807,0.449987,0.415916,0.018359,0.0130441,0.654977,0.374949,0.856373,0.448401,0.0266017,0.047427,0.0177838,0.197273,0.0106873,0,0.238201,0.109114,4.70914,0.0624669,0.300619,0.0865057,0.827829,6.72319,0.95229,0.940517,0.0586205,0.320633,0.481007,0.216934,0.416057,0.416057,0,0,-0.00439334,0.0351556,0.944535,0.790105,0.0136887,0.0249055,0.00188353,0.000916525,0.526763,0.0136528,-6.44577,-7.9736,15.0898,0.549384,1.05943,-16.6127,-0.909091,-0.163925,1.92234,0.541667,12.9583,0,0,40.75,25.5833,0.0416667,-11.2762,0.0001,-0.000942782,0.138624,1.62498,0.123723,56215,0.113938,55.5,1.87768
808,0.45062,0.423761,0.0183482,0.0125661,0.655132,0.381552,0.855892,0.454876,0.0266172,0.0477462,0.0177907,0.196914,0.0106154,0,0.237848,0.111302,4.73175,0.0631597,0.299798,0.0863487,0.82857,6.72267,0.952583,0.940552,0.0587179,0.317625,0.481912,0.216403,0.438982,0.438982,0,0,-0.00438264,0.035976,0.94451,0.791119,0.0136456,0.0249197,0.00203602,0.00102967,0.528303,0.0135759,-6.38545,-7.94321,15.0973,0.549068,1.062,-16.6129,-0.909091,-0.164082,1.95594,0.541667,12.3333,0,0,40.0833,24.4583,0,-11.2789,0.0001,-0.00115079,0.13927,1.60836,0.125789,56687,0.113943,56.06,2.14685
809,0.446813,0.412696,0.0183727,0.0131876,0.6526,0.371271,0.856021,0.445333,0.0269077,0.0467059,0.0179852,0.196891,0.010692,0,0.237484,0.107876,4.71536,0.0626659,0.299928,0.0867039,0.827701,6.71503,0.951819,0.940472,0.0590785,0.323817,0.477978,0.216428,0.407326,0.407326,0,0,-0.0043493,0.0366434,0.945808,0.787694,0.0138596,0.0251693,0.00212991,0.00109923,0.528633,0.0138391,-6.43087,-7.55595,15.1924,0.543712,1.05959,-16.8,-0.909091,-0.163335,1.90798,0.5,11.5417,0,0,43.9167,24.9583,0,-11.2769,0.0001,-0.00109151,0.138352,1.5992,0.125147,57009,0.113993,55.29,2.01515
810,0.448404,0.412949,0.0183542,0.0129496,0.655467,0.372835,0.855732,0.447451,0.0268357,0.0468383,0.0179396,0.196607,0.0107086,0,0.237472,0.10868,4.72906,0.0625457,0.299515,0.0868281,0.829406,6.72236,0.952259,0.940532,0.0587254,0.318896,0.480673,0.216348,0.408233,0.408233,0,0,-0.0043545,0.0356551,0.945457,0.789079,0.0138042,0.025089,0.00197805,0.00100848,0.528851,0.0137905,-6.4564,-7.67203,15.1473,0.545546,1.05986,-16.7601,-0.909091,-0.163891,1.9072,0.291667,11.4167,0,0,40.7083,24.5,0,-11.2703,0.0001,-0.00105073,0.138034,1.68494,0.123777,54350,0.114053,55.49,1.98585
811,0.446014,0.416431,0.0183642,0.0128193,0.651931,0.375021,0.855968,0.450768,0.0267991,0.0473438,0.0179125,0.196769,0.0106926,0,0.237158,0.109748,4.71972,0.0628256,0.299997,0.0863897,0.829207,6.72178,0.952338,0.9405,0.0588711,0.322161,0.479737,0.216027,0.426756,0.426756,0,0,-0.00435593,0.0362274,0.945218,0.788454,0.0137913,0.0250708,0.00209958,0.00106481,0.52805,0.0137335,-6.36018,-7.7538,15.1678,0.545491,1.0615,-16.6912,-0.909091,-0.163132,1.92442,0.666667,12.6667,0,0,43.2083,24.125,0,-11.2643,0.0001,-0.000943428,0.136223,1.67416,0.12243,54717,0.114093,55.11,1.92735
812,0.447361,0.414145,0.0183077,0.0129575,0.654017,0.372464,0.85474,0.448625,0.0269083,0.0463944,0.0179877,0.19659,0.0106577,0,0.238078,0.109038,4.70213,0.061946,0.299912,0.0866394,0.828095,6.72467,0.952911,0.940683,0.0582495,0.31612,0.480078,0.216125,0.418435,0.418435,0,0,-0.00432674,0.0362434,0.946155,0.788725,0.013841,0.0251448,0.00203782,0.00106964,0.530272,0.0138855,-6.48109,-7.52316,15.073,0.546256,1.06013,-16.8877,-0.909091,-0.16416,1.91101,0.5,11.0417,0,0,42.2083,25.6667,0,-11.2603,0.0001,-0.00115715,0.13807,1.71578,0.132088,53198,0.114126,54.68,1.84084
813,0.450943,0.420725,0.0183282,0.0126557,0.654783,0.37876,0.855221,0.453544,0.0265952,0.0473115,0.0177858,0.196823,0.0105747,0,0.238045,0.110698,4.72969,0.0628796,0.30018,0.0859836,0.829348,6.72749,0.952413,0.940616,0.0584565,0.319236,0.482099,0.21639,0.436049,0.436049,0,0,-0.00435154,0.0355898,0.9458,0.790899,0.0136014,0.0248463,0.00228909,0.00123959,0.530604,0.0136236,-6.36552,-7.77144,15.0455,0.547123,1.05933,-16.7452,-0.909091,-0.164102,1.94115,0.5,12.0417,0,0,41.7917,24.2083,0,-11.2594,0.0001,-0.0010691,0.138637,1.62856,0.126636,56007,0.114133,55.46,1.78706
814,0.448054,0.41595,0.0183036,0.0128767,0.652754,0.374347,0.854718,0.449247,0.0271701,0.0457194,0.0181837,0.196746,0.0106057,0,0.238398,0.108723,4.74963,0.0626362,0.299732,0.087099,0.827934,6.71817,0.95175,0.940696,0.059262,0.3273,0.479622,0.21658,0.414587,0.414587,0,0,-0.00429374,0.0361107,0.946624,0.785855,0.0139782,0.0253403,0.00211145,0.00107909,0.528528,0.0140767,-6.56953,-7.23997,15.2261,0.540586,1.05812,-17.0287,-0.909091,-0.163788,1.91993,0.625,10.3333,0,0,43.625,24.5417,0,-11.2606,0.0001,-0.00103788,0.130835,1.73834,0.125819,52733,0.114161,54.78,2.00781
815,0.449115,0.416652,0.0182527,0.0129023,0.653169,0.37448,0.855501,0.453558,0.0271391,0.0447393,0.0181623,0.196024,0.0106292,0,0.238462,0.110726,4.70502,0.0609664,0.300033,0.0866738,0.831912,6.72199,0.951714,0.940861,0.0585066,0.326673,0.482849,0.216061,0.431633,0.431633,0,0,-0.00429002,0.0360482,0.947305,0.785819,0.0139864,0.0252793,0.00211957,0.00113497,0.528571,0.0141043,-6.59373,-7.13908,15.1523,0.541033,1.05373,-17.111,-0.909091,-0.164182,1.92532,0.583333,9.70833,0,0,42.8333,24.5833,0,-11.2586,0.0001,-0.00116295,0.132383,1.60188,0.130086,56758,0.114194,54.88,1.98582
816,0.448186,0.422134,0.018311,0.0127518,0.653294,0.37975,0.855965,0.455972,0.0269057,0.0468405,0.017978,0.195832,0.0106944,0,0.237014,0.111065,4.69815,0.0617566,0.299546,0.0868869,0.829163,6.72088,0.951951,0.940672,0.0579088,0.320085,0.480399,0.215296,0.433719,0.433719,0,0,-0.004374,0.0354404,0.94523,0.789096,0.0138271,0.0251469,0.0019952,0.00104235,0.528224,0.0137827,-6.51691,-7.68866,15.1053,0.547954,1.06327,-16.7848,-0.909091,-0.16396,1.95014,0.583333,12.0417,0,0,42.0833,26.5417,0,-11.2569,0.0001,-0.00112836,0.138897,1.63297,0.126852,55860,0.114233,56.64,1.88566
817,0.450449,0.418497,0.018359,0.0128637,0.654277,0.377781,0.856774,0.449859,0.0266998,0.0473334,0.0178202,0.196588,0.0107049,0,0.236805,0.10951,4.71789,0.0627282,0.299527,0.0867456,0.828116,6.71496,0.951385,0.940517,0.058515,0.318749,0.482139,0.215537,0.415874,0.415874,0,0,-0.00439077,0.0357805,0.944674,0.789522,0.0137138,0.0250485,0.00212302,0.00109095,0.528249,0.0136214,-6.36948,-7.96735,15.1299,0.5479,1.06963,-16.5837,-0.909091,-0.163749,1.93513,0.291667,12.875,0,0,39.25,24.875,0,-11.2552,0.0001,-0.00110538,0.137345,1.64486,0.125646,55523,0.114245,56.26,1.91547
818,0.447486,0.417503,0.0183242,0.0127316,0.652524,0.376127,0.855555,0.45473,0.0268571,0.0459555,0.0179514,0.196788,0.0106557,0,0.238268,0.111399,4.70319,0.0617649,0.300624,0.0865107,0.829747,6.72476,0.952227,0.94063,0.058805,0.321555,0.482909,0.21658,0.441498,0.441498,0,0,-0.00432418,0.0359557,0.946438,0.787072,0.0138425,0.025084,0.00216884,0.00113848,0.529075,0.0138771,-6.46399,-7.5076,15.1164,0.544186,1.05943,-16.8709,-0.909091,-0.163639,1.92768,0.375,11.4167,0,0,43.5,24.0833,0,-11.2549,0.0001,-0.00112199,0.135803,1.66586,0.133489,54633,0.114278,55.32,2.01699
819,0.451618,0.420208,0.0182756,0.0125238,0.654669,0.377462,0.8553,0.452612,0.0264593,0.0472187,0.0176899,0.196099,0.0105292,0,0.237739,0.110741,4.70517,0.0627815,0.300064,0.0855165,0.82857,6.73065,0.952657,0.940787,0.0580506,0.318758,0.483583,0.215661,0.433703,0.433703,0,0,-0.00437303,0.0362132,0.945585,0.792586,0.0135352,0.0247028,0.00213585,0.00115572,0.53064,0.0135528,-6.44307,-7.84022,14.9299,0.552321,1.05039,-16.7243,-0.909091,-0.164479,1.93975,0.708333,11.5833,0,0,41.0417,25.875,0,-11.2528,0.0001,-0.00107316,0.13677,1.64404,0.125651,55548,0.114308,54.98,1.68695
820,0.44469,0.414591,0.0182919,0.0130457,0.651822,0.372521,0.855137,0.450065,0.0265546,0.0473365,0.0177447,0.195706,0.0106937,0,0.236919,0.108944,4.70949,0.062503,0.299997,0.0861785,0.828236,6.7219,0.952666,0.940734,0.0579791,0.318342,0.479537,0.214944,0.422935,0.422935,0,0,-0.00436658,0.0367809,0.945193,0.790022,0.0136625,0.0248703,0.00225188,0.0012204,0.530538,0.0135902,-6.36365,-7.92021,15.0675,0.548141,1.05971,-16.6207,-0.909091,-0.16373,1.9143,0.458333,12.0417,0,0,41.0417,24.375,0.0416667,-11.2531,0.0001,-0.000970642,0.136474,1.61945,0.129738,56199,0.114324,54.74,1.82199
821,0.448738,0.416878,0.0182831,0.0129661,0.65503,0.374563,0.855895,0.451586,0.0264339,0.0469743,0.017677,0.195857,0.0105295,0,0.237573,0.109959,4.70017,0.0617968,0.299789,0.0853958,0.829102,6.72965,0.952571,0.940763,0.0579421,0.313946,0.482393,0.21547,0.42472,0.42472,0,0,-0.00437834,0.0355941,0.945945,0.792866,0.0135318,0.0246717,0.00211976,0.00113048,0.529952,0.0135328,-6.44548,-7.83256,14.9074,0.551376,1.05077,-16.7433,-0.909091,-0.1645,1.92548,0.541667,11.625,0,0,40.25,25.5833,0,-11.2545,0.0001,-0.00125333,0.129239,1.64904,0.125676,55391,0.114332,56.02,2.00211
822,0.447853,0.4198,0.0183082,0.0128938,0.653096,0.37798,0.855754,0.453811,0.0266955,0.046796,0.0178495,0.195358,0.01064,0,0.236872,0.110433,4.69883,0.0627848,0.29926,0.0861745,0.831101,6.72154,0.952432,0.940681,0.0583954,0.322367,0.480198,0.215,0.42431,0.42431,0,0,-0.00436784,0.0358115,0.945328,0.789435,0.0137362,0.0249436,0.0020095,0.00102558,0.52776,0.0136813,-6.5246,-7.74388,15.0868,0.546831,1.05385,-16.7366,-0.909091,-0.163953,1.93912,0.708333,11.6667,0,0,41.6667,25.1667,0,-11.2564,0.0001,-0.00102222,0.131507,1.6478,0.126269,55411,0.114334,55.07,1.91282
823,0.450427,0.420847,0.0183667,0.012822,0.656951,0.379806,0.855918,0.454768,0.0263917,0.047561,0.0176297,0.196228,0.0105059,0,0.237308,0.111312,4.6888,0.0621958,0.299665,0.0856407,0.830602,6.73351,0.953596,0.940492,0.0578402,0.312986,0.482525,0.216031,0.431457,0.431457,0,0,-0.00440776,0.0345533,0.945134,0.7922,0.0135193,0.0246919,0.00210825,0.00110373,0.529748,0.0134396,-6.40347,-8.03121,15.0059,0.549532,1.05779,-16.5822,-0.909091,-0.164349,1.94261,0.5,12.5417,0,0,41.4167,25.375,0,-11.2586,0.0001,-0.0012111,0.138144,1.63989,0.12447,55716,0.11434,55.62,1.71733
824,0.45086,0.412724,0.018435,0.0131992,0.657694,0.373776,0.856327,0.442929,0.026419,0.0482803,0.0176205,0.197974,0.0107354,0,0.237818,0.1072,4.70334,0.0632877,0.300571,0.0863372,0.826932,6.72336,0.953164,0.940271,0.0579068,0.312352,0.479464,0.217248,0.404276,0.404276,0,0,-0.00440894,0.0351601,0.943988,0.791785,0.0135839,0.0247993,0.00217122,0.00112949,0.529457,0.0134162,-6.32413,-8.23779,15.0496,0.551776,1.06331,-16.4228,-0.909091,-0.163994,1.90679,0.375,13.5,0,0,39.375,26.4167,0,-11.2573,0.0001,-0.00115581,0.13376,1.64266,0.122005,55707,0.114401,53.37,1.61916
825,0.44698,0.415448,0.0183862,0.0131677,0.654741,0.375597,0.856033,0.450691,0.0267656,0.0469541,0.0178796,0.19629,0.0107357,0,0.236491,0.1098,4.69465,0.062585,0.29918,0.086773,0.828972,6.72159,0.952328,0.940429,0.0582131,0.315242,0.480761,0.21551,0.416724,0.416724,0,0,-0.00438047,0.0351774,0.944639,0.789048,0.0137909,0.0250909,0.00209454,0.00107603,0.528207,0.0136762,-6.40526,-7.8349,15.2063,0.545559,1.06635,-16.6162,-0.909091,-0.163625,1.91994,0.5,12.7917,0,0,40.875,25.625,0,-11.2528,0.0001,-0.000942605,0.13042,1.64205,0.126046,55598,0.114444,55.19,1.74539
826,0.451534,0.423686,0.0182493,0.0123995,0.655882,0.380797,0.856088,0.457401,0.026792,0.0462118,0.0179096,0.196346,0.0106875,0,0.238348,0.111383,4.67812,0.0618815,0.300264,0.0865132,0.831555,6.72777,0.953015,0.940872,0.0577344,0.316987,0.482466,0.21599,0.452656,0.452656,0,0,-0.0043395,0.0359068,0.946045,0.789019,0.0138121,0.0250122,0.00213889,0.00115279,0.530355,0.0138244,-6.44868,-7.58772,15.0499,0.548103,1.05284,-16.827,-0.909091,-0.16491,1.95818,0.291667,10.2917,0,0,40.9583,25.3333,0,-11.2527,0.0001,-0.000871649,0.139889,1.73076,0.125369,52961,0.114462,56.09,2.00865
827,0.452143,0.423677,0.0182391,0.0124788,0.656165,0.379919,0.856084,0.455754,0.0267173,0.0457866,0.0178798,0.196553,0.0105952,0,0.239168,0.111273,4.67425,0.0617301,0.300649,0.086078,0.829147,6.7289,0.9517,0.940905,0.0577665,0.318555,0.483538,0.216278,0.442079,0.442079,0,0,-0.00436048,0.035272,0.946676,0.790141,0.0136976,0.0248615,0.00209081,0.00113738,0.528847,0.0137665,-6.57763,-7.52222,14.9468,0.547876,1.05121,-16.9367,-0.909091,-0.1653,1.95721,0.791667,11,0,0,42.75,26.4167,0,-11.2544,0.0001,-0.00106719,0.130727,1.62069,0.122402,56396,0.114454,55.41,1.65987
828,0.446502,0.4151,0.0183345,0.0131169,0.652352,0.373548,0.856384,0.447948,0.0268639,0.0474603,0.0179406,0.195807,0.0108247,0,0.236421,0.108512,4.68784,0.0632186,0.298911,0.0872011,0.827969,6.7281,0.953225,0.940596,0.0584663,0.317681,0.477785,0.214829,0.417694,0.417694,0,0,-0.0043639,0.03572,0.94498,0.789291,0.0138576,0.025162,0.00233025,0.00131657,0.532795,0.0137581,-6.3109,-7.76856,15.1466,0.548179,1.06248,-16.671,-0.909091,-0.16352,1.91922,0.333333,11.7083,0,0,40.5417,25.9583,0,-11.2561,0.0001,-0.00114015,0.135359,1.58778,0.129385,57247,0.114471,54.93,1.76399
829,0.450566,0.415111,0.0183311,0.0130982,0.656097,0.374388,0.85651,0.448213,0.0268032,0.0462846,0.0179218,0.197496,0.0106415,0,0.23875,0.109111,4.69875,0.0618765,0.300687,0.0865927,0.827589,6.72368,0.95262,0.940607,0.0577924,0.314002,0.482172,0.217304,0.418727,0.418727,0,0,-0.00435616,0.0352762,0.945772,0.790931,0.0137289,0.0250419,0.00211849,0.00117781,0.531807,0.0137081,-6.46705,-7.60759,15.1118,0.545039,1.05525,-16.7907,-0.909091,-0.164256,1.91856,0.375,11.7083,0,0,40.25,27.2083,0,-11.2556,0.0001,-0.000996897,0.135447,1.63888,0.129046,55604,0.114492,54.84,1.88959
830,0.450512,0.42074,0.0183326,0.0126302,0.654983,0.379042,0.856516,0.454556,0.0267676,0.0466763,0.017887,0.196227,0.0106821,0,0.237319,0.110927,4.69708,0.0621084,0.298938,0.0866547,0.829621,6.72613,0.95244,0.940602,0.0583261,0.321715,0.482215,0.215718,0.445466,0.445466,0,0,-0.00436184,0.0349355,0.945633,0.789228,0.0137771,0.0250502,0.00230753,0.00127678,0.531437,0.0137209,-6.36098,-7.67605,15.1457,0.546125,1.0607,-16.7084,-0.909091,-0.164066,1.94513,0.541667,11.9583,0,0,42.125,26.2083,0,-11.256,0.0001,-0.000899034,0.130463,1.71627,0.123156,53442,0.1145,56.03,1.98181
831,0.449511,0.414933,0.0183536,0.0129671,0.655724,0.375151,0.855767,0.446114,0.027127,0.0453277,0.0181445,0.197383,0.0106964,0,0.238363,0.107915,4.71969,0.0623141,0.300163,0.0868231,0.829568,6.72526,0.951606,0.940534,0.0587128,0.325838,0.479993,0.217252,0.40973,0.40973,0,0,-0.00430518,0.0363001,0.946566,0.78619,0.0139941,0.0253427,0.00224607,0.00125352,0.531532,0.0140051,-6.46252,-7.23864,15.2777,0.538192,1.05897,-16.9481,-0.909091,-0.163992,1.91735,0.458333,10.6667,0,0,41.5,25.3333,0,-11.2563,0.0001,-0.000738282,0.132083,1.7533,0.127797,52258,0.114516,54.03,1.68309
832,0.447453,0.41649,0.0183194,0.013037,0.653252,0.375344,0.855858,0.451424,0.0268902,0.0457617,0.0179859,0.196347,0.0106145,0.000586854,0.237539,0.109762,4.70695,0.0619887,0.299536,0.0863624,0.829729,6.72958,0.952612,0.940645,0.058515,0.32254,0.481141,0.215945,0.421149,0.421149,0,0,-0.00430503,0.0366323,0.94672,0.789242,0.0138174,0.0251215,0.0024322,0.00136453,0.532088,0.0138657,-6.38685,-7.37879,15.1448,0.5416,1.0559,-16.9215,-0.909091,-0.163697,1.92394,0.458333,10.75,0,0,42.25,24.8333,0.0416667,-11.254,0.0001,-5.90466e-05,0.129649,1.68587,0.125034,54284,0.114551,55.63,1.83706
833,0.449427,0.420817,0.0183018,0.0128257,0.655635,0.378174,0.857143,0.452491,0.0268376,0.046068,0.0179386,0.19558,0.0106668,0,0.23724,0.109705,4.68504,0.0624397,0.299707,0.086631,0.828586,6.7312,0.952493,0.940702,0.0580689,0.317286,0.480189,0.215314,0.420456,0.420456,0,0,-0.00435015,0.0352878,0.94595,0.789577,0.0137694,0.0250416,0.00223935,0.0012944,0.533093,0.0137622,-6.52343,-7.57778,15.0687,0.545433,1.05814,-16.8493,-0.909091,-0.164578,1.94722,0.333333,11.5417,0,0,41.5,26.2917,0,-11.2525,0.0001,-0.00121962,0.134706,1.59974,0.125326,56985,0.11457,54.19,1.89676
834,0.450548,0.416642,0.0182679,0.0129746,0.654316,0.374621,0.857269,0.447432,0.0271183,0.0444746,0.0181498,0.195709,0.0105612,0,0.23775,0.108259,4.70076,0.0615885,0.300278,0.0866451,0.830207,6.73078,0.952381,0.940812,0.0581094,0.318894,0.480483,0.215664,0.410359,0.410359,0,0,-0.00429847,0.0357933,0.947655,0.787351,0.0139084,0.0252484,0.00216978,0.00125314,0.531757,0.0140556,-6.61279,-7.07779,15.1549,0.538597,1.05133,-17.1397,-0.909091,-0.164426,1.92876,0.291667,9.45833,0,0,42.8333,27,0,-11.2533,0.0001,-0.000927895,0.131458,1.64289,0.124142,55632,0.114584,55.67,1.90726
835,0.448767,0.417701,0.0183243,0.0129302,0.655155,0.377189,0.856159,0.450107,0.0274319,0.0437949,0.0183505,0.197389,0.0106541,0,0.23909,0.109208,4.69283,0.0608439,0.300638,0.0873389,0.831089,6.72686,0.952258,0.940629,0.0583726,0.323141,0.480327,0.21745,0.421118,0.421118,0,0,-0.00426238,0.0361288,0.947995,0.78334,0.0141798,0.0255749,0.00228282,0.00127382,0.530808,0.0142878,-6.57064,-6.835,15.3071,0.534577,1.05636,-17.202,-0.909091,-0.164158,1.93106,0.583333,9.16667,0,0,43.5833,26.0417,0,-11.2534,0.0001,-0.00104718,0.130369,1.61564,0.124361,56496,0.114596,55.15,1.78077
836,0.448278,0.415959,0.0182908,0.0130614,0.653946,0.374471,0.856059,0.44934,0.0270744,0.0443622,0.0181298,0.195711,0.0105574,0,0.237716,0.108851,4.71235,0.0620495,0.299147,0.086699,0.829021,6.72429,0.951183,0.940738,0.0582,0.323454,0.480242,0.215866,0.409576,0.409576,0,0,-0.00428598,0.0354238,0.947872,0.786789,0.013938,0.0252167,0.00237318,0.00136753,0.532547,0.0140718,-6.60594,-7.05111,15.139,0.538382,1.04675,-17.1356,-0.909091,-0.164083,1.92297,0.458333,9.08333,0,0,42.3333,25.875,0.0833333,-11.2536,0.0001,-0.00109271,0.134619,1.6998,0.129172,53748,0.114615,56,1.77325
837,0.448465,0.421252,0.0183086,0.0127522,0.65402,0.379387,0.856046,0.455655,0.027374,0.043429,0.0183489,0.196307,0.0106236,0,0.238362,0.111528,4.69151,0.0611335,0.300132,0.086955,0.831258,6.72719,0.951662,0.94068,0.0588063,0.333267,0.481419,0.216765,0.433441,0.433441,0,0,-0.00425149,0.0358489,0.948777,0.783725,0.0141386,0.025436,0.00232483,0.00132225,0.53178,0.0143392,-6.6422,-6.72058,15.2122,0.53457,1.04487,-17.3299,-0.909091,-0.163975,1.9468,0.375,8.16667,0,0,44.5417,25.3333,0,-11.2538,0.0001,-0.00125944,0.133891,1.63615,0.127864,55727,0.114622,55.46,1.93962
838,0.447921,0.415854,0.0182749,0.012991,0.652975,0.374171,0.856082,0.449192,0.0272622,0.0440596,0.0182494,0.19622,0.0106918,0,0.238106,0.108792,4.6942,0.0615651,0.300009,0.0873103,0.828377,6.72355,0.951672,0.940789,0.05839,0.325919,0.479604,0.216147,0.419532,0.419532,0,0,-0.0042767,0.0359545,0.947679,0.786052,0.0140367,0.0254217,0.00224498,0.0012812,0.531628,0.0141731,-6.58521,-6.98066,15.1959,0.537857,1.05568,-17.1583,-0.909091,-0.163974,1.92181,0.541667,9.45833,0,0,44,25.5417,0,-11.2543,0.0001,-0.00110239,0.131709,1.65023,0.133498,55111,0.114659,55.58,1.77957
839,0.447978,0.417376,0.0184075,0.0131253,0.655987,0.377586,0.856201,0.449584,0.0271163,0.0452162,0.0181212,0.197475,0.0106709,0,0.237488,0.109016,4.68808,0.0625386,0.300078,0.0869462,0.828961,6.7194,0.952028,0.940359,0.0586462,0.322687,0.478717,0.21688,0.412623,0.412623,0,0,-0.00432323,0.0356811,0.946913,0.78581,0.0139896,0.0253413,0.00243008,0.00137639,0.532708,0.0139815,-6.44196,-7.25287,15.2546,0.537179,1.0584,-16.9421,-0.909091,-0.163708,1.92774,0.583333,10.5417,0,0,42.25,25,0,-11.2537,0.0001,-0.00102284,0.137049,1.69359,0.137753,53678,0.114677,56.32,1.88452
840,0.445567,0.413926,0.0182937,0.0131366,0.652247,0.372037,0.856155,0.448577,0.0271085,0.0447189,0.0181413,0.19577,0.010652,0,0.237564,0.108309,4.67485,0.0626702,0.299959,0.0868884,0.830015,6.72637,0.951929,0.940728,0.058351,0.324058,0.478686,0.215603,0.412403,0.412403,0,0,-0.00430018,0.0358134,0.947223,0.786717,0.0139629,0.0252684,0.00228092,0.00130833,0.531727,0.0140574,-6.57172,-7.14708,15.1594,0.540092,1.05263,-17.0733,-0.909091,-0.163757,1.91461,0.458333,9.91667,0,0,42.875,25.9583,0,-11.2568,0.0001,-0.000805197,0.132414,1.7242,0.133055,52929,0.114669,55.6,1.90783
841,0.447156,0.419043,0.0182398,0.0128457,0.653994,0.376426,0.856467,0.455965,0.0269896,0.0447961,0.0180775,0.195055,0.0106177,0,0.237528,0.111281,4.68281,0.0618642,0.299114,0.0865218,0.830084,6.72881,0.951674,0.940903,0.0579078,0.317514,0.483485,0.215103,0.433673,0.433673,0,0,-0.0043219,0.0345926,0.947447,0.788547,0.0138488,0.0250824,0.00228564,0.00133583,0.532943,0.0139463,-6.6114,-7.17162,15.0769,0.541695,1.04918,-17.0734,-0.909091,-0.164471,1.93804,0.583333,9.625,0,0,41.2083,26.3333,0,-11.2581,0.0001,-0.000600388,0.121775,1.68567,0.13095,54113,0.114695,55.79,1.94396
842,0.450293,0.422584,0.0182962,0.0125946,0.654476,0.380221,0.856217,0.457194,0.026959,0.044991,0.0180383,0.195789,0.0105996,0,0.237886,0.111696,4.69726,0.0627166,0.299548,0.086432,0.830757,6.73558,0.952676,0.94072,0.0584724,0.322355,0.482957,0.216098,0.45175,0.45175,0,0,-0.0043199,0.0342673,0.947365,0.787092,0.0138892,0.0251178,0.00228014,0.00131704,0.533328,0.0139572,-6.57372,-7.23491,15.1165,0.540678,1.04889,-17.026,-0.909091,-0.164256,1.95286,0.375,9.83333,0,0,43.1667,25.2917,0,-11.2567,0.0001,-0.000879187,0.135945,1.67907,0.121681,54590,0.114727,55.13,1.88206
843,0.446998,0.416519,0.0183096,0.0129982,0.654421,0.375043,0.856381,0.450829,0.0270612,0.0448824,0.0180859,0.195922,0.0106723,0,0.237685,0.109422,4.69369,0.0625531,0.300191,0.0867492,0.830673,6.72646,0.951801,0.940677,0.0582276,0.318483,0.481306,0.215877,0.415132,0.415132,0,0,-0.00431944,0.0353747,0.947134,0.786936,0.013916,0.0252203,0.0023063,0.00132414,0.532215,0.0139665,-6.57309,-7.21664,15.1837,0.538643,1.04917,-16.9965,-0.909091,-0.164116,1.92567,0.583333,10.0833,0,0,42.5,26.5,0,-11.256,0.0001,-0.00109079,0.131569,1.65565,0.129047,55081,0.114761,54.97,1.80706
844,0.447974,0.415118,0.0183391,0.0129812,0.653668,0.374772,0.856736,0.449898,0.0269651,0.0456604,0.0180248,0.19549,0.0105803,0,0.236205,0.109672,4.70359,0.0623454,0.299208,0.0862388,0.829849,6.72929,0.952305,0.940581,0.0582949,0.317353,0.480383,0.215148,0.417289,0.417289,0,0,-0.00433688,0.0347901,0.946565,0.788493,0.0138083,0.0251684,0.00223998,0.0012573,0.531325,0.0137751,-6.53474,-7.36874,15.1426,0.541509,1.05948,-16.9489,-0.909091,-0.163618,1.92105,0.333333,10.9583,0,0,41.125,25.375,0,-11.2534,0.0001,-0.00111111,0.132809,1.6485,0.129367,55293,0.114794,56.28,1.88783
845,0.449033,0.417307,0.0182275,0.0129231,0.654215,0.374702,0.85586,0.452152,0.0266815,0.0455807,0.0178507,0.195643,0.0105379,0.000527426,0.238247,0.109941,4.68224,0.0634784,0.300056,0.0860006,0.82924,6.73814,0.953144,0.940927,0.057563,0.311195,0.482826,0.2156,0.417701,0.417701,0,0,-0.00435099,0.0354396,0.946763,0.79162,0.0136702,0.0248539,0.00234636,0.00140098,0.534495,0.0137009,-6.5024,-7.48732,14.9995,0.545573,1.04287,-16.8969,-0.908611,-0.164709,1.92803,0.708333,10.3333,0,0,41.1667,27.2917,0.0416667,-11.2519,0.0001,-0.00116656,0.125929,1.70084,0.125569,53823,0.114818,55.96,1.84697
846,0.447028,0.415054,0.0182348,0.0131815,0.651555,0.37232,0.855837,0.451846,0.0271043,0.0451575,0.0181486,0.194978,0.0107044,0,0.236945,0.109923,4.6887,0.062521,0.298533,0.0871967,0.828167,6.73131,0.952488,0.940919,0.0581699,0.315104,0.48194,0.214427,0.410906,0.410906,0,0,-0.00431992,0.0347256,0.946618,0.787529,0.0139562,0.0252863,0.00227528,0.00128864,0.531512,0.0140041,-6.51762,-7.2497,15.1385,0.542875,1.05692,-17.0193,-0.909091,-0.163997,1.91815,0.416667,10.125,0,0,41.125,26.2083,0,-11.2523,0.0001,-0.00108142,0.133913,1.63566,0.130541,55658,0.114829,54.76,1.82532
847,0.448512,0.419707,0.0182696,0.0127362,0.654632,0.377825,0.85645,0.453062,0.026637,0.0457849,0.0178136,0.196149,0.010562,0,0.238236,0.11015,4.70089,0.0627974,0.299895,0.0858523,0.830458,6.73779,0.953383,0.940791,0.0576386,0.315965,0.482363,0.215983,0.423579,0.423579,0,0,-0.00434279,0.0353534,0.946821,0.79058,0.0136733,0.0248668,0.00241778,0.001373,0.533331,0.0136824,-6.40733,-7.50614,15.0687,0.543415,1.04661,-16.8361,-0.908605,-0.164418,1.94054,0.458333,10.75,0,0,40.9167,26.7917,0.0416667,-11.2532,0.0001,-0.00088706,0.13298,1.62578,0.131004,55956,0.114865,55.25,1.82167
848,0.447917,0.417103,0.0183656,0.0130174,0.654794,0.376452,0.856441,0.451085,0.0267663,0.0456124,0.0178774,0.197948,0.0107506,0,0.238754,0.109585,4.70513,0.0627027,0.300754,0.0862277,0.829395,6.72644,0.952209,0.940495,0.0582915,0.31768,0.480018,0.21767,0.417276,0.417276,0,0,-0.00433233,0.03558,0.946008,0.788347,0.0138085,0.0250281,0.00230423,0.00126634,0.530398,0.0137396,-6.48594,-7.54585,15.1722,0.540593,1.05363,-16.7846,-0.909091,-0.163796,1.92786,0.541667,11.25,0,0,43.3333,25.3333,0.0416667,-11.2522,0.0001,-0.00104472,0.135389,1.63924,0.125389,55708,0.114876,56.05,1.88912
849,0.446348,0.408138,0.0184417,0.0133232,0.655579,0.369121,0.85701,0.439561,0.026946,0.0457639,0.017999,0.198425,0.0106665,0,0.238127,0.106254,4.70727,0.0629512,0.300897,0.0864623,0.828823,6.72474,0.952848,0.940249,0.0582602,0.317687,0.478153,0.217795,0.395834,0.395834,0,0,-0.00433699,0.0345698,0.946366,0.786322,0.0139003,0.0252212,0.0023284,0.00124865,0.530473,0.0138456,-6.39774,-7.45367,15.278,0.538152,1.05809,-16.8096,-0.909091,-0.163385,1.88982,0.333333,11.25,0,0,41.1667,24.125,0,-11.2544,0.0001,-0.0011018,0.135605,1.68028,0.129613,54314,0.114879,55.21,1.79725
850,0.448613,0.418904,0.0183486,0.0125631,0.653998,0.377241,0.856,0.453201,0.0268672,0.0457893,0.0179712,0.196247,0.010676,0,0.237103,0.110615,4.69795,0.0636683,0.29971,0.086544,0.829172,6.72991,0.952518,0.940551,0.0584428,0.323012,0.480959,0.21573,0.441773,0.441773,0,0,-0.00434508,0.0356128,0.946591,0.788625,0.0137957,0.0250908,0.0023725,0.00134642,0.532919,0.0137855,-6.38183,-7.45191,15.1724,0.541181,1.05666,-16.8584,-0.909091,-0.163765,1.9346,0.791667,11.8333,0,0,44.25,25.625,0,-11.2552,0.0001,-0.000778409,0.133132,1.63374,0.132595,55654,0.114891,54.94,1.77704
851,0.451996,0.421204,0.018314,0.0124948,0.65578,0.37929,0.856713,0.454382,0.0265953,0.046523,0.0177723,0.196443,0.0105814,0,0.237897,0.111519,4.68848,0.0633995,0.300202,0.086146,0.830708,6.73303,0.953315,0.940663,0.057955,0.313904,0.484476,0.216161,0.439197,0.439197,0,0,-0.00439183,0.0345338,0.946262,0.791306,0.0136039,0.0248415,0.00223895,0.00125419,0.532366,0.0135752,-6.36812,-7.71383,15.0426,0.54561,1.05329,-16.7508,-0.909091,-0.164416,1.94622,0.5,11.0833,0,0,39.875,24.8333,0,-11.2547,0.0001,-0.00115494,0.135915,1.77485,0.130364,51597,0.11492,55.03,1.88905
852,0.447284,0.416964,0.0183172,0.0130702,0.65338,0.375072,0.855969,0.451956,0.0266867,0.0469044,0.0178371,0.196751,0.0107077,0,0.237787,0.109998,4.70001,0.0646239,0.300103,0.0863879,0.828494,6.72247,0.953424,0.940652,0.0582402,0.31529,0.480855,0.216055,0.423725,0.423725,0,0,-0.00437479,0.0347334,0.945329,0.789729,0.0137197,0.0249727,0.00225851,0.00124788,0.532147,0.0136123,-6.37036,-7.78503,15.1309,0.545258,1.05886,-16.6702,-0.909091,-0.163857,1.92754,0.708333,12.25,0,0,41.0833,25.7083,0,-11.2523,0.0001,-0.000846858,0.136419,1.70305,0.126382,53734,0.114968,56.15,1.84863
853,0.44985,0.417679,0.0183269,0.0127477,0.655408,0.376544,0.856469,0.451212,0.0266965,0.0465827,0.0178412,0.196,0.0106257,0,0.237263,0.110387,4.68652,0.0640746,0.300035,0.0861881,0.832181,6.72771,0.952459,0.940621,0.0583274,0.314448,0.482866,0.215512,0.430071,0.430071,0,0,-0.00439982,0.0337018,0.945843,0.789517,0.0136716,0.0249324,0.0021722,0.00120492,0.530442,0.01361,-6.43174,-7.74208,15.0732,0.544832,1.05825,-16.7456,-0.909091,-0.164325,1.93013,0.625,11.8333,0,0,42.25,24.1667,0,-11.2498,0.0001,-0.000945837,0.137175,1.68967,0.131752,53971,0.115002,53.67,1.61457
854,0.449134,0.417637,0.018362,0.0129815,0.655998,0.37686,0.856891,0.450621,0.0268618,0.0464975,0.0179442,0.197539,0.0107747,0,0.238037,0.109651,4.68544,0.0640281,0.30075,0.0867788,0.828943,6.72537,0.952965,0.940507,0.058049,0.313277,0.481114,0.216748,0.420972,0.420972,0,0,-0.00437841,0.0342156,0.945867,0.788075,0.0138376,0.0251459,0.0023398,0.00130436,0.531703,0.0137389,-6.38201,-7.63343,15.165,0.543548,1.05956,-16.7354,-0.909091,-0.164145,1.93097,0.333333,11.875,0,0,41.8333,26.0833,0,-11.2482,0.0001,-0.000924417,0.133905,1.69436,0.128767,53920,0.115036,54.75,1.94761
855,0.451241,0.417828,0.018331,0.0126901,0.65593,0.376528,0.856528,0.45126,0.0266715,0.0470132,0.0178071,0.196855,0.0106593,0,0.237682,0.110631,4.70517,0.0636026,0.300533,0.0864694,0.828761,6.72976,0.953068,0.940608,0.0583701,0.317086,0.482927,0.216279,0.436604,0.436604,0,0,-0.0043903,0.0342057,0.945779,0.790919,0.0136421,0.0249697,0.00222513,0.00123796,0.53274,0.0135529,-6.28658,-7.79332,15.0945,0.546043,1.06354,-16.6889,-0.909091,-0.164277,1.93131,0.416667,11.7083,0,0,41.125,25,0,-11.2457,0.0001,-0.00115694,0.133078,1.68728,0.120728,54371,0.115081,54.73,2.08796
856,0.449741,0.421395,0.0183512,0.0125219,0.654714,0.379869,0.857113,0.456633,0.0265146,0.0466307,0.0177251,0.195611,0.0106101,0,0.236743,0.11213,4.69475,0.063543,0.299104,0.0860859,0.831794,6.73393,0.953651,0.940542,0.0584036,0.316559,0.483964,0.215485,0.452006,0.452006,0,0,-0.00439976,0.0333308,0.945591,0.791146,0.013612,0.0247802,0.00214884,0.0011698,0.531522,0.013536,-6.44119,-7.78705,15.039,0.54691,1.05295,-16.6823,-0.909091,-0.163865,1.94904,0.541667,11.2917,0,0,41.375,25.8333,0,-11.2433,0.0001,-0.000926618,0.137494,1.65672,0.12948,55035,0.115108,57.72,2.24909
857,0.449785,0.418394,0.0182556,0.0129955,0.654332,0.376211,0.857449,0.455149,0.0266115,0.0460201,0.0178126,0.194886,0.0106264,0,0.237087,0.111344,4.69119,0.0631906,0.299425,0.0857546,0.830009,6.74648,0.954668,0.940852,0.0580295,0.312956,0.484396,0.214657,0.425117,0.425117,0,0,-0.00438509,0.0335531,0.946556,0.7913,0.0136215,0.0247932,0.00216255,0.00120886,0.533203,0.0136283,-6.40522,-7.62642,14.9908,0.546218,1.04792,-16.8168,-0.909091,-0.164552,1.9365,0.708333,11.2083,0,0,41.875,27.1667,0,-11.2431,0.0001,-0.00116815,0.126933,1.62735,0.12992,55941,0.115133,56.47,1.9455
858,0.448222,0.422085,0.018341,0.0127718,0.652321,0.380474,0.856751,0.458161,0.0265149,0.0472523,0.0177216,0.195273,0.010694,0,0.235656,0.112152,4.69187,0.0644746,0.299121,0.0858219,0.831634,6.72732,0.953584,0.940575,0.0579075,0.313613,0.483256,0.21451,0.441671,0.441671,0,0,-0.00441261,0.0332329,0.945123,0.790653,0.0136187,0.0248367,0.00228121,0.00123305,0.531653,0.0134683,-6.32725,-7.91162,15.1353,0.545119,1.0559,-16.5592,-0.909091,-0.163343,1.95076,0.333333,12.2083,0,0,40,24.0833,0,-11.2419,0.0001,-0.0010712,0.140335,1.63545,0.121486,55952,0.115162,54.9,1.93437
859,0.44647,0.414024,0.0183359,0.0130669,0.65445,0.372728,0.857117,0.45273,0.0267102,0.0464639,0.0178605,0.195637,0.0106957,0,0.236677,0.110797,4.69887,0.0645561,0.299519,0.0862226,0.831008,6.73376,0.952845,0.940592,0.0582143,0.316529,0.4821,0.215337,0.436295,0.436295,0,0,-0.00438527,0.0326589,0.946329,0.789634,0.0136974,0.0249178,0.00221587,0.00122522,0.531868,0.0136482,-6.42244,-7.62122,15.0727,0.544691,1.05058,-16.7841,-0.909091,-0.163871,1.91589,0.5,11.5,0,0,43.6667,26.875,0,-11.241,0.0001,-0.000958582,0.132347,1.65447,0.129169,55114,0.115186,55.82,1.93648
860,0.451281,0.422541,0.0183512,0.0127922,0.657793,0.38137,0.856946,0.454375,0.0269551,0.045087,0.0180286,0.196916,0.0106391,0,0.238345,0.110989,4.68851,0.063365,0.300778,0.0863684,0.833139,6.73403,0.952948,0.940542,0.0583394,0.32013,0.482512,0.217005,0.427995,0.427995,0,0,-0.00432858,0.0337966,0.947241,0.7867,0.0138846,0.0251337,0.00218283,0.00118825,0.531184,0.013867,-6.49156,-7.23039,15.2238,0.537375,1.05122,-16.9661,-0.909091,-0.164517,1.95373,0.5,9.75,0,0,41.1667,23.5833,0,-11.2403,0.0001,-0.00110117,0.134897,1.62812,0.125859,56046,0.115205,54.6,1.92757
861,0.450673,0.421009,0.018235,0.0126492,0.655837,0.377347,0.857364,0.458146,0.0265053,0.0462097,0.0177337,0.196484,0.0105808,0,0.239193,0.112467,4.66822,0.0639632,0.300941,0.0856922,0.832098,6.74064,0.953313,0.940919,0.0577676,0.312596,0.485515,0.216477,0.445596,0.445596,0,0,-0.00439725,0.0336288,0.946203,0.792125,0.0135686,0.0246986,0.00221374,0.00126215,0.532673,0.0135595,-6.45495,-7.75667,14.9283,0.548772,1.04629,-16.7916,-0.909091,-0.165135,1.94941,0.208333,11.75,0,0,42.625,26.4167,0,-11.2414,0.0001,-0.00121148,0.130617,1.63835,0.121149,55870,0.115211,54.94,1.69721
862,0.44946,0.422174,0.0181907,0.012783,0.652066,0.377751,0.856873,0.46027,0.0268467,0.0455361,0.0179825,0.194205,0.0106845,0,0.23689,0.112948,4.66273,0.0641573,0.299688,0.0863304,0.833443,6.72995,0.952624,0.941047,0.0583117,0.316795,0.485123,0.213938,0.443075,0.443075,0,0,-0.00435091,0.0342706,0.946657,0.788807,0.0137936,0.0249756,0.0022053,0.00125425,0.532296,0.0138056,-6.49352,-7.39537,15.0661,0.543615,1.04834,-16.9567,-0.908623,-0.164473,1.95313,0.666667,10.7917,0,0,43.25,24.2083,0.0416667,-11.243,0.0001,-0.00117033,0.128235,1.64619,0.12906,55374,0.115223,55.22,2.00289
863,0.450817,0.421387,0.0183261,0.0127885,0.656849,0.378923,0.857277,0.452059,0.0269748,0.0458722,0.0180181,0.197354,0.0107548,0,0.238469,0.109899,4.67693,0.0639068,0.301446,0.0866828,0.83097,6.72591,0.952455,0.940608,0.0584918,0.320263,0.480383,0.21669,0.419921,0.419921,0,0,-0.00434575,0.0342437,0.946142,0.787388,0.0138658,0.0251925,0.0022896,0.0012817,0.530956,0.0137842,-6.40675,-7.49214,15.2061,0.54195,1.06111,-16.8318,-0.908629,-0.164737,1.94991,0.541667,10.75,0,0,42.375,24.375,0.0416667,-11.2416,0.0001,-0.000833456,0.13386,1.62829,0.126794,56011,0.115253,54.17,1.78331
864,0.448375,0.424207,0.0182474,0.0125134,0.653765,0.380816,0.857306,0.463552,0.0264822,0.0466761,0.0177311,0.194291,0.0106071,0,0.236469,0.114222,4.679,0.0645695,0.298624,0.0855455,0.833415,6.74234,0.95419,0.940878,0.0574021,0.312064,0.485857,0.214069,0.463408,0.463408,0,0,-0.00439403,0.0332992,0.946161,0.792275,0.0135931,0.0246618,0.00238498,0.0013551,0.534133,0.013544,-6.34258,-7.74225,14.9572,0.549518,1.0446,-16.7526,-0.909091,-0.164439,1.96249,0.458333,11.1667,0,0,40.75,26.9167,0,-11.2386,0.0001,-0.00108855,0.133324,1.58029,0.121304,57771,0.115287,55.94,2.06312
865,0.447219,0.415708,0.0183726,0.0132662,0.653876,0.374883,0.856735,0.450238,0.0267962,0.0460536,0.0178962,0.195929,0.0107058,0,0.236456,0.109602,4.65855,0.0639355,0.299993,0.0862891,0.831258,6.72892,0.953251,0.940473,0.0579154,0.317206,0.48017,0.215231,0.408646,0.408646,0,0,-0.00438574,0.0336681,0.945406,0.788397,0.0137859,0.0250586,0.00221963,0.00121006,0.531416,0.0136656,-6.44998,-7.68869,15.1782,0.543523,1.0606,-16.7133,-0.909091,-0.163647,1.92183,0.625,12.4583,0,0,41.0833,24.8333,0,-11.2372,0.0001,-0.00091654,0.13269,1.60417,0.130997,56653,0.115314,55,1.9006
866,0.449338,0.422608,0.0182977,0.0126656,0.653517,0.380152,0.857855,0.460601,0.0265858,0.0458906,0.0177861,0.194735,0.0105681,0,0.236165,0.113475,4.65499,0.0633282,0.299243,0.0856716,0.831738,6.73754,0.953899,0.940715,0.0575242,0.30951,0.485444,0.214498,0.457505,0.457505,0,0,-0.00439162,0.0335749,0.946378,0.790618,0.0136556,0.0247638,0.00231838,0.00133468,0.533774,0.0135867,-6.35534,-7.66022,15.0391,0.545034,1.04632,-16.7819,-0.909091,-0.163969,1.9572,0.5,11.25,0,0,40.9583,26.75,0,-11.2375,0.0001,-0.00122089,0.130538,1.65334,0.128287,55176,0.115337,55.93,1.93593
867,0.447744,0.416066,0.0183135,0.0129887,0.653809,0.374455,0.857008,0.450903,0.0266592,0.0466926,0.0177945,0.19514,0.0107634,0,0.236295,0.109634,4.69833,0.0649192,0.299873,0.0865627,0.830112,6.73145,0.95361,0.940664,0.0577122,0.307137,0.48094,0.214522,0.419308,0.419308,0,0,-0.0044073,0.0334556,0.94476,0.790653,0.0136693,0.0249502,0.00212552,0.00118155,0.531611,0.013518,-6.46444,-7.87367,15.1133,0.546442,1.06266,-16.6433,-0.909091,-0.164025,1.92503,0.541667,12.5417,0,0,39.4167,25.75,0,-11.2361,0.0001,-0.00105119,0.135796,1.64373,0.129131,55449,0.115375,56.36,2.09027
868,0.449305,0.421271,0.0183095,0.0127749,0.656299,0.379028,0.857132,0.455183,0.0266375,0.0462763,0.0178103,0.195238,0.0106779,0,0.236488,0.111524,4.6626,0.0642345,0.300002,0.0862473,0.83255,6.73357,0.953225,0.940677,0.0574703,0.311694,0.483952,0.214827,0.426357,0.426357,0,0,-0.0044101,0.0328396,0.945621,0.791192,0.0136535,0.024855,0.00216756,0.00120954,0.531938,0.0135476,-6.40519,-7.72276,15.0849,0.545592,1.05269,-16.7125,-0.909091,-0.164531,1.94853,0.541667,11.8333,0,0,41.2083,26.375,0,-11.2323,0.0001,-0.00101947,0.130246,1.65748,0.129274,55018,0.11542,55.37,1.93973
869,0.446976,0.420954,0.0183263,0.012666,0.652667,0.379334,0.857173,0.458672,0.0267785,0.0457478,0.0179003,0.19454,0.0106284,0,0.235487,0.112334,4.64864,0.0632141,0.299284,0.0862685,0.833854,6.73711,0.953735,0.940623,0.0579197,0.315739,0.482887,0.214174,0.446995,0.446995,0,0,-0.00437687,0.0330717,0.946276,0.78885,0.0137458,0.0249663,0.00227164,0.0012706,0.532646,0.013679,-6.48214,-7.55627,15.1211,0.542583,1.05388,-16.8366,-0.909091,-0.163459,1.94826,0.416667,11.0833,0,0,41.75,24.5417,0,-11.2301,0.0001,-0.00115008,0.130474,1.61196,0.129478,56449,0.115448,55.8,1.95876
870,0.44823,0.419367,0.0183086,0.0128255,0.654428,0.377886,0.856653,0.456227,0.0267428,0.0457425,0.0178909,0.195149,0.0106504,0,0.236371,0.111521,4.69004,0.0641215,0.29942,0.08615,0.833268,6.72902,0.952945,0.94068,0.0578189,0.316766,0.483912,0.214791,0.437246,0.437246,0,0,-0.00437909,0.033235,0.946378,0.788739,0.0137635,0.0249347,0.00225336,0.00124468,0.531085,0.0136803,-6.41993,-7.56066,15.0946,0.5436,1.05373,-16.816,-0.909091,-0.163988,1.93868,0.25,11.5417,0,0,43.25,25.8333,0,-11.2291,0.0001,-0.0011912,0.132034,1.64169,0.128423,55535,0.115491,54.99,1.81425
871,0.449118,0.425008,0.0183418,0.012506,0.656589,0.38281,0.85679,0.461077,0.0265999,0.0461912,0.0177922,0.195398,0.0106484,0,0.236518,0.113492,4.6709,0.0641458,0.300162,0.0857004,0.834423,6.73678,0.953694,0.940572,0.0574921,0.313054,0.483408,0.215076,0.453592,0.453592,0,0,-0.0043891,0.0325202,0.946018,0.79016,0.0136938,0.0248145,0.00227533,0.00127566,0.533107,0.0135773,-6.38516,-7.6614,15.0648,0.546072,1.05069,-16.7329,-0.909091,-0.16447,1.9641,0.5,11.25,0,0,41.4167,25.5417,0,-11.2264,0.0001,-0.000961308,0.128449,1.62117,0.132395,56059,0.115514,54.27,2.05074
872,0.448929,0.421736,0.0183121,0.0126338,0.65391,0.379495,0.856239,0.456271,0.0267071,0.0457076,0.0178616,0.19537,0.0106366,0,0.236856,0.111361,4.68273,0.0650729,0.300136,0.0860382,0.833456,6.73198,0.95265,0.940669,0.0581635,0.320913,0.482462,0.215177,0.438435,0.438435,0,0,-0.00436759,0.0336386,0.946445,0.789403,0.0137183,0.0248842,0.00221141,0.00122716,0.531191,0.0136771,-6.50914,-7.51841,15.0689,0.543744,1.04646,-16.8463,-0.909091,-0.164067,1.9497,0.416667,10.875,0,0,42.9167,24.0833,0,-11.228,0.0001,-0.0011306,0.133705,1.63209,0.12213,56038,0.115514,55.44,1.86429
873,0.443277,0.415329,0.0183167,0.0130268,0.650683,0.37358,0.856482,0.452186,0.0269539,0.045721,0.0180185,0.194688,0.0107331,0,0.235587,0.110101,4.67314,0.0645809,0.299747,0.0866918,0.835006,6.72276,0.952543,0.940637,0.0577302,0.31517,0.479731,0.214129,0.424129,0.424129,0,0,-0.00439002,0.0332602,0.946242,0.786603,0.0138699,0.0251498,0.00226779,0.00128474,0.531738,0.0137514,-6.46275,-7.45483,15.2175,0.540814,1.05908,-16.8482,-0.908586,-0.163154,1.92184,0.333333,11.4167,0,0,42.9583,24.1667,0.0416667,-11.2299,0.0001,-0.0013072,0.129895,1.63041,0.128663,55884,0.115516,55.37,2.07653
874,0.447253,0.416767,0.0183068,0.0130673,0.653841,0.375237,0.856346,0.45314,0.0269721,0.0449874,0.0180433,0.196248,0.0107128,0,0.237923,0.110926,4.68435,0.0643134,0.300708,0.0866387,0.832718,6.73318,0.953004,0.940686,0.0582149,0.321692,0.483397,0.216188,0.420266,0.420266,0,0,-0.00432946,0.0334512,0.947166,0.786972,0.0138736,0.0251292,0.00225713,0.00125581,0.532114,0.0138675,-6.52479,-7.27353,15.1709,0.5394,1.05031,-16.9771,-0.909091,-0.163948,1.92736,0.333333,10.4167,0,0,41.875,24.2917,0,-11.231,0.0001,-0.000907968,0.13514,1.62277,0.128521,56132,0.115529,53.9,1.72184
875,0.450781,0.42492,0.0183152,0.0122293,0.656709,0.382461,0.85716,0.461108,0.0270331,0.0450867,0.0180717,0.196299,0.0106941,0,0.237696,0.113312,4.67615,0.0640142,0.300632,0.0867006,0.833347,6.72692,0.952108,0.940659,0.0579304,0.318942,0.484469,0.215897,0.461775,0.461775,0,0,-0.00435701,0.0331079,0.946936,0.787019,0.0138748,0.0252032,0.00234914,0.00138228,0.532645,0.0138139,-6.43019,-7.34606,15.1808,0.540178,1.05934,-16.9383,-0.909091,-0.1647,1.96609,0.5,11.25,0,0,43.0833,25.75,0,-11.2294,0.0001,-0.000701837,0.131147,1.61566,0.121223,56597,0.115573,54.2,1.96838
876,0.452098,0.428482,0.0182278,0.0125979,0.656138,0.384373,0.857089,0.463396,0.0267387,0.0455653,0.0179033,0.195278,0.0105841,0,0.237656,0.113616,4.65805,0.0647109,0.300338,0.0859597,0.833655,6.73908,0.952968,0.940942,0.0572461,0.311758,0.4854,0.215024,0.440885,0.440885,0,0,-0.00438771,0.0328178,0.946913,0.790644,0.0136568,0.0248574,0.00232444,0.00139329,0.534167,0.0136337,-6.6012,-7.46676,14.9568,0.546243,1.04788,-16.9639,-0.909091,-0.165252,1.98188,0.208333,9.875,0,0,39.875,25.0833,0,-11.2273,0.0001,-0.000803418,0.135513,1.61499,0.131093,56299,0.115575,56.31,2.00486
877,0.449536,0.421739,0.0183232,0.0128257,0.65598,0.379864,0.857044,0.45646,0.0261536,0.0479602,0.0174666,0.195771,0.0105288,0,0.236962,0.11175,4.71013,0.0665548,0.299968,0.0853688,0.831417,6.74089,0.953856,0.940633,0.0572639,0.301211,0.483148,0.21512,0.431133,0.431133,0,0,-0.00444399,0.0334348,0.945215,0.795356,0.0133287,0.0244209,0.00249812,0.00149427,0.535599,0.0131582,-6.2888,-8.17171,14.8942,0.55202,1.04647,-16.4926,-0.909091,-0.164533,1.95098,0.25,12.5833,0,0,39.625,28.3333,0,-11.2281,0.0001,-0.000956362,0.134589,1.58864,0.128807,57238,0.115583,55.06,1.79622
878,0.446783,0.418529,0.0183113,0.0127884,0.652815,0.375737,0.855962,0.455311,0.0266571,0.0463618,0.0178189,0.194607,0.0106598,0,0.235968,0.111404,4.68216,0.0653616,0.298931,0.0861253,0.830879,6.73438,0.953039,0.940671,0.0582243,0.312096,0.481489,0.214165,0.440774,0.440774,0,0,-0.00439045,0.0342927,0.945946,0.79088,0.0136856,0.0248895,0.00244373,0.001462,0.53505,0.0135176,-6.3848,-7.66106,15.0857,0.545737,1.05383,-16.7355,-0.909091,-0.163932,1.9345,0.5,11.1667,0,0,39.5417,25.625,0.0416667,-11.2276,0.0001,-0.0010366,0.134407,1.61809,0.120445,56544,0.115594,56.24,1.81377
879,0.446545,0.414673,0.0183335,0.0130688,0.655879,0.373525,0.855873,0.449658,0.0264651,0.0479133,0.0176576,0.195716,0.0107113,0,0.236254,0.10919,4.6978,0.0668246,0.300034,0.0862769,0.830212,6.73311,0.952953,0.940599,0.056917,0.304436,0.480848,0.214656,0.42311,0.42311,0,0,-0.00444969,0.033514,0.944338,0.793922,0.01353,0.0247452,0.00228046,0.00134705,0.53447,0.0132935,-6.3323,-8.0736,15.0355,0.550425,1.05492,-16.4803,-0.909091,-0.164399,1.9156,0.5,12.9167,0,0,38.7917,27.4583,0.0416667,-11.2266,0.0001,-0.0010482,0.126766,1.624,0.128159,56104,0.115626,55.28,1.79763
880,0.452555,0.425224,0.0183432,0.0126987,0.657114,0.383555,0.856686,0.461291,0.026703,0.0463428,0.0178423,0.195996,0.010694,0,0.236701,0.113636,4.65913,0.0654757,0.299704,0.0864961,0.833815,6.73361,0.953248,0.940568,0.0579541,0.309351,0.485084,0.215342,0.446295,0.446295,0,0,-0.00443782,0.0320853,0.945904,0.790775,0.013663,0.0249153,0.00229947,0.00132613,0.533448,0.0135117,-6.39108,-7.73623,15.1138,0.544276,1.05255,-16.6798,-0.909091,-0.164484,1.96458,0.541667,12.125,0,0,40.9167,25.8333,0,-11.2227,0.0001,-0.00133315,0.136482,1.61468,0.129017,56376,0.115664,55.57,2.10732
881,0.447856,0.419801,0.0183239,0.0127447,0.6547,0.37679,0.856368,0.454686,0.0263165,0.0475888,0.0175776,0.19525,0.0106838,0,0.236476,0.111097,4.67107,0.0668167,0.299461,0.0859795,0.831328,6.73295,0.953276,0.94063,0.0577344,0.305765,0.480572,0.21463,0.447331,0.447331,0,0,-0.00443574,0.0342808,0.944645,0.7934,0.0134908,0.024585,0.0023177,0.0013403,0.533942,0.0132904,-6.40602,-8.10514,14.9806,0.550538,1.05008,-16.5012,-0.909091,-0.164413,1.94065,0.333333,12.4583,0,0,38.3333,26.25,0,-11.2204,0.0001,-0.00110654,0.139769,1.60152,0.120029,57102,0.115693,55.5,1.64882
882,0.450599,0.421075,0.01826,0.012468,0.654631,0.37748,0.855908,0.456289,0.0265705,0.0467001,0.0177568,0.195272,0.0106949,0,0.236956,0.11196,4.66878,0.0653411,0.299824,0.0860672,0.833021,6.7314,0.953455,0.940838,0.0574067,0.306899,0.484035,0.214479,0.455367,0.455367,0,0,-0.00440468,0.0333155,0.945535,0.790644,0.0136375,0.0247925,0.00240826,0.00142504,0.534702,0.0134971,-6.40032,-7.86126,15.0253,0.547757,1.05446,-16.6717,-0.909091,-0.164774,1.94571,0.625,12.5833,0,0,41.5,27.375,0,-11.2188,0.0001,-0.00118916,0.129598,1.64161,0.127293,55573,0.115736,55.45,1.81846
883,0.4477,0.418544,0.0183679,0.0128796,0.653762,0.376461,0.85625,0.453962,0.0266459,0.0467692,0.0177937,0.194896,0.0107109,0,0.235338,0.110513,4.66755,0.0659282,0.298981,0.0863236,0.833517,6.73149,0.953452,0.940488,0.05774,0.316507,0.480714,0.214108,0.434323,0.434323,0,0,-0.00441492,0.0331442,0.945167,0.788937,0.0137168,0.0249012,0.00225454,0.00126293,0.532418,0.0135023,-6.50874,-7.85791,15.0994,0.545392,1.05708,-16.6283,-0.909091,-0.163754,1.93458,0.666667,11.75,0,0,39.4583,24.25,0,-11.2151,0.0001,-0.00110917,0.138205,1.6283,0.12873,55948,0.115795,55.56,1.74327
884,0.45067,0.420785,0.0183515,0.012763,0.657185,0.378967,0.856195,0.453735,0.0263666,0.046947,0.0176125,0.197449,0.0107375,0,0.238182,0.110875,4.67948,0.0654378,0.301296,0.0859176,0.831281,6.73537,0.953734,0.940541,0.0570327,0.308752,0.481959,0.21672,0.433079,0.433079,0,0,-0.00441404,0.0335966,0.945118,0.791539,0.0135797,0.024691,0.00241579,0.00136277,0.53358,0.0133749,-6.2936,-8.03439,15.0634,0.547576,1.05784,-16.5157,-0.909091,-0.164506,1.94366,0.708333,13.5417,0,0,41.7917,26.4167,0,-11.2114,0.0001,-0.00118291,0.128498,1.64142,0.129171,55520,0.115839,55.7,2.04707
885,0.446283,0.420992,0.0183672,0.0127055,0.653724,0.379213,0.856606,0.457355,0.0261236,0.0482262,0.0174394,0.195156,0.0105529,0,0.235738,0.11199,4.67267,0.0661294,0.299225,0.0849989,0.834005,6.73893,0.954066,0.94049,0.0569998,0.305363,0.482303,0.214512,0.447942,0.447942,0,0,-0.00446645,0.0331467,0.944525,0.795372,0.0133155,0.0244462,0.00235282,0.00133682,0.533715,0.0130759,-6.27396,-8.28644,14.9694,0.551226,1.05429,-16.389,-0.909091,-0.163689,1.94594,0.375,12.9167,0,0,37.4583,25.625,0,-11.2093,0.0001,-0.00101483,0.134611,1.65279,0.120328,55441,0.11587,55.88,2.0998
886,0.454427,0.425626,0.0182995,0.0123666,0.659004,0.382873,0.856436,0.458537,0.0264502,0.0467675,0.0176742,0.196762,0.010681,0,0.238208,0.112649,4.65367,0.0646101,0.301847,0.0858757,0.833271,6.74358,0.953963,0.94071,0.0568434,0.304818,0.485332,0.216224,0.454631,0.454631,0,0,-0.00444546,0.0323832,0.945731,0.792585,0.0135308,0.0246713,0.00225701,0.0012879,0.533176,0.0133765,-6.42297,-7.8776,14.9718,0.548757,1.051,-16.6326,-0.909091,-0.165423,1.96693,0.458333,12.0417,0,0,40.2083,26.75,0,-11.2094,0.0001,-0.00114422,0.13747,1.65199,0.125784,55296,0.115881,55.53,1.95919
887,0.449981,0.420805,0.0182647,0.0124731,0.655445,0.377585,0.856089,0.454993,0.0262891,0.0477022,0.0175514,0.195933,0.0107666,0,0.237345,0.111363,4.67248,0.0661391,0.30076,0.0860328,0.831146,6.73783,0.954187,0.940822,0.0567794,0.29869,0.482228,0.214943,0.447273,0.447273,0,0,-0.00444205,0.0340075,0.943849,0.794104,0.0135011,0.0246207,0.00230293,0.00132747,0.533629,0.0132668,-6.28391,-8.21142,15.0534,0.550851,1.0534,-16.3939,-0.909091,-0.164867,1.94467,0.458333,13.4583,0,0,39.8333,27.7917,0,-11.2104,0.0001,-0.000960472,0.127416,1.59729,0.128663,56956,0.11589,55.79,2.02025
888,0.447549,0.420674,0.0183544,0.012796,0.653297,0.379447,0.855908,0.455668,0.0264691,0.0473821,0.0176657,0.193723,0.0107108,0,0.234656,0.111055,4.6934,0.0657511,0.297948,0.0862052,0.834722,6.73409,0.953849,0.940532,0.0573539,0.309952,0.480857,0.213449,0.435586,0.435586,0,0,-0.00444068,0.033671,0.944534,0.79218,0.0135643,0.0247434,0.00223563,0.00126927,0.533692,0.0133081,-6.40796,-8.00595,15.1106,0.547548,1.0562,-16.518,-0.909091,-0.163557,1.9429,0.541667,11.9167,0,0,38.1667,25.2083,0,-11.211,0.0001,-0.000535057,0.137884,1.62658,0.122128,56215,0.115907,55.57,1.83234
889,0.449137,0.417673,0.0183416,0.0130849,0.657339,0.376031,0.856368,0.451309,0.0262493,0.0472515,0.0175475,0.196532,0.0106492,0,0.237739,0.110272,4.65614,0.0656062,0.300212,0.0853266,0.83298,6.74116,0.954092,0.940573,0.0569909,0.310192,0.482002,0.216117,0.421191,0.421191,0,0,-0.00443965,0.0331225,0.945342,0.79389,0.013439,0.0244825,0.00232381,0.00133405,0.534314,0.0132606,-6.32077,-8.06532,14.9405,0.550482,1.04514,-16.5427,-0.909091,-0.16471,1.93074,0.541667,12.75,0,0,41,27.5833,0,-11.2105,0.0001,-0.00101571,0.123357,1.59818,0.126647,56993,0.115922,55.06,1.93301
890,0.445673,0.418427,0.0183731,0.013126,0.653944,0.376961,0.856932,0.456422,0.0263452,0.0476778,0.0175777,0.194457,0.0106614,0,0.234876,0.111651,4.67567,0.0659311,0.298147,0.0860133,0.834205,6.73189,0.953715,0.940471,0.0567167,0.303871,0.483053,0.213609,0.426876,0.426876,0,0,-0.00444276,0.0332413,0.944637,0.793056,0.0134851,0.0246746,0.00233044,0.00134037,0.533774,0.0131919,-6.30313,-8.13852,15.0544,0.5491,1.06035,-16.4418,-0.909091,-0.16365,1.93472,0.375,12.5417,0,0,37.625,25.2083,0,-11.2102,0.0001,-0.00111902,0.1444,1.58085,0.128402,57512,0.115945,55.62,1.87383
891,0.449651,0.42175,0.0182532,0.0125578,0.654616,0.377916,0.85677,0.459155,0.0265083,0.0466617,0.017734,0.195416,0.0106231,0,0.237288,0.113335,4.64655,0.0648372,0.299929,0.0857352,0.835181,6.73925,0.953896,0.94086,0.0567213,0.305344,0.484985,0.214705,0.458538,0.458538,0,0,-0.00442389,0.0336275,0.945886,0.792996,0.0135636,0.0246852,0.00238849,0.0013986,0.533929,0.0133897,-6.35086,-7.79192,14.9644,0.548411,1.04866,-16.7101,-0.909091,-0.164742,1.95107,0.375,12.7083,0,0,42.3333,26.9583,0,-11.2114,0.0001,-0.00117738,0.135355,1.63294,0.121212,56040,0.115927,55.31,1.77793
892,0.449,0.420947,0.0182409,0.0127465,0.653827,0.377591,0.857455,0.456305,0.0264169,0.0471824,0.0176418,0.1947,0.0107071,0,0.236424,0.111289,4.64771,0.0653319,0.299678,0.0860197,0.833712,6.73852,0.954477,0.940899,0.0563242,0.300727,0.483894,0.213929,0.438749,0.438749,0,0,-0.00444741,0.0336923,0.94478,0.79309,0.0135458,0.0246881,0.00232682,0.00137454,0.535338,0.0133008,-6.32279,-8.05667,15.0055,0.55007,1.05367,-16.513,-0.909091,-0.164632,1.94761,0.541667,12.375,0,0,38.0833,25.7083,0,-11.216,0.0001,-0.00111735,0.129574,1.65269,0.128357,55194,0.115912,56.79,2.12549
893,0.45088,0.422544,0.0183844,0.0127891,0.657408,0.38099,0.856638,0.456031,0.0264331,0.0470059,0.0176436,0.196922,0.0106818,0,0.237162,0.111434,4.67206,0.0650781,0.300337,0.0857185,0.835357,6.73103,0.953332,0.940434,0.0575326,0.312493,0.482812,0.216143,0.436314,0.436314,0,0,-0.0044392,0.0337031,0.94509,0.791183,0.0135681,0.0247393,0.00229525,0.00128131,0.532405,0.0132858,-6.29189,-7.99071,15.1153,0.545203,1.05888,-16.5099,-0.909091,-0.164411,1.95286,0.375,13.125,0,0,40.4167,25.2083,0,-11.2178,0.0001,-0.00100632,0.13397,1.64351,0.128064,55489,0.115924,55.88,1.95588
894,0.448693,0.421667,0.0182527,0.0126896,0.653593,0.378204,0.857325,0.460593,0.0264707,0.0462492,0.0177064,0.195201,0.0106334,0,0.236897,0.113201,4.65308,0.0645488,0.299668,0.0855238,0.834245,6.74558,0.953906,0.940861,0.056816,0.305863,0.484492,0.214569,0.452963,0.452963,0,0,-0.0044039,0.0341141,0.946,0.792284,0.0135917,0.0246657,0.00244711,0.00146636,0.536204,0.0134341,-6.33159,-7.7716,15.0045,0.547098,1.04733,-16.701,-0.909091,-0.164501,1.95203,0.666667,12.2917,0,0,40.125,28.375,0,-11.2174,0.0001,-0.00115912,0.128452,1.62657,0.125634,56103,0.115957,57.64,2.16567
895,0.453233,0.425708,0.0183105,0.0125063,0.657895,0.382733,0.857124,0.457111,0.0265114,0.0459415,0.0177288,0.196923,0.0106399,0,0.238606,0.11177,4.67176,0.0643601,0.300568,0.0854771,0.833016,6.73599,0.953405,0.940674,0.0571835,0.308354,0.484249,0.21651,0.435744,0.435744,0,0,-0.0044021,0.0340221,0.946308,0.791615,0.0135951,0.0247318,0.00244331,0.00142089,0.534661,0.0134421,-6.3778,-7.70408,15.0233,0.545218,1.05082,-16.7316,-0.909091,-0.16512,1.96881,0.291667,11.5,0,0,39.5833,24.9167,0,-11.2158,0.0001,-0.00104819,0.139357,1.67625,0.127422,54502,0.115965,55.18,1.9277
896,0.450877,0.419282,0.0183516,0.0129474,0.657603,0.378065,0.855813,0.449188,0.0265403,0.0470532,0.0177059,0.19737,0.0107514,0,0.237739,0.109023,4.67554,0.0654468,0.300309,0.0863886,0.831089,6.72975,0.953333,0.940541,0.0569498,0.308055,0.48018,0.216366,0.415128,0.415128,0,0,-0.00441025,0.0346755,0.944752,0.790921,0.0136776,0.0248746,0.00255518,0.0014847,0.534398,0.0133945,-6.2218,-7.9625,15.1666,0.546319,1.06008,-16.4762,-0.909091,-0.164623,1.93652,0.5,13.125,0,0,40.1667,27.125,0,-11.2162,0.0001,-0.000906375,0.132875,1.62044,0.12684,56261,0.115996,55.85,1.88323
897,0.450445,0.425325,0.0183408,0.012699,0.656406,0.383102,0.856594,0.460019,0.0265269,0.0467541,0.0177044,0.196921,0.010696,0,0.237668,0.112552,4.667,0.0648163,0.300517,0.0862542,0.832897,6.73435,0.95373,0.940576,0.0571192,0.310027,0.483043,0.216151,0.444537,0.444537,0,0,-0.00441047,0.0342676,0.944949,0.791406,0.0136351,0.0248467,0.0024173,0.00139301,0.533733,0.0133924,-6.28803,-7.92257,15.1554,0.545289,1.05838,-16.5457,-0.909091,-0.16444,1.9661,0.583333,12.625,0,0,39.0417,25.5,0,-11.2125,0.0001,-0.00118138,0.138048,1.68135,0.122638,54492,0.116031,53.66,1.79261
898,0.450949,0.423035,0.018251,0.0125476,0.656096,0.379785,0.857204,0.460051,0.0260277,0.047058,0.0173945,0.196376,0.010527,0,0.238329,0.113216,4.65607,0.0653248,0.299842,0.0846636,0.831601,6.75009,0.954103,0.940867,0.0568031,0.302859,0.486074,0.215799,0.452705,0.452705,0,0,-0.00441412,0.0349767,0.94588,0.796131,0.01331,0.024297,0.00270807,0.00160727,0.536282,0.0131383,-6.18659,-8.0791,14.8456,0.552613,1.0442,-16.5332,-0.909091,-0.165007,1.95765,0.666667,12,0,0,40.5,28.5833,0,-11.2116,0.0001,-0.00124785,0.127428,1.64753,0.128574,55348,0.116056,54.98,1.86311
899,0.44889,0.419341,0.0183514,0.0128048,0.655027,0.378811,0.856597,0.456172,0.0265856,0.046099,0.0177705,0.195516,0.0106923,0,0.236106,0.112033,4.68106,0.0648907,0.299012,0.0857374,0.83468,6.73351,0.953999,0.940541,0.0572155,0.312025,0.483784,0.214932,0.439429,0.439429,0,0,-0.00439117,0.0338782,0.946039,0.790504,0.0136504,0.0248228,0.00239552,0.00136786,0.533668,0.0134399,-6.35712,-7.72991,15.0778,0.544374,1.05573,-16.6995,-0.909091,-0.163836,1.93879,0.5,12.0833,0,0,40.375,23.9167,0,-11.2101,0.0001,-0.000995133,0.13148,1.61975,0.127976,56246,0.11608,55.12,2.00183
900,0.452213,0.424436,0.0183584,0.0127123,0.659132,0.382687,0.856005,0.457282,0.0261873,0.0473659,0.0175001,0.197548,0.0106683,0,0.238503,0.112234,4.69526,0.0663293,0.300575,0.0854813,0.832683,6.73569,0.953513,0.940519,0.0572069,0.311766,0.483626,0.217081,0.437549,0.437549,0,0,-0.00443957,0.0346502,0.944972,0.793371,0.0134405,0.0244913,0.00237284,0.00132379,0.532204,0.0132083,-6.28447,-8.14179,15.002,0.549053,1.04973,-16.4601,-0.909091,-0.164964,1.95995,0.458333,12.6667,0,0,40.0833,25.375,0,-11.2103,0.0001,-0.000911493,0.132861,1.62752,0.126267,56052,0.116083,55.43,2.03973
901,0.450031,0.4262,0.0182423,0.0126926,0.654656,0.381588,0.855768,0.461718,0.0268442,0.0454574,0.0179505,0.196475,0.0107627,0,0.238677,0.113427,4.66778,0.0645556,0.300368,0.0864427,0.832576,6.73129,0.952974,0.940895,0.0567874,0.308544,0.483965,0.215849,0.447883,0.447883,0,0,-0.00436568,0.0347796,0.946878,0.789511,0.013782,0.0249962,0.00243438,0.00143548,0.533923,0.0136698,-6.35666,-7.44773,15.0841,0.544022,1.05111,-16.8705,-0.909091,-0.164936,1.96818,0.375,10.8333,0,0,41.2083,26.8333,0,-11.2123,0.0001,-0.00102856,0.142679,1.6181,0.12658,56345,0.11608,55.8,1.88691
902,0.450152,0.421906,0.0182816,0.0127238,0.655548,0.37976,0.856495,0.458144,0.0266203,0.0454598,0.0178056,0.196417,0.010684,0,0.23834,0.112406,4.66598,0.0647473,0.299704,0.0860615,0.833635,6.73396,0.953048,0.940767,0.0578276,0.310502,0.4846,0.216161,0.440126,0.440126,0,0,-0.00438091,0.0336212,0.946565,0.79015,0.0136692,0.0248037,0.00247092,0.0014323,0.533534,0.0135495,-6.42657,-7.57005,15.0954,0.542571,1.04837,-16.7912,-0.909091,-0.164605,1.9506,0.666667,11,0,0,41.4167,25.1667,0,-11.2139,0.0001,-0.000897565,0.135115,1.65951,0.12052,55226,0.11608,55.25,1.89015
903,0.450089,0.421889,0.0182605,0.0125849,0.655455,0.379041,0.85557,0.457685,0.0267805,0.0447812,0.0179251,0.196358,0.0106413,0,0.238266,0.112072,4.64546,0.0636084,0.300902,0.0857379,0.83452,6.73733,0.953101,0.940836,0.0572866,0.313613,0.48379,0.21601,0.44952,0.44952,0,0,-0.00436226,0.0333331,0.947208,0.789398,0.0137449,0.0248999,0.00232203,0.00134465,0.533286,0.0136551,-6.49471,-7.34048,15.0841,0.541579,1.04606,-16.9436,-0.909091,-0.164767,1.949,0.541667,10.5833,0,0,42.2917,25.9583,0,-11.2143,0.0001,-0.00123402,0.12551,1.66093,0.126715,54990,0.116118,55.66,1.67523
904,0.449651,0.425131,0.0182067,0.0125361,0.65445,0.381093,0.856209,0.461943,0.0265836,0.0456014,0.0177865,0.194805,0.0107569,0,0.237515,0.113221,4.66246,0.0649603,0.300097,0.0860608,0.835011,6.73374,0.953471,0.94101,0.056841,0.313626,0.484722,0.214581,0.45639,0.45639,0,0,-0.00437851,0.0342815,0.946154,0.789854,0.0137095,0.024766,0.00241142,0.00140001,0.533533,0.0135707,-6.43706,-7.61295,15.0568,0.545439,1.04727,-16.7736,-0.909091,-0.164947,1.96543,0.416667,10.9583,0,0,41.5417,25.2917,0,-11.2118,0.0001,-0.000956745,0.133083,1.60992,0.127144,56591,0.116148,55.62,1.99275
905,0.449341,0.427276,0.0181943,0.0123502,0.65516,0.382161,0.855287,0.463024,0.0270247,0.0440095,0.0181118,0.195498,0.0106596,0,0.238315,0.113314,4.65861,0.0641506,0.299713,0.0861807,0.83498,6.73664,0.953508,0.94105,0.0573578,0.317083,0.483116,0.215216,0.455027,0.455027,0,0,-0.00431783,0.0341518,0.948014,0.78761,0.0138974,0.025095,0.00236941,0.00140168,0.533584,0.013885,-6.55306,-7.04478,15.0779,0.541302,1.04561,-17.1435,-0.909091,-0.165305,1.973,0.5,10.0833,0,0,42.9583,26.2083,0,-11.2112,0.0001,-0.000910816,0.130709,1.66663,0.121674,54970,0.116173,56.88,1.67655
906,0.449808,0.41929,0.0182692,0.0130275,0.655146,0.376127,0.855863,0.453469,0.0266812,0.0457991,0.0178321,0.195764,0.0107704,0,0.237537,0.110365,4.67062,0.0647357,0.300012,0.0860314,0.833368,6.72819,0.95329,0.940808,0.0574665,0.313887,0.482664,0.215216,0.421004,0.421004,0,0,-0.00440695,0.0335721,0.945867,0.788401,0.0137655,0.0249026,0.00226926,0.00128531,0.531761,0.0135459,-6.41698,-7.68224,15.1211,0.544445,1.0547,-16.7098,-0.909091,-0.164767,1.93742,0.541667,11.7083,0,0,41.4167,24.625,0,-11.2077,0.0001,-0.000764543,0.130069,1.63093,0.131282,55784,0.116222,55.53,2.02392
907,0.449226,0.425652,0.0181873,0.012704,0.653633,0.380513,0.855844,0.463021,0.0265133,0.045776,0.0177411,0.194267,0.0106292,0,0.236996,0.113443,4.64925,0.065253,0.299327,0.085424,0.833832,6.73827,0.954032,0.941073,0.0565581,0.308868,0.484584,0.213797,0.451172,0.451172,0,0,-0.00438578,0.0346536,0.946095,0.792193,0.0136335,0.0247093,0.00232716,0.00137237,0.535168,0.0134571,-6.46526,-7.65513,14.9737,0.548911,1.04362,-16.7669,-0.909091,-0.165041,1.96659,0.375,11.4583,0,0,41.4167,27.0833,0,-11.204,0.0001,-0.00118177,0.126197,1.66642,0.132488,54646,0.116246,57.24,1.78624
908,0.447077,0.422738,0.0183332,0.0127791,0.653941,0.380759,0.855258,0.463605,0.0268727,0.045323,0.0179514,0.195333,0.0107936,0,0.236106,0.114302,4.66147,0.0643007,0.298902,0.0864124,0.834477,6.73241,0.954006,0.940601,0.0574031,0.312745,0.483883,0.214743,0.450458,0.450458,0,0,-0.00437081,0.0332721,0.946558,0.787406,0.0138576,0.025078,0.00229498,0.00126723,0.532284,0.0136875,-6.4317,-7.449,15.1978,0.541366,1.05285,-16.8112,-0.909091,-0.163803,1.95104,0.333333,11.0833,0,0,41.2083,24.375,0,-11.2017,0.0001,-0.000934075,0.132465,1.65534,0.129497,55077,0.116284,55.04,1.94002
909,0.449046,0.423135,0.0182179,0.0125027,0.655707,0.379194,0.854874,0.459158,0.0270943,0.0436081,0.0181406,0.196695,0.0107605,0,0.239617,0.112358,4.6775,0.064246,0.300947,0.0864213,0.835801,6.73053,0.952892,0.940959,0.0580046,0.321189,0.482509,0.216908,0.451828,0.451828,0,0,-0.00431026,0.0343161,0.947765,0.785543,0.0139986,0.0251936,0.00226736,0.00129162,0.532409,0.0139514,-6.64055,-6.97431,15.1994,0.537862,1.04657,-17.1335,-0.908635,-0.165224,1.95377,0.25,9.375,0,0,44.0417,23,0.0416667,-11.1972,0.0001,-0.00105416,0.134593,1.64623,0.128338,55396,0.116329,56.31,2.07889
910,0.451624,0.42448,0.0181849,0.0125908,0.656402,0.379379,0.854891,0.460912,0.0269424,0.0444693,0.0180302,0.195558,0.0107094,0,0.238543,0.113462,4.65607,0.0645836,0.300471,0.0863165,0.834095,6.73349,0.953164,0.941081,0.0574112,0.312046,0.485997,0.215204,0.450231,0.450231,0,0,-0.00434822,0.0337307,0.946933,0.787852,0.0138751,0.0250966,0.00227999,0.00133173,0.534255,0.013789,-6.52681,-7.30199,15.0873,0.543434,1.05194,-16.9826,-0.909091,-0.165812,1.95878,0.333333,11.0833,0,0,42.875,26.0833,0,-11.1951,0.0001,-0.00103422,0.130001,1.6472,0.12669,55417,0.11635,56.2,2.27497
911,0.449468,0.424125,0.0182496,0.0126063,0.657071,0.380091,0.855836,0.460818,0.0266899,0.0445492,0.0178506,0.196379,0.0106944,0,0.23845,0.113131,4.65564,0.0643567,0.300608,0.0853541,0.836249,6.73739,0.952805,0.940871,0.0574257,0.313506,0.483504,0.216095,0.452034,0.452034,0,0,-0.00434944,0.0338381,0.947009,0.789485,0.0137403,0.0248362,0.00227729,0.00129346,0.532523,0.0136406,-6.56318,-7.41133,15.0106,0.544639,1.04188,-16.9147,-0.909091,-0.165295,1.96039,0.416667,10.375,0,0,41.5417,24.3333,0,-11.1943,0.0001,-0.00117313,0.138449,1.64937,0.131672,55194,0.116371,54.36,1.98418
912,0.449429,0.42347,0.0181979,0.0127823,0.655139,0.379032,0.854441,0.460112,0.0270589,0.0439413,0.0181031,0.195842,0.0107576,0,0.238499,0.112808,4.65976,0.0639423,0.301043,0.0864844,0.834346,6.73414,0.953751,0.941039,0.0568504,0.314542,0.484226,0.21537,0.436702,0.436702,0,0,-0.00434476,0.0330258,0.947083,0.786077,0.0139805,0.0251982,0.00232705,0.00136836,0.534542,0.0138798,-6.59987,-7.18874,15.1697,0.540301,1.04841,-17.0027,-0.909091,-0.165333,1.95371,0.375,10.75,0,0,43.4167,25.375,0,-11.1948,0.0001,-0.00105975,0.128317,1.62669,0.121143,56243,0.116383,56.03,1.97654
913,0.447662,0.42369,0.0181648,0.0126326,0.654529,0.378532,0.854532,0.460312,0.0266465,0.0448438,0.0178287,0.194244,0.0106262,0,0.237482,0.113053,4.66146,0.0649146,0.299586,0.0857093,0.834817,6.74198,0.954334,0.941146,0.0563313,0.308979,0.484325,0.214084,0.445339,0.445339,0,0,-0.00434505,0.033465,0.946653,0.790674,0.0136785,0.024806,0.0023921,0.00142967,0.536478,0.0136128,-6.54635,-7.49861,14.9874,0.546591,1.04141,-16.8927,-0.909091,-0.165379,1.95516,0.5,10.4583,0,0,40.9583,25.8333,0,-11.1941,0.0001,-0.000948608,0.136196,1.57465,0.123642,57884,0.116419,55.42,1.83489
914,0.444357,0.414821,0.0182421,0.0130064,0.653192,0.372178,0.854206,0.4563,0.0269539,0.0438061,0.0180306,0.193899,0.0106874,0,0.236253,0.112027,4.67401,0.0640149,0.298816,0.0861567,0.836023,6.72747,0.952766,0.940896,0.0570818,0.317434,0.483623,0.213929,0.445904,0.445904,0,0,-0.00433945,0.0325386,0.947302,0.786673,0.013895,0.0250826,0.00221415,0.00125902,0.53241,0.0138305,-6.65141,-7.21355,15.1412,0.539697,1.04901,-17.0143,-0.909091,-0.164311,1.91387,0.583333,10.5833,0,0,43.6667,24.3333,0,-11.1916,0.0001,-0.0012925,0.130603,1.57698,0.125056,57756,0.11644,55.86,1.7525
915,0.452741,0.431789,0.0181394,0.01223,0.656435,0.384914,0.854778,0.466884,0.0265214,0.0447542,0.0177577,0.194045,0.0105982,0,0.237729,0.115063,4.64607,0.0642134,0.300343,0.0851329,0.837129,6.74783,0.954347,0.941228,0.0567755,0.309986,0.486184,0.213825,0.459494,0.459494,0,0,-0.00439977,0.0327563,0.946786,0.790817,0.0136521,0.0246545,0.00230253,0.00139523,0.536394,0.0135517,-6.60103,-7.53539,14.9115,0.547876,1.03825,-16.8817,-0.909091,-0.166195,1.99286,0.5,11.125,0,0,41.5833,25.9167,0,-11.1917,0.0001,-0.00116347,0.132082,1.60761,0.119905,56904,0.116453,56.05,1.95421
916,0.449407,0.420538,0.0182323,0.0128214,0.657484,0.376962,0.854964,0.456402,0.0264827,0.0450475,0.0177037,0.19567,0.0106452,0,0.238307,0.111381,4.66947,0.0646366,0.300708,0.085567,0.833882,6.7412,0.953885,0.940927,0.0566585,0.310191,0.48294,0.215453,0.437342,0.437342,0,0,-0.00437165,0.0340337,0.946193,0.791213,0.0136325,0.0247018,0.00236001,0.00138048,0.535151,0.0135193,-6.57227,-7.64447,14.9914,0.547111,1.03832,-16.7724,-0.909091,-0.16562,1.94087,0.5,10.8333,0,0,40,26.2917,0,-11.1911,0.0001,-0.00117873,0.131121,1.59568,0.120139,57292,0.116476,56.06,1.84413
917,0.449609,0.424073,0.0182688,0.0124205,0.658169,0.380408,0.85571,0.461496,0.0263108,0.0458232,0.0175927,0.195033,0.0106673,0,0.236915,0.113522,4.66641,0.064705,0.299732,0.0850267,0.83618,6.73857,0.954126,0.940809,0.0569205,0.311585,0.48472,0.214695,0.464319,0.464319,0,0,-0.00443359,0.0317575,0.945335,0.791736,0.0135418,0.0245797,0.00222178,0.00126258,0.533671,0.0133299,-6.54853,-7.92233,14.9383,0.549972,1.045,-16.6158,-0.909091,-0.165415,1.95753,0.25,12.5833,0,0,41.8333,25.25,0,-11.1905,0.0001,-0.000882435,0.130802,1.57184,0.122776,58009,0.116498,55.06,1.85088
918,0.452112,0.424377,0.0182441,0.0125425,0.659621,0.380523,0.856131,0.460739,0.0263447,0.0458741,0.0176169,0.196214,0.0106487,0,0.238564,0.11326,4.64954,0.0650957,0.301042,0.0853834,0.83594,6.7507,0.954512,0.940889,0.0565511,0.305104,0.485989,0.215906,0.452564,0.452564,0,0,-0.00442292,0.0319871,0.946041,0.792611,0.013512,0.0245694,0.00234827,0.00139673,0.536967,0.0133549,-6.48249,-7.89249,14.8722,0.55101,1.0441,-16.6684,-0.909091,-0.166091,1.96005,0.416667,11.2917,0,0,39.4583,25.9583,0,-11.189,0.0001,-0.000829757,0.13158,1.60512,0.122034,56916,0.116533,55.75,1.91935
919,0.45169,0.422914,0.0182558,0.0126623,0.660224,0.379704,0.855806,0.456167,0.0259639,0.0465092,0.0173542,0.195959,0.0105344,0,0.238274,0.11152,4.65809,0.0655552,0.29977,0.0844778,0.834132,6.74077,0.953813,0.940851,0.0560979,0.305444,0.484406,0.215702,0.44024,0.44024,0,0,-0.00443018,0.0336512,0.945704,0.79524,0.0133197,0.0242343,0.00252968,0.00149771,0.536224,0.0130969,-6.43894,-8.13821,14.787,0.55448,1.03689,-16.5224,-0.909091,-0.166081,1.95349,0.541667,12.7083,0,0,38,28.4583,0,-11.1859,0.0001,-0.000728553,0.136534,1.61218,0.121404,56705,0.116562,57.21,1.93983
920,0.453246,0.429068,0.0182046,0.0122321,0.65871,0.383641,0.855246,0.462801,0.0263086,0.0455296,0.0175927,0.197039,0.0106717,0.000641026,0.239829,0.113686,4.64249,0.0655169,0.301864,0.0849964,0.834438,6.74405,0.954041,0.941017,0.0565784,0.309321,0.485092,0.216517,0.458036,0.458036,0,0,-0.00439175,0.0342537,0.946051,0.792403,0.0135431,0.0245526,0.00259191,0.0015873,0.537104,0.0133647,-6.42927,-7.83088,14.908,0.54936,1.04102,-16.6695,-0.909091,-0.166252,1.98005,0.5,11.9583,0,0,39.1667,26,0.0416667,-11.1861,0.0001,-0.00100134,0.138024,1.60807,0.125798,56696,0.116557,56.89,2.10422
921,0.452531,0.427326,0.0182379,0.0123201,0.658878,0.383219,0.855564,0.461841,0.0263004,0.0457338,0.0175884,0.195653,0.0107361,0,0.238276,0.113823,4.64305,0.0655183,0.300353,0.0853286,0.836368,6.73608,0.953435,0.940909,0.0564503,0.305588,0.484986,0.215414,0.466724,0.466724,0,0,-0.00442745,0.0328935,0.945456,0.793052,0.0135184,0.0245279,0.00228559,0.00137638,0.534975,0.0133037,-6.55875,-7.90412,14.892,0.551524,1.04249,-16.6238,-0.909091,-0.165953,1.97213,0.583333,12.3333,0,0,40.125,26.7917,0,-11.1889,0.0001,-0.00113054,0.130368,1.6114,0.12043,56763,0.11654,55.58,1.83868
922,0.450847,0.426219,0.0183217,0.0125853,0.657759,0.383503,0.856345,0.459834,0.0259443,0.0480492,0.0173017,0.195976,0.0106656,0,0.236969,0.112736,4.64472,0.066667,0.29975,0.0850677,0.832584,6.73812,0.954166,0.940637,0.0566168,0.298288,0.483158,0.21491,0.445629,0.445629,0,0,-0.00450213,0.0343022,0.943523,0.795924,0.0133169,0.0243486,0.00255364,0.00153723,0.536832,0.0129153,-6.25942,-8.55249,14.9114,0.555903,1.05153,-16.2065,-0.909091,-0.165115,1.96828,0.75,14.0417,0,0,36.0833,27.6667,0,-11.1918,0.0001,-0.000872071,0.136806,1.60203,0.121712,57029,0.116533,57.44,2.19848
923,0.452156,0.420044,0.0182922,0.0126247,0.659265,0.377267,0.855194,0.452453,0.026022,0.0472634,0.0173603,0.196633,0.0107106,0,0.238247,0.110939,4.6623,0.066801,0.300905,0.0851839,0.831784,6.74066,0.953838,0.940733,0.0563243,0.29818,0.483596,0.216003,0.435511,0.435511,0,0,-0.00445385,0.0335457,0.944165,0.795198,0.0133779,0.0243625,0.00249753,0.00151688,0.537032,0.0130377,-6.37858,-8.3717,14.9007,0.554446,1.04405,-16.3041,-0.909091,-0.165672,1.93789,0.708333,13.5833,0,0,37.8333,28.25,0,-11.1934,0.0001,-0.000737266,0.134518,1.56517,0.121989,58266,0.116529,56.01,1.8379
924,0.447483,0.419444,0.0182536,0.0127928,0.655752,0.376135,0.854872,0.455258,0.0265058,0.0458065,0.0177209,0.195562,0.0107558,0,0.237637,0.111433,4.6658,0.0662426,0.300091,0.0859856,0.833491,6.73525,0.953316,0.940858,0.056852,0.309554,0.482309,0.215037,0.449793,0.449793,0,0,-0.00439544,0.0342348,0.94562,0.791409,0.0136526,0.0247755,0.00245092,0.00148117,0.536236,0.0134217,-6.45572,-7.77103,15.0401,0.547191,1.0479,-16.6515,-0.909091,-0.165046,1.93557,0.625,11.75,0,0,39,25.5833,0,-11.1941,0.0001,-0.00129947,0.135294,1.57965,0.12076,57812,0.116554,56.65,2.01593
925,0.452771,0.424511,0.0182347,0.0124048,0.658845,0.380049,0.855776,0.458777,0.0259005,0.0469484,0.0173075,0.196833,0.0105963,0,0.239404,0.112794,4.66817,0.0668498,0.301003,0.0844234,0.832512,6.74662,0.954513,0.940919,0.0565442,0.302872,0.4851,0.216247,0.449295,0.449295,0,0,-0.00446899,0.0332693,0.944882,0.796257,0.0132768,0.0242003,0.00257692,0.00158965,0.537813,0.0130107,-6.41725,-8.30613,14.7329,0.55799,1.04165,-16.434,-0.909091,-0.166142,1.96025,0.666667,13.0417,0,0,38.1667,27.9583,0,-11.1933,0.0001,-0.000995161,0.131302,1.64793,0.125839,55421,0.116553,55.54,1.83713
926,0.451198,0.423105,0.0182497,0.0126375,0.658542,0.379017,0.854676,0.453511,0.0261766,0.0472374,0.0174789,0.197282,0.0107085,0,0.239368,0.110141,4.6784,0.0677126,0.300846,0.0856096,0.829203,6.73785,0.953675,0.940871,0.0569588,0.303712,0.481199,0.216432,0.430637,0.430637,0,0,-0.00444921,0.0345386,0.944275,0.795653,0.0134085,0.0245161,0.00268923,0.00169875,0.539313,0.013096,-6.40148,-8.23164,14.8922,0.555132,1.04837,-16.4137,-0.909091,-0.165874,1.95159,0.583333,13.4167,0,0,38.625,28.2917,0,-11.1957,0.0001,-0.00112881,0.128881,1.64398,0.128781,55452,0.116571,55.14,1.86366
927,0.452937,0.428124,0.0183592,0.0122768,0.660597,0.385951,0.855436,0.461156,0.0258199,0.0472426,0.01722,0.196863,0.0105295,0,0.237962,0.113522,4.69929,0.0670997,0.300123,0.0845586,0.833391,6.74523,0.953896,0.940516,0.0564174,0.297043,0.48531,0.21641,0.466178,0.466178,0,0,-0.00446475,0.033366,0.944537,0.796733,0.0132286,0.0242139,0.00267252,0.00160736,0.536559,0.0128903,-6.33294,-8.44559,14.8858,0.5523,1.04574,-16.2782,-0.909091,-0.165342,1.9745,0.666667,13.0417,0,0,35.6667,26.9167,0,-11.193,0.0001,-0.000996723,0.135377,1.59091,0.120963,57424,0.116619,54.82,2.00105
928,0.451441,0.424437,0.0182608,0.0125356,0.659254,0.380807,0.854915,0.458611,0.0263003,0.0466982,0.0175525,0.196131,0.010666,0,0.238132,0.112496,4.6921,0.0671109,0.300478,0.0856399,0.834014,6.74198,0.954463,0.940835,0.0561383,0.297109,0.483763,0.215386,0.446732,0.446732,0,0,-0.00445478,0.0328817,0.944641,0.793438,0.0135071,0.0246133,0.00254491,0.00161655,0.539465,0.0132122,-6.48157,-8.12472,14.9347,0.552662,1.04899,-16.4679,-0.909091,-0.165971,1.95718,0.541667,13.1667,0,0,38.125,28.9583,0,-11.1912,0.0001,-0.000862745,0.136554,1.59667,0.121263,57222,0.116633,55.26,2.03013
929,0.45501,0.422298,0.0183178,0.0125245,0.663995,0.379633,0.855212,0.451834,0.0260461,0.0462503,0.0174026,0.198564,0.0105912,0,0.240432,0.110836,4.66902,0.0667627,0.301422,0.0848215,0.834183,6.75122,0.954445,0.94065,0.0564106,0.304018,0.483337,0.218153,0.440728,0.440728,0,0,-0.00445484,0.0328401,0.945737,0.795218,0.0133567,0.0243049,0.00263303,0.00164149,0.538258,0.0131281,-6.50723,-8.076,14.7901,0.552449,1.03569,-16.5236,-0.909091,-0.16671,1.94745,0.5,11.4583,0,0,37.6667,26.0833,0,-11.1903,0.0001,-0.000869194,0.132243,1.58538,0.121968,57576,0.116674,55,1.88334
930,0.445875,0.422472,0.01828,0.0128288,0.654993,0.379146,0.854437,0.456024,0.0265813,0.0457526,0.0177574,0.195341,0.0108139,0,0.237294,0.110788,4.68384,0.0671046,0.299391,0.0865234,0.834264,6.73144,0.952983,0.940773,0.0571841,0.309962,0.479004,0.214923,0.436373,0.436373,0,0,-0.00440486,0.0341985,0.944906,0.790083,0.0137527,0.0248681,0.00262103,0.00166915,0.538316,0.0134921,-6.51446,-7.83896,15.0957,0.546706,1.04801,-16.593,-0.909091,-0.164783,1.94746,0.666667,12.7917,0,0,40.375,27.3333,0,-11.186,0.0001,-0.00100809,0.136795,1.59349,0.120548,57352,0.11672,56.3,1.93272
931,0.455255,0.427686,0.0181887,0.0123186,0.659388,0.38252,0.854308,0.459901,0.0266124,0.0441718,0.0178313,0.197056,0.0106085,0,0.24049,0.112905,4.68972,0.0657185,0.300803,0.085748,0.834883,6.74741,0.953032,0.941069,0.0575922,0.311856,0.486203,0.21709,0.443658,0.443658,0,0,-0.00436326,0.0333476,0.94749,0.790693,0.01367,0.0247367,0.00270852,0.0017393,0.539197,0.0136569,-6.64463,-7.37608,14.8668,0.547557,1.03545,-16.983,-0.909091,-0.166398,1.9706,0.333333,9.625,0,0,41.25,26.8333,0,-11.1837,0.0001,-0.00101955,0.131049,1.56723,0.124027,58124,0.11675,56.31,1.99154
932,0.451303,0.42522,0.0182165,0.0125866,0.657124,0.380731,0.85407,0.460311,0.0263415,0.0451916,0.0176156,0.195806,0.0105684,0,0.238524,0.112639,4.66469,0.0660583,0.299795,0.0849601,0.834729,6.74426,0.953871,0.940979,0.0570559,0.31025,0.484392,0.215544,0.438226,0.438226,0,0,-0.00440827,0.0335411,0.946234,0.792796,0.0135089,0.0245382,0.00259805,0.00163454,0.538671,0.0133521,-6.62321,-7.74792,14.875,0.549656,1.03523,-16.7387,-0.909091,-0.165698,1.95991,0.5,10.9583,0,0,40.2083,27.1667,0,-11.1816,0.0001,-0.000980035,0.129779,1.58638,0.121436,57561,0.116789,55.57,2.01696
933,0.450741,0.427225,0.0182827,0.0122754,0.657522,0.383306,0.855379,0.464988,0.0263092,0.0458153,0.0175945,0.195931,0.0106258,0,0.237891,0.114694,4.67215,0.0668277,0.299217,0.0851975,0.834258,6.7453,0.953889,0.940764,0.0567598,0.305909,0.484891,0.215573,0.478952,0.478952,0,0,-0.00439301,0.0341326,0.946034,0.793288,0.0134985,0.0245399,0.00274366,0.00171616,0.539109,0.0133237,-6.43719,-7.87886,14.8938,0.550355,1.04092,-16.6438,-0.909091,-0.165278,1.9716,0.333333,11.875,0,0,38.2917,26.5833,0,-11.1795,0.0001,-0.000964474,0.128787,1.52401,0.119005,59831,0.116825,54.48,1.86368
934,0.452772,0.428345,0.0182433,0.012149,0.658441,0.38452,0.854827,0.462013,0.026529,0.0450437,0.0177277,0.195514,0.0106979,0,0.237966,0.113493,4.65272,0.0655783,0.299217,0.0857964,0.834684,6.73785,0.95426,0.940892,0.0567865,0.305369,0.484337,0.215261,0.460886,0.460886,0,0,-0.00439552,0.0336411,0.9458,0.791096,0.0136447,0.0247747,0.00256564,0.0015839,0.537714,0.0134184,-6.60051,-7.68991,15.0351,0.546601,1.04688,-16.6987,-0.909091,-0.165754,1.97509,0.291667,11.7917,0,0,40.7917,26.5,0,-11.1771,0.0001,-0.00115115,0.141661,1.58003,0.123586,57703,0.116868,55.22,1.96919
935,0.452387,0.427861,0.0182563,0.0123187,0.658819,0.383552,0.854529,0.459744,0.0266268,0.04521,0.0178048,0.197054,0.0106258,0,0.238998,0.112489,4.68253,0.0658934,0.300431,0.0856215,0.834538,6.74033,0.953988,0.940849,0.0567782,0.30751,0.482652,0.216506,0.44723,0.44723,0,0,-0.00439,0.0334692,0.946187,0.791046,0.0136754,0.0248313,0.002549,0.00158953,0.537839,0.0134904,-6.5801,-7.60627,14.9975,0.54721,1.0452,-16.7941,-0.909091,-0.165831,1.97223,0.708333,11.2917,0,0,40.3333,27.25,0,-11.1749,0.0001,-0.00137039,0.13273,1.54301,0.12282,59011,0.116882,55.08,1.89578
936,0.453041,0.430443,0.0182619,0.0121961,0.660002,0.385909,0.854333,0.462371,0.0261802,0.0459358,0.0175008,0.196918,0.0105607,0,0.239325,0.113551,4.66596,0.0670283,0.300374,0.0850927,0.833628,6.74937,0.954198,0.940831,0.0569023,0.308606,0.48373,0.216716,0.461882,0.461882,0,0,-0.00442317,0.0340192,0.945726,0.794255,0.0134173,0.0244346,0.00274678,0.00172014,0.53938,0.0131984,-6.52001,-7.96418,14.8841,0.551101,1.03798,-16.5929,-0.909091,-0.166063,1.98392,0.416667,11.625,0,0,39.0833,26.6667,0,-11.1732,0.0001,-0.00106053,0.135032,1.55456,0.120946,58671,0.116912,55.49,2.05968
937,0.455343,0.427948,0.0182641,0.0123778,0.66061,0.383878,0.854783,0.460593,0.0260043,0.0470719,0.017382,0.197883,0.0106093,0,0.240474,0.113522,4.68201,0.0679151,0.301249,0.0850193,0.832917,6.73865,0.953563,0.940824,0.0568317,0.302347,0.486415,0.217548,0.449245,0.449245,0,0,-0.00444879,0.0337982,0.944959,0.79604,0.0133223,0.0243084,0.00277389,0.00176102,0.539463,0.0130664,-6.39065,-8.25076,14.8091,0.555033,1.04263,-16.4328,-0.909091,-0.166242,1.97234,0.583333,13.125,0,0,39,27.5,0,-11.168,0.0001,-0.00128598,0.125079,1.58136,0.121445,57730,0.116974,55.65,1.95285
938,0.449685,0.424392,0.0182217,0.0125145,0.656346,0.380173,0.853974,0.459311,0.0263632,0.0459069,0.0176324,0.194879,0.0105987,0,0.237279,0.112332,4.68556,0.0670907,0.298943,0.0855693,0.833891,6.73914,0.953155,0.940962,0.0564781,0.310933,0.483731,0.214639,0.447155,0.447155,0,0,-0.0044088,0.0339289,0.945956,0.793634,0.0134949,0.0245766,0.00260298,0.00162916,0.538074,0.0133199,-6.50548,-7.82789,14.9071,0.550018,1.03864,-16.68,-0.909091,-0.165339,1.95642,0.458333,10.875,0,0,38.6667,27.1667,0,-11.1622,0.0001,-0.00125791,0.133423,1.62517,0.124674,56178,0.117034,55.89,2.05189
939,0.453591,0.424083,0.0182063,0.012448,0.660262,0.380306,0.854753,0.457246,0.0262801,0.0456805,0.0175853,0.196499,0.0105234,0,0.239536,0.111952,4.64649,0.066291,0.30073,0.0851283,0.832624,6.74647,0.953798,0.941012,0.0565677,0.300289,0.485328,0.216382,0.439255,0.439255,0,0,-0.00441539,0.0337122,0.946362,0.794777,0.0134457,0.0244504,0.00277684,0.00178945,0.540381,0.0132827,-6.44001,-7.82022,14.8278,0.552587,1.03556,-16.707,-0.909091,-0.166466,1.95642,0.583333,11.1667,0,0,38.0833,27.9167,0,-11.1605,0.0001,-0.00101949,0.135502,1.58647,0.122795,57512,0.117039,55.67,1.92777
940,0.450807,0.428249,0.0181583,0.0122892,0.655253,0.382246,0.854279,0.461233,0.0264304,0.0460554,0.0176748,0.193935,0.0106915,0,0.237329,0.112828,4.67438,0.0673407,0.298983,0.0860195,0.833792,6.74057,0.953297,0.941167,0.0563302,0.310675,0.483394,0.213681,0.454645,0.454645,0,0,-0.00440425,0.0341945,0.945271,0.792179,0.0135905,0.0246565,0.00267711,0.00174352,0.540183,0.013389,-6.5788,-7.87277,14.9378,0.55091,1.04052,-16.6491,-0.909091,-0.165745,1.97496,0.541667,11.8333,0,0,40.5833,27.2917,0,-11.1626,0.0001,-0.00116268,0.127729,1.6031,0.119867,57055,0.117042,55.01,1.88502
941,0.448074,0.423132,0.0182533,0.0126907,0.654462,0.379542,0.855008,0.461963,0.026226,0.0463407,0.0175241,0.194095,0.0106417,0,0.236033,0.113579,4.67363,0.0675988,0.29863,0.0853286,0.834658,6.74193,0.954063,0.940859,0.0565629,0.307318,0.484052,0.21361,0.455086,0.455086,0,0,-0.00442112,0.0339229,0.945116,0.793499,0.0134797,0.0244929,0.00261992,0.00165662,0.53976,0.0132136,-6.49147,-8.02295,14.9348,0.550536,1.03907,-16.5273,-0.909091,-0.164765,1.9527,0.5,12.5,0,0,38.25,26.0833,0,-11.1621,0.0001,-0.00113574,0.128644,1.58602,0.119573,57636,0.117083,55.44,1.84989
942,0.452206,0.429125,0.0182258,0.0124586,0.65857,0.384971,0.854868,0.46415,0.0260965,0.0466406,0.0174291,0.19557,0.0105634,0,0.237945,0.113968,4.66527,0.0673256,0.299508,0.0850327,0.833934,6.74645,0.954396,0.940948,0.0563346,0.301601,0.485619,0.215132,0.457922,0.457922,0,0,-0.00442299,0.0340989,0.945087,0.795552,0.0133747,0.024362,0.00277003,0.00177406,0.541411,0.0131067,-6.43231,-8.11276,14.8634,0.552823,1.03811,-16.4975,-0.909091,-0.165888,1.97938,0.208333,12.5,0,0,37.8333,28.25,0,-11.1585,0.0001,-0.00127104,0.127773,1.55789,0.119151,58617,0.117137,55.94,1.83392
943,0.451261,0.427191,0.0182153,0.0125605,0.658284,0.382594,0.85519,0.461877,0.0266473,0.0448369,0.0178208,0.195757,0.0106562,0,0.23861,0.113282,4.65253,0.0661009,0.299686,0.085576,0.837629,6.74323,0.954114,0.940982,0.0566852,0.304368,0.484458,0.215419,0.446331,0.446331,0,0,-0.00437602,0.0331959,0.946589,0.790511,0.0136866,0.0248292,0.00258174,0.0016361,0.539005,0.013518,-6.61495,-7.54809,14.987,0.545388,1.04264,-16.8353,-0.909091,-0.166083,1.97137,0.541667,11.3333,0,0,40.875,27,0,-11.1556,0.0001,-0.00110489,0.132546,1.55681,0.117939,58697,0.117148,55.96,1.80985
944,0.452154,0.425447,0.0182794,0.0123285,0.659932,0.381749,0.854642,0.457538,0.0266081,0.0453225,0.0177773,0.197656,0.0107278,0,0.23958,0.112218,4.68492,0.0667985,0.30101,0.0860759,0.833999,6.73774,0.953072,0.940775,0.0574943,0.316794,0.482404,0.217149,0.452274,0.452274,0,0,-0.00438296,0.034524,0.94587,0.790315,0.0137086,0.0248571,0.00269455,0.00168692,0.538239,0.0134988,-6.51935,-7.68742,15.0434,0.546322,1.04425,-16.7127,-0.909091,-0.165964,1.96169,0.416667,11.3333,0,0,40.7083,25.8333,0,-11.1574,0.0001,-0.00119261,0.131762,1.53218,0.119922,59502,0.117126,54.84,1.72891
945,0.450719,0.423617,0.0182718,0.0126702,0.659496,0.380396,0.854673,0.456141,0.0268395,0.0444189,0.0179554,0.197208,0.0107606,0,0.239453,0.11095,4.68426,0.0662889,0.300569,0.0863307,0.83666,6.73071,0.952303,0.940799,0.0579162,0.314361,0.482238,0.21709,0.437428,0.437428,0,0,-0.00436799,0.0332696,0.946143,0.787197,0.0138588,0.0250459,0.00254854,0.00158797,0.536445,0.0136794,-6.66349,-7.45922,15.1593,0.540892,1.05065,-16.8385,-0.909091,-0.165768,1.95457,0.5,11.6667,0,0,42.25,24.5417,0,-11.1605,0.0001,-0.000784565,0.128492,1.56149,0.120937,58430,0.117125,55.43,2.15769
946,0.453585,0.425082,0.018277,0.0124513,0.660808,0.382353,0.85487,0.457625,0.0264341,0.0450332,0.0176764,0.197543,0.0106077,0,0.239657,0.112288,4.66446,0.0664921,0.300419,0.0851868,0.834429,6.74183,0.953978,0.940782,0.0568376,0.30855,0.483992,0.21736,0.44265,0.44265,0,0,-0.00439029,0.0337647,0.946348,0.791482,0.0135951,0.0246382,0.00290945,0.00187194,0.541743,0.0133965,-6.52036,-7.67744,15.0022,0.545104,1.03697,-16.7158,-0.909091,-0.166013,1.96106,0.416667,11.625,0,0,40.125,26.7917,0,-11.1594,0.0001,-0.00102943,0.124267,1.55925,0.119329,58563,0.117154,55.64,2.06594
947,0.452436,0.432589,0.0182196,0.012269,0.659057,0.38731,0.854646,0.465751,0.0262826,0.0457084,0.0175844,0.195693,0.0106129,0,0.238671,0.114361,4.67819,0.0675531,0.299875,0.0852346,0.832828,6.73811,0.953633,0.940968,0.0566624,0.306549,0.483299,0.215602,0.45861,0.45861,0,0,-0.00440245,0.0341497,0.945624,0.794253,0.0134949,0.0245109,0.00274979,0.00179927,0.541049,0.0133018,-6.55042,-7.86974,14.8657,0.551696,1.03513,-16.6597,-0.909091,-0.166256,1.99454,0.541667,11.625,0,0,38.25,28.875,0,-11.1564,0.0001,-0.00106998,0.13013,1.57203,0.118825,58138,0.117196,56.1,2.13113
948,0.452927,0.42617,0.0181746,0.0124538,0.659584,0.381534,0.853573,0.458606,0.026469,0.0452721,0.0177195,0.197094,0.0106532,0,0.240619,0.112116,4.68644,0.0673295,0.301083,0.0854395,0.832836,6.74227,0.953492,0.941114,0.057186,0.30957,0.483196,0.2171,0.436224,0.436224,0,0,-0.00436619,0.0342777,0.946243,0.792195,0.0136134,0.0246343,0.00284188,0.00186547,0.541324,0.0134437,-6.60404,-7.60716,14.9733,0.546803,1.03416,-16.7921,-0.909091,-0.16665,1.96254,0.541667,10.75,0,0,39.9583,27.6667,0,-11.1543,0.0001,-0.00111405,0.124212,1.5533,0.122878,58647,0.117203,55.33,1.77709
949,0.447213,0.426228,0.0182733,0.0123823,0.654878,0.382042,0.853643,0.462799,0.0267042,0.0450247,0.0178603,0.195722,0.0107826,0,0.237416,0.113475,4.69258,0.0674611,0.298647,0.085964,0.83499,6.73062,0.952582,0.940794,0.057548,0.31309,0.481877,0.21524,0.462563,0.462563,0,0,-0.00436106,0.0344648,0.94603,0.789109,0.0137717,0.0249183,0.00277994,0.00175392,0.537734,0.0135807,-6.51398,-7.58973,15.0979,0.543367,1.04631,-16.7457,-0.909091,-0.164614,1.96355,0.666667,10.9583,0,0,40.625,25.6667,0,-11.1553,0.0001,-0.000991619,0.134753,1.59606,0.127117,57048,0.11721,57.25,2.1571
950,0.453302,0.428075,0.0182478,0.0123734,0.659544,0.383838,0.854034,0.459666,0.0263885,0.0452363,0.0176533,0.196401,0.010639,0,0.239052,0.112606,4.70273,0.0677209,0.299543,0.0853994,0.833158,6.74432,0.95378,0.940877,0.0572137,0.307159,0.483082,0.216334,0.451015,0.451015,0,0,-0.00437698,0.0342732,0.946255,0.792058,0.0135594,0.0245854,0.00278039,0.0017555,0.539427,0.0133845,-6.56259,-7.6678,14.9721,0.54625,1.03503,-16.734,-0.909091,-0.16601,1.97333,0.625,10.9167,0,0,40.875,27.1667,0,-11.1552,0.0001,-0.00100034,0.13135,1.63827,0.122544,55828,0.11722,54.75,1.91477
951,0.448867,0.423291,0.0181901,0.0127962,0.657109,0.378677,0.853424,0.458741,0.0267978,0.0437294,0.017946,0.196002,0.0106449,0,0.239314,0.11224,4.66641,0.0661065,0.29996,0.0857234,0.834816,6.73634,0.953345,0.941064,0.056976,0.315205,0.482228,0.216063,0.439513,0.439513,0,0,-0.00431825,0.0345885,0.947801,0.789011,0.013817,0.0249158,0.00266984,0.00168208,0.53769,0.0137496,-6.65251,-7.14851,15.03,0.541873,1.03577,-17.0356,-0.909091,-0.165889,1.95018,0.375,9.33333,0,0,41.5,26.125,0,-11.1575,0.0001,-0.00112135,0.130429,1.55369,0.12127,58690,0.117189,54.96,1.74921
952,0.449829,0.427905,0.0182623,0.0123215,0.658558,0.383096,0.853295,0.460978,0.0267028,0.0446537,0.0178687,0.19636,0.0106369,0,0.23847,0.11267,4.65782,0.0661755,0.299639,0.085575,0.835777,6.74508,0.953722,0.94083,0.0571088,0.309759,0.480814,0.216163,0.462281,0.462281,0,0,-0.00438104,0.0335823,0.946741,0.789398,0.0137547,0.0248522,0.0027173,0.0017247,0.539398,0.0135716,-6.65916,-7.4122,15.057,0.542923,1.0376,-16.8781,-0.909091,-0.165763,1.97019,0.375,10.7083,0,0,40.375,26.0833,0,-11.1627,0.0001,-0.000877981,0.133301,1.5295,0.120966,59561,0.117163,56.54,2.02088
953,0.452201,0.428944,0.0181593,0.012255,0.659694,0.383292,0.853129,0.46479,0.0265115,0.0441989,0.0177409,0.196742,0.0105874,0,0.240358,0.113912,4.66462,0.066204,0.300559,0.0853043,0.836162,6.74354,0.953567,0.941164,0.0564164,0.305788,0.485315,0.216749,0.464233,0.464233,0,0,-0.00434533,0.0340855,0.947237,0.790527,0.0136579,0.0246472,0.00274573,0.0017273,0.538314,0.0135504,-6.63579,-7.41623,14.9987,0.543224,1.03385,-16.8902,-0.909091,-0.166649,1.97492,0.583333,10.125,0,0,39.9167,26.2083,0,-11.1666,0.0001,-0.00106463,0.134374,1.54663,0.117648,59067,0.117133,56.01,2.15289
954,0.454186,0.428921,0.0182001,0.0121985,0.659888,0.383777,0.854002,0.463324,0.0263904,0.0451364,0.017656,0.197072,0.0106032,0,0.239891,0.113943,4.67937,0.0668066,0.300506,0.085162,0.834697,6.73732,0.952699,0.941031,0.0573488,0.30621,0.485801,0.21663,0.45978,0.45978,0,0,-0.00438993,0.0341964,0.946445,0.79225,0.0135553,0.0246153,0.00277476,0.00173556,0.538315,0.0133467,-6.49156,-7.67651,14.9952,0.545092,1.04124,-16.7299,-0.909091,-0.166467,1.97773,0.458333,11.6667,0,0,41,27.625,0,-11.1715,0.0001,-0.00131541,0.130746,1.51365,0.12113,60132,0.117111,54.96,1.7965
955,0.450188,0.423825,0.0181518,0.0125818,0.656906,0.378463,0.852816,0.459915,0.0266284,0.0446428,0.0178365,0.195302,0.0106476,0,0.238804,0.112606,4.6876,0.0670389,0.299379,0.0854473,0.834563,6.73959,0.953309,0.941188,0.0567726,0.308774,0.483327,0.215186,0.445137,0.445137,0,0,-0.00435532,0.0341946,0.946827,0.791005,0.0137056,0.0247821,0.00263686,0.00167112,0.538506,0.0135789,-6.6412,-7.38183,14.9886,0.545683,1.03336,-16.9132,-0.909091,-0.166162,1.95109,0.333333,9.70833,0,0,40.4583,25.875,0,-11.1748,0.0001,-0.00110597,0.136529,1.52688,0.121042,59653,0.11709,56.98,2.0548
956,0.450952,0.423454,0.0181644,0.0124667,0.657513,0.377714,0.853312,0.457282,0.026346,0.0451208,0.0176327,0.196519,0.010648,0,0.240026,0.111892,4.66304,0.0670509,0.30019,0.0848683,0.832824,6.74142,0.953525,0.941133,0.0566389,0.309146,0.48447,0.216135,0.445094,0.445094,0,0,-0.00438507,0.0345716,0.9464,0.792589,0.0135354,0.0245307,0.00270879,0.00172549,0.538978,0.0133404,-6.59082,-7.68465,14.8999,0.548325,1.03632,-16.7703,-0.90866,-0.16634,1.95195,0.416667,11.6667,0,0,41.125,27.25,0.0416667,-11.178,0.0001,-0.00114377,0.133573,1.53398,0.120512,59416,0.117082,55.22,2.08645
957,0.452126,0.429127,0.0181232,0.0124205,0.657906,0.382577,0.852599,0.463817,0.0267467,0.0442794,0.0178985,0.195692,0.0106843,0,0.239339,0.113755,4.66666,0.0668769,0.299671,0.0859752,0.837217,6.74174,0.953605,0.941281,0.056787,0.31243,0.484376,0.215433,0.449229,0.449229,0,0,-0.00435333,0.0340133,0.946687,0.789412,0.0137924,0.0248967,0.00246085,0.00154796,0.536761,0.0136407,-6.67456,-7.42469,15.0106,0.545161,1.03991,-16.9145,-0.909091,-0.166678,1.97578,0.625,10.75,0,0,41.6667,25.2083,0,-11.1788,0.0001,-0.0010017,0.128912,1.53213,0.119097,59534,0.117096,56.16,1.90393
958,0.453152,0.42536,0.0181797,0.0125132,0.659292,0.380699,0.852612,0.459451,0.0260144,0.0463141,0.0174116,0.195513,0.0106098,0,0.239128,0.112588,4.67915,0.0682015,0.299059,0.0848147,0.836786,6.74448,0.954901,0.941097,0.05671,0.303804,0.486039,0.215528,0.443908,0.443908,0,0,-0.00444056,0.0337758,0.945388,0.794626,0.0133705,0.0242695,0.00258319,0.00159466,0.537701,0.0131142,-6.55881,-8.03102,14.8799,0.5515,1.03496,-16.5384,-0.909091,-0.166531,1.95715,0.541667,11.9583,0,0,39.6667,24.9167,0,-11.1795,0.0001,-0.00102182,0.132126,1.55601,0.125051,58477,0.117118,56.39,1.95293
959,0.450763,0.430042,0.0181242,0.0122222,0.657322,0.382777,0.852902,0.466392,0.0262676,0.0456059,0.017563,0.195222,0.0106558,0,0.238798,0.114677,4.68451,0.067275,0.298998,0.0850274,0.835602,6.74394,0.954334,0.941264,0.0562815,0.305953,0.485949,0.21474,0.471467,0.471467,0,0,-0.00439712,0.0336388,0.945868,0.793266,0.0135154,0.0245048,0.00267072,0.00166265,0.539054,0.0132793,-6.54152,-7.82362,14.9436,0.548897,1.03395,-16.633,-0.90867,-0.16649,1.98036,0.541667,11.9167,0,0,39.25,27,0.0416667,-11.1768,0.0001,-0.000912942,0.13648,1.6049,0.123063,56890,0.117165,55.17,1.7165
960,0.453963,0.42877,0.018067,0.0123232,0.65847,0.380397,0.853029,0.460012,0.026696,0.0442993,0.0178973,0.196674,0.0106818,0,0.241454,0.112358,4.6368,0.0666308,0.301252,0.0855742,0.83399,6.74043,0.953739,0.941463,0.0566255,0.315243,0.483993,0.216498,0.444562,0.444562,0,0,-0.004359,0.0339985,0.946815,0.79009,0.0137446,0.0247674,0.0025751,0.00165766,0.538855,0.0136214,-6.71293,-7.35746,14.9547,0.546051,1.03119,-16.9783,-0.909091,-0.167475,1.97627,0.583333,9.83333,0,0,41,25.875,0.0416667,-11.1739,0.0001,-0.000713205,0.129122,1.58344,0.127948,57440,0.117199,55.9,1.87466
961,0.451003,0.431401,0.0181418,0.0122525,0.657128,0.384949,0.854105,0.468349,0.0265297,0.0454417,0.0177574,0.196271,0.0106105,0,0.239473,0.115305,4.67594,0.0675153,0.300095,0.0851232,0.8358,6.74469,0.954006,0.941204,0.0568134,0.30904,0.485483,0.215646,0.466306,0.466306,0,0,-0.00439783,0.033404,0.94646,0.792172,0.0135989,0.0246813,0.00267965,0.00169605,0.538047,0.0133981,-6.53762,-7.60727,14.9192,0.548535,1.03905,-16.8208,-0.908592,-0.166328,1.98956,0.583333,11.2917,0,0,42.125,27,0.0833333,-11.1738,0.0001,-0.00110895,0.12958,1.56651,0.124917,58118,0.117222,55.87,2.10567
962,0.451017,0.429871,0.0181976,0.0123012,0.657528,0.384336,0.853024,0.464956,0.0265266,0.045346,0.0177316,0.196348,0.0106656,0,0.239149,0.11414,4.66864,0.0669015,0.299534,0.0855321,0.834703,6.73618,0.95342,0.94104,0.0569369,0.308772,0.485356,0.215955,0.459636,0.459636,0,0,-0.00440607,0.0336528,0.946125,0.791515,0.0136313,0.024735,0.00253814,0.00154759,0.536123,0.0133927,-6.53851,-7.70331,14.9802,0.548301,1.04151,-16.7319,-0.909091,-0.166006,1.97817,0.375,10.7917,0,0,39.125,26.9167,0,-11.1742,0.0001,-0.00117037,0.13573,1.61139,0.118733,56818,0.11723,55.89,2.14484
963,0.450678,0.424743,0.0181728,0.0126807,0.656869,0.379236,0.853442,0.464067,0.0265688,0.0445747,0.0177968,0.195639,0.010612,0,0.239187,0.114554,4.66504,0.0667884,0.299265,0.0854755,0.837255,6.73842,0.953246,0.94112,0.057377,0.31246,0.487065,0.215558,0.446443,0.446443,0,0,-0.00438425,0.0325279,0.946664,0.790456,0.0136738,0.0247319,0.00258493,0.00160664,0.537539,0.0135,-6.60206,-7.495,15.0187,0.544689,1.03889,-16.8556,-0.909091,-0.166073,1.95714,0.708333,10.875,0,0,41.2083,25,0,-11.175,0.0001,-0.000842271,0.137079,1.59043,0.127006,57238,0.117254,56.5,1.91144
964,0.450062,0.428457,0.0181701,0.0124294,0.656699,0.381672,0.853897,0.464297,0.026341,0.0455145,0.0176218,0.195519,0.0105861,0,0.238967,0.114342,4.64741,0.0675695,0.299972,0.0849036,0.835268,6.73884,0.953669,0.941129,0.0565589,0.312996,0.484863,0.215115,0.463054,0.463054,0,0,-0.00441855,0.0328862,0.946111,0.792819,0.0135008,0.0245013,0.00244924,0.00153212,0.537359,0.0132894,-6.66354,-7.76093,14.8859,0.550004,1.03446,-16.7278,-0.909091,-0.166236,1.97419,0.875,12.125,0,0,40.6667,26.0417,0,-11.1744,0.0001,-0.000902426,0.139594,1.57279,0.123837,57940,0.117269,55.44,1.91003
965,0.452879,0.427863,0.0182352,0.0122326,0.657645,0.382675,0.854462,0.462056,0.0264906,0.0461216,0.0177056,0.196151,0.010735,0,0.238489,0.113378,4.67678,0.0680571,0.299029,0.0861303,0.836688,6.73207,0.95293,0.940918,0.0577757,0.312902,0.484871,0.215597,0.466709,0.466709,0,0,-0.00442745,0.0333525,0.945263,0.791517,0.0136016,0.0247418,0.00267829,0.00167134,0.538131,0.0133236,-6.43469,-7.89335,15.0578,0.547356,1.04751,-16.5879,-0.909091,-0.165765,1.97308,0.583333,11.5417,0,0,40.75,25.75,0,-11.1767,0.0001,-0.000722453,0.136602,1.55309,0.123486,58633,0.117266,55.15,1.89874
966,0.452184,0.427215,0.0181984,0.012268,0.658551,0.382049,0.854324,0.458961,0.0261589,0.0469598,0.0174848,0.196744,0.0106912,0,0.239232,0.112339,4.67949,0.0690845,0.300465,0.0851143,0.832908,6.73712,0.95379,0.941037,0.0562971,0.305383,0.484221,0.215805,0.445385,0.445385,0,0,-0.00445827,0.0331933,0.944433,0.794415,0.013407,0.0244518,0.00255491,0.00158317,0.536997,0.0130555,-6.48214,-8.21607,14.9043,0.553398,1.04299,-16.4344,-0.909091,-0.166353,1.96926,0.75,13.1667,0,0,38.125,25.8333,0,-11.1787,0.0001,-0.00115608,0.133493,1.54454,0.117417,59149,0.11728,55.24,1.9806
967,0.452837,0.430263,0.018122,0.0122175,0.657541,0.383456,0.854458,0.464793,0.0263716,0.0455237,0.0176639,0.194967,0.0106051,0,0.238536,0.114222,4.67323,0.0677452,0.298809,0.0852966,0.835403,6.74383,0.953634,0.941285,0.056947,0.309353,0.486548,0.214423,0.456114,0.456114,0,0,-0.00441725,0.0329889,0.946282,0.793902,0.0135024,0.0245146,0.00268482,0.00172059,0.539829,0.0133025,-6.57971,-7.69504,14.8648,0.550761,1.0317,-16.7719,-0.909091,-0.16659,1.98487,0.416667,11.125,0,0,39.9167,27.0417,0,-11.1795,0.0001,-0.00107661,0.13089,1.53928,0.120424,59229,0.117284,55.54,2.04197
968,0.450679,0.425823,0.0182046,0.0126202,0.657709,0.380771,0.853847,0.460231,0.0267591,0.0446476,0.0179074,0.195413,0.0106592,0,0.238283,0.112987,4.67996,0.0667328,0.299483,0.0858332,0.83819,6.73332,0.953147,0.941017,0.0569085,0.311787,0.484329,0.215293,0.44687,0.44687,0,0,-0.00439838,0.0321444,0.946563,0.788588,0.0137604,0.0249001,0.00252193,0.00158655,0.537122,0.0135607,-6.67765,-7.4321,15.0997,0.54193,1.04354,-16.8908,-0.909091,-0.165881,1.96238,0.541667,11.25,0,0,43.25,26.0833,0,-11.181,0.0001,-0.00114546,0.129536,1.55395,0.119145,58755,0.117291,55.79,1.99751
969,0.451746,0.428027,0.0182219,0.0122383,0.659373,0.383168,0.854633,0.463752,0.0268484,0.0443935,0.0179632,0.197926,0.010802,0,0.240771,0.113815,4.68167,0.067338,0.301038,0.086349,0.835587,6.73273,0.95363,0.940961,0.0573341,0.314998,0.484565,0.217702,0.456486,0.456486,0,0,-0.00435208,0.0332136,0.946619,0.7882,0.0138403,0.0250122,0.0025992,0.00160618,0.537549,0.0136241,-6.68555,-7.36535,15.1116,0.542232,1.04413,-16.8951,-0.909091,-0.16618,1.97389,0.75,10.5,0,0,41.4167,22.75,0,-11.1811,0.0001,-0.000970426,0.130366,1.5524,0.120034,58779,0.117323,55.85,1.97492
970,0.452695,0.43002,0.01818,0.0122059,0.658734,0.384625,0.853877,0.464876,0.0266016,0.0443516,0.017809,0.196067,0.0106307,0,0.239516,0.114153,4.67706,0.0666262,0.300535,0.0855248,0.83805,6.74149,0.954,0.941097,0.0567846,0.312412,0.485346,0.216178,0.460529,0.460529,0,0,-0.00437795,0.032017,0.947006,0.789603,0.0137007,0.0247229,0.0026452,0.00166361,0.538411,0.0135342,-6.68338,-7.40432,15.0416,0.542742,1.03117,-16.8916,-0.909091,-0.166369,1.98154,0.208333,10.25,0,0,40.5833,26.625,0,-11.1792,0.0001,-0.00110052,0.127091,1.55417,0.118273,58778,0.117352,55.39,2.02345
971,0.451107,0.430334,0.0181933,0.012336,0.657557,0.384438,0.854346,0.467494,0.026508,0.0446272,0.0177228,0.195817,0.0106126,0,0.238971,0.115059,4.68683,0.0673525,0.299618,0.0851553,0.836744,6.73919,0.953419,0.941054,0.0565334,0.310118,0.485,0.215641,0.472116,0.472116,0,0,-0.00437155,0.03353,0.946563,0.790058,0.0136649,0.0246914,0.00267218,0.00165624,0.536984,0.0134787,-6.6388,-7.54936,15.0305,0.543557,1.03536,-16.789,-0.909091,-0.16604,1.98493,0.416667,11.0833,0,0,41.25,26.3333,0,-11.1804,0.0001,-0.00104833,0.127412,1.54183,0.122027,59081,0.11734,56.05,2.05624
972,0.448065,0.425731,0.0182244,0.0125454,0.657472,0.381197,0.853358,0.463256,0.0268301,0.043991,0.0179608,0.196166,0.0106536,0,0.239059,0.11364,4.66256,0.0664326,0.300082,0.0855817,0.837897,6.73334,0.953009,0.940953,0.0571193,0.316205,0.483004,0.216091,0.465715,0.465715,0,0,-0.0043797,0.0321401,0.946955,0.788542,0.0137963,0.02495,0.00251547,0.00155472,0.536474,0.0136026,-6.73162,-7.25684,15.1249,0.540369,1.04307,-16.9637,-0.909091,-0.165717,1.96199,0.5,10.4583,0,0,42.0833,24.0417,0,-11.1834,0.0001,-0.00100308,0.132397,1.54159,0.122299,59081,0.117338,55.16,1.8527
973,0.448657,0.424957,0.0182009,0.0124866,0.656785,0.379972,0.853308,0.462322,0.0272958,0.042861,0.0182753,0.197187,0.0107689,0,0.24033,0.113294,4.65645,0.0657756,0.300995,0.086815,0.83587,6.7285,0.952476,0.941029,0.0572628,0.320079,0.484378,0.21707,0.453736,0.453736,0,0,-0.00431766,0.0327944,0.948157,0.785121,0.0140636,0.0253569,0.00266624,0.00169573,0.538207,0.0139686,-6.69807,-6.83492,15.2223,0.53543,1.04437,-17.2041,-0.909091,-0.165726,1.95859,0.458333,9.54167,0,0,44.0417,25.5,0,-11.1829,0.0001,-0.00121678,0.132496,1.60988,0.126637,56609,0.117367,55.91,1.99532
974,0.447403,0.426003,0.0182351,0.0127675,0.655777,0.381152,0.853824,0.462298,0.027033,0.0445153,0.0180728,0.196088,0.0107599,0,0.23857,0.113363,4.70988,0.0674758,0.299125,0.0865976,0.835833,6.73085,0.953006,0.940918,0.0572502,0.318936,0.482483,0.215652,0.441466,0.441466,0,0,-0.00435393,0.0329216,0.946371,0.786253,0.0139682,0.0252029,0.00272881,0.00172871,0.537796,0.0137303,-6.65679,-7.3025,15.2144,0.540117,1.04914,-16.918,-0.909091,-0.165337,1.96464,0.458333,10.7917,0,0,42.1667,24.9583,0,-11.1791,0.0001,-0.000998296,0.134149,1.55311,0.124386,58601,0.117427,55.7,1.97076
975,0.453155,0.429099,0.0181747,0.0121779,0.65891,0.383075,0.853733,0.463217,0.0263001,0.0450364,0.0176219,0.196517,0.0105706,0,0.239736,0.11386,4.61918,0.0673593,0.300045,0.0847967,0.835795,6.75384,0.954213,0.941114,0.0564719,0.305797,0.485909,0.216353,0.461999,0.461999,0,0,-0.00439906,0.0332245,0.946846,0.793209,0.0135009,0.0244068,0.00284254,0.00179436,0.539316,0.0133195,-6.60953,-7.66017,14.8186,0.549988,1.02947,-16.8146,-0.909091,-0.166405,1.97842,0.25,11.0417,0,0,41.7083,26.5,0,-11.1754,0.0001,-0.00110634,0.132728,1.64253,0.125241,55608,0.117442,56.08,1.94909
976,0.451563,0.426855,0.0181813,0.0123724,0.658877,0.381479,0.853089,0.46183,0.0266824,0.0442726,0.0178603,0.196878,0.0106671,0,0.240426,0.113557,4.6512,0.066897,0.300768,0.08589,0.836412,6.73955,0.953741,0.941092,0.0563306,0.309642,0.48599,0.216846,0.451851,0.451851,0,0,-0.00438173,0.0325349,0.946973,0.789725,0.0137159,0.0248281,0.00259132,0.00163163,0.538313,0.0135641,-6.68963,-7.4336,15.0102,0.543167,1.03635,-16.9047,-0.909091,-0.166389,1.96579,0.583333,10.625,0,0,41.5417,25.4583,0,-11.178,0.0001,-0.000741039,0.131995,1.6213,0.129129,56159,0.117439,55.53,1.90457
977,0.451176,0.430111,0.0182083,0.0122629,0.656331,0.384937,0.853583,0.467126,0.0268138,0.0442821,0.0179552,0.195446,0.0107388,0,0.237937,0.115042,4.63695,0.0665653,0.298528,0.0860609,0.839462,6.73911,0.953245,0.941005,0.0572299,0.311738,0.486557,0.215009,0.465499,0.465499,0,0,-0.00438258,0.0327512,0.946751,0.789135,0.0137896,0.0249293,0.00271074,0.00170624,0.53816,0.0135566,-6.63377,-7.37068,15.0643,0.543105,1.04422,-16.9343,-0.909091,-0.165486,1.98277,0.5,10.7083,0,0,41.5417,25.2917,0,-11.1779,0.0001,-0.000954831,0.129448,1.62812,0.126422,56028,0.117466,55.3,2.21913
978,0.449408,0.423578,0.018152,0.0123767,0.65448,0.377887,0.852746,0.463049,0.0267657,0.0443884,0.0179196,0.1953,0.0107163,0,0.238582,0.113867,4.64845,0.0671753,0.298582,0.0862177,0.835514,6.73426,0.95326,0.941188,0.0569562,0.307784,0.485358,0.214799,0.461989,0.461989,0,0,-0.00435354,0.0338124,0.946655,0.789217,0.0137923,0.0249012,0.002712,0.00171732,0.538787,0.0136191,-6.64662,-7.42104,15.0303,0.544564,1.04213,-16.9215,-0.909091,-0.165588,1.95133,0.458333,10.8333,0,0,41.0833,27,0,-11.1758,0.0001,-0.0009298,0.138021,1.53091,0.118475,59600,0.117489,55.74,1.95586
979,0.451529,0.430162,0.0182465,0.0123112,0.657186,0.385118,0.854091,0.468595,0.0265428,0.0450299,0.0177495,0.19676,0.0106936,0,0.239086,0.116113,4.64761,0.0674229,0.299882,0.085605,0.837306,6.73754,0.953598,0.940881,0.0569363,0.305115,0.48701,0.216192,0.476151,0.476151,0,0,-0.0043959,0.0326442,0.946358,0.790489,0.0136584,0.0247373,0.0027667,0.00173327,0.538973,0.0133962,-6.53247,-7.66093,15.0352,0.544729,1.04224,-16.7373,-0.909091,-0.16557,1.98301,0.416667,11.7083,0,0,39.25,25.8333,0,-11.1752,0.0001,-0.00101888,0.133768,1.513,0.119516,60216,0.117516,56.13,2.10896
980,0.448096,0.423243,0.018147,0.0124854,0.655574,0.376875,0.853193,0.460518,0.0267913,0.0450632,0.0179244,0.1958,0.0107411,0,0.239067,0.112705,4.62557,0.0669537,0.29968,0.0864487,0.835634,6.73675,0.95357,0.941203,0.056491,0.30745,0.483929,0.215223,0.452933,0.452933,0,0,-0.00439091,0.0331422,0.945979,0.789637,0.0137826,0.0249281,0.00265562,0.00170463,0.538414,0.0135283,-6.66613,-7.52245,15.0414,0.546651,1.04728,-16.8592,-0.909091,-0.165987,1.95101,0.458333,10.9583,0,0,42.75,25.7917,0,-11.1734,0.0001,-0.000890505,0.130054,1.64644,0.1184,55701,0.117558,55.95,1.77193
981,0.448853,0.430981,0.0181188,0.0122249,0.654067,0.383279,0.853532,0.468448,0.0267742,0.0447278,0.0179247,0.195566,0.010717,0,0.239214,0.114949,4.62983,0.0673209,0.299906,0.0859797,0.834953,6.73683,0.953323,0.941295,0.0563327,0.309631,0.484344,0.214899,0.472829,0.472829,0,0,-0.00438277,0.0337166,0.94677,0.789931,0.0137777,0.0248715,0.00280794,0.00183703,0.54049,0.0135936,-6.60796,-7.3961,15.0366,0.544915,1.03566,-16.9063,-0.909091,-0.165953,1.98625,0.416667,10.375,0,0,40.9167,26.75,0,-11.17,0.0001,-0.000949361,0.130437,1.53725,0.11883,59359,0.117599,55.58,2.0276
982,0.452745,0.426563,0.0182945,0.0124266,0.659076,0.383192,0.853099,0.460172,0.0266312,0.0455045,0.0177807,0.197416,0.0107529,0,0.239018,0.113361,4.65171,0.0671158,0.300373,0.0861467,0.837318,6.73764,0.954231,0.940726,0.0565181,0.303684,0.485372,0.216727,0.454156,0.454156,0,0,-0.00441375,0.032645,0.94534,0.789103,0.0137443,0.0248798,0.00272334,0.00166905,0.538194,0.013418,-6.5078,-7.77482,15.143,0.544057,1.05012,-16.6167,-0.909091,-0.165555,1.96324,0.541667,12.25,0,0,40.2083,24.9167,0,-11.1682,0.0001,-0.000960381,0.133242,1.51147,0.119695,60266,0.117617,56.08,2.0342
983,0.451733,0.426162,0.0182694,0.0127017,0.659727,0.382091,0.854119,0.461637,0.0264981,0.0458119,0.0177168,0.197063,0.010786,0,0.239105,0.113171,4.62399,0.067059,0.300119,0.0859679,0.836517,6.7378,0.954253,0.940807,0.0566884,0.308621,0.483592,0.216639,0.441721,0.441721,0,0,-0.00442784,0.0325017,0.945653,0.791226,0.013636,0.0247017,0.00265628,0.00167941,0.539788,0.0133439,-6.55348,-7.79975,15.0324,0.54684,1.04374,-16.6517,-0.909091,-0.165908,1.96444,0.916667,12.2917,0,0,40.5833,27,0,-11.1682,0.0001,-0.000991281,0.130543,1.52779,0.122281,59575,0.117648,56.56,2.06984
984,0.453686,0.429285,0.0182198,0.0122166,0.659695,0.384523,0.854686,0.461211,0.0263579,0.0459758,0.0176318,0.1969,0.0106692,0,0.239223,0.113303,4.62115,0.0677227,0.300363,0.0855401,0.835144,6.74223,0.95358,0.940968,0.055749,0.303044,0.48519,0.216148,0.455141,0.455141,0,0,-0.00443101,0.0327485,0.945587,0.793303,0.0135419,0.0245491,0.00287517,0.00188244,0.541484,0.0132356,-6.51233,-7.87531,14.9175,0.550287,1.04104,-16.6608,-0.909091,-0.166349,1.98027,0.666667,11.9167,0,0,38.375,26.5833,0,-11.1656,0.0001,-0.000992902,0.127315,1.53433,0.120681,59397,0.11768,56.08,2.20838
985,0.44903,0.425828,0.0182614,0.0125036,0.656035,0.38243,0.853988,0.464503,0.0266391,0.0448302,0.0178321,0.19575,0.0106813,0,0.237835,0.114357,4.61924,0.0657255,0.299088,0.0858324,0.838915,6.73885,0.953769,0.940833,0.0566621,0.313443,0.485063,0.21554,0.456487,0.456487,0,0,-0.00439322,0.0319863,0.94675,0.789494,0.0137151,0.0247637,0.00270355,0.00170171,0.538383,0.0134635,-6.59262,-7.50965,15.0547,0.542857,1.04182,-16.832,-0.909091,-0.164965,1.96253,0.333333,10.9167,0,0,41.8333,24.4583,0,-11.1633,0.0001,-0.00113863,0.130552,1.50514,0.117137,60596,0.117715,55.73,2.01949
986,0.452687,0.433323,0.0181609,0.0121326,0.658395,0.387086,0.854305,0.470619,0.0262149,0.0449424,0.0175542,0.195517,0.0105156,0,0.239273,0.116382,4.61627,0.0666599,0.299826,0.0845135,0.838483,6.75092,0.954627,0.941159,0.0561454,0.31098,0.486939,0.215562,0.478628,0.478628,0,0,-0.0044204,0.0320422,0.946736,0.793998,0.0134415,0.024343,0.00270412,0.0017477,0.540454,0.0132244,-6.68997,-7.71689,14.7942,0.550106,1.03072,-16.787,-0.909091,-0.166578,1.99864,0.666667,11.125,0,0,42.125,26.7917,0,-11.161,0.0001,-0.000735981,0.129734,1.5005,0.11821,60729,0.117752,56.9,1.98161
987,0.452279,0.426805,0.0181718,0.0124075,0.657629,0.381793,0.853903,0.464847,0.0262825,0.0453878,0.0175823,0.195063,0.010613,0,0.238137,0.114668,4.63661,0.0677548,0.298815,0.0851765,0.837387,6.75093,0.954589,0.941123,0.0561663,0.303549,0.487057,0.214691,0.458734,0.458734,0,0,-0.00443062,0.0326171,0.946303,0.79375,0.0134729,0.0244487,0.00281071,0.00182423,0.541601,0.0131933,-6.56672,-7.81477,14.8591,0.550486,1.0325,-16.6968,-0.909091,-0.166127,1.96787,0.5,10.7083,0,0,38.875,26.2083,0,-11.1608,0.0001,-0.000274538,0.128477,1.50553,0.117216,60578,0.117749,55.84,1.99348
988,0.449446,0.424956,0.0182641,0.0127384,0.658408,0.381537,0.854204,0.46197,0.0264698,0.0447287,0.0177026,0.196759,0.0106289,0,0.238824,0.113751,4.6469,0.0668433,0.300231,0.085395,0.837516,6.74799,0.954455,0.940824,0.05631,0.305454,0.485811,0.21629,0.44863,0.44863,0,0,-0.00438804,0.032252,0.947167,0.79061,0.0136123,0.0246293,0.00282758,0.001782,0.53959,0.0133947,-6.55215,-7.57265,14.9591,0.545097,1.03801,-16.8025,-0.909091,-0.165525,1.95906,0.375,10.7917,0,0,41.5417,27,0,-11.1624,0.0001,-0.00118881,0.131856,1.49512,0.117994,60940,0.117761,56.98,2.12142
989,0.45067,0.426185,0.0181898,0.0123983,0.657458,0.380495,0.853862,0.459767,0.0265973,0.0446949,0.0178096,0.196556,0.0106283,0,0.23964,0.112735,4.63308,0.0668619,0.300675,0.0854897,0.835453,6.74211,0.954245,0.941065,0.0564058,0.306855,0.484496,0.216213,0.444981,0.444981,0,0,-0.00437361,0.0336514,0.946902,0.791306,0.0136775,0.0247219,0.00285869,0.0018563,0.540855,0.0134668,-6.58866,-7.46167,14.988,0.546083,1.03682,-16.8823,-0.909091,-0.166099,1.96535,0.541667,10.1667,0,0,40.5417,27,0,-11.1623,0.0001,-0.00106948,0.127718,1.52234,0.119967,59857,0.117759,55.26,1.74856
990,0.451108,0.428487,0.018211,0.0122263,0.657224,0.384179,0.853628,0.464923,0.0269694,0.0436625,0.0180421,0.195328,0.01073,0,0.237863,0.114499,4.65053,0.0666485,0.299254,0.0862357,0.839577,6.73473,0.953355,0.940996,0.0566545,0.314919,0.486084,0.215111,0.467693,0.467693,0,0,-0.00436163,0.0328576,0.947185,0.78761,0.0138711,0.025072,0.0025799,0.00161369,0.536661,0.0136873,-6.72381,-7.20512,15.1709,0.538873,1.04004,-16.9866,-0.909091,-0.165588,1.97614,0.5,10.5417,0,0,43.2917,25.0833,0,-11.1656,0.0001,-0.00150003,0.11913,1.54158,0.119148,59193,0.117756,55.33,1.89752
991,0.449587,0.433879,0.0181733,0.0121869,0.655745,0.387896,0.853909,0.474242,0.0268911,0.0437238,0.018013,0.195473,0.0106231,0,0.238771,0.117331,4.64106,0.0661316,0.299455,0.0858916,0.840014,6.73571,0.95286,0.941119,0.0569389,0.312401,0.487758,0.215537,0.482593,0.482593,0,0,-0.00435003,0.0334407,0.947863,0.788188,0.013825,0.0249396,0.00275259,0.00175283,0.538516,0.0136847,-6.64503,-7.1535,15.1031,0.539565,1.03705,-17.0482,-0.909091,-0.165572,2.00089,0.375,9.58333,0,0,41.9167,25.4583,0,-11.1666,0.0001,-0.00102979,0.12869,1.54676,0.123993,58837,0.11776,54.79,2.01721
992,0.453152,0.431447,0.0182478,0.0124121,0.659689,0.386525,0.853951,0.464369,0.0268971,0.0441466,0.0179799,0.196957,0.010734,0,0.239123,0.114305,4.65834,0.0668092,0.300171,0.0861435,0.837842,6.73405,0.952984,0.940877,0.0567612,0.309233,0.485825,0.216572,0.456272,0.456272,0,0,-0.00435632,0.033023,0.946733,0.787248,0.0138821,0.0250592,0.00275941,0.00174325,0.538431,0.0136324,-6.59353,-7.3444,15.1806,0.539676,1.04682,-16.887,-0.909091,-0.166032,1.98809,0.416667,11.3333,0,0,42.4583,26.4583,0,-11.1667,0.0001,-0.000971479,0.129692,1.63366,0.12862,55782,0.117764,56.82,2.09362
993,0.449749,0.423513,0.0182903,0.0128825,0.657622,0.380085,0.853316,0.458579,0.0267666,0.0443337,0.0179197,0.195128,0.0106835,0,0.236837,0.112631,4.65243,0.0671109,0.298818,0.0858973,0.842344,6.73855,0.953597,0.940739,0.0569746,0.315346,0.484401,0.214897,0.436298,0.436298,0,0,-0.0043899,0.0316756,0.946633,0.788134,0.0137738,0.0248809,0.00254646,0.00157838,0.537595,0.0135608,-6.67106,-7.43761,15.1213,0.539964,1.04314,-16.8663,-0.909091,-0.165125,1.95026,0.416667,11.3333,0,0,42.4167,23.0417,0,-11.1684,0.0001,-0.0004266,0.128692,1.56416,0.127776,58101,0.117752,55.08,2.01154
994,0.450753,0.429247,0.0182822,0.0124543,0.658641,0.385256,0.853807,0.464021,0.0269498,0.0444277,0.0180035,0.196402,0.0107447,0,0.238025,0.113744,4.65033,0.0664036,0.299822,0.0864506,0.837959,6.73237,0.953919,0.940766,0.0565359,0.31043,0.483466,0.215854,0.454406,0.454406,0,0,-0.00437606,0.0324158,0.946514,0.786993,0.0139011,0.0251412,0.00282651,0.00181338,0.540052,0.0136189,-6.5698,-7.38132,15.2154,0.539859,1.05147,-16.8584,-0.909091,-0.165512,1.97825,0.375,11.25,0,0,42.1667,25.375,0,-11.1709,0.0001,-0.0011256,0.123496,1.61472,0.122923,56573,0.117735,55.72,2.12051
995,0.451072,0.431454,0.018232,0.0124256,0.657747,0.3869,0.854279,0.468378,0.0267423,0.0438283,0.0178951,0.195911,0.0106081,0,0.238618,0.115332,4.62504,0.0663535,0.300177,0.0854968,0.839487,6.73599,0.953752,0.940928,0.0564295,0.319158,0.486462,0.215891,0.462575,0.462575,0,0,-0.00436993,0.0318402,0.947446,0.787799,0.01379,0.024854,0.00265194,0.0016673,0.537763,0.0135713,-6.6804,-7.29676,15.0985,0.539805,1.03996,-16.9591,-0.909091,-0.165607,1.98979,0.416667,10.7917,0,0,42.9583,23.7083,0,-11.1724,0.0001,-0.000949422,0.127106,1.67634,0.12756,54495,0.117736,54.93,2.1074
996,0.452735,0.428992,0.0181902,0.0124825,0.65901,0.383825,0.854817,0.467057,0.0264914,0.0445279,0.0177401,0.195529,0.0105189,0,0.238604,0.115211,4.61469,0.0658446,0.299614,0.08485,0.839521,6.74315,0.953779,0.941064,0.0562703,0.306093,0.487918,0.215407,0.465324,0.465324,0,0,-0.00440018,0.0320038,0.947153,0.790768,0.0136089,0.0245843,0.00274708,0.00175357,0.538963,0.0134041,-6.64537,-7.51512,14.9168,0.546679,1.03717,-16.8937,-0.909091,-0.166294,1.98058,0.291667,10.9167,0,0,42.0417,25.9583,0,-11.1707,0.0001,-0.00118533,0.124888,1.59679,0.129999,56928,0.117765,54.77,2.14073
997,0.450483,0.429313,0.0182024,0.0122481,0.656772,0.38378,0.854192,0.465898,0.0261757,0.0463416,0.0174883,0.194938,0.0105802,0,0.237827,0.11478,4.62817,0.0681066,0.299593,0.0849472,0.83757,6.74275,0.954566,0.941024,0.0551763,0.30125,0.485846,0.21452,0.470888,0.470888,0,0,-0.00442931,0.0330427,0.945278,0.793463,0.0134771,0.0243884,0.00273307,0.00174807,0.539746,0.013137,-6.52685,-8.0279,14.9035,0.551492,1.0358,-16.5567,-0.909091,-0.165804,1.97931,0.625,11.9583,0,0,37.9583,26.5833,0,-11.1694,0.0001,-0.000968917,0.12032,1.60242,0.124677,56918,0.117788,55.54,2.04052
998,0.451398,0.433213,0.0181849,0.0119986,0.658311,0.387044,0.85404,0.472333,0.026517,0.0452133,0.0177469,0.195249,0.0106592,0,0.238491,0.117246,4.59832,0.0662697,0.299986,0.0857807,0.839574,6.74495,0.954414,0.941081,0.0553533,0.300533,0.488834,0.214982,0.492566,0.492566,0,0,-0.00441607,0.0315909,0.946425,0.791769,0.0136129,0.024642,0.00270958,0.00175155,0.539681,0.0133734,-6.59857,-7.70972,14.9072,0.549098,1.04212,-16.7784,-0.909091,-0.166195,1.99669,0.708333,11.75,0,0,41.1667,26.6667,0,-11.1695,0.0001,-0.00113773,0.130109,1.65377,0.12605,55232,0.117806,55.29,1.95816
999,0.452904,0.430033,0.0182067,0.0123146,0.659291,0.38513,0.854949,0.465937,0.0268803,0.0444142,0.0179899,0.196205,0.0106524,0,0.238654,0.115366,4.61009,0.0661752,0.300277,0.0863082,0.838302,6.74109,0.953963,0.94101,0.0560229,0.308194,0.487656,0.21575,0.456823,0.456823,0,0,-0.00436491,0.0329282,0.94733,0.789273,0.013801,0.0249535,0.00279687,0.00180745,0.540855,0.0136027,-6.61144,-7.30697,15.0588,0.542908,1.04253,-16.978,-0.909091,-0.166136,1.98482,0.333333,9.66667,0,0,39.9583,26.2917,0,-11.1695,0.0001,-0.000916646,0.12353,1.59119,0.13122,57073,0.117841,56.46,2.12078
1000,0.447694,0.427725,0.0182358,0.0124812,0.655699,0.383498,0.854548,0.466989,0.0267453,0.0449554,0.0178887,0.19502,0.0106361,0,0.237264,0.114959,4.62209,0.0662618,0.299106,0.0858335,0.840537,6.74028,0.953741,0.940916,0.055865,0.311753,0.484694,0.214581,0.471313,0.471313,0,0,-0.00437319,0.032544,0.946718,0.789081,0.0137703,0.0248816,0.00274809,0.00173336,0.538989,0.0135152,-6.61159,-7.47613,15.0429,0.54458,1.04649,-16.8718,-0.909091,-0.165084,1.97421,0.541667,11.2083,0,0,42.4167,25.25,0,-11.1685,0.0001,-0.00106872,0.130556,1.65438,0.128346,55142,0.117884,56.09,2.03132
1001,0.449298,0.428417,0.0182164,0.012406,0.656914,0.383211,0.853542,0.465365,0.0270909,0.0435286,0.0181347,0.195909,0.0107117,0,0.238664,0.114696,4.61943,0.065924,0.300204,0.086442,0.838119,6.73275,0.953074,0.940979,0.0565175,0.310244,0.484667,0.215694,0.467751,0.467751,0,0,-0.00434416,0.0324101,0.947242,0.786955,0.0139408,0.0251446,0.00270545,0.00175157,0.53924,0.0137792,-6.71381,-7.13258,15.1554,0.539838,1.04468,-17.0628,-0.909091,-0.165597,1.97483,0.291667,9.79167,0,0,42,24.7917,0,-11.1682,0.0001,-0.00103081,0.125762,1.59286,0.129698,57068,0.117897,56.49,2.12477
1002,0.454413,0.436361,0.0182193,0.0120061,0.660242,0.39113,0.853806,0.472166,0.0267378,0.0441567,0.0179089,0.196264,0.0106433,0,0.239055,0.116903,4.64923,0.0658197,0.300803,0.0856636,0.841069,6.74196,0.953654,0.940969,0.0561542,0.313407,0.488001,0.216188,0.494314,0.494314,0,0,-0.00439213,0.0316958,0.94735,0.789197,0.0137215,0.0248157,0.00249039,0.00154562,0.536759,0.0135316,-6.75383,-7.33301,15.0042,0.543151,1.0396,-16.9856,-0.909091,-0.166345,2.00949,0.541667,10.3333,0,0,43.375,25.2083,0,-11.1703,0.0001,-0.00113638,0.128025,1.64989,0.122566,55461,0.117877,55.06,2.07265
1003,0.452465,0.426875,0.0181723,0.012449,0.656751,0.381821,0.854849,0.46493,0.0266077,0.0444425,0.0178222,0.194961,0.0106176,0,0.238435,0.114944,4.629,0.0660627,0.299509,0.0854364,0.840762,6.74741,0.954298,0.941122,0.0561519,0.30677,0.488299,0.215042,0.463369,0.463369,0,0,-0.00438522,0.0323859,0.946893,0.79122,0.0136206,0.0246836,0.00263704,0.00170923,0.540124,0.0134523,-6.73154,-7.46328,14.9329,0.547039,1.03927,-16.9356,-0.909091,-0.165882,1.97095,0.208333,10.5417,0,0,41.5833,25.5,0,-11.1762,0.0001,-0.00122742,0.131689,1.65657,0.125453,55164,0.117849,56.18,1.99297
1004,0.452536,0.42583,0.0181654,0.0126278,0.658062,0.380498,0.854529,0.463738,0.0266049,0.0445631,0.017812,0.196365,0.0106989,0,0.23974,0.114368,4.63324,0.0666254,0.301193,0.0857346,0.837193,6.73871,0.953502,0.941144,0.0557017,0.301501,0.487855,0.216131,0.448107,0.448107,0,0,-0.00440297,0.032226,0.946867,0.791103,0.0136619,0.0247071,0.00267178,0.00170558,0.539104,0.0134244,-6.66633,-7.51742,14.9544,0.546755,1.0382,-16.8763,-0.909091,-0.166316,1.96496,0.375,11,0,0,40.75,26.875,0,-11.182,0.0001,-0.000136069,0.123379,1.63198,0.131204,55753,0.117822,55.88,1.93173
1005,0.454727,0.436967,0.0181787,0.0120427,0.65684,0.390543,0.855098,0.475545,0.0266868,0.0445257,0.0178632,0.19424,0.0106826,0,0.237414,0.118534,4.63292,0.0660529,0.299246,0.0858012,0.841935,6.74179,0.953988,0.941101,0.0562826,0.302846,0.490907,0.21406,0.493997,0.493997,0,0,-0.00443177,0.031169,0.946615,0.790186,0.0136979,0.0247744,0.00250582,0.00159023,0.538154,0.0134549,-6.73099,-7.52954,14.9613,0.546684,1.04121,-16.8877,-0.909091,-0.165891,2.01718,0.666667,11.0417,0,0,40.9583,26.0417,0,-11.1849,0.0001,-0.00111713,0.12393,1.60434,0.119991,57009,0.117834,55.53,1.92359
1006,0.452275,0.430151,0.0182172,0.0122136,0.65963,0.385589,0.854793,0.466467,0.0263839,0.0450681,0.0176504,0.196623,0.0105478,0,0.239097,0.11506,4.62336,0.0663682,0.30039,0.0850113,0.838736,6.74791,0.954478,0.940961,0.0557084,0.30382,0.487498,0.216184,0.46981,0.46981,0,0,-0.00441182,0.0323695,0.946802,0.792803,0.0135214,0.0245066,0.00274879,0.00173867,0.539229,0.0132663,-6.59774,-7.68161,14.8684,0.548253,1.03597,-16.7983,-0.908611,-0.166147,1.98497,0.375,11.25,0,0,40.2083,25.2917,0.0416667,-11.1837,0.0001,-0.00107453,0.129443,1.55757,0.120623,58577,0.117879,56.01,2.00026
1007,0.452487,0.433831,0.0181772,0.012067,0.657267,0.387338,0.855264,0.472408,0.0262151,0.0457516,0.017536,0.19484,0.0105771,0,0.23774,0.117111,4.60725,0.0665534,0.299459,0.0849512,0.840015,6.74864,0.954773,0.941106,0.0553894,0.298312,0.487826,0.214326,0.490561,0.490561,0,0,-0.0044347,0.0323925,0.945638,0.793697,0.013486,0.0243782,0.00273661,0.00175704,0.54011,0.0131723,-6.59737,-7.91808,14.8593,0.551129,1.03867,-16.6306,-0.909091,-0.16605,2.00256,0.458333,12.5417,0,0,41.6667,27.125,0,-11.1827,0.0001,-0.0012102,0.134201,1.54356,0.121533,59038,0.117897,56.76,2.07125
1008,0.457235,0.432358,0.0182244,0.0118766,0.660829,0.387132,0.855273,0.464705,0.0264411,0.0453659,0.0177011,0.1975,0.0106516,0,0.240045,0.115053,4.61563,0.0661832,0.301163,0.0853179,0.838348,6.74443,0.953508,0.940953,0.0559296,0.306214,0.488341,0.216899,0.471141,0.471141,0,0,-0.00442244,0.0319811,0.946268,0.791544,0.0135727,0.0245796,0.00281659,0.00179168,0.53854,0.0132654,-6.56356,-7.75598,14.9314,0.547853,1.04602,-16.7522,-0.909091,-0.166541,1.99556,0.583333,11.4583,0,0,39.7917,24.9583,0,-11.1844,0.0001,-0.000879165,0.132065,1.55208,0.119299,58815,0.117899,55.37,2.13781
1009,0.454031,0.43288,0.018229,0.0121722,0.65849,0.387865,0.854991,0.471413,0.0264006,0.0451294,0.0176757,0.195737,0.0105557,0,0.238561,0.11719,4.61684,0.0664737,0.300188,0.0851642,0.839083,6.75117,0.954412,0.940938,0.0555517,0.308722,0.489494,0.215719,0.484294,0.484294,0,0,-0.00442142,0.0314871,0.946826,0.792317,0.0135299,0.0244824,0.00264467,0.00168255,0.53977,0.0132748,-6.69404,-7.64285,14.9007,0.547021,1.03377,-16.8096,-0.909091,-0.165892,1.99689,0.708333,10.8333,0,0,40.7917,27.25,0,-11.1852,0.0001,-0.00107312,0.13127,1.5462,0.120655,58975,0.117935,55.99,1.94067
1010,0.446252,0.421642,0.0182831,0.0127458,0.653779,0.378508,0.85435,0.460102,0.0268025,0.0450667,0.0179133,0.195593,0.010734,0,0.237007,0.112863,4.63955,0.0669073,0.299469,0.0863595,0.83782,6.73883,0.95401,0.940763,0.0557408,0.304611,0.483114,0.214847,0.452971,0.452971,0,0,-0.0043867,0.033129,0.946517,0.788039,0.0138248,0.0249707,0.00298554,0.0019385,0.541693,0.0135436,-6.53629,-7.50708,15.1422,0.541464,1.04887,-16.8133,-0.909091,-0.164302,1.9458,0.5,11.7917,0,0,41.7083,26.9583,0,-11.1825,0.0001,-0.00110113,0.123974,1.52043,0.121644,59865,0.11797,55.93,1.72112
1011,0.451079,0.42679,0.0182491,0.012816,0.656504,0.383541,0.855364,0.463875,0.0265002,0.0453771,0.0177244,0.196213,0.0106434,0,0.238379,0.114134,4.62121,0.0667706,0.299953,0.0854561,0.838532,6.74348,0.954264,0.940873,0.0553757,0.301473,0.486539,0.215777,0.443834,0.443834,0,0,-0.00441515,0.0323347,0.946193,0.791747,0.0136015,0.0246559,0.0028131,0.00180604,0.540395,0.0132901,-6.5609,-7.67385,15.0404,0.544593,1.0427,-16.7139,-0.909091,-0.165181,1.97033,0.541667,11.4167,0,0,38.2917,25.5417,0,-11.1821,0.0001,-0.000773042,0.12797,1.50182,0.121393,60561,0.117973,55.74,1.91316
1012,0.449629,0.425969,0.0180991,0.0125003,0.653215,0.379504,0.854765,0.465363,0.02683,0.0441349,0.0179848,0.193672,0.010726,0,0.237352,0.114096,4.63717,0.0667204,0.299021,0.0862375,0.837252,6.73539,0.952917,0.941359,0.0555367,0.304373,0.486402,0.213423,0.464418,0.464418,0,0,-0.00438006,0.0321353,0.946811,0.789534,0.0138346,0.0248743,0.00271064,0.00180264,0.540251,0.0136231,-6.7349,-7.28708,15.0407,0.543375,1.03613,-16.9772,-0.909091,-0.16555,1.96733,0.208333,10.5833,0,0,41.9167,27.9167,0,-11.1863,0.0001,-0.00123866,0.128225,1.52918,0.123204,59492,0.117948,55.62,1.86037
1013,0.453643,0.431711,0.0182121,0.0122697,0.656561,0.386096,0.855167,0.468358,0.0265331,0.0454756,0.0177405,0.195384,0.0106643,0,0.237793,0.115739,4.62727,0.0677263,0.299535,0.0860681,0.839346,6.7374,0.953281,0.940993,0.0558815,0.302926,0.487671,0.214726,0.465007,0.465007,0,0,-0.00442935,0.032308,0.946007,0.790939,0.0136102,0.0246975,0.0029259,0.00193763,0.54159,0.0132948,-6.50539,-7.75178,15.0217,0.545001,1.04893,-16.7157,-0.909091,-0.165642,1.99235,0.583333,11.9167,0,0,40.1667,25.2083,0,-11.1896,0.0001,-0.00105024,0.127287,1.5753,0.12228,57908,0.117944,56.2,1.92887
1014,0.452766,0.426006,0.018329,0.0124818,0.658467,0.384059,0.855216,0.460556,0.0267307,0.0449515,0.0178719,0.196135,0.0107227,0,0.237483,0.113439,4.6469,0.0669899,0.299345,0.0864837,0.838974,6.74422,0.954185,0.940614,0.0560683,0.306006,0.485709,0.215908,0.457872,0.457872,0,0,-0.00439352,0.0324457,0.946604,0.790205,0.0137072,0.0249013,0.00282212,0.00181924,0.540527,0.0133964,-6.57405,-7.49714,15.1426,0.54083,1.05014,-16.7894,-0.909091,-0.16496,1.96634,0.666667,11.5417,0,0,41.5417,27.4167,0,-11.1878,0.0001,-0.00118105,0.125484,1.59478,0.123183,57221,0.118018,54.04,1.837
1015,0.453214,0.434412,0.0182187,0.0122236,0.659243,0.389679,0.855803,0.472712,0.0263718,0.0452561,0.0176589,0.196133,0.0105504,0,0.238818,0.117334,4.62805,0.0664292,0.299942,0.0850136,0.841978,6.75465,0.954927,0.940971,0.055836,0.308396,0.489462,0.216008,0.480841,0.480841,0,0,-0.00441955,0.0319821,0.947193,0.792582,0.0135115,0.0244814,0.00300346,0.00196595,0.542755,0.0131983,-6.51911,-7.62213,14.9212,0.545752,1.03719,-16.7849,-0.909091,-0.165962,2.00647,0.583333,11,0,0,39.7917,24.9167,0,-11.1811,0.0001,-0.000859192,0.129969,1.59782,0.120307,57215,0.118099,56.12,1.88038
1016,0.453248,0.42764,0.0182915,0.0122339,0.659883,0.3849,0.855544,0.46172,0.0264183,0.045875,0.017664,0.196367,0.0107389,0,0.237947,0.113954,4.63913,0.0667774,0.300025,0.0858055,0.839749,6.74552,0.953888,0.940736,0.0556805,0.301657,0.486165,0.215941,0.460895,0.460895,0,0,-0.00444839,0.0316878,0.945503,0.792333,0.0135693,0.0246087,0.00272603,0.00174335,0.539565,0.0132123,-6.6121,-7.83306,14.9984,0.547208,1.04782,-16.6287,-0.909091,-0.165579,1.97396,0.625,12.125,0,0,41.3333,26.0833,0,-11.1746,0.0001,-0.000964269,0.128879,1.51194,0.118274,60301,0.118172,55.95,1.9709
1017,0.453923,0.431741,0.0182381,0.0122682,0.658196,0.386808,0.856042,0.46832,0.0264972,0.0448603,0.0177363,0.196416,0.0106085,0,0.238941,0.115823,4.59027,0.0662072,0.300548,0.085598,0.838316,6.7474,0.954284,0.940908,0.0557604,0.300801,0.486596,0.2161,0.472405,0.472405,0,0,-0.00441967,0.0320187,0.946795,0.791551,0.0135985,0.0245964,0.00298014,0.00199954,0.54328,0.013325,-6.63578,-7.57993,14.9643,0.544423,1.03657,-16.8053,-0.909091,-0.165855,1.99444,0.833333,10.75,0,0,39.2917,26.3333,0,-11.1685,0.0001,-0.000549318,0.124608,1.50979,0.118842,60359,0.118225,56.35,2.20097
1018,0.454186,0.431408,0.0182238,0.0123431,0.659281,0.386685,0.856572,0.466496,0.0265348,0.0454495,0.0177519,0.194771,0.0106333,0,0.237128,0.115434,4.58736,0.0663153,0.299157,0.0859486,0.840062,6.74726,0.954,0.940955,0.0551814,0.297354,0.487978,0.214287,0.470271,0.470271,0,0,-0.00444285,0.0315309,0.946475,0.792887,0.0135396,0.0246256,0.00289752,0.00196347,0.543238,0.0132601,-6.6101,-7.7058,14.924,0.546983,1.04467,-16.7959,-0.909091,-0.166164,1.99468,0.458333,11.4583,0,0,39.6667,27.1667,0,-11.1665,0.0001,-0.000422273,0.132165,1.53078,0.120399,59535,0.118228,55.2,1.90321
1019,0.454301,0.433488,0.0181851,0.0120742,0.658306,0.387324,0.854897,0.467079,0.0267482,0.0445533,0.0179126,0.195903,0.0105751,0,0.239113,0.115006,4.64085,0.066368,0.300407,0.0861623,0.837368,6.74501,0.953616,0.94108,0.0555827,0.309683,0.486109,0.215715,0.473347,0.473347,0,0,-0.00439253,0.0319259,0.947306,0.790303,0.0137067,0.0247889,0.0028711,0.00192998,0.542909,0.0134915,-6.79521,-7.30555,15.0022,0.542876,1.03736,-16.9931,-0.909091,-0.16626,1.99969,0.458333,10.3333,0,0,42.1667,28.125,0,-11.1688,0.0001,-0.00112577,0.129211,1.5158,0.122921,59988,0.118222,55.72,2.12669
1020,0.451816,0.425807,0.0183165,0.0126368,0.658507,0.383839,0.855775,0.460689,0.0267483,0.0448267,0.0178904,0.196377,0.0106264,0,0.237504,0.113259,4.63131,0.0666436,0.299097,0.0857742,0.839731,6.747,0.954367,0.940654,0.0559225,0.306366,0.484923,0.215938,0.445598,0.445598,0,0,-0.00438416,0.0326461,0.947403,0.789923,0.013703,0.0248497,0.00320341,0.00214495,0.544348,0.0134137,-6.57601,-7.36287,15.0726,0.540894,1.04646,-16.9216,-0.909091,-0.164989,1.96755,0.25,10.375,0,0,39.8333,24.5417,0,-11.1686,0.0001,-0.00122014,0.128204,1.50702,0.118132,60489,0.118275,56.06,1.94701
1021,0.454754,0.428808,0.0182734,0.0127277,0.660291,0.385606,0.854938,0.461651,0.0266305,0.045162,0.0178036,0.196816,0.0106109,0,0.238903,0.11332,4.64962,0.0664301,0.300296,0.0861245,0.837281,6.7452,0.954118,0.940794,0.0557065,0.303078,0.486176,0.216576,0.444145,0.444145,0,0,-0.00441195,0.0316616,0.946726,0.791322,0.0136079,0.0247564,0.00293765,0.00195629,0.54279,0.0133031,-6.68843,-7.53333,15.0507,0.542036,1.04464,-16.8321,-0.909091,-0.165874,1.97805,0.375,11.375,0,0,42.2083,27.0417,0,-11.1661,0.0001,-0.00109382,0.127855,1.51647,0.120725,60044,0.118299,54.75,1.92273
1022,0.456089,0.435235,0.018225,0.0119874,0.659783,0.389558,0.855194,0.466377,0.0263215,0.0453828,0.0176183,0.197409,0.0105735,0,0.240313,0.11495,4.63283,0.0667139,0.301285,0.085188,0.839114,6.74968,0.954468,0.940951,0.0555783,0.30257,0.485825,0.217149,0.472492,0.472492,0,0,-0.00443068,0.0328973,0.946577,0.793127,0.0134616,0.0244564,0.00303673,0.00203749,0.543859,0.0131745,-6.67519,-7.69447,14.9151,0.546014,1.03748,-16.7613,-0.909091,-0.166351,2.00792,0.458333,11.0417,0,0,39.4583,25.2917,0,-11.1664,0.0001,-0.00056096,0.12762,1.53014,0.11923,59600,0.118311,56.68,2.23794
1023,0.453847,0.428813,0.0183045,0.0124829,0.659362,0.385837,0.855175,0.463918,0.0264227,0.0457844,0.0176597,0.196608,0.0106552,0,0.238353,0.114677,4.64749,0.0671895,0.299439,0.0858329,0.840172,6.74732,0.953528,0.940693,0.055895,0.297137,0.487239,0.216315,0.463098,0.463098,0,0,-0.00444459,0.032225,0.946311,0.793182,0.0135037,0.0245621,0.00294709,0.00196936,0.542495,0.0131465,-6.60193,-7.81076,14.9294,0.546567,1.04294,-16.6806,-0.909091,-0.165424,1.97804,0.583333,11.75,0,0,39.7083,27.4167,0,-11.1665,0.0001,-0.00131382,0.128885,1.51429,0.118068,60222,0.118325,56.85,2.0515
1024,0.450821,0.426866,0.0182538,0.0124142,0.656471,0.382653,0.85455,0.462961,0.0261074,0.0467689,0.0174383,0.195916,0.0106764,0,0.238221,0.113912,4.62965,0.0679252,0.30012,0.0857698,0.837275,6.74495,0.95435,0.940858,0.0551549,0.294728,0.485245,0.215404,0.464775,0.464775,0,0,-0.00447557,0.0331333,0.94519,0.794589,0.0134133,0.0243496,0.00309415,0.0020901,0.544088,0.012963,-6.53178,-8.10077,14.9242,0.5496,1.04427,-16.4516,-0.909091,-0.165391,1.96861,0.458333,12.4583,0,0,38.875,26.5417,0,-11.1679,0.0001,-0.000931261,0.132076,1.52053,0.121017,59885,0.118349,54.85,1.90742
1025,0.45691,0.433835,0.0182606,0.0119197,0.661593,0.388583,0.85513,0.464585,0.0259135,0.0466748,0.0173222,0.197029,0.0105111,0,0.23927,0.11455,4.62178,0.0678743,0.300296,0.0848779,0.839373,6.75726,0.954975,0.940835,0.0554781,0.293556,0.486697,0.216516,0.471889,0.471889,0,0,-0.00448781,0.0319673,0.945335,0.796197,0.0132574,0.024126,0.00305995,0.00202145,0.542704,0.0128564,-6.55331,-8.19236,14.8198,0.551639,1.03577,-16.4611,-0.909091,-0.166544,2.00013,0.666667,12.25,0,0,38.3333,27.25,0,-11.1659,0.0001,-0.000926517,0.130464,1.51117,0.120729,60238,0.118391,55.1,2.06303
1026,0.453144,0.428549,0.0182691,0.0122629,0.658521,0.384335,0.854688,0.462583,0.0261995,0.0462371,0.0175225,0.197177,0.0105665,0,0.239224,0.113829,4.65582,0.0673926,0.300392,0.0851833,0.836952,6.7482,0.953929,0.940808,0.0557811,0.300413,0.485511,0.216686,0.45653,0.45653,0,0,-0.00445192,0.0324473,0.94596,0.794321,0.013417,0.0243642,0.00304728,0.00202171,0.542955,0.0130304,-6.58957,-7.91643,14.8646,0.549612,1.03641,-16.6263,-0.909091,-0.165694,1.9766,0.333333,11.8333,0,0,40.2083,26.4167,0,-11.1632,0.0001,-0.00101646,0.136628,1.58272,0.121853,57670,0.118437,56.41,1.91574
1027,0.452758,0.427236,0.0183555,0.0126473,0.65957,0.384311,0.854809,0.462507,0.0259439,0.0473185,0.0173156,0.198095,0.0106183,0,0.239205,0.114168,4.63905,0.0681267,0.300988,0.0850042,0.83662,6.74863,0.955312,0.940528,0.0553843,0.296583,0.485914,0.217469,0.458957,0.458957,0,0,-0.00449999,0.0325228,0.944892,0.795939,0.0132615,0.0242193,0.003186,0.00212026,0.54564,0.0127632,-6.41673,-8.29063,14.9331,0.549483,1.04575,-16.3457,-0.909091,-0.1653,1.96999,0.583333,13.4583,0,0,38.5,27,0,-11.1607,0.0001,-0.00122222,0.125176,1.57714,0.12219,57848,0.118476,55.09,2.00128
1028,0.457218,0.432431,0.0182303,0.0122961,0.661563,0.387949,0.854691,0.464928,0.0258674,0.0470214,0.017297,0.197435,0.0105638,0,0.240201,0.114795,4.60895,0.0673888,0.300846,0.0850142,0.835487,6.74925,0.954763,0.940934,0.0551207,0.296233,0.488055,0.217088,0.462337,0.462337,0,0,-0.00448064,0.0330109,0.944666,0.797761,0.0132335,0.0240993,0.00305119,0.00202045,0.543286,0.0127902,-6.48856,-8.29205,14.8398,0.553353,1.04078,-16.3982,-0.909091,-0.166687,1.99272,0.583333,12.5833,0,0,37.9583,27.375,0,-11.1601,0.0001,-0.000778423,0.129536,1.57444,0.124532,57861,0.118482,56.87,2.1824
1029,0.455379,0.437087,0.0181158,0.01188,0.657513,0.389294,0.855468,0.471322,0.0259555,0.0465756,0.0173616,0.195047,0.0105657,0,0.238753,0.116678,4.59544,0.0673292,0.299682,0.0848615,0.836103,6.75843,0.954848,0.941305,0.0544207,0.285758,0.489066,0.214274,0.481789,0.481789,0,0,-0.00449216,0.0326753,0.945341,0.798321,0.0132431,0.0241309,0.00308013,0.00211186,0.545338,0.0128154,-6.56031,-8.16943,14.7339,0.554666,1.03578,-16.5107,-0.909091,-0.166751,2.01763,0.416667,12.25,0,0,36.7083,29.0417,0,-11.1638,0.0001,-0.000924777,0.125686,1.51855,0.119408,60016,0.118466,57.23,2.28083
1030,0.450475,0.428867,0.0182495,0.0123621,0.65565,0.384525,0.855585,0.465332,0.026095,0.0471502,0.0174241,0.196176,0.0107001,0,0.237893,0.114441,4.61533,0.067561,0.299785,0.0856491,0.835786,6.74613,0.955061,0.940872,0.0548632,0.28917,0.484703,0.215371,0.475478,0.475478,0,0,-0.00448611,0.0334211,0.944476,0.796,0.0133941,0.0243734,0.00301857,0.00204081,0.544601,0.0129268,-6.49316,-8.24775,14.9064,0.552451,1.04432,-16.3647,-0.909091,-0.165094,1.97945,0.333333,12.4583,0,0,37.0833,28.2917,0,-11.1656,0.0001,-0.000926855,0.126495,1.57712,0.12239,57842,0.1185,55.06,1.6549
1031,0.453843,0.430413,0.0182563,0.012406,0.658048,0.386345,0.855066,0.462514,0.0262023,0.0453362,0.0175381,0.196599,0.010569,0,0.239025,0.11358,4.60896,0.0663342,0.300143,0.0850213,0.838454,6.75474,0.954567,0.94085,0.0554716,0.301787,0.485691,0.216381,0.448853,0.448853,0,0,-0.00442396,0.0329977,0.946961,0.794254,0.0134165,0.0243169,0.00319779,0.00215284,0.545821,0.0130667,-6.58677,-7.73631,14.8646,0.547241,1.03385,-16.7274,-0.909091,-0.165603,1.9851,0.333333,11.75,0,0,39.7083,27.6667,0,-11.1625,0.0001,-0.000886854,0.130402,1.61124,0.124685,56629,0.118543,56.26,1.84408
1032,0.457081,0.434982,0.018186,0.0120507,0.659713,0.388086,0.855711,0.467285,0.0261291,0.0460958,0.0174866,0.196454,0.0105948,0,0.239721,0.11523,4.60168,0.0668223,0.300998,0.0852775,0.83573,6.75557,0.95484,0.941077,0.0548462,0.290771,0.486091,0.216052,0.469874,0.469874,0,0,-0.00447222,0.0325267,0.946149,0.796319,0.0133482,0.0242601,0.0031269,0.00217458,0.546944,0.0129962,-6.587,-7.9017,14.8131,0.550158,1.03191,-16.6283,-0.909091,-0.166789,2.008,0.375,11.0417,0,0,37.4167,28.8333,0,-11.1624,0.0001,-0.00104023,0.125066,1.57788,0.123852,57767,0.118546,57.3,2.1278
1033,0.456102,0.43516,0.0183001,0.0118678,0.660957,0.391171,0.855541,0.467516,0.0260752,0.0460941,0.0174231,0.197175,0.0106393,0,0.23908,0.115756,4.61288,0.0666179,0.300423,0.0853167,0.840593,6.75062,0.954473,0.940708,0.0554054,0.302178,0.487029,0.217005,0.479099,0.479099,0,0,-0.00447184,0.0324219,0.945603,0.794021,0.0133788,0.0242673,0.00296943,0.00195419,0.541936,0.0129558,-6.61974,-8.05663,14.9128,0.547365,1.0394,-16.5052,-0.909091,-0.165906,2.00724,0.625,12.5833,0,0,40.3333,26.5,0,-11.166,0.0001,-0.00115091,0.12784,1.59852,0.121233,57161,0.11854,55.8,1.99457
1034,0.456827,0.430441,0.0182905,0.0123129,0.661117,0.386894,0.856923,0.463216,0.0256801,0.0471675,0.0171723,0.197241,0.0105827,0,0.239152,0.114443,4.59889,0.06672,0.29979,0.0848358,0.836182,6.75865,0.954943,0.940739,0.0549134,0.288067,0.487934,0.216972,0.465143,0.465143,0,0,-0.00450188,0.032723,0.944713,0.799795,0.0131375,0.023926,0.00320466,0.00215296,0.545583,0.0126519,-6.45863,-8.38065,14.7642,0.55557,1.03535,-16.316,-0.909091,-0.165989,1.9895,0.5,12.4583,0,0,36.5833,28.5417,0,-11.1688,0.0001,-0.000963242,0.131131,1.60587,0.126129,56757,0.118526,55.79,2.10002
1035,0.455982,0.431311,0.0182049,0.01232,0.658517,0.385842,0.855351,0.462858,0.0262736,0.0451829,0.0175927,0.196845,0.0106166,0,0.23981,0.11387,4.59413,0.0668657,0.300481,0.0853531,0.836075,6.75422,0.953926,0.941016,0.0551869,0.295144,0.486032,0.216491,0.449252,0.449252,0,0,-0.004448,0.0334541,0.946687,0.794629,0.013455,0.02433,0.00313243,0.0021302,0.544564,0.0131546,-6.64568,-7.72286,14.8271,0.548825,1.02959,-16.7471,-0.909091,-0.166265,1.99095,0.625,11.375,0,0,38.5833,29.0833,0,-11.1714,0.0001,-0.00111006,0.135786,1.57654,0.12954,57619,0.118524,54.61,1.84157
1036,0.45626,0.431709,0.0182266,0.0121269,0.659835,0.386713,0.856555,0.465028,0.0257989,0.0464695,0.0172664,0.196987,0.0104958,0,0.240017,0.114673,4.58915,0.0667801,0.300006,0.084411,0.836337,6.75274,0.954445,0.940946,0.0552562,0.294694,0.48711,0.216905,0.468456,0.468456,0,0,-0.00449429,0.0331471,0.9458,0.7988,0.0131587,0.0239582,0.00308171,0.00210745,0.544965,0.0127938,-6.53592,-8.16434,14.7013,0.554115,1.03051,-16.5075,-0.909091,-0.166337,1.9937,0.416667,11.5833,0,0,38.125,28.5417,0,-11.1711,0.0001,-0.000967861,0.127574,1.60121,0.120642,57092,0.118563,54.43,1.94235
1037,0.457759,0.434103,0.0182173,0.0118735,0.659988,0.389063,0.856384,0.469386,0.0258786,0.0459409,0.0173213,0.196169,0.0104853,0,0.239041,0.116743,4.61145,0.0665325,0.299411,0.0846387,0.836959,6.76431,0.954948,0.940976,0.0545674,0.293412,0.490324,0.216064,0.491626,0.491626,0,0,-0.00446744,0.0329385,0.946475,0.798517,0.0132061,0.0240107,0.00311515,0.00214209,0.546668,0.0128605,-6.5576,-8.00736,14.7009,0.552423,1.02902,-16.6003,-0.909091,-0.166323,2.00457,0.708333,11.8333,0,0,36.625,29.4167,0,-11.1681,0.0001,-0.000795268,0.133534,1.61228,0.124079,56614,0.118613,56.2,2.05938
1038,0.457187,0.432152,0.018164,0.0121198,0.658709,0.386308,0.856259,0.465392,0.0256212,0.0470059,0.01713,0.196217,0.0105516,0,0.240046,0.115079,4.6129,0.0675866,0.300051,0.0845225,0.836957,6.76259,0.954949,0.941148,0.0549796,0.289654,0.488681,0.216079,0.461616,0.461616,0,0,-0.00450839,0.03354,0.945023,0.800143,0.0130934,0.0238333,0.00318822,0.00220704,0.546587,0.0126764,-6.54821,-8.37884,14.625,0.558737,1.02866,-16.3971,-0.909091,-0.166571,1.99623,0.625,12.2917,0,0,37.875,30.3333,0,-11.1657,0.0001,-0.00141557,0.130791,1.5745,0.122306,57934,0.118634,56.96,1.98477
1039,0.453239,0.434016,0.0182565,0.012201,0.657215,0.388952,0.855449,0.468514,0.0263783,0.045572,0.0176306,0.197662,0.010663,0,0.239498,0.115643,4.63415,0.0671759,0.300327,0.0859058,0.836994,6.74514,0.953791,0.940849,0.0557091,0.301361,0.485487,0.21698,0.482017,0.482017,0,0,-0.00443731,0.0336992,0.946033,0.793261,0.0135107,0.0245711,0.00314303,0.00214555,0.543658,0.0131309,-6.56641,-7.84517,14.9496,0.546784,1.04378,-16.6469,-0.909091,-0.165401,2.00204,0.625,12.2917,0,0,39.7083,27.7917,0,-11.1662,0.0001,-0.00114708,0.126648,1.58372,0.122433,57617,0.118669,56.46,2.12434
1040,0.454366,0.428413,0.0183263,0.0125424,0.659874,0.38576,0.854805,0.460147,0.0267526,0.0447176,0.0178886,0.197886,0.0107193,0,0.239304,0.113095,4.64234,0.0660174,0.29968,0.0865012,0.838416,6.74024,0.953417,0.940623,0.0558656,0.30114,0.485111,0.217499,0.454452,0.454452,0,0,-0.00442289,0.0322762,0.946838,0.7907,0.0137078,0.0248985,0.00305995,0.0020661,0.543077,0.0133395,-6.59535,-7.47449,15.0914,0.542233,1.04912,-16.8064,-0.909091,-0.165403,1.97569,0.541667,10.8333,0,0,38.1667,26.4167,0,-11.164,0.0001,-0.00102564,0.132027,1.59837,0.125183,57035,0.118716,55.49,2.10795
1041,0.45393,0.434042,0.018138,0.0120235,0.654878,0.387056,0.855581,0.469476,0.0260601,0.0451907,0.0174489,0.194539,0.010561,0,0.238348,0.116013,4.63039,0.0671538,0.298454,0.0849395,0.838555,6.75535,0.954303,0.941233,0.055477,0.299599,0.488354,0.214366,0.479421,0.479421,0,0,-0.00444496,0.0333222,0.94601,0.796398,0.0133302,0.0241946,0.00301423,0.00205248,0.544652,0.0130243,-6.73096,-7.90019,14.7363,0.552581,1.02975,-16.6931,-0.909091,-0.165863,2.00493,0.5,11.375,0,0,40.0833,28.875,0.0416667,-11.1623,0.0001,-0.000784244,0.136069,1.56555,0.122113,58248,0.118735,55.62,1.99365
1042,0.455915,0.427984,0.0181919,0.0121457,0.660039,0.382484,0.85479,0.459608,0.0263442,0.0446087,0.017641,0.197818,0.0105692,0,0.241219,0.113311,4.62846,0.0655604,0.300942,0.0853806,0.83724,6.75344,0.954736,0.941058,0.0553972,0.301024,0.486491,0.217836,0.466325,0.466325,0,0,-0.00442117,0.0318447,0.94678,0.79403,0.0134781,0.024444,0.00302733,0.00206707,0.545093,0.0132346,-6.7191,-7.63314,14.8492,0.548699,1.03478,-16.826,-0.909091,-0.166563,1.97411,0.416667,10.2917,0,0,40.2083,26.8333,0,-11.1625,0.0001,-0.000832656,0.135731,1.54977,0.122434,58787,0.118755,55.16,1.94738
1043,0.455061,0.433452,0.018151,0.0116497,0.657831,0.386338,0.854962,0.467274,0.026258,0.0452899,0.0175769,0.196089,0.0105932,0,0.239695,0.115726,4.63059,0.0668027,0.300169,0.0852364,0.838926,6.75808,0.954736,0.941191,0.0551801,0.29858,0.487249,0.215681,0.484181,0.484181,0,0,-0.00445535,0.0318727,0.94622,0.794955,0.0134281,0.0243984,0.00310283,0.00216999,0.546325,0.0131292,-6.70292,-7.81884,14.7728,0.551688,1.03592,-16.748,-0.909091,-0.166586,1.9996,0.333333,11.625,0,0,38.7083,28.3333,0,-11.1619,0.0001,-0.000612243,0.134636,1.52365,0.119527,59825,0.118789,57.16,1.98102
1044,0.457848,0.437147,0.0180797,0.0116613,0.65843,0.38861,0.854539,0.469345,0.026269,0.0446698,0.0175939,0.197146,0.0105997,0,0.241475,0.115962,4.62285,0.0668101,0.300913,0.0853757,0.837181,6.75555,0.954143,0.941422,0.0547349,0.290934,0.488215,0.216765,0.479713,0.479713,0,0,-0.00444059,0.0327102,0.946253,0.79564,0.0133999,0.0243704,0.00310388,0.00214877,0.544288,0.013149,-6.72797,-7.78305,14.789,0.550251,1.03249,-16.7649,-0.909091,-0.167198,2.01481,0.666667,11.2083,0,0,38.6667,28.7917,0,-11.1617,0.0001,-0.000818667,0.130938,1.52591,0.118711,59773,0.11879,54.79,1.90478
1045,0.455029,0.430239,0.0181869,0.0122723,0.656675,0.384038,0.855247,0.46489,0.0262167,0.0444195,0.0175406,0.195829,0.0105413,0,0.239256,0.114682,4.63807,0.0662248,0.299357,0.084942,0.838067,6.7591,0.955084,0.941074,0.0548802,0.296584,0.487363,0.215637,0.469563,0.469563,0,0,-0.00441692,0.0325259,0.946956,0.794071,0.0134313,0.0243581,0.00319535,0.00219529,0.546531,0.0131492,-6.69128,-7.69989,14.8136,0.548204,1.03229,-16.7713,-0.909091,-0.166003,1.98596,0.583333,10.75,0,0,38.9583,27.2917,0,-11.1632,0.0001,-0.00108724,0.130174,1.52714,0.120733,59655,0.118779,55.66,1.98753
1046,0.454323,0.42768,0.0181517,0.012537,0.657291,0.381628,0.855378,0.463399,0.026285,0.0446831,0.0176038,0.196359,0.0105904,0,0.240385,0.114091,4.64002,0.0663389,0.300187,0.085427,0.838876,6.75435,0.954738,0.941188,0.0553319,0.29719,0.487716,0.216552,0.454941,0.454941,0,0,-0.00443128,0.0323273,0.946499,0.794375,0.0134496,0.0244001,0.00310418,0.00217102,0.546165,0.0131754,-6.75659,-7.69191,14.8359,0.548083,1.03426,-16.7839,-0.909091,-0.166273,1.97515,0.5,10.875,0,0,40.8333,26.5,0,-11.1636,0.0001,-0.000850999,0.132804,1.51001,0.119614,60323,0.118795,55.79,2.00116
1047,0.455622,0.433889,0.0181401,0.0118617,0.656095,0.387405,0.854553,0.46874,0.0261964,0.0449989,0.0175241,0.194998,0.0105714,0,0.238695,0.115853,4.6304,0.0668734,0.298929,0.08538,0.837458,6.75712,0.954303,0.941226,0.0545922,0.294774,0.487875,0.215004,0.49178,0.49178,0,0,-0.00441591,0.0335844,0.946725,0.796413,0.0133674,0.02432,0.00328223,0.00230473,0.547585,0.0130799,-6.63036,-7.77435,14.7751,0.550299,1.03046,-16.7456,-0.909091,-0.166,2.00046,0.458333,10.4583,0,0,37.4583,28.2083,0,-11.1638,0.0001,-0.00111685,0.128686,1.50853,0.11944,60384,0.118809,56.69,2.24229
1048,0.456105,0.431971,0.0181498,0.0120956,0.6583,0.38636,0.855176,0.465904,0.0261755,0.0447427,0.0175111,0.196828,0.0105074,0,0.240707,0.115053,4.61552,0.0665688,0.300043,0.0847605,0.838862,6.75748,0.954328,0.941194,0.0549896,0.290417,0.488935,0.216807,0.470604,0.470604,0,0,-0.00440937,0.03354,0.946855,0.795849,0.013354,0.0242947,0.00329838,0.0022809,0.546518,0.0130598,-6.63095,-7.75011,14.8087,0.548459,1.03457,-16.7644,-0.909091,-0.1664,1.99285,0.375,11.6667,0,0,38.75,28.2917,0,-11.1648,0.0001,-0.000877206,0.131917,1.51151,0.121342,60203,0.118834,55.85,1.86942
1049,0.457562,0.433899,0.0180606,0.0118306,0.657664,0.385916,0.854562,0.466485,0.0265875,0.0430218,0.017825,0.195828,0.0105963,0,0.240721,0.11499,4.61536,0.0653653,0.299708,0.0859172,0.837057,6.75128,0.953603,0.941484,0.0553562,0.297792,0.488652,0.215902,0.472075,0.472075,0,0,-0.00437194,0.033366,0.947739,0.79303,0.0136259,0.0246135,0.00309294,0.00219097,0.546124,0.013482,-6.81432,-7.28708,14.8155,0.547051,1.02908,-17.0605,-0.909091,-0.167064,2.00128,0.458333,9.45833,0,0,39.7083,28.375,0,-11.1632,0.0001,-0.000822017,0.127414,1.49944,0.119849,60708,0.118856,54.93,2.05345
1050,0.456565,0.430813,0.0181691,0.0122552,0.657689,0.38561,0.855174,0.463707,0.0261157,0.0452162,0.0174667,0.19596,0.0105936,0,0.239307,0.114132,4.63812,0.0667081,0.299328,0.0851959,0.838435,6.75586,0.954135,0.941132,0.0550153,0.295405,0.488633,0.215609,0.457162,0.457162,0,0,-0.00445302,0.0332378,0.94626,0.795549,0.0133708,0.0243089,0.0032466,0.00226601,0.546825,0.0130317,-6.58556,-7.92869,14.7695,0.551697,1.03512,-16.6466,-0.909091,-0.166199,1.98728,0.708333,11.4167,0,0,39.5417,27.875,0,-11.1631,0.0001,-0.000889365,0.127515,1.53878,0.116271,59396,0.118848,55.47,2.01871
1051,0.456388,0.435268,0.0180108,0.0117902,0.655949,0.385977,0.854625,0.468965,0.0260415,0.044682,0.0174594,0.194802,0.0104372,0,0.240486,0.115911,4.58311,0.0658361,0.299363,0.0847257,0.837657,6.76347,0.954874,0.941645,0.0543869,0.292499,0.488438,0.214952,0.484553,0.484553,0,0,-0.00441142,0.0343898,0.947123,0.797635,0.0133089,0.0240905,0.00340157,0.00243998,0.550014,0.0130867,-6.64401,-7.69363,14.6556,0.554319,1.02031,-16.838,-0.909091,-0.167212,2.00838,0.5,9.33333,0,0,37.7917,29.2083,0,-11.1659,0.0001,-0.000307699,0.125405,1.51974,0.119549,59967,0.11884,56.63,1.97883
1052,0.456704,0.4319,0.0181908,0.0123288,0.659649,0.38661,0.855252,0.463793,0.0263518,0.0432292,0.0176512,0.197355,0.0105191,0,0.241231,0.113985,4.58803,0.0650372,0.301088,0.0850905,0.839506,6.75967,0.954532,0.941062,0.0552347,0.298834,0.487525,0.217823,0.454474,0.454474,0,0,-0.0043754,0.0338733,0.948149,0.792746,0.0135434,0.02442,0.00327266,0.00227425,0.5468,0.0133388,-6.70046,-7.39334,14.8588,0.543847,1.02863,-16.9394,-0.909091,-0.166467,1.99235,0.5,10.375,0,0,41.625,28.5417,0,-11.167,0.0001,-0.000847503,0.12508,1.50384,0.118278,60602,0.118836,55.4,1.85863
1053,0.457673,0.435265,0.0181819,0.0116818,0.65817,0.389135,0.855128,0.466023,0.0263412,0.0439997,0.0176265,0.196784,0.010627,0,0.240195,0.115225,4.59545,0.065623,0.300321,0.0857679,0.83781,6.75878,0.95468,0.94109,0.0548771,0.294249,0.487335,0.216705,0.476304,0.476304,0,0,-0.00439626,0.0345499,0.94707,0.794149,0.0135118,0.0244747,0.00335765,0.00237082,0.548003,0.0132484,-6.59449,-7.58726,14.882,0.545264,1.034,-16.7957,-0.909091,-0.16628,2.00757,0.333333,10.5417,0,0,39.25,26.5417,0,-11.1689,0.0001,-0.00129649,0.132295,1.539,0.121937,59185,0.118843,56.07,2.095
1054,0.458012,0.432101,0.0182635,0.0120956,0.661026,0.388344,0.855886,0.463895,0.0255653,0.0464399,0.0170752,0.197518,0.010431,0,0.239815,0.114784,4.60607,0.0667933,0.30034,0.0842046,0.83804,6.76556,0.955053,0.940826,0.0542412,0.284957,0.488329,0.217286,0.466186,0.466186,0,0,-0.00450104,0.033699,0.945166,0.801118,0.012986,0.0237994,0.00319279,0.00218866,0.546467,0.0125453,-6.45744,-8.4044,14.6716,0.556437,1.03496,-16.3525,-0.909091,-0.166105,1.99376,0.375,12.8333,0,0,36.625,29.9167,0,-11.1708,0.0001,-0.000953239,0.131812,1.49871,0.116882,60846,0.118857,56.1,1.89308
1055,0.455046,0.433898,0.0181399,0.0118716,0.655673,0.385842,0.856132,0.466184,0.0260013,0.0455526,0.0174099,0.195896,0.0105798,0,0.239784,0.114937,4.58564,0.0674282,0.300054,0.0851963,0.835629,6.75515,0.953599,0.941227,0.0543131,0.286162,0.486054,0.215454,0.480864,0.480864,0,0,-0.0044675,0.0346325,0.945685,0.798523,0.0133031,0.0241388,0.00331107,0.00236495,0.547838,0.012966,-6.57867,-8.0075,14.6983,0.555316,1.031,-16.589,-0.909091,-0.166226,2.00431,0.708333,11.8333,0,0,37.5833,29.5833,0,-11.1707,0.0001,-0.00101025,0.126096,1.49109,0.117104,61126,0.118884,56.77,1.90505
1056,0.457853,0.434057,0.0181494,0.0120122,0.658533,0.387726,0.856311,0.466762,0.0257007,0.0460475,0.0171875,0.19602,0.0104808,0,0.239459,0.115564,4.58764,0.066504,0.299766,0.0846361,0.837874,6.76652,0.954922,0.941196,0.0536275,0.282813,0.489693,0.215611,0.46969,0.46969,0,0,-0.00448852,0.033883,0.945782,0.800689,0.0130725,0.023875,0.00332648,0.00234917,0.548061,0.0126883,-6.51396,-8.24567,14.609,0.558055,1.03113,-16.4972,-0.909091,-0.166609,2.00504,0.541667,11.9583,0,0,36.2917,29.0417,0,-11.1682,0.0001,-0.000941198,0.127049,1.49232,0.115914,61125,0.118932,55.95,2.00751
1057,0.458601,0.43663,0.018115,0.0117023,0.657171,0.390146,0.855653,0.47053,0.0254712,0.0466623,0.0170193,0.194861,0.0104133,0,0.238699,0.116612,4.59817,0.0669741,0.29888,0.0841533,0.836272,6.76772,0.955663,0.941307,0.0532858,0.280675,0.491637,0.214639,0.488924,0.488924,0,0,-0.00447434,0.0354565,0.945603,0.80287,0.0129493,0.0236958,0.00340138,0.00240241,0.549962,0.0125459,-6.41063,-8.40458,14.5468,0.559989,1.02754,-16.3974,-0.909091,-0.166356,2.01579,0.458333,11.875,0,0,36.2083,31.4583,0,-11.1647,0.0001,-0.000926688,0.130747,1.50423,0.120516,60504,0.118983,56.61,2.21422
1058,0.457095,0.431124,0.0181448,0.0121962,0.659314,0.385452,0.85495,0.465323,0.0257493,0.0460372,0.0172198,0.196847,0.0104278,0,0.240343,0.115157,4.5962,0.0660723,0.300455,0.0843716,0.839223,6.76531,0.955135,0.941211,0.0537218,0.282525,0.48994,0.21638,0.465378,0.465378,0,0,-0.00450711,0.0329456,0.945825,0.800139,0.0131149,0.0239459,0.00331361,0.00231362,0.548135,0.0126799,-6.48108,-8.24398,14.6517,0.556433,1.03357,-16.4706,-0.909091,-0.166784,1.98727,0.625,12.5833,0,0,35.0417,29.4583,0,-11.162,0.0001,-0.00100902,0.127879,1.48956,0.116295,61216,0.119037,56.49,2.14236
1059,0.457687,0.43503,0.0181435,0.012096,0.658064,0.388065,0.85549,0.468639,0.0259431,0.045334,0.0173631,0.196411,0.0105992,0,0.240203,0.115992,4.58815,0.065902,0.299903,0.0849196,0.838724,6.75852,0.955027,0.941215,0.0541729,0.28972,0.489294,0.216037,0.474979,0.474979,0,0,-0.00444039,0.0340862,0.946225,0.797394,0.0132788,0.0241068,0.00332457,0.00231338,0.547661,0.0129166,-6.53357,-8.02917,14.6829,0.555735,1.0316,-16.6072,-0.909091,-0.166607,2.007,0.75,11.875,0,0,38.1667,28.75,0,-11.1607,0.0001,-0.0011543,0.131645,1.4915,0.117667,61089,0.119043,56.26,1.93865
1060,0.455671,0.433915,0.0181564,0.0123079,0.656757,0.386382,0.855605,0.466436,0.0259652,0.0453982,0.0173715,0.196551,0.0105161,0,0.240199,0.115091,4.57804,0.0664982,0.300146,0.0850082,0.835567,6.76565,0.955788,0.941173,0.0546733,0.286181,0.487836,0.216104,0.465191,0.465191,0,0,-0.00443889,0.0352227,0.946261,0.798062,0.0132739,0.0241318,0.00338931,0.00240024,0.550598,0.0129255,-6.50597,-7.97839,14.6944,0.555595,1.03221,-16.6052,-0.909091,-0.166399,2.00311,0.458333,10.7917,0,0,36.7917,29.2083,0,-11.1624,0.0001,-0.00105928,0.125645,1.51078,0.117353,60378,0.119047,55.85,2.04626
1061,0.458062,0.437064,0.0179814,0.0116686,0.655972,0.387326,0.856273,0.474835,0.0258831,0.0451808,0.0173314,0.193614,0.0104735,0,0.239131,0.117782,4.57708,0.0659466,0.298392,0.0846265,0.838589,6.76187,0.954731,0.94174,0.0538268,0.288607,0.49231,0.213319,0.497548,0.497548,0,0,-0.00445195,0.0344263,0.94629,0.800184,0.013181,0.0240005,0.00329191,0.00236748,0.548786,0.0128516,-6.58807,-8.00256,14.568,0.558434,1.02686,-16.6697,-0.909091,-0.167331,2.0209,0.333333,11.2917,0,0,38.375,29.75,0,-11.1636,0.0001,-0.000789428,0.127775,1.51236,0.119933,60224,0.119033,58.78,2.27704
1062,0.458439,0.435432,0.0180645,0.0117518,0.657461,0.387643,0.855316,0.470034,0.026014,0.044407,0.0174197,0.195783,0.0104777,0,0.240405,0.116561,4.58574,0.0656288,0.299874,0.084894,0.83852,6.76357,0.954464,0.941456,0.0538966,0.287208,0.491225,0.215717,0.483638,0.483638,0,0,-0.00442824,0.034548,0.947035,0.798996,0.0132579,0.0241107,0.00337344,0.00241356,0.549549,0.0129762,-6.6103,-7.76673,14.6514,0.554256,1.02398,-16.7697,-0.908635,-0.166899,2.00978,0.5,10.7083,0,0,38.125,29.5833,0.0416667,-11.1666,0.0001,-0.000926887,0.13037,1.5221,0.117903,59941,0.119023,55.18,1.73112
1063,0.458712,0.432391,0.0181888,0.0120921,0.659423,0.387088,0.854989,0.463122,0.0259036,0.044759,0.01733,0.19687,0.0104642,0,0.240191,0.11458,4.60022,0.0659579,0.299336,0.0843814,0.837704,6.76016,0.955047,0.941068,0.0551881,0.296473,0.489617,0.216737,0.468263,0.468263,0,0,-0.00442002,0.0348931,0.946886,0.797498,0.0132749,0.0240846,0.00349344,0.00243848,0.549662,0.0129438,-6.505,-7.92561,14.6639,0.554751,1.02932,-16.661,-0.909091,-0.166449,1.99385,0.25,11.4167,0,0,38.875,28.5,0,-11.1682,0.0001,-0.00065864,0.129809,1.52041,0.116475,60055,0.119032,56.27,2.09642
1064,0.457402,0.432047,0.0181436,0.0119564,0.659288,0.385595,0.854884,0.467114,0.0258349,0.0444992,0.0172963,0.196567,0.0104206,0,0.240774,0.115721,4.59692,0.0655336,0.300012,0.0843454,0.839654,6.76337,0.954497,0.941215,0.054226,0.289871,0.490368,0.216707,0.486366,0.486366,0,0,-0.00443032,0.0340986,0.947038,0.7977,0.0132347,0.0239782,0.00334254,0.00233315,0.547882,0.0129528,-6.5792,-7.90843,14.6262,0.554078,1.02449,-16.6925,-0.909091,-0.166781,1.99208,0.291667,10.9583,0,0,37.5417,28.625,0,-11.1687,0.0001,-0.0011721,0.124949,1.52354,0.118937,59851,0.119065,55.14,1.9133
1065,0.454616,0.434687,0.0180445,0.0118671,0.654489,0.386071,0.855467,0.471794,0.0263323,0.0438112,0.0176208,0.195723,0.0105345,0,0.240362,0.116279,4.57567,0.0653233,0.300311,0.0853251,0.836639,6.76067,0.955059,0.941536,0.0540931,0.293842,0.487711,0.215405,0.492248,0.492248,0,0,-0.00438966,0.0355552,0.947285,0.795717,0.0134513,0.0244258,0.00345835,0.0024935,0.550272,0.0131913,-6.67221,-7.56559,14.7413,0.551002,1.03169,-16.8987,-0.909091,-0.166404,2.00726,0.458333,10,0,0,38.0833,28.5833,0,-11.1669,0.0001,-0.000916879,0.127882,1.54812,0.119385,58952,0.11909,56.37,2.06482
1066,0.455485,0.430055,0.0181622,0.0122688,0.657726,0.385058,0.855024,0.466619,0.0262009,0.0440688,0.0175368,0.196798,0.0105412,0,0.240381,0.115435,4.63161,0.0656922,0.299886,0.0848636,0.839033,6.75437,0.954012,0.941154,0.0547373,0.29332,0.48951,0.216793,0.472933,0.472933,0,0,-0.00439935,0.0347632,0.947152,0.795073,0.0134013,0.0243418,0.0035239,0.00248469,0.549271,0.0130744,-6.54255,-7.64979,14.8334,0.547669,1.03569,-16.7813,-0.909091,-0.166066,1.98434,0.458333,11,0,0,39.1667,28.125,0,-11.1645,0.0001,-0.00106308,0.126501,1.51123,0.1187,60311,0.119147,54.43,1.78967
1067,0.458099,0.438162,0.0180515,0.0118061,0.657096,0.389538,0.855009,0.470488,0.0259543,0.0447689,0.0173827,0.195465,0.0105354,0,0.240406,0.116128,4.61324,0.0669069,0.299624,0.0846705,0.837151,6.75734,0.953722,0.941513,0.0545493,0.292417,0.490178,0.215296,0.473451,0.473451,0,0,-0.00442223,0.0349126,0.946304,0.797639,0.0132969,0.024109,0.00346135,0.00247909,0.549541,0.0129793,-6.60246,-7.91924,14.6566,0.555496,1.02818,-16.6833,-0.909091,-0.167115,2.02095,0.708333,11.5417,0,0,39.0417,30.0417,0.0416667,-11.1592,0.0001,-0.00107119,0.126053,1.51171,0.116927,60359,0.119212,56.18,1.99264
1068,0.455133,0.430456,0.0180905,0.0120243,0.658771,0.383923,0.85499,0.464869,0.0265008,0.0433067,0.017741,0.196453,0.0105823,0,0.24086,0.114608,4.62164,0.0650249,0.299758,0.0859696,0.839007,6.75169,0.954156,0.941387,0.0548961,0.295331,0.487212,0.216457,0.471882,0.471882,0,0,-0.00437335,0.0343321,0.947674,0.793207,0.0135734,0.0245953,0.00342898,0.00244357,0.548806,0.0133328,-6.70763,-7.41302,14.8385,0.547616,1.0326,-16.9582,-0.909091,-0.166998,1.98675,0.25,9.54167,0,0,38.6667,27.25,0,-11.1564,0.0001,-0.000886111,0.128283,1.50302,0.119962,60570,0.11925,55.22,2.03705
1069,0.459035,0.435822,0.0180569,0.0117595,0.65845,0.387575,0.854859,0.468991,0.0260224,0.0440673,0.0174349,0.19508,0.0104746,0,0.240217,0.116198,4.61425,0.06643,0.299034,0.0846212,0.837867,6.76335,0.954456,0.941496,0.0543105,0.291145,0.490844,0.215382,0.488951,0.488951,0,0,-0.00441946,0.0344647,0.947379,0.797301,0.0132932,0.0240924,0.00341438,0.00246894,0.551123,0.0130502,-6.66087,-7.71903,14.6414,0.553785,1.02226,-16.8375,-0.909091,-0.167261,2.00947,0.625,9.91667,0,0,37.2917,30.8333,0,-11.1553,0.0001,-0.00107761,0.124168,1.49314,0.119061,60975,0.119264,56.09,2.163
1070,0.459394,0.442259,0.0180078,0.0114389,0.658563,0.391792,0.853966,0.473297,0.0265552,0.0423976,0.017813,0.196243,0.0105738,0,0.241841,0.117008,4.61064,0.0645226,0.300629,0.0854492,0.837288,6.75669,0.953883,0.941655,0.0550672,0.297487,0.489556,0.216375,0.492806,0.492806,0,0,-0.0043441,0.0350634,0.948455,0.792997,0.013619,0.0245725,0.00346889,0.00250232,0.55107,0.013482,-6.73082,-7.18359,14.8039,0.54722,1.02479,-17.1141,-0.909091,-0.16767,2.03817,0.666667,8.875,0,0,39.2917,28.9167,0,-11.1561,0.0001,-0.00112895,0.13388,1.51403,0.120003,60160,0.119285,57.45,2.3438
1071,0.458944,0.428423,0.0181081,0.0121088,0.658127,0.382449,0.855274,0.460825,0.0263104,0.043152,0.0176175,0.197098,0.0104653,0,0.241352,0.113388,4.61831,0.0652081,0.300268,0.0847644,0.837691,6.76231,0.954471,0.94133,0.0554576,0.297793,0.489165,0.217246,0.454201,0.454201,0,0,-0.00435591,0.0351246,0.948033,0.794021,0.0134795,0.0243949,0.0035754,0.00253384,0.550085,0.0133028,-6.6565,-7.41894,14.7538,0.548484,1.02809,-16.9685,-0.909091,-0.166669,1.97883,0.5,9.58333,0,0,40.0833,28.4583,0,-11.1562,0.0001,-0.000967718,0.134689,1.51261,0.121002,60175,0.119328,55.67,1.883
1072,0.460026,0.440515,0.0180452,0.0114083,0.658278,0.391048,0.855159,0.472027,0.0263408,0.0430639,0.0176636,0.196097,0.0104923,0,0.241519,0.116873,4.61799,0.0653608,0.300235,0.0852612,0.839272,6.76466,0.954538,0.941533,0.0549168,0.296307,0.489839,0.21644,0.495539,0.495539,0,0,-0.00438419,0.0339068,0.947891,0.794538,0.0134747,0.0243746,0.00339517,0.00246813,0.550796,0.013298,-6.78987,-7.42547,14.6968,0.550531,1.02476,-17.0131,-0.909091,-0.167389,2.03233,0.541667,9.04167,0,0,38.4583,28.5417,0,-11.1561,0.0001,-0.0011092,0.13423,1.51647,0.11777,60152,0.119353,55.89,2.14651
1073,0.456683,0.430575,0.0180817,0.0121758,0.658384,0.383385,0.855076,0.463264,0.0264769,0.0431601,0.0177367,0.19732,0.0105816,0,0.242104,0.114002,4.62808,0.065482,0.301172,0.0852509,0.836224,6.75241,0.953366,0.941415,0.0554132,0.299994,0.488459,0.217299,0.453116,0.453116,0,0,-0.00437384,0.0346993,0.947636,0.793187,0.0135664,0.0245808,0.00342998,0.00245738,0.549242,0.0132979,-6.59118,-7.41602,14.8438,0.547755,1.03894,-16.9582,-0.909091,-0.167185,1.98706,0.583333,10.0833,0,0,40.5833,28.7917,0,-11.1562,0.0001,-0.00118226,0.132793,1.48192,0.116341,61507,0.119397,55.15,1.85104
1074,0.455683,0.433429,0.018053,0.0119191,0.655143,0.384944,0.854999,0.469416,0.0265709,0.0430811,0.017803,0.195913,0.0105736,0,0.240826,0.116112,4.59914,0.0652679,0.300432,0.0859652,0.837012,6.75083,0.953508,0.941508,0.0550827,0.298164,0.489563,0.215865,0.477864,0.477864,0,0,-0.00436819,0.0345045,0.947497,0.792864,0.0136182,0.0246051,0.0033482,0.00243293,0.549633,0.0134367,-6.77439,-7.37322,14.78,0.550284,1.03061,-17.0139,-0.909091,-0.166556,2.00016,0.458333,9.375,0,0,39.375,27.75,0,-11.154,0.0001,-0.00108547,0.130905,1.48349,0.116508,61440,0.119422,57.04,1.97572
1075,0.457013,0.438018,0.0179515,0.0117007,0.655472,0.387615,0.854153,0.47339,0.0262505,0.0427278,0.0176227,0.19616,0.0104507,0,0.242696,0.117294,4.58583,0.0649395,0.300767,0.084758,0.838073,6.76507,0.954395,0.941837,0.0547854,0.299573,0.490458,0.216452,0.489755,0.489755,0,0,-0.00434325,0.0361273,0.949034,0.795501,0.0134279,0.0242143,0.00357106,0.00255943,0.549991,0.0133237,-6.71631,-7.24932,14.6219,0.550955,1.01592,-17.1324,-0.909091,-0.16746,2.01939,0.416667,8.375,0,0,40.625,29.5833,0,-11.155,0.0001,-0.000934262,0.125252,1.49096,0.117948,61099,0.119405,55.79,1.88353
1076,0.456928,0.436677,0.0180375,0.0118455,0.656685,0.388152,0.854714,0.471344,0.0262376,0.0433798,0.0175727,0.19637,0.0104774,0,0.241546,0.116796,4.60044,0.0658146,0.300409,0.084929,0.838121,6.76276,0.954137,0.941559,0.0542719,0.290447,0.489953,0.216283,0.479434,0.479434,0,0,-0.00438995,0.0350847,0.947767,0.795922,0.0134373,0.0242967,0.00353517,0.00254208,0.550865,0.0132119,-6.70637,-7.54043,14.6463,0.553486,1.02028,-16.9154,-0.909091,-0.16708,2.01405,0.416667,9.375,0,0,38.5833,29.2917,0,-11.1588,0.0001,-0.000954119,0.128353,1.49864,0.118787,60777,0.119407,57.26,2.10326
1077,0.456092,0.434857,0.0180767,0.011986,0.655879,0.386252,0.854798,0.470779,0.0259722,0.0446099,0.0173971,0.195319,0.0105186,0,0.23974,0.116808,4.61482,0.0667184,0.299875,0.0843699,0.839042,6.75768,0.95426,0.94141,0.0544647,0.291462,0.489925,0.215116,0.49197,0.49197,0,0,-0.00443583,0.0348008,0.946461,0.796484,0.0133168,0.0240826,0.00347484,0.00249689,0.549991,0.0129765,-6.65676,-7.8955,14.6593,0.554703,1.02522,-16.7053,-0.908426,-0.166556,2.00702,0.708333,11.5833,0,0,37.4583,29.1667,0.0416667,-11.1605,0.0001,-0.000858943,0.131759,1.51942,0.119653,59975,0.119396,56.69,2.18403
1078,0.458346,0.438732,0.0180413,0.0115159,0.656571,0.389734,0.854797,0.470281,0.0263163,0.0434492,0.0176216,0.196092,0.0104323,0,0.240936,0.116623,4.60771,0.0660888,0.300687,0.0847887,0.837832,6.76159,0.954295,0.941546,0.0547467,0.295948,0.490367,0.215698,0.483769,0.483769,0,0,-0.00438707,0.0350151,0.947755,0.794781,0.013463,0.0243794,0.00348492,0.00253362,0.550947,0.0132029,-6.69551,-7.52612,14.6677,0.552837,1.0271,-16.9532,-0.909091,-0.167061,2.02477,0.291667,10.2083,0,0,38.0417,29.4583,0,-11.1639,0.0001,-0.000814966,0.126344,1.50445,0.116862,60632,0.119371,55.51,2.04202
1079,0.457518,0.438553,0.0180121,0.0116769,0.654872,0.388945,0.854491,0.473506,0.0262523,0.0436846,0.0175857,0.195693,0.0105031,0,0.241089,0.117249,4.61222,0.0665315,0.300201,0.085214,0.837147,6.7564,0.954025,0.941641,0.0547376,0.294393,0.490065,0.215592,0.480466,0.480466,0,0,-0.00438708,0.0349716,0.946858,0.794111,0.0135021,0.0243629,0.0035066,0.00253143,0.550444,0.0132497,-6.75724,-7.60833,14.7638,0.551638,1.02484,-16.8376,-0.909091,-0.166951,2.02323,0.625,9.79167,0,0,37.5,28.375,0,-11.1652,0.0001,-0.00116065,0.127448,1.48474,0.117857,61340,0.119398,55.75,1.88415
1080,0.454948,0.431998,0.018049,0.0120232,0.654357,0.384073,0.854481,0.468713,0.0259556,0.0444031,0.017397,0.194406,0.0104895,0,0.239369,0.115659,4.58798,0.0665961,0.299644,0.0844558,0.838861,6.76459,0.954514,0.941521,0.0545194,0.288742,0.488862,0.214345,0.4712,0.4712,0,0,-0.00443134,0.0345938,0.94661,0.797728,0.0132919,0.0240308,0.00348109,0.00255495,0.552727,0.0130044,-6.66731,-7.84658,14.6255,0.55518,1.02199,-16.7409,-0.909091,-0.166469,1.9925,0.666667,10.5833,0,0,37.8333,29.1667,0,-11.162,0.0001,-0.000928997,0.127382,1.50295,0.11845,60628,0.119429,55.94,1.87812
1081,0.460409,0.4391,0.0180852,0.0114607,0.659583,0.390321,0.855141,0.469203,0.0263006,0.0436374,0.0176199,0.196074,0.0105233,0,0.240725,0.115985,4.60267,0.0661961,0.300321,0.0852682,0.836906,6.75871,0.954114,0.941404,0.0547787,0.292563,0.488302,0.215962,0.483892,0.483892,0,0,-0.00440803,0.0341949,0.947314,0.794616,0.0134714,0.0243599,0.00341437,0.00249264,0.550689,0.01321,-6.77714,-7.59542,14.7063,0.5514,1.02724,-16.9019,-0.909091,-0.167497,2.02645,0.583333,10.5417,0,0,38.7083,31.125,0,-11.1602,0.0001,-0.00125528,0.12734,1.52196,0.119302,59895,0.119463,56.14,1.94728
1082,0.455133,0.433343,0.0181029,0.0120313,0.655219,0.386207,0.854966,0.469651,0.026333,0.0434896,0.0176252,0.194225,0.0104715,0,0.238435,0.115984,4.60401,0.0654637,0.298538,0.085122,0.840624,6.75793,0.954455,0.941346,0.0548514,0.302407,0.489329,0.214293,0.47715,0.47715,0,0,-0.00438784,0.034151,0.94736,0.793156,0.0135205,0.0244238,0.0035133,0.00251922,0.551405,0.0132442,-6.72319,-7.53533,14.8024,0.54933,1.02731,-16.8842,-0.909091,-0.166137,1.99975,0.375,9.75,0,0,38.875,27.7917,0,-11.1581,0.0001,-0.00104939,0.127079,1.52405,0.118602,59844,0.119481,56.64,2.03694
1083,0.455579,0.433577,0.0180492,0.0120194,0.655942,0.385011,0.854703,0.46936,0.0264914,0.0428551,0.0177579,0.195751,0.0105304,0,0.240841,0.115909,4.61061,0.0660477,0.300278,0.0853409,0.837921,6.75825,0.955021,0.94152,0.054933,0.302379,0.488831,0.2158,0.470651,0.470651,0,0,-0.0043594,0.0347058,0.947921,0.793205,0.0135701,0.0245258,0.00348532,0.00253573,0.552381,0.0133944,-6.82281,-7.32115,14.7667,0.548548,1.02473,-17.0699,-0.909091,-0.166841,2.00112,0.666667,9.5,0,0,38.8333,29.0833,0,-11.1574,0.0001,-0.00110687,0.129683,1.51797,0.120303,60004,0.119499,56.71,2.16614
1084,0.456757,0.436209,0.0180016,0.0118043,0.656442,0.38647,0.85481,0.471398,0.0267713,0.0426027,0.0179513,0.19487,0.0106429,0,0.240267,0.116533,4.57924,0.065403,0.2997,0.0860503,0.838062,6.7559,0.953763,0.941659,0.0548419,0.296238,0.488968,0.214938,0.483786,0.483786,0,0,-0.00436533,0.0340234,0.947799,0.791822,0.0137351,0.0247476,0.0033566,0.00247053,0.551137,0.0135284,-6.86594,-7.18412,14.8308,0.548671,1.03223,-17.1295,-0.908599,-0.167374,2.01408,0.625,9,0,0,39.375,29.5417,0.0416667,-11.1559,0.0001,-0.000964498,0.124853,1.50998,0.1194,60332,0.119518,56.53,2.18166
1085,0.455997,0.437193,0.0180698,0.0120139,0.656476,0.388686,0.854899,0.47381,0.0264374,0.0425716,0.0177274,0.195066,0.0104512,0,0.239987,0.117038,4.57791,0.0651877,0.299609,0.0851281,0.839069,6.75817,0.953584,0.941454,0.054777,0.294523,0.489621,0.215372,0.484959,0.484959,0,0,-0.00438122,0.0339948,0.948409,0.793774,0.0135508,0.0244286,0.00355176,0.00258779,0.551801,0.0133499,-6.81444,-7.27323,14.7602,0.547325,1.02112,-17.0703,-0.909091,-0.166721,2.01782,0.625,9.125,0,0,38.8333,30.3333,0,-11.1552,0.0001,-0.00123324,0.127654,1.51883,0.119551,60000,0.119531,57.4,2.10383
1086,0.454111,0.439039,0.0180141,0.0114366,0.655309,0.388751,0.855569,0.476965,0.0261307,0.0437239,0.0175075,0.195034,0.0104675,0,0.240471,0.118517,4.57162,0.0660604,0.300247,0.0847393,0.838697,6.76244,0.954526,0.941634,0.0543989,0.293274,0.488667,0.215027,0.519463,0.519463,0,0,-0.00441571,0.0340608,0.946945,0.79687,0.0133388,0.0241683,0.00353344,0.00259962,0.551738,0.013084,-6.85142,-7.68284,14.6396,0.554168,1.02202,-16.8759,-0.909091,-0.167017,2.02888,0.666667,9.95833,0,0,39.5833,29.2083,0,-11.1574,0.0001,-0.000900725,0.124465,1.51679,0.117842,60138,0.119521,57.21,2.28509
1087,0.45993,0.436516,0.0181636,0.0117467,0.660374,0.390505,0.855089,0.469964,0.0260554,0.0446239,0.0174253,0.19566,0.0104754,0,0.239232,0.116676,4.60688,0.0661051,0.299844,0.0850252,0.840157,6.76469,0.954246,0.94115,0.0543458,0.289465,0.489891,0.215584,0.490988,0.490988,0,0,-0.00444338,0.0327748,0.946526,0.796929,0.0133209,0.0241736,0.00349698,0.00253262,0.551428,0.0129871,-6.70774,-7.86289,14.6983,0.553772,1.02856,-16.6933,-0.909091,-0.166879,2.01373,0.708333,10.2083,0,0,36.625,29.75,0,-11.1618,0.0001,-0.000379946,0.123058,1.49666,0.119883,60811,0.119514,56.07,1.90492
1088,0.456022,0.437433,0.0181145,0.0118481,0.657055,0.390429,0.856082,0.474371,0.0261847,0.0439766,0.0175325,0.194479,0.0105537,0,0.238283,0.117621,4.5535,0.0654853,0.299028,0.0851208,0.840508,6.76031,0.954968,0.941309,0.0546167,0.289473,0.49008,0.214111,0.489944,0.489944,0,0,-0.00443988,0.0323563,0.946495,0.79582,0.0133829,0.0242763,0.00345401,0.00249186,0.551448,0.013042,-6.80807,-7.79121,14.7053,0.552103,1.0299,-16.7642,-0.909091,-0.166456,2.02145,0.708333,11.5417,0,0,39,29.0833,0,-11.1624,0.0001,-0.000272977,0.123844,1.5172,0.117143,60149,0.119533,56.35,2.1025
1089,0.458981,0.441269,0.0181381,0.011422,0.659812,0.394333,0.855594,0.475649,0.0258093,0.044779,0.0172769,0.195699,0.0104158,0,0.239368,0.118579,4.56614,0.0656715,0.29957,0.0840938,0.839117,6.76725,0.955019,0.941232,0.0546195,0.289514,0.492411,0.215531,0.513642,0.513642,0,0,-0.00445578,0.0331544,0.946861,0.799238,0.0131429,0.0239206,0.00355997,0.00256162,0.552898,0.0127737,-6.67735,-7.98,14.5947,0.556202,1.02204,-16.6622,-0.909091,-0.166872,2.0364,0.583333,10.875,0,0,36.3333,29.0417,0,-11.1601,0.0001,-0.000786012,0.125097,1.50003,0.116952,60794,0.119572,56.12,2.20904
1090,0.457125,0.442118,0.0180879,0.0115104,0.657479,0.393594,0.856391,0.477176,0.0259177,0.0449046,0.0173518,0.194766,0.0105186,0,0.23912,0.117973,4.54588,0.0659783,0.299577,0.0846273,0.835615,6.76113,0.954718,0.941395,0.054468,0.291642,0.488958,0.214519,0.503789,0.503789,0,0,-0.00443699,0.0348847,0.946267,0.798849,0.0132597,0.0240377,0.00364813,0.0026633,0.553673,0.01287,-6.67827,-7.98889,14.6312,0.556693,1.02406,-16.645,-0.909091,-0.166885,2.04325,0.541667,11.5833,0,0,36.9583,30.375,0,-11.1567,0.0001,-0.00121242,0.114445,1.49383,0.116835,61033,0.119599,54.88,1.85192
1091,0.456107,0.440325,0.0180281,0.011731,0.656714,0.391007,0.856023,0.47504,0.025854,0.0447288,0.0173033,0.194624,0.0105104,0,0.239724,0.117541,4.55898,0.0662158,0.299878,0.0843318,0.838177,6.76317,0.955206,0.941589,0.0541839,0.286118,0.490334,0.21458,0.49072,0.49072,0,0,-0.00443836,0.0346603,0.946106,0.798991,0.0132482,0.0239742,0.00356151,0.00260251,0.553363,0.012871,-6.75336,-7.97813,14.5924,0.558034,1.01839,-16.6495,-0.909091,-0.167107,2.03478,0.583333,10.5833,0,0,36,29.75,0,-11.1559,0.0001,-0.000905486,0.128695,1.51991,0.119426,59965,0.119616,56.22,2.17408
1092,0.457995,0.433322,0.0181836,0.0118949,0.660708,0.388082,0.8556,0.464401,0.026013,0.0449224,0.0173909,0.196437,0.0105715,0,0.239781,0.114466,4.58416,0.0658441,0.299874,0.0847874,0.838108,6.75734,0.95494,0.941085,0.0549854,0.290679,0.487432,0.216214,0.468865,0.468865,0,0,-0.00443669,0.034166,0.945831,0.796577,0.0133242,0.0241971,0.00357637,0.00256628,0.551741,0.0128896,-6.68678,-8.007,14.753,0.553754,1.03345,-16.5886,-0.909091,-0.166822,2.00007,0.75,12.1667,0,0,37.875,29.7083,0,-11.155,0.0001,-0.000901847,0.125848,1.50746,0.118333,60465,0.119638,55.74,2.03482
1093,0.457092,0.439358,0.0180296,0.0116832,0.657929,0.389899,0.855568,0.474476,0.0263633,0.0435961,0.0176623,0.195045,0.0105413,0,0.24039,0.117725,4.55125,0.0655466,0.299847,0.0853569,0.837709,6.76528,0.954394,0.941584,0.0548745,0.290548,0.490736,0.214974,0.492206,0.492206,0,0,-0.00440129,0.0342016,0.947441,0.795839,0.0134594,0.0243687,0.00359096,0.0026831,0.554321,0.013205,-6.88842,-7.52862,14.6533,0.553411,1.02387,-16.976,-0.909091,-0.167474,2.02899,0.375,9.5,0,0,37.4583,30.4167,0,-11.1535,0.0001,-0.00105855,0.125905,1.48554,0.116343,61367,0.119679,55.06,2.00273
1094,0.456231,0.44017,0.0181187,0.0116576,0.658677,0.392816,0.855898,0.473353,0.0263941,0.043472,0.017672,0.196188,0.010513,0,0.240131,0.11729,4.58122,0.0650795,0.300036,0.0852471,0.838271,6.75992,0.953968,0.941296,0.0552282,0.294685,0.488333,0.216045,0.498833,0.498833,0,0,-0.00439799,0.034019,0.94742,0.794337,0.0135179,0.0244667,0.00357432,0.00263059,0.552654,0.0132475,-6.77065,-7.5127,14.7512,0.5504,1.02787,-16.926,-0.909091,-0.166842,2.03397,0.333333,9.5,0,0,37.5417,30.2917,0,-11.1516,0.0001,-0.000863575,0.119149,1.48843,0.116901,61235,0.119695,55.58,2.07812
1095,0.455532,0.440702,0.0180794,0.0116643,0.657724,0.3924,0.855269,0.474997,0.0267695,0.0427828,0.0179204,0.195689,0.0106449,0,0.240048,0.117354,4.56841,0.0649683,0.3,0.0863788,0.83877,6.75027,0.953433,0.941423,0.0551527,0.293553,0.48743,0.215634,0.497796,0.497796,0,0,-0.00436094,0.0339033,0.947417,0.791506,0.0137578,0.0247987,0.00356193,0.00263659,0.551913,0.0134957,-6.89662,-7.26265,14.8724,0.546772,1.03401,-17.0511,-0.909091,-0.166935,2.03376,0.458333,9.29167,0,0,40.2917,28.875,0,-11.1513,0.0001,-0.00100579,0.123372,1.48034,0.119442,61448,0.119715,56.46,2.13045
1096,0.459399,0.441917,0.0181174,0.0114689,0.660091,0.394391,0.855969,0.474677,0.0260881,0.0443983,0.0174586,0.196082,0.0105117,0,0.240366,0.117685,4.54879,0.0660774,0.300348,0.0846493,0.839244,6.76275,0.954428,0.9413,0.0547822,0.287282,0.490587,0.216065,0.498769,0.498769,0,0,-0.00441914,0.0344512,0.946905,0.798031,0.0132864,0.0241633,0.00358334,0.00263395,0.553753,0.0129571,-6.72731,-7.82035,14.6128,0.554615,1.02524,-16.7788,-0.909091,-0.16717,2.04075,0.541667,10.625,0,0,36.4583,29.2917,0,-11.1493,0.0001,-0.000832537,0.128877,1.47304,0.115416,61886,0.119747,56.06,2.06414
1097,0.459973,0.438914,0.0181293,0.0116115,0.662236,0.391932,0.855836,0.46988,0.0261559,0.0438621,0.0175165,0.197073,0.0104457,0,0.241192,0.1166,4.57383,0.0660344,0.300521,0.0846523,0.839279,6.76844,0.954858,0.941261,0.0552767,0.288752,0.490244,0.21709,0.488718,0.488718,0,0,-0.00440837,0.0341236,0.947402,0.796813,0.0133418,0.0242425,0.00366229,0.0026721,0.553375,0.0130662,-6.71801,-7.66933,14.678,0.552261,1.02723,-16.8447,-0.909091,-0.167569,2.02681,0.166667,10.5417,0,0,38.25,30.9167,0,-11.1485,0.0001,-0.000810196,0.122697,1.47951,0.115881,61617,0.119751,55.66,2.10976
1098,0.458139,0.43567,0.0180417,0.0119306,0.659866,0.387085,0.855195,0.468365,0.0262877,0.0435068,0.0176336,0.195206,0.0105938,0,0.240654,0.115335,4.5884,0.066266,0.300289,0.0851711,0.840332,6.76596,0.954423,0.941545,0.0552423,0.294489,0.488139,0.215406,0.480823,0.480823,0,0,-0.00441629,0.0330269,0.94725,0.794868,0.0134707,0.0242914,0.00330084,0.00242128,0.550698,0.0132266,-7.01477,-7.54803,14.6114,0.554414,1.01796,-16.9563,-0.909091,-0.167929,2.01123,0.541667,9.20833,0,0,38.5417,28.5833,0,-11.15,0.0001,-0.0010635,0.124986,1.47535,0.117337,61722,0.119782,56.41,2.06942
1099,0.463372,0.442971,0.0180832,0.0115892,0.661795,0.394735,0.855483,0.472612,0.0260803,0.0439572,0.0174753,0.195534,0.0104807,0,0.240392,0.117205,4.57009,0.0660481,0.300251,0.0848106,0.838921,6.76461,0.954154,0.94141,0.0551943,0.2872,0.491552,0.21568,0.483531,0.483531,0,0,-0.00443328,0.0333305,0.947164,0.797419,0.0133243,0.0241507,0.00358473,0.0026487,0.553437,0.0130178,-6.78445,-7.71483,14.6116,0.555507,1.0231,-16.8143,-0.909091,-0.167943,2.04421,0.541667,10.0833,0,0,38.2083,30.8333,0,-11.1493,0.0001,-0.000872618,0.123498,1.48407,0.115923,61440,0.119793,56.76,2.23347
1100,0.457673,0.440014,0.0180749,0.0113984,0.660012,0.391387,0.854292,0.473511,0.0261992,0.0436875,0.0175564,0.195518,0.010471,0,0.240561,0.117093,4.59502,0.0663879,0.299962,0.0851581,0.838268,6.75845,0.953372,0.941437,0.0548251,0.287642,0.489235,0.215706,0.502751,0.502751,0,0,-0.00440858,0.0333234,0.947522,0.796336,0.0133652,0.0242117,0.00347871,0.00257704,0.551676,0.0131413,-6.91803,-7.64369,14.5697,0.555446,1.022,-16.9356,-0.909091,-0.167631,2.02861,0.375,9.16667,0,0,35.25,29.4583,0,-11.1516,0.0001,-0.000978463,0.122959,1.51428,0.117356,60248,0.119796,55.78,2.1318
1101,0.457564,0.439196,0.0181167,0.0116267,0.659644,0.391173,0.855462,0.472815,0.0260262,0.0444846,0.0174225,0.195656,0.0105172,0,0.239838,0.117182,4.58346,0.0669354,0.299749,0.0847683,0.83823,6.75861,0.954129,0.941302,0.0554761,0.291225,0.489554,0.21544,0.497903,0.497903,0,0,-0.00443571,0.0333635,0.946305,0.797445,0.0132999,0.0241357,0.00368548,0.00269759,0.553929,0.0129559,-6.75695,-7.91018,14.6481,0.556254,1.02589,-16.6976,-0.909091,-0.167282,2.0281,0.541667,11.125,0,0,38.7083,31.0417,0,-11.1512,0.0001,-0.000678468,0.121969,1.52275,0.120037,59839,0.119824,55.57,2.27677
1102,0.456865,0.437827,0.0180384,0.0117436,0.658125,0.388892,0.854607,0.471886,0.0263668,0.0436658,0.0176638,0.19462,0.0105527,0,0.239743,0.116433,4.60033,0.0670345,0.29943,0.0856497,0.837472,6.75901,0.95412,0.941555,0.0548755,0.293239,0.487873,0.214661,0.488119,0.488119,0,0,-0.00439633,0.0335772,0.946739,0.795114,0.0135196,0.0244025,0.00353673,0.002657,0.554064,0.0132309,-6.95146,-7.59018,14.6982,0.553646,1.02476,-16.9007,-0.909091,-0.167418,2.01999,0.541667,9.91667,0,0,38.1667,29.0417,0,-11.1506,0.0001,-0.000782882,0.12191,1.51537,0.121078,60071,0.119803,56.34,2.16577
1103,0.456097,0.440382,0.0181865,0.0115725,0.659273,0.393777,0.854667,0.473423,0.0262189,0.0444359,0.017548,0.195721,0.0104975,0,0.238968,0.117229,4.61639,0.0665363,0.299063,0.0851317,0.838436,6.7565,0.953832,0.941076,0.055202,0.294029,0.48725,0.215654,0.507954,0.507954,0,0,-0.00442486,0.0336426,0.946718,0.795864,0.0134102,0.0243519,0.0037294,0.00274333,0.553689,0.0130586,-6.70398,-7.74327,14.768,0.551598,1.0321,-16.7624,-0.909091,-0.166401,2.03036,0.583333,10.875,0,0,37,29.375,0,-11.1548,0.0001,-0.00101259,0.125057,1.5056,0.120355,60459,0.11978,56.13,2.11204
1104,0.456738,0.437402,0.0180653,0.0117509,0.658259,0.38868,0.854637,0.471814,0.0259913,0.044477,0.0174092,0.195002,0.0103637,0,0.240077,0.116766,4.59028,0.0674249,0.299362,0.0845553,0.83696,6.76895,0.954542,0.941468,0.0548441,0.291095,0.488743,0.215249,0.499006,0.499006,0,0,-0.00441773,0.0339842,0.947121,0.798947,0.0132412,0.0240628,0.00377843,0.00281954,0.555663,0.0129597,-6.79875,-7.81346,14.5375,0.558238,1.0211,-16.8287,-0.909091,-0.167316,2.01784,0.625,10.0417,0,0,37.1667,30.0417,0,-11.1568,0.0001,-0.00103107,0.124585,1.52404,0.117577,59882,0.119799,55.68,1.84666
1105,0.457421,0.437203,0.0181724,0.0117812,0.660896,0.390535,0.855023,0.468959,0.0259268,0.0452756,0.0173485,0.195701,0.0105289,0,0.239027,0.115594,4.60195,0.0676473,0.299696,0.0848974,0.839028,6.75891,0.954091,0.941121,0.0550218,0.289719,0.487222,0.215361,0.48075,0.48075,0,0,-0.00447526,0.0328377,0.945447,0.79747,0.0132823,0.0240846,0.00358917,0.00264416,0.553177,0.0128275,-6.81545,-8.09745,14.6348,0.557877,1.02782,-16.5674,-0.909091,-0.167102,2.01651,0.625,11.5833,0,0,36.75,29.125,0.0416667,-11.1547,0.0001,-0.00113532,0.126215,1.53403,0.117475,59523,0.119853,55.71,1.99379
1106,0.461339,0.442227,0.0181273,0.0116327,0.663539,0.39484,0.855015,0.471028,0.0260141,0.0446254,0.0174256,0.197541,0.0105052,0,0.242026,0.11644,4.58838,0.0672339,0.301357,0.084684,0.838995,6.76443,0.953982,0.941267,0.0554007,0.28995,0.489106,0.217572,0.482695,0.482695,0,0,-0.00442998,0.0336116,0.946477,0.798449,0.0132857,0.0240992,0.00372584,0.00277214,0.555554,0.0129237,-6.7392,-7.85327,14.6023,0.557499,1.02171,-16.7326,-0.909091,-0.168054,2.03965,0.375,10.25,0,0,36.75,32,0,-11.152,0.0001,-0.000444575,0.125962,1.52886,0.119835,59625,0.119874,56.04,2.06598
1107,0.456251,0.434026,0.0180862,0.012038,0.658523,0.386266,0.854354,0.468536,0.0261981,0.0434266,0.017554,0.195143,0.0105059,0,0.239992,0.115695,4.60643,0.0670429,0.299607,0.0847672,0.840827,6.76048,0.954284,0.941401,0.0555034,0.296484,0.488315,0.215323,0.477962,0.477962,0,0,-0.00439604,0.0334504,0.947452,0.795011,0.0134118,0.0242267,0.00354619,0.00262201,0.552606,0.0131669,-7.00825,-7.54933,14.6085,0.552988,1.01987,-16.9428,-0.909091,-0.167165,2.00114,0.541667,9.5,0,0,39.125,27.7083,0,-11.1526,0.0001,-0.00104999,0.121168,1.52885,0.11772,59702,0.11987,55.53,1.98868
1108,0.458027,0.43546,0.0180505,0.0118071,0.659085,0.387222,0.854724,0.469477,0.026275,0.0434219,0.0175966,0.195822,0.0105174,0,0.241145,0.116058,4.60197,0.0666645,0.300783,0.0852462,0.838079,6.75999,0.953219,0.941516,0.0548334,0.294477,0.489287,0.216168,0.481025,0.481025,0,0,-0.00440295,0.0339606,0.947221,0.795748,0.0134621,0.0243206,0.00375154,0.0028125,0.55489,0.0131729,-6.86514,-7.55658,14.6963,0.55255,1.02168,-16.897,-0.909091,-0.167558,2.0094,0.666667,10.0417,0,0,38.875,31.2083,0,-11.1543,0.0001,-0.000637776,0.121763,1.53182,0.118816,59555,0.119856,56.27,2.02777
1109,0.457453,0.437183,0.0181758,0.0117542,0.660012,0.390477,0.854786,0.470278,0.0260855,0.0436789,0.0174633,0.1965,0.0104902,0,0.240239,0.116131,4.57686,0.0661082,0.300642,0.0846674,0.83932,6.76542,0.954294,0.94111,0.0549949,0.293145,0.488397,0.216713,0.491075,0.491075,0,0,-0.00443509,0.0332687,0.947015,0.796338,0.0133446,0.0241537,0.00367575,0.00268465,0.553418,0.0130151,-6.8749,-7.74517,14.6571,0.552903,1.02373,-16.8004,-0.909091,-0.166739,2.01685,0.416667,10.2083,0,0,37.875,29.0833,0,-11.157,0.0001,-0.000860592,0.120894,1.51143,0.116105,60400,0.119856,55.33,1.93554
1110,0.458636,0.445364,0.0181078,0.0114679,0.660774,0.397096,0.854354,0.478893,0.0262687,0.0430267,0.0176035,0.196495,0.0104964,0,0.240934,0.118571,4.5599,0.0657886,0.300511,0.084982,0.839708,6.75903,0.953429,0.941331,0.0551315,0.292031,0.489205,0.216571,0.504082,0.504082,0,0,-0.00439998,0.0330228,0.947477,0.795784,0.0134198,0.0242783,0.00363912,0.00271059,0.553528,0.0131318,-6.93139,-7.54075,14.6398,0.552517,1.02481,-16.9547,-0.909091,-0.167419,2.05209,0.5,10,0,0,38.0417,28.75,0,-11.1568,0.0001,-0.00100568,0.124213,1.53068,0.118849,59595,0.119886,55.84,1.96792
1111,0.457772,0.436845,0.0181505,0.0118672,0.659052,0.389473,0.853905,0.469588,0.0262981,0.0436235,0.0176028,0.195304,0.0105127,0,0.239228,0.116017,4.57436,0.0664988,0.299849,0.0855104,0.839822,6.7626,0.954064,0.941192,0.0549934,0.297201,0.488837,0.215416,0.482298,0.482298,0,0,-0.00441995,0.0333066,0.946737,0.794568,0.0134624,0.0243608,0.00364591,0.00268839,0.553634,0.0131116,-6.93001,-7.64909,14.7741,0.550441,1.02965,-16.8315,-0.909091,-0.166797,2.01311,0.375,10.5833,0,0,40,29.7917,0,-11.1551,0.0001,-0.000678052,0.122775,1.53571,0.119432,59393,0.119916,55.3,2.05273
1112,0.456422,0.438864,0.0181245,0.0117788,0.659085,0.391474,0.855027,0.472711,0.026046,0.0445365,0.0174344,0.196011,0.0104955,0,0.239937,0.116923,4.57224,0.0672262,0.300364,0.0848695,0.836332,6.75857,0.953758,0.941277,0.0548513,0.289821,0.487625,0.215819,0.494077,0.494077,0,0,-0.00444529,0.0345883,0.946295,0.798245,0.0132948,0.0241481,0.00377082,0.00282132,0.554857,0.0129153,-6.83402,-7.88169,14.6016,0.556856,1.02641,-16.7357,-0.909091,-0.166983,2.02465,0.208333,10.25,0,0,35.7917,28.9583,0.0416667,-11.1549,0.0001,-0.00100603,0.12417,1.53068,0.11798,59626,0.119956,56.64,1.86146
1113,0.460794,0.438657,0.0181234,0.0117149,0.661548,0.391991,0.854093,0.47086,0.0261896,0.0429837,0.0175534,0.195867,0.010439,0,0.24023,0.116508,4.58583,0.0658604,0.299654,0.0847743,0.838998,6.76636,0.954041,0.94128,0.0551142,0.293887,0.490825,0.216267,0.490063,0.490063,0,0,-0.00439555,0.0331114,0.948156,0.795764,0.0133987,0.0242145,0.00382642,0.00284546,0.555587,0.0131326,-6.87266,-7.46502,14.6632,0.550234,1.02079,-16.9621,-0.909091,-0.167357,2.02149,0.416667,9.75,0,0,39.2917,30.7083,0,-11.1533,0.0001,-0.00121507,0.127218,1.51543,0.117643,60195,0.119984,55.85,2.08898
1114,0.45798,0.436792,0.0181458,0.0117372,0.659939,0.390598,0.85336,0.470019,0.0265057,0.0427947,0.0177607,0.196419,0.0105558,0,0.24027,0.116255,4.59055,0.0663474,0.300375,0.085557,0.838905,6.75831,0.953272,0.941208,0.0552893,0.300253,0.488354,0.216592,0.48323,0.48323,0,0,-0.00438109,0.0338415,0.947809,0.792984,0.0135898,0.0245293,0.0037222,0.00277549,0.553764,0.0133169,-6.91172,-7.37106,14.7715,0.548118,1.0275,-17.017,-0.909091,-0.166941,2.01161,0.666667,9.625,0,0,38.5417,28.4583,0,-11.1527,0.0001,-0.000786419,0.126381,1.51051,0.117495,60383,0.120013,55.68,2.15915
1115,0.459375,0.439785,0.0181556,0.0115194,0.660583,0.392994,0.853599,0.470189,0.0262654,0.0433367,0.0175927,0.196491,0.0105752,0,0.240536,0.116085,4.58271,0.0668082,0.300419,0.0850296,0.838537,6.75873,0.95407,0.941176,0.0554079,0.293626,0.488292,0.216766,0.495913,0.495913,0,0,-0.0043917,0.0343861,0.947362,0.794258,0.0134923,0.0243281,0.00385996,0.00285447,0.556157,0.0131536,-6.80475,-7.5746,14.735,0.549816,1.02672,-16.8759,-0.909091,-0.16702,2.02548,0.916667,10.5417,0,0,38.5833,30.4167,0,-11.15,0.0001,-0.000741231,0.117933,1.52705,0.121477,59631,0.120059,55.46,2.13934
1116,0.457078,0.441099,0.0181542,0.0116819,0.65926,0.39375,0.853742,0.473769,0.0261132,0.0430606,0.017502,0.196101,0.0104783,0,0.24049,0.117008,4.59724,0.0667547,0.300157,0.0844412,0.839975,6.76197,0.95358,0.94118,0.0558263,0.299201,0.488337,0.216755,0.497173,0.497173,0,0,-0.00438998,0.0343538,0.947696,0.795069,0.0133954,0.0241431,0.0037517,0.00276642,0.554197,0.0131202,-6.95786,-7.55231,14.6353,0.551119,1.01763,-16.9322,-0.909091,-0.166826,2.03217,0.416667,9.83333,0,0,39.9583,28.4167,0,-11.1474,0.0001,-0.000922481,0.120198,1.51326,0.119581,60204,0.120085,56.27,2.17765
1117,0.458445,0.437682,0.018144,0.0119575,0.660248,0.390925,0.854181,0.46985,0.0261913,0.0432396,0.0175513,0.195896,0.010523,0,0.239996,0.115798,4.57987,0.0665117,0.299854,0.0848925,0.839009,6.75959,0.954177,0.941213,0.054663,0.292652,0.488195,0.216265,0.473924,0.473924,0,0,-0.00439648,0.0339839,0.947547,0.795328,0.0134284,0.0242269,0.00385688,0.00287289,0.55572,0.0131156,-6.86568,-7.56537,14.6836,0.550785,1.02034,-16.8788,-0.909091,-0.166988,2.01728,0.458333,9.29167,0,0,37.4583,29.2917,0.0416667,-11.1475,0.0001,-0.000857926,0.122909,1.50444,0.120872,60483,0.120086,55.73,2.14374
1118,0.456187,0.434166,0.0181412,0.0120455,0.659301,0.387836,0.853425,0.467464,0.026272,0.0433768,0.0175813,0.195863,0.0105515,0,0.240042,0.115068,4.5928,0.0665556,0.299859,0.085385,0.839566,6.75776,0.954002,0.941222,0.0540317,0.289364,0.487436,0.216001,0.47038,0.47038,0,0,-0.00442565,0.0334592,0.946849,0.795099,0.013475,0.0243776,0.00355818,0.00265704,0.553089,0.013119,-6.94061,-7.65008,14.7061,0.551918,1.02697,-16.8352,-0.909091,-0.166835,1.99901,0.416667,10.4583,0,0,37.5417,30.625,0,-11.1463,0.0001,-0.00105034,0.118755,1.49964,0.118605,60747,0.120121,55.65,2.05636
1119,0.454961,0.441581,0.0180685,0.0115993,0.655898,0.393431,0.854095,0.47877,0.0261672,0.0432132,0.0175395,0.194396,0.0105248,0,0.23923,0.118599,4.56635,0.0664044,0.299451,0.0846078,0.839416,6.75993,0.953962,0.941458,0.054597,0.292855,0.488877,0.214687,0.511139,0.511139,0,0,-0.00439414,0.0350582,0.947665,0.796223,0.0133949,0.024183,0.00380995,0.00285862,0.556175,0.0130877,-6.90761,-7.53574,14.6074,0.55305,1.01865,-16.9333,-0.909091,-0.166553,2.03436,0.583333,9.5,0,0,38.125,29.125,0,-11.1429,0.0001,-0.000832183,0.12442,1.52632,0.118402,59769,0.120159,56.42,2.17079
1120,0.460589,0.441628,0.0181153,0.0115691,0.662257,0.394256,0.853838,0.474312,0.0261496,0.0425021,0.0175311,0.196827,0.0103956,0,0.241409,0.117791,4.57863,0.065475,0.301094,0.0843345,0.840967,6.77544,0.954336,0.941306,0.0550209,0.291253,0.490849,0.217163,0.505845,0.505845,0,0,-0.00439174,0.033484,0.9486,0.796037,0.0133606,0.0241406,0.00384212,0.00284799,0.554929,0.0131431,-6.91005,-7.4343,14.5846,0.550413,1.01473,-17.0108,-0.909091,-0.167667,2.03464,0.25,9.25,0,0,38.5833,29.625,0,-11.143,0.0001,-0.000768194,0.124583,1.48384,0.116697,61419,0.120156,55.92,2.07153
1121,0.459043,0.440695,0.0180466,0.0116685,0.660443,0.391774,0.853387,0.473003,0.0260531,0.0437015,0.0174542,0.195931,0.0104893,0,0.240748,0.116999,4.58206,0.0665891,0.301072,0.0847562,0.83788,6.76726,0.954255,0.941529,0.0538448,0.282803,0.489488,0.215767,0.495915,0.495915,0,0,-0.00443151,0.0335296,0.946787,0.797557,0.013333,0.0241384,0.00368543,0.0027659,0.555066,0.0129906,-6.87435,-7.77515,14.5835,0.555003,1.02318,-16.8125,-0.909091,-0.167859,2.02942,0.458333,10.5,0,0,36.625,30.7083,0,-11.1441,0.0001,-0.000674163,0.125969,1.51492,0.11718,60231,0.120174,55.8,1.99392
1122,0.458519,0.440647,0.0180719,0.0115693,0.658757,0.392138,0.853727,0.473514,0.0261265,0.0429995,0.0175278,0.195506,0.0104867,0,0.240385,0.116936,4.56253,0.0661638,0.300142,0.0849241,0.8395,6.76655,0.954242,0.941447,0.0542549,0.290519,0.48907,0.215769,0.496998,0.496998,0,0,-0.00440546,0.0338845,0.947358,0.797015,0.0134034,0.0241568,0.00382672,0.00285677,0.556085,0.0131086,-6.88768,-7.57321,14.6318,0.553097,1.01639,-16.8906,-0.909091,-0.167247,2.0295,0.625,9.41667,0,0,36.5833,31.0417,0,-11.1436,0.0001,-0.00112778,0.122694,1.52618,0.118662,59764,0.120177,56.14,2.31404
1123,0.458527,0.44474,0.0180609,0.0114217,0.658939,0.395728,0.854163,0.478474,0.0261667,0.0431228,0.0175247,0.195726,0.0105306,0,0.240826,0.118704,4.55777,0.0661546,0.300974,0.0849956,0.840416,6.76741,0.954882,0.941467,0.0538603,0.285571,0.489221,0.215841,0.51396,0.51396,0,0,-0.00441592,0.0337259,0.946996,0.797311,0.013382,0.0242175,0.00356677,0.00266491,0.553859,0.0130426,-6.95295,-7.64286,14.6164,0.554049,1.02149,-16.8662,-0.908599,-0.167454,2.04941,0.541667,10.2917,0,0,37.6667,30.875,0.0416667,-11.1458,0.0001,-0.000953756,0.118725,1.51586,0.117913,60169,0.120163,57.11,2.31018
1124,0.458331,0.439796,0.0180872,0.0116758,0.659147,0.39238,0.853883,0.474729,0.0258574,0.0440031,0.017317,0.195057,0.0105078,0,0.239689,0.117603,4.58069,0.066718,0.299439,0.0846241,0.84054,6.76733,0.954772,0.941397,0.0540402,0.284557,0.491539,0.215217,0.496683,0.496683,0,0,-0.0044311,0.0338669,0.946958,0.798611,0.013238,0.0239397,0.00375132,0.00278696,0.55583,0.0128614,-6.84575,-7.86316,14.5142,0.556847,1.01649,-16.7446,-0.909091,-0.167147,2.02658,0.541667,10,0,0,36.6667,30.625,0,-11.1478,0.0001,-0.000879739,0.121781,1.51311,0.119106,60227,0.120154,55.55,2.03724
1125,0.456998,0.43619,0.0181626,0.0118885,0.660156,0.390066,0.853527,0.469643,0.0257247,0.044524,0.017218,0.196013,0.0104829,0,0.240013,0.116115,4.57583,0.0667138,0.299958,0.0842749,0.840072,6.77495,0.955429,0.941153,0.0545469,0.288302,0.489244,0.216216,0.482281,0.482281,0,0,-0.0044523,0.0337519,0.946382,0.800227,0.0131305,0.0238543,0.00374898,0.0027455,0.555293,0.0126931,-6.75074,-8.04849,14.5678,0.556395,1.02216,-16.6112,-0.909091,-0.166827,2.00809,0.708333,11.6667,0,0,35.8333,29.2917,0,-11.1495,0.0001,-0.000978815,0.122211,1.52933,0.117741,59684,0.120158,56.04,2.08617
1126,0.454637,0.436841,0.0180779,0.0117915,0.656757,0.388871,0.853206,0.471656,0.0261333,0.0438446,0.0175019,0.195259,0.0105914,0,0.239702,0.116559,4.59067,0.0669153,0.300114,0.0850747,0.839314,6.76496,0.954338,0.941427,0.0547997,0.29285,0.487974,0.215167,0.492593,0.492593,0,0,-0.00442726,0.0346174,0.946637,0.796568,0.0133895,0.0242199,0.0037196,0.0027542,0.554298,0.0130261,-6.86944,-7.71808,14.6917,0.5531,1.02551,-16.7894,-0.909091,-0.166676,2.01161,0.416667,10.5,0,0,39.4583,30.875,0,-11.1512,0.0001,-0.00103379,0.125351,1.51093,0.117796,60356,0.120148,54.97,1.87546
1127,0.456946,0.435551,0.0182201,0.0120179,0.662007,0.39054,0.854654,0.470867,0.0253803,0.0461812,0.0169591,0.19594,0.0104084,0,0.238914,0.117134,4.57789,0.0681695,0.299505,0.083678,0.839678,6.7718,0.954952,0.940967,0.053912,0.281965,0.489218,0.215734,0.491591,0.491591,0,0,-0.00453334,0.032838,0.945184,0.802444,0.0129387,0.0235901,0.00377456,0.00273291,0.554788,0.0123901,-6.61744,-8.51397,14.5463,0.56082,1.02371,-16.3029,-0.909091,-0.166838,2.00712,0.541667,12.25,0,0,33.5,30.5833,0,-11.154,0.0001,-0.00110584,0.125763,1.51742,0.117417,60130,0.120144,55.77,2.25626
1128,0.458142,0.440616,0.018194,0.0115367,0.661522,0.394579,0.854151,0.474437,0.0257199,0.0455866,0.0171872,0.196377,0.0105304,0,0.239652,0.117735,4.59256,0.0676761,0.300087,0.08443,0.838921,6.77038,0.955344,0.941051,0.0546592,0.28401,0.489018,0.216149,0.510442,0.510442,0,0,-0.00446617,0.0341002,0.945646,0.800192,0.0131401,0.0239213,0.00378444,0.00276589,0.55497,0.012631,-6.66847,-8.21643,14.626,0.557624,1.02909,-16.4661,-0.909091,-0.166961,2.02942,0.625,12.125,0,0,36.4583,31.25,0,-11.1561,0.0001,-0.000937011,0.1213,1.51248,0.115967,60366,0.120127,56.79,1.96341
1129,0.454895,0.437394,0.0180321,0.0116597,0.656131,0.38722,0.854015,0.47295,0.0256162,0.0457662,0.0171417,0.194067,0.0104827,0,0.239051,0.116984,4.55704,0.0682593,0.299034,0.0840414,0.837124,6.77134,0.955117,0.941576,0.0539135,0.278023,0.488127,0.213557,0.493105,0.493105,0,0,-0.00447695,0.0350798,0.946049,0.80172,0.0130815,0.0237394,0.00390674,0.00292305,0.557129,0.0126164,-6.68586,-8.25924,14.4143,0.563667,1.01532,-16.5413,-0.909091,-0.167216,2.01676,0.541667,11.0833,0,0,34.0417,32.2917,0,-11.16,0.0001,-0.00106835,0.127498,1.5018,0.117817,60695,0.120132,55.31,2.00548
1130,0.455735,0.435866,0.0181827,0.0118382,0.658305,0.389696,0.854849,0.469834,0.0259694,0.0448027,0.0173721,0.195837,0.0105326,0,0.238897,0.116103,4.57211,0.0669685,0.299706,0.0848153,0.838368,6.7674,0.954958,0.941088,0.0543514,0.286478,0.487606,0.215458,0.489196,0.489196,0,0,-0.00445684,0.0331386,0.946455,0.79707,0.0132976,0.02409,0.00383451,0.00283177,0.555645,0.0128556,-6.75077,-7.95047,14.6268,0.555313,1.02762,-16.6683,-0.909091,-0.166275,2.01059,0.541667,11.125,0,0,36.3333,29.9167,0,-11.1606,0.0001,-0.000741107,0.126254,1.51017,0.118095,60373,0.12015,54.88,1.8353
1131,0.455639,0.440003,0.018119,0.0117488,0.657152,0.392412,0.854543,0.476083,0.0261122,0.0442934,0.0174754,0.194524,0.0104994,0,0.23831,0.118095,4.56037,0.0663301,0.299246,0.0849641,0.839425,6.7577,0.954133,0.941294,0.0543349,0.28998,0.488918,0.214289,0.502939,0.502939,0,0,-0.00445944,0.0330279,0.946507,0.796983,0.0133157,0.0241973,0.00365356,0.00271779,0.554528,0.0129126,-6.80052,-7.85502,14.6672,0.55381,1.03302,-16.7496,-0.909091,-0.166508,2.02901,0.5,11.25,0,0,38.0833,29.4167,0,-11.1606,0.0001,-0.000629747,0.128097,1.53814,0.117478,59376,0.120151,56.01,2.14204
1132,0.456551,0.436958,0.0181154,0.0119588,0.659147,0.390079,0.854987,0.471301,0.0259097,0.0448049,0.0173538,0.196386,0.0105628,0,0.240691,0.116323,4.58623,0.0674258,0.301342,0.084731,0.838397,6.76537,0.954511,0.941306,0.0541863,0.290524,0.488044,0.216366,0.490502,0.490502,0,0,-0.00444495,0.0340561,0.945899,0.798341,0.0132732,0.024044,0.00380866,0.00282369,0.556183,0.0127997,-6.75797,-8.00061,14.6787,0.55461,1.02755,-16.6096,-0.909091,-0.167021,2.01527,0.75,10.9167,0,0,35.7083,29.25,0,-11.1614,0.0001,-0.000821739,0.125626,1.50794,0.118157,60453,0.120145,55.18,2.04961
1133,0.455037,0.430895,0.0181213,0.0119894,0.659202,0.384304,0.854134,0.46403,0.0258927,0.0450884,0.0173302,0.195574,0.010548,0,0.239759,0.114007,4.57536,0.0674515,0.300169,0.0844761,0.837738,6.75882,0.954619,0.941287,0.0541393,0.287701,0.486508,0.215452,0.468608,0.468608,0,0,-0.0044561,0.0343755,0.946146,0.798187,0.0132387,0.0240122,0.00380838,0.00282054,0.55593,0.0128043,-6.7378,-8.02118,14.607,0.557303,1.02677,-16.6387,-0.909091,-0.167026,1.98683,0.791667,11.9583,0,0,38.25,31.375,0,-11.1637,0.0001,-0.000845291,0.121067,1.47439,0.117118,61767,0.120162,56.41,1.92871
1134,0.455874,0.440965,0.018114,0.011468,0.657894,0.39365,0.855353,0.478938,0.0259991,0.0442827,0.017404,0.194132,0.0104922,0,0.238104,0.119452,4.55759,0.0663727,0.298404,0.084719,0.841165,6.76921,0.954475,0.941311,0.0544281,0.283453,0.491602,0.214097,0.527407,0.527407,0,0,-0.00443461,0.0335375,0.946649,0.798543,0.0132724,0.0240948,0.00379961,0.00281272,0.555885,0.0128859,-6.7765,-7.85005,14.6395,0.555522,1.02491,-16.7333,-0.909091,-0.166565,2.03552,0.416667,9.75,0,0,35.3333,29.9583,0,-11.1636,0.0001,-0.00077534,0.128747,1.48946,0.115784,61239,0.120166,56.81,2.1889
1135,0.455366,0.435378,0.0180806,0.0116631,0.658919,0.387396,0.85466,0.470854,0.0261134,0.0429751,0.0175108,0.195139,0.010431,0,0.240385,0.116774,4.58079,0.0663885,0.300047,0.0844825,0.84128,6.76976,0.95449,0.941419,0.0550205,0.299144,0.489597,0.215815,0.492765,0.492765,0,0,-0.00439858,0.0336581,0.948004,0.796437,0.013339,0.0241127,0.00362514,0.00268905,0.555072,0.0130858,-6.97201,-7.48965,14.6163,0.551386,1.01534,-16.9683,-0.909091,-0.167217,2.00851,0.583333,9.5,0,0,40.3333,29.75,0,-11.1651,0.0001,-0.000978954,0.125117,1.49545,0.119637,60866,0.120159,56.45,1.96217
1136,0.458731,0.443565,0.0180071,0.0112631,0.65899,0.392814,0.85535,0.476803,0.0263135,0.0431761,0.0176231,0.195408,0.0105951,0,0.240714,0.118121,4.54959,0.0668451,0.300374,0.0851492,0.838958,6.75707,0.953556,0.941657,0.0543571,0.289154,0.488913,0.215042,0.512104,0.512104,0,0,-0.00441999,0.0342591,0.947099,0.795645,0.0134523,0.024347,0.00367576,0.00276802,0.554241,0.0130796,-6.9483,-7.58906,14.6874,0.552139,1.02655,-16.9196,-0.909091,-0.168028,2.04802,0.583333,10.2917,0,0,37.5417,29.5833,0,-11.1673,0.0001,-0.00083774,0.118105,1.54491,0.118094,59112,0.120146,56.34,2.1122
1137,0.455069,0.436405,0.0181356,0.0116929,0.655443,0.389758,0.855387,0.473724,0.0265441,0.0427324,0.0177823,0.194442,0.0106366,0,0.238313,0.117366,4.57448,0.0664966,0.298708,0.0857383,0.841091,6.75833,0.953899,0.94124,0.0552939,0.293999,0.488984,0.21442,0.506747,0.506747,0,0,-0.0043891,0.0343003,0.947753,0.792937,0.0135944,0.0245696,0.00370271,0.00275041,0.554083,0.0132551,-6.86712,-7.34623,14.8447,0.545129,1.02999,-16.9954,-0.909091,-0.165864,2.01592,0.458333,10.25,0,0,38.5,28.4167,0,-11.1701,0.0001,-0.000679263,0.124055,1.49501,0.119591,60884,0.120152,55.78,2.06415
1138,0.456539,0.437657,0.0180779,0.0116566,0.656862,0.389113,0.855037,0.471241,0.026575,0.0427003,0.0178102,0.195068,0.010679,0,0.239786,0.116443,4.55426,0.0663805,0.299753,0.0860798,0.839909,6.75171,0.95249,0.941427,0.0550256,0.293047,0.488952,0.215081,0.493721,0.493721,0,0,-0.00438568,0.0337915,0.94754,0.792705,0.0136527,0.0245493,0.00360186,0.0026856,0.552386,0.0133055,-6.92167,-7.31083,14.8321,0.54691,1.02845,-16.9979,-0.909091,-0.166868,2.02048,0.375,10.125,0,0,40.5,29.7917,0,-11.1713,0.0001,-0.000988877,0.124994,1.56018,0.118127,58573,0.120131,56.73,2.10395
1139,0.455587,0.433902,0.0181451,0.0120607,0.657982,0.387671,0.854815,0.468406,0.0262331,0.0436901,0.0175677,0.196576,0.0105494,0,0.240282,0.116029,4.56108,0.0665537,0.300197,0.0850047,0.839607,6.75731,0.953879,0.94119,0.0551566,0.292632,0.488687,0.216704,0.48189,0.48189,0,0,-0.00439666,0.0348128,0.947012,0.795107,0.0134368,0.0243259,0.00380976,0.00277929,0.55389,0.0130333,-6.79366,-7.59966,14.7874,0.548675,1.03316,-16.8324,-0.908499,-0.166308,2.00212,0.416667,10.25,0,0,38.3333,26.375,0.0416667,-11.1747,0.0001,-0.000788785,0.127103,1.53228,0.11811,59564,0.120108,57.07,2.0638
1140,0.458954,0.44182,0.0181204,0.0112943,0.659295,0.393928,0.855332,0.476548,0.0261977,0.0437536,0.0175293,0.1963,0.0106001,0,0.240206,0.118492,4.55797,0.0670605,0.30042,0.0851227,0.839556,6.75951,0.954357,0.941273,0.0546998,0.290756,0.49031,0.216064,0.523828,0.523828,0,0,-0.00439861,0.0350673,0.947178,0.79489,0.0134399,0.0242946,0.00381932,0.00281378,0.555553,0.0130413,-6.7641,-7.67911,14.7716,0.548876,1.02873,-16.7926,-0.908586,-0.166983,2.0387,0.625,11.2083,0,0,38.375,30.9167,0.0416667,-11.1767,0.0001,-0.000910284,0.125264,1.54234,0.120737,59109,0.120109,57.12,2.26682
1141,0.456102,0.436296,0.0181006,0.011588,0.65799,0.388664,0.854966,0.470708,0.0261172,0.0442032,0.0174938,0.194895,0.0106416,0,0.239108,0.116269,4.53589,0.0670427,0.299372,0.0848019,0.840318,6.75853,0.954277,0.941354,0.0552698,0.29583,0.487839,0.214739,0.50281,0.50281,0,0,-0.00440957,0.0352758,0.946383,0.79589,0.0134104,0.0242141,0.00366039,0.00267074,0.553507,0.0129718,-6.82315,-7.7627,14.7396,0.552099,1.03046,-16.7489,-0.909091,-0.166851,2.01369,0.666667,10.875,0,0,37.2083,29.6667,0,-11.1767,0.0001,-0.000879882,0.126886,1.49496,0.117215,60975,0.120131,55.49,2.05839
1142,0.456295,0.437332,0.0182091,0.0116112,0.659526,0.391699,0.855731,0.47457,0.0259558,0.0444272,0.0173712,0.196369,0.0105839,0,0.239579,0.118459,4.55071,0.0669887,0.299709,0.0848913,0.840627,6.76252,0.953588,0.941002,0.0552146,0.292344,0.490585,0.216451,0.510179,0.510179,0,0,-0.00444719,0.0338452,0.947,0.796901,0.0132942,0.0240295,0.00372805,0.00268868,0.552687,0.0128294,-6.71598,-7.86768,14.702,0.551496,1.02546,-16.6823,-0.909091,-0.16631,2.01899,0.291667,10.75,0,0,37.5417,30.0833,0,-11.1755,0.0001,-0.00105161,0.128238,1.4824,0.118467,61406,0.120144,55.51,2.01352
1143,0.4578,0.43702,0.0180881,0.0118395,0.658697,0.389361,0.854917,0.472987,0.0259142,0.0445953,0.0173564,0.195135,0.0106147,0,0.239513,0.11741,4.55009,0.0674557,0.299563,0.084714,0.838376,6.76372,0.954903,0.941394,0.0544967,0.289024,0.490389,0.214831,0.490469,0.490469,0,0,-0.00445101,0.0345957,0.946356,0.797701,0.0132869,0.0240082,0.00371494,0.00270237,0.553617,0.0128233,-6.80291,-7.94675,14.6674,0.553844,1.02239,-16.6481,-0.909091,-0.167219,2.01651,0.708333,11.0417,0,0,36.6667,30.125,0,-11.1739,0.0001,-0.000758748,0.124629,1.53569,0.11855,59425,0.120185,56.65,1.99106
1144,0.453862,0.435273,0.0180654,0.0121029,0.656243,0.386888,0.855587,0.47112,0.0260375,0.045075,0.0174353,0.194457,0.0106641,0,0.238879,0.11612,4.52194,0.0678556,0.299345,0.0850536,0.838928,6.7581,0.954439,0.941468,0.0547816,0.291059,0.487684,0.214059,0.484054,0.484054,0,0,-0.00444744,0.0346723,0.946243,0.797476,0.0133583,0.0241106,0.00379494,0.0028081,0.555321,0.0128691,-6.72798,-7.89757,14.6853,0.55522,1.0246,-16.6458,-0.909091,-0.166803,2.01117,0.25,10.4583,0,0,36.625,28.125,0,-11.1685,0.0001,-0.000882437,0.131009,1.5085,0.119192,60394,0.120263,56.66,2.03592
1145,0.455242,0.439978,0.0180641,0.0116347,0.656046,0.390623,0.855406,0.477245,0.0259183,0.0453338,0.0173475,0.194399,0.010634,0,0.238796,0.11841,4.5392,0.0681949,0.298553,0.0851156,0.838668,6.76249,0.954549,0.941472,0.0545616,0.288755,0.48939,0.213876,0.515236,0.515236,0,0,-0.00445301,0.0352977,0.945639,0.798597,0.0133188,0.0240424,0.00368777,0.00270213,0.553186,0.0127707,-6.74653,-8.01221,14.6641,0.556745,1.02482,-16.5731,-0.909091,-0.166805,2.03291,0.75,11.8333,0,0,38.375,32,0,-11.1613,0.0001,-0.0010611,0.117995,1.49075,0.121574,60970,0.120328,54.76,1.97616
1146,0.457349,0.439863,0.0181024,0.011722,0.657169,0.392056,0.855237,0.47475,0.025834,0.0454936,0.0172872,0.194848,0.0106666,0,0.239144,0.117629,4.50152,0.067513,0.299423,0.0850278,0.838644,6.76152,0.954885,0.941348,0.0548532,0.28543,0.489762,0.214634,0.491811,0.491811,0,0,-0.00446012,0.0353199,0.945478,0.79914,0.0132253,0.0239594,0.00372941,0.00274361,0.555063,0.0127107,-6.72547,-8.12971,14.6668,0.556005,1.02831,-16.521,-0.909091,-0.16669,2.03073,0.708333,11.625,0,0,35.8333,28.8333,0,-11.1591,0.0001,-0.00104461,0.126927,1.4893,0.116132,61231,0.12032,55.15,2.02166
1147,0.456222,0.437626,0.0181377,0.011843,0.659462,0.390532,0.855602,0.471879,0.0258102,0.045259,0.0172579,0.196387,0.0105521,0,0.239987,0.116822,4.54605,0.0671331,0.299786,0.0846886,0.838186,6.76298,0.954473,0.941234,0.0539866,0.279647,0.489238,0.215913,0.483113,0.483113,0,0,-0.00445071,0.0351899,0.946131,0.799661,0.0131928,0.0239497,0.00379542,0.00276569,0.554553,0.0126813,-6.65231,-8.05209,14.6552,0.554704,1.02772,-16.562,-0.909091,-0.16692,2.02077,0.833333,11.8333,0,0,35.7083,32.0417,0,-11.1608,0.0001,-0.00106596,0.121266,1.49485,0.119668,60887,0.120345,56.21,2.16203
1148,0.456192,0.436732,0.0181007,0.0120098,0.656476,0.388969,0.854778,0.471421,0.02589,0.0455542,0.0173138,0.195061,0.0106812,0,0.238865,0.116336,4.53545,0.0682678,0.29907,0.0851324,0.837883,6.75808,0.954224,0.941354,0.0547371,0.283585,0.488074,0.214382,0.482491,0.482491,0,0,-0.00446116,0.0359783,0.94527,0.798144,0.0132818,0.0240339,0.00376892,0.00277241,0.554299,0.0127098,-6.71589,-8.12632,14.7129,0.555466,1.03164,-16.5121,-0.909091,-0.166619,2.01564,0.666667,12.1667,0,0,34.7917,29.2083,0,-11.1582,0.0001,-0.000853719,0.120613,1.49601,0.118562,60885,0.120368,56.35,2.09861
1149,0.455262,0.43308,0.0181274,0.0119202,0.656811,0.38634,0.855311,0.468459,0.0260978,0.0446812,0.0174547,0.196345,0.0106228,0,0.240188,0.115751,4.54285,0.0670629,0.299768,0.0853944,0.838763,6.75413,0.95379,0.941267,0.0551645,0.291825,0.488641,0.216018,0.480247,0.480247,0,0,-0.00443201,0.0359794,0.9464,0.797188,0.0133529,0.0242138,0.00377662,0.0027446,0.55304,0.0128615,-6.66512,-7.85466,14.7689,0.551439,1.03559,-16.684,-0.909091,-0.166403,2.00021,0.541667,11.1667,0,0,36.75,29.4583,0,-11.1565,0.0001,-0.000900701,0.123494,1.50874,0.118782,60400,0.120394,55.82,2.06623
1150,0.454929,0.437151,0.0180954,0.0119418,0.65553,0.389165,0.85542,0.474677,0.026088,0.0444626,0.0174601,0.19462,0.0106264,0,0.238648,0.118036,4.50251,0.0668925,0.299127,0.0853861,0.839684,6.76449,0.954189,0.941371,0.0545096,0.290002,0.490494,0.21424,0.496269,0.496269,0,0,-0.00446066,0.0344426,0.94659,0.79779,0.0133456,0.0241609,0.00368714,0.0027617,0.555497,0.012844,-6.79079,-7.78739,14.7006,0.552685,1.02596,-16.7168,-0.909091,-0.166345,2.01811,0.416667,11.25,0,0,37.0417,30,0,-11.1537,0.0001,-0.000298427,0.120248,1.52981,0.118265,59647,0.120413,56.15,1.994
1151,0.452624,0.435155,0.0180455,0.0119337,0.653661,0.38618,0.855301,0.474322,0.026154,0.043926,0.0175173,0.194086,0.0106049,0,0.23876,0.116976,4.50601,0.0667838,0.299112,0.0851393,0.841256,6.76228,0.955155,0.941533,0.0543597,0.287953,0.487795,0.213889,0.495699,0.495699,0,0,-0.0044129,0.0351351,0.946989,0.796333,0.0134204,0.0241983,0.00371529,0.00276261,0.554806,0.0130074,-6.85407,-7.66906,14.6974,0.5516,1.0235,-16.8142,-0.909091,-0.16631,2.00978,0.625,10.8333,0,0,37.4167,29.25,0,-11.1517,0.0001,-0.000904583,0.123424,1.52222,0.120433,59844,0.120453,56.69,2.23365
1152,0.454368,0.440604,0.0180527,0.011443,0.655475,0.391213,0.856458,0.478194,0.0259341,0.0436384,0.0173795,0.194273,0.0105854,0,0.239127,0.11884,4.49629,0.0669068,0.299062,0.0848688,0.839263,6.7655,0.954236,0.941509,0.0546245,0.28878,0.490078,0.214243,0.522281,0.522281,0,0,-0.00441158,0.0354696,0.947172,0.797802,0.0133125,0.0239946,0.00379219,0.00279222,0.554224,0.0129366,-6.83261,-7.74234,14.6232,0.553288,1.01928,-16.7807,-0.909091,-0.166687,2.03748,0.541667,10.0833,0,0,37.5417,30.9167,0.0416667,-11.1486,0.0001,-0.00108515,0.125406,1.48584,0.117162,61324,0.120478,56.79,2.10752
1153,0.458539,0.441133,0.0180745,0.0115988,0.65848,0.392334,0.855508,0.47439,0.0257957,0.0445943,0.0172815,0.195139,0.0104949,0,0.239806,0.117523,4.49472,0.0665644,0.299841,0.0845097,0.839286,6.77079,0.955105,0.941438,0.0543716,0.286379,0.49002,0.215169,0.503033,0.503033,0,0,-0.00443837,0.0354105,0.946559,0.799417,0.0132039,0.0238488,0.00380804,0.00280035,0.555132,0.012767,-6.78282,-7.93067,14.5785,0.557434,1.01929,-16.6871,-0.909091,-0.16724,2.03707,0.5,10.7917,0,0,36.4167,29.5417,0,-11.1494,0.0001,-0.000940308,0.122853,1.47609,0.117973,61668,0.120481,57.23,2.06408
1154,0.455927,0.435481,0.0181038,0.0116043,0.65893,0.387334,0.855494,0.469046,0.0261809,0.043762,0.0175213,0.196025,0.0105954,0,0.240398,0.115865,4.51407,0.0661645,0.300318,0.0849892,0.83933,6.76169,0.95448,0.941344,0.054998,0.292132,0.487329,0.215764,0.493079,0.493079,0,0,-0.0044045,0.0355152,0.947121,0.796046,0.013416,0.0242407,0.00381917,0.0028429,0.555763,0.0129892,-6.79768,-7.67912,14.7203,0.551348,1.02663,-16.8093,-0.909091,-0.167233,2.01215,0.458333,10.7917,0,0,38.25,30.0833,0,-11.1488,0.0001,-0.00102701,0.11927,1.48847,0.117232,61221,0.12051,56.37,2.20732
1155,0.45423,0.434983,0.0181032,0.0120313,0.655916,0.387697,0.855849,0.470296,0.0259261,0.0442999,0.0173493,0.194401,0.0105483,0,0.238611,0.116102,4.51411,0.06716,0.299056,0.0848017,0.83869,6.77011,0.954707,0.941346,0.0545178,0.286425,0.488386,0.214373,0.482694,0.482694,0,0,-0.00442291,0.0357865,0.946829,0.798842,0.0132731,0.0239787,0.00391201,0.00291711,0.556944,0.01283,-6.78859,-7.8216,14.6537,0.553398,1.01862,-16.6991,-0.909091,-0.166275,2.01014,0.333333,10.75,0,0,35.4583,30.7917,0,-11.1479,0.0001,-0.000683513,0.123268,1.48981,0.117037,61178,0.120543,55.15,1.96633
1156,0.45858,0.43994,0.0180649,0.0115412,0.660175,0.391961,0.855302,0.472592,0.0262664,0.043565,0.0175976,0.196433,0.0105556,0,0.241068,0.116689,4.50213,0.0666237,0.300637,0.0853234,0.839455,6.76287,0.954209,0.941452,0.0542604,0.286905,0.489397,0.216193,0.50054,0.50054,0,0,-0.00439314,0.036011,0.947462,0.796005,0.0134488,0.0242827,0.00385577,0.00287272,0.555732,0.0130531,-6.83406,-7.54103,14.7111,0.551176,1.0262,-16.8874,-0.908557,-0.167596,2.03043,0.458333,9.5,0,0,36.5833,31.0417,0.0416667,-11.1465,0.0001,-0.00101666,0.120351,1.48165,0.119991,61377,0.120575,55.84,2.18791
1157,0.457794,0.442137,0.0180764,0.0116108,0.657259,0.393782,0.855289,0.475306,0.025805,0.0452869,0.0172488,0.194368,0.0105104,0,0.238789,0.117504,4.50239,0.0672369,0.299735,0.0845964,0.837866,6.76747,0.955119,0.941432,0.0540717,0.282969,0.488887,0.213975,0.490346,0.490346,0,0,-0.00445999,0.0357727,0.945811,0.79967,0.0131946,0.0239182,0.00382774,0.00287102,0.557606,0.0126885,-6.7882,-8.14094,14.5823,0.558899,1.02276,-16.5592,-0.909091,-0.16701,2.04019,0.375,11.5833,0,0,35.6667,31.2083,0,-11.1443,0.0001,-0.000652837,0.114354,1.50679,0.116148,60571,0.120617,55.8,1.87276
1158,0.457347,0.442295,0.0180884,0.0115852,0.658195,0.394439,0.855645,0.476959,0.0260044,0.0440982,0.0174135,0.196225,0.0105156,0,0.240634,0.118038,4.48952,0.0664369,0.300723,0.0846724,0.840464,6.76326,0.954637,0.941393,0.0547,0.291335,0.489015,0.216161,0.508835,0.508835,0,0,-0.00443001,0.0356272,0.946673,0.797971,0.0133247,0.0240729,0.00388593,0.00287544,0.555584,0.0128771,-6.79891,-7.80715,14.6624,0.554443,1.02391,-16.7308,-0.909091,-0.166974,2.04205,0.416667,10.5833,0,0,37.1667,29.2917,0,-11.1416,0.0001,-0.00119876,0.118869,1.48074,0.117281,61515,0.12066,55.85,2.144
1159,0.455192,0.435631,0.0180512,0.0119154,0.657448,0.387277,0.8546,0.47138,0.0259418,0.0440342,0.0173818,0.194464,0.0105223,0,0.239483,0.116273,4.52136,0.0668095,0.299186,0.0847383,0.841169,6.76265,0.953692,0.941514,0.0549585,0.287093,0.488907,0.214541,0.485164,0.485164,0,0,-0.00440987,0.0354752,0.947045,0.797742,0.0132885,0.0239708,0.00381295,0.00282965,0.555011,0.012882,-6.8984,-7.75224,14.5932,0.554068,1.02026,-16.8036,-0.909091,-0.167149,2.01094,0.666667,10.625,0,0,39.3333,29.375,0,-11.1386,0.0001,-0.000984343,0.114211,1.48329,0.115827,61473,0.120723,56.09,2.04737
1160,0.456912,0.445805,0.0179484,0.0110264,0.655985,0.39446,0.854248,0.483645,0.0260708,0.0429951,0.0174869,0.194124,0.0104779,0,0.240446,0.120582,4.5066,0.0662174,0.299433,0.0848197,0.842088,6.77151,0.954464,0.941847,0.0545052,0.29396,0.491763,0.214455,0.54348,0.54348,0,0,-0.00437348,0.0362212,0.948004,0.797265,0.0133681,0.0240343,0.00380863,0.00282714,0.554701,0.0130907,-6.95067,-7.48843,14.5694,0.553941,1.00972,-16.9844,-0.909091,-0.167631,2.05639,0.625,8.83333,0,0,37.9583,28.2917,0,-11.1351,0.0001,-0.000979906,0.119385,1.48434,0.117146,61382,0.120756,57.22,2.34936
1161,0.45613,0.439988,0.0180657,0.01174,0.656378,0.391276,0.854597,0.475705,0.026553,0.0420594,0.0177956,0.195426,0.0105975,0,0.240164,0.117522,4.50639,0.0654678,0.300419,0.0859729,0.842579,6.76192,0.954242,0.941467,0.0551911,0.293974,0.489575,0.215435,0.498117,0.498117,0,0,-0.00436055,0.0349927,0.948101,0.792458,0.0136438,0.0245315,0.00372673,0.00274965,0.55407,0.0133335,-6.98187,-7.218,14.8309,0.545167,1.02543,-17.0748,-0.909091,-0.166791,2.02983,0.541667,9.41667,0,0,39.2917,29.0417,0,-11.1368,0.0001,-0.000936843,0.118892,1.47106,0.115799,61948,0.120723,56.51,1.94408
1162,0.455511,0.438457,0.0180754,0.0117989,0.656105,0.390517,0.854552,0.475875,0.0262994,0.0428575,0.0176071,0.195144,0.010567,0,0.239963,0.117783,4.51235,0.0663183,0.29951,0.0854632,0.839825,6.76464,0.95376,0.941436,0.0545605,0.28935,0.489514,0.215474,0.505244,0.505244,0,0,-0.00438102,0.0354632,0.947377,0.794925,0.0135224,0.0243143,0.00363728,0.00266792,0.552984,0.0131731,-6.95917,-7.47508,14.7711,0.548916,1.02062,-16.8977,-0.909091,-0.166489,2.02389,0.791667,10.2083,0,0,39.2083,30,0,-11.1434,0.0001,-0.00102553,0.119685,1.48195,0.119658,61378,0.120671,56.65,2.21254
1163,0.453535,0.440476,0.0181269,0.0116076,0.655503,0.393099,0.855108,0.47792,0.0262659,0.0428408,0.0175874,0.19485,0.0105622,0,0.238957,0.118875,4.49436,0.0652786,0.299206,0.0852402,0.842803,6.76495,0.954695,0.941269,0.0549549,0.293506,0.489572,0.214987,0.512641,0.512641,0,0,-0.00439438,0.0343276,0.947541,0.79527,0.0134382,0.0242738,0.00359021,0.00261304,0.552284,0.013056,-6.97048,-7.46861,14.7888,0.546896,1.02523,-16.9128,-0.909091,-0.165986,2.03275,0.666667,10.125,0,0,38.5,29.2083,0,-11.1492,0.0001,-0.000972088,0.119676,1.48187,0.122153,61285,0.120674,55.53,2.06032
1164,0.456147,0.440065,0.0180723,0.0117416,0.658294,0.391844,0.855155,0.475831,0.0262669,0.0432169,0.0175967,0.196398,0.0105271,0,0.240935,0.117598,4.51481,0.0659125,0.300639,0.0848929,0.839439,6.76203,0.9546,0.941446,0.0548196,0.288676,0.488776,0.21622,0.49755,0.49755,0,0,-0.00437683,0.0356829,0.947756,0.796134,0.0134514,0.0242769,0.00381042,0.00279482,0.554867,0.0130835,-6.85289,-7.45707,14.7381,0.550097,1.01992,-16.926,-0.909091,-0.167117,2.03234,0.208333,9.41667,0,0,37.875,31.75,0,-11.15,0.0001,-0.000458667,0.115181,1.49054,0.116841,61157,0.120696,56.31,1.9967
1165,0.457534,0.443268,0.0180736,0.0115404,0.656337,0.394735,0.85536,0.479978,0.0261352,0.0436648,0.0174974,0.194836,0.0106378,0,0.239361,0.119568,4.47168,0.0655581,0.300314,0.0851933,0.841099,6.76301,0.9548,0.941442,0.0542957,0.285581,0.491745,0.214718,0.51137,0.51137,0,0,-0.00444464,0.0339619,0.946608,0.796055,0.0134108,0.0241706,0.00347,0.00255835,0.552966,0.0129412,-6.9954,-7.71855,14.7165,0.552041,1.02333,-16.7687,-0.909091,-0.16666,2.04628,0.416667,10.4167,0,0,36.5,29.1667,0,-11.1505,0.0001,-0.000759576,0.125036,1.48163,0.116219,61522,0.120716,56.47,2.20819
1166,0.457706,0.440166,0.0179822,0.0115389,0.656338,0.389891,0.854872,0.477558,0.0257119,0.0443031,0.0172437,0.19418,0.0104515,0,0.240051,0.118664,4.4698,0.0668941,0.299564,0.0843482,0.840419,6.77427,0.955008,0.941738,0.0544019,0.287216,0.491886,0.214431,0.506347,0.506347,0,0,-0.00443542,0.0356992,0.946864,0.800563,0.0131675,0.0237098,0.00376713,0.0028038,0.555947,0.0127862,-6.90815,-7.85938,14.478,0.559066,1.0093,-16.7579,-0.909091,-0.16747,2.0314,0.583333,10.0833,0,0,38.4583,29.625,0,-11.1502,0.0001,-0.000911967,0.114864,1.4608,0.115385,62368,0.120728,56.18,2.00151
1167,0.451777,0.439022,0.0181162,0.0117636,0.652652,0.391056,0.855435,0.479887,0.0263575,0.0431847,0.0176388,0.194444,0.0106515,0,0.238198,0.119337,4.48053,0.0657576,0.299414,0.0854841,0.842539,6.7557,0.954544,0.941303,0.0547116,0.289641,0.489177,0.214046,0.512149,0.512149,0,0,-0.00440752,0.0346545,0.946802,0.792777,0.0135728,0.0244139,0.00349927,0.00251046,0.55024,0.0131242,-6.99407,-7.57315,14.8275,0.547834,1.03005,-16.8388,-0.909091,-0.165494,2.02814,0.333333,10.875,0,0,38.625,28.3333,0,-11.1517,0.0001,-0.000505635,0.118985,1.46939,0.116571,61984,0.120719,56.26,2.11065
1168,0.458966,0.444571,0.0180818,0.0114901,0.658033,0.395599,0.855543,0.479371,0.025933,0.0437983,0.0173615,0.195593,0.0105265,0,0.240327,0.119518,4.47525,0.0661942,0.300086,0.0848255,0.84088,6.76121,0.954681,0.941415,0.0547583,0.28991,0.491645,0.215661,0.506655,0.506655,0,0,-0.00440995,0.0357287,0.946755,0.797179,0.0133139,0.0239947,0.00374375,0.00272902,0.553589,0.0128868,-6.8299,-7.82376,14.6632,0.553637,1.01985,-16.724,-0.909091,-0.167058,2.0532,0.291667,10.5,0,0,37.625,29.4583,0,-11.1532,0.0001,-0.00106817,0.117053,1.47542,0.116946,61734,0.120708,56.71,2.25008
1169,0.458343,0.446577,0.0180768,0.0113407,0.657273,0.397781,0.854959,0.483013,0.0262605,0.0432058,0.0175766,0.194991,0.0106192,0,0.239328,0.120558,4.49856,0.0657841,0.299972,0.0856073,0.841536,6.76206,0.954069,0.941431,0.0546045,0.289928,0.492235,0.214754,0.520802,0.520802,0,0,-0.00440968,0.0349414,0.947163,0.795338,0.0135096,0.0243131,0.00365404,0.00268411,0.553523,0.0130999,-6.8473,-7.56775,14.7693,0.550264,1.02636,-16.8266,-0.909091,-0.166853,2.06062,0.5,10.3333,0,0,37.4583,29.875,0,-11.1555,0.0001,-0.000744962,0.119654,1.48579,0.115696,61383,0.120689,56.04,2.12622
1170,0.454787,0.439488,0.0180775,0.011749,0.658206,0.391726,0.855002,0.476491,0.0264263,0.0423296,0.0177059,0.196165,0.0106289,0,0.240914,0.118015,4.49147,0.0652364,0.30131,0.0857126,0.842027,6.76524,0.954535,0.941429,0.0543942,0.292514,0.48989,0.216358,0.503109,0.503109,0,0,-0.00437147,0.0351194,0.947974,0.793275,0.0135925,0.0244272,0.00366335,0.00270945,0.553704,0.0132385,-6.95447,-7.30961,14.8079,0.546317,1.0257,-16.9989,-0.909091,-0.167,2.02907,0.666667,9.33333,0,0,39.0417,28.125,0,-11.1573,0.0001,-0.00097096,0.121317,1.47153,0.116351,61908,0.120698,57.03,1.91701
1171,0.456891,0.44198,0.0180816,0.0114069,0.656215,0.393578,0.854877,0.47723,0.0258632,0.0442043,0.0173134,0.194969,0.0105124,0,0.239701,0.118352,4.50184,0.0669417,0.299755,0.084719,0.840384,6.76654,0.954426,0.941415,0.05432,0.288707,0.489815,0.215117,0.516374,0.516374,0,0,-0.00441867,0.0359985,0.946476,0.798333,0.0132808,0.023929,0.00383164,0.00283462,0.555176,0.0128272,-6.83449,-7.88486,14.6396,0.554614,1.01909,-16.6841,-0.909091,-0.166614,2.03897,0.583333,10.625,0,0,37.9167,30.8333,0,-11.1548,0.0001,-0.000866333,0.122942,1.51178,0.117522,60334,0.12076,56.13,2.12279
1172,0.455611,0.438734,0.0180067,0.0115729,0.655212,0.389183,0.855201,0.476225,0.0260299,0.0437386,0.0174361,0.194393,0.0105854,0,0.239648,0.118161,4.47383,0.0666318,0.300252,0.0850614,0.841279,6.76443,0.954276,0.941658,0.0542115,0.283744,0.490651,0.214249,0.500418,0.500418,0,0,-0.00443438,0.0350591,0.946588,0.797174,0.0133631,0.0240584,0.00375933,0.00280221,0.555376,0.012949,-6.8908,-7.77375,14.6268,0.555623,1.02282,-16.7868,-0.909091,-0.166933,2.02599,0.708333,11.1667,0,0,36.9583,29.0417,0.0416667,-11.1504,0.0001,-0.00087435,0.119739,1.51214,0.117784,60312,0.120816,56.72,2.04552
1173,0.458274,0.441757,0.01806,0.0112098,0.659201,0.393394,0.855407,0.476068,0.0263399,0.042634,0.01763,0.195036,0.0105737,0,0.240086,0.118437,4.50534,0.0662027,0.300519,0.0857166,0.84134,6.76821,0.95433,0.941486,0.0542491,0.286713,0.491583,0.215276,0.51728,0.51728,0,0,-0.00438869,0.0344057,0.947247,0.795705,0.0135059,0.0243475,0.00362908,0.00271776,0.555266,0.0131558,-6.92607,-7.52081,14.7364,0.550375,1.02428,-16.9196,-0.909091,-0.167382,2.04003,0.5,10.0833,0,0,37.3333,30.9583,0,-11.1496,0.0001,-0.00105441,0.122365,1.48163,0.115741,61541,0.120834,55.48,2.01376
1174,0.454236,0.439798,0.0180788,0.011653,0.656073,0.391592,0.85504,0.475528,0.0264363,0.042668,0.0176982,0.195126,0.0106705,0,0.239847,0.117469,4.4935,0.0659392,0.300179,0.0858417,0.84185,6.75565,0.953321,0.941424,0.0549074,0.290422,0.488404,0.215078,0.502075,0.502075,0,0,-0.00439434,0.0349313,0.947307,0.793438,0.0135951,0.0244559,0.00371921,0.00273797,0.553669,0.013197,-6.96502,-7.4392,14.8121,0.547973,1.02681,-16.9321,-0.909091,-0.166639,2.02995,0.541667,10,0,0,38.125,28.7917,0,-11.1497,0.0001,-0.000652345,0.121362,1.47812,0.119256,61541,0.120864,56.43,2.07416
1175,0.457112,0.442314,0.0179563,0.0113454,0.655386,0.391585,0.854987,0.481916,0.0261793,0.0422797,0.0175729,0.193555,0.0104539,0,0.239829,0.120158,4.481,0.0655999,0.299219,0.0848225,0.841924,6.77093,0.954682,0.941822,0.0548758,0.292659,0.493206,0.213892,0.528181,0.528181,0,0,-0.00438526,0.0348363,0.948405,0.796696,0.0133753,0.0240839,0.00367028,0.00274862,0.555471,0.013142,-7.01635,-7.41615,14.502,0.555603,1.01161,-17.0922,-0.909091,-0.167384,2.0422,0.625,8.45833,0,0,38.625,28.75,0,-11.1486,0.0001,-0.00112426,0.122992,1.47668,0.115246,61751,0.120899,56.97,2.19428
1176,0.455228,0.444542,0.0180192,0.0115797,0.655484,0.394172,0.854946,0.482925,0.0261797,0.0433633,0.0175414,0.193506,0.0106108,0,0.238555,0.12037,4.49671,0.0671446,0.299032,0.085241,0.842181,6.76937,0.955073,0.941618,0.0545693,0.288875,0.49172,0.213369,0.518189,0.518189,0,0,-0.00440194,0.0353156,0.947045,0.796451,0.0134367,0.0241987,0.00370613,0.00276101,0.55578,0.0130658,-6.87862,-7.67421,14.6321,0.555152,1.02139,-16.8553,-0.909091,-0.166921,2.05095,0.666667,10.4167,0,0,37.9583,30.8333,0,-11.1476,0.0001,-0.000960682,0.11836,1.47632,0.116837,61704,0.120928,57.66,2.11864
1177,0.456711,0.440295,0.0179845,0.0115017,0.655994,0.390976,0.854465,0.475384,0.0264708,0.0421226,0.0177475,0.195441,0.0106001,0,0.241395,0.11754,4.50381,0.0663184,0.300733,0.0857564,0.837709,6.7596,0.95328,0.94173,0.0550295,0.292915,0.489944,0.215621,0.491853,0.491853,0,0,-0.00435878,0.0361204,0.948124,0.794101,0.0135953,0.0244278,0.00393532,0.00295825,0.555893,0.0133148,-6.96413,-7.27451,14.704,0.550618,1.02136,-17.0735,-0.909091,-0.167315,2.03192,0.583333,8.70833,0,0,39.1667,28.5833,0,-11.1461,0.0001,-0.001053,0.122786,1.49324,0.117421,61033,0.120979,56.73,2.05658
1178,0.455482,0.435382,0.0180747,0.0118984,0.656125,0.387299,0.854211,0.472573,0.0261385,0.0436426,0.0174931,0.194537,0.0105555,0,0.239135,0.116924,4.51723,0.0676858,0.299574,0.0850854,0.840313,6.76143,0.954099,0.941438,0.0546019,0.29076,0.48879,0.214305,0.495318,0.495318,0,0,-0.00440166,0.0359815,0.94704,0.796228,0.0134012,0.0241965,0.00393396,0.00295191,0.556785,0.0129742,-6.82148,-7.71721,14.6758,0.553098,1.02358,-16.8182,-0.909091,-0.166738,2.00848,0.5,10.4583,0,0,38.0833,30.1667,0,-11.1406,0.0001,-0.000905469,0.121368,1.48342,0.117639,61399,0.121054,56.04,2.02586
1179,0.456842,0.441469,0.0180127,0.0115462,0.657506,0.392023,0.853824,0.478282,0.0263976,0.0421433,0.0177142,0.195026,0.0105441,0,0.240603,0.11899,4.50075,0.0662526,0.300494,0.0854074,0.842336,6.76617,0.953723,0.941639,0.0545849,0.294559,0.490743,0.215509,0.512939,0.512939,0,0,-0.00438398,0.0346528,0.947954,0.795894,0.0134861,0.0243085,0.00360905,0.00271841,0.554453,0.0132213,-7.10374,-7.2902,14.6398,0.552285,1.01622,-17.1007,-0.909091,-0.167323,2.03497,0.708333,9.125,0,0,39.2083,29.4167,0,-11.1354,0.0001,-0.000448909,0.122161,1.48312,0.116856,61440,0.121099,56.53,2.02312
1180,0.456615,0.439312,0.0181272,0.0116894,0.658538,0.391829,0.854642,0.474623,0.0262127,0.0434617,0.0175509,0.196176,0.0105428,0,0.240051,0.118132,4.53284,0.0671383,0.300224,0.0851901,0.839531,6.76453,0.954582,0.941268,0.0549344,0.288739,0.489843,0.21606,0.511102,0.511102,0,0,-0.00439919,0.0347191,0.946992,0.795151,0.0134676,0.024275,0.00395521,0.00290376,0.555952,0.0130484,-6.81102,-7.63588,14.7311,0.552535,1.02552,-16.8281,-0.909091,-0.166756,2.02696,0.291667,10.125,0,0,37.0417,31.25,0,-11.1331,0.0001,-0.000813928,0.120125,1.52323,0.11718,59926,0.121131,55.32,2.14185
1181,0.456494,0.440689,0.0181254,0.0117173,0.659822,0.39372,0.854766,0.475982,0.0260374,0.0437225,0.0174425,0.19601,0.0105658,0,0.24006,0.118118,4.50256,0.0666038,0.300318,0.0851165,0.840564,6.76903,0.954146,0.94126,0.0551146,0.289121,0.48981,0.216023,0.501526,0.501526,0,0,-0.00444356,0.0339326,0.946545,0.798299,0.0132973,0.0240703,0.0037035,0.00275613,0.555335,0.0128441,-6.93146,-7.82396,14.5973,0.556354,1.02273,-16.7613,-0.90867,-0.166993,2.03194,0.333333,10.6667,0,0,36.875,29.375,0.0416667,-11.1306,0.0001,-0.000463288,0.117815,1.47389,0.117582,61769,0.121168,55.75,2.13813
1182,0.459347,0.445474,0.0180556,0.0112428,0.658905,0.39603,0.855018,0.478978,0.0262036,0.0428932,0.0175634,0.195865,0.0105417,0,0.241146,0.118917,4.48638,0.0667453,0.300578,0.0851656,0.840379,6.7638,0.954122,0.9415,0.0548182,0.286756,0.490145,0.216107,0.511805,0.511805,0,0,-0.00440003,0.0348914,0.947645,0.795889,0.0134255,0.024168,0.00376129,0.0028186,0.555056,0.0130779,-6.9943,-7.57777,14.6114,0.553142,1.01883,-16.9452,-0.909091,-0.167557,2.05544,0.833333,10,0,0,37.5833,29.7083,0,-11.1295,0.0001,-0.000784502,0.121592,1.47987,0.115652,61612,0.121183,57.13,2.17565
1183,0.459395,0.445678,0.0180829,0.011239,0.658833,0.396495,0.854738,0.478553,0.0263735,0.0424809,0.0176713,0.195622,0.010644,0,0.240251,0.118906,4.51216,0.0661597,0.301154,0.0854807,0.843103,6.76136,0.953874,0.941411,0.0550937,0.294411,0.490016,0.215653,0.513123,0.513123,0,0,-0.00437251,0.0348472,0.947618,0.793051,0.013583,0.0243627,0.00376633,0.00278772,0.555023,0.0131891,-6.97751,-7.41395,14.7701,0.547757,1.02188,-16.9569,-0.909091,-0.167193,2.0566,0.416667,9.45833,0,0,39.875,29.75,0,-11.131,0.0001,-0.000927448,0.123909,1.48832,0.118284,61187,0.121195,54.6,1.97773
1184,0.453821,0.438222,0.0181055,0.0116779,0.655421,0.390558,0.854142,0.476537,0.0264774,0.0430229,0.017746,0.193968,0.0106589,0,0.23776,0.118054,4.52582,0.0665552,0.298384,0.0859023,0.841317,6.76007,0.953936,0.941338,0.0550999,0.294088,0.488425,0.213828,0.509854,0.509854,0,0,-0.00440925,0.034334,0.947371,0.7945,0.0135793,0.0244502,0.00381394,0.00285402,0.556243,0.0131518,-6.93893,-7.39709,14.7712,0.549452,1.02619,-16.9696,-0.909091,-0.166034,2.02093,0.625,10.0833,0,0,39.5417,29.4167,0,-11.1306,0.0001,-0.000691645,0.124627,1.4753,0.117033,61735,0.121229,55.3,1.9813
1185,0.453879,0.435504,0.0181365,0.0121438,0.655981,0.388428,0.854769,0.470731,0.0262771,0.0431734,0.0175867,0.194367,0.0106009,0,0.238139,0.115971,4.50685,0.0667013,0.299427,0.0855863,0.840167,6.75721,0.954198,0.941238,0.0545092,0.2873,0.487394,0.214186,0.475098,0.475098,0,0,-0.00442164,0.0344513,0.946764,0.794937,0.0134849,0.024355,0.0037929,0.00283093,0.555776,0.0130099,-6.92305,-7.63791,14.7943,0.549329,1.03002,-16.8128,-0.909091,-0.16618,2.00953,0.375,10.9583,0,0,37.3333,30.0417,0,-11.1283,0.0001,-0.000687114,0.119676,1.46806,0.115216,62088,0.121271,56.61,2.1095
1186,0.458054,0.438164,0.0180704,0.011491,0.659585,0.389763,0.854126,0.470662,0.0261988,0.043072,0.0175454,0.196599,0.0106038,0,0.241359,0.116333,4.49562,0.0663938,0.301317,0.0853699,0.838597,6.76528,0.954455,0.941452,0.0542612,0.284076,0.489535,0.216501,0.504241,0.504241,0,0,-0.00441043,0.0343791,0.947342,0.796279,0.0134284,0.0242281,0.0038352,0.00287545,0.556716,0.0129884,-6.91802,-7.61859,14.6668,0.552827,1.02447,-16.8702,-0.909091,-0.167481,2.01951,0.541667,10.4583,0,0,36.5833,29.7083,0,-11.1268,0.0001,-0.00117397,0.125085,1.48381,0.11631,61435,0.121283,56.42,2.2289
1187,0.454857,0.43682,0.0182073,0.0117977,0.65694,0.390892,0.854889,0.472693,0.026088,0.0437801,0.0174488,0.195106,0.0106372,0,0.238369,0.117426,4.48678,0.0668451,0.299365,0.0853083,0.841275,6.76025,0.953865,0.941008,0.055202,0.290482,0.488631,0.215175,0.500611,0.500611,0,0,-0.00443134,0.0345406,0.946604,0.796221,0.013372,0.0241617,0.00377304,0.00277919,0.554465,0.0128596,-6.87368,-7.80329,14.733,0.550206,1.02913,-16.7217,-0.909091,-0.165804,2.01493,0.583333,11.75,0,0,38.1667,29.25,0,-11.1288,0.0001,-0.00115055,0.121527,1.49829,0.115534,60913,0.121263,54.57,1.86722
1188,0.454311,0.441115,0.018163,0.0117255,0.657378,0.394022,0.854093,0.475517,0.0258432,0.044995,0.017282,0.195054,0.010646,0,0.238044,0.117841,4.50816,0.0677971,0.299339,0.0849452,0.840699,6.76455,0.954939,0.941152,0.0539992,0.283095,0.488364,0.214439,0.499787,0.499787,0,0,-0.00447668,0.0342692,0.945516,0.798366,0.0132898,0.0239974,0.00379631,0.00278081,0.555247,0.012678,-6.827,-8.11113,14.6522,0.556496,1.02819,-16.5124,-0.909091,-0.166205,2.03265,0.541667,11.8333,0,0,35.7917,30.125,0.0416667,-11.1308,0.0001,-0.00067605,0.121263,1.47268,0.116315,61865,0.121262,56.02,2.24114
1189,0.453516,0.435785,0.0181169,0.0119124,0.656318,0.389072,0.853893,0.471895,0.0259322,0.0446946,0.0173409,0.19513,0.0107168,0,0.238839,0.116664,4.50093,0.0670708,0.300212,0.0853696,0.84017,6.75777,0.954576,0.941301,0.053872,0.280458,0.488363,0.214678,0.491044,0.491044,0,0,-0.00448006,0.0338512,0.945587,0.797546,0.0133213,0.0240621,0.00369985,0.00273451,0.55573,0.0127027,-6.85322,-8.04142,14.7275,0.554305,1.02977,-16.5231,-0.909091,-0.166312,2.00812,0.416667,11.6667,0,0,35.4583,30.8333,0,-11.1297,0.0001,-0.000891741,0.115779,1.47045,0.116637,61939,0.12128,55.37,2.12627
1190,0.45739,0.442165,0.0181007,0.0115542,0.658478,0.393951,0.853663,0.47851,0.0256489,0.0443783,0.0171833,0.194726,0.0105396,0,0.239223,0.118619,4.50015,0.0666846,0.299652,0.0842523,0.842026,6.77735,0.955542,0.941354,0.0542425,0.283592,0.490603,0.214883,0.513793,0.513793,0,0,-0.00445314,0.0341526,0.946475,0.799863,0.0131321,0.0237073,0.00376605,0.00278025,0.555953,0.0126328,-6.91148,-8.03261,14.5192,0.55723,1.01461,-16.6347,-0.909091,-0.166902,2.03539,0.5,10.7917,0,0,35.7083,29.75,0,-11.1292,0.0001,-0.00103686,0.12159,1.46725,0.115321,62116,0.121293,55.73,2.05701
1191,0.454088,0.441975,0.0180539,0.0116749,0.655462,0.391686,0.853541,0.478854,0.0262932,0.043487,0.0176061,0.194345,0.0106969,0,0.23948,0.118383,4.48476,0.0668759,0.299776,0.0857589,0.83864,6.75802,0.953811,0.941505,0.0548843,0.290627,0.486809,0.21421,0.516728,0.516728,0,0,-0.00442583,0.0346982,0.946967,0.795292,0.013512,0.0243113,0.00381113,0.00288002,0.556695,0.0130594,-6.99096,-7.62767,14.6652,0.553958,1.02382,-16.8664,-0.909091,-0.166955,2.036,0.458333,10.0417,0,0,38,29.7917,0,-11.1309,0.0001,-0.000825071,0.123601,1.47127,0.115588,61948,0.121284,56.35,2.20322
1192,0.455577,0.437012,0.018112,0.0117986,0.657079,0.389971,0.853999,0.473401,0.0260883,0.0434127,0.0174884,0.195155,0.0106211,0,0.239477,0.117158,4.49385,0.066788,0.299993,0.0851315,0.841552,6.76126,0.954483,0.941317,0.0543802,0.286052,0.488614,0.215329,0.496698,0.496698,0,0,-0.00443665,0.0342898,0.946784,0.796681,0.0134019,0.024129,0.00372156,0.002762,0.555348,0.0129516,-6.96159,-7.67595,14.6909,0.552096,1.02435,-16.8075,-0.909091,-0.166468,2.01386,0.583333,10.9167,0,0,37.2917,29.7917,0,-11.1334,0.0001,-0.000956997,0.124381,1.45551,0.115059,62591,0.121279,57.54,2.21568
1193,0.457058,0.439966,0.0180571,0.0117141,0.65966,0.390881,0.853944,0.473011,0.0260248,0.0434982,0.0174234,0.196377,0.010541,0,0.241357,0.116761,4.50449,0.0671394,0.301202,0.0849359,0.840033,6.77169,0.955049,0.941495,0.0544021,0.282951,0.48897,0.216271,0.496747,0.496747,0,0,-0.00442858,0.03455,0.947213,0.798668,0.0133098,0.0240459,0.0037981,0.00282408,0.556175,0.0128836,-6.89492,-7.67638,14.6043,0.555661,1.01875,-16.8225,-0.909091,-0.167681,2.0284,0.375,9.20833,0,0,36.0833,30.875,0,-11.1339,0.0001,-0.000771325,0.123117,1.47294,0.115849,61873,0.121297,55.47,2.07689
1194,0.456187,0.441497,0.0179435,0.011665,0.65687,0.39001,0.85351,0.477473,0.0260352,0.0435564,0.017443,0.194425,0.0105588,0,0.240498,0.118052,4.50224,0.0672511,0.300665,0.0851068,0.839265,6.76878,0.954638,0.941863,0.0536132,0.281486,0.489723,0.214153,0.500969,0.500969,0,0,-0.00444749,0.034516,0.94686,0.799031,0.0133138,0.0240571,0.00383305,0.00291129,0.557476,0.0128648,-6.93856,-7.71488,14.5994,0.555353,1.01702,-16.8208,-0.909091,-0.168006,2.03446,0.833333,10.5,0,0,36.8333,31.9167,0,-11.132,0.0001,-0.000669788,0.122625,1.4798,0.11574,61611,0.121335,56.04,2.15316
1195,0.452917,0.430971,0.0181579,0.012295,0.656123,0.385595,0.852725,0.467766,0.0258051,0.0442444,0.0172563,0.19516,0.0105682,0,0.238496,0.115409,4.52278,0.0679739,0.299773,0.0847716,0.840046,6.76802,0.955353,0.941168,0.054029,0.28716,0.486987,0.215098,0.470411,0.470411,0,0,-0.00445205,0.0347525,0.946304,0.79791,0.013239,0.0239373,0.0038306,0.00281843,0.556447,0.0127381,-6.84624,-7.98126,14.66,0.55346,1.02103,-16.5905,-0.909091,-0.165787,1.98291,0.375,10.9167,0,0,36.625,29.0417,0.0416667,-11.1309,0.0001,-0.00094432,0.116442,1.46715,0.117038,62053,0.121365,55.57,1.94095
1196,0.459345,0.44401,0.0180975,0.01166,0.660896,0.396258,0.85324,0.480297,0.0261869,0.0422508,0.0175464,0.19616,0.0105139,0,0.240813,0.11946,4.49236,0.0653476,0.300576,0.0846468,0.843685,6.77268,0.955311,0.941364,0.0544022,0.289329,0.492234,0.216523,0.512474,0.512474,0,0,-0.00438244,0.0338259,0.948591,0.794792,0.0134546,0.0241934,0.00387332,0.00286041,0.556842,0.0130812,-6.96105,-7.35344,14.702,0.547665,1.01907,-16.9921,-0.909091,-0.16742,2.04295,0.333333,9.16667,0,0,39.0417,28.75,0,-11.1307,0.0001,-0.000915745,0.119597,1.4887,0.115742,61269,0.121406,56.01,2.39379
1197,0.453535,0.436148,0.0179839,0.0117226,0.654246,0.386855,0.853525,0.475433,0.0260239,0.0429106,0.0174471,0.192681,0.0104981,0,0.238336,0.117781,4.51763,0.0671165,0.298474,0.0848942,0.840834,6.77392,0.955318,0.941732,0.0538455,0.283326,0.489818,0.212864,0.507815,0.507815,0,0,-0.00441662,0.0346937,0.947266,0.798588,0.0133148,0.0240213,0.00374234,0.00284156,0.558073,0.0129399,-7.03797,-7.61207,14.5588,0.554029,1.01378,-16.8992,-0.909091,-0.166811,2.00976,0.625,9.75,0,0,37.625,31.2083,0,-11.1286,0.0001,-0.00126818,0.119884,1.53086,0.120204,59539,0.12145,55.8,2.01334
1198,0.453762,0.442443,0.0180621,0.0113746,0.655375,0.393876,0.854279,0.483348,0.0259437,0.0438108,0.017379,0.19392,0.0106243,0,0.238309,0.120213,4.48866,0.0674603,0.299013,0.0850602,0.842991,6.76849,0.954896,0.941479,0.0542125,0.282459,0.490723,0.213746,0.538554,0.538554,0,0,-0.00442652,0.0346082,0.946828,0.797717,0.013318,0.0239962,0.00384899,0.00285976,0.556271,0.0128179,-6.87927,-7.83527,14.5919,0.55551,1.02087,-16.7299,-0.909091,-0.166439,2.03954,0.625,11.0417,0,0,37.9167,29.4167,0,-11.1263,0.0001,-0.000837174,0.120188,1.49323,0.117832,61018,0.121479,55.26,1.86965
1199,0.456325,0.439081,0.0181618,0.0116709,0.658344,0.391705,0.853768,0.474592,0.0256731,0.0450817,0.0171644,0.195081,0.0105013,0,0.238257,0.118329,4.50571,0.0675343,0.299823,0.0843665,0.842079,6.77504,0.954967,0.941156,0.0539028,0.280407,0.489855,0.214764,0.511421,0.511421,0,0,-0.00450882,0.0342856,0.945851,0.80117,0.0130921,0.0237882,0.00378739,0.0028159,0.555779,0.0125184,-6.7948,-8.16169,14.5768,0.557154,1.02384,-16.5269,-0.909091,-0.166408,2.02275,0.416667,11.6667,0,0,35.2917,30.6667,0,-11.1227,0.0001,-0.000441775,0.117885,1.4981,0.116152,60897,0.121516,55.31,1.85054
1200,0.457165,0.44189,0.0179786,0.0113734,0.658112,0.391417,0.853443,0.478301,0.0258683,0.0431402,0.0173523,0.194059,0.01043,0,0.240294,0.119007,4.48176,0.0666373,0.299879,0.0842423,0.843187,6.77931,0.955609,0.941749,0.0536878,0.284259,0.491692,0.214535,0.52028,0.52028,0,0,-0.00442599,0.034286,0.94772,0.79876,0.0132439,0.0238239,0.00389951,0.00294015,0.558458,0.0128614,-7.01653,-7.63389,14.5091,0.555475,1.00766,-16.892,-0.909091,-0.167886,2.03634,0.583333,9.54167,0,0,36.8333,29.7083,0,-11.1219,0.0001,-0.000958551,0.119829,1.50239,0.121384,60540,0.121523,55.13,1.98981
1201,0.456899,0.445189,0.01803,0.0115874,0.657611,0.395772,0.854277,0.482517,0.0257626,0.0438152,0.0172586,0.194218,0.0105018,0,0.239188,0.119974,4.48833,0.0672796,0.299756,0.0842176,0.841911,6.77355,0.955257,0.941583,0.0535977,0.281551,0.491172,0.214175,0.511162,0.511162,0,0,-0.00443618,0.0346084,0.946864,0.799729,0.013187,0.0238236,0.00397023,0.00299029,0.559376,0.0127541,-6.89246,-7.84795,14.5551,0.555847,1.01393,-16.7171,-0.909091,-0.167288,2.05195,0.5,10.9583,0,0,36.625,30.3333,0.0416667,-11.123,0.0001,-0.000716484,0.118034,1.55369,0.11966,58746,0.12153,56.99,2.15788
1202,0.45536,0.441924,0.0180576,0.011521,0.658837,0.393082,0.853803,0.478289,0.0261231,0.0433225,0.0175004,0.195315,0.0105928,0,0.240126,0.11848,4.49082,0.0667588,0.300635,0.085174,0.841137,6.76926,0.954934,0.941493,0.0537392,0.283455,0.488238,0.215282,0.512416,0.512416,0,0,-0.00443437,0.034375,0.946826,0.79705,0.0134081,0.0241386,0.00385658,0.00289928,0.558192,0.0129575,-6.96368,-7.6338,14.6864,0.551759,1.01884,-16.8108,-0.909091,-0.167461,2.03634,0.708333,10.6667,0,0,37.3333,31.625,0.0416667,-11.1233,0.0001,-0.00088662,0.119875,1.51979,0.117461,60041,0.121533,56.25,2.23422
1203,0.456408,0.443081,0.0180451,0.0113914,0.657328,0.393377,0.853732,0.480278,0.025528,0.0444258,0.0170974,0.193611,0.0104722,0,0.238661,0.119809,4.48487,0.0674935,0.29886,0.0839264,0.841062,6.78087,0.954958,0.941534,0.0533969,0.277832,0.49129,0.2138,0.526705,0.526705,0,0,-0.00446082,0.0351309,0.946935,0.80285,0.0130373,0.0235645,0.00400444,0.00300831,0.559041,0.0125678,-6.80439,-7.9969,14.4126,0.560938,1.00649,-16.6349,-0.909091,-0.167088,2.04166,0.375,10.2083,0,0,33.625,31.0417,0,-11.1255,0.0001,-0.000910534,0.127637,1.51452,0.117524,60233,0.12152,57.05,2.13297
1204,0.451304,0.436225,0.0180852,0.0119559,0.653314,0.388156,0.85334,0.474244,0.0258298,0.0447915,0.0172644,0.19278,0.0105747,0,0.236557,0.117326,4.5039,0.0679316,0.298348,0.0849459,0.839891,6.77433,0.955937,0.941404,0.0533322,0.27782,0.487723,0.212294,0.493189,0.493189,0,0,-0.00447556,0.0349261,0.945588,0.799609,0.0132422,0.0239777,0.00387833,0.00291969,0.558353,0.0126667,-6.84898,-8.07122,14.6599,0.55617,1.02318,-16.533,-0.909091,-0.165849,2.00881,0.541667,12.2917,0,0,35.4583,31.9167,0,-11.1271,0.0001,-0.0010426,0.11859,1.51385,0.119236,60195,0.121537,55.97,1.92859
1205,0.457383,0.444373,0.0180034,0.0111176,0.659105,0.393846,0.853935,0.476472,0.0258033,0.0446877,0.0172682,0.195243,0.0106024,0,0.240545,0.117834,4.48726,0.0679406,0.300933,0.0850587,0.837763,6.77108,0.955304,0.941669,0.0533481,0.277065,0.48993,0.21482,0.513809,0.513809,0,0,-0.00445778,0.0357142,0.946127,0.800959,0.0132128,0.0238971,0.00393634,0.00298473,0.559173,0.0126647,-6.80727,-8.0062,14.5797,0.557064,1.02305,-16.6089,-0.909091,-0.168032,2.04712,0.458333,11.1667,0,0,33.5,30.75,0,-11.1248,0.0001,-0.001068,0.127362,1.51586,0.119785,60100,0.121591,55.68,2.06843
1206,0.454178,0.439204,0.0180192,0.0115811,0.655222,0.389718,0.852874,0.474291,0.0260838,0.0437983,0.0174753,0.193801,0.0105661,0,0.238909,0.117371,4.50758,0.0675358,0.299285,0.0853144,0.840022,6.77206,0.9547,0.941618,0.0540325,0.285048,0.488883,0.213625,0.497198,0.497198,0,0,-0.00443899,0.0346725,0.946847,0.798354,0.013345,0.0241151,0.00391108,0.00297334,0.558527,0.0128834,-6.89738,-7.72457,14.6407,0.553675,1.02002,-16.7844,-0.909091,-0.166829,2.02205,0.75,10.3333,0,0,37.5,32.75,0,-11.1202,0.0001,-0.000939332,0.123151,1.52838,0.118351,59696,0.121649,57.55,2.0824
1207,0.457281,0.437715,0.0180762,0.0116754,0.657644,0.390006,0.852788,0.471374,0.0262908,0.0426654,0.0176174,0.194852,0.0105121,0,0.23957,0.117023,4.49925,0.0668714,0.299805,0.0851254,0.840154,6.76749,0.954327,0.941433,0.0546443,0.290017,0.489736,0.215009,0.487806,0.487806,0,0,-0.00440514,0.0347636,0.948209,0.796498,0.0134136,0.0242601,0.00388069,0.00293348,0.558513,0.0130091,-6.95551,-7.36481,14.7106,0.547183,1.01902,-17.0025,-0.909091,-0.166965,2.01454,0.416667,8.95833,0,0,36.75,30.0833,0,-11.1179,0.0001,-0.000957332,0.12635,1.51129,0.116941,60374,0.12167,55.2,1.99542
1208,0.453437,0.434246,0.0181146,0.0120219,0.655752,0.387377,0.853689,0.471637,0.0264138,0.0423323,0.0176977,0.195006,0.0105585,0,0.238923,0.116864,4.50968,0.0666039,0.299242,0.0852583,0.842397,6.76256,0.954174,0.941309,0.0548699,0.286995,0.489145,0.214876,0.487606,0.487606,0,0,-0.00440283,0.0344281,0.948136,0.79304,0.0135938,0.0244279,0.00390873,0.00289422,0.556217,0.0131536,-6.93646,-7.3334,14.853,0.543331,1.02441,-16.9636,-0.909091,-0.166153,2.00227,0.666667,10.125,0,0,37.625,30.2917,0,-11.1168,0.0001,-0.000905467,0.128991,1.52114,0.118082,59969,0.121687,56.77,1.94499
1209,0.456472,0.44098,0.0179872,0.0115507,0.655788,0.390321,0.853487,0.475511,0.0258374,0.0438977,0.0173,0.194437,0.0106083,0,0.240117,0.117631,4.49256,0.0680337,0.299664,0.0851534,0.838215,6.76814,0.954832,0.941721,0.0543448,0.2813,0.490134,0.214249,0.503492,0.503492,0,0,-0.00442699,0.0358299,0.946627,0.79935,0.0132478,0.0239191,0.00405681,0.00306101,0.559213,0.0127899,-6.89724,-7.8775,14.5805,0.554916,1.0181,-16.7034,-0.909091,-0.167422,2.03183,0.583333,10.2917,0,0,36.5,31.25,0,-11.1167,0.0001,-0.000871037,0.122507,1.51847,0.117169,60101,0.121684,57.21,2.18624
1210,0.456522,0.441764,0.018006,0.0113997,0.657262,0.391754,0.853431,0.479431,0.0262101,0.0430135,0.0175751,0.195094,0.0105999,0,0.240466,0.119009,4.51533,0.0672436,0.300231,0.0855619,0.838959,6.76671,0.953735,0.94166,0.0543332,0.287088,0.491143,0.215035,0.510626,0.510626,0,0,-0.00440632,0.0348684,0.947805,0.797973,0.0134046,0.0241874,0.00394362,0.0029892,0.558684,0.0130046,-6.93221,-7.44796,14.5837,0.554051,1.01844,-16.9776,-0.909091,-0.167422,2.03525,0.333333,9.125,0,0,37.25,30.4583,0,-11.119,0.0001,-0.000698469,0.126994,1.52426,0.118371,59845,0.121682,56.82,2.01947
1211,0.4557,0.436328,0.0180541,0.0118572,0.656892,0.387744,0.853203,0.471567,0.0259711,0.0434038,0.0174077,0.195231,0.0104713,0,0.240071,0.116546,4.5174,0.0674039,0.299761,0.084562,0.839881,6.76984,0.954605,0.941505,0.0542316,0.28424,0.488754,0.215267,0.494973,0.494973,0,0,-0.00442222,0.0347731,0.948,0.798304,0.0132672,0.0239687,0.00411929,0.00310392,0.559225,0.0128765,-6.8885,-7.59801,14.5832,0.552602,1.01408,-16.8779,-0.909091,-0.166981,2.01031,0.291667,8.95833,0,0,36.4583,30.7917,0,-11.1185,0.0001,-0.00078134,0.118559,1.50464,0.118872,60550,0.121713,56.66,2.11387
1212,0.455159,0.441536,0.0179828,0.0116184,0.657239,0.390994,0.853667,0.480105,0.0259172,0.0434583,0.0173852,0.194445,0.0105318,0,0.240191,0.11924,4.50619,0.0670443,0.29973,0.0847476,0.840808,6.77909,0.954848,0.941722,0.0536794,0.279115,0.491319,0.214613,0.509825,0.509825,0,0,-0.00443585,0.0342148,0.947257,0.799152,0.0132582,0.0239042,0.00388057,0.00293096,0.557957,0.0128782,-7.01741,-7.72613,14.493,0.556234,1.01426,-16.8712,-0.90866,-0.167598,2.03534,0.875,10.4583,0,0,37.875,32.5833,0.0416667,-11.1172,0.0001,-0.00105561,0.11989,1.52411,0.118555,59844,0.121703,56.59,2.21732
1213,0.45453,0.43384,0.0181417,0.0120523,0.658752,0.387649,0.854035,0.47047,0.0256009,0.0444251,0.0171389,0.195191,0.0104998,0,0.239029,0.116407,4.5091,0.0673522,0.299699,0.0840763,0.842546,6.77582,0.955558,0.941221,0.0542647,0.280759,0.489646,0.215179,0.484657,0.484657,0,0,-0.00445118,0.033681,0.946442,0.799973,0.0131149,0.0237237,0.00389265,0.00287404,0.558476,0.0126019,-6.86856,-8.04713,14.5599,0.555026,1.01719,-16.6069,-0.909091,-0.16669,2.0009,0.541667,11.6667,0,0,36.125,29.9583,0,-11.1177,0.0001,-0.00105763,0.12047,1.50865,0.120388,60344,0.121723,56.01,1.87068
1214,0.456266,0.439064,0.018112,0.011875,0.659367,0.391584,0.85289,0.47299,0.0259708,0.0437974,0.0173871,0.195929,0.010535,0,0.239773,0.117007,4.51034,0.0673938,0.300152,0.0850734,0.840179,6.77288,0.954672,0.941317,0.0536741,0.281158,0.488692,0.215582,0.492715,0.492715,0,0,-0.00444449,0.0338348,0.946605,0.798424,0.0133031,0.0240387,0.00394715,0.00294624,0.558466,0.0128002,-6.91059,-7.80431,14.676,0.552596,1.02003,-16.7136,-0.909091,-0.167106,2.02103,0.625,10.5417,0,0,34,30.5,0,-11.1166,0.0001,-0.000593756,0.119039,1.52861,0.120091,59624,0.121724,55.85,2.00151
1215,0.456573,0.444321,0.0178661,0.0115419,0.656012,0.391387,0.852425,0.48101,0.0258734,0.043129,0.017357,0.194086,0.0105197,0,0.241021,0.118701,4.48041,0.0669094,0.300679,0.084784,0.840841,6.77565,0.955091,0.942114,0.0531727,0.277592,0.491183,0.213978,0.509403,0.509403,0,0,-0.00442445,0.0345766,0.947445,0.800518,0.0132335,0.023844,0.00394063,0.00297776,0.55924,0.0128454,-7.01438,-7.66449,14.4806,0.557187,1.00773,-16.8615,-0.909091,-0.168293,2.04532,0.583333,10.1667,0,0,37.6667,31.625,0,-11.1198,0.0001,-0.00118505,0.120553,1.50155,0.119157,60655,0.121697,56.31,2.03738
1216,0.454239,0.437589,0.0179877,0.0117124,0.656699,0.388592,0.852584,0.475227,0.0261664,0.0427659,0.0175498,0.194553,0.0105376,0,0.23997,0.117312,4.49819,0.0670441,0.300053,0.0852042,0.842352,6.77571,0.954987,0.94172,0.0541247,0.288539,0.489611,0.214406,0.495963,0.495963,0,0,-0.00440924,0.0342777,0.947901,0.796601,0.0134029,0.02412,0.00389176,0.00292829,0.558418,0.0130197,-7.03893,-7.44264,14.5986,0.551885,1.01711,-16.9912,-0.909091,-0.167477,2.01452,0.583333,9.125,0,0,37.0417,29.2917,0.0416667,-11.1224,0.0001,-0.000950533,0.121258,1.50249,0.116123,60733,0.121717,56.35,2.13979
1217,0.453843,0.437336,0.0180171,0.0115892,0.65649,0.388466,0.853104,0.475483,0.026346,0.0422119,0.0176542,0.194331,0.0105855,0,0.239556,0.1176,4.4971,0.0664599,0.300439,0.085448,0.842542,6.76587,0.954542,0.941624,0.0542022,0.291138,0.488763,0.214443,0.506086,0.506086,0,0,-0.00440017,0.0337652,0.947763,0.794885,0.0135162,0.0243416,0.00384829,0.0028902,0.557612,0.0131155,-7.03233,-7.35771,14.7824,0.546177,1.02073,-16.9716,-0.909091,-0.167092,2.01516,0.375,10.0417,0,0,39.5,30,0,-11.1215,0.0001,-0.000706309,0.119415,1.48928,0.116449,61220,0.121735,55.18,1.93593
1218,0.455524,0.440649,0.0179412,0.0114784,0.656228,0.389321,0.852313,0.479877,0.0259038,0.0429935,0.0173821,0.192996,0.0104268,0,0.239519,0.119185,4.50334,0.067257,0.299507,0.0846304,0.841442,6.77414,0.955035,0.94187,0.0534592,0.289818,0.491281,0.213538,0.512383,0.512383,0,0,-0.00440811,0.0343718,0.948089,0.799413,0.0132178,0.023857,0.00383788,0.00291838,0.558961,0.0129266,-7.10046,-7.54381,14.4578,0.555309,1.00796,-16.9833,-0.909091,-0.167717,2.02783,0.375,8.25,0,0,37.6667,29.9583,0,-11.123,0.0001,-0.000980046,0.116086,1.49228,0.117257,61076,0.121741,56.8,2.35429
1219,0.456735,0.445224,0.01802,0.0114193,0.65863,0.39561,0.852575,0.483844,0.0259523,0.0432884,0.0173904,0.194005,0.0105054,0,0.239209,0.12056,4.50966,0.0672035,0.299762,0.0846625,0.8444,6.77028,0.954424,0.941615,0.0541359,0.282619,0.492746,0.213847,0.521267,0.521267,0,0,-0.00443489,0.0338792,0.947057,0.798091,0.0132885,0.0240006,0.0039152,0.00291837,0.556595,0.0128471,-6.92869,-7.73145,14.5999,0.554001,1.02107,-16.7955,-0.909091,-0.16765,2.04875,0.375,10.625,0,0,36.5417,29.4583,0,-11.1213,0.0001,-0.00100258,0.121496,1.51399,0.118564,60214,0.121809,55.81,2.13636
1220,0.459096,0.450007,0.0179075,0.0109639,0.659218,0.397423,0.852805,0.487471,0.0259725,0.042644,0.0174199,0.193809,0.0104638,0,0.240442,0.121749,4.49726,0.067641,0.29996,0.0849143,0.840148,6.78084,0.954925,0.94198,0.0531604,0.279138,0.493516,0.213932,0.541064,0.541064,0,0,-0.00440843,0.034705,0.94782,0.800079,0.0132579,0.0239418,0.00393303,0.0030093,0.560035,0.0129307,-7.03921,-7.59624,14.4615,0.556426,1.00603,-16.9366,-0.909091,-0.168762,2.07157,0.666667,9.25,0,0,36.375,32.75,0,-11.1144,0.0001,-0.000545425,0.119698,1.52213,0.117428,59957,0.121882,57.3,2.33444
1221,0.452949,0.439135,0.017883,0.011531,0.656113,0.387201,0.852987,0.477717,0.0258279,0.0436149,0.0173098,0.193378,0.0105013,0,0.240071,0.118374,4.48972,0.0678847,0.300238,0.0847678,0.839346,6.77653,0.955065,0.942059,0.0530116,0.271651,0.489889,0.213141,0.512281,0.512281,0,0,-0.0044324,0.0351086,0.946777,0.801306,0.0132057,0.0238502,0.00403261,0.0031275,0.561332,0.0128347,-6.95989,-7.83488,14.447,0.55997,1.00657,-16.7869,-0.909091,-0.16828,2.02359,0.541667,9.83333,0,0,33.3333,32.5417,0,-11.1105,0.0001,-0.000935019,0.121412,1.49725,0.11719,60890,0.121917,56.39,2.16347
1222,0.459663,0.447943,0.0179155,0.0111105,0.659797,0.395508,0.852092,0.483707,0.0256304,0.0438795,0.0172099,0.194116,0.0104812,0,0.240915,0.120191,4.50876,0.0683479,0.300582,0.0840804,0.839696,6.77945,0.955288,0.941954,0.0534927,0.276805,0.492128,0.214499,0.531155,0.531155,0,0,-0.00444311,0.0347331,0.946646,0.80241,0.0131287,0.0236374,0.00388084,0.00296878,0.559767,0.0127175,-7.05221,-7.90407,14.3437,0.562055,1.0035,-16.7551,-0.909091,-0.16887,2.05968,0.625,10.25,0,0,36.25,32.4583,0,-11.1083,0.0001,-0.000856702,0.121069,1.51353,0.118154,60246,0.121938,57.67,2.41025
1223,0.458085,0.445638,0.0179111,0.0111489,0.659409,0.39356,0.852809,0.482008,0.0251967,0.0454158,0.0168826,0.193177,0.0104432,0,0.239811,0.119808,4.4983,0.069354,0.300312,0.0835847,0.838468,6.78454,0.955706,0.941968,0.0527315,0.27175,0.4912,0.213346,0.52556,0.52556,0,0,-0.00450714,0.0344926,0.945695,0.806455,0.0128434,0.0232776,0.00409482,0.00316472,0.564208,0.0123219,-6.87555,-8.41347,14.256,0.568514,1.00044,-16.4652,-0.909091,-0.168807,2.05205,0.541667,11.125,0,0,32.5417,32.8333,0,-11.1057,0.0001,-0.00066541,0.122796,1.5046,0.117086,60618,0.121976,57.18,2.21435
1224,0.45724,0.440059,0.018038,0.0114842,0.661787,0.390817,0.851735,0.476562,0.025392,0.0451561,0.0170066,0.195099,0.0104416,0,0.240069,0.118551,4.52039,0.0682472,0.300762,0.0837912,0.840323,6.78494,0.95563,0.941557,0.0527658,0.274412,0.491114,0.214776,0.516805,0.516805,0,0,-0.0045008,0.033966,0.945771,0.803844,0.0129483,0.0235287,0.00388385,0.00292208,0.558948,0.0124212,-6.84403,-8.31329,14.3831,0.564093,1.01603,-16.4899,-0.909091,-0.168365,2.02121,0.583333,11.4583,0,0,33.5,32.25,0,-11.1016,0.0001,-0.000720772,0.124098,1.48417,0.116721,61405,0.122024,56.25,2.03924
1225,0.456366,0.441757,0.0179084,0.0116597,0.658113,0.389756,0.851753,0.478775,0.0252459,0.0458525,0.0169031,0.193552,0.0105067,0,0.239948,0.118553,4.48914,0.069309,0.300116,0.083508,0.837526,6.77916,0.956065,0.941977,0.0527002,0.271109,0.490412,0.213165,0.510485,0.510485,0,0,-0.00448873,0.035117,0.9454,0.805055,0.0129014,0.0233564,0.00392922,0.00299664,0.561345,0.0123353,-6.87062,-8.43309,14.2718,0.569108,1.00747,-16.4471,-0.909091,-0.168711,2.03109,0.375,11.9167,0,0,33.75,33.25,0,-11.0967,0.0001,-0.000922872,0.115324,1.49711,0.116197,60933,0.122071,56.61,2.0903
1226,0.45759,0.443683,0.0180588,0.0114375,0.660902,0.394328,0.852337,0.480726,0.025547,0.044697,0.0170986,0.194563,0.0104645,0,0.239277,0.119986,4.46575,0.0677412,0.300598,0.0838575,0.843062,6.78016,0.955359,0.941489,0.053207,0.278066,0.492103,0.214294,0.526177,0.526177,0,0,-0.00447814,0.0340894,0.946071,0.802207,0.0130225,0.0236475,0.00383049,0.00285905,0.557745,0.0124859,-6.90066,-8.17553,14.4462,0.561478,1.01597,-16.5435,-0.909091,-0.167994,2.04044,0.375,11,0,0,35.4583,30.2083,0.0416667,-11.0936,0.0001,-0.000605521,0.122228,1.49136,0.116203,61150,0.1221,55.87,2.17457
1227,0.460275,0.450306,0.0179804,0.0109023,0.660633,0.39846,0.851346,0.486602,0.0257345,0.0440616,0.0172562,0.193546,0.0104691,0,0.239208,0.121739,4.47816,0.0674946,0.299864,0.0842599,0.843381,6.7795,0.955243,0.941743,0.0532705,0.278767,0.493089,0.21341,0.540303,0.540303,0,0,-0.00447364,0.0337425,0.946622,0.801438,0.0131142,0.02376,0.00371612,0.00282248,0.557655,0.0126499,-7.01973,-7.95075,14.4047,0.561248,1.01328,-16.7635,-0.909091,-0.168624,2.06755,0.416667,10.75,0,0,36.0833,31.2917,0,-11.0909,0.0001,-0.000879244,0.118736,1.48565,0.117122,61333,0.122148,57.27,2.26141
1228,0.456963,0.444847,0.0179349,0.0114851,0.659421,0.393113,0.850994,0.479947,0.0255134,0.0450317,0.0170924,0.193982,0.0104432,0,0.239906,0.118812,4.49789,0.0684267,0.300318,0.084009,0.839413,6.78139,0.955277,0.941891,0.0529565,0.273215,0.490448,0.213568,0.507627,0.507627,0,0,-0.00448518,0.0338531,0.945804,0.803065,0.0130311,0.0235657,0.0038959,0.00296715,0.559407,0.0125182,-6.94051,-8.2116,14.3435,0.565868,1.00891,-16.5811,-0.909091,-0.168719,2.04257,0.166667,10.6667,0,0,33.625,31.75,0,-11.0886,0.0001,-0.00070883,0.11785,1.4848,0.116095,61405,0.122175,56.5,1.9813
1229,0.452842,0.443675,0.017927,0.0113268,0.655508,0.390779,0.85107,0.480247,0.0258979,0.0440595,0.017343,0.193823,0.0106115,0,0.239961,0.118623,4.50557,0.0687553,0.300566,0.0849516,0.83963,6.76871,0.954579,0.941917,0.0531528,0.280921,0.488088,0.213433,0.515948,0.515948,0,0,-0.0044368,0.0354191,0.945951,0.799007,0.013308,0.0239751,0.00391226,0.00295836,0.558685,0.0128022,-6.97498,-7.89451,14.5733,0.5584,1.01542,-16.6877,-0.909091,-0.168013,2.03938,0.708333,10.625,0,0,36.5833,31.5833,0,-11.0872,0.0001,-0.000681223,0.116392,1.49519,0.116959,60977,0.12219,57.14,2.32366
1230,0.454601,0.443035,0.0180189,0.0114081,0.65653,0.393032,0.851001,0.481615,0.0257044,0.0447799,0.0172074,0.192518,0.0105788,0,0.237542,0.119677,4.48878,0.0682931,0.299167,0.0844573,0.843263,6.77495,0.955774,0.941619,0.0533945,0.28077,0.490332,0.212363,0.523374,0.523374,0,0,-0.00449098,0.0338387,0.945622,0.799586,0.0131922,0.0237833,0.0036872,0.00278813,0.557565,0.0126397,-7.00413,-8.12556,14.519,0.560319,1.01435,-16.5716,-0.909091,-0.167283,2.03537,0.625,11.3333,0,0,35.1667,29.875,0,-11.0869,0.0001,-0.00060285,0.121405,1.48501,0.11698,61363,0.12221,56.97,2.02578
1231,0.454736,0.442287,0.0180065,0.0115524,0.657127,0.392394,0.850777,0.480574,0.0260761,0.0434106,0.0174814,0.19315,0.0105814,0,0.238473,0.119347,4.47911,0.0668982,0.29929,0.085248,0.842948,6.7691,0.95502,0.941659,0.0531974,0.278535,0.490479,0.213036,0.505596,0.505596,0,0,-0.00442958,0.0336221,0.946811,0.797491,0.0133945,0.0240993,0.00378049,0.00286096,0.558579,0.012979,-6.99279,-7.72555,14.5699,0.557061,1.0162,-16.8115,-0.909091,-0.16749,2.03044,0.5,9.875,0,0,35.7917,30.1667,0,-11.086,0.0001,-0.000961183,0.12091,1.49069,0.115545,61201,0.122233,57.15,2.1356
1232,0.456629,0.441407,0.0179308,0.0113341,0.658475,0.390192,0.851404,0.47974,0.0255482,0.0442157,0.0171309,0.193296,0.0104311,0,0.239334,0.11931,4.4793,0.0675364,0.299321,0.0840648,0.842089,6.78242,0.956068,0.941904,0.0530666,0.278146,0.492892,0.213148,0.525518,0.525518,0,0,-0.00447829,0.0334423,0.946307,0.802742,0.0130292,0.0236068,0.00382577,0.00285346,0.558158,0.0125454,-7.02504,-8.07623,14.3879,0.562625,1.01091,-16.6588,-0.909091,-0.168305,2.02933,0.458333,11.125,0,0,34.875,33.2083,0,-11.0844,0.0001,-0.000734251,0.126776,1.48899,0.116485,61230,0.122264,55.72,2.06851
1233,0.4598,0.443535,0.0179721,0.0113686,0.660245,0.392791,0.850836,0.480593,0.0256261,0.0437903,0.0171559,0.193952,0.0104739,0,0.239861,0.120001,4.48885,0.0674025,0.300125,0.0842732,0.842736,6.78056,0.955355,0.941756,0.0535623,0.280323,0.493794,0.214101,0.519756,0.519756,0,0,-0.00445238,0.0343894,0.94684,0.800773,0.0131168,0.0236629,0.00384883,0.0028615,0.558046,0.0126747,-7.01828,-7.9634,14.4136,0.560874,1.0066,-16.707,-0.90864,-0.168463,2.03697,0.583333,9.79167,0,0,35.7917,30.7917,0.0416667,-11.0822,0.0001,-0.00103403,0.122798,1.48931,0.116595,61213,0.122296,56.16,2.00761
1234,0.454532,0.441012,0.0180027,0.0115503,0.656501,0.390323,0.850998,0.480809,0.0254776,0.044852,0.0170532,0.193743,0.0104925,0,0.239086,0.119892,4.49762,0.0680985,0.299695,0.0841022,0.840638,6.77428,0.954939,0.941671,0.0535169,0.27645,0.491521,0.213516,0.523787,0.523787,0,0,-0.00448354,0.0349375,0.945326,0.802554,0.0130349,0.0236153,0.00391193,0.00290617,0.557942,0.0124531,-6.93129,-8.28507,14.4626,0.563004,1.01873,-16.4972,-0.909091,-0.167468,2.02639,0.541667,11.6667,0,0,34.6667,31.75,0,-11.0808,0.0001,-0.000937399,0.125139,1.4971,0.116656,60916,0.122311,55.25,2.15048
1235,0.457191,0.44264,0.0179893,0.0113916,0.66032,0.391508,0.851424,0.477788,0.0255416,0.0450642,0.0171034,0.194484,0.0104844,0,0.240122,0.118774,4.47369,0.067855,0.300317,0.0844174,0.840801,6.77927,0.955637,0.941715,0.0529352,0.272099,0.4905,0.214198,0.512126,0.512126,0,0,-0.00449411,0.033731,0.945674,0.802692,0.0130655,0.023605,0.00382446,0.00287501,0.557497,0.0125293,-6.94915,-8.23127,14.3905,0.564504,1.01307,-16.5543,-0.909091,-0.168571,2.03425,0.625,11.25,0,0,34.8333,31.75,0,-11.0799,0.0001,-0.000529377,0.118777,1.50862,0.116235,60500,0.122337,56.16,2.04945
1236,0.454757,0.444485,0.0179646,0.0113693,0.657676,0.393136,0.85151,0.481995,0.0252421,0.0462522,0.0169067,0.193582,0.0105296,0,0.239336,0.119908,4.47337,0.0687943,0.299552,0.0840228,0.840864,6.78293,0.955624,0.941795,0.0529272,0.271953,0.491523,0.213255,0.520002,0.520002,0,0,-0.00453136,0.0344339,0.944715,0.804933,0.0129139,0.0233454,0.00389388,0.00292805,0.558587,0.0122832,-6.90547,-8.55784,14.3193,0.568985,1.00905,-16.3684,-0.909091,-0.16803,2.04267,0.375,11.9167,0,0,33.7917,32.0833,0,-11.0765,0.0001,-0.00111255,0.11898,1.49587,0.117017,60948,0.122418,56.71,1.94841
1237,0.456833,0.444588,0.0180035,0.0114331,0.658936,0.393965,0.85104,0.480383,0.025844,0.0444923,0.0173135,0.194755,0.010685,0,0.240112,0.11925,4.47549,0.0679801,0.29997,0.0851738,0.840077,6.76864,0.954695,0.941669,0.0535326,0.283128,0.490678,0.214518,0.514304,0.514304,0,0,-0.00445668,0.0345895,0.945948,0.798474,0.0133156,0.0239191,0.00384185,0.00286681,0.557098,0.012745,-6.97401,-8.0225,14.5441,0.559748,1.01599,-16.6312,-0.909091,-0.168043,2.04134,0.458333,10.9167,0,0,35.2083,30.6667,0.0416667,-11.071,0.0001,-0.00093553,0.118243,1.49047,0.116323,61180,0.122461,56.58,1.94902
1238,0.454624,0.441967,0.0180199,0.0113492,0.657731,0.392044,0.850986,0.480256,0.0258138,0.0449727,0.0172605,0.194098,0.0106655,0,0.239112,0.119411,4.48875,0.0679884,0.299687,0.0850229,0.839316,6.765,0.954794,0.941616,0.0536587,0.278803,0.489413,0.213613,0.526507,0.526507,0,0,-0.0044722,0.0343153,0.945435,0.799387,0.0132184,0.0239302,0.00368944,0.00274936,0.556235,0.0126162,-6.98995,-8.12921,14.5701,0.559016,1.02509,-16.559,-0.909091,-0.167696,2.02998,0.416667,10.7083,0,0,34.1667,29.875,0,-11.0697,0.0001,-0.000778071,0.119516,1.48263,0.117238,61445,0.122462,57.76,2.13678
1239,0.459426,0.450137,0.0178932,0.0109026,0.659848,0.396149,0.850218,0.486548,0.0255402,0.0438273,0.0171386,0.193408,0.0104996,0,0.240641,0.121324,4.46617,0.0674785,0.299931,0.0840521,0.842314,6.78169,0.955258,0.942026,0.0537141,0.278055,0.493307,0.213616,0.553816,0.553816,0,0,-0.00446482,0.0334496,0.946924,0.801616,0.0130696,0.023484,0.00361307,0.00270195,0.556046,0.0126437,-7.15717,-7.96359,14.3227,0.562521,1.00013,-16.7562,-0.909091,-0.169217,2.06608,0.625,9.875,0,0,37.1667,31.0833,0,-11.069,0.0001,-0.000777015,0.117398,1.48331,0.115475,61486,0.12246,57.63,1.99479
1240,0.45374,0.440577,0.0179127,0.0116667,0.654749,0.388546,0.850196,0.480595,0.0257683,0.0448478,0.0172666,0.19325,0.0106063,0,0.239239,0.11916,4.45547,0.0680187,0.299528,0.0849207,0.840408,6.77451,0.954884,0.941963,0.0536936,0.277236,0.491763,0.212562,0.510108,0.510108,0,0,-0.00446946,0.0347671,0.945582,0.801359,0.0131586,0.0238078,0.00377676,0.00284359,0.557753,0.0125939,-6.97234,-8.10439,14.4664,0.561557,1.01783,-16.6401,-0.909091,-0.167754,2.02269,0.666667,11.8333,0,0,35.5833,32.0417,0,-11.0694,0.0001,-0.000829748,0.119689,1.48408,0.115624,61451,0.122451,56.82,2.23289
1241,0.456076,0.441474,0.0180272,0.0115038,0.659742,0.391593,0.850928,0.478123,0.0257129,0.0447463,0.0172217,0.195171,0.0105476,0,0.240153,0.119066,4.49562,0.0680755,0.300108,0.0845617,0.84318,6.77753,0.955657,0.941592,0.0536521,0.276679,0.491539,0.214824,0.506287,0.506287,0,0,-0.00448929,0.0333411,0.946083,0.799861,0.0131723,0.0237741,0.00363329,0.00267259,0.555118,0.012612,-6.97855,-8.11209,14.4925,0.559866,1.01731,-16.6025,-0.909091,-0.167973,2.02644,0.375,10.7083,0,0,35.0833,29.125,0,-11.069,0.0001,-0.000926367,0.124561,1.48392,0.116821,61411,0.122473,56.88,1.99268
1242,0.45567,0.442789,0.0180286,0.0115498,0.658918,0.392763,0.850985,0.479617,0.0260007,0.0440917,0.0174243,0.19558,0.0106065,0,0.240628,0.11908,4.49323,0.0675423,0.300606,0.0849106,0.842662,6.75809,0.954208,0.94157,0.0545353,0.286057,0.489375,0.215307,0.512069,0.512069,0,0,-0.00445426,0.0339557,0.946261,0.797444,0.0133468,0.0240418,0.00378997,0.00280902,0.556277,0.0128044,-7.01229,-7.85408,14.5866,0.557708,1.02219,-16.7518,-0.908572,-0.167781,2.03348,0.583333,11.0833,0,0,38.375,31.25,0.0416667,-11.0697,0.0001,-0.000746249,0.115182,1.48466,0.116081,61411,0.122482,57.1,1.98317
1243,0.45517,0.446046,0.0179606,0.0110796,0.657108,0.394061,0.850756,0.482872,0.0255839,0.044895,0.0171408,0.193392,0.0105956,0,0.239303,0.12002,4.50591,0.0686851,0.29917,0.0843335,0.839917,6.77333,0.955328,0.941808,0.0543128,0.280983,0.490574,0.213308,0.529323,0.529323,0,0,-0.00448086,0.0340793,0.946029,0.801174,0.0131034,0.0236274,0.0037305,0.002774,0.557324,0.012545,-6.98361,-8.16005,14.4241,0.562703,1.01051,-16.5915,-0.909091,-0.167958,2.04932,0.541667,10.125,0,0,33.75,29.8333,0,-11.0701,0.0001,-0.000767356,0.123481,1.49899,0.11775,60803,0.122501,55.63,2.16677
1244,0.459074,0.44255,0.0179556,0.0114707,0.660352,0.391236,0.85031,0.477723,0.0260037,0.0445535,0.0174167,0.194885,0.0106429,0,0.24067,0.11877,4.47802,0.0677869,0.30093,0.0851665,0.841572,6.77048,0.954994,0.941824,0.0535854,0.278095,0.491856,0.214404,0.504207,0.504207,0,0,-0.00447999,0.0333869,0.946102,0.798588,0.0133066,0.0240293,0.00370537,0.00280943,0.55747,0.0127623,-7.01635,-7.9102,14.5562,0.558856,1.02072,-16.7349,-0.909091,-0.168817,2.0314,0.291667,11.1667,0,0,36.6667,32.125,0,-11.0684,0.0001,-0.000780399,0.124553,1.49356,0.116902,61041,0.122519,56.14,2.02657
1245,0.456756,0.440578,0.0179925,0.011703,0.659756,0.390677,0.850666,0.476811,0.0259867,0.0441389,0.0174197,0.194817,0.0105157,0,0.240362,0.118538,4.48302,0.0675391,0.299858,0.0848322,0.842143,6.7694,0.954812,0.941704,0.054375,0.287384,0.490919,0.214685,0.497376,0.497376,0,0,-0.0044507,0.0334474,0.946685,0.798278,0.0132948,0.023963,0.00372907,0.00277515,0.555858,0.0127741,-7.03623,-7.80043,14.512,0.559325,1.01725,-16.8215,-0.909091,-0.168233,2.02265,0.416667,9.70833,0,0,36.625,30.125,0,-11.0674,0.0001,-0.000352812,0.123015,1.48551,0.116795,61351,0.122521,55.82,1.92881
1246,0.458197,0.442185,0.0180097,0.0118063,0.6613,0.391973,0.850589,0.477602,0.0263462,0.0428209,0.0176712,0.195928,0.0106596,0,0.241344,0.118961,4.48918,0.0672829,0.300806,0.0857083,0.843001,6.75599,0.953892,0.941634,0.0548683,0.287824,0.492081,0.215726,0.495802,0.495802,0,0,-0.00442673,0.0327319,0.947117,0.794885,0.0135133,0.0243212,0.00358644,0.00263895,0.55306,0.013041,-7.14768,-7.5144,14.6787,0.552169,1.02307,-16.9486,-0.90864,-0.168482,2.03096,0.625,9.75,0,0,38.1667,28.9167,0.0416667,-11.0671,0.0001,-0.000888515,0.124112,1.51918,0.116632,60094,0.122549,56.42,1.94951
1247,0.452471,0.439052,0.0179552,0.0116761,0.653868,0.3875,0.84969,0.480012,0.0261795,0.0434633,0.0175568,0.193054,0.0106573,0,0.238849,0.119156,4.48983,0.0677026,0.29895,0.0853048,0.842083,6.7664,0.954598,0.941825,0.0548878,0.287555,0.490213,0.212917,0.516621,0.516621,0,0,-0.00443853,0.0331521,0.946994,0.795973,0.0134416,0.0241238,0.00368818,0.00274955,0.555926,0.0129863,-7.09164,-7.60934,14.5903,0.556483,1.01579,-16.9131,-0.909091,-0.167171,2.0151,0.458333,9.70833,0,0,38.375,29.7917,0,-11.0639,0.0001,-0.000268612,0.117305,1.49468,0.117527,60974,0.122578,56.93,2.04478
1248,0.452985,0.442576,0.0179826,0.0113377,0.655755,0.391908,0.850031,0.484273,0.0260436,0.0439856,0.0174539,0.193147,0.0106141,0,0.238318,0.12077,4.51943,0.0681506,0.298869,0.0852802,0.843964,6.77139,0.955139,0.941736,0.0541338,0.283107,0.491988,0.212698,0.534211,0.534211,0,0,-0.00447364,0.0326595,0.946238,0.797829,0.0133283,0.0240814,0.00361724,0.00269363,0.555395,0.0128041,-7.083,-7.84593,14.562,0.557865,1.02196,-16.7796,-0.909091,-0.167245,2.0308,0.416667,10.3333,0,0,35.4167,28.9583,0,-11.0629,0.0001,-0.000776301,0.119675,1.50593,0.118088,60531,0.122588,56.29,1.90548
1249,0.45685,0.444253,0.0178826,0.0111983,0.65787,0.391854,0.849711,0.484247,0.0263864,0.0421978,0.0177058,0.193614,0.0106048,0,0.240452,0.120893,4.4967,0.0673546,0.299891,0.0857253,0.84283,6.76686,0.954546,0.94206,0.0542151,0.289611,0.493388,0.213654,0.530961,0.530961,0,0,-0.00439014,0.0332522,0.947858,0.795695,0.0135311,0.0243317,0.0037609,0.0028339,0.557217,0.01315,-7.14937,-7.35893,14.5979,0.553523,1.02028,-17.0846,-0.909091,-0.168593,2.03785,0.5,9.25,0,0,40.0417,31.875,0,-11.062,0.0001,-0.000636375,0.118441,1.51553,0.127131,59844,0.122635,57.94,2.06401
1250,0.455939,0.444107,0.0179684,0.0113569,0.657086,0.393326,0.850252,0.483772,0.025956,0.043087,0.0174114,0.193532,0.010543,0,0.239465,0.120403,4.50164,0.0676389,0.299325,0.0847417,0.84486,6.77097,0.954586,0.941782,0.0542443,0.286397,0.492172,0.213658,0.525775,0.525775,0,0,-0.00443268,0.0328802,0.946857,0.796802,0.0133434,0.0239609,0.00366462,0.00270646,0.554718,0.0128825,-7.20864,-7.71058,14.5563,0.55544,1.01592,-16.8619,-0.909091,-0.167702,2.03844,0.458333,9.75,0,0,37.7917,28.2917,0,-11.0572,0.0001,-0.00128369,0.119427,1.54377,0.119524,59102,0.12269,56.89,1.90402
1251,0.457222,0.444076,0.0180487,0.0114277,0.659105,0.394083,0.849665,0.482143,0.0260417,0.0432112,0.0174528,0.194812,0.0105931,0,0.23973,0.120303,4.46958,0.0680268,0.300108,0.0847784,0.844458,6.76706,0.955387,0.941522,0.0544204,0.286343,0.492166,0.214807,0.517989,0.517989,0,0,-0.00442687,0.0329994,0.946693,0.795636,0.013368,0.0240582,0.0036055,0.00266534,0.555631,0.0128738,-7.12666,-7.76006,14.632,0.552024,1.02353,-16.8116,-0.909091,-0.167653,2.0352,0.5,11.5833,0,0,39.375,28.5417,0,-11.0544,0.0001,-0.000850454,0.121867,1.49377,0.115985,61067,0.122713,57.08,2.35391
1252,0.457769,0.447428,0.0179653,0.0114144,0.659643,0.396119,0.849231,0.484224,0.0260311,0.043881,0.017463,0.194078,0.0105891,0,0.239975,0.120753,4.4909,0.0685914,0.299773,0.0850515,0.842228,6.76843,0.954423,0.941792,0.0545524,0.28298,0.492579,0.213949,0.525404,0.525404,0,0,-0.00445286,0.0333391,0.947006,0.798201,0.0133332,0.0239936,0.00368177,0.00275493,0.556755,0.0128518,-7.02776,-7.71137,14.5587,0.557333,1.01337,-16.837,-0.909091,-0.168448,2.05033,0.458333,9.66667,0,0,34.875,30.375,0,-11.055,0.0001,-0.000921317,0.121345,1.52838,0.118664,59685,0.122714,56.3,2.0974
1253,0.452297,0.437439,0.0180381,0.0118436,0.655672,0.388141,0.84943,0.478167,0.0262853,0.0437958,0.0175898,0.193438,0.0107368,0,0.237909,0.11914,4.52677,0.0688901,0.298671,0.08613,0.841645,6.76076,0.954133,0.941556,0.054192,0.285707,0.490589,0.212861,0.510075,0.510075,0,0,-0.004431,0.0337547,0.946338,0.794905,0.0135221,0.0243564,0.00386691,0.0028742,0.556255,0.0129709,-6.98682,-7.71119,14.7436,0.552625,1.02989,-16.7745,-0.909091,-0.166803,2.00675,0.458333,10.4167,0,0,37.4583,30,0,-11.0571,0.0001,-0.000997645,0.128318,1.49843,0.118913,60781,0.122702,56.85,1.97801
1254,0.457447,0.443121,0.0179748,0.0114617,0.659737,0.391916,0.848842,0.480996,0.0259504,0.0439601,0.017405,0.194915,0.0104968,0,0.240649,0.120111,4.47781,0.068362,0.30044,0.0848102,0.840371,6.76911,0.954184,0.941762,0.0545302,0.283628,0.492884,0.214765,0.524595,0.524595,0,0,-0.00446122,0.0333847,0.94715,0.799186,0.0132668,0.0239348,0.00385168,0.00290228,0.558397,0.0127942,-6.9796,-7.75288,14.4933,0.558003,1.01634,-16.8462,-0.909091,-0.168445,2.02894,0.291667,10.4583,0,0,36.25,31.25,0,-11.0599,0.0001,-0.000856328,0.118579,1.51033,0.11825,60361,0.122678,57,2.12202
1255,0.456431,0.442463,0.0180339,0.0115929,0.659854,0.393117,0.848884,0.480526,0.0258711,0.0443207,0.0173246,0.195369,0.0105481,0,0.240318,0.119698,4.51305,0.0685941,0.300119,0.0850166,0.842273,6.77145,0.955124,0.94157,0.0539775,0.281226,0.492053,0.215031,0.51193,0.51193,0,0,-0.00445629,0.0336089,0.94608,0.798448,0.0132867,0.023962,0.00388674,0.00290446,0.55745,0.0127492,-7.02333,-7.96162,14.5516,0.558317,1.01859,-16.6742,-0.909091,-0.167864,2.02592,0.541667,10.625,0,0,35.8333,31.1667,0,-11.0631,0.0001,-0.000898183,0.119585,1.52539,0.118776,59789,0.122662,56.63,1.91667
1256,0.457619,0.442225,0.0180229,0.0113491,0.659472,0.391859,0.849035,0.477972,0.0260498,0.0442976,0.0174409,0.19452,0.0106152,0,0.239315,0.119135,4.51241,0.0686524,0.299371,0.0853393,0.841108,6.77067,0.954617,0.941606,0.0541907,0.28176,0.491778,0.213935,0.520552,0.520552,0,0,-0.00443839,0.0337934,0.946803,0.797981,0.0133315,0.0241016,0.00401884,0.00300768,0.558676,0.0128234,-6.89253,-7.84291,14.5434,0.55811,1.0229,-16.7822,-0.909091,-0.167904,2.02726,0.208333,9.83333,0,0,35.5417,31.4167,0,-11.0642,0.0001,-0.00100965,0.121175,1.50023,0.116499,60804,0.122677,57.06,1.91546
1257,0.458348,0.444506,0.0179803,0.0114836,0.660219,0.393691,0.848983,0.479267,0.0259871,0.0437435,0.0174274,0.19411,0.0105126,0,0.239574,0.119061,4.48157,0.0679686,0.29983,0.0848516,0.841127,6.77452,0.954201,0.941744,0.0539355,0.280928,0.492204,0.213829,0.508303,0.508303,0,0,-0.0044456,0.0330728,0.947037,0.79926,0.0132687,0.0239469,0.00383266,0.00291394,0.558185,0.0128135,-7.06038,-7.73798,14.4728,0.558393,1.01347,-16.8611,-0.909091,-0.168432,2.0371,0.416667,9.41667,0,0,35.5417,30.875,0,-11.0632,0.0001,-0.000490618,0.123477,1.49442,0.118963,60930,0.122703,56.85,2.34012
1258,0.453806,0.44135,0.0180176,0.0115393,0.656973,0.391029,0.849224,0.480759,0.0260415,0.0435481,0.0174536,0.193252,0.0105767,0,0.238334,0.119447,4.50092,0.0687161,0.299313,0.0848622,0.843152,6.76779,0.954731,0.941606,0.0542531,0.286907,0.490158,0.2132,0.522835,0.522835,0,0,-0.00445262,0.0333912,0.9467,0.796401,0.0133831,0.0240563,0.00381576,0.0028775,0.558759,0.0128475,-7.02445,-7.73036,14.6488,0.55379,1.01835,-16.7957,-0.908579,-0.167337,2.02379,0.708333,11.4167,0,0,37.7083,30.125,0.0416667,-11.0621,0.0001,-0.000535299,0.115047,1.51308,0.11765,60282,0.122702,56.42,2.07428
1259,0.459156,0.443284,0.0180222,0.0113066,0.662032,0.393623,0.849175,0.479494,0.0259551,0.0441408,0.0173852,0.195419,0.0106143,0,0.240485,0.119571,4.49609,0.068851,0.300541,0.0852019,0.841507,6.76917,0.954605,0.941608,0.0539237,0.282811,0.493378,0.215154,0.5132,0.5132,0,0,-0.0044512,0.0337579,0.946808,0.798522,0.0132669,0.0239756,0.00397234,0.00298238,0.558777,0.0127614,-6.91624,-7.89005,14.5674,0.55713,1.01721,-16.738,-0.909091,-0.16847,2.0305,0.666667,10.3333,0,0,35.5833,29.9583,0,-11.0621,0.0001,-0.000557003,0.122195,1.5278,0.119268,59684,0.122709,56.13,2.10741
1260,0.456516,0.437389,0.0180958,0.0118419,0.660294,0.389352,0.848986,0.475444,0.0262619,0.0433881,0.0175987,0.194749,0.0107235,0,0.238863,0.118155,4.49432,0.0682893,0.299834,0.0856529,0.843783,6.75748,0.953979,0.94137,0.0542836,0.290536,0.491157,0.214541,0.501257,0.501257,0,0,-0.0044226,0.0337029,0.946776,0.794206,0.0134999,0.0242872,0.00377274,0.00279046,0.555664,0.0129827,-7.01754,-7.64272,14.7393,0.550042,1.02658,-16.8251,-0.909091,-0.167416,2.00393,0.541667,10.4583,0,0,39.375,29,0.0416667,-11.061,0.0001,-0.00115264,0.118398,1.53945,0.121668,59179,0.122717,56.22,1.84356
1261,0.455967,0.447045,0.0178252,0.0112112,0.6568,0.392929,0.848835,0.489365,0.0261047,0.0425135,0.0175416,0.19315,0.0104849,0,0.240707,0.122686,4.45338,0.0673095,0.300144,0.0851686,0.843241,6.77601,0.954573,0.942246,0.053488,0.283859,0.495357,0.213099,0.537936,0.537936,0,0,-0.00444587,0.0326257,0.94784,0.798806,0.0133307,0.0239374,0.00378536,0.00291839,0.558861,0.0129359,-7.17354,-7.45327,14.4565,0.556753,1.00651,-17.0817,-0.909091,-0.168973,2.04939,0.375,8.58333,0,0,36.4167,30.5,0,-11.0617,0.0001,-0.000952518,0.117188,1.5628,0.121296,58371,0.122728,57.33,2.19408
1262,0.456418,0.444496,0.0180064,0.0113725,0.658212,0.394347,0.849674,0.484363,0.0260209,0.0440493,0.0174426,0.193402,0.0106957,0,0.238361,0.120881,4.47333,0.0682619,0.299033,0.0852857,0.842976,6.7625,0.954174,0.941659,0.0544181,0.290623,0.4921,0.213236,0.527699,0.527699,0,0,-0.00444613,0.0335653,0.94614,0.797017,0.013385,0.02406,0.00376691,0.00278948,0.556359,0.0128417,-7.03443,-7.8546,14.6141,0.556805,1.02097,-16.7459,-0.909091,-0.167643,2.03849,0.333333,10.7917,0,0,38.2083,29.6667,0,-11.0611,0.0001,-0.00081924,0.122917,1.56092,0.121208,58440,0.122728,54.94,1.71975
1263,0.455842,0.445268,0.0179136,0.0112947,0.657302,0.392609,0.849095,0.484384,0.025855,0.0437076,0.0173346,0.193839,0.0105556,0,0.240172,0.12104,4.44739,0.0684103,0.300345,0.0844491,0.841085,6.76792,0.954575,0.94196,0.0539691,0.28645,0.492853,0.213557,0.523603,0.523603,0,0,-0.00445206,0.0337829,0.946949,0.798518,0.0132554,0.0238216,0.00391236,0.00295489,0.558774,0.0127619,-7.04005,-7.83313,14.4711,0.558303,1.01221,-16.8089,-0.909091,-0.168431,2.04159,0.583333,10.125,0,0,36.125,28.6667,0,-11.0639,0.0001,-0.000912471,0.121151,1.52803,0.121982,59577,0.122689,57.07,2.29829
1264,0.458648,0.440715,0.01805,0.0114498,0.661705,0.392229,0.848771,0.47652,0.0258667,0.0439606,0.0173353,0.19423,0.0106121,0,0.239221,0.118359,4.50218,0.0682233,0.299521,0.0848942,0.843653,6.77127,0.954938,0.941518,0.0542399,0.291197,0.491935,0.21418,0.506469,0.506469,0,0,-0.0044591,0.0333651,0.946684,0.797429,0.0132831,0.0238876,0.00373196,0.00276273,0.556339,0.0127553,-7.03394,-7.89108,14.5607,0.555516,1.0162,-16.7173,-0.909091,-0.168206,2.01755,1,11,0,0,38.375,30.9583,0,-11.0688,0.0001,-0.000982018,0.116934,1.52237,0.118778,59899,0.122638,56.02,2.1887
1265,0.454089,0.440214,0.0179289,0.011813,0.65565,0.388451,0.848787,0.481452,0.025818,0.0441519,0.0173195,0.191939,0.0106045,0,0.237986,0.119908,4.48944,0.0686638,0.298162,0.0847758,0.843454,6.76714,0.954663,0.94191,0.0536489,0.285948,0.492967,0.211795,0.518422,0.518422,0,0,-0.00447313,0.0331085,0.946154,0.79929,0.0132503,0.0238201,0.00388552,0.0029479,0.559636,0.0127145,-7.02584,-7.97403,14.4873,0.560786,1.01136,-16.6942,-0.909091,-0.167745,2.01809,0.666667,10.2083,0,0,34.6667,29.2083,0.0416667,-11.0729,0.0001,-0.00119913,0.120375,1.57453,0.123057,57907,0.122644,57.69,2.24477
1266,0.459047,0.445712,0.0179985,0.0113121,0.662133,0.394992,0.848536,0.479903,0.0255053,0.0450499,0.0170993,0.194827,0.0105629,0,0.240362,0.119337,4.49386,0.0683542,0.300245,0.0839667,0.842611,6.77646,0.955211,0.941685,0.0540239,0.28321,0.491902,0.214728,0.512242,0.512242,0,0,-0.00450698,0.0329012,0.945993,0.801476,0.0130504,0.0235393,0.0038856,0.0028995,0.558028,0.0124581,-6.97067,-8.18523,14.4264,0.562263,1.01043,-16.5663,-0.909091,-0.168779,2.04053,0.375,11.75,0,0,37.1667,31.25,0,-11.0717,0.0001,-0.000991034,0.11566,1.56454,0.124435,58203,0.122667,57.28,2.34006
1267,0.457297,0.445511,0.0179311,0.0111772,0.658852,0.394007,0.849094,0.483307,0.0259718,0.0444018,0.0174027,0.194091,0.0107055,0,0.240082,0.120466,4.45917,0.0683679,0.299918,0.0854759,0.842357,6.76707,0.954909,0.941903,0.0541101,0.279173,0.492433,0.213786,0.532637,0.532637,0,0,-0.00444618,0.0345054,0.945925,0.798606,0.0133745,0.0239952,0.00390919,0.00298797,0.559494,0.01277,-6.9712,-7.90729,14.5665,0.558304,1.01972,-16.6949,-0.909091,-0.168516,2.04136,0.333333,10.75,0,0,35.7917,30.7083,0,-11.0699,0.0001,-0.000654082,0.119284,1.54794,0.119664,58949,0.122687,55.68,2.02341
1268,0.455641,0.438321,0.0181148,0.0117639,0.661826,0.390674,0.849461,0.475866,0.0257512,0.045398,0.0172242,0.195938,0.0106281,0,0.239718,0.118436,4.49817,0.0684233,0.300285,0.0848333,0.842644,6.76303,0.954699,0.941308,0.0537148,0.278815,0.491091,0.215379,0.499438,0.499438,0,0,-0.0045048,0.0333661,0.944799,0.799618,0.0131915,0.0238905,0.0039409,0.00292513,0.557671,0.0124946,-6.86483,-8.26866,14.6611,0.556977,1.02893,-16.4414,-0.909091,-0.167689,2.00851,0.791667,12.5,0,0,35.3333,29.375,0,-11.0702,0.0001,-0.000854614,0.124577,1.50643,0.11835,60502,0.122686,55.64,2.03965
1269,0.456621,0.445516,0.0179019,0.0114378,0.659133,0.392535,0.848815,0.483693,0.0257575,0.0445476,0.0172659,0.193016,0.0105712,0,0.239274,0.120537,4.44631,0.0676913,0.299091,0.0845485,0.840471,6.76801,0.95479,0.941998,0.0536894,0.282782,0.492238,0.212552,0.523162,0.523162,0,0,-0.00447324,0.033965,0.946234,0.801665,0.0131633,0.0237758,0.00396454,0.00303085,0.560598,0.0125996,-6.98257,-7.99101,14.4269,0.562861,1.01631,-16.7164,-0.909091,-0.16898,2.04103,0.375,10.6667,0,0,35.5417,32.375,0,-11.0729,0.0001,-0.000872916,0.121306,1.52151,0.118266,59949,0.122685,57.01,2.09935
1270,0.456546,0.442949,0.0180074,0.0114182,0.661554,0.393364,0.848436,0.479551,0.0258616,0.0438909,0.0173329,0.194555,0.010587,0,0.239943,0.119317,4.49273,0.0681784,0.300068,0.0849682,0.841446,6.77162,0.954043,0.941656,0.0542421,0.278639,0.491919,0.214699,0.513267,0.513267,0,0,-0.00445883,0.0337861,0.946181,0.799974,0.0132491,0.0238723,0.00384237,0.00291126,0.558648,0.0127082,-7.03766,-7.91109,14.5355,0.558238,1.01614,-16.7181,-0.909091,-0.168445,2.02606,0.333333,10.2083,0,0,35,30.7917,0,-11.0741,0.0001,-0.000412175,0.125234,1.50611,0.117214,60557,0.122702,57.36,2.26961
1271,0.456913,0.439036,0.0181116,0.0118527,0.662332,0.390777,0.8489,0.474308,0.0255261,0.045538,0.0170655,0.195127,0.0105916,0,0.239145,0.117652,4.49268,0.0688255,0.300075,0.0841443,0.842617,6.77238,0.955704,0.941318,0.0543458,0.279701,0.490232,0.214634,0.486911,0.486911,0,0,-0.00451715,0.0334699,0.944964,0.800417,0.0130737,0.0236596,0.00390579,0.00290844,0.559184,0.0123662,-6.97407,-8.41699,14.5177,0.560634,1.0213,-16.3989,-0.909091,-0.167952,2.01032,0.625,12.875,0,0,36.3333,31.125,0,-11.0733,0.0001,-0.00124185,0.125179,1.53715,0.119504,59338,0.122726,56.62,2.02544
1272,0.458246,0.436302,0.0180722,0.0119349,0.66312,0.387743,0.848074,0.468673,0.0259611,0.0446324,0.0173766,0.19578,0.0106888,0,0.240352,0.11571,4.48424,0.0683176,0.300865,0.0853477,0.841689,6.76265,0.954786,0.941446,0.0545119,0.282742,0.488714,0.2153,0.481254,0.481254,0,0,-0.00448221,0.0336843,0.945832,0.797783,0.0133224,0.0240386,0.00385399,0.0028922,0.558416,0.0126546,-6.98018,-8.00437,14.6136,0.55764,1.02715,-16.6282,-0.909091,-0.168518,1.99695,0.458333,11.375,0,0,35.4167,30.2083,0.0416667,-11.0736,0.0001,-0.00114636,0.120852,1.53624,0.120242,59345,0.122733,55.84,2.09885
1273,0.454678,0.434177,0.0181281,0.011998,0.660352,0.387618,0.848742,0.469736,0.0258558,0.0452849,0.0173011,0.194893,0.0106777,0,0.238438,0.116033,4.50562,0.0692814,0.299315,0.0852143,0.842143,6.76078,0.954901,0.941265,0.0545125,0.284582,0.488731,0.214394,0.478767,0.478767,0,0,-0.00451034,0.0332609,0.945461,0.797596,0.0132761,0.0239584,0.00391376,0.002906,0.558115,0.0125826,-6.91763,-8.18375,14.6373,0.557702,1.02639,-16.5087,-0.909091,-0.167304,1.98798,0.666667,12.0417,0,0,35.5,30.625,0,-11.074,0.0001,-0.000819345,0.11432,1.58061,0.128141,57529,0.122774,56.87,1.99164
1274,0.457975,0.445391,0.0180772,0.0113566,0.661857,0.396166,0.848972,0.481084,0.0256093,0.0455249,0.017159,0.195296,0.0105867,0,0.239769,0.119723,4.48474,0.0690503,0.299615,0.0845855,0.84265,6.77144,0.954801,0.94143,0.0547042,0.280324,0.492026,0.214997,0.522842,0.522842,0,0,-0.00451332,0.0339629,0.945525,0.801478,0.0130751,0.0236662,0.00397342,0.00297466,0.558899,0.0124031,-6.85319,-8.28983,14.485,0.561485,1.02225,-16.511,-0.909091,-0.167995,2.03975,0.5,11.75,0,0,35.9583,30.125,0,-11.0687,0.0001,-0.00111211,0.120251,1.5851,0.12161,57598,0.122854,56.97,2.18036
1275,0.458223,0.441301,0.0181095,0.0115194,0.661063,0.393274,0.848543,0.476927,0.0257853,0.04491,0.0172649,0.194366,0.0106309,0,0.238302,0.118696,4.51865,0.068693,0.298961,0.0849623,0.844232,6.76872,0.954861,0.941325,0.0545915,0.282481,0.491599,0.214037,0.50853,0.50853,0,0,-0.004498,0.0330268,0.945613,0.798806,0.0132189,0.0238742,0.00371368,0.00276453,0.556407,0.0125712,-7.00876,-8.12329,14.5399,0.558835,1.02406,-16.5905,-0.909091,-0.167573,2.01908,0.25,11.5,0,0,36.25,30.125,0,-11.0629,0.0001,-0.00094162,0.117317,1.56882,0.120661,58185,0.122906,56.69,2.31641
1276,0.45928,0.444864,0.0180131,0.0112279,0.662678,0.394775,0.848698,0.477708,0.0257583,0.0445981,0.0172776,0.195874,0.0106423,0,0.241154,0.11832,4.46808,0.0692622,0.30042,0.0848904,0.840928,6.76677,0.95434,0.941637,0.0547914,0.280321,0.491064,0.215572,0.512642,0.512642,0,0,-0.00447698,0.0339092,0.945947,0.800105,0.0132133,0.0237754,0.00398264,0.003003,0.559104,0.01262,-6.99178,-8.04299,14.4617,0.561499,1.01573,-16.6541,-0.909091,-0.168829,2.0365,0.583333,10.8333,0,0,37.0417,30,0,-11.0612,0.0001,-0.000737418,0.116847,1.49778,0.118777,60810,0.122922,54.92,1.94576
1277,0.458993,0.445152,0.0180808,0.0114485,0.662841,0.396156,0.848467,0.477911,0.025771,0.044145,0.0172605,0.196011,0.0105688,0,0.240695,0.118666,4.48161,0.0679785,0.300479,0.0847548,0.84198,6.77561,0.954905,0.941418,0.0543482,0.280389,0.491809,0.215881,0.505319,0.505319,0,0,-0.004492,0.0327439,0.946627,0.799503,0.0131715,0.0237903,0.00401071,0.00301824,0.56011,0.0125721,-6.9921,-8.01804,14.4914,0.558184,1.01875,-16.6902,-0.909091,-0.168285,2.03594,0.333333,10.875,0,0,35.7083,30.9583,0,-11.059,0.0001,-0.00082868,0.117135,1.54864,0.119251,58939,0.122949,55.49,2.0531
1278,0.458186,0.443755,0.018106,0.0113226,0.662978,0.396109,0.848929,0.479507,0.0259635,0.0442973,0.0173919,0.195063,0.0107012,0,0.239195,0.119654,4.47482,0.0680189,0.299917,0.0853719,0.843165,6.76873,0.954477,0.941336,0.0543038,0.279096,0.491422,0.214985,0.529256,0.529256,0,0,-0.00447455,0.0329328,0.946088,0.798134,0.0133367,0.0240079,0.00394133,0.00296231,0.558774,0.0127165,-6.98043,-7.9433,14.6039,0.556876,1.02273,-16.6657,-0.909091,-0.167986,2.03084,0.666667,11.3333,0,0,35.7083,29.7917,0,-11.0583,0.0001,-0.00074087,0.114381,1.50602,0.117768,60539,0.122956,55.32,1.9964
1279,0.453177,0.438757,0.018031,0.0118608,0.657492,0.389429,0.848409,0.476469,0.0257569,0.0448528,0.0172732,0.193784,0.0106566,0,0.238426,0.117786,4.47568,0.0691546,0.29937,0.0850939,0.841902,6.76918,0.955197,0.94158,0.0534351,0.280831,0.489096,0.213552,0.506186,0.506186,0,0,-0.00450853,0.0328896,0.945735,0.799803,0.013226,0.0237765,0.00404407,0.00307994,0.561558,0.0126055,-6.98824,-8.07831,14.5105,0.559364,1.01616,-16.6086,-0.909091,-0.167271,2.00819,0.875,11.4583,0,0,36.625,32.1667,0,-11.0596,0.0001,-0.00096998,0.115096,1.48417,0.119062,61316,0.122968,54.53,1.83067
1280,0.457127,0.445806,0.0179953,0.0113632,0.660057,0.395535,0.848293,0.48522,0.025868,0.0437238,0.0173647,0.194123,0.0105969,0,0.239614,0.121025,4.48047,0.0687273,0.299924,0.0847695,0.843825,6.77163,0.954559,0.941695,0.0545383,0.286729,0.493309,0.21415,0.542437,0.542437,0,0,-0.00446189,0.0330205,0.946867,0.799015,0.0132426,0.0238402,0.00386541,0.00291457,0.559236,0.0127157,-7.06317,-7.8135,14.4858,0.558095,1.01204,-16.8061,-0.909091,-0.168106,2.04087,0.375,10.2083,0,0,35.9583,30.5,0,-11.0586,0.0001,-0.000737524,0.114264,1.48971,0.116432,61204,0.122998,56.95,1.95599
1281,0.457954,0.442173,0.0180616,0.0115181,0.661147,0.393351,0.848612,0.478273,0.0257414,0.0443495,0.0172542,0.194769,0.0105052,0,0.239602,0.118898,4.48119,0.0686421,0.300507,0.0844562,0.842522,6.77313,0.955003,0.941481,0.053688,0.282356,0.491458,0.214702,0.502451,0.502451,0,0,-0.0045052,0.0323532,0.946547,0.800407,0.0131524,0.0237582,0.00390205,0.00293491,0.558846,0.0125916,-7.00774,-7.96349,14.5062,0.557583,1.01441,-16.68,-0.909091,-0.16801,2.02352,0.416667,10.5,0,0,37.0833,31.875,0.0416667,-11.0587,0.0001,-0.000382226,0.117181,1.52631,0.119152,59742,0.122991,56.93,2.24971
1282,0.458219,0.444165,0.01801,0.0114032,0.661966,0.393764,0.848241,0.479483,0.0259183,0.0435263,0.0173795,0.194686,0.0105469,0,0.240245,0.119256,4.45847,0.0682122,0.300375,0.0849615,0.843195,6.77477,0.955081,0.941647,0.0538983,0.280136,0.491424,0.214743,0.511835,0.511835,0,0,-0.00445585,0.032634,0.947526,0.799073,0.0132675,0.0238509,0.00386231,0.00293657,0.559514,0.0127685,-7.07735,-7.71427,14.4632,0.557722,1.01066,-16.8659,-0.909091,-0.168637,2.0325,0.5,9.625,0,0,36.1667,30.7083,0,-11.0608,0.0001,-0.000686518,0.117036,1.48831,0.121075,61081,0.12299,56.34,2.08243
1283,0.45703,0.446517,0.0180351,0.0113422,0.660336,0.397065,0.849171,0.486307,0.0261532,0.0426973,0.0175414,0.194359,0.0105908,0,0.239622,0.121611,4.44834,0.0679104,0.300135,0.0852301,0.846227,6.772,0.954169,0.941566,0.0543041,0.284511,0.493891,0.214449,0.532138,0.532138,0,0,-0.00443035,0.0326252,0.948004,0.797051,0.0133402,0.0240725,0.00387509,0.00292834,0.558609,0.0128877,-7.11113,-7.54225,14.5456,0.552471,1.01576,-16.9884,-0.909091,-0.16796,2.04515,0.333333,9.875,0,0,38.5,30.4167,0,-11.0587,0.0001,-0.00106429,0.110696,1.50713,0.121124,60373,0.123028,56.32,2.08185
1284,0.455547,0.446679,0.0180126,0.0113232,0.658719,0.396682,0.848535,0.485441,0.0258564,0.0441279,0.0173099,0.193567,0.0105874,0,0.23851,0.121097,4.47173,0.0690406,0.299255,0.0848859,0.845283,6.77136,0.955229,0.941639,0.0532985,0.28085,0.491679,0.213329,0.535644,0.535644,0,0,-0.00446993,0.0334725,0.946382,0.798542,0.013241,0.0238931,0.00396874,0.00300566,0.560461,0.0126617,-7.01631,-7.95494,14.5549,0.55651,1.0165,-16.6924,-0.909091,-0.167698,2.04544,0.416667,10.5417,0,0,35.1667,30.1667,0,-11.0543,0.0001,-0.000910299,0.117227,1.53926,0.121726,59184,0.123049,56.84,2.24794
1285,0.455049,0.440653,0.0181195,0.0116089,0.659446,0.392924,0.84904,0.478168,0.0263459,0.0428206,0.0176466,0.194441,0.0106475,0,0.238268,0.118883,4.49388,0.0676833,0.299367,0.0858191,0.84471,6.76095,0.953775,0.941293,0.0542689,0.28558,0.489742,0.214252,0.51009,0.51009,0,0,-0.00444857,0.0322172,0.947196,0.794459,0.013508,0.0243376,0.00392823,0.00294559,0.557969,0.0129819,-7.06321,-7.52355,14.7826,0.54816,1.02556,-16.8838,-0.909091,-0.166957,2.01908,0.458333,10.4167,0,0,38.3333,29.8333,0,-11.0538,0.0001,-0.000820706,0.118087,1.5476,0.119946,58951,0.123078,56.04,1.98755
1286,0.45777,0.446571,0.0179759,0.0112764,0.659946,0.395868,0.84809,0.487467,0.0263503,0.0422553,0.0176747,0.194786,0.0106863,0,0.240589,0.121838,4.45511,0.0672988,0.300906,0.0858281,0.845149,6.76634,0.954327,0.941758,0.0533352,0.282011,0.494035,0.214871,0.541219,0.541219,0,0,-0.00442843,0.0322461,0.947866,0.795146,0.0135078,0.0242575,0.00389405,0.00296569,0.559198,0.013036,-7.14668,-7.36572,14.6778,0.549003,1.01884,-17.0265,-0.909091,-0.168217,2.04307,0.708333,9.54167,0,0,37.9167,29.125,0,-11.0508,0.0001,-0.000939575,0.117409,1.56193,0.119166,58476,0.123121,57.16,2.21046
1287,0.453433,0.438459,0.0180834,0.011831,0.657712,0.390828,0.847606,0.47734,0.026238,0.0429064,0.0175803,0.19472,0.0106463,0,0.238975,0.118497,4.46792,0.0679456,0.300304,0.0855412,0.844426,6.76591,0.954879,0.94141,0.0540121,0.288333,0.490332,0.214595,0.506416,0.506416,0,0,-0.00441916,0.0331025,0.947129,0.795276,0.0134666,0.0242321,0.00398594,0.00298598,0.559035,0.0129265,-7.0317,-7.5827,14.7298,0.548728,1.02371,-16.8581,-0.909091,-0.166816,2.0057,0.625,10.5833,0,0,38.25,29.1667,0,-11.046,0.0001,-0.000533804,0.115454,1.55569,0.12228,58585,0.123179,58.37,2.14251
1288,0.454024,0.437122,0.0180777,0.0117648,0.659179,0.389056,0.848025,0.47678,0.0260651,0.0427735,0.0174774,0.193922,0.0105845,0,0.238148,0.118473,4.47962,0.0675276,0.299282,0.0849924,0.845213,6.76894,0.954408,0.941406,0.0539508,0.288922,0.489901,0.213965,0.509721,0.509721,0,0,-0.00444567,0.0321351,0.947634,0.79581,0.0133685,0.0240303,0.00388153,0.00288054,0.557285,0.0128622,-7.11549,-7.58707,14.6285,0.551667,1.01587,-16.8979,-0.908402,-0.16717,2.00035,0.375,9.625,0,0,39.0417,29.1667,0.0416667,-11.0418,0.0001,-0.000546353,0.119662,1.54125,0.120849,59144,0.123231,57,2.0725
1289,0.455272,0.443071,0.0180853,0.0114358,0.659595,0.394784,0.8478,0.481512,0.0261983,0.0429281,0.0175684,0.193993,0.0106703,0,0.238415,0.120057,4.47608,0.0682614,0.299736,0.0855764,0.846761,6.7699,0.954976,0.941403,0.0544269,0.287322,0.490451,0.214156,0.526708,0.526708,0,0,-0.00443444,0.0324002,0.947414,0.795698,0.0134891,0.0241471,0.0038708,0.0029221,0.559884,0.0129538,-7.10784,-7.54155,14.6513,0.551372,1.01434,-16.9003,-0.909091,-0.167267,2.026,0.583333,9.58333,0,0,37.9583,30.3333,0,-11.04,0.0001,-0.000891328,0.112887,1.58297,0.122412,57643,0.123249,55.61,2.05408
1290,0.454725,0.446439,0.0180693,0.0112448,0.657826,0.397132,0.847609,0.484743,0.0259705,0.0437322,0.0174003,0.193283,0.0106424,0,0.237715,0.120878,4.48167,0.0686919,0.299155,0.0853974,0.844288,6.76775,0.955012,0.941455,0.0541236,0.285776,0.490368,0.213259,0.538547,0.538547,0,0,-0.00445085,0.0332661,0.946065,0.797104,0.0133658,0.0240144,0.00385272,0.00287143,0.558026,0.0127584,-7.07803,-7.8325,14.6555,0.554085,1.01795,-16.705,-0.909091,-0.167013,2.04069,0.375,10.4167,0,0,37.0417,30.2917,0,-11.0409,0.0001,-0.000730792,0.112528,1.57391,0.12219,57958,0.123258,56.45,2.29895
1291,0.458115,0.448064,0.0180389,0.011139,0.660103,0.398553,0.84777,0.484805,0.0263947,0.0424064,0.0177134,0.195033,0.010646,0,0.240031,0.120984,4.45707,0.0669518,0.300514,0.0856227,0.845074,6.76839,0.954467,0.941554,0.0545323,0.288159,0.493165,0.215165,0.525011,0.525011,0,0,-0.00442767,0.0319279,0.947735,0.794797,0.013539,0.0243083,0.00386129,0.00291108,0.55847,0.0130446,-7.10604,-7.3676,14.6948,0.549714,1.02153,-17.024,-0.909091,-0.167766,2.04802,0.375,9.5,0,0,38.9583,29.2083,0,-11.0399,0.0001,-0.000915287,0.11814,1.55589,0.124457,58502,0.12328,56.82,2.36936
1292,0.456971,0.442622,0.0181118,0.0115636,0.661882,0.394311,0.847974,0.477901,0.0261981,0.0425346,0.0175682,0.196199,0.0105916,0,0.240831,0.118931,4.4561,0.0668886,0.301272,0.0853736,0.844934,6.76363,0.954653,0.941318,0.0542077,0.287133,0.490348,0.216457,0.517007,0.517007,0,0,-0.00444849,0.0316266,0.947381,0.794899,0.0134512,0.0241477,0.0038194,0.00285049,0.557935,0.0129535,-7.22435,-7.51649,14.667,0.550007,1.01899,-16.9449,-0.909091,-0.167796,2.02448,0.125,9.875,0,0,38.7083,28.4167,0,-11.0385,0.0001,-0.00095424,0.117081,1.5369,0.120707,59304,0.123282,56.91,1.99183
1293,0.454045,0.441598,0.0180682,0.0116743,0.658788,0.392759,0.847445,0.481111,0.0264509,0.042255,0.017742,0.19428,0.0107023,0,0.238973,0.119573,4.46007,0.06763,0.300097,0.0859654,0.84729,6.75874,0.953324,0.941459,0.0544814,0.293027,0.4903,0.214443,0.516214,0.516214,0,0,-0.00443096,0.0320472,0.947444,0.793086,0.0135975,0.0243615,0.00369409,0.00278436,0.556745,0.0131305,-7.17635,-7.39268,14.736,0.548686,1.02093,-17.007,-0.909091,-0.167335,2.01906,0.458333,9.875,0,0,39.5833,29.4167,0,-11.0406,0.0001,-0.000593283,0.111818,1.53171,0.116369,59647,0.123286,57.99,2.12811
1294,0.452776,0.443838,0.0180289,0.0114398,0.656219,0.394204,0.848485,0.484512,0.02642,0.0423916,0.0177227,0.192833,0.0107581,0,0.237692,0.120336,4.46584,0.0676121,0.298863,0.0862119,0.847796,6.75807,0.953474,0.941586,0.0542264,0.292539,0.489729,0.212894,0.532029,0.532029,0,0,-0.00444522,0.032031,0.946689,0.792898,0.0136361,0.0243624,0.00375917,0.0028524,0.556913,0.013099,-7.24873,-7.51018,14.7319,0.550845,1.02198,-16.9366,-0.909091,-0.166995,2.03189,0.541667,9.95833,0,0,39.1667,28.4583,0,-11.0404,0.0001,-0.000781547,0.11116,1.54114,0.118531,59230,0.1233,55.5,1.95674
1295,0.456487,0.442404,0.0180502,0.0115534,0.65996,0.393242,0.848022,0.480163,0.0261962,0.0426322,0.0175659,0.193577,0.0106309,0,0.238506,0.119524,4.45568,0.0677539,0.299528,0.0853405,0.845097,6.76804,0.954384,0.941517,0.0540999,0.281916,0.491282,0.213687,0.522505,0.522505,0,0,-0.00443882,0.0323827,0.94718,0.795516,0.0134399,0.024152,0.00372154,0.00282162,0.55719,0.0129303,-7.22476,-7.6007,14.6172,0.552214,1.02125,-16.9393,-0.909091,-0.167751,2.02446,0.708333,10.2917,0,0,37.2917,31.1667,0,-11.0412,0.0001,-0.000876831,0.111831,1.52657,0.121707,59640,0.123317,56.03,2.07662
1296,0.457426,0.442064,0.0180457,0.0116055,0.660774,0.393177,0.847849,0.477592,0.0262856,0.0432231,0.0176381,0.194541,0.0107003,0,0.239212,0.118582,4.47929,0.0679187,0.300326,0.085785,0.844447,6.76017,0.953579,0.941532,0.0541692,0.284686,0.491256,0.214373,0.503229,0.503229,0,0,-0.0044409,0.0321183,0.946791,0.795293,0.0134984,0.0242387,0.00378291,0.00286807,0.557712,0.0129626,-7.11561,-7.5981,14.6682,0.553169,1.02262,-16.8875,-0.909091,-0.167928,2.02247,0.583333,9.83333,0,0,36.5,29.1667,0,-11.0406,0.0001,-0.000513897,0.114435,1.59306,0.120535,57367,0.123328,56.35,1.99346
1297,0.454703,0.446893,0.0180142,0.0111238,0.658063,0.396108,0.847543,0.483896,0.0262903,0.0432381,0.0176354,0.193262,0.0107003,0,0.238555,0.120193,4.46513,0.0681842,0.29998,0.0859525,0.844298,6.76648,0.954448,0.941634,0.0542529,0.290773,0.489625,0.213365,0.537275,0.537275,0,0,-0.00442833,0.0335339,0.946649,0.795747,0.0135359,0.0242421,0.00375141,0.00287247,0.558723,0.0130214,-7.22512,-7.55833,14.6281,0.554848,1.0186,-16.9158,-0.909091,-0.167722,2.04294,0.666667,9.66667,0,0,39.2917,30.9167,0,-11.0396,0.0001,-0.000988123,0.110923,1.57939,0.117847,57920,0.123354,55.95,2.16243
1298,0.455398,0.446889,0.0180269,0.011461,0.6603,0.396767,0.847943,0.487708,0.0261825,0.0430657,0.0175618,0.19359,0.0105132,0,0.238652,0.122041,4.46985,0.0676945,0.299646,0.0851616,0.845309,6.7676,0.954531,0.941593,0.053888,0.285771,0.493113,0.213393,0.539864,0.539864,0,0,-0.00443939,0.0319689,0.947606,0.795938,0.0134345,0.0241292,0.00404245,0.00308353,0.560315,0.0128945,-7.1029,-7.56104,14.5785,0.554092,1.02128,-16.9501,-0.909091,-0.168092,2.04389,0.541667,10.25,0,0,37.625,30.1667,0,-11.0382,0.0001,-0.000267792,0.114656,1.52596,0.12099,59688,0.123359,55.78,2.10087
1299,0.453571,0.442657,0.0181189,0.0114857,0.659575,0.395686,0.847905,0.484372,0.0261017,0.0432607,0.01749,0.193614,0.010575,0,0.237706,0.121128,4.47005,0.0679663,0.299171,0.0856549,0.845891,6.772,0.954718,0.941295,0.054131,0.28905,0.491783,0.213845,0.537042,0.537042,0,0,-0.00445888,0.0319851,0.946653,0.797188,0.0133631,0.0240669,0.00378326,0.0028297,0.557471,0.012805,-7.19014,-7.72126,14.6445,0.553761,1.01851,-16.8113,-0.909091,-0.166869,2.02511,0.375,9.45833,0,0,36.2083,29.2917,0,-11.0414,0.0001,-0.000840713,0.117908,1.53398,0.120443,59419,0.123329,56.46,2.20732
